time_s,baseline_x_m,tuned_x_m,baseline_z_m,tuned_z_m,baseline_vx_m_s,tuned_vx_m_s,baseline_pitch_rad,tuned_pitch_rad,baseline_pitch_rate_rad_s,tuned_pitch_rate_rad_s
0.001,0.0,0.0,1.0000000000000007,1.0000000000000007,0.0,0.0,0.0,0.0,0.0,0.0
0.002,0.0,0.0,1.0000000000000038,1.0000000000000038,0.0,0.0,0.0,0.0,0.0,0.0
0.003,0.0,0.0,1.000000000000012,1.000000000000012,0.0,0.0,0.0,0.0,0.0,0.0
0.004,0.0,0.0,1.0000000000000275,1.0000000000000275,0.0,0.0,0.0,0.0,0.0,0.0
0.005,0.0,0.0,1.000000000000053,1.000000000000053,0.0,0.0,0.0,0.0,0.0,0.0
0.006,0.0,0.0,1.000000000000091,1.000000000000091,0.0,0.0,0.0,0.0,0.0,0.0
0.007,0.0,0.0,1.0000000000001437,1.0000000000001437,0.0,0.0,0.0,0.0,0.0,0.0
0.008,0.0,0.0,1.0000000000002132,1.0000000000002132,0.0,0.0,0.0,0.0,0.0,0.0
0.009000000000000001,0.0,0.0,1.0000000000003022,1.0000000000003022,0.0,0.0,0.0,0.0,0.0,0.0
0.010000000000000002,0.0,0.0,1.0000000000004128,1.0000000000004128,0.0,0.0,0.0,0.0,0.0,0.0
0.011000000000000003,0.0,0.0,1.0000000000005473,1.0000000000005473,0.0,0.0,0.0,0.0,0.0,0.0
0.012000000000000004,0.0,0.0,1.0000000000007079,1.0000000000007079,0.0,0.0,0.0,0.0,0.0,0.0
0.013000000000000005,0.0,0.0,1.0000000000008968,1.0000000000008968,0.0,0.0,0.0,0.0,0.0,0.0
0.014000000000000005,0.0,0.0,1.0000000000011162,1.0000000000011162,0.0,0.0,0.0,0.0,0.0,0.0
0.015000000000000006,0.0,0.0,1.0000000000013682,1.0000000000013682,0.0,0.0,0.0,0.0,0.0,0.0
0.016000000000000007,0.0,0.0,1.000000000001655,1.000000000001655,0.0,0.0,0.0,0.0,0.0,0.0
0.017000000000000008,0.0,0.0,1.0000000000019784,1.0000000000019784,0.0,0.0,0.0,0.0,0.0,0.0
0.01800000000000001,0.0,0.0,1.000000000002341,1.000000000002341,0.0,0.0,0.0,0.0,0.0,0.0
0.01900000000000001,0.0,0.0,1.0000000000027445,1.0000000000027445,0.0,0.0,0.0,0.0,0.0,0.0
0.02000000000000001,0.0,0.0,1.000000000003191,1.000000000003191,0.0,0.0,0.0,0.0,0.0,0.0
0.02100000000000001,0.0,0.0,1.0000000000036824,1.0000000000036824,0.0,0.0,0.0,0.0,0.0,0.0
0.022000000000000013,0.0,0.0,1.0000000000042206,1.0000000000042206,0.0,0.0,0.0,0.0,0.0,0.0
0.023000000000000013,0.0,0.0,1.0000000000048077,1.0000000000048077,0.0,0.0,0.0,0.0,0.0,0.0
0.024000000000000014,0.0,0.0,1.0000000000054456,1.0000000000054456,0.0,0.0,0.0,0.0,0.0,0.0
0.025000000000000015,0.0,0.0,1.0000000000061362,1.0000000000061362,0.0,0.0,0.0,0.0,0.0,0.0
0.026000000000000016,0.0,0.0,1.0000000000068814,1.0000000000068814,0.0,0.0,0.0,0.0,0.0,0.0
0.027000000000000017,0.0,0.0,1.000000000007683,1.000000000007683,0.0,0.0,0.0,0.0,0.0,0.0
0.028000000000000018,0.0,0.0,1.0000000000085427,1.0000000000085427,0.0,0.0,0.0,0.0,0.0,0.0
0.02900000000000002,0.0,0.0,1.0000000000094624,1.0000000000094624,0.0,0.0,0.0,0.0,0.0,0.0
0.03000000000000002,0.0,0.0,1.000000000010444,1.000000000010444,0.0,0.0,0.0,0.0,0.0,0.0
0.03100000000000002,0.0,0.0,1.0000000000114893,1.0000000000114893,0.0,0.0,0.0,0.0,0.0,0.0
0.03200000000000002,0.0,0.0,1.0000000000125997,1.0000000000125997,0.0,0.0,0.0,0.0,0.0,0.0
0.03300000000000002,0.0,0.0,1.000000000013777,1.000000000013777,0.0,0.0,0.0,0.0,0.0,0.0
0.03400000000000002,0.0,0.0,1.000000000015023,1.000000000015023,0.0,0.0,0.0,0.0,0.0,0.0
0.035000000000000024,0.0,0.0,1.0000000000163394,1.0000000000163394,0.0,0.0,0.0,0.0,0.0,0.0
0.036000000000000025,0.0,0.0,1.0000000000177278,1.0000000000177278,0.0,0.0,0.0,0.0,0.0,0.0
0.037000000000000026,0.0,0.0,1.0000000000191898,1.0000000000191898,0.0,0.0,0.0,0.0,0.0,0.0
0.03800000000000003,0.0,0.0,1.000000000020727,1.000000000020727,0.0,0.0,0.0,0.0,0.0,0.0
0.03900000000000003,0.0,0.0,1.000000000022341,1.000000000022341,0.0,0.0,0.0,0.0,0.0,0.0
0.04000000000000003,0.0,0.0,1.0000000000240334,1.0000000000240334,0.0,0.0,0.0,0.0,0.0,0.0
0.04100000000000003,0.0,0.0,1.0000000000258058,1.0000000000258058,0.0,0.0,0.0,0.0,0.0,0.0
0.04200000000000003,0.0,0.0,1.0000000000276597,1.0000000000276597,0.0,0.0,0.0,0.0,0.0,0.0
0.04300000000000003,0.0,0.0,1.0000000000295963,1.0000000000295963,0.0,0.0,0.0,0.0,0.0,0.0
0.04400000000000003,0.0,0.0,1.0000000000316176,1.0000000000316176,0.0,0.0,0.0,0.0,0.0,0.0
0.04500000000000003,0.0,0.0,1.0000000000337246,1.0000000000337246,0.0,0.0,0.0,0.0,0.0,0.0
0.046000000000000034,0.0,0.0,1.000000000035919,1.000000000035919,0.0,0.0,0.0,0.0,0.0,0.0
0.047000000000000035,0.0,0.0,1.0000000000382023,1.0000000000382023,0.0,0.0,0.0,0.0,0.0,0.0
0.048000000000000036,0.0,0.0,1.0000000000405758,1.0000000000405758,0.0,0.0,0.0,0.0,0.0,0.0
0.04900000000000004,0.0,0.0,1.000000000043041,1.000000000043041,0.0,0.0,0.0,0.0,0.0,0.0
0.05000000000000004,0.0,0.0,1.000000000045599,1.000000000045599,0.0,0.0,0.0,0.0,0.0,0.0
0.05100000000000004,0.0,0.0,1.0000000000482516,1.0000000000482516,0.0,0.0,0.0,0.0,0.0,0.0
0.05200000000000004,0.0,0.0,1.0000000000509999,1.0000000000509999,0.0,0.0,0.0,0.0,0.0,0.0
0.05300000000000004,0.0,0.0,1.0000000000538452,1.0000000000538452,0.0,0.0,0.0,0.0,0.0,0.0
0.05400000000000004,0.0,0.0,1.0000000000567888,1.0000000000567888,0.0,0.0,0.0,0.0,0.0,0.0
0.05500000000000004,0.0,0.0,1.0000000000598321,1.0000000000598321,0.0,0.0,0.0,0.0,0.0,0.0
0.05600000000000004,0.0,0.0,1.0000000000629763,1.0000000000629763,0.0,0.0,0.0,0.0,0.0,0.0
0.057000000000000044,0.0,0.0,1.0000000000662228,1.0000000000662228,0.0,0.0,0.0,0.0,0.0,0.0
0.058000000000000045,0.0,0.0,1.0000000000695728,1.0000000000695728,0.0,0.0,0.0,0.0,0.0,0.0
0.059000000000000045,0.0,0.0,1.0000000000730274,1.0000000000730274,0.0,0.0,0.0,0.0,0.0,0.0
0.060000000000000046,0.0,0.0,1.0000000000765878,1.0000000000765878,0.0,0.0,0.0,0.0,0.0,0.0
0.06100000000000005,0.0,0.0,1.0000000000802554,1.0000000000802554,0.0,0.0,0.0,0.0,0.0,0.0
0.06200000000000005,0.0,0.0,1.0000000000840312,1.0000000000840312,0.0,0.0,0.0,0.0,0.0,0.0
0.06300000000000004,0.0,0.0,1.0000000000879166,1.0000000000879166,0.0,0.0,0.0,0.0,0.0,0.0
0.06400000000000004,0.0,0.0,1.0000000000919125,1.0000000000919125,0.0,0.0,0.0,0.0,0.0,0.0
0.06500000000000004,0.0,0.0,1.0000000000960203,1.0000000000960203,0.0,0.0,0.0,0.0,0.0,0.0
0.06600000000000004,0.0,0.0,1.000000000100241,1.000000000100241,0.0,0.0,0.0,0.0,0.0,0.0
0.06700000000000005,0.0,0.0,1.0000000001045757,1.0000000001045757,0.0,0.0,0.0,0.0,0.0,0.0
0.06800000000000005,0.0,0.0,1.0000000001090255,1.0000000001090255,0.0,0.0,0.0,0.0,0.0,0.0
0.06900000000000005,0.0,0.0,1.0000000001135916,1.0000000001135916,0.0,0.0,0.0,0.0,0.0,0.0
0.07000000000000005,0.0,0.0,1.000000000118275,1.000000000118275,0.0,0.0,0.0,0.0,0.0,0.0
0.07100000000000005,0.0,0.0,1.0000000001230767,1.0000000001230767,0.0,0.0,0.0,0.0,0.0,0.0
0.07200000000000005,0.0,0.0,1.0000000001279976,1.0000000001279976,0.0,0.0,0.0,0.0,0.0,0.0
0.07300000000000005,0.0,0.0,1.0000000001330391,1.0000000001330391,0.0,0.0,0.0,0.0,0.0,0.0
0.07400000000000005,0.0,0.0,1.0000000001382021,1.0000000001382021,0.0,0.0,0.0,0.0,0.0,0.0
0.07500000000000005,0.0,0.0,1.0000000001434874,1.0000000001434874,0.0,0.0,0.0,0.0,0.0,0.0
0.07600000000000005,0.0,0.0,1.0000000001488962,1.0000000001488962,0.0,0.0,0.0,0.0,0.0,0.0
0.07700000000000005,0.0,0.0,1.0000000001544296,1.0000000001544296,0.0,0.0,0.0,0.0,0.0,0.0
0.07800000000000006,0.0,0.0,1.0000000001600882,1.0000000001600882,0.0,0.0,0.0,0.0,0.0,0.0
0.07900000000000006,0.0,0.0,1.0000000001658733,1.0000000001658733,0.0,0.0,0.0,0.0,0.0,0.0
0.08000000000000006,0.0,0.0,1.0000000001717857,1.0000000001717857,0.0,0.0,0.0,0.0,0.0,0.0
0.08100000000000006,0.0,0.0,1.0000000001778262,1.0000000001778262,0.0,0.0,0.0,0.0,0.0,0.0
0.08200000000000006,0.0,0.0,1.000000000183996,1.000000000183996,0.0,0.0,0.0,0.0,0.0,0.0
0.08300000000000006,0.0,0.0,1.0000000001902958,1.0000000001902958,0.0,0.0,0.0,0.0,0.0,0.0
0.08400000000000006,0.0,0.0,1.0000000001967266,1.0000000001967266,0.0,0.0,0.0,0.0,0.0,0.0
0.08500000000000006,0.0,0.0,1.0000000002032894,1.0000000002032894,0.0,0.0,0.0,0.0,0.0,0.0
0.08600000000000006,0.0,0.0,1.000000000209985,1.000000000209985,0.0,0.0,0.0,0.0,0.0,0.0
0.08700000000000006,0.0,0.0,1.0000000002168141,1.0000000002168141,0.0,0.0,0.0,0.0,0.0,0.0
0.08800000000000006,0.0,0.0,1.0000000002237777,1.0000000002237777,0.0,0.0,0.0,0.0,0.0,0.0
0.08900000000000007,0.0,0.0,1.0000000002308767,1.0000000002308767,0.0,0.0,0.0,0.0,0.0,0.0
0.09000000000000007,0.0,0.0,1.0000000002381118,1.0000000002381118,0.0,0.0,0.0,0.0,0.0,0.0
0.09100000000000007,0.0,0.0,1.0000000002454839,1.0000000002454839,0.0,0.0,0.0,0.0,0.0,0.0
0.09200000000000007,0.0,0.0,1.0000000002529936,1.0000000002529936,0.0,0.0,0.0,0.0,0.0,0.0
0.09300000000000007,0.0,0.0,1.0000000002606422,1.0000000002606422,0.0,0.0,0.0,0.0,0.0,0.0
0.09400000000000007,0.0,0.0,1.00000000026843,1.00000000026843,0.0,0.0,0.0,0.0,0.0,0.0
0.09500000000000007,0.0,0.0,1.000000000276358,1.000000000276358,0.0,0.0,0.0,0.0,0.0,0.0
0.09600000000000007,0.0,0.0,1.0000000002844271,1.0000000002844271,0.0,0.0,0.0,0.0,0.0,0.0
0.09700000000000007,0.0,0.0,1.000000000292638,1.000000000292638,0.0,0.0,0.0,0.0,0.0,0.0
0.09800000000000007,0.0,0.0,1.0000000003009912,1.0000000003009912,0.0,0.0,0.0,0.0,0.0,0.0
0.09900000000000007,0.0,0.0,1.0000000003094878,1.0000000003094878,0.0,0.0,0.0,0.0,0.0,0.0
0.10000000000000007,0.0,0.0,1.0000000003181282,1.0000000003181282,0.0,0.0,0.0,0.0,0.0,0.0
0.10100000000000008,0.0,0.0,1.0000000003269134,1.0000000003269134,0.0,0.0,0.0,0.0,0.0,0.0
0.10200000000000008,0.0,0.0,1.0000000003358438,1.0000000003358438,0.0,0.0,0.0,0.0,0.0,0.0
0.10300000000000008,0.0,0.0,1.0000000003449203,1.0000000003449203,0.0,0.0,0.0,0.0,0.0,0.0
0.10400000000000008,0.0,0.0,1.0000000003541438,1.0000000003541438,0.0,0.0,0.0,0.0,0.0,0.0
0.10500000000000008,0.0,0.0,1.0000000003635148,1.0000000003635148,0.0,0.0,0.0,0.0,0.0,0.0
0.10600000000000008,0.0,0.0,1.0000000003730338,1.0000000003730338,0.0,0.0,0.0,0.0,0.0,0.0
0.10700000000000008,0.0,0.0,1.0000000003827019,1.0000000003827019,0.0,0.0,0.0,0.0,0.0,0.0
0.10800000000000008,0.0,0.0,1.0000000003925194,1.0000000003925194,0.0,0.0,0.0,0.0,0.0,0.0
0.10900000000000008,0.0,0.0,1.0000000004024872,1.0000000004024872,0.0,0.0,0.0,0.0,0.0,0.0
0.11000000000000008,0.0,0.0,1.0000000004126057,1.0000000004126057,0.0,0.0,0.0,0.0,0.0,0.0
0.11100000000000008,0.0,0.0,1.0000000004228757,1.0000000004228757,0.0,0.0,0.0,0.0,0.0,0.0
0.11200000000000009,0.0,0.0,1.0000000004332978,1.0000000004332978,0.0,0.0,0.0,0.0,0.0,0.0
0.11300000000000009,0.0,0.0,1.0000000004438727,1.0000000004438727,0.0,0.0,0.0,0.0,0.0,0.0
0.11400000000000009,0.0,0.0,1.000000000454601,1.000000000454601,0.0,0.0,0.0,0.0,0.0,0.0
0.11500000000000009,0.0,0.0,1.0000000004654832,1.0000000004654832,0.0,0.0,0.0,0.0,0.0,0.0
0.11600000000000009,0.0,0.0,1.00000000047652,1.00000000047652,0.0,0.0,0.0,0.0,0.0,0.0
0.11700000000000009,0.0,0.0,1.0000000004877119,1.0000000004877119,0.0,0.0,0.0,0.0,0.0,0.0
0.11800000000000009,0.0,0.0,1.0000000004990597,1.0000000004990597,0.0,0.0,0.0,0.0,0.0,0.0
0.11900000000000009,0.0,0.0,1.0000000005105638,1.0000000005105638,0.0,0.0,0.0,0.0,0.0,0.0
0.12000000000000009,0.0,0.0,1.0000000005222247,1.0000000005222247,0.0,0.0,0.0,0.0,0.0,0.0
0.1210000000000001,0.0,0.0,1.000000000534043,1.000000000534043,0.0,0.0,0.0,0.0,0.0,0.0
0.1220000000000001,0.0,0.0,1.0000000005460195,1.0000000005460195,0.0,0.0,0.0,0.0,0.0,0.0
0.1230000000000001,0.0,0.0,1.0000000005581544,1.0000000005581544,0.0,0.0,0.0,0.0,0.0,0.0
0.1240000000000001,0.0,0.0,1.0000000005704486,1.0000000005704486,0.0,0.0,0.0,0.0,0.0,0.0
0.12500000000000008,0.0,0.0,1.0000000005829024,1.0000000005829024,0.0,0.0,0.0,0.0,0.0,0.0
0.12600000000000008,0.0,0.0,1.0000000005955163,1.0000000005955163,0.0,0.0,0.0,0.0,0.0,0.0
0.12700000000000009,0.0,0.0,1.000000000608291,1.000000000608291,0.0,0.0,0.0,0.0,0.0,0.0
0.12800000000000009,0.0,0.0,1.0000000006212268,1.0000000006212268,0.0,0.0,0.0,0.0,0.0,0.0
0.1290000000000001,0.0,0.0,1.0000000006343246,1.0000000006343246,0.0,0.0,0.0,0.0,0.0,0.0
0.1300000000000001,0.0,0.0,1.0000000006475847,1.0000000006475847,0.0,0.0,0.0,0.0,0.0,0.0
0.1310000000000001,0.0,0.0,1.0000000006610075,1.0000000006610075,0.0,0.0,0.0,0.0,0.0,0.0
0.1320000000000001,0.0,0.0,1.0000000006745935,1.0000000006745935,0.0,0.0,0.0,0.0,0.0,0.0
0.1330000000000001,0.0,0.0,1.0000000006883432,1.0000000006883432,0.0,0.0,0.0,0.0,0.0,0.0
0.1340000000000001,0.0,0.0,1.0000000007022571,1.0000000007022571,0.0,0.0,0.0,0.0,0.0,0.0
0.1350000000000001,0.0,0.0,1.0000000007163357,1.0000000007163357,0.0,0.0,0.0,0.0,0.0,0.0
0.1360000000000001,0.0,0.0,1.0000000007305794,1.0000000007305794,0.0,0.0,0.0,0.0,0.0,0.0
0.1370000000000001,0.0,0.0,1.0000000007449887,1.0000000007449887,0.0,0.0,0.0,0.0,0.0,0.0
0.1380000000000001,0.0,0.0,1.0000000007595642,1.0000000007595642,0.0,0.0,0.0,0.0,0.0,0.0
0.1390000000000001,0.0,0.0,1.0000000007743062,1.0000000007743062,0.0,0.0,0.0,0.0,0.0,0.0
0.1400000000000001,0.0,0.0,1.0000000007892151,1.0000000007892151,0.0,0.0,0.0,0.0,0.0,0.0
0.1410000000000001,0.0,0.0,1.0000000008042915,1.0000000008042915,0.0,0.0,0.0,0.0,0.0,0.0
0.1420000000000001,0.0,0.0,1.0000000008195358,1.0000000008195358,0.0,0.0,0.0,0.0,0.0,0.0
0.1430000000000001,0.0,0.0,1.0000000008349483,1.0000000008349483,0.0,0.0,0.0,0.0,0.0,0.0
0.1440000000000001,0.0,0.0,1.0000000008505294,1.0000000008505294,0.0,0.0,0.0,0.0,0.0,0.0
0.1450000000000001,0.0,0.0,1.0000000008662797,1.0000000008662797,0.0,0.0,0.0,0.0,0.0,0.0
0.1460000000000001,0.0,0.0,1.0000000008821994,1.0000000008821994,0.0,0.0,0.0,0.0,0.0,0.0
0.1470000000000001,0.0,0.0,1.0000000008982892,1.0000000008982892,0.0,0.0,0.0,0.0,0.0,0.0
0.1480000000000001,0.0,0.0,1.0000000009145493,1.0000000009145493,0.0,0.0,0.0,0.0,0.0,0.0
0.1490000000000001,0.0,0.0,1.0000000009309802,1.0000000009309802,0.0,0.0,0.0,0.0,0.0,0.0
0.1500000000000001,0.0,0.0,1.0000000009475822,1.0000000009475822,0.0,0.0,0.0,0.0,0.0,0.0
0.1510000000000001,0.0,0.0,1.0000000009643557,1.0000000009643557,0.0,0.0,0.0,0.0,0.0,0.0
0.1520000000000001,0.0,0.0,1.000000000981301,1.000000000981301,0.0,0.0,0.0,0.0,0.0,0.0
0.1530000000000001,0.0,0.0,1.0000000009984187,1.0000000009984187,0.0,0.0,0.0,0.0,0.0,0.0
0.1540000000000001,0.0,0.0,1.000000001015709,1.000000001015709,0.0,0.0,0.0,0.0,0.0,0.0
0.1550000000000001,0.0,0.0,1.0000000010331724,1.0000000010331724,0.0,0.0,0.0,0.0,0.0,0.0
0.1560000000000001,0.0,0.0,1.0000000010508092,1.0000000010508092,0.0,0.0,0.0,0.0,0.0,0.0
0.1570000000000001,0.0,0.0,1.0000000010686196,1.0000000010686196,0.0,0.0,0.0,0.0,0.0,0.0
0.1580000000000001,0.0,0.0,1.0000000010866041,1.0000000010866041,0.0,0.0,0.0,0.0,0.0,0.0
0.1590000000000001,0.0,0.0,1.0000000011047632,1.0000000011047632,0.0,0.0,0.0,0.0,0.0,0.0
0.16000000000000011,0.0,0.0,1.000000001123097,1.000000001123097,0.0,0.0,0.0,0.0,0.0,0.0
0.16100000000000012,0.0,0.0,1.000000001141606,1.000000001141606,0.0,0.0,0.0,0.0,0.0,0.0
0.16200000000000012,0.0,0.0,1.0000000011602903,1.0000000011602903,0.0,0.0,0.0,0.0,0.0,0.0
0.16300000000000012,0.0,0.0,1.0000000011791506,1.0000000011791506,0.0,0.0,0.0,0.0,0.0,0.0
0.16400000000000012,0.0,0.0,1.0000000011981869,1.0000000011981869,0.0,0.0,0.0,0.0,0.0,0.0
0.16500000000000012,0.0,0.0,1.0000000012173997,1.0000000012173997,0.0,0.0,0.0,0.0,0.0,0.0
0.16600000000000012,0.0,0.0,1.0000000012367893,1.0000000012367893,0.0,0.0,0.0,0.0,0.0,0.0
0.16700000000000012,0.0,0.0,1.0000000012563561,1.0000000012563561,0.0,0.0,0.0,0.0,0.0,0.0
0.16800000000000012,0.0,0.0,1.0000000012761003,1.0000000012761003,0.0,0.0,0.0,0.0,0.0,0.0
0.16900000000000012,0.0,0.0,1.0000000012960222,1.0000000012960222,0.0,0.0,0.0,0.0,0.0,0.0
0.17000000000000012,0.0,0.0,1.000000001316122,1.000000001316122,0.0,0.0,0.0,0.0,0.0,0.0
0.17100000000000012,0.0,0.0,1.0000000013364003,1.0000000013364003,0.0,0.0,0.0,0.0,0.0,0.0
0.17200000000000013,0.0,0.0,1.000000001356857,1.000000001356857,0.0,0.0,0.0,0.0,0.0,0.0
0.17300000000000013,0.0,0.0,1.0000000013774928,1.0000000013774928,0.0,0.0,0.0,0.0,0.0,0.0
0.17400000000000013,0.0,0.0,1.0000000013983077,1.0000000013983077,0.0,0.0,0.0,0.0,0.0,0.0
0.17500000000000013,0.0,0.0,1.0000000014193022,1.0000000014193022,0.0,0.0,0.0,0.0,0.0,0.0
0.17600000000000013,0.0,0.0,1.0000000014404764,1.0000000014404764,0.0,0.0,0.0,0.0,0.0,0.0
0.17700000000000013,0.0,0.0,1.0000000014618307,1.0000000014618307,0.0,0.0,0.0,0.0,0.0,0.0
0.17800000000000013,0.0,0.0,1.0000000014833652,1.0000000014833652,0.0,0.0,0.0,0.0,0.0,0.0
0.17900000000000013,0.0,0.0,1.0000000015050805,1.0000000015050805,0.0,0.0,0.0,0.0,0.0,0.0
0.18000000000000013,0.0,0.0,1.0000000015269765,1.0000000015269765,0.0,0.0,0.0,0.0,0.0,0.0
0.18100000000000013,0.0,0.0,1.0000000015490538,1.0000000015490538,0.0,0.0,0.0,0.0,0.0,0.0
0.18200000000000013,0.0,0.0,1.0000000015713124,1.0000000015713124,0.0,0.0,0.0,0.0,0.0,0.0
0.18300000000000013,0.0,0.0,1.0000000015937527,1.0000000015937527,0.0,0.0,0.0,0.0,0.0,0.0
0.18400000000000014,0.0,0.0,1.000000001616375,1.000000001616375,0.0,0.0,0.0,0.0,0.0,0.0
0.18500000000000014,0.0,0.0,1.0000000016391795,1.0000000016391795,0.0,0.0,0.0,0.0,0.0,0.0
0.18600000000000014,0.0,0.0,1.0000000016621664,1.0000000016621664,0.0,0.0,0.0,0.0,0.0,0.0
0.18700000000000014,0.0,0.0,1.000000001685336,1.000000001685336,0.0,0.0,0.0,0.0,0.0,0.0
0.18800000000000014,0.0,0.0,1.0000000017086885,1.0000000017086885,0.0,0.0,0.0,0.0,0.0,0.0
0.18900000000000014,0.0,0.0,1.0000000017322241,1.0000000017322241,0.0,0.0,0.0,0.0,0.0,0.0
0.19000000000000014,0.0,0.0,1.0000000017559432,1.0000000017559432,0.0,0.0,0.0,0.0,0.0,0.0
0.19100000000000014,0.0,0.0,1.0000000017798458,1.0000000017798458,0.0,0.0,0.0,0.0,0.0,0.0
0.19200000000000014,0.0,0.0,1.0000000018039323,1.0000000018039323,0.0,0.0,0.0,0.0,0.0,0.0
0.19300000000000014,0.0,0.0,1.000000001828203,1.000000001828203,0.0,0.0,0.0,0.0,0.0,0.0
0.19400000000000014,0.0,0.0,1.0000000018526578,1.0000000018526578,0.0,0.0,0.0,0.0,0.0,0.0
0.19500000000000015,0.0,0.0,1.0000000018772972,1.0000000018772972,0.0,0.0,0.0,0.0,0.0,0.0
0.19600000000000015,0.0,0.0,1.0000000019021216,1.0000000019021216,0.0,0.0,0.0,0.0,0.0,0.0
0.19700000000000015,0.0,0.0,1.000000001927131,1.000000001927131,0.0,0.0,0.0,0.0,0.0,0.0
0.19800000000000015,0.0,0.0,1.0000000019523254,1.0000000019523254,0.0,0.0,0.0,0.0,0.0,0.0
0.19900000000000015,0.0,0.0,1.0000000019777053,1.0000000019777053,0.0,0.0,0.0,0.0,0.0,0.0
0.20000000000000015,0.0,0.0,1.0000000020032709,1.0000000020032709,0.0,0.0,0.0,0.0,0.0,0.0
0.20100000000000015,0.0,0.0,1.000000002029022,1.000000002029022,0.0,0.0,0.0,0.0,0.0,0.0
0.20200000000000015,0.0,0.0,1.0000000020549593,1.0000000020549593,0.0,0.0,0.0,0.0,0.0,0.0
0.20300000000000015,0.0,0.0,1.0000000020810829,1.0000000020810829,0.0,0.0,0.0,0.0,0.0,0.0
0.20400000000000015,0.0,0.0,1.0000000021073927,1.0000000021073927,0.0,0.0,0.0,0.0,0.0,0.0
0.20500000000000015,0.0,0.0,1.0000000021338893,1.0000000021338893,0.0,0.0,0.0,0.0,0.0,0.0
0.20600000000000016,0.0,0.0,1.0000000021605726,1.0000000021605726,0.0,0.0,0.0,0.0,0.0,0.0
0.20700000000000016,0.0,0.0,1.000000002187443,1.000000002187443,0.0,0.0,0.0,0.0,0.0,0.0
0.20800000000000016,0.0,0.0,1.0000000022145004,1.0000000022145004,0.0,0.0,0.0,0.0,0.0,0.0
0.20900000000000016,0.0,0.0,1.0000000022417452,1.0000000022417452,0.0,0.0,0.0,0.0,0.0,0.0
0.21000000000000016,0.0,0.0,1.0000000022691777,1.0000000022691777,0.0,0.0,0.0,0.0,0.0,0.0
0.21100000000000016,0.0,0.0,1.000000002296798,1.000000002296798,0.0,0.0,0.0,0.0,0.0,0.0
0.21200000000000016,0.0,0.0,1.0000000023246063,1.0000000023246063,0.0,0.0,0.0,0.0,0.0,0.0
0.21300000000000016,0.0,0.0,1.0000000023526026,1.0000000023526026,0.0,0.0,0.0,0.0,0.0,0.0
0.21400000000000016,0.0,0.0,1.0000000023807871,1.0000000023807871,0.0,0.0,0.0,0.0,0.0,0.0
0.21500000000000016,0.0,0.0,1.0000000024091602,1.0000000024091602,0.0,0.0,0.0,0.0,0.0,0.0
0.21600000000000016,0.0,0.0,1.0000000024377218,1.0000000024377218,0.0,0.0,0.0,0.0,0.0,0.0
0.21700000000000016,0.0,0.0,1.0000000024664724,1.0000000024664724,0.0,0.0,0.0,0.0,0.0,0.0
0.21800000000000017,0.0,0.0,1.0000000024954119,1.0000000024954119,0.0,0.0,0.0,0.0,0.0,0.0
0.21900000000000017,0.0,0.0,1.0000000025245404,1.0000000025245404,0.0,0.0,0.0,0.0,0.0,0.0
0.22000000000000017,0.0,0.0,1.0000000025538582,1.0000000025538582,0.0,0.0,0.0,0.0,0.0,0.0
0.22100000000000017,0.0,0.0,1.0000000025833655,1.0000000025833655,0.0,0.0,0.0,0.0,0.0,0.0
0.22200000000000017,0.0,0.0,1.0000000026130624,1.0000000026130624,0.0,0.0,0.0,0.0,0.0,0.0
0.22300000000000017,0.0,0.0,1.0000000026429492,1.0000000026429492,0.0,0.0,0.0,0.0,0.0,0.0
0.22400000000000017,0.0,0.0,1.0000000026730258,1.0000000026730258,0.0,0.0,0.0,0.0,0.0,0.0
0.22500000000000017,0.0,0.0,1.0000000027032925,1.0000000027032925,0.0,0.0,0.0,0.0,0.0,0.0
0.22600000000000017,0.0,0.0,1.0000000027337494,1.0000000027337494,0.0,0.0,0.0,0.0,0.0,0.0
0.22700000000000017,0.0,0.0,1.0000000027643967,1.0000000027643967,0.0,0.0,0.0,0.0,0.0,0.0
0.22800000000000017,0.0,0.0,1.0000000027952345,1.0000000027952345,0.0,0.0,0.0,0.0,0.0,0.0
0.22900000000000018,0.0,0.0,1.000000002826263,1.000000002826263,0.0,0.0,0.0,0.0,0.0,0.0
0.23000000000000018,0.0,0.0,1.0000000028574823,1.0000000028574823,0.0,0.0,0.0,0.0,0.0,0.0
0.23100000000000018,0.0,0.0,1.0000000028888925,1.0000000028888925,0.0,0.0,0.0,0.0,0.0,0.0
0.23200000000000018,0.0,0.0,1.0000000029204938,1.0000000029204938,0.0,0.0,0.0,0.0,0.0,0.0
0.23300000000000018,0.0,0.0,1.0000000029522864,1.0000000029522864,0.0,0.0,0.0,0.0,0.0,0.0
0.23400000000000018,0.0,0.0,1.0000000029842704,1.0000000029842704,0.0,0.0,0.0,0.0,0.0,0.0
0.23500000000000018,0.0,0.0,1.0000000030164458,1.0000000030164458,0.0,0.0,0.0,0.0,0.0,0.0
0.23600000000000018,0.0,0.0,1.000000003048813,1.000000003048813,0.0,0.0,0.0,0.0,0.0,0.0
0.23700000000000018,0.0,0.0,1.0000000030813718,1.0000000030813718,0.0,0.0,0.0,0.0,0.0,0.0
0.23800000000000018,0.0,0.0,1.0000000031141225,1.0000000031141225,0.0,0.0,0.0,0.0,0.0,0.0
0.23900000000000018,0.0,0.0,1.0000000031470653,1.0000000031470653,0.0,0.0,0.0,0.0,0.0,0.0
0.24000000000000019,0.0,0.0,1.0000000031802003,1.0000000031802003,0.0,0.0,0.0,0.0,0.0,0.0
0.2410000000000002,0.0,0.0,1.0000000032135277,1.0000000032135277,0.0,0.0,0.0,0.0,0.0,0.0
0.2420000000000002,0.0,0.0,1.0000000032470473,1.0000000032470473,0.0,0.0,0.0,0.0,0.0,0.0
0.2430000000000002,0.0,0.0,1.0000000032807594,1.0000000032807594,0.0,0.0,0.0,0.0,0.0,0.0
0.2440000000000002,0.0,0.0,1.0000000033146643,1.0000000033146643,0.0,0.0,0.0,0.0,0.0,0.0
0.2450000000000002,0.0,0.0,1.000000003348762,1.000000003348762,0.0,0.0,0.0,0.0,0.0,0.0
0.2460000000000002,0.0,0.0,1.0000000033830523,1.0000000033830523,0.0,0.0,0.0,0.0,0.0,0.0
0.2470000000000002,0.0,0.0,1.0000000034175358,1.0000000034175358,0.0,0.0,0.0,0.0,0.0,0.0
0.2480000000000002,0.0,0.0,1.0000000034522123,1.0000000034522123,0.0,0.0,0.0,0.0,0.0,0.0
0.2490000000000002,0.0,0.0,1.0000000034870822,1.0000000034870822,0.0,0.0,0.0,0.0,0.0,0.0
0.25000000000000017,0.0,0.0,1.0000000035221452,1.0000000035221452,0.0,0.0,0.0,0.0,0.0,0.0
0.25100000000000017,0.0,0.0,1.0000000035574017,1.0000000035574017,0.0,0.0,0.0,0.0,0.0,0.0
0.25200000000000017,0.0,0.0,1.0000000035928518,1.0000000035928518,0.0,0.0,0.0,0.0,0.0,0.0
0.25300000000000017,0.0,0.0,1.0000000036284955,1.0000000036284955,0.0,0.0,0.0,0.0,0.0,0.0
0.25400000000000017,0.0,0.0,1.000000003664333,1.000000003664333,0.0,0.0,0.0,0.0,0.0,0.0
0.25500000000000017,0.0,0.0,1.0000000037003645,1.0000000037003645,0.0,0.0,0.0,0.0,0.0,0.0
0.25600000000000017,0.0,0.0,1.00000000373659,1.00000000373659,0.0,0.0,0.0,0.0,0.0,0.0
0.2570000000000002,0.0,0.0,1.0000000037730095,1.0000000037730095,0.0,0.0,0.0,0.0,0.0,0.0
0.2580000000000002,0.0,0.0,1.000000003809623,1.000000003809623,0.0,0.0,0.0,0.0,0.0,0.0
0.2590000000000002,0.0,0.0,1.000000003846431,1.000000003846431,0.0,0.0,0.0,0.0,0.0,0.0
0.2600000000000002,0.0,0.0,1.0000000038834334,1.0000000038834334,0.0,0.0,0.0,0.0,0.0,0.0
0.2610000000000002,0.0,0.0,1.0000000039206303,1.0000000039206303,0.0,0.0,0.0,0.0,0.0,0.0
0.2620000000000002,0.0,0.0,1.0000000039580217,1.0000000039580217,0.0,0.0,0.0,0.0,0.0,0.0
0.2630000000000002,0.0,0.0,1.0000000039956076,1.0000000039956076,0.0,0.0,0.0,0.0,0.0,0.0
0.2640000000000002,0.0,0.0,1.0000000040333885,1.0000000040333885,0.0,0.0,0.0,0.0,0.0,0.0
0.2650000000000002,0.0,0.0,1.0000000040713641,1.0000000040713641,0.0,0.0,0.0,0.0,0.0,0.0
0.2660000000000002,0.0,0.0,1.0000000041095347,1.0000000041095347,0.0,0.0,0.0,0.0,0.0,0.0
0.2670000000000002,0.0,0.0,1.0000000041479002,1.0000000041479002,0.0,0.0,0.0,0.0,0.0,0.0
0.2680000000000002,0.0,0.0,1.000000004186461,1.000000004186461,0.0,0.0,0.0,0.0,0.0,0.0
0.2690000000000002,0.0,0.0,1.0000000042252168,1.0000000042252168,0.0,0.0,0.0,0.0,0.0,0.0
0.2700000000000002,0.0,0.0,1.0000000042641681,1.0000000042641681,0.0,0.0,0.0,0.0,0.0,0.0
0.2710000000000002,0.0,0.0,1.0000000043033148,1.0000000043033148,0.0,0.0,0.0,0.0,0.0,0.0
0.2720000000000002,0.0,0.0,1.000000004342657,1.000000004342657,0.0,0.0,0.0,0.0,0.0,0.0
0.2730000000000002,0.0,0.0,1.0000000043821946,1.0000000043821946,0.0,0.0,0.0,0.0,0.0,0.0
0.2740000000000002,0.0,0.0,1.000000004421928,1.000000004421928,0.0,0.0,0.0,0.0,0.0,0.0
0.2750000000000002,0.0,0.0,1.0000000044618569,1.0000000044618569,0.0,0.0,0.0,0.0,0.0,0.0
0.2760000000000002,0.0,0.0,1.0000000045019817,1.0000000045019817,0.0,0.0,0.0,0.0,0.0,0.0
0.2770000000000002,0.0,0.0,1.0000000045423023,1.0000000045423023,0.0,0.0,0.0,0.0,0.0,0.0
0.2780000000000002,0.0,0.0,1.000000004582819,1.000000004582819,0.0,0.0,0.0,0.0,0.0,0.0
0.2790000000000002,0.0,0.0,1.0000000046235318,1.0000000046235318,0.0,0.0,0.0,0.0,0.0,0.0
0.2800000000000002,0.0,0.0,1.0000000046644406,1.0000000046644406,0.0,0.0,0.0,0.0,0.0,0.0
0.2810000000000002,0.0,0.0,1.0000000047055455,1.0000000047055455,0.0,0.0,0.0,0.0,0.0,0.0
0.2820000000000002,0.0,0.0,1.0000000047468467,1.0000000047468467,0.0,0.0,0.0,0.0,0.0,0.0
0.2830000000000002,0.0,0.0,1.0000000047883442,1.0000000047883442,0.0,0.0,0.0,0.0,0.0,0.0
0.2840000000000002,0.0,0.0,1.0000000048300381,1.0000000048300381,0.0,0.0,0.0,0.0,0.0,0.0
0.2850000000000002,0.0,0.0,1.0000000048719286,1.0000000048719286,0.0,0.0,0.0,0.0,0.0,0.0
0.2860000000000002,0.0,0.0,1.0000000049140156,1.0000000049140156,0.0,0.0,0.0,0.0,0.0,0.0
0.2870000000000002,0.0,0.0,1.0000000049562991,1.0000000049562991,0.0,0.0,0.0,0.0,0.0,0.0
0.2880000000000002,0.0,0.0,1.0000000049987794,1.0000000049987794,0.0,0.0,0.0,0.0,0.0,0.0
0.2890000000000002,0.0,0.0,1.0000000050414564,1.0000000050414564,0.0,0.0,0.0,0.0,0.0,0.0
0.2900000000000002,0.0,0.0,1.0000000050843303,1.0000000050843303,0.0,0.0,0.0,0.0,0.0,0.0
0.2910000000000002,0.0,0.0,1.000000005127401,1.000000005127401,0.0,0.0,0.0,0.0,0.0,0.0
0.2920000000000002,0.0,0.0,1.0000000051706686,1.0000000051706686,0.0,0.0,0.0,0.0,0.0,0.0
0.2930000000000002,0.0,0.0,1.0000000052141333,1.0000000052141333,0.0,0.0,0.0,0.0,0.0,0.0
0.2940000000000002,0.0,0.0,1.000000005257795,1.000000005257795,0.0,0.0,0.0,0.0,0.0,0.0
0.2950000000000002,0.0,0.0,1.000000005301654,1.000000005301654,0.0,0.0,0.0,0.0,0.0,0.0
0.2960000000000002,0.0,0.0,1.00000000534571,1.00000000534571,0.0,0.0,0.0,0.0,0.0,0.0
0.2970000000000002,0.0,0.0,1.0000000053899636,1.0000000053899636,0.0,0.0,0.0,0.0,0.0,0.0
0.2980000000000002,0.0,0.0,1.0000000054344143,1.0000000054344143,0.0,0.0,0.0,0.0,0.0,0.0
0.2990000000000002,0.0,0.0,1.0000000054790623,1.0000000054790623,0.0,0.0,0.0,0.0,0.0,0.0
0.3000000000000002,0.0,0.0,1.000000005523908,1.000000005523908,0.0,0.0,0.0,0.0,0.0,0.0
0.3010000000000002,0.0,0.0,1.000000005568951,1.000000005568951,0.0,0.0,0.0,0.0,0.0,0.0
0.3020000000000002,0.0,0.0,1.0000000056141918,1.0000000056141918,0.0,0.0,0.0,0.0,0.0,0.0
0.3030000000000002,0.0,0.0,1.00000000565963,1.00000000565963,0.0,0.0,0.0,0.0,0.0,0.0
0.3040000000000002,0.0,0.0,1.000000005705266,1.000000005705266,0.0,0.0,0.0,0.0,0.0,0.0
0.3050000000000002,0.0,0.0,1.0000000057510998,1.0000000057510998,0.0,0.0,0.0,0.0,0.0,0.0
0.3060000000000002,0.0,0.0,1.0000000057971314,1.0000000057971314,0.0,0.0,0.0,0.0,0.0,0.0
0.3070000000000002,0.0,0.0,1.000000005843361,1.000000005843361,0.0,0.0,0.0,0.0,0.0,0.0
0.3080000000000002,0.0,0.0,1.0000000058897882,1.0000000058897882,0.0,0.0,0.0,0.0,0.0,0.0
0.3090000000000002,0.0,0.0,1.0000000059364136,1.0000000059364136,0.0,0.0,0.0,0.0,0.0,0.0
0.3100000000000002,0.0,0.0,1.0000000059832368,1.0000000059832368,0.0,0.0,0.0,0.0,0.0,0.0
0.3110000000000002,0.0,0.0,1.000000006030258,1.000000006030258,0.0,0.0,0.0,0.0,0.0,0.0
0.3120000000000002,0.0,0.0,1.0000000060774774,1.0000000060774774,0.0,0.0,0.0,0.0,0.0,0.0
0.3130000000000002,0.0,0.0,1.000000006124895,1.000000006124895,0.0,0.0,0.0,0.0,0.0,0.0
0.3140000000000002,0.0,0.0,1.000000006172511,1.000000006172511,0.0,0.0,0.0,0.0,0.0,0.0
0.3150000000000002,0.0,0.0,1.000000006220325,1.000000006220325,0.0,0.0,0.0,0.0,0.0,0.0
0.3160000000000002,0.0,0.0,1.0000000062683374,1.0000000062683374,0.0,0.0,0.0,0.0,0.0,0.0
0.3170000000000002,0.0,0.0,1.0000000063165482,1.0000000063165482,0.0,0.0,0.0,0.0,0.0,0.0
0.3180000000000002,0.0,0.0,1.0000000063649572,1.0000000063649572,0.0,0.0,0.0,0.0,0.0,0.0
0.31900000000000023,0.0,0.0,1.0000000064135648,1.0000000064135648,0.0,0.0,0.0,0.0,0.0,0.0
0.32000000000000023,0.0,0.0,1.0000000064623709,1.0000000064623709,0.0,0.0,0.0,0.0,0.0,0.0
0.32100000000000023,0.0,0.0,1.0000000065113754,1.0000000065113754,0.0,0.0,0.0,0.0,0.0,0.0
0.32200000000000023,0.0,0.0,1.0000000065605787,1.0000000065605787,0.0,0.0,0.0,0.0,0.0,0.0
0.32300000000000023,0.0,0.0,1.0000000066099806,1.0000000066099806,0.0,0.0,0.0,0.0,0.0,0.0
0.32400000000000023,0.0,0.0,1.000000006659581,1.000000006659581,0.0,0.0,0.0,0.0,0.0,0.0
0.32500000000000023,0.0,0.0,1.0000000067093804,1.0000000067093804,0.0,0.0,0.0,0.0,0.0,0.0
0.32600000000000023,0.0,0.0,1.0000000067593784,1.0000000067593784,0.0,0.0,0.0,0.0,0.0,0.0
0.32700000000000023,0.0,0.0,1.0000000068095751,1.0000000068095751,0.0,0.0,0.0,0.0,0.0,0.0
0.32800000000000024,0.0,0.0,1.0000000068599708,1.0000000068599708,0.0,0.0,0.0,0.0,0.0,0.0
0.32900000000000024,0.0,0.0,1.0000000069105655,1.0000000069105655,0.0,0.0,0.0,0.0,0.0,0.0
0.33000000000000024,0.0,0.0,1.000000006961359,1.000000006961359,0.0,0.0,0.0,0.0,0.0,0.0
0.33100000000000024,0.0,0.0,1.0000000070123516,1.0000000070123516,0.0,0.0,0.0,0.0,0.0,0.0
0.33200000000000024,0.0,0.0,1.000000007063543,1.000000007063543,0.0,0.0,0.0,0.0,0.0,0.0
0.33300000000000024,0.0,0.0,1.0000000071149335,1.0000000071149335,0.0,0.0,0.0,0.0,0.0,0.0
0.33400000000000024,0.0,0.0,1.0000000071665232,1.0000000071665232,0.0,0.0,0.0,0.0,0.0,0.0
0.33500000000000024,0.0,0.0,1.000000007218312,1.000000007218312,0.0,0.0,0.0,0.0,0.0,0.0
0.33600000000000024,0.0,0.0,1.0000000072703,1.0000000072703,0.0,0.0,0.0,0.0,0.0,0.0
0.33700000000000024,0.0,0.0,1.000000007322487,1.000000007322487,0.0,0.0,0.0,0.0,0.0,0.0
0.33800000000000024,0.0,0.0,1.0000000073748734,1.0000000073748734,0.0,0.0,0.0,0.0,0.0,0.0
0.33900000000000025,0.0,0.0,1.000000007427459,1.000000007427459,0.0,0.0,0.0,0.0,0.0,0.0
0.34000000000000025,0.0,0.0,1.000000007480244,1.000000007480244,0.0,0.0,0.0,0.0,0.0,0.0
0.34100000000000025,0.0,0.0,1.0000000075332283,1.0000000075332283,0.0,0.0,0.0,0.0,0.0,0.0
0.34200000000000025,0.0,0.0,1.000000007586412,1.000000007586412,0.0,0.0,0.0,0.0,0.0,0.0
0.34300000000000025,0.0,0.0,1.000000007639795,1.000000007639795,0.0,0.0,0.0,0.0,0.0,0.0
0.34400000000000025,0.0,0.0,1.0000000076933775,1.0000000076933775,0.0,0.0,0.0,0.0,0.0,0.0
0.34500000000000025,0.0,0.0,1.0000000077471596,1.0000000077471596,0.0,0.0,0.0,0.0,0.0,0.0
0.34600000000000025,0.0,0.0,1.000000007801141,1.000000007801141,0.0,0.0,0.0,0.0,0.0,0.0
0.34700000000000025,0.0,0.0,1.0000000078553222,1.0000000078553222,0.0,0.0,0.0,0.0,0.0,0.0
0.34800000000000025,0.0,0.0,1.000000007909703,1.000000007909703,0.0,0.0,0.0,0.0,0.0,0.0
0.34900000000000025,0.0,0.0,1.0000000079642832,1.0000000079642832,0.0,0.0,0.0,0.0,0.0,0.0
0.35000000000000026,0.0,0.0,1.0000000080190632,1.0000000080190632,0.0,0.0,0.0,0.0,0.0,0.0
0.35100000000000026,0.0,0.0,1.0000000080740428,1.0000000080740428,0.0,0.0,0.0,0.0,0.0,0.0
0.35200000000000026,0.0,0.0,1.0000000081292222,1.0000000081292222,0.0,0.0,0.0,0.0,0.0,0.0
0.35300000000000026,0.0,0.0,1.0000000081846012,1.0000000081846012,0.0,0.0,0.0,0.0,0.0,0.0
0.35400000000000026,0.0,0.0,1.00000000824018,1.00000000824018,0.0,0.0,0.0,0.0,0.0,0.0
0.35500000000000026,0.0,0.0,1.0000000082959588,1.0000000082959588,0.0,0.0,0.0,0.0,0.0,0.0
0.35600000000000026,0.0,0.0,1.0000000083519374,1.0000000083519374,0.0,0.0,0.0,0.0,0.0,0.0
0.35700000000000026,0.0,0.0,1.0000000084081158,1.0000000084081158,0.0,0.0,0.0,0.0,0.0,0.0
0.35800000000000026,0.0,0.0,1.000000008464494,1.000000008464494,0.0,0.0,0.0,0.0,0.0,0.0
0.35900000000000026,0.0,0.0,1.000000008521072,1.000000008521072,0.0,0.0,0.0,0.0,0.0,0.0
0.36000000000000026,0.0,0.0,1.0000000085778502,1.0000000085778502,0.0,0.0,0.0,0.0,0.0,0.0
0.36100000000000027,0.0,0.0,1.0000000086348282,1.0000000086348282,0.0,0.0,0.0,0.0,0.0,0.0
0.36200000000000027,0.0,0.0,1.0000000086920062,1.0000000086920062,0.0,0.0,0.0,0.0,0.0,0.0
0.36300000000000027,0.0,0.0,1.0000000087493843,1.0000000087493843,0.0,0.0,0.0,0.0,0.0,0.0
0.36400000000000027,0.0,0.0,1.0000000088069625,1.0000000088069625,0.0,0.0,0.0,0.0,0.0,0.0
0.36500000000000027,0.0,0.0,1.0000000088647407,1.0000000088647407,0.0,0.0,0.0,0.0,0.0,0.0
0.36600000000000027,0.0,0.0,1.000000008922719,1.000000008922719,0.0,0.0,0.0,0.0,0.0,0.0
0.36700000000000027,0.0,0.0,1.0000000089808976,1.0000000089808976,0.0,0.0,0.0,0.0,0.0,0.0
0.36800000000000027,0.0,0.0,1.0000000090392762,1.0000000090392762,0.0,0.0,0.0,0.0,0.0,0.0
0.36900000000000027,0.0,0.0,1.0000000090978551,1.0000000090978551,0.0,0.0,0.0,0.0,0.0,0.0
0.3700000000000003,0.0,0.0,1.0000000091566341,1.0000000091566341,0.0,0.0,0.0,0.0,0.0,0.0
0.3710000000000003,0.0,0.0,1.0000000092156134,1.0000000092156134,0.0,0.0,0.0,0.0,0.0,0.0
0.3720000000000003,0.0,0.0,1.000000009274793,1.000000009274793,0.0,0.0,0.0,0.0,0.0,0.0
0.3730000000000003,0.0,0.0,1.0000000093341728,1.0000000093341728,0.0,0.0,0.0,0.0,0.0,0.0
0.3740000000000003,0.0,0.0,1.0000000093937529,1.0000000093937529,0.0,0.0,0.0,0.0,0.0,0.0
0.3750000000000003,0.0,0.0,1.0000000094535333,1.0000000094535333,0.0,0.0,0.0,0.0,0.0,0.0
0.3760000000000003,0.0,0.0,1.000000009513514,1.000000009513514,0.0,0.0,0.0,0.0,0.0,0.0
0.3770000000000003,0.0,0.0,1.0000000095736952,1.0000000095736952,0.0,0.0,0.0,0.0,0.0,0.0
0.3780000000000003,0.0,0.0,1.0000000096340766,1.0000000096340766,0.0,0.0,0.0,0.0,0.0,0.0
0.3790000000000003,0.0,0.0,1.0000000096946586,1.0000000096946586,0.0,0.0,0.0,0.0,0.0,0.0
0.3800000000000003,0.0,0.0,1.000000009755441,1.000000009755441,0.0,0.0,0.0,0.0,0.0,0.0
0.3810000000000003,0.0,0.0,1.0000000098164237,1.0000000098164237,0.0,0.0,0.0,0.0,0.0,0.0
0.3820000000000003,0.0,0.0,1.000000009877607,1.000000009877607,0.0,0.0,0.0,0.0,0.0,0.0
0.3830000000000003,0.0,0.0,1.0000000099389907,1.0000000099389907,0.0,0.0,0.0,0.0,0.0,0.0
0.3840000000000003,0.0,0.0,1.000000010000575,1.000000010000575,0.0,0.0,0.0,0.0,0.0,0.0
0.3850000000000003,0.0,0.0,1.0000000100623598,1.0000000100623598,0.0,0.0,0.0,0.0,0.0,0.0
0.3860000000000003,0.0,0.0,1.0000000101243454,1.0000000101243454,0.0,0.0,0.0,0.0,0.0,0.0
0.3870000000000003,0.0,0.0,1.0000000101865314,1.0000000101865314,0.0,0.0,0.0,0.0,0.0,0.0
0.3880000000000003,0.0,0.0,1.000000010248918,1.000000010248918,0.0,0.0,0.0,0.0,0.0,0.0
0.3890000000000003,0.0,0.0,1.0000000103115052,1.0000000103115052,0.0,0.0,0.0,0.0,0.0,0.0
0.3900000000000003,0.0,0.0,1.000000010374293,1.000000010374293,0.0,0.0,0.0,0.0,0.0,0.0
0.3910000000000003,0.0,0.0,1.0000000104372815,1.0000000104372815,0.0,0.0,0.0,0.0,0.0,0.0
0.3920000000000003,0.0,0.0,1.0000000105004707,1.0000000105004707,0.0,0.0,0.0,0.0,0.0,0.0
0.3930000000000003,0.0,0.0,1.0000000105638607,1.0000000105638607,0.0,0.0,0.0,0.0,0.0,0.0
0.3940000000000003,0.0,0.0,1.0000000106274514,1.0000000106274514,0.0,0.0,0.0,0.0,0.0,0.0
0.3950000000000003,0.0,0.0,1.0000000106912428,1.0000000106912428,0.0,0.0,0.0,0.0,0.0,0.0
0.3960000000000003,0.0,0.0,1.000000010755235,1.000000010755235,0.0,0.0,0.0,0.0,0.0,0.0
0.3970000000000003,0.0,0.0,1.0000000108194278,1.0000000108194278,0.0,0.0,0.0,0.0,0.0,0.0
0.3980000000000003,0.0,0.0,1.0000000108838214,1.0000000108838214,0.0,0.0,0.0,0.0,0.0,0.0
0.3990000000000003,0.0,0.0,1.000000010948416,1.000000010948416,0.0,0.0,0.0,0.0,0.0,0.0
0.4000000000000003,0.0,0.0,1.0000000110132112,1.0000000110132112,0.0,0.0,0.0,0.0,0.0,0.0
0.4010000000000003,0.0,0.0,1.0000000110782072,1.0000000110782072,0.0,0.0,0.0,0.0,0.0,0.0
0.4020000000000003,0.0,0.0,1.0000000111434042,1.0000000111434042,0.0,0.0,0.0,0.0,0.0,0.0
0.4030000000000003,0.0,0.0,1.000000011208802,1.000000011208802,0.0,0.0,0.0,0.0,0.0,0.0
0.4040000000000003,0.0,0.0,1.0000000112744007,1.0000000112744007,0.0,0.0,0.0,0.0,0.0,0.0
0.4050000000000003,0.0,0.0,1.0000000113402003,1.0000000113402003,0.0,0.0,0.0,0.0,0.0,0.0
0.4060000000000003,0.0,0.0,1.0000000114062009,1.0000000114062009,0.0,0.0,0.0,0.0,0.0,0.0
0.4070000000000003,0.0,0.0,1.0000000114724024,1.0000000114724024,0.0,0.0,0.0,0.0,0.0,0.0
0.4080000000000003,0.0,0.0,1.0000000115388048,1.0000000115388048,0.0,0.0,0.0,0.0,0.0,0.0
0.4090000000000003,0.0,0.0,1.0000000116054082,1.0000000116054082,0.0,0.0,0.0,0.0,0.0,0.0
0.4100000000000003,0.0,0.0,1.0000000116722125,1.0000000116722125,0.0,0.0,0.0,0.0,0.0,0.0
0.4110000000000003,0.0,0.0,1.0000000117392178,1.0000000117392178,0.0,0.0,0.0,0.0,0.0,0.0
0.4120000000000003,0.0,0.0,1.000000011806424,1.000000011806424,0.0,0.0,0.0,0.0,0.0,0.0
0.4130000000000003,0.0,0.0,1.0000000118738315,1.0000000118738315,0.0,0.0,0.0,0.0,0.0,0.0
0.4140000000000003,0.0,0.0,1.0000000119414398,1.0000000119414398,0.0,0.0,0.0,0.0,0.0,0.0
0.4150000000000003,0.0,0.0,1.0000000120092494,1.0000000120092494,0.0,0.0,0.0,0.0,0.0,0.0
0.4160000000000003,0.0,0.0,1.0000000120772599,1.0000000120772599,0.0,0.0,0.0,0.0,0.0,0.0
0.4170000000000003,0.0,0.0,1.0000000121454715,1.0000000121454715,0.0,0.0,0.0,0.0,0.0,0.0
0.4180000000000003,0.0,0.0,1.0000000122138841,1.0000000122138841,0.0,0.0,0.0,0.0,0.0,0.0
0.4190000000000003,0.0,0.0,1.000000012282498,1.000000012282498,0.0,0.0,0.0,0.0,0.0,0.0
0.4200000000000003,0.0,0.0,1.0000000123513129,1.0000000123513129,0.0,0.0,0.0,0.0,0.0,0.0
0.4210000000000003,0.0,0.0,1.000000012420329,1.000000012420329,0.0,0.0,0.0,0.0,0.0,0.0
0.4220000000000003,0.0,0.0,1.000000012489546,1.000000012489546,0.0,0.0,0.0,0.0,0.0,0.0
0.4230000000000003,0.0,0.0,1.0000000125589643,1.0000000125589643,0.0,0.0,0.0,0.0,0.0,0.0
0.4240000000000003,0.0,0.0,1.0000000126285837,1.0000000126285837,0.0,0.0,0.0,0.0,0.0,0.0
0.4250000000000003,0.0,0.0,1.0000000126984043,1.0000000126984043,0.0,0.0,0.0,0.0,0.0,0.0
0.4260000000000003,0.0,0.0,1.000000012768426,1.000000012768426,0.0,0.0,0.0,0.0,0.0,0.0
0.4270000000000003,0.0,0.0,1.0000000128386493,1.0000000128386493,0.0,0.0,0.0,0.0,0.0,0.0
0.4280000000000003,0.0,0.0,1.0000000129090736,1.0000000129090736,0.0,0.0,0.0,0.0,0.0,0.0
0.4290000000000003,0.0,0.0,1.000000012979699,1.000000012979699,0.0,0.0,0.0,0.0,0.0,0.0
0.4300000000000003,0.0,0.0,1.0000000130505258,1.0000000130505258,0.0,0.0,0.0,0.0,0.0,0.0
0.4310000000000003,0.0,0.0,1.0000000131215538,1.0000000131215538,0.0,0.0,0.0,0.0,0.0,0.0
0.43200000000000033,0.0,0.0,1.000000013192783,1.000000013192783,0.0,0.0,0.0,0.0,0.0,0.0
0.43300000000000033,0.0,0.0,1.0000000132642135,1.0000000132642135,0.0,0.0,0.0,0.0,0.0,0.0
0.43400000000000033,0.0,0.0,1.0000000133358453,1.0000000133358453,0.0,0.0,0.0,0.0,0.0,0.0
0.43500000000000033,0.0,0.0,1.0000000134076785,1.0000000134076785,0.0,0.0,0.0,0.0,0.0,0.0
0.43600000000000033,0.0,0.0,1.000000013479713,1.000000013479713,0.0,0.0,0.0,0.0,0.0,0.0
0.43700000000000033,0.0,0.0,1.0000000135519487,1.0000000135519487,0.0,0.0,0.0,0.0,0.0,0.0
0.43800000000000033,0.0,0.0,1.0000000136243856,1.0000000136243856,0.0,0.0,0.0,0.0,0.0,0.0
0.43900000000000033,0.0,0.0,1.000000013697024,1.000000013697024,0.0,0.0,0.0,0.0,0.0,0.0
0.44000000000000034,0.0,0.0,1.0000000137698637,1.0000000137698637,0.0,0.0,0.0,0.0,0.0,0.0
0.44100000000000034,0.0,0.0,1.0000000138429048,1.0000000138429048,0.0,0.0,0.0,0.0,0.0,0.0
0.44200000000000034,0.0,0.0,1.0000000139161473,1.0000000139161473,0.0,0.0,0.0,0.0,0.0,0.0
0.44300000000000034,0.0,0.0,1.0000000139895913,1.0000000139895913,0.0,0.0,0.0,0.0,0.0,0.0
0.44400000000000034,0.0,0.0,1.0000000140632366,1.0000000140632366,0.0,0.0,0.0,0.0,0.0,0.0
0.44500000000000034,0.0,0.0,1.0000000141370833,1.0000000141370833,0.0,0.0,0.0,0.0,0.0,0.0
0.44600000000000034,0.0,0.0,1.0000000142111314,1.0000000142111314,0.0,0.0,0.0,0.0,0.0,0.0
0.44700000000000034,0.0,0.0,1.0000000142853809,1.0000000142853809,0.0,0.0,0.0,0.0,0.0,0.0
0.44800000000000034,0.0,0.0,1.0000000143598318,1.0000000143598318,0.0,0.0,0.0,0.0,0.0,0.0
0.44900000000000034,0.0,0.0,1.000000014434484,1.000000014434484,0.0,0.0,0.0,0.0,0.0,0.0
0.45000000000000034,0.0,0.0,1.0000000145093377,1.0000000145093377,0.0,0.0,0.0,0.0,0.0,0.0
0.45100000000000035,0.0,0.0,1.000000014584393,1.000000014584393,0.0,0.0,0.0,0.0,0.0,0.0
0.45200000000000035,0.0,0.0,1.0000000146596497,1.0000000146596497,0.0,0.0,0.0,0.0,0.0,0.0
0.45300000000000035,0.0,0.0,1.0000000147351078,1.0000000147351078,0.0,0.0,0.0,0.0,0.0,0.0
0.45400000000000035,0.0,0.0,1.0000000148107675,1.0000000148107675,0.0,0.0,0.0,0.0,0.0,0.0
0.45500000000000035,0.0,0.0,1.0000000148866286,1.0000000148866286,0.0,0.0,0.0,0.0,0.0,0.0
0.45600000000000035,0.0,0.0,1.000000014962691,1.000000014962691,0.0,0.0,0.0,0.0,0.0,0.0
0.45700000000000035,0.0,0.0,1.0000000150389552,1.0000000150389552,0.0,0.0,0.0,0.0,0.0,0.0
0.45800000000000035,0.0,0.0,1.0000000151154207,1.0000000151154207,0.0,0.0,0.0,0.0,0.0,0.0
0.45900000000000035,0.0,0.0,1.0000000151920878,1.0000000151920878,0.0,0.0,0.0,0.0,0.0,0.0
0.46000000000000035,0.0,0.0,1.0000000152689565,1.0000000152689565,0.0,0.0,0.0,0.0,0.0,0.0
0.46100000000000035,0.0,0.0,1.0000000153460267,1.0000000153460267,0.0,0.0,0.0,0.0,0.0,0.0
0.46200000000000035,0.0,0.0,1.0000000154232984,1.0000000154232984,0.0,0.0,0.0,0.0,0.0,0.0
0.46300000000000036,0.0,0.0,1.0000000155007718,1.0000000155007718,0.0,0.0,0.0,0.0,0.0,0.0
0.46400000000000036,0.0,0.0,1.0000000155784465,1.0000000155784465,0.0,0.0,0.0,0.0,0.0,0.0
0.46500000000000036,0.0,0.0,1.000000015656323,1.000000015656323,0.0,0.0,0.0,0.0,0.0,0.0
0.46600000000000036,0.0,0.0,1.000000015734401,1.000000015734401,0.0,0.0,0.0,0.0,0.0,0.0
0.46700000000000036,0.0,0.0,1.0000000158126805,1.0000000158126805,0.0,0.0,0.0,0.0,0.0,0.0
0.46800000000000036,0.0,0.0,1.0000000158911617,1.0000000158911617,0.0,0.0,0.0,0.0,0.0,0.0
0.46900000000000036,0.0,0.0,1.0000000159698443,1.0000000159698443,0.0,0.0,0.0,0.0,0.0,0.0
0.47000000000000036,0.0,0.0,1.0000000160487286,1.0000000160487286,0.0,0.0,0.0,0.0,0.0,0.0
0.47100000000000036,0.0,0.0,1.0000000161278144,1.0000000161278144,0.0,0.0,0.0,0.0,0.0,0.0
0.47200000000000036,0.0,0.0,1.0000000162071019,1.0000000162071019,0.0,0.0,0.0,0.0,0.0,0.0
0.47300000000000036,0.0,0.0,1.000000016286591,1.000000016286591,0.0,0.0,0.0,0.0,0.0,0.0
0.47400000000000037,0.0,0.0,1.0000000163662817,1.0000000163662817,0.0,0.0,0.0,0.0,0.0,0.0
0.47500000000000037,0.0,0.0,1.0000000164461742,1.0000000164461742,0.0,0.0,0.0,0.0,0.0,0.0
0.47600000000000037,0.0,0.0,1.0000000165262684,1.0000000165262684,0.0,0.0,0.0,0.0,0.0,0.0
0.47700000000000037,0.0,0.0,1.0000000166065641,1.0000000166065641,0.0,0.0,0.0,0.0,0.0,0.0
0.47800000000000037,0.0,0.0,1.0000000166870615,1.0000000166870615,0.0,0.0,0.0,0.0,0.0,0.0
0.47900000000000037,0.0,0.0,1.0000000167677605,1.0000000167677605,0.0,0.0,0.0,0.0,0.0,0.0
0.48000000000000037,0.0,0.0,1.0000000168486611,1.0000000168486611,0.0,0.0,0.0,0.0,0.0,0.0
0.48100000000000037,0.0,0.0,1.0000000169297636,1.0000000169297636,0.0,0.0,0.0,0.0,0.0,0.0
0.4820000000000004,0.0,0.0,1.0000000170110677,1.0000000170110677,0.0,0.0,0.0,0.0,0.0,0.0
0.4830000000000004,0.0,0.0,1.0000000170925734,1.0000000170925734,0.0,0.0,0.0,0.0,0.0,0.0
0.4840000000000004,0.0,0.0,1.0000000171742809,1.0000000171742809,0.0,0.0,0.0,0.0,0.0,0.0
0.4850000000000004,0.0,0.0,1.00000001725619,1.00000001725619,0.0,0.0,0.0,0.0,0.0,0.0
0.4860000000000004,0.0,0.0,1.0000000173383008,1.0000000173383008,0.0,0.0,0.0,0.0,0.0,0.0
0.4870000000000004,0.0,0.0,1.0000000174206134,1.0000000174206134,0.0,0.0,0.0,0.0,0.0,0.0
0.4880000000000004,0.0,0.0,1.0000000175031276,1.0000000175031276,0.0,0.0,0.0,0.0,0.0,0.0
0.4890000000000004,0.0,0.0,1.0000000175858437,1.0000000175858437,0.0,0.0,0.0,0.0,0.0,0.0
0.4900000000000004,0.0,0.0,1.0000000176687613,1.0000000176687613,0.0,0.0,0.0,0.0,0.0,0.0
0.4910000000000004,0.0,0.0,1.0000000177518809,1.0000000177518809,0.0,0.0,0.0,0.0,0.0,0.0
0.4920000000000004,0.0,0.0,1.000000017835202,1.000000017835202,0.0,0.0,0.0,0.0,0.0,0.0
0.4930000000000004,0.0,0.0,1.000000017918725,1.000000017918725,0.0,0.0,0.0,0.0,0.0,0.0
0.4940000000000004,0.0,0.0,1.0000000180024495,1.0000000180024495,0.0,0.0,0.0,0.0,0.0,0.0
0.4950000000000004,0.0,0.0,1.000000018086376,1.000000018086376,0.0,0.0,0.0,0.0,0.0,0.0
0.4960000000000004,0.0,0.0,1.000000018170504,1.000000018170504,0.0,0.0,0.0,0.0,0.0,0.0
0.4970000000000004,0.0,0.0,1.0000000182548339,1.0000000182548339,0.0,0.0,0.0,0.0,0.0,0.0
0.4980000000000004,0.0,0.0,1.0000000183393656,1.0000000183393656,0.0,0.0,0.0,0.0,0.0,0.0
0.4990000000000004,0.0,0.0,1.000000018424099,1.000000018424099,0.0,0.0,0.0,0.0,0.0,0.0
0.5000000000000003,0.0,0.0,1.000000018509034,1.000000018509034,0.0,0.0,0.0,0.0,0.0,0.0
0.5010000000000003,0.0,0.0,1.000000018594171,1.000000018594171,0.0,0.0,0.0,0.0,0.0,0.0
0.5020000000000003,0.0,0.0,1.00000001867951,1.00000001867951,0.0,0.0,0.0,0.0,0.0,0.0
0.5030000000000003,0.0,0.0,1.0000000187650504,1.0000000187650504,0.0,0.0,0.0,0.0,0.0,0.0
0.5040000000000003,0.0,0.0,1.0000000188507927,1.0000000188507927,0.0,0.0,0.0,0.0,0.0,0.0
0.5050000000000003,0.0,0.0,1.0000000189367368,1.0000000189367368,0.0,0.0,0.0,0.0,0.0,0.0
0.5060000000000003,0.0,0.0,1.0000000190228828,1.0000000190228828,0.0,0.0,0.0,0.0,0.0,0.0
0.5070000000000003,0.0,0.0,1.0000000191092306,1.0000000191092306,0.0,0.0,0.0,0.0,0.0,0.0
0.5080000000000003,0.0,0.0,1.0000000191957803,1.0000000191957803,0.0,0.0,0.0,0.0,0.0,0.0
0.5090000000000003,0.0,0.0,1.0000000192825318,1.0000000192825318,0.0,0.0,0.0,0.0,0.0,0.0
0.5100000000000003,0.0,0.0,1.000000019369485,1.000000019369485,0.0,0.0,0.0,0.0,0.0,0.0
0.5110000000000003,0.0,0.0,1.0000000194566399,1.0000000194566399,0.0,0.0,0.0,0.0,0.0,0.0
0.5120000000000003,0.0,0.0,1.0000000195439966,1.0000000195439966,0.0,0.0,0.0,0.0,0.0,0.0
0.5130000000000003,0.0,0.0,1.0000000196315553,1.0000000196315553,0.0,0.0,0.0,0.0,0.0,0.0
0.5140000000000003,0.0,0.0,1.0000000197193157,1.0000000197193157,0.0,0.0,0.0,0.0,0.0,0.0
0.5150000000000003,0.0,0.0,1.000000019807278,1.000000019807278,0.0,0.0,0.0,0.0,0.0,0.0
0.5160000000000003,0.0,0.0,1.0000000198954422,1.0000000198954422,0.0,0.0,0.0,0.0,0.0,0.0
0.5170000000000003,0.0,0.0,1.0000000199838082,1.0000000199838082,0.0,0.0,0.0,0.0,0.0,0.0
0.5180000000000003,0.0,0.0,1.000000020072376,1.000000020072376,0.0,0.0,0.0,0.0,0.0,0.0
0.5190000000000003,0.0,0.0,1.0000000201611459,1.0000000201611459,0.0,0.0,0.0,0.0,0.0,0.0
0.5200000000000004,0.0,0.0,1.0000000202501176,1.0000000202501176,0.0,0.0,0.0,0.0,0.0,0.0
0.5210000000000004,0.0,0.0,1.0000000203392911,1.0000000203392911,0.0,0.0,0.0,0.0,0.0,0.0
0.5220000000000004,0.0,0.0,1.0000000204286665,1.0000000204286665,0.0,0.0,0.0,0.0,0.0,0.0
0.5230000000000004,0.0,0.0,1.0000000205182438,1.0000000205182438,0.0,0.0,0.0,0.0,0.0,0.0
0.5240000000000004,0.0,0.0,1.0000000206080228,1.0000000206080228,0.0,0.0,0.0,0.0,0.0,0.0
0.5250000000000004,0.0,0.0,1.0000000206980038,1.0000000206980038,0.0,0.0,0.0,0.0,0.0,0.0
0.5260000000000004,0.0,0.0,1.0000000207881867,1.0000000207881867,0.0,0.0,0.0,0.0,0.0,0.0
0.5270000000000004,0.0,0.0,1.0000000208785715,1.0000000208785715,0.0,0.0,0.0,0.0,0.0,0.0
0.5280000000000004,0.0,0.0,1.0000000209691582,1.0000000209691582,0.0,0.0,0.0,0.0,0.0,0.0
0.5290000000000004,0.0,0.0,1.0000000210599467,1.0000000210599467,0.0,0.0,0.0,0.0,0.0,0.0
0.5300000000000004,0.0,0.0,1.0000000211509372,1.0000000211509372,0.0,0.0,0.0,0.0,0.0,0.0
0.5310000000000004,0.0,0.0,1.0000000212421296,1.0000000212421296,0.0,0.0,0.0,0.0,0.0,0.0
0.5320000000000004,0.0,0.0,1.0000000213335238,1.0000000213335238,0.0,0.0,0.0,0.0,0.0,0.0
0.5330000000000004,0.0,0.0,1.00000002142512,1.00000002142512,0.0,0.0,0.0,0.0,0.0,0.0
0.5340000000000004,0.0,0.0,1.000000021516918,1.000000021516918,0.0,0.0,0.0,0.0,0.0,0.0
0.5350000000000004,0.0,0.0,1.000000021608918,1.000000021608918,0.0,0.0,0.0,0.0,0.0,0.0
0.5360000000000004,0.0,0.0,1.0000000217011198,1.0000000217011198,0.0,0.0,0.0,0.0,0.0,0.0
0.5370000000000004,0.0,0.0,1.0000000217935237,1.0000000217935237,0.0,0.0,0.0,0.0,0.0,0.0
0.5380000000000004,0.0,0.0,1.0000000218861294,1.0000000218861294,0.0,0.0,0.0,0.0,0.0,0.0
0.5390000000000004,0.0,0.0,1.000000021978937,1.000000021978937,0.0,0.0,0.0,0.0,0.0,0.0
0.5400000000000004,0.0,0.0,1.0000000220719465,1.0000000220719465,0.0,0.0,0.0,0.0,0.0,0.0
0.5410000000000004,0.0,0.0,1.000000022165158,1.000000022165158,0.0,0.0,0.0,0.0,0.0,0.0
0.5420000000000004,0.0,0.0,1.0000000222585714,1.0000000222585714,0.0,0.0,0.0,0.0,0.0,0.0
0.5430000000000004,0.0,0.0,1.0000000223521868,1.0000000223521868,0.0,0.0,0.0,0.0,0.0,0.0
0.5440000000000004,0.0,0.0,1.0000000224460042,1.0000000224460042,0.0,0.0,0.0,0.0,0.0,0.0
0.5450000000000004,0.0,0.0,1.0000000225400234,1.0000000225400234,0.0,0.0,0.0,0.0,0.0,0.0
0.5460000000000004,0.0,0.0,1.0000000226342445,1.0000000226342445,0.0,0.0,0.0,0.0,0.0,0.0
0.5470000000000004,0.0,0.0,1.0000000227286676,1.0000000227286676,0.0,0.0,0.0,0.0,0.0,0.0
0.5480000000000004,0.0,0.0,1.0000000228232926,1.0000000228232926,0.0,0.0,0.0,0.0,0.0,0.0
0.5490000000000004,0.0,0.0,1.0000000229181196,1.0000000229181196,0.0,0.0,0.0,0.0,0.0,0.0
0.5500000000000004,0.0,0.0,1.0000000230131485,1.0000000230131485,0.0,0.0,0.0,0.0,0.0,0.0
0.5510000000000004,0.0,0.0,1.0000000231083794,1.0000000231083794,0.0,0.0,0.0,0.0,0.0,0.0
0.5520000000000004,0.0,0.0,1.0000000232038122,1.0000000232038122,0.0,0.0,0.0,0.0,0.0,0.0
0.5530000000000004,0.0,0.0,1.000000023299447,1.000000023299447,0.0,0.0,0.0,0.0,0.0,0.0
0.5540000000000004,0.0,0.0,1.000000023395284,1.000000023395284,0.0,0.0,0.0,0.0,0.0,0.0
0.5550000000000004,0.0,0.0,1.0000000234913227,1.0000000234913227,0.0,0.0,0.0,0.0,0.0,0.0
0.5560000000000004,0.0,0.0,1.0000000235875635,1.0000000235875635,0.0,0.0,0.0,0.0,0.0,0.0
0.5570000000000004,0.0,0.0,1.000000023684006,1.000000023684006,0.0,0.0,0.0,0.0,0.0,0.0
0.5580000000000004,0.0,0.0,1.0000000237806508,1.0000000237806508,0.0,0.0,0.0,0.0,0.0,0.0
0.5590000000000004,0.0,0.0,1.0000000238774975,1.0000000238774975,0.0,0.0,0.0,0.0,0.0,0.0
0.5600000000000004,0.0,0.0,1.0000000239745461,1.0000000239745461,0.0,0.0,0.0,0.0,0.0,0.0
0.5610000000000004,0.0,0.0,1.0000000240717968,1.0000000240717968,0.0,0.0,0.0,0.0,0.0,0.0
0.5620000000000004,0.0,0.0,1.0000000241692493,1.0000000241692493,0.0,0.0,0.0,0.0,0.0,0.0
0.5630000000000004,0.0,0.0,1.0000000242669038,1.0000000242669038,0.0,0.0,0.0,0.0,0.0,0.0
0.5640000000000004,0.0,0.0,1.0000000243647604,1.0000000243647604,0.0,0.0,0.0,0.0,0.0,0.0
0.5650000000000004,0.0,0.0,1.0000000244628189,1.0000000244628189,0.0,0.0,0.0,0.0,0.0,0.0
0.5660000000000004,0.0,0.0,1.0000000245610794,1.0000000245610794,0.0,0.0,0.0,0.0,0.0,0.0
0.5670000000000004,0.0,0.0,1.000000024659542,1.000000024659542,0.0,0.0,0.0,0.0,0.0,0.0
0.5680000000000004,0.0,0.0,1.0000000247582064,1.0000000247582064,0.0,0.0,0.0,0.0,0.0,0.0
0.5690000000000004,0.0,0.0,1.0000000248570728,1.0000000248570728,0.0,0.0,0.0,0.0,0.0,0.0
0.5700000000000004,0.0,0.0,1.0000000249561414,1.0000000249561414,0.0,0.0,0.0,0.0,0.0,0.0
0.5710000000000004,0.0,0.0,1.000000025055412,1.000000025055412,0.0,0.0,0.0,0.0,0.0,0.0
0.5720000000000004,0.0,0.0,1.0000000251548844,1.0000000251548844,0.0,0.0,0.0,0.0,0.0,0.0
0.5730000000000004,0.0,0.0,1.0000000252545589,1.0000000252545589,0.0,0.0,0.0,0.0,0.0,0.0
0.5740000000000004,0.0,0.0,1.0000000253544354,1.0000000253544354,0.0,0.0,0.0,0.0,0.0,0.0
0.5750000000000004,0.0,0.0,1.000000025454514,1.000000025454514,0.0,0.0,0.0,0.0,0.0,0.0
0.5760000000000004,0.0,0.0,1.0000000255547945,1.0000000255547945,0.0,0.0,0.0,0.0,0.0,0.0
0.5770000000000004,0.0,0.0,1.000000025655277,1.000000025655277,0.0,0.0,0.0,0.0,0.0,0.0
0.5780000000000004,0.0,0.0,1.0000000257559616,1.0000000257559616,0.0,0.0,0.0,0.0,0.0,0.0
0.5790000000000004,0.0,0.0,1.0000000258568482,1.0000000258568482,0.0,0.0,0.0,0.0,0.0,0.0
0.5800000000000004,0.0,0.0,1.000000025957937,1.000000025957937,0.0,0.0,0.0,0.0,0.0,0.0
0.5810000000000004,0.0,0.0,1.0000000260592274,1.0000000260592274,0.0,0.0,0.0,0.0,0.0,0.0
0.5820000000000004,0.0,0.0,1.00000002616072,1.00000002616072,0.0,0.0,0.0,0.0,0.0,0.0
0.5830000000000004,0.0,0.0,1.0000000262624147,1.0000000262624147,0.0,0.0,0.0,0.0,0.0,0.0
0.5840000000000004,0.0,0.0,1.0000000263643114,1.0000000263643114,0.0,0.0,0.0,0.0,0.0,0.0
0.5850000000000004,0.0,0.0,1.0000000264664102,1.0000000264664102,0.0,0.0,0.0,0.0,0.0,0.0
0.5860000000000004,0.0,0.0,1.000000026568711,1.000000026568711,0.0,0.0,0.0,0.0,0.0,0.0
0.5870000000000004,0.0,0.0,1.0000000266712137,1.0000000266712137,0.0,0.0,0.0,0.0,0.0,0.0
0.5880000000000004,0.0,0.0,1.0000000267739184,1.0000000267739184,0.0,0.0,0.0,0.0,0.0,0.0
0.5890000000000004,0.0,0.0,1.0000000268768252,1.0000000268768252,0.0,0.0,0.0,0.0,0.0,0.0
0.5900000000000004,0.0,0.0,1.000000026979934,1.000000026979934,0.0,0.0,0.0,0.0,0.0,0.0
0.5910000000000004,0.0,0.0,1.000000027083245,1.000000027083245,0.0,0.0,0.0,0.0,0.0,0.0
0.5920000000000004,0.0,0.0,1.000000027186758,1.000000027186758,0.0,0.0,0.0,0.0,0.0,0.0
0.5930000000000004,0.0,0.0,1.000000027290473,1.000000027290473,0.0,0.0,0.0,0.0,0.0,0.0
0.5940000000000004,0.0,0.0,1.00000002739439,1.00000002739439,0.0,0.0,0.0,0.0,0.0,0.0
0.5950000000000004,0.0,0.0,1.000000027498509,1.000000027498509,0.0,0.0,0.0,0.0,0.0,0.0
0.5960000000000004,0.0,0.0,1.00000002760283,1.00000002760283,0.0,0.0,0.0,0.0,0.0,0.0
0.5970000000000004,0.0,0.0,1.000000027707353,1.000000027707353,0.0,0.0,0.0,0.0,0.0,0.0
0.5980000000000004,0.0,0.0,1.0000000278120782,1.0000000278120782,0.0,0.0,0.0,0.0,0.0,0.0
0.5990000000000004,0.0,0.0,1.0000000279170054,1.0000000279170054,0.0,0.0,0.0,0.0,0.0,0.0
0.6000000000000004,0.0,0.0,1.0000000280221346,1.0000000280221346,0.0,0.0,0.0,0.0,0.0,0.0
0.6010000000000004,0.0,0.0,1.000000028127466,1.000000028127466,0.0,0.0,0.0,0.0,0.0,0.0
0.6020000000000004,0.0,0.0,1.0000000282329993,1.0000000282329993,0.0,0.0,0.0,0.0,0.0,0.0
0.6030000000000004,0.0,0.0,1.0000000283387347,1.0000000283387347,0.0,0.0,0.0,0.0,0.0,0.0
0.6040000000000004,0.0,0.0,1.0000000284446722,1.0000000284446722,0.0,0.0,0.0,0.0,0.0,0.0
0.6050000000000004,0.0,0.0,1.0000000285508117,1.0000000285508117,0.0,0.0,0.0,0.0,0.0,0.0
0.6060000000000004,0.0,0.0,1.0000000286571533,1.0000000286571533,0.0,0.0,0.0,0.0,0.0,0.0
0.6070000000000004,0.0,0.0,1.000000028763697,1.000000028763697,0.0,0.0,0.0,0.0,0.0,0.0
0.6080000000000004,0.0,0.0,1.0000000288704427,1.0000000288704427,0.0,0.0,0.0,0.0,0.0,0.0
0.6090000000000004,0.0,0.0,1.0000000289773905,1.0000000289773905,0.0,0.0,0.0,0.0,0.0,0.0
0.6100000000000004,0.0,0.0,1.0000000290845403,1.0000000290845403,0.0,0.0,0.0,0.0,0.0,0.0
0.6110000000000004,0.0,0.0,1.0000000291918922,1.0000000291918922,0.0,0.0,0.0,0.0,0.0,0.0
0.6120000000000004,0.0,0.0,1.0000000292994462,1.0000000292994462,0.0,0.0,0.0,0.0,0.0,0.0
0.6130000000000004,0.0,0.0,1.0000000294072022,1.0000000294072022,0.0,0.0,0.0,0.0,0.0,0.0
0.6140000000000004,0.0,0.0,1.0000000295151603,1.0000000295151603,0.0,0.0,0.0,0.0,0.0,0.0
0.6150000000000004,0.0,0.0,1.0000000296233205,1.0000000296233205,0.0,0.0,0.0,0.0,0.0,0.0
0.6160000000000004,0.0,0.0,1.0000000297316827,1.0000000297316827,0.0,0.0,0.0,0.0,0.0,0.0
0.6170000000000004,0.0,0.0,1.000000029840247,1.000000029840247,0.0,0.0,0.0,0.0,0.0,0.0
0.6180000000000004,0.0,0.0,1.0000000299490133,1.0000000299490133,0.0,0.0,0.0,0.0,0.0,0.0
0.6190000000000004,0.0,0.0,1.0000000300579817,1.0000000300579817,0.0,0.0,0.0,0.0,0.0,0.0
0.6200000000000004,0.0,0.0,1.000000030167152,1.000000030167152,0.0,0.0,0.0,0.0,0.0,0.0
0.6210000000000004,0.0,0.0,1.0000000302765246,1.0000000302765246,0.0,0.0,0.0,0.0,0.0,0.0
0.6220000000000004,0.0,0.0,1.0000000303860992,1.0000000303860992,0.0,0.0,0.0,0.0,0.0,0.0
0.6230000000000004,0.0,0.0,1.0000000304958758,1.0000000304958758,0.0,0.0,0.0,0.0,0.0,0.0
0.6240000000000004,0.0,0.0,1.0000000306058545,1.0000000306058545,0.0,0.0,0.0,0.0,0.0,0.0
0.6250000000000004,0.0,0.0,1.0000000307160353,1.0000000307160353,0.0,0.0,0.0,0.0,0.0,0.0
0.6260000000000004,0.0,0.0,1.000000030826418,1.000000030826418,0.0,0.0,0.0,0.0,0.0,0.0
0.6270000000000004,0.0,0.0,1.0000000309370032,1.0000000309370032,0.0,0.0,0.0,0.0,0.0,0.0
0.6280000000000004,0.0,0.0,1.0000000310477903,1.0000000310477903,0.0,0.0,0.0,0.0,0.0,0.0
0.6290000000000004,0.0,0.0,1.0000000311587796,1.0000000311587796,0.0,0.0,0.0,0.0,0.0,0.0
0.6300000000000004,0.0,0.0,1.0000000312699708,1.0000000312699708,0.0,0.0,0.0,0.0,0.0,0.0
0.6310000000000004,0.0,0.0,1.0000000313813642,1.0000000313813642,0.0,0.0,0.0,0.0,0.0,0.0
0.6320000000000005,0.0,0.0,1.0000000314929596,1.0000000314929596,0.0,0.0,0.0,0.0,0.0,0.0
0.6330000000000005,0.0,0.0,1.000000031604757,1.000000031604757,0.0,0.0,0.0,0.0,0.0,0.0
0.6340000000000005,0.0,0.0,1.0000000317167566,1.0000000317167566,0.0,0.0,0.0,0.0,0.0,0.0
0.6350000000000005,0.0,0.0,1.0000000318289581,1.0000000318289581,0.0,0.0,0.0,0.0,0.0,0.0
0.6360000000000005,0.0,0.0,1.0000000319413618,1.0000000319413618,0.0,0.0,0.0,0.0,0.0,0.0
0.6370000000000005,0.0,0.0,1.0000000320539677,1.0000000320539677,0.0,0.0,0.0,0.0,0.0,0.0
0.6380000000000005,0.0,0.0,1.0000000321667757,1.0000000321667757,0.0,0.0,0.0,0.0,0.0,0.0
0.6390000000000005,0.0,0.0,1.0000000322797857,1.0000000322797857,0.0,0.0,0.0,0.0,0.0,0.0
0.6400000000000005,0.0,0.0,1.0000000323929978,1.0000000323929978,0.0,0.0,0.0,0.0,0.0,0.0
0.6410000000000005,0.0,0.0,1.000000032506412,1.000000032506412,0.0,0.0,0.0,0.0,0.0,0.0
0.6420000000000005,0.0,0.0,1.0000000326200282,1.0000000326200282,0.0,0.0,0.0,0.0,0.0,0.0
0.6430000000000005,0.0,0.0,1.0000000327338465,1.0000000327338465,0.0,0.0,0.0,0.0,0.0,0.0
0.6440000000000005,0.0,0.0,1.000000032847867,1.000000032847867,0.0,0.0,0.0,0.0,0.0,0.0
0.6450000000000005,0.0,0.0,1.0000000329620897,1.0000000329620897,0.0,0.0,0.0,0.0,0.0,0.0
0.6460000000000005,0.0,0.0,1.0000000330765144,1.0000000330765144,0.0,0.0,0.0,0.0,0.0,0.0
0.6470000000000005,0.0,0.0,1.0000000331911412,1.0000000331911412,0.0,0.0,0.0,0.0,0.0,0.0
0.6480000000000005,0.0,0.0,1.00000003330597,1.00000003330597,0.0,0.0,0.0,0.0,0.0,0.0
0.6490000000000005,0.0,0.0,1.0000000334210009,1.0000000334210009,0.0,0.0,0.0,0.0,0.0,0.0
0.6500000000000005,0.0,0.0,1.0000000335362338,1.0000000335362338,0.0,0.0,0.0,0.0,0.0,0.0
0.6510000000000005,0.0,0.0,1.000000033651669,1.000000033651669,0.0,0.0,0.0,0.0,0.0,0.0
0.6520000000000005,0.0,0.0,1.0000000337673063,1.0000000337673063,0.0,0.0,0.0,0.0,0.0,0.0
0.6530000000000005,0.0,0.0,1.0000000338831456,1.0000000338831456,0.0,0.0,0.0,0.0,0.0,0.0
0.6540000000000005,0.0,0.0,1.000000033999187,1.000000033999187,0.0,0.0,0.0,0.0,0.0,0.0
0.6550000000000005,0.0,0.0,1.0000000341154305,1.0000000341154305,0.0,0.0,0.0,0.0,0.0,0.0
0.6560000000000005,0.0,0.0,1.0000000342318762,1.0000000342318762,0.0,0.0,0.0,0.0,0.0,0.0
0.6570000000000005,0.0,0.0,1.000000034348524,1.000000034348524,0.0,0.0,0.0,0.0,0.0,0.0
0.6580000000000005,0.0,0.0,1.0000000344653739,1.0000000344653739,0.0,0.0,0.0,0.0,0.0,0.0
0.6590000000000005,0.0,0.0,1.0000000345824258,1.0000000345824258,0.0,0.0,0.0,0.0,0.0,0.0
0.6600000000000005,0.0,0.0,1.0000000346996798,1.0000000346996798,0.0,0.0,0.0,0.0,0.0,0.0
0.6610000000000005,0.0,0.0,1.000000034817136,1.000000034817136,0.0,0.0,0.0,0.0,0.0,0.0
0.6620000000000005,0.0,0.0,1.0000000349347944,1.0000000349347944,0.0,0.0,0.0,0.0,0.0,0.0
0.6630000000000005,0.0,0.0,1.0000000350526548,1.0000000350526548,0.0,0.0,0.0,0.0,0.0,0.0
0.6640000000000005,0.0,0.0,1.0000000351707172,1.0000000351707172,0.0,0.0,0.0,0.0,0.0,0.0
0.6650000000000005,0.0,0.0,1.0000000352889817,1.0000000352889817,0.0,0.0,0.0,0.0,0.0,0.0
0.6660000000000005,0.0,0.0,1.0000000354074485,1.0000000354074485,0.0,0.0,0.0,0.0,0.0,0.0
0.6670000000000005,0.0,0.0,1.0000000355261174,1.0000000355261174,0.0,0.0,0.0,0.0,0.0,0.0
0.6680000000000005,0.0,0.0,1.0000000356449883,1.0000000356449883,0.0,0.0,0.0,0.0,0.0,0.0
0.6690000000000005,0.0,0.0,1.0000000357640613,1.0000000357640613,0.0,0.0,0.0,0.0,0.0,0.0
0.6700000000000005,0.0,0.0,1.0000000358833363,1.0000000358833363,0.0,0.0,0.0,0.0,0.0,0.0
0.6710000000000005,0.0,0.0,1.0000000360028136,1.0000000360028136,0.0,0.0,0.0,0.0,0.0,0.0
0.6720000000000005,0.0,0.0,1.000000036122493,1.000000036122493,0.0,0.0,0.0,0.0,0.0,0.0
0.6730000000000005,0.0,0.0,1.0000000362423744,1.0000000362423744,0.0,0.0,0.0,0.0,0.0,0.0
0.6740000000000005,0.0,0.0,1.000000036362458,1.000000036362458,0.0,0.0,0.0,0.0,0.0,0.0
0.6750000000000005,0.0,0.0,1.0000000364827437,1.0000000364827437,0.0,0.0,0.0,0.0,0.0,0.0
0.6760000000000005,0.0,0.0,1.0000000366032316,1.0000000366032316,0.0,0.0,0.0,0.0,0.0,0.0
0.6770000000000005,0.0,0.0,1.0000000367239215,1.0000000367239215,0.0,0.0,0.0,0.0,0.0,0.0
0.6780000000000005,0.0,0.0,1.0000000368448134,1.0000000368448134,0.0,0.0,0.0,0.0,0.0,0.0
0.6790000000000005,0.0,0.0,1.0000000369659077,1.0000000369659077,0.0,0.0,0.0,0.0,0.0,0.0
0.6800000000000005,0.0,0.0,1.000000037087204,1.000000037087204,0.0,0.0,0.0,0.0,0.0,0.0
0.6810000000000005,0.0,0.0,1.0000000372087023,1.0000000372087023,0.0,0.0,0.0,0.0,0.0,0.0
0.6820000000000005,0.0,0.0,1.0000000373304028,1.0000000373304028,0.0,0.0,0.0,0.0,0.0,0.0
0.6830000000000005,0.0,0.0,1.0000000374523055,1.0000000374523055,0.0,0.0,0.0,0.0,0.0,0.0
0.6840000000000005,0.0,0.0,1.0000000375744102,1.0000000375744102,0.0,0.0,0.0,0.0,0.0,0.0
0.6850000000000005,0.0,0.0,1.000000037696717,1.000000037696717,0.0,0.0,0.0,0.0,0.0,0.0
0.6860000000000005,0.0,0.0,1.000000037819226,1.000000037819226,0.0,0.0,0.0,0.0,0.0,0.0
0.6870000000000005,0.0,0.0,1.0000000379419371,1.0000000379419371,0.0,0.0,0.0,0.0,0.0,0.0
0.6880000000000005,0.0,0.0,1.0000000380648504,1.0000000380648504,0.0,0.0,0.0,0.0,0.0,0.0
0.6890000000000005,0.0,0.0,1.0000000381879657,1.0000000381879657,0.0,0.0,0.0,0.0,0.0,0.0
0.6900000000000005,0.0,0.0,1.000000038311283,1.000000038311283,0.0,0.0,0.0,0.0,0.0,0.0
0.6910000000000005,0.0,0.0,1.0000000384348027,1.0000000384348027,0.0,0.0,0.0,0.0,0.0,0.0
0.6920000000000005,0.0,0.0,1.0000000385585244,1.0000000385585244,0.0,0.0,0.0,0.0,0.0,0.0
0.6930000000000005,0.0,0.0,1.0000000386824481,1.0000000386824481,0.0,0.0,0.0,0.0,0.0,0.0
0.6940000000000005,0.0,0.0,1.0000000388065742,1.0000000388065742,0.0,0.0,0.0,0.0,0.0,0.0
0.6950000000000005,0.0,0.0,1.0000000389309023,1.0000000389309023,0.0,0.0,0.0,0.0,0.0,0.0
0.6960000000000005,0.0,0.0,1.0000000390554324,1.0000000390554324,0.0,0.0,0.0,0.0,0.0,0.0
0.6970000000000005,0.0,0.0,1.0000000391801647,1.0000000391801647,0.0,0.0,0.0,0.0,0.0,0.0
0.6980000000000005,0.0,0.0,1.0000000393050992,1.0000000393050992,0.0,0.0,0.0,0.0,0.0,0.0
0.6990000000000005,0.0,0.0,1.0000000394302357,1.0000000394302357,0.0,0.0,0.0,0.0,0.0,0.0
0.7000000000000005,0.0,0.0,1.0000000395555744,1.0000000395555744,0.0,0.0,0.0,0.0,0.0,0.0
0.7010000000000005,0.0,0.0,1.000000039681115,1.000000039681115,0.0,0.0,0.0,0.0,0.0,0.0
0.7020000000000005,0.0,0.0,1.000000039806858,1.000000039806858,0.0,0.0,0.0,0.0,0.0,0.0
0.7030000000000005,0.0,0.0,1.000000039932803,1.000000039932803,0.0,0.0,0.0,0.0,0.0,0.0
0.7040000000000005,0.0,0.0,1.0000000400589502,1.0000000400589502,0.0,0.0,0.0,0.0,0.0,0.0
0.7050000000000005,0.0,0.0,1.0000000401852995,1.0000000401852995,0.0,0.0,0.0,0.0,0.0,0.0
0.7060000000000005,0.0,0.0,1.000000040311851,1.000000040311851,0.0,0.0,0.0,0.0,0.0,0.0
0.7070000000000005,0.0,0.0,1.0000000404386045,1.0000000404386045,0.0,0.0,0.0,0.0,0.0,0.0
0.7080000000000005,0.0,0.0,1.0000000405655602,1.0000000405655602,0.0,0.0,0.0,0.0,0.0,0.0
0.7090000000000005,0.0,0.0,1.000000040692718,1.000000040692718,0.0,0.0,0.0,0.0,0.0,0.0
0.7100000000000005,0.0,0.0,1.000000040820078,1.000000040820078,0.0,0.0,0.0,0.0,0.0,0.0
0.7110000000000005,0.0,0.0,1.00000004094764,1.00000004094764,0.0,0.0,0.0,0.0,0.0,0.0
0.7120000000000005,0.0,0.0,1.0000000410754042,1.0000000410754042,0.0,0.0,0.0,0.0,0.0,0.0
0.7130000000000005,0.0,0.0,1.0000000412033705,1.0000000412033705,0.0,0.0,0.0,0.0,0.0,0.0
0.7140000000000005,0.0,0.0,1.0000000413315389,1.0000000413315389,0.0,0.0,0.0,0.0,0.0,0.0
0.7150000000000005,0.0,0.0,1.0000000414599095,1.0000000414599095,0.0,0.0,0.0,0.0,0.0,0.0
0.7160000000000005,0.0,0.0,1.0000000415884822,1.0000000415884822,0.0,0.0,0.0,0.0,0.0,0.0
0.7170000000000005,0.0,0.0,1.000000041717257,1.000000041717257,0.0,0.0,0.0,0.0,0.0,0.0
0.7180000000000005,0.0,0.0,1.000000041846234,1.000000041846234,0.0,0.0,0.0,0.0,0.0,0.0
0.7190000000000005,0.0,0.0,1.0000000419754131,1.0000000419754131,0.0,0.0,0.0,0.0,0.0,0.0
0.7200000000000005,0.0,0.0,1.0000000421047943,1.0000000421047943,0.0,0.0,0.0,0.0,0.0,0.0
0.7210000000000005,0.0,0.0,1.0000000422343778,1.0000000422343778,0.0,0.0,0.0,0.0,0.0,0.0
0.7220000000000005,0.0,0.0,1.0000000423641633,1.0000000423641633,0.0,0.0,0.0,0.0,0.0,0.0
0.7230000000000005,0.0,0.0,1.0000000424941509,1.0000000424941509,0.0,0.0,0.0,0.0,0.0,0.0
0.7240000000000005,0.0,0.0,1.0000000426243407,1.0000000426243407,0.0,0.0,0.0,0.0,0.0,0.0
0.7250000000000005,0.0,0.0,1.0000000427547326,1.0000000427547326,0.0,0.0,0.0,0.0,0.0,0.0
0.7260000000000005,0.0,0.0,1.0000000428853266,1.0000000428853266,0.0,0.0,0.0,0.0,0.0,0.0
0.7270000000000005,0.0,0.0,1.0000000430161229,1.0000000430161229,0.0,0.0,0.0,0.0,0.0,0.0
0.7280000000000005,0.0,0.0,1.0000000431471212,1.0000000431471212,0.0,0.0,0.0,0.0,0.0,0.0
0.7290000000000005,0.0,0.0,1.0000000432783216,1.0000000432783216,0.0,0.0,0.0,0.0,0.0,0.0
0.7300000000000005,0.0,0.0,1.0000000434097243,1.0000000434097243,0.0,0.0,0.0,0.0,0.0,0.0
0.7310000000000005,0.0,0.0,1.000000043541329,1.000000043541329,0.0,0.0,0.0,0.0,0.0,0.0
0.7320000000000005,0.0,0.0,1.0000000436731358,1.0000000436731358,0.0,0.0,0.0,0.0,0.0,0.0
0.7330000000000005,0.0,0.0,1.0000000438051448,1.0000000438051448,0.0,0.0,0.0,0.0,0.0,0.0
0.7340000000000005,0.0,0.0,1.000000043937356,1.000000043937356,0.0,0.0,0.0,0.0,0.0,0.0
0.7350000000000005,0.0,0.0,1.0000000440697692,1.0000000440697692,0.0,0.0,0.0,0.0,0.0,0.0
0.7360000000000005,0.0,0.0,1.0000000442023846,1.0000000442023846,0.0,0.0,0.0,0.0,0.0,0.0
0.7370000000000005,0.0,0.0,1.0000000443352022,1.0000000443352022,0.0,0.0,0.0,0.0,0.0,0.0
0.7380000000000005,0.0,0.0,1.0000000444682218,1.0000000444682218,0.0,0.0,0.0,0.0,0.0,0.0
0.7390000000000005,0.0,0.0,1.0000000446014436,1.0000000446014436,0.0,0.0,0.0,0.0,0.0,0.0
0.7400000000000005,0.0,0.0,1.0000000447348676,1.0000000447348676,0.0,0.0,0.0,0.0,0.0,0.0
0.7410000000000005,0.0,0.0,1.0000000448684936,1.0000000448684936,0.0,0.0,0.0,0.0,0.0,0.0
0.7420000000000005,0.0,0.0,1.0000000450023219,1.0000000450023219,0.0,0.0,0.0,0.0,0.0,0.0
0.7430000000000005,0.0,0.0,1.0000000451363522,1.0000000451363522,0.0,0.0,0.0,0.0,0.0,0.0
0.7440000000000005,0.0,0.0,1.0000000452705846,1.0000000452705846,0.0,0.0,0.0,0.0,0.0,0.0
0.7450000000000006,0.0,0.0,1.0000000454050193,1.0000000454050193,0.0,0.0,0.0,0.0,0.0,0.0
0.7460000000000006,0.0,0.0,1.000000045539656,1.000000045539656,0.0,0.0,0.0,0.0,0.0,0.0
0.7470000000000006,0.0,0.0,1.0000000456744949,1.0000000456744949,0.0,0.0,0.0,0.0,0.0,0.0
0.7480000000000006,0.0,0.0,1.000000045809536,1.000000045809536,0.0,0.0,0.0,0.0,0.0,0.0
0.7490000000000006,0.0,0.0,1.000000045944779,1.000000045944779,0.0,0.0,0.0,0.0,0.0,0.0
0.7500000000000006,0.0,0.0,1.0000000460802243,1.0000000460802243,0.0,0.0,0.0,0.0,0.0,0.0
0.7510000000000006,0.0,0.0,1.0000000462158718,1.0000000462158718,0.0,0.0,0.0,0.0,0.0,0.0
0.7520000000000006,0.0,0.0,1.0000000463517214,1.0000000463517214,0.0,0.0,0.0,0.0,0.0,0.0
0.7530000000000006,0.0,0.0,1.000000046487773,1.000000046487773,0.0,0.0,0.0,0.0,0.0,0.0
0.7540000000000006,0.0,0.0,1.0000000466240269,1.0000000466240269,0.0,0.0,0.0,0.0,0.0,0.0
0.7550000000000006,0.0,0.0,1.0000000467604828,1.0000000467604828,0.0,0.0,0.0,0.0,0.0,0.0
0.7560000000000006,0.0,0.0,1.000000046897141,1.000000046897141,0.0,0.0,0.0,0.0,0.0,0.0
0.7570000000000006,0.0,0.0,1.0000000470340014,1.0000000470340014,0.0,0.0,0.0,0.0,0.0,0.0
0.7580000000000006,0.0,0.0,1.0000000471710637,1.0000000471710637,0.0,0.0,0.0,0.0,0.0,0.0
0.7590000000000006,0.0,0.0,1.0000000473083284,1.0000000473083284,0.0,0.0,0.0,0.0,0.0,0.0
0.7600000000000006,0.0,0.0,1.000000047445795,1.000000047445795,0.0,0.0,0.0,0.0,0.0,0.0
0.7610000000000006,0.0,0.0,1.0000000475834638,1.0000000475834638,0.0,0.0,0.0,0.0,0.0,0.0
0.7620000000000006,0.0,0.0,1.0000000477213349,1.0000000477213349,0.0,0.0,0.0,0.0,0.0,0.0
0.7630000000000006,0.0,0.0,1.000000047859408,1.000000047859408,0.0,0.0,0.0,0.0,0.0,0.0
0.7640000000000006,0.0,0.0,1.0000000479976832,1.0000000479976832,0.0,0.0,0.0,0.0,0.0,0.0
0.7650000000000006,0.0,0.0,1.0000000481361606,1.0000000481361606,0.0,0.0,0.0,0.0,0.0,0.0
0.7660000000000006,0.0,0.0,1.0000000482748401,1.0000000482748401,0.0,0.0,0.0,0.0,0.0,0.0
0.7670000000000006,0.0,0.0,1.000000048413722,1.000000048413722,0.0,0.0,0.0,0.0,0.0,0.0
0.7680000000000006,0.0,0.0,1.0000000485528058,1.0000000485528058,0.0,0.0,0.0,0.0,0.0,0.0
0.7690000000000006,0.0,0.0,1.0000000486920917,1.0000000486920917,0.0,0.0,0.0,0.0,0.0,0.0
0.7700000000000006,0.0,0.0,1.00000004883158,1.00000004883158,0.0,0.0,0.0,0.0,0.0,0.0
0.7710000000000006,0.0,0.0,1.0000000489712702,1.0000000489712702,0.0,0.0,0.0,0.0,0.0,0.0
0.7720000000000006,0.0,0.0,1.0000000491111625,1.0000000491111625,0.0,0.0,0.0,0.0,0.0,0.0
0.7730000000000006,0.0,0.0,1.000000049251257,1.000000049251257,0.0,0.0,0.0,0.0,0.0,0.0
0.7740000000000006,0.0,0.0,1.0000000493915537,1.0000000493915537,0.0,0.0,0.0,0.0,0.0,0.0
0.7750000000000006,0.0,0.0,1.0000000495320527,1.0000000495320527,0.0,0.0,0.0,0.0,0.0,0.0
0.7760000000000006,0.0,0.0,1.0000000496727537,1.0000000496727537,0.0,0.0,0.0,0.0,0.0,0.0
0.7770000000000006,0.0,0.0,1.0000000498136568,1.0000000498136568,0.0,0.0,0.0,0.0,0.0,0.0
0.7780000000000006,0.0,0.0,1.000000049954762,1.000000049954762,0.0,0.0,0.0,0.0,0.0,0.0
0.7790000000000006,0.0,0.0,1.0000000500960695,1.0000000500960695,0.0,0.0,0.0,0.0,0.0,0.0
0.7800000000000006,0.0,0.0,1.000000050237579,1.000000050237579,0.0,0.0,0.0,0.0,0.0,0.0
0.7810000000000006,0.0,0.0,1.0000000503792907,1.0000000503792907,0.0,0.0,0.0,0.0,0.0,0.0
0.7820000000000006,0.0,0.0,1.0000000505212046,1.0000000505212046,0.0,0.0,0.0,0.0,0.0,0.0
0.7830000000000006,0.0,0.0,1.0000000506633206,1.0000000506633206,0.0,0.0,0.0,0.0,0.0,0.0
0.7840000000000006,0.0,0.0,1.0000000508056388,1.0000000508056388,0.0,0.0,0.0,0.0,0.0,0.0
0.7850000000000006,0.0,0.0,1.000000050948159,1.000000050948159,0.0,0.0,0.0,0.0,0.0,0.0
0.7860000000000006,0.0,0.0,1.0000000510908815,1.0000000510908815,0.0,0.0,0.0,0.0,0.0,0.0
0.7870000000000006,0.0,0.0,1.000000051233806,1.000000051233806,0.0,0.0,0.0,0.0,0.0,0.0
0.7880000000000006,0.0,0.0,1.0000000513769327,1.0000000513769327,0.0,0.0,0.0,0.0,0.0,0.0
0.7890000000000006,0.0,0.0,1.0000000515202616,1.0000000515202616,0.0,0.0,0.0,0.0,0.0,0.0
0.7900000000000006,0.0,0.0,1.0000000516637926,1.0000000516637926,0.0,0.0,0.0,0.0,0.0,0.0
0.7910000000000006,0.0,0.0,1.0000000518075258,1.0000000518075258,0.0,0.0,0.0,0.0,0.0,0.0
0.7920000000000006,0.0,0.0,1.0000000519514611,1.0000000519514611,0.0,0.0,0.0,0.0,0.0,0.0
0.7930000000000006,0.0,0.0,1.0000000520955985,1.0000000520955985,0.0,0.0,0.0,0.0,0.0,0.0
0.7940000000000006,0.0,0.0,1.0000000522399382,1.0000000522399382,0.0,0.0,0.0,0.0,0.0,0.0
0.7950000000000006,0.0,0.0,1.0000000523844799,1.0000000523844799,0.0,0.0,0.0,0.0,0.0,0.0
0.7960000000000006,0.0,0.0,1.0000000525292236,1.0000000525292236,0.0,0.0,0.0,0.0,0.0,0.0
0.7970000000000006,0.0,0.0,1.0000000526741697,1.0000000526741697,0.0,0.0,0.0,0.0,0.0,0.0
0.7980000000000006,0.0,0.0,1.0000000528193178,1.0000000528193178,0.0,0.0,0.0,0.0,0.0,0.0
0.7990000000000006,0.0,0.0,1.0000000529646682,1.0000000529646682,0.0,0.0,0.0,0.0,0.0,0.0
0.8000000000000006,0.0,0.0,1.0000000531102207,1.0000000531102207,0.0,0.0,0.0,0.0,0.0,0.0
0.8010000000000006,0.0,0.0,1.0000000532559752,1.0000000532559752,0.0,0.0,0.0,0.0,0.0,0.0
0.8020000000000006,0.0,0.0,1.000000053401932,1.000000053401932,0.0,0.0,0.0,0.0,0.0,0.0
0.8030000000000006,0.0,0.0,1.0000000535480909,1.0000000535480909,0.0,0.0,0.0,0.0,0.0,0.0
0.8040000000000006,0.0,0.0,1.000000053694452,1.000000053694452,0.0,0.0,0.0,0.0,0.0,0.0
0.8050000000000006,0.0,0.0,1.0000000538410152,1.0000000538410152,0.0,0.0,0.0,0.0,0.0,0.0
0.8060000000000006,0.0,0.0,1.0000000539877805,1.0000000539877805,0.0,0.0,0.0,0.0,0.0,0.0
0.8070000000000006,0.0,0.0,1.000000054134748,1.000000054134748,0.0,0.0,0.0,0.0,0.0,0.0
0.8080000000000006,0.0,0.0,1.0000000542819176,1.0000000542819176,0.0,0.0,0.0,0.0,0.0,0.0
0.8090000000000006,0.0,0.0,1.0000000544292895,1.0000000544292895,0.0,0.0,0.0,0.0,0.0,0.0
0.8100000000000006,0.0,0.0,1.0000000545768635,1.0000000545768635,0.0,0.0,0.0,0.0,0.0,0.0
0.8110000000000006,0.0,0.0,1.0000000547246395,1.0000000547246395,0.0,0.0,0.0,0.0,0.0,0.0
0.8120000000000006,0.0,0.0,1.0000000548726178,1.0000000548726178,0.0,0.0,0.0,0.0,0.0,0.0
0.8130000000000006,0.0,0.0,1.0000000550207981,1.0000000550207981,0.0,0.0,0.0,0.0,0.0,0.0
0.8140000000000006,0.0,0.0,1.0000000551691806,1.0000000551691806,0.0,0.0,0.0,0.0,0.0,0.0
0.8150000000000006,0.0,0.0,1.0000000553177653,1.0000000553177653,0.0,0.0,0.0,0.0,0.0,0.0
0.8160000000000006,0.0,0.0,1.000000055466552,1.000000055466552,0.0,0.0,0.0,0.0,0.0,0.0
0.8170000000000006,0.0,0.0,1.000000055615541,1.000000055615541,0.0,0.0,0.0,0.0,0.0,0.0
0.8180000000000006,0.0,0.0,1.0000000557647322,1.0000000557647322,0.0,0.0,0.0,0.0,0.0,0.0
0.8190000000000006,0.0,0.0,1.0000000559141253,1.0000000559141253,0.0,0.0,0.0,0.0,0.0,0.0
0.8200000000000006,0.0,0.0,1.0000000560637208,1.0000000560637208,0.0,0.0,0.0,0.0,0.0,0.0
0.8210000000000006,0.0,0.0,1.0000000562135183,1.0000000562135183,0.0,0.0,0.0,0.0,0.0,0.0
0.8220000000000006,0.0,0.0,1.000000056363518,1.000000056363518,0.0,0.0,0.0,0.0,0.0,0.0
0.8230000000000006,0.0,0.0,1.00000005651372,1.00000005651372,0.0,0.0,0.0,0.0,0.0,0.0
0.8240000000000006,0.0,0.0,1.0000000566641238,1.0000000566641238,0.0,0.0,0.0,0.0,0.0,0.0
0.8250000000000006,0.0,0.0,1.00000005681473,1.00000005681473,0.0,0.0,0.0,0.0,0.0,0.0
0.8260000000000006,0.0,0.0,1.0000000569655383,1.0000000569655383,0.0,0.0,0.0,0.0,0.0,0.0
0.8270000000000006,0.0,0.0,1.0000000571165488,1.0000000571165488,0.0,0.0,0.0,0.0,0.0,0.0
0.8280000000000006,0.0,0.0,1.0000000572677614,1.0000000572677614,0.0,0.0,0.0,0.0,0.0,0.0
0.8290000000000006,0.0,0.0,1.000000057419176,1.000000057419176,0.0,0.0,0.0,0.0,0.0,0.0
0.8300000000000006,0.0,0.0,1.000000057570793,1.000000057570793,0.0,0.0,0.0,0.0,0.0,0.0
0.8310000000000006,0.0,0.0,1.000000057722612,1.000000057722612,0.0,0.0,0.0,0.0,0.0,0.0
0.8320000000000006,0.0,0.0,1.0000000578746333,1.0000000578746333,0.0,0.0,0.0,0.0,0.0,0.0
0.8330000000000006,0.0,0.0,1.0000000580268567,1.0000000580268567,0.0,0.0,0.0,0.0,0.0,0.0
0.8340000000000006,0.0,0.0,1.000000058179282,1.000000058179282,0.0,0.0,0.0,0.0,0.0,0.0
0.8350000000000006,0.0,0.0,1.0000000583319097,1.0000000583319097,0.0,0.0,0.0,0.0,0.0,0.0
0.8360000000000006,0.0,0.0,1.0000000584847395,1.0000000584847395,0.0,0.0,0.0,0.0,0.0,0.0
0.8370000000000006,0.0,0.0,1.0000000586377715,1.0000000586377715,0.0,0.0,0.0,0.0,0.0,0.0
0.8380000000000006,0.0,0.0,1.0000000587910056,1.0000000587910056,0.0,0.0,0.0,0.0,0.0,0.0
0.8390000000000006,0.0,0.0,1.0000000589444418,1.0000000589444418,0.0,0.0,0.0,0.0,0.0,0.0
0.8400000000000006,0.0,0.0,1.0000000590980802,1.0000000590980802,0.0,0.0,0.0,0.0,0.0,0.0
0.8410000000000006,0.0,0.0,1.0000000592519207,1.0000000592519207,0.0,0.0,0.0,0.0,0.0,0.0
0.8420000000000006,0.0,0.0,1.0000000594059635,1.0000000594059635,0.0,0.0,0.0,0.0,0.0,0.0
0.8430000000000006,0.0,0.0,1.0000000595602083,1.0000000595602083,0.0,0.0,0.0,0.0,0.0,0.0
0.8440000000000006,0.0,0.0,1.0000000597146552,1.0000000597146552,0.0,0.0,0.0,0.0,0.0,0.0
0.8450000000000006,0.0,0.0,1.0000000598693044,1.0000000598693044,0.0,0.0,0.0,0.0,0.0,0.0
0.8460000000000006,0.0,0.0,1.0000000600241556,1.0000000600241556,0.0,0.0,0.0,0.0,0.0,0.0
0.8470000000000006,0.0,0.0,1.0000000601792092,1.0000000601792092,0.0,0.0,0.0,0.0,0.0,0.0
0.8480000000000006,0.0,0.0,1.0000000603344648,1.0000000603344648,0.0,0.0,0.0,0.0,0.0,0.0
0.8490000000000006,0.0,0.0,1.0000000604899224,1.0000000604899224,0.0,0.0,0.0,0.0,0.0,0.0
0.8500000000000006,0.0,0.0,1.0000000606455823,1.0000000606455823,0.0,0.0,0.0,0.0,0.0,0.0
0.8510000000000006,0.0,0.0,1.0000000608014443,1.0000000608014443,0.0,0.0,0.0,0.0,0.0,0.0
0.8520000000000006,0.0,0.0,1.0000000609575086,1.0000000609575086,0.0,0.0,0.0,0.0,0.0,0.0
0.8530000000000006,0.0,0.0,1.000000061113775,1.000000061113775,0.0,0.0,0.0,0.0,0.0,0.0
0.8540000000000006,0.0,0.0,1.0000000612702435,1.0000000612702435,0.0,0.0,0.0,0.0,0.0,0.0
0.8550000000000006,0.0,0.0,1.0000000614269142,1.0000000614269142,0.0,0.0,0.0,0.0,0.0,0.0
0.8560000000000006,0.0,0.0,1.000000061583787,1.000000061583787,0.0,0.0,0.0,0.0,0.0,0.0
0.8570000000000007,0.0,0.0,1.000000061740862,1.000000061740862,0.0,0.0,0.0,0.0,0.0,0.0
0.8580000000000007,0.0,0.0,1.000000061898139,1.000000061898139,0.0,0.0,0.0,0.0,0.0,0.0
0.8590000000000007,0.0,0.0,1.0000000620556184,1.0000000620556184,0.0,0.0,0.0,0.0,0.0,0.0
0.8600000000000007,0.0,0.0,1.0000000622132954,1.0000000622132954,0.0,0.0,0.0,0.0,0.0,0.0
0.8610000000000007,0.0,0.0,1.0000000623711571,1.0000000623711571,0.0,0.0,0.0,0.0,0.0,0.0
0.8620000000000007,0.0,0.0,1.0000000625291865,1.0000000625291865,0.0,0.0,0.0,0.0,0.0,0.0
0.8630000000000007,0.0,0.0,1.0000000626873664,1.0000000626873664,0.0,0.0,0.0,0.0,0.0,0.0
0.8640000000000007,0.0,0.0,1.00000006284568,1.00000006284568,0.0,0.0,0.0,0.0,0.0,0.0
0.8650000000000007,0.0,0.0,1.0000000630041108,1.0000000630041108,0.0,0.0,0.0,0.0,0.0,0.0
0.8660000000000007,0.0,0.0,1.0000000631626424,1.0000000631626424,0.0,0.0,0.0,0.0,0.0,0.0
0.8670000000000007,0.0,0.0,1.0000000633212587,1.0000000633212587,0.0,0.0,0.0,0.0,0.0,0.0
0.8680000000000007,0.0,0.0,1.0000000634799435,1.0000000634799435,0.0,0.0,0.0,0.0,0.0,0.0
0.8690000000000007,0.0,0.0,1.0000000636386812,1.0000000636386812,0.0,0.0,0.0,0.0,0.0,0.0
0.8700000000000007,0.0,0.0,1.0000000637974562,1.0000000637974562,0.0,0.0,0.0,0.0,0.0,0.0
0.8710000000000007,0.0,0.0,1.000000063956253,1.000000063956253,0.0,0.0,0.0,0.0,0.0,0.0
0.8720000000000007,0.0,0.0,1.0000000641150566,1.0000000641150566,0.0,0.0,0.0,0.0,0.0,0.0
0.8730000000000007,0.0,0.0,1.0000000642738518,1.0000000642738518,0.0,0.0,0.0,0.0,0.0,0.0
0.8740000000000007,0.0,0.0,1.000000064432624,1.000000064432624,0.0,0.0,0.0,0.0,0.0,0.0
0.8750000000000007,0.0,0.0,1.0000000645913583,1.0000000645913583,0.0,0.0,0.0,0.0,0.0,0.0
0.8760000000000007,0.0,0.0,1.0000000647500404,1.0000000647500404,0.0,0.0,0.0,0.0,0.0,0.0
0.8770000000000007,0.0,0.0,1.0000000649086562,1.0000000649086562,0.0,0.0,0.0,0.0,0.0,0.0
0.8780000000000007,0.0,0.0,1.0000000650671916,1.0000000650671916,0.0,0.0,0.0,0.0,0.0,0.0
0.8790000000000007,0.0,0.0,1.0000000652256325,1.0000000652256325,0.0,0.0,0.0,0.0,0.0,0.0
0.8800000000000007,0.0,0.0,1.0000000653839651,1.0000000653839651,0.0,0.0,0.0,0.0,0.0,0.0
0.8810000000000007,0.0,0.0,1.0000000655421761,1.0000000655421761,0.0,0.0,0.0,0.0,0.0,0.0
0.8820000000000007,0.0,0.0,1.0000000657002521,1.0000000657002521,0.0,0.0,0.0,0.0,0.0,0.0
0.8830000000000007,0.0,0.0,1.0000000658581798,1.0000000658581798,0.0,0.0,0.0,0.0,0.0,0.0
0.8840000000000007,0.0,0.0,1.000000066015946,1.000000066015946,0.0,0.0,0.0,0.0,0.0,0.0
0.8850000000000007,0.0,0.0,1.000000066173538,1.000000066173538,0.0,0.0,0.0,0.0,0.0,0.0
0.8860000000000007,0.0,0.0,1.000000066330943,1.000000066330943,0.0,0.0,0.0,0.0,0.0,0.0
0.8870000000000007,0.0,0.0,1.0000000664881483,1.0000000664881483,0.0,0.0,0.0,0.0,0.0,0.0
0.8880000000000007,0.0,0.0,1.0000000666451416,1.0000000666451416,0.0,0.0,0.0,0.0,0.0,0.0
0.8890000000000007,0.0,0.0,1.0000000668019107,1.0000000668019107,0.0,0.0,0.0,0.0,0.0,0.0
0.8900000000000007,0.0,0.0,1.0000000669584432,1.0000000669584432,0.0,0.0,0.0,0.0,0.0,0.0
0.8910000000000007,0.0,0.0,1.0000000671147276,1.0000000671147276,0.0,0.0,0.0,0.0,0.0,0.0
0.8920000000000007,0.0,0.0,1.0000000672707516,1.0000000672707516,0.0,0.0,0.0,0.0,0.0,0.0
0.8930000000000007,0.0,0.0,1.000000067426504,1.000000067426504,0.0,0.0,0.0,0.0,0.0,0.0
0.8940000000000007,0.0,0.0,1.000000067581973,1.000000067581973,0.0,0.0,0.0,0.0,0.0,0.0
0.8950000000000007,0.0,0.0,1.0000000677371472,1.0000000677371472,0.0,0.0,0.0,0.0,0.0,0.0
0.8960000000000007,0.0,0.0,1.0000000678920156,1.0000000678920156,0.0,0.0,0.0,0.0,0.0,0.0
0.8970000000000007,0.0,0.0,1.0000000680465668,1.0000000680465668,0.0,0.0,0.0,0.0,0.0,0.0
0.8980000000000007,0.0,0.0,1.0000000682007901,1.0000000682007901,0.0,0.0,0.0,0.0,0.0,0.0
0.8990000000000007,0.0,0.0,1.0000000683546746,1.0000000683546746,0.0,0.0,0.0,0.0,0.0,0.0
0.9000000000000007,0.0,0.0,1.0000000685082095,1.0000000685082095,0.0,0.0,0.0,0.0,0.0,0.0
0.9010000000000007,0.0,0.0,1.0000000686613846,1.0000000686613846,0.0,0.0,0.0,0.0,0.0,0.0
0.9020000000000007,0.0,0.0,1.000000068814189,1.000000068814189,0.0,0.0,0.0,0.0,0.0,0.0
0.9030000000000007,0.0,0.0,1.0000000689666129,1.0000000689666129,0.0,0.0,0.0,0.0,0.0,0.0
0.9040000000000007,0.0,0.0,1.000000069118646,1.000000069118646,0.0,0.0,0.0,0.0,0.0,0.0
0.9050000000000007,0.0,0.0,1.000000069270278,1.000000069270278,0.0,0.0,0.0,0.0,0.0,0.0
0.9060000000000007,0.0,0.0,1.0000000694214992,1.0000000694214992,0.0,0.0,0.0,0.0,0.0,0.0
0.9070000000000007,0.0,0.0,1.0000000695723,1.0000000695723,0.0,0.0,0.0,0.0,0.0,0.0
0.9080000000000007,0.0,0.0,1.0000000697226703,1.0000000697226703,0.0,0.0,0.0,0.0,0.0,0.0
0.9090000000000007,0.0,0.0,1.000000069872601,1.000000069872601,0.0,0.0,0.0,0.0,0.0,0.0
0.9100000000000007,0.0,0.0,1.0000000700220826,1.0000000700220826,0.0,0.0,0.0,0.0,0.0,0.0
0.9110000000000007,0.0,0.0,1.0000000701711056,1.0000000701711056,0.0,0.0,0.0,0.0,0.0,0.0
0.9120000000000007,0.0,0.0,1.0000000703196608,1.0000000703196608,0.0,0.0,0.0,0.0,0.0,0.0
0.9130000000000007,0.0,0.0,1.0000000704677392,1.0000000704677392,0.0,0.0,0.0,0.0,0.0,0.0
0.9140000000000007,0.0,0.0,1.000000070615332,1.000000070615332,0.0,0.0,0.0,0.0,0.0,0.0
0.9150000000000007,0.0,0.0,1.0000000707624304,1.0000000707624304,0.0,0.0,0.0,0.0,0.0,0.0
0.9160000000000007,0.0,0.0,1.0000000709090253,1.0000000709090253,0.0,0.0,0.0,0.0,0.0,0.0
0.9170000000000007,0.0,0.0,1.0000000710551085,1.0000000710551085,0.0,0.0,0.0,0.0,0.0,0.0
0.9180000000000007,0.0,0.0,1.0000000712006711,1.0000000712006711,0.0,0.0,0.0,0.0,0.0,0.0
0.9190000000000007,0.0,0.0,1.000000071345705,1.000000071345705,0.0,0.0,0.0,0.0,0.0,0.0
0.9200000000000007,0.0,0.0,1.0000000714902018,1.0000000714902018,0.0,0.0,0.0,0.0,0.0,0.0
0.9210000000000007,0.0,0.0,1.0000000716341533,1.0000000716341533,0.0,0.0,0.0,0.0,0.0,0.0
0.9220000000000007,0.0,0.0,1.0000000717775512,1.0000000717775512,0.0,0.0,0.0,0.0,0.0,0.0
0.9230000000000007,0.0,0.0,1.0000000719203879,1.0000000719203879,0.0,0.0,0.0,0.0,0.0,0.0
0.9240000000000007,0.0,0.0,1.0000000720626552,1.0000000720626552,0.0,0.0,0.0,0.0,0.0,0.0
0.9250000000000007,0.0,0.0,1.0000000722043454,1.0000000722043454,0.0,0.0,0.0,0.0,0.0,0.0
0.9260000000000007,0.0,0.0,1.0000000723454507,1.0000000723454507,0.0,0.0,0.0,0.0,0.0,0.0
0.9270000000000007,0.0,0.0,1.0000000724859637,1.0000000724859637,0.0,0.0,0.0,0.0,0.0,0.0
0.9280000000000007,0.0,0.0,1.0000000726258766,1.0000000726258766,0.0,0.0,0.0,0.0,0.0,0.0
0.9290000000000007,0.0,0.0,1.0000000727651823,1.0000000727651823,0.0,0.0,0.0,0.0,0.0,0.0
0.9300000000000007,0.0,0.0,1.0000000729038734,1.0000000729038734,0.0,0.0,0.0,0.0,0.0,0.0
0.9310000000000007,0.0,0.0,1.0000000730419425,1.0000000730419425,0.0,0.0,0.0,0.0,0.0,0.0
0.9320000000000007,0.0,0.0,1.0000000731793826,1.0000000731793826,0.0,0.0,0.0,0.0,0.0,0.0
0.9330000000000007,0.0,0.0,1.0000000733161865,1.0000000733161865,0.0,0.0,0.0,0.0,0.0,0.0
0.9340000000000007,0.0,0.0,1.0000000734523473,1.0000000734523473,0.0,0.0,0.0,0.0,0.0,0.0
0.9350000000000007,0.0,0.0,1.0000000735878583,1.0000000735878583,0.0,0.0,0.0,0.0,0.0,0.0
0.9360000000000007,0.0,0.0,1.0000000737227126,1.0000000737227126,0.0,0.0,0.0,0.0,0.0,0.0
0.9370000000000007,0.0,0.0,1.0000000738569035,1.0000000738569035,0.0,0.0,0.0,0.0,0.0,0.0
0.9380000000000007,0.0,0.0,1.0000000739904242,1.0000000739904242,0.0,0.0,0.0,0.0,0.0,0.0
0.9390000000000007,0.0,0.0,1.0000000741232684,1.0000000741232684,0.0,0.0,0.0,0.0,0.0,0.0
0.9400000000000007,0.0,0.0,1.0000000742554296,1.0000000742554296,0.0,0.0,0.0,0.0,0.0,0.0
0.9410000000000007,0.0,0.0,1.0000000743869013,1.0000000743869013,0.0,0.0,0.0,0.0,0.0,0.0
0.9420000000000007,0.0,0.0,1.0000000745176774,1.0000000745176774,0.0,0.0,0.0,0.0,0.0,0.0
0.9430000000000007,0.0,0.0,1.0000000746477515,1.0000000746477515,0.0,0.0,0.0,0.0,0.0,0.0
0.9440000000000007,0.0,0.0,1.0000000747771176,1.0000000747771176,0.0,0.0,0.0,0.0,0.0,0.0
0.9450000000000007,0.0,0.0,1.0000000749057696,1.0000000749057696,0.0,0.0,0.0,0.0,0.0,0.0
0.9460000000000007,0.0,0.0,1.0000000750337015,1.0000000750337015,0.0,0.0,0.0,0.0,0.0,0.0
0.9470000000000007,0.0,0.0,1.0000000751609073,1.0000000751609073,0.0,0.0,0.0,0.0,0.0,0.0
0.9480000000000007,0.0,0.0,1.0000000752873812,1.0000000752873812,0.0,0.0,0.0,0.0,0.0,0.0
0.9490000000000007,0.0,0.0,1.0000000754131175,1.0000000754131175,0.0,0.0,0.0,0.0,0.0,0.0
0.9500000000000007,0.0,0.0,1.0000000755381104,1.0000000755381104,0.0,0.0,0.0,0.0,0.0,0.0
0.9510000000000007,0.0,0.0,1.0000000756623544,1.0000000756623544,0.0,0.0,0.0,0.0,0.0,0.0
0.9520000000000007,0.0,0.0,1.0000000757858438,1.0000000757858438,0.0,0.0,0.0,0.0,0.0,0.0
0.9530000000000007,0.0,0.0,1.0000000759085734,1.0000000759085734,0.0,0.0,0.0,0.0,0.0,0.0
0.9540000000000007,0.0,0.0,1.0000000760305376,1.0000000760305376,0.0,0.0,0.0,0.0,0.0,0.0
0.9550000000000007,0.0,0.0,1.0000000761517311,1.0000000761517311,0.0,0.0,0.0,0.0,0.0,0.0
0.9560000000000007,0.0,0.0,1.0000000762721486,1.0000000762721486,0.0,0.0,0.0,0.0,0.0,0.0
0.9570000000000007,0.0,0.0,1.0000000763917847,1.0000000763917847,0.0,0.0,0.0,0.0,0.0,0.0
0.9580000000000007,0.0,0.0,1.0000000765106345,1.0000000765106345,0.0,0.0,0.0,0.0,0.0,0.0
0.9590000000000007,0.0,0.0,1.0000000766286927,1.0000000766286927,0.0,0.0,0.0,0.0,0.0,0.0
0.9600000000000007,0.0,0.0,1.0000000767459545,1.0000000767459545,0.0,0.0,0.0,0.0,0.0,0.0
0.9610000000000007,0.0,0.0,1.0000000768624149,1.0000000768624149,0.0,0.0,0.0,0.0,0.0,0.0
0.9620000000000007,0.0,0.0,1.0000000769780688,1.0000000769780688,0.0,0.0,0.0,0.0,0.0,0.0
0.9630000000000007,0.0,0.0,1.0000000770929116,1.0000000770929116,0.0,0.0,0.0,0.0,0.0,0.0
0.9640000000000007,0.0,0.0,1.0000000772069384,1.0000000772069384,0.0,0.0,0.0,0.0,0.0,0.0
0.9650000000000007,0.0,0.0,1.0000000773201445,1.0000000773201445,0.0,0.0,0.0,0.0,0.0,0.0
0.9660000000000007,0.0,0.0,1.0000000774325253,1.0000000774325253,0.0,0.0,0.0,0.0,0.0,0.0
0.9670000000000007,0.0,0.0,1.0000000775440763,1.0000000775440763,0.0,0.0,0.0,0.0,0.0,0.0
0.9680000000000007,0.0,0.0,1.0000000776547928,1.0000000776547928,0.0,0.0,0.0,0.0,0.0,0.0
0.9690000000000007,0.0,0.0,1.0000000777646703,1.0000000777646703,0.0,0.0,0.0,0.0,0.0,0.0
0.9700000000000008,0.0,0.0,1.0000000778737044,1.0000000778737044,0.0,0.0,0.0,0.0,0.0,0.0
0.9710000000000008,0.0,0.0,1.0000000779818907,1.0000000779818907,0.0,0.0,0.0,0.0,0.0,0.0
0.9720000000000008,0.0,0.0,1.000000078089225,1.000000078089225,0.0,0.0,0.0,0.0,0.0,0.0
0.9730000000000008,0.0,0.0,1.000000078195703,1.000000078195703,0.0,0.0,0.0,0.0,0.0,0.0
0.9740000000000008,0.0,0.0,1.0000000783013205,1.0000000783013205,0.0,0.0,0.0,0.0,0.0,0.0
0.9750000000000008,0.0,0.0,1.0000000784060734,1.0000000784060734,0.0,0.0,0.0,0.0,0.0,0.0
0.9760000000000008,0.0,0.0,1.0000000785099574,1.0000000785099574,0.0,0.0,0.0,0.0,0.0,0.0
0.9770000000000008,0.0,0.0,1.0000000786129686,1.0000000786129686,0.0,0.0,0.0,0.0,0.0,0.0
0.9780000000000008,0.0,0.0,1.0000000787151029,1.0000000787151029,0.0,0.0,0.0,0.0,0.0,0.0
0.9790000000000008,0.0,0.0,1.0000000788163563,1.0000000788163563,0.0,0.0,0.0,0.0,0.0,0.0
0.9800000000000008,0.0,0.0,1.0000000789167252,1.0000000789167252,0.0,0.0,0.0,0.0,0.0,0.0
0.9810000000000008,0.0,0.0,1.0000000790162054,1.0000000790162054,0.0,0.0,0.0,0.0,0.0,0.0
0.9820000000000008,0.0,0.0,1.0000000791147932,1.0000000791147932,0.0,0.0,0.0,0.0,0.0,0.0
0.9830000000000008,0.0,0.0,1.0000000792124848,1.0000000792124848,0.0,0.0,0.0,0.0,0.0,0.0
0.9840000000000008,0.0,0.0,1.0000000793092767,1.0000000793092767,0.0,0.0,0.0,0.0,0.0,0.0
0.9850000000000008,0.0,0.0,1.0000000794051649,1.0000000794051649,0.0,0.0,0.0,0.0,0.0,0.0
0.9860000000000008,0.0,0.0,1.000000079500146,1.000000079500146,0.0,0.0,0.0,0.0,0.0,0.0
0.9870000000000008,0.0,0.0,1.0000000795942166,1.0000000795942166,0.0,0.0,0.0,0.0,0.0,0.0
0.9880000000000008,0.0,0.0,1.0000000796873727,1.0000000796873727,0.0,0.0,0.0,0.0,0.0,0.0
0.9890000000000008,0.0,0.0,1.0000000797796111,1.0000000797796111,0.0,0.0,0.0,0.0,0.0,0.0
0.9900000000000008,0.0,0.0,1.0000000798709285,1.0000000798709285,0.0,0.0,0.0,0.0,0.0,0.0
0.9910000000000008,0.0,0.0,1.0000000799613213,1.0000000799613213,0.0,0.0,0.0,0.0,0.0,0.0
0.9920000000000008,0.0,0.0,1.0000000800507862,1.0000000800507862,0.0,0.0,0.0,0.0,0.0,0.0
0.9930000000000008,0.0,0.0,1.0000000801393198,1.0000000801393198,0.0,0.0,0.0,0.0,0.0,0.0
0.9940000000000008,0.0,0.0,1.0000000802269189,1.0000000802269189,0.0,0.0,0.0,0.0,0.0,0.0
0.9950000000000008,0.0,0.0,1.0000000803135802,1.0000000803135802,0.0,0.0,0.0,0.0,0.0,0.0
0.9960000000000008,0.0,0.0,1.0000000803993006,1.0000000803993006,0.0,0.0,0.0,0.0,0.0,0.0
0.9970000000000008,0.0,0.0,1.0000000804840767,1.0000000804840767,0.0,0.0,0.0,0.0,0.0,0.0
0.9980000000000008,0.0,0.0,1.000000080567906,1.000000080567906,0.0,0.0,0.0,0.0,0.0,0.0
0.9990000000000008,0.0,0.0,1.0000000806507847,1.0000000806507847,0.0,0.0,0.0,0.0,0.0,0.0
1.0000000000000007,0.0,0.0,1.0000000807327103,1.0000000807327103,0.0,0.0,0.0,0.0,0.0,0.0
1.0010000000000006,0.0,0.0,1.0000000808136795,1.0000000808136795,0.0,0.0,0.0,0.0,0.0,0.0
1.0020000000000004,0.0,0.0,1.0000000808936895,1.0000000808936895,0.0,0.0,0.0,0.0,0.0,0.0
1.0030000000000003,0.0,0.0,1.0000000809727372,1.0000000809727372,0.0,0.0,0.0,0.0,0.0,0.0
1.0040000000000002,0.0,0.0,1.0000000810508198,1.0000000810508198,0.0,0.0,0.0,0.0,0.0,0.0
1.0050000000000001,0.0,0.0,1.0000000811279346,1.0000000811279346,0.0,0.0,0.0,0.0,0.0,0.0
1.006,0.0,0.0,1.0000000812040786,1.0000000812040786,0.0,0.0,0.0,0.0,0.0,0.0
1.007,0.0,0.0,1.000000081279249,1.000000081279249,0.0,0.0,0.0,0.0,0.0,0.0
1.0079999999999998,0.0,0.0,1.0000000813534433,1.0000000813534433,0.0,0.0,0.0,0.0,0.0,0.0
1.0089999999999997,0.0,0.0,1.0000000814266585,1.0000000814266585,0.0,0.0,0.0,0.0,0.0,0.0
1.0099999999999996,0.0,0.0,1.000000081498892,1.000000081498892,0.0,0.0,0.0,0.0,0.0,0.0
1.0109999999999995,0.0,0.0,1.0000000815701413,1.0000000815701413,0.0,0.0,0.0,0.0,0.0,0.0
1.0119999999999993,0.0,0.0,1.0000000816404035,1.0000000816404035,0.0,0.0,0.0,0.0,0.0,0.0
1.0129999999999992,0.0,0.0,1.0000000817096764,1.0000000817096764,0.0,0.0,0.0,0.0,0.0,0.0
1.0139999999999991,0.0,0.0,1.000000081777957,1.000000081777957,0.0,0.0,0.0,0.0,0.0,0.0
1.014999999999999,0.0,0.0,1.0000000818452432,1.0000000818452432,0.0,0.0,0.0,0.0,0.0,0.0
1.015999999999999,0.0,0.0,1.0000000819115324,1.0000000819115324,0.0,0.0,0.0,0.0,0.0,0.0
1.0169999999999988,0.0,0.0,1.0000000819768222,1.0000000819768222,0.0,0.0,0.0,0.0,0.0,0.0
1.0179999999999987,0.0,0.0,1.0000000820411101,1.0000000820411101,0.0,0.0,0.0,0.0,0.0,0.0
1.0189999999999986,0.0,0.0,1.0000000821043937,1.0000000821043937,0.0,0.0,0.0,0.0,0.0,0.0
1.0199999999999985,-5.010835855908737e-11,-5.010840432733648e-11,1.0000000821702544,1.0000000821747346,-1.0021671711817474e-07,-1.0021680865467295e-07,1.9474957007697306e-10,1.947497479584103e-10,3.894991401539461e-07,3.894994959168206e-07
1.0209999999999984,-2.999966929831594e-10,-2.999972387003838e-10,1.0000000822493953,1.0000000822762203,-3.995599517299692e-07,-3.995608600914217e-07,1.1659651349909058e-09,1.1659672559853472e-09,1.5529319896739192e-06,1.552935520137053e-06
1.0219999999999982,-9.47491042139245e-10,-9.474936172064665e-10,1.000000082355966,1.0000000824406976,-8.95428746582202e-07,-8.954318969207438e-07,3.6825481841282798e-09,3.682558192626181e-09,3.480234108600829e-06,3.480246353144615e-06
1.0229999999999981,-2.1878295749128195e-09,-2.1878374702833555e-09,1.0000000825039352,1.0000000826996116,-1.5852483189649467e-06,-1.5852558092330342e-06,8.503401193773291e-09,8.50343188148972e-09,6.161471910689192e-06,6.161501024582463e-06
1.023999999999998,-4.213688594674239e-09,-4.213707522483807e-09,1.0000000827070934,1.0000000830840101,-2.4664697205578918e-06,-2.4664842951678687e-06,1.6377557630513886e-08,1.6377631201651765e-08,9.586840962792e-06,9.586897615741622e-06
1.024999999999998,-7.215208205800077e-09,-7.215246933008776e-09,1.0000000829790545,1.0000000836245495,-3.536569501693786e-06,-3.5365945258820684e-06,2.804431026507463e-08,2.80444608015474e-08,1.3746664306329487e-05,1.3746761584049646e-05
1.0259999999999978,-1.1380017646637815e-08,-1.1380088603379673e-08,1.0000000833332594,1.0000000843514991,-4.793049379981693e-06,-4.793088814859724e-06,4.4233337818517095e-08,4.4233613648209416e-08,1.863139080055545e-05,1.8631544109274385e-05
1.0269999999999977,-1.6893260293245428e-08,-1.6893380156563585e-08,1.0000000837829768,1.0000000852947466,-6.233435913233531e-06,-6.233494291508101e-06,6.56648299624641e-08,6.566529593342792e-08,2.4231593487338544e-05,2.423182046116262e-05
1.0279999999999976,-2.3937618338181242e-08,-2.3937808591809662e-08,1.0000000843413066,1.0000000864838023,-7.855280176638094e-06,-7.855362578984052e-06,9.304961069472317e-08,9.305035035812758e-08,3.0537967977179595e-05,3.05382883882367e-05
1.0289999999999975,-3.2693337148564025e-08,-3.269362461939983e-08,1.0000000850211814,1.0000000879478048,-9.656157444127468e-06,-9.656269476196285e-06,1.2708926011140773e-07,1.2709037781598387e-07,3.754133085618951e-05,3.754176652747586e-05
1.0299999999999974,-4.3338249307568506e-08,-4.3338666678583804e-08,1.000000085835369,1.0000000897155206,-1.16336668738815e-05,-1.1633814642171665e-05,1.6847623459638053e-07,1.6847785749360953e-07,4.5232618113756085e-05,4.523319282777547e-05
1.0309999999999973,-5.604779834346757e-08,-5.604838464345222e-08,1.0000000867964747,1.0000000918153444,-1.3785431197916616e-05,-1.3785621287565166e-05,2.1789398544857425e-07,2.1789626541035283e-07,5.360288359063133e-05,5.360362300571114e-05
1.0319999999999971,-7.099506215027891e-08,-7.099586322271194e-08,1.0000000879169426,1.0000000942753096,-1.6109096415706058e-05,-1.6109335870954256e-05,2.760170759674772e-07,2.760201914253989e-07,6.264329744717457e-05,6.264422902438102e-05
1.032999999999997,-8.835077610402156e-08,-8.835184505588415e-08,1.0000000892090588,1.0000000971230951,-1.8602331491779246e-05,-1.8602627795390166e-05,3.4351129701680945e-07,3.4351545472641707e-07,7.234514465148992e-05,7.23462975776553e-05
1.033999999999997,-1.082833558785355e-07,-1.0828475350882084e-07,1.0000000906849529,1.0000001003860317,-2.1262828057248618e-05,-2.12631891104832e-05,4.2103378108615443e-07,4.210392178153947e-07,8.269982348720004e-05,8.270122860029995e-05
1.0349999999999968,-1.3095891996476634e-07,-1.3096071517323767e-07,1.0000000923565997,1.0000001040911055,-2.408830011521308e-05,-2.4088734218350428e-05,5.092331148700553e-07,5.092400990142535e-07,9.369884408060162e-05,9.370053379741748e-05
1.0359999999999967,-1.5654131189736673e-07,-1.5654358207410077e-07,1.0000000942358223,1.0000001082649626,-2.707648374998771e-05,-2.7076999583375784e-05,6.087494503838317e-07,6.087582835094397e-07,0.00010533382694695117,0.00010533583519295503
1.0369999999999966,-1.8519212219241566e-07,-1.8519495358865531e-07,1.0000000963342928,1.0000001129339133,-3.0225136840110125e-05,-3.022574344573333e-05,7.202146146351237e-07,7.202256329544339e-07,0.00011759650155563286,0.00011759886369703335
1.0379999999999965,-2.17070710000008e-07,-2.1707419808083448e-07,1.000000098663535,1.0000001181239369,-3.353203877507453e-05,-3.353274553862499e-05,8.44252217869922e-07,8.442657936488772e-07,0.00013047870491396371,0.0001304814576918533
1.0389999999999964,-2.523342244754178e-07,-2.5233847425473935e-07,1.0000001012349262,1.0000001238606848,-3.699499017574507e-05,-3.699580680918479e-05,9.814777604116009e-07,9.814943033127737e-07,0.00014397238016939425,0.0001439755616359398
1.0399999999999963,-2.911376258708832e-07,-2.9114275222601023e-07,1.000000104059695,1.000000130169473,-4.061181261518568e-05,-4.061274913335692e-05,1.1324987381049654e-06,1.1325186964551898e-06,0.0001580695752173347,0.00015807322464889232
1.0409999999999962,-3.33633706353047e-07,-3.3363983431896306e-07,1.0000001071489184,1.000000137075272,-4.4380348349141984e-05,-4.4381415052548734e-05,1.2979147463889027e-06,1.2979386083720926e-06,0.00017276244135053982,0.00017276659918491342
1.041999999999996,-3.799731105529726e-07,-3.7998037560311433e-07,1.0000001105135283,1.0000001446027251,-4.829846005070915e-05,-4.829966751575383e-05,1.4783175830285353e-06,1.4783458778303495e-06,0.00018804323192872526,0.00018804793973160037
1.042999999999996,-4.3030435584926393e-07,-4.3031290416364157e-07,1.0000001141643178,1.0000001527761655,-5.2364030541873516e-05,-5.236538960530069e-05,1.6742913495128207e-06,1.6743246484205254e-06,0.00020390430103984548,0.00020390960144875118
1.0439999999999958,-4.847738523860098e-07,-4.847838411039861e-07,1.000000118111943,1.00000016161962,-5.657496253161823e-05,-5.657648427538847e-05,1.8864125511281192e-06,1.8864514685752974e-06,0.00022033810219075132,0.00022034403886079254
1.0449999999999957,-5.435259228305343e-07,-5.435375202886874e-07,1.0000001223669244,1.0000001711568127,-6.0929178357430935e-05,-6.093087409401387e-05,2.115250195730923e-06,2.1152953902887776e-06,0.00023733718701485687,0.00023734380456616786
1.0459999999999956,-6.067028218743344e-07,-6.067162078298169e-07,1.00000012693965,1.00000018141117,-6.542461973016937e-05,-6.54265009882452e-05,2.361365891236649e-06,2.3614180665535945e-06,0.0002548942039965948,0.0002549015479634657
1.0469999999999955,-6.744447554805398e-07,-6.744601213203396e-07,1.0000001318403748,1.000000192405823,-7.005924748224129e-05,-7.006132599280024e-05,2.625313941841168e-06,2.6253738475323636e-06,0.0002730018972124428,0.00027301001399407247
1.0479999999999954,-7.468898998811883e-07,-7.469074488176824e-07,1.000000137079225,1.0000002041636118,-7.483104131905575e-05,-7.483332900188529e-05,2.907641442991542e-06,2.9077098754799675e-06,0.0002916531050883052,0.00029166204190113516
1.0489999999999953,-8.241744203275678e-07,-8.241943675807516e-07,1.0000001426661977,1.0000002167070894,-7.973799957370328e-05,-7.974050852425312e-05,3.208888375122214e-06,3.2089661784328466e-06,0.00031084075917303894,0.00031085056400462343
1.0499999999999952,-9.064324895923507e-07,-9.064550625546368e-07,1.0000001486111547,1.0000002300585076,-8.477813895586256e-05,-8.478088142351737e-05,3.529587696155163e-06,3.529675762646246e-06,0.0003305578828928595,0.00033056860442217577
1.050999999999995,-9.937963062308765e-07,-9.938217446145334e-07,1.0000001549238156,1.0000002442398037,-8.994949432118906e-05,-8.99524826962757e-05,3.870265432796215e-06,3.870364703827919e-06,0.0003507975903892438,0.00035080927794116997
1.051999999999995,-1.0863961126139146e-06,-1.0864246685904144e-06,1.000000161613768,1.0000002592726216,-9.525011844488733e-05,-9.52533652554861e-05,4.231440770679163e-06,4.2315522372559375e-06,0.0003715530853766524,0.00037156578891486754
1.0529999999999948,-1.1843602127263872e-06,-1.184392151058317e-06,1.0000001686904783,1.0000002751783332,-0.00010067808178005796,-0.00010068159968031923,4.613626143339496e-06,4.613750846728732e-06,0.0003928176599440132,0.0003928314300307203
1.0539999999999947,-1.287814989730368e-06,-1.287850587891824e-06,1.000000176163293,1.000000291978042,-0.00010623147222790342,-0.00010623527398669492,5.017327320014438e-06,5.017466352325516e-06,0.0004145846934058719,0.000414599581162849
1.0549999999999946,-1.3968849232997793e-06,-1.3969244715855694e-06,1.0000001840414405,1.0000003096925858,-0.00011190839491091946,-0.0001119124934007957,5.443043492301609e-06,5.443197997026647e-06,0.0004368476511684699,0.0004368637082394115
1.0559999999999945,-1.5116926067297557e-06,-1.5117364083537267e-06,1.0000001923340325,1.000000328342541,-0.00011770697194903322,-0.00011771138013551875,5.891267359691121e-06,5.8914385322086865e-06,0.00045960008361055436,0.0004596173621246669
1.0569999999999944,-1.632358763823597e-06,-1.6324071350064002e-06,1.0000002010500653,1.0000003479482251,-0.00012362534223864984,-0.00012363007316982822,6.3624852139857635e-06,6.362674302028793e-06,0.0004828356249787305,0.0004828541775155461
1.0579999999999943,-1.759002265560207e-06,-1.7590555356067996e-06,1.0000002101984216,1.000000368529701,-0.00012966166123456986,-0.0001296667280309705,6.857177022623712e-06,6.857385326712836e-06,0.0005065479922971667,0.0005065678718525408
1.0589999999999942,-1.891740146544862e-06,-1.8917986579120424e-06,1.0000002197878717,1.0000003901067789,-0.00013581410073474018,-0.0001358195165795152,7.375816510918028e-06,7.376045384761469e-06,0.0005307309842914669,0.000530752244244725
1.059999999999994,-2.0306876212391697e-06,-2.0307517295836813e-06,1.0000002298270645,1.0000004126989945,-0.00014208084865387536,-0.0001420866267637623,7.918871243199638e-06,7.919122094022468e-06,0.0005553784802717519,0.0005554011742772729
1.060999999999994,-2.175958099979667e-06,-2.17602817418675e-06,1.0000002403245178,1.0000004363255859,-0.00014846010882711957,-0.000148466262442375,8.486802702903878e-06,8.487076991706102e-06,0.0005804844391367297,0.0005805086210899926
1.0619999999999938,-2.327663204801995e-06,-2.3277396270141256e-06,1.000000251288631,1.0000004610055233,-0.000154950100817536,-0.00015495664321237647,9.080066371670188e-06,9.080365613491228e-06,0.0006060428983958921,0.0006060686224802623
1.0629999999999937,-2.4859127850597543e-06,-2.4859959507062645e-06,1.0000002627276976,1.000000486757539,-0.00016154905969798227,-0.0001615560041719015,9.699111807415041e-06,9.699437571607439e-06,0.0006320479730938125,0.0006320752937521572
1.0639999999999936,-2.650814932833488e-06,-2.650905250651627e-06,1.0000002746499062,1.00000051360013,-0.0001682552358494854,-0.00016826259571882442,1.0344382721363015e-05,1.0344736631838231e-05,0.0006584938548021365,0.0006585228267094278
1.0649999999999935,-2.8224759981393492e-06,-2.8225738901870395e-06,1.0000002870633422,1.0000005415515612,-0.00017506689476223683,-0.0001750746833520004,1.101631705407642e-05,1.1016700789523719e-05,0.0006853748106246707,0.0006854054886615488
1.0659999999999934,-3.0010006039400544e-06,-3.001106505600583e-06,1.0000002999759894,1.0000005706298685,-0.00018198231683917338,-0.00018199054747508606,1.1715347050496455e-05,1.1715762344575827e-05,0.0007126851822153996,0.0007127176214426685
1.0669999999999933,-3.186491660960696e-06,-3.1866060209395793e-06,1.0000003133957307,1.0000006008528615,-0.00018899979720211012,-0.0001890084832029063,1.2441899334008787e-05,1.2442347975518807e-05,0.0007404193848092643,0.0007404536404432924
1.0679999999999932,-3.3790503823119476e-06,-3.3791736626261993e-06,1.00000032733035,1.0000006322381263,-0.00019611764550039285,-0.00019612680017033407,1.3196394979546186e-05,1.3196878812567721e-05,0.0007685719062655356,0.0007686080336545358
1.068999999999993,-3.5787762979231624e-06,-3.5789089738831915e-06,1.0000003417875325,1.0000006648030286,-0.00020333418572203666,-0.00020334382234365065,1.3979249585740763e-05,1.397977050975738e-05,0.0007971373061236186,0.0007971753607247809
1.069999999999993,-3.785767268778089e-06,-3.78590982894619e-06,1.0000003567748543,1.0000006985646812,-0.00021064775598781603,-0.00021065788778234658,1.4790873346099506e-05,1.4791433316031046e-05,0.0008261102145938662,0.0008261502518225513
1.0709999999999928,-4.0001195009651306e-06,-4.000272447090354e-06,1.00000037229977,1.000000733539913,-0.0002180567083862676,-0.0002180673485059806,1.5631671119252832e-05,1.5632272145401103e-05,0.0008554853317127882,0.0008555274069175627
1.0719999999999927,-4.221927559564334e-06,-4.222091406526464e-06,1.0000003883696267,1.0000007697453068,-0.0002255594088121397,-0.00022557057036623972,1.650204249836658e-05,1.6502686646402727e-05,0.0008852574265147067,0.0008853015950856877
1.0729999999999926,-4.451284382354239e-06,-4.451459658117551e-06,1.0000004049916797,1.0000008071972375,-0.00023315423676766945,-0.00023316593281593387,1.740238187965321e-05,1.7403071270649538e-05,0.0009154213360585504,0.0009154676534079353
1.0739999999999925,-4.6882812933309115e-06,-4.688468538891659e-06,1.000000422173093,1.000000845911875,-0.00024083958518567644,-0.00024085182873228187,1.83330785299542e-05,1.8333815340396885e-05,0.0009459719645434332,0.0009460204860867579
1.0749999999999924,-4.933008016051227e-06,-4.933207785379046e-06,1.0000004399209401,1.0000008859051865,-0.0002486138602549557,-0.00024862666424249147,1.9294516653443777e-05,1.929530311522718e-05,0.0009769042824357265,0.0009769550635738305
1.0759999999999923,-5.185552686802675e-06,-5.185765546776093e-06,1.0000004582422064,1.0000009271929393,-0.00025647548124793976,-0.00025648885855160327,2.0287075457465377e-05,2.0287913857868672e-05,0.0010082133256074763,0.0010082664217091544
1.0769999999999922,-5.446001867601945e-06,-5.44622839793818e-06,1.0000004771437891,1.0000009697907029,-0.0002644228803506,-0.0002644368437725699,2.1311129217512124e-05,2.1312021899158917e-05,0.0010398941944860184,0.0010399496608713371
1.077999999999992,-5.714440559024524e-06,-5.714681352203735e-06,1.000000496632499,1.0000010137138522,-0.0002724545024945589,-0.0002724690647585405,2.2367047341362456e-05,2.2367996702164037e-05,0.0010719420532146445,0.0010719999451389054
1.078999999999992,-5.990952212867496e-06,-5.991207874051666e-06,1.0000005167150612,1.0000010589775694,-0.00028056880519138435,-0.00028058397893732307,2.345519443238187e-05,2.3456202925464745e-05,0.0011043521288241784,0.0011044125014625077
1.0799999999999919,-6.275618744633137e-06,-6.275889891559723e-06,1.0000005373980991,1.0000011055968052,-0.00028876425833989733,-0.00028878005607878976,2.4575930351943364e-05,2.457700048548158e-05,0.001137119710298811,0.0011371826185711613
1.0809999999999917,-6.568520545849788e-06,-6.568807808699955e-06,1.0000005586881187,1.0000011535862403,-0.00029703934409340413,-0.00029705577820167395,2.572961028103441e-05,2.57307446179857e-05,0.0011702401478832856,0.0011703056464370722
1.0819999999999916,-6.869736496261545e-06,-6.87004051754331e-06,1.0000005805915262,1.0000012029603302,-0.0003053925567301101,-0.00030540963948503505,2.69165847811788e-05,2.6917785939085548e-05,0.0012037088524054955,0.0012037769957626242
1.0829999999999915,-7.179343975859922e-06,-7.179665410306707e-06,1.000000603114648,1.0000012537333498,-0.0003138224024666439,-0.0003138401460417601,2.813719985456835e-05,2.813847050542565e-05,0.0012375212943735966,0.0012375921369175836
1.0839999999999914,-7.497368765204159e-06,-7.497758391209333e-06,1.0000006262637744,1.0000013059193953,-0.0003222271762218302,-0.0003223458157634929,2.939160224142314e-05,2.939313987346627e-05,0.0012712834793359848,0.001271746599163656
1.0849999999999913,-7.823735599209798e-06,-7.824393888174869e-06,1.000000650045203,1.0000013595323864,-0.0003305064917894462,-0.0003309251781675771,3.067954724950373e-05,3.068213115799265e-05,0.0013046065368251941,0.001306235969889111
1.0859999999999912,-8.158319590963411e-06,-8.15964486438165e-06,1.0000006744651946,1.000001414586069,-0.00033866149171778273,-0.0003395767742459857,3.200059860695895e-05,3.200577708986388e-05,0.0013374961780852357,0.001341055893853347
1.086999999999991,-8.500996988670642e-06,-8.50358282966275e-06,1.0000006995299304,1.0000014710940168,-0.00034669330369667655,-0.000348299156316213,3.3354325716045064e-05,3.336440607301119e-05,0.0013699580400869937,0.0013762020724412667
1.087999999999991,-8.851645160894333e-06,-8.856277851757908e-06,1.0000007252455136,1.000001529069634,-0.00035460304075070787,-0.0003570908878741021,3.474030357933554e-05,3.475834224069549e-05,0.001401997686493956,0.001411670262927334
1.0889999999999909,-9.21014258198463e-06,-9.217798567419251e-06,1.0000007516179696,1.0000015885261573,-0.00036239180142988686,-0.0003659505434485837,3.6158112726890216e-05,3.618790551103375e-05,0.0014336206086153914,0.0014474562777491906
1.0899999999999908,-9.576368817684871e-06,-9.58821219333501e-06,1.0000007786532301,1.0000016494766164,-0.000370060669970595,-0.0003748767083829316,3.760733914431599e-05,3.765341164165129e-05,0.0014648322262361651,0.0014835559834858914
1.0909999999999906,-9.950204510925277e-06,-9.967584536910437e-06,1.0000008063571164,1.0000017119337954,-0.0003776107165102173,-0.00038386797876792194,3.908757420176506e-05,3.915517228361977e-05,0.001495637888661971,0.0015199653004510797
1.0919999999999905,-1.033153136782882e-05,-1.0355980006983748e-05,1.0000008347353588,1.0000017759102775,-0.0003850429972968682,-0.0003929229613787028,4.059841458396791e-05,4.0693495034997727e-05,0.001526042875743727,0.0015566802023048287
1.0929999999999904,-1.0720232143898411e-05,-1.0753461624403688e-05,1.0000008637936146,1.0000018414184884,-0.0003923585548423128,-0.000402040273461175,4.2139462221173924e-05,4.226868349367927e-05,0.0015560523986682994,0.0015936967150582636
1.0939999999999903,-1.1116190630369857e-05,-1.1160091032432233e-05,1.0000008935374696,1.0000019084706988,-0.0003995584181005799,-0.00041121854259591745,4.371032422093374e-05,4.388103730940497e-05,0.0015856716008513297,0.0016310109163931272
1.0949999999999902,-1.1519291640742273e-05,-1.1575928507012132e-05,1.0000009239724386,1.000001977079026,-0.0004066436026442525,-0.0004204564065638804,4.531061280076863e-05,4.553085223509663e-05,0.001614905558818455,0.0016686189349901831
1.09599999999999,-1.1929420997483633e-05,-1.2001032966900982e-05,1.0000009551039664,1.0000020472554365,-0.0004136151108384672,-0.0004297525132138223,4.69399452217154e-05,4.721842017752489e-05,0.0016437592830750734,0.0017065169498663429
1.09699999999999,-1.2346465518909192e-05,-1.2435461983673627e-05,1.0000009869374287,1.0000021190117472,-0.00042047393201265134,-0.0004391055203314684,4.8597943722735337e-05,4.894402924731826e-05,0.0016722377189648037,0.0017447011897204015
1.0979999999999899,-1.2770313006230531e-05,-1.2879271791594545e-05,1.0000010194781332,1.0000021923596272,-0.00042722104263002823,-0.000448514095510369,5.028423545597613e-05,5.07079638083221e-05,0.0017003457475167866,0.0017831679322872732
1.0989999999999898,-1.3200852230773005e-05,-1.3332517297361948e-05,1.0000010527313203,1.0000022673106006,-0.00043385740645491823,-0.00045797691602443417,5.199845242287551e-05,5.251050452631605e-05,0.0017280881862819708,0.001821913503700614
1.0999999999999897,-1.3637972921341993e-05,-1.3795252089670254e-05,1.0000010867021376,1.0000023438759906,-0.0004403839746830576,-0.0004674926685921768,5.374023141102274e-05,5.435192841687279e-05,0.0017554697900124955,0.0018609342774128664
1.1009999999999895,-1.40815657517543e-05,-1.4267528448647384e-05,1.0000011213956153,1.0000024220668662,-0.0004468016861415573,-0.00047706004936208215,5.550921393184394e-05,5.6232508892589946e-05,0.0017824952516299092,0.001900226674021452
1.1019999999999894,-1.4531522328566755e-05,-1.4749397355279064e-05,1.0000011568166933,1.0000025018941014,-0.0004531114674833533,-0.0004866777639012768,5.7305046159244525e-05,5.815251581015734e-05,0.0018091692031712596,0.0019397871611133344
1.1029999999999893,-1.49877351789635e-05,-1.524090850071162e-05,1.0000011929702495,1.0000025833684352,-0.0004593142333101376,-0.0004963445269638343,5.9127378869046614e-05,6.011221551681739e-05,0.0018354962164329144,0.001979612252206761
1.1039999999999892,-1.5450097738783104e-05,-1.5742110295379224e-05,1.0000012298610992,1.0000026665004718,-0.0004654108863290658,-0.0005060590623713725,6.097586737914002e-05,6.211187089599787e-05,0.0018614808037538957,0.0020196985061542118
1.104999999999989,-1.5918504340701352e-05,-1.6253049878012512e-05,1.000001267493997,1.0000027513006842,-0.00047140231750742817,-0.0005158201028952015,6.285017149041148e-05,6.415174141235153e-05,0.0018871274187890314,0.0020600425265531012
1.105999999999989,-1.639285020256772e-05,-1.6773773124530114e-05,1.0000013058736374,1.0000028377794146,-0.00047728940622530973,-0.0005256263901400028,6.474995542844202e-05,6.623208315621015e-05,0.001912440457272055,0.0021006409611641383
1.1069999999999889,-1.6873031415893506e-05,-1.7304324656814625e-05,1.000001345004655,1.0000029259468761,-0.0004830730204262654,-0.0005354766744290195,6.667488778596244e-05,6.835314888746083e-05,0.0019374242577687856,0.0021414905013372424
1.1079999999999888,-1.7358944934489656e-05,-1.7844747851374503e-05,1.0000013848916258,1.0000030158131552,-0.0004887540167660366,-0.000545369714690737,6.86246414660571e-05,7.051518807885192e-05,0.0019620831024205164,0.0021825878814449168
1.1089999999999887,-1.785048856325234e-05,-1.839508484789339e-05,1.000001425539068,1.0000031073882125,-0.0004943332407593344,-0.000555304278347037,7.059889362610622e-05,7.271844695873587e-05,0.0019864212176777386,0.0022239298783229846
1.1099999999999886,-1.8347560947082193e-05,-1.895537655762398e-05,1.0000014669514201,1.000003200681841,-0.000499811526900367,-0.0005652791411141483,7.259732562240387e-05,7.496316855307186e-05,0.002010442774917567,0.002265513310349002
1.1109999999999884,-1.8850061559948285e-05,-1.9525662671672263e-05,1.0000015091330217,1.0000032957036245,-0.0005051896988318136,-0.0005752930869824163,7.461962295549803e-05,7.724959272687902e-05,0.0020341518912707543,0.002307335037265313
1.1119999999999883,-1.9357890694118878e-05,-2.0105981669262556e-05,1.0000015520881347,1.0000033924629845,-0.0005104685695093706,-0.0005853449081981688,7.66654752163489e-05,7.957795622551933e-05,0.002057552630430977,0.002349391960015307
1.1129999999999882,-1.9870949449531533e-05,-2.0696370825895716e-05,1.0000015958209674,1.000003490969225,-0.0005156489413159417,-0.000595433405068151,7.873457603318519e-05,8.194849271544725e-05,0.002080649003241614,0.0023916810198405546
1.113999999999988,-2.0389139723289065e-05,-2.129686622135717e-05,1.0000016403356746,1.0000035912315342,-0.0005207316061991253,-0.0006055573858547561,8.08266230189975e-05,8.4361432824246e-05,0.002103444968383005,0.002434199197756937
1.114999999999988,-2.0912364199292085e-05,-2.1907502747620856e-05,1.0000016856363585,1.000003693258986,-0.0005257173458069152,-0.0006157156666726148,8.294131771971439e-05,8.681700418014326e-05,0.0021259444330507795,0.002476943514037576
1.115999999999988,-2.144052633800636e-05,-2.2528314116650427e-05,1.0000017317270693,1.000003797060542,-0.0005306069316216371,-0.0006259070713865299,8.507836556305246e-05,8.931543145101328e-05,0.0021481512536253625,0.00251991102770249
1.1169999999999878,-2.197353036636325e-05,-2.315933286809906e-05,1.0000017786118058,1.000003902645052,-0.000535401125092143,-0.0006361304315107364,8.723747580803153e-05,9.185693638287197e-05,0.0021700692363327773,0.0025630988360148734
1.1179999999999877,-2.2511281267791462e-05,-2.3800590376909163e-05,1.0000018262945163,1.0000040100212562,-0.0005401006777642878,-0.0006463845861094696,8.941836149514635e-05,9.444173783787137e-05,0.0021917021378968574,0.002606504073983926
1.1189999999999876,-2.305368477237846e-05,-2.4452116860813312e-05,1.0000018747790986,1.0000041191977858,-0.0005447063314097089,-0.0006566683816988264,9.162073939718627e-05,9.70700518318004e-05,0.0022130536661829794,0.002650123913874142
1.1199999999999875,-2.3600647347144738e-05,-2.5113941387662063e-05,1.000001924069369,1.0000042301830934,-0.0005492188181228493,-0.0006669806719986727,9.384432997062422e-05,9.974209157077656e-05,0.0022341274806929362,0.0026939555640781918
1.1209999999999873,-2.4152076186445517e-05,-2.5786091882655882e-05,1.0000019741690294,1.0000043429853824,-0.0005536388604787116,-0.000677320317988964,9.608885730764056e-05,0.00010245806748745593,0.0022549271933397447,0.0027379962692805396
1.1219999999999872,-2.470787920252761e-05,-2.646859513563411e-05,1.0000020250817026,1.0000044576126828,-0.0005579671716854721,-0.0006876861879674957,9.835404908891203e-05,0.0001052181872774136,0.0022754563692031974,0.002782243310634777
1.1229999999999871,-2.526796501620815e-05,-2.7161476808269882e-05,1.0000020768109652,1.0000045740729246,-0.0005622044556756027,-0.0006980771573040439,0.00010063963653701194,0.00010802265593505606,0.002295718526996632,0.002826694004650136
1.123999999999987,-2.58322429476592e-05,-2.7864761441096122e-05,1.0000021293603485,1.0000046923739399,-0.0005663514072264956,-0.000708492108348434,0.0001029453543703452,0.00011087167578874704,0.0023157171396698986,0.0028713457027318345
1.124999999999987,-2.6400623007312207e-05,-2.857847246044024e-05,1.0000021827333387,1.0000048125234633,-0.0005704087120795198,-0.0007189299303398046,0.0001052709407576824,0.00011376544653547665,0.002335455635004489,0.0029161957907273893
1.1259999999999868,-2.6973015886880733e-05,-2.9302632185268668e-05,1.0000022369333785,1.0000049345291337,-0.0005743770470575299,-0.0007293895193170504,0.0001076161372732851,0.00011670416527507975,0.0023549373962009255,0.002961241688478828
1.1269999999999867,-2.754933295049992e-05,-3.0037261833942407e-05,1.0000022919638663,1.0000050583984954,-0.0005782570801808465,-0.0007398697780304279,0.00010998068885261482,0.00011968802654400953,0.0023741657624585157,0.003006480849380719
1.1279999999999866,-2.8129486225981208e-05,-3.078238153088478e-05,1.0000023478281577,1.0000051841389992,-0.0005820494707817293,-0.0007503696158543111,0.00011236434374861785,0.00012271722234867186,0.0023931440295475673,0.003051910759943947
1.1289999999999865,-2.8713388396180754e-05,-3.1538010313162476e-05,1.0000024045295657,1.0000053117580034,-0.0005857548696173608,-0.0007608879487010794,0.00011476685348857871,0.0001257919421983264,0.0024118754503741633,0.003097528939365153
1.1299999999999863,-2.9300952790472073e-05,-3.230416613692255e-05,1.0000024620713395,1.0000054412627213,-0.000589373918965278,-0.0007714236988190776,0.0001171879728314935,0.00012891237313730544,0.002430363235455428,0.003143332938592912
1.1309999999999862,-2.9892093376330144e-05,-3.3080865883745444e-05,1.0000025204566434,1.000005572660167,-0.0005929072527508614,-0.0007819757948267012,0.00011962745972599926,0.0001320786997768106,0.0024486105535560985,0.0031893203404174324
1.1319999999999861,-3.0486724751041203e-05,-3.386812536703233e-05,1.0000025796885799,1.0000057059572143,-0.0005963554966712572,-0.0007925431717470639,0.00012208507526893303,0.00013529110432680414,0.0024666205323114455,0.003235488759569659
1.132999999999986,-3.1084762133519796e-05,-3.466595933830983e-05,1.000002639770212,1.000005841160651,-0.0005997192682859236,-0.0008031247708079397,0.00012456058366442824,0.0001385497666274887,0.002484396258678949,0.003281835841799445
1.133999999999986,-3.168612135622399e-05,-3.547438149339435e-05,1.000002700704564,1.0000059782771815,-0.0006029991771224597,-0.0008137195393611005,0.00012705375218350138,0.00014185486418012456,0.002501940779467304,0.0033283592634722483
1.1349999999999858,-3.229071885717575e-05,-3.629340447847625e-05,1.0000027624946217,1.0000061173134276,-0.0006061958247810578,-0.0008243264308027018,0.0001295643511241643,0.0001452065721774462,0.0025192571018585463,0.0033750567311710685
1.1359999999999857,-3.289847167208508e-05,-3.7123039896124954e-05,1.0000028251433333,1.0000062582759288,-0.000609309805037598,-0.0008349444044947039,0.00013209215377205528,0.00014860506353368353,0.0025363481939233937,0.0034219259813035603
1.1369999999999856,-3.350929742657658e-05,-3.796329831121596e-05,1.0000028886536092,1.0000064011711438,-0.000612341703945402,-0.0008455724256873131,0.0001346369363615819,0.00015205050891419243,0.0025532169851298814,0.00346896477971425
1.1379999999999855,-3.412311432851711e-05,-3.881418925678083e-05,1.0000029530283232,1.000006546005452,-0.000615292099935664,-0.0008562094654424318,0.00013719847803756954,0.00015554307676470046,0.002569866366845388,0.0035161709213017956
1.1389999999999854,-3.4739841160443234e-05,-3.9675721239781096e-05,1.0000030182703123,1.0000066927851534,-0.0006181615639165756,-0.0008668545005581021,0.0001397765608174083,0.00015908293334017197,0.0025862991928321307,0.0035635422296412195
1.1399999999999852,-3.5359397272075945e-05,-4.0547901746717176e-05,1.0000030843823386,1.0000068415163879,-0.0006209506593488497,-0.0008775065133140583,0.0001423709695536276,0.00016267024273289676,0.002602518279606471,0.003611076555808363
1.1409999999999851,-3.598170257293376e-05,-4.143073724916418e-05,1.0000031513670504,1.0000069922050536,-0.000623659942366784,-0.0008881644915799519,0.00014498149189695985,0.00016630516690020918,0.0026185264070580213,0.003658771778816482
1.141999999999985,-3.660667752506443e-05,-4.232423320941558e-05,1.0000032192270234,1.0000071448568935,-0.0006262899618945489,-0.0008988274289228498,0.00014760791826001497,0.00016998786569264807,0.0026343263190522236,0.003706625806061326
1.142999999999985,-3.723424313587021e-05,-4.3228394086053755e-05,1.0000032879648004,1.0000072994775793,-0.0006288412597170121,-0.0009094943243534944,0.0001502500417814248,0.000173718496881755,0.002649920723767458,0.0037546365721525606
1.1439999999999848,-3.7864320951015014e-05,-4.4143223339358266e-05,1.0000033575828922,1.0000074560727132,-0.0006313143705725868,-0.0009201641822555294,0.0001529076582903881,0.00017749721618711125,0.0026653122941591592,0.003802802038559913
1.1449999999999847,-3.8496833047423746e-05,-4.506872343664385e-05,1.000003428083777,1.0000076146478283,-0.0006337098222448718,-0.0009308360123156444,0.00015558056627167663,0.00018132417730302316,0.002680503668417899,0.0038511201932639166
1.1459999999999846,-3.913170202637273e-05,-4.600489585752899e-05,1.0000034994699025,1.0000077752083893,-0.0006360281356530996,-0.0009415088294546287,0.00015826856683109634,0.00018519953192486073,0.0026954974504215107,0.003899589050411195
1.1469999999999845,-3.976885100666999e-05,-4.695174109913596e-05,1.0000035717436846,1.0000079377597941,-0.0006382698249414096,-0.00095218165375932,0.00016097146366139776,0.00018912342977505343,0.0027102962101813355,0.003948206649974228
1.1479999999999844,-4.0408203617924174e-05,-4.790925868122334e-05,1.0000036449075085,1.0000081023073737,-0.0006404353975669588,-0.0009628535104154385,0.00016368906300862976,0.0001930960186287483,0.002724902484282665,0.003996971057415541
1.1489999999999843,-4.1049683993901096e-05,-4.88774471512517e-05,1.0000037189637296,1.000008268856394,-0.0006425253543868886,-0.000973523429641293,0.00016642117363893083,0.00019711744433913422,0.0027393187763194576,0.0040458803633562565
1.1499999999999841,-4.1693216765961696e-05,-4.985630408932427e-05,1.000003793914649,1.0000084374120015,-0.0006445401897343089,-0.000984190446503845,0.00016916760680571748,0.00020118785086216436,0.0027535475572538406,0.0040949326827040096
1.150999999999984,-4.233872705658589e-05,-5.084582611306332e-05,1.000003869762491,1.0000086079791701,-0.0006464803915140812,-0.0009948536009742467,0.00017192817621730077,0.00020530738028095492,0.0027675912659127274,0.0041441261548771395
1.151999999999984,-4.298614047299069e-05,-5.184600888254172e-05,1.0000039465094266,1.0000087805627587,-0.0006483464412955251,-0.0010055119379825557,0.00017470269800499386,0.00020947617283041057,0.00278145230947343,0.004193458944034173
1.1529999999999838,-4.363538310083076e-05,-5.2856847105150386e-05,1.0000040241576005,1.000008955167566,-0.0006501388143846026,-0.0010161645072347823,0.000177490990691633,0.00021369436692153217,0.002795133063804838,0.00424292923820904
1.1539999999999837,-4.428638149797575e-05,-5.3878334540343176e-05,1.0000041027091295,1.000009131798332,-0.0006518579799053754,-0.0010268103631507924,0.0001802928751604727,0.000217962099165137,0.0028086358738745967,0.004292535249000612
1.1549999999999836,-4.493906268836864e-05,-5.491046400432008e-05,1.0000041821661037,1.0000093104597387,-0.0006535044008804038,-0.0010374485648030176,0.0001831081746244855,0.00022227950439527043,0.0028219630541509956,0.0043422752112662775
1.1559999999999835,-4.559335415596389e-05,-5.595322737464957e-05,1.000004262530586,1.0000094911564106,-0.0006550785343100989,-0.0010480781758559613,0.0001859367145960608,0.00022664671569231333,0.0028351168889996278,0.004392147382819501
1.1569999999999834,-4.624918383874446e-05,-5.7006615594830796e-05,1.000004343804614,1.0000096738929154,-0.0006565808312510438,-0.001058698264506493,0.00018877832285709806,0.00023106386440578872,0.0028480996330748918,0.00444215004413131
1.1579999999999833,-4.6906480122816634e-05,-5.80706186787965e-05,1.0000044259901986,1.0000098586737651,-0.0006580117368932961,-0.0010693079034249156,0.0001916328294294887,0.0002355310801768722,0.002860913511706402,0.00449228149803567
1.1589999999999832,-4.756517183658162e-05,-5.914522571535736e-05,1.0000045090893255,1.0000100455034162,-0.0006593716906366847,-0.0010799061696968025,0.0001945000665459821,0.00024004849096060938,0.002873560721280377,0.00454254006943868
1.159999999999983,-4.8225188244976715e-05,-6.023042487248271e-05,1.0000045931039072,1.0000102343861723,-0.0006606611261535079,-0.0010904921445538994,0.00019737986862136927,0.00024461622304734076,0.0028860434294940133,0.004592924104024032
1.160999999999983,-4.88864590437923e-05,-6.132620340152596e-05,1.0000046780357357,1.0000104253260886,-0.0006618804714776721,-0.0011010649135325963,0.00020027207222404395,0.000249234401083844,0.0028983637758553367,0.004643431968982447
1.1619999999999828,-4.954891435407576e-05,-6.243254764160686e-05,1.0000047638865324,1.0000106183270725,-0.0006630301490892326,-0.0011116235666292125,0.0002031765160480559,0.0002539031480952076,0.0029105238721685747,0.004694062053744672
1.1629999999999827,-5.021248471660704e-05,-6.354944302393656e-05,1.0000048506579964,1.0000108133929835,-0.0006641105759733355,-0.0011221671980301798,0.00020609304088552564,0.0002586225855064238,0.002922525802770873,0.0047448127686877655
1.1639999999999826,-5.0877101086439554e-05,-6.467687407598043e-05,1.0000049383518057,1.0000110105276343,-0.000665122163691683,-0.0011326949060575593,0.00020902148959935584,0.000263392833163199,0.0029343716248895263,0.004795682544862711
1.1649999999999825,-5.154269482751193e-05,-6.581482442556684e-05,1.0000050269696164,1.0000112097347909,-0.0006660653184530694,-0.001143205793115265,0.0002119617070962979,0.00026821400935249314,0.0029460633689945667,0.0048466698337255665
1.1659999999999824,-5.220919770732996e-05,-6.696327680494247e-05,1.0000051165130635,1.000011411018173,-0.000666940441183,-0.0011536989656359884,0.00021491354030036855,0.000273086230822792,0.0029576030391467627,0.004897773106872113
1.1669999999999823,-5.287654189171766e-05,-6.812221305477487e-05,1.0000052069837615,1.000011614381456,-0.0006677479275924041,-0.0011641735340288104,0.00021787683812661248,0.00027800961280411606,0.002968992613341096,0.004948990855775956
1.1679999999999822,-5.354465993963659e-05,-6.929161412810302e-05,1.000005298383304,1.0000118198282693,-0.0006684881682454552,-0.001174628612627498,0.00022085145145520592,0.00028298426902776904,0.002980234043845769,0.005000321591530024
1.168999999999982,-5.4213484798072574e-05,-7.047146009423651e-05,1.0000053907132644,1.0000120273621989,-0.0006691615486265082,-0.0011850633196394693,0.0002238372331058972,0.0002880103117458298,0.0029913292575368057,0.00505176384459144
1.169999999999982,-5.488294979698716e-05,-7.166173014254148e-05,1.0000054839751675,1.000012236986728,-0.000669768449202661,-0.0011954767769704823,0.0002268340378127481,0.0002930878517500811,0.0030022801561650305,0.005103316163911166
1.1709999999999818,-5.5552988644335316e-05,-7.286240258617784e-05,1.0000055781704622,1.0000124487051796,-0.0006703092454936537,-0.0012058681103022234,0.0002298417221992049,0.00029821699839069056,0.0030130886167485404,0.005154977117307829
1.1719999999999817,-5.6223535421151616e-05,-7.407345486591278e-05,1.0000056733005502,1.0000126625207777,-0.0006707843081389422,-0.001216236449167674,0.00023286014475355714,0.0003033978595952663,0.0030237564919559402,0.005206745291843601
1.1729999999999816,-5.689452457669973e-05,-7.529486355388457e-05,1.0000057693668156,1.000012878436707,-0.0006711940029572823,-0.0012265809267758975,0.00023588916580471458,0.00030863054188766663,0.003034285610358962,0.005258619292957046
1.1739999999999815,-5.756589092368308e-05,-7.652660435725464e-05,1.0000058663706244,1.0000130964561138,-0.0006715386910094275,-0.0012369006799642357,0.00023892864749826699,0.0003139151504062572,0.003044677776745871,0.005310597744224142
1.1749999999999814,-5.82375696335178e-05,-7.776865212181232e-05,1.0000059643133254,1.000013316582106,-0.0006718187286600118,-0.00124719484915113,0.00024197845377285532,0.0003192517889219305,0.003054934772430795,0.00536267928712241
1.1759999999999813,-5.890949623166712e-05,-7.902098083553267e-05,1.0000060631962502,1.0000135388177533,-0.0006720344676386272,-0.0012574625782895523,0.0002450384503368502,0.00032464055985589077,0.0030650583555590313,0.005414862580798109
1.1769999999999812,-5.9581606593036486e-05,-8.028356363208796e-05,1.000006163020713,1.0000137631660895,-0.0006721862551001075,-0.0012677030148210437,0.0002481085046453339,0.00033008156429720805,0.0030750502614083812,0.00546714630183646
1.177999999999981,-6.0253836937428555e-05,-8.155637279431365e-05,1.0000062637880118,1.0000139896301106,-0.0006722744336840269,-0.0012779153096303501,0.00025118848587738136,0.0003355749020201437,0.0030849122026865693,0.005519529144034857
1.178999999999981,-6.092612382505728e-05,-8.283937975762915e-05,1.0000063654994271,1.0000142182127765,-0.0006722993415734268,-0.0012880986170006475,0.000254278264913637,0.00034112067150125064,0.0030946458698247917,0.005572009818179025
1.1799999999999808,-6.159840415212059e-05,-8.413250499413543e-05,1.0000064681561736,1.0000144489169585,-0.0006722613125531654,-0.0012981518560119046,0.00025737771431413403,0.0003467187751441798,0.0031042529311692455,0.00562419746767926
1.1809999999999807,-6.227061514643149e-05,-8.54355685504492e-05,1.0000065717593496,1.0000146817453848,-0.0006721606760686455,-0.0013079752566156466,0.00026048670829640383,0.0003523687270377968,0.003113735033370339,0.005675706319554764
1.1819999999999806,-6.294269436310608e-05,-8.674834147126574e-05,1.0000066763099895,1.0000149167006929,-0.0006719977572805627,-0.0013175705850174092,0.00026360512271396923,0.00035806985279890715,0.00312309380176042,0.005726545202665909
1.1829999999999805,-6.361457968030655e-05,-8.807059655600016e-05,1.0000067818091143,1.0000151537854836,-0.0006717728771203788,-0.001326939584451438,0.00026673283503511527,0.00036382148681576203,0.003132330840531603,0.005776722831043853
1.1839999999999804,-6.42862092950394e-05,-8.940210833596559e-05,1.0000068882577315,1.0000153930023203,-0.000671486352345328,-0.0013360839754794308,0.00026986972432188643,0.0003696229721339759,0.003141447733010724,0.005826247805383906
1.1849999999999803,-6.495752171900842e-05,-9.0742653051848e-05,1.000006995656836,1.0000156343537312,-0.0006711384955927087,-0.0013450054562853969,0.0002730156712093572,0.0003754736603439276,0.0031504460419307222,0.005875128614519476
1.1859999999999802,-6.56284557745215e-05,-9.209200863147403e-05,1.0000071040074099,1.0000158778422084,-0.000670729615433468,-0.0013537057029666822,0.00027617055788517177,0.0003813729114696258,0.0031593273096984925,0.005923373636876855
1.18699999999998,-6.629895059045079e-05,-9.344995466786798e-05,1.0000072133104223,1.0000161234702087,-0.0006702600164250896,-0.001362186369821209,0.00027933426806935063,0.00038732009385901976,0.0031680930586592522,0.0059709911419110785
1.18799999999998,-6.696894559824523e-05,-9.481627239759409e-05,1.00000732356683,1.0000163712401546,-0.0006697299991637948,-0.001370449089630982,0.000282506686994359,0.00039331458407573685,0.003176744791357471,0.006017989291523125
1.1889999999999799,-6.763838052799516e-05,-9.619074467938054e-05,1.0000074347775776,1.0000166211544346,-0.0006691398603360632,-0.001378495473941907,0.00028568770138543494,0.00039935576679222775,0.0031852839907944067,0.006064376141458678
1.1899999999999797,-6.830719540454981e-05,-9.757315597296928e-05,1.0000075469435687,1.0000168732153374,-0.0006684898927732396,-0.001386327113235566,0.0002888771994411489,0.00040544303468399625,0.0031937121206335986,0.0061101596420783605
1.1909999999999796,-6.89753305436859e-05,-9.896329231824507e-05,1.000007660065639,1.0000171274249894,-0.0006677803854989499,-0.001393945577316013,0.0002920750708142172,0.0004115757883252165,0.0032020306255029427,0.006155347640362052
1.1919999999999795,-6.964272654832246e-05,-0.00010036094131474172,1.0000077741445845,1.0000173837854207,-0.0006670116237741707,-0.001401352415677285,0.0002952812065926135,0.0004177534360863211,0.0032102409312896566,0.006199947881847265
1.1929999999999794,-7.030932430478434e-05,-0.00010176589210141054,1.0000078891811917,1.0000176422986327,-0.0006661838891495758,-0.0014085491576603306,0.0002984954992809257,0.0004239753940329099,0.0032183444453347206,0.006243968011330385
1.1939999999999793,-7.097506497911603e-05,-0.00010317793533659826,1.000008005176236,1.0000179029665979,-0.0006652974595137941,-0.0014155373127151126,0.00030171784278193014,0.0004302410858256635,0.003226342556674099,0.006287415574176862
1.1949999999999792,-7.163989001344345e-05,-0.00010459686317828547,1.000008122130483,1.0000181657912606,-0.0006643526091410398,-0.0014223183706592996,0.0003049481323784056,0.00043654994262155915,0.003234236636276824,0.006330298017614368
1.195999999999979,-7.230374112238303e-05,-0.00010602246926458191,1.0000082400446888,1.0000184307745372,-0.000663349608738123,-0.0014288938019335958,0.00030818626471518397,0.0004429014029763709,0.003242028037279985,0.006372622692009142
1.196999999999979,-7.296656028949752e-05,-0.00010745454869447559,1.0000083589195992,1.000018697918317,-0.000662288725490849,-0.001435265057853749,0.0003114321377814343,0.00044929491274843834,0.0032497180952206603,0.006414396852125728
1.1979999999999789,-7.362828976379784e-05,-0.0001088928980088321,1.00000847875595,1.0000189672244615,-0.0006611702231098141,-0.0014414335708592821,0.00031468565089317707,0.00045572992500368637,0.003257308128264831,0.006455627658370338
1.1989999999999787,-7.428887205629055e-05,-0.00011033731517164124,1.000008599554468,1.0000192386948061,-0.000659994361875606,-0.0014474007547589905,0.00031794670467602613,0.00046220589992188054,0.0032647994374333197,0.006496322178018047
1.1999999999999786,-7.494824993657719e-05,-0.00011178759955143816,1.000008721315814,1.0000195123310418,-0.0006587613986976628,-0.0014531680048348546,0.0003212152010481125,0.0004687223047036197,0.0032721933067393536,0.006536487385460217
1.2009999999999785,-7.560636642949893e-05,-0.00011324355190297337,1.000008844040526,1.0000197881345998,-0.0006574715871458434,-0.0014587366982355583,0.0003244910432032314,0.0004752786134785564,0.003279491003498488,0.006576130164413289
1.2019999999999784,-7.626316481181099e-05,-0.00011470497434926164,1.0000089677290787,1.0000200661067722,-0.0006561251774782825,-0.0014641081943409838,0.0003277741355942951,0.000481874307215781,0.0032866937786289164,0.006615257310035871
1.2029999999999783,-7.691858860889915e-05,-0.00011617167036385724,1.0000090923819405,1.0000203462488317,-0.0006547224166980452,-0.001469283834850198,0.00033106438391699867,0.0004885088736353511,0.0032938028667782297,0.006653875529104528
1.2039999999999782,-7.757258159154591e-05,-0.00011764344475328804,1.0000092179995732,1.0000206285620319,-0.0006532635485954643,-0.0014742649440114093,0.0003343616950936553,0.0004951818071204851,0.0033008194865350427,0.006691991441163278
1.204999999999978,-7.822508777273861e-05,-0.00011912010363971821,1.000009344582433,1.0000209130476072,-0.000651748813789928,-0.0014790528288489365,0.0003376659772572418,0.0005018926086308958,0.0033077448406378693,0.00672961157965816
1.205999999999978,-7.887605140451913e-05,-0.00012060145444383629,1.0000094721309696,1.0000211997067736,-0.0006501784497711231,-0.0014836487793872227,0.00034097713973565134,0.0005086407856172534,0.0033145801161812817,0.006766742393057027
1.2069999999999779,-7.952541697487456e-05,-0.00012208730586796585,1.0000096006456267,1.0000214885407288,-0.000648552690939742,-0.0014880540688719378,0.0003442950930361517,0.0005154258519367593,0.003321326484819387,0.006803390245954792
1.2079999999999778,-8.017312920466827e-05,-0.00012357746787939594,1.0000097301268425,1.000021779550652,-0.0006468717686476606,-0.0014922699539882058,0.0003476197488300447,0.0005222473277698189,0.003327985102966658,0.00683956142016429
1.2089999999999776,-8.081913304461089e-05,-0.00012507175169392803,1.0000098605750487,1.000022072737705,-0.0006451359112375933,-0.0014962976750759922,0.0003509510199375261,0.0005291047395377975,0.003334557111996151,0.006875262115792954
1.2099999999999775,-8.146337367227638e-05,-0.00012656996975961006,1.0000099919906411,1.0000223681029614,-0.0006433453440933732,-0.0015001384562880772,0.0003542888203127216,0.0005359976198215963,0.003341043638394788,0.006910498451804442
1.2109999999999774,-8.210579648915722e-05,-0.00012807193574068562,1.0000101243739492,1.0000226656473399,-0.0006415002896683153,-0.0015037935058630706,0.0003576330650289184,0.0005429255072812956,0.003347445793998884,0.006945276467594275
1.2119999999999773,-8.274634711774713e-05,-0.00012957746450180797,1.0000102577252672,1.000022965371674,-0.0006396009675115041,-0.0015072640163816206,0.0003609836702640298,0.0005498879465773489,0.0033537646762239735,0.006979602124512257
1.2129999999999772,-8.338497139866107e-05,-0.0001310863720924552,1.0000103920448853,1.0000232672767837,-0.0006376475943163634,-0.0015105511649128223,0.00036434055328624754,0.0005568844882927901,0.0033600013682115104,0.00701348130637017
1.213999999999977,-8.402161538779815e-05,-0.0001325984757315196,1.0000105273330897,1.0000235713634766,-0.000635640383957799,-0.0015136561132159682,0.00036770363243986056,0.0005639146888562004,0.00336615693901453,0.007046919820450271
1.214999999999977,-8.465622535354148e-05,-0.0001341135937920974,1.0000106635901627,1.0000238776325465,-0.0006335795475288595,-0.0015165800079396728,0.00037107282713125825,0.0005709781104656759,0.0033722324437808946,0.007079923398500666
1.2159999999999769,-8.528874777399436e-05,-0.00013563154578647644,1.0000108008163826,1.0000241860847743,-0.0006314652933769189,-0.0015193239808184089,0.00037444805781511575,0.000578074321013785,0.0033782289239341567,0.007112497697717746
1.2169999999999768,-8.591912933425252e-05,-0.0001371521523513189,1.000010939012024,1.0000244967209284,-0.0006292978271393892,-0.0015218891488664873,0.00037782924598075886,0.0005852028940135018,0.0033841474073520697,0.0071446483017158415
1.2179999999999767,-8.65473169237117e-05,-0.0001386752352330369,1.0000110781773575,1.0000248095417648,-0.0006270773517789689,-0.0015242766145695135,0.0003812163141387063,0.0005923634085251019,0.003389988908542777,0.007176380721484265
1.2189999999999765,-8.71732576334104e-05,-0.00014020061727335834,1.00001121831265,1.000025124548027,-0.000624804067618432,-0.001526487466073355,0.00038460918580738706,0.00059955544908401,0.003395754428818709,0.007207700396331909
1.2199999999999764,-8.779689875342261e-05,-0.0001417281223950514,1.000011359418099,1.0000254417403065,-0.0006224781724059762,-0.0015285227773127658,0.0003880077854999926,0.0006067786056291461,0.003401444956392347,0.00723861269394042
1.2209999999999763,-8.841818777028549e-05,-0.00014325757558784224,1.0000115014937692,1.0000257611189058,-0.0006200998613198037,-0.0015303836082689113,0.00039141203871150145,0.0006140324734322207,0.0034070614666253944,0.007269122912208673
1.2219999999999762,-8.903707236442995e-05,-0.00014478880289457602,1.0000116445396574,1.0000260826839813,-0.0006176693269691203,-0.0015320710051986213,0.00039482187190594903,0.0006213166530288328,0.0034126049222697494,0.0072992362810158145
1.222999999999976,-8.965350040764344e-05,-0.00014632163139755036,1.0000117885557613,1.0000264064356843,-0.0006151867594578448,-0.0015335860007500582,0.00039823721250386126,0.0006286307501504486,0.0034180762735546884,0.00732895796221573
1.223999999999976,-9.026741996058095e-05,-0.00014785588920499524,1.0000119335420774,1.0000267323741616,-0.0006126523464171947,-0.0015349296141397239,0.0004016579888698135,0.0006359743756568174,0.0034234764583497513,0.007358293050521842
1.2249999999999759,-9.087877927030847e-05,-0.00014939140543772868,1.0000120794986023,1.0000270604995554,-0.0006100662730378499,-0.0015361028513271638,0.0004050841303001511,0.0006433471454692685,0.0034288064023255058,0.0073872465743804
1.2259999999999758,-9.148752676787825e-05,-0.00015092801021598598,1.000012226425332,1.000027390812003,-0.0006074287221016961,-0.0015371067051874001,0.00040851556701087,0.0006507486805048749,0.0034340670191122195,0.007415823496832421
1.2269999999999757,-9.209361106593567e-05,-0.00015246553464642025,1.0000123743222622,1.0000277233116375,-0.0006047398740131568,-0.0015379421556811204,0.0004119522301256543,0.0006581786066114733,0.0034392592104564705,0.007444028716364406
1.2279999999999756,-9.26969809563573e-05,-0.00015400381080927212,1.0000125231893884,1.0000280579985876,-0.0006019999068301173,-0.0015386101700226539,0.0004153940516640704,0.0006656365545035295,0.003444383866375719,0.007471867067748006
1.2289999999999754,-9.329758540791958e-05,-0.00015554267174570634,1.0000126730267056,1.0000283948729776,-0.0005992089962944455,-0.0015391117028457628,0.0004188409645299137,0.0006731221596988379,0.00344944186531087,0.00749934332286875
1.2299999999999753,-9.389537356400543e-05,-0.0001570819514453107,1.0000128238341823,1.000028733934864,-0.0005963673158772728,-0.001539447696362947,0.00042229290249969423,0.0006806350624558695,0.003454434074250226,0.007526462191194535
1.2309999999999752,-9.449029474034117e-05,-0.00015862148483376101,1.000012975611735,1.0000290751841736,-0.0005934750367941879,-0.0015396190805376745,0.0004257498002112724,0.000688174907711942,0.0034593613489060974,0.007553228320950366
1.2319999999999751,-9.50822984227477e-05,-0.00016016110776065172,1.0000131283592544,1.0000294186207686,-0.0005905323280188735,-0.0015396267732437146,0.00042921159315266916,0.0006957413450225447,0.0034642245338873767,0.0075796463002549795
1.232999999999975,-9.567133426492071e-05,-0.00016170065698748153,1.000013282076632,1.0000297642445095,-0.0005875393563271437,-0.001539471680415929,0.00043267821765102137,0.0007033340285014465,0.003469024462817001,0.007605720657548766
1.233999999999975,-9.625735208624705e-05,-0.00016323997017579227,1.0000134367637608,1.0000301120552564,-0.0005844962863255321,-0.001539154696205564,0.0004361496108616673,0.000710952616761406,0.003473761958474849,0.00763145586237001
1.2349999999999748,-9.684030186964957e-05,-0.0001647788858754618,1.000013592420534,1.000030462052868,-0.000581403280479508,-0.0015386767031335213,0.0004396257107573741,0.0007185967728556515,0.0034784378329387774,0.007656856326121039
1.2359999999999747,-9.742013375945998e-05,-0.00016631724351314937,1.0000137490468464,1.0000308142372025,-0.0005782604991413259,-0.0015380385722416365,0.00044310645611770537,0.0007262661642201242,0.003483052887723826,0.007681926402824411
1.2369999999999746,-9.79967980593194e-05,-0.0001678548833808912,1.0000139066425935,1.0000311686081171,-0.0005750681005775122,-0.0015372411632419878,0.0004465917865185271,0.000733960462616471,0.0034876079139196077,0.007706670389869262
1.2379999999999745,-9.857024523010615e-05,-0.00016939164662484432,1.0000140652076717,1.0000315251654681,-0.000571826240995995,-0.0015362853246642654,0.0004500816423216499,0.0007416793440757797,0.0034921036923259165,0.007731092528747943
1.2389999999999743,-9.914042588789059e-05,-0.00017092737523417706,1.000014224741978,1.000031883909111,-0.0005685350745728802,-0.0015351718940012212,0.0004535759646646061,0.0007494224888430452,0.003496540993586567,0.0077551970057830825
1.2399999999999742,-9.970729080194023e-05,-0.00017246191203012297,1.0000143852453411,1.0000322448387517,-0.0005651947535263854,-0.0015339016978906108,0.000457074695450529,0.0007571895813219999,0.0035009205782592116,0.0077789879521262895
1.2409999999999741,-0.00010027079089275187,-0.00017399510065518433,1.0000145467174515,1.0000326079538018,-0.0005618054280969076,-0.0015324755522321087,0.0004605777773381642,0.0007649803100206741,0.0035052431970112054,0.00780246944522224
1.241999999999974,-0.00010083087723006224,-0.0001755267855624399,1.0000147091579334,1.0000329732535282,-0.0005583672465238335,-0.001530894262279009,0.00046408515373207426,0.0007727943674983886,0.003509509590808856,0.00782564551020675
1.242999999999974,-0.00010138750103088334,-0.00017705681200498458,1.0000148725664157,1.000033340737205,-0.000554880355118349,-0.0015291586228103364,0.000467596768772969,0.0007806314503134216,0.003513720490980535,0.007848520119859186
1.2439999999999738,-0.00010194061365758677,-0.0001785850260255233,1.0000150369425311,1.0000337104041128,-0.0005513448982885199,-0.0015272694182670928,0.00047111256732813026,0.000788491258970993,0.0035178766193420426,0.00787109719528351
1.2449999999999737,-0.00010249016661601305,-0.0001801112744461002,1.0000152022859166,1.0000340822535383,-0.0005477610185640472,-0.00152522742288673,0.00047463249498196146,0.000796373497871925,0.003521978688320341,0.007893380606580437
1.2459999999999736,-0.00010303611155360542,-0.0001816354048579615,1.0000153685962132,1.0000344562847745,-0.0005441288566206996,-0.001523033400835874,0.00047815649802665944,0.0008042778752619706,0.0035260274010756785,0.007915374173510875
1.2469999999999735,-0.00010357840025756798,-0.0001831572656115501,1.0000155358730662,1.0000348324971209,-0.0005404485513044282,-0.001520688106341322,0.00048168452345300833,0.0008122041031818014,0.0035300234516221257,0.007937081666150722
1.2479999999999734,-0.00010411698465304778,-0.00018467670580663042,1.000015704116125,1.0000352108898831,-0.0005367202396551685,-0.0015181922838193365,0.00048521651894129267,0.0008201518974176453,0.0035339675249465422,0.007958506805537143
1.2489999999999732,-0.00010465181680134054,-0.0001861935752825417,1.0000158733250428,1.0000355914623729,-0.0005329440569303311,-0.0015155466680032567,0.0004887524328523289,0.000828120977452567,0.0035378602971259977,0.007979653264306451
1.2499999999999731,-0.0001051828488981316,-0.0001877077246085973,1.000016043499446,1.00003597421384,-0.000529120136651781,-0.0015127519841079487,0.0004922922142186018,0.0008361110664182384,0.0035417024354197587,0.008000524667036171
1.250999999999973,-0.00010571003327176024,-0.00018921900507461192,1.0000162146389049,1.0000363591434065,-0.000525248610605517,-0.0015098089479212474,0.0004958358127355161,0.0008441218910473408,0.003545494598408808,0.008021124591168704
1.251999999999973,-0.00010623332238148293,-0.0001907272686815145,1.0000163867429634,1.0000367462501347,-0.0005213296088398589,-0.0015067182658839264,0.0004993831787527865,0.0008521531816268773,0.0035492374361319854,0.008041456567904195
1.2529999999999728,-0.00010675266881575863,-0.00019223236813208032,1.0000165598111712,1.0000371355330966,-0.0005173632597115344,-0.0015034806352477086,0.0005029342632659389,0.0008602046719520848,0.0035529315901728924,0.008061524082510893
1.2539999999999727,-0.00010726802529056824,-0.00019373415682180157,1.0000167338430832,1.0000375269913728,-0.0005133496899076817,-0.0015000967441947965,0.0005064890179079103,0.0008682760992808016,0.0035565776937698727,0.008081330574922618
1.2549999999999726,-0.00010777934464775586,-0.0001952324888298769,1.0000169088382593,1.0000379206240533,-0.0005092890244675677,-0.0014965672719558462,0.0005100473949407575,0.0008763672042884272,0.0035601763719245623,0.008100879440328458
1.2559999999999725,-0.00010828657985339166,-0.00019672721891031804,1.0000170847962644,1.0000383164302362,-0.000505181386804022,-0.0014928928889264073,0.0005136093472474743,0.0008844777310234688,0.003563728241509028,0.008120174029754802
1.2569999999999724,-0.00010878968399615597,-0.00019821820248317216,1.0000172617166687,1.000038714409029,-0.0005010268987245932,-0.001489074256781849,0.0005171748283239146,0.0008926074268636661,0.0035672339113715125,0.008139217650639791
1.2579999999999723,-0.00010928861028574448,-0.00019970529562585848,1.000017439599047,1.0000391145595477,-0.0004968256804524298,-0.0014851120285907897,0.0005207437922708207,0.0009007560424726861,0.003570693982440804,0.008158013567400306
1.2589999999999721,-0.00010978331205129414,-0.0002011883550646174,1.0000176184429796,1.0000395168809166,-0.0004925778506468889,-0.0014810068489270521,0.0005243161937859557,0.000908923331757382,0.0035741090478292464,0.008176565001991572
1.259999999999972,-0.00011027374273986197,-0.0002026672381661399,1.0000177982479768,1.0000399213721092,-0.0004882835264887674,-0.0014767593541179468,0.0005278919881563122,0.0009171090518253106,0.003577479692883481,0.008194875133865525
1.260999999999972,-0.00011075985591492474,-0.00020414180292931266,1.0000179790134065,1.0000403280317913,-0.0004839428236367714,-0.0014723701722275631,0.000531471131250423,0.0009253129629428136,0.0035808064953383413,0.008212947101140426
1.2619999999999718,-0.00011124160525483363,-0.000205611907976935,1.0000181607385705,1.0000407368584834,-0.0004795558561810084,-0.0014678399230171329,0.0005350535795108249,0.000933534828494242,0.003584090025465423,0.00823078400171645
1.2629999999999717,-0.0001117189445512879,-0.00020707741254753664,1.0000183434227783,1.000041147850722,-0.00047512273672754466,-0.0014631692181861368,0.0005386392899466169,0.000941774414941699,0.0035873308461185846,0.00824838889319737
1.2639999999999716,-0.00011219182770786053,-0.0002085381764873683,1.0000185270653477,1.0000415610070597,-0.00047064357641770976,-0.0014583586614771737,0.0005422282201260914,0.000950031491785005,0.003590529512830435,0.00826576479341474
1.2649999999999715,-0.00011266020873854295,-0.00020999406024249661,1.000018711665605,1.0000419763260642,-0.0004661184849471496,-0.0014534088487794669,0.0005458203281694604,0.000958305831522185,0.003593686573907566,0.008282914680945249
1.2659999999999714,-0.00011312404176630885,-0.00021144492485100186,1.000018897222884,1.0000423938063188,-0.00046154757058463155,-0.0014483203682310222,0.0005494155727416764,0.0009665972096104683,0.003596802570524544,0.008299841495621362
1.2669999999999713,-0.00011358328102169646,-0.00021289063193527709,1.0000190837365268,1.0000428134464217,-0.000456930940190605,-0.0014430938003194584,0.000553013913045347,0.0009749054044277967,0.0035998780368166824,0.008316548139035308
1.2679999999999712,-0.00011403788084140952,-0.00021433104369442758,1.0000192712058829,1.0000432352449866,-0.0004522686992355206,-0.0014377297179815251,0.0005566153088137412,0.0009832301972348325,0.003602913499971604,0.008333037475036506
1.268999999999971,-0.00011448779566693623,-0.000215766022896769,1.0000194596303096,1.0000436592006416,-0.0004475609518179111,-0.001432228686701327,0.0005602197203038868,0.000991571372137462,0.0036059094803196153,0.008349312330222538
1.269999999999971,-0.0001149329800432011,-0.00021719543287246462,1.0000196490091418,1.0000440853119574,-0.000442807800711811,-0.0014265912646899376,0.0005638271082897488,0.0009999287160496674,0.0036088664914045022,0.008365375494188157
1.2709999999999708,-0.00011537338861723463,-0.00021861913750626126,1.0000198393416604,1.0000445135773766,-0.0004380093473552686,-0.001420818002903336,0.0005674374340554966,0.0010083020186568872,0.003611785040090914,0.00838122972025122
1.2719999999999707,-0.00011580897613683106,-0.00022003700123023797,1.000020030627125,1.0000449439952863,-0.0004331656918375804,-0.0014149094450500697,0.0005710506593888766,0.0010166910723800897,0.0036146656266691415,0.008396877726153775
1.2729999999999706,-0.00011623969744922291,-0.0002214488890166461,1.0000202228648036,1.0000453765640913,-0.00042827693294611197,-0.001408866127766161,0.0005746667465746722,0.0010250956723403097,0.0036175087449220053,0.008412322194286299
1.2739999999999705,-0.00011666550749978758,-0.0002228546663708827,1.0000204160539734,1.0000458112822141,-0.0004233431681832334,-0.0014026885807071083,0.000578285658388238,0.0010335156163235265,0.003620314882209501,0.00842756577214757
1.2749999999999704,-0.00011708636133077071,-0.00022425419932455562,1.0000206101939195,1.0000462481480943,-0.00041836449378303454,-0.0013963773266386925,0.0005819073580891189,0.0010419507047459997,0.003623084519552345,0.008442611072798534
1.2759999999999703,-0.00011750221408002614,-0.00022564735442863828,1.000020805283936,1.000046687160188,-0.0004133410047278225,-0.0013899328815266015,0.0005855318094147523,0.0010504007406200542,0.0036258181317144348,0.008457460675310292
1.2769999999999702,-0.00011791302097977225,-0.00022703399874671404,1.0000210013233255,1.0000471283169685,-0.0004082727947644047,-0.0013833557546248884,0.0005891589765742516,0.0010588655295203123,0.003628516187284234,0.008472117125206239
1.27799999999997,-0.00011831873735536453,-0.00022841399984830813,1.0000211983113985,1.0000475716169257,-0.00040315995642016035,-0.0013766464485632792,0.0005927888242422712,0.0010673448795503646,0.0036311791487551016,0.008486582934898458
1.27899999999997,-0.00011871931862408405,-0.00022978722580230645,1.0000213962474735,1.0000480170585655,-0.0003980025810189026,-0.0013698054594333449,0.000596421317552951,0.0010758386013098732,0.003633807472604573,0.008500860584118447
1.2799999999999698,-0.00011911472029398223,-0.00023115354517058072,1.0000215951308016,1.0000484646402399,-0.0003928007587774482,-0.0013628332771152155,0.0006000564220939195,0.0010843465078618593,0.003636401609332261,0.008514952519853777
1.2809999999999697,-0.00011950489796274156,-0.0002325128270017035,1.0000217949604893,1.0000489143599791,-0.00038755457874120646,-0.0013557303851303801,0.0006036941039003754,0.0010928684147004267,0.0036389620035795138,0.00852886115728122
1.2819999999999696,-0.00011988980731647072,-0.00023386494082450548,1.000021995735578,1.000049366215665,-0.00038226412871710777,-0.0013484972604735504,0.0006073343294492876,0.0011014041397193952,0.0036414890942448783,0.008542588880655793
1.2829999999999695,-0.00012026940412851422,-0.00023520975664170955,1.0000221974551207,1.000049820205204,-0.00037692949536989595,-0.0013411343739345603,0.000610977065653669,0.0011099535031813322,0.0036439833145179403,0.008556138043218399
1.2839999999999694,-0.00012064364425831766,-0.00023654714492376638,1.0000224001181812,1.0000502763265253,-0.00037155076423698577,-0.0013336421901790861,0.0006146222798569048,0.001118516327686741,0.003646445091953585,0.008569510967599265
1.2849999999999693,-0.00012101248365030772,-0.00023787697660277007,1.0000226037238353,1.000050734577582,-0.00036612801974312756,-0.0013260211678283143,0.0006182699398271542,0.0011270924381436486,0.003648874848545292,0.008582709946216155
1.2859999999999692,-0.00012137587833278673,-0.00023919912306645302,1.0000228082711697,1.00005119495635,-0.00036066134521488117,-0.0013182717595375745,0.0006219200137518256,0.0011356816617375904,0.003651273000797478,0.00859573724166738
1.286999999999969,-0.00012173378441684163,-0.0002405134561522588,1.0000230137592816,1.0000516574608278,-0.0003551508228949012,-0.0013103944120739484,0.0006255724702321228,0.001144283827901984,0.003653639959796896,0.008608595087119713
1.287999999999969,-0.0001220861580952671,-0.0002418198481414922,1.0000232201872796,1.0000521220890366,-0.00034959653395603686,-0.0013023895663928694,0.0006292272782776628,0.0011528987682888894,0.0036559761312831072,0.00862128568669125
1.2889999999999688,-0.00012243295564150276,-0.0002431181717535455,1.0000234275542828,1.0000525888390197,-0.0003439985585152481,-0.0012942576577137258,0.0006328844073011634,0.0011615263167401497,0.0036582819157180376,0.008633811215829292
1.2899999999999687,-0.0001227741334086016,-0.0002444083001402602,1.00002363585939,1.00005305770877,-0.0003383569756824427,-0.0012859991157155861,0.0006365438271131927,0.0011701663092588154,0.003660557708340466,0.008646173821502012
1.2909999999999686,-0.00012310964782821248,-0.00024569010688036487,1.00002384510165,1.0000535286961596,-0.0003326718635393016,-0.0012776143644937592,0.0006402055079169873,0.001178818583980945,0.003662803899248671,0.008658375622757177
1.2919999999999685,-0.00012343945540954063,-0.00024696346597386556,1.000024055280093,1.000054001799012,-0.000326943299117005,-0.0012691038225075746,0.0006438694203033522,0.0011874829811479545,0.0036650208734810715,0.00867041871126174
1.2929999999999684,-0.0001237635127383215,-0.0002482282518365058,1.00002426639376,1.000054477015176,-0.00032117135844471047,-0.0012604679027728896,0.0006475355352456265,0.0011961593430793226,0.00366720901106771,0.008682305151474449
1.2939999999999683,-0.00012408177647582513,-0.0002494843392943587,1.000024478441704,1.0000549543425241,-0.0003153561165625876,-0.0012517070129329038,0.0006512038240947081,0.0012048475141455597,0.0036693686870953963,0.008694036980999785
1.2949999999999682,-0.00012439420335787376,-0.00025073160357848913,1.0000246914229896,1.000055433778953,-0.00030949764753468277,-0.001242821555328052,0.0006548742585741418,0.0012135473407415282,0.003671500271772012,0.008705616210937303
1.295999999999968,-0.00012470075019387192,-0.00025196992031968564,1.0000249053366919,1.000055915322383,-0.00030359602446161725,-0.0012338119270649884,0.0006585468107752727,0.0012222586712601102,0.003673604130489971,0.008717044826226423
1.296999999999968,-0.0001250013738658493,-0.0002531991655432605,1.0000251201818977,1.000056398970758,-0.00029765131949311937,-0.0012246785200846727,0.0006622214531524621,0.0012309813560662168,0.0036756806238888605,0.008728324785986731
1.2979999999999678,-0.00012529603132751605,-0.0002544192156639176,1.0000253359577047,1.0000568847220448,-0.00029166360384039425,-0.001215421721229571,0.0006658981585183652,0.001239715247471137,0.0036777301079172647,0.008739458023853869
1.2989999999999677,-0.0001255846796033304,-0.00025562994748068733,1.0000255526632211,1.000057372574233,-0.0002856329477883322,-0.0012060419123099818,0.0006695769000392707,0.0012484601997072196,0.0036797529338937827,0.008750446448311036
1.2999999999999676,-0.0001258672757876283,-0.0002568312381720981,1.0000257702974853,1.0000578625251582,-0.0002795594208074307,-0.0011965394705115335,0.0006732576512304848,0.001257216068902688,0.003681749448534426,0.008761291942625813
1.3009999999999675,-0.00012614377704376535,-0.00025802296529141717,1.0000259888593859,1.000058354572327,-0.0002734430914666699,-0.001186914768126638,0.0006769403859517753,0.0012659827130567928,0.0036837199940465753,0.008771996365583524
1.3019999999999674,-0.00012641414060317067,-0.0002592050067616141,1.0000262083477442,1.0000588487130981,-0.0002672840273439465,-0.0011771681722671987,0.0006806250784029084,0.0012747599920156774,0.0036856649082195737,0.008782561552185559
1.3029999999999673,-0.00012667832376441168,-0.0002603772408703824,1.000026428761396,1.0000593449448607,-0.0002610822951380827,-0.001167300045269452,0.0006843117031192427,0.0012835477674485519,0.0036875845244489502,0.008792989313563461
1.3039999999999672,-0.00012693628389232086,-0.0002615395462653952,1.0000266500991908,1.0000598432650338,-0.0002548379606802615,-0.0011573107447560985,0.000688000234967364,0.0012923459028239784,0.003689479171793573,0.008803281437289449
1.304999999999967,-0.00012718797841713365,-0.00026269180194962206,1.0000268723599923,1.000060343671066,-0.00024855108894531385,-0.001147200623697623,0.0006916906491407767,0.0013011542633864647,0.0036913491750320626,0.008813439687682901
1.305999999999967,-0.00012743336483363773,-0.0002638338872767073,1.0000270955426778,1.0000608461604352,-0.00024222174406285827,-0.0011369700304728178,0.000695382921155652,0.0013099727161333626,0.003693194854718468,0.008823465806112847
1.3069999999999669,-0.0001276724007003333,-0.00026496568194640796,1.000027319646138,1.0000613507306482,-0.0002358499893282962,-0.001126619308928519,0.0006990770268466298,0.0013188011297920674,0.0036950165272372198,0.008833361511296533
1.3079999999999667,-0.00012790504363860428,-0.0002660870660000915,1.0000275446692772,1.00006185737924,-0.000229435887213664,-0.0011161487984385648,0.0007027729423626771,0.0013276393747975127,0.003696814504857368,0.008843128499594087
1.3089999999999666,-0.00012813125133190028,-0.00026719791981629176,1.000027770611013,1.0000623661037737,-0.00022297949937834368,-0.0011055588339619871,0.0007064706441629988,0.0013364873232699595,0.003698589095786115,0.00885276844529937
1.3099999999999665,-0.00012835098152495238,-0.00026829812410640623,1.0000279974702406,1.0000628769017645,-0.0002164808867258452,-0.001094849746267006,0.0007101701090129965,0.0013453448489929988,0.0037003406042091977,0.008862283000779047
1.3109999999999664,-0.00012856419202299948,-0.00026938755991045204,1.0000282252457995,1.0000633897706028,-0.00020994010936834791,-0.0010840218618245964,0.0007138713139802792,0.001354211827391844,0.0037020693303561297,0.008871673796911488
1.3119999999999663,-0.00012877084069097875,-0.0002704661085927114,1.0000284539365079,1.0000639047076327,-0.00020335722659017895,-0.0010730755026940922,0.0007175742364307391,0.0013630881355120548,0.003703775570563782,0.0088809424435103
1.3129999999999662,-0.00012897088545272607,-0.00027153365183743105,1.0000286835411984,1.000064421710229,-0.00019673229690446924,-0.0010620109867452037,0.0007212788540246782,0.0013719736519985342,0.003705459617314406,0.0088900905294485
1.313999999999966,-0.0001291642842902099,-0.0002725900716446599,1.0000289140587177,1.0000649407757962,-0.00019006537806318588,-0.001050828627712523,0.0007249851447129783,0.0013808682570747239,0.0037071217592857765,0.00889911962293093
1.314999999999966,-0.000129350995242775,-0.00027363525032614083,1.0000291454879264,1.0000654619017688,-0.00018335652706703392,-0.0010395287352493207,0.0007286930867333216,0.001389771832522071,0.003708762281400677,0.00890803127176313
1.3159999999999659,-0.00012953097640639613,-0.00027466907050125583,1.0000293778276987,1.0000659850856106,-0.00017660580017522941,-0.0010281116149806425,0.0007324026586064598,0.0013986842616597608,0.0037103814648757464,0.008916827003616717
1.3169999999999658,-0.00012970418593294132,-0.000275691415093024,1.0000296110769227,1.0000665103248145,-0.0001698132529151452,-0.0010165775685557156,0.0007361138391325325,0.0014076054293247148,0.0037119795872696875,0.008925508326291296
1.3179999999999656,-0.0001298705820294448,-0.0002767021673241517,1.0000298452344996,1.0000670376169016,-0.00016297894009183135,-0.0010049268936996722,0.0007398266073874327,0.001416535221851847,0.00371355692253085,0.008934076727972985
1.3189999999999655,-0.00013003012295738941,-0.00027770121071313383,1.0000300802993438,1.0000675669594217,-0.0001561029157974116,-0.0009931598842646,0.0007435409427192203,0.0014254735270545784,0.0037151137410441934,0.00894253367748955
1.3199999999999654,-0.00013018276703205518,-0.00027868842907063316,1.0000303162703026,1.0000680983497645,-0.00014918523353411116,-0.0009812768307340585,0.0007472568247445686,0.0014344202342054448,0.0037166503096523716,0.008950880624243256
1.3209999999999653,-0.00013032847262187737,-0.0002796637064959133,1.0000305531460751,1.000068631784975,-0.00014222594611027912,-0.0009692780198262235,0.0007509742333452589,0.0014433752340169638,0.0037181668917280475,0.00895911899879479
1.3219999999999652,-0.00013046719814769966,-0.0002806269273728663,1.0000307909252963,1.0000691672619446,-0.00013522510553428096,-0.0009571637340797975,0.0007546931486647447,0.0014523384186230705,0.0037196637472436157,0.008967250213418753
1.322999999999965,-0.00013059890208203575,-0.0002815779763660851,1.0000310296066173,1.000069704777601,-0.00012818276313791578,-0.000944934252357846,0.0007584135511047614,0.0014613096815607892,0.0037211411327898463,0.008975275662018514
1.323999999999965,-0.00013072354294839733,-0.00028251673841721183,1.0000312691887054,1.0000702443289073,-0.00012109896958521795,-0.000932589849895619,0.0007621354213219663,0.0014702889177519811,0.0037225993016198737,0.008983196720365221
1.3249999999999649,-0.00013084107932063052,-0.0002834430987413335,1.0000315096702443,1.000070785912862,-0.00011397377488114421,-0.0009201307983477498,0.0007658587402246225,0.0014792760234853305,0.003724038503692613,0.008991014746333676
1.3259999999999648,-0.00013095146982226117,-0.0002843569428234248,1.000031751049934,1.000071329526498,-0.00010680722838014766,-0.0009075573658348402,0.0007695834889693266,0.0014882708963985648,0.003725458985715611,0.008998731080135158
1.3269999999999647,-0.00013105467312584857,-0.0002852581564148369,1.0000319933264892,1.0000718751668827,-9.959937879464031e-05,-0.000894869816989439,0.000773309648957778,0.001497273435460906,0.0037268609911873416,0.009006347044547216
1.3279999999999645,-0.00013115064795234755,-0.00028614662552983234,1.0000322364986411,1.0000724228311173,-9.235027420334552e-05,-0.000882068413001422,0.0007770372018335912,0.0015062835409557498,0.003728244760438947,0.009013863945140461
1.3289999999999644,-0.000131239353070479,-0.00028702223644216446,1.0000324805651362,1.0000729725163364,-8.505996205954166e-05,-0.0008691534116627826,0.0007807661294791484,0.0015153011144635711,0.0037296105306754415,0.009021283070502423
1.3299999999999643,-0.00013132074729613118,-0.0002878848756818002,1.000032725524705,1.0000735242196335,-7.772848924481526e-05,-0.0008561250676086821,0.0007844964140124902,0.0015243260588449963,0.003730958536007987,0.00902860569234784
1.3309999999999642,-0.00013139478949176941,-0.000288734430031688,1.0000329713760328,1.0000740779379873,-7.035590203166917e-05,-0.0008429836321668832,0.0007882280377842455,0.0015333582782240966,0.003732289007502848,0.00903583306585305
1.331999999999964,-0.00013146143856580792,-0.0002895707865243717,1.00003321811779,1.0000746336683373,-6.294224604531369e-05,-0.0008297293532004821,0.0007919609833746115,0.0015423976779720126,0.0037336021732291597,0.009042966429978781
1.332999999999964,-0.0001315206534719893,-0.0002903938324386459,1.0000334657486636,1.0000751914076582,-5.5487566317424446e-05,-0.0008163624753480149,0.0007956952335903708,0.0015514441646907865,0.0037348982582894224,0.009050007007569076
1.3339999999999639,-0.00013157239320879494,-0.0002912034552963526,1.0000337142673559,1.00007575115296,-4.799190729386383e-05,-0.0008028832400654112,0.0007994307714619445,0.0015604976461973516,0.003736177484858091,0.009056956005560952
1.3349999999999638,-0.00013161661681886303,-0.00029199954285921904,1.000033963672585,1.0000763129012873,-4.045531284230202e-05,-0.0007892918856674008,0.0008031675802404834,0.0015695580315077278,0.003737440072219664,0.009063814615191347
1.3359999999999637,-0.00013165328338841405,-0.00029278198312573695,1.000034213963085,1.0000768766497181,-3.287782625973888e-05,-0.0007755886473683816,0.0008069056433949964,0.0015786252308214242,0.0037386862368062757,0.009070584012201361
1.3369999999999636,-0.00013168235204668387,-0.0002935506643280825,1.0000344651376045,1.0000774423953644,-2.5259490279927926e-05,-0.0007617737573227568,0.0008106449446095169,0.0015876991555060437,0.0037399161922348,0.009077265357037846
1.3379999999999634,-0.00013170378196536417,-0.0002943054749290763,1.000034717194908,1.0000780101353717,-1.7600347080703778e-05,-0.000747847444664746,0.0008143854677803061,0.0015967797180820888,0.003741130149343471,0.00908385979505237
1.3389999999999633,-0.00013171753235805014,-0.0002950463036191825,1.0000349701337743,1.0000785798669178,-9.900438291214237e-06,-0.000733809935547679,0.0008181271970130918,0.0016058668322079638,0.003742328316228028,0.009090368456697598
1.3399999999999632,-0.00013172356247976924,-0.0002957730393138338,1.0000352239529036,1.0000791515870149,-2.1598051469856337e-06,-0.0007196614537549218,0.0008218701166203332,0.0016149604126650433,0.0037435108982547915,0.00909679245746133
1.340999999999963,-0.0001317218316265175,-0.00029648557115079737,1.000035478650824,1.0000797252923126,5.621511650485434e-06,-0.0007054022201722419,0.0008256142111185205,0.0016240603753429395,0.0037446780981196313,0.009103132898330927
1.341999999999963,-0.00013171229913465412,-0.00029718378848700563,1.000035734225988,1.000080300979301,1.344347207628007e-05,-0.0006910324522443117,0.0008293594652255326,0.0016331666372252224,0.0037458301159046955,0.009109390866234711
1.342999999999963,-0.0001316949243803029,-0.00029786758089542123,1.0000359906768668,1.000080878644511,2.13060366261818e-05,-0.0006765523645868439,0.0008331058638580297,0.0016422791163753206,0.0037469671490895245,0.009115567433961805
1.3439999999999628,-0.00013166966677883487,-0.0002985368381622263,1.00003624800195,1.0000814582845146,2.920916630990229e-05,-0.000661962169023399,0.000836853392128867,0.0016513977319224744,0.003748089392584905,0.00912166366034608
1.3449999999999627,-0.00013163648578435772,-0.0002991914502840489,1.0000365061997456,1.000082039895923,3.7152822644395197e-05,-0.0006472620746217151,0.0008406020353445426,0.0016605224040478713,0.003749197038766287,0.0091276805904477
1.3459999999999626,-0.0001315953408892119,-0.00029983130746522453,1.00003676526878,1.0000826234753868,4.5136967647257036e-05,-0.0006324522877295637,0.0008443517790026791,0.0016696530539709613,0.0037502902775067627,0.009133619255732323
1.3469999999999624,-0.00013154619162347318,-0.0003004563001150944,1.0000370252075972,1.000083209019596,5.316156383021386e-05,-0.0006175330120101397,0.0008481026087895373,0.0016787896039359514,0.0037513692962096177,0.00913948067424795
1.3479999999999623,-0.00013148899755446172,-0.00030106631884533794,1.0000372860147588,1.0000837965252785,6.122657419269275e-05,-0.0006025044484769903,0.0008518545105775624,0.001687931977198475,0.003752434279840459,0.009145265850799483
1.3489999999999622,-0.00013142371828625763,-0.0003016612544673407,1.0000375476888441,1.0000843859892004,6.933196221547687e-05,-0.0005873667955284897,0.0008556074704229621,0.0016970800980124353,0.0037534854109589253,0.009150975777121017
1.3499999999999621,-0.000131350313459248,-0.0003022409979897043,1.0000378102284186,1.0000849774080953,7.747769180376011e-05,-0.0005721202491986746,0.0008593614745633133,0.0017062338916169787,0.003754522869743528,0.009156611431965738
1.350999999999962,-0.00013126874274968034,-0.0003028054406157916,1.000038073632005,1.0000855707785954,8.566372733153351e-05,-0.0005567650029759263,0.0008631165094151997,0.0017153932842236407,0.003755546834029329,0.00916217378135801
1.351999999999962,-0.00013117896586917123,-0.00030335447374108763,1.0000383378981121,1.000086166097302,9.389003368667483e-05,-0.000541301247616162,0.0008668725615718867,0.0017245582030037381,0.0037565574793447048,0.009167663778836953
1.3529999999999618,-0.00013108094256422098,-0.00030388798895059245,1.0000386030252681,1.0000867633608554,0.00010215657621385696,-0.0005257291713935354,0.0008706296178010265,0.0017337285760759254,0.0037575549789348158,0.009173082365537707
1.3539999999999617,-0.00013097463261575975,-0.0003044058780163556,1.0000388690120183,1.0000873625659357,0.00011046332070860505,-0.0005100489601327286,0.0008743876650423896,0.0017429043324938707,0.003758539503791307,0.009178430470352808
1.3549999999999616,-0.00013085999583869974,-0.0003049080328950424,1.0000391358569258,1.0000879637092608,0.00011881023341143089,-0.000494260797240822,0.000878146690405626,0.0017520854022340928,0.003759511222681622,0.009183709010091457
1.3559999999999615,-0.000130736992081493,-0.00030539434572553214,1.0000394035585711,1.000088566787587,0.0001271972810020436,-0.00047836486373875094,0.0008819066811680558,0.001761271716183957,0.003760470302177936,0.009188918889636718
1.3569999999999613,-0.00013060558122569515,-0.0003058647088265477,1.0000396721155518,1.0000891717977078,0.00013562443059363577,-0.00046236133829235154,0.0008856676247724876,0.0017704632061298258,0.003761416906685712,0.009194061002100667
1.3579999999999612,-0.00013046572318553472,-0.00030631901469431536,1.0000399415264827,1.000089778736454,0.0001440916497272437,-0.0004462503972430038,0.0008894295088250663,0.0017796598047453648,0.0037623511984718853,0.009199136228977533
1.3589999999999611,-0.000130317377907488,-0.0003067571560002558,1.000040211789995,1.0000903876006926,0.00015259890636618132,-0.0004300322146378753,0.0008931923210931486,0.001788861445580001,0.003763273337692683,0.009204145440294832
1.359999999999961,-0.0001301605053699356,-0.00030717902558905283,1.0000404829046494,1.0000909983871176,0.00016114616873859938,-0.00041370696295621836,0.0008969560495031974,0.0017980680630474242,0.0037641834824048994,0.009209089494551627
1.360999999999961,-0.00012999506558282443,-0.0003075845164767546,1.00004075486885,1.0000916110920424,0.00016973340548378612,-0.00039727481244730646,0.0009007206821387048,0.0018072795924142437,0.0037650817886100063,0.009213969239087511
1.3619999999999608,-0.00012982101858718243,-0.0003079735218482052,1.0000410276809322,1.0000922257116145,0.00017836058580019784,-0.00038073593045379305,0.0009044862072381582,0.0018164959697890039,0.003765968410296632,0.009218785510433009
1.3629999999999607,-0.0001296383244546388,-0.0003083459350545026,1.0000413013392524,1.000092842242026,0.0001870276792870262,-0.0003640904821410534,0.0009082526131930317,0.0018257171321113387,0.003766843499450361,0.009223539134236618
1.3639999999999606,-0.0001294469432870258,-0.00030870164961083586,1.0000415758421868,1.0000934606795138,0.00019573465593898445,-0.0003473386305255157,0.0009120198885457969,0.0018349430171411601,0.0037677072060797894,0.009228230925406377
1.3649999999999605,-0.00012924683521598572,-0.00030904055919434996,1.0000418511881313,1.0000940810203585,0.00020448148614116146,-0.0003304805365026232,0.0009157880219879578,0.001844173563447988,0.0037685596782422435,0.009232861688249603
1.3659999999999604,-0.00012903796040258318,-0.0003093625576420385,1.000042127375501,1.000094703260884,0.00021326814066394256,-0.00031351635887443306,0.0009195570023581136,0.0018534087104004184,0.0037694010620691605,0.009237432216610802
1.3669999999999602,-0.0001288202790369222,-0.00030966753894866414,1.0000424044027303,1.0000953273974573,0.0002220945906579967,-0.00029644625437685515,0.0009233268186400437,0.0018626483981557277,0.0037702315017911427,0.009241943294007788
1.3679999999999601,-0.00012859375133776854,-0.00030995539726470583,1.000042682268273,1.0000959534264875,0.0002309608076493287,-0.00027927037770653724,0.0009270974599608206,0.0018718925676496146,0.0037710511397626837,0.009246395693766028
1.36899999999996,-0.0001283583375521767,-0.00031022602689433277,1.0000429609706014,1.0000965813444251,0.00023986676353439582,-0.00026198888154739975,0.0009308689155889452,0.0018811411605860733,0.003771860116486573,0.009250790179151246
1.36999999999996,-0.00012811399795514968,-0.00031047932229352467,1.0000432405081756,1.0000972111476947,0.00024881243051962765,-0.0002446019168363464,0.0009346411749325051,0.0018903941194273691,0.003772658570633016,0.009255127503440545
1.3709999999999598,-0.0001278606928493037,-0.0003107151780682183,1.0000435208794134,1.0000978428326268,0.0002577977811722874,-0.00022710963255093334,0.0009384142275373559,0.0018996513873841467,0.00377344663906863,0.00925940841011439
1.3719999999999597,-0.0001275983825644816,-0.00031093348897224,1.0000438020827216,1.0000984763955274,0.0002668227884719352,-0.00020951217549241397,0.0009421880630853326,0.001908912908405725,0.0037742244568847406,0.009263633633042213
1.3729999999999596,-0.0001273270274573708,-0.00031113414990526216,1.000044084116526,1.0000991118327451,0.00027588742574967927,-0.00019180969055200258,0.0009459626713924827,0.0019181786271705195,0.003774992157415445,0.009267803896546923
1.3739999999999595,-0.00012704658791115416,-0.00031131705591090603,1.0000443669792713,1.0000997491406711,0.00028499166668360194,-0.00017400232073572816,0.0009497380424073206,0.0019274484890765575,0.0037757498722604684,0.009271919915529121
1.3749999999999594,-0.00012675702433516522,-0.00031148210217486836,1.0000446506694216,1.0001003883157387,0.0002941354852942451,-0.0001560902071889649,0.0009535141662091047,0.001936722440232117,0.0037764977313077272,0.00927598239558967
1.3759999999999593,-0.00012645829716454802,-0.00031162918402307315,1.0000449351854592,1.000101029354422,0.00030331885594015476,-0.00013807348922064355,0.0009572910330061363,0.001946000427446487,0.003777235862755596,0.00927999203315069
1.3769999999999591,-0.0001261503668599212,-0.00031175819691984705,1.000045220525885,1.000101672253236,0.000312541753313483,-0.00011995230432714738,0.0009610686331340815,0.00195528239822085,0.003777964393134885,0.009283949515574963
1.377999999999959,-0.00012583319390704661,-0.0003118690364661186,1.0000455066892178,1.0001023170087369,0.0003218041524356478,-0.00010172678821589751,0.0009648469570543143,0.0019645683007392793,0.0037786834473305326,0.009287855521283795
1.378999999999959,-0.00012550673881650225,-0.0003119615983976408,1.0000457936739944,1.0001029636175194,0.0003311060286530488,-8.33970748286311e-05,0.000968625995352281,0.0019738580838598576,0.003779393148603015,0.009291710719873343
1.3799999999999588,-0.0001251709621234548,-0.0003120357785836551,1.0000460814786691,1.0001036120759959,0.000340447357441866,-6.496329719993064e-05,0.0009724057387358802,0.001983151697105823,0.0037800936185951577,0.00929551577205695
1.3809999999999587,-0.00012482582438743645,-0.00031209147302557906,1.0000463701015143,1.0001042623801755,0.00034982811459483823,-4.64255866479786e-05,0.0009761861780338617,0.0019924490906568313,0.003780784977368047,0.009299271329959793
1.3819999999999586,-0.00012447128619193416,-0.00031212857785487897,1.0000466595407231,1.0001049145258913,0.0003592482764097424,-2.7784071951831158e-05,0.0009799673041942635,0.0020017502153405102,0.0037814673434355397,0.009302978037398432
1.3829999999999585,-0.00012410730814398291,-0.00031214698933096233,1.0000469497945106,1.0001055685090254,0.000368707819492754,-9.03888021486567e-06,0.0009837491082828663,0.0020110550226241164,0.0037821408337698893,0.009306636529814245
1.3839999999999584,-0.00012373385087385933,-0.0003121466038395131,1.0000472408611136,1.0001062243255079,0.00037820672075443396,9.809863113413058e-06,0.0009875315814816621,0.002020363464606215,0.0037828055638217985,0.009310247434382397
1.3849999999999583,-0.00012335087503477922,-0.00031212731789084845,1.0000475327387903,1.0001068819713166,0.0003877449574057683,2.8762034215850314e-05,0.0009913147150873432,0.002029675494008466,0.003783461647540213,0.009313811370119381
1.3859999999999582,-0.0001229583413025992,-0.00031208902811829734,1.00004782542582,1.000107541442476,0.00039732250695425904,4.781751088639915e-05,0.0009950985005098092,0.0020389910641675202,0.0037841091973918567,0.00931732894798916
1.386999999999958,-0.00012255621037552203,-0.00031203163127659957,1.000048118920503,1.0001082027350572,0.00040693934720006583,6.697617250915453e-05,0.0009988829292706953,0.002048310129027019,0.003784748324380514,0.009320800771007933
1.387999999999958,-0.00012214444297380589,-0.00031195502424032615,1.0000484132211602,1.0001088658451769,0.0004165954562321982,8.62379000376604e-05,0.0010026679930019186,0.002057632643129697,0.003785379138066058,0.009324227434347533
1.3889999999999578,-0.0001217229998394774,-0.0003118591040023201,1.0000487083261327,1.0001095307689971,0.000426290812424757,0.00010560257597448601,0.0010064536834442433,0.0020669585616095894,0.003786001746583236,0.009327609525437484
1.3899999999999577,-0.00012129184173607437,-0.0003117437676722914,1.000049004233756,1.0001101975026567,0.0004360253943813083,0.00012507008408288358,0.0010102399924458634,0.002076287840184318,0.0037866162566569292,0.00933094762401974
1.3909999999999576,-0.00012085092944839214,-0.0003116089124754329,1.000049300942333,1.0001108660422044,0.000445799180983163,0.00014464030963420147,0.0010140269119610038,0.002085620435147476,0.0037872227736238965,0.009334242302296448
1.3919999999999575,-0.0001204002237821815,-0.00031145443575078617,1.0000495984501612,1.0001115363836672,0.0004556121514381006,0.00016431313965929826,0.0010178144340485427,0.0020949563033611607,0.003787821401454019,0.009337494125072784
1.3929999999999574,-0.00011993968556385024,-0.000311280234949627,1.0000498967555587,1.0001122085231184,0.00046546428522444076,0.00018408846265901603,0.001021602550870652,0.0021042954022486003,0.003788412242764764,0.009340703649806622
1.3939999999999573,-0.00011946927564019425,-0.00031108620763400496,1.0000501958568642,1.000112882456677,0.000475355562087523,0.00020396616858505066,0.0010253912546914538,0.0021136376897868555,0.0037889953988387765,0.00934387142670412
1.3949999999999572,-0.00011898895487813238,-0.0003108722514753019,1.0000504957524365,1.000113558180507,0.0004852859620362323,0.00022394614882107107,0.0010291805378756938,0.0021229831244996148,0.003789570969641243,0.009346997998814064
1.395999999999957,-0.00011849868416444447,-0.0003106382642528093,1.0000507964406542,1.0001142356908168,0.0004952554653395698,0.00024402829616408423,0.001032970392887433,0.002132331665450082,0.003790139053837031,0.009350083902120984
1.396999999999957,-0.00011799842440551306,-0.00031038414385232423,1.0000510979199153,1.0001149149838593,0.0005052640525232681,0.00026421250480604267,0.0010367608122887552,0.002141683272233961,0.003790699748807601,0.009353129665637063
1.3979999999999568,-0.0001174881365270682,-0.00031010978826476334,1.0000514001886376,1.00011559605593,0.000515311704366451,0.00028449867031569146,0.001040551788738493,0.0021510379049725263,0.003791253150667704,0.009356135811492836
1.3989999999999567,-0.00011696778147393581,-0.0003098150955847952,1.0000517032452578,1.000116278903368,0.0005253984018983357,0.00030488668962065136,0.0010443433149909676,0.002160395524305786,0.0037917993542818593,0.009359102855026733
1.3999999999999566,-0.0001164373202098904,-0.0003094999640099498,1.0000520070881334,1.000116963522334,0.0005355241261924697,0.0003253764600700869,0.0010481353838947434,0.0021697560913856704,0.0037923384532698337,0.009362031304741988
1.4009999999999565,-0.00011589671371751105,-0.00030916429183974737,1.0000523117154456,1.0001176499085926,0.0005456888585662283,0.00034596788033476437,0.0010519279883913954,0.0021791195678693073,0.003792870540034031,0.009364921662532057
1.4019999999999564,-0.00011534592299783707,-0.0003088079774739206,1.0000526171253,1.0001183380577385,0.0005558925807817244,0.00036666085131870297,0.0010557211215143055,0.0021884859159125207,0.0037933957057858176,0.009367774423894488
1.4029999999999563,-0.00011478490907002701,-0.0003084309194106535,1.0000529233158244,1.0001190279654173,0.0005661352748383959,0.0003874552752155055,0.0010595147763874735,0.0021978550981634087,0.0037939140405500987,0.00937059007788104
1.4039999999999562,-0.00011421363297112285,-0.00030803301624529996,1.0000532302851701,1.0001197196273255,0.0005764169229699181,0.0004083510554915744,0.001063308946224339,0.00220722707775594,0.003794425633180751,0.009373369107181543
1.404999999999956,-0.00011363205575581731,-0.00030761416666911937,1.0000535380315105,1.00012041303921,0.0005867375076411547,0.0004293480968695466,0.0010671036243266171,0.0022166018183036344,0.003794930571375858,0.009376111988206662
1.405999999999956,-0.00011304013849622415,-0.00030717426946802863,1.0000538465530415,1.0001211081968675,0.0005970970115451499,0.0004504463053119436,0.0010708988040831514,0.0022259792838933224,0.0037954289416927424,0.009378819191169598
1.4069999999999558,-0.0001124378422816515,-0.00030671322352137016,1.0000541558479805,1.0001218050961436,0.0006074954176001588,0.0004716455880050348,0.0010746944789687793,0.0022353594390789903,0.0037959208295628086,0.009381491180166712
1.4079999999999557,-0.00011182512821837806,-0.0003062309278006962,1.0000544659145667,1.000122503732932,0.0006179327089467168,0.0004929458533429104,0.0010784906425432138,0.0022447422488757023,0.0037964063193061865,0.009384128413257111
1.4089999999999556,-0.00011120195742943233,-0.00030572728136856885,1.0000547767510608,1.0001232041031745,0.0006284088689447471,0.0005143470109117622,0.00108228728844994,0.0022541276787536014,0.00379688549414619,0.009386731342541189
1.4099999999999555,-0.00011056829105440732,-0.0003052021833775287,1.0000550883557138,1.00012390620279,0.0006389238811052802,0.0005358489711685998,0.0010860844104151235,0.002263515694631973,0.0037973584362206397,0.009389300414201617
1.4109999999999554,-0.0001099240902492781,-0.00030465553306907876,1.000055400726737,1.0001246100276056,0.0006494777291531575,0.0005574516457312489,0.0010898820022465334,0.0022729062628733827,0.00379782522659904,0.00939183606861827
1.4119999999999553,-0.00010926931618615644,-0.0003040872297723772,1.0000557138623332,1.0001253155734269,0.0006600703970901613,0.0005791549476719007,0.0010936800578324826,0.0022822993502779314,0.0037982859452993407,0.009394338740479263
1.4129999999999552,-0.00010860393005304822,-0.00030349717290294425,1.0000560277607262,1.0001260228361084,0.0006707018691262608,0.0006009587911940063,0.0010974785711407816,0.00229169492407758,0.0037987406712986335,0.009396808858818013
1.413999999999955,-0.00010792789305364664,-0.0003028852619615385,1.0000563424201623,1.0001267318115532,0.0006813721296769029,0.0006228630916175533,0.0011012775362177043,0.0023010929519305325,0.003799189482546694,0.009399246847086798
1.414999999999955,-0.00010724116640712803,-0.0003022513965330474,1.0000566578389083,1.0001274424957114,0.0006920811633603384,0.0006448677653645335,0.0011050769471869673,0.0023104934019156907,0.003799632455979345,0.00940165312322938
1.4159999999999549,-0.00010654371134795037,-0.00030159547628539284,1.0000569740152525,1.0001281548845802,0.0007028289549949827,0.000666972729944601,0.0011088767982487227,0.0023198962425271816,0.003800069667531645,0.009404028099752656
1.4169999999999547,-0.00010583548912565447,-0.00030091740096845006,1.0000572909475036,1.0001288689742034,0.000713615489596811,0.0006891779039409154,0.001112677083678564,0.002329301442668957,0.0038005011921509097,0.009406372183797407
1.4179999999999546,-0.00010511646100466767,-0.0003002170704129815,1.000057608633991,1.0001295847606704,0.0007244407523767874,0.0007114832069961704,0.0011164777978265442,0.0023387089716494598,0.0038009271038095573,0.009408685777208102
1.4189999999999545,-0.00010438658826411011,-0.00029949438452958404,1.000057927073064,1.000130302240116,0.0007353047287383273,0.0007338885597988036,0.001120278935116208,0.0023481187991763646,0.0038013474755177927,0.009410969276601799
1.4199999999999544,-0.00010364583219771742,-0.00029874924330818,1.00005824626299,1.0001310214084884,0.0007462074040470526,0.0007563938830092596,0.0011240804900436306,0.0023575308953513304,0.003801762379327457,0.009413223073329995
1.4209999999999543,-0.00010289415411376565,-0.0002979815468175224,1.0000585662018515,1.0001317422613205,0.0007571487638564927,0.000778999098305875,0.0011278824571764711,0.002366945230664824,0.0038021718863534924,0.009415447553657365
1.4219999999999542,-0.0001021315153347699,-0.00029719119520364885,1.000058886887653,1.0001324647939664,0.0007681287941350075,0.0008017041294412437,0.0011316848311530452,0.0023763617759911186,0.003802576066794564,0.009417643098931242
1.422999999999954,-0.0001013578771971856,-0.00029637808868834803,1.0000592083184223,1.0001331890018346,0.0007791474810335743,0.000824508901160352,0.0011354876066814105,0.002385780502583353,0.0038029749899362014,0.009419810085538079
1.423999999999954,-0.00010057320105122711,-0.00029554212756817405,1.0000595304922115,1.000133914880387,0.0007902048108834116,0.0008474133391876601,0.0011392907785384599,0.002395201382068606,0.0038033687241626783,0.009421948884968
1.4249999999999539,-9.97774482606886e-05,-0.00029468321221347304,1.0000598534070966,1.0001346424251387,0.0008013007701936327,0.000870417370214353,0.0011430943415690255,0.0024046243864430292,0.0038037573369687364,0.009424059863878499
1.4259999999999537,-9.897058020276731e-05,-0.00029380124306742296,1.0000601770611768,1.000135371631657,0.0008124353456489308,0.000893520921885756,0.0011468982906849955,0.002414049488067047,0.0038041408949711568,0.009426143384157313
1.4269999999999536,-9.81525582678892e-05,-0.0002928961206450856,1.000060501452574,1.000136102495561,0.0008236085241072937,0.0009167239227889156,0.0011507026208644412,0.0024234766596606177,0.00380451946392018,0.009428199802984483
1.4279999999999535,-9.732334385953667e-05,-0.000291967745532471,1.0000608265794337,1.0001368350125206,0.0008348202925977481,0.000940026302440341,0.0011545073271507567,0.0024329058742985567,0.003804893108710781,0.009430229472893594
1.4289999999999534,-9.648289839407874e-05,-0.0002910160183856139,1.0000611524399232,1.0001375691782561,0.0008460706383181341,0.0009634279912739051,0.001158312404651809,0.00244233710540592,0.003805261893393791,0.009432232741832237
1.4299999999999533,-9.563118330063081e-05,-0.00029004083992982435,1.0000614790322084,1.0001383049884702,0.0008573595485777183,0.0009869289203051496,0.0011621178485390984,0.002451770326753433,0.003805625881185103,0.009434209953194425
1.4309999999999532,-9.476816002091678e-05,-0.0002890421109589502,1.0000618063544293,1.00013904243878,0.0008686870108503416,0.0010105290214432183,0.0011659236540469302,0.0024612055124529843,0.003805985134478378,0.009436161445908125
1.431999999999953,-9.389379000907768e-05,-0.0002880197323343257,1.0000621344047245,1.0001397815247859,0.0008800530128278459,0.0010342282278057331,0.0011697298164715982,0.0024706426369531984,0.0038063397148574737,0.009438087554519864
1.432999999999953,-9.300803473148262e-05,-0.00028697360498373243,1.0000624631812551,1.00014052224214,0.0008914575423622651,0.001058026473380845,0.0011735363311705797,0.0024800816750350702,0.0038066896831051764,0.009439988609224148
1.4339999999999529,-9.211085566656962e-05,-0.0002859036299005341,1.0000627926822048,1.0001412645865444,0.00090290058746374,0.0010819236930159019,0.001177343193561739,0.0024895226018076424,0.0038070350992136215,0.009441864935920084
1.4349999999999528,-9.120221430468852e-05,-0.000284809708142823,1.0000631229057788,1.0001420085537513,0.0009143821362984601,0.0011059198224062643,0.0011811503991225431,0.002498965392703736,0.003807376022394579,0.009443716856267263
1.4359999999999526,-9.028207214794597e-05,-0.0002836917408325777,1.0000634538502047,1.0001427541395622,0.0009259021771866331,0.001130014798084267,0.0011849579433892852,0.00250841002347574,0.0038077125110896055,0.00944554468774092
1.4369999999999525,-8.935039071005241e-05,-0.0002825496291548314,1.0000637855137309,1.000143501339827,0.0009374606986004802,0.0011542085574083232,0.0011887658219563201,0.0025178564701914537,0.003808044622980062,0.009447348743686367
1.4379999999999524,-8.840713151617104e-05,-0.00028138327435685116,1.0000641178946272,1.0001442501504438,0.0009490576891622571,0.0011785010385521719,0.0011925740304753085,0.002527304709229983,0.0038083724149970037,0.009449129333372728
1.4389999999999523,-8.745225610276876e-05,-0.00028019257774732797,1.000064450991185,1.0001450005673582,0.000960693137642302,0.0012028921804942644,0.0011963825646544724,0.0025367547172776925,0.0038086959433309402,0.00945088676204597
1.4399999999999522,-8.648572601759875e-05,-0.00027897744069617033,1.000064784801606,1.0001457525863247,0.0009723670326976917,0.001227381921821026,0.0012001914202578552,0.0025462064713241642,0.003809015263434373,0.009452621330897224
1.440999999999952,-8.550750281968469e-05,-0.00027773776463430814,1.0000651193238967,1.0001465062026715,0.0009840793631304466,0.0012519702019033465,0.0012040005931045917,0.002555659948658214,0.0038093304300387634,0.009454333337202777
1.441999999999952,-8.451754807904607e-05,-0.00027647345105231535,1.0000654545559788,1.0001472614115443,0.0009958301181467802,0.0012766569620822521,0.0012078100790681966,0.0025651151268640438,0.003809641497170817,0.009456023074456761
1.4429999999999519,-8.351582337642598e-05,-0.00027518440149904304,1.0000657904957988,1.0001480182081448,0.001007619287093411,0.00130144214446239,0.0012116198740758592,0.0025745719838174397,0.0038099485181544656,0.009457690832335278
1.4439999999999518,-8.250229030315141e-05,-0.0002738705175808608,1.0000661271413283,1.0001487765877315,0.0010194468594557345,0.0013263256919020866,0.0012154299741077464,0.0025840304976819804,0.0038102515456200086,0.009459336896746074
1.4449999999999517,-8.147691046099553e-05,-0.00027253170096090803,1.0000664644905635,1.0001495365456174,0.0010313128248560172,0.0013513075480035338,0.001219240375196313,0.0025934906469052923,0.003810550631513138,0.009460961549877564
1.4459999999999515,-8.04396454620417e-05,-0.00027116785335835474,1.000066802541525,1.000150298077171,0.0010432171730516153,0.001376387657103106,0.0012230510734256214,0.0026029524102153547,0.0038108458271038427,0.009462565070247226
1.4469999999999514,-7.939045692854929e-05,-0.00026977887654767226,1.0000671412922575,1.000151061177814,0.0010551598939332158,0.0014015659642618002,0.0012268620649306709,0.0026124157666168528,0.0038111371829951985,0.009464147732749359
1.4479999999999513,-7.832930649282113e-05,-0.0002683646723579135,1.0000674807408294,1.0001518258430215,0.0010671409775231012,0.001426842415255802,0.0012306733458967345,0.0026218806953875787,0.003811424749132044,0.009465709808702222
1.4489999999999512,-7.725615579707285e-05,-0.000266925142672002,1.0000678208853324,1.0001525920683216,0.0010791604139734363,0.0014522169565671745,0.0012344849125587054,0.002631347176074877,0.0038117085748095446,0.009467251565894567
1.449999999999951,-7.617096649333332e-05,-0.0002654601894261952,1.0000681617238574,1.0001533598492307,0.0010912181935056292,0.0014776895350463893,0.0012382967612004502,0.0026408151884921302,0.0038119887086802717,0.009468773268611933
1.450999999999951,-7.507370024334662e-05,-0.00026396971460955607,1.0000685032544705,1.0001541291811908,0.0011033143064677878,0.0015032600982318645,0.0012421088881541724,0.0026502847127152875,0.0038122651987639858,0.009470275177702601
1.4519999999999509,-7.396431871841653e-05,-0.00026245362026310423,1.0000688454752373,1.0001549000596337,0.001115448743392396,0.001528928594671833,0.001245921289799783,0.0026597557290794593,0.0038125380924571997,0.00947175755064139
1.4529999999999508,-7.284278359925274e-05,-0.00026091180847897616,1.000069188384247,1.0001556724800442,0.0011276214949351843,0.0015546949735843509,0.0012497339625642816,0.0026692282181755567,0.0038128074365399015,0.009473220641553683
1.4539999999999507,-7.170905657584838e-05,-0.0002593441813997597,1.0000695319796116,1.0001564464379598,0.001139832551873524,0.0015805591848485762,0.0012535469029211434,0.002678702160846963,0.0038130732771835714,0.009474664701259015
1.4549999999999506,-7.056309934735919e-05,-0.00025775064121783735,1.000069876259466,1.000157221928969,0.0011520819051048451,0.0016065211789961617,0.0012573601073897146,0.00268817753818625,0.0038133356599591006,0.009476089977314073
1.4559999999999504,-6.940487362198423e-05,-0.0002561310901747379,1.000070221221968,1.0001579989487122,0.0011643695456450727,0.0016325809072027589,0.0012611735725346165,0.0026976543315319346,0.0038135946298446014,0.009477496714055154
1.4569999999999503,-6.823434111684816e-05,-0.0002544854305604967,1.0000705668652976,1.0001587774928797,0.0011766954646270842,0.0016587383212796339,0.0012649872949651554,0.002707132522465282,0.0038138502312331205,0.009478885152640055
1.4579999999999502,-6.705146355788502e-05,-0.0002528135647130242,1.0000709131876566,1.0001595575572118,0.0011890596532991872,0.0016849933736653908,0.001268801271334742,0.0027166120928071467,0.0038141025079402487,0.009480255531089433
1.4589999999999501,-6.585620267972362e-05,-0.0002511153950174826,1.0000712601872686,1.0001603391374978,0.001201462103023617,0.0017113460174178051,0.001272615498340318,0.002726093024614855,0.003814351503211632,0.009481608084327617
1.45999999999995,-6.464852022570974e-05,-0.0002493908239063408,1.000071607862272,1.0001611222293272,0.001213902805004125,0.0017377962048657515,0.0012764299727217863,0.0027355753001790965,0.0038145972597250365,0.009482943044155262
1.46099999999995,-6.342837794792951e-05,-0.0002476397538594363,1.000071956210614,1.0001619068278431,0.001226381750556342,0.001764343888943249,0.0012802446912614505,0.002745058902020854,0.0038148398196032893,0.009484260639360208
1.4619999999999498,-6.219573760696187e-05,-0.0002458620874026989,1.0000723052301597,1.0001626929279972,0.001238898931378926,0.0017909890245315426,0.0012840596507834655,0.0027545438128884457,0.003815079224426707,0.009485561095822489
1.4629999999999497,-6.09505609716331e-05,-0.00024405772710688346,1.0000726549188004,1.0001634805247994,0.0012514543392786227,0.0018177315670993863,0.0012878748481532961,0.002764030015754599,0.003815315515234733,0.009486844636483676
1.4639999999999496,-5.969280981890936e-05,-0.00024222657558698607,1.0000730052744529,1.0001642696133186,0.0012640479661688586,0.0018445714726953908,0.00129169028027718,0.002773517493813533,0.0038155487325329733,0.009488111481385108
1.4649999999999495,-5.842244593379076e-05,-0.00024036853550166813,1.0000733562950592,1.0001650601886807,0.0012766798040683518,0.0018715086979404724,0.0012955059441015966,0.0027830062304780787,0.003815778916300142,0.009489361847705624
1.4659999999999493,-5.713943110920671e-05,-0.0002384835095526877,1.0000737079785866,1.0001658522460684,0.0012893498450997408,0.0018985432000203997,0.0012993218366127441,0.0027924962093768308,0.0038160061059949128,0.009490595949798813
1.4669999999999492,-5.5843727145912724e-05,-0.00023657140048433827,1.0000740603230267,1.0001666457807206,0.0013020580814882316,0.001925674936678438,0.001303137954836023,0.002801987414351345,0.0038162303405626877,0.009491813999229765
1.4679999999999491,-5.453529585238848e-05,-0.000234632111082895,1.0000744133263957,1.0001674407879313,0.0013148045055602622,0.0019529038662080883,0.0013069542958355255,0.0028114798294533658,0.003816451658442271,0.009493016204811352
1.468999999999949,-5.321409904473726e-05,-0.00023266554417606799,1.0000747669867336,1.0001682372630494,0.0013275891097421846,0.001980229947445922,0.001310770856713533,0.0028209734389420915,0.0038166700975724604,0.009494202772640039
1.469999999999949,-5.188009854662088e-05,-0.00023067160263263948,1.000075121302078,1.000169035201414,0.0013404118864905762,0.0020076531394110884,0.0013145876346100178,0.0028304682272814697,0.0038168856953974023,0.00949537390611613
1.4709999999999488,-5.05332561891958e-05,-0.00022865018936210773,1.0000754762704382,1.0001698345982926,0.0013532728283595897,0.002035173401652434,0.0013184046267021537,0.002839964179137525,0.003817098488874219,0.009496529805994518
1.4719999999999487,-4.9173533810981764e-05,-0.00022660120731398273,1.0000758318898213,1.0001706354489435,0.0013661719280684806,0.0020627906945975454,0.001322221830203831,0.0028494612793757393,0.0038173085144804645,0.009497670670433788
1.4729999999999486,-4.780089325773187e-05,-0.0002245245594770893,1.0000761881582585,1.0001714377486806,0.0013791091784313091,0.002090504979189324,0.0013260392423651809,0.0028589595130584637,0.003817515808219197,0.009498796695014715
1.4739999999999485,-4.6415296382338365e-05,-0.000222420148879055,1.000076545073805,1.0001722414928718,0.0013920845723557058,0.0021183162168792744,0.001329856860472103,0.002868458865442358,0.0038177204056251525,0.009499908072773799
1.4749999999999484,-4.501670504473968e-05,-0.0002202878785858049,1.0000769026345393,1.0001730466769387,0.001405098102841653,0.002146224369620878,0.001333674681845801,0.002877959321975863,0.003817922341770837,0.00950100499423637
1.4759999999999482,-4.3605081111828713e-05,-0.00021812765170106294,1.0000772608385633,1.0001738532963562,0.0014181497629802823,0.0021742293998630595,0.0013374927038423226,0.002887460868296706,0.0038181216512725388,0.00950208764744926
1.4769999999999481,-4.2180386457362225e-05,-0.00021593937136585954,1.000077619684002,1.0001746613466511,0.001431239545952688,0.0022023312705437303,0.0013413109238521069,0.002896963490229437,0.003818318368296264,0.009503156218013042
1.477999999999948,-4.07425829618715e-05,-0.00021372294075804597,1.0000779791690029,1.0001754708234016,0.0014443674450287552,0.0022305299450834236,0.0013451293392995368,0.0029064671737830004,0.003818512526563593,0.009504210889113865
1.478999999999948,-3.9291632512574123e-05,-0.00021147826309181474,1.0000783392917356,1.0001762817222375,0.001457533453566004,0.0022588253873790064,0.0013489479476424973,0.0029159719051483346,0.003818704159357463,0.009505251841554863
1.4799999999999478,-3.782749700343361e-05,-0.00020920524161795832,1.0000787000502833,1.0001770940385855,0.0014707375647150256,0.002287217560333836,0.0013527667463719378,0.0029254776706959793,0.0038188932995236696,0.009506279253734195
1.4809999999999477,-3.635013833521964e-05,-0.00020690377962413205,1.0000790614425341,1.0001779077674193,0.001483979771712917,0.0023157064273186785,0.0013565857330114402,0.002934984456973712,0.003819079979480919,0.009507293301731324
1.4819999999999476,-3.485951841527454e-05,-0.00020457378043365305,1.0000794234662929,1.0001787229035186,0.001497260068177282,0.0023442919536393074,0.001360404905116796,0.0029444922507042724,0.003819264231230473,0.00950829415938873
1.4829999999999475,-3.3355599157281476e-05,-0.0002022151474043067,1.000079786119391,1.0001795394417237,0.0015105784478088554,0.0023729741050534173,0.0013642242602755897,0.0029540010387831103,0.003819446086357322,0.009509281998287369
1.4839999999999474,-3.183834248118184e-05,-0.0001998277839278976,1.0000801493996863,1.000180357376935,0.0015239349043904196,0.002401752847764739,0.0013680437961067862,0.002963510808276142,0.003819625576035602,0.009510256987776104
1.4849999999999473,-3.030771031309376e-05,-0.00019741159342980663,1.0000805133050623,1.0001811767041124,0.001537329431785736,0.0024306281484172284,0.001371863510260321,0.0029730215464175308,0.003819802731033938,0.009511219295000744
1.4859999999999471,-2.8763664585231647e-05,-0.00019496647936855335,1.0000808778334285,1.0001819974182744,0.0015507620239384905,0.0024595999740893294,0.0013756834004166984,0.0029825332406074974,0.0038199775817207193,0.009512169084932706
1.486999999999947,-2.7206167235826776e-05,-0.00019249234523536452,1.0000812429827197,1.0001828195144973,0.0015642326748712527,0.002488668292288316,0.0013795034642865934,0.0029920458784101624,0.003820150158069307,0.00951310652039731
1.487999999999947,-2.5635180209048927e-05,-0.00018998909455374802,1.0000816087508957,1.0001836429879145,0.0015777413786844479,0.0025178330709447034,0.0013833236996104595,0.0030015594475514117,0.0038203204896631706,0.009514031762101699
1.4889999999999468,-2.405066545492903e-05,-0.0001874566308790723,1.0000819751359409,1.000184467833716,0.0015912881295553434,0.0025470942784067375,0.0013871441041581416,0.0030110739359167937,0.0038204886057009633,0.00951494496866239
1.4899999999999467,-2.2452584929322078e-05,-0.0001848948577983276,1.0000823421358358,1.0001852940470881,0.001604872921658558,0.002576451883082688,0.0013909646757284924,0.0030205893315494356,0.003820654535000566,0.009515846296621673
1.4909999999999466,-2.0840900593870855e-05,-0.0001823036789298919,1.000082709748529,1.0001861216231558,0.0016184957492438887,0.00260590585378869,0.0013947854121489952,0.0030301056226479895,0.0038208183060050383,0.009516735900485818
1.4919999999999465,-1.921557441589178e-05,-0.00017968299792294856,1.000083077971965,1.0001869505570413,0.0016321566067142622,0.0026354561600980177,0.001398606311275392,0.0030396227975646134,0.0038209799467884254,0.00951761393276209
1.4929999999999464,-1.757656836826189e-05,-0.0001770327184569094,1.0000834468041135,1.0001877808439235,0.0016458554885455138,0.0026651027719803073,0.001402427370991316,0.003049140844802981,0.0038211394850595887,0.009518480543973805
1.4939999999999463,-1.5923844429346417e-05,-0.00017435274424102104,1.000083816242969,1.0001886124790367,0.001659592389285437,0.0026948456597963902,0.001406248589207929,0.0030586597530163112,0.003821296948166957,0.009519335882686143
1.4949999999999461,-1.4257364582927276e-05,-0.00017164297901397623,1.00008418628655,1.0001894454576707,0.0016733673035528463,0.002724684794293198,0.0014100699638635642,0.00306817951100542,0.0038214523631032137,0.009520180095531626
1.495999999999946,-1.2577090818132527e-05,-0.00016890332654353026,1.0000845569328989,1.0001902797751696,0.0016871802260366516,0.0027546201465987303,0.0014138914929233708,0.0030777001077168034,0.0038216057565099255,0.009521013327235258
1.496999999999946,-1.0882985129366728e-05,-0.00016613369062612235,1.0000849281800819,1.0001911154269312,0.001701031151494946,0.0027846516882170922,0.0014177131743789667,0.003087221532240741,0.0038217571546821094,0.009521835720639348
1.4979999999999458,-9.175009516242204e-06,-0.000163333975086502,1.0000853000261885,1.000191952408406,0.0017149200747541037,0.002814779391023593,0.001421535006248094,0.0030967437738094244,0.0038219065835727417,0.009522647416728001
1.4989999999999457,-7.453125983511207e-06,-0.00016050408377736025,1.0000856724693314,1.000192790715097,0.0017288469907078918,0.0028450032272599106,0.001425356986574279,0.003106266821795114,0.0038220540687972063,0.009523448554651296
1.4999999999999456,-5.717296541154131e-06,-0.00015764392057975387,1.0000860455075369,1.0001936303423038,0.0017428118940062609,0.0028753231679528087,0.001429179113426495,0.003115790665708294,0.003822199635634452,0.009524239271708031
1.5009999999999455,-3.9674832044679164e-06,-0.0001547533894035321,1.0000864191386374,1.0001944712848703,0.001756814779366167,0.0029057391844907144,0.0014330013848988295,0.003125315295195854,0.0038223433090347277,0.009525019703412501
1.5019999999999454,-2.203647993843468e-06,-0.00015183239418618396,1.000086793360382,1.0001953135374448,0.0017708556418827288,0.0029362512502055784,0.0014368237991101605,0.003134840700039339,0.0038224851136270067,0.009525789983557718
1.5029999999999453,-4.25752934544614e-07,-0.00014888083889169274,1.000087168170548,1.0001961570947384,0.0017849344767149793,0.0029668593387768825,0.0014406463542038339,0.003144366870153216,0.003822625073719889,0.009526550244196174
1.5039999999999452,1.3662399433553927e-06,-0.00014589862751019075,1.000087543566939,1.0001970019515232,0.0017990512790850342,0.0029975634242271096,0.0014444690483473466,0.0031538937955831454,0.0038227632133057705,0.009527300615662485
1.504999999999945,3.1723686050365446e-06,-0.00014288566405761856,1.0000879195473853,1.0001978481026321,0.0018132060442772693,0.0030283634809172726,0.001448291879732032,0.0031634214665042745,0.003822899556064954,0.009528041226595747
1.505999999999945,4.992671010993934e-06,-0.00013984185257538866,1.0000882961097437,1.0001986955429585,0.0018273987676375094,0.0030592594835425037,0.0014521148465727494,0.003172949873219553,0.0038230341253697115,0.009528772203961583
1.5069999999999448,6.827185117098802e-06,-0.00013676709713005355,1.0000886732518968,1.0001995442674543,0.0018416294445722271,0.003090251407127698,0.0014559379471075784,0.003182479006158071,0.00382316694428829,0.009529493673073935
1.5079999999999447,8.675948874658792e-06,-0.0001336613018129781,1.000089050971753,1.0002003942711304,0.0018558980705477538,0.0031213392270232165,0.001459761179597517,0.003192008855873416,0.003823298035588868,0.009530205757616537
1.5089999999999446,1.0539000230477418e-05,-0.00013052437074001616,1.000089429267246,1.0002012455490552,0.0018702046410894978,0.0031525229189006444,0.001463584542326183,0.0032015394130420565,0.003823427421743456,0.009530908579664134
1.5099999999999445,1.2416377126877691e-05,-0.0001273562080513653,1.0000898081363103,1.0002020980962998,0.0018845491517110475,0.0031838024584010796,0.0014674080335995204,0.0032110706684617364,0.0038235551249311286,0.009531602259695704
1.5109999999999444,1.4308117501725146e-05,-0.0001241567179114249,1.0000901875768577,1.0002029519078828,0.001898931597983862,0.0032151778214796877,0.0014712316517455073,0.003220602613049896,0.0038236811670424803,0.00953228691662323
1.5119999999999443,1.6214259288520587e-05,-0.00012092580450830943,1.0000905675868013,1.0002038069788262,0.0019133519756070192,0.003246648984751278,0.0014750553951138705,0.0032301352378421174,0.003823805569683988,0.009532962667819578
1.5129999999999442,1.813484041649192e-05,-0.00011766337205336608,1.000090948164079,1.0002046633042094,0.0019278102803356473,0.003278215925135433,0.0014788792620758031,0.0032396685339905924,0.0038239283541810732,0.009533629629130722
1.513999999999944,2.0069898810649843e-05,-0.0001143693247808721,1.000091329306654,1.000205520879169,0.0019423065079801943,0.0033098786198525352,0.0014827032510236846,0.0032492024927626055,0.003824049541581759,0.009534287914895608
1.514999999999944,2.2019472391842793e-05,-0.0001110435669477359,1.0000917110125143,1.000206379698897,0.001956840654405707,0.003341637046419848,0.0014865273603708055,0.003258737105539036,0.003824169152660278,0.009534937637965764
1.5159999999999438,2.3983599076811207e-05,-0.00010768600283320215,1.0000920932796717,1.0002072397586412,0.00197141271553112,0.003373491182647645,0.001490351588551096,0.0032682723638128813,0.0038242872079206356,0.009535578909724647
1.5169999999999437,2.5962316778241042e-05,-0.00010429653673856064,1.0000924761061627,1.000208101053704,0.0019860226873285526,0.0034054410066353905,0.0014941759340188565,0.003277808259187797,0.003824403727600122,0.009536211840106749
1.5179999999999436,2.7955663404816625e-05,-0.00010087507298685896,1.0000928594900467,1.000208963579442,0.002000670565822616,0.00343748649676797,0.001498000395248493,0.003287344783376659,0.0038245187316727856,0.009536836537616444
1.5189999999999435,2.9963676861272798e-05,-9.742151592261899e-05,1.000093243429407,1.0002098273312645,0.00201535634708973,0.0034696276317119712,0.001501824970734256,0.00329688192820014,0.0038246322398528547,0.009537453109346597
1.5199999999999434,3.198639504828279e-05,-9.393576991241658e-05,1.000093627922241,1.0002106923043725,0.0020300800269302537,0.0035018643886928396,0.0015056496589899802,0.0033064196855852957,0.0038247442715956285,0.009538061660964476
1.5209999999999433,3.4023855862346214e-05,-9.041773934546182e-05,1.000094012966352,1.0002115584934985,0.002044841601196587,0.003534196745216682,0.0015094744585488298,0.00331595804756416,0.0038248548461034316,0.009538662296763993
1.5219999999999432,3.6076097196005196e-05,-8.686732863245546e-05,1.0000943985594613,1.0002124258931744,0.0020596410661213806,0.003566624680796048,0.0015132993679630473,0.0033254970062723994,0.0038249639823313255,0.009539255119715154
1.522999999999943,3.814315693805909e-05,-8.328444220445212e-05,1.0000947846993176,1.000213294497996,0.0020744784179864057,0.0035991481752106315,0.0015171243858037068,0.0033350365539479812,0.003825071698987805,0.009539840231448419
1.523999999999943,4.022507297361325e-05,-7.966898451259491e-05,1.0000951713836967,1.0002141643026217,0.0020893536531219137,0.003631767208503789,0.0015209495106604698,0.0033445766829298413,0.003825178014538005,0.009540417732272127
1.5249999999999428,4.232188318412721e-05,-7.602086002785347e-05,1.0000955586104017,1.0002150353017716,0.002104266767906004,0.0036644817609790994,0.0015247747411413423,0.0033541173856565724,0.0038252829472068682,0.009540987721189706
1.5259999999999427,4.443362544746221e-05,-7.233997324076543e-05,1.000095946377262,1.0002159074902275,0.002119217758764,0.003697291813196971,0.001528600075872437,0.0033636586546651258,0.0038253865149822674,0.009541550295916643
1.5269999999999426,4.656033763792813e-05,-6.86262286611813e-05,1.0000963346821337,1.000216780862831,0.0021342066221678338,0.0037301973459712917,0.0015324255134977372,0.003373200482589533,0.0038254887356180905,0.009542105552897244
1.5279999999999425,4.870205762632976e-05,-6.487953081801259e-05,1.0000967235228984,1.0002176554144837,0.0021492333546354377,0.0037631983403661243,0.001536251052678865,0.003382742862159642,0.003825589626637285,0.009542653587321176
1.5289999999999424,5.0858823280012556e-05,-6.109978425898331e-05,1.0000971128974634,1.000218531140146,0.0021642979527301456,0.0037962947776924425,0.001540076692094851,0.0033922857861998727,0.0038256892053348604,0.009543194493139786
1.5299999999999423,5.3030672462867406e-05,-5.728689355058377e-05,1.000097502803735,1.000219408034777,0.0021794004129795535,0.0038294866391066357,0.0015439024304419087,0.0034018292476279805,0.0038257874887803315,0.009543728363075809
1.5309999999999422,5.521764303533513e-05,-5.344076327802687e-05,1.0000978932395932,1.0002202860932774,0.002194540731955886,0.003862773906007165,0.0015477282664332094,0.0034113732394538414,0.003825884493821194,0.009544255288646004
1.531999999999942,5.7419772854491254e-05,-4.9561298044807295e-05,1.0000982842029167,1.0002211653105468,0.002209718906356368,0.003896156560431987,0.0015515541987986632,0.003420917754778256,0.003825980237086324,0.009544775360183081
1.532999999999942,5.9637099774130084e-05,-4.564840247226465e-05,1.00009867569161,1.000222045681544,0.0022249349329212923,0.003929634584653301,0.0015553802262847005,0.0034304627867917698,0.0038260747349882908,0.009545288666844613
1.5339999999999419,6.186966164480746e-05,-4.170198119935075e-05,1.000099067703603,1.000222927201286,0.00224018880843346,0.003963207961174494,0.0015592063476540577,0.0034400083287735063,0.0038261680037261704,0.009545795296628329
1.5349999999999417,6.411749631388301e-05,-3.772193888239994e-05,1.0000994602368507,1.0002238098648468,0.002255480529717626,0.003996876672727125,0.001563032561685565,0.0034495543740900142,0.003826260059288323,0.009546295336387204
1.5359999999999416,6.63806416255618e-05,-3.3708180194902405e-05,1.0000998532893328,1.0002246936673576,0.00227081009363995,0.004030640702267948,0.0015668588671739368,0.0034591009161941302,0.0038263509174551345,0.009546788871844354
1.5369999999999415,6.86591354209355e-05,-2.9660609827280444e-05,1.0001002468590532,1.000225578604005,0.0022861774971074584,0.004064500032975978,0.0015706852629295653,0.003468647948623856,0.003826440593801721,0.009547275987607734
1.5379999999999414,7.095301553802299e-05,-2.557913248666766e-05,1.0001006409440398,1.0002264646700312,0.002301582737067512,0.004098454648249589,0.0015745117477783165,0.0034781954650012522,0.0038265291037006,0.009547756767184648
1.5389999999999413,7.326231981181038e-05,-2.1463652896691038e-05,1.0001010355423448,1.0002273518607323,0.0023170258105072775,0.004132504531703653,0.0015783383205613289,0.0034877434590313426,0.0038266164623243265,0.00954823129299607
1.5399999999999412,7.55870860741083e-05,-1.731407579817392e-05,1.0001014306519274,1.000228240171195,0.002332506714088548,0.004166649665330581,0.001582164980134814,0.0034972919245010235,0.0038267026846460607,0.009548699646365587
1.540999999999941,7.792735215340946e-05,-1.3130305949837969e-05,1.0001018262705412,1.0002291295960346,0.0023480254445137887,0.004200890031341323,0.0015859917253698592,0.0035068408552779862,0.0038267877854442733,0.009549161907559837
1.541999999999941,8.028315587511238e-05,-8.912248127162824e-06,1.0001022223958511,1.000230020129665,0.0023635819988920633,0.0042352256140089665,0.001589818555152235,0.0035163902453096796,0.003826871779307253,0.009549618155826755
1.5429999999999409,8.26545350617435e-05,-4.659807121252425e-06,1.0001026190255502,1.0002309117665646,0.00237917637437016,0.004269656397811831,0.0015936454683822053,0.0035259400886222844,0.003826954680633525,0.009550068469383334
1.5439999999999408,8.504152753299462e-05,-3.72887738631112e-07,1.0001030161573599,1.0002318045012764,0.002394808568132099,0.004304182367430793,0.0015974724639743392,0.0035354903793196907,0.003827036503634317,0.009550512925429033
1.5449999999999406,8.744417110576e-05,3.948605198957605e-06,1.0001034137890286,1.0002326983284058,0.002410478577398646,0.0043388035077466395,0.0016012995408573242,0.0035450411115824846,0.003827117262336,0.009550951600159011
1.5459999999999405,8.986250359417274e-05,8.304766854749654e-06,1.0001038119183325,1.000233593242621,0.002426186399426834,0.004373519803837459,0.0016051266979737835,0.003554592279666953,0.0038271969705824882,0.009551384568777207
1.5469999999999404,9.22965628096409e-05,1.2695692377156417e-05,1.0001042105430746,1.0002344892386517,0.0024419320315094886,0.004408331240976066,0.0016089539342800936,0.0035641438779040963,0.0038272756420376164,0.009551811905509227
1.5479999999999403,9.474638656088303e-05,1.712147689995818e-05,1.0001046096610842,1.0002353863112885,0.0024577154709747623,0.004443237804627464,0.0016127812487462061,0.0035736959006986584,0.0038273532901874803,0.009552233683615073
1.5489999999999402,9.721201265396325e-05,2.1582215542495078e-05,1.0001050092702168,1.000236284455382,0.002473536715185673,0.00447823948044633,0.0016166086403554712,0.0035832483425281667,0.00382742992834275,0.009552649975401709
1.54999999999994,9.969347889229067e-05,2.6078003409668344e-05,1.0001054093683326,1.0002371836657897,0.0024893957614691635,0.004513336253900198,0.001620436108104463,0.003592801197941983,0.0038275055696406156,0.009553060852231081
1.55099999999994,0.00010219082307661851,3.060893559193995e-05,1.0001058099532734,1.0002380839373235,0.0025052926071865173,0.004548528110643013,0.001624263651002807,0.003602354461560367,0.0038275802270473914,0.009553466384536958
1.5519999999999399,0.00010470408300511364,3.517510716570599e-05,1.0001062110228855,1.000238985264803,0.002521227249803734,0.004583815036889075,0.0016280912680730112,0.003611908128073556,0.003827653913361069,0.009553866641841272
1.5529999999999398,0.00010723329647342545,3.9776613193666836e-05,1.0001066125750415,1.0002398876431071,0.002537199686819885,0.004619197019032613,0.0016319189583502982,0.0036214621922408576,0.003827726641213163,0.00955426169276155
1.5539999999999397,0.00010977850127471873,4.441354872500586e-05,1.0001070146076392,1.0002407910671738,0.0025532099157666802,0.004654674043645435,0.0016357467208824403,0.0036310166488897496,0.00382779842307088,0.009554651605022672
1.5549999999999395,0.0001123397351997061,4.9086008795565876e-05,1.000107417118602,1.0002416955319988,0.0025692579342080457,0.0046902460974746025,0.0016395745547295954,0.0036405714929149953,0.003827869271239253,0.009555036445468493
1.5559999999999394,0.00011491703603667997,5.379408842802325e-05,1.0001078201058782,1.000242601032636,0.0025853437397396995,0.004725913167440152,0.0016434024589641466,0.0036501267192777663,0.0038279391978632542,0.009555416280073304
1.5569999999999393,0.00011751044157154419,5.8537882632059744e-05,1.000108223567441,1.0002435075641951,0.0026014673299887387,0.004761675240632832,0.0016472304326705432,0.0036596823230047796,0.003828008214929874,0.009555791173953141
1.5579999999999392,0.00012011998958784517,6.33174864045321e-05,1.000108627501288,1.0002444151218421,0.0026176287026132296,0.004797532304311875,0.0016510584749451433,0.003669238299187445,0.003828076334270178,0.009556161191376956
1.558999999999939,0.00012274571786680268,6.813299472963943e-05,1.000109031905441,1.0002453237007984,0.002633827855301804,0.004833484345902801,0.001654886584896059,0.003678794642981022,0.003828143567561335,0.009556526395777637
1.559999999999939,0.00012538766418714536,7.298450257810322e-05,1.0001094367778278,1.0002462332960715,0.002650064785383569,0.004869531351024774,0.0016587147616430032,0.0036883513496037824,0.0038282099263270268,0.00955688684974318
1.5609999999999389,0.00012804586632494692,7.787210490634963e-05,1.0001098421161656,1.00024714390219,0.002666339490219568,0.004905673305468055,0.0016625430043171372,0.003697908414336178,0.0038282754219410966,0.00955724261504814
1.5619999999999388,0.00013072036205385364,8.279589665767e-05,1.0001102479180815,1.0002480555134772,0.0026826519675938764,0.004941910197172684,0.0016663713120609234,0.003707465832520044,0.003828340065631051,0.009557593752683394
1.5629999999999387,0.00013341118914531034,8.775597276337447e-05,1.0001106541812315,1.0002489681243223,0.0026990022153195177,0.004978242014236248,0.0016701996840279782,0.0037170235995578086,0.003828403868478348,0.009557940322846376
1.5639999999999386,0.00013611838536858913,9.27524281429485e-05,1.0001110609032997,1.0002498817291794,0.0027153902312380823,0.005014668744911819,0.0016740281193829275,0.0037265817109117076,0.0038284668414202984,0.009558282384951402
1.5649999999999384,0.00013884198849081785,9.778535770420737e-05,1.0001114680819987,1.0002507963225664,0.0027318160132193572,0.005051190377605922,0.0016778566173012636,0.003736140162103003,0.003828528995251941,0.009558619997639862
1.5659999999999383,0.000141582036277008,0.0001028548563434486,1.0001118757150682,1.0002517118990648,0.0027482795591609556,0.005087806900876534,0.0016816851769692037,0.003745698948711218,0.003828590340627893,0.009558953218790274
1.5669999999999382,0.00014433856649008245,0.00010796101894560242,1.0001122838002756,1.0002526284533184,0.0027647808669879546,0.005124518303431103,0.0016855137975835496,0.0037552580663733773,0.003828650888064176,0.009559282105528213
1.567999999999938,0.00014711161689090268,0.00011310394038438026,1.0001126923354153,1.0002535459800326,0.0027813199346525355,0.005161324574124592,0.0016893424783515517,0.0037648175107832596,0.0038287106479400206,0.009559606714236104
1.568999999999938,0.00014990122523829576,0.00011828371552242133,1.000113101318308,1.0002544644739737,0.0027978967601336308,0.005198225701957556,0.0016931712184907715,0.0037743772776906593,0.0038287696304996448,0.00955992710056289
1.569999999999938,0.00015270742928905133,0.00012350043921123172,1.0001135107467836,1.0002553839299138,0.0028145113413774996,0.005235221675663192,0.0016970000172289482,0.003783937362900656,0.003828827845853803,0.009560243319430069
1.5709999999999378,0.00015553026679791847,0.00012875420629112255,1.000113920618663,1.0002563043425756,0.002831163676356795,0.005272312484118496,0.001700828873803866,0.0037934977622728935,0.003828885303981739,0.009560555425044796
1.5719999999999377,0.00015836977551766165,0.00013404511159155957,1.0001143309317764,1.0002572257066882,0.002847853763129564,0.005309498116755555,0.0017046577874632234,0.0038030584717208722,0.003828942014733095,0.009560863470912607
1.5729999999999376,0.00016122599319911605,0.0001393732499315096,1.0001147416839797,1.000258148017041,0.0028645815997792256,0.005346778563144537,0.0017084867574645047,0.00381261948721125,0.0038289979878293914,0.009561167509842981
1.5739999999999374,0.00016409895759121279,0.0001447387161195778,1.000115152873155,1.0002590712684833,0.0028813471844142393,0.005384153812991884,0.0017123157830748522,0.0038221808047631503,0.003829053232865691,0.0095614675939584
1.5749999999999373,0.0001669887064410038,0.00015014160495414302,1.0001155644972095,1.0002599954559237,0.0028981505151677777,0.005421623856138532,0.001716144863570941,0.003831742420447481,0.003829107759312245,0.009561763774703289
1.5759999999999372,0.0001698952774936864,0.00015558201122349138,1.0001159765540761,1.0002609205743287,0.002914991590197404,0.005459188682558155,0.0017199739982388551,0.003841304330386259,0.0038291615765161176,0.009562056102852831
1.5769999999999371,0.00017281870849262748,0.00016106002970594816,1.0001163890417124,1.0002618466187223,0.002931870407684753,0.005496848282355428,0.0017238031863739645,0.0038508665307519464,0.003829214693702786,0.009562344628521686
1.577999999999937,0.00017575903717938747,0.00016657575517000804,1.0001168019581004,1.0002627735841854,0.002948786965835218,0.005534602645764315,0.0017276324272808047,0.0038604290177667935,0.0038292671199777243,0.009562629401172572
1.578999999999937,0.0001787163012937439,0.0001721292823744634,1.0001172153012468,1.0002637014658549,0.0029657412628776372,0.005572451763146382,0.0017314617202729575,0.0038699917877021922,0.0038293188643279638,0.009562910469624757
1.5799999999999368,0.00018169053857350703,0.00017772070606748562,1.0001176290690619,1.0002646302586526,0.0029827332966486254,0.005610395622898087,0.0017352910646729327,0.003879554836878028,0.003829369935622385,0.009563187882047137
1.5809999999999367,0.0001846817867543364,0.00018335012098571001,1.0001180432592416,1.000265559957018,0.00299976306501007,0.0056484342135507135,0.001739120459812051,0.003889118161662043,0.0038294203426145522,0.009563461685982575
1.5819999999999366,0.00018769008356997444,0.00018901762185542044,1.0001184578693896,1.0002664905551841,0.0030168305662660283,0.005686567525870163,0.001742949905030331,0.00389868175846922,0.0038294700939454263,0.009563731928370919
1.5829999999999365,0.00019071546675247884,0.00019472330339372708,1.0001188728971386,1.0002674220474506,0.0030339357987427414,0.0057247955507431355,0.0017467793996763755,0.003908245623761176,0.0038295191981435666,0.009563998655541367
1.5839999999999363,0.00019375797403224437,0.0002004672603086864,1.0001192883401502,1.0002683544281827,0.0030510787607883456,0.005763118279175546,0.0017506089431072605,0.003917809754045556,0.0038295676636265936,0.009564261913220413
1.5849999999999362,0.00019681764313802483,0.00020624958729941966,1.000119704196114,1.0002692876918111,0.003068259450772585,0.005801535702290967,0.0017544385346884251,0.003927374145875437,0.0038296154987026306,0.009564521746539692
1.5859999999999361,0.0001998945117969544,0.0002120703790562297,1.0001201204627477,1.00027022183283,0.0030854778670865294,0.005840047811329089,0.0017582681737935623,0.003936938795848728,0.0038296627115717297,0.009564778200043712
1.586999999999936,0.0002029886177345688,0.00021792973026071635,1.0001205371377961,1.0002711568457974,0.0031027340081422957,0.0058786545976442,0.0017620978598045119,0.0039465037006075985,0.003829709310327277,0.009565031317697498
1.587999999999936,0.00020609999867482633,0.0002238277355858903,1.000120954219032,1.0002720927253332,0.0031200278723727713,0.005917356052703687,0.0017659275921111542,0.003956068856837894,0.00382975530295738,0.009565281142894136
1.5889999999999358,0.0002092286923401284,0.00022976448969628543,1.000121371704254,1.0002730294661197,0.003137359458231344,0.005956152168086555,0.001769757370111306,0.003965634261268572,0.0038298006973462367,0.009565527718462204
1.5899999999999357,0.000212374736451309,0.00023574008724787956,1.000121789591271,1.000273967062852,0.003154728764129875,0.0059950429351017165,0.0017735871932106169,0.003975199910671139,0.0038298455012753295,0.009565771086670744
1.5909999999999356,0.00021553816872762422,0.00024175462288801483,1.0001222078778826,1.0002749055101896,0.0031721357885005634,0.006034028345168789,0.001777417060822467,0.003984765801859093,0.0038298897224249263,0.009566011289239014
1.5919999999999355,0.00021871902688680336,0.0002478081912556986,1.0001226265618979,1.0002758448028055,0.003189580529857709,0.006073108390198762,0.0017812469723678672,0.0039943319316873855,0.0038299333683755503,0.009566248367345952
1.5929999999999354,0.00022191734864509974,0.0002539008869819022,1.000123045641152,1.0002767849354337,0.003207062986735051,0.006112283062208466,0.0017850769272753596,0.004003898297051876,0.0038299764466091196,0.0095664823616348
1.5939999999999352,0.00022513317171731002,0.000260032804689666,1.0001234651135065,1.0002777259028686,0.0032245831576855127,0.006151552353319188,0.0017889069249809194,0.004013464894888803,0.0038300189645102266,0.00956671331222007
1.5949999999999351,0.00022836653381679326,0.0002662040389942033,1.0001238849768486,1.0002786676999638,0.0032421410412809518,0.006190916255755303,0.0017927369649278582,0.00402303172217426,0.0038300609293674065,0.00956694125869443
1.595999999999935,0.0002316174726554897,0.0002724146845030024,1.0001243052290907,1.0002796103216318,0.003259736636111911,0.006230374761842924,0.001796567046566729,0.004032598775923675,0.003830102348374386,0.009567166240135483
1.596999999999935,0.00023488602594393934,0.00027866483581592816,1.0001247258681707,1.000280553762843,0.003277369940787375,0.0062699278640085745,0.001800397169355232,0.004042166053191299,0.0038301432286313155,0.00956738829511248
1.5979999999999348,0.00023817223139130028,0.0002849545875253214,1.0001251468920511,1.0002814980186248,0.003295040953934529,0.006309575554777872,0.0018042273327581206,0.004051733551069702,0.0038301835771459886,0.009567607461692922
1.5989999999999347,0.0002414761267053668,0.00029128403421609746,1.000125568298719,1.0002824430840613,0.0033127496741985197,0.006349317826774228,0.001808057536247111,0.004061301266689273,0.003830223400835042,0.009567823777449103
1.5999999999999346,0.0002447977495923742,0.00029765327046472797,1.0001259900860675,1.0002833889540181,0.0033304960998163,0.0063891546704867835,0.0018118877793007907,0.0040708691972177235,0.0038302627065241986,0.00956803727945258
1.6009999999999345,0.0002481371377568048,0.00030406239083822736,1.0001264122517801,1.0002843356228694,0.003348280229044937,0.006429086076511991,0.001815718061404528,0.004080437339859596,0.003830301500950429,0.009568248004293118
1.6019999999999344,0.0002514943289016218,0.0003105114898953802,1.0001268347934504,1.0002852830847793,0.003366102060589097,0.006469112037793675,0.0018195483820503853,0.004090005691855791,0.0038303397907640253,0.009568455988096579
1.6029999999999343,0.00025486936072850156,0.0003170006621879611,1.000127257708701,1.0002862313339795,0.003383961593170419,0.006509232547368135,0.0018233787407370317,0.004099574250483099,0.0038303775825287716,0.009568661266518856
1.6039999999999341,0.00025826227093785043,0.00032353000226082666,1.0001276809951831,1.000287180364768,0.0034018588255272965,0.006549447598362935,0.0018272091369696576,0.004109143013053734,0.0038304148827230703,0.009568863874751993
1.604999999999934,0.00026167309722882143,0.00033009960465200597,1.0001281046505766,1.000288130171508,0.0034197937564146553,0.006589757183995703,0.0018310395702598897,0.004118711976914875,0.0038304516977410536,0.009569063847530212
1.605999999999934,0.00026510187729933063,0.0003367095638927903,1.0001285286725892,1.000289080748628,0.0034377663846037374,0.006630161297572958,0.001834870040125707,0.004128281139448208,0.003830488033893678,0.009569261219135872
1.6069999999999338,0.00026854864884607346,0.00034335997450782123,1.000128953058956,1.00029003209062,0.003455776708881888,0.006670659932488939,0.0018387005460913587,0.004137850498069479,0.003830523897409808,0.00956945602340535
1.6079999999999337,0.0002720134495645406,0.00035005093101517795,1.00012937780744,1.0002909841920395,0.003473824728052344,0.006711253082224456,0.0018425310876872822,0.004147420050228049,0.003830559294437283,0.009569648293734842
1.6089999999999336,0.0002754963171490338,0.00035678252792646306,1.0001298029158308,1.0002919370475039,0.0034919104409340262,0.006751940740345756,0.001846361664450023,0.004156989793406459,0.003830594231043972,0.009569838063086093
1.6099999999999335,0.00027899728929264926,0.00036355485974668827,1.000130228381927,1.000292890651644,0.003510033846296893,0.006792722900104654,0.0018501922759221543,0.004166559725119997,0.00383062871321869,0.009570025363990214
1.6109999999999334,0.000282516403687261,0.0003703680209741598,1.0001306542035189,1.0002938449990564,0.0035281949429265833,0.006833599554838403,0.0018540229216522,0.0041761298429162695,0.003830662746872355,0.009570210228555191
1.6119999999999333,0.0002860536980235687,0.00037722210610076357,1.0001310803784065,1.0002948000843517,0.0035463937296889214,0.006874570698369177,0.0018578536011945557,0.0041857001443747835,0.003830696337839121,0.009570392688473168
1.6129999999999332,0.0002896092099911455,0.00038411720961224825,1.0001315069044157,1.0002957559022014,0.003564630205464599,0.0069156363246001395,0.001861684314109414,0.004195270627106532,0.003830729491877251,0.009570572775024004
1.613999999999933,0.0002931829772784523,0.0003910534259883055,1.0001319337793986,1.0002967124473383,0.00358290436914898,0.006956796427514383,0.0018655150599626877,0.004204841288753584,0.003830762214670105,0.00957075051908064
1.614999999999933,0.00029677503757285275,0.0003980308497026496,1.0001323610012334,1.000297669714555,0.0036012162196519095,0.006998051001173875,0.0018693458383259364,0.004214412126988682,0.003830794511827115,0.009570925951114391
1.6159999999999328,0.0003003854285606275,0.00040504957522309576,1.0001327885678235,1.0002986276987031,0.003619565755897523,0.007039400039718431,0.0018731766487762923,0.004223983139514839,0.003830826388884745,0.009571099101200173
1.6169999999999327,0.0003040141879269883,0.00041210969701163734,1.0001332164770977,1.0002995863946935,0.0036379529768240586,0.0070808435373646865,0.0018770074908963884,0.00423355432406495,0.0038308578513074417,0.009571269999021654
1.6179999999999326,0.00030766135335609214,0.00041921130952452223,1.00013364472701,1.000300545797494,0.003656377881383674,0.007122381488405095,0.0018808383642742864,0.004243125678401399,0.0038308889044885715,0.009571438673876356
1.6189999999999325,0.0003113269625310551,0.0004263545072123282,1.000134073315538,1.0003015059021299,0.0036748404685422627,0.0071640138872069315,0.0018846692685034064,0.004252697200315677,0.0038309195537513437,0.009571605154680668
1.6199999999999324,0.0003150110531337356,0.00043353938451885977,1.0001345022405623,1.0003024667034055,0.0036933407368188132,0.007205740725856114,0.0018885002031824565,0.004262268887628,0.0038309498043489713,0.009571769469965538
1.6209999999999323,0.0003187136628445193,0.00044076603588005033,1.0001349314997445,1.0003034281956311,0.003711878684748646,0.007247561996524948,0.0018923311679153643,0.004271840738186929,0.0038309796614663634,0.009571931647891111
1.6219999999999322,0.00032243482934256643,0.0004480345557252313,1.0001353610906525,1.0003043903729048,0.0037304543113455494,0.007289477693836922,0.0018961621623112084,0.004281412749869005,0.0038310091302217464,0.009572091716260587
1.622999999999932,0.00032617459030605733,0.00045534503847839285,1.0001357910108832,1.0003053532293926,0.0037490676156362694,0.007331487812486163,0.0018999931859841526,0.0042909849205783925,0.003831038215666768,0.009572249702515462
1.623999999999932,0.00032993298341220563,0.0004626975785582542,1.000136221258063,1.0003063167593278,0.0037677185966603372,0.007373592347236504,0.0019038242385533797,0.0043005572482465206,0.003831066922787364,0.009572405633740243
1.6249999999999318,0.00033371004633727075,0.0004700922703783327,1.000136651829846,1.0003072809570093,0.0037864072534699025,0.007415791292920573,0.0019076553196430257,0.004310129730831724,0.0038310952565046136,0.00957255953666709
1.6259999999999317,0.00033750581675657046,0.0004775292083470124,1.0001370827239158,1.0003082458168018,0.0038051335851295672,0.007458084644438883,0.0019114864288821158,0.004319702366318898,0.0038311232216755825,0.009572711437680402
1.6269999999999316,0.00034132033234449333,0.0004850084868676113,1.0001375139379831,1.0003092113331344,0.0038238975907162226,0.007500472396758943,0.0019153175659045007,0.004329275152719149,0.003831150823094156,0.009572861362821334
1.6279999999999315,0.00034515363077451086,0.000492530200338448,1.0001379454697865,1.0003101775004999,0.003842699269318887,0.007542954544914379,0.0019191487303487937,0.0043388480880694556,0.00383117806549186,0.009573009337792275
1.6289999999999314,0.00034900574971918956,0.0005000944431529072,1.0001383773170918,1.0003111443134536,0.0038615386200385473,0.007585531084004063,0.0019229799218583089,0.004348421170432332,0.0038312049535386737,0.009573155387961248
1.6299999999999313,0.00035287672685016926,0.0005077013096993343,1.000138809477674,1.0003121117665739,0.003880415641920882,0.007628202008849893,0.001926811140081,0.004357994397895496,0.003831231491843735,0.009573299538365106
1.6309999999999312,0.0003567665998381415,0.0005153508943609289,1.0001392419493003,1.0003130798544226,0.0038993303340236632,0.007670967314339322,0.0019306423846694,0.0043675677685715356,0.0038312576849562296,0.009573441813715047
1.631999999999931,0.0003606754063528953,0.0005230432915159822,1.000139674729747,1.000314048571584,0.00391828269548399,0.007713826995767378,0.0019344736552805613,0.004377141280597594,0.003831283537366263,0.009573582238401962
1.632999999999931,0.00036460318406336244,0.0005307785955381113,1.0001401078168177,1.000315017912704,0.003937272725450303,0.007756781048490923,0.001938304951575997,0.004386714932135044,0.0038313090535055344,0.009573720836499442
1.6339999999999308,0.00036854997063762873,0.0005385569007963207,1.0001405412083417,1.0003159878724897,0.003956300423082231,0.007799829467927837,0.0019421362732216238,0.004396288721369178,0.0038313342377480956,0.009573857631767903
1.6349999999999307,0.00037251580374294505,0.0005463783016550627,1.0001409749021748,1.000316958445708,0.003975365787550453,0.007842972249556223,0.0019459676198877035,0.0044058626465088915,0.003831359094411101,0.009573992647658666
1.6359999999999306,0.00037650072104573857,0.0005542428924742976,1.0001414088961984,1.000317929627185,0.003994468818036543,0.007886209388913606,0.0019497989912487868,0.00441543670578638,0.003831383627755547,0.00957412590731797
1.6369999999999305,0.00038050476021162324,0.0005621507676095525,1.0001418431883196,1.000318901411806,0.004013609513732835,0.00792954088159616,0.0019536303869836583,0.004425010897456835,0.003831407841987005,0.009574257433590947
1.6379999999999304,0.0003845279589054108,0.0005701020214119796,1.0001422777764701,1.0003198737945136,0.004032787873842277,0.00797296672325793,0.00195746180677528,0.004434585219798143,0.0038314317412563395,0.00957438724902554
1.6389999999999303,0.0003885703547911211,0.0005780967482284135,1.0001427126586069,1.000320846770308,0.0040520038975782905,0.00801648690961008,0.0019612932503107385,0.004444159671110594,0.0038314553296604215,0.009574515375876367
1.6399999999999302,0.0003926319855317572,0.0005861350424001784,1.0001431478325913,1.000321820333964,0.004071257583693981,0.008060101433919593,0.0019651247172811897,0.0044537342497165825,0.0038314786112422614,0.009574641836101289
1.64099999999993,0.0003967128887890821,0.0005942169982619003,1.0001435832960703,1.0003227944797537,0.0040905489309557876,0.008103810289524175,0.001968956207381807,0.00446330895396032,0.0038315015899923,0.009574766651372796
1.64199999999993,0.0004008131022238679,0.0006023427101428337,1.0001440190465998,1.0003237692017328,0.00410987793861582,0.00814761347234275,0.001972787720311728,0.00447288378220755,0.0038315242698496476,0.00957488984308878
1.6429999999999298,0.0004049326634961438,0.0006105122723681791,1.0001444550817646,1.0003247444940258,0.0041292446059360485,0.008191510978348034,0.0019766192557740037,0.004482458732845279,0.0038315466547021735,0.009575011432368762
1.6439999999999297,0.00040907161026520594,0.000618725779259136,1.0001448913991793,1.000325720350824,0.004148648932188168,0.008235502803565825,0.0019804508134755486,0.004492033804281492,0.0038315687483871735,0.009575131440057512
1.6449999999999296,0.00041322998018962677,0.0006269833251329562,1.0001453279964867,1.0003266967663855,0.004168090916653476,0.008279588944074306,0.001984282393127088,0.004501608994944886,0.0038315905546920286,0.00957524988672863
1.6459999999999295,0.00041740781092726486,0.000635285004302995,1.000145764871358,1.000327673735034,0.0041875705586227425,0.008323769396003348,0.0019881139944431117,0.004511184303284594,0.0038316120773548533,0.00957536679268807
1.6469999999999294,0.0004216051401352743,0.0006436309110787636,1.000146202021493,1.0003286512511573,0.004207087857396085,0.008368044155533836,0.0019919456171418218,0.004520759727769927,0.0038316333200651364,0.00957548217797762
1.6479999999999293,0.00042582200547011375,0.000652021139765979,1.0001466394446186,1.000329629309208,0.004226642812282846,0.008412413218896991,0.0019957772609450865,0.0045303352668901046,0.0038316542864643742,0.009575596062378348
1.6489999999999292,0.0004300584445875559,0.0006604557846666143,1.000147077138489,1.0003306079037015,0.004246235422601473,0.008456876582373709,0.001999608925578392,0.004539910919154001,0.003831674980146695,0.009575708465413982
1.649999999999929,0.0004343144951426614,0.00066893494007877,1.0001475151008685,1.0003315870291762,0.004265865687609598,0.008501434241937446,0.002003440610770795,0.004549486683089884,0.0038316954046594015,0.00957581940635338
1.650999999999929,0.00043859019478975327,0.0006774587002965449,1.0001479533295128,1.0003325666801541,0.004285533606574193,0.008546086193612232,0.0020072723162548765,0.004559062557245168,0.0038317155635036564,0.009575928904214768
1.6519999999999289,0.0004428855811824611,0.0006860271596102659,1.0001483918221874,1.0003335468511803,0.00430523917884151,0.008590832433829984,0.002011104041766696,0.00456863854018616,0.003831735460135153,0.009576036977769858
1.6529999999999287,0.0004472006919737651,0.0006946404123067157,1.0001488305766848,1.0003345275368616,0.004324982403766425,0.008635672959069671,0.002014935787045746,0.004578214630497819,0.003831755097964633,0.009576143645546157
1.6539999999999286,0.0004515355648160045,0.000703298552669179,1.0001492695908236,1.0003355087318664,0.0043447632807123195,0.008680607765856692,0.0020187675518349075,0.004587790826783507,0.0038317744803584718,0.009576248925830153
1.6549999999999285,0.00045589023736088613,0.0007120016749774885,1.0001497088624491,1.0003364904309229,0.004364581809050973,0.008725636850762261,0.0020225993358804063,0.004597367127664757,0.0038317936106392544,0.009576352836670443
1.6559999999999284,0.00046026474725949283,0.000720749873508071,1.000150148389432,1.0003374726288192,0.00438443798816245,0.008770760210402807,0.0020264311389317693,0.004606943531781033,0.003831812492086347,0.00957645539588083
1.6569999999999283,0.00046465913216229155,0.000729543242533992,1.0001505881696684,1.0003384553204024,0.00440433181743499,0.008815977841439374,0.0020302629607417805,0.004616520037789495,0.0038318311279364574,0.009576556621043375
1.6579999999999282,0.0004690734297191415,0.0007383818763250003,1.0001510282010802,1.0003394385005775,0.004424263296264902,0.008861289740577037,0.002034094801066441,0.004626096644364773,0.0038318495213841906,0.00957665652951142
1.658999999999928,0.00047350767757930215,0.000747265869147571,1.0001514684816137,1.0003404221643069,0.004444232424056455,0.008906695904564317,0.002037926659664924,0.004635673350198735,0.003831867675582597,0.009576755138412558
1.659999999999928,0.0004779619133911878,0.0007561953152636552,1.0001519090091158,1.0003414063063305,0.004464239199714923,0.008952196327604144,0.002041758536299537,0.004645250154000265,0.003831885593643258,0.009576852464646034
1.6609999999999279,0.0004824361748021237,0.0007651703089294363,1.0001523497812104,1.0003423909208895,0.004484283622156817,0.008997791003958089,0.0020455904307356775,0.004654827054495034,0.003831903278637298,0.009576948524891462
1.6619999999999278,0.0004869304994586114,0.0007741909443966878,1.0001527907954257,1.000343376002012,0.004504365690818517,0.00904347993054486,0.0020494223427417945,0.004664404050425288,0.003831920733596351,0.00957704333561708
1.6629999999999276,0.0004914449250065927,0.0007832573159141222,1.0001532320493203,1.000344361543794,0.0045244854051438655,0.009089263104323958,0.002053254272089349,0.004673981140549634,0.003831937961512617,0.00957713691307688
1.6639999999999275,0.0004959794890914566,0.0007923695177274318,1.0001536735404812,1.000345347540399,0.0045446427645840694,0.00913514052229513,0.002057086218552775,0.0046835583236428295,0.003831954965339371,0.009577229273313406
1.6649999999999274,0.0005005342293580474,0.0008015276440793283,1.0001541152665254,1.0003463339860572,0.004564837768597603,0.00918111218149785,0.0020609181819094403,0.004693135598495567,0.003831971747991474,0.009577320432160502
1.6659999999999273,0.0005051091834506712,0.0008107317892095826,1.000154557225098,1.0003473208750646,0.0045850704166501095,0.009227178079010776,0.002064750161939609,0.00470271296391427,0.0038319883123458685,0.009577410405246024
1.6669999999999272,0.0005097043890131035,0.0008199820473550637,1.000154999413873,1.0003483082017817,0.004605340708214311,0.009273338211951246,0.002068582158426403,0.0047122904187208905,0.0038320046612420754,0.009577499207994524
1.667999999999927,0.0005143198836885956,0.0008292785127497767,1.0001554418305516,1.0003492959606333,0.00462564864276991,0.009319592577474752,0.002072414171155765,0.004721867961752703,0.003832020797482678,0.009577586855629898
1.668999999999927,0.0005189557051198823,0.0008386212796249013,1.000155884472863,1.0003502841461076,0.004645994219803499,0.009365941172774447,0.0020762461999164236,0.004731445591862107,0.003832036723833805,0.009577673363177988
1.6699999999999269,0.0005236118909491701,0.000848010442208612,1.0001563273385552,1.0003512727527093,0.004666377438772232,0.009412383994647172,0.0020800782444998535,0.00474102330791643,0.003832052443025574,0.009577758745468368
1.6709999999999268,0.0005282884788181263,0.0008574460947259002,1.0001567704253853,1.0003522617749139,0.004686798299140225,0.009458921039929222,0.0020839103047002425,0.004750601108797733,0.0038320679577525914,0.009577843017137728
1.6719999999999267,0.0005329855063679039,0.0008669283313988304,1.000157213731129,1.0003532512072133,0.004707256800414835,0.009505552305931066,0.002087742380314456,0.004760178993402618,0.0038320832706744403,0.00957792619263315
1.6729999999999265,0.0005377030112391663,0.0008764572464467952,1.0001576572535884,1.0003542410441624,0.004727752942109947,0.009552277789998804,0.0020915744711420014,0.004769756960642042,0.0038320983844161082,0.009578008286213776
1.6739999999999264,0.0005424410310720943,0.0008860329340865515,1.000158100990592,1.0003552312803772,0.004748286723745886,0.009599097489513694,0.002095406576984994,0.004779335009441125,0.0038321133015684367,0.009578089311953248
1.6749999999999263,0.0005471996035063919,0.0008956554885322542,1.0001585449399946,1.0003562219105346,0.0047688581448493295,0.009646011401891688,0.0020992386976481222,0.004788913138738972,0.0038321280246885665,0.009578169283742126
1.6759999999999262,0.0005519787661812933,0.0009053250039954916,1.0001589890996763,1.0003572129293716,0.004789467204953227,0.009693019524582968,0.002103070832938617,0.004798491347488489,0.0038321425563003744,0.00957824821529027
1.676999999999926,0.0005567785567355682,0.0009150415746853188,1.0001594334675428,1.0003582043316845,0.0048101139035967135,0.009740121855071495,0.0021069029826662144,0.004808069634656198,0.0038321568988949075,0.009578326120129182
1.677999999999926,0.0005615990128075291,0.0009248052948082918,1.0001598780415246,1.0003591961123282,0.004830798240325033,0.009787318390874563,0.002110735146643127,0.00481764799922207,0.003832171054930809,0.00957840301161434
1.6789999999999259,0.0005664401720350364,0.0009346162585685003,1.0001603228195775,1.0003601882662148,0.004851520214689451,0.009834609129542354,0.00211456732468401,0.004827226440179341,0.0038321850268347416,0.009578478902927479
1.6799999999999258,0.0005713020720552463,0.0009444745601662734,1.0001607677995588,1.0003611807880395,0.004872279825730477,0.009881994066003921,0.002118399516605928,0.004836804956534342,0.0038321988170014576,0.009578553807074659
1.6809999999999257,0.0005761847505043606,0.0009543802937968943,1.000161212979108,1.0003621736720074,0.004893077072498148,0.009929473195237752,0.0021222317222283262,0.004846383547306326,0.003832212427794573,0.009578627736892907
1.6819999999999256,0.0005810882450178949,0.0009643335536519808,1.0001616583557704,1.000363166912115,0.0049139119545704895,0.00997704651493532,0.002126063941372997,0.004855962211527301,0.0038322258615473047,0.009578700705056498
1.6829999999999254,0.0005860125932309457,0.0009743344339208579,1.0001621039271213,1.000364160502427,0.004934784471531147,0.010024714022818838,0.002129896173864052,0.004865540948241867,0.003832239120562519,0.009578772724074825
1.6839999999999253,0.0005909578327781959,0.0009843830287905877,1.000162549690765,1.0003651544370757,0.0049556946229693125,0.010072475716640859,0.00213372841952789,0.004875119756507051,0.003832252207113127,0.009578843806294542
1.6849999999999252,0.0005959240012939204,0.000994479432446,1.000162995644334,1.0003661487102606,0.00497664240847965,0.010120331594183865,0.0021375606781931676,0.004884698635392149,0.0038322651234424733,0.009578913963901682
1.6859999999999251,0.0006009111364119914,0.0010046237390697217,1.0001634417854903,1.0003671433162464,0.004997627827662223,0.010168281653259875,0.002141392949690771,0.004894277583978562,0.0038322778717647214,0.009578983208923753
1.686999999999925,0.0006059192757658837,0.0010148160428422068,1.000163888111923,1.0003681382493634,0.005018650880122421,0.01021632589171004,0.002145225233853786,0.00490385660135964,0.003832290454265233,0.009579051553231788
1.687999999999925,0.0006109484569886803,0.001025056437941764,1.0001643346213496,1.000369133504006,0.005039711565470891,0.010264464307404264,0.002149057530517469,0.004913435686640527,0.0038323028731009423,0.009579119008542395
1.6889999999999248,0.0006159987177130775,0.0010353450185445865,1.0001647813115147,1.0003701290746314,0.005060809883323468,0.010312696898240825,0.00215288983951922,0.004923014838938008,0.0038323151304007264,0.009579185586419755
1.6899999999999247,0.0006210700955713616,0.0010456818788245972,1.000165228180177,1.0003711249557234,0.005081945833244735,0.010361023661780842,0.0021567221606985532,0.004932594057380357,0.0038323272282657383,0.009579251298277115
1.6909999999999246,0.0006261626281953863,0.0010560671129532953,1.0001656752250956,1.0003721211417533,0.005103119414804735,0.010409444595615495,0.002160554493897071,0.004942173341107185,0.0038323391687697995,0.009579316155379266
1.6919999999999245,0.0006312763532166064,0.0010665008150999692,1.0001661224440437,1.0003731176272177,0.0051243306276354565,0.010457959697732189,0.002164386838958436,0.004951752689269297,0.0038323509539597888,0.009579380168844957
1.6929999999999243,0.000636411308266111,0.001076983079431908,1.000166569834821,1.0003741144066756,0.005145579471373793,0.010506568966145158,0.002168219195728344,0.004961332101028544,0.0038323625858559594,0.009579443349648293
1.6939999999999242,0.0006415675309746286,0.0010875140001144281,1.0001670173952537,1.000375111474747,0.005166865945661481,0.0105552723988951,0.002172051564054498,0.0049709115755576785,0.0038323740664522846,0.009579505708620616
1.6949999999999241,0.0006467450589725319,0.0010980936713109002,1.000167465123194,1.0003761088261127,0.005188190050145032,0.010604069994048832,0.0021758839437865823,0.004980491112040215,0.0038323853977168007,0.009579567256452362
1.695999999999924,0.0006519439298898423,0.001108722187182774,1.0001679130165195,1.0003771064555134,0.005209551784475669,0.01065296174969893,0.0021797163347762366,0.004990070709670289,0.003832396581591944,0.009579628003694897
1.696999999999924,0.0006571641813562347,0.0011193996418896051,1.0001683610731336,1.000378104357748,0.005230951148309266,0.010701947663963401,0.00218354873687703,0.004999650367652517,0.003832407619994883,0.009579687960762324
1.6979999999999238,0.0006624058510010426,0.0011301261295890794,1.0001688092909642,1.0003791025276745,0.005252388141306284,0.01075102773498533,0.002187381149944436,0.0050092300852018655,0.003832418514817849,0.00957974713793327
1.6989999999999237,0.0006676689764532615,0.0011409017444370384,1.0001692576679644,1.000380100960208,0.005273862763131711,0.010800201960932551,0.002191213573835809,0.005018809861543508,0.003832429267928459,0.009579805545352649
1.6999999999999236,0.0006729535953412871,0.001151726580586091,1.0001697062019894,1.0003810996500393,0.005295375012919565,0.010849470337172547,0.0021950460084103583,0.0050283896959127,0.0038324398811697717,0.009579863193030093
1.7009999999999235,0.000678259745292653,0.0011626007321842353,1.000170154890676,1.0003820985913563,0.005316924889812166,0.010898832859116067,0.0021988784535291236,0.0050379695875546375,0.003832450356360882,0.00957992009084515
1.7019999999999234,0.0006835874639343077,0.0011735242933763193,1.0001706037315672,1.0003830977781312,0.005338512393497348,0.010948289525052217,0.002202710909054953,0.0050475495357243366,0.0038324606952974895,0.009579976248552186
1.7029999999999232,0.0006889367888928899,0.001184497358305492,1.0001710527222354,1.0003840972044051,0.005360137523667139,0.010997840333293077,0.0022065433748524777,0.005057129539686502,0.0038324708997519354,0.009580031675778674
1.7039999999999231,0.0006943077577947324,0.0011955200211132251,1.0001715018602824,1.0003850968642867,0.005381800280017706,0.011047485282173392,0.0022103758507880903,0.0050667095987154045,0.003832480971473506,0.009580086382026837
1.704999999999923,0.0006997004082658658,0.001206592375939337,1.0001719511433387,1.0003860967519513,0.005403500662249296,0.011097224370050271,0.0022142083367299214,0.005076289712094756,0.0038324909121887326,0.009580140376675286
1.705999999999923,0.0007051147779320236,0.0012177145169220136,1.000172400569063,1.0003870968616404,0.005425238670066181,0.011147057595302887,0.0022180408325478164,0.005085869879117584,0.0038325007236016885,0.00958019366898062
1.7069999999999228,0.0007105509044186449,0.0012288865381978311,1.0001728501351428,1.0003880971876604,0.005447014303176609,0.011196984956332177,0.0022218733381133143,0.005095450099086114,0.00383251040739428,0.00958024626807902
1.7079999999999227,0.0007160088253508796,0.0012401085339017776,1.0001732998392925,1.0003890977243823,0.005468827561292744,0.011247006451560551,0.0022257058532996247,0.005105030371311647,0.0038325199652265354,0.009580298182987812
1.7089999999999226,0.0007214885783535913,0.0012513805981672736,1.0001737496792542,1.0003900984662404,0.005490678444130619,0.011297122079431607,0.002229538377981606,0.005114610695114445,0.003832529398736889,0.009580349422607016
1.7099999999999225,0.0007269902010513373,0.0012627028251260381,1.0001741996527862,1.000391099407701,0.005512566951361439,0.011347331838097415,0.0022333709120357457,0.005124191069823608,0.003832538709542442,0.009580399995720554
1.7109999999999224,0.0007325137310683483,0.0012740753089079532,1.0001746497576518,1.0003921005432317,0.005534493082660531,0.011397635725732826,0.0022372034553401364,0.005133771494776967,0.003832547899239262,0.009580449910998094
1.7119999999999223,0.0007380592060285566,0.001285498143641244,1.0001750999916301,1.000393101867332,0.005556456837756099,0.01144803374084876,0.0022410360077744574,0.005143351969320965,0.0038325569694026744,0.009580499176996835
1.7129999999999221,0.0007436266635556247,0.0012969714234526565,1.000175550352527,1.000394103374563,0.005578458216380004,0.011498525881976156,0.0022448685692199525,0.005152932492810545,0.0038325659215875142,0.009580547802162654
1.713999999999922,0.0007492161412729486,0.0013084952424674773,1.0001760008381742,1.000395105059547,0.005600497218267711,0.011549112147665698,0.0022487011395594106,0.005162513064609042,0.0038325747573283906,0.009580595794831559
1.714999999999922,0.0007548276768036615,0.001320069694809554,1.0001764514464297,1.0003961069169665,0.005622573843158242,0.01159979253648755,0.002252533718677145,0.005172093684088073,0.0038325834781399513,0.009580643163231112
1.7159999999999218,0.0007604613077706377,0.0013316948746013133,1.000176902175177,1.0003971089415635,0.005644688090794129,0.011650567047031097,0.0022563663064589733,0.005181674350627429,0.003832592085517141,0.009580689915481845
1.7169999999999217,0.0007661170717964955,0.001343370875963781,1.0001773530223246,1.000398111128139,0.005666839960921368,0.011701435677904683,0.0022601989027921997,0.005191255063614969,0.003832600580935458,0.009580736059598647
1.7179999999999216,0.0007717950065036009,0.0013550977930166012,1.0001778039858062,1.0003991134715515,0.0056890294532893695,0.01175239842773536,0.002264031507565593,0.0052008358224465145,0.0038326089658512084,0.009580781603492145
1.7189999999999215,0.0007774951495140711,0.0013668757198780533,1.00017825506358,1.0004001159667173,0.005711256567650913,0.011803455295168632,0.0022678641206693695,0.005210416626525746,0.0038326172417017545,0.009580826554970058
1.7199999999999214,0.0007832175384495055,0.0013787047506636167,1.0001787062535088,1.0004011186083297,0.00573352130321783,0.0118546062759582,0.0022716967419951733,0.0052199974752640994,0.003832625409905562,0.009580870921736009
1.7209999999999213,0.000788962210930719,0.0013905849794845439,1.0001791575532408,1.0004021213905836,0.005755823659209291,0.011905851365896102,0.0022755293714360574,0.005229578368080664,0.0038326334718626525,0.009580914711393503
1.7219999999999211,0.0007947292045780226,0.0014025165004493585,1.0001796089603328,1.0004031243074603,0.005778163635397827,0.011957190563733004,0.0022793620088864663,0.005239159304402086,0.003832641428955039,0.009580957931449686
1.722999999999921,0.000800518557011501,0.0014144994076653434,1.0001800604723703,1.0004041273530089,0.005800541231559062,0.012008623868236541,0.0022831946542422174,0.005248740283662468,0.003832649282546757,0.009581000589314041
1.723999999999921,0.0008063303058510163,0.001426533795238557,1.0001805120869687,1.0004051305213464,0.0058229564474716715,0.01206015127819109,0.0022870273074004827,0.005258321305303275,0.0038326570339840983,0.00958104269229966
1.7249999999999208,0.0008121644887162108,0.0014386197572738514,1.0001809638017711,1.000406133806656,0.005845409282917337,0.012111772792397543,0.002290859968259773,0.005267902368773236,0.0038326646845958426,0.009581084247624496
1.7259999999999207,0.0008180211432265098,0.0014507573878748867,1.0001814156144495,1.0004071372031866,0.005867899737680708,0.01216348840967308,0.0022946926367199173,0.005277483473528255,0.0038326722356934848,0.009581125262412603
1.7269999999999206,0.0008239003070011248,0.0014629467811441488,1.0001818675227037,1.0004081407052519,0.005890427811549362,0.012215298128850952,0.00229852531268205,0.005287064619031309,0.0038326796885714593,0.00958116574369536
1.7279999999999205,0.0008298020176590564,0.0014751880311829645,1.0001823195242605,1.0004091443072294,0.005912993504313762,0.012267201948780258,0.0023023579960485896,0.005296645804752363,0.003832687044507363,0.00958120569841267
1.7289999999999204,0.000835726312819097,0.0014874812320915176,1.0001827716168745,1.0004101480035599,0.005935596815767222,0.012319199868325734,0.0023061906867232244,0.005306227030168276,0.0038326943047621745,0.009581245133414159
1.7299999999999203,0.0008416732300998134,0.0014998264779686906,1.000183223798318,1.000411151788714,0.005958237745665611,0.012371291886020243,0.0023100233846108957,0.005315808294762713,0.0038327014705804557,0.00958128405546008
1.7309999999999202,0.0008476428071195301,0.0015122238629119078,1.0001836760663727,1.0004121556571586,0.005980916293767875,0.012423478000414332,0.002313856089617781,0.005325389598026055,0.0038327085431905804,0.009581322471222757
1.73199999999992,0.0008536350814963523,0.0015246734810173271,1.000184128418838,1.0004131596033903,0.00600363245987638,0.01247575821042454,0.002317688801651279,0.00533497093945531,0.003832715523804957,0.009581360387287973
1.73299999999992,0.0008596500908481886,0.0015371754263800305,1.0001845808535397,1.000414163621967,0.006026386243796182,0.012528132514982153,0.0023215215206199916,0.005344552318554032,0.003832722413620222,0.009581397810155838
1.7339999999999198,0.0008656878727927542,0.001549729793094038,1.0001850333683293,1.0004151677075075,0.006049177645334989,0.012580600913032992,0.00232535424643371,0.005354133734832231,0.0038327292138174477,0.009581434746241901
1.7349999999999197,0.0008717484649475733,0.0015623366752523231,1.0001854859610844,1.000416171854691,0.006072006664303126,0.012633163403537222,0.0023291869790034,0.005363715187806291,0.0038327359255623415,0.009581471201878251
1.7359999999999196,0.0008778319049299816,0.0015749961669468263,1.0001859386297072,1.0004171760582554,0.006094873300513501,0.012685819985469155,0.002333019718241184,0.005373296676998888,0.0038327425500054484,0.009581507183314606
1.7369999999999195,0.0008839382303571291,0.0015877083622684695,1.0001863913721254,1.0004181803129981,0.006117777553781568,0.012738570657817059,0.002336852464060328,0.005382878201938905,0.003832749088282347,0.009581542696719377
1.7379999999999194,0.0008900674788459825,0.0016004733553071696,1.0001868441862911,1.0004191846137735,0.006140719423925292,0.012791415419582966,0.002340685216375226,0.0053924597621613545,0.0038327555415138444,0.009581577748180733
1.7389999999999193,0.0008962196880133277,0.0016132912401518524,1.000187297070181,1.0004201889554933,0.0061636989107651165,0.012844354269782485,0.002344517975101386,0.005402041357207298,0.0038327619108061684,0.009581612343707644
1.7399999999999192,0.0009023948954754807,0.0016261621108889692,1.0001877500216716,1.000421193332849,0.006186716013540801,0.012897387204451084,0.0023483507401554143,0.005411622986623767,0.003832768197250998,0.00958164648922898
1.740999999999919,0.0009085931388480006,0.0016390860616010243,1.0001882030384157,1.0004221977400372,0.006209770731498959,0.012950514219658992,0.002352183511455003,0.005421204649963679,0.0038327744019258174,0.009581680190596558
1.741999999999919,0.000914814455745989,0.0016520631863681113,1.0001886561179705,1.0004232021710429,0.006232863064478013,0.013003735314514969,0.002356016288918913,0.005430786346785771,0.003832780525894257,0.009581713453588022
1.7429999999999188,0.0009210588837843874,0.001665093579269439,1.000189109257922,1.0004242066199192,0.006255993012318621,0.01305705048814009,0.0023598490724669632,0.005440368076654518,0.0038327865702061105,0.009581746283905847
1.7439999999999187,0.0009273264605779784,0.0016781773343833427,1.0001895624558856,1.000425211080786,0.006279160574863644,0.013110459739667577,0.002363681862020015,0.00544994983914006,0.0038327925358975167,0.00958177868717833
1.7449999999999186,0.0009336172237413893,0.001691314545787298,1.000190015709505,1.0004262155478298,0.006302365751958121,0.013163963068242628,0.0023675146574999592,0.00545953163381813,0.003832798423991136,0.009581810668960545
1.7459999999999185,0.000939931210889093,0.0017045053075579303,1.0001904690164518,1.000427220015302,0.006325608543449231,0.013217560473022253,0.002371347458829703,0.005469113460269978,0.003832804235496326,0.009581842234735299
1.7469999999999184,0.0009462684596354108,0.001717749713771029,1.000190922374426,1.0004282244775187,0.00634888894918627,0.013271251953175111,0.002375180265933156,0.005478695318082302,0.0038328099714093145,0.009581873389914073
1.7479999999999183,0.0009526290075945142,0.0017310478585015573,1.000191375781155,1.00042922892886,0.006372206969020618,0.013325037507881351,0.0023790130787352173,0.005488277206847178,0.0038328156327133707,0.009581904139837949
1.7489999999999182,0.0009590128923804273,0.0017443998358236642,1.0001918292343928,1.000430233363769,0.006395562602805714,0.013378917136332448,0.0023828458971617635,0.005497859126161986,0.003832821220378973,0.009581934489778529
1.749999999999918,0.0009654201516070079,0.001757805739810552,1.000192282731912,1.000431237776724,0.006418955850355432,0.013432890837443177,0.002386678721139635,0.005507441075629345,0.0038328267353639664,0.009581964444938675
1.750999999999918,0.0009718508228879286,0.0017712656645343444,1.0001927362714944,1.0004322421622132,0.00644238671148597,0.013486958610141434,0.002390511550596624,0.005517023054857041,0.003832832178613737,0.009581994010453568
1.7519999999999178,0.0009783049438367004,0.0017847797040662435,1.0001931898509393,1.00043324651476,0.006465855186057539,0.013541120453656937,0.0023943443854614614,0.005526605063457964,0.0038328375510613827,0.009582023191391753
1.7529999999999177,0.0009847825520666953,0.001798347952476687,1.0001936434680723,1.0004342508289494,0.006489361273932285,0.013595376367230067,0.0023981772256638063,0.005536187101050038,0.003832842853627864,0.009582051992755834
1.7539999999999176,0.0009912836851911485,0.001811970503835358,1.0001940971207448,1.0004352550994258,0.006512904974974268,0.01364972635011172,0.0024020100711342313,0.005545769167256158,0.0038328480872221616,0.009582080419483335
1.7549999999999175,0.0009978083808231603,0.0018256474522111955,1.0001945508068342,1.0004362593208938,0.006536486289049432,0.013704170401563166,0.0024058429218042133,0.005555351261704123,0.0038328532527414326,0.00958210847644755
1.7559999999999174,0.001004356676575698,0.001839378891672405,1.0001950045242427,1.0004372634881165,0.00656010521602558,0.0137587085208559,0.0024096757776061197,0.0055649333840265755,0.003832858351071163,0.009582136168458379
1.7569999999999173,0.0010109286100615969,0.0018531649162864686,1.0001954582708976,1.0004382675959151,0.006583761755772349,0.013813340707271506,0.002413508638473198,0.005574515533860936,0.003832863383085322,0.009582163500263146
1.7579999999999172,0.0010175242188935636,0.001867005620120155,1.0001959120447508,1.0004392716391683,0.006607455908161181,0.01386806696010151,0.002417341504339564,0.005584097710849341,0.003832868349646509,0.00958219047654742
1.758999999999917,0.0010241435406841768,0.0018809010972395295,1.0001963658437787,1.0004402756128112,0.0066311876730653025,0.013922887278647253,0.00242117437514019,0.005593679914638583,0.0038328732516061032,0.009582217101935816
1.759999999999917,0.0010307866130455988,0.0018948514417084375,1.0001968196658615,1.000441279511562,0.006654957049778639,0.01397780165916879,0.0024250072508108953,0.005603262144880046,0.0038328780898042912,0.009582243380991328
1.7609999999999169,0.0010374534735892887,0.001908856747587001,1.0001972735086653,1.0004422833296527,0.006678764037601366,0.014032810097958244,0.0024288401312883325,0.005612844401229651,0.003832882865070335,0.009582269318217644
1.7619999999999167,0.0010441441599263008,0.0019229171089331805,1.0001977273697635,1.0004432870611075,0.006702608636422738,0.014087912594400846,0.002432673016509979,0.0056224266833477905,0.0038328875782228287,0.009582294918061344
1.7629999999999166,0.001050858709667579,0.0019370326198043261,1.0001981812467593,1.0004442907000175,0.006726490846133584,0.014143109147890546,0.002436505906414125,0.005632008990899277,0.0038328922300697194,0.009582320184911161
1.7639999999999165,0.001057597160423959,0.0019512033742571863,1.0001986351372838,1.0004452942405404,0.0067504106666262855,0.014198399757829884,0.002440338800939864,0.005641591323553282,0.003832896821408443,0.009582345123098733
1.7649999999999164,0.0010643595498061695,0.0019654294663479163,1.0001990890389971,1.0004462976768995,0.006774368097794752,0.014253784423629871,0.002444171700027081,0.005651173680983281,0.0038329013530260638,0.00958236973689935
1.7659999999999163,0.0010711459154248342,0.001979710990132086,1.000199542949587,1.0004473010033825,0.006798363139534401,0.014309263144709867,0.002448004603616444,0.005660756062866997,0.0038329058256994066,0.009582394030532678
1.7669999999999162,0.0010779562948904724,0.00199404803966469,1.0001999968667685,1.000448304214341,0.00682239579174214,0.014364835920497462,0.0024518375116493914,0.005670338468886345,0.003832910240195192,0.009582418008163496
1.767999999999916,0.0010847907258135017,0.0020084407090001526,1.0002004507882847,1.00044930730419,0.006846466054316339,0.014420502750428369,0.002455670424068124,0.005679920898727378,0.003832914597270167,0.0095824416739024
1.768999999999916,0.0010916492458042384,0.00202288909219234,1.000200904711905,1.0004503102674063,0.0068705739271568145,0.014476263633946294,0.0024595033408155945,0.005689503352080232,0.0038329188976712354,0.009582465031806509
1.7699999999999159,0.0010985318924728723,0.0020373932832943786,1.0002013586354146,1.0004513130984956,0.00689471941011115,0.014532118570130452,0.0024633362618354977,0.005699085828639075,0.003832923142135575,0.009582488085880012
1.7709999999999158,0.0011054387034294423,0.002051953376358479,1.0002018125566035,1.0004523157919594,0.006918902503028752,0.014588067558070609,0.002467169187072261,0.0057086683281020525,0.0038329273313907745,0.009582510840075012
1.7719999999999156,0.001112369716283864,0.002066569465436135,1.0002022664732768,1.0004533183423276,0.0069431232058146585,0.014644110597240594,0.0024710021164710337,0.005718250850171237,0.0038329314661549696,0.009582533298292357
1.7729999999999155,0.001119324968645959,0.002081241644578316,1.000202720383266,1.0004543207441912,0.006967381518375261,0.014700247687121729,0.00247483504997768,0.005727833394552574,0.003832935547136953,0.009582555464382145
1.7739999999999154,0.0011263044981254557,0.002095970007835478,1.0002031742844282,1.0004553229922006,0.006991677440618288,0.014756478827202714,0.0024786679875387664,0.005737415960955837,0.0038329395750362977,0.00958257734214439
1.7749999999999153,0.0011333083423319913,0.002110754649257569,1.000203628174646,1.0004563250810659,0.007016010972452785,0.01481280401697953,0.0024825009291015564,0.005746998549094573,0.003832943550543477,0.00958259893532967
1.7759999999999152,0.0011403365388751123,0.0021255956628940366,1.0002040820518274,1.0004573270055552,0.007040382113789094,0.014869223255955329,0.0024863338746139983,0.005756581158686058,0.003832947474339982,0.009582620247639779
1.776999999999915,0.0011473891253642762,0.0021404931427938343,1.000204535913905,1.000458328760495,0.0070647908645388394,0.01492573654364034,0.0024901668240247176,0.005766163789451243,0.0038329513470984405,0.009582641282728345
1.777999999999915,0.001154466139408853,0.0021554471830054303,1.0002049897588359,1.0004593303407678,0.0070892372246149065,0.01498234387955176,0.002493999777283008,0.005775746441114707,0.0038329551694827294,0.009582662044201473
1.7789999999999149,0.0011615676186181262,0.002170457877576813,1.0002054435846017,1.0004603317413137,0.0071137211939314255,0.015039045263213662,0.0024978327343388234,0.005785329113404617,0.00383295894214809,0.009582682535618352
1.7799999999999148,0.0011686936006010049,0.0021855253205539204,1.0002058973890922,1.000461332956855,0.0071382427718261,0.015095840691001401,0.002501665695142768,0.0057949118060526715,0.0038329626657411537,0.00958270276049075
1.7809999999999147,0.001175844122965739,0.0022006496059790814,1.000206351169991,1.0004623339816276,0.007162801957642417,0.015152730159320843,0.0025054986596460887,0.005804494518794059,0.003832966340900143,0.009582722722284795
1.7819999999999145,0.0011830192233202147,0.002215830827892629,1.0002068049248942,1.000463334809659,0.007187398751309006,0.015209713667773976,0.002509331627800666,0.005814077251367413,0.0038329699682550676,0.009582742424422655
1.7829999999999144,0.001190218939272247,0.0022310690803345004,1.0002072586514261,1.0004643354350435,0.00721203315275556,0.015266791215968687,0.0025131645995590075,0.005823660003514765,0.003832973548427742,0.009582761870281984
1.7839999999999143,0.0011974433084295812,0.002246364457344244,1.00020771234724,1.0004653358519422,0.007236705161912814,0.015323962803518672,0.002516997574874237,0.005833242774981505,0.003832977082031892,0.009582781063196495
1.7849999999999142,0.001204692368399894,0.0022617170529610248,1.0002081660100164,1.0004663360545807,0.007261414778712539,0.015381228430043348,0.0025208305537000896,0.005842825565516331,0.0038329805696732605,0.00958280000645653
1.785999999999914,0.001211966156790794,0.00227712696122363,1.0002086196374642,1.0004673360372491,0.007286162003087515,0.015438588095167776,0.0025246635359909013,0.005852408374871214,0.0038329840119497105,0.00958281870330963
1.786999999999914,0.0012192647112098235,0.002292594276170475,1.0002090732273194,1.0004683357943016,0.007310946834971526,0.015496041798522571,0.002528496521701602,0.005861991202801349,0.0038329874094513283,0.009582837156961082
1.7879999999999139,0.001226588069264459,0.0023081190918396084,1.0002095267773448,1.000469335320155,0.007335769274299342,0.015553589539743827,0.002532329510787708,0.005871574049065117,0.0038329907627605237,0.00958285537057448
1.7889999999999138,0.001233936268562112,0.0023237015022687167,1.00020998028533,1.0004703346092878,0.007360629321006703,0.015611231318473032,0.0025361625032053144,0.00588115691342404,0.0038329940724521313,0.009582873347272265
1.7899999999999137,0.0012413093467101028,0.0023393416014950035,1.0002104337490798,1.0004713336562183,0.007385526974974975,0.015668967134100372,0.002539995498911087,0.005890739795642744,0.003832997339093501,0.009582891090136174
1.7909999999999136,0.0012487073413156337,0.0023550394835550655,1.0002108871664037,1.0004723324554816,0.00741046223608691,0.015726796986023223,0.0025438284978622563,0.005900322695488916,0.0038330005632446025,0.00958290860220786
1.7919999999999134,0.0012561302899858182,0.0023707952424850288,1.0002113405351258,1.0004733310016518,0.007435435104282125,0.015784720873903525,0.0025476615000166077,0.005909905612733264,0.003833003745458129,0.009582925886489483
1.7929999999999133,0.0012635782303277098,0.0023866089723206846,1.0002117938530966,1.0004743292893628,0.007460445579501142,0.015842738797408253,0.0025514945053324765,0.005919488547149481,0.0038330068862795844,0.009582942945944153
1.7939999999999132,0.0012710511999483032,0.0024024807670974934,1.0002122471181916,1.0004753273133078,0.007485493661685375,0.015900850756209343,0.00255532751376874,0.0059290714985142014,0.003833009986247377,0.009582959783496431
1.794999999999913,0.0012785492364545345,0.00241841072085059,1.000212700328312,1.0004763250682382,0.0075105793507771156,0.01595905674998362,0.00255916052528481,0.005938654466606966,0.0038330130458929107,0.009582976402032832
1.795999999999913,0.0012860723774532827,0.002434398927614788,1.0002131534813838,1.0004773225489638,0.007535702646719521,0.016017356778412727,0.0025629935398406266,0.005948237451210184,0.003833016065740678,0.009582992804402321
1.796999999999913,0.0012936206605513706,0.002450445481424586,1.0002136065753573,1.0004783197503508,0.007560863549456602,0.016075750841183047,0.002566826557396651,0.005957820452109094,0.0038330190463083482,0.0095830089934168
1.7979999999999128,0.0013011941233555657,0.00246655047631417,1.0002140596082072,1.000479316667322,0.007586062058933209,0.016134238937985646,0.0025706595779138586,0.005967403469091729,0.003833021988106857,0.009583024971851593
1.7989999999999127,0.0013087928034725797,0.002482714006317421,1.000214512577932,1.0004803132948556,0.007611298175095022,0.016192821068516192,0.0025744926013537323,0.0059769865019488775,0.0038330248916404936,0.00958304074244592
1.7999999999999126,0.001316416738508785,0.0024989361654662997,1.0002149654824433,1.0004813096277145,0.007636571897315627,0.01625149722924096,0.002578325627678256,0.0059865695504740515,0.0038330277574069233,0.009583056307902507
1.8009999999999124,0.00132406596606993,0.002515217047789248,1.0002154183194543,1.0004823056601782,0.007661883224974032,0.016310267416655626,0.002582158656849908,0.005996152614463447,0.0038330305858973396,0.009583071670888956
1.8019999999999123,0.0013317405237614315,0.0025315567473128404,1.0002158710865947,1.0004833013863197,0.0076872321580292126,0.016369131630529266,0.002585991688831655,0.006005735693715911,0.003833033377596613,0.009583086834039035
1.8029999999999122,0.0013394404491886664,0.0025479553580634224,1.0002163237815225,1.000484296800278,0.0077126186964408105,0.01642808987063468,0.002589824723586945,0.006015318788032907,0.0038330361329833055,0.009583101799952245
1.8039999999999121,0.0013471657799569714,0.0025644129740671137,1.0002167764019234,1.0004852918962577,0.007738042840169123,0.016487142136748314,0.0025936577610797015,0.00602490189721848,0.003833038852529756,0.009583116571194275
1.804999999999912,0.0013549165536716435,0.002580929689349813,1.000217228945511,1.0004862866685273,0.007763504589175091,0.01654628842865023,0.0025974908012743173,0.006034485021079226,0.0038330415367021572,0.009583131150297432
1.805999999999912,0.0013626928079379411,0.0025975055979372,1.0002176814100254,1.0004872811114198,0.007789003943420289,0.01660552874612403,0.0026013238441356485,0.006044068159424256,0.003833044185960639,0.009583145539761083
1.8069999999999118,0.0013704945803610848,0.0026141407938547407,1.0002181337932343,1.0004882752193303,0.007814540902866918,0.0166648630889568,0.0026051568896290084,0.006053651312065162,0.0038330468007593457,0.009583159742052077
1.8079999999999117,0.0013783219085462572,0.0026308353711276887,1.0002185860929318,1.0004892689867162,0.007840115467477796,0.01672429145693907,0.0026089899377201614,0.006063234478815991,0.0038330493815465134,0.009583173759605174
1.8089999999999116,0.0013861748300986042,0.0026475894237810906,1.000219038306938,1.0004902624080962,0.007865727637216342,0.016783813849864746,0.002612822988375317,0.006072817659493205,0.0038330519287645484,0.009583187594823463
1.8099999999999115,0.0013940533826232071,0.0026644030458396694,1.000219490433088,1.00049125547803,0.007891377411989569,0.016843430267292587,0.002616656041561124,0.006082400853915656,0.0038330544428500962,0.00958320125007871
1.8109999999999113,0.0014019576037250547,0.002681276331327709,1.000219942469221,1.000492248191098,0.007917064791705541,0.016903140708786478,0.002620489097244666,0.006091984061904551,0.003833056924234123,0.009583214727711837
1.8119999999999112,0.0014098875310090727,0.0026982093742691795,1.0002203944131909,1.0004932405419205,0.00794278977633053,0.016962945174154604,0.0026243221553934543,0.006101567283283423,0.003833059373341994,0.00958322803003336
1.8129999999999111,0.0014178432020801536,0.002715202268687861,1.0002208462628768,1.0004942325251769,0.00796855236583136,0.01702284366320828,0.002628155215975422,0.006111150517878102,0.0038330617905935416,0.009583241159323743
1.813999999999911,0.001425824654543157,0.002732255108607346,1.000221298016183,1.0004952241356055,0.007994352560175408,0.0170828361757619,0.0026319882789589202,0.00612073376551668,0.003833064176403138,0.009583254117833782
1.814999999999911,0.0014338319260029102,0.0027493679880510433,1.000221749671039,1.000496215368002,0.008020190359330586,0.017142922711632883,0.0026358213443127116,0.00613031702602949,0.003833066531179764,0.009583266907784991
1.8159999999999108,0.0014418650540642083,0.0027665410010421806,1.0002222012253983,1.0004972062172188,0.008046065763265341,0.01720310327064164,0.002639654412005965,0.006139900299249068,0.0038330688553270807,0.009583279531369988
1.8169999999999107,0.0014499240763318152,0.0027837742416038074,1.0002226526772389,1.0004981966781652,0.008071978771948643,0.017263377852611506,0.00264348748200825,0.006149483585010129,0.003833071149243499,0.009583291990752866
1.8179999999999106,0.0014580090304104646,0.0028010678037587973,1.0002231040245624,1.0004991867458055,0.008097929385349974,0.017323746457368713,0.002647320554289533,0.00615906688314954,0.0038330734133222473,0.009583304288069564
1.8189999999999105,0.0014661199539048593,0.0028184217815298528,1.0002235552653944,1.000500176415159,0.008123917603439326,0.01738420908474233,0.00265115362882017,0.006168650193506289,0.003833075647951438,0.009583316425428236
1.8199999999999104,0.0014742568844193602,0.0028358362689378373,1.000224006397666,1.000501165681029,0.008149943425562524,0.01744476573122661,0.0026549867055709027,0.0061782335159214575,0.0038330778535140835,0.00958332840490895
1.8209999999999102,0.001482419859557677,0.002853311360000123,1.0002244574190968,1.0005021545377342,0.008176006851071,0.0175054163933448,0.0026588197845128538,0.006187816850238195,0.0038330800303882145,0.009583340228564744
1.8219999999999101,0.0014906089169231865,0.0028708471487322936,1.0002249083273165,1.0005031429793867,0.008202107879948189,0.017566161070996802,0.0026626528656175214,0.006197400196301688,0.003833082178946999,0.009583351898422614
1.82299999999991,0.0014988240941192494,0.0028884437291498343,1.0002253591199826,1.0005041310001637,0.00822824651217788,0.017626999764084526,0.002666485948856774,0.006206983553959141,0.0038330842995587507,0.009583363416483186
1.82399999999991,0.0015070654287492105,0.0029061011952681327,1.0002258097947805,1.000505118594307,0.008254422747744197,0.01768793247251186,0.002670319034202847,0.006216566923059743,0.003833086392586992,0.009583374784721058
1.8249999999999098,0.0015153329584163984,0.002923819641102481,1.0002262603494232,1.0005061057561222,0.008280636586631604,0.017748959196184633,0.002674152121628336,0.006226150303454646,0.003833088458390516,0.009583386005085143
1.8259999999999097,0.0015236267207241266,0.0029415991606680783,1.0002267107816512,1.0005070924799777,0.00830688802882489,0.017810079935010575,0.0026779852111061928,0.006235733694996938,0.00383309049732345,0.009583397079499002
1.8269999999999096,0.0015319467532756935,0.0029594398479800333,1.0002271610892313,1.0005080787603045,0.008333177074309172,0.017871294688899295,0.0026818183026097223,0.006245317097541618,0.0038330925097353145,0.009583408009861166
1.8279999999999095,0.001540293093674383,0.002977341797053364,1.000227611269957,1.0005090645915944,0.008359503723069884,0.017932603457762233,0.0026856513961125753,0.006254900510945571,0.0038330944959710823,0.009583418798045473
1.8289999999999094,0.0015486657795234643,0.0029953051019030014,1.0002280613216483,1.0005100499684005,0.008385867975092769,0.01799400624151264,0.0026894844915887465,0.006264483935067545,0.00383309645637124,0.009583429445901384
1.8299999999999093,0.0015570648484261925,0.003013329856543681,1.0002285112421507,1.000511034885318,0.008412269830363878,0.018055503039846856,0.002693317589012568,0.006274067369768123,0.003833098391271845,0.009583439955254262
1.8309999999999091,0.0015654903379858092,0.003031416154989837,1.0002289610293353,1.000512019336966,0.008438709288869566,0.018117093852464704,0.002697150688358706,0.006283650814909703,0.0038331003010045827,0.009583450327905725
1.831999999999909,0.0015739422858055423,0.0030495640912557138,1.0002294106810985,1.000513003318006,0.008465186350596478,0.01817877867928877,0.0027009837896021568,0.006293234270356473,0.0038331021858968245,0.009583460565633993
1.832999999999909,0.0015824207294886062,0.0030677737593554797,1.0002298601953614,1.0005139868231576,0.008491701015531554,0.01824055752024328,0.002704816892718241,0.006302817735974387,0.0038331040462716835,0.009583470670194152
1.8339999999999088,0.001590925706638203,0.0030860452533032286,1.0002303095700698,1.000514969847198,0.008518253283662016,0.01830243037525406,0.002708649997682601,0.006312401211631144,0.0038331058824480693,0.009583480643318456
1.8349999999999087,0.0015994572548575217,0.00310437866711298,1.0002307588031938,1.0005159523849614,0.008544843154975364,0.018364397244248508,0.0027124831044711955,0.006321984697196161,0.0038331076947407438,0.009583490486716624
1.8359999999999086,0.001608015411749739,0.003122774094798682,1.0002312078927273,1.0005169344313385,0.008571470629459378,0.01842645812715558,0.002716316213060296,0.006331568192540557,0.0038331094834603736,0.009583500202076135
1.8369999999999085,0.0016166002149180197,0.0031412316303742124,1.000231656836688,1.0005179159812754,0.008598135707102102,0.01848861302390574,0.002720149323426483,0.006341151697537127,0.003833111248913585,0.009583509791062516
1.8379999999999084,0.0016252117019655166,0.0031597513678533807,1.000232105633117,1.0005188970297727,0.00862483838789185,0.018550861934430944,0.002723982435546641,0.006350735212060318,0.003833112991403016,0.009583519255319627
1.8389999999999083,0.001633849910495371,0.0031783334012499284,1.000232554280078,1.0005198775718858,0.00865157867181719,0.01861320485866461,0.002727815549397956,0.006360318735986212,0.0038331147112273672,0.009583528596469942
1.8399999999999082,0.0016425148781103918,0.0031969778245758665,1.0002330027755406,1.0005208576024613,0.008678356558224236,0.018675641793211323,0.0027316486649579105,0.006369902269192504,0.0038331164086814126,0.009583537816114337
1.840999999999908,0.0016512066424127362,0.003215684731839824,1.0002334511172624,1.0005218371158793,0.008705172046464685,0.01873817273470372,0.0027354817822042793,0.006379485811558478,0.003833118084056095,0.009583546915832884
1.841999999999908,0.0016599252410042387,0.003234454217048747,1.0002338993029096,1.0005228161063195,0.008732025136540285,0.018800797683142485,0.0027393149011151266,0.006389069362964988,0.003833119737638612,0.009583555897185594
1.8429999999999078,0.0016686707114867353,0.003253286374209583,1.0002343473301767,1.0005237945680265,0.00875891582845289,0.018863516638529008,0.002743148021668802,0.006398652923294437,0.003833121369712427,0.009583564761712187
1.8439999999999077,0.001677443091462064,0.00327218129732928,1.0002347951967854,1.000524772495308,0.008785844122204461,0.01892632960086534,0.002746981143843937,0.006408236492430759,0.003833122980557315,0.00958357351093235
1.8449999999999076,0.0016862424185320648,0.0032911390804147896,1.0002352429004842,1.0005257498825346,0.008812810017797058,0.01898923657015419,0.0027508142676194404,0.0064178200702593976,0.0038331245704494124,0.009583582146346002
1.8459999999999075,0.0016950687302985797,0.0033101598174730663,1.0002356904390486,1.000526726724139,0.008839813515232841,0.019052237546398905,0.0027546473929744957,0.006427403656667287,0.003833126139661263,0.009583590669433548
1.8469999999999074,0.0017039220643634532,0.0033292436025110675,1.0002361378102802,1.0005277030146147,0.008866854614514069,0.01911533252960345,0.0027584805198885573,0.0064369872515428325,0.003833127688461866,0.009583599081656137
1.8479999999999073,0.0017128024583285318,0.0033483905295357552,1.000236585012007,1.000528678748516,0.00889393331564309,0.019178521519772392,0.0027623136483413465,0.0064465708547758885,0.003833129217116721,0.009583607384455906
1.8489999999999072,0.0017217099497956645,0.0033676006925540966,1.0002370320420824,1.0005296539204565,0.008921049618622345,0.019241804516910883,0.0027661467783128488,0.006456154466257745,0.0038331307258878742,0.009583615579256235
1.849999999999907,0.0017306445763666848,0.0033868741855729518,1.0002374788983788,1.0005306285250914,0.008948203523418154,0.019305181520799283,0.0027699799097833096,0.006465738085881104,0.003833132215033961,0.009583623667461957
1.850999999999907,0.0017396063756433926,0.0034062111025989616,1.0002379255787808,1.0005316025570994,0.008975395029997228,0.019368652531220318,0.002773813042733232,0.006475321713540065,0.003833133684810253,0.00958363165045963
1.8519999999999068,0.0017485953852275726,0.0034256115376386643,1.0002383720811912,1.0005325760111996,0.009002624138362962,0.019432217548185082,0.0027776461771433715,0.006484905349130103,0.0038331351354687028,0.009583639529617802
1.8529999999999067,0.0017576116427210136,0.0034450755846986095,1.0002388184035376,1.0005335488821685,0.009029890848518832,0.019495876571705147,0.002781479312994735,0.0064944889925480555,0.0038331365672579854,0.009583647306287224
1.8539999999999066,0.0017666551857255072,0.0034646033377853584,1.000239264543772,1.0005345211648398,0.009057195160468377,0.019559629601792545,0.0027853124502685758,0.0065040726436921,0.003833137980423542,0.009583654981801068
1.8549999999999065,0.001775726051842849,0.0034841948909054847,1.000239710499871,1.0005354928541028,0.009084537074215205,0.019623476638459755,0.0027891455889463915,0.006513656302461738,0.0038331393752076208,0.009583662557475168
1.8559999999999064,0.0017848242786748382,0.0035038503380655744,1.0002401562698346,1.0005364639449024,0.009111916589762993,0.019687417681719683,0.00279297872900992,0.00652323996875778,0.003833140751849318,0.009583670034608239
1.8569999999999063,0.0017939499038232775,0.003523569773272227,1.0002406018516865,1.000537434432238,0.009139333707115477,0.019751452731585656,0.002796811870441137,0.006532823642482325,0.0038331421105846208,0.009583677414482098
1.8579999999999062,0.0018031029648899735,0.0035433532905320554,1.0002410472434735,1.0005384043111631,0.009166788426276455,0.019815581788071402,0.0028006450132222523,0.006542407323538747,0.0038331434516464457,0.009583684698361893
1.858999999999906,0.0018122834994767367,0.0035632009838516866,1.0002414924432654,1.0005393735767845,0.009194280747249784,0.019879804851191046,0.002804478157335708,0.006551991011831676,0.0038331447752646807,0.00958369188749631
1.859999999999906,0.0018214915451850694,0.003583112947236075,1.0002419374490437,1.000540342224004,0.009221810669415319,0.01994412191758568,0.002808311302764173,0.006561574707266983,0.003833146081666193,0.009583698983117417
1.8609999999999058,0.001830727139615856,0.00360308927468683,1.0002423822585909,1.0005413102472644,0.009249378192158224,0.02000853298392419,0.0028121444494905437,0.006571158409751763,0.0038331473710749,0.009583705986441274
1.8619999999999057,0.0018399903203696825,0.003623130060203935,1.000242826869605,1.0005422776408122,0.009276983315494678,0.020073038050286242,0.002815977597497937,0.006580742119194317,0.003833148643711836,0.009583712898668495
1.8629999999999056,0.0018492811250471503,0.003643235397787454,1.0002432712798113,1.0005432443989566,0.009304626039440777,0.020137637116751154,0.00281981074676969,0.0065903258355041435,0.0038331498997951612,0.009583719720984075
1.8639999999999055,0.001858599591248877,0.0036634053814375285,1.0002437154869614,1.0005442105160698,0.009332306364012536,0.0202023301833979,0.002823643897289358,0.006599909558591914,0.003833151139540197,0.009583726454557597
1.8649999999999054,0.0018679457565754962,0.00368364010515438,1.0002441594888345,1.0005451759865855,0.009360024289225886,0.02026711725030509,0.002827477049040708,0.006609493288369465,0.0038331523631594646,0.009583733100543423
1.8659999999999053,0.0018773196586276575,0.0037039396629383083,1.0002446032832355,1.0005461408049985,0.009387779815096682,0.020331998317550982,0.002831310202007719,0.006619077024749777,0.0038331535708627197,0.0095837396600809
1.8669999999999052,0.0018867213350060262,0.0037243041487896905,1.0002450468679953,1.0005471049658636,0.00941557294164069,0.02039697338521347,0.0028351433561745786,0.006628660767646965,0.0038331547628569908,0.009583746134294555
1.867999999999905,0.0018961508233112834,0.0037447336567089824,1.0002454902409705,1.000548068463795,0.009443403668873593,0.02046204245337008,0.0028389765115256803,0.006638244516976259,0.003833155939346612,0.009583752524294286
1.868999999999905,0.0019056081611441256,0.0037652282806967165,1.000245933400043,1.0005490312934657,0.009471271996810993,0.020527205522097965,0.00284280966804562,0.006647828272653995,0.003833157100533261,0.00958375883117555
1.8699999999999048,0.001915093386105253,0.0037857881147533865,1.0002463763431155,1.000549993449589,0.009499177925443598,0.02059246259124185,0.0028466428257191948,0.006657412034597592,0.0038331582466159904,0.009583765056019532
1.8709999999999047,0.0019246065357953557,0.0038064132528793314,1.0002468190681066,1.0005509549269007,0.009527121454762243,0.02065781366064798,0.0028504759845313986,0.006666995802725549,0.0038331593777912627,0.009583771199893353
1.8719999999999046,0.0019341476478151281,0.0038271037890748537,1.000247261572955,1.0005519157201763,0.009555102584782758,0.020723258730396824,0.002854309144467421,0.00667657957695742,0.003833160494252987,0.009583777263850277
1.8729999999999045,0.00194371675976528,0.0038478598173403364,1.0002477038556237,1.000552875824248,0.009583121315520884,0.02078879780056841,0.0028581423055126435,0.006686163357213811,0.00383316159619255,0.009583783248929861
1.8739999999999044,0.0019533139092465365,0.0038686814316762417,1.0002481459140997,1.0005538352340033,0.009611177646992269,0.020854430871242332,0.0028619754676526394,0.0066957471434163545,0.0038331626837988485,0.009583789156158144
1.8749999999999043,0.001962939133859639,0.003889568726083112,1.0002485877463938,1.0005547939443857,0.009639271579212471,0.020920157942497738,0.002865808630873168,0.006705330935487707,0.0038331637572583217,0.009583794986547814
1.8759999999999042,0.001972592471205344,0.003910521794561568,1.0002490293505402,1.0005557519503925,0.009667403112196956,0.020985979014413337,0.0028696417951601747,0.00671491473335153,0.003833164816754985,0.009583800741098384
1.876999999999904,0.001982273958884423,0.003931540731112308,1.000249470724596,1.000556709247075,0.0096955722459611,0.021051894087067393,0.0028734749604997873,0.006724498536932477,0.0038331658624704583,0.009583806420796369
1.877999999999904,0.0019919836344976637,0.00395262562973611,1.000249911866641,1.0005576658295376,0.009723778980520183,0.02111790316053772,0.0028773081268783146,0.006734082346156183,0.003833166894584001,0.009583812026615447
1.8789999999999039,0.0020017215356458685,0.0039737765844338295,1.000250352774778,1.000558621692937,0.009752023315889397,0.02118400623490168,0.002881141294282243,0.006743666160949249,0.0038331679132725394,0.00958381755951663
1.8799999999999037,0.0020114876999295346,0.003994993689204722,1.00025079344702,1.000559576832233,0.009780305251442729,0.021250203306881835,0.0028849744626982345,0.006753249981239232,0.0038331689187106758,0.009583823020448155
1.8809999999999036,0.002021282164948536,0.004016277038044776,1.0002512338811818,1.0005605312419428,0.009808624786559547,0.021316494373227985,0.002888807632113125,0.006762833806954628,0.0038331699110707427,0.009583828410345932
1.8819999999999035,0.0020311049683024492,0.00403762672494843,1.0002516740749925,1.0005614849163946,0.009836981921267342,0.021382879434080765,0.0028926408025139218,0.006772417638024868,0.0038331708905228537,0.009583833730133972
1.8829999999999034,0.0020409561475908796,0.004059042843910261,1.000252114026208,1.0005624378499787,0.009865376655593379,0.02144935848957966,0.002896473973887801,0.006782001474380297,0.003833171857234909,0.009583838980724273
1.8839999999999033,0.002050835740413459,0.004080525488924982,1.0002525537326108,1.0005633900371467,0.009893808989564695,0.02151593153986301,0.0029003071462221047,0.006791585315952168,0.003833172811372626,0.009583844163016964
1.8849999999999032,0.0020607437843698454,0.004102074753987448,1.0002529931920097,1.0005643414724106,0.009922278923208098,0.021582598585068016,0.002904140319504341,0.006801169162672627,0.003833173753099565,0.009583849277900463
1.885999999999903,0.0020706803170597245,0.0041236907330926475,1.0002534324022394,1.000565292150342,0.009950786456550176,0.02164935962533075,0.0029079734937221794,0.006810753014474704,0.0038331746825771597,0.009583854326251636
1.886999999999903,0.002080645376082808,0.004145373520235706,1.00025387136116,1.000566242065572,0.009979331589617287,0.021716214660786156,0.00291180666886345,0.006820336871292298,0.0038331755999647435,0.009583859308935936
1.8879999999999029,0.0020906389990388344,0.004167123209411883,1.000254310066657,1.0005671912127894,0.010007914322435571,0.021783163691568054,0.0029156398449161425,0.00682992073306017,0.0038331765054195775,0.009583864226807562
1.8889999999999028,0.0021006612235275677,0.004188939894616572,1.0002547485166406,1.0005681395867405,0.010036534655030946,0.021850206717809156,0.002919473021868401,0.006839504599713928,0.003833177399096877,0.009583869080709597
1.8899999999999026,0.0021107120871487976,0.004210823669845192,1.000255186709046,1.0005690871822135,0.01006519258742911,0.021917343739432164,0.002923306199708524,0.00684908847119002,0.0038331782811498387,0.009583873871474146
1.8909999999999025,0.00212079162750234,0.004232774629093088,1.0002556246418322,1.0005700339940218,0.01009388811965554,0.02198457475636041,0.0029271393784249637,0.006858672347425718,0.0038331791517296657,0.009583878599922485
1.8919999999999024,0.0021308998821880356,0.0042547928663556325,1.0002560623129824,1.0005709800170195,0.010122621251735499,0.02205189976872734,0.0029309725580063213,0.006868256228359112,0.0038331800109855946,0.009583883266865224
1.8929999999999023,0.0021410368888057506,0.004276878475628329,1.0002564997205037,1.0005719252461165,0.010151391983694035,0.02211931877666525,0.0029348057384413467,0.006877840113929096,0.003833180859064921,0.009583887873102428
1.8939999999999022,0.0021512026849553755,0.004299031550906814,1.0002569368624266,1.000572869676277,0.010180200315555981,0.022186831780305314,0.0029386389197189355,0.006887424004075359,0.003833181696113024,0.009583892419423753
1.894999999999902,0.0021613973082368265,0.004321252186186855,1.0002573737368041,1.0005738133025193,0.010209046247345956,0.022254438779777584,0.0029424721018281286,0.006897007898738375,0.0038331825222733926,0.009583896906608583
1.895999999999902,0.0021716207962500437,0.004343540475464349,1.0002578103417128,1.0005747561199148,0.010237929779088367,0.022322139775210994,0.002946305284758109,0.006906591797859392,0.0038331833376876487,0.009583901335426163
1.8969999999999019,0.0021818731865949916,0.004365896512735321,1.0002582466752512,1.0005756981235876,0.010266850910807411,0.022389934766733368,0.002950138468498201,0.0069161757013804235,0.0038331841424955717,0.009583905706635731
1.8979999999999018,0.0021921545168716587,0.004388320391995924,1.0002586827355404,1.0005766393087139,0.010295809642527078,0.022457823754471428,0.002953971653037866,0.006925759609244235,0.003833184936835123,0.00958391002098665
1.8989999999999017,0.0022024648246800576,0.004410812207242435,1.0002591185207235,1.000577579670521,0.01032480597427115,0.022525806738550796,0.0029578048383667047,0.0069353435213943375,0.0038331857208424693,0.009583914279218531
1.8999999999999015,0.002212804147619902,0.004433372052469534,1.000259554028856,1.0005785192040384,0.010353839905417949,0.02259388371564636,0.002961638024474452,0.006944927437774977,0.0038331864946519897,0.009583918482061153
1.9009999999999014,0.002223172523290287,0.004456000021668587,1.0002599892577981,1.0005794579038514,0.010382911435351165,0.022662054682460814,0.002965471211350976,0.006954511358331125,0.0038331872583963152,0.009583922630234812
1.9019999999999013,0.0022335699892900157,0.004478696208829409,1.0002604242053266,1.0005803957643558,0.010412020564106714,0.02273031963918353,0.0029693043989862775,0.006964095283008468,0.003833188012206369,0.009583926724450645
1.9029999999999012,0.002243996583217929,0.004501460707942002,1.0002608588692443,1.000581332780008,0.01044116729172017,0.022798678586002083,0.0029731375873704863,0.006973679211753399,0.0038331887562113717,0.00958393076541054
1.903999999999901,0.0022544523426729027,0.004524293612996555,1.00026129324738,1.0005822689453248,0.010470351618226773,0.022867131523102272,0.002976970776493861,0.0069832631445130074,0.0038331894905388624,0.009583934753807253
1.904999999999901,0.002264937305253847,0.00454719501798344,1.000261727337588,1.0005832042548823,0.010499573543661425,0.022935678450668132,0.002980803966346788,0.006992847081235073,0.0038331902153147216,0.00958393869032453
1.9059999999999009,0.002275451508559707,0.004570165016893214,1.0002621611377478,1.0005841387033156,0.010528833068058695,0.023004319368881948,0.0029846371569197767,0.007002431021868054,0.003833190930663192,0.009583942575637222
1.9069999999999008,0.0022859949901894625,0.004593203703716618,1.0002625946457642,1.0005850722853176,0.010558130191452823,0.02307305427792427,0.0029884703482034617,0.007012014966361078,0.0038331916367069013,0.009583946410411397
1.9079999999999007,0.002296567787742128,0.004616311172444567,1.0002630278595666,1.000586004995638,0.010587464913877721,0.02314188317797392,0.0029923035401885987,0.007021598914663936,0.0038331923335668803,0.009583950195304463
1.9089999999999006,0.00230716993881675,0.004639487517068158,1.0002634607771084,1.000586936829084,0.01061683723536698,0.02321080606920801,0.0029961367328660633,0.007031182866727071,0.0038331930213625865,0.009583953930965273
1.9099999999999004,0.0023178014810123974,0.004662732831578617,1.0002638933963628,1.0005878677805111,0.010646247155927721,0.023279822951709935,0.0029999699262268508,0.007040766822501571,0.003833193700211923,0.009583957618034237
1.9109999999999003,0.002328462451928145,0.004686047209967253,1.000264325715318,1.000588797844817,0.010675694675566975,0.023348933825562166,0.003003803120262072,0.00705035078193916,0.003833194370231259,0.009583961257143432
1.9119999999999002,0.0023391528891630875,0.004709430746225504,1.000264757731982,1.0005897270169477,0.010705179794317891,0.02341813869093857,0.0030076363149629556,0.00705993474499219,0.0038331950315354506,0.009583964848916715
1.9129999999999001,0.0023498728303163532,0.004732883534344979,1.0002651894443855,1.0005906552919033,0.010734702512213302,0.02348743754801133,0.003011469510320842,0.007069518711613633,0.0038331956842378597,0.009583968393969832
1.9139999999999,0.002360622312987103,0.00475640566831746,1.0002656208505822,1.000591582664737,0.010764262829285722,0.02355683039695098,0.003015302706327186,0.007079102681757073,0.0038331963284503738,0.009583971892910518
1.9149999999999,0.0023714013747745295,0.004779997242134899,1.0002660519486493,1.0005925091305543,0.010793860745567352,0.02362631723792639,0.0030191359029735527,0.007088686655376698,0.003833196964283425,0.0095839753463386
1.9159999999998998,0.0023822100532778583,0.004803658349789415,1.0002664827366856,1.0005934346845136,0.01082349626109008,0.02369589807110481,0.0030229691002516173,0.00709827063242729,0.003833197591846009,0.009583978754846104
1.9169999999998997,0.002393048386096346,0.004827389085273293,1.0002669132128126,1.0005943593218236,0.01085316937588549,0.023765572896651856,0.003026802298153163,0.007107854612864221,0.003833198211245703,0.009583982119017353
1.9179999999998996,0.002403916410829281,0.004851189542578985,1.0002673433751736,1.0005952830377443,0.010882880089984856,0.023835341714731544,0.0030306354966700803,0.007117438596643445,0.0038331988225886863,0.00958398543942907
1.9189999999998995,0.002414814165075983,0.004875059815699104,1.0002677732219338,1.0005962058275855,0.01091262840341915,0.023905204525506294,0.0030344686957943646,0.0071270225837214846,0.003833199425979756,0.009583988716650473
1.9199999999998993,0.0024257416864354848,0.0048989999986247,1.0002682027511747,1.0005971276864642,0.010942414315583557,0.023975161325685296,0.0030383018955181156,0.007136606574055431,0.003833200021522333,0.009583991951243221
1.9209999999998992,0.0024366990125062158,0.004923010185343545,1.0002686319607912,1.0005980486090655,0.01097223782587851,0.024045212112005464,0.003042135095833536,0.007146190567602934,0.0038332006093184947,0.009583995143761667
1.9219999999998991,0.002447686180886328,0.004947090469841894,1.000269060848598,1.0005989685898895,0.011002098934346727,0.02411535688469205,0.00304596829673293,0.007155774564322191,0.003833201189469002,0.009583998294753118
1.922999999999899,0.0024587032291740166,0.004971240946106224,1.000269489412436,1.0005998876234958,0.011031997641030493,0.02418559564396803,0.0030498014982087013,0.007165358564171946,0.003833201762073307,0.009584001404757757
1.923999999999899,0.0024697501949675175,0.004995461708123235,1.0002699176501713,1.0006008057045026,0.011061933945971667,0.024255928390054127,0.0030536347002533526,0.007174942567111479,0.003833202327229566,0.009584004474308743
1.9249999999998988,0.0024808271158651093,0.005019752849879847,1.0002703455596949,1.0006017228275863,0.011091907849211683,0.024326355123168837,0.0030574679028594846,0.0071845265731006,0.0038332028850346597,0.0095840075039323
1.9259999999998987,0.002491934029465111,0.005044114465363196,1.0002707731389227,1.0006026389874803,0.01112191935079156,0.024396875843528436,0.003061301106019794,0.00719411058209964,0.0038332034355842083,0.009584010494147805
1.9269999999998986,0.0025030709733658827,0.005068546648560633,1.0002712003857952,1.0006035541789744,0.011151968450751898,0.024467490551347008,0.0030651343097270723,0.007203694594069448,0.0038332039789725886,0.009584013445467875
1.9279999999998985,0.002514237985165825,0.005093049493459725,1.000271627298277,1.0006044683969144,0.011182055149132885,0.02453819924683646,0.003068967513974205,0.007213278608971381,0.0038332045152929496,0.009584016358398464
1.9289999999998984,0.002525435102463379,0.005117623094048247,1.0002720538743566,1.0006053816362013,0.011212179445974305,0.024609001930206553,0.00307280071875417,0.0072228626267672996,0.003833205044637228,0.009584019233438943
1.9299999999998982,0.002536662362857024,0.00514226754431412,1.0002724801120457,1.0006062938917812,0.011242341341315536,0.02467989860153885,0.003076633924060037,0.00723244664741956,0.0038332055670961657,0.00958402207108218
1.9309999999998981,0.0025479198039452793,0.005166982938245346,1.0002729060093798,1.0006072051586372,0.011272540835195556,0.02475088926091388,0.0030804671298849647,0.0072420306708910085,0.0038332060827593233,0.009584024871814631
1.931999999999898,0.0025592074633267034,0.005191769369830072,1.000273331564417,1.0006081154317965,0.011302777927652947,0.024821973908537527,0.003084300336222202,0.007251614697144974,0.0038332065917150967,0.00958402763611643
1.932999999999898,0.002570525378599893,0.005216626933056647,1.0002737567752384,1.0006090247063395,0.0113330526187259,0.024893152544613575,0.003088133543065085,0.007261198726145263,0.003833207094050732,0.009584030364461467
1.9339999999998978,0.002581873587363482,0.005241555721913625,1.0002741816399472,1.000609932977398,0.011363364908452215,0.02496442516934372,0.0030919667504070367,0.007270782757856152,0.00383320758985234,0.009584033057317464
1.9349999999998977,0.0025932521272161425,0.005266555830389761,1.0002746061566687,1.0006108402401561,0.01139371479686931,0.025035791782927596,0.0030957999582415653,0.007280366792242384,0.003833208079204913,0.00958403571514606
1.9359999999998976,0.002604661035756584,0.005291627352474007,1.0002750303235504,1.000611746489848,0.011424102284014215,0.025107252385562787,0.003099633166562264,0.0072899508292691585,0.003833208562192335,0.009584038338402889
1.9369999999998975,0.002616100350583553,0.0053167703821555105,1.0002754541387608,1.0006126517217584,0.01145452736992359,0.02517880697744485,0.003103466375362809,0.007299534868902129,0.0038332090388974015,0.009584040927537656
1.9379999999998974,0.002627570109295832,0.005341985013423617,1.0002758776004903,1.000613555931221,0.011484990054633718,0.02525045555876733,0.0031072995846369586,0.007309118911107395,0.00383320950940183,0.00958404348299422
1.9389999999998973,0.0026390703494922393,0.0053672713402678615,1.00027630070695,1.0006144591136188,0.01151549033818051,0.025322198129721783,0.0031111327943785525,0.007318702955851498,0.0038332099737862745,0.009584046005210662
1.9399999999998971,0.002650601108771297,0.005392629456676247,1.0002767234562648,1.0006153612641475,0.011546028219934402,0.02539403468704917,0.0031149660045815108,0.0073282870031014125,0.0038332104321303303,0.009584048494619246
1.940999999999897,0.0026621624247309,0.005418059456633531,1.0002771458463682,1.0006162623775823,0.011576603699271337,0.025465965227518116,0.0031187992152398323,0.007337871052824545,0.003833210884512558,0.009584050951646618
1.941999999999897,0.0026737543349686552,0.005443561434122981,1.0002775678751106,1.000617162448519,0.011607216776239443,0.025537989751382273,0.0031226324263475937,0.007347455104988725,0.003833211331010506,0.009584053376713994
1.9429999999998968,0.0026853768770822182,0.005469135483128118,1.000277989540368,1.0006180614716111,0.011637867450886345,0.025610108258892636,0.0031264656378989495,0.007357039159562201,0.003833211771700714,0.00958405577023711
1.9439999999998967,0.002697030088669291,0.0054947816976327135,1.000278410840041,1.00061895944157,0.011668555723259174,0.025682320750297565,0.003130298849888129,0.007366623216513633,0.003833212206658727,0.009584058132626295
1.9449999999998966,0.002708714007327623,0.005520500171620784,1.0002788317720555,1.0006198563531628,0.01169928159340456,0.025754627225842815,0.003134132062309438,0.007376207275812089,0.0038332126359591056,0.00958406046428654
1.9459999999998965,0.0027204286706550094,0.005546290999076591,1.0002792523343609,1.0006207522012132,0.011730045061368655,0.02582702768577156,0.0031379652751572554,0.007385791337427041,0.003833213059675442,0.009584062765617567
1.9469999999998964,0.0027321741162492923,0.005572154273984639,1.000279672524931,1.0006216469805997,0.011760846127197118,0.02589952213032442,0.0031417984884260335,0.007395375401328357,0.00383321347788037,0.009584065037013896
1.9479999999998963,0.0027439503817083583,0.005598090090329671,1.0002800923417636,1.0006225406862554,0.011791684790935132,0.025972110559739473,0.0031456317021102964,0.007404959467486296,0.00383321389064558,0.00958406727886492
1.9489999999998961,0.0027557575046301395,0.005624098542096667,1.0002805117828795,1.000623433313167,0.01182256105262741,0.026044792974252298,0.00314946491620464,0.007414543535871506,0.0038332142980418288,0.009584069491554962
1.949999999999896,0.0027675955226126123,0.005650179723270809,1.0002809308463225,1.00062432485637,0.01185347491231819,0.02611756937403129,0.0031532981307037305,0.0074241276064550155,0.0038332147001389526,0.009584071675463345
1.950999999999896,0.002779464473253797,0.005676333727837446,1.0002813495301597,1.0006252153109434,0.011884426370051252,0.02619043975924294,0.003157131345602303,0.0074337116792082296,0.00383321509700588,0.009584073830964457
1.9519999999998958,0.0027913643941517574,0.005702560649782126,1.0002817678324805,1.0006261046720142,0.011915415425869907,0.026263404130116724,0.003160964560895161,0.007443295754102926,0.0038332154887106423,0.009584075958427819
1.9529999999998957,0.002803295322904601,0.005728860583090624,1.0002821857513964,1.0006269929347604,0.01194644207981702,0.026336462486879694,0.0031647977765771767,0.007452879831111249,0.0038332158753203865,0.009584078058218141
1.9539999999998956,0.002815257297110477,0.0057552336217489425,1.0002826032850411,1.0006278800944106,0.011977506331934997,0.0264096148297565,0.0031686309926432874,0.007462463910205706,0.0038332162569013855,0.009584080130695396
1.9549999999998955,0.0028272503543675777,0.005781679859743306,1.00028302043157,1.0006287661462434,0.012008608182265804,0.02648286115896941,0.0031724642090884977,0.007472047991359161,0.003833216633519051,0.009584082176214866
1.9559999999998954,0.002839274532274136,0.00580819939106016,1.0002834371891598,1.0006296510855868,0.01203974763085096,0.026556201474738333,0.003176297425907876,0.007481632074544832,0.0038332170052379428,0.009584084195127218
1.9569999999998953,0.0028513298684284274,0.005834792309686169,1.0002838535560084,1.0006305349078175,0.01207092467773155,0.026629635777280853,0.003180130643096556,0.007491216159736285,0.0038332173721217816,0.009584086187778553
1.9579999999998952,0.002863416400428767,0.005861458709608216,1.0002842695303344,1.0006314176083604,0.012102139322948225,0.026703164066812234,0.0031839638606497335,0.00750080024690743,0.003833217734233459,0.009584088154510471
1.958999999999895,0.002875534165873512,0.005888198684813395,1.0002846851103775,1.0006322991826877,0.012133391566541205,0.02677678634354546,0.0031877970785626677,0.0075103843360325145,0.003833218091635049,0.009584090095660129
1.959999999999895,0.002887683202360731,0.00591501232928731,1.000285100294295,1.0006331796260919,0.012164681407896618,0.026850502604283417,0.003191630296830679,0.007519968427086124,0.00383321844438781,0.00958409201156021
1.9609999999998948,0.002899863547487882,0.0059418997370123796,1.0002855150800605,1.0006340589334612,0.012196008846405992,0.02692431284585637,0.003195463515449149,0.0075295525200431744,0.0038332187925522046,0.00958409390253907
1.9619999999998947,0.002912075238852146,0.005968861001969577,1.000285929465569,1.0006349370995113,0.012227373882121443,0.026998217068538166,0.003199296734413519,0.007539136614878905,0.0038332191361879157,0.009584095768920884
1.9629999999998946,0.002924318314050754,0.005995896218140146,1.0002863434487406,1.000635814119014,0.01225877651509453,0.02707221527259972,0.00320312995371929,0.007548720711568878,0.00383321947535385,0.009584097611025612
1.9639999999998945,0.0029365928106809894,0.006023005479505601,1.000286757027519,1.0006366899867964,0.012290216745376262,0.027146307458309038,0.003206963173362021,0.007558304810088975,0.0038332198101081487,0.00958409942916905
1.9649999999998944,0.002948898766340186,0.006050188880047721,1.0002871701998721,1.0006375646977415,0.0123216945730171,0.02722049362593124,0.0032107963933373294,0.007567888910415391,0.0038332201405081954,0.009584101223662884
1.9659999999998943,0.002961236218625728,0.006077446513748551,1.000287582963792,1.0006384382467854,0.012353209998066966,0.0272947737757286,0.0032146296136408886,0.007577473012524629,0.003833220466610628,0.00958410299481475
1.9669999999998942,0.0029736052051350494,0.006104778474590396,1.000287995317294,1.0006393106289186,0.012384763020575246,0.027369147907960568,0.0032184628342684296,0.007587057116393501,0.0038332207884713486,0.00958410474292828
1.967999999999894,0.002986005763465632,0.006132184856555817,1.0002884072584166,1.0006401818391837,0.012416353640590799,0.027443616022883796,0.003222296055215738,0.0075966412219991165,0.0038332211061455302,0.009584106468303153
1.968999999999894,0.0029984379312150084,0.006159665753627635,1.0002888187852208,1.0006410518726758,0.012447981858161958,0.027518178120752176,0.0032261292764786545,0.007606225329318886,0.0038332214196876296,0.009584108171235154
1.9699999999998938,0.0030109017459807575,0.006187221259788919,1.0002892298957906,1.0006419207245416,0.01247964767333654,0.027592834201816855,0.003229962498053074,0.007615809438330512,0.0038332217291513946,0.009584109852016217
1.9709999999998937,0.003023397245360507,0.006214851469022991,1.0002896405882322,1.0006427883899784,0.012511351086161844,0.027667584266326272,0.0032337957199349444,0.007625393549011987,0.0038332220345898738,0.009584111510934482
1.9719999999998936,0.00303592446695193,0.006242556475313417,1.0002900508606738,1.0006436548642337,0.012543092096684666,0.027742428314526182,0.003237628942120267,0.007634977661341592,0.003833222336055426,0.009584113148274336
1.9729999999998935,0.003048483448352748,0.00627033637264401,1.0002904607112653,1.0006445201426046,0.012574870704951299,0.027817366346659683,0.0032414621646050944,0.007644561775297888,0.003833222633599729,0.009584114764316469
1.9739999999998934,0.0030610742271607273,0.006298191254998823,1.000290870138178,1.0006453842204373,0.012606686911007536,0.027892398362967242,0.0032452953873855312,0.007654145890859715,0.0038332229272737884,0.00958411635933792
1.9749999999998933,0.0030736968409736803,0.00632612121636215,1.0002912791396046,1.0006462470931259,0.012638540714898677,0.027967524363686724,0.003249128610457732,0.00766373000800619,0.003833223217127946,0.009584117933612125
1.9759999999998932,0.0030863513273894643,0.00635412635071852,1.0002916877137584,1.0006471087561126,0.01267043211666954,0.028042744349053413,0.003252961833817902,0.0076733141267167,0.003833223503211889,0.009584119487408959
1.976999999999893,0.0030990377240059813,0.006382206752052697,1.000292095858874,1.0006479692048866,0.012702361116364453,0.028118058319300046,0.003256795057462295,0.007682898246970902,0.003833223785574658,0.00958412102099479
1.977999999999893,0.003111756068421177,0.006410362514349675,1.0002925035732053,1.0006488284349833,0.012734327714027275,0.02819346627465683,0.003260628281387215,0.007692482368748715,0.003833224064264656,0.009584122534632521
1.9789999999998928,0.003124506398233041,0.006438593731594679,1.0002929108550274,1.000649686441984,0.012766331909701388,0.02826896821535147,0.0032644615055890122,0.007702066492030322,0.003833224339329657,0.009584124028581631
1.9799999999998927,0.0031372887510393004,0.006466900497771412,1.000293317702541,1.000650543221289,0.01279837370281729,0.02834456413811446,0.0032682947300640853,0.007711650616796162,0.003833224610816807,0.009584125503098161
1.9809999999998926,0.0031501031644371146,0.006495282906860322,1.0002937241137804,1.0006513987678924,0.012830453092810532,0.028420254039704527,0.00327212795480888,0.007721234743026929,0.00383322487877264,0.00958412695843482
1.9819999999998925,0.0031629496760233874,0.00652374105284038,1.0002941300867088,1.000652253076614,0.0128625700797355,0.028496037920411794,0.003275961179819888,0.007730818870703567,0.003833225143243089,0.009584128394841098
1.9829999999998924,0.003175828323395078,0.006552275029690848,1.0002945356193134,1.0006531061423287,0.01289472466364599,0.028571915780523215,0.0032797944050936465,0.0077404029998072695,0.0038332254042734906,0.009584129812563243
1.9839999999998923,0.0031887391441491986,0.006580884931391271,1.0002949407096047,1.0006539579599654,0.012926916844595219,0.02864788762032261,0.0032836276306267374,0.007749987130319473,0.003833225661908591,0.009584131211844297
1.9849999999998922,0.003201682175882814,0.006609570851921477,1.0002953453556163,1.0006548085245064,0.012959146622635817,0.028723953440090693,0.003287460856415788,0.007759571262221857,0.0038332259161925545,0.00958413259292414
1.985999999999892,0.0032146574561930418,0.006638332885261575,1.000295749555405,1.0006556578309866,0.01299141399781985,0.02880011324010512,0.0032912940824574685,0.007769155395496339,0.003833226167168971,0.009584133956039536
1.986999999999892,0.003227665022677051,0.006667171125391948,1.00029615330705,1.0006565058744932,0.013023718970198812,0.028876367020640493,0.0032951273087484935,0.00777873953012507,0.003833226414880863,0.00958413530142416
1.9879999999998919,0.003240704912932062,0.006696085666293252,1.000296556608653,1.0006573526501645,0.01305606153982364,0.028952714781968418,0.0032989605352856193,0.007788323666090437,0.0038332266593706942,0.009584136629308657
1.9889999999998917,0.003253777164555346,0.006725076601946415,1.0002969594583375,1.0006581981531897,0.013088441706744716,0.029029156524357523,0.003302793762065645,0.007797907803375052,0.0038332269006803752,0.009584137939920667
1.9899999999998916,0.003266881815144246,0.006754144026332614,1.0002973618542552,1.0006590423788058,0.013120859471055102,0.02910569224803947,0.003306626989085411,0.007807491941961755,0.003833227138851272,0.009584139233484867
1.9909999999998915,0.003280018902296197,0.0067832880334332555,1.0002977637945927,1.000659885322295,0.013153314832846924,0.029182321953243304,0.0033104602163417985,0.007817076081833609,0.003833227373924212,0.009584140510223013
1.9919999999998914,0.0032931884636087047,0.006812508717229992,1.000298165277564,1.0006607269789862,0.01318580779216806,0.02925904564022959,0.0033142934438317303,0.007826660222973897,0.003833227605939493,0.009584141770353976
1.9929999999998913,0.0033063905366793214,0.006841806171704734,1.0002985663014035,1.000661567344257,0.013218338349065863,0.029335863309256024,0.0033181266715521687,0.007836244365366122,0.003833227834936886,0.00958414301409378
1.9939999999998912,0.003319625159105648,0.006871180490839651,1.000298966864366,1.0006624064135317,0.013250906503587172,0.029412774960577474,0.0033219598995001148,0.007845828508993997,0.0038332280609556465,0.009584144241655641
1.994999999999891,0.003332892368485331,0.006900631768617163,1.0002993669647267,1.0006632441822827,0.013283512255778314,0.029489780594446006,0.00332579312767261,0.00785541265384145,0.0038332282840345187,0.009584145453249997
1.995999999999891,0.0033461922024160626,0.006930160099019941,1.0002997666007802,1.0006640806460283,0.013316155605685111,0.029566880211110907,0.003329626356066733,0.007864996799892618,0.0038332285042117433,0.009584146649084553
1.9969999999998909,0.0033595246984955817,0.006959765576030906,1.0003001657708415,1.0006649158003331,0.013348836553352884,0.029644073810818718,0.0033334595846796016,0.007874580947131843,0.003833228721525063,0.00958414782936431
1.9979999999998908,0.0033728898943216714,0.006989448293633222,1.000300564473244,1.0006657496408067,0.01338155509882646,0.02972136139381326,0.00333729281350837,0.00788416509554367,0.0038332289360117297,0.009584148994291601
1.9989999999998906,0.00338628782749216,0.007019208345810296,1.0003009627063406,1.0006665821631033,0.013414311242150177,0.029798742960335675,0.00334112604255023,0.007893749245112849,0.0038332291477085113,0.009584150144066128
1.9999999999998905,0.0033997185356045762,0.007049045826544106,1.000301360468401,1.0006674133627103,0.01344710498268279,0.029876218507283833,0.0033449592718024102,0.007903333395824325,0.003833229356651692,0.009584151278884949
2.0009999999998906,0.003413182056255812,0.0070789608298135395,1.0003017577575093,1.0006682432347378,0.013479936319788801,0.02995378803158262,0.0033487925012621747,0.007912917547663238,0.0038332295628770857,0.009584152398942555
2.0019999999998905,0.003426678427042469,0.007108953449596097,1.0003021545716697,1.000669071774136,0.01351280525352504,0.03003145153353235,0.003352625730926823,0.007922501700614924,0.003833229766420043,0.00958415350443096
2.0029999999998904,0.0034402076855612053,0.007139023779869578,1.0003025509089094,1.0006698989759075,0.013545711783947721,0.030109209013430015,0.003356458960793691,0.007932085854664908,0.003833229967315456,0.009584154595539681
2.0039999999998903,0.0034537698694087353,0.007169171914612078,1.0003029467672788,1.0006707248351077,0.013578655911112436,0.03018706047156932,0.0033602921908601475,0.007941670009798906,0.003833230165597763,0.009584155672455767
2.00499999999989,0.0034673650161818285,0.007199397947801983,1.000303342144851,1.000671549346843,0.013611637635074164,0.030265005908240723,0.003364125421123597,0.007951254166002815,0.003833230361300953,0.009584156735363834
2.00599999999989,0.0034809931634773093,0.007229701973417969,1.0003037370397212,1.000672372506271,0.013644656955887286,0.030343045323731468,0.0033679586515814766,0.00796083832326272,0.0038332305544585745,0.0095841577844461
2.00699999999989,0.0034946543488920557,0.007260084085438998,1.0003041314500065,1.0006731943085996,0.01367771387360558,0.030421178718325607,0.003371791882231258,0.007970422481564885,0.0038332307451037387,0.009584158819882406
2.00799999999989,0.0035083486100229997,0.007290544377844313,1.0003045253738465,1.0006740147490865,0.01371080838828223,0.030499406092304056,0.0033756251130704442,0.007980006640895751,0.0038332309332691264,0.00958415984185026
2.0089999999998898,0.003522075984467126,0.0073210829446134365,1.0003049188094018,1.0006748338230382,0.013743940499969841,0.030577727445944603,0.003379458344096572,0.007989590801241939,0.003833231118986993,0.009584160850524857
2.0099999999998897,0.0035358365098214785,0.007351699879726205,1.0003053117548564,1.0006756515258142,0.013777110208735177,0.030656142779591673,0.0033832915753072104,0.007999174962590241,0.0038332313022891745,0.009584161846079116
2.0109999999998895,0.003549630223683168,0.0073823952771627935,1.00030570420842,1.0006764678528302,0.013810317514644297,0.03073465209358602,0.0033871248066999586,0.008008759124927623,0.003833231483207093,0.009584162828683705
2.0119999999998894,0.0035634571636493644,0.007413169230903684,1.0003060961683248,1.0006772827995531,0.013843562417747781,0.030813255388194873,0.003390958038272448,0.008018343288241218,0.003833231661771762,0.009584163798507073
2.0129999999998893,0.003577317367317286,0.007444021834929622,1.0003064876328236,1.0006780963614967,0.013876844918095654,0.0308919526636825,0.0033947912700223407,0.008027927452518329,0.00383323183801379,0.009584164755715474
2.013999999999889,0.0035912108722842024,0.007474953183221619,1.000306878600189,1.0006789085342203,0.013910165015737387,0.030970743920310222,0.0033986245019473295,0.008037511617746424,0.00383323201196339,0.009584165700473001
2.014999999999889,0.003605137716147432,0.007505963369760942,1.0003072690687138,1.000679719313328,0.013943522710721907,0.03104962915833645,0.0034024577340451365,0.008047095783913131,0.0038332321836503803,0.009584166632941616
2.015999999999889,0.003619097936504342,0.007537052488529119,1.0003076590367102,1.0006805286944693,0.013976918003097598,0.031128608378016717,0.0034062909663135138,0.008056679951006243,0.003833232353104191,0.009584167553281168
2.016999999999889,0.003633091570952347,0.007568220633507929,1.0003080485025098,1.000681336673337,0.014010350892912313,0.031207681579603706,0.003410124198750243,0.008066264119013709,0.0038332325203538705,0.009584168461649431
2.0179999999998888,0.0036471186570889097,0.007599467898679405,1.0003084374644633,1.0006821432456676,0.014043821380213374,0.03128684876334729,0.003413957431353134,0.008075848287923635,0.0038332326854280886,0.009584169358202126
2.0189999999998887,0.00366117923251154,0.007630794378025826,1.0003088259209403,1.0006829484072408,0.014077329465047583,0.031366109929494526,0.0034177906641200254,0.008085432457724282,0.003833232848355143,0.009584170243092946
2.0199999999998886,0.003675273334817481,0.007662200165528007,1.0003092138702374,1.000683752153667,0.014110875146834971,0.031445465074868076,0.0034216238970487846,0.008095016628404065,0.0038332330091629587,0.00958417111647355
2.0209999999998884,0.003689401001603399,0.0076936853551636,1.0003096013104877,1.000684554480178,0.01414445842500079,0.03152491419631851,0.0034254571301373057,0.008104600799951548,0.0038332331678790996,0.009584171978493622
2.0219999999998883,0.003703562270465701,0.0077252500409088366,1.0003099882397541,1.0006853553818433,0.014178079299603106,0.03160445729415381,0.0034292903633835106,0.008114184972355444,0.0038332333245307726,0.00958417282930094
2.022999999999888,0.0037177571790008523,0.007756894316740252,1.0003103746561224,1.000686154853784,0.014211737770699345,0.03168409436867851,0.0034331235967853483,0.008123769145604616,0.003833233479144831,0.00958417366904136
2.023999999999888,0.003731985764805375,0.007788618276634689,1.0003107605577002,1.0006869528911715,0.014245433838346292,0.03176382542019374,0.0034369568303407945,0.008133353319688067,0.0038332336317477796,0.009584174497858838
2.024999999999888,0.003746248065475848,0.007820422014569284,1.000311145942617,1.0006877494892272,0.014279167502600106,0.031843650448997285,0.0034407900640478512,0.008142937494594944,0.0038332337823657778,0.00958417531589546
2.025999999999888,0.0037605441186089063,0.007852305624521475,1.0003115308090242,1.0006885446432217,0.014312938763516322,0.03192356945538358,0.0034446232979045465,0.008152521670314538,0.0038332339310246442,0.00958417612329146
2.026999999999888,0.0037748739618012396,0.007884269200468988,1.0003119151550943,1.000689338348474,0.014346747621149857,0.03200358243964376,0.003448456531908934,0.008162105846836276,0.0038332340777498626,0.009584176920185252
2.0279999999998877,0.003789237632649592,0.007916312836389843,1.000312298979021,1.000690130600352,0.014380594075555019,0.03208368940206573,0.0034522897660590923,0.008171690024149724,0.0038332342225665846,0.009584177706713447
2.0289999999998876,0.003803635168750762,0.007948436626262342,1.0003126822790187,1.0006909213942698,0.014414478126785512,0.03216389034293415,0.0034561230003531253,0.008181274202244586,0.0038332343654996345,0.009584178483010878
2.0299999999998875,0.003818066607701625,0.007980640664065128,1.000313065053329,1.0006917107256958,0.014448399774939679,0.03224418526263756,0.0034599562347891618,0.008190858381110697,0.003833234506573515,0.009584179249210628
2.0309999999998873,0.003832531987099152,0.008012925043777227,1.0003134473002266,1.0006924985901573,0.014482359020114854,0.03232457416156039,0.003463789469365355,0.008200442560738024,0.003833234645812409,0.009584180005444046
2.0319999999998872,0.0038470313445403905,0.008045289859377995,1.000313829018013,1.0006932849832335,0.014516355862362046,0.03240505703997567,0.0034676227040798813,0.008210026741116667,0.003833234783240184,0.009584180751840773
2.032999999999887,0.0038615647176224372,0.008077735204847059,1.0003142102050087,1.0006940699005484,0.014550390301731693,0.03248563389815336,0.0034714559389309417,0.008219610922236852,0.0038332349188803993,0.009584181488528763
2.033999999999887,0.00387613214394244,0.008110261174164315,1.0003145908595534,1.0006948533377702,0.014584462338273674,0.03256630473636037,0.0034752891739167602,0.008229195104088934,0.003833235052756306,0.009584182215634306
2.034999999999887,0.0038907336610975955,0.008142867861309926,1.0003149709800063,1.0006956352906105,0.014618571972037314,0.03264706955486064,0.003479122409035584,0.008238779286663393,0.0038332351848908534,0.009584182933282047
2.035999999999887,0.0039053693066851496,0.008175555360264314,1.0003153505647449,1.0006964157548242,0.014652719203071386,0.03272792835391511,0.0034829556442856828,0.008248363469950832,0.0038332353153066917,0.009584183641595013
2.0369999999998867,0.0039200391183023976,0.008208323765008163,1.0003157296121652,1.0006971947262084,0.014686904031424121,0.0328088811337818,0.003486788879665349,0.008257947653941977,0.003833235444026177,0.009584184340694628
2.0379999999998866,0.003934743133546682,0.008241173169522411,1.0003161081206815,1.0006979722006024,0.014721126457143211,0.03288992789471583,0.0034906221151728978,0.008267531838627674,0.003833235571071374,0.009584185030700737
2.0389999999998865,0.003949481390015391,0.008274103667788253,1.0003164860887264,1.0006987481738867,0.014755386480275821,0.032971068636969414,0.0034944553508066654,0.00827711602399889,0.0038332356964640617,0.009584185711731627
2.0399999999998863,0.0039642539253056585,0.00830711535378549,1.0003168635146626,1.0006995226417845,0.014789684100258787,0.033052303357505884,0.0034982885865650105,0.008286700210046708,0.0038332358202257323,0.009584186383904018
2.0409999999998862,0.003979060777014055,0.008340208321490902,1.0003172403966978,1.0007002955996651,0.014824019316534048,0.033133632053315445,0.0035021218224463124,0.008296284396762327,0.0038332359423775986,0.009584187047333112
2.041999999999886,0.003993901982736902,0.008373382664879914,1.0003176167329724,1.0007010670427463,0.014858392129159733,0.033215054724708606,0.0035059550584489716,0.00830586858413706,0.0038332360629406005,0.009584187702132643
2.042999999999886,0.004008777580070578,0.008406638477928264,1.0003179925216485,1.0007018369662954,0.014892802538193322,0.03329657137199237,0.0035097882945714096,0.008315452772162333,0.003833236181935405,0.009584188348414862
2.043999999999886,0.00402368760661152,0.008439975854611995,1.0003183677609098,1.000702605365628,0.014927250543691649,0.033378181995470296,0.0035136215308120685,0.008325036960829686,0.00383323629938241,0.00958418898629056
2.044999999999886,0.004038632099956222,0.008473394888907452,1.0003187424489601,1.0007033722361078,0.014961736145710915,0.0334598865954425,0.0035174547671694106,0.008334621150130766,0.0038332364153017494,0.00958418961586909
2.0459999999998857,0.00405361109770123,0.008506895674791275,1.0003191165840246,1.0007041375731456,0.014996259344306694,0.03354168517220574,0.003521288003641918,0.00834420534005733,0.0038332365297132935,0.00958419023725838
2.0469999999998856,0.00406862463744315,0.008540478306240405,1.0003194901643484,1.000704901372199,0.015030820139533939,0.0336235777260534,0.003525121240228093,0.008353789530601242,0.0038332366426366547,0.009584190850564956
2.0479999999998855,0.004083672756778641,0.00857414287723207,1.0003198631881969,1.0007056636287712,0.015065418531446986,0.033705564257275576,0.003528954476926457,0.00836337372175447,0.003833236754091191,0.009584191455893955
2.0489999999998854,0.004098755493304414,0.008607889481743788,1.0003202356538554,1.0007064243384118,0.015100054520099564,0.03378764476615907,0.0035327877137355506,0.008372957913509092,0.0038332368640960073,0.009584192053349148
2.0499999999998852,0.004113872884617243,0.008641718213753398,1.0003206075596311,1.000707183496719,0.015134728105560215,0.03386981925306051,0.0035366209506539335,0.008382542105857283,0.0038332369726699613,0.009584192643032957
2.050999999999885,0.004129024968313972,0.008675629167239095,1.000320978903855,1.000707941099344,0.015169439287896741,0.033952087718332656,0.0035404541876801845,0.008392126298791323,0.003833237079831665,0.00958419322504647
2.051999999999885,0.0041442117819915,0.008709622436179386,1.0003213496848788,1.0007086971419863,0.01520418806716077,0.034034450162251206,0.0035442874248129003,0.008401710492303592,0.0038332371855994874,0.009584193799489462
2.052999999999885,0.004159433363246782,0.008743698114553056,1.0003217199010737,1.0007094516203883,0.015238974443403353,0.034116906585088744,0.0035481206620506956,0.008411294686386567,0.00383323728999156,0.00958419436646041
2.053999999999885,0.004174689749676821,0.008777856296339157,1.000322089550829,1.0007102045303347,0.015273798416674965,0.03419945698711477,0.0035519538993922044,0.008420878881032826,0.0038332373930257775,0.009584194926056507
2.0549999999998847,0.004189980978878671,0.008812097075517012,1.0003224586325523,1.0007109558676524,0.01530865998702552,0.03428210136859571,0.003555787136836077,0.008430463076235042,0.0038332374947198018,0.009584195478373683
2.0559999999998846,0.004205307088449436,0.008846420546066209,1.0003228271446698,1.0007117056282093,0.01534355915450437,0.034364839729794996,0.0035596203743809827,0.008440047271985981,0.0038332375950910656,0.009584196023506622
2.0569999999998845,0.004220668115986269,0.008880826801966592,1.0003231950856248,1.0007124538079144,0.015378495919160315,0.03444767207097306,0.0035634536120256067,0.008449631468278509,0.003833237694156775,0.009584196561548774
2.0579999999998844,0.00423606409908637,0.008915315937198272,1.0003235624538789,1.0007132004027168,0.015413470281041605,0.03453059839238737,0.003567286849768652,0.008459215665105579,0.003833237791933911,0.009584197092592376
2.0589999999998843,0.004251495075346988,0.008949888045741611,1.0003239292479107,1.0007139454086058,0.015448482240195951,0.03461361869429247,0.0035711200876088387,0.00846879986246024,0.003833237888439235,0.00958419761672846
2.059999999999884,0.00426696108236511,0.008984543221575603,1.0003242954661289,1.000714688821418,0.015483531796047355,0.03469673297368873,0.003574953325544903,0.008478384060335627,0.0038332379836892886,0.00958419813404686
2.060999999999884,0.004282462157737146,0.009019281558676248,1.000324661106786,1.0007154306366473,0.01551861894802508,0.03477994122760329,0.003578786563575598,0.008487968258724969,0.0038332380777003974,0.009584198644636239
2.061999999999884,0.004297998339059253,0.009054103151018225,1.0003250261680672,1.0007161708496413,0.015553743696188107,0.03486324345634847,0.0035826198016996927,0.00849755245762158,0.003833238170488677,0.009584199148584126
2.062999999999884,0.004313569663927644,0.009089008092576515,1.0003253906481786,1.000716909455795,0.015588906040594751,0.034946639660233016,0.0035864530399159723,0.00850713665701886,0.0038332382620700333,0.009584199645976912
2.0639999999998837,0.004329176169938593,0.009123996477326413,1.0003257545453468,1.00071764645055,0.01562410598130267,0.03503012983956219,0.0035902862782232372,0.008516720856910298,0.0038332383524601653,0.009584200136899866
2.0649999999998836,0.004344817894688429,0.009159068399243513,1.0003261178578189,1.000718381829394,0.015659343518368878,0.035113713994637794,0.0035941195166203045,0.008526305057289466,0.003833238441674568,0.009584200621437146
2.0659999999998835,0.004360494875773538,0.009194223952303711,1.0003264805838619,1.0007191155878605,0.015694618651849748,0.03519739212575818,0.003597952755106006,0.00853588925815002,0.0038332385297285346,0.009584201099671816
2.0669999999998834,0.004376207150790364,0.009229463230483199,1.0003268427217626,1.0007198477215273,0.015729931381801013,0.035281164233218344,0.003601785993679189,0.008545473459485699,0.003833238616637159,0.00958420157168586
2.0679999999998833,0.004391954757335403,0.009264786327758463,1.0003272042698277,1.0007205782260171,0.015765281708277786,0.0353650303173099,0.003605619232338715,0.008555057661290322,0.0038332387024153395,0.009584202037560195
2.068999999999883,0.004407737733005209,0.009300193338106279,1.000327565226383,1.000721307096996,0.015800669631334557,0.03544899037832116,0.0036094524710834617,0.008564641863557789,0.0038332387870777802,0.009584202497374683
2.069999999999883,0.004423556115396412,0.009335684355503839,1.00032792558978,1.0007220343301888,0.01583609515107244,0.0355330444167987,0.0036132857099123203,0.008574226066282081,0.0038332388706389937,0.009584202951208154
2.070999999999883,0.004439409942105744,0.00937125947392888,1.000328285358402,1.0007227599213933,0.015871558267591505,0.03561719243328346,0.0036171189488241966,0.008583810269457254,0.003833238953113305,0.009584203399138406
2.071999999999883,0.004455299250730012,0.009406918787359546,1.000328644530657,1.000723483866464,0.015907058980943443,0.03570143442804866,0.003620952187818011,0.008593394473077444,0.003833239034514851,0.009584203841242228
2.0729999999998827,0.004471224078866073,0.009442662389774252,1.0003290031049714,1.0007242061612964,0.015942597291179365,0.03578577040136442,0.003624785426892697,0.008602978677136863,0.003833239114857586,0.00958420427759541
2.0739999999998826,0.004487184464110837,0.009478490375151683,1.0003293610797894,1.0007249268018263,0.015978173198349804,0.035870200353497764,0.0036286186660472036,0.008612562881629798,0.0038332391941552826,0.009584204708272752
2.0749999999998825,0.004503180444061265,0.009514402837470789,1.0003297184535727,1.0007256457840292,0.016013786702504727,0.03595472428471267,0.003632451905280492,0.008622147086550609,0.0038332392724215337,0.009584205133348088
2.0759999999998824,0.0045192120563143645,0.00955039987071078,1.0003300752248003,1.0007263631039198,0.01604943780369353,0.0360393421952701,0.003636285144591538,0.00863173129189373,0.003833239349669756,0.009584205552894284
2.0769999999998823,0.004535279338467194,0.00958648156885113,1.0003304313919685,1.0007270787575517,0.016085126501965065,0.03612405408542804,0.0036401183839793296,0.008641315497653668,0.003833239425913191,0.009584205966983263
2.077999999999882,0.004551382328116861,0.009622648025871565,1.0003307869535905,1.000727792741017,0.016120852797367618,0.03620885995544153,0.003643951623442869,0.008650899703825004,0.0038332395011649086,0.009584206375686011
2.078999999999882,0.004567521062860519,0.009658899335752067,1.000331141908196,1.000728505050445,0.01615661668994894,0.03629375980556267,0.0036477848629811703,0.008660483910402382,0.0038332395754378085,0.00958420677907259
2.079999999999882,0.004583695580295061,0.009695235592471263,1.0003314962542464,1.0007292156818177,0.01619241817913561,0.0363787536328292,0.0036516181025932617,0.008670068117380525,0.0038332396487446214,0.009584207177212138
2.080999999999882,0.004599905918016808,0.00973165689000483,1.0003318499900509,1.0007299246307853,0.016228257264359478,0.03646384143430553,0.003655451342278183,0.008679652324754218,0.003833239721097912,0.00958420757017289
2.0819999999998817,0.004616152113621827,0.009768163322327134,1.0003322031138522,1.000730631892856,0.01626413394567956,0.03654902321030106,0.0036592845820349867,0.008689236532518315,0.003833239792510083,0.009584207958022213
2.0829999999998816,0.0046324342047062445,0.009804754983412845,1.0003325556239133,1.0007313374635831,0.01630004822315419,0.03663429896112164,0.0036631178218627385,0.00869882074066774,0.003833239862993377,0.009584208340826593
2.0839999999998815,0.004648752228866242,0.009841431967236941,1.0003329075185172,1.0007320413385645,0.016336000096841056,0.036719668687069655,0.003666951061760515,0.008708404949197479,0.003833239932559875,0.009584208718651656
2.0849999999998814,0.0046651062236980605,0.009878194367774698,1.0003332587959666,1.0007327435134419,0.016371989566797186,0.03680513238844402,0.0036707843017274055,0.008717989158102585,0.0038332400012215024,0.00958420909156217
2.0859999999998813,0.004681496226797998,0.00991504227900169,1.0003336094545832,1.0007334439839002,0.016408016633078965,0.03689069006554023,0.0036746175417625114,0.008727573367378177,0.0038332400689900297,0.009584209459622064
2.086999999999881,0.004697922275762409,0.009951975794893786,1.000333959492708,1.0007341427456673,0.016444081295742142,0.03697634171865042,0.003678450781864945,0.008737157577019435,0.003833240135877074,0.009584209822894433
2.087999999999881,0.004714384408187701,0.009988995009427144,1.0003343089087011,1.0007348397945133,0.016480183554841835,0.03706208734806337,0.0036822840220338306,0.008746741787021603,0.0038332402018941003,0.009584210181441554
2.088999999999881,0.004730882661670338,0.010026100016578207,1.0003346577009407,1.00073553512625,0.016516323410432538,0.03714792695406457,0.003686117262268304,0.008756325997379986,0.003833240267052426,0.00958421053532489
2.089999999999881,0.004747417073806862,0.010063290910323822,1.0003350058678304,1.0007362287367434,0.016552500862616372,0.03723386053716542,0.003689950502567512,0.008765910208089952,0.0038332403313632206,0.009584210884605107
2.0909999999998807,0.004763987682193918,0.010100567784641341,1.0003353534078048,1.0007369206219263,0.016588715911494394,0.037319888097871984,0.0036937837429306124,0.008775494419146926,0.003833240394837508,0.009584211229342084
2.0919999999998806,0.004780594524428224,0.010137930733508506,1.0003357003193225,1.0007376107777841,0.01662496855711827,0.037406009636455344,0.0036976169833567744,0.008785078630546395,0.0038332404574861695,0.009584211569594917
2.0929999999998805,0.004797237638106552,0.010175379850903325,1.00033604660086,1.0007382992003413,0.016661258799539072,0.037492225153183456,0.0037014502238451774,0.008794662842283902,0.0038332405193199437,0.009584211905421936
2.0939999999998804,0.0048139170608257256,0.010212915230804077,1.0003363922509105,1.0007389858856606,0.016697586638807306,0.037578534648321206,0.003705283464395012,0.008804247054355053,0.0038332405803494303,0.00958421223688071
2.0949999999998803,0.004830632830182616,0.010250536967189302,1.0003367372679846,1.000739670829843,0.016733952074972896,0.03766493812213043,0.0037091167050054795,0.008813831266755508,0.0038332406405850914,0.009584212564028059
2.09599999999988,0.004847384983774145,0.010288245154037801,1.000337081650609,1.000740354029027,0.016770355108085205,0.03775143557486998,0.003712949945675791,0.008823415479480982,0.003833240700037252,0.009584212886920065
2.09699999999988,0.004864173559197284,0.010326039885328634,1.0003374253973274,1.0007410354793875,0.016806795738193034,0.03783802700679569,0.0037167831864051673,0.008832999692527248,0.0038332407587161037,0.009584213205612082
2.09799999999988,0.004880998594049053,0.010363921255041111,1.0003377685066999,1.000741715177137,0.01684327396534463,0.037924712418160485,0.0037206164271928414,0.008842583905890133,0.0038332408166317053,0.00958421352015874
2.09899999999988,0.00489786012592652,0.010401889357154798,1.0003381109773022,1.000742393118523,0.016879789789587697,0.038011491809214364,0.003724449668038054,0.00885216811956552,0.0038332408737939846,0.009584213830613962
2.0999999999998797,0.004914758192426506,0.010439944285647982,1.000338452807648,1.0007430692996575,0.016916343210384467,0.03809836517715362,0.003728282908940057,0.008861752333549341,0.003833240930212739,0.009584214137030957
2.1009999999998796,0.0049316928311453,0.010478086134496158,1.0003387939961104,1.0007437437163444,0.01695293422720216,0.038185332519199984,0.0037321161498981123,0.008871336547837588,0.00383324098589764,0.009584214439462242
2.1019999999998795,0.00494866407967895,0.010516314997673587,1.0003391345410024,1.000744416364257,0.016989562840099035,0.03827239383565774,0.0037359493909114904,0.0088809207624263,0.003833241040858232,0.009584214737959663
2.1029999999998794,0.004965671975623566,0.01055463096915483,1.0003394744406564,1.000745087239111,0.017026229049132702,0.03835954912682769,0.0037397826319794714,0.008890504977311567,0.003833241095103937,0.009584215032574391
2.1039999999998793,0.004982716556575313,0.010593034142914747,1.0003398136934236,1.0007457563366648,0.017062932854360106,0.03844679839300717,0.0037436158731013456,0.008900089192489533,0.003833241148644054,0.009584215323356932
2.104999999999879,0.004999797860130412,0.010631524612928496,1.000340152297674,1.0007464236527182,0.01709967425583755,0.03853414163449013,0.0037474491142764116,0.00890967340795639,0.0038332412014877603,0.009584215610357131
2.105999999999879,0.0050169159238851405,0.010670102473171525,1.000340490251796,1.000747089183112,0.017136453253620704,0.03862157885156711,0.0037512823555039777,0.008919257623708382,0.0038332412536441146,0.009584215893624192
2.106999999999879,0.005034070785435833,0.010708767817619572,1.0003408275541965,1.0007477529237283,0.017173269847764593,0.03870911004452534,0.003755115596783361,0.008928841839741797,0.0038332413051220576,0.009584216173206673
2.107999999999879,0.005051262482378877,0.01074752074024866,1.0003411642032998,1.0007484148704884,0.01721012403832363,0.038796735213648716,0.003758948838113887,0.008938426056052976,0.003833241355930414,0.009584216449152501
2.1089999999998787,0.005068491052310715,0.010786361335035093,1.0003415001975486,1.0007490750193537,0.017247015825351597,0.03888445435921789,0.0037627820794948912,0.008948010272638307,0.003833241406077893,0.009584216721508982
2.1099999999998786,0.005085756532827866,0.010825289695955535,1.0003418355354095,1.0007497333663335,0.01728394520895092,0.03897226748166641,0.0037666153209257166,0.008957594489494222,0.003833241455573091,0.009584216990322806
2.1109999999998785,0.005103058961526953,0.01086430591698708,1.0003421702153792,1.0007503899074928,0.017320912189222954,0.0390601745814232,0.0037704485624057153,0.008967178706617203,0.003833241504424492,0.009584217255640053
2.1119999999998784,0.005120398376004674,0.01090341009210717,1.0003425042359781,1.000751044638943,0.01735791676621864,0.03914817565875607,0.0037742818039342477,0.008976762924003776,0.003833241552640471,0.009584217517506209
2.1129999999998783,0.0051377748138577775,0.010942602315293513,1.0003428375957433,1.0007516975568327,0.017394958939988353,0.03923627071392977,0.0037781150455106828,0.008986347141650511,0.0038332416002292927,0.009584217775966162
2.113999999999878,0.005155188312683062,0.01098188268052408,1.0003431702932277,1.0007523486573475,0.017432038710581885,0.03932445974720599,0.003781948287134397,0.008995931359554026,0.0038332416471991153,0.00958421803106422
2.114999999999878,0.005172638910077377,0.011021251281777104,1.000343502327001,1.000752997936709,0.017469156078048467,0.039412742758843385,0.0037857815288047754,0.00900551557771098,0.00383324169355799,0.009584218282844113
2.115999999999878,0.00519012664363762,0.011060708213031074,1.0003438336956487,1.0007536453911745,0.017506311042436763,0.039501119749097625,0.0037896147705212112,0.009015099796118076,0.0038332417393138634,0.009584218531349003
2.116999999999878,0.005207651550960736,0.011100253568264733,1.0003441643977717,1.0007542910170368,0.017543503603794888,0.039589590718221435,0.0037934480122831056,0.009024684014772062,0.0038332417844745793,0.009584218776621491
2.1179999999998778,0.005225213669643718,0.011139887441457077,1.0003444944319868,1.0007549348106235,0.017580733762170408,0.0396781556664646,0.0037972812540898668,0.009034268233669724,0.0038332418290478788,0.009584219018703622
2.1189999999998776,0.005242813037283608,0.011179609926587347,1.0003448237969261,1.0007555767682963,0.017618001517610348,0.039766814594074024,0.0038011144959409116,0.009043852452807893,0.003833241873041403,0.009584219257636894
2.1199999999998775,0.005260449691477212,0.01121942111763359,1.0003451524911626,1.0007562168862922,0.0176553068695974,0.03985556749841362,0.0038049477378356636,0.009053436672183442,0.003833241916462692,0.009584219493462262
2.1209999999998774,0.00527812366982082,0.011259321108571233,1.0003454805131373,1.0007568551605652,0.01769264981761908,0.03994441437687135,0.0038087809797735547,0.009063020891793283,0.003833241959319189,0.009584219726220143
2.1219999999998773,0.0052958350099104965,0.011299309993374541,1.0003458078612344,1.000757491586949,0.0177300303617326,0.040033355229745216,0.0038126142217540233,0.009072605111634368,0.0038332420016182404,0.009584219955950437
2.122999999999877,0.00531358374934236,0.011339387866018078,1.0003461345338562,1.0007581261613183,0.01776744850199451,0.04012239005732977,0.003816447463776516,0.00908218933170369,0.003833242043367097,0.009584220182692527
2.123999999999877,0.005331369925712588,0.0113795548204767,1.0003464605294234,1.0007587588795874,0.01780490423846073,0.040211518859916154,0.003820280705840486,0.009091773551998278,0.0038332420845729152,0.009584220406485284
2.124999999999877,0.005349193576617411,0.011419810950725555,1.0003467858463742,1.0007593897377103,0.01784239757118653,0.04030074163779218,0.0038241139479453937,0.009101357772515204,0.003833242125242759,0.009584220627367072
2.125999999999877,0.005367054739653118,0.011460156350740072,1.0003471104831645,1.0007600187316799,0.01787992850022656,0.04039005839124231,0.003827947190090707,0.009110941993251576,0.0038332421653835998,0.009584220845375756
2.1269999999998768,0.005384953452416049,0.011500591114495966,1.0003474344382677,1.0007606458575276,0.017917497025634842,0.04047946912054773,0.0038317804322759,0.009120526214204538,0.0038332422050023182,0.009584221060548707
2.1279999999998767,0.0054028897525025986,0.011541115335969233,1.0003477577101743,1.000761271111323,0.01795510314746478,0.040568973825986364,0.003835613674500454,0.009130110435371274,0.0038332422441057063,0.009584221272922813
2.1289999999998765,0.005420863677509215,0.011581729109136142,1.0003480802973914,1.000761894489173,0.017992746865769172,0.04065857250783293,0.003839446916763857,0.009139694656749003,0.0038332422827004665,0.00958422148253448
2.1299999999998764,0.005438875265032425,0.011622432527973398,1.0003484021984497,1.000762515987239,0.01803042818065046,0.040748265166677934,0.0038432801590656037,0.00914927887833498,0.0038332423207932155,0.009584221689419642
2.1309999999998763,0.005456924552668855,0.01166322568645829,1.000348723411909,1.0007631356017541,0.018068147092210014,0.04083805180310575,0.0038471134014051956,0.009158863100126497,0.003833242358390483,0.009584221893613765
2.131999999999876,0.00547501157801521,0.01170410867856853,1.0003490439363525,1.0007637533290035,0.01810590360049779,0.040927932417375044,0.00385094664378214,0.00916844732212088,0.0038332423954987134,0.009584222095151853
2.132999999999876,0.00549313637866824,0.01174508159828209,1.0003493637703784,1.0007643691653074,0.018143697705563174,0.041017907009741485,0.0038547798861959517,0.00917803154431549,0.003833242432124268,0.009584222294068455
2.133999999999876,0.005511298992224749,0.011786144539577189,1.0003496829126006,1.0007649831070207,0.01818152940745499,0.04110797558045776,0.0038586131286461505,0.009187615766707723,0.0038332424682734254,0.00958422249039767
2.134999999999876,0.005529499456281587,0.011827297596432305,1.0003500013616486,1.0007655951505319,0.018219398706221506,0.04119813812977364,0.0038624463711322632,0.009197199989295008,0.003833242503952382,0.009584222684173156
2.1359999999998758,0.005547737808435653,0.01186854086282616,1.000350319116167,1.000766205292263,0.018257305601910433,0.041288394657935976,0.003866279613653823,0.009206784212074808,0.0038332425391672544,0.009584222875428127
2.1369999999998757,0.0055660140862838926,0.011909874432737722,1.0003506361748151,1.0007668135286691,0.018295250094568935,0.04137874516518875,0.0038701128562103684,0.00921636843504462,0.0038332425739240786,0.009584223064195374
2.1379999999998756,0.005584328327423299,0.011951298400146202,1.0003509525362675,1.0007674198562377,0.018333232184243643,0.04146918965177311,0.003873946098801445,0.009225952658201971,0.0038332426082288125,0.009584223250507253
2.1389999999998754,0.005602680569450911,0.011992812859031051,1.000351268199213,1.000768024271489,0.01837125187098065,0.041559728117927394,0.003877779341426603,0.009235536881544423,0.0038332426420873366,0.009584223434395703
2.1399999999998753,0.005621070849963544,0.012034417903370509,1.0003515831622853,1.0007686267708171,0.0184093091542842,0.04165036056098631,0.0038816125840853994,0.009245121105069568,0.0038332426755054547,0.009584223615892241
2.1409999999998752,0.005639499206557518,0.012076113627140157,1.0003518974239936,1.0007692273503364,0.018447404033663177,0.0417410869783091,0.0038854458267773965,0.009254705328775028,0.003833242708488895,0.009584223795027975
2.141999999999875,0.005657965676828936,0.012117900124314405,1.000352210982794,1.0007698260060405,0.018485536509173464,0.04183190737018611,0.0038892790695021625,0.009264289552658459,0.003833242741043311,0.009584223971833615
2.142999999999875,0.005676470298373958,0.01215977748886795,1.0003525238371598,1.0007704227339616,0.018523706580870297,0.041922821736904335,0.003893112312259271,0.009273873776717546,0.0038332427731742834,0.009584224146339467
2.143999999999875,0.005695013108788797,0.012201745814775776,1.0003528359855816,1.0007710175301696,0.018561914248808285,0.042013830078747434,0.0038969455550483018,0.009283458000950004,0.00383324280488732,0.00958422431857545
2.144999999999875,0.005713594145669722,0.012243805196013148,1.0003531474265668,1.000771610390772,0.01860015951304141,0.042104932395995776,0.0039007787978688393,0.009293042225353577,0.003833242836187858,0.009584224488571087
2.1459999999998747,0.005732213446613054,0.01228595572655561,1.0003534581586397,1.0007722013119131,0.018638442373623037,0.04219612868892647,0.003904612040720474,0.00930262644992604,0.0038332428670812616,0.00958422465635552
2.1469999999998746,0.005750871049215168,0.01232819750037898,1.0003537681803407,1.0007727902897732,0.01867676283060592,0.04228741895781342,0.003908445283602801,0.009312210674665197,0.003833242897572827,0.009584224821957513
2.1479999999998745,0.005769566991072492,0.012370530611459351,1.0003540774902266,1.000773377320569,0.01871512088404221,0.04237880320292733,0.0039122785265154215,0.009321794899568877,0.0038332429276677813,0.009584224985405452
2.1489999999998743,0.005788301309781504,0.012412955153773083,1.0003543860868707,1.000773962400552,0.018753516533983456,0.04247028142453576,0.003916111769457941,0.009331379124634944,0.003833242957371283,0.00958422514672736
2.1499999999998742,0.00580707404293877,0.012455471221296964,1.00035469396887,1.000774545526027,0.01879194978054896,0.042561853623228826,0.0039199450124299704,0.009340963349861283,0.0038332429866884243,0.009584225305950888
2.150999999999874,0.005825885228140973,0.012498078908008374,1.000355001134855,1.0007751266933675,0.01883042062385678,0.042653519799590485,0.003923778255431127,0.00935054757524581,0.0038332430156242307,0.009584225463103335
2.151999999999874,0.0058447349029848794,0.012540778307885105,1.0003553075834803,1.0007757058989981,0.018868929063955278,0.042745279953872284,0.003927611498461031,0.009360131800786467,0.0038332430441836624,0.00958422561821164
2.152999999999874,0.005863623105067303,0.012583569514905203,1.000355613313415,1.0007762831393758,0.018907475100892267,0.04283713408632283,0.003931444741519309,0.009369716026481224,0.003833243072371615,0.009584225771302392
2.153999999999874,0.0058825498719851065,0.012626452623046958,1.000355918323343,1.0007768584109906,0.01894605873471501,0.04292908219718784,0.003935277984605591,0.009379300252328075,0.00383324310019292,0.009584225922401834
2.1549999999998737,0.005901515241335199,0.012669427726288906,1.0003562226119624,1.000777431710364,0.018984679965470225,0.04302112428671016,0.003939111227719514,0.009388884478325045,0.003833243127652347,0.009584226071535869
2.1559999999998736,0.005920519250714536,0.012712494918609827,1.0003565261779859,1.0007780030340492,0.019023338793204104,0.04311326035512979,0.003942944470860717,0.009398468704470177,0.003833243154754603,0.009584226218730061
2.1569999999998735,0.005939561937720119,0.012755654293988733,1.00035682902014,1.0007785723786307,0.019062035217962292,0.04320549040268392,0.003946777714028847,0.009408052930761546,0.0038332431815043338,0.009584226364009645
2.1579999999998734,0.005958643339948995,0.012798905946404877,1.000357131137165,1.0007791397407235,0.019100769239789924,0.04329781442960698,0.003950610957223552,0.009417637157197251,0.0038332432079061247,0.009584226507399525
2.1589999999998732,0.005977763494998256,0.012842249969837747,1.0003574325278157,1.0007797051169733,0.01913954085873161,0.043390232436130646,0.003954444200444488,0.009427221383775414,0.0038332432339645015,0.00958422664892428
2.159999999999873,0.005996922440464761,0.012885686458265697,1.00035773319079,1.0007802685039116,0.019178350074279427,0.04348274441976961,0.0039582774436913125,0.00943680561049418,0.0038332432596839307,0.009584226788608168
2.160999999999873,0.006016120213944866,0.012929215505664612,1.0003580331246609,1.0007808298978136,0.019217196885930248,0.04357535037806157,0.003962110686963689,0.009446389837351722,0.003833243285068821,0.00958422692647513
2.161999999999873,0.006035356853034701,0.012972837206009285,1.0003583323279472,1.0007813892948452,0.019256081293738778,0.043668050311286746,0.003965943930261285,0.009455974064346234,0.0038332433101235237,0.0095842270625488
2.162999999999873,0.00605463239533045,0.01301655165327479,1.0003586307991843,1.0007819466912082,0.019295003297759097,0.04376084421972212,0.003969777173583773,0.009465558291475934,0.003833243334852334,0.009584227196852506
2.1639999999998727,0.006073946878428352,0.013060358941436472,1.000358928536924,1.00078250208314,0.01933396289804466,0.04385373210364143,0.003973610416930829,0.009475142518739064,0.0038332433592594903,0.009584227329409268
2.1649999999998726,0.006093300339924698,0.01310425916446995,1.0003592255397344,1.0007830554669128,0.019372960094648308,0.04394671396331521,0.003977443660302133,0.00948472674613389,0.0038332433833491767,0.009584227460241812
2.1659999999998725,0.006112692817415833,0.013148252416351112,1.000359521806199,1.0007836068388336,0.019411994887622283,0.04403978979901086,0.00398127690369737,0.009494310973658698,0.003833243407125523,0.009584227589372565
2.1669999999998724,0.006132124348498153,0.013192338791056114,1.0003598173349169,1.0007841561952433,0.01945106727701822,0.044132959610992645,0.003985110147116229,0.009503895201311795,0.0038332434305926046,0.009584227716823664
2.1679999999998723,0.0061515949707681055,0.01323651838256137,1.0003601121245034,1.0007847035325168,0.019490177262887164,0.044226223399521744,0.0039889433905584025,0.009513479429091516,0.0038332434537544442,0.009584227842616956
2.168999999999872,0.006171104721822189,0.01328079128484356,1.0003604061735887,1.0007852488470619,0.019529324845279573,0.044319581164856285,0.003992776634023587,0.009523063656996211,0.0038332434766150123,0.009584227966774007
2.169999999999872,0.006190653639256995,0.013325157591879801,1.000360699480829,1.000785792135339,0.01956851002433241,0.044413032907625265,0.0039966098775114835,0.009532647885024255,0.0038332434991782275,0.0095842280893161
2.170999999999872,0.0062102417606692524,0.013369617397647839,1.000360992044917,1.0007863333938798,0.01960773280018123,0.04450657862845114,0.004000443121021797,0.009542232113174046,0.003833243521447958,0.009584228210264244
2.171999999999872,0.00622986912365578,0.013414170796125852,1.0003612838645708,1.0007868726192672,0.019646993172872936,0.044600218327575276,0.004004276364554235,0.009551816341443998,0.003833243543428021,0.00958422832963917
2.1729999999998717,0.0062495357658134435,0.013458817881292258,1.0003615749385224,1.0007874098081144,0.019686291142453887,0.0446939520052362,0.00400810960810851,0.009561400569832549,0.0038332435651221844,0.009584228447461342
2.1739999999998716,0.006269241724739155,0.01350355874712571,1.0003618652655175,1.000787944957065,0.019725626708969914,0.04478777966166964,0.004011942851684338,0.009570984798338155,0.003833243586534167,0.00958422856375096
2.1749999999998715,0.006288987038029873,0.0135483934876051,1.0003621548443158,1.000788478062792,0.019764999872466316,0.044881701297108556,0.0040157760952814385,0.009580569026959295,0.003833243607667639,0.009584228678527956
2.1759999999998714,0.0063087717432826,0.013593322196709546,1.00036244367369,1.0007890091219986,0.019804410632987872,0.04497571691178317,0.0040196093388995355,0.009590153255694464,0.0038332436285262233,0.009584228791812009
2.1769999999998713,0.006328595878094383,0.013638344968418398,1.0003627317524266,1.0007895381314165,0.01984385899057884,0.04506982650592099,0.0040234425825383556,0.009599737484542181,0.0038332436491134952,0.009584228903622535
2.177999999999871,0.0063484594800623136,0.013683461896711232,1.000363019079325,1.0007900650878059,0.019883344945282978,0.04516403007974687,0.004027275826197629,0.009609321713500981,0.003833243669432984,0.009584229013978702
2.178999999999871,0.006368362586783527,0.013728673075567847,1.0003633056531973,1.000790589987956,0.01992286849714353,0.04525832763348299,0.004031109069877089,0.00961890594256942,0.003833243689488173,0.009584229122899428
2.179999999999871,0.006388305235854928,0.013773978598967004,1.0003635914728015,1.0007911128285525,0.019962429645658114,0.045352719164831266,0.004034942313576474,0.009628490171746072,0.003833243709282499,0.009584229230403384
2.180999999999871,0.006408287464872922,0.013819378560885177,1.0003638765367735,1.0007916336060494,0.020002028390329118,0.045447204671514994,0.004038775557295525,0.009638074401029529,0.0038332437288193556,0.009584229336508992
2.1819999999998707,0.0064283093114336914,0.013864873055297836,1.0003641608436964,1.0007921523168015,0.02004166473120982,0.045541784153801314,0.004042608801033986,0.009647658630418401,0.0038332437481020916,0.009584229441234444
2.1829999999998706,0.006448370813133473,0.013910462176180713,1.0003644443921693,1.0007926689571969,0.020081338668352884,0.04563645761195423,0.004046442044791604,0.009657242859911317,0.0038332437671340126,0.009584229544597691
2.1839999999998705,0.006468472007568555,0.013956146017509807,1.000364727180807,1.000793183523657,0.02012105020181037,0.04573122504623465,0.00405027528856813,0.009666827089506924,0.003833243785918381,0.009584229646616453
2.1849999999998704,0.006488612932335276,0.014001924673261374,1.0003650092082388,1.0007936960126353,0.020160799331633734,0.04582608645690042,0.004054108532363318,0.009676411319203887,0.003833243804458416,0.009584229747308218
2.1859999999998703,0.00650879362503003,0.014047798237411927,1.00036529047311,1.0007942064206177,0.020200586057873844,0.04592104184420638,0.004057941776176926,0.009685995549000886,0.003833243822757297,0.009584229846690249
2.18699999999987,0.006529014123249258,0.014093766803938233,1.00036557097408,1.0007947147441216,0.02024041038058098,0.046016091208404365,0.004061775020008714,0.00969557977889662,0.00383324384081816,0.009584229944779579
2.18799999999987,0.006549274464589451,0.014139830466817306,1.0003658507098234,1.0007952209796958,0.020280272299804843,0.04611123454974325,0.004065608263858446,0.009705164008889806,0.003833243858644101,0.009584230041593025
2.18899999999987,0.0065695746866471505,0.014185989320026413,1.0003661296790292,1.0007957251239195,0.02032017181559456,0.046206471868469,0.0040694415077258865,0.009714748238979175,0.0038332438762381763,0.009584230137147183
2.18999999999987,0.0065899148270189825,0.01423224345754325,1.0003664078804093,1.0007962271734225,0.0203601089280697,0.046301803165206074,0.0040732747516108074,0.009724332469163478,0.003833243893603401,0.009584230231458435
2.1909999999998697,0.006610294923301691,0.01427859297334614,1.0003666853127073,1.0007967271249036,0.020400083637348583,0.046397228440572445,0.00407710799551298,0.00973391669944148,0.0038332439107427525,0.009584230324542947
2.1919999999998696,0.006630715013092104,0.014325037961413824,1.000366961974689,1.0007972249751098,0.020440095943477156,0.04649274769479749,0.004080941239432181,0.009743500929811959,0.0038332439276591687,0.009584230416416676
2.1929999999998695,0.006651175133987094,0.014371578515725276,1.0003672378651338,1.0007977207208167,0.020480145846500836,0.046588360928107884,0.004084774483368189,0.009753085160273714,0.003833243944355549,0.009584230507095372
2.1939999999998694,0.006671675323583576,0.014418214730259693,1.000367512982834,1.000798214358828,0.020520233346464512,0.04668406814072762,0.004088607727320784,0.00976266939082556,0.003833243960834756,0.009584230596594578
2.1949999999998693,0.006692215619478514,0.014464946698996495,1.000367787326595,1.0007987058859749,0.020560358443412554,0.046779869332878046,0.004092440971289751,0.009772253621466321,0.0038332439770996144,0.009584230684929638
2.195999999999869,0.0067127960592689145,0.014511774515915324,1.0003680608952354,1.0007991952991155,0.020600521137388823,0.0468757645047779,0.004096274215274877,0.009781837852194844,0.0038332439931529124,0.009584230772115695
2.196999999999869,0.0067334166805518274,0.014558698274996035,1.0003683336875862,1.000799682595135,0.02064072142843667,0.04697175365664333,0.004100107459275953,0.009791422083009985,0.0038332440089974013,0.009584230858167692
2.197999999999869,0.006754077520924345,0.0146057180702187,1.0003686057024905,1.0008001677709455,0.020680959316598947,0.047067836788687915,0.004103940703292769,0.009801006313910619,0.0038332440246357977,0.009584230943100383
2.198999999999869,0.006774778617983604,0.014652833995563606,1.0003688769388048,1.0008006508234848,0.02072123480191801,0.04716401390112273,0.004107773947325122,0.009810590544895633,0.003833244040070782,0.009584231026928326
2.1999999999998687,0.00679552000932653,0.014700046145010047,1.000369147395336,1.0008011317495948,0.020761547883933983,0.0472602849917597,0.004111607191372811,0.00982017477596393,0.003833244055305,0.00958423110966589
2.2009999999998686,0.0068163017325495925,0.014747354612535143,1.0003694170707822,1.0008016105459003,0.020801898562191386,0.04735665005843127,0.0041154404354356335,0.009829759007114426,0.0038332440703410632,0.009584231191327255
2.2019999999998685,0.006837123825249059,0.014794759492115055,1.0003696859637943,1.0008020872089334,0.02084228683674175,0.047453109101391416,0.004119273679513395,0.009839343238346053,0.003833244085181549,0.009584231271926421
2.2029999999998684,0.006857986325021248,0.014842260877726197,1.0003699540730382,1.0008025617352574,0.020882712707636007,0.047549662120891165,0.0041231069236059,0.009848927469657756,0.0038332440998290005,0.009584231351477204
2.2039999999998683,0.006878889269462528,0.014889858863345231,1.0003702213971943,1.0008030341214662,0.020923176174924504,0.047646309117178556,0.004126940167712957,0.00985851170104849,0.0038332441142859297,0.009584231429993241
2.204999999999868,0.006899832696169318,0.01493755354294907,1.0003704879349575,1.0008035043641836,0.020963677238657007,0.04774305009049872,0.004130773411834377,0.00986809593251723,0.003833244128554814,0.009584231507487991
2.205999999999868,0.006920816642738088,0.014985345010514867,1.0003707536850368,1.0008039724600633,0.021004215898882708,0.0478398850410939,0.0041346066559699735,0.009877680164062963,0.0038332441426380997,0.00958423158397474
2.206999999999868,0.006941841146765355,0.015033233360020016,1.0003710186461554,1.0008044384057881,0.021044792155650225,0.04793681396920346,0.004138439900119562,0.009887264395684683,0.0038332441565382008,0.0095842316594666
2.207999999999868,0.006962906245847684,0.01508121868544215,1.0003712828170503,1.00080490219807,0.02108540600900762,0.04803383687506397,0.00414227314428296,0.009896848627381404,0.0038332441702575003,0.00958423173397651
2.2089999999998677,0.006984011977581689,0.015129301080759137,1.0003715461964724,1.0008053638336494,0.021126057459002395,0.04813095375890917,0.004146106388459987,0.00990643285915215,0.0038332441837983498,0.009584231807517244
2.2099999999998676,0.007005158379564095,0.015177480639949314,1.000371808783201,1.000805823309319,0.02116674650580811,0.04822816462144543,0.004149939632650468,0.00991601709099596,0.0038332441971630706,0.009584231880101409
2.2109999999998675,0.007026345489391797,0.015225757456991723,1.0003720705760593,1.000806280621947,0.021207473149596548,0.04832546946337179,0.004153772876854226,0.009925601322911882,0.0038332442103539534,0.009584231951741446
2.2119999999998674,0.0070475733446618005,0.01527413162586586,1.0003723315738984,1.0008067357684525,0.021248237390410898,0.04842286828490382,0.00415760612107109,0.009935185554898978,0.0038332442233732595,0.00958423202244964
2.2129999999998673,0.007068841982971153,0.01532260324055144,1.0003725917755815,1.0008071887457797,0.021289039228293845,0.0485203610862545,0.004161439365300889,0.009944769786956322,0.003833244236223221,0.009584232092238108
2.213999999999867,0.007090151441916943,0.015371172395028386,1.000372851179984,1.0008076395508991,0.02132987866328758,0.04861794786763432,0.004165272609543453,0.009954354019083001,0.0038332442489060403,0.009584232161118814
2.214999999999867,0.007111501759096304,0.015419839183276829,1.0003731097859938,1.0008080881808066,0.021370755695433813,0.04871562862925123,0.004169105853798618,0.009963938251278111,0.003833244261423891,0.009584232229103568
2.215999999999867,0.007132892972106408,0.01546860369927711,1.0003733675925095,1.0008085346325226,0.021411670324773757,0.04881340337131073,0.00417293909806622,0.009973522483540765,0.00383324427377892,0.009584232296204021
2.216999999999867,0.007154325118544469,0.015517466037009773,1.0003736245984423,1.0008089789030925,0.02145262255134816,0.04891127209401586,0.0041767723423460955,0.009983106715870082,0.0038332442859732446,0.009584232362431678
2.2179999999998667,0.007175798236007742,0.015566426290455564,1.0003738808027145,1.0008094209895857,0.021493612375197285,0.04900923479756727,0.004180605586638087,0.009992690948265198,0.0038332442980089547,0.00958423242779789
2.2189999999998666,0.007197312362093521,0.015615484553595429,1.0003741362042597,1.000809860889096,0.021534639796360937,0.04910729148216318,0.004184438830942035,0.010002275180725254,0.003833244309888114,0.009584232492313865
2.2199999999998665,0.007218867534398913,0.01566464092040942,1.0003743908019687,1.0008102985986316,0.021575704814422118,0.04920544214581785,0.004188272075257786,0.010011859413249407,0.0038332443216127585,0.009584232555990658
2.2209999999998664,0.007240463790520607,0.01571389548487561,1.0003746445946344,1.0008107341150074,0.02161680742896783,0.049303686786564216,0.0041921053195851845,0.010021443645836821,0.003833244333184898,0.009584232618839185
2.2219999999998663,0.007262101168055114,0.015763248340971214,1.0003748975810085,1.0008111674349567,0.021657947640046193,0.049402025404639505,0.00419593856392408,0.010031027878486675,0.003833244344606516,0.00958423268087022
2.222999999999866,0.007283779704598989,0.015812699582673673,1.0003751497598563,1.0008115985552406,0.021699125447704786,0.049500458000278136,0.004199771808274323,0.010040612111198157,0.0038332443558795706,0.009584232742094394
2.223999999999866,0.007305499437748837,0.015862249303960668,1.0003754011299562,1.0008120274726486,0.021740340851990628,0.049598984573711744,0.0042036050526357656,0.010050196343970466,0.003833244367005994,0.009584232802522206
2.224999999999866,0.007327260405101308,0.015911897598810107,1.0003756516900997,1.0008124541839971,0.021781593852950188,0.04969760512516923,0.004207438297008263,0.01005978057680281,0.0038332443779876936,0.009584232862164014
2.225999999999866,0.007349062644253098,0.01596164456120013,1.0003759014390916,1.0008128786861297,0.021822884450629406,0.04979631965487677,0.004211271541391669,0.010069364809694406,0.0038332443888265517,0.009584232921030039
2.2269999999998658,0.00737090619280095,0.016011490285109096,1.0003761503757493,1.0008133009759168,0.021864212645073683,0.04989512816305786,0.004215104785785845,0.010078949042644485,0.0038332443995244265,0.009584232979130374
2.2279999999998656,0.00739279108834165,0.01606143486451559,1.0003763984989031,1.0008137210502555,0.021905578436327892,0.049994030649933345,0.004218938030190649,0.010088533275652288,0.003833244410083152,0.009584233036474979
2.2289999999998655,0.007414717368472032,0.016111478393398417,1.0003766458073955,1.0008141389060683,0.02194698182443639,0.05009302711572143,0.004222771274605942,0.010098117508717062,0.0038332444205045374,0.009584233093073683
2.2299999999998654,0.0074366850707890085,0.01616162096573684,1.00037689230009,1.0008145545403277,0.021988422809516704,0.0501921175611223,0.0042266045190315895,0.010107701741838067,0.00383324443079037,0.00958423314893619
2.2309999999998653,0.00745869423288961,0.016211862675510814,1.00037713797588,1.0008149679500797,0.02202990139168512,0.05029130198682888,0.004230437763467456,0.010117285975014571,0.0038332444409424123,0.009584233204072078
2.231999999999865,0.007480744892370944,0.01626220361670075,1.0003773828336788,1.0008153791324177,0.0220714175709829,0.050390580393041444,0.004234271007913408,0.010126870208245852,0.003833244450962405,0.009584233258490794
2.232999999999865,0.00750283708683016,0.016312643883287247,1.0003776268724118,1.000815788084459,0.022112971347450824,0.05048995277995788,0.004238104252369315,0.010136454441531198,0.0038332444608520657,0.00958423331220167
2.233999999999865,0.00752497085386445,0.01636318356925111,1.000377870091015,1.0008161948033443,0.0221545627211292,0.05058941914777372,0.004241937496835047,0.010146038674869906,0.0038332444706130893,0.009584233365213912
2.234999999999865,0.007547146231071044,0.01641382276857334,1.0003781124884363,1.0008165992862368,0.022196191692057866,0.05068897949668215,0.004245770741310478,0.010155622908261282,0.0038332444802471493,0.009584233417536607
2.2359999999998648,0.00756936325604721,0.016464561575235116,1.000378354063634,1.0008170015303228,0.022237858260276192,0.05078863382687404,0.004249603985795479,0.01016520714170464,0.0038332444897558973,0.009584233469178726
2.2369999999998647,0.00759162196639026,0.01651540008321782,1.0003785948155777,1.0008174015328106,0.022279562425823095,0.050888382138537976,0.004253437230289927,0.010174791375199305,0.003833244499140963,0.009584233520149121
2.2379999999998645,0.00761392239969754,0.01656633838650302,1.0003788347432474,1.0008177992909308,0.02232130418873704,0.05098822443186029,0.0042572704747937,0.010184375608744608,0.003833244508403955,0.009584233570456529
2.2389999999998644,0.007636264593566437,0.016617376579072463,1.000379073845634,1.0008181948019357,0.02236308354905604,0.051088160707025064,0.004261103719306675,0.010193959842339891,0.003833244517546462,0.009584233620109572
2.2399999999998643,0.007658648585594141,0.01666851475490704,1.000379312121684,1.0008185880629965,0.022404900506352972,0.05118819096212417,0.0042649369638287325,0.010203544075984504,0.00383324452657005,0.009584233669116763
2.240999999999864,0.00768107441337742,0.016719753007985734,1.0003795495702463,1.000818979071102,0.022446755060204836,0.05128831519526755,0.0042687702083597555,0.010213128309677804,0.0038332445354762666,0.009584233717486502
2.241999999999864,0.007703542114512852,0.016771091432286705,1.0003797861901276,1.0008193678231634,0.022488647210658238,0.05138853340667695,0.004272603452899627,0.01022271254341916,0.003833244544266638,0.009584233765227079
2.242999999999864,0.007726051726597061,0.016822530121788328,1.0003800219801469,1.0008197543161175,0.022530576957759244,0.05148884559657147,0.004276436697448232,0.010232296777207947,0.003833244552942671,0.009584233812346679
2.243999999999864,0.007748603287226717,0.016874069170469196,1.000380256939136,1.0008201385469266,0.02257254430155338,0.05158925176516761,0.004280269942005456,0.010241881011043548,0.0038332445615058526,0.009584233858853378
2.2449999999998638,0.007771196833998536,0.01692570867230812,1.0003804910659393,1.000820520512578,0.022614549242085648,0.05168975191267929,0.004284103186571187,0.010251465244925352,0.0038332445699576514,0.00958423390475515
2.2459999999998637,0.007793832404509279,0.01697744872128412,1.0003807243594136,1.0008209002100836,0.022656591779400524,0.05179034603931786,0.004287936431145316,0.010261049478852759,0.003833244578299516,0.009584233950059863
2.2469999999998636,0.00781651003635575,0.017029289411376422,1.0003809568184274,1.0008212776364802,0.022698671913541968,0.05189103414529216,0.0042917696757277315,0.010270633712825177,0.003833244586532876,0.009584233994775284
2.2479999999998634,0.007839229767134798,0.017081230836564473,1.0003811884418616,1.0008216527888278,0.02274078964455343,0.051991816230808535,0.0042956029203183275,0.01028021794684202,0.003833244594659143,0.009584234038909078
2.2489999999998633,0.007861991634443314,0.017133273090827912,1.0003814192286087,1.000822025664211,0.022782944972477844,0.05209269229607086,0.004299436164916997,0.010289802180902708,0.00383324460267971,0.00958423408246881
2.249999999999863,0.007884795675878298,0.017185416268146857,1.000381649177588,1.000822396259764,0.022825137897488947,0.05219366234181919,0.004303269409523635,0.010299386415006674,0.003833244610595952,0.009584234125461947
2.250999999999863,0.007907641929036922,0.01723766046250216,1.0003818782877612,1.0008227645726955,0.022867368419758675,0.05229472636878596,0.004307102654138137,0.010308970649153353,0.0038332446184092257,0.00958423416789586
2.251999999999863,0.007930530431516465,0.017290005767875132,1.0003821065581155,1.0008231306002626,0.022909636539325685,0.05239588437715638,0.004310935898760402,0.01031855488334219,0.0038332446261208704,0.009584234209777822
2.252999999999863,0.007953461220914242,0.017342452278247267,1.000382333987649,1.000823494339744,0.022951942256228184,0.05249713636711345,0.004314769143390329,0.010328139117572636,0.003833244633732208,0.009584234251115015
2.253999999999863,0.007976434334827608,0.017395000087600244,1.0003825605753698,1.000823855788439,0.022994285570503932,0.05259848233883797,0.004318602388027817,0.010337723351844151,0.003833244641244544,0.00958423429191452
2.2549999999998627,0.007999449810853954,0.017447649289915917,1.0003827863202965,1.0008242149436677,0.02303666648219025,0.052699922292508534,0.004322435632672769,0.0103473075861562,0.0038332446486591654,0.009584234332183337
2.2559999999998626,0.008022507686590711,0.017500399979176323,1.0003830112214578,1.0008245718027708,0.023079084991324023,0.05280145622830162,0.004326268877325087,0.010356891820508255,0.003833244655977343,0.009584234371928365
2.2569999999998624,0.008045607999635345,0.01755325224936367,1.000383235277892,1.000824926363109,0.023121541097941702,0.05290308414639154,0.004330102121984676,0.010366476054899798,0.0038332446632003323,0.009584234411156418
2.2579999999998623,0.008068750787585356,0.017606206194460343,1.0003834584886477,1.0008252786220633,0.023164034802079316,0.053004806046950535,0.004333935366651441,0.010376060289330313,0.0038332446703293705,0.009584234449874222
2.2589999999998622,0.008091936088038282,0.01765926190844889,1.000383680852783,1.0008256285770336,0.02320656610377247,0.05310662193014874,0.004337768611325288,0.010385644523799293,0.00383324467736568,0.009584234488088412
2.259999999999862,0.00811516393859149,0.01771241948531114,1.0003839023693177,1.0008259762253529,0.023249135002640073,0.05320853179434208,0.004341601856006126,0.01039522875830624,0.0038332446843104668,0.009584234525805539
2.260999999999862,0.008138434376841962,0.017765679019027262,1.0003841230371857,1.0008263215641995,0.02329174149830472,0.0533105356379021,0.004345435100693864,0.010404812992850659,0.0038332446911649213,0.009584234563032068
2.261999999999862,0.00816174744038652,0.017819040603576728,1.000384342855284,1.0008266645906867,0.023334385590809685,0.05341263346103129,0.004349268345388411,0.010414397227432062,0.0038332446979302184,0.00958423459977438
2.262999999999862,0.008185103166822022,0.01787250433293921,1.0003845618225216,1.000827005301951,0.02337706728019773,0.05351482526392973,0.00435310159008968,0.010423981462049968,0.0038332447046075177,0.009584234636038773
2.2639999999998617,0.008208501593745378,0.01792607030109457,1.0003847799378183,1.0008273436951514,0.023419786566511128,0.05361711104679508,0.004356934834797582,0.010433565696703903,0.003833244711197964,0.009584234671831464
2.2649999999998616,0.00823194275875353,0.01797973860202288,1.0003849972001055,1.0008276797674691,0.02346254344979165,0.053719490809822634,0.0043607680795120325,0.010443149931393399,0.003833244717702687,0.00958423470715859
2.2659999999998615,0.008255426699443466,0.018033509329704395,1.0003852136083262,1.0008280135161078,0.023505337930080583,0.05382196455320534,0.004364601324232945,0.010452734166117991,0.003833244724122802,0.009584234742026203
2.2669999999998613,0.008278953453412216,0.018087382578119565,1.0003854291614338,1.0008283449382929,0.023548170007418736,0.05392453227713382,0.004368434568960237,0.010462318400877224,0.003833244730459409,0.009584234776440284
2.2679999999998612,0.008302523058256848,0.01814135844124903,1.0003856438583927,1.0008286740312708,0.023591039681846435,0.0540271939817964,0.004372267813693823,0.010471902635670648,0.0038332447367135946,0.009584234810406732
2.268999999999861,0.008326135551574474,0.018195437013073617,1.0003858576981783,1.0008290007923097,0.02363394695340354,0.05412994966737915,0.004376101058433624,0.010481486870497818,0.0038332447428864307,0.009584234843931368
2.269999999999861,0.008349790970962279,0.018249618387574613,1.0003860706797854,1.0008293252187246,0.0236768918222058,0.054232799334614536,0.004379934303179556,0.010491071105358293,0.0038332447489789756,0.00958423487701994
2.270999999999861,0.008373489354017565,0.018303902658734033,1.000386282802236,1.0008296473079035,0.023719874288367745,0.05433574298422746,0.004383767547931542,0.010500655340251642,0.0038332447549922735,0.00958423490967812
2.271999999999861,0.008397230738337712,0.01835828992053434,1.0003864940645717,1.0008299670572796,0.023762894351926224,0.05443878061638568,0.004387600792689502,0.010510239575177436,0.0038332447609273554,0.009584234941911506
2.2729999999998607,0.008421015161520135,0.01841278026695816,1.0003867044658432,1.0008302844643049,0.023805952012917644,0.05454191223125489,0.004391434037453359,0.010519823810135255,0.0038332447667852386,0.009584234973725623
2.2739999999998606,0.008444842661162282,0.018467373791988286,1.0003869140051111,1.0008305995264506,0.023849047271377995,0.05464513782899878,0.0043952672822230344,0.01052940804512468,0.003833244772566927,0.009584235005125926
2.2749999999998605,0.008468713274861643,0.018522070589607677,1.0003871226814456,1.0008309122412056,0.023892180127342837,0.05474845740977907,0.004399100526998455,0.010538992280145302,0.003833244778273412,0.009584235036117796
2.2759999999998604,0.008492627040215738,0.018576870753799445,1.0003873304939261,1.0008312226060774,0.02393535058084732,0.0548518709737555,0.004402933771779544,0.010548576515196714,0.0038332447839056713,0.009584235066706547
2.2769999999998602,0.008516583994822125,0.018631774378546864,1.0003875374416416,1.0008315306185909,0.02397855863192618,0.05495537852108585,0.004406767016566229,0.010558160750278515,0.003833244789464671,0.00958423509689742
2.27799999999986,0.008540584176278395,0.01868678155783337,1.0003877435236899,1.0008318362762891,0.024021804280613745,0.055058980051926,0.004410600261358437,0.010567744985390311,0.003833244794951364,0.009584235126695595
2.27899999999986,0.008564627622182174,0.01874189238564255,1.0003879487391782,1.0008321395767323,0.024065087526943942,0.05516267556642992,0.004414433506156096,0.010577329220531713,0.00383324480036669,0.009584235156106177
2.27999999999986,0.008588714370130947,0.018797106955957356,1.0003881530871834,1.0008324405174238,0.024108408370603688,0.05526646506318094,0.004418266750959135,0.010586913455702333,0.003833244805711578,0.009584235185134207
2.28099999999986,0.008612844457721891,0.018852425362759336,1.0003883565667129,1.0008327390957363,0.024151766811282935,0.05537034854077592,0.004422099995767484,0.010596497690901792,0.0038332448109869442,0.00958423521378466
2.2819999999998597,0.008637017922552044,0.018907847700029422,1.0003885591767454,1.0008330353089885,0.02419516284902186,0.05547432599939663,0.004425933240581074,0.010606081926129716,0.0038332448161936925,0.00958423524206245
2.2829999999998596,0.008661234802218485,0.018963374061748733,1.00038876091627,1.0008333291545186,0.02423859648386017,0.05557839743922269,0.004429766485399837,0.010615666161385734,0.0038332448213327154,0.009584235269972423
2.2839999999998595,0.008685495134318334,0.01901900454189856,1.0003889617842863,1.000833620629685,0.024282067715837106,0.055682562860431495,0.004433599730223706,0.01062525039666948,0.003833244826404894,0.009584235297519363
2.2849999999998594,0.008709798956448748,0.019074739234460375,1.0003891617798037,1.000833909731866,0.024325576544991453,0.05578682226319833,0.004437432975052614,0.010634834631980594,0.003833244831411098,0.009584235324707991
2.2859999999998593,0.008734146306206924,0.019130578233415824,1.0003893609018426,1.0008341964584588,0.02436912297136154,0.055891175647696335,0.0044412662198864954,0.01064441886731872,0.0038332448363521854,0.00958423535154297
2.286999999999859,0.008758537221190098,0.01918652163274672,1.0003895591494327,1.00083448080688,0.024412706994985243,0.05599562301409655,0.004445099464725286,0.010654003102683506,0.003833244841229003,0.0095842353780289
2.287999999999859,0.00878297173899554,0.019242569526435053,1.000389756521614,1.0008347627745655,0.024456328615900004,0.05610016436256795,0.004448932709568922,0.010663587338074605,0.003833244846042387,0.009584235404170319
2.288999999999859,0.008807449897220562,0.019298722008462974,1.000389953017436,1.000835042358969,0.024499987834142818,0.056204799693277435,0.0044527659544173395,0.010673171573491676,0.0038332448507931625,0.00958423542997171
2.289999999999859,0.008831971733462566,0.019354979172813133,1.0003901486359712,1.0008353195575936,0.02454368464986679,0.0563095290070417,0.004456599199270477,0.010682755808934382,0.0038332448554821434,0.009584235455437495
2.2909999999998587,0.008856537285319111,0.01941134111346899,1.0003903433763275,1.0008355943680214,0.024587419063223436,0.05641435230466902,0.0044604324441282735,0.010692340044402386,0.003833244860110134,0.00958423548057204
2.2919999999998586,0.008881146590387846,0.01946780792441448,1.0003905372376347,1.0008358667878814,0.02463119107424597,0.056519269586306396,0.004464265688990668,0.010701924279895362,0.0038332448646779278,0.009584235505379655
2.2929999999998585,0.008905799686266452,0.019524379699633682,1.0003907302190314,1.0008361368148189,0.024675000682967213,0.05662428085209901,0.0044680989338576,0.010711508515412985,0.003833244869186307,0.00958423552986459
2.2939999999998584,0.008930496610552646,0.019581056533110826,1.0003909223196645,1.0008364044464952,0.024718847889419596,0.05672938610219026,0.004471932178729011,0.010721092750954932,0.003833244873636045,0.009584235554031043
2.2949999999998583,0.008955237400844173,0.019637838518830282,1.0003911135386896,1.0008366696805875,0.02476273269363517,0.0568345853367218,0.0044757654236048435,0.010730676986520889,0.0038332448780279043,0.009584235577883158
2.295999999999858,0.008980022094738813,0.01969472575077656,1.0003913038752703,1.0008369325147883,0.024806655095645613,0.05693987855583353,0.004479598668485039,0.010740261222110543,0.003833244882362638,0.009584235601425023
2.296999999999858,0.009004850729834377,0.019751718322934306,1.0003914933285787,1.0008371929468056,0.024850615095482226,0.057045265759663615,0.00448343191336954,0.010749845457723586,0.003833244886640989,0.009584235624660672
2.297999999999858,0.009029723343728707,0.019808816329288312,1.0003916818977947,1.0008374509743623,0.024894612693175947,0.057150746948348534,0.004487265158258293,0.010759429693359713,0.0038332448908636905,0.00958423564759409
2.298999999999858,0.009054639974019674,0.019866019863823497,1.0003918695821066,1.0008377065951966,0.024938647888757343,0.05725632212202308,0.0044910984031512405,0.010769013929018625,0.003833244895031467,0.009584235670229207
2.2999999999998577,0.009079600658305015,0.01992332902052417,1.0003920563806732,1.0008379598069914,0.024982720681923584,0.05736199127931714,0.004494931648048329,0.010778598164700025,0.0038332448991450323,0.009584235692569904
2.3009999999998576,0.009104605434182164,0.019980743893373263,1.0003922422925877,1.0008382106073057,0.0250268310723748,0.057467754418873786,0.004498764892949504,0.01078818240040362,0.0038332449032050914,0.009584235714620009
2.3019999999998575,0.009129654339248425,0.02003826457635313,1.0003924273169151,1.0008384589936454,0.02507097906014765,0.05757361154085495,0.004502598137854713,0.010797766636129122,0.003833244907212341,0.009584235736383303
2.3029999999998574,0.009154747411101139,0.020095891163446265,1.0003926114527297,1.0008387049635343,0.025115164645278368,0.0576795626454206,0.004506431382763903,0.010807350871876245,0.003833244911167467,0.009584235757863517
2.3039999999998573,0.009179884687337679,0.02015362374863534,1.0003927946991156,1.0008389485145135,0.025159387827802755,0.05778560773272876,0.004510264627677022,0.010816935107644709,0.003833244915071148,0.00958423577906433
2.304999999999857,0.00920506620555546,0.020211462425903173,1.0003929770551656,1.0008391896441409,0.025203648607756198,0.057891746802935504,0.0045140978725940195,0.010826519343434236,0.0038332449189240536,0.00958423579998938
2.305999999999857,0.009230292003351924,0.020269407289232738,1.0003931585199817,1.0008394283499917,0.025247946985173665,0.057997979856194995,0.004517931117514845,0.010836103579244551,0.0038332449227268433,0.009584235820642252
2.306999999999857,0.009255562118324555,0.020327458432607165,1.0003933390926751,1.000839664629658,0.025292282960089715,0.05810430689265951,0.004521764362439448,0.010845687815075385,0.0038332449264801695,0.009584235841026488
2.307999999999857,0.009280876588070868,0.020385615950009733,1.0003935187723656,1.0008398984807478,0.0253366565325385,0.058210727912479464,0.004525597607367781,0.01085527205092647,0.0038332449301846754,0.00958423586114558
2.3089999999998567,0.009306235450188414,0.020443879935423875,1.0003936975581817,1.0008401299008858,0.025381067702553765,0.05831724291580342,0.004529430852299794,0.010864856286797545,0.0038332449338409963,0.009584235881002979
2.3099999999998566,0.009331638742274814,0.020502250482833523,1.0003938754492696,1.0008403588877453,0.0254255164702479,0.058423851903489005,0.00453326409723544,0.010874440522688347,0.003833244937449759,0.009584235900602088
2.3109999999998565,0.009357086501927804,0.02056072768622346,1.000394052444801,1.0008405854390803,0.0254700028357321,0.05853055487638505,0.00453709734217467,0.01088402475859862,0.0038332449410115816,0.009584235919946265
2.3119999999998564,0.009382578766745189,0.020619311639578964,1.0003942285439644,1.000840809552692,0.025514526799037242,0.0586373518346195,0.004540930587117439,0.010893608994528113,0.003833244944527075,0.00958423593903883
2.3129999999998563,0.009408115574324805,0.02067800243688543,1.0003944037459565,1.0008410312263953,0.02555908836019383,0.05874424277831871,0.004544763832063701,0.010903193230476574,0.0038332449479968416,0.009584235957883052
2.313999999999856,0.009433696962264518,0.020736800172128395,1.0003945780499812,1.000841250458019,0.025603687519232015,0.05885122770760746,0.00454859707701341,0.010912777466443757,0.0038332449514214763,0.009584235976482164
2.314999999999856,0.009459322968162225,0.020795704939293502,1.0003947514552507,1.0008414672454051,0.025648324276181585,0.05895830662260898,0.004552430321966522,0.010922361702429419,0.0038332449548015663,0.009584235994839353
2.315999999999856,0.009484993629615851,0.02085471683236653,1.0003949239609842,1.000841681586409,0.025692998631071978,0.05906547952344496,0.004556263566922992,0.010931945938433317,0.003833244958137691,0.009584236012957766
2.316999999999856,0.009510708984223354,0.02091383594533337,1.0003950955664087,1.000841893478899,0.02573771058393229,0.05917274641023557,0.004560096811882776,0.010941530174455217,0.0038332449614304222,0.009584236030840508
2.3179999999998557,0.009536469069582715,0.020973062372180037,1.0003952662707587,1.0008421029207564,0.025782460134791265,0.059280107283099494,0.004563930056845831,0.010951114410494883,0.0038332449646803243,0.009584236048490645
2.3189999999998556,0.00956227392329195,0.021032396206892665,1.0003954360732756,1.000842309909875,0.025827247283677315,0.059387562142153905,0.004567763301812115,0.010960698646552084,0.0038332449678879542,0.009584236065911203
2.3199999999998555,0.009588123582948948,0.0210918375434569,1.0003956049731757,1.0008425144441073,0.02587207203031964,0.05949511098631924,0.004571596546781586,0.010970282882626593,0.003833244971053862,0.009584236083105168
2.3209999999998554,0.009614018086151333,0.021151386475857323,1.000395772969617,1.0008427165212093,0.025916934374450088,0.059602753814526295,0.004575429791754202,0.010979867118718184,0.0038332449741785898,0.009584236100075487
2.3219999999998553,0.00963995747049661,0.021211043098078045,1.000395940061733,1.0008429161388968,0.02596183431610252,0.059710490626913505,0.004579263036729922,0.010989451354826634,0.003833244977262674,0.009584236116825068
2.322999999999855,0.009665941773582317,0.02127080750410331,1.0003961062486666,1.0008431132949007,0.026006771855310383,0.05981832142361758,0.004583096281708707,0.010999035590951726,0.0038332449803066427,0.009584236133356783
2.323999999999855,0.009691971033006026,0.021330679787917507,1.000396271529568,1.000843307986966,0.02605174699210674,0.059926246204773534,0.004586929526690516,0.01100861982709324,0.003833244983311018,0.009584236149673468
2.324999999999855,0.009718045286365341,0.02139066004350515,1.0003964359035964,1.0008435002128526,0.026096759726524265,0.060034264970514714,0.0045907627716753096,0.011018204063250965,0.003833244986276315,0.009584236165777917
2.325999999999855,0.0097441645712579,0.021450748364850895,1.0003965993699189,1.0008436899703341,0.02614181005859524,0.06014237772097281,0.004594596016663049,0.01102778829942469,0.003833244989203042,0.009584236181672891
2.3269999999998547,0.009770328925281374,0.02151094484593952,1.000396761927711,1.0008438772571984,0.02618689798835157,0.06025058445627788,0.004598429261653696,0.011037372535614208,0.0038332449920917004,0.009584236197361116
2.3279999999998546,0.009796538386033463,0.021571249580755937,1.0003969235761558,1.0008440620712469,0.026232023515824782,0.060358885176558345,0.004602262506647214,0.01104695677181931,0.0038332449949427857,0.00958423621284528
2.3289999999998545,0.009822792991111898,0.021631662663285187,1.0003970843144447,1.000844244410295,0.02627718664104603,0.06046727988194105,0.0046060957516435635,0.011056541008039796,0.003833244997756786,0.009584236228128038
2.3299999999998544,0.009849092778114504,0.02169218418751277,1.0003972441417899,1.0008444242722014,0.026322387364166658,0.06057576857322644,0.004609928996642709,0.011066125244275466,0.003833245000534184,0.00958423624321201
2.3309999999998543,0.009875437784639255,0.021752814247424986,1.000397403057437,1.0008446016548997,0.02636762568533643,0.06068435125120673,0.004613762241644614,0.011075709480526122,0.003833245003275456,0.009584236258099782
2.331999999999854,0.009901828048284215,0.021813552937008585,1.0003975610606521,1.000844776556365,0.02641290160458281,0.060793027915989596,0.004617595486649242,0.011085293716791568,0.0038332450059810723,0.009584236272793905
2.332999999999854,0.009928263606647473,0.02187440035025042,1.0003977181507082,1.0008449489745845,0.026458215121932936,0.060901798567681326,0.004621428731656559,0.011094877953071614,0.003833245008651496,0.0095842362872969
2.333999999999854,0.009954744497327146,0.021935356581137454,1.0003978743268849,1.0008451189075562,0.026503566237413626,0.06101066320638688,0.004625261976666528,0.011104462189366069,0.003833245011287185,0.00958423630161125
2.334999999999854,0.009981270757921379,0.02199642172365675,1.0003980295884685,1.0008452863532895,0.026548954951051376,0.06111962183220988,0.004629095221679117,0.011114046425674744,0.003833245013888591,0.00958423631573941
2.3359999999998537,0.01000784242602834,0.022057595871795482,1.000398183934752,1.0008454513098044,0.026594381262872367,0.061228674445252644,0.004632928466694289,0.011123630661997456,0.00383324501645616,0.009584236329683802
2.3369999999998536,0.010034459539246228,0.022118879119540916,1.000398337365035,1.0008456137751318,0.026639845172902472,0.06133782104561617,0.004636761711712012,0.01113321489833402,0.0038332450189903326,0.009584236343446817
2.3379999999998535,0.010061122135173264,0.022180271560880423,1.0003984898786231,1.0008457737473135,0.02668534668116726,0.06144706163340019,0.004640594956732253,0.011142799134684259,0.003833245021491543,0.009584236357030814
2.3389999999998534,0.010087830251407694,0.022241773289801474,1.000398641474829,1.0008459312244018,0.02673088578769199,0.061556396208703144,0.004644428201754979,0.011152383371047993,0.003833245023960219,0.00958423637043812
2.3399999999998533,0.01011458392554766,0.0223033844002912,1.0003987921529425,1.0008460862044195,0.026776462492238258,0.061665824770746586,0.004648261446780158,0.011161967607425048,0.003833245026396785,0.009584236383671035
2.340999999999853,0.010141383195191063,0.02236510498633595,1.0003989419122037,1.0008462386853225,0.026822076794569997,0.06177534731875951,0.004652094691807757,0.011171551843815249,0.003833245028801658,0.009584236396731827
2.341999999999853,0.010168228097935708,0.022426935141921758,1.0003990907518316,1.0008463886650383,0.026867728694717274,0.061884963852855454,0.004655927936837745,0.011181136080218425,0.00383324503117525,0.009584236409622734
2.342999999999853,0.010195118671379422,0.022488874961034758,1.0003992386710525,1.0008465361415066,0.02691341819270979,0.0619946743731465,0.004659761181870092,0.01119072031663441,0.0038332450335179687,0.009584236422345967
2.343999999999853,0.010222054953120065,0.022550924537661204,1.0003993856691,1.000846681112679,0.026959145288576902,0.062104478879743324,0.004663594426904766,0.011200304553063034,0.003833245035830215,0.009584236434903705
2.3449999999998528,0.010249036980755527,0.022613083965787453,1.0003995317452152,1.0008468235765184,0.027004909982347617,0.0622143773727552,0.0046674276719417375,0.011209888789504135,0.0038332450381123855,0.009584236447298103
2.3459999999998526,0.010276064791883725,0.022675353339399976,1.000399676898646,1.000846963530999,0.027050712274050596,0.062324369852290035,0.004671260916980976,0.01121947302595755,0.0038332450403648715,0.009584236459531284
2.3469999999998525,0.010303138424102607,0.02273773275248535,1.0003998211286476,1.0008471009741062,0.027096552163714163,0.062434456318454346,0.004675094162022453,0.011229057262423117,0.0038332450425880593,0.009584236471605345
2.3479999999998524,0.010330257915010146,0.022800222299030254,1.0003999644344819,1.0008472359038372,0.027142429651366307,0.0625446367713533,0.004678927407066138,0.01123864149890068,0.0038332450447823296,0.009584236483522355
2.3489999999998523,0.010357423302204348,0.022862822073021476,1.000400106815418,1.0008473683181995,0.02718834473703468,0.06265491121109075,0.0046827606521120035,0.011248225735390083,0.0038332450469480586,0.00958423649528436
2.349999999999852,0.01038463462328329,0.02292553216844625,1.0004002482707426,1.000847498215242,0.027234297420848742,0.06276527963845611,0.00468659389716002,0.011257809971891172,0.0038332450490856174,0.009584236506893374
2.350999999999852,0.010411891915845182,0.02298835267929259,1.0004003887997708,1.0008476255930852,0.027280287702936598,0.06287574205423069,0.004690427142210161,0.011267394208403794,0.003833245051195373,0.009584236518351387
2.351999999999852,0.010439195217488312,0.023051283699548956,1.0004005284018347,1.000847750449889,0.027326315583322724,0.06298629845849961,0.004694260387262397,0.0112769784449278,0.0038332450532776864,0.009584236529660364
2.352999999999852,0.01046654456581099,0.02311432532320388,1.0004006670762724,1.0008478727838226,0.027372381062031298,0.06309694885134692,0.004698093632316702,0.01128656268146304,0.0038332450553329148,0.009584236540822242
2.3539999999998518,0.010493939998411549,0.02317747764424598,1.000400804822428,1.000847992593064,0.027418484139086215,0.06320769323285558,0.00470192687737305,0.011296146918009372,0.0038332450573614106,0.009584236551838935
2.3549999999998517,0.010521381552888348,0.023240740756663963,1.0004009416396515,1.0008481098757993,0.02746462481451108,0.06331853160310744,0.004705760122431412,0.011305731154566647,0.0038332450593635214,0.009584236562712333
2.3559999999998515,0.010548869266839768,0.02330411475444661,1.0004010775272987,1.0008482246302237,0.027510803088329223,0.0634294639621833,0.004709593367491763,0.011315315391134725,0.0038332450613395904,0.009584236573444298
2.3569999999998514,0.010576403177864215,0.023367599731582783,1.0004012124847308,1.0008483368545402,0.02755701896056369,0.06354049031016291,0.004713426612554078,0.011324899627713466,0.0038332450632899565,0.009584236584036671
2.3579999999998513,0.010603983323560115,0.023431195782061428,1.0004013465113148,1.0008484465469607,0.027603272431237256,0.06365161064712496,0.004717259857618331,0.01133448386430273,0.003833245065214954,0.009584236594491266
2.358999999999851,0.01063160974152592,0.023494902999871566,1.0004014796064236,1.0008485537057048,0.027649563500372423,0.06376282497314711,0.004721093102684496,0.01134406810090238,0.0038332450671149125,0.009584236604809877
2.359999999999851,0.010659282469359979,0.023558721479001947,1.0004016117694088,1.0008486583289697,0.027695892167744297,0.06387413328761325,0.004724926347752549,0.011353652337512283,0.003833245068990158,0.009584236614994272
2.360999999999851,0.010687001544660416,0.02362265131344071,1.0004017429995757,1.0008487604149,0.027742258433130218,0.06398553558991317,0.004728759592822465,0.011363236574132303,0.0038332450708410118,0.009584236625046197
2.361999999999851,0.01071476700502526,0.023686692597175735,1.00040187329621,1.0008488599616183,0.02778866229655724,0.0640970318801364,0.004732592837894219,0.01137282081076231,0.0038332450726677914,0.009584236634967373
2.3629999999998508,0.010742578888052565,0.023750845424194988,1.0004020026586038,1.0008489569672572,0.027835103758052097,0.06420862215837132,0.004736426082967788,0.011382405047402174,0.0038332450744708096,0.009584236644759504
2.3639999999998507,0.010770437231340411,0.023815109888486525,1.0004021310860554,1.000849051429958,0.027881582817641207,0.0643203064247052,0.004740259328043149,0.011391989284051766,0.0038332450762503757,0.009584236654424266
2.3649999999998506,0.010798342072486908,0.02387948608403849,1.0004022585778698,1.0008491433478706,0.02792809947535067,0.06443208467922411,0.004744092573120278,0.01140157352071096,0.0038332450780067945,0.009584236663963316
2.3659999999998504,0.010826293449090186,0.02394397410483911,1.000402385133358,1.0008492327191543,0.027974653731206278,0.06454395692201306,0.004747925818199152,0.011411157757379631,0.0038332450797403674,0.00958423667337829
2.3669999999998503,0.010854291398748406,0.024008574044876694,1.0004025107518382,1.0008493195419768,0.028021245585233518,0.06465592315315592,0.004751759063279747,0.011420741994057656,0.0038332450814513915,0.009584236682670801
2.3679999999998502,0.010882335959059752,0.02407328599813964,1.0004026354326332,1.0008494038145144,0.028067875037457567,0.06476798337273548,0.004755592308362043,0.011430326230744912,0.00383324508314016,0.009584236691842444
2.36899999999985,0.010910427167622432,0.024138110058616425,1.0004027591750733,1.0008494855349521,0.028114542087903305,0.06488013758083346,0.004759425553446017,0.011439910467441281,0.0038332450848069625,0.00958423670089479
2.36999999999985,0.010938565062034753,0.024203046320296056,1.0004028819785091,1.0008495647015225,0.02816124673674064,0.06499238577842867,0.0047632587985316464,0.011449494704146643,0.0038332450864520845,0.00958423670982939
2.37099999999985,0.010966749679895192,0.024268094877168515,1.0004030038423282,1.000849641312544,0.028207988984137723,0.06510472796648993,0.00476709204361891,0.011459078940860882,0.0038332450880758082,0.009584236718647774
2.37199999999985,0.010994981058802318,0.0243332558232243,1.000403124765938,1.0008497153663816,0.0282547688301154,0.06521716414507642,0.004770925288707787,0.01146866317758388,0.0038332450896784117,0.009584236727351458
2.3729999999998497,0.011023259236354723,0.02439852925245396,1.0004032447487514,1.0008497868614057,0.02830158627469427,0.06532969431424647,0.004774758533798257,0.011478247414315527,0.00383324509126017,0.009584236735941932
2.3739999999998496,0.011051584250151018,0.024463915258848112,1.0004033637901864,1.000849855795993,0.02834844131789469,0.06544231847405765,0.004778591778890297,0.011487831651055708,0.0038332450928213542,0.009584236744420667
2.3749999999998495,0.011079956137789834,0.024529413936397425,1.0004034818896652,1.0008499221685263,0.028395333959736757,0.06555503662456673,0.004782425023983889,0.011497415887804313,0.003833245094362232,0.009584236752789119
2.3759999999998493,0.011108374936869822,0.02459502537909262,1.0004035990466156,1.0008499859773938,0.028442264200240347,0.06566784876582966,0.004786258269079012,0.011507000124561233,0.003833245095883067,0.00958423676104872
2.3769999999998492,0.011136840684989656,0.024660749680924486,1.0004037152604697,1.0008500472209898,0.028489232039425084,0.06578075489790168,0.004790091514175646,0.011516584361326358,0.0038332450973841206,0.009584236769200886
2.377999999999849,0.011165353419748024,0.024726586935883855,1.0004038305306644,1.000850105897714,0.02853623747731036,0.06589375502083719,0.004793924759273771,0.011526168598099582,0.0038332450988656495,0.009584236777247016
2.378999999999849,0.011193913178743636,0.02479253723796162,1.0004039448566413,1.0008501620059718,0.028583280513915333,0.0660068491346899,0.004797758004373368,0.0115357528348808,0.003833245100327908,0.00958423678518849
2.379999999999849,0.011222519999575119,0.024858600681148518,1.0004040582378249,1.0008502155441568,0.02863036114904965,0.06612003723911018,0.004801591249474418,0.011545337071669907,0.003833245101771147,0.009584236793026666
2.380999999999849,0.011251173919840906,0.02492477735943495,1.0004041706736007,1.0008502665106331,0.028677479382524858,0.06623331933375172,0.004805424494576901,0.011554921308466802,0.0038332451031956134,0.009584236800762891
2.3819999999998487,0.01127987497713935,0.024991067366811164,1.0004042821633377,1.0008503149037535,0.028724635214363966,0.06634669541867465,0.0048092577396808,0.011564505545271383,0.0038332451046015513,0.00958423680839849
2.3829999999998486,0.011308623209068829,0.02505747079726747,1.0004043927064104,1.0008503607218768,0.02877182864458972,0.06646016549393831,0.0048130909847860955,0.01157408978208355,0.003833245105989202,0.00958423681593477
2.3839999999998485,0.011337418653227736,0.02512398774479424,1.0004045023021986,1.000850403963368,0.02881905967322459,0.06657372955960121,0.004816924229892769,0.011583674018903204,0.0038332451073588036,0.009584236823373025
2.3849999999998484,0.011366261347214494,0.0251906183033819,1.0004046109500877,1.000850444626598,0.028866328300290775,0.06668738761572106,0.004820757475000804,0.011593258255730248,0.0038332451087105903,0.00958423683071453
2.3859999999998482,0.011395151328627545,0.02525736256702094,1.0004047186494682,1.0008504827099434,0.02891363452581021,0.06680113966235476,0.004824590720110182,0.011602842492564585,0.0038332451100447943,0.009584236837960542
2.386999999999848,0.011424088635065352,0.025324220629701896,1.000404825399736,1.0008505182117866,0.028960978349804562,0.06691498569955845,0.004828423965220885,0.011612426729406121,0.0038332451113616437,0.009584236845112304
2.387999999999848,0.011453073304126402,0.02539119258541537,1.0004049312002918,1.000850551130516,0.02900835977229525,0.06702892572738746,0.0048322572103328965,0.011622010966254762,0.003833245112661365,0.009584236852171042
2.388999999999848,0.011482105373409202,0.02545827852815201,1.0004050360505419,1.000850581464525,0.029055778793303424,0.06714295974589639,0.004836090455446199,0.011631595203110417,0.0038332451139441804,0.009584236859137965
2.389999999999848,0.011511184880512353,0.025525478551902906,1.0004051399499123,1.0008506092122458,0.029103235412997648,0.06725708775590009,0.004839923700560776,0.011641179439972994,0.00383324511521031,0.009584236866014268
2.3909999999998477,0.011540311863034624,0.025592792750659957,1.0004052428978645,1.0008506343721808,0.02915072963154474,0.06737130975820502,0.004843756945676611,0.011650763676842401,0.003833245116459971,0.009584236872801131
2.3919999999998476,0.011569486358574877,0.025660221218415484,1.0004053448938797,1.0008506569428695,0.02919826144896189,0.06748562575284707,0.004847590190793688,0.011660347913718552,0.0038332451176933775,0.009584236879499716
2.3929999999998475,0.01159870840473199,0.025727764049161838,1.0004054459374432,1.0008506769228545,0.02924583086526609,0.06760003573986158,0.00485142343591199,0.011669932150601357,0.003833245118910741,0.009584236886111172
2.3939999999998474,0.01162797803910486,0.02579542133689141,1.0004055460280439,1.0008506943106825,0.029293437880474105,0.06771453971928332,0.004855256681031502,0.011679516387490731,0.00383324512011227,0.00958423689263663
2.3949999999998473,0.0116572952992924,0.025863193175596624,1.000405645165175,1.000850709104904,0.02934108249460252,0.06782913769114657,0.004859089926152207,0.011689100624386588,0.00383324512129817,0.009584236899077211
2.395999999999847,0.011686660222893535,0.02593107965926994,1.0004057433483338,1.000850721304072,0.029388764707667703,0.06794382965548505,0.00486292317127409,0.011698684861288845,0.0038332451224686453,0.009584236905434019
2.396999999999847,0.011716072847507211,0.02599908088190385,1.000405840577021,1.0008507309067443,0.02943648451968583,0.06805861561233198,0.004866756416397136,0.011708269098197416,0.003833245123623896,0.009584236911708142
2.397999999999847,0.01174553321073239,0.026067196937490874,1.0004059368507416,1.0008507379114808,0.02948424193067288,0.06817349556172006,0.004870589661521331,0.01171785333511222,0.0038332451247641204,0.009584236917900658
2.398999999999847,0.011775041350168049,0.026135427920023574,1.0004060321690038,1.0008507423168456,0.029532036940644636,0.06828846950368148,0.004874422906646658,0.011727437572033176,0.0038332451258895135,0.009584236924012626
2.3999999999998467,0.011804597303413105,0.02620377392349446,1.0004061265313047,1.0008507441213992,0.02957986954946786,0.06840353743809445,0.004878256151773103,0.011737021808960205,0.0038332451270002687,0.009584236930045096
2.4009999999998466,0.011834201108066345,0.02627223504189593,1.0004062199371144,1.0008507433236924,0.029627739757010624,0.06851869936483826,0.004882089396900651,0.011746606045893226,0.0038332451280965758,0.0095842369359991
2.4019999999998465,0.011863852801726495,0.026340811369220323,1.0004063123858922,1.000850739922273,0.029675647563291392,0.06863395528394693,0.004885922642029289,0.011756190282832164,0.003833245129178623,0.00958423694187566
2.4029999999998464,0.011893552421992306,0.026409502999460023,1.0004064038771014,1.000850733915692,0.029723592968328386,0.06874930519545394,0.004889755887159002,0.01176577451977694,0.003833245130246596,0.009584236947675783
2.4039999999998463,0.01192330000646254,0.026478310026607447,1.0004064944102102,1.000850725302504,0.02977157597213962,0.06886474909939228,0.004893589132289775,0.011775358756727477,0.0038332451313006777,0.009584236953400462
2.404999999999846,0.011953095592735982,0.02654723254465504,1.0004065839846903,1.000850714081267,0.029819596574742886,0.06898028699579441,0.004897422377421596,0.011784942993683703,0.003833245132341049,0.00958423695905068
2.405999999999846,0.011982939218411431,0.026616270647595284,1.0004066726000178,1.0008507002505422,0.02986765477615576,0.06909591888469228,0.00490125562255445,0.011794527230645542,0.003833245133367888,0.009584236964627405
2.406999999999846,0.012012830921087706,0.02668542442942069,1.0004067602556732,1.000850683808894,0.02991575057639561,0.06921164476611735,0.004905088867688325,0.011804111467612921,0.0038332451343813705,0.009584236970131593
2.407999999999846,0.012042770738363644,0.0267546939841238,1.0004068469511407,1.0008506647548898,0.029963883975479583,0.06932746464010058,0.004908922112823206,0.011813695704585769,0.0038332451353816706,0.009584236975564186
2.4089999999998457,0.012072758707838097,0.026824079405697185,1.0004069326859086,1.0008506430871007,0.030012054973424625,0.06944337850667243,0.004912755357959081,0.011823279941564013,0.00383324513636896,0.009584236980926118
2.4099999999998456,0.012102794867109997,0.026893580788133892,1.0004070174594824,1.0008506188041375,0.030060263570376056,0.06955938636673963,0.004916588603095937,0.011832864178547585,0.003833245137343407,0.009584236986218304
2.4109999999998455,0.012132879253778423,0.02696319822542786,1.0004071012713969,1.000850591904688,0.030108509766477675,0.06967548822119957,0.004920421848233761,0.011842448415536415,0.0038332451383051793,0.009584236991441656
2.4119999999998454,0.012163011905442533,0.027032931811573492,1.000407184121204,1.0008505623874782,0.030156793561743018,0.06979168407006228,0.004924255093372541,0.011852032652530434,0.0038332451392544416,0.009584236996597066
2.4129999999998453,0.012193192859701498,0.02710278164056519,1.0004072660084586,1.0008505302512356,0.030205114956185455,0.06990797391333757,0.004928088338512264,0.011861616889529575,0.003833245140191357,0.00958423700168542
2.413999999999845,0.0122234221541545,0.027172747806397377,1.0004073469327186,1.0008504954946886,0.030253473949818192,0.07002435775103497,0.004931921583652917,0.011871201126533771,0.0038332451411160857,0.009584237006707588
2.414999999999845,0.012253699826400736,0.027242830403064477,1.0004074268935448,1.000850458116567,0.03030187054265427,0.0701408355831638,0.00493575482879449,0.011880785363542958,0.0038332451420287866,0.009584237011664432
2.415999999999845,0.012284025914039416,0.027313029524560925,1.0004075058905013,1.000850418115601,0.03035030473470657,0.0702574074097331,0.004939588073936969,0.011890369600557069,0.0038332451429296155,0.009584237016556802
2.416999999999845,0.012314400454669763,0.02738334526488117,1.000407583923155,1.0008503754905227,0.03039877652598782,0.07037407323075172,0.004943421319080344,0.01189995383757604,0.003833245143818727,0.009584237021385536
2.4179999999998447,0.012344823485891013,0.02745377771801966,1.000407660991076,1.0008503302400642,0.030447285916510587,0.07049083304622823,0.004947254564224601,0.011909538074599808,0.0038332451446962744,0.009584237026151462
2.4189999999998446,0.01237529504530241,0.02752432697797086,1.000407737093837,1.0008502823629593,0.03049583290628728,0.07060768685617101,0.00495108780936973,0.01191912231162831,0.003833245145562407,0.009584237030855397
2.4199999999998445,0.012405815170503166,0.027594993138729342,1.000407812231003,1.000850231857951,0.030544417495222173,0.07072463466079615,0.004954921054515719,0.011928706548661487,0.003833245146417274,0.009584237035498147
2.4209999999998444,0.012436383899092388,0.027665776294289898,1.0004078864021198,1.000850178723801,0.0305930396832205,0.0708416764603174,0.004958754299662559,0.011938290785699275,0.0038332451472610214,0.009584237040080509
2.4219999999998443,0.012467001268669146,0.027736676538647424,1.0004079596067257,1.0008501229592799,0.03064169947029657,0.07095881225473794,0.004962587544810236,0.011947875022741618,0.003833245148093794,0.009584237044603268
2.422999999999844,0.012497667316832526,0.027807693965796822,1.0004080318443624,1.0008500645631588,0.030690396856464523,0.07107604204406075,0.004966420789958741,0.011957459259788453,0.0038332451489157347,0.009584237049067199
2.423999999999844,0.012528382081181627,0.027878828669732996,1.0004081031145748,1.0008500035342096,0.030739131841738317,0.07119336582828868,0.004970254035108062,0.011967043496839724,0.003833245149726984,0.009584237053473067
2.424999999999844,0.012559145599315561,0.027950080744450854,1.000408173416911,1.000849939871204,0.030787904426131753,0.07131078360742439,0.004974087280258189,0.011976627733895372,0.0038332451505276818,0.009584237057821627
2.425999999999844,0.012589957908833457,0.0280214502839453,1.000408242750922,1.0008498735729148,0.03083671460965845,0.07142829538147037,0.004977920525409112,0.011986211970955339,0.0038332451513179646,0.009584237062113624
2.4269999999998437,0.012620819047334452,0.02809293738221125,1.0004083111161621,1.0008498046381145,0.030885562392331867,0.07154590115042897,0.00498175377056082,0.01199579620801957,0.0038332451520979678,0.009584237066349794
2.4279999999998436,0.0126517290524177,0.028164542133243615,1.0004083785121891,1.0008497330655761,0.03093444777416529,0.07166360091430236,0.004985587015713303,0.01200538044508801,0.0038332451528678255,0.009584237070530865
2.4289999999998435,0.012682687961682369,0.028236264631037313,1.0004084449385633,1.0008496588540734,0.030983370755171852,0.07178139467309257,0.00498942026086655,0.012014964682160604,0.0038332451536276695,0.009584237074657552
2.4299999999998434,0.012713695812727702,0.028308104969587706,1.000408510394861,1.0008495820024172,0.031032331335495097,0.07189928242769238,0.004993253506020553,0.012024548919237297,0.0038332451543776304,0.009584237078730563
2.4309999999998433,0.012744752643153088,0.028380063242891045,1.0004085748806881,1.0008495025094923,0.03108132951527708,0.07201726417898541,0.004997086751175301,0.012034133156318037,0.0038332451551178364,0.009584237082750595
2.431999999999843,0.01277585849055799,0.028452139544944015,1.0004086383956656,1.0008494203742198,0.031130365294527597,0.07213533992695388,0.005000919996330785,0.012043717393402771,0.0038332451558484144,0.009584237086718338
2.432999999999843,0.012807013392541882,0.02852433396974328,1.0004087009394167,1.0008493355955186,0.031179438673256323,0.07225350967158006,0.005004753241486993,0.012053301630491448,0.0038332451565694895,0.009584237090634473
2.433999999999843,0.012838217386704246,0.028596646611285494,1.000408762511567,1.0008492481723066,0.03122854965147281,0.07237177341284631,0.0050085864866439185,0.012062885867584016,0.003833245157281186,0.00958423709449967
2.434999999999843,0.012869470510644576,0.028669077563567284,1.0004088231117443,1.0008491581035002,0.031277698229186496,0.07249013115073505,0.0050124197318015505,0.012072470104680422,0.0038332451579836248,0.009584237098314592
2.4359999999998427,0.012900772801962373,0.028741626920585267,1.0004088827395783,1.0008490653880138,0.03132688440640669,0.07260858288522876,0.005016252976959881,0.01208205434178062,0.003833245158676927,0.009584237102079892
2.4369999999998426,0.012932124298257148,0.028814294776336038,1.000408941394701,1.0008489700247607,0.0313761081831426,0.07272712861630999,0.0050200862221189,0.012091638578884558,0.003833245159361211,0.009584237105796218
2.4379999999998425,0.01296352503712842,0.028887081224816175,1.0004089990767466,1.0008488720126527,0.03142536955940329,0.07284576834396138,0.005023919467278599,0.012101222815992189,0.003833245160036595,0.009584237109464204
2.4389999999998424,0.012994975056175721,0.028959986360022238,1.000409055785351,1.0008487713506,0.03147466853519774,0.07296450206816561,0.005027752712438969,0.012110807053103464,0.003833245160703194,0.00958423711308448
2.4399999999998423,0.013026474392998576,0.029033010275951066,1.0004091115201508,1.000848668037535,0.031524005110512864,0.07308332978948655,0.005031585957600001,0.012120391290218335,0.0038332451613611227,0.009584237116657667
2.440999999999842,0.013058023085196501,0.02910615306660005,1.000409166280779,1.0008485620724368,0.031573379285335705,0.07320225150848218,0.005035419202761687,0.012129975527336755,0.0038332451620104934,0.009584237120184377
2.441999999999842,0.013089621170369006,0.029179414825966855,1.0004092200668697,1.0008484534543056,0.031622791059675366,0.07332126722512278,0.005039252447924018,0.01213955976445868,0.003833245162651418,0.009584237123665216
2.442999999999842,0.013121268686115614,0.029252795648049106,1.0004092728780585,1.0008483421821395,0.031672240433540846,0.0734403769393788,0.005043085693086986,0.012149144001584063,0.0038332451632840056,0.009584237127100778
2.443999999999842,0.013152965670035856,0.029326295626844405,1.000409324713983,1.0008482282549334,0.03172172740694102,0.07355958065122092,0.005046918938250582,0.012158728238712859,0.003833245163908365,0.009584237130491655
2.4449999999998417,0.01318471215972927,0.029399914856350327,1.0004093755742829,1.00084811167168,0.03177125197988467,0.07367887836062002,0.0050507521834147985,0.012168312475845024,0.0038332451645246035,0.009584237133838425
2.4459999999998416,0.013216508192795401,0.02947365343056441,1.0004094254586,1.0008479924313693,0.03182081415238044,0.07379827006754719,0.005054585428579627,0.012177896712980514,0.0038332451651328266,0.009584237137141663
2.4469999999998415,0.01324835380683381,0.02954751144348417,1.000409474366578,1.0008478705329886,0.031870413924436874,0.0739177557719737,0.00505841867374506,0.012187480950119286,0.003833245165733138,0.009584237140401936
2.4479999999998414,0.01328024903944406,0.029621488989107093,1.0004095222978622,1.0008477459755227,0.03192005129606242,0.07403733547387101,0.00506225191891109,0.012197065187261297,0.0038332451663256415,0.009584237143619802
2.4489999999998413,0.013312193928225724,0.029695586161430632,1.0004095692521005,1.000847618757954,0.031969726267265415,0.07415700917321082,0.005066085164077708,0.012206649424406505,0.003833245166910438,0.009584237146795814
2.449999999999841,0.013344188510778449,0.02976980305445262,1.0004096152289552,1.000847488879295,0.03201943883818666,0.07427677687076363,0.005069918409244907,0.012216233661554868,0.0038332451674876282,0.009584237149930515
2.450999999999841,0.013376232824702025,0.029844139762171647,1.0004096602281167,1.0008473563386209,0.032069189008965514,0.07439663856729206,0.005073751654412679,0.012225817898706345,0.0038332451680573106,0.009584237153024443
2.451999999999841,0.013408326907596312,0.029918596428681388,1.0004097042492899,1.0008472211344224,0.03211897677960708,0.07451669445219064,0.005077584899581018,0.012235401941149759,0.003833245168619583,0.009583847733803288
2.452999999999841,0.013440470797061174,0.02999317329761138,1.0004097472921805,1.0008470832639658,0.032168802150116416,0.07463704340779474,0.005081418144749915,0.012244985207284273,0.003833245169174542,0.009582684535223816
2.4539999999998408,0.01347266453069648,0.030067870610637176,1.0004097893564956,1.0008469427245332,0.0322186651204985,0.07475758264379534,0.005085251389919363,0.012254567123073974,0.0038332451697222826,0.00958114704417926
2.4549999999998406,0.013504908146102109,0.030142688507310642,1.0004098304419435,1.0008467995146537,0.03226856569075824,0.07487821070313383,0.005089084635089356,0.012264147511371774,0.0038332451702628987,0.009579629551420204
2.4559999999998405,0.013537201680877938,0.030217627126575792,1.0004098705482336,1.000846653632858,0.032318503860900495,0.07499902782716207,0.005092917880259886,0.012273726197334741,0.0038332451707964827,0.009577742374514468
2.4569999999998404,0.013569545172623853,0.030292686706964122,1.0004099096750763,1.000846505076444,0.032368479630930036,0.07512013294949806,0.005096751125430945,0.012283302618971821,0.0038332451713231266,0.009575100899646697
2.4579999999998403,0.013601938658939744,0.030367867535198823,1.0004099478221828,1.0008463538421053,0.03241849300085158,0.07524152351990578,0.005100584370602528,0.012292876026890656,0.0038332451718429204,0.009571714938022672
2.45899999999984,0.013634382177425505,0.030443169895465617,1.000409984989266,1.0008461999265563,0.03246854397066978,0.0753631970136829,0.0051044176157746275,0.012302445681446283,0.003833245172355953,0.009567594173233837
2.45999999999984,0.013666875765681012,0.03051859406943861,1.000410021176035,1.0008460433265702,0.032518632540344705,0.07548515093230455,0.005108250860947236,0.01231201085261434,0.003833245172862313,0.009562748162878377
2.46099999999984,0.013699419461306102,0.03059414033630582,1.0004100563821914,1.0008458840390184,0.0325687587098368,0.07560738280211408,0.005112084106120348,0.012321570819865891,0.0038332451733620863,0.009557186340221633
2.46199999999984,0.013732013301900596,0.030669808972793384,1.0004100906074338,1.00084572206083,0.0326189224791515,0.07572989017301911,0.005115917351293957,0.012331124872043934,0.003833245173855359,0.009550918015863942
2.4629999999998398,0.013764657325064319,0.03074560025318947,1.0004101238514618,1.0008455573889519,0.03266912384829418,0.07585267061915815,0.005119750596468056,0.012340672307241517,0.0038332451743422155,0.00954395237930315
2.4639999999998397,0.013797351568397101,0.030821514449368342,1.0004101561139762,1.0008453900203491,0.03271936281727013,0.07597572173858545,0.0051235838416426385,0.012350212432681425,0.0038332451748227395,0.009536298500509747
2.4649999999998395,0.013830096069498778,0.030897551830814114,1.0004101873946794,1.0008452199520046,0.03276963938608458,0.07609904115295991,0.005127417086817698,0.01235974456459742,0.0038332451752970133,0.00952796533148154
2.4659999999998394,0.013862890865969191,0.03097371266464421,1.0004102176932743,1.0008450471809192,0.03281995355474268,0.07622262650723803,0.005131250331993229,0.01236926802811705,0.003833245175765118,0.009518961707778084
2.4669999999998393,0.013895735995408188,0.031049997215632515,1.0004102470094653,1.000844871704111,0.03287030532324952,0.07634647546937087,0.005135083577169225,0.012378782157145956,0.0038332451762271343,0.009509296350035164
2.467999999999839,0.013928631495415617,0.031126405746232204,1.0004102753429582,1.0008446935186164,0.03292069469161011,0.07647058573000498,0.005138916822345681,0.012388286294253703,0.003833245176683141,0.009498977865459585
2.468999999999839,0.013961577403591337,0.0312029385165983,1.0004103026934597,1.0008445126214893,0.032971121659829405,0.07659495500218716,0.005142750067522589,0.012397779790561085,0.0038332451771332164,0.009488014749304503
2.469999999999839,0.013994573757535286,0.0312795957846104,1.0004103290606925,1.0008443290098386,0.03302158622806931,0.07671958102201498,0.005146583312699944,0.012407262005628856,0.0038332451775774374,0.009476415386237932
2.470999999999839,0.014027620594847566,0.031356377805895105,1.0004103544444112,1.0008441426808639,0.03307208839649005,0.07684446154740128,0.00515041655787774,0.012416732307347902,0.0038332451780158806,0.009464188051854526
2.4719999999998388,0.014060717953128358,0.031433284833847226,1.000410378844386,1.0008439536318183,0.033122628165092934,0.07696959435684463,0.005154249803055972,0.012426190071830925,0.0038332451784486208,0.009451340914191789
2.4729999999998387,0.014093865869977844,0.0315103171196507,1.0004104022603877,1.000843761859971,0.033173205533879244,0.07709497725010098,0.005158083048234634,0.012435634683305543,0.0038332451788757323,0.009437882035046224
2.4739999999998386,0.01412706438299621,0.031587474912299705,1.0004104246921868,1.0008435673626064,0.03322382050285024,0.07722060804790716,0.00516191629341372,0.012445065534008743,0.0038332451792972883,0.009423819371355174
2.4749999999998384,0.014160313529783638,0.03166475845861951,1.0004104461395547,1.0008433701370245,0.03327447307200716,0.077346484591708,0.0051657495385932254,0.012454482024082702,0.003833245179713361,0.00940916077656069
2.4759999999998383,0.014193613347940316,0.03174216800328706,1.0004104666022626,1.0008431701805414,0.03332516324135122,0.07747260474338692,0.005169582783773144,0.012463883561471961,0.0038332451801240215,0.00939391400195567
2.476999999999838,0.014226963875066433,0.03181970378885125,1.0004104860800822,1.0008429674904882,0.03337589101088361,0.07759896638500019,0.005173416028953471,0.012473269561821945,0.003833245180529341,0.00937808669801247
2.477999999999838,0.014260365148762177,0.03189736605575301,1.0004105045727858,1.000842762064212,0.03342665638060549,0.0777255674185144,0.0051772492741342,0.012482639448378798,0.003833245180929388,0.00936168641569426
2.478999999999838,0.014293817206627738,0.03197515504234504,1.0004105220801454,1.000842553899075,0.03347745935051801,0.0778524057655476,0.005181082519315327,0.01249199265189052,0.003833245181324232,0.009344720607749301
2.479999999999838,0.014327320086263308,0.032053070984911995,1.0004105386019335,1.0008423429925033,0.033528299920622284,0.07797947936835642,0.005184915764496846,0.012501328610509302,0.0038332451817139402,0.009327196629817019
2.480999999999838,0.014360873825269078,0.03213111411769034,1.0004105541379231,1.0008421293420335,0.03357917809091941,0.07810678618833229,0.005188749009678752,0.012510646769695134,0.003833245182098579,0.009309121741846272
2.4819999999998377,0.014394478461245244,0.03220928467288676,1.0004105686878872,1.000841912945264,0.03363009386141048,0.07823432420450505,0.0051925822548610405,0.012519946582120819,0.003833245182478215,0.009290503109522546
2.4829999999998376,0.014428134031791997,0.03228758288069629,1.0004105822515992,1.000841693799806,0.03368104723209653,0.07836209141455336,0.005196415500043706,0.012529227507578244,0.0038332451828529132,0.009271347805328154
2.4839999999998374,0.014461840574509534,0.03236600896932085,1.0004105948288324,1.0008414719032839,0.0337320382029786,0.07849008583456218,0.005200248745226744,0.012538489012885784,0.0038332451832227376,0.009251662809754497
2.4849999999998373,0.014495598126998051,0.03244456316498752,1.0004106064193607,1.000841247253335,0.0337830667740577,0.07861830549878335,0.00520408199041015,0.01254773057179691,0.0038332451835877517,0.009231455012498547
2.4859999999998372,0.014529406726857748,0.03252324569196661,1.0004106170229583,1.0008410198476096,0.03383413294533482,0.07874674845939923,0.005207915235593918,0.012556951664909981,0.0038332451839480177,0.009210731213643785
2.486999999999837,0.01456326641168882,0.032602056772589455,1.0004106266393995,1.0008407896837712,0.033885236716810936,0.07887541278628958,0.005211748480778044,0.012566151779579217,0.003833245184303598,0.00918949812482576
2.487999999999837,0.01459717721909147,0.032680996627266,1.0004106352684587,1.0008405567594962,0.03393637808848699,0.0790042965668013,0.005215581725962523,0.012575330409826821,0.003833245184654553,0.009167762370382509
2.488999999999837,0.014631139186665896,0.032760065474502165,1.0004106429099107,1.000840321072474,0.03398755706036392,0.07913339790552125,0.005219414971147351,0.012584487056256257,0.003833245185000943,0.009145530488489997
2.489999999999837,0.01466515235201239,0.03283926353091744,1.0004106495635479,1.0008400826204435,0.034038773632624746,0.07926271492502932,0.005223248216332523,0.012593621225966557,0.0038332451853428273,0.009122808932111084
2.4909999999998367,0.014699216752731429,0.032918590961168115,1.0004106552291974,1.0008398414018929,0.034090027805450625,0.07939214557631122,0.0052270814615180345,0.012602732627179182,0.003833245185680265,0.009099993493139565
2.4919999999998366,0.014733332426423574,0.03299804787861694,1.0004106599067037,1.000839597416012,0.034141319578838425,0.07952168932133258,0.005230914706703881,0.012611821166622104,0.0038332451860133136,0.009077085392703473
2.4929999999998365,0.014767499410689385,0.033077634446184404,1.0004106635959105,1.0008393506613262,0.03419264895278504,0.07965144581360242,0.005234747951890059,0.012620886557525015,0.0038332451863420302,0.009053696413120153
2.4939999999998363,0.014801717743129422,0.0331573508756984,1.0004106662966605,1.0008391011357023,0.03424401592728739,0.0797814132143921,0.0052385811970765625,0.012629928322136164,0.0038332451866664712,0.009029832809178058
2.4949999999998362,0.014835987461344237,0.03323719732706206,1.0004106680087963,1.000838848837683,0.034295420502342425,0.07991148951293,0.005242414442263389,0.012638946183629395,0.003833245186986692,0.009005890177284686
2.495999999999836,0.014870308602934382,0.033317173858829284,1.0004106687321597,1.000838593767145,0.03434686267794712,0.08004157402151517,0.005246247687450534,0.012647940258202215,0.003833245187302748,0.008982258968356542
2.496999999999836,0.014904681205500404,0.03339728047961526,1.0004106684665914,1.0008383359246185,0.034398342454098486,0.08017166755043237,0.005250080932637993,0.012656910855252253,0.0038332451876146928,0.008958935131720436
2.497999999999836,0.014939105306642851,0.033477517198840186,1.0004106672119322,1.0008380753106154,0.034449859830793544,0.08030177089942696,0.005253914177825761,0.012665858280152808,0.00383324518792258,0.008935914669389687
2.498999999999836,0.014973580943962263,0.03355788402671882,1.0004106649680218,1.0008378119256287,0.034501414808029346,0.08043188485784197,0.005257747423013836,0.012674782834305192,0.003833245188226463,0.008913193635378854
2.4999999999998357,0.015008108155059213,0.03363838102434504,1.000410661734706,1.000837545769525,0.03455300738587177,0.08056211039460552,0.005261580668202212,0.012683684620478709,0.0038332451885263927,0.008890378711654377
2.5009999999998356,0.015042686977534341,0.03371900830302893,1.000410657511843,1.000837276841609,0.03460463756438601,0.08069244697316555,0.005265413913390886,0.012692563545394123,0.0038332451888224216,0.008867471119171355
2.5019999999998355,0.015077317448988319,0.03379976592345066,1.0004106522992966,1.0008370051419035,0.03465630534356768,0.08082279387029144,0.005269247158579855,0.01270141971169693,0.0038332451891145997,0.008844861486445187
2.5029999999998354,0.015111999607021809,0.03388065389631641,1.0004106460969298,1.0008367306710855,0.03470801072341244,0.08095315186120568,0.005273080403769114,0.012710253415409118,0.0038332451894029776,0.008822545937928524
2.5039999999998352,0.015146733489235472,0.033961672233102536,1.0004106389046046,1.0008364534298106,0.034759753703915985,0.08108352171104738,0.00527691364895866,0.012719064948702324,0.0038332451896876045,0.008800520648482435
2.504999999999835,0.015181519133229968,0.03404282094604556,1.000410630722182,1.0008361734187152,0.03481153428507405,0.08121390417500346,0.005280746894148488,0.012727854599947925,0.003833245189968529,0.008778781842720774
2.505999999999835,0.015216356576605946,0.03412410004813228,1.0004106215495225,1.0008358906384152,0.03486335246688242,0.08134429999843808,0.005284580139338595,0.012736622653766468,0.0038332451902458,0.008757325794363068
2.506999999999835,0.015251245856964055,0.034205509553090006,1.0004106113864855,1.0008356050895066,0.034915208249336915,0.0814747099170204,0.005288413384528978,0.012745369391076447,0.0038332451905194642,0.008736148825595827
2.507999999999835,0.01528618701190494,0.03428704947537694,1.0004106002329294,1.0008353167725665,0.03496710163243339,0.08160513465685067,0.005292246629719632,0.012754095089142466,0.003833245190789569,0.008715247306442159
2.5089999999998347,0.015321180079029242,0.03436871983017266,1.0004105880887117,1.0008350256881522,0.03501903261616775,0.0817355749345847,0.005296079874910555,0.012762800021622757,0.0038332451910561604,0.008694617654139583
2.5099999999998346,0.015356225095937674,0.03445052063336928,1.0004105749537047,1.0008347318368438,0.03507100120069762,0.08186603145865863,0.005299913120101743,0.012771484458616004,0.003833245191319284,0.00867425633235395
2.5109999999998345,0.015391322100231112,0.034532451901562754,1.0004105608278098,1.0008344352192848,0.03512300738617902,0.08199650492829484,0.005303746365293191,0.012780148666707559,0.003833245191578985,0.008654159850754154
2.5119999999998344,0.015426471129510504,0.03461451365204316,1.0004105457109425,1.0008341358361401,0.035175051172604395,0.0821269960325197,0.0053075796104848985,0.012788792909015226,0.0038332451918353084,0.008634324764581137
2.5129999999998343,0.01546167222137679,0.03469670590278512,1.0004105296030166,1.0008338336880542,0.03522713255996628,0.08225750545139736,0.005311412855676861,0.012797417445234457,0.003833245192088298,0.00861474767388099
2.513999999999834,0.0154969254134309,0.03477902867243889,1.0004105125039442,1.0008335287756516,0.03527925154825729,0.08238803385614626,0.0053152461008690735,0.01280602253168286,0.0038332451923379965,0.00859542522292221
2.514999999999834,0.015532230743273765,0.034861481980321594,1.0004104944136363,1.000833221099537,0.035331408137470106,0.08251858190925429,0.0053190793460615345,0.012814608421344131,0.0038332451925844474,0.00857635409962052
2.515999999999834,0.015567588248506299,0.034944065846408516,1.000410475332002,1.0008329106602956,0.03538360232759749,0.08264915026459226,0.005322912591254241,0.012823175363911428,0.0038332451928276925,0.008557531034971172
2.516999999999834,0.015602997966729414,0.035026780291324576,1.000410455258949,1.000832597458493,0.035435834118632284,0.08277973956752599,0.005326745836447188,0.012831723605830158,0.003833245193067774,0.00853895280248864
2.5179999999998337,0.015638459935544014,0.035109625336335853,1.0004104341943834,1.0008322814946762,0.0354881035105674,0.08291035045502697,0.005330579081640374,0.01284025339034023,0.0038332451933047323,0.008520616217653595
2.5189999999998336,0.015673974192550996,0.035192601003341255,1.0004104121382098,1.0008319627693727,0.03554041050339582,0.0830409835557815,0.005334412326833796,0.01284876495751774,0.0038332451935386086,0.00850251813736707
2.5199999999998335,0.015709540775351295,0.03527570731486528,1.0004103890903404,1.000831641283166,0.03559275509720368,0.08317163949227335,0.005338245572027451,0.012857258544315995,0.003833245193769443,0.00848465545914174
2.5209999999998334,0.015745159721545936,0.03535894429405086,1.000410365050703,1.0008313170367684,0.03564513729207621,0.08330231887889158,0.005342078817221334,0.012865734384605993,0.0038332451939972747,0.008467025120854047
2.5219999999998333,0.015780831068735977,0.035442311964650336,1.0004103400192326,1.0008309900309453,0.03569755708800457,0.08343302232006032,0.005345912062415444,0.01287419270921666,0.003833245194222143,0.00844962410048193
2.522999999999833,0.01581655485452247,0.03552581035101654,1.000410313995862,1.0008306602664407,0.03575001448497999,0.08356375041234189,0.005349745307609777,0.012882633745974557,0.0038332451944440866,0.008432449415309826
2.523999999999833,0.015852331116506458,0.03560943947809498,1.0004102869805225,1.0008303277439772,0.03580250948299382,0.08369450374453902,0.005353578552804331,0.01289105771974292,0.003833245194663143,0.008415498121417455
2.524999999999833,0.015888159892288974,0.03569319937141615,1.0004102589731434,1.0008299924642563,0.03585504208203749,0.08382528289779578,0.005357411797999103,0.012899464852460216,0.0038332451948793504,0.008398767313175225
2.525999999999833,0.015924041219471045,0.035777090057087894,1.0004102299736524,1.0008296544279587,0.03590761228210252,0.08395608844569726,0.005361245043194089,0.012907855363178178,0.0038332451950927457,0.008382254122746218
2.5269999999998327,0.015959975135653687,0.03586111156178793,1.0004101999819752,1.0008293136357445,0.03596022008318052,0.08408692095436776,0.005365078288389287,0.012916229468099349,0.003833245195303365,0.008365955719594646
2.5279999999998326,0.01599596167843791,0.035945263912756396,1.000410168998036,1.0008289700882538,0.03601286548526319,0.08421778098256795,0.005368911533584694,0.012924587380614146,0.0038332451955112447,0.008349869310000698
2.5289999999998325,0.016032000885424714,0.036029547137788574,1.0004101370217573,1.0008286237861064,0.03606554848834231,0.08434866908179058,0.005372744778780308,0.012932929311337436,0.003833245195716421,0.008333992136581704
2.5299999999998324,0.016068092794215172,0.0361139612652282,1.000410104053075,1.0008282747299437,0.0361182690925738,0.0844795857974608,0.005376578023976126,0.01294125546814457,0.003833245195918928,0.008318321477687154
2.5309999999998323,0.016104237442410515,0.036198506323960884,1.0004100700919538,1.0008279229204704,0.03617102729811196,0.08461053166791063,0.0053804112691721445,0.01294956605620695,0.003833245196118801,0.008302854647071393
2.531999999999832,0.016140434867612043,0.03628318234340652,1.0004100351383713,1.0008275683584111,0.03622382310494522,0.08474150722336489,0.005384244514368362,0.012957861278027267,0.003833245196316075,0.008287588993561926
2.532999999999832,0.016176685107421047,0.03636798935351178,1.0004099991923028,1.0008272110444698,0.03627665651306213,0.08487251298715165,0.0053880777595647755,0.012966141333474283,0.0038332451965107824,0.008272521900469206
2.533999999999832,0.016212988199438803,0.03645292738474325,1.000409962253721,1.0008268509793292,0.03632952752245137,0.08500354947579196,0.005391911004761382,0.012974406419817086,0.003833245196702957,0.008257650785138146
2.534999999999832,0.01624934418126658,0.03653799646808069,1.0004099243225966,1.000826488163652,0.036382436133101735,0.08513461719908832,0.00539574424995818,0.012982656731758909,0.0038332451968926323,0.008242973098505448
2.5359999999998317,0.01628575309050563,0.03662319663501034,1.0004098853988979,1.0008261225980801,0.03643538234500215,0.08526571666021215,0.005399577495155166,0.012990892461470492,0.0038332451970798406,0.008228486324662705
2.5369999999998316,0.016322214964757203,0.036708527917518344,1.0004098454825907,1.0008257542832357,0.036488366158141654,0.08539684835578998,0.0054034107403523384,0.012999113798623037,0.003833245197264614,0.008214187980425182
2.5379999999998315,0.016358729841622528,0.036793990348084234,1.000409804573639,1.000825383219721,0.03654138757250941,0.08552801277598857,0.005407243985549694,0.013007320930420703,0.0038332451974469836,0.008200075614906193
2.5389999999998314,0.01639529775870283,0.03687958395967453,1.0004097626720039,1.0008250094081184,0.036594446588094694,0.08565921040459896,0.005411077230747231,0.013015514041632705,0.003833245197626981,0.008186146809097032
2.5399999999998313,0.016431918753599416,0.036965308785737526,1.0004097197776625,1.0008246328490762,0.03664754320507571,0.08579044172139466,0.005414910475944946,0.01302369331462486,0.0038332451978046376,0.008172399175213998
2.540999999999831,0.016468592863913768,0.03705116486019818,1.0004096758906238,1.0008242535433927,0.03670067742362883,0.0859217071999115,0.005418743721142838,0.013031858929390737,0.003833245197979983,0.008158830356539769
2.541999999999831,0.016505320127247453,0.037137152217450765,1.0004096310109116,1.000823871491929,0.0367538492437395,0.08605300730525245,0.005422576966340905,0.013040011063582633,0.0038332451981530477,0.008145438027251262
2.542999999999831,0.016542100581202018,0.037223270892351626,1.0004095851385468,1.0008234866955237,0.03680705866539334,0.08618434249647071,0.005426410211539143,0.013048149892542146,0.0038332451983238616,0.008132219891776449
2.543999999999831,0.016578934263379003,0.03730952092021318,1.0004095382735474,1.000823099154992,0.03686030568857613,0.08631571322664844,0.005430243456737552,0.013056275589330235,0.0038332451984924537,0.00811917368440091
2.5449999999998307,0.016615821211379927,0.037395902336797994,1.0004094904159282,1.000822708871128,0.03691359031327379,0.08644711994297444,0.005434076701936128,0.013064388324756876,0.0038332451986588527,0.008106297168879497
2.5459999999998306,0.0166527614628063,0.03748241517831289,1.0004094415657014,1.0008223158447027,0.036966912539472416,0.08657856308682074,0.005437909947134868,0.013072488267410342,0.0038332451988230876,0.008093588138053063
2.5469999999998305,0.016689755055259613,0.03756905948140321,1.0004093917228765,1.0008219200764663,0.03702027236715824,0.08671004309381833,0.005441743192333773,0.013080575583686103,0.0038332451989851863,0.00808104441347015
2.5479999999998304,0.01672680202634135,0.03765583528314709,1.0004093408874595,1.000821521567147,0.03707366979631766,0.08684156039393177,0.005445576437532838,0.013088650437815345,0.0038332451991451764,0.008068663845013624
2.5489999999998303,0.01676390241365298,0.03774274262104982,1.0004092890594543,1.0008211203174522,0.037127104826937214,0.08697311541153294,0.0054494096827320615,0.013096712991893118,0.0038332451993030856,0.008056444310532151
2.54999999999983,0.016801056254796023,0.03782978153303882,1.0004092362388748,1.0008207163281049,0.03718057745914621,0.08710470856646824,0.005453242927931442,0.013104763405906076,0.003833245199458941,0.00804438371538532
2.55099999999983,0.016838263587372133,0.03791695205745862,1.0004091824257584,1.0008203095998816,0.037234087693072605,0.08723634027312434,0.005457076173130978,0.013112801837759858,0.003833245199612769,0.008032479992180474
2.55199999999983,0.01687552444898302,0.03800425423306493,1.000409127620152,1.0008199001335736,0.037287635528700236,0.08736801093950414,0.005460909418330667,0.013120828443306202,0.003833245199764596,0.008020731100507005
2.55299999999983,0.016912838877230378,0.03809168809901883,1.0004090718221,1.0008194879299506,0.03734122096601311,0.08749972096830345,0.0054647426635305064,0.013128843376369702,0.003833245199914448,0.008009135026493128
2.5539999999998297,0.01695020690971588,0.038179253694881475,1.0004090150316425,1.0008190729897604,0.03739484400499542,0.08763147075698009,0.005468575908730495,0.013136846788774179,0.003833245200062351,0.007997689782460708
2.5549999999998296,0.016987628584041195,0.03826695106060888,1.000408957248817,1.0008186553137295,0.03744850464563152,0.08776326069782193,0.0054724091539306305,0.013144838830368702,0.0038332452002083303,0.007986393406584583
2.5559999999998295,0.017025103937807963,0.038354780236546794,1.000408898473658,1.000818234902563,0.037502202887905955,0.08789509117801421,0.005476242399130911,0.013152819649053273,0.0038332452003524108,0.00797524396255632
2.5569999999998294,0.01706263300861782,0.03844274126342565,1.0004088387061965,1.000817811756945,0.03755593873180343,0.08802696257970587,0.005480075644331334,0.013160789390804176,0.0038332452004946173,0.007964239539252332
2.5579999999998293,0.017100215834072376,0.03853083418235554,1.0004087779464603,1.0008173858775393,0.03760971217730882,0.08815887528007506,0.005483908889531899,0.013168748199699005,0.0038332452006349742,0.00795337825040633
2.558999999999829,0.017137852451773232,0.038619059034821275,1.0004087161944744,1.000816957264989,0.03766352322440717,0.0882908296513938,0.005487742134732603,0.01317669621794135,0.0038332452007735053,0.00794265823428602
2.559999999999829,0.017175542899322074,0.038707415862678896,1.000408653450278,1.0008165259200195,0.03771737187327519,0.08842282606384973,0.005491575379933445,0.01318463358588507,0.0038332452009102345,0.007932077653152934
2.560999999999829,0.017213287214320756,0.03879590470815223,1.0004085897139423,1.00081609184354,0.037771258124087735,0.08855486488281931,0.005495408625134423,0.013192560442058238,0.003833245201045185,0.007921634693179918
2.561999999999829,0.017251085434371212,0.03888452561382673,1.0004085249855519,1.0008156550365388,0.03782518197682612,0.08868694646617074,0.005499241870335535,0.013200476923187005,0.0038332452011783807,0.007911327564355237
2.5629999999998287,0.017288937597075362,0.038973278622643374,1.000408459265188,1.0008152154999792,0.03787914343147185,0.08881907116711721,0.0055030751155367786,0.013208383164219158,0.0038332452013098437,0.007901154499948963
2.5639999999998286,0.0173268437400351,0.03906216377789407,1.000408392552928,1.000814773234801,0.037933142488006645,0.08895123933427747,0.005506908360738153,0.013216279298347237,0.0038332452014395967,0.00789111375621018
2.5649999999998285,0.01736480390085231,0.039151181123217076,1.000408324848845,1.0008143282419195,0.03798717914641244,0.08908345131173558,0.005510741605939657,0.013224165457031376,0.003833245201567662,0.007881203612068108
2.5659999999998284,0.017402818117128852,0.039240330702592495,1.0004082561530092,1.0008138805222269,0.03804125340667135,0.0892157074390999,0.005514574851141288,0.01323204177002183,0.003833245201694062,0.00787142236883714
2.5669999999998283,0.01744088642646657,0.039329612560337825,1.000408186465487,1.0008134300765916,0.03809536526876571,0.08934800805156132,0.0055184080963430445,0.013239908365381211,0.0038332452018188176,0.007861768349925694
2.567999999999828,0.01747900886646729,0.03941902674110358,1.0004081157863411,1.0008129769058594,0.03814951473267803,0.08948035347995068,0.005522241341544925,0.013247765369506448,0.0038332452019419505,0.007852239900548853
2.568999999999828,0.017517185474732827,0.03950857328986895,1.000408044115631,1.000812521010853,0.03820370179839104,0.08961274405079549,0.005526074586746928,0.013255612907150445,0.0038332452020634817,0.007842835387444754
2.569999999999828,0.017555416288865085,0.039598252251938096,1.0004079714534337,1.0008120623924142,0.03825792646612868,0.08974518008749455,0.005529907831949051,0.013263451101443426,0.003833245202183432,0.00783355319851626
2.570999999999828,0.017593701346466206,0.039688063672936466,1.0004078977998672,1.0008116010514452,0.03831218873611258,0.08987766190924172,0.005533741077151294,0.013271280073914002,0.0038332452023018223,0.00782439174263709
2.5719999999998278,0.017632040685138423,0.039778007598806064,1.0004078231550662,1.000811136988866,0.03836648860832068,0.09001018982996123,0.005537574322353654,0.013279099944510047,0.003833245202418673,0.007815349449455366
2.5729999999998276,0.01767043434248395,0.039868084075800794,1.0004077475191615,1.0008106702055726,0.0384208260827312,0.09014276415949386,0.0055414075675561305,0.013286910831619297,0.0038332452025340033,0.0078064247690440205
2.5739999999998275,0.017708882356104978,0.03995829315048237,1.0004076708922793,1.000810200702438,0.03847520115932259,0.0902753852036501,0.005545240812758721,0.013294712852089637,0.0038332452026478337,0.007797616171635158
2.5749999999998274,0.017747384763603675,0.040048634869716326,1.0004075932745415,1.000809728480312,0.038529613838073545,0.0904080532642625,0.005549074057961425,0.013302506121249133,0.0038332452027601835,0.007788922147357862
2.5759999999998273,0.017785941602582192,0.04013910928066808,1.0004075146660658,1.0008092535400213,0.03858406411896301,0.09054076863923752,0.00555290730316424,0.0133102907529258,0.003833245202871072,0.007780341205979419
2.576999999999827,0.01782455291064266,0.040229716430799,1.0004074350669654,1.0008087758823703,0.03863855200197014,0.09067353162260645,0.005556740548367166,0.013318066859467115,0.0038332452029805177,0.0077718718766499
2.577999999999827,0.01786321872538718,0.04032045636786259,1.0004073544773497,1.0008082955081412,0.03869307748707435,0.09080634250457596,0.005560573793570201,0.013325834551759265,0.0038332452030885402,0.007763512707650069
2.578999999999827,0.017901939084417846,0.04041132913990067,1.000407272897324,1.0008078124180944,0.03874764057425529,0.09093920157157774,0.0055644070387733426,0.013333593939246161,0.0038332452031951576,0.0077552622661425695
2.579999999999827,0.017940714025336854,0.04050233479524115,1.0004071903270129,1.0008073266130812,0.038802241263759786,0.09107210910939005,0.00556824028397659,0.013341345129948102,0.003833245203300388,0.007747119137738104
2.5809999999998268,0.01797954358574665,0.04059347338249589,1.0004071067665854,1.0008068380941575,0.03885687955583213,0.09120506540007871,0.005572073529179942,0.013349088230480196,0.00383324520340425,0.007739081926450959
2.5819999999998267,0.01801842780324979,0.040684744950555414,1.0004070222162293,1.0008063468624666,0.03891155545044672,0.09133807071897077,0.005575906774383398,0.013356823346070744,0.003833245203506761,0.0077311492546428065
2.5829999999998265,0.018057366715448803,0.04077614954858381,1.0004069366761272,1.0008058529191257,0.038966268947578264,0.09147112533781183,0.005579740019586955,0.013364550580579362,0.0038332452036079386,0.0077233197625934625
2.5839999999998264,0.018096360359946193,0.04086768722601512,1.0004068501464567,1.0008053562652253,0.03902102004720174,0.09160422952481269,0.005583573264790613,0.013372270036514792,0.0038332452037078,0.007715592108267845
2.5849999999998263,0.01813540877434444,0.040959358032549874,1.0004067626273905,1.0008048569018304,0.039075808749292416,0.09173738354469523,0.00558740650999437,0.013379981815052469,0.0038332452038063627,0.007707964967085965
2.585999999999826,0.018174511996246,0.041051162018151593,1.0004066741190962,1.0008043548299805,0.03913063505382584,0.09187058765873783,0.005591239755198225,0.01338768601605186,0.0038332452039036434,0.007700437031695909
2.586999999999826,0.018213670063253303,0.04114309923304337,1.0004065846217367,1.0008038500506895,0.03918549896077783,0.09200384212482021,0.0055950730004021764,0.013395382738073584,0.0038332452039996586,0.007693007011749777
2.587999999999826,0.018252883012968756,0.04123516972770452,1.00040649413547,1.0008033425649465,0.039240400470124503,0.09213714719746756,0.005598906245606224,0.0134030720783963,0.0038332452040944253,0.00768567363368253
2.588999999999826,0.01829215088299474,0.0413273735528672,1.0004064026604496,1.0008028323737161,0.03929533958184222,0.0922705031278942,0.005602739490810364,0.013410754133033389,0.003833245204187959,0.00767843564049371
2.5899999999998258,0.018331473710933688,0.04141971075951367,1.000406310196837,1.0008023194779756,0.03935031629605424,0.09240391016505486,0.005606572736014599,0.013418428996749374,0.003833245204280276,0.007671291791478022
2.5909999999998257,0.018370851534388156,0.041512181398873534,1.0004062167448153,1.0008018038787516,0.03940533061288256,0.09253736855466756,0.005610405981218924,0.013426096763076148,0.0038332452043713925,0.007664240862069457
2.5919999999998256,0.01841028439096075,0.04160478552241999,1.0004061223045757,1.000801285577083,0.039460382532301094,0.09267087853824663,0.005614239226423341,0.013433757524329024,0.0038332452044613236,0.007657281643683917
2.5929999999998254,0.01844977231825404,0.041697523181866196,1.000406026876304,1.0008007645739831,0.03951547205428405,0.0928044403541648,0.005618072471627847,0.013441411371622594,0.003833245204550085,0.007650412943456689
2.5939999999998253,0.018489315353870585,0.041790394429162124,1.000405930460181,1.0008002408704408,0.03957059917880593,0.092938054237694,0.005621905716832441,0.013449058394886342,0.003833245204637692,0.007643633584037998
2.5949999999998252,0.01852891353541291,0.041883399316491494,1.000405833056382,1.0007997144674199,0.039625763905841535,0.09307172042104571,0.005625738962037122,0.013456698682880058,0.0038332452047241594,0.007636942403391223
2.595999999999825,0.018568566900483512,0.04197653789626872,1.0004057346650785,1.0007991853658598,0.03968096623536593,0.09320543913341078,0.005629572207241889,0.01346433232320905,0.003833245204809502,0.00763033825459374
2.596999999999825,0.018608275486684873,0.04206981022113593,1.000405635286436,1.0007986535666757,0.03973620616735449,0.09333921060099869,0.005633405452446741,0.013471959402339168,0.0038332452048937347,0.007623820005640346
2.597999999999825,0.018648039331619442,0.04216321634395997,1.0004055349206153,1.0007981190707598,0.039791483701782836,0.09347303504707634,0.005637238697651676,0.013479580005611612,0.0038332452049768717,0.00761738653924925
2.598999999999825,0.018687858472889646,0.04225675631782951,1.0004054335677728,1.00079758187898,0.0398467988386269,0.09360691269200634,0.005641071942856694,0.013487194217257572,0.0038332452050589276,0.0076110367526705785
2.5999999999998247,0.018727732948098038,0.04235043024614844,1.000405331228086,1.0007970419916237,0.039902151578158115,0.0937409439458604,0.005644905188061793,0.013494801925698465,0.0038332452051399162,0.007604380129115185
2.6009999999998246,0.01876766279484744,0.0424442383320758,1.0004052279017799,1.000796499407844,0.039957541920645115,0.0938752279088498,0.005648738433266973,0.01350240263137855,0.0038332452052198514,0.007597031231055307
2.6019999999998245,0.01880764805074079,0.04253818082712621,1.0004051235890998,1.0007959541262303,0.040012969866058075,0.09400976219196558,0.005652571678472233,0.013509995646525429,0.0038332452052987466,0.007588999062703439
2.6029999999998243,0.018847688753381,0.04263225798043701,1.0004050182902855,1.000795406145373,0.04006843541436751,0.0941445444296333,0.0056564049236775705,0.013517580292312361,0.0038332452053766158,0.0075802925111605165
2.6039999999998242,0.018887784940370956,0.04272647003879153,1.0004049120055707,1.000794855463863,0.040123938565544276,0.09427957227940832,0.0056602381688829854,0.013525155898741911,0.003833245205453472,0.007570920347939011
2.604999999999824,0.01892793664931351,0.04282081724664207,1.0004048047351835,1.000794302080293,0.040179479319559556,0.09441484342167496,0.005664071414088477,0.013532721804531115,0.0038332452055293282,0.007560891230466215
2.605999999999824,0.01896814391781148,0.042915299846132585,1.0004046964793463,1.000793745993256,0.04023505767638486,0.09455035555934956,0.0056679046592940435,0.013540277356998132,0.003833245205604198,0.007550213703567977
2.606999999999824,0.019008406783467668,0.04300991802702654,1.0004045872382759,1.0007931872020408,0.04029067363599204,0.09468600622856567,0.005671737904499685,0.013547822106664761,0.0038332452056780942,0.007539285629690472
2.607999999999824,0.01904872528388484,0.043104671877288024,1.0004044770121834,1.000792625707316,0.04034632719835325,0.09482169429439669,0.005675571149705399,0.013555355999327839,0.003833245205751029,0.007528499696463542
2.6089999999998237,0.019089099456665738,0.04319956143449843,1.000404365801275,1.000792061510424,0.04040201836344096,0.0949574201264113,0.005679404394911186,0.013562879176203621,0.003833245205823015,0.007517854055099749
2.6099999999998236,0.01912952933941316,0.04329458673660686,1.0004042536057662,1.000791494612717,0.04045774713140137,0.09509318409045744,0.005683237640117044,0.013570391776671558,0.003833245205894065,0.007507346880773635
2.6109999999998235,0.01917001496973005,0.0433897478219259,1.0004041404258979,1.0007909250155977,0.04051351350237916,0.09522898654762574,0.005687070885322974,0.013577893938298143,0.003833245205964191,0.007496976372397391
2.6119999999998234,0.019210556385219412,0.043485044779220876,1.0004040262619203,1.0007903527197843,0.04056931747634389,0.0953649280423165,0.005690904130528972,0.01358538560214597,0.0038332452060334046,0.007486351323256468
2.6129999999998232,0.019251153623484216,0.043580477797145696,1.0004039111140774,1.0007897777245844,0.04062515905326546,0.09550110780731766,0.0056947373757350395,0.01359286632061504,0.003833245206101718,0.007475085614881249
2.613999999999823,0.019291806722127405,0.043676047112843334,1.000403794982608,1.0007892000286047,0.04068103823311413,0.09563752358795334,0.005698570620941175,0.01360033545721256,0.003833245206169143,0.007463187580157231
2.614999999999823,0.019332515718751893,0.043771752961212926,1.0004036778677443,1.0007886196304536,0.04073695501586047,0.09577417315123507,0.005702403866147378,0.013607792383724433,0.0038332452062356907,0.00745066544358936
2.615999999999823,0.01937328065096056,0.043867595574931334,1.0004035597697132,1.0007880365287416,0.04079290940147542,0.0959110542855797,0.005706237111353646,0.013615236480107583,0.003833245206301373,0.007437527322711584
2.616999999999823,0.019414101556356263,0.04396357513437988,1.000403440688736,1.0007874507227812,0.04084890138993023,0.09604806461150989,0.00571007035655998,0.013622667329098427,0.003833245206366201,0.007424170658975575
2.6179999999998227,0.019454978472541826,0.04405969171822433,1.0004033206250285,1.00078686221328,0.04090493098119647,0.09618510307738955,0.005713903601766378,0.013630084908290156,0.0038332452064301858,0.007410987724482559
2.6189999999998226,0.019495911437120046,0.04415594535483052,1.0004031995788003,1.0007862710016255,0.040960998175246066,0.0963221701349937,0.00571773684697284,0.013637489390282186,0.0038332452064933384,0.007397976259577686
2.6199999999998225,0.01953690048769388,0.04425233612310958,1.0004030775502888,1.000785677088613,0.04101710297242532,0.0964593664231266,0.0057215700921793644,0.013644880750713932,0.003833245206555669,0.007384744603915118
2.6209999999998224,0.019577945661866634,0.04434886420195503,1.0004029545397912,1.000785080473889,0.04107324537307693,0.0965967912677714,0.005725403337385951,0.013652258576111522,0.0038332452066171894,0.007370906191265111
2.6219999999998223,0.019619046997241756,0.04444552981884013,1.0004028305476305,1.000784481156526,0.04112942537716545,0.0967344425024291,0.005729236582592599,0.01365962226366391,0.0038332452066779095,0.007356468913511452
2.622999999999822,0.019660204531422667,0.044542333199081914,1.0004027055741227,1.000783879135594,0.041185642984655824,0.09687231798114078,0.005733069827799307,0.013666971218400614,0.00383324520673784,0.0073414405598942875
2.623999999999822,0.01970141830201275,0.04463927456586159,1.0004025796195775,1.0007832744101595,0.04124189819551341,0.09701041557822047,0.005736903073006074,0.013674304853089733,0.0038332452067969904,0.007325828818345041
2.624999999999822,0.01974268834661536,0.0447363541402447,1.0004024526842974,1.000782666979286,0.041298191009703965,0.09714873318799153,0.0057407363182129,0.013681622588137307,0.0038332452068553717,0.007309641276803972
2.625999999999822,0.019784014702833808,0.044833572141200956,1.0004023247685785,1.000782056842035,0.041354521427193626,0.09728726872452634,0.0057445695634197845,0.013688923851487969,0.0038332452069129936,0.007292885424520594
2.6269999999998217,0.01982539740827138,0.04493092873552942,1.0004021958727103,1.0007814439981733,0.04141088944794893,0.09742591993239026,0.005748402808626726,0.013696208273242055,0.003833245206969866,0.007275958083650911
2.6279999999998216,0.019866836500531324,0.045028423988436796,1.0004020659969761,1.0007808284488755,0.041467295071936784,0.09756458588236222,0.005752236053833724,0.013703475877741426,0.0038332452070259987,0.007259250915090267
2.6289999999998215,0.019908332017216854,0.04512605791495149,1.0004019351416524,1.0007802101959988,0.041523738299124494,0.09770326714701354,0.005756069299040777,0.013710726883726532,0.0038332452070814014,0.007242761055122554
2.6299999999998214,0.01994988399593123,0.04522383053067131,1.000401803307023,1.0007795892414082,0.04158021912963036,0.0978419642926396,0.005759902544247886,0.013717961507092664,0.0038332452071360833,0.0072264856771405836
2.6309999999998213,0.019991492474277832,0.04532174185175672,1.0004016704933907,1.000778965587017,0.041636737563571474,0.09798067787817097,0.005763735789455049,0.013725179960926887,0.003833245207190054,0.007210421991306201
2.631999999999821,0.020033157489860075,0.0454197919450174,1.0004015367010655,1.0007783392340368,0.041693293600912895,0.0981195086431932,0.005767569034662265,0.013732382260829274,0.0038332452072433226,0.0071941778134678525
2.632999999999821,0.02007487908028134,0.04551798092725103,1.0004014019303502,1.000777710182944,0.04174988724162008,0.09825845582406917,0.005771402279869535,0.013739568227481623,0.0038332452072958986,0.0071777554912270045
2.633999999999821,0.02011665728314498,0.04561630886440015,1.0004012661815413,1.000777078434908,0.041806518485658875,0.09839741847416916,0.005775235525076856,0.013746737878613514,0.0038332452073477907,0.007161546772555007
2.634999999999821,0.020158492136054307,0.04571477577221172,1.0004011294549284,1.0007764439917821,0.04186318733299553,0.09853639714896914,0.00577906877028423,0.013753891426439378,0.0038332452073990076,0.007145548879173683
2.6359999999998207,0.0202003836766126,0.045813381666984565,1.0004009917507948,1.0007758068553867,0.04191989378359667,0.09867539239671996,0.005782902015491654,0.013761029080413434,0.0038332452074495583,0.007129759068940003
2.6369999999998206,0.020242331942423114,0.0459121265655622,1.0004008530694175,1.0007751670275082,0.041976637837429324,0.09881440475854134,0.005786735260699128,0.013768151047265592,0.0038332452074994515,0.007114174635376125
2.6379999999998205,0.02028433697108906,0.04601101048532573,1.0004007134110668,1.0007745245099002,0.04203341949446087,0.09895343476851462,0.005790568505906653,0.013775257531036882,0.003833245207548696,0.007098792907205552
2.6389999999998204,0.02032639880021362,0.046110033444186876,1.0004005727760072,1.0007738793042837,0.04209023875465907,0.09909248295377433,0.005794401751114226,0.013782348733114432,0.0038332452075973,0.007083611247895316
2.6399999999998203,0.020368517467400173,0.046209195510677835,1.0004004311645363,1.0007732314117899,0.04214709561844699,0.09923165002814181,0.005798234996321847,0.01378942465755005,0.0038332452076452715,0.007068237623340593
2.64099999999982,0.020410693010252518,0.04630849685338773,1.000400288577023,1.000772580832407,0.04220399008624325,0.0993710353916523,0.0058020682415295165,0.013796484918910916,0.003833245207692619,0.007052285098388688
2.64199999999982,0.020452925466374644,0.04640793768955869,1.0004001450138684,1.0007719275655527,0.04226092215800659,0.09951063695026154,0.005805901486737233,0.013803528942061397,0.0038332452077393508,0.007035761202573425
2.64299999999982,0.020495214873370495,0.046507518184253985,1.0004000004754658,1.0007712716113515,0.042317891833696226,0.09965035244032476,0.005809734731944995,0.013810556354062276,0.003833245207785475,0.007019062799184827
2.64399999999982,0.020537561268843978,0.0466072384009364,1.0003998549622006,1.000770612971342,0.04237489911327184,0.09979008092450638,0.005813567977152803,0.013817567176256748,0.003833245207830999,0.007002581589759099
2.6449999999998197,0.02057996469039896,0.046707098352882434,1.0003997084744505,1.0007699516477473,0.04243194399669357,0.09992982296756366,0.005817401222360656,0.013824561624426294,0.0038332452078759308,0.00698631474933325
2.6459999999998196,0.020622425175639267,0.04680709805392967,1.0003995610125853,1.0007692876427519,0.04248902648392203,0.10006957912690809,0.005821234467568554,0.013831539911545804,0.003833245207920278,0.006970259489686271
2.6469999999998195,0.020664942762168688,0.04690723751846947,1.0003994125769677,1.0007686209585025,0.04254614657491827,0.1002093499527009,0.005825067712776496,0.013838502247820078,0.0038332452079640486,0.006954413058861289
2.6479999999998194,0.02070751748759097,0.0470075167614398,1.000399263167953,1.0007679515971093,0.042603304269643816,0.10034913598794734,0.005828900957984482,0.013845448840719855,0.0038332452080072498,0.006938772740693944
2.6489999999998193,0.020750149389509823,0.04710793579831807,1.000399112785889,1.000767279560645,0.0426604995680606,0.10048893776858984,0.005832734203192511,0.013852379895017374,0.0038332452080498893,0.006923335854346896
2.649999999999819,0.02079283850552901,0.047208494645114694,1.0003989614311317,1.0007666048511834,0.042717732470309105,0.10062875582465641,0.005836567448400581,0.013859295612821416,0.003833245208091974,0.006908099753735242
2.650999999999819,0.020835584873252426,0.047309193318366666,1.0003988091040599,1.0007659274708363,0.04277500297652835,0.10076859067928189,0.005840400693608694,0.01386619619361188,0.0038332452081335116,0.006893061827194101
2.651999999999819,0.02087838853028403,0.04741003183513018,1.0003986558050604,1.0007652474217155,0.04283231108667762,0.10090844284774067,0.005844233938816848,0.01387308183427405,0.0038332452081745088,0.006878219497143012
2.652999999999819,0.020921249514227726,0.047511010212973354,1.0003985015345123,1.000764564705896,0.042889656800716665,0.10104831283860496,0.005848067184025043,0.013879952729132384,0.0038332452082149725,0.0068635702195260495
2.6539999999998187,0.020964167862687386,0.047612128469969574,1.0003983462927868,1.0007638793254168,0.0429470401186057,0.10118820115383194,0.0058519004292332776,0.013886809069983835,0.00383324520825491,0.006849111483375826
2.6549999999998186,0.021007143613266843,0.047713386624690914,1.0003981900802479,1.0007631912822808,0.0430044610403054,0.10132810828884974,0.005855733674441552,0.013893651046130714,0.0038332452082943283,0.006834840810383165
2.6559999999998185,0.021050176803569885,0.04781478469620166,1.000398032897252,1.0007625005784553,0.04306191956577689,0.10146803473264243,0.005859566919649866,0.013900478844413141,0.003833245208333234,0.0068207557544723695
2.6569999999998184,0.021093267471200265,0.0479163227040519,1.0003978747441478,1.0007618072158733,0.04311941569498174,0.1016079809678338,0.005863400164858219,0.013907292649241069,0.003833245208371633,0.00680685390138201
2.6579999999998183,0.021136415653761696,0.0480180006682712,1.0003977156212773,1.0007611111964327,0.04317694942788197,0.10174794747077008,0.0058672334100666095,0.013914092642625886,0.003833245208409533,0.006793132868251168
2.658999999999818,0.02117962138885786,0.04811981860936239,1.000397555528975,1.0007604125219975,0.04323452076444003,0.10188793471160161,0.005871066655275038,0.013920879004211618,0.0038332452084469397,0.006779590303211061
2.659999999999818,0.02122288471409262,0.048221776598392545,1.000397394467608,1.0007597111938504,0.043292129705079736,0.10202804334871135,0.005874899900483503,0.013927651716588857,0.0038332452084838603,0.006765834451268846
2.660999999999818,0.02126620566707027,0.04832387475633584,1.0003972324376134,1.0007590072128678,0.043349776250220476,0.10216827253787225,0.005878733145692005,0.013934410567857535,0.0038332452085203003,0.0067518680860878325
2.661999999999818,0.02130958428539529,0.048426113153228596,1.0003970694394602,1.0007583005807885,0.04340746039981571,0.10230852124765204,0.005882566390900543,0.013941155543590175,0.0038332452085562663,0.006738083379191897
2.6629999999998177,0.02135302060667211,0.04852849180882757,1.0003969054736084,1.0007575913000357,0.04346518215381944,0.10244878995028661,0.005886399636109117,0.013947886824263685,0.003833245208591765,0.0067244779678280985
2.6639999999998176,0.02139651466850511,0.04863101074335865,1.000396740540509,1.0007568793729917,0.0435229415121862,0.10258907911186947,0.005890232881317727,0.013954604588007586,0.0038332452086268015,0.006711049519973624
2.6649999999998175,0.02144006650849864,0.048733669977510795,1.0003965746406045,1.0007561648019994,0.04358073847487104,0.10272938919243156,0.005894066126526371,0.013961309010634542,0.0038332452086613823,0.006697795733936146
2.6659999999998174,0.02148367616425699,0.048836469532430024,1.0003964077743295,1.0007554475893614,0.04363857304182953,0.10286972064602011,0.00589789937173505,0.01396800026567049,0.0038332452086955134,0.006684714337959363
2.6669999999998173,0.021527343673384415,0.04893940942971342,1.0003962399421096,1.0007547277373416,0.04369644521301777,0.10301007392077648,0.005901732616943762,0.013974678524384387,0.0038332452087292005,0.0066718030898336896
2.667999999999817,0.02157106907348512,0.04904248969140332,1.0003960711443622,1.0007540052481654,0.04375435498839235,0.10315044945901294,0.005905565862152508,0.01398134395581756,0.0038332452087624495,0.006659059776511985
2.668999999999817,0.021614852402163272,0.04914571033998147,1.0003959013814971,1.0007532801240198,0.043812302367910366,0.10329084769728857,0.005909399107361287,0.013987996726812682,0.003833245208795266,0.0066464822137302995
2.669999999999817,0.02165869369702308,0.04924907139836389,1.000395730653931,1.0007525523670915,0.043870287351709836,0.10343126906754516,0.005913232352570098,0.013994637002042317,0.0038332452088276556,0.006634068245539723
2.670999999999817,0.0217025929956689,0.04935257288989572,1.000395558962103,1.0007518219796037,0.04392830993992735,0.10357171399610723,0.005917065597778942,0.014001264944037105,0.003833245208859624,0.006621815744035557
2.6719999999998167,0.021746550335705123,0.049456214838345114,1.000395386306459,1.0007510889637785,0.04398637013251745,0.10371218290269352,0.0059208988429878175,0.014007880713213664,0.0038332452088911764,0.006609722609083875
2.6729999999998166,0.0217905657547361,0.04955999726789724,1.0003952126874363,1.0007503533217998,0.04404446792943521,0.10385267620156333,0.0059247320881967245,0.014014484467902138,0.0038332452089223186,0.006597786767865357
2.6739999999998165,0.021834639290366137,0.04966392020314882,1.000395038105464,1.0007496150558142,0.04410260333063621,0.1039931943015876,0.005928565333405662,0.01402107636437333,0.0038332452089530557,0.006586006174520059
2.6749999999998164,0.021878770980199493,0.04976798366910277,1.000394862560963,1.000748874167931,0.04416077633607654,0.10413373760631896,0.00593239857861463,0.014027656556865489,0.003833245208983393,0.0065743788097968004
2.6759999999998163,0.02192296086184039,0.04987218769116296,1.000394686054346,1.0007481306602226,0.044218986945712815,0.10427430651406087,0.005936231823823628,0.014034225197610741,0.0038332452090133356,0.0065629026807071085
2.676999999999816,0.021967208972892997,0.04997653229512896,1.0003945085860173,1.000747384534726,0.04427723515950214,0.10441490141793597,0.005940065069032657,0.014040782436861186,0.003833245209042889,0.006551575820183668
2.677999999999816,0.02201151535096145,0.050081017507190906,1.0003943301563734,1.0007466357934414,0.04433552097740211,0.10455552270595336,0.005943898314241715,0.014047328422914649,0.0038332452090720577,0.006540396286743207
2.678999999999816,0.022055880033649836,0.05018564335392442,1.0003941507658027,1.0007458844383346,0.044393844399370816,0.10469617076107522,0.005947731559450801,0.014053863302140097,0.003833245209100847,0.00652936216415377
2.679999999999816,0.022100303058562476,0.05029040991238312,1.0003939704147322,1.0007451304707937,0.04445220542591161,0.10483694615632554,0.005951564804659916,0.014060387024284889,0.003833245209129262,0.006518082125430415
2.6809999999998158,0.022144784463304194,0.05039531735953768,1.0003937891036716,1.0007443738910935,0.044510604057522565,0.10497794815278462,0.005955398049869059,0.014066899150314248,0.0038332452091573072,0.006506169933286028
2.6819999999998156,0.022189324285480032,0.05050036587077797,1.0003936068331671,1.0007436146996704,0.04456904029415105,0.10511907432779226,0.005959231295078231,0.014073399246903567,0.003833245209184988,0.00649402324535271
2.6829999999998155,0.02223392256269498,0.05060555551973539,1.0003934236037555,1.0007428528983857,0.044627514135745026,0.10526022358705561,0.005963064540287429,0.014079887275799861,0.0038332452092123084,0.006482034547235318
2.6839999999998154,0.02227857933255398,0.050710886329699514,1.0003932394159636,1.000742088489788,0.04468602558225309,0.10540139634118698,0.005966897785496655,0.014086363393965495,0.0038332452092392734,0.006470201784032223
2.6849999999998153,0.02232329463266192,0.05081635832436784,1.000393054270309,1.0007413214763836,0.044744574633624405,0.10554259299545768,0.005970731030705907,0.014092827756321294,0.003833245209265888,0.006458522927567852
2.685999999999815,0.022368068500623638,0.0509219715278405,1.0003928681672993,1.000740551860638,0.04480316128980874,0.10568381394986756,0.0059745642759151864,0.0140992805157731,0.003833245209292156,0.0064469959760451185
2.686999999999815,0.02241290097404392,0.05102772596461504,1.0003926811074335,1.000739779644975,0.04486178555075644,0.10582505959921353,0.0059783975211244915,0.014105721823237974,0.0038332452093180827,0.006435618953702369
2.687999999999815,0.02245779209052751,0.05113362165958122,1.0003924930912012,1.0007390048317788,0.04492044741641843,0.10596633033315724,0.005982230766333823,0.014112151827670063,0.003833245209343672,0.0064243899104747945
2.688999999999815,0.022502741887679093,0.051239658638015946,1.0003923041190825,1.000738227423393,0.044979146886746195,0.10610762653629188,0.005986064011543179,0.01411857067608613,0.0038332452093689288,0.006413306921660237
2.6899999999998148,0.02254775040310339,0.05134583692557873,1.0003921141915622,1.000737447422159,0.04503788396184844,0.10624894858927608,0.00598989725675256,0.014124978513590713,0.0038332452093938567,0.006402368087506689
2.6909999999998147,0.02259281767440523,0.05145215654830728,1.0003919233091416,1.0007366648304534,0.045096658641832765,0.10639029686781824,0.005993730501961967,0.014131375483400953,0.0038332452094184603,0.006391571532973643
2.6919999999998145,0.02263794373918947,0.051558617532612025,1.0003917314723267,1.0007358796506496,0.04515547092664882,0.10653167174167248,0.005997563747171398,0.014137761726871185,0.003833245209442744,0.006380915407491159
2.6929999999998144,0.022683128635060917,0.05166521990527075,1.0003915386816136,1.000735091885081,0.04521432081624686,0.1066730735757834,0.006001396992380853,0.01414413738351721,0.0038332452094667117,0.006370397884557906
2.6939999999998143,0.02272837239962433,0.051771963693423816,1.0003913449374893,1.0007343015360421,0.04527320831057768,0.10681450273034858,0.006005230237590331,0.014150502591040203,0.0038332452094903676,0.006360017161428154
2.694999999999814,0.022773675070484417,0.05187884892456943,1.000391150240432,1.0007335086057885,0.04533213340959267,0.10695595956088035,0.006009063482799833,0.014156857485350319,0.003833245209513716,0.006349771458802824
2.695999999999814,0.022819036685245837,0.05198587562655901,1.0003909545909104,1.0007327130965373,0.04539109611324378,0.1070974444182667,0.006012896728009359,0.014163202200589984,0.003833245209536761,0.006339659020524568
2.696999999999814,0.0228644572815132,0.052093043827592556,1.0003907579893854,1.000731915010468,0.04545009642148352,0.10723895764883148,0.006016729973218907,0.014169536869156884,0.003833245209559506,0.006329678113276806
2.697999999999814,0.022909936896891074,0.05220035355621417,1.0003905604363081,1.0007311143497228,0.04550913433426493,0.10738049959439372,0.006020563218428477,0.014175861621726665,0.003833245209581955,0.006319827026286677
2.6989999999998138,0.022955475568983977,0.05230780484130753,1.0003903619321217,1.0007303111164068,0.045568209851541606,0.1075220705923262,0.00602439646363807,0.014182176587275323,0.003833245209604112,0.006310104071031855
2.6999999999998137,0.023001073335396673,0.052415397762189404,1.0003901624773084,1.0007295053120522,0.045627322973845766,0.10766377117142824,0.006028229708847685,0.0141884816983824,0.003833245209625981,0.006300118143121589
2.7009999999998136,0.023046730233734446,0.052523132498049685,1.0003899620724377,1.000728696937089,0.04568647370170401,0.1078057005491364,0.006032062954057321,0.014194776499066432,0.0038332452096475652,0.006289483224941347
2.7019999999998134,0.02309244630160283,0.052631009276548714,1.0003897607181165,1.0007278859913917,0.045745662035058615,0.1079478564489164,0.0060358961992669794,0.014201060344557688,0.003833245209668869,0.006278207757569625
2.7029999999998133,0.023138221576607283,0.05273902832308128,1.0003895584149416,1.000727072474823,0.045804887973852515,0.1080902366162042,0.006039729444476659,0.014207332598472623,0.0038332452096898955,0.006266300072301347
2.703999999999813,0.023184056096353226,0.05284718986079844,1.000389355163499,1.0007262563872337,0.04586415151802932,0.10823283881812024,0.00604356268968636,0.014213592632704813,0.003833245209710649,0.0062537683920755585
2.704999999999813,0.02322994989844601,0.052955494110629095,1.0003891509643648,1.0007254377284636,0.045923452667533275,0.1083756608431874,0.00604739593489608,0.014219839827317293,0.003833245209731132,0.006240620832884563
2.705999999999813,0.02327590302049093,0.053063941291301216,1.0003889458181046,1.0007246164983412,0.045982791422309294,0.1085187005010527,0.006051229180105822,0.014226073570436317,0.003833245209751349,0.0062268654051647315
2.706999999999813,0.023321915500093236,0.053172531569267656,1.000388739725274,1.0007237926974157,0.04604216778230292,0.10866185543182207,0.006055062425315583,0.014232293452865636,0.0038332452097713026,0.006212899453471648
2.707999999999813,0.023367987374858117,0.05328126500928514,1.0003885326864186,1.000722966327681,0.046101581747460325,0.10880502460314864,0.006058895670525364,0.014238499460169576,0.003833245209790997,0.006199115154407684
2.7089999999998127,0.02341411868239071,0.05339014162583032,1.0003883247020744,1.0007221373918282,0.04616103331772831,0.10894820848720234,0.006062728915735165,0.01424469177281943,0.003833245209810435,0.0061855101453005025
2.7099999999998126,0.02346030946029621,0.05349916143384953,1.000388115772785,1.0007213058925462,0.04622052249326585,0.10909140755122101,0.006066562160944985,0.014250870568939127,0.00383324520982962,0.006172082094093253
2.7109999999998124,0.023506559746179958,0.053608324448753325,1.000387905899119,1.0007204718325635,0.04628004927423026,0.10923462225636611,0.006070395406154824,0.014257036024335706,0.003833245209848556,0.006158828699064187
2.7119999999998123,0.023552869577647354,0.05371763073650507,1.0003876950816526,1.0007196352138752,0.046339613660565444,0.10937795324712084,0.006074228651364682,0.014263188117810065,0.0038332452098672454,0.006145358249655163
2.7129999999998122,0.023599238992303744,0.053827080463056176,1.0003874833209516,1.0007187960369766,0.04639921565221595,0.10952149985509141,0.006078061896574559,0.014269326438999887,0.0038332452098856916,0.006131284129987872
2.713999999999812,0.023645668027754415,0.05393667379284931,1.0003872706175718,1.0007179543023461,0.046458855249126976,0.10966515973118578,0.0060818951417844535,0.014275450582880298,0.003833245209903898,0.006117003630833677
2.714999999999812,0.0236921567216046,0.054046410788641766,1.0003870569720592,1.0007171100119139,0.046518532451244356,0.1098088318537207,0.0060857283869943666,0.014281560539133565,0.0038332452099218675,0.006102908875699338
2.715999999999812,0.02373870511145948,0.05415629146292139,1.0003868423849496,1.00071626316831,0.04657824725851454,0.10995251670552487,0.006089561632204297,0.01428765649229576,0.0038332452099396033,0.006088997448694431
2.716999999999812,0.02378531323492418,0.05426631582865573,1.0003866268567694,1.0007154137741225,0.04663799967088462,0.11009621476314682,0.006093394877414246,0.014293738624502783,0.0038332452099571084,0.00607526696534967
2.7179999999998117,0.023831981129603774,0.054376483899285774,1.0003864103880353,1.0007145618318978,0.04669778968830228,0.11023992649693658,0.006097228122624212,0.014299807115521562,0.003833245209974386,0.006061715072208277
2.7189999999998116,0.023878708833103283,0.05448679568871981,1.0003861929792546,1.0007137073441408,0.04675761731071583,0.11038365237112628,0.006101061367834194,0.014305862142780878,0.0038332452099914386,0.006048339446422665
2.7199999999998115,0.023925496383027985,0.05459725126142567,1.0003859746309753,1.0007128503127867,0.04681748253868621,0.11052749304060018,0.006104894613044194,0.0143119036866816,0.0038332452100082698,0.006034748355018888
2.7209999999998113,0.023972343816983713,0.0547078507818696,1.000385755343836,1.0007119907386766,0.04687738537276844,0.110671547847252,0.00610872785825421,0.014317931338439085,0.003833245210024882,0.006020555159952127
2.7219999999998112,0.02401925117257655,0.054818594463111485,1.0003855351185142,1.0007111286220989,0.04693732581289892,0.11081581463651437,0.006112561103464243,0.014323944499865281,0.003833245210041278,0.0060057676924408065
2.722999999999811,0.024066218487412507,0.054929482516066844,1.0003853139556762,1.000710263963327,0.04699730385901476,0.11096029127420344,0.006116394348674292,0.014329942580552427,0.003833245210057461,0.005990393681852263
2.723999999999811,0.02411324579909754,0.05504051514952707,1.0003850918559767,1.0007093967626182,0.047057319511053824,0.11110497564625378,0.006120227593884358,0.014335924997771867,0.003833245210073433,0.005974440757027272
2.724999999999811,0.024160333145237543,0.05515169257017943,1.0003848688200592,1.0007085270202152,0.04711737276895469,0.11124986565845674,0.0061240608390944395,0.014341891176374175,0.0038332452100891972,0.005957916447587341
2.725999999999811,0.024207480563438348,0.055263014932531405,1.0003846448485563,1.0007076547370866,0.047177463632656645,0.11139485904550236,0.0061278940843045365,0.014347840743410863,0.003833245210104757,0.00594121762579081
2.7269999999998107,0.024254688091305727,0.055374482289488346,1.0003844199420895,1.0007067799156606,0.04723759210209969,0.11153985486838448,0.006131727329514649,0.014353773720224818,0.003833245210120114,0.005924736002118223
2.7279999999998106,0.02430195576644539,0.05548609464376839,1.0003841941012699,1.0007059025590666,0.04729775817722452,0.11168485369170476,0.006135560574724776,0.014359690322601669,0.003833245210135271,0.005908468751584938
2.7289999999998105,0.02434928362646299,0.0555978519986506,1.0003839673266974,1.0007050226703862,0.04735796185797253,0.11182985607272118,0.006139393819934919,0.014365590763520435,0.0038332452101502313,0.005892413085947749
2.7299999999998104,0.024396671708964198,0.055709754357968135,1.0003837396189748,1.0007041402526846,0.04741820314444645,0.11197486256234601,0.006143227065145077,0.014371475253189974,0.003833245210164997,0.005876566253128456
2.7309999999998102,0.024444120051554795,0.05582180172610147,1.0003835109787202,1.0007032553090403,0.04747848203674797,0.11211987370432643,0.0061470603103552495,0.014377343999084961,0.0038332452101795702,0.005860925536845949
2.73199999999981,0.024491628691840576,0.05593399410797085,1.0003832814065545,1.0007023678425153,0.047538798534816906,0.11226489003443521,0.006150893555565437,0.014383197205981508,0.003833245210193954,0.005845488256246637
2.73299999999981,0.024539197667427282,0.0560463315090288,1.0003830509030875,1.000701477856125,0.04759915263859377,0.11240991208147642,0.006154726800775638,0.014389035075992304,0.003833245210208151,0.005830251765343852
2.73399999999981,0.02458682701592059,0.05615881393525323,1.0003828194689184,1.0007005853528375,0.04765954434801976,0.11255494036737601,0.006158560045985853,0.014394857808601258,0.0038332452102221633,0.005815213452564415
2.73499999999981,0.02463451677492612,0.05627144139314055,1.0003825871046357,1.0006996903355756,0.04771997366303676,0.11269997540727128,0.0061623932911960815,0.014400665600697691,0.0038332452102359934,0.005800370740301093
2.7359999999998097,0.02468226698204943,0.05638421388969899,1.0003823538108176,1.0006987928072169,0.04778044058358734,0.11284501770959918,0.006166226536406324,0.014406458646610077,0.0038332452102496435,0.005785721084470881
2.7369999999998096,0.02473007767489603,0.05649713143244188,1.0003821195880322,1.0006978927705936,0.047840945109614716,0.11299006777618346,0.006170059781616581,0.014412237138139352,0.003833245210263116,0.0057712619740790255
2.7379999999998095,0.02477794889107137,0.05661019402938113,1.0003818844368373,1.0006969902284943,0.04790148724106279,0.11313512610232068,0.00617389302682685,0.014418001264591786,0.003833245210276413,0.005756990930788713
2.7389999999998094,0.02482588066818084,0.05672340168902072,1.0003816483577808,1.000696085183664,0.04796206697787609,0.11328019317686507,0.006177726272037133,0.014423751212811428,0.0038332452102895374,0.005742905508496359
2.7399999999998093,0.024873873043830166,0.05683675447044903,1.0003814113514637,1.0006951776382762,0.0480226843207812,0.11342536967975746,0.006181559517247429,0.01442948697249069,0.003833245210302491,0.00572861385002868
2.740999999999809,0.024921926055625807,0.056950252532777725,1.0003811734186032,1.000694267593413,0.04808333927049702,0.1135707549776296,0.006185392762457737,0.014435208144013072,0.003833245210315276,0.005713729194736124
2.741999999999809,0.02497003974117453,0.05706389603364076,1.0003809345599675,1.0006933550503465,0.048144031826952496,0.11371624674844219,0.006189226007668059,0.014440914332959404,0.0038332452103278947,0.005698648697926759
2.742999999999809,0.025018214138083045,0.057177685029013575,1.000380694776312,1.00069244001181,0.04820476199007739,0.11386174399718803,0.006193059252878393,0.014446605539483114,0.0038332452103403496,0.0056837643494922355
2.743999999999809,0.025066449283957987,0.05729161952462898,1.0003804540683803,1.0006915224812372,0.048265529759802285,0.1140072472336289,0.006196892498088739,0.014452281958456983,0.0038332452103526423,0.0056690735982446215
2.7449999999998087,0.02511474521640592,0.057405699526726243,1.0003802124369026,1.00069060246201,0.04832633513605859,0.11415275696089619,0.006200725743299098,0.014457943782219193,0.003833245210364775,0.005654573926176113
2.7459999999998086,0.025163101973033338,0.05751992504204448,1.0003799698825977,1.0006896799574598,0.04838717811877851,0.11429827367557709,0.006204558988509469,0.014463591200606295,0.0038332452103767498,0.005640262848027545
2.7469999999998085,0.025211519591446675,0.057634296077816165,1.0003797264061722,1.0006887549708678,0.04844805870789502,0.11444379786779971,0.006208392233719852,0.01446922440098574,0.003833245210388569,0.005626137910862513
2.7479999999998084,0.025259998109252293,0.057748812641760724,1.0003794820083207,1.0006878275054654,0.048508976903341904,0.11458933002131712,0.006212225478930246,0.014474843568287996,0.0038332452104002344,0.00561219669364703
2.7489999999998083,0.02530853756405649,0.057863474742078175,1.0003792366897262,1.000686897564435,0.04856993270505369,0.11473487061359021,0.006216058724140652,0.014480448885038237,0.0038332452104117482,0.005598436806834651
2.749999999999808,0.025357137993465555,0.05797828238744345,1.0003789904510685,1.0006859651509479,0.04863092611307414,0.11488042011696949,0.006219891969351069,0.014486040531387582,0.0038332452104231124,0.005584855891854356
2.750999999999808,0.025405799435085814,0.05809323558700077,1.0003787432930336,1.0006850302682013,0.048691957127446596,0.11502597899766236,0.006223725214561497,0.014491618685143917,0.0038332452104343287,0.005571451620814295
2.751999999999808,0.02545452192652359,0.05820833435035695,1.0003784952163042,1.0006840929193808,0.04875302574810544,0.11517154771471295,0.006227558459771937,0.014497183521802424,0.003833245210445399,0.00555822169620268
2.752999999999808,0.025503305505385137,0.05832357868757491,1.000378246221552,1.0006831531076237,0.048814131974985804,0.11531712672119462,0.006231391704982388,0.014502735214575721,0.003833245210456325,0.005545163850388772
2.7539999999998077,0.02555215020927664,0.05843896860916765,1.0003779963094368,1.0006822108360194,0.04887527580802358,0.11546271646428757,0.00623522495019285,0.014508273934423532,0.0038332452104671093,0.00553227584523429
2.7549999999998076,0.02560105607580423,0.05855450412609247,1.000377745480607,1.0006812661076105,0.04893645724715541,0.11560831738535549,0.0062390581954033224,0.014513799850082004,0.003833245210477753,0.005519555471709874
2.7559999999998075,0.025650023142573967,0.05867018524974516,1.0003774937357004,1.0006803189253926,0.04899767629231867,0.11575392992002122,0.006242891440613805,0.014519313128092617,0.0038332452104882586,0.005507000549516531
2.7569999999998074,0.025699051447191854,0.058786011991954296,1.000377241075343,1.0006793692923155,0.049058932943451476,0.11589955449824142,0.006246724685824299,0.014524813932830732,0.0038332452104986275,0.005494608926712005
2.7579999999998073,0.025748141027263825,0.05890198436497561,1.0003769875001505,1.0006784172112835,0.049120227200492646,0.11604519154438026,0.0062505579310348025,0.01453030242653376,0.0038332452105088615,0.005482378479342007
2.758999999999807,0.025797291920395763,0.05901810238148644,1.0003767330107274,1.000677462685156,0.04918155906338172,0.1161908414772821,0.006254391176245317,0.01453577876932897,0.0038332452105189624,0.0054703071110762365
2.759999999999807,0.025846504164193866,0.05913436610467948,1.0003764776077286,1.0006765057162306,0.04924292853282276,0.11633660490879334,0.0062582244214558404,0.014541242924538194,0.003833245210528932,0.005458003307371955
2.760999999999807,0.025895777796265035,0.05925077569770305,1.0003762212919203,1.0006755463057313,0.04930433560951236,0.11648258113834245,0.006262057666666375,0.014546694466514742,0.0038332452105387716,0.005445080645725066
2.761999999999807,0.025945112854216478,0.0593673313221602,1.0003759640641168,1.0006745844550842,0.04936578029337502,0.11662866777596408,0.006265890911876918,0.014552132975147826,0.0038332452105484835,0.005431936620442108
2.7629999999998067,0.025994509375655332,0.05948403303792798,1.0003757059251188,1.0006736201671802,0.04942726258433609,0.11677476375960348,0.0062697241570874715,0.014557558425236062,0.003833245210558069,0.0054189635560308825
2.7639999999998066,0.02604396739818866,0.0596008808545745,1.0003754468757144,1.0006726534456125,0.04948878248232183,0.11692086953343918,0.006273557402298034,0.014562970986628532,0.00383324521056753,0.0054061592289099
2.7649999999998065,0.02609348695942345,0.05971787478210916,1.0003751869166786,1.0006716842939205,0.04955033998725934,0.11706698553587226,0.0062773906475086065,0.014568370826965195,0.0038332452105768675,0.005393521444416852
2.7659999999998064,0.026143068096966617,0.0598350148309769,1.0003749260487735,1.0006707127155914,0.049611935099076576,0.11721311219960148,0.006281223892719188,0.01457375811170562,0.0038332452105860836,0.005381048036432532
2.7669999999998063,0.02619271084842501,0.059952301012052546,1.000374664272749,1.0006697387140602,0.04967356781770233,0.11735924995169747,0.006285057137929779,0.01457913300415734,0.00383324521059518,0.005368736867009651
2.767999999999806,0.02624241525140539,0.060069733336635234,1.0003744015893417,1.0006687622927106,0.049735238143066234,0.11750539921367588,0.006288890383140379,0.01458449566550385,0.003833245210604158,0.005356585826006485
2.768999999999806,0.026292181343514475,0.06018731181644286,1.0003741379992765,1.0006677834548758,0.049796946075098734,0.11765156040156968,0.006292723628350988,0.014589846254832214,0.0038332452106130195,0.005344592830725274
2.769999999999806,0.026342009162358987,0.06030503646360713,1.0003738735032817,1.0006668022038714,0.049858691613923214,0.11779773392697512,0.006296556873561605,0.014595184929160315,0.0038332452106217656,0.0053327558254764006
2.770999999999806,0.02639189874554578,0.06042290729066869,1.000373608102103,1.0006658185430288,0.04992047475966181,0.11794392019613548,0.006300390118772231,0.014600511843463709,0.003833245210630398,0.005321072781309125
2.7719999999998057,0.026441850130681732,0.06054092431057127,1.00037334179649,1.0006648324756624,0.04998229551224306,0.11809011960903587,0.006304223363982866,0.014605827150702234,0.003833245210638918,0.005309541695740649
2.7729999999998056,0.02649186335537365,0.06065908753665602,1.0003730745871788,1.0006638440050362,0.050044153871596345,0.11823633256045873,0.006308056609193509,0.01461113100184627,0.003833245210647327,0.005298160592331996
2.7739999999998055,0.026541938457228277,0.06077739698265627,1.0003728064748938,1.0006628531343653,0.050106049837651864,0.11838255944005148,0.0063118898544041605,0.014616423545902611,0.003833245210655627,0.005286927520349316
2.7749999999998054,0.026592075473852273,0.0608958526626925,1.0003725374603472,1.0006618598668167,0.05016798341034063,0.11852880063239328,0.00631572309961482,0.014621704929940001,0.0038332452106638187,0.00527584055442961
2.7759999999998053,0.02664227444285224,0.061014454591267225,1.000372267544239,1.0006608642055086,0.050229954589594464,0.11867505651706099,0.006319556344825488,0.014626975299114341,0.003833245210671904,0.005264897794250791
2.776999999999805,0.02669253540183471,0.0611332027832601,1.0003719967272575,1.0006598661535127,0.050291963375345985,0.11882132746869421,0.006323389590036164,0.01463223479669357,0.003833245210679884,0.005254097364206037
2.777999999999805,0.02674285838840615,0.06125209725392298,1.0003717250100792,1.0006588657138535,0.050354009767528594,0.11896761385705949,0.006327222835246848,0.014637483564082215,0.0038332452106877605,0.005243437413082378
2.778999999999805,0.02679324344017295,0.06137113801887507,1.0003714523933689,1.0006578628895095,0.050416093766076475,0.11911391604711373,0.00633105608045754,0.014642721740845627,0.0038332452106955343,0.0052329161137434676
2.779999999999805,0.026843690594741853,0.06149032514419777,1.0003711788778433,1.000656857682897,0.05047821537172535,0.11926033459829592,0.00633488932566824,0.0146479492700098,0.003833245210703207,0.005222142214603355
2.7809999999998047,0.02689419988972032,0.06160965879587608,1.0003709044643339,1.000655850095359,0.050540374585203156,0.11940696875831318,0.006338722570878946,0.014653165705893437,0.00383324521071078,0.005210729552671286
2.7819999999998046,0.026944771362716134,0.06172913918839379,1.000370629153721,1.0006548401276945,0.05060257140642835,0.11955381627710301,0.006342555816089661,0.01465837041388772,0.0038332452107182544,0.005198686435894328
2.7829999999998045,0.026995405051337008,0.06184876653399545,1.0003703529468717,1.000653827780681,0.05066480583532035,0.1197008749262277,0.006346389061300383,0.014663562767637752,0.0038332452107256317,0.005186021064170158
2.7839999999998044,0.027046100993190568,0.06196854104270786,1.0003700758446386,1.000652813055075,0.05072707787179952,0.11984814249859306,0.0063502223065111125,0.014668742148935213,0.003833245210732913,0.005172741530752143
2.7849999999998043,0.02709685922588436,0.062088462872265056,1.0003697978478605,1.0006517959523662,0.05078938751578715,0.11999551661579688,0.006354055551721849,0.014673908142336654,0.0038332452107400997,0.005159245272130152
2.785999999999804,0.02714767978702586,0.062208532078686554,1.000369518957363,1.0006507764755221,0.05085173476720545,0.120142896227195,0.006357888796932593,0.014679060727250594,0.003833245210747193,0.005145924555750407
2.786999999999804,0.02719856271422245,0.06232874866769459,1.0003692391739576,1.0006497546282178,0.05091411962597755,0.12029028178887176,0.006361722042143344,0.014684200078077692,0.003833245210754194,0.005132777098445299
2.787999999999804,0.027249508045081455,0.062449112645464516,1.0003689584984432,1.000648730414075,0.05097654209202747,0.12043767375097923,0.006365555287354102,0.014689326366950285,0.0038332452107611038,0.00511980064674133
2.788999999999804,0.02730051581721011,0.06256962401861892,1.0003686769316051,1.000647703836662,0.051039002165280116,0.12058507255781438,0.0063693885325648665,0.014694439763761892,0.003833245210767924,0.0051069929764729636
2.7899999999998037,0.02735158606821565,0.06269028279422235,1.000368394474227,1.0006466748995335,0.05110149984580018,0.12073247864907462,0.006373221777775637,0.01469954043619628,0.003833245210774655,0.005094351892300349
2.7909999999998036,0.027402718835705376,0.06281108897977626,1.0003681111271008,1.0006456436062712,0.05116403513365173,0.12087989245873904,0.006377055022986415,0.01470462854975615,0.0038332452107812985,0.0050818752274394835
2.7919999999998035,0.027453914157286582,0.06293204258321261,1.000367826891017,1.0006446099604427,0.05122660802875916,0.1210273144139631,0.0063808882681972,0.014709704267791564,0.003833245210787856,0.0050695608433892845
2.7929999999998034,0.027505172070566485,0.06305314361288776,1.0003675417667526,1.0006435739655632,0.05128921853104774,0.12117474493634624,0.006384721513407991,0.01471476775152799,0.0038332452107943276,0.005057406629461358
2.7939999999998033,0.02755649261315223,0.06317439207757694,1.0003672557550718,1.0006425356250965,0.05135186664044361,0.12132218444200411,0.006388554758618789,0.01471981916009393,0.0038332452108007153,0.005045410502418313
2.794999999999803,0.02760787582265089,0.06329578798646876,1.0003669688567263,1.000641494942455,0.0514145523568738,0.12146963334163995,0.006392388003829593,0.014724858650548197,0.00383324521080702,0.005033570406116781
2.795999999999803,0.02765932173666946,0.06341733134915989,1.000366681072455,1.0006404519210004,0.05147727568026615,0.12161709204061485,0.0063962212490404026,0.014729886377906834,0.003833245210813243,0.005021884311155073
2.796999999999803,0.027710830392814866,0.0635390221756497,1.0003663924029846,1.0006394065640447,0.051540036610549386,0.1217645609390174,0.006400054494251219,0.014734902495169674,0.003833245210819385,0.005010350214525417
2.797999999999803,0.027762401828693967,0.06366086047633508,1.0003661028490298,1.0006383588748506,0.051602835147653035,0.12191204043173211,0.006403887739462041,0.014739907153346572,0.003833245210825447,0.0049989661392707205
2.7989999999998028,0.027814036081913546,0.0637828462620052,1.0003658124112926,1.0006373088566323,0.05166567129150747,0.12205953090850719,0.006407720984672869,0.01474490050148328,0.00383324521083143,0.004987730134145795
2.7999999999998026,0.027865733190080753,0.06390497959393665,1.0003655210905313,1.0006362565120503,0.051728545042910225,0.12220713295440327,0.006411554229883703,0.014749882491961389,0.003833245210837335,0.0049762508220705225
2.8009999999998025,0.027917493190803534,0.06402726063333507,1.0003652288876264,1.000635201842713,0.05179145640265038,0.12235494584242435,0.006415387475094543,0.014754852688330508,0.003833245210843163,0.004964141916167705
2.8019999999998024,0.02796931612169018,0.06414968958992945,1.0003649358035114,1.0006341448496923,0.05185440537064122,0.12250296734632578,0.00641922072030539,0.014759810465091143,0.003833245210848916,0.0049514116051009955
2.8029999999998023,0.028021202020348898,0.0642722666712332,1.000364641839106,1.0006330855340368,0.05191739194679704,0.1226511952611776,0.006423053965516241,0.014764755204879212,0.0038332452108545936,0.004938067971036724
2.803999999999802,0.028073150924387814,0.06439499208256534,1.000364346995314,1.0006320238967714,0.051980416131033144,0.12279962740308728,0.006426887210727099,0.014769686298360245,0.0038332452108601977,0.004924118991028773
2.804999999999802,0.028125162871414963,0.06451786602707135,1.000364051273026,1.000630959938898,0.05204347792326583,0.12294826160892622,0.006430720455937962,0.014774603144124952,0.003833245210865729,0.004909572538385448
2.805999999999802,0.028177237899038303,0.06464088865564736,1.0003637546731177,1.000629893662156,0.052106577323412374,0.12309699554308953,0.00643455370114883,0.014779505343311964,0.003833245210871188,0.004894825835639682
2.806999999999802,0.028229376044865705,0.06476406001751749,1.0003634571964504,1.0006288250697741,0.052169714331391025,0.12324572819716582,0.006438386946359704,0.014784392891699326,0.003833245210876576,0.00488027093908346
2.8079999999998018,0.028281577346504962,0.06488738011165082,1.0003631588438717,1.0006277541656936,0.052232888947120984,0.12339446006951647,0.006442220191570583,0.014789265979845877,0.003833245210881894,0.0048659053540205015
2.8089999999998017,0.028333841841563782,0.06501084893751159,1.0003628596162157,1.0006266809537987,0.0522961011705224,0.12354319165202078,0.006446053436781468,0.014794124795831988,0.0038332452108871427,0.004851726618199546
2.8099999999998015,0.02838616956764987,0.06513446649505318,1.0003625595143137,1.0006256054379508,0.05235935100165692,0.12369192343115198,0.006449886681992358,0.014798969525291738,0.0038332452108923235,0.004837732301299126
2.8109999999998014,0.02843856056237099,0.06525823278471228,1.0003622585390048,1.000624527622021,0.05242263844058563,0.12384065588705637,0.006453719927203253,0.014803800351444692,0.0038332452108974365,0.004823920004609234
2.8119999999998013,0.0284910148633349,0.06538214780740213,1.000361956691126,1.0006234475098572,0.052485963487228275,0.12398938949264379,0.006457553172414153,0.014808617455127352,0.0038332452109024833,0.004810287360711034
2.812999999999801,0.028543532508149266,0.0655062115645058,1.0003616539715001,1.0006223651052524,0.05254932614150555,0.12413812471467306,0.006461386417625058,0.014813421014824196,0.003833245210907464,0.004796832032975452
2.813999999999801,0.028596113534421687,0.06563042405787005,1.0003613503809368,1.0006212804119443,0.05261272640333908,0.12428686201383188,0.006465219662835968,0.014818211206698266,0.0038332452109123803,0.004783551715162783
2.814999999999801,0.028648757979759683,0.06575478528979938,1.0003610459202323,1.0006201934336172,0.05267616427265141,0.12443560184481584,0.006469052908046883,0.01482298820462136,0.0038332452109172328,0.004770444131027493
2.815999999999801,0.028701465881770694,0.06587929526304999,1.0003607405901698,1.0006191041739017,0.05273963974936599,0.12458434465640633,0.006472886153257802,0.014827752180203838,0.003833245210922022,0.004757507033928175
2.8169999999998008,0.02875423727806208,0.06600395398082397,1.0003604343915193,1.0006180126363755,0.052803152833407155,0.12473309089154748,0.0064767193984687265,0.014832503302824023,0.0038332452109267486,0.00474473820644256
2.8179999999998007,0.02880707220624113,0.06612876144676345,1.0003601273250384,1.000616918824565,0.05286670352470013,0.12488184098742204,0.006480552643679655,0.014837241739657238,0.003833245210931414,0.004732135459987547
2.8189999999998006,0.028859970703915067,0.06625371766494492,1.0003598193914716,1.0006158227419446,0.05293029182317103,0.12503059537552633,0.006484385888890589,0.014841967655704454,0.003833245210936019,0.004719696634444164
2.8199999999998004,0.02891293280869151,0.06637882268997425,1.0003595105916252,1.0006147243914376,0.05299391772970839,0.12517945468311928,0.0064882191341015276,0.01484668101909338,0.003833245210940564,0.004707030143410124
2.8209999999998003,0.028965958558178958,0.06650407667642824,1.0003592009264406,1.0006136237749208,0.0530575812451913,0.12532851822486218,0.00649205237931247,0.01485138140891178,0.0038332452109450495,0.004693749493388232
2.8219999999998002,0.029019047989986318,0.06662947982744799,1.0003588903969183,1.000612520893737,0.05312128236952675,0.12547778381463537,0.006495885624523417,0.014856068214994607,0.003833245210949477,0.004679862672267919
2.8229999999998,0.029072201141722393,0.06675503234399886,1.000358579004043,1.0006114157492032,0.05318502110262285,0.12562724928711164,0.0064997188697343685,0.014860740835112768,0.0038332452109538467,0.004665377564053063
2.8239999999998,0.0291254180509959,0.06688073442489116,1.000358266748784,1.0006103083426094,0.05324879744438877,0.1257769124974859,0.006503552114945324,0.014865398674869901,0.0038332452109581597,0.004650301950212878
2.8249999999998,0.02917869875541546,0.06700658621670372,1.0003579536320952,1.0006091986759864,0.053312611394734755,0.12592667112763561,0.006507385360156284,0.014870041342327806,0.0038332452109624167,0.0046350329655950205
2.8259999999998,0.02923204329258961,0.06713258776436073,1.0003576396549154,1.0006080867528613,0.0533764629535721,0.1260764241863951,0.0065112186053672486,0.01487466884010059,0.003833245210966618,0.004619962579975348
2.8269999999997997,0.029285451700126804,0.06725873906254881,1.0003573248181683,1.0006069725774756,0.05344035212081314,0.12622617218974677,0.006515051850578217,0.014879281365495737,0.003833245210970765,0.00460508821031724
2.8279999999997996,0.029338924015635398,0.06738504010646716,1.0003570091227632,1.000605856154011,0.053504278896371237,0.12637591564696185,0.00651888509578919,0.014883879113254485,0.003833245210974858,0.004590407307177784
2.8289999999997995,0.029392460276723664,0.06751149089182099,1.0003566925695946,1.00060473748659,0.053568243280160764,0.12652565506068755,0.006522718341000167,0.014888462275585209,0.003833245210978898,0.004575917354270923
2.8299999999997993,0.029446060520999864,0.06763809141481532,1.0003563751595537,1.0006036165793075,0.05363224527223935,0.12667539092796518,0.0065265515862111476,0.014893031042196319,0.003833245210982885,0.004561615867947281
2.8309999999997992,0.029499724786072316,0.06776484167214898,1.0003560568935388,1.0006024934362612,0.053696284872664084,0.12682512373937155,0.006530384831422133,0.014897585600328724,0.0038332452109868203,0.004547500396862169
2.831999999999799,0.02955345310954932,0.06789174166100775,1.000355737772445,1.0006013680615213,0.053760362081349114,0.12697485397817124,0.006534218076633121,0.014902126134787976,0.0038332452109907044,0.004533568521642097
2.832999999999799,0.0296072455290391,0.06801879137905752,1.000355417797153,1.0006002404591006,0.05382447689820959,0.12712458212134312,0.006538051321844114,0.014906652827975986,0.003833245210994538,0.004519817854378881
2.833999999999799,0.02966110208214979,0.06814599082443802,1.0003550969685289,1.0005991106329546,0.053888629323161664,0.12727430863966205,0.006541884567055111,0.014911165859922285,0.003833245210998322,0.004506246038220473
2.834999999999799,0.02971502280648943,0.06827333999575674,1.0003547752874251,1.000597978586983,0.05395281935612247,0.12742403399777966,0.006545717812266111,0.014915665408314878,0.0038332452110020564,0.0044928507469671015
2.8359999999997987,0.029769007739666,0.06840083889208279,1.0003544527546802,1.0005968443250295,0.054017046997010106,0.1275737586543039,0.006549551057477115,0.014920151648530697,0.0038332452110057423,0.004479629684672663
2.8369999999997986,0.029823056919287376,0.06852848751294088,1.0003541293711187,1.0005957078508831,0.05408131224574364,0.12772348306187764,0.006553384302688123,0.014924624753665659,0.0038332452110093804,0.0044665805852512975
2.8379999999997985,0.02987717038296137,0.06865628585830545,1.000353805137552,1.0005945691682792,0.054145615102243076,0.1278732076672563,0.006557217547899134,0.01492908489456433,0.003833245211012971,0.004453701212089081
2.8389999999997984,0.029931348168295704,0.06878423392859477,1.000353480054778,1.0005934282808988,0.05420995556642937,0.12802293291138434,0.006561050793110148,0.014933532239849204,0.003833245211016515,0.0044409893576607615
2.8399999999997982,0.029985590312898516,0.06891233177476636,1.0003531541236552,1.0005922851918718,0.05427433363919734,0.12817275943177459,0.0065648840383211665,0.014937966761220797,0.0038332452110200125,0.004428053385525631
2.840999999999798,0.03003989685437883,0.06904057954775886,1.0003528273451767,1.0005911399032825,0.05433874932143225,0.12832278655321502,0.006568717283532188,0.01494238804128995,0.003833245211023465,0.004414506752779452
2.841999999999798,0.030094267830346067,0.06916897744708479,1.0003524997203943,1.0005899924166812,0.05440320261303585,0.1284730120986543,0.006572550528743213,0.014946795473367235,0.0038332452110268725,0.004400357401789745
2.842999999999798,0.03014870327840954,0.06929752561999286,1.000352171250343,1.0005888427343577,0.05446769351391105,0.1286233337174844,0.006576383773954242,0.014951188653382687,0.0038332452110302357,0.004386002629114546
2.843999999999798,0.030203203236178477,0.06942622411204484,1.0003518419360415,1.0005876908601017,0.0545322220239619,0.1287736503864686,0.006580217019165274,0.01495556757197933,0.003833245211033555,0.004371834564170197
2.8449999999997977,0.030257767741262005,0.06955507291853337,1.0003515117784931,1.000586536798417,0.054596788143093565,0.12892396259059086,0.006584050264376309,0.01495993241465071,0.003833245211036831,0.004357850778591325
2.8459999999997976,0.030312396831269156,0.06968407203523293,1.0003511807786851,1.0005853805537448,0.05466139187121234,0.12907427080852713,0.006587883509587347,0.014964283364477802,0.0038332452110400646,0.004344048875594433
2.8469999999997975,0.030367090543808876,0.06981322145839355,1.0003508489375892,1.000584222130464,0.05472603320822561,0.12922457551272734,0.006591716754798389,0.014968620602160383,0.003833245211043256,0.00433042648956722
2.8479999999997974,0.03042184891649001,0.06994252118473467,1.0003505162561614,1.0005830615328923,0.05479071215404185,0.12937487716949636,0.006595550000009434,0.014972944306047998,0.003833245211046406,0.004316981285663233
2.8489999999997973,0.030476671986921316,0.07007197121143895,1.000350182735343,1.0005818987652872,0.0548554287085706,0.12952517623907395,0.006599383245220481,0.01497725465217053,0.003833245211049515,0.004303710959401793
2.849999999999797,0.030531559792711563,0.07020157153614688,1.000349848376075,1.0005807338318813,0.05492018287192397,0.12967547317678252,0.0066032164904315325,0.01498155181426832,0.0038332452110525837,0.00429061323617997
2.850999999999797,0.030586512371469633,0.07033132215695129,1.0003495131793148,1.0005795667369173,0.05498497464421291,0.12982576843202268,0.006607049735642586,0.0149858359638219,0.0038332452110556125,0.004277685870980779
2.851999999999797,0.030641529760804413,0.07046122307239094,1.000349177146019,1.0005783974846136,0.05504980402534559,0.12997606244728135,0.006610882980853643,0.01499010727008143,0.003833245211058602,0.004264926648079083
2.852999999999797,0.030696611998324703,0.07059127428144422,1.000348840277129,1.0005772260791295,0.05511467101523122,0.1301263556592901,0.006614716226064703,0.014994365900095752,0.0038332452110615522,0.004252333380566358
2.8539999999997967,0.03075175912163921,0.07072147578352342,1.0003485025735719,1.0005760525245655,0.055179575613780105,0.13027664849909992,0.006618549471275766,0.014998612018741024,0.0038332452110644644,0.004239903909975952
2.8549999999997966,0.03080697116835655,0.07085182757846904,1.0003481640362593,1.0005748768249647,0.05524451782090359,0.1304269413921552,0.006622382716486832,0.015002845788748968,0.0038332452110673384,0.004227636105913238
2.8559999999997965,0.03086224817608526,0.0709823296665443,1.0003478246660884,1.000573698984313,0.055309497636514056,0.13057723475836655,0.0066262159616979005,0.01500706737073477,0.003833245211070175,0.004215527865690558
2.8569999999997964,0.030917590182433778,0.07111298204842957,1.000347484463942,1.0005725190065404,0.055374515060524925,0.13072752901218287,0.006630049206908972,0.015011276923224598,0.003833245211072975,0.004203577113966918
2.8579999999997963,0.030972997225010467,0.07124378472521699,1.0003471434306885,1.000571336895521,0.05543957009285062,0.1308778245626623,0.006633882452120047,0.015015474602682778,0.0038332452110757384,0.004191781802392377
2.858999999999796,0.031028469341423597,0.07137473769840509,1.0003468015671821,1.0005701526550737,0.055504662733406575,0.13102812181354237,0.006637715697331124,0.015019660563538602,0.003833245211078466,0.004180139909257041
2.859999999999796,0.031084006569281848,0.07150584101999527,1.0003464588743374,1.000568966288475,0.05556979298309354,0.13117852136681674,0.006641548942542204,0.015023834763482328,0.0038332452110811576,0.004168259978193542
2.860999999999796,0.031139608946194795,0.07163709484193478,1.0003461153532023,1.0005677777979747,0.0556349608428026,0.13132912251222206,0.006645382187753286,0.015027996771293427,0.003833245211083815,0.004155755644003906
2.861999999999796,0.031195276509772413,0.07176849936470935,1.0003457710048826,1.0005665871852967,0.05570016631242993,0.13147992303690945,0.006649215432964371,0.015032145966629313,0.0038332452110864373,0.004142635027768237
2.8629999999997957,0.03125100929762457,0.07190005473650488,1.0003454258304674,1.0005653944529058,0.0557654093918729,0.13163082055416128,0.0066530486781754584,0.015036281931946102,0.0038332452110890255,0.004129295605809527
2.8639999999997956,0.03130680734736102,0.0720317610037845,1.000345079831028,1.0005641996047705,0.055830690081030074,0.13178171400509525,0.0066568819233865486,0.015040404644591504,0.0038332452110915803,0.004116129684994833
2.8649999999997955,0.03136267069659144,0.0721636181627072,1.0003447330076198,1.0005630026455743,0.055896008379801236,0.13193260384028896,0.006660715168597641,0.015044514276938368,0.0038332452110941017,0.004103135008733364
2.8659999999997954,0.031418599382925384,0.07229562620987957,1.0003443853612815,1.0005618035799364,0.05596136428808734,0.13208349050445944,0.006664548413808737,0.015048610999117626,0.00383324521109659,0.004090309349782046
2.8669999999997953,0.031474593443972326,0.07242778514235007,1.0003440368930354,1.0005606024124118,0.05602675780579049,0.1322343744365394,0.0066683816590198345,0.01505269497904745,0.0038332452110990465,0.004077650509863889
2.867999999999795,0.031530652917341626,0.07256009495760321,1.000343687603888,1.0005593991474926,0.05609218893281396,0.13238525606975235,0.006672214904230935,0.015056766382462027,0.003833245211101471,0.004065156319291328
2.868999999999795,0.031586777840642566,0.07269255565355393,1.0003433374948298,1.0005581937896082,0.056157657669062146,0.13253613583168697,0.006676048149442037,0.015060825372939969,0.0038332452111038634,0.004052824636594448
2.869999999999795,0.0316429682514844,0.07282516722854236,1.0003429865668487,1.0005569863431534,0.05622316401461528,0.13268701414517511,0.006679881394653142,0.01506487211193231,0.0038332452111062253,0.004040653348089127
2.870999999999795,0.03169922418747649,0.07295792968132872,1.0003426348209432,1.0005557768125135,0.05628870796955281,0.13283789142754932,0.00668371463986425,0.015068906758790147,0.0038332452111085563,0.004028640367583129
2.8719999999997947,0.031755545686228154,0.07309084301108745,1.0003422822581092,1.0005545652020396,0.05635428953377853,0.13298876808990948,0.00668754788507536,0.015072929470791979,0.003833245211110857,0.004016783636081775
2.8729999999997946,0.03181193278534864,0.07322390721740141,1.0003419288793265,1.0005533515160219,0.056419908707197354,0.13313964453800833,0.006691381130286471,0.015076940403170704,0.0038332452111131277,0.004005081121368525
2.8739999999997945,0.0318683855224471,0.07335712230025657,1.00034157468556,1.000552135758691,0.05648556548971531,0.133290521172321,0.006695214375497586,0.015080939709140217,0.003833245211115369,0.003993530817656759
2.8749999999997944,0.03192490393513257,0.07349048826003679,1.0003412196777586,1.0005509179342185,0.05655125988123954,0.13344139838811364,0.006699047620708702,0.015084927539921668,0.003833245211117581,0.003982130745246084
2.8759999999997943,0.03198148806101403,0.0736240050975186,1.0003408638568563,1.0005496980467177,0.05661699188167827,0.13359227657551115,0.006702880865919821,0.015088904044769383,0.0038332452111197643,0.003970878950183114
2.876999999999794,0.03203813793770034,0.07375767281386614,1.0003405072237723,1.0005484761002443,0.05668276149094081,0.13374315611956403,0.006706714111130941,0.015092869370996439,0.0038332452111219193,0.003959773503926653
2.877999999999794,0.03209485360280028,0.07389149141062608,1.0003401497794107,1.0005472520987975,0.056748568708937526,0.13389403740031447,0.006710547356342064,0.015096823663999911,0.003833245211124046,0.003948812503017235
2.878999999999794,0.03215163509392254,0.07402546088972267,1.0003397915246612,1.0005460260463201,0.056814413535579845,0.13404492079286134,0.006714380601553189,0.015100767067285796,0.003833245211126145,0.003937994068750963
2.879999999999794,0.03220848244867628,0.07415958130355513,1.0003394324604822,1.0005447979462165,0.05688029597189304,0.1341959068720367,0.0067182138467643164,0.015104699527761398,0.003833245211128217,0.003926926882453475
2.8809999999997937,0.03226539570467167,0.07429385280444153,1.000339072587982,1.0005435678008745,0.05694621601889141,0.13434709490077348,0.006722047091975446,0.01510862060356003,0.0038332452111302616,0.00391522471480875
2.8819999999997936,0.03232237489951935,0.07442827559321126,1.0003387119083347,1.0005423356121608,0.05701217367646431,0.13449848263866473,0.0067258803371865765,0.015112529663829663,0.00383324521113228,0.0039028958244583865
2.8829999999997935,0.032379420070829834,0.074562849868464,1.0003383504226966,1.0005411013819103,0.057078168944502385,0.13465006786680117,0.00672971358239771,0.015116426085923212,0.003833245211134272,0.003889948362638914
2.8839999999997934,0.032436531256213534,0.07469757582659114,1.000337988132206,1.0005398651119266,0.05714420182289759,0.1348018483874916,0.006733546827608845,0.01512030925529182,0.003833245211136238,0.00387639037457841
2.8849999999997933,0.03249370849328075,0.07483245366179689,1.000337625037984,1.000538626803983,0.05721027231154313,0.13495382202398712,0.006737380072819982,0.015124178565379547,0.003833245211138179,0.0038622298008749653
2.885999999999793,0.03255095181964169,0.07496748351602105,1.0003372611411343,1.0005373864605998,0.05727638041033349,0.13510588642433924,0.006741213318031122,0.015128033612251872,0.003833245211140094,0.003847863943775128
2.886999999999793,0.03260826127290644,0.0751026654295152,1.000336896442743,1.0005361440858127,0.05734252611916438,0.13525794056398072,0.006745046563242263,0.015131874386692924,0.0038332452111419844,0.003833684938330564
2.887999999999793,0.03266563689068499,0.0752379993922613,1.00033653094388,1.0005348996843786,0.057408709437932734,0.13540998492821846,0.006748879808453406,0.015135701074339244,0.00383324521114385,0.0038196903543102436
2.888999999999793,0.032723078710587224,0.07537348539472344,1.0003361646455984,1.0005336532609894,0.05747493036653672,0.13556201999604717,0.006752713053664551,0.015139513858412943,0.0038332452111456915,0.0038058777930891205
2.8899999999997927,0.03278058677022299,0.07550912342784215,1.000335797548943,1.00053240482031,0.05754118890499348,0.13571404624138025,0.006756546298875697,0.015143312919753056,0.003833245211147509,0.0037922448871341185
2.8909999999997926,0.03283816110720215,0.07564491348302882,1.0003354296549603,1.000531154367015,0.0576074850533201,0.13586606413196745,0.006760379544086845,0.015147098436846477,0.0038332452111493032,0.003778789299706792
2.8919999999997925,0.032895801759134514,0.07578085555215897,1.0003350609646886,1.000529901905753,0.05767381881141561,0.1360180741283263,0.006764212789297995,0.015150870585858612,0.003833245211151074,0.0037655087245631203
2.8929999999997924,0.03295350876362981,0.07591694962756562,1.0003346914791502,1.0005286474411081,0.057740190179180244,0.1361700766849846,0.006768046034509147,0.015154629540663619,0.0038332452111528217,0.0037524008854526426
2.8939999999997923,0.03301128215829766,0.0760531957020334,1.0003343211993512,1.0005273909776022,0.057806599156515405,0.13632207225055812,0.0067718792797203005,0.01515837547287421,0.0038332452111545464,0.003739463535728432
2.894999999999792,0.03306912198074758,0.07618959376879259,1.000333950126282,1.0005261325196948,0.05787304574332366,0.13647406126782763,0.006775712524931456,0.015162108551871056,0.003833245211156249,0.0037266944579621383
2.895999999999792,0.033127028268588994,0.07632614382151341,1.000333578260917,1.0005248720717843,0.057939529939508704,0.13662604417381471,0.0067795457701426125,0.01516582894483182,0.003833245211157929,0.0037140914635640353
2.896999999999792,0.033185001059431236,0.07646284585430024,1.0003332056042153,1.0005236096382084,0.05800605174497539,0.13677802139985673,0.006783379015353771,0.015169536816759806,0.0038332452111595875,0.0037016523924080073
2.897999999999792,0.03324304039088354,0.07659969986168601,1.0003328321571205,1.0005223452232455,0.058072611159629674,0.13692999337168069,0.0067872122605649315,0.015173232330512241,0.0038332452111612242,0.003689375112461413
2.8989999999997917,0.03330114630055505,0.07673670583862659,1.0003324579205615,1.0005210788311145,0.058139208183378616,0.13708196050947621,0.006791045505776094,0.015176915646828182,0.0038332452111628397,0.0036772575194197587
2.8999999999997916,0.03335931882605538,0.07687386383059809,1.0003320828955367,1.0005198104654922,0.05820584281728552,0.1372340234335366,0.0067948787509872575,0.015180586729622018,0.0038332452111644343,0.0036649080682511826
2.9009999999997915,0.033417558004995226,0.07701117398304069,1.0003317070831987,1.000518540129034,0.058272515062402254,0.13738628145167217,0.006798711996198423,0.015184245153809247,0.003833245211166008,0.003651940306207911
2.9019999999997914,0.03347586387498573,0.07714863648994993,1.0003313304847683,1.00051726782387,0.058339224918612986,0.13753873236681477,0.0068025452414095895,0.015187890305099898,0.0038332452111675616,0.0036383622750908225
2.9029999999997913,0.033534236473637936,0.07728625154313476,1.0003309531014466,1.0005159935520966,0.058405972385803244,0.13769137400283005,0.006806378486620758,0.0151915215771935,0.0038332452111690947,0.003624181912116329
2.903999999999791,0.03359267583856277,0.0774240193322383,1.000330574934417,1.0005147173157762,0.05847275746385991,0.13784420420424512,0.0068102117318319276,0.015195138371675198,0.003833245211170608,0.003609407051276303
2.904999999999791,0.033651182007371036,0.0775619399946601,1.0003301959848445,1.00051343911772,0.058539580152671196,0.13799712063935612,0.006814044977043099,0.015198740292647363,0.0038332452111721014,0.003594434893053558
2.905999999999791,0.03370975501767343,0.07770001356613156,1.0003298162538763,1.0005121589622605,0.05860644045212663,0.1381500223035679,0.006817878222254272,0.015202327338829934,0.0038332452111735755,0.0035796574720872425
2.906999999999791,0.03376839490708056,0.07783824003213467,1.000329435742642,1.0005108768544526,0.058673338362117036,0.13830290970265122,0.006821711467465446,0.015205899703693775,0.0038332452111750305,0.0035650722555933202
2.9079999999997908,0.033827101713202884,0.0779766193786539,1.0003290544522534,1.0005095927992826,0.058740273882534534,0.13845578333579847,0.006825544712676622,0.015209457578193435,0.0038332452111764664,0.0035506767437272517
2.9089999999997906,0.03388587547365079,0.07811515159216965,1.0003286723838054,1.0005083068016698,0.058807247013272515,0.13860864369570935,0.006829377957887799,0.015213001150799876,0.0038332452111778837,0.003536468469155667
2.9099999999997905,0.033944716226034594,0.07825383665965228,1.0003282895383845,1.000507018866495,0.05887425775434475,0.13876149126955842,0.006833211203098977,0.01521653060753273,0.0038332452111792827,0.0035224449965525714
2.9109999999997904,0.034003624007964646,0.07839267456855616,1.0003279059170775,1.00050572899863,0.05894130610576499,0.13891432653818395,0.006837044448310158,0.01522004613199214,0.0038332452111806635,0.0035086039222672768
2.9119999999997903,0.03406259885705124,0.0785316653068129,1.0003275215209635,1.000504437202909,0.05900839206742764,0.13906714997528732,0.006840877693521339,0.01522354790539027,0.003833245211182026,0.0034949428739913585
2.91299999999979,0.03412164081090457,0.07867080886282474,1.000327136351104,1.0005031434841003,0.05907551563922835,0.13921996204840864,0.006844710938732522,0.0152270361065824,0.003833245211183371,0.0034814595102690316
2.91399999999979,0.03418074990713471,0.07881010522545845,1.0003267504085445,1.000501847846908,0.05914267682106401,0.13937276321900688,0.0068485441839437056,0.015230510912097582,0.0038332452111846985,0.0034681515200959546
2.91499999999979,0.03423992618335166,0.07894955438403922,1.0003263636943136,1.0005005502959727,0.0592098756128327,0.13952555394253893,0.006852377429154891,0.015233972496168893,0.0038332452111860087,0.0034550166225232495
2.91599999999979,0.03429916967716529,0.07908915632834476,1.000325976209424,1.0004992508358712,0.05927711201443374,0.1396783346685377,0.0068562106743660775,0.015237421030763287,0.003833245211187302,0.0034420525662666695
2.9169999999997898,0.034358480426185396,0.07922891104859937,1.0003255879548727,1.0004979494711188,0.059344386025767595,0.13983110584068917,0.006860043919577266,0.01524085668561108,0.0038332452111885782,0.0034292571293208472
2.9179999999997897,0.034417858468021645,0.07936881853546818,1.00032519893164,1.0004966462061693,0.05941169764673592,0.13998386789690836,0.006863877164788455,0.01524427962823503,0.003833245211189838,0.0034166281185785585
2.9189999999997895,0.034477303840283635,0.07950887878005133,1.000324809140691,1.0004953410454156,0.05947904687724153,0.14013662126941448,0.006867710409999645,0.015247690023979046,0.0038332452111910814,0.003404163369454936
2.9199999999997894,0.03453681658058145,0.07964909182398187,1.000324418583063,1.0004940339927155,0.0595464337183865,0.1402894665916619,0.006871543655210837,0.015251087841300595,0.0038332452111923087,0.0033914712736456843
2.9209999999997893,0.03459639672652627,0.07978945780886994,1.0003240272599507,1.0004927250509223,0.05961385817126105,0.14044250318445672,0.00687537690042203,0.015254472659595387,0.00383324521119352,0.0033781653159362657
2.921999999999789,0.03465604431572977,0.0799299769248933,1.0003236351726181,1.0004914142223713,0.059681320235744253,0.14059572886227167,0.006879210145633224,0.015257843868993476,0.0038332452111947157,0.0033642534802438115
2.922999999999789,0.034715759385803506,0.0800706493099559,1.0003232423223098,1.0004901015101453,0.059748819911716586,0.1407490412629401,0.0068830433908444195,0.01526120106229279,0.0038332452111958957,0.0033501331183806234
2.923999999999789,0.03477554197435889,0.08021147500026327,1.0003228487102518,1.0004887869188492,0.05981635719905994,0.14090233935179178,0.006886876636055616,0.01526454422705917,0.00383324521119706,0.0033361964143813123
2.924999999999789,0.03483539211900725,0.08035245398174201,1.0003224543376508,1.0004874704538096,0.05988393209765761,0.14105562360570956,0.006890709881266814,0.015267873545756146,0.0038332452111982094,0.003322440979572229
2.9259999999997888,0.03489530985735977,0.08049358624079256,1.0003220592056956,1.0004861521202812,0.05995154460739426,0.14120889449537366,0.0068945431264780125,0.015271189198474104,0.003833245211199344,0.003308864456344777
2.9269999999997887,0.03495529522702755,0.08063487176428291,1.0003216633155567,1.000484831923449,0.06001919472815591,0.14136215248534242,0.006898376371689213,0.015274491362961152,0.0038332452112004637,0.0032954645177514633
2.9279999999997885,0.03501534826562154,0.08077631053954265,1.0003212666683863,1.0004835098684277,0.060086882459829925,0.1415153980341318,0.006902209616900414,0.01527778021465358,0.0038332452112015687,0.003282238867107204
2.9289999999997884,0.035075469010752605,0.08091790255435687,1.000320869265319,1.0004821859602642,0.060154607802305006,0.141668631594294,0.006906042862111616,0.015281055926705932,0.0038332452112026594,0.00326918523759581
2.9299999999997883,0.03513565750003154,0.0810596477969607,1.0003204711074782,1.0004808602039656,0.06022237075556152,0.14182185361338046,0.006909876107322819,0.015284318670020634,0.0038332452112037362,0.0032563013918071406
2.930999999999788,0.03519591377106911,0.08120154625603396,1.0003200721959833,1.0004795326045286,0.06029017131958015,0.1419750645331217,0.006913709352534023,0.015287568613277253,0.0038332452112047988,0.003243585121432027
2.931999999999788,0.035256237861476025,0.08134359792069483,1.0003196725319423,1.000478203166911,0.06035800949425143,0.14212826478861776,0.006917542597745229,0.015290805922961448,0.0038332452112058474,0.003231034246956298
2.932999999999788,0.03531662980886288,0.08148580278049379,1.0003192721164467,1.0004768718960042,0.060425885279467184,0.14228145480930948,0.006921375842956435,0.01529403076339353,0.0038332452112068826,0.003218646617210954
2.933999999999788,0.035377089650840174,0.08162816082540797,1.0003188709505701,1.0004755387966333,0.06049379867512052,0.14243463501905204,0.006925209088167642,0.015297243296756639,0.0038332452112079043,0.003206420109003579
2.934999999999788,0.03543761742501829,0.08177067204583559,1.0003184690353701,1.000474203873559,0.0605617496811058,0.14258780583618766,0.00692904233337885,0.015300443683124517,0.0038332452112089127,0.0031943526267545455
2.9359999999997877,0.0354982131690075,0.0819133364325905,1.0003180663718874,1.0004728671314778,0.060629738297318624,0.14274096767361721,0.00693287557859006,0.015303632080488964,0.003833245211209908,0.00318244210213795
2.9369999999997876,0.03555887692041799,0.08205615397689674,1.0003176629611459,1.0004715285750228,0.06069776452365583,0.14289412093887113,0.006936708823801271,0.015306808644786896,0.0038332452112108902,0.0031706864937272134
2.9379999999997874,0.035619608716859825,0.08219912467038326,1.0003172588041538,1.0004701882087643,0.06076582836001546,0.14304726603417908,0.006940542069012482,0.015309973529927082,0.00383324521121186,0.003159083786645291
2.9389999999997873,0.03568040859594298,0.08234224850507862,1.000316853901903,1.000468846037211,0.06083392980629678,0.14320040335653905,0.006944375314223695,0.015313126887816515,0.003833245211212817,0.0031476319922194304
2.9399999999997872,0.03574127659527798,0.0824855255235098,1.0003164482554634,1.0004675020643405,0.06090206886370258,0.14335363350579677,0.006948208559434908,0.015316268673648612,0.0038332452112137616,0.003135939671974735
2.940999999999787,0.035802212752476546,0.08262895586814749,1.0003160418660757,1.0004661562931327,0.06097024553342269,0.1435070557695912,0.006952041804646122,0.015319398453723748,0.003833245211214694,0.003123620478297382
2.941999999999787,0.035863217105150925,0.08277253972999654,1.0003156347350555,1.0004648087260537,0.06103845981533035,0.1436606679285059,0.006955875049857337,0.015322515605245054,0.0038332452112156143,0.0031106825643141484
2.942999999999787,0.03592428969091324,0.08291627729785297,1.0003152268636981,1.0004634593655322,0.061106711709300286,0.1438144677843483,0.006959708295068553,0.015325619513515772,0.0038332452112165225,0.0030971339771205322
2.943999999999787,0.0359854305473755,0.0830601687082259,1.00031481825328,1.0004621082147462,0.06117500121520871,0.14396835296149627,0.00696354154027977,0.015328709766571809,0.003833245211217419,0.0030833721349535813
2.9449999999997867,0.03604663971214957,0.08320421399591264,1.0003144089050573,1.0004607552784017,0.0612433283329333,0.14412222241199588,0.0069673747854909875,0.015331786347282996,0.0038332452112183036,0.003069789287418555
2.9459999999997866,0.03610791722284721,0.08334841314541892,1.0003139988202678,1.0004594005619278,0.061311693062353165,0.14427607660057293,0.006971208030702206,0.015334849433479953,0.0038332452112191766,0.0030563831064950903
2.9469999999997865,0.03616926311708006,0.08349276614171217,1.0003135880001301,1.0004580440706814,0.06138009540334885,0.14442991598590865,0.006975041275913425,0.01533789920068042,0.0038332452112200383,0.0030431512944390005
2.9479999999997863,0.03623067743245963,0.08363727297021548,1.0003131764458444,1.0004566858099484,0.0614485353558023,0.14458374102071844,0.0069788745211246455,0.015340935822119334,0.0038332452112208888,0.003030091583388588
2.9489999999997862,0.03629216020659733,0.08378193361680175,1.0003127641585918,1.0004553257849442,0.06151701291959687,0.14473755215182937,0.006982707766335867,0.015343959468778517,0.0038332452112217284,0.003017201734976073
2.949999999999786,0.036353711477104485,0.08392674806778817,1.0003123511395426,1.000453964000839,0.06158552809470863,0.14489134982100882,0.0069865410115470886,0.015346970309415946,0.003833245211222557,0.003004479539881872
2.950999999999786,0.0364153312815924,0.08407171630993082,1.0003119373898617,1.0004526004627818,0.06165408088111404,0.14504513446427839,0.006990374256758311,0.015349968510594647,0.003833245211223375,0.002991922817521464
2.951999999999786,0.036477019657672305,0.08421683833041858,1.0003115229107022,1.0004512351758774,0.06172267127869845,0.14519890651123685,0.006994207501969535,0.015352954236711274,0.003833245211224182,0.0029795294157322614
2.952999999999786,0.03653877664295533,0.08436211411686714,1.0003111077032003,1.0004498681451623,0.06179129928734857,0.14535266638589533,0.00699804074718076,0.01535592765002431,0.003833245211224979,0.002967297210341037
2.9539999999997857,0.036600602275052484,0.08450754365731347,1.0003106917684736,1.000448499375606,0.061859964906952426,0.14550641450674992,0.007001873992391985,0.015358888910681882,0.003833245211225765,0.0029552241047999667
2.9549999999997856,0.03666249659157466,0.08465312694021028,1.000310275107623,1.0004471288721115,0.06192866813739939,0.14566015128685347,0.007005707237603211,0.015361838176749196,0.0038332452112265413,0.0029433080298274035
2.9559999999997855,0.03672445963013265,0.08479886395442066,1.0003098577217315,1.0004457566395166,0.061997408978580124,0.14581387713388633,0.0070095404828144385,0.015364775604235636,0.0038332452112273072,0.00293154694305332
2.9569999999997854,0.036786491428337134,0.08494475468921271,1.000309439611866,1.0004443826825942,0.06206618743038658,0.14596759245022622,0.0070133737280256665,0.015367701347121497,0.003833245211228063,0.0029199388286693627
2.9579999999997852,0.036848592023798685,0.08509079913425434,1.0003090207790757,1.0004430070060537,0.062135003492712,0.14612129763301723,0.0070172069732368945,0.015370615557384374,0.0038332452112288095,0.0029084816970834535
2.958999999999785,0.03691076145412776,0.08523699727960797,1.000308601224394,1.000441629614541,0.062203857165450856,0.14627499307423783,0.007021040218448123,0.015373518385025205,0.003833245211229546,0.0028971735845788825
2.959999999999785,0.036972999756935396,0.0853833491658301,1.0003081809489316,1.0004402505121754,0.06227274844981562,0.14642877937001308,0.007024873463659353,0.015376409783354176,0.0038332452112302727,0.0028856230733610333
2.960999999999785,0.03703530696983381,0.08552985493341726,1.0003077599539687,1.0004388697020896,0.06234167734700566,0.14658275580431424,0.007028706708870584,0.015379289316808962,0.00383324521123099,0.0028734438362114385
2.961999999999785,0.03709768313043575,0.08567651477139586,1.0003073382408605,1.0004374871869064,0.06241064385688927,0.14673692015287287,0.007032539954081815,0.015382156360752235,0.0038332452112316982,0.0028606440503331702
2.9629999999997847,0.037160128276353864,0.08582332886657865,1.0003069158109414,1.00043610296921,0.062479647979336285,0.14689127021270723,0.007036373199293048,0.015385010298670693,0.0038332452112323973,0.002847231786585346
2.9639999999997846,0.03722264244520064,0.08597029740358593,1.000306492665526,1.0004347170515464,0.06254868971421809,0.14704580380184543,0.00704020644450428,0.015387850522069419,0.0038332452112330873,0.002833215010865899
2.9649999999997845,0.03728522567458845,0.08611742051476672,1.0003060688059089,1.0004333294372143,0.06261776906140758,0.1472004185597181,0.007044039689715513,0.015390676625107572,0.003833245211233768,0.0028189910654423866
2.9659999999997844,0.03734787800212955,0.08626469823077319,1.0003056442333649,1.0004319401310464,0.06268688602077914,0.14735501345322452,0.007047872934926747,0.015393488596702767,0.0038332452112344404,0.002804952124946318
2.9669999999997843,0.03741059946543604,0.08641213053198116,1.0003052189491495,1.0004305491386019,0.06275604059220867,0.14750958896270588,0.007051706180137982,0.015396286620656835,0.0038332452112351035,0.002791095783189218
2.967999999999784,0.03747339010211993,0.08655971739924363,1.0003047929544993,1.000429156465366,0.06282523277557352,0.14766414556225588,0.007055539425349218,0.015399070878381068,0.003833245211235758,0.002777419665275314
2.968999999999784,0.0375362499497931,0.08670745881388466,1.0003043662506315,1.000427762116752,0.06289446257075247,0.1478186837198019,0.007059372670560454,0.015401841548927304,0.003833245211236404,0.0027639214271946324
2.969999999999784,0.03759917904606735,0.0868553547576936,1.0003039388387536,1.0004263660981307,0.0629637299777489,0.14797320389807808,0.007063205915771691,0.015404598809018573,0.0038332452112370416,0.0027505987553443976
2.970999999999784,0.0376621774285545,0.08700340521291954,1.0003035107200722,1.0004249684148578,0.06303303499656629,0.14812770655380017,0.007067039160982928,0.015407342833079351,0.003833245211237671,0.0027374493662135793
2.9719999999997837,0.03772524513486633,0.08715161016226486,1.0003030818957837,1.0004235690722474,0.06310237762708487,0.14828219213685107,0.007070872406194166,0.015410073793265491,0.003833245211238292,0.0027244710060665023
2.9729999999997836,0.03778838220261447,0.08729996958887891,1.0003026523670662,1.0004221680755434,0.0631717578691863,0.14843666109126225,0.007074705651405404,0.015412791859493763,0.003833245211238905,0.002711661450477714
2.9739999999997835,0.03785158866941044,0.08744848347635219,1.0003022221350797,1.0004207654299204,0.06324117572275362,0.14859111385528984,0.0070785388966166434,0.015415497199470976,0.00383324521123951,0.0026990185039508516
2.9749999999997834,0.03791486457286566,0.08759715180871058,1.0003017912009664,1.0004193611404846,0.06331063118767127,0.14874555086148974,0.007082372141827884,0.015418189978722723,0.0038332452112401073,0.002686539999542469
2.9759999999997833,0.0379782099505914,0.08774597457040972,1.0003013595658503,1.000417955212275,0.06338012426382506,0.14889997253679177,0.007086205387039124,0.01542087036062174,0.0038332452112406967,0.002674223798490749
2.976999999999783,0.038041624840198865,0.0878949517463294,1.0003009272308383,1.0004165476502636,0.06344965495110212,0.14905437930257276,0.007090038632250365,0.01542353850641591,0.0038332452112412787,0.0026620677898490453
2.977999999999783,0.03810510927929911,0.08804408332176805,1.0003004941970195,1.0004151384593567,0.06351922324939094,0.14920877157472887,0.007093871877461607,0.015426194575255896,0.003833245211241853,0.0026500698901241876
2.978999999999783,0.038168663305503094,0.08819336928243729,1.0003000604654664,1.0004137276443958,0.06358882915858131,0.14936314976374676,0.007097705122672849,0.015428838724222417,0.0038332452112424197,0.002638228042919489
2.979999999999783,0.03823228695642236,0.08834280966456176,1.0002996260373327,1.0004123152096966,0.06365847267995735,0.14951761448520093,0.007101538367884091,0.015431470913611313,0.003833245211242979,0.0026261507348728837
2.9809999999997827,0.03829598026966974,0.08849240460432549,1.00029919091395,1.0004109011585927,0.06372815381478926,0.1496722650422647,0.007105371613095335,0.015434090714750963,0.0038332452112435312,0.0026134515444256397
2.9819999999997826,0.0383597432828586,0.08864215428646084,1.0002987550967282,1.0004094854939085,0.06379787256293906,0.14982709922844173,0.007109204858306579,0.015436697509803053,0.0038332452112440764,0.002600138559755328
2.9829999999997825,0.038423576033602205,0.08879205889350421,1.000298318587056,1.0004080682184286,0.06386762892427036,0.149982114858291,0.007113038103517823,0.015439290688964857,0.003833245211244614,0.0025862197638537965
2.9839999999997824,0.03848747855951366,0.08894211860581692,1.0002978813863013,1.0004066493348975,0.06393742289864841,0.15013730976715284,0.007116871348729068,0.015441869650364731,0.003833245211245145,0.0025717030358948668
2.9849999999997823,0.038551450898205955,0.08909233355150581,1.0002974434958112,1.000405228846814,0.06400725448594005,0.15029258161060272,0.007120704593940313,0.015444433994700989,0.003833245211245669,0.0025569856366213684
2.985999999999782,0.03861549308729193,0.08924270375699685,1.0002970049169129,1.0004038067592156,0.06407712368601366,0.1504478293714684,0.007124537839151559,0.015446983717349408,0.0038332452112461862,0.0025424596602172302
2.986999999999782,0.03867960516438431,0.08939322919845595,1.000296565650913,1.0004023830778674,0.06414703049873922,0.1506030535467524,0.0071283710843628055,0.01544951900848803,0.0038332452112466967,0.002528122617026969
2.987999999999782,0.03874378716709567,0.08954390985254282,1.000296125699099,1.0004009578084592,0.06421697492398823,0.15075825462699313,0.007132204329574053,0.01545204005582143,0.0038332452112472006,0.002513972049773167
2.988999999999782,0.038808039133038486,0.0896947456964045,1.000295685062738,1.0003995309566065,0.0642869569616337,0.1509134330963488,0.0071360375747853,0.015454547044612884,0.003833245211247698,0.0025000055331354577
2.9899999999997817,0.03887236109982512,0.08984573670766939,1.0002952437430848,1.0003981025278754,0.06435697661164351,0.15106858943343912,0.007139870819996548,0.015457040157716085,0.003833245211248189,0.0024862206732675857
2.9909999999997816,0.03893675310506794,0.08999688286444144,1.0002948017413877,1.0003966725278073,0.06442703387398603,0.15122372411065868,0.0071437040652077965,0.015459519575606448,0.0038332452112486734,0.002472615107458128
2.9919999999997815,0.0390012151863792,0.09014818414529352,1.000294359058883,1.0003952409618952,0.0644971287485366,0.1513788375934996,0.007147537310419045,0.015461985476412072,0.0038332452112491513,0.002459186503791221
2.9929999999997814,0.03906574738137106,0.09029964052926097,1.0002939156967878,1.0003938078355603,0.06456726123517202,0.1515339303413996,0.007151370555630295,0.015464438035944307,0.003833245211249623,0.0024459325606778666
2.9939999999997813,0.03913034972765553,0.09045125199583558,1.0002934716563001,1.0003923731541529,0.06463743133377059,0.15168900280782066,0.007155203800841545,0.015466877427727876,0.003833245211250089,0.0024328510064615875
2.994999999999781,0.03919502226284452,0.09060301852495965,1.0002930269386001,1.0003909369229533,0.064707639044212,0.15184405544032686,0.007159037046052795,0.015469303823030621,0.0038332452112505486,0.002419939599029203
2.995999999999781,0.039259765024549816,0.09075494009702015,1.0002925815448491,1.000389499147173,0.0647778843663774,0.151999088680661,0.007162870291264046,0.015471717390892849,0.0038332452112510022,0.002407196125426669
2.996999999999781,0.03932457805038308,0.09090701669284289,1.000292135476191,1.0003880598319546,0.0648481673001493,0.1521541029648203,0.007166703536475297,0.015474118298156302,0.0038332452112514502,0.0023946184014799108
2.997999999999781,0.03938946137795586,0.09105924829368686,1.0002916887337512,1.0003866189823738,0.06491848784541165,0.15230909872313114,0.007170536781686549,0.015476506709492752,0.003833245211251892,0.0023822042714205837
2.9989999999997807,0.03945441504487959,0.0912116348812386,1.000291241318638,1.0003851766034395,0.06498884600204974,0.15246407638032283,0.007174370026897801,0.015478882787432221,0.0038332452112523284,0.002369951607516701
2.9999999999997806,0.03951943908876628,0.09136417648771242,1.0002907932320382,1.0003837326996392,0.06505924177132696,0.1526191365673125,0.007178203272109053,0.015481246497646884,0.003833245211252759,0.0023574688218084665
