t_us,run_id,gap,gx,gy,gz,omega_sp,alpha_ff,tilt_x,tilt_y,thrust,angle,erpm,torque,angle_sp,offset_us,erpm_lower,servo_tilt,height,height_raw,height_sp,vz,vz_sp,az,vbat
352921275,4,0,-0.001,-0.002,-0.001,0.0,0.0,0.0,0.0,0.0,0.0198,0.0,0.0,0.0,0.0,0.0,0.0,0.46440000000000003,0.466,0.0,0.036000000000000004,0.0,-0.024,11.846
352926672,4,0,0.004,-0.005,-0.001,0.0,0.0,0.0,0.0,0.0,0.0198,0.0,0.0,0.0,5397.0,0.0,0.0,0.46440000000000003,0.466,0.0,0.036000000000000004,0.0,0.001,11.846
352929301,4,0,0.004,-0.004,-0.002,0.0,0.0,0.0,0.0,0.0,0.0198,0.0,0.0,0.0,8026.0,0.0,0.0,0.46490000000000004,0.466,0.0,0.04,0.0,0.0,11.846
352933508,4,0,-0.001,-0.005,-0.001,0.0,0.0,0.0,0.0,0.0,0.0198,1256.0,0.0,0.0,12233.0,1584.0,0.0,0.46490000000000004,0.466,0.0,0.04,0.0,-0.003,11.846
352937551,4,0,-0.003,-0.004,0.021,0.0,0.0,0.0,0.0,0.0,0.0198,1236.0,0.0,0.0,16276.0,1384.0,0.0,0.46490000000000004,0.466,0.0,0.04,0.0,-0.004,11.776
352942268,4,0,0.003,-0.004,0.014,0.0,0.0,0.0,0.0,0.0,0.0198,1236.0,0.0,0.0,0.0,1384.0,0.0,0.465,0.465,0.0,0.032,0.0,-0.016,11.776
352946509,4,0,0.001,-0.003,0.025,0.0,0.0,0.0,0.0,0.0,0.0198,1232.0,0.0,0.0,4241.0,1384.0,0.0,0.465,0.465,0.0,0.032,0.0,0.002,11.776
352949317,4,0,-0.001,0.0,0.1,0.0,0.0,0.0,0.0,0.0,0.0198,1232.0,0.0,0.0,7049.0,1384.0,0.0,0.4646,0.464,0.0,0.019,0.0,0.036000000000000004,11.776
352953508,4,0,0.004,-0.003,0.092,0.0,0.0,0.0,0.0,0.0,0.0198,1232.0,0.0,0.0,11240.0,1384.0,0.0,0.4646,0.464,0.0,0.019,0.0,0.011,11.776
352957508,4,0,-0.005,-0.003,-0.011,0.0,0.0,0.0,0.0,0.0,0.0198,1232.0,0.0,0.0,15240.0,1084.0,0.0,0.4646,0.464,0.0,0.019,0.0,-0.082,11.822000000000001
352962508,4,0,0.005,-0.012,-0.027,0.0,0.0,0.0,0.0,0.01,0.019700000000000002,1232.0,0.0,0.0,0.0,1084.0,0.0,0.4651,0.466,0.0,0.025,0.0,-0.10400000000000001,11.822000000000001
352967284,4,0,-0.006,-0.006,-0.027,0.0,0.0,0.0,0.0,0.01,0.0198,1216.0,0.0,0.0,4776.0,1084.0,0.0,0.4651,0.466,0.0,0.025,0.0,0.001,11.822000000000001
352969567,4,0,-0.006,-0.003,-0.031,0.0,0.0,0.0,0.0,0.01,0.0198,1220.0,0.0,0.0,7059.0,1084.0,0.0,0.4661,0.468,0.0,0.04,0.0,0.054,11.822000000000001
352974333,4,0,0.003,-0.01,-0.132,0.0,0.0,0.0,0.0,0.02,0.0198,1220.0,0.0,0.0,11825.0,1084.0,0.0,0.4661,0.468,0.0,0.04,0.0,0.122,11.822000000000001
352979340,4,0,0.003,-0.009000000000000001,-0.131,0.0,0.0,0.0,0.0,0.03,0.0198,1196.0,0.0,0.0,16832.0,1084.0,0.0,0.46640000000000004,0.467,0.0,0.038,0.0,0.134,11.797
352981507,4,0,0.007,-0.004,-0.10300000000000001,0.0,0.0,0.0,0.0,0.04,0.0198,1196.0,0.0,0.0,0.0,984.0,0.0,0.46640000000000004,0.467,0.0,0.038,0.0,0.085,11.797
352986313,4,0,0.005,-0.005,-0.085,0.0,0.0,0.0,0.0,0.05,0.0199,1216.0,0.0,0.0,4806.0,984.0,0.0,0.46640000000000004,0.467,0.0,0.038,0.0,-0.052000000000000005,11.797
352990507,4,0,-0.001,-0.001,-0.044,0.0,0.0,0.0,0.0,0.06,0.0198,1264.0,0.0,0.0,9000.0,61728.0,0.0,0.46590000000000004,0.465,0.0,0.021,0.0,-0.062,11.797
352994508,4,0,0.005,0.0,0.04,0.0,0.0,0.0,0.0,0.06,0.0198,1264.0,0.0,0.0,13001.0,15924.0,0.0,0.46590000000000004,0.465,0.0,0.021,0.0,-0.067,11.797
352997307,4,0,0.006,-0.003,0.015,0.0,0.0,0.0,0.0,0.06,0.0198,1264.0,0.0,0.0,15800.0,25952.0,0.0,0.46590000000000004,0.465,0.0,0.021,0.0,0.055,11.831
353001550,4,0,-0.006,0.004,0.024,0.0,0.0,0.0,0.0,0.07,0.019700000000000002,1504.0,0.0,0.0,0.0,25952.0,0.0,0.4667,0.468,0.0,0.031,0.0,0.031,11.831
353006506,4,0,0.002,0.006,0.166,0.0,0.0,0.0,0.0,0.08,0.0196,1824.0,0.0,0.0,4956.0,1032.0,0.0,0.4667,0.468,0.0,0.031,0.0,0.003,11.831
353010508,4,0,0.016,-0.002,0.10400000000000001,0.0,0.0,0.0,0.0,0.09,0.0195,1932.0,0.0,0.0,8958.0,1180.0,0.0,0.46780000000000005,0.47000000000000003,0.0,0.048,0.0,-0.043000000000000003,11.831
353015319,4,0,-0.011,0.009000000000000001,0.067,0.0,0.0,0.0,0.0,0.1,0.0195,2040.0,0.0,0.0,13769.0,1588.0,0.0,0.46780000000000005,0.47000000000000003,0.0,0.048,0.0,-0.108,11.831
353017324,4,0,-0.001,0.004,0.122,0.0,0.0,0.0,0.0,0.11,0.0194,2040.0,0.0,0.0,15774.0,1588.0,0.0,0.46780000000000005,0.47000000000000003,0.0,0.048,0.0,-0.147,11.866
353021507,4,0,0.025,-0.001,0.096,0.0,0.0,0.0,0.0,0.11,0.0195,2532.0,0.0,0.0,0.0,2048.0,0.0,0.4696,0.47300000000000003,0.0,0.075,0.0,-0.056,11.866
353025513,4,0,0.005,0.008,-0.025,0.0,0.0,0.0,0.0,0.12,0.0195,2692.0,0.0,0.0,4006.0,2220.0,0.0,0.4696,0.47300000000000003,0.0,0.075,0.0,0.003,11.866
353030507,4,0,0.005,-0.007,-0.008,0.0,0.0,0.0,0.0,0.13,0.0194,2928.0,0.0,0.0,9000.0,2596.0,0.0,0.47190000000000004,0.47600000000000003,0.0,0.10400000000000001,0.0,-0.082,11.866
353033550,4,0,0.016,-0.008,0.006,0.0,0.0,0.0,0.0,0.14,0.0195,3144.0,0.0,0.0,12043.0,2764.0,0.0,0.47190000000000004,0.47600000000000003,0.0,0.10400000000000001,0.0,-0.075,11.866
353038361,4,0,0.006,0.003,-0.128,0.0,0.0,0.0,0.0,0.15,0.0195,3460.0,0.0,0.0,16854.0,3044.0,0.0,0.4726,0.47400000000000003,0.0,0.098,0.0,-0.12,11.831
353043339,4,0,0.004,-0.006,-0.07200000000000001,0.0,0.0,0.0,0.0,0.17,0.0195,3788.0,0.0,0.0,0.0,3384.0,0.0,0.4726,0.47400000000000003,0.0,0.098,0.0,-0.073,11.831
353045347,4,0,0.011,-0.009000000000000001,-0.057,0.0,0.0,0.0,0.0,0.17,0.0195,3788.0,0.0,0.0,2008.0,3496.0,0.0,0.4726,0.47400000000000003,0.0,0.098,0.0,-0.028,11.831
353049507,4,0,-0.004,0.009000000000000001,-0.095,0.0,0.0,0.0,0.0,0.19,0.0196,3948.0,0.0,0.0,6168.0,3796.0,0.0,0.47200000000000003,0.47100000000000003,0.0,0.068,0.0,-0.084,11.831
353053507,4,0,0.0,-0.015,-0.08600000000000001,0.0,0.0,0.0,0.0,0.19,0.0195,4092.0,0.0,0.0,10168.0,3996.0,0.0,0.47200000000000003,0.47100000000000003,0.0,0.068,0.0,-0.164,11.831
353057507,4,0,0.012,-0.003,0.006,0.0,0.0,0.0,0.0,0.21,0.0195,4232.0,0.0,0.0,14168.0,4260.0,0.0,0.47200000000000003,0.47100000000000003,0.0,0.068,0.0,-0.005,11.869
353061507,4,0,-0.012,-0.005,0.01,0.0,0.0,0.0,0.0,0.21,0.0195,4340.0,0.0,0.0,0.0,4380.0,0.0,0.4717,0.47100000000000003,0.0,0.047,0.0,-0.036000000000000004,11.869
353065550,4,0,0.011,-0.007,-0.005,0.0,0.0,0.0,0.0,0.23,0.0195,4484.0,0.0,0.0,4043.0,4596.0,0.0,0.4717,0.47100000000000003,0.0,0.047,0.0,0.025,11.869
353070521,4,0,-0.008,-0.004,0.093,0.0,0.0,0.0,0.0,0.24,0.0195,4608.0,0.0,0.0,9014.0,4936.0,0.0,0.4711,0.47000000000000003,0.0,0.026000000000000002,0.0,0.014,11.869
353073366,4,0,-0.003,-0.007,0.083,0.0,0.0,0.0,0.0,0.25,0.0194,4760.0,0.0,0.0,11859.0,4936.0,0.0,0.4711,0.47000000000000003,0.0,0.026000000000000002,0.0,0.046,11.869
353077506,4,0,-0.003,-0.008,0.062,0.0,0.0,0.0,0.0,0.26,0.0194,4960.0,0.0,0.0,15999.0,5052.0,0.0,0.4711,0.47000000000000003,0.0,0.026000000000000002,0.0,0.002,11.869
353082368,4,0,-0.009000000000000001,-0.012,0.092,0.0,0.0,0.0,0.0,0.27,0.0194,5164.0,0.0,0.0,0.0,5108.0,0.0,0.47040000000000004,0.46900000000000003,0.0,0.006,0.0,-0.069,11.826
353086506,4,0,-0.01,-0.004,0.057,0.0,0.0,0.0,0.0,0.29,0.0194,5328.0,0.0,0.0,4138.0,5340.0,0.0,0.47040000000000004,0.46900000000000003,0.0,0.006,0.0,0.039,11.826
353090506,4,0,0.003,-0.019,-0.001,0.0,0.0,0.0,0.0,0.29,0.0194,5480.0,0.0,0.0,8138.0,5612.0,0.0,0.4692,0.467,0.0,-0.019,0.0,0.01,11.826
353094507,4,0,-0.017,-0.003,0.01,0.0,0.0,0.0,0.0,0.31,0.0194,5680.0,0.0,0.0,12139.0,5804.0,0.0,0.4692,0.467,0.0,-0.019,0.0,-0.139,11.826
353097551,4,0,-0.005,-0.008,0.003,0.0,0.0,0.0,0.0,0.31,0.0194,5860.0,0.0,0.0,15183.0,5840.0,0.0,0.4692,0.467,0.0,-0.019,0.0,-0.077,11.826
353102382,4,0,0.004,-0.01,-0.067,0.0,0.0,0.0,0.0,0.32,0.0194,5952.0,0.0,0.0,0.0,6108.0,0.0,0.4702,0.47200000000000003,0.0,0.005,0.0,0.199,11.808
353106505,4,0,-0.006,-0.001,-0.055,0.0,0.0,0.0,0.0,0.34,0.0194,6068.0,0.0,0.0,4123.0,6336.0,0.0,0.4702,0.47200000000000003,0.0,0.005,0.0,-0.001,11.808
353110506,4,0,0.007,-0.014,-0.049,0.0,0.0,0.0,0.0,0.34,0.0195,6168.0,0.0,0.0,8124.0,6420.0,0.0,0.4722,0.47600000000000003,0.0,0.045,0.0,-0.077,11.808
353114506,4,0,-0.006,0.001,-0.068,0.0,0.0,0.0,0.0,0.36,0.0195,6400.0,0.0,0.0,12124.0,6768.0,0.0,0.4722,0.47600000000000003,0.0,0.045,0.0,-0.077,11.808
353117392,4,0,0.001,-0.004,-0.056,0.0,0.0,0.0,0.0,0.36,0.0195,6488.0,0.0,0.0,15010.0,6892.0,0.0,0.4722,0.47600000000000003,0.0,0.045,0.0,-0.083,11.808
353121506,4,0,0.002,-0.01,-0.012,0.0,0.0,0.0,0.0,0.38,0.0195,6672.0,0.0,0.0,0.0,6944.0,0.0,0.47140000000000004,0.47000000000000003,0.0,0.02,0.0,-0.018000000000000002,11.82
353126683,4,0,-0.011,0.002,0.002,0.0,0.0,0.0,0.0,0.39,0.0194,6920.0,0.0,0.0,5177.0,6996.0,0.0,0.47140000000000004,0.47000000000000003,0.0,0.02,0.0,-0.029,11.82
353129550,4,0,-0.001,-0.002,0.002,0.0,0.0,0.0,0.0,0.39,0.0194,6944.0,0.0,0.0,8044.0,7240.0,0.0,0.46880000000000005,0.464,0.0,-0.036000000000000004,0.0,-0.029,11.82
353134450,4,0,0.006,-0.004,0.05,0.0,0.0,0.0,0.0,0.41000000000000003,0.0194,7268.0,0.0,0.0,12944.0,7380.0,0.0,0.46880000000000005,0.464,0.0,-0.036000000000000004,0.0,0.041,11.82
353138507,4,0,-0.001,0.0,0.05,0.0,0.0,0.0,0.0,0.43,0.0194,7424.0,0.0,0.0,17001.0,7684.0,0.0,0.4675,0.465,0.0,-0.056,0.0,0.043000000000000003,11.82
353143412,4,0,0.0,-0.001,0.044,0.0,0.0,0.0,0.0,0.45,0.0193,7560.0,0.0,0.0,0.0,7880.0,0.0,0.4675,0.465,0.0,-0.056,0.0,0.053,11.809000000000001
353145417,4,0,-0.003,-0.002,0.049,0.0,0.0,0.0,0.0,0.46,0.0193,7592.0,0.0,0.0,2005.0,7928.0,0.0,0.4675,0.465,0.0,-0.056,0.0,0.042,11.809000000000001
353149462,4,0,0.007,0.0,0.035,0.0,0.0,0.0,0.0,0.48,0.0193,7844.0,0.0,0.0,6050.0,8080.0,0.0,0.467,0.466,0.0,-0.055,0.0,0.049,11.809000000000001
353153506,4,0,0.0,0.001,0.005,0.0,0.0,0.0,0.0,0.5,0.019200000000000002,8136.0,0.0,0.0,10094.0,8188.0,0.0,0.467,0.466,0.0,-0.055,0.0,0.074,11.809000000000001
353157506,4,0,0.002,-0.002,-0.009000000000000001,0.0,0.0,0.0,0.0,0.51,0.019200000000000002,8332.0,0.0,0.0,14094.0,8520.0,0.0,0.467,0.466,0.0,-0.055,0.0,0.08700000000000001,11.809000000000001
353161550,4,0,0.013000000000000001,0.0,-0.017,0.0,0.0,0.0,0.0,0.53,0.019200000000000002,8424.0,0.0,0.0,0.0,8600.0,0.0,0.467,0.467,0.0,-0.044,0.0,0.044,11.776
353166505,4,0,-0.001,0.006,-0.046,0.0,0.0,0.0,0.0,0.55,0.019200000000000002,8424.0,0.0,0.0,4955.0,9192.0,0.0,0.467,0.467,0.0,-0.044,0.0,0.031,11.776
353170507,4,0,0.015,0.007,-0.041,0.0,0.0,0.0,0.0,0.5700000000000001,0.019200000000000002,8660.0,0.0,0.0,8957.0,9468.0,0.0,0.46730000000000005,0.468,0.0,-0.028,0.0,-0.003,11.776
353173438,4,0,0.01,0.001,-0.038,0.0,0.0,0.0,0.0,0.58,0.019200000000000002,8824.0,0.0,0.0,11888.0,9192.0,0.0,0.46730000000000005,0.468,0.0,-0.028,0.0,-0.01,11.776
353177506,4,0,0.004,0.0,-0.049,0.0,0.0,0.0,0.0,0.61,0.019200000000000002,9036.0,0.0,0.0,15956.0,9280.0,0.0,0.46730000000000005,0.468,0.0,-0.028,0.0,0.018000000000000002,11.776
353182505,4,0,0.003,-0.004,-0.022,0.0,0.0,0.0,0.0,0.63,0.019200000000000002,9144.0,0.0,0.0,0.0,9516.0,0.0,0.4672,0.467,0.0,-0.025,0.0,0.0,11.824
353185444,4,0,0.005,-0.004,-0.002,0.0,0.0,0.0,0.0,0.64,0.019200000000000002,9304.0,0.0,0.0,2939.0,9540.0,0.0,0.4672,0.467,0.0,-0.025,0.0,-0.033,11.824
353190448,4,0,0.003,0.002,0.007,0.0,0.0,0.0,0.0,0.66,0.019200000000000002,10136.0,0.0,0.0,7943.0,9840.0,0.0,0.46640000000000004,0.465,0.0,-0.035,0.0,0.024,11.824
353194576,4,0,0.003,-0.003,0.025,0.0,0.0,0.0,0.0,0.6900000000000001,0.019100000000000002,9972.0,0.0,0.0,12071.0,10108.0,0.0,0.46640000000000004,0.465,0.0,-0.035,0.0,-0.016,11.824
353197454,4,0,0.008,-0.002,0.043000000000000003,0.0,0.0,0.0,0.0,0.7000000000000001,0.019100000000000002,9920.0,0.0,0.0,14949.0,10216.0,0.0,0.46640000000000004,0.465,0.0,-0.035,0.0,-0.029,11.824
353201505,4,0,0.011,0.008,0.047,0.0,0.0,0.0,0.0,0.71,0.019,10108.0,0.0,0.0,0.0,10472.0,0.0,0.467,0.468,0.0,-0.017,0.0,-0.047,11.748000000000001
353206455,4,0,0.017,0.003,0.038,0.0,0.0,0.0,0.0,0.73,0.0189,10304.0,0.0,0.0,4950.0,10504.0,0.0,0.467,0.468,0.0,-0.017,0.0,-0.057,11.748000000000001
353210505,4,0,0.009000000000000001,0.003,0.04,0.0,0.0,0.0,0.0,0.75,0.0189,10472.0,0.0,0.0,9000.0,10808.0,0.0,0.46840000000000004,0.47100000000000003,0.0,0.014,0.0,-0.005,11.748000000000001
353214512,4,0,0.014,0.002,0.017,0.0,0.0,0.0,0.0,0.78,0.019,10712.0,0.0,0.0,13007.0,10964.0,0.0,0.46840000000000004,0.47100000000000003,0.0,0.014,0.0,-0.07,11.748000000000001
353217467,4,0,0.002,-0.002,0.001,0.0,0.0,0.0,0.0,0.79,0.019,10776.0,0.0,0.0,15962.0,11060.0,0.0,0.46840000000000004,0.47100000000000003,0.0,0.014,0.0,-0.043000000000000003,11.748000000000001
353222472,4,0,-0.005,-0.009000000000000001,-0.009000000000000001,0.0,0.0,0.0,0.0,0.81,0.019100000000000002,10964.0,0.0,0.0,0.0,11296.0,0.0,0.4697,0.47200000000000003,0.0,0.037,0.0,-0.069,11.725
353226625,4,0,-0.002,-0.012,-0.024,0.0,0.0,0.0,0.0,0.8300000000000001,0.019100000000000002,11228.0,0.0,0.0,4153.0,11468.0,0.0,0.4697,0.47200000000000003,0.0,0.037,0.0,-0.075,11.725
353229523,4,0,-0.007,-0.006,-0.043000000000000003,0.0,0.0,0.0,0.0,0.85,0.019200000000000002,11296.0,0.0,0.0,7051.0,11644.0,0.0,0.4708,0.47300000000000003,0.0,0.053,0.0,-0.061,11.725
353234528,4,0,-0.005,0.0,-0.029,0.0,0.0,0.0,0.0,0.87,0.019100000000000002,11576.0,0.0,0.0,12056.0,11828.0,0.0,0.4708,0.47300000000000003,0.0,0.053,0.0,-0.052000000000000005,11.725
353237484,4,0,-0.006,-0.002,-0.026000000000000002,0.0,0.0,0.0,0.0,0.88,0.019,11536.0,0.0,0.0,15012.0,11980.0,0.0,0.4708,0.47300000000000003,0.0,0.053,0.0,-0.034,11.725
353242490,4,0,0.005,-0.001,-0.019,0.0,0.0,0.0,0.0,0.91,0.0189,11828.0,0.0,0.0,0.0,12176.0,0.0,0.4716,0.47300000000000003,0.0,0.057,0.0,-0.084,11.748000000000001
353247493,4,0,0.0,-0.002,0.0,0.0,0.0,0.0,0.0,0.93,0.0188,12096.0,0.0,0.0,5003.0,12336.0,0.0,0.4716,0.47300000000000003,0.0,0.057,0.0,-0.009000000000000001,11.748000000000001
353249541,4,0,0.012,-0.002,0.004,0.0,0.0,0.0,0.0,0.9500000000000001,0.0188,12256.0,0.0,0.0,7051.0,12456.0,0.0,0.47100000000000003,0.47000000000000003,0.0,0.035,0.0,-0.029,11.748000000000001
353254544,4,0,0.004,-0.008,0.012,0.0,0.0,0.0,0.0,0.97,0.0189,12456.0,0.0,0.0,12054.0,12712.0,0.0,0.47100000000000003,0.47000000000000003,0.0,0.035,0.0,0.015,11.748000000000001
353257552,4,0,0.001,-0.011,0.019,0.0,0.0,0.0,0.0,0.98,0.0189,12456.0,0.0,0.0,15062.0,12800.0,0.0,0.47100000000000003,0.47000000000000003,0.0,0.035,0.0,0.035,11.748000000000001
353262504,4,0,-0.006,-0.01,0.025,0.0,0.0,0.0,0.0,1.01,0.019,12756.0,0.0,0.0,0.0,13020.0,0.0,0.4693,0.466,0.0,-0.007,0.0,0.01,11.73
353267504,4,0,-0.007,-0.004,0.021,0.0,0.0,0.0,0.0,1.04,0.019,12932.0,0.0,0.0,5000.0,13392.0,0.0,0.4693,0.466,0.0,-0.007,0.0,-0.014,11.73
353269559,4,0,-0.008,-0.001,0.019,0.0,0.0,0.0,0.0,1.05,0.019,13064.0,0.0,0.0,7055.0,13344.0,0.0,0.46950000000000003,0.47000000000000003,0.0,-0.001,0.0,0.008,11.73
353274559,4,0,-0.011,0.004,0.018000000000000002,0.0,0.0,0.0,0.0,1.07,0.0188,13296.0,0.0,0.0,12055.0,13584.0,0.0,0.46950000000000003,0.47000000000000003,0.0,-0.001,0.0,-0.07,11.73
353279564,4,0,-0.002,-0.003,0.0,0.0,0.0,0.0,0.0,1.1,0.0187,13584.0,0.0,0.0,17060.0,13836.0,0.0,0.47140000000000004,0.47500000000000003,0.0,0.038,0.0,-0.007,11.73
353282517,4,0,-0.005,0.0,-0.012,0.0,0.0,0.0,0.0,1.11,0.0187,13636.0,0.0,0.0,0.0,13836.0,0.0,0.47140000000000004,0.47500000000000003,0.0,0.038,0.0,-0.09,11.723
353287521,4,0,0.004,-0.01,-0.018000000000000002,0.0,0.0,0.0,0.0,1.1400000000000001,0.0188,13784.0,0.0,0.0,5004.0,14096.0,0.0,0.47140000000000004,0.47500000000000003,0.0,0.038,0.0,-0.046,11.723
353289550,4,0,0.006,-0.01,-0.021,0.0,0.0,0.0,0.0,1.1500000000000001,0.0188,13940.0,0.0,0.0,7033.0,14204.0,0.0,0.4723,0.47400000000000003,0.0,0.048,0.0,-0.044,11.723
353294575,4,0,-0.012,-0.014,-0.026000000000000002,0.0,0.0,0.0,0.0,1.18,0.0189,14152.0,0.0,0.0,12058.0,14424.0,0.0,0.4723,0.47400000000000003,0.0,0.048,0.0,-0.035,11.723
353297528,4,0,0.002,-0.01,-0.022,0.0,0.0,0.0,0.0,1.19,0.0189,14256.0,0.0,0.0,15011.0,14480.0,0.0,0.4723,0.47400000000000003,0.0,0.048,0.0,-0.04,11.723
353302533,4,0,0.001,0.003,-0.006,0.0,0.0,0.0,0.0,1.22,0.0187,14536.0,0.0,0.0,0.0,14648.0,0.0,0.4726,0.47300000000000003,0.0,0.043000000000000003,0.0,-0.039,11.721
353307536,4,0,0.018000000000000002,0.002,-0.007,0.0,0.0,0.0,0.0,1.24,0.018500000000000003,14592.0,0.0,0.0,5003.0,14940.0,0.0,0.4726,0.47300000000000003,0.0,0.043000000000000003,0.0,-0.002,11.721
353309584,4,0,0.012,0.001,0.003,0.0,0.0,0.0,0.0,1.25,0.018500000000000003,14792.0,0.0,0.0,7051.0,15000.0,0.0,0.4731,0.47400000000000003,0.0,0.044,0.0,-0.009000000000000001,11.721
353314612,4,0,-0.005,0.002,0.013000000000000001,0.0,0.0,0.0,0.0,1.28,0.0184,15060.0,0.0,0.0,12079.0,15272.0,0.0,0.4731,0.47400000000000003,0.0,0.044,0.0,0.062,11.721
353317543,4,0,0.002,-0.009000000000000001,0.013000000000000001,0.0,0.0,0.0,0.0,1.31,0.018600000000000002,15000.0,0.0,0.0,15010.0,15304.0,0.0,0.4731,0.47400000000000003,0.0,0.044,0.0,-0.034,11.721
353322661,4,0,-0.016,0.0,0.014,0.0,0.0,0.0,0.0,1.33,0.0188,15336.0,0.0,0.0,0.0,15496.0,0.0,0.4741,0.47600000000000003,0.0,0.056,0.0,-0.023,11.76
353325547,4,0,0.0,0.001,0.024,0.0,0.0,0.0,0.0,1.34,0.0188,15464.0,0.0,0.0,2886.0,15624.0,0.0,0.4741,0.47600000000000003,0.0,0.056,0.0,-0.051000000000000004,11.76
353330552,4,0,-0.003,-0.003,0.011,0.0,0.0,0.0,0.0,1.37,0.0187,15656.0,0.0,0.0,7891.0,15824.0,0.0,0.4741,0.47400000000000003,0.0,0.044,0.0,-0.132,11.76
353334601,4,0,0.004,0.012,0.004,0.0,0.0,0.0,0.0,1.3800000000000001,0.0184,15888.0,0.0,0.0,11940.0,16096.0,0.0,0.4741,0.47400000000000003,0.0,0.044,0.0,0.019,11.76
353337576,4,0,0.021,0.01,0.011,0.0,0.0,0.0,0.0,1.41,0.0183,15992.0,0.0,0.0,14915.0,16164.0,0.0,0.4741,0.47400000000000003,0.0,0.044,0.0,-0.166,11.76
353342559,4,0,0.016,0.005,-0.011,0.0,0.0,0.0,0.0,1.43,0.0182,16096.0,0.0,0.0,0.0,16376.0,0.0,0.4737,0.47300000000000003,0.0,0.028,0.0,-0.044,11.689
353347564,4,0,-0.009000000000000001,-0.001,-0.019,0.0,0.0,0.0,0.0,1.46,0.0184,16340.0,0.0,0.0,5005.0,16592.0,0.0,0.4737,0.47300000000000003,0.0,0.028,0.0,0.113,11.689
353349612,4,0,-0.015,0.0,-0.021,0.0,0.0,0.0,0.0,1.48,0.018500000000000003,16556.0,0.0,0.0,7053.0,16592.0,0.0,0.4727,0.47100000000000003,0.0,0.004,0.0,0.036000000000000004,11.689
353354735,4,0,-0.006,0.003,-0.019,0.0,0.0,0.0,0.0,1.51,0.018600000000000002,16740.0,0.0,0.0,12176.0,16852.0,0.0,0.4727,0.47100000000000003,0.0,0.004,0.0,0.099,11.689
353357572,4,0,0.0,0.001,-0.018000000000000002,0.0,0.0,0.0,0.0,1.53,0.018500000000000003,16776.0,0.0,0.0,15013.0,17008.0,0.0,0.4727,0.47100000000000003,0.0,0.004,0.0,0.073,11.689
353362575,4,0,0.007,0.008,-0.001,0.0,0.0,0.0,0.0,1.56,0.0182,16968.0,0.0,0.0,0.0,17200.0,0.0,0.47140000000000004,0.46900000000000003,0.0,-0.023,0.0,0.017,11.752
353367579,4,0,0.022,0.009000000000000001,0.001,0.0,0.0,0.0,0.0,1.59,0.018000000000000002,17320.0,0.0,0.0,5004.0,17320.0,0.0,0.47140000000000004,0.46900000000000003,0.0,-0.023,0.0,-0.03,11.752
353369630,4,0,0.026000000000000002,0.006,-0.005,0.0,0.0,0.0,0.0,1.6,0.018000000000000002,17240.0,0.0,0.0,7055.0,17524.0,0.0,0.4706,0.46900000000000003,0.0,-0.036000000000000004,0.0,-0.008,11.752
353374647,4,0,0.005,0.008,0.011,0.0,0.0,0.0,0.0,1.6300000000000001,0.0183,17604.0,0.0,0.0,12072.0,17728.0,0.0,0.4706,0.46900000000000003,0.0,-0.036000000000000004,0.0,-0.112,11.752
353379635,4,0,-0.013000000000000001,0.014,0.022,0.0,0.0,0.0,0.0,1.6600000000000001,0.0184,17816.0,0.0,0.0,17060.0,17900.0,0.0,0.47040000000000004,0.47000000000000003,0.0,-0.033,0.0,-0.152,11.752
353382589,4,0,-0.002,0.001,0.014,0.0,0.0,0.0,0.0,1.68,0.0183,17816.0,0.0,0.0,0.0,18028.0,0.0,0.47040000000000004,0.47000000000000003,0.0,-0.033,0.0,-0.09,11.745000000000001
353386760,4,0,0.0,-0.006,0.006,0.0,0.0,0.0,0.0,1.71,0.0182,18028.0,0.0,0.0,4171.0,18248.0,0.0,0.47040000000000004,0.47000000000000003,0.0,-0.033,0.0,-0.07,11.745000000000001
353389641,4,0,-0.013000000000000001,0.004,0.019,0.0,0.0,0.0,0.0,1.72,0.018000000000000002,18248.0,0.0,0.0,7052.0,18336.0,0.0,0.4702,0.47000000000000003,0.0,-0.029,0.0,0.032,11.745000000000001
353394602,4,0,0.021,-0.01,-0.001,0.0,0.0,0.0,0.0,1.76,0.018000000000000002,18384.0,0.0,0.0,12013.0,18564.0,0.0,0.4702,0.47000000000000003,0.0,-0.029,0.0,0.158,11.745000000000001
353397640,4,0,0.006,-0.002,-0.007,0.0,0.0,0.0,0.0,1.77,0.0181,18472.0,0.0,0.0,15051.0,18656.0,0.0,0.4702,0.47000000000000003,0.0,-0.029,0.0,0.041,11.745000000000001
353402604,4,0,-0.007,0.023,0.002,0.0,0.0,0.0,0.0,1.8,0.0182,18704.0,0.0,0.0,0.0,18796.0,0.0,0.4702,0.47000000000000003,0.0,-0.025,0.0,0.041,11.766
353407652,4,0,0.012,-0.007,-0.024,0.0,0.0,0.0,0.0,1.83,0.018000000000000002,19084.0,0.0,0.0,5048.0,19084.0,0.0,0.4702,0.47000000000000003,0.0,-0.025,0.0,0.228,11.766
353409658,4,0,0.003,-0.011,-0.035,0.0,0.0,0.0,0.0,1.85,0.018000000000000002,18988.0,0.0,0.0,7054.0,19232.0,0.0,0.4701,0.47000000000000003,0.0,-0.021,0.0,0.15,11.766
353414659,4,0,-0.013000000000000001,-0.007,-0.008,0.0,0.0,0.0,0.0,1.8800000000000001,0.0178,19280.0,0.0,0.0,12055.0,19480.0,0.0,0.4701,0.47000000000000003,0.0,-0.021,0.0,0.134,11.766
353417550,4,0,0.002,-0.014,-0.006,0.0,0.0,0.0,0.0,1.9100000000000001,0.0179,19380.0,0.0,0.0,14946.0,19432.0,0.0,0.4701,0.47000000000000003,0.0,-0.021,0.0,0.251,11.766
353422622,4,0,-0.009000000000000001,0.019,-0.013000000000000001,0.0,0.0,0.0,0.0,1.94,0.0181,19532.0,0.0,0.0,0.0,19632.0,0.0,0.4701,0.47000000000000003,0.0,-0.017,0.0,0.432,11.719
353426669,4,0,-0.008,0.011,0.001,0.0,0.0,0.0,0.0,1.96,0.0179,19684.0,0.0,0.0,4047.0,19892.0,0.0,0.4701,0.47000000000000003,0.0,-0.017,0.0,0.097,11.719
353429670,4,0,0.016,-0.012,0.001,0.0,0.0,0.0,0.0,1.97,0.0178,19944.0,0.0,0.0,7048.0,20000.0,0.0,0.4697,0.46900000000000003,0.0,-0.021,0.0,0.08700000000000001,11.719
353434671,4,0,-0.026000000000000002,-0.016,0.009000000000000001,0.004,0.0,0.0205,0.0419,2.0,0.0177,20108.0,0.0034000000000000002,0.0,12049.0,20160.0,0.0151,0.4697,0.46900000000000003,0.0,-0.021,0.0,-0.156,11.719
353437667,4,0,-0.015,-0.008,0.012,0.004,0.0,0.010400000000000001,0.0182,2.0300000000000002,0.0177,20216.0,0.0012000000000000001,0.0,15045.0,20272.0,0.0055000000000000005,0.4697,0.46900000000000003,0.0,-0.021,0.0,0.08,11.719
353442633,4,0,0.01,0.009000000000000001,0.02,0.004,0.0,-0.0077,-0.0182,2.06,0.018000000000000002,20324.0,-0.0017000000000000001,0.0,0.0,20492.0,-0.0074,0.4691,0.468,0.0,-0.029,0.0,0.214,11.693
353447636,4,0,-0.008,0.018000000000000002,0.008,0.004,0.0,-0.0026000000000000003,0.0175,2.1,0.0179,20548.0,0.0033,0.0,5003.0,20720.0,0.0142,0.4691,0.468,0.0,-0.029,0.0,0.162,11.693
353450785,4,0,-0.005,-0.007,0.006,0.004,0.0,0.029900000000000003,0.01,2.11,0.0177,20776.0,-0.0033,0.0,8152.0,20776.0,-0.014100000000000001,0.4691,0.46900000000000003,0.0,-0.024,0.0,0.178,11.693
353453642,4,0,0.003,-0.025,0.01,0.005,0.0,0.042800000000000005,-0.0019,2.13,0.0175,20776.0,-0.007200000000000001,0.0,11009.0,20832.0,-0.0316,0.4691,0.46900000000000003,0.0,-0.024,0.0,0.151,11.693
353457682,4,0,-0.025,-0.008,0.007,0.005,0.0,-0.004200000000000001,0.031200000000000002,2.16,0.0175,21008.0,0.006,0.0,15049.0,21184.0,0.025,0.4691,0.46900000000000003,0.0,-0.024,0.0,0.219,11.693
353462652,4,0,-0.001,-0.006,-0.011,0.004,0.0,-0.009300000000000001,-0.0027,2.2,0.0177,21248.0,0.0011,0.0,0.0,21368.0,0.0047,0.4697,0.47100000000000003,0.0,-0.006,0.0,0.217,11.728
353467698,4,0,-0.008,0.022,0.006,0.005,0.0,-0.0373,0.012700000000000001,2.23,0.0176,21304.0,0.0086,0.0,5046.0,21488.0,0.035300000000000005,0.4697,0.47100000000000003,0.0,-0.006,0.0,0.058,11.728
353469742,4,0,-0.012,0.001,-0.007,0.005,0.0,-0.0033,0.0175,2.25,0.0175,21552.0,0.0035,0.0,7090.0,21612.0,0.014700000000000001,0.47050000000000003,0.47200000000000003,0.0,0.011,0.0,0.018000000000000002,11.728
353474745,4,0,-0.008,-0.028,-0.024,0.005,0.0,0.024200000000000003,0.0173,2.2800000000000002,0.0173,21552.0,-0.0011,0.0,12093.0,21800.0,-0.0049,0.47050000000000003,0.47200000000000003,0.0,0.011,0.0,-0.13,11.728
353477551,4,0,-0.023,-0.02,-0.011,0.005,0.0,0.008400000000000001,0.0346,2.3000000000000003,0.0173,21992.0,0.0047,0.0,14899.0,21928.0,0.018500000000000003,0.47050000000000003,0.47200000000000003,0.0,0.011,0.0,-0.111,11.728
353482766,4,0,0.02,0.016,0.005,0.005,0.0,-0.0219,-0.0206,2.33,0.017400000000000002,22056.0,0.00030000000000000003,0.0,0.0,22056.0,0.0009000000000000001,0.4717,0.47400000000000003,0.0,0.033,0.0,-0.041,11.669
353485674,4,0,0.035,0.034,-0.002,0.005,0.0,-0.0363,-0.025,2.35,0.0175,22124.0,0.002,0.0,2908.0,22256.0,0.008,0.4717,0.47400000000000003,0.0,0.033,0.0,-0.06,11.669
353489762,4,0,0.011,0.005,-0.004,0.005,0.0,0.009000000000000001,0.0178,2.38,0.017400000000000002,22256.0,0.0014,0.0,6996.0,22456.0,0.006200000000000001,0.47150000000000003,0.47100000000000003,0.0,0.021,0.0,0.109,11.669
353494760,4,0,0.021,-0.021,0.013000000000000001,0.005,0.0,0.020900000000000002,0.0067,2.41,0.017400000000000002,22388.0,-0.0026000000000000003,0.0,11994.0,22592.0,-0.01,0.47150000000000003,0.47100000000000003,0.0,0.021,0.0,0.146,11.669
353497717,4,0,0.001,0.003,0.014,0.005,0.0,-0.0066,0.0281,2.43,0.0175,22656.0,0.0064,0.0,14951.0,22592.0,0.0245,0.47150000000000003,0.47100000000000003,0.0,0.021,0.0,0.261,11.669
353502673,4,0,0.009000000000000001,0.038,0.011,0.005,0.0,-0.0281,0.0132,2.47,0.0176,22728.0,0.0077,0.0,0.0,22864.0,0.0292,0.4703,0.468,0.0,-0.007,0.0,0.074,11.647
353507710,4,0,0.04,0.01,0.013000000000000001,0.005,0.0,-0.0013000000000000002,-0.0308,2.5,0.017400000000000002,22936.0,-0.0057,0.0,5037.0,23220.0,-0.020800000000000003,0.4703,0.468,0.0,-0.007,0.0,0.042,11.647
353509762,4,0,0.027,-0.015,-0.004,0.005,0.0,0.0142,-0.0099,2.52,0.0173,23148.0,-0.0045000000000000005,0.0,7089.0,23076.0,-0.017,0.4691,0.467,0.0,-0.029,0.0,-0.003,11.647
353514780,4,0,-0.052000000000000005,-0.024,-0.006,0.005,0.0,0.0047,0.0483,2.5500000000000003,0.0172,23292.0,0.0086,0.0,12107.0,23364.0,0.0308,0.4691,0.467,0.0,-0.029,0.0,0.245,11.647
353517550,4,0,-0.05,-0.006,0.002,0.005,0.0,-0.0095,0.030600000000000002,2.57,0.0172,23364.0,0.0077,0.0,14877.0,23512.0,0.028300000000000002,0.4691,0.467,0.0,-0.029,0.0,0.165,11.647
353521551,4,0,0.0,0.026000000000000002,0.015,0.005,0.0,-0.026000000000000002,-0.015300000000000001,2.6,0.0172,23660.0,0.0022,0.0,0.0,23736.0,0.007500000000000001,0.46840000000000004,0.467,0.0,-0.038,0.0,0.012,11.592
353525733,4,0,0.044,0.002,-0.027,0.006,0.0,-0.0112,-0.039,2.64,0.017,23736.0,-0.0057,0.0,4182.0,23884.0,-0.019700000000000002,0.46840000000000004,0.467,0.0,-0.038,0.0,-0.213,11.592
353530571,4,0,-0.001,-0.031,-0.012,0.006,0.0,0.0019,0.0022,2.67,0.016900000000000002,23960.0,0.0,0.0,9020.0,23960.0,0.00030000000000000003,0.4675,0.466,0.0,-0.047,0.0,-0.078,11.592
353534782,4,0,0.021,-0.016,-0.001,0.005,0.0,-0.0025,-0.0247,2.69,0.0172,24116.0,-0.0045000000000000005,0.0,13231.0,24192.0,-0.015700000000000002,0.4675,0.466,0.0,-0.047,0.0,0.073,11.592
353537549,4,0,0.05,-0.007,-0.007,0.005,0.0,0.0012000000000000001,-0.037000000000000005,2.71,0.017400000000000002,24352.0,-0.0081,0.0,15998.0,24352.0,-0.027,0.4675,0.466,0.0,-0.047,0.0,0.121,11.592
353541550,4,0,0.047,0.002,-0.017,0.004,0.0,-0.0051,-0.0035,2.74,0.0177,24508.0,0.00030000000000000003,0.0,0.0,24508.0,0.0011,0.4667,0.465,0.0,-0.055,0.0,-0.23,11.675
353545551,4,0,0.076,-0.035,0.006,0.004,0.0,0.0102,-0.0403,2.7800000000000002,0.0178,24592.0,-0.010700000000000001,0.0,4001.0,24752.0,-0.0357,0.4667,0.465,0.0,-0.055,0.0,-0.228,11.675
353549786,4,0,-0.014,-0.036000000000000004,-0.018000000000000002,0.003,0.0,0.004200000000000001,0.029900000000000003,2.8000000000000003,0.0181,24916.0,0.0054,0.0,8236.0,24832.0,0.0182,0.4661,0.465,0.0,-0.056,0.0,-0.07100000000000001,11.675
353554549,4,0,-0.035,-0.012,-0.004,0.003,0.0,0.006,0.0229,2.83,0.0182,24916.0,0.0037,0.0,12999.0,24916.0,0.012,0.4661,0.465,0.0,-0.056,0.0,0.088,11.675
353558756,4,0,-0.007,0.007,0.035,0.004,0.0,-0.012,0.0102,2.87,0.018000000000000002,25000.0,0.005200000000000001,0.0,17206.0,25168.0,0.015700000000000002,0.466,0.466,0.0,-0.045,0.0,0.056,11.675
353562760,4,0,0.015,-0.019,-0.008,0.004,0.0,0.0027,-0.0102,2.91,0.0177,25336.0,-0.0031000000000000003,0.0,0.0,25336.0,-0.0091,0.466,0.466,0.0,-0.045,0.0,-0.09,11.706
353567549,4,0,-0.023,-0.031,-0.009000000000000001,0.005,0.0,0.0097,-0.011300000000000001,2.95,0.0176,25512.0,-0.0046,0.0,4789.0,25596.0,-0.0148,0.466,0.466,0.0,-0.045,0.0,-0.034,11.706
353569553,4,0,-0.045,-0.017,0.015,0.005,0.0,0.0038,-0.001,2.95,0.0175,25596.0,-0.0011,0.0,6793.0,25684.0,-0.0034000000000000002,0.46640000000000004,0.467,0.0,-0.03,0.0,0.025,11.706
353573761,4,0,-0.012,0.036000000000000004,0.038,0.006,0.0,-0.0164,-0.012400000000000001,2.99,0.0171,25772.0,0.0007,0.0,11001.0,25684.0,0.0029000000000000002,0.46640000000000004,0.467,0.0,-0.03,0.0,-0.053,11.706
353578550,4,0,0.063,0.001,-0.006,0.006,0.0,0.0039000000000000003,-0.0323,3.02,0.017,25864.0,-0.008400000000000001,0.0,15790.0,26040.0,-0.0256,0.46640000000000004,0.467,0.0,-0.03,0.0,-0.08700000000000001,11.706
353582764,4,0,-0.03,-0.017,0.004,0.006,0.0,-0.0091,0.019200000000000002,3.06,0.0171,26224.0,0.0066,0.0,0.0,26132.0,0.02,0.46730000000000005,0.46900000000000003,0.0,-0.005,0.0,0.216,11.655
353587615,4,0,-0.068,0.012,0.016,0.006,0.0,-0.0031000000000000003,0.0106,3.1,0.0171,26316.0,0.0033,0.0,4851.0,26224.0,0.0097,0.46730000000000005,0.46900000000000003,0.0,-0.005,0.0,0.096,11.655
353589813,4,0,-0.014,0.018000000000000002,-0.011,0.006,0.0,-0.0057,0.011600000000000001,3.12,0.017,26408.0,0.0041,0.0,7049.0,26316.0,0.0122,0.4672,0.467,0.0,-0.006,0.0,-0.105,11.655
353594563,4,0,0.05,0.005,-0.024,0.006,0.0,-0.0146,0.0099,3.15,0.017,26596.0,0.0057,0.0,11799.0,26500.0,0.0173,0.4672,0.467,0.0,-0.006,0.0,-0.28700000000000003,11.655
353598805,4,0,-0.078,-0.025,0.001,0.006,0.0,-0.005200000000000001,0.030100000000000002,3.17,0.0171,26688.0,0.008400000000000001,0.0,16041.0,26784.0,0.024900000000000002,0.4671,0.467,0.0,-0.006,0.0,0.056,11.655
353601550,4,0,-0.125,0.013000000000000001,0.004,0.006,0.0,-0.023100000000000002,0.039900000000000005,3.19,0.017,26880.0,0.015300000000000001,0.0,0.0,26784.0,0.0446,0.4671,0.467,0.0,-0.006,0.0,0.062,11.655
353605785,4,0,-0.032,0.04,-0.003,0.007,0.0,-0.0128,0.0246,3.23,0.0167,27076.0,0.009300000000000001,0.0,4235.0,27076.0,0.0264,0.4671,0.467,0.0,-0.006,0.0,0.10200000000000001,11.673
353610548,4,0,0.069,0.019,-0.005,0.007,0.0,-0.0126,-0.0037,3.2600000000000002,0.0166,27272.0,0.0024000000000000002,0.0,8998.0,27272.0,0.0063,0.46780000000000005,0.46900000000000003,0.0,0.008,0.0,-0.05,11.673
353614811,4,0,-0.057,-0.008,0.002,0.006,0.0,-0.008400000000000001,0.0016,3.3000000000000003,0.0167,27372.0,0.0024000000000000002,0.0,13261.0,27372.0,0.007,0.46780000000000005,0.46900000000000003,0.0,0.008,0.0,0.154,11.673
353617550,4,0,-0.107,0.018000000000000002,0.012,0.007,0.0,-0.0103,0.019700000000000002,3.3200000000000003,0.0166,27272.0,0.008,0.0,16000.0,27372.0,0.0212,0.46780000000000005,0.46900000000000003,0.0,0.008,0.0,0.145,11.673
353621805,4,0,0.017,0.048,0.029,0.007,0.0,-0.0128,0.011000000000000001,3.35,0.016300000000000002,27676.0,0.006,0.0,0.0,27472.0,0.016900000000000002,0.4696,0.47300000000000003,0.0,0.043000000000000003,0.0,0.147,11.673
353627712,4,0,0.089,0.002,-0.006,0.007,0.0,-0.019700000000000002,0.0024000000000000002,3.39,0.0165,27572.0,0.0057,0.0,5907.0,27776.0,0.015600000000000001,0.4696,0.47300000000000003,0.0,0.043000000000000003,0.0,0.018000000000000002,11.604000000000001
353629807,4,0,-0.025,0.014,-0.017,0.007,0.0,-0.0211,0.001,3.4,0.0166,27984.0,0.0057,0.0,8002.0,27776.0,0.015600000000000001,0.4722,0.47700000000000004,0.0,0.08600000000000001,0.0,0.043000000000000003,11.604000000000001
353634554,4,0,-0.08600000000000001,0.048,0.023,0.007,0.0,-0.0108,0.0067,3.44,0.0164,28196.0,0.0045000000000000005,0.0,12749.0,27984.0,0.0123,0.4722,0.47700000000000004,0.0,0.08600000000000001,0.0,-0.211,11.604000000000001
353638556,4,0,0.051000000000000004,0.044,0.017,0.008,0.0,-0.0204,0.0247,3.47,0.0161,28408.0,0.012100000000000001,0.0,16751.0,28088.0,0.031900000000000005,0.47250000000000003,0.47300000000000003,0.0,0.074,0.0,-0.265,11.604000000000001
353642953,4,0,0.055,0.004,-0.047,0.007,0.0,-0.0142,0.013000000000000001,3.49,0.016300000000000002,28624.0,0.0071,0.0,0.0,28300.0,0.019200000000000002,0.47250000000000003,0.47300000000000003,0.0,0.074,0.0,-0.192,11.604000000000001
353645556,4,0,-0.043000000000000003,0.013000000000000001,-0.039,0.007,0.0,-0.017400000000000002,0.012700000000000001,3.5100000000000002,0.0164,28516.0,0.008,0.0,2603.0,28408.0,0.0213,0.47250000000000003,0.47300000000000003,0.0,0.074,0.0,0.026000000000000002,11.638
353649811,4,0,-0.07100000000000001,0.066,0.02,0.008,0.0,-0.0201,0.008700000000000001,3.54,0.016,28624.0,0.0081,0.0,6858.0,28408.0,0.0204,0.4713,0.46900000000000003,0.0,0.035,0.0,-0.029,11.638
353653813,4,0,0.082,0.038,-0.028,0.009000000000000001,0.0,-0.0274,0.0181,3.58,0.015700000000000002,28848.0,0.012,0.0,10860.0,28736.0,0.032100000000000004,0.4713,0.46900000000000003,0.0,0.035,0.0,-0.176,11.638
353658555,4,0,0.056,-0.002,-0.07200000000000001,0.008,0.0,-0.019700000000000002,0.0041,3.62,0.0158,28956.0,0.007,0.0,15602.0,28848.0,0.016800000000000002,0.46940000000000004,0.466,0.0,-0.009000000000000001,0.0,-0.20600000000000002,11.638
353662555,4,0,-0.115,0.058,-0.014,0.008,0.0,-0.0302,0.0105,3.64,0.015700000000000002,29184.0,0.0114,0.0,0.0,29184.0,0.028800000000000003,0.46940000000000004,0.466,0.0,-0.009000000000000001,0.0,0.027,11.638
353666811,4,0,0.004,0.048,0.024,0.01,0.0,-0.0251,0.0261,3.68,0.0151,29352.0,0.0146,0.0,4256.0,29068.0,0.0362,0.46940000000000004,0.466,0.0,-0.009000000000000001,0.0,-0.147,11.614
353670818,4,0,0.129,-0.008,-0.068,0.009000000000000001,0.0,-0.0263,0.016,3.72,0.015300000000000001,29412.0,0.012100000000000001,0.0,8263.0,29296.0,0.029900000000000003,0.4672,0.463,0.0,-0.052000000000000005,0.0,-0.137,11.614
353673555,4,0,0.054,0.001,-0.076,0.009000000000000001,0.0,-0.029300000000000003,0.0165,3.75,0.0155,29468.0,0.0135,0.0,11000.0,29412.0,0.0324,0.4672,0.463,0.0,-0.052000000000000005,0.0,-0.013000000000000001,11.614
353678045,4,0,-0.127,0.07200000000000001,0.04,0.01,0.0,-0.025400000000000002,0.010400000000000001,3.77,0.0152,29704.0,0.010400000000000001,0.0,15490.0,29468.0,0.0253,0.4661,0.464,0.0,-0.064,0.0,0.081,11.614
353682555,4,0,0.029,0.021,0.041,0.01,0.0,-0.0298,0.031,3.81,0.0148,29940.0,0.0178,0.0,0.0,29528.0,0.0429,0.4661,0.464,0.0,-0.064,0.0,-0.145,11.614
353687621,4,0,0.051000000000000004,-0.017,-0.075,0.01,0.0,-0.0228,0.0307,3.87,0.0151,30120.0,0.016300000000000002,0.0,5066.0,29760.0,0.0378,0.4661,0.464,0.0,-0.064,0.0,-0.14100000000000001,11.626
353689814,4,0,-0.109,0.046,-0.024,0.01,0.0,-0.029300000000000003,0.0241,3.87,0.015000000000000001,29940.0,0.0158,0.0,7259.0,29820.0,0.037700000000000004,0.46530000000000005,0.464,0.0,-0.065,0.0,0.076,11.626
353694559,4,0,-0.083,0.053,0.08700000000000001,0.011,0.0,-0.0284,0.0198,3.92,0.014400000000000001,30120.0,0.0146,0.0,12004.0,30060.0,0.034,0.46530000000000005,0.464,0.0,-0.065,0.0,-0.082,11.626
353698812,4,0,0.101,-0.031,-0.041,0.011,0.0,-0.026600000000000002,0.030600000000000002,3.96,0.0143,30672.0,0.0171,0.0,16257.0,30120.0,0.040400000000000005,0.46590000000000004,0.467,0.0,-0.041,0.0,-0.014,11.626
353703556,4,0,-0.061,0.016,-0.057,0.011,0.0,-0.029500000000000002,0.0211,4.0,0.0146,30548.0,0.0154,0.0,0.0,30240.0,0.0358,0.46590000000000004,0.467,0.0,-0.041,0.0,0.137,11.626
353705556,4,0,-0.14100000000000001,0.063,0.018000000000000002,0.011,0.0,-0.030600000000000002,0.0234,4.03,0.014400000000000001,30672.0,0.0164,0.0,2000.0,30612.0,0.0381,0.46590000000000004,0.467,0.0,-0.041,0.0,0.163,11.573
353709829,4,0,0.032,0.001,0.07100000000000001,0.012,0.0,-0.0246,0.020900000000000002,4.05,0.013800000000000002,30800.0,0.014100000000000001,0.0,6273.0,30672.0,0.032100000000000004,0.467,0.46900000000000003,0.0,-0.011,0.0,-0.156,11.573
353714831,4,0,0.036000000000000004,-0.033,-0.08600000000000001,0.011,0.0,-0.023700000000000002,0.0234,4.11,0.0143,31056.0,0.0148,0.0,11275.0,30864.0,0.0333,0.467,0.46900000000000003,0.0,-0.011,0.0,0.132,11.573
353717555,4,0,-0.077,0.021,-0.058,0.011,0.0,-0.0264,0.022000000000000002,4.14,0.0143,30864.0,0.0154,0.0,13999.0,30864.0,0.0342,0.467,0.46900000000000003,0.0,-0.011,0.0,0.219,11.573
353722555,4,0,-0.059000000000000004,0.047,0.112,0.013000000000000001,0.0,-0.026600000000000002,0.018000000000000002,4.18,0.013600000000000001,31184.0,0.014100000000000001,0.0,0.0,30992.0,0.0315,0.4687,0.47200000000000003,0.0,0.026000000000000002,0.0,-0.14,11.573
353727722,4,0,0.099,-0.048,-0.045,0.012,0.0,-0.032600000000000004,0.024900000000000002,4.23,0.013800000000000002,31316.0,0.0188,0.0,5167.0,31248.0,0.040600000000000004,0.4687,0.47200000000000003,0.0,0.026000000000000002,0.0,-0.083,11.528
353729843,4,0,-0.056,0.007,-0.085,0.012,0.0,-0.024800000000000003,0.0193,4.25,0.014100000000000001,31576.0,0.0143,0.0,7288.0,31380.0,0.031200000000000002,0.47090000000000004,0.47500000000000003,0.0,0.065,0.0,0.127,11.528
353734846,4,0,-0.099,0.061,0.10300000000000001,0.013000000000000001,0.0,-0.0291,0.0221,4.29,0.013300000000000001,31576.0,0.017,0.0,12291.0,31380.0,0.0362,0.47090000000000004,0.47500000000000003,0.0,0.065,0.0,-0.07200000000000001,11.528
353737549,4,0,0.039,0.0,0.101,0.013000000000000001,0.0,-0.027800000000000002,0.0179,4.32,0.013300000000000001,31848.0,0.015000000000000001,0.0,14994.0,31712.0,0.0323,0.47090000000000004,0.47500000000000003,0.0,0.065,0.0,-0.14200000000000002,11.528
353742549,4,0,0.019,-0.038,-0.093,0.012,0.0,-0.0261,0.020200000000000003,4.36,0.013800000000000002,31780.0,0.015700000000000002,0.0,0.0,31712.0,0.0327,0.4713,0.47200000000000003,0.0,0.059000000000000004,0.0,0.017,11.528
353746815,4,0,-0.155,0.073,0.053,0.013000000000000001,0.0,-0.0236,0.019700000000000002,4.41,0.013300000000000001,32120.0,0.0148,0.0,4266.0,31848.0,0.030600000000000002,0.4713,0.47200000000000003,0.0,0.059000000000000004,0.0,-0.018000000000000002,11.55
353749549,4,0,-0.043000000000000003,0.028,0.112,0.014,0.0,-0.0235,0.0183,4.43,0.0131,32120.0,0.014400000000000001,0.0,7000.0,32052.0,0.0296,0.4702,0.468,0.0,0.024,0.0,-0.289,11.55
353753549,4,0,0.106,-0.07,-0.007,0.014,0.0,-0.027700000000000002,0.0247,4.45,0.013300000000000001,32188.0,0.0182,0.0,11000.0,32052.0,0.0371,0.4702,0.468,0.0,0.024,0.0,-0.157,11.55
353757549,4,0,-0.10200000000000001,0.022,-0.095,0.013000000000000001,0.0,-0.0234,0.0164,4.5,0.013600000000000001,32608.0,0.0135,0.0,15000.0,32468.0,0.0281,0.4702,0.468,0.0,0.024,0.0,0.091,11.55
353761549,4,0,-0.115,0.052000000000000005,0.096,0.014,0.0,-0.022600000000000002,0.023100000000000002,4.54,0.0129,32680.0,0.0158,0.0,0.0,32536.0,0.0323,0.4701,0.47000000000000003,0.0,0.018000000000000002,0.0,-0.123,11.55
353766550,4,0,0.117,-0.06,0.004,0.014,0.0,-0.026500000000000003,0.0223,4.57,0.0131,32824.0,0.017,0.0,5001.0,32680.0,0.0345,0.4701,0.47000000000000003,0.0,0.018000000000000002,0.0,-0.163,11.49
353770954,4,0,-0.137,0.07,-0.079,0.014,0.0,-0.0279,0.013600000000000001,4.59,0.0132,33040.0,0.0149,0.0,9405.0,32824.0,0.029300000000000003,0.4711,0.47300000000000003,0.0,0.035,0.0,0.005,11.49
353773549,4,0,-0.139,0.078,0.033,0.014,0.0,-0.023,0.0206,4.63,0.0129,33112.0,0.015600000000000001,0.0,12000.0,32752.0,0.0308,0.4711,0.47300000000000003,0.0,0.035,0.0,-0.038,11.49
353777723,4,0,0.097,-0.034,0.105,0.015,0.0,-0.024300000000000002,0.021500000000000002,4.65,0.0126,33332.0,0.0162,0.0,16174.0,33184.0,0.0324,0.4711,0.47300000000000003,0.0,0.035,0.0,-0.186,11.49
353782549,4,0,-0.066,0.019,-0.122,0.014,0.0,-0.0204,0.025400000000000002,4.68,0.0131,33332.0,0.016300000000000002,0.0,0.0,33260.0,0.0324,0.4711,0.47100000000000003,0.0,0.027,0.0,0.07,11.49
353786549,4,0,-0.127,0.08600000000000001,0.025,0.015,0.0,-0.024,0.0268,4.72,0.012400000000000001,33632.0,0.0181,0.0,4000.0,33408.0,0.0359,0.4711,0.47100000000000003,0.0,0.027,0.0,-0.111,11.573
353790840,4,0,0.13,-0.057,0.037,0.015,0.0,-0.023100000000000002,0.018500000000000003,4.74,0.0125,33708.0,0.0154,0.0,8291.0,33408.0,0.029400000000000003,0.4703,0.46900000000000003,0.0,0.007,0.0,-0.222,11.573
353794892,4,0,-0.107,0.049,-0.124,0.015,0.0,-0.023700000000000002,0.027800000000000002,4.78,0.0125,33936.0,0.0189,0.0,12343.0,33632.0,0.0364,0.4703,0.46900000000000003,0.0,0.007,0.0,0.111,11.573
353797549,4,0,-0.184,0.105,-0.07200000000000001,0.016,0.0,-0.0251,0.0298,4.79,0.0122,33784.0,0.020200000000000003,0.0,15000.0,33632.0,0.0388,0.4703,0.46900000000000003,0.0,0.007,0.0,0.12,11.573
353801549,4,0,0.033,0.001,0.10400000000000001,0.017,0.0,-0.0233,0.028,4.83,0.011600000000000001,33860.0,0.019200000000000002,0.0,0.0,34168.0,0.0363,0.46880000000000005,0.466,0.0,-0.025,0.0,-0.135,11.573
353805853,4,0,0.012,-0.009000000000000001,-0.078,0.016,0.0,-0.0218,0.021500000000000002,4.87,0.0123,34248.0,0.0164,0.0,4304.0,34088.0,0.030600000000000002,0.46880000000000005,0.466,0.0,-0.025,0.0,0.182,11.573
353809900,4,0,-0.167,0.117,-0.07100000000000001,0.017,0.0,-0.025900000000000003,0.0234,4.88,0.0117,34324.0,0.0188,0.0,8351.0,34324.0,0.0349,0.46680000000000005,0.463,0.0,-0.061,0.0,0.101,11.526
353814904,4,0,0.145,-0.045,0.092,0.017,0.0,-0.030000000000000002,0.0221,4.92,0.0115,34720.0,0.0195,0.0,13355.0,34404.0,0.0368,0.46680000000000005,0.463,0.0,-0.061,0.0,-0.272,11.526
353817511,4,0,0.109,-0.041,0.02,0.016,0.0,-0.027600000000000003,0.0251,4.94,0.0119,34560.0,0.020200000000000003,0.0,15962.0,34404.0,0.0373,0.46680000000000005,0.463,0.0,-0.061,0.0,-0.033,11.526
353821902,4,0,-0.179,0.136,-0.07,0.017,0.0,-0.030600000000000002,0.0279,4.98,0.0114,34884.0,0.0221,0.0,0.0,34480.0,0.0413,0.4676,0.46900000000000003,0.0,-0.033,0.0,0.155,11.526
353826550,4,0,0.08700000000000001,-0.016,0.084,0.018000000000000002,0.0,-0.0263,0.0285,5.01,0.011000000000000001,34800.0,0.0211,0.0,4648.0,34640.0,0.0388,0.4676,0.46900000000000003,0.0,-0.033,0.0,-0.301,11.526
353831511,4,0,-0.034,0.028,-0.042,0.017,0.0,-0.0245,0.0264,5.05,0.011600000000000001,35212.0,0.02,0.0,9609.0,34964.0,0.036000000000000004,0.47050000000000003,0.47600000000000003,0.0,0.033,0.0,0.168,11.473
353833512,4,0,-0.169,0.123,-0.091,0.018000000000000002,0.0,-0.0274,0.0252,5.07,0.011300000000000001,35212.0,0.0201,0.0,11610.0,35048.0,0.037200000000000004,0.47050000000000003,0.47600000000000003,0.0,0.033,0.0,0.154,11.473
353838549,4,0,0.077,-0.009000000000000001,0.064,0.019,0.0,-0.0316,0.0296,5.1000000000000005,0.0105,35460.0,0.0239,0.0,16647.0,35296.0,0.043300000000000005,0.4717,0.47400000000000003,0.0,0.051000000000000004,0.0,-0.381,11.473
353842549,4,0,0.043000000000000003,-0.027,0.033,0.018000000000000002,0.0,-0.0268,0.0309,5.14,0.011000000000000001,35628.0,0.0228,0.0,0.0,35460.0,0.0408,0.4717,0.47400000000000003,0.0,0.051000000000000004,0.0,0.131,11.473
353846881,4,0,-0.158,0.116,-0.06,0.02,0.0,-0.0256,0.027200000000000002,5.16,0.0102,35712.0,0.0205,0.0,4332.0,35712.0,0.0373,0.4717,0.47400000000000003,0.0,0.051000000000000004,0.0,0.043000000000000003,11.473
353850922,4,0,0.14,-0.051000000000000004,0.046,0.02,0.0,-0.0318,0.0302,5.19,0.0102,35972.0,0.024300000000000002,0.0,8373.0,35628.0,0.0439,0.4718,0.47200000000000003,0.0,0.042,0.0,-0.23500000000000001,11.546
353853549,4,0,0.108,-0.059000000000000004,0.05,0.019,0.0,-0.0291,0.0258,5.21,0.0105,36056.0,0.0219,0.0,11000.0,35800.0,0.0388,0.4718,0.47200000000000003,0.0,0.042,0.0,0.121,11.546
353857914,4,0,-0.12,0.105,-0.051000000000000004,0.02,0.0,-0.0234,0.0055000000000000005,5.25,0.0102,36144.0,0.0114,0.0,15365.0,35972.0,0.0204,0.47150000000000003,0.47100000000000003,0.0,0.028,0.0,0.186,11.546
353862548,4,0,0.146,-0.018000000000000002,0.009000000000000001,0.02,0.0,-0.0334,0.0172,5.29,0.01,36320.0,0.020300000000000002,0.0,0.0,36056.0,0.0358,0.47150000000000003,0.47100000000000003,0.0,0.028,0.0,-0.271,11.546
353867061,4,0,-0.052000000000000005,0.035,0.001,0.019,0.0,-0.0328,0.0148,5.3100000000000005,0.0106,36408.0,0.019100000000000002,0.0,4513.0,36320.0,0.033600000000000005,0.47150000000000003,0.47100000000000003,0.0,0.028,0.0,0.057,11.546
353869513,4,0,-0.108,0.097,-0.023,0.02,0.0,-0.029500000000000002,0.0162,5.3500000000000005,0.0103,36856.0,0.0187,0.0,6965.0,36496.0,0.0324,0.47100000000000003,0.47000000000000003,0.0,0.012,0.0,0.128,11.546
353873939,4,0,0.14300000000000002,-0.026000000000000002,-0.027,0.02,0.0,-0.0327,0.0142,5.37,0.0099,36944.0,0.0194,0.0,11391.0,36496.0,0.0332,0.47100000000000003,0.47000000000000003,0.0,0.012,0.0,-0.222,11.47
353878087,4,0,0.008,0.02,-0.013000000000000001,0.019,0.0,-0.0346,0.0097,5.42,0.010400000000000001,37036.0,0.0182,0.0,15539.0,36672.0,0.0313,0.4706,0.47000000000000003,0.0,0.002,0.0,0.082,11.47
353882548,4,0,-0.12,0.094,-0.003,0.021,0.0,-0.0325,0.028200000000000003,5.47,0.0098,37036.0,0.0256,0.0,0.0,36944.0,0.0429,0.4706,0.47000000000000003,0.0,0.002,0.0,-0.097,11.47
353887543,4,0,0.10200000000000001,-0.06,-0.044,0.021,0.0,-0.0274,0.0244,5.51,0.0097,37312.0,0.0219,0.0,4995.0,37036.0,0.0366,0.4706,0.47000000000000003,0.0,0.002,0.0,-0.02,11.47
353889996,4,0,-0.056,0.041,-0.052000000000000005,0.021,0.0,-0.0333,0.0211,5.54,0.0099,37312.0,0.022600000000000002,0.0,7448.0,37312.0,0.0385,0.4701,0.46900000000000003,0.0,-0.01,0.0,0.23600000000000002,11.47
353895002,4,0,-0.014,0.041,-0.003,0.022,0.0,-0.0345,0.0088,5.58,0.0091,37500.0,0.0188,0.0,12454.0,37220.0,0.030600000000000002,0.4701,0.46900000000000003,0.0,-0.01,0.0,-0.19,11.464
353897510,4,0,0.1,-0.048,-0.014,0.022,0.0,-0.033600000000000005,0.0122,5.61,0.0091,37592.0,0.0195,0.0,14962.0,37500.0,0.0324,0.4701,0.46900000000000003,0.0,-0.01,0.0,-0.274,11.464
353902511,4,0,-0.097,0.051000000000000004,-0.043000000000000003,0.022,0.0,-0.0291,0.019100000000000002,5.66,0.0094,37688.0,0.0211,0.0,0.0,37500.0,0.0341,0.4697,0.46900000000000003,0.0,-0.015,0.0,-0.14400000000000002,11.464
353906924,4,0,0.047,0.003,0.01,0.023,0.0,-0.0359,0.016300000000000002,5.7,0.0088,38072.0,0.022600000000000002,0.0,4413.0,37784.0,0.0369,0.4697,0.46900000000000003,0.0,-0.015,0.0,-0.6880000000000001,11.464
353910929,4,0,0.046,-0.032,-0.023,0.022,0.0,-0.038900000000000004,0.0182,5.73,0.0092,38264.0,0.025500000000000002,0.0,8418.0,37784.0,0.040400000000000005,0.4691,0.468,0.0,-0.024,0.0,0.024,11.464
353914978,4,0,-0.134,0.091,-0.003,0.023,0.0,-0.034,0.0246,5.78,0.0088,38168.0,0.0264,0.0,12467.0,37976.0,0.0415,0.4691,0.468,0.0,-0.024,0.0,0.012,11.485
353917590,4,0,-0.048,0.042,0.022,0.023,0.0,-0.0327,0.027100000000000003,5.8,0.0085,38264.0,0.026500000000000003,0.0,15079.0,37976.0,0.042300000000000004,0.4691,0.468,0.0,-0.024,0.0,-0.295,11.485
353922549,4,0,0.032,-0.032,0.026000000000000002,0.023,0.0,-0.0357,0.0256,5.8500000000000005,0.0089,38560.0,0.0274,0.0,0.0,38460.0,0.0434,0.46840000000000004,0.467,0.0,-0.034,0.0,0.431,11.485
353927709,4,0,-0.1,0.078,0.023,0.024,0.0,-0.0351,0.0221,5.9,0.008400000000000001,38760.0,0.025500000000000002,0.0,5160.0,38364.0,0.0405,0.46840000000000004,0.467,0.0,-0.034,0.0,0.281,11.485
353930549,4,0,-0.018000000000000002,-0.01,0.017,0.024,0.0,-0.0316,0.0332,5.92,0.0083,38760.0,0.0292,0.0,8000.0,38264.0,0.0458,0.4672,0.465,0.0,-0.051000000000000004,0.0,-0.028,11.485
353935029,4,0,-0.099,0.065,0.043000000000000003,0.024,0.0,-0.033,0.0318,5.98,0.008400000000000001,38960.0,0.029400000000000003,0.0,12480.0,38760.0,0.0458,0.4672,0.465,0.0,-0.051000000000000004,0.0,-0.01,11.441
353937533,4,0,-0.113,0.089,0.057,0.024,0.0,-0.0315,0.0211,6.0,0.0081,39164.0,0.0238,0.0,14984.0,38960.0,0.037200000000000004,0.4672,0.465,0.0,-0.051000000000000004,0.0,-0.135,11.441
353942510,4,0,0.036000000000000004,-0.062,0.02,0.025,0.0,-0.0323,0.0224,6.05,0.0079,39064.0,0.025400000000000002,0.0,0.0,38860.0,0.038700000000000005,0.4682,0.47000000000000003,0.0,-0.021,0.0,-0.018000000000000002,11.441
353946991,4,0,-0.098,0.079,0.049,0.025,0.0,-0.027800000000000002,0.0236,6.1000000000000005,0.0077,39268.0,0.024200000000000003,0.0,4481.0,39268.0,0.0364,0.4682,0.47000000000000003,0.0,-0.021,0.0,0.056,11.441
353950995,4,0,0.018000000000000002,-0.031,0.035,0.026000000000000002,0.0,-0.030100000000000002,0.0241,6.15,0.007500000000000001,39576.0,0.0251,0.0,8485.0,39164.0,0.038400000000000004,0.47090000000000004,0.47600000000000003,0.0,0.038,0.0,-0.202,11.441
353955044,4,0,-0.008,0.007,0.004,0.025,0.0,-0.033,0.0204,6.18,0.0077,39368.0,0.0253,0.0,12534.0,39164.0,0.0378,0.47090000000000004,0.47600000000000003,0.0,0.038,0.0,0.244,11.469
353957510,4,0,-0.06,0.076,0.022,0.025,0.0,-0.0325,0.0235,6.21,0.0076,39892.0,0.0268,0.0,15000.0,39576.0,0.0396,0.47090000000000004,0.47600000000000003,0.0,0.038,0.0,-0.108,11.469
353961511,4,0,0.021,0.01,0.051000000000000004,0.026000000000000002,0.0,-0.0354,0.021,6.26,0.0074,40000.0,0.027100000000000003,0.0,0.0,39368.0,0.039900000000000005,0.4741,0.48000000000000004,0.0,0.094,0.0,-0.544,11.469
353966006,4,0,-0.019,0.045,0.006,0.025,0.0,-0.036500000000000005,0.0181,6.3100000000000005,0.0076,39892.0,0.026500000000000003,0.0,4495.0,39788.0,0.0386,0.4741,0.48000000000000004,0.0,0.094,0.0,0.03,11.469
353970510,4,0,0.011,0.04,0.014,0.026000000000000002,0.0,-0.0275,0.018600000000000002,6.36,0.0073,40216.0,0.0229,0.0,8999.0,40000.0,0.032600000000000004,0.4758,0.47900000000000004,0.0,0.11,0.0,-0.178,11.469
353975058,4,0,-0.035,-0.011,-0.005,0.026000000000000002,0.0,-0.028900000000000002,0.0229,6.38,0.007500000000000001,40648.0,0.0253,0.0,13547.0,40104.0,0.0366,0.4758,0.47900000000000004,0.0,0.11,0.0,0.069,11.434000000000001
353977677,4,0,-0.054,0.063,-0.001,0.026000000000000002,0.0,-0.0307,0.0279,6.42,0.0074,40540.0,0.029300000000000003,0.0,16166.0,40104.0,0.0415,0.4758,0.47900000000000004,0.0,0.11,0.0,0.151,11.434000000000001
353982548,4,0,0.024,-0.017,0.004,0.026000000000000002,0.0,-0.032,0.0167,6.47,0.0071,40432.0,0.0241,0.0,0.0,40432.0,0.0344,0.47550000000000003,0.47500000000000003,0.0,0.082,0.0,-0.032,11.434000000000001
353986548,4,0,-0.059000000000000004,0.02,-0.028,0.026000000000000002,0.0,-0.030100000000000002,0.021500000000000002,6.49,0.007200000000000001,40540.0,0.0257,0.0,4000.0,40760.0,0.036500000000000005,0.47550000000000003,0.47500000000000003,0.0,0.082,0.0,0.152,11.434000000000001
353991025,4,0,0.007,0.026000000000000002,-0.022,0.027,0.0,-0.0325,0.0217,6.53,0.0066,41096.0,0.0275,0.0,8477.0,40648.0,0.038400000000000004,0.4746,0.47300000000000003,0.0,0.048,0.0,-0.27,11.434000000000001
353995158,4,0,0.006,-0.025,-0.046,0.027,0.0,-0.0279,0.0148,6.58,0.0068000000000000005,41208.0,0.0213,0.0,12610.0,40984.0,0.0302,0.4746,0.47300000000000003,0.0,0.048,0.0,-0.114,11.346
353997551,4,0,-0.063,0.035,-0.045,0.027,0.0,-0.026600000000000002,0.0178,6.6000000000000005,0.0067,41096.0,0.0222,0.0,15003.0,40872.0,0.031400000000000004,0.4746,0.47300000000000003,0.0,0.048,0.0,0.026000000000000002,11.346
354002510,4,0,0.016,-0.013000000000000001,-0.018000000000000002,0.028,0.0,-0.027200000000000002,0.028300000000000002,6.640000000000001,0.0063,41320.0,0.0279,0.0,0.0,40984.0,0.0392,0.47300000000000003,0.47000000000000003,0.0,0.006,0.0,-0.262,11.346
354006548,4,0,-0.008,-0.009000000000000001,-0.059000000000000004,0.028,0.0,-0.0261,0.0199,6.66,0.0064,41320.0,0.024,0.0,4038.0,41096.0,0.0325,0.47300000000000003,0.47000000000000003,0.0,0.006,0.0,0.10300000000000001,11.346
354011040,4,0,-0.005,0.036000000000000004,-0.042,0.028,0.0,-0.031200000000000002,0.020200000000000003,6.71,0.0061,41552.0,0.026600000000000002,0.0,8530.0,41208.0,0.0364,0.4723,0.47100000000000003,0.0,-0.009000000000000001,0.0,0.004,11.346
354015090,4,0,-0.007,-0.029,-0.055,0.028,0.0,-0.029500000000000002,0.0329,6.75,0.006200000000000001,41900.0,0.0324,0.0,12580.0,41320.0,0.0441,0.4723,0.47100000000000003,0.0,-0.009000000000000001,0.0,0.094,11.373000000000001
354017512,4,0,-0.041,0.036000000000000004,-0.048,0.028,0.0,-0.031,0.0252,6.7700000000000005,0.0061,41900.0,0.029300000000000003,0.0,15002.0,41436.0,0.0397,0.4723,0.47100000000000003,0.0,-0.009000000000000001,0.0,0.27,11.373000000000001
354022511,4,0,0.031,0.014,-0.017,0.029,0.0,-0.0309,0.0224,6.82,0.0058000000000000005,41784.0,0.027800000000000002,0.0,0.0,41784.0,0.037700000000000004,0.4722,0.47200000000000003,0.0,-0.01,0.0,-0.061,11.373000000000001
354027635,4,0,-0.05,0.04,-0.041,0.029,0.0,-0.0303,0.0281,6.86,0.0058000000000000005,42016.0,0.030500000000000003,0.0,5124.0,41900.0,0.0412,0.4722,0.47200000000000003,0.0,-0.01,0.0,0.202,11.373000000000001
354030102,4,0,-0.014,0.059000000000000004,0.002,0.03,0.0,-0.026000000000000002,0.028300000000000002,6.88,0.0055000000000000005,42252.0,0.028900000000000002,0.0,7591.0,41784.0,0.038400000000000004,0.47140000000000004,0.47000000000000003,0.0,-0.023,0.0,0.114,11.373000000000001
354035063,4,0,-0.002,-0.029,-0.015,0.03,0.0,-0.026500000000000003,0.024200000000000003,6.93,0.0055000000000000005,42252.0,0.026600000000000002,0.0,12552.0,42016.0,0.0358,0.47140000000000004,0.47000000000000003,0.0,-0.023,0.0,0.23900000000000002,11.338000000000001
354037550,4,0,-0.048,0.024,-0.011,0.03,0.0,-0.0258,0.0236,6.95,0.0055000000000000005,42492.0,0.025900000000000003,0.0,15039.0,42136.0,0.0349,0.47140000000000004,0.47000000000000003,0.0,-0.023,0.0,0.34800000000000003,11.338000000000001
354042509,4,0,0.041,0.005,0.049,0.03,0.0,-0.031900000000000005,0.0247,6.99,0.005200000000000001,42612.0,0.0302,0.0,0.0,42136.0,0.040100000000000004,0.4702,0.468,0.0,-0.043000000000000003,0.0,-0.031,11.338000000000001
354047065,4,0,-0.034,0.041,0.02,0.03,0.0,-0.0346,0.019,7.04,0.005200000000000001,42736.0,0.0287,0.0,4556.0,42372.0,0.0379,0.4702,0.468,0.0,-0.043000000000000003,0.0,0.164,11.338000000000001
354051069,4,0,0.029,0.027,0.037,0.031,0.0,-0.0324,0.0224,7.0600000000000005,0.0049,43104.0,0.0297,0.0,8560.0,42492.0,0.038700000000000005,0.46940000000000004,0.468,0.0,-0.05,0.0,-0.11800000000000001,11.338000000000001
354053566,4,0,0.046,-0.024,0.034,0.031,0.0,-0.030000000000000002,0.0207,7.1000000000000005,0.0049,42856.0,0.0273,0.0,11057.0,42492.0,0.0359,0.46940000000000004,0.468,0.0,-0.05,0.0,-0.032,11.316
354058549,4,0,-0.017,0.039,0.04,0.031,0.0,-0.031,0.0166,7.15,0.0049,43104.0,0.026600000000000002,0.0,16040.0,42856.0,0.0337,0.46940000000000004,0.468,0.0,-0.05,0.0,0.186,11.316
354063080,4,0,0.023,-0.023,0.042,0.031,0.0,-0.0315,0.0223,7.19,0.0049,43352.0,0.029400000000000003,0.0,0.0,42980.0,0.038,0.4686,0.467,0.0,-0.057,0.0,0.046,11.316
354067551,4,0,-0.013000000000000001,0.046,0.015,0.031,0.0,-0.0322,0.0188,7.21,0.0048000000000000004,43352.0,0.027700000000000002,0.0,4471.0,42856.0,0.036000000000000004,0.4686,0.467,0.0,-0.057,0.0,0.183,11.316
354070131,4,0,0.064,0.029,0.024,0.031,0.0,-0.0302,0.016800000000000002,7.26,0.0048000000000000004,43604.0,0.0262,0.0,7051.0,42856.0,0.0332,0.46940000000000004,0.47100000000000003,0.0,-0.029,0.0,-0.014,11.316
354074509,4,0,-0.014,-0.014,-0.002,0.031,0.0,-0.0317,0.0167,7.28,0.0049,43860.0,0.027100000000000003,0.0,11429.0,43104.0,0.0342,0.46940000000000004,0.47100000000000003,0.0,-0.029,0.0,0.07200000000000001,11.342
354079091,4,0,0.049,0.034,0.012,0.031,0.0,-0.0302,0.0211,7.33,0.0047,43732.0,0.028200000000000003,0.0,16011.0,43228.0,0.0363,0.47140000000000004,0.47500000000000003,0.0,0.016,0.0,0.008,11.342
354083507,4,0,0.022,-0.016,-0.006,0.031,0.0,-0.0313,0.011600000000000001,7.37,0.0049,43988.0,0.0239,0.0,0.0,43604.0,0.0303,0.47140000000000004,0.47500000000000003,0.0,0.016,0.0,0.055,11.342
354085508,4,0,-0.036000000000000004,0.018000000000000002,-0.021,0.031,0.0,-0.0313,0.016800000000000002,7.390000000000001,0.0048000000000000004,44116.0,0.0275,0.0,2001.0,43352.0,0.034,0.47140000000000004,0.47500000000000003,0.0,0.016,0.0,0.053,11.342
354090551,4,0,0.041,0.02,-0.017,0.031,0.0,-0.031,0.0211,7.44,0.0047,44116.0,0.029500000000000002,0.0,7044.0,43480.0,0.0368,0.4733,0.47700000000000004,0.0,0.052000000000000005,0.0,-0.069,11.342
354095151,4,0,-0.028,0.027,-0.039,0.031,0.0,-0.031100000000000003,0.0131,7.48,0.0047,44248.0,0.0252,0.0,11644.0,43604.0,0.0313,0.4733,0.47700000000000004,0.0,0.052000000000000005,0.0,0.109,11.341000000000001
354097509,4,0,0.002,0.042,-0.023,0.031,0.0,-0.032100000000000004,0.013900000000000001,7.5,0.0046,44248.0,0.0261,0.0,14002.0,43860.0,0.032600000000000004,0.4733,0.47700000000000004,0.0,0.052000000000000005,0.0,0.078,11.341000000000001
354102508,4,0,0.014,-0.006,-0.016,0.031,0.0,-0.0324,0.016800000000000002,7.55,0.0047,44376.0,0.029,0.0,0.0,43860.0,0.034800000000000005,0.4753,0.47900000000000004,0.0,0.081,0.0,-0.031,11.341000000000001
354106511,4,0,-0.004,0.042,-0.024,0.031,0.0,-0.0322,0.013000000000000001,7.57,0.0046,44512.0,0.025500000000000002,0.0,4003.0,44116.0,0.031900000000000005,0.4753,0.47900000000000004,0.0,0.081,0.0,0.019,11.341000000000001
354111114,4,0,0.023,-0.01,-0.023,0.031,0.0,-0.0302,0.014700000000000001,7.61,0.0047,44912.0,0.0256,0.0,8606.0,44248.0,0.0317,0.4763,0.47800000000000004,0.0,0.084,0.0,-0.068,11.341000000000001
354115164,4,0,-0.011,0.031,0.001,0.031,0.0,-0.029400000000000003,0.013300000000000001,7.65,0.0046,44912.0,0.024800000000000003,0.0,12656.0,44376.0,0.030100000000000002,0.4763,0.47800000000000004,0.0,0.084,0.0,0.03,11.341000000000001
354117508,4,0,0.045,0.018000000000000002,0.02,0.031,0.0,-0.029300000000000003,0.0123,7.68,0.0047,45044.0,0.024900000000000002,0.0,15000.0,44640.0,0.029400000000000003,0.4763,0.47800000000000004,0.0,0.084,0.0,-0.068,11.341000000000001
354121519,4,0,-0.002,-0.009000000000000001,0.014,0.031,0.0,-0.029500000000000002,0.0145,7.7,0.0048000000000000004,45180.0,0.025900000000000003,0.0,0.0,44776.0,0.031100000000000003,0.47650000000000003,0.47700000000000004,0.0,0.07200000000000001,0.0,-0.076,11.341000000000001
354126126,4,0,0.044,0.021,0.034,0.031,0.0,-0.031200000000000002,0.0123,7.74,0.0048000000000000004,45180.0,0.026000000000000002,0.0,4607.0,45044.0,0.0307,0.47650000000000003,0.47700000000000004,0.0,0.07200000000000001,0.0,0.003,11.341000000000001
354130508,4,0,0.009000000000000001,0.0,0.023,0.031,0.0,-0.032100000000000004,0.0118,7.78,0.0049,45316.0,0.0262,0.0,8989.0,44912.0,0.031100000000000003,0.47700000000000004,0.47800000000000004,0.0,0.068,0.0,-0.044,11.341000000000001
354134508,4,0,-0.002,0.033,0.032,0.031,0.0,-0.0325,0.013000000000000001,7.82,0.0048000000000000004,45316.0,0.0273,0.0,12989.0,44912.0,0.0322,0.47700000000000004,0.47800000000000004,0.0,0.068,0.0,0.07,11.336
354138509,4,0,0.054,-0.01,0.045,0.031,0.0,-0.0296,0.0108,7.84,0.0049,45592.0,0.0245,0.0,16990.0,45180.0,0.0286,0.4777,0.47900000000000004,0.0,0.068,0.0,-0.055,11.336
354143138,4,0,-0.013000000000000001,0.035,0.035,0.031,0.0,-0.0313,0.011300000000000001,7.890000000000001,0.0048000000000000004,46012.0,0.0256,0.0,0.0,45180.0,0.030100000000000002,0.4777,0.47900000000000004,0.0,0.068,0.0,0.069,11.336
354147520,4,0,0.062,-0.003,0.028,0.031,0.0,-0.0317,0.0095,7.930000000000001,0.0049,45872.0,0.024800000000000003,0.0,4382.0,45592.0,0.0292,0.4777,0.47900000000000004,0.0,0.068,0.0,-0.097,11.336
354149532,4,0,-0.004,0.007,0.013000000000000001,0.031,0.0,-0.0315,0.007500000000000001,7.95,0.0049,45872.0,0.0239,0.0,6394.0,45316.0,0.0275,0.4792,0.48200000000000004,0.0,0.084,0.0,0.002,11.336
354154550,4,0,0.034,0.04,0.007,0.031,0.0,-0.0327,0.0068000000000000005,7.99,0.0047,46012.0,0.024,0.0,11412.0,45732.0,0.0279,0.4792,0.48200000000000004,0.0,0.084,0.0,-0.037,11.282
354159149,4,0,-0.039,0.012,0.0,0.031,0.0,-0.0297,0.010400000000000001,8.03,0.0047,46012.0,0.0251,0.0,16011.0,45872.0,0.0284,0.48160000000000003,0.48600000000000004,0.0,0.115,0.0,-0.038,11.282
354163511,4,0,0.069,0.015,0.006,0.031,0.0,-0.0291,0.0074,8.05,0.0047,46440.0,0.023200000000000002,0.0,0.0,45872.0,0.0258,0.48160000000000003,0.48600000000000004,0.0,0.115,0.0,-0.045,11.282
354166153,4,0,0.009000000000000001,-0.006,-0.02,0.031,0.0,-0.031400000000000004,0.0103,8.09,0.0047,46296.0,0.0262,0.0,2642.0,46012.0,0.029500000000000002,0.48160000000000003,0.48600000000000004,0.0,0.115,0.0,-0.044,11.282
354170207,4,0,-0.004,0.025,-0.045,0.032,0.0,-0.0298,0.0083,8.11,0.0045000000000000005,46440.0,0.0234,0.0,6696.0,46012.0,0.027,0.48210000000000003,0.48300000000000004,0.0,0.10200000000000001,0.0,0.024,11.282
354174508,4,0,0.036000000000000004,0.003,-0.026000000000000002,0.031,0.0,-0.0328,0.012400000000000001,8.15,0.0046,46728.0,0.0284,0.0,10997.0,46152.0,0.031900000000000005,0.48210000000000003,0.48300000000000004,0.0,0.10200000000000001,0.0,-0.091,11.251
354179165,4,0,-0.019,0.017,-0.022,0.032,0.0,-0.0302,0.0148,8.19,0.004200000000000001,46728.0,0.027600000000000003,0.0,15654.0,46296.0,0.0318,0.48140000000000005,0.48000000000000004,0.0,0.067,0.0,-0.042,11.251
354183169,4,0,0.04,-0.012,-0.036000000000000004,0.032,0.0,-0.027200000000000002,0.0098,8.24,0.0044,47320.0,0.0228,0.0,0.0,46440.0,0.0261,0.48140000000000005,0.48000000000000004,0.0,0.067,0.0,-0.032,11.251
354187295,4,0,-0.082,0.031,-0.03,0.033,0.0,-0.0322,0.0129,8.27,0.004,46876.0,0.028800000000000003,0.0,4126.0,46584.0,0.031900000000000005,0.48140000000000005,0.48000000000000004,0.0,0.067,0.0,0.014,11.251
354189531,4,0,0.022,0.013000000000000001,-0.025,0.033,0.0,-0.0317,0.020200000000000003,8.290000000000001,0.0039000000000000003,47020.0,0.0329,0.0,6362.0,46728.0,0.0367,0.4802,0.47800000000000004,0.0,0.03,0.0,-0.032,11.251
354194177,4,0,-0.033,0.01,-0.011,0.033,0.0,-0.0296,0.003,8.34,0.004,47168.0,0.021,0.0,11008.0,46584.0,0.023,0.4802,0.47800000000000004,0.0,0.03,0.0,-0.016,11.202
354198202,4,0,0.005,0.017,-0.011,0.033,0.0,-0.031400000000000004,0.0177,8.39,0.0037,47468.0,0.031200000000000002,0.0,15033.0,46728.0,0.0347,0.4787,0.47600000000000003,0.0,-0.005,0.0,-0.10400000000000001,11.202
354202507,4,0,0.016,0.001,0.025,0.033,0.0,-0.0309,0.0134,8.41,0.0038,47468.0,0.029300000000000003,0.0,0.0,47320.0,0.0313,0.4787,0.47600000000000003,0.0,-0.005,0.0,-0.132,11.202
354206510,4,0,-0.021,0.02,0.024,0.033,0.0,-0.0281,0.0118,8.46,0.0036000000000000003,47768.0,0.025400000000000002,0.0,4003.0,47468.0,0.028200000000000003,0.4787,0.47600000000000003,0.0,-0.005,0.0,-0.01,11.202
354210510,4,0,0.034,-0.006,0.006,0.033,0.0,-0.030000000000000002,0.0175,8.51,0.0037,47924.0,0.0307,0.0,8003.0,47320.0,0.033600000000000005,0.4767,0.47300000000000003,0.0,-0.044,0.0,-0.121,11.202
354215238,4,0,0.003,0.001,0.046,0.033,0.0,-0.026600000000000002,0.0102,8.56,0.0036000000000000003,47924.0,0.0247,0.0,12731.0,47468.0,0.026000000000000002,0.4767,0.47300000000000003,0.0,-0.044,0.0,0.004,11.217
354217507,4,0,0.064,-0.016,0.051000000000000004,0.033,0.0,-0.028,0.0106,8.56,0.0037,47768.0,0.0257,0.0,15000.0,47020.0,0.0273,0.4767,0.47300000000000003,0.0,-0.044,0.0,-0.15,11.217
354222208,4,0,-0.045,0.017,0.03,0.033,0.0,-0.0297,0.0132,8.61,0.0037,48076.0,0.0279,0.0,0.0,47620.0,0.0304,0.4747,0.47100000000000003,0.0,-0.075,0.0,-0.083,11.217
354226507,4,0,0.124,-0.002,0.028,0.033,0.0,-0.0316,0.0022,8.65,0.004,48544.0,0.0218,0.0,4299.0,47768.0,0.0239,0.4747,0.47100000000000003,0.0,-0.075,0.0,-0.10400000000000001,11.217
354230508,4,0,-0.08600000000000001,0.028,0.033,0.033,0.0,-0.0318,0.0146,8.700000000000001,0.0038,48232.0,0.0303,0.0,8300.0,47924.0,0.0328,0.47450000000000003,0.47400000000000003,0.0,-0.065,0.0,0.12,11.217
354235252,4,0,0.183,-0.03,-0.004,0.032,0.0,-0.0244,-0.002,8.75,0.004200000000000001,48544.0,0.0158,0.0,13044.0,47768.0,0.0159,0.47450000000000003,0.47400000000000003,0.0,-0.065,0.0,-0.14200000000000002,11.137
354237507,4,0,0.046,0.006,0.01,0.032,0.0,-0.0268,-0.0071,8.78,0.0043,48388.0,0.012700000000000001,0.0,15299.0,47768.0,0.013900000000000001,0.47450000000000003,0.47400000000000003,0.0,-0.065,0.0,-0.016,11.137
354242210,4,0,0.091,0.002,-0.004,0.032,0.0,-0.0342,0.0182,8.82,0.0041,48388.0,0.036000000000000004,0.0,0.0,48076.0,0.0371,0.47540000000000004,0.47700000000000004,0.0,-0.035,0.0,-0.214,11.137
354246507,4,0,0.036000000000000004,0.001,-0.03,0.032,0.0,-0.027100000000000003,-0.0012000000000000001,8.85,0.0044,48860.0,0.017,0.0,4297.0,48232.0,0.0183,0.47540000000000004,0.47700000000000004,0.0,-0.035,0.0,0.007,11.137
354250551,4,0,-0.011,0.023,-0.038,0.032,0.0,-0.0284,0.0049,8.9,0.0044,48860.0,0.022500000000000003,0.0,8341.0,48232.0,0.0235,0.4752,0.47500000000000003,0.0,-0.03,0.0,-0.02,11.137
354255267,4,0,-0.016,0.005,-0.012,0.032,0.0,-0.0291,0.012700000000000001,8.950000000000001,0.0045000000000000005,48860.0,0.029,0.0,13057.0,48232.0,0.0296,0.4752,0.47500000000000003,0.0,-0.03,0.0,0.007,11.183
354257507,4,0,-0.031,0.006,-0.01,0.032,0.0,-0.0252,0.0057,8.97,0.0043,48700.0,0.0216,0.0,15297.0,48700.0,0.0219,0.4752,0.47500000000000003,0.0,-0.03,0.0,-0.002,11.183
354262507,4,0,0.02,0.001,-0.036000000000000004,0.032,0.0,-0.029500000000000002,0.0099,9.02,0.0044,49180.0,0.027100000000000003,0.0,0.0,48700.0,0.0279,0.4741,0.47200000000000003,0.0,-0.047,0.0,-0.115,11.183
354266507,4,0,-0.031,-0.002,-0.005,0.032,0.0,-0.0273,0.0086,9.05,0.0041,49344.0,0.0239,0.0,4000.0,48860.0,0.025400000000000002,0.4741,0.47200000000000003,0.0,-0.047,0.0,-0.026000000000000002,11.183
354270507,4,0,0.046,-0.022,-0.003,0.032,0.0,-0.024300000000000002,0.0079,9.1,0.0043,49344.0,0.0219,0.0,8000.0,48700.0,0.0228,0.47340000000000004,0.47200000000000003,0.0,-0.052000000000000005,0.0,-0.054,11.183
354275280,4,0,-0.023,-0.008,0.009000000000000001,0.033,0.0,-0.028200000000000003,0.0176,9.15,0.0039000000000000003,49504.0,0.031900000000000005,0.0,12773.0,49344.0,0.0324,0.47340000000000004,0.47200000000000003,0.0,-0.052000000000000005,0.0,-0.006,11.108
354277675,4,0,0.08600000000000001,-0.039,0.007,0.033,0.0,-0.0262,0.015000000000000001,9.17,0.004,49668.0,0.0298,0.0,15168.0,49344.0,0.0292,0.47340000000000004,0.47200000000000003,0.0,-0.052000000000000005,0.0,-0.085,11.108
354282550,4,0,-0.082,-0.001,0.067,0.032,0.0,-0.0228,0.0074,9.22,0.004,49668.0,0.0221,0.0,0.0,49020.0,0.0213,0.47250000000000003,0.47100000000000003,0.0,-0.058,0.0,-0.001,11.108
354285288,4,0,0.03,-0.023,0.027,0.033,0.0,-0.027600000000000003,0.0236,9.24,0.0039000000000000003,49668.0,0.0366,0.0,2738.0,49344.0,0.0362,0.47250000000000003,0.47100000000000003,0.0,-0.058,0.0,-0.139,11.108
354289530,4,0,-0.043000000000000003,-0.016,0.026000000000000002,0.032,0.0,-0.0228,0.012,9.28,0.0041,50168.0,0.0245,0.0,6980.0,49504.0,0.0246,0.47200000000000003,0.47100000000000003,0.0,-0.057,0.0,-0.061,11.108
354294260,4,0,0.034,-0.015,0.029,0.032,0.0,-0.0263,0.0171,9.32,0.004,50000.0,0.031400000000000004,0.0,11710.0,49668.0,0.0307,0.47200000000000003,0.47100000000000003,0.0,-0.057,0.0,-0.10300000000000001,11.108
354299250,4,0,-0.065,0.01,0.02,0.033,0.0,-0.0264,0.0159,9.36,0.004,50168.0,0.0304,0.0,16700.0,49668.0,0.029900000000000003,0.4716,0.47100000000000003,0.0,-0.053,0.0,-0.014,11.099
354303253,4,0,0.036000000000000004,-0.004,-0.011,0.032,0.0,-0.025900000000000003,0.0152,9.39,0.0041,50504.0,0.029300000000000003,0.0,0.0,49832.0,0.029,0.4716,0.47100000000000003,0.0,-0.053,0.0,-0.135,11.099
354305301,4,0,-0.047,0.01,0.01,0.032,0.0,-0.0262,0.020300000000000002,9.41,0.0041,50168.0,0.0339,0.0,2048.0,49832.0,0.0329,0.4716,0.47100000000000003,0.0,-0.053,0.0,-0.091,11.099
354309533,4,0,0.0,-0.019,-0.013000000000000001,0.033,0.0,-0.0211,0.014700000000000001,9.450000000000001,0.004,50504.0,0.025,0.0,6280.0,49504.0,0.0253,0.4721,0.47300000000000003,0.0,-0.033,0.0,-0.02,11.099
354314551,4,0,-0.034,-0.01,-0.049,0.032,0.0,-0.0206,0.0155,9.49,0.0041,50848.0,0.0262,0.0,11298.0,50336.0,0.0256,0.4721,0.47300000000000003,0.0,-0.033,0.0,-0.079,11.099
354319278,4,0,0.069,-0.019,-0.047,0.033,0.0,-0.0253,0.0134,9.51,0.004,51020.0,0.0286,0.0,16025.0,50504.0,0.0274,0.47350000000000003,0.47600000000000003,0.0,0.001,0.0,-0.109,11.187
354321506,4,0,0.0,-0.02,-0.043000000000000003,0.032,0.0,-0.022600000000000002,0.011000000000000001,9.53,0.004,51020.0,0.0241,0.0,0.0,50336.0,0.023700000000000002,0.47350000000000003,0.47600000000000003,0.0,0.001,0.0,-0.1,11.187
354326272,4,0,0.042,-0.018000000000000002,-0.045,0.033,0.0,-0.0227,0.012700000000000001,9.58,0.0039000000000000003,51192.0,0.0253,0.0,4766.0,50676.0,0.0251,0.47350000000000003,0.47600000000000003,0.0,0.001,0.0,0.03,11.187
354330322,4,0,-0.017,-0.003,-0.022,0.033,0.0,-0.026600000000000002,0.0077,9.6,0.004,51192.0,0.025400000000000002,0.0,8816.0,50676.0,0.024200000000000003,0.47440000000000004,0.47600000000000003,0.0,0.018000000000000002,0.0,-0.038,11.187
354334506,4,0,0.034,-0.005,-0.017,0.033,0.0,-0.0269,0.011600000000000001,9.64,0.0039000000000000003,51192.0,0.027800000000000002,0.0,13000.0,50676.0,0.027200000000000002,0.47440000000000004,0.47600000000000003,0.0,0.018000000000000002,0.0,0.058,11.187
354338506,4,0,-0.012,0.009000000000000001,-0.021,0.032,0.0,-0.0273,0.0128,9.68,0.004,51368.0,0.0291,0.0,17000.0,51020.0,0.0284,0.47490000000000004,0.47600000000000003,0.0,0.026000000000000002,0.0,-0.032,11.003
354342506,4,0,0.014,0.0,0.008,0.033,0.0,-0.0261,0.013800000000000002,9.700000000000001,0.0039000000000000003,51544.0,0.0303,0.0,0.0,51020.0,0.028200000000000003,0.47490000000000004,0.47600000000000003,0.0,0.026000000000000002,0.0,0.069,11.003
354346550,4,0,0.049,0.007,-0.001,0.033,0.0,-0.0251,0.0129,9.74,0.004,51724.0,0.0281,0.0,4044.0,50848.0,0.0269,0.47490000000000004,0.47600000000000003,0.0,0.026000000000000002,0.0,-0.053,11.003
354349288,4,0,-0.045,-0.005,0.035,0.033,0.0,-0.023700000000000002,0.0123,9.76,0.0038,51904.0,0.027,0.0,6782.0,51192.0,0.025500000000000002,0.4753,0.47600000000000003,0.0,0.028,0.0,0.14400000000000002,11.003
354353294,4,0,0.044,0.016,-0.01,0.033,0.0,-0.025900000000000003,0.013900000000000001,9.8,0.0038,51724.0,0.029400000000000003,0.0,10788.0,51544.0,0.0281,0.4753,0.47600000000000003,0.0,0.028,0.0,-0.07100000000000001,11.003
354357505,4,0,-0.05,0.0,0.068,0.033,0.0,-0.0268,0.0134,9.83,0.0036000000000000003,51904.0,0.0307,0.0,14999.0,51368.0,0.0285,0.4753,0.47600000000000003,0.0,0.028,0.0,0.133,11.105
354362505,4,0,-0.003,0.026000000000000002,0.011,0.033,0.0,-0.027100000000000003,0.015000000000000001,9.89,0.0036000000000000003,52084.0,0.032100000000000004,0.0,0.0,51544.0,0.0297,0.4752,0.47500000000000003,0.0,0.021,0.0,-0.023,11.105
354366505,4,0,0.002,-0.006,0.031,0.034,0.0,-0.0269,0.0125,9.91,0.0034000000000000002,51904.0,0.0298,0.0,4000.0,51544.0,0.027800000000000002,0.4752,0.47500000000000003,0.0,0.021,0.0,0.13,11.105
354371305,4,0,-0.038,0.023,0.025,0.034,0.0,-0.027100000000000003,0.013300000000000001,9.950000000000001,0.0033,52448.0,0.029900000000000003,0.0,8800.0,51544.0,0.0286,0.4751,0.47500000000000003,0.0,0.015,0.0,-0.041,11.105
354373306,4,0,-0.039,0.0,0.039,0.034,0.0,-0.027600000000000003,0.0135,9.97,0.0031000000000000003,52084.0,0.0323,0.0,10801.0,51724.0,0.029,0.4751,0.47500000000000003,0.0,0.015,0.0,0.074,11.105
354377676,4,0,0.063,0.022,-0.047,0.034,0.0,-0.0275,0.013800000000000002,10.01,0.0032,52264.0,0.0325,0.0,15171.0,51904.0,0.029300000000000003,0.4751,0.47500000000000003,0.0,0.015,0.0,-0.124,11.037
354382310,4,0,0.003,-0.018000000000000002,0.014,0.035,0.0,-0.0263,0.0166,10.05,0.003,52632.0,0.033800000000000004,0.0,0.0,51904.0,0.0303,0.4758,0.47700000000000004,0.0,0.025,0.0,0.062,11.037
354386315,4,0,0.008,0.036000000000000004,-0.038,0.034,0.0,-0.0285,0.0167,10.07,0.0031000000000000003,52632.0,0.0351,0.0,4005.0,52084.0,0.032,0.4758,0.47700000000000004,0.0,0.025,0.0,-0.149,11.037
354390366,4,0,0.002,-0.012,-0.015,0.035,0.0,-0.0296,0.016900000000000002,10.120000000000001,0.0029000000000000002,53004.0,0.036500000000000005,0.0,8056.0,52084.0,0.0328,0.4773,0.48000000000000004,0.0,0.05,0.0,0.091,11.037
354394505,4,0,0.006,0.04,-0.047,0.035,0.0,-0.0287,0.0161,10.17,0.003,52632.0,0.0342,0.0,12195.0,52448.0,0.0317,0.4773,0.48000000000000004,0.0,0.05,0.0,-0.176,11.037
354398505,4,0,0.027,-0.021,0.013000000000000001,0.035,0.0,-0.027600000000000003,0.0118,10.200000000000001,0.0028,53004.0,0.031900000000000005,0.0,16195.0,52632.0,0.027800000000000002,0.47750000000000004,0.47800000000000004,0.0,0.045,0.0,0.005,11.1
354402505,4,0,-0.003,0.046,-0.027,0.035,0.0,-0.028800000000000003,0.0154,10.25,0.0029000000000000002,53192.0,0.0345,0.0,0.0,52448.0,0.0313,0.47750000000000004,0.47800000000000004,0.0,0.045,0.0,-0.246,11.1
354407361,4,0,0.124,-0.006,-0.004,0.035,0.0,-0.030000000000000002,0.0102,10.3,0.0028,53380.0,0.0322,0.0,4856.0,52632.0,0.0284,0.47750000000000004,0.47800000000000004,0.0,0.045,0.0,-0.058,11.1
354409529,4,0,0.116,0.041,-0.035,0.035,0.0,-0.029300000000000003,0.0064,10.33,0.0029000000000000002,53380.0,0.0285,0.0,7024.0,53004.0,0.0252,0.4773,0.47700000000000004,0.0,0.032,0.0,-0.222,11.1
354414505,4,0,0.028,-0.01,0.038,0.035,0.0,-0.031,0.015600000000000001,10.38,0.0027,53380.0,0.0374,0.0,12000.0,52816.0,0.033,0.4773,0.47700000000000004,0.0,0.032,0.0,0.032,11.1
354419308,4,0,-0.019,0.032,0.043000000000000003,0.035,0.0,-0.0287,0.0018000000000000002,10.43,0.0029000000000000002,53380.0,0.0238,0.0,16803.0,53192.0,0.0216,0.47690000000000005,0.47600000000000003,0.0,0.016,0.0,-0.124,10.889
354421341,4,0,-0.023,-0.011,0.082,0.035,0.0,-0.029400000000000003,0.0067,10.450000000000001,0.0028,53572.0,0.028900000000000002,0.0,0.0,53192.0,0.0256,0.47690000000000005,0.47600000000000003,0.0,0.016,0.0,0.05,10.889
354425389,4,0,0.045,0.049,-0.032,0.035,0.0,-0.031,0.0217,10.450000000000001,0.0029000000000000002,53956.0,0.0427,0.0,4048.0,53004.0,0.037200000000000004,0.47690000000000005,0.47600000000000003,0.0,0.016,0.0,-0.199,10.889
354430393,4,0,0.05,-0.014,0.027,0.035,0.0,-0.0303,0.0091,10.450000000000001,0.0027,53956.0,0.031400000000000004,0.0,9052.0,53192.0,0.0279,0.4762,0.47500000000000003,0.0,0.0,0.0,-0.054,10.889
354434504,4,0,-0.029,0.037,-0.021,0.035,0.0,-0.0308,0.0164,10.450000000000001,0.0026000000000000003,53956.0,0.037700000000000004,0.0,13163.0,53380.0,0.0334,0.4762,0.47500000000000003,0.0,0.0,0.0,-0.24,10.889
354438505,4,0,0.051000000000000004,-0.022,0.013000000000000001,0.035,0.0,-0.029900000000000003,0.0126,10.46,0.0026000000000000003,54152.0,0.0339,0.0,17164.0,53572.0,0.030000000000000002,0.4751,0.47300000000000003,0.0,-0.022,0.0,0.008,11.058
354441353,4,0,0.021,0.04,-0.066,0.035,0.0,-0.0303,0.0105,10.46,0.0026000000000000003,54152.0,0.0327,0.0,0.0,53572.0,0.028800000000000003,0.4751,0.47300000000000003,0.0,-0.022,0.0,-0.198,11.058
354445505,4,0,-0.009000000000000001,-0.036000000000000004,0.041,0.036000000000000004,0.0,-0.0307,0.016300000000000002,10.46,0.0024000000000000002,54152.0,0.037700000000000004,0.0,4152.0,53764.0,0.0332,0.4751,0.47300000000000003,0.0,-0.022,0.0,0.13,11.058
354450407,4,0,-0.038,0.012,-0.037,0.036000000000000004,0.0,-0.0296,0.013300000000000001,10.46,0.0024000000000000002,54544.0,0.0339,0.0,9054.0,53572.0,0.0303,0.47400000000000003,0.47200000000000003,0.0,-0.04,0.0,-0.199,11.058
354454504,4,0,0.046,-0.016,-0.013000000000000001,0.036000000000000004,0.0,-0.0302,0.0135,10.48,0.0025,54544.0,0.035300000000000005,0.0,13151.0,53572.0,0.0309,0.47400000000000003,0.47200000000000003,0.0,-0.04,0.0,0.079,11.058
354459369,4,0,-0.07,-0.032,0.043000000000000003,0.036000000000000004,0.0,-0.031200000000000002,0.015300000000000001,10.48,0.0023,54544.0,0.0378,0.0,18016.0,53764.0,0.0329,0.4747,0.47600000000000003,0.0,-0.018000000000000002,0.0,-0.128,11.066
354461370,4,0,-0.001,-0.047,0.048,0.036000000000000004,0.0,-0.0298,0.0155,10.48,0.0024000000000000002,54944.0,0.036500000000000005,0.0,0.0,53956.0,0.032,0.4747,0.47600000000000003,0.0,-0.018000000000000002,0.0,0.003,11.066
354465417,4,0,-0.025,0.036000000000000004,-0.04,0.036000000000000004,0.0,-0.0297,0.0161,10.48,0.0024000000000000002,54744.0,0.036500000000000005,0.0,4047.0,54152.0,0.0324,0.4747,0.47600000000000003,0.0,-0.018000000000000002,0.0,-0.386,11.066
354469505,4,0,0.003,-0.043000000000000003,0.056,0.036000000000000004,0.0,-0.0292,0.015700000000000002,10.48,0.0024000000000000002,54544.0,0.036500000000000005,0.0,8135.0,53956.0,0.0318,0.4762,0.47900000000000004,0.0,0.016,0.0,0.064,11.066
354474574,4,0,-0.035,0.023,-0.016,0.036000000000000004,0.0,-0.028800000000000003,0.015300000000000001,10.48,0.0023,54744.0,0.035300000000000005,0.0,13204.0,54152.0,0.031200000000000002,0.4762,0.47900000000000004,0.0,0.016,0.0,-0.294,11.066
354477682,4,0,0.001,-0.035,0.053,0.036000000000000004,0.0,-0.0286,0.0176,10.49,0.0024000000000000002,55148.0,0.036500000000000005,0.0,16312.0,54348.0,0.032600000000000004,0.4762,0.47900000000000004,0.0,0.016,0.0,-0.002,11.004
354482504,4,0,-0.059000000000000004,-0.042,0.055,0.036000000000000004,0.0,-0.0296,0.014,10.49,0.0022,55148.0,0.035300000000000005,0.0,0.0,54348.0,0.0309,0.4761,0.47600000000000003,0.0,0.011,0.0,-0.267,11.004
354486507,4,0,0.029,0.031,-0.014,0.036000000000000004,0.0,-0.0287,0.015700000000000002,10.49,0.0023,54744.0,0.035300000000000005,0.0,4003.0,54348.0,0.031400000000000004,0.4761,0.47600000000000003,0.0,0.011,0.0,-0.074,11.004
354489390,4,0,-0.038,-0.003,-0.009000000000000001,0.036000000000000004,0.0,-0.030000000000000002,0.0152,10.49,0.0022,54944.0,0.036500000000000005,0.0,6886.0,54544.0,0.031900000000000005,0.47500000000000003,0.47300000000000003,0.0,-0.013000000000000001,0.0,-0.385,11.004
354493391,4,0,0.018000000000000002,-0.007,0.014,0.036000000000000004,0.0,-0.0285,0.0143,10.49,0.0024000000000000002,55148.0,0.034,0.0,10887.0,54544.0,0.0303,0.47500000000000003,0.47300000000000003,0.0,-0.013000000000000001,0.0,-0.127,11.004
354497503,4,0,-0.043000000000000003,-0.026000000000000002,0.002,0.036000000000000004,0.0,-0.0285,0.0162,10.49,0.0022,55556.0,0.035300000000000005,0.0,14999.0,54348.0,0.0316,0.47500000000000003,0.47300000000000003,0.0,-0.013000000000000001,0.0,-0.384,11.054
354501503,4,0,0.01,0.007,-0.028,0.036000000000000004,0.0,-0.0275,0.0167,10.49,0.0024000000000000002,55352.0,0.0366,0.0,0.0,54544.0,0.0313,0.4743,0.47300000000000003,0.0,-0.025,0.0,-0.015,11.054
354506551,4,0,-0.042,-0.038,-0.006,0.036000000000000004,0.0,-0.029500000000000002,0.015700000000000002,10.49,0.0022,55352.0,0.0366,0.0,5048.0,54544.0,0.032,0.4743,0.47300000000000003,0.0,-0.025,0.0,-0.374,11.054
354509404,4,0,0.016,0.03,-0.044,0.036000000000000004,0.0,-0.0287,0.0149,10.49,0.0023,55352.0,0.034,0.0,7901.0,54944.0,0.0308,0.47390000000000004,0.47300000000000003,0.0,-0.029,0.0,-0.20400000000000001,11.054
354513407,4,0,-0.037,-0.05,-0.003,0.036000000000000004,0.0,-0.030000000000000002,0.0148,10.49,0.0022,55352.0,0.035300000000000005,0.0,11904.0,54744.0,0.0317,0.47390000000000004,0.47300000000000003,0.0,-0.029,0.0,-0.221,11.054
354517503,4,0,0.018000000000000002,0.045,-0.057,0.036000000000000004,0.0,-0.028200000000000003,0.0148,10.5,0.0022,55352.0,0.0341,0.0,16000.0,54744.0,0.0304,0.47390000000000004,0.47300000000000003,0.0,-0.029,0.0,-0.114,10.987
354521503,4,0,-0.021,-0.066,0.038,0.036000000000000004,0.0,-0.028200000000000003,0.0125,10.5,0.0021000000000000003,55556.0,0.0328,0.0,0.0,54744.0,0.028800000000000003,0.4732,0.47200000000000003,0.0,-0.036000000000000004,0.0,-0.17400000000000002,10.987
354526419,4,0,0.027,0.07100000000000001,-0.069,0.037,0.0,-0.029900000000000003,0.013800000000000002,10.5,0.002,55352.0,0.035300000000000005,0.0,4916.0,54944.0,0.0309,0.4732,0.47200000000000003,0.0,-0.036000000000000004,0.0,-0.397,10.987
354530465,4,0,-0.015,-0.062,0.053,0.036000000000000004,0.0,-0.029400000000000003,0.0132,10.5,0.0021000000000000003,55760.0,0.0341,0.0,8962.0,54944.0,0.030100000000000002,0.4721,0.47000000000000003,0.0,-0.051000000000000004,0.0,0.023,10.987
354534528,4,0,0.041,0.058,-0.04,0.037,0.0,-0.0286,0.011000000000000001,10.52,0.0019,55556.0,0.0316,0.0,13025.0,54744.0,0.028,0.4721,0.47000000000000003,0.0,-0.051000000000000004,0.0,-0.333,10.987
354537468,4,0,0.006,-0.07200000000000001,0.076,0.036000000000000004,0.0,-0.029400000000000003,0.0081,10.5,0.0021000000000000003,55556.0,0.0303,0.0,15965.0,54544.0,0.026500000000000003,0.4721,0.47000000000000003,0.0,-0.051000000000000004,0.0,0.059000000000000004,11.088000000000001
354542428,4,0,0.041,0.033,-0.028,0.036000000000000004,0.0,-0.0285,0.010400000000000001,10.53,0.0021000000000000003,55556.0,0.0316,0.0,0.0,54944.0,0.0275,0.47240000000000004,0.47300000000000003,0.0,-0.035,0.0,-0.326,11.088000000000001
354546502,4,0,0.018000000000000002,-0.021,0.049,0.036000000000000004,0.0,-0.027800000000000002,0.0122,10.53,0.0023,55556.0,0.0329,0.0,4074.0,54944.0,0.028300000000000002,0.47240000000000004,0.47300000000000003,0.0,-0.035,0.0,-0.019,11.088000000000001
354551435,4,0,0.048,-0.053,0.013000000000000001,0.036000000000000004,0.0,-0.029400000000000003,0.0029000000000000002,10.53,0.0023,55556.0,0.026600000000000002,0.0,9007.0,55148.0,0.0228,0.4737,0.47600000000000003,0.0,-0.003,0.0,-0.23600000000000002,11.088000000000001
354553437,4,0,0.024,-0.057,0.045,0.036000000000000004,0.0,-0.0279,0.0057,10.53,0.0024000000000000002,55760.0,0.027800000000000002,0.0,11009.0,54944.0,0.0238,0.4737,0.47600000000000003,0.0,-0.003,0.0,0.164,11.088000000000001
354558464,4,0,0.028,-0.016,-0.016,0.036000000000000004,0.0,-0.030000000000000002,0.0151,10.53,0.0023,55760.0,0.0367,0.0,16036.0,55148.0,0.031900000000000005,0.47340000000000004,0.47300000000000003,0.0,-0.007,0.0,-0.094,11.123000000000001
354562503,4,0,0.034,0.017,-0.01,0.036000000000000004,0.0,-0.027,0.0099,10.53,0.0024000000000000002,55760.0,0.0291,0.0,0.0,55148.0,0.0261,0.47340000000000004,0.47300000000000003,0.0,-0.007,0.0,0.12,11.123000000000001
354567490,4,0,-0.002,-0.077,0.018000000000000002,0.036000000000000004,0.0,-0.027,0.0092,10.53,0.0025,55760.0,0.0291,0.0,4987.0,55148.0,0.025500000000000002,0.47340000000000004,0.47300000000000003,0.0,-0.007,0.0,0.065,11.123000000000001
354569503,4,0,-0.003,-0.01,0.004,0.036000000000000004,0.0,-0.0286,0.011300000000000001,10.53,0.0025,55968.0,0.0316,0.0,7000.0,55148.0,0.028200000000000003,0.4722,0.47000000000000003,0.0,-0.029,0.0,0.308,11.123000000000001
354574451,4,0,-0.006,-0.068,-0.01,0.036000000000000004,0.0,-0.0263,0.013300000000000001,10.53,0.0025,55760.0,0.0316,0.0,11948.0,54944.0,0.028,0.4722,0.47000000000000003,0.0,-0.029,0.0,0.08600000000000001,11.123000000000001
354578478,4,0,0.034,0.043000000000000003,-0.033,0.035,0.0,-0.0253,0.0098,10.53,0.0025,55760.0,0.027800000000000002,0.0,15975.0,55352.0,0.024800000000000003,0.4718,0.47100000000000003,0.0,-0.032,0.0,0.13,11.123000000000001
354583459,4,0,-0.022,-0.069,0.038,0.035,0.0,-0.0264,0.011300000000000001,10.540000000000001,0.0026000000000000003,56180.0,0.0304,0.0,0.0,55148.0,0.026600000000000002,0.4718,0.47100000000000003,0.0,-0.032,0.0,0.195,11.076
354585508,4,0,0.03,0.025,-0.003,0.035,0.0,-0.026500000000000003,0.0099,10.540000000000001,0.0026000000000000003,55968.0,0.0291,0.0,2049.0,55352.0,0.0257,0.4718,0.47100000000000003,0.0,-0.032,0.0,0.10200000000000001,11.076
354590511,4,0,-0.03,-0.091,0.036000000000000004,0.035,0.0,-0.0238,0.0125,10.540000000000001,0.0026000000000000003,55968.0,0.0291,0.0,7052.0,55148.0,0.0257,0.47190000000000004,0.47200000000000003,0.0,-0.024,0.0,0.23700000000000002,11.076
354593466,4,0,0.044,0.03,0.002,0.035,0.0,-0.0239,0.0119,10.540000000000001,0.0026000000000000003,55760.0,0.0291,0.0,10007.0,55352.0,0.0253,0.47190000000000004,0.47200000000000003,0.0,-0.024,0.0,0.14100000000000001,11.076
354598469,4,0,-0.029,-0.081,0.062,0.035,0.0,-0.0246,0.011600000000000001,10.540000000000001,0.0028,55968.0,0.0291,0.0,15010.0,55148.0,0.0256,0.47190000000000004,0.47200000000000003,0.0,-0.019,0.0,0.253,11.076
354602550,4,0,0.055,0.039,0.0,0.035,0.0,-0.0257,0.012400000000000001,10.540000000000001,0.0028,55968.0,0.0304,0.0,0.0,54944.0,0.0269,0.47190000000000004,0.47200000000000003,0.0,-0.019,0.0,-0.129,10.956
354605524,4,0,-0.027,-0.088,0.052000000000000005,0.035,0.0,-0.025500000000000002,0.0118,10.540000000000001,0.003,56180.0,0.0304,0.0,2974.0,55148.0,0.0264,0.47190000000000004,0.47200000000000003,0.0,-0.019,0.0,-0.038,10.956
354610524,4,0,0.058,0.0,-0.001,0.034,0.0,-0.025,0.012700000000000001,10.540000000000001,0.003,55968.0,0.0304,0.0,7974.0,55148.0,0.026600000000000002,0.47190000000000004,0.47200000000000003,0.0,-0.014,0.0,-0.224,10.956
354613484,4,0,-0.028,-0.082,0.032,0.034,0.0,-0.0247,0.010100000000000001,10.540000000000001,0.0032,55968.0,0.0279,0.0,10934.0,55148.0,0.0246,0.47190000000000004,0.47200000000000003,0.0,-0.014,0.0,0.29,10.956
354618485,4,0,0.045,-0.028,0.0,0.034,0.0,-0.024300000000000002,0.0109,10.540000000000001,0.0033,56180.0,0.0279,0.0,15935.0,55352.0,0.024900000000000002,0.4716,0.47100000000000003,0.0,-0.018000000000000002,0.0,-0.229,10.956
354623488,4,0,0.031,0.022,-0.017,0.033,0.0,-0.024300000000000002,0.0095,10.55,0.0035,55968.0,0.026600000000000002,0.0,0.0,55352.0,0.0239,0.4716,0.47100000000000003,0.0,-0.018000000000000002,0.0,0.081,11.05
354625537,4,0,0.064,-0.005,-0.025,0.033,0.0,-0.0241,0.0085,10.55,0.0035,55968.0,0.0253,0.0,2049.0,55352.0,0.023,0.4716,0.47100000000000003,0.0,-0.018000000000000002,0.0,-0.20700000000000002,11.05
354630539,4,0,0.04,0.001,-0.026000000000000002,0.033,0.0,-0.023700000000000002,0.0019,10.57,0.0039000000000000003,55760.0,0.020300000000000002,0.0,7051.0,55352.0,0.0181,0.4707,0.46900000000000003,0.0,-0.033,0.0,0.138,11.05
354633496,4,0,0.056,-0.032,-0.028,0.032,0.0,-0.0236,0.0054,10.57,0.0041,55968.0,0.0229,0.0,10008.0,55148.0,0.0205,0.4707,0.46900000000000003,0.0,-0.033,0.0,-0.397,11.05
354638499,4,0,0.07200000000000001,0.018000000000000002,-0.032,0.032,0.0,-0.024,0.0036000000000000003,10.57,0.0043,56180.0,0.0216,0.0,15011.0,55352.0,0.0195,0.4712,0.47200000000000003,0.0,-0.017,0.0,-0.078,11.05
354643503,4,0,-0.034,-0.078,0.016,0.031,0.0,-0.025,0.0041,10.57,0.0047,56180.0,0.0241,0.0,0.0,55352.0,0.0206,0.4712,0.47200000000000003,0.0,-0.017,0.0,0.116,11.002
354645564,4,0,0.025,0.008,-0.014,0.031,0.0,-0.0252,0.0067,10.57,0.0047,55760.0,0.025400000000000002,0.0,2061.0,55352.0,0.022500000000000003,0.4712,0.47200000000000003,0.0,-0.017,0.0,0.176,11.002
354650554,4,0,-0.003,-0.083,0.024,0.03,0.0,-0.024,-0.0001,10.57,0.0051,56180.0,0.019100000000000002,0.0,7051.0,55760.0,0.016900000000000002,0.4722,0.47400000000000003,0.0,0.006,0.0,0.092,11.002
354653510,4,0,0.051000000000000004,0.027,-0.019,0.03,0.0,-0.0246,0.003,10.57,0.0051,56180.0,0.0229,0.0,10007.0,55352.0,0.0196,0.4722,0.47400000000000003,0.0,0.006,0.0,0.041,11.002
354657580,4,0,0.005,-0.07,0.032,0.03,0.0,-0.025500000000000002,0.0046,10.57,0.0053,55968.0,0.0241,0.0,14077.0,55352.0,0.0213,0.4721,0.47200000000000003,0.0,0.004,0.0,-0.069,11.002
354663517,4,0,0.075,-0.028,0.001,0.029,0.0,-0.0238,0.0033,10.58,0.0054,56180.0,0.0216,0.0,0.0,55352.0,0.019100000000000002,0.4721,0.47200000000000003,0.0,0.004,0.0,-0.2,11.043000000000001
354665567,4,0,-0.014,-0.065,0.036000000000000004,0.029,0.0,-0.0244,0.0029000000000000002,10.58,0.0055000000000000005,56180.0,0.0229,0.0,2050.0,55352.0,0.0193,0.4721,0.47200000000000003,0.0,0.004,0.0,0.146,11.043000000000001
354670570,4,0,0.092,-0.009000000000000001,-0.006,0.029,0.0,-0.0247,0.0016,10.58,0.0056,56180.0,0.0216,0.0,7053.0,55556.0,0.018600000000000002,0.47140000000000004,0.47000000000000003,0.0,-0.012,0.0,-0.316,11.043000000000001
354673526,4,0,-0.026000000000000002,-0.046,0.025,0.029,0.0,-0.025,0.0029000000000000002,10.58,0.0056,55760.0,0.0229,0.0,10009.0,55352.0,0.019700000000000002,0.47140000000000004,0.47000000000000003,0.0,-0.012,0.0,0.07,11.043000000000001
354677692,4,0,0.089,0.006,-0.024,0.029,0.0,-0.0251,0.0045000000000000005,10.58,0.0057,56392.0,0.024200000000000003,0.0,14175.0,55352.0,0.020900000000000002,0.4712,0.47100000000000003,0.0,-0.012,0.0,-0.306,11.043000000000001
354683530,4,0,0.044,0.017,-0.021,0.029,0.0,-0.024300000000000002,0.0086,10.58,0.0056,56180.0,0.025400000000000002,0.0,0.0,55148.0,0.023200000000000002,0.4712,0.47100000000000003,0.0,-0.012,0.0,0.082,11.001
354685580,4,0,0.069,-0.012,-0.027,0.029,0.0,-0.024200000000000003,0.007500000000000001,10.58,0.0057,56180.0,0.025400000000000002,0.0,2050.0,55352.0,0.0224,0.4712,0.47100000000000003,0.0,-0.012,0.0,-0.244,11.001
354690582,4,0,-0.014,-0.002,-0.018000000000000002,0.029,0.0,-0.022600000000000002,0.011600000000000001,10.58,0.0055000000000000005,55968.0,0.0267,0.0,7052.0,55352.0,0.024200000000000003,0.4712,0.47100000000000003,0.0,-0.011,0.0,0.032,11.001
354693539,4,0,0.047,-0.04,-0.03,0.029,0.0,-0.0213,0.0079,10.58,0.0057,56180.0,0.024200000000000003,0.0,10009.0,55352.0,0.0206,0.4712,0.47100000000000003,0.0,-0.011,0.0,-0.482,11.001
354697608,4,0,-0.08,-0.012,0.0,0.029,0.0,-0.022600000000000002,0.0134,10.58,0.0055000000000000005,55968.0,0.0292,0.0,14078.0,55556.0,0.025400000000000002,0.4711,0.47100000000000003,0.0,-0.01,0.0,-0.002,11.001
354702544,4,0,-0.037,-0.058,0.006,0.029,0.0,-0.0224,0.005,10.59,0.0056,56180.0,0.0216,0.0,0.0,55352.0,0.0194,0.4711,0.47100000000000003,0.0,-0.01,0.0,-0.223,11.046
354706550,4,0,0.031,0.005,-0.002,0.029,0.0,-0.023700000000000002,0.012400000000000001,10.59,0.0055000000000000005,55968.0,0.029300000000000003,0.0,4006.0,55352.0,0.0256,0.4711,0.47100000000000003,0.0,-0.01,0.0,-0.039,11.046
354710597,4,0,-0.053,-0.057,0.022,0.029,0.0,-0.0213,0.011000000000000001,10.59,0.0056,56392.0,0.0267,0.0,8053.0,55556.0,0.0229,0.4711,0.47100000000000003,0.0,-0.009000000000000001,0.0,-0.11,11.046
354713553,4,0,0.028,-0.001,0.004,0.029,0.0,-0.020900000000000002,0.0078000000000000005,10.61,0.0056,56392.0,0.023,0.0,11009.0,55352.0,0.020300000000000002,0.4711,0.47100000000000003,0.0,-0.009000000000000001,0.0,0.004,11.046
354718558,4,0,-0.068,-0.047,0.03,0.029,0.0,-0.0218,0.014100000000000001,10.61,0.0058000000000000005,56180.0,0.029300000000000003,0.0,16014.0,55352.0,0.025400000000000002,0.47100000000000003,0.47100000000000003,0.0,-0.007,0.0,0.025,11.046
354723560,4,0,0.065,-0.019,0.017,0.028,0.0,-0.0233,0.010100000000000001,10.620000000000001,0.0059,56180.0,0.0268,0.0,0.0,55148.0,0.0236,0.47100000000000003,0.47100000000000003,0.0,-0.007,0.0,-0.353,11.012
354725607,4,0,-0.049,-0.048,0.032,0.028,0.0,-0.022600000000000002,0.0119,10.620000000000001,0.006,55968.0,0.0281,0.0,2047.0,55148.0,0.0244,0.47100000000000003,0.47100000000000003,0.0,-0.007,0.0,-0.127,11.012
354730550,4,0,0.077,0.018000000000000002,0.009000000000000001,0.028,0.0,-0.023200000000000002,0.01,10.620000000000001,0.006,56392.0,0.0268,0.0,6990.0,55556.0,0.0235,0.4707,0.47000000000000003,0.0,-0.013000000000000001,0.0,-0.14100000000000001,11.012
354734570,4,0,-0.054,-0.02,0.01,0.028,0.0,-0.023700000000000002,0.0082,10.620000000000001,0.0061,55968.0,0.025500000000000002,0.0,11010.0,55556.0,0.022600000000000002,0.4707,0.47000000000000003,0.0,-0.013000000000000001,0.0,0.101,11.012
354739571,4,0,0.03,-0.014,0.001,0.028,0.0,-0.0241,0.0068000000000000005,10.620000000000001,0.006200000000000001,56392.0,0.024200000000000003,0.0,16011.0,55352.0,0.0219,0.4701,0.46900000000000003,0.0,-0.022,0.0,-0.188,11.012
354741573,4,0,-0.044,-0.015,0.005,0.028,0.0,-0.025500000000000002,0.0043,10.620000000000001,0.006200000000000001,56180.0,0.024200000000000003,0.0,0.0,55556.0,0.0211,0.4701,0.46900000000000003,0.0,-0.022,0.0,0.101,11.012
354745625,4,0,0.114,-0.004,-0.02,0.028,0.0,-0.0227,0.0033,10.620000000000001,0.0064,56180.0,0.0204,0.0,4052.0,55556.0,0.0184,0.4701,0.46900000000000003,0.0,-0.022,0.0,-0.302,10.949
354750625,4,0,0.039,0.009000000000000001,-0.016,0.027,0.0,-0.0269,0.0019,10.620000000000001,0.0064,56392.0,0.023,0.0,9052.0,55556.0,0.0204,0.46940000000000004,0.468,0.0,-0.032,0.0,-0.046,10.949
354753582,4,0,0.108,-0.006,-0.037,0.027,0.0,-0.0263,0.001,10.620000000000001,0.0066,56604.0,0.023,0.0,12009.0,55352.0,0.0193,0.46940000000000004,0.468,0.0,-0.032,0.0,-0.33,10.949
354757639,4,0,-0.003,0.012,-0.017,0.027,0.0,-0.027600000000000003,0.004200000000000001,10.620000000000001,0.0066,55968.0,0.0268,0.0,16066.0,55556.0,0.022500000000000003,0.4692,0.46900000000000003,0.0,-0.028,0.0,0.177,10.949
354763414,4,0,0.005,-0.004,-0.014,0.027,0.0,-0.028,0.0014,10.620000000000001,0.0068000000000000005,56180.0,0.024200000000000003,0.0,0.0,55352.0,0.020800000000000003,0.4692,0.46900000000000003,0.0,-0.028,0.0,-0.022,10.949
354765639,4,0,0.029,0.015,-0.007,0.027,0.0,-0.0284,0.0039000000000000003,10.620000000000001,0.0067,56392.0,0.0268,0.0,2225.0,55556.0,0.0229,0.4692,0.46900000000000003,0.0,-0.028,0.0,0.094,11.008000000000001
354770643,4,0,-0.043000000000000003,0.004,0.003,0.027,0.0,-0.0287,0.0064,10.620000000000001,0.0067,55760.0,0.0281,0.0,7229.0,55352.0,0.024800000000000003,0.46880000000000005,0.468,0.0,-0.031,0.0,-0.117,11.008000000000001
354773594,4,0,0.065,0.013000000000000001,0.001,0.027,0.0,-0.0291,0.004200000000000001,10.620000000000001,0.0067,56180.0,0.0281,0.0,10180.0,55760.0,0.0236,0.46880000000000005,0.468,0.0,-0.031,0.0,-0.012,11.008000000000001
354777692,4,0,-0.035,0.001,0.008,0.027,0.0,-0.028900000000000002,0.0059,10.620000000000001,0.0068000000000000005,56392.0,0.0281,0.0,14278.0,55556.0,0.0246,0.4685,0.468,0.0,-0.031,0.0,-0.052000000000000005,11.008000000000001
354783604,4,0,0.063,-0.012,0.012,0.027,0.0,-0.027700000000000002,0.0053,10.620000000000001,0.0068000000000000005,56180.0,0.0268,0.0,0.0,55352.0,0.0233,0.4685,0.468,0.0,-0.031,0.0,-0.321,11.008000000000001
354785653,4,0,-0.07,-0.003,0.022,0.027,0.0,-0.0281,0.0074,10.63,0.0067,56180.0,0.029400000000000003,0.0,2049.0,55556.0,0.0251,0.4685,0.468,0.0,-0.031,0.0,-0.096,11.067
354790654,4,0,0.085,-0.007,0.009000000000000001,0.027,0.0,-0.0303,0.0078000000000000005,10.63,0.0067,56604.0,0.0307,0.0,7050.0,55556.0,0.0269,0.4687,0.46900000000000003,0.0,-0.021,0.0,-0.275,11.067
354795768,4,0,0.003,0.001,0.019,0.027,0.0,-0.029400000000000003,0.0112,10.65,0.006500000000000001,56180.0,0.0333,0.0,12164.0,55556.0,0.0287,0.4687,0.46900000000000003,0.0,-0.021,0.0,0.14400000000000002,11.067
354798614,4,0,0.056,-0.007,-0.003,0.027,0.0,-0.029900000000000003,0.009300000000000001,10.65,0.0067,56180.0,0.032,0.0,15010.0,55556.0,0.027700000000000002,0.4691,0.47000000000000003,0.0,-0.008,0.0,-0.128,11.067
354803570,4,0,0.025,-0.002,0.012,0.027,0.0,-0.029900000000000003,0.0135,10.65,0.0064,56604.0,0.0358,0.0,0.0,55556.0,0.030600000000000002,0.4691,0.47000000000000003,0.0,-0.008,0.0,0.073,11.067
354805667,4,0,0.074,-0.001,-0.009000000000000001,0.027,0.0,-0.0307,0.0125,10.66,0.006500000000000001,56180.0,0.0359,0.0,2097.0,55556.0,0.030600000000000002,0.4691,0.47000000000000003,0.0,-0.008,0.0,-0.20700000000000002,11.069
354810669,4,0,-0.009000000000000001,0.001,0.005,0.028,0.0,-0.030600000000000002,0.0103,10.66,0.0063,56392.0,0.0333,0.0,7099.0,55556.0,0.028900000000000002,0.4687,0.468,0.0,-0.014,0.0,0.125,11.069
354813625,4,0,0.039,0.005,-0.029,0.027,0.0,-0.031,0.0129,10.66,0.0064,56392.0,0.0359,0.0,10055.0,55352.0,0.031100000000000003,0.4687,0.468,0.0,-0.014,0.0,-0.177,11.069
354818629,4,0,0.019,-0.009000000000000001,0.0,0.028,0.0,-0.028800000000000003,0.013000000000000001,10.66,0.0063,55968.0,0.0333,0.0,15059.0,55556.0,0.0296,0.46780000000000005,0.466,0.0,-0.031,0.0,0.027,11.069
354823633,4,0,-0.116,-0.003,-0.007,0.028,0.0,-0.031200000000000002,0.014,10.66,0.006200000000000001,56392.0,0.0371,0.0,0.0,55556.0,0.031900000000000005,0.46780000000000005,0.466,0.0,-0.031,0.0,0.069,11.069
354825676,4,0,-0.002,-0.016,0.009000000000000001,0.028,0.0,-0.0304,0.010100000000000001,10.66,0.006200000000000001,56392.0,0.032,0.0,2043.0,55556.0,0.0286,0.46780000000000005,0.466,0.0,-0.031,0.0,0.149,11.036
354830674,4,0,-0.112,0.006,-0.003,0.028,0.0,-0.031400000000000004,0.0115,10.66,0.0063,55968.0,0.0346,0.0,7041.0,55352.0,0.0304,0.4675,0.467,0.0,-0.03,0.0,0.166,11.036
354833639,4,0,0.077,-0.018000000000000002,0.017,0.027,0.0,-0.031,0.005200000000000001,10.66,0.0064,56392.0,0.029500000000000002,0.0,10006.0,55556.0,0.0256,0.4675,0.467,0.0,-0.03,0.0,0.254,11.036
354838642,4,0,-0.132,0.005,0.001,0.027,0.0,-0.0324,0.0092,10.66,0.006500000000000001,56180.0,0.0346,0.0,15009.0,55556.0,0.029400000000000003,0.468,0.46900000000000003,0.0,-0.014,0.0,0.112,11.036
354843647,4,0,0.093,0.022,0.002,0.027,0.0,-0.0322,0.0067,10.66,0.0067,56180.0,0.032,0.0,0.0,55556.0,0.0275,0.468,0.46900000000000003,0.0,-0.014,0.0,-0.14200000000000002,11.036
354845739,4,0,-0.079,0.015,0.006,0.027,0.0,-0.032100000000000004,0.0016,10.67,0.0067,55760.0,0.0269,0.0,2092.0,55352.0,0.0238,0.468,0.46900000000000003,0.0,-0.014,0.0,0.015,11.041
354850732,4,0,0.089,0.016,-0.006,0.027,0.0,-0.032600000000000004,0.0128,10.67,0.0068000000000000005,56392.0,0.037200000000000004,0.0,7085.0,55352.0,0.032100000000000004,0.4691,0.47100000000000003,0.0,0.01,0.0,-0.042,11.041
354853653,4,0,-0.082,-0.014,-0.014,0.027,0.0,-0.029400000000000003,0.0051,10.67,0.0067,56604.0,0.028200000000000003,0.0,10006.0,55556.0,0.0244,0.4691,0.47100000000000003,0.0,0.01,0.0,0.097,11.041
354858550,4,0,0.07100000000000001,0.002,-0.006,0.027,0.0,-0.0308,0.0112,10.67,0.0068000000000000005,56180.0,0.0346,0.0,14903.0,55556.0,0.0297,0.4701,0.47200000000000003,0.0,0.028,0.0,0.046,11.041
354863660,4,0,0.029,-0.031,-0.008,0.027,0.0,-0.030600000000000002,0.0091,10.67,0.0066,55968.0,0.032,0.0,0.0,55556.0,0.0281,0.4701,0.47200000000000003,0.0,0.028,0.0,0.057,11.041
354865744,4,0,0.042,0.004,-0.021,0.027,0.0,-0.030600000000000002,0.011000000000000001,10.67,0.0066,56392.0,0.0346,0.0,2084.0,55352.0,0.029400000000000003,0.4701,0.47200000000000003,0.0,0.028,0.0,-0.039,11.032
354870751,4,0,-0.027,-0.028,-0.001,0.028,0.0,-0.033100000000000004,0.015300000000000001,10.67,0.006200000000000001,56604.0,0.0397,0.0,7091.0,55556.0,0.0342,0.4697,0.46900000000000003,0.0,0.015,0.0,0.107,11.032
354873666,4,0,0.006,0.017,-0.028,0.028,0.0,-0.0329,0.0126,10.67,0.006200000000000001,55968.0,0.037200000000000004,0.0,10006.0,55556.0,0.0322,0.4697,0.46900000000000003,0.0,0.015,0.0,-0.038,11.032
354878549,4,0,-0.089,-0.03,-0.008,0.029,0.0,-0.0315,0.0184,10.69,0.0057,56392.0,0.041100000000000005,0.0,14889.0,55556.0,0.035300000000000005,0.46880000000000005,0.467,0.0,-0.007,0.0,0.177,11.032
354882674,4,0,-0.091,0.009000000000000001,-0.009000000000000001,0.029,0.0,-0.0304,0.0106,10.69,0.0056,56604.0,0.0334,0.0,0.0,55760.0,0.029,0.46880000000000005,0.467,0.0,-0.007,0.0,-0.039,11.032
354886677,4,0,-0.016,-0.019,0.012,0.03,0.0,-0.0304,0.026000000000000002,10.700000000000001,0.0054,55968.0,0.0463,0.0,4003.0,55556.0,0.039900000000000005,0.46880000000000005,0.467,0.0,-0.007,0.0,0.154,11.021
354891718,4,0,-0.07100000000000001,0.0,0.005,0.03,0.0,-0.031200000000000002,0.0142,10.700000000000001,0.005200000000000001,56392.0,0.0373,0.0,9044.0,55760.0,0.032,0.46880000000000005,0.46900000000000003,0.0,-0.004,0.0,-0.07200000000000001,11.021
354894676,4,0,0.019,-0.002,0.033,0.03,0.0,-0.030500000000000003,0.016900000000000002,10.700000000000001,0.005200000000000001,56392.0,0.0386,0.0,12002.0,55556.0,0.0335,0.46880000000000005,0.46900000000000003,0.0,-0.004,0.0,0.002,11.021
354897677,4,0,-0.076,0.03,0.01,0.03,0.0,-0.0325,0.025900000000000003,10.700000000000001,0.0051,56180.0,0.0476,0.0,15003.0,55556.0,0.0413,0.46880000000000005,0.46900000000000003,0.0,-0.004,0.0,-0.197,11.021
354902679,4,0,0.018000000000000002,0.025,0.012,0.03,0.0,-0.0318,0.0217,10.700000000000001,0.0051,55968.0,0.0437,0.0,0.0,55760.0,0.0379,0.4696,0.47100000000000003,0.0,0.012,0.0,0.013000000000000001,11.021
354906683,4,0,-0.081,-0.024,0.037,0.031,0.0,-0.033100000000000004,0.024300000000000002,10.700000000000001,0.0049,55968.0,0.0463,0.0,4004.0,55760.0,0.040600000000000004,0.4696,0.47100000000000003,0.0,0.012,0.0,-0.07200000000000001,11.078
354910767,4,0,0.0,0.058,0.01,0.031,0.0,-0.0341,0.0253,10.700000000000001,0.0049,56392.0,0.0489,0.0,8088.0,55556.0,0.042,0.4697,0.47000000000000003,0.0,0.012,0.0,-0.155,11.078
354913550,4,0,-0.061,0.056,0.005,0.031,0.0,-0.0345,0.0256,10.700000000000001,0.0046,56392.0,0.0489,0.0,10871.0,55556.0,0.0425,0.4697,0.47000000000000003,0.0,0.012,0.0,-0.28500000000000003,11.078
354917551,4,0,0.061,-0.015,0.007,0.031,0.0,-0.034,0.0128,10.700000000000001,0.0047,56604.0,0.0386,0.0,14872.0,55352.0,0.033100000000000004,0.4697,0.47000000000000003,0.0,0.012,0.0,-0.10200000000000001,11.078
354921551,4,0,-0.063,0.039,0.0,0.032,0.0,-0.034,0.020300000000000002,10.700000000000001,0.0044,56604.0,0.045000000000000005,0.0,0.0,55556.0,0.038400000000000004,0.46950000000000003,0.46900000000000003,0.0,0.005,0.0,-0.182,11.078
354925783,4,0,0.095,0.059000000000000004,-0.033,0.031,0.0,-0.034800000000000005,0.0098,10.700000000000001,0.0046,56180.0,0.036000000000000004,0.0,4232.0,55556.0,0.0315,0.46950000000000003,0.46900000000000003,0.0,0.005,0.0,-0.016,11.078
354930784,4,0,0.034,-0.017,-0.002,0.031,0.0,-0.038200000000000005,0.017,10.71,0.0045000000000000005,56392.0,0.045000000000000005,0.0,9233.0,55556.0,0.039,0.46900000000000003,0.468,0.0,-0.007,0.0,-0.066,11.09
354933549,4,0,0.085,0.068,-0.027,0.031,0.0,-0.040600000000000004,0.0184,10.71,0.0046,56392.0,0.0489,0.0,11998.0,55352.0,0.0417,0.46900000000000003,0.468,0.0,-0.007,0.0,-0.138,11.09
354937549,4,0,-0.002,-0.014,-0.005,0.032,0.0,-0.036500000000000005,0.0109,10.71,0.0044,56180.0,0.0386,0.0,15998.0,55556.0,0.0335,0.46900000000000003,0.468,0.0,-0.007,0.0,-0.125,11.09
354941748,4,0,0.013000000000000001,0.08600000000000001,-0.065,0.032,0.0,-0.035300000000000005,0.019100000000000002,10.71,0.0044,56392.0,0.0437,0.0,0.0,55556.0,0.0385,0.46830000000000005,0.467,0.0,-0.019,0.0,-0.11900000000000001,11.09
354945796,4,0,0.025,-0.015,0.006,0.032,0.0,-0.040600000000000004,0.0152,10.71,0.0044,56180.0,0.0463,0.0,4048.0,55556.0,0.039400000000000004,0.46830000000000005,0.467,0.0,-0.019,0.0,-0.014,11.09
354950549,4,0,0.009000000000000001,0.063,-0.036000000000000004,0.032,0.0,-0.0361,0.0126,10.71,0.0043,56180.0,0.039900000000000005,0.0,8801.0,55352.0,0.0344,0.4682,0.468,0.0,-0.017,0.0,-0.24,11.088000000000001
354954550,4,0,0.025,0.004,0.015,0.032,0.0,-0.038700000000000005,0.0145,10.71,0.0043,56392.0,0.0438,0.0,12802.0,55556.0,0.037700000000000004,0.4682,0.468,0.0,-0.017,0.0,-0.019,11.088000000000001
354958762,4,0,-0.019,-0.018000000000000002,0.012,0.032,0.0,-0.0366,0.015000000000000001,10.71,0.004,56604.0,0.0425,0.0,17014.0,55352.0,0.036500000000000005,0.4685,0.46900000000000003,0.0,-0.008,0.0,0.108,11.088000000000001
354963550,4,0,0.049,0.063,-0.002,0.032,0.0,-0.0373,0.012700000000000001,10.71,0.0041,56180.0,0.0412,0.0,0.0,55556.0,0.0354,0.4685,0.46900000000000003,0.0,-0.008,0.0,0.186,11.088000000000001
354965555,4,0,0.029,0.068,-0.014,0.032,0.0,-0.041100000000000005,0.012400000000000001,10.74,0.004,56392.0,0.0439,0.0,2005.0,55556.0,0.0378,0.4685,0.46900000000000003,0.0,-0.008,0.0,-0.125,11.088000000000001
354970556,4,0,0.037,0.04,0.03,0.033,0.0,-0.0388,0.0148,10.72,0.0039000000000000003,56392.0,0.0438,0.0,7006.0,55760.0,0.0379,0.46830000000000005,0.468,0.0,-0.01,0.0,0.019,11.011000000000001
354974765,4,0,-0.031,-0.032,0.044,0.033,0.0,-0.0405,0.0179,10.74,0.0037,56604.0,0.0477,0.0,11215.0,55556.0,0.0413,0.46830000000000005,0.468,0.0,-0.01,0.0,0.185,11.011000000000001
354978969,4,0,0.037,0.081,-0.019,0.033,0.0,-0.039400000000000004,0.018000000000000002,10.74,0.0036000000000000003,56604.0,0.0465,0.0,15419.0,55556.0,0.040600000000000004,0.4682,0.468,0.0,-0.01,0.0,-0.028,11.011000000000001
354981550,4,0,-0.011,0.007,0.001,0.033,0.0,-0.0379,0.0176,10.74,0.0036000000000000003,56180.0,0.045200000000000004,0.0,0.0,55556.0,0.0393,0.4682,0.468,0.0,-0.01,0.0,-0.113,11.011000000000001
354985813,4,0,0.03,0.07100000000000001,-0.014,0.033,0.0,-0.0386,0.018500000000000003,10.74,0.0035,56392.0,0.0477,0.0,4263.0,55760.0,0.040400000000000005,0.4682,0.468,0.0,-0.01,0.0,-0.009000000000000001,11.011000000000001
354990555,4,0,-0.039,-0.059000000000000004,0.007,0.033,0.0,-0.0379,0.017400000000000002,10.74,0.0035,56604.0,0.045200000000000004,0.0,9005.0,55556.0,0.0391,0.4685,0.46900000000000003,0.0,-0.002,0.0,0.083,11.035
354994797,4,0,0.006,0.051000000000000004,-0.03,0.034,0.0,-0.0398,0.0195,10.74,0.0034000000000000002,56604.0,0.0478,0.0,13247.0,55760.0,0.0419,0.4685,0.46900000000000003,0.0,-0.002,0.0,-0.314,11.035
354999549,4,0,-0.024,-0.032,0.004,0.034,0.0,-0.038700000000000005,0.016800000000000002,10.74,0.0034000000000000002,56392.0,0.0465,0.0,17999.0,55556.0,0.0392,0.46900000000000003,0.47000000000000003,0.0,0.009000000000000001,0.0,0.068,11.035
355001549,4,0,0.021,0.057,-0.051000000000000004,0.034,0.0,-0.0378,0.0165,10.74,0.0033,55968.0,0.0439,0.0,0.0,55760.0,0.0383,0.46900000000000003,0.47000000000000003,0.0,0.009000000000000001,0.0,-0.186,11.035
355005814,4,0,-0.04,-0.054,0.008,0.034,0.0,-0.0392,0.017400000000000002,10.74,0.0033,56180.0,0.0465,0.0,4265.0,55556.0,0.04,0.46900000000000003,0.47000000000000003,0.0,0.009000000000000001,0.0,-0.011,11.035
355010557,4,0,0.008,0.026000000000000002,-0.018000000000000002,0.034,0.0,-0.0381,0.0165,10.75,0.0032,56392.0,0.0439,0.0,9008.0,55556.0,0.0386,0.46940000000000004,0.47000000000000003,0.0,0.014,0.0,-0.376,11.014
355014802,4,0,0.02,0.02,-0.013000000000000001,0.034,0.0,-0.038,0.0115,10.75,0.0033,56604.0,0.04,0.0,13253.0,55760.0,0.035,0.46940000000000004,0.47000000000000003,0.0,0.014,0.0,0.14400000000000002,11.014
355019675,4,0,-0.018000000000000002,-0.054,0.011,0.034,0.0,-0.0396,0.0129,10.75,0.0032,56604.0,0.0426,0.0,18126.0,55556.0,0.037200000000000004,0.4696,0.47000000000000003,0.0,0.016,0.0,-0.154,11.014
355021819,4,0,0.008,-0.009000000000000001,0.023,0.034,0.0,-0.038200000000000005,0.0126,10.75,0.0034000000000000002,56604.0,0.0413,0.0,0.0,55760.0,0.0359,0.4696,0.47000000000000003,0.0,0.016,0.0,-0.029,11.014
355026514,4,0,0.002,-0.035,0.009000000000000001,0.034,0.0,-0.037700000000000004,0.0111,10.75,0.0034000000000000002,56392.0,0.04,0.0,4695.0,55556.0,0.0346,0.4696,0.47000000000000003,0.0,0.016,0.0,-0.535,11.014
355030817,4,0,0.042,0.046,-0.003,0.033,0.0,-0.0367,0.012,10.75,0.0035,56392.0,0.04,0.0,8998.0,55760.0,0.0344,0.46940000000000004,0.46900000000000003,0.0,0.008,0.0,-0.315,10.973
355033555,4,0,0.022,-0.007,0.018000000000000002,0.033,0.0,-0.0375,0.0103,10.75,0.0035,56392.0,0.04,0.0,11736.0,55352.0,0.033800000000000004,0.46940000000000004,0.46900000000000003,0.0,0.008,0.0,-0.46,10.973
355037555,4,0,0.001,-0.018000000000000002,0.026000000000000002,0.033,0.0,-0.0366,0.0109,10.75,0.0036000000000000003,56604.0,0.0388,0.0,15736.0,55556.0,0.033600000000000005,0.46940000000000004,0.46900000000000003,0.0,0.008,0.0,-0.132,10.973
355041811,4,0,-0.007,-0.08,0.014,0.033,0.0,-0.0361,0.0086,10.75,0.0037,56180.0,0.0362,0.0,0.0,55556.0,0.0316,0.4692,0.46900000000000003,0.0,0.004,0.0,-0.14300000000000002,10.973
355045816,4,0,0.025,0.033,-0.015,0.033,0.0,-0.0358,0.0111,10.78,0.0038,56392.0,0.0388,0.0,4005.0,55968.0,0.0332,0.4692,0.46900000000000003,0.0,0.004,0.0,-0.07,10.973
355050513,4,0,-0.024,-0.089,0.017,0.033,0.0,-0.0345,0.0111,10.78,0.0038,56392.0,0.0376,0.0,8702.0,55760.0,0.0323,0.4692,0.46900000000000003,0.0,0.002,0.0,0.20500000000000002,11.044
355054813,4,0,0.039,-0.01,-0.039,0.033,0.0,-0.033600000000000005,0.0077,10.78,0.0039000000000000003,56392.0,0.0337,0.0,13002.0,55556.0,0.0292,0.4692,0.46900000000000003,0.0,0.002,0.0,-0.023,11.044
355059508,4,0,-0.019,-0.046,-0.005,0.032,0.0,-0.0335,0.0103,10.78,0.0041,56604.0,0.0363,0.0,17697.0,55556.0,0.031,0.46950000000000003,0.47000000000000003,0.0,0.007,0.0,0.376,11.044
355061555,4,0,0.031,0.028,-0.043000000000000003,0.032,0.0,-0.0345,0.0108,10.78,0.004,56604.0,0.0376,0.0,0.0,55556.0,0.032100000000000004,0.46950000000000003,0.47000000000000003,0.0,0.007,0.0,0.019,11.044
355065839,4,0,-0.064,-0.07100000000000001,0.004,0.032,0.0,-0.0327,0.0175,10.78,0.0041,56604.0,0.0414,0.0,4284.0,55556.0,0.035500000000000004,0.46950000000000003,0.47000000000000003,0.0,0.007,0.0,0.341,11.044
355070512,4,0,0.015,-0.009000000000000001,-0.026000000000000002,0.032,0.0,-0.0318,0.0161,10.78,0.004,56180.0,0.038900000000000004,0.0,8957.0,55556.0,0.0339,0.46890000000000004,0.468,0.0,-0.004,0.0,-0.138,10.979000000000001
355074517,4,0,-0.075,-0.05,0.008,0.033,0.0,-0.0307,0.0189,10.78,0.0039000000000000003,56392.0,0.0415,0.0,12962.0,55760.0,0.0351,0.46890000000000004,0.468,0.0,-0.004,0.0,0.274,10.979000000000001
355078679,4,0,0.022,-0.039,-0.014,0.033,0.0,-0.030100000000000002,0.014100000000000001,10.78,0.0039000000000000003,56392.0,0.0363,0.0,17124.0,55556.0,0.0313,0.46830000000000005,0.467,0.0,-0.017,0.0,-0.148,10.979000000000001
355083679,4,0,-0.022,0.016,-0.003,0.033,0.0,-0.030100000000000002,0.0204,10.78,0.0038,56816.0,0.0415,0.0,0.0,55556.0,0.0357,0.46830000000000005,0.467,0.0,-0.017,0.0,-0.075,10.979000000000001
355085854,4,0,0.016,-0.064,0.033,0.033,0.0,-0.0291,0.0165,10.78,0.0039000000000000003,56604.0,0.038900000000000004,0.0,2175.0,55556.0,0.0322,0.46830000000000005,0.467,0.0,-0.017,0.0,-0.213,10.979000000000001
355090512,4,0,-0.018000000000000002,0.005,0.018000000000000002,0.033,0.0,-0.0292,0.014,10.790000000000001,0.0039000000000000003,56604.0,0.0363,0.0,6833.0,55760.0,0.030500000000000003,0.4682,0.468,0.0,-0.016,0.0,0.20800000000000002,10.975
355094827,4,0,-0.051000000000000004,-0.08600000000000001,0.05,0.033,0.0,-0.030600000000000002,0.021,10.790000000000001,0.004,56392.0,0.0415,0.0,11148.0,55556.0,0.036500000000000005,0.4682,0.468,0.0,-0.016,0.0,0.271,10.975
355099517,4,0,0.059000000000000004,0.026000000000000002,-0.002,0.033,0.0,-0.027700000000000002,0.0161,10.790000000000001,0.0039000000000000003,56604.0,0.0363,0.0,15838.0,55556.0,0.031,0.46880000000000005,0.47000000000000003,0.0,0.0,0.0,-0.059000000000000004,10.975
355101818,4,0,0.0,-0.09,0.039,0.032,0.0,-0.0268,0.0143,10.790000000000001,0.004200000000000001,56604.0,0.0337,0.0,0.0,55556.0,0.029,0.46880000000000005,0.47000000000000003,0.0,0.0,0.0,0.053,10.975
355105829,4,0,0.038,0.035,-0.008,0.032,0.0,-0.0285,0.0178,10.790000000000001,0.004200000000000001,56604.0,0.0376,0.0,4011.0,55760.0,0.0327,0.46880000000000005,0.47000000000000003,0.0,0.0,0.0,-0.012,10.975
355110550,4,0,-0.002,-0.08600000000000001,0.027,0.032,0.0,-0.0285,0.013800000000000002,10.790000000000001,0.0044,56392.0,0.035,0.0,8732.0,55760.0,0.029900000000000003,0.4696,0.47100000000000003,0.0,0.016,0.0,0.128,10.988
355115549,4,0,0.158,0.046,-0.012,0.031,0.0,-0.030000000000000002,0.0012000000000000001,10.790000000000001,0.0047,56604.0,0.025900000000000003,0.0,13731.0,55556.0,0.022000000000000002,0.4696,0.47100000000000003,0.0,0.016,0.0,-0.09,10.988
355117862,4,0,-0.036000000000000004,-0.044,0.009000000000000001,0.031,0.0,-0.033800000000000004,0.0137,10.790000000000001,0.0049,56392.0,0.0402,0.0,16044.0,55556.0,0.033600000000000005,0.4701,0.47100000000000003,0.0,0.022,0.0,0.138,10.988
355122834,4,0,0.171,-0.014,-0.024,0.03,0.0,-0.029900000000000003,0.00030000000000000003,10.81,0.0053,56180.0,0.0247,0.0,0.0,55760.0,0.0213,0.4701,0.47100000000000003,0.0,0.022,0.0,-0.296,10.988
355127511,4,0,0.047,0.027,-0.025,0.029,0.0,-0.0315,0.0009000000000000001,10.81,0.0055000000000000005,57032.0,0.0273,0.0,4677.0,55556.0,0.0229,0.4701,0.47100000000000003,0.0,0.022,0.0,0.267,10.988
355129840,4,0,0.151,0.017,-0.038,0.029,0.0,-0.0329,0.0092,10.81,0.0057,56604.0,0.0351,0.0,7006.0,55760.0,0.0298,0.47040000000000004,0.47100000000000003,0.0,0.024,0.0,-0.162,10.988
355133843,4,0,0.015,0.021,-0.02,0.029,0.0,-0.032600000000000004,0.0026000000000000003,10.82,0.0058000000000000005,56816.0,0.029900000000000003,0.0,11009.0,55556.0,0.024900000000000002,0.47040000000000004,0.47100000000000003,0.0,0.024,0.0,0.28800000000000003,10.93
355138510,4,0,0.097,0.006,-0.042,0.028,0.0,-0.0332,0.0058000000000000005,10.82,0.0059,56604.0,0.0325,0.0,15676.0,55968.0,0.027600000000000003,0.4706,0.47100000000000003,0.0,0.024,0.0,-0.323,10.93
355142510,4,0,0.044,0.03,-0.021,0.029,0.0,-0.0324,-0.0002,10.82,0.0058000000000000005,56604.0,0.0273,0.0,0.0,55556.0,0.0227,0.4706,0.47100000000000003,0.0,0.024,0.0,-0.167,10.93
355147550,4,0,-0.056,-0.019,-0.013000000000000001,0.029,0.0,-0.0309,0.0189,10.82,0.0058000000000000005,56604.0,0.041600000000000005,0.0,5040.0,55556.0,0.0352,0.4706,0.47100000000000003,0.0,0.024,0.0,-0.41100000000000003,10.93
355149853,4,0,0.065,0.021,-0.021,0.029,0.0,-0.0313,0.0091,10.82,0.0055000000000000005,56392.0,0.033800000000000004,0.0,7343.0,55760.0,0.0285,0.4707,0.47100000000000003,0.0,0.022,0.0,-0.115,10.93
355154510,4,0,-0.041,-0.051000000000000004,0.023,0.029,0.0,-0.027600000000000003,-0.0031000000000000003,10.82,0.0057,56604.0,0.020800000000000003,0.0,12000.0,55556.0,0.0173,0.4707,0.47100000000000003,0.0,0.022,0.0,-0.101,10.924
355158510,4,0,0.009000000000000001,0.026000000000000002,0.005,0.029,0.0,-0.035300000000000005,0.023200000000000002,10.82,0.0054,56604.0,0.048100000000000004,0.0,16000.0,55556.0,0.0413,0.47150000000000003,0.47300000000000003,0.0,0.033,0.0,0.026000000000000002,10.924
355162510,4,0,-0.061,-0.052000000000000005,0.025,0.029,0.0,-0.0317,0.004,10.82,0.0055000000000000005,56604.0,0.029900000000000003,0.0,0.0,55556.0,0.0253,0.47150000000000003,0.47300000000000003,0.0,0.033,0.0,0.135,10.924
355166510,4,0,0.047,0.002,0.025,0.029,0.0,-0.031400000000000004,0.0112,10.82,0.0055000000000000005,56604.0,0.0351,0.0,4000.0,55760.0,0.030100000000000002,0.47150000000000003,0.47300000000000003,0.0,0.033,0.0,-0.134,10.924
355170512,4,0,-0.052000000000000005,-0.038,0.05,0.029,0.0,-0.0332,0.0078000000000000005,10.82,0.0055000000000000005,56392.0,0.033800000000000004,0.0,8002.0,55968.0,0.029,0.4727,0.47500000000000003,0.0,0.051000000000000004,0.0,-0.022,10.924
355174871,4,0,0.061,-0.045,0.028,0.029,0.0,-0.0279,0.007,10.82,0.0058000000000000005,56604.0,0.0286,0.0,12361.0,55760.0,0.0247,0.4727,0.47500000000000003,0.0,0.051000000000000004,0.0,-0.5730000000000001,11.059000000000001
355179551,4,0,-0.06,-0.039,0.035,0.028,0.0,-0.029300000000000003,0.0148,10.82,0.0059,56604.0,0.0364,0.0,17041.0,55760.0,0.031100000000000003,0.4732,0.47400000000000003,0.0,0.049,0.0,-0.114,11.059000000000001
355181876,4,0,0.059000000000000004,-0.015,0.011,0.028,0.0,-0.0328,0.0146,10.82,0.0061,56604.0,0.039,0.0,0.0,55556.0,0.0335,0.4732,0.47400000000000003,0.0,0.049,0.0,-0.357,11.059000000000001
355185926,4,0,-0.059000000000000004,-0.028,0.009000000000000001,0.028,0.0,-0.030100000000000002,0.014700000000000001,10.85,0.006200000000000001,56392.0,0.036500000000000005,0.0,4050.0,55760.0,0.0317,0.4732,0.47400000000000003,0.0,0.049,0.0,0.131,11.059000000000001
355190549,4,0,0.038,-0.012,-0.014,0.027,0.0,-0.031900000000000005,0.0123,10.85,0.0064,56392.0,0.036500000000000005,0.0,8673.0,55760.0,0.031200000000000002,0.4731,0.47300000000000003,0.0,0.038,0.0,-0.183,11.059000000000001
355194886,4,0,0.041,-0.003,-0.013000000000000001,0.027,0.0,-0.0302,0.0071,10.85,0.0064,56180.0,0.0313,0.0,13010.0,55556.0,0.0264,0.4731,0.47300000000000003,0.0,0.038,0.0,0.026000000000000002,11.031
355198888,4,0,-0.044,-0.04,-0.028,0.027,0.0,-0.0286,0.0049,10.85,0.0066,56604.0,0.0274,0.0,17012.0,55760.0,0.023700000000000002,0.47240000000000004,0.47100000000000003,0.0,0.016,0.0,-0.122,11.031
355203549,4,0,0.162,-0.005,-0.041,0.026000000000000002,0.0,-0.0309,-0.0088,10.85,0.006900000000000001,56392.0,0.0183,0.0,0.0,55556.0,0.015600000000000001,0.47240000000000004,0.47100000000000003,0.0,0.016,0.0,-0.018000000000000002,11.031
355205939,4,0,0.007,-0.03,-0.026000000000000002,0.026000000000000002,0.0,-0.0318,-0.0049,10.85,0.007200000000000001,56604.0,0.0222,0.0,2390.0,55968.0,0.019,0.47240000000000004,0.47100000000000003,0.0,0.016,0.0,0.073,11.031
355210511,4,0,0.121,0.006,-0.027,0.026000000000000002,0.0,-0.0346,0.0012000000000000001,10.85,0.0073,56604.0,0.030000000000000002,0.0,6962.0,55556.0,0.0253,0.4712,0.46900000000000003,0.0,-0.011,0.0,0.046,11.031
355214900,4,0,-0.04,0.0,-0.005,0.025,0.0,-0.0373,-0.011600000000000001,10.85,0.0076,56604.0,0.0222,0.0,11351.0,55760.0,0.0181,0.4712,0.46900000000000003,0.0,-0.011,0.0,0.134,11.012
355218904,4,0,0.165,-0.008,-0.015,0.024,0.0,-0.0351,0.0018000000000000002,10.85,0.0078000000000000005,56604.0,0.030000000000000002,0.0,15355.0,55968.0,0.0261,0.46940000000000004,0.466,0.0,-0.045,0.0,-0.34400000000000003,11.012
355223511,4,0,-0.007,-0.004,0.012,0.024,0.0,-0.034300000000000004,-0.008400000000000001,10.85,0.0079,56604.0,0.0222,0.0,0.0,55968.0,0.0183,0.46940000000000004,0.466,0.0,-0.045,0.0,0.047,11.012
355225511,4,0,0.117,-0.002,0.011,0.024,0.0,-0.035,-0.0032,10.85,0.008,56604.0,0.0261,0.0,2000.0,55760.0,0.022500000000000003,0.46940000000000004,0.466,0.0,-0.045,0.0,-0.043000000000000003,11.012
355229543,4,0,-0.051000000000000004,-0.015,0.009000000000000001,0.024,0.0,-0.035,0.0053,10.85,0.0081,56604.0,0.032600000000000004,0.0,6032.0,55760.0,0.0285,0.4675,0.464,0.0,-0.074,0.0,-0.006,11.012
355233574,4,0,0.08,-0.011,0.018000000000000002,0.024,0.0,-0.0359,0.007500000000000001,10.85,0.0081,56816.0,0.036500000000000005,0.0,10063.0,55760.0,0.0307,0.4675,0.464,0.0,-0.074,0.0,-0.20600000000000002,11.012
355237941,4,0,-0.122,-0.019,0.017,0.025,0.0,-0.0352,0.0199,10.86,0.0076,56392.0,0.045700000000000005,0.0,14430.0,55760.0,0.039,0.46630000000000005,0.464,0.0,-0.084,0.0,0.079,10.993
355242508,4,0,0.045,-0.02,0.004,0.025,0.0,-0.0332,-0.0008,10.86,0.0077,56604.0,0.0274,0.0,0.0,55760.0,0.0229,0.46630000000000005,0.464,0.0,-0.084,0.0,-0.047,10.993
355246519,4,0,-0.165,-0.006,0.011,0.026000000000000002,0.0,-0.038,0.026600000000000002,10.86,0.007,56816.0,0.053500000000000006,0.0,4011.0,55968.0,0.0456,0.46630000000000005,0.464,0.0,-0.084,0.0,0.152,10.993
355250973,4,0,-0.07200000000000001,-0.031,-0.003,0.026000000000000002,0.0,-0.031200000000000002,0.004,10.86,0.006900000000000001,56604.0,0.030000000000000002,0.0,8465.0,55760.0,0.024900000000000002,0.46580000000000005,0.465,0.0,-0.077,0.0,-0.317,10.993
355253534,4,0,-0.129,-0.034,0.013000000000000001,0.027,0.0,-0.030000000000000002,0.0071,10.86,0.0067,56816.0,0.0313,0.0,11026.0,55968.0,0.0262,0.46580000000000005,0.465,0.0,-0.077,0.0,-0.077,10.993
355258508,4,0,-0.062,-0.023,-0.018000000000000002,0.027,0.0,-0.0323,0.0247,10.86,0.0066,56816.0,0.0483,0.0,16000.0,55760.0,0.0403,0.4655,0.465,0.0,-0.067,0.0,-0.326,11.036
355262509,4,0,0.03,-0.04,0.009000000000000001,0.027,0.0,-0.0298,0.0059,10.89,0.0066,56604.0,0.030100000000000002,0.0,0.0,55760.0,0.0253,0.4655,0.465,0.0,-0.067,0.0,0.088,11.036
355266938,4,0,-0.082,-0.024,0.008,0.027,0.0,-0.034,0.019,10.89,0.0068000000000000005,56816.0,0.044500000000000005,0.0,4429.0,55760.0,0.0375,0.4655,0.465,0.0,-0.067,0.0,0.276,11.036
355270989,4,0,0.108,0.007,0.003,0.026000000000000002,0.0,-0.034,0.0099,10.89,0.0071,56604.0,0.0366,0.0,8480.0,55760.0,0.031,0.4657,0.466,0.0,-0.05,0.0,-0.064,11.036
355273534,4,0,-0.03,0.031,-0.004,0.026000000000000002,0.0,-0.0357,0.017,10.89,0.007200000000000001,56604.0,0.044500000000000005,0.0,11025.0,55760.0,0.0373,0.4657,0.466,0.0,-0.05,0.0,-0.105,11.036
355278694,4,0,0.122,-0.008,-0.001,0.025,0.0,-0.033,0.016300000000000002,10.89,0.0074,56604.0,0.040600000000000004,0.0,16185.0,55556.0,0.0349,0.4665,0.468,0.0,-0.026000000000000002,0.0,-0.34500000000000003,11.043000000000001
355283508,4,0,-0.063,-0.006,0.014,0.025,0.0,-0.036500000000000005,0.0148,10.89,0.0074,56604.0,0.0419,0.0,0.0,55968.0,0.0363,0.4665,0.468,0.0,-0.026000000000000002,0.0,-0.116,11.043000000000001
355285509,4,0,0.088,-0.007,0.004,0.025,0.0,-0.0361,0.0162,10.89,0.0074,56816.0,0.0432,0.0,2001.0,55556.0,0.037000000000000005,0.4665,0.468,0.0,-0.026000000000000002,0.0,-0.092,11.043000000000001
355289954,4,0,-0.046,0.001,0.014,0.025,0.0,-0.034300000000000004,0.0037,10.89,0.0074,56816.0,0.031400000000000004,0.0,6446.0,55760.0,0.0269,0.4681,0.47100000000000003,0.0,0.014,0.0,0.185,11.043000000000001
355293957,4,0,0.067,0.032,-0.018000000000000002,0.025,0.0,-0.036500000000000005,0.013900000000000001,10.89,0.0074,56604.0,0.0419,0.0,10449.0,55760.0,0.0356,0.4681,0.47100000000000003,0.0,0.014,0.0,-0.035,11.043000000000001
355298507,4,0,-0.03,-0.03,-0.01,0.026000000000000002,0.0,-0.0327,0.0089,10.89,0.0073,56816.0,0.035300000000000005,0.0,14999.0,55760.0,0.029500000000000002,0.4691,0.47100000000000003,0.0,0.03,0.0,0.128,11.009
355302508,4,0,0.039,0.053,-0.018000000000000002,0.025,0.0,-0.0397,0.0082,10.89,0.0073,57032.0,0.0393,0.0,0.0,55760.0,0.0339,0.4691,0.47100000000000003,0.0,0.03,0.0,0.008,11.009
355306512,4,0,-0.019,-0.017,0.008,0.026000000000000002,0.0,-0.0403,0.010700000000000001,10.89,0.0071,56604.0,0.0432,0.0,4004.0,55760.0,0.036000000000000004,0.4691,0.47100000000000003,0.0,0.03,0.0,0.219,11.009
355311013,4,0,-0.084,0.023,-0.023,0.026000000000000002,0.0,-0.0391,0.0148,10.89,0.0068000000000000005,56604.0,0.044500000000000005,0.0,8505.0,55968.0,0.0381,0.4701,0.47200000000000003,0.0,0.047,0.0,0.098,11.009
355313570,4,0,-0.038,-0.033,-0.001,0.027,0.0,-0.037700000000000004,0.010100000000000001,10.89,0.0067,56604.0,0.0393,0.0,11062.0,55760.0,0.033800000000000004,0.4701,0.47200000000000003,0.0,0.047,0.0,0.372,11.009
355317998,4,0,-0.07200000000000001,0.036000000000000004,-0.021,0.027,0.0,-0.0379,0.0123,10.9,0.0068000000000000005,56392.0,0.0419,0.0,15490.0,55556.0,0.035500000000000004,0.4711,0.47300000000000003,0.0,0.056,0.0,0.036000000000000004,11.027000000000001
355322512,4,0,0.031,-0.016,0.001,0.027,0.0,-0.038700000000000005,0.021,10.9,0.0066,56604.0,0.0497,0.0,0.0,55968.0,0.0422,0.4711,0.47300000000000003,0.0,0.056,0.0,0.12,11.027000000000001
355327024,4,0,-0.122,-0.017,0.014,0.028,0.0,-0.0381,0.016800000000000002,10.9,0.0063,56604.0,0.0458,0.0,4512.0,55968.0,0.0388,0.4711,0.47300000000000003,0.0,0.056,0.0,0.079,11.027000000000001
355331511,4,0,0.028,0.052000000000000005,0.009000000000000001,0.028,0.0,-0.0408,0.023,10.9,0.0063,56604.0,0.053700000000000005,0.0,8999.0,55968.0,0.0451,0.47250000000000003,0.47500000000000003,0.0,0.075,0.0,0.05,11.027000000000001
355333570,4,0,-0.047,0.049,0.001,0.028,0.0,-0.0403,0.016300000000000002,10.92,0.006200000000000001,56604.0,0.0472,0.0,11058.0,55760.0,0.04,0.47250000000000003,0.47500000000000003,0.0,0.075,0.0,-0.025,11.027000000000001
355338507,4,0,0.026000000000000002,0.042,0.004,0.028,0.0,-0.0407,0.0189,10.9,0.0061,56816.0,0.049800000000000004,0.0,15995.0,55760.0,0.042100000000000005,0.47300000000000003,0.47400000000000003,0.0,0.07,0.0,-0.16,11.034
355342993,4,0,-0.048,-0.043000000000000003,0.044,0.029,0.0,-0.038400000000000004,0.0184,10.92,0.0058000000000000005,57032.0,0.0473,0.0,0.0,55968.0,0.0402,0.47300000000000003,0.47400000000000003,0.0,0.07,0.0,-0.152,11.034
355347001,4,0,-0.007,0.085,0.008,0.029,0.0,-0.041800000000000004,0.0221,10.92,0.0057,56604.0,0.0538,0.0,4008.0,55968.0,0.045200000000000004,0.47300000000000003,0.47400000000000003,0.0,0.07,0.0,-0.323,11.034
355349509,4,0,-0.078,-0.003,0.016,0.029,0.0,-0.0415,0.025400000000000002,10.92,0.0056,56816.0,0.0551,0.0,6516.0,55968.0,0.0473,0.47300000000000003,0.47300000000000003,0.0,0.056,0.0,-0.186,11.034
355353999,4,0,0.01,0.076,-0.01,0.029,0.0,-0.0391,0.0217,10.92,0.0055000000000000005,56604.0,0.0512,0.0,11006.0,55760.0,0.043000000000000003,0.47300000000000003,0.47300000000000003,0.0,0.056,0.0,-0.132,11.034
355358507,4,0,-0.029,-0.056,0.018000000000000002,0.029,0.0,-0.0414,0.016,10.93,0.0055000000000000005,56604.0,0.0473,0.0,15514.0,55968.0,0.040600000000000004,0.4727,0.47200000000000003,0.0,0.039,0.0,0.02,11.059000000000001
355362507,4,0,-0.014,0.078,-0.028,0.029,0.0,-0.0419,0.0217,10.93,0.0054,56816.0,0.0538,0.0,0.0,55968.0,0.045000000000000005,0.4727,0.47200000000000003,0.0,0.039,0.0,-0.117,11.059000000000001
355367010,4,0,0.045,-0.006,-0.009000000000000001,0.029,0.0,-0.044500000000000005,0.0135,10.93,0.0054,56392.0,0.048600000000000004,0.0,4503.0,55760.0,0.041,0.4727,0.47200000000000003,0.0,0.039,0.0,0.14400000000000002,11.059000000000001
355371550,4,0,-0.009000000000000001,0.063,-0.024,0.03,0.0,-0.0427,0.0146,10.93,0.0053,56816.0,0.0473,0.0,9043.0,55760.0,0.0405,0.47240000000000004,0.47200000000000003,0.0,0.026000000000000002,0.0,-0.17400000000000002,11.059000000000001
355374015,4,0,0.012,-0.011,-0.005,0.03,0.0,-0.0463,0.020300000000000002,10.93,0.005200000000000001,56604.0,0.0565,0.0,11508.0,55556.0,0.0472,0.47240000000000004,0.47200000000000003,0.0,0.026000000000000002,0.0,0.12,11.059000000000001
355378690,4,0,-0.022,0.044,-0.038,0.03,0.0,-0.0448,0.0154,10.93,0.0049,56816.0,0.0512,0.0,16183.0,55760.0,0.0426,0.47190000000000004,0.47100000000000003,0.0,0.011,0.0,-0.244,11.011000000000001
355383510,4,0,0.056,0.063,-0.021,0.031,0.0,-0.0466,0.0111,10.93,0.0048000000000000004,56816.0,0.048600000000000004,0.0,0.0,55760.0,0.0408,0.47190000000000004,0.47100000000000003,0.0,0.011,0.0,-0.228,11.011000000000001
355385510,4,0,0.014,0.064,-0.025,0.031,0.0,-0.0465,0.010100000000000001,10.93,0.0046,56816.0,0.0473,0.0,2000.0,55760.0,0.040100000000000004,0.47190000000000004,0.47100000000000003,0.0,0.011,0.0,-0.395,11.011000000000001
355389545,4,0,0.025,0.003,0.004,0.031,0.0,-0.046900000000000004,0.0148,10.93,0.0046,56392.0,0.0512,0.0,6035.0,55760.0,0.0436,0.4716,0.47100000000000003,0.0,0.003,0.0,-0.106,11.011000000000001
355394031,4,0,-0.027,-0.01,0.001,0.031,0.0,-0.0468,0.0164,10.93,0.0045000000000000005,56604.0,0.052500000000000005,0.0,10521.0,55760.0,0.044700000000000004,0.4716,0.47100000000000003,0.0,0.003,0.0,-0.322,11.011000000000001
355398055,4,0,0.039,0.082,-0.011,0.031,0.0,-0.0483,0.013600000000000001,10.94,0.0044,56816.0,0.052500000000000005,0.0,14545.0,55968.0,0.0438,0.4721,0.47300000000000003,0.0,0.013000000000000001,0.0,-0.039,11.027000000000001
355402506,4,0,-0.035,-0.043000000000000003,0.016,0.032,0.0,-0.045700000000000005,0.0154,10.94,0.0043,56816.0,0.0512,0.0,0.0,55968.0,0.043300000000000005,0.4721,0.47300000000000003,0.0,0.013000000000000001,0.0,-0.017,11.027000000000001
355406509,4,0,0.029,0.08700000000000001,-0.011,0.032,0.0,-0.046400000000000004,0.0154,10.94,0.004200000000000001,57032.0,0.052500000000000005,0.0,4003.0,56180.0,0.0437,0.4721,0.47300000000000003,0.0,0.013000000000000001,0.0,0.022,11.027000000000001
355410509,4,0,-0.025,-0.05,0.033,0.032,0.0,-0.0482,0.012700000000000001,10.96,0.004200000000000001,56604.0,0.051300000000000005,0.0,8003.0,55760.0,0.0431,0.47350000000000003,0.47600000000000003,0.0,0.035,0.0,0.217,11.027000000000001
355414510,4,0,0.016,0.076,-0.026000000000000002,0.032,0.0,-0.0461,0.0173,10.96,0.004200000000000001,56604.0,0.052700000000000004,0.0,12004.0,55760.0,0.0448,0.47350000000000003,0.47600000000000003,0.0,0.035,0.0,-0.155,11.027000000000001
355419012,4,0,-0.018000000000000002,0.002,0.014,0.032,0.0,-0.048,0.0177,10.96,0.004,56392.0,0.0553,0.0,16506.0,55556.0,0.0465,0.4733,0.47300000000000003,0.0,0.025,0.0,0.259,11.003
355423507,4,0,-0.009000000000000001,-0.001,0.001,0.033,0.0,-0.0455,0.016800000000000002,10.96,0.0038,56816.0,0.052700000000000004,0.0,0.0,55760.0,0.044000000000000004,0.4733,0.47300000000000003,0.0,0.025,0.0,-0.137,11.003
355425508,4,0,-0.037,-0.061,0.024,0.033,0.0,-0.046,0.016300000000000002,10.96,0.0038,56604.0,0.0514,0.0,2001.0,55968.0,0.044000000000000004,0.4733,0.47300000000000003,0.0,0.025,0.0,0.14,11.003
355431104,4,0,-0.012,-0.026000000000000002,-0.002,0.033,0.0,-0.0475,0.0161,10.96,0.0035,56604.0,0.052700000000000004,0.0,7597.0,55968.0,0.045000000000000005,0.47250000000000003,0.47100000000000003,0.0,0.004,0.0,-0.256,11.003
355433532,4,0,-0.031,-0.045,0.013000000000000001,0.033,0.0,-0.0465,0.016900000000000002,10.96,0.0036000000000000003,56604.0,0.054,0.0,10025.0,56180.0,0.0448,0.47250000000000003,0.47100000000000003,0.0,0.004,0.0,0.14400000000000002,11.003
355438088,4,0,-0.005,-0.015,-0.016,0.033,0.0,-0.043500000000000004,0.019700000000000002,10.97,0.0035,56604.0,0.054,0.0,14581.0,55556.0,0.044700000000000004,0.4723,0.47200000000000003,0.0,-0.001,0.0,-0.16,11.019
355443065,4,0,0.026000000000000002,0.069,-0.025,0.033,0.0,-0.045700000000000005,0.0193,10.97,0.0035,56604.0,0.054,0.0,0.0,55760.0,0.046,0.4723,0.47200000000000003,0.0,-0.001,0.0,0.149,11.019
355445555,4,0,0.02,0.01,-0.013000000000000001,0.033,0.0,-0.0454,0.0179,10.97,0.0034000000000000002,56604.0,0.052700000000000004,0.0,2490.0,55968.0,0.044700000000000004,0.4723,0.47200000000000003,0.0,-0.001,0.0,-0.111,11.019
355450506,4,0,0.012,0.055,-0.014,0.033,0.0,-0.0439,0.0181,10.97,0.0034000000000000002,56816.0,0.052700000000000004,0.0,7441.0,55760.0,0.0438,0.4726,0.47300000000000003,0.0,0.004,0.0,0.019,11.019
355454507,4,0,-0.03,-0.066,0.013000000000000001,0.034,0.0,-0.044500000000000005,0.0181,10.97,0.0034000000000000002,56604.0,0.0514,0.0,11442.0,55968.0,0.0442,0.4726,0.47300000000000003,0.0,0.004,0.0,-0.12,11.019
355459507,4,0,0.031,0.041,-0.012,0.034,0.0,-0.0431,0.0182,10.97,0.0033,56816.0,0.0514,0.0,16442.0,55968.0,0.0434,0.4727,0.47300000000000003,0.0,0.007,0.0,-0.252,11.011000000000001
355462078,4,0,-0.044,-0.082,0.038,0.034,0.0,-0.042300000000000004,0.0178,10.97,0.0034000000000000002,56604.0,0.050100000000000006,0.0,0.0,55760.0,0.0425,0.4727,0.47300000000000003,0.0,0.007,0.0,0.11800000000000001,11.011000000000001
355466129,4,0,0.03,0.051000000000000004,-0.011,0.034,0.0,-0.0436,0.0172,10.97,0.0033,56392.0,0.0514,0.0,4051.0,55968.0,0.043000000000000003,0.4727,0.47300000000000003,0.0,0.007,0.0,-0.098,11.011000000000001
355470506,4,0,-0.041,-0.049,0.038,0.034,0.0,-0.047400000000000005,0.0154,10.97,0.0034000000000000002,57032.0,0.052700000000000004,0.0,8428.0,55968.0,0.0444,0.4728,0.47300000000000003,0.0,0.007,0.0,0.199,11.011000000000001
355474507,4,0,0.051000000000000004,0.028,-0.007,0.034,0.0,-0.0434,0.0131,10.97,0.0033,56816.0,0.047400000000000005,0.0,12429.0,55760.0,0.04,0.4728,0.47300000000000003,0.0,0.007,0.0,-0.261,11.011000000000001
355479507,4,0,-0.014,0.008,0.006,0.033,0.0,-0.041600000000000005,0.015000000000000001,10.97,0.0035,56392.0,0.0488,0.0,17429.0,55760.0,0.040100000000000004,0.4722,0.47100000000000003,0.0,-0.006,0.0,0.221,11.037
355482095,4,0,0.041,0.001,-0.003,0.033,0.0,-0.043300000000000005,0.0155,11.0,0.0035,56816.0,0.0502,0.0,0.0,55760.0,0.041600000000000005,0.4722,0.47100000000000003,0.0,-0.006,0.0,-0.245,11.037
355486145,4,0,-0.032,-0.024,0.015,0.033,0.0,-0.0412,0.015000000000000001,11.0,0.0036000000000000003,56392.0,0.0476,0.0,4050.0,55760.0,0.0398,0.4722,0.47100000000000003,0.0,-0.006,0.0,0.28200000000000003,11.037
355490506,4,0,0.035,-0.041,-0.003,0.033,0.0,-0.0408,0.0134,11.0,0.0037,56816.0,0.046200000000000005,0.0,8411.0,55968.0,0.038400000000000004,0.4721,0.47200000000000003,0.0,-0.006,0.0,-0.229,11.037
355494508,4,0,-0.004,0.005,-0.02,0.033,0.0,-0.0415,0.0128,11.0,0.0038,56604.0,0.0449,0.0,12413.0,55968.0,0.038400000000000004,0.4721,0.47200000000000003,0.0,-0.006,0.0,-0.053,11.037
355499551,4,0,0.03,-0.052000000000000005,-0.005,0.033,0.0,-0.0439,0.0105,11.0,0.0039000000000000003,56604.0,0.046200000000000005,0.0,17456.0,55968.0,0.0385,0.4728,0.47400000000000003,0.0,0.008,0.0,-0.427,10.94
355502109,4,0,0.023,0.028,-0.022,0.032,0.0,-0.0415,0.012,11.0,0.004,56604.0,0.0449,0.0,0.0,55968.0,0.0378,0.4728,0.47400000000000003,0.0,0.008,0.0,-0.105,10.94
355507153,4,0,-0.04,-0.09,0.013000000000000001,0.032,0.0,-0.037000000000000005,0.0142,11.0,0.004200000000000001,56816.0,0.0436,0.0,5044.0,55760.0,0.0362,0.4728,0.47400000000000003,0.0,0.008,0.0,0.07200000000000001,10.94
355509508,4,0,0.008,0.002,-0.013000000000000001,0.032,0.0,-0.037700000000000004,0.0119,11.0,0.004200000000000001,56604.0,0.042300000000000004,0.0,7399.0,55968.0,0.0351,0.47250000000000003,0.47200000000000003,0.0,0.001,0.0,0.056,10.94
355513569,4,0,0.022,-0.075,-0.002,0.031,0.0,-0.0398,0.0102,11.0,0.0044,56816.0,0.041,0.0,11460.0,55760.0,0.035300000000000005,0.47250000000000003,0.47200000000000003,0.0,0.001,0.0,-0.026000000000000002,10.94
355518506,4,0,0.08700000000000001,0.041,-0.025,0.031,0.0,-0.042100000000000005,0.009300000000000001,11.0,0.0045000000000000005,56816.0,0.0436,0.0,16397.0,56392.0,0.0363,0.47200000000000003,0.47100000000000003,0.0,-0.01,0.0,0.006,10.948
355523125,4,0,-0.017,-0.023,0.016,0.031,0.0,-0.0396,0.0088,11.0,0.0047,57032.0,0.041,0.0,0.0,55968.0,0.0342,0.47200000000000003,0.47100000000000003,0.0,-0.01,0.0,0.252,10.948
355527169,4,0,0.026000000000000002,-0.03,0.005,0.031,0.0,-0.0388,0.017400000000000002,11.0,0.0047,56604.0,0.0476,0.0,4044.0,56180.0,0.0398,0.47200000000000003,0.47100000000000003,0.0,-0.01,0.0,-0.45,10.948
355531549,4,0,-0.08600000000000001,-0.048,0.026000000000000002,0.031,0.0,-0.0374,0.0195,11.0,0.0046,56816.0,0.0476,0.0,8424.0,56180.0,0.0402,0.4716,0.47100000000000003,0.0,-0.014,0.0,0.10400000000000001,10.948
355534132,4,0,0.075,-0.016,-0.006,0.031,0.0,-0.0367,0.011000000000000001,11.0,0.0046,56816.0,0.0397,0.0,11007.0,55760.0,0.0337,0.4716,0.47100000000000003,0.0,-0.014,0.0,-0.262,10.948
355538505,4,0,-0.091,-0.027,0.016,0.031,0.0,-0.0371,0.0183,11.0,0.0044,56604.0,0.0476,0.0,15380.0,55760.0,0.0392,0.4718,0.47200000000000003,0.0,-0.009000000000000001,0.0,0.464,11.041
355543138,4,0,-0.005,-0.06,0.018000000000000002,0.031,0.0,-0.0392,0.0105,11.0,0.0044,56604.0,0.042300000000000004,0.0,0.0,56180.0,0.0351,0.4718,0.47200000000000003,0.0,-0.009000000000000001,0.0,0.044,11.041
355547180,4,0,0.018000000000000002,0.014,-0.005,0.032,0.0,-0.0371,0.0155,11.03,0.0043,57032.0,0.0451,0.0,4042.0,56180.0,0.037200000000000004,0.4718,0.47200000000000003,0.0,-0.009000000000000001,0.0,-0.048,11.041
355549506,4,0,0.065,-0.017,-0.004,0.032,0.0,-0.037200000000000004,0.0172,11.03,0.0044,56604.0,0.046400000000000004,0.0,6368.0,55968.0,0.0385,0.4722,0.47300000000000003,0.0,0.001,0.0,-0.402,11.041
355554147,4,0,0.022,0.012,-0.014,0.031,0.0,-0.038700000000000005,0.0097,11.03,0.0045000000000000005,56604.0,0.041100000000000005,0.0,11009.0,55760.0,0.0342,0.4722,0.47300000000000003,0.0,0.001,0.0,-0.002,11.041
355558505,4,0,0.002,-0.047,0.01,0.031,0.0,-0.037700000000000004,0.015000000000000001,11.03,0.0047,56604.0,0.0451,0.0,15367.0,55968.0,0.0373,0.4728,0.47400000000000003,0.0,0.014,0.0,-0.051000000000000004,11.01
355563549,4,0,0.064,0.021,-0.013000000000000001,0.031,0.0,-0.0385,0.0117,11.03,0.0048000000000000004,56816.0,0.041100000000000005,0.0,0.0,56180.0,0.035500000000000004,0.4728,0.47400000000000003,0.0,0.014,0.0,-0.053,11.01
355566201,4,0,-0.021,-0.054,0.006,0.03,0.0,-0.0358,0.013300000000000001,11.03,0.0051,56604.0,0.041100000000000005,0.0,2652.0,56180.0,0.0347,0.4728,0.47400000000000003,0.0,0.014,0.0,-0.098,11.01
355570506,4,0,0.084,0.011,-0.02,0.03,0.0,-0.0366,0.0126,11.03,0.005200000000000001,56816.0,0.041100000000000005,0.0,6957.0,56180.0,0.034800000000000005,0.47290000000000004,0.47300000000000003,0.0,0.012,0.0,-0.23800000000000002,11.01
355575159,4,0,-0.036000000000000004,-0.022,0.0,0.029,0.0,-0.0357,0.012700000000000001,11.03,0.0054,56816.0,0.041100000000000005,0.0,11610.0,55968.0,0.0342,0.47290000000000004,0.47300000000000003,0.0,0.012,0.0,0.202,11.01
355579255,4,0,0.08600000000000001,-0.029,-0.008,0.029,0.0,-0.037200000000000004,0.008400000000000001,11.03,0.0056,57032.0,0.038400000000000004,0.0,15706.0,55968.0,0.0323,0.47290000000000004,0.47300000000000003,0.0,0.011,0.0,-0.048,11.01
355581504,4,0,-0.018000000000000002,-0.049,0.005,0.029,0.0,-0.037700000000000004,0.0064,11.03,0.0057,57032.0,0.0371,0.0,0.0,56180.0,0.031200000000000002,0.47290000000000004,0.47300000000000003,0.0,0.011,0.0,0.266,10.985
355585543,4,0,0.139,0.015,-0.006,0.028,0.0,-0.038200000000000005,0.0023,11.03,0.0059,56816.0,0.033100000000000004,0.0,4039.0,56180.0,0.0286,0.47290000000000004,0.47300000000000003,0.0,0.011,0.0,0.007,10.985
355590505,4,0,0.012,-0.018000000000000002,-0.006,0.028,0.0,-0.0359,0.0026000000000000003,11.03,0.006200000000000001,56816.0,0.033100000000000004,0.0,9001.0,55968.0,0.027200000000000002,0.4723,0.47100000000000003,0.0,-0.005,0.0,0.295,10.985
355595551,4,0,0.115,-0.036000000000000004,-0.004,0.027,0.0,-0.0354,0.0012000000000000001,11.03,0.006500000000000001,56392.0,0.0318,0.0,14047.0,56180.0,0.025900000000000003,0.4723,0.47100000000000003,0.0,-0.005,0.0,-0.162,10.985
355598165,4,0,0.052000000000000005,-0.008,0.006,0.027,0.0,-0.035300000000000005,0.002,11.03,0.0066,56816.0,0.030500000000000003,0.0,16661.0,56180.0,0.0264,0.47150000000000003,0.47000000000000003,0.0,-0.02,0.0,0.14,10.985
355602541,4,0,0.083,-0.052000000000000005,0.005,0.026000000000000002,0.0,-0.0351,-0.0015,11.040000000000001,0.007,57032.0,0.027800000000000002,0.0,0.0,56180.0,0.023700000000000002,0.47150000000000003,0.47000000000000003,0.0,-0.02,0.0,-0.095,10.912
355607223,4,0,0.14400000000000002,-0.007,-0.007,0.026000000000000002,0.0,-0.0359,0.0019,11.040000000000001,0.0073,56604.0,0.0318,0.0,4682.0,56180.0,0.0267,0.47150000000000003,0.47000000000000003,0.0,-0.02,0.0,-0.044,10.912
355609507,4,0,0.089,-0.052000000000000005,0.004,0.025,0.0,-0.0351,0.0021000000000000003,11.040000000000001,0.007500000000000001,56816.0,0.030500000000000003,0.0,6966.0,55760.0,0.0263,0.4703,0.468,0.0,-0.04,0.0,-0.178,10.912
355613571,4,0,0.069,-0.009000000000000001,-0.009000000000000001,0.025,0.0,-0.0341,-0.0015,11.06,0.0076,56816.0,0.0279,0.0,11030.0,55968.0,0.023,0.4703,0.468,0.0,-0.04,0.0,0.146,10.912
355618542,4,0,-0.028,-0.047,-0.002,0.024,0.0,-0.0351,0.0021000000000000003,11.06,0.0078000000000000005,57252.0,0.030600000000000002,0.0,16001.0,55760.0,0.0263,0.46840000000000004,0.465,0.0,-0.069,0.0,0.28700000000000003,10.912
355623166,4,0,0.07100000000000001,-0.028,0.001,0.024,0.0,-0.0371,0.006,11.06,0.0079,57032.0,0.037200000000000004,0.0,0.0,56180.0,0.030500000000000003,0.46840000000000004,0.465,0.0,-0.069,0.0,-0.1,11.019
355625542,4,0,-0.085,-0.036000000000000004,0.011,0.024,0.0,-0.0369,0.0106,11.06,0.0079,57032.0,0.0412,0.0,2376.0,55968.0,0.033600000000000005,0.46840000000000004,0.465,0.0,-0.069,0.0,0.04,11.019
355629852,4,0,0.126,-0.024,-0.017,0.025,0.0,-0.0333,0.0002,11.06,0.0077,56816.0,0.0279,0.0,6686.0,56180.0,0.023700000000000002,0.46830000000000005,0.468,0.0,-0.058,0.0,-0.199,11.019
355634212,4,0,-0.121,-0.023,-0.001,0.025,0.0,-0.0334,0.0103,11.06,0.0076,56604.0,0.037200000000000004,0.0,11046.0,55968.0,0.0309,0.46830000000000005,0.468,0.0,-0.058,0.0,0.198,11.019
355638504,4,0,0.078,-0.053,0.001,0.025,0.0,-0.0335,0.0057,11.06,0.0077,56816.0,0.0332,0.0,15338.0,56180.0,0.027700000000000002,0.46890000000000004,0.47000000000000003,0.0,-0.034,0.0,-0.168,11.019
355642504,4,0,-0.091,-0.014,0.016,0.025,0.0,-0.0346,0.009300000000000001,11.07,0.007500000000000001,57032.0,0.037200000000000004,0.0,0.0,55968.0,0.031100000000000003,0.46890000000000004,0.47000000000000003,0.0,-0.034,0.0,0.155,11.038
355646504,4,0,0.008,-0.067,0.005,0.025,0.0,-0.0332,0.0146,11.07,0.0076,57032.0,0.039900000000000005,0.0,4000.0,55968.0,0.033800000000000004,0.46890000000000004,0.47000000000000003,0.0,-0.034,0.0,-0.177,11.038
355650504,4,0,0.005,-0.04,0.032,0.025,0.0,-0.029400000000000003,0.0018000000000000002,11.07,0.0076,57032.0,0.026600000000000002,0.0,8000.0,56392.0,0.022000000000000002,0.4686,0.468,0.0,-0.034,0.0,0.246,11.038
355654528,4,0,-0.018000000000000002,-0.057,0.013000000000000001,0.024,0.0,-0.0346,0.009000000000000001,11.07,0.0078000000000000005,57032.0,0.037200000000000004,0.0,12024.0,56180.0,0.0309,0.4686,0.468,0.0,-0.034,0.0,-0.069,11.038
355657277,4,0,-0.015,-0.048,0.017,0.024,0.0,-0.0323,0.008,11.07,0.0079,57032.0,0.0346,0.0,14773.0,56180.0,0.0285,0.46730000000000005,0.465,0.0,-0.052000000000000005,0.0,0.106,11.038
355662223,4,0,-0.06,-0.052000000000000005,0.026000000000000002,0.024,0.0,-0.033100000000000004,0.011600000000000001,11.07,0.0082,57032.0,0.037200000000000004,0.0,0.0,55968.0,0.0316,0.46730000000000005,0.465,0.0,-0.052000000000000005,0.0,-0.181,10.905
355666271,4,0,0.085,-0.029,0.018000000000000002,0.023,0.0,-0.0352,0.0057,11.07,0.008400000000000001,56816.0,0.0346,0.0,4048.0,55968.0,0.028900000000000002,0.46730000000000005,0.465,0.0,-0.052000000000000005,0.0,-0.168,10.905
355670505,4,0,-0.085,-0.038,0.005,0.023,0.0,-0.0342,0.008700000000000001,11.07,0.0086,56816.0,0.037200000000000004,0.0,8282.0,56180.0,0.0303,0.46790000000000004,0.46900000000000003,0.0,-0.03,0.0,0.097,10.905
355675542,4,0,0.117,-0.024,-0.003,0.022,0.0,-0.0329,-0.0031000000000000003,11.09,0.0091,57252.0,0.0253,0.0,13319.0,56392.0,0.0211,0.46790000000000004,0.46900000000000003,0.0,-0.03,0.0,-0.1,10.905
355678676,4,0,-0.075,-0.032,0.001,0.022,0.0,-0.0339,0.0009000000000000001,11.09,0.0092,56604.0,0.0307,0.0,16453.0,55760.0,0.0246,0.4693,0.47200000000000003,0.0,0.005,0.0,0.20600000000000002,10.905
355681285,4,0,0.18,-0.017,-0.012,0.021,0.0,-0.034800000000000005,-0.0034000000000000002,11.09,0.0095,57252.0,0.0267,0.0,0.0,55968.0,0.0222,0.4693,0.47200000000000003,0.0,0.005,0.0,-0.131,10.951
355686287,4,0,-0.054,-0.016,-0.012,0.021,0.0,-0.037000000000000005,-0.0019,11.09,0.009600000000000001,57252.0,0.0307,0.0,5002.0,56180.0,0.024800000000000003,0.4693,0.47200000000000003,0.0,0.005,0.0,0.164,10.951
355690528,4,0,0.135,-0.008,-0.03,0.02,0.0,-0.033800000000000004,-0.0008,11.09,0.01,56816.0,0.029300000000000003,0.0,9243.0,56392.0,0.0234,0.4703,0.47200000000000003,0.0,0.023,0.0,-0.195,10.951
355695541,4,0,0.08700000000000001,-0.025,-0.019,0.02,0.0,-0.0328,-0.0027,11.09,0.010100000000000001,57252.0,0.0253,0.0,14256.0,56392.0,0.0213,0.4703,0.47200000000000003,0.0,0.023,0.0,-0.038,10.951
355698250,4,0,0.075,-0.013000000000000001,-0.029,0.019,0.0,-0.0332,-0.0011,11.09,0.0103,57032.0,0.0267,0.0,16965.0,56392.0,0.0227,0.47090000000000004,0.47200000000000003,0.0,0.03,0.0,-0.18,10.951
355702512,4,0,0.07100000000000001,-0.034,-0.013000000000000001,0.019,0.0,-0.0335,-0.0071,11.1,0.010400000000000001,57252.0,0.0213,0.0,0.0,56180.0,0.0187,0.47090000000000004,0.47200000000000003,0.0,0.03,0.0,-0.028,10.935
355707275,4,0,-0.044,-0.023,-0.01,0.019,0.0,-0.036000000000000004,0.0004,11.1,0.0106,57032.0,0.0307,0.0,4763.0,56180.0,0.0258,0.4713,0.47200000000000003,0.0,0.032,0.0,-0.117,10.935
355709541,4,0,0.013000000000000001,-0.031,-0.002,0.019,0.0,-0.036500000000000005,0.0008,11.1,0.0106,57252.0,0.032,0.0,7029.0,56392.0,0.0264,0.4713,0.47200000000000003,0.0,0.032,0.0,0.041,10.935
355714261,4,0,-0.084,-0.007,-0.012,0.019,0.0,-0.037200000000000004,0.0086,11.1,0.0105,57032.0,0.038700000000000005,0.0,11749.0,56180.0,0.0324,0.4713,0.47200000000000003,0.0,0.032,0.0,-0.07200000000000001,10.935
355718503,4,0,0.113,-0.012,0.009000000000000001,0.019,0.0,-0.034800000000000005,-0.0001,11.1,0.010400000000000001,57252.0,0.029300000000000003,0.0,15991.0,56180.0,0.0246,0.47150000000000003,0.47200000000000003,0.0,0.031,0.0,-0.011,10.935
355722504,4,0,-0.14,-0.019,0.017,0.02,0.0,-0.0344,0.0095,11.1,0.0102,56816.0,0.0373,0.0,0.0,55968.0,0.031,0.47150000000000003,0.47200000000000003,0.0,0.031,0.0,0.042,10.955
355727309,4,0,0.076,-0.006,-0.004,0.019,0.0,-0.0323,0.0037,11.1,0.0103,57032.0,0.0307,0.0,4805.0,56180.0,0.025500000000000002,0.4717,0.47200000000000003,0.0,0.028,0.0,-0.121,10.955
355729504,4,0,-0.093,-0.026000000000000002,0.006,0.019,0.0,-0.031400000000000004,0.0029000000000000002,11.1,0.0102,56816.0,0.029300000000000003,0.0,7000.0,56392.0,0.024200000000000003,0.4717,0.47200000000000003,0.0,0.028,0.0,-0.037,10.955
355734276,4,0,0.032,-0.003,0.014,0.02,0.0,-0.033600000000000005,0.020900000000000002,11.1,0.010100000000000001,56816.0,0.0453,0.0,11772.0,56392.0,0.0385,0.4717,0.47200000000000003,0.0,0.028,0.0,-0.131,10.955
355738502,4,0,-0.04,-0.059000000000000004,0.023,0.02,0.0,-0.031400000000000004,0.0008,11.120000000000001,0.01,57032.0,0.0281,0.0,15998.0,56392.0,0.0228,0.4721,0.47300000000000003,0.0,0.031,0.0,0.128,10.955
355742502,4,0,0.027,0.031,0.008,0.02,0.0,-0.0375,0.0108,11.13,0.010100000000000001,57032.0,0.0414,0.0,0.0,55968.0,0.0342,0.4721,0.47300000000000003,0.0,0.031,0.0,-0.181,10.973
355747343,4,0,0.031,-0.03,0.012,0.02,0.0,-0.036000000000000004,0.0137,11.13,0.010100000000000001,57032.0,0.042800000000000005,0.0,4841.0,55968.0,0.0351,0.4717,0.47100000000000003,0.0,0.017,0.0,0.06,10.973
355749541,4,0,0.067,0.027,-0.009000000000000001,0.02,0.0,-0.0345,0.01,11.13,0.0102,57252.0,0.0374,0.0,7039.0,56180.0,0.0315,0.4717,0.47100000000000003,0.0,0.017,0.0,-0.111,10.973
355754289,4,0,0.019,-0.059000000000000004,0.008,0.019,0.0,-0.032100000000000004,0.011000000000000001,11.13,0.0103,57252.0,0.0361,0.0,11787.0,56180.0,0.030500000000000003,0.4717,0.47100000000000003,0.0,0.017,0.0,0.07,10.973
355758503,4,0,-0.047,0.027,-0.01,0.019,0.0,-0.036500000000000005,0.0171,11.13,0.010400000000000001,56816.0,0.0455,0.0,16001.0,55968.0,0.0379,0.4711,0.47000000000000003,0.0,0.001,0.0,-0.125,10.973
355761341,4,0,0.008,-0.057,0.005,0.019,0.0,-0.037700000000000004,0.0108,11.13,0.010400000000000001,57032.0,0.0414,0.0,0.0,55968.0,0.034300000000000004,0.4711,0.47000000000000003,0.0,0.001,0.0,0.216,10.973
355765540,4,0,0.026000000000000002,0.044,-0.03,0.019,0.0,-0.036000000000000004,0.0031000000000000003,11.13,0.0106,57032.0,0.0334,0.0,4199.0,56604.0,0.027600000000000003,0.4711,0.47000000000000003,0.0,0.001,0.0,0.006,11.043000000000001
355770303,4,0,0.109,-0.002,-0.019,0.018000000000000002,0.0,-0.0368,0.0076,11.13,0.0108,57252.0,0.0374,0.0,8962.0,56180.0,0.031400000000000004,0.4707,0.47000000000000003,0.0,-0.007,0.0,-0.015,11.043000000000001
355774304,4,0,-0.035,-0.013000000000000001,-0.009000000000000001,0.018000000000000002,0.0,-0.037200000000000004,0.0002,11.13,0.010700000000000001,56816.0,0.032100000000000004,0.0,12963.0,56392.0,0.0264,0.4707,0.47000000000000003,0.0,-0.007,0.0,-0.20500000000000002,11.043000000000001
355778676,4,0,0.09,0.04,-0.016,0.018000000000000002,0.0,-0.040100000000000004,0.0081,11.13,0.0108,56816.0,0.0415,0.0,17335.0,56604.0,0.0341,0.47050000000000003,0.47000000000000003,0.0,-0.011,0.0,-0.131,11.043000000000001
355781361,4,0,-0.019,0.007,-0.015,0.018000000000000002,0.0,-0.0393,0.0035,11.13,0.010700000000000001,57032.0,0.0361,0.0,0.0,55968.0,0.0303,0.47050000000000003,0.47000000000000003,0.0,-0.011,0.0,0.04,11.043000000000001
355785540,4,0,0.07100000000000001,0.017,-0.007,0.018000000000000002,0.0,-0.0386,0.0036000000000000003,11.13,0.0108,57032.0,0.0361,0.0,4179.0,56180.0,0.0298,0.47050000000000003,0.47000000000000003,0.0,-0.011,0.0,0.248,11.025
355790314,4,0,-0.006,-0.052000000000000005,0.014,0.018000000000000002,0.0,-0.039,0.0013000000000000002,11.13,0.010700000000000001,57252.0,0.034800000000000005,0.0,8953.0,56604.0,0.0285,0.47100000000000003,0.47200000000000003,0.0,0.002,0.0,0.14400000000000002,11.025
355794331,4,0,0.068,0.065,-0.012,0.018000000000000002,0.0,-0.0414,-0.0025,11.13,0.0108,56816.0,0.032100000000000004,0.0,12970.0,55968.0,0.0275,0.47100000000000003,0.47200000000000003,0.0,0.002,0.0,-0.14200000000000002,11.025
355798502,4,0,0.014,-0.032,0.034,0.018000000000000002,0.0,-0.045000000000000005,0.0009000000000000001,11.13,0.010700000000000001,56816.0,0.040100000000000004,0.0,17141.0,56180.0,0.0324,0.47240000000000004,0.47500000000000003,0.0,0.03,0.0,0.019,11.025
355803289,4,0,-0.014,0.003,-0.002,0.018000000000000002,0.0,-0.0388,0.0039000000000000003,11.14,0.010700000000000001,57472.0,0.0361,0.0,0.0,55968.0,0.0302,0.47240000000000004,0.47500000000000003,0.0,0.03,0.0,-0.135,11.016
355805324,4,0,-0.018000000000000002,-0.062,0.018000000000000002,0.018000000000000002,0.0,-0.038400000000000004,0.0046,11.14,0.010700000000000001,56816.0,0.0361,0.0,2035.0,56180.0,0.030500000000000003,0.47240000000000004,0.47500000000000003,0.0,0.03,0.0,0.14,11.016
355809504,4,0,0.026000000000000002,0.055,-0.016,0.018000000000000002,0.0,-0.042300000000000004,0.0057,11.14,0.010700000000000001,56816.0,0.0415,0.0,6215.0,55968.0,0.0339,0.4726,0.47300000000000003,0.0,0.028,0.0,-0.133,11.016
355814331,4,0,0.026000000000000002,-0.005,0.021,0.019,0.0,-0.0442,0.0068000000000000005,11.14,0.0106,57252.0,0.042800000000000005,0.0,11042.0,56180.0,0.036000000000000004,0.4726,0.47300000000000003,0.0,0.028,0.0,0.061,11.016
355818503,4,0,-0.078,-0.014,-0.008,0.019,0.0,-0.041,0.0129,11.16,0.0103,57032.0,0.0456,0.0,15214.0,55968.0,0.0381,0.47240000000000004,0.47200000000000003,0.0,0.018000000000000002,0.0,-0.305,11.016
355821392,4,0,-0.008,-0.046,0.012,0.019,0.0,-0.0388,0.012,11.16,0.0102,57032.0,0.0443,0.0,0.0,55968.0,0.0359,0.47240000000000004,0.47200000000000003,0.0,0.018000000000000002,0.0,-0.005,11.016
355825505,4,0,-0.045,0.017,-0.015,0.02,0.0,-0.042800000000000005,0.0073,11.17,0.010100000000000001,57032.0,0.0429,0.0,4113.0,56180.0,0.0354,0.47240000000000004,0.47200000000000003,0.0,0.018000000000000002,0.0,-0.429,10.917
355831389,4,0,0.001,0.062,-0.024,0.02,0.0,-0.0422,0.014400000000000001,11.17,0.0099,57032.0,0.0483,0.0,9997.0,56392.0,0.040100000000000004,0.47190000000000004,0.47100000000000003,0.0,0.005,0.0,-0.245,10.917
355833540,4,0,-0.036000000000000004,-0.017,-0.008,0.02,0.0,-0.0419,0.0078000000000000005,11.17,0.0099,57252.0,0.0429,0.0,12148.0,56392.0,0.0351,0.47190000000000004,0.47100000000000003,0.0,0.005,0.0,-0.203,10.917
355838348,4,0,0.001,0.046,-0.011,0.02,0.0,-0.039,0.0112,11.17,0.0099,57252.0,0.0429,0.0,16956.0,56180.0,0.035500000000000004,0.4712,0.47000000000000003,0.0,-0.01,0.0,-0.094,10.917
355842351,4,0,-0.027,-0.07,0.018000000000000002,0.02,0.0,-0.0408,0.0091,11.17,0.0099,57032.0,0.0429,0.0,0.0,56180.0,0.035300000000000005,0.4712,0.47000000000000003,0.0,-0.01,0.0,0.125,10.917
355846399,4,0,0.027,0.059000000000000004,-0.012,0.02,0.0,-0.042800000000000005,0.0061,11.17,0.01,57252.0,0.041600000000000005,0.0,4048.0,56180.0,0.0345,0.4712,0.47000000000000003,0.0,-0.01,0.0,-0.161,11.001
355850503,4,0,0.048,-0.07100000000000001,0.035,0.019,0.0,-0.0396,-0.0002,11.17,0.010400000000000001,57252.0,0.0335,0.0,8152.0,56180.0,0.0279,0.4708,0.47000000000000003,0.0,-0.016,0.0,0.075,11.001
355853321,4,0,0.053,0.056,0.0,0.019,0.0,-0.0402,0.0013000000000000002,11.17,0.0106,56816.0,0.0362,0.0,10970.0,56180.0,0.029400000000000003,0.4708,0.47000000000000003,0.0,-0.016,0.0,-0.075,11.001
355857349,4,0,-0.005,-0.056,0.022,0.018000000000000002,0.0,-0.044700000000000004,0.013000000000000001,11.17,0.0108,56816.0,0.0483,0.0,14998.0,56180.0,0.0408,0.4702,0.46900000000000003,0.0,-0.026000000000000002,0.0,-0.098,11.001
355862367,4,0,0.067,0.012,-0.004,0.018000000000000002,0.0,-0.0425,-0.0051,11.17,0.0109,57032.0,0.0322,0.0,0.0,56180.0,0.0264,0.4702,0.46900000000000003,0.0,-0.026000000000000002,0.0,-0.249,11.001
355866413,4,0,0.042,0.005,0.003,0.017,0.0,-0.0424,0.0063,11.17,0.0112,57032.0,0.041600000000000005,0.0,4046.0,55968.0,0.0344,0.4702,0.46900000000000003,0.0,-0.026000000000000002,0.0,0.069,10.947000000000001
355871419,4,0,0.0,-0.061,0.004,0.017,0.0,-0.0408,0.0095,11.17,0.011300000000000001,57032.0,0.043000000000000003,0.0,9052.0,56392.0,0.0356,0.46940000000000004,0.468,0.0,-0.036000000000000004,0.0,-0.092,10.947000000000001
355873540,4,0,0.016,-0.024,0.004,0.017,0.0,-0.0405,0.007,11.17,0.011300000000000001,57252.0,0.0403,0.0,11173.0,55968.0,0.033600000000000005,0.46940000000000004,0.468,0.0,-0.036000000000000004,0.0,0.216,10.947000000000001
355878675,4,0,0.011,-0.053,-0.017,0.017,0.0,-0.041800000000000004,0.0023,11.17,0.011300000000000001,57252.0,0.0376,0.0,16308.0,56180.0,0.031200000000000002,0.4703,0.47200000000000003,0.0,-0.011,0.0,-0.036000000000000004,10.947000000000001
355881424,4,0,0.037,0.013000000000000001,-0.038,0.017,0.0,-0.0436,-0.0005,11.17,0.011300000000000001,57252.0,0.0376,0.0,0.0,56180.0,0.0304,0.4703,0.47200000000000003,0.0,-0.011,0.0,0.149,10.947000000000001
355886426,4,0,-0.026000000000000002,-0.068,-0.007,0.017,0.0,-0.0415,0.0074,11.17,0.0112,56816.0,0.041600000000000005,0.0,5002.0,56180.0,0.0346,0.4703,0.47200000000000003,0.0,-0.011,0.0,-0.089,11.008000000000001
355890503,4,0,0.029,0.044,-0.031,0.018000000000000002,0.0,-0.0422,0.004,11.17,0.011000000000000001,57032.0,0.0403,0.0,9079.0,56180.0,0.0327,0.4727,0.47700000000000004,0.0,0.038,0.0,-0.111,11.008000000000001
355893348,4,0,-0.045,-0.058,-0.008,0.018000000000000002,0.0,-0.0426,0.0074,11.200000000000001,0.0108,57252.0,0.0431,0.0,11924.0,56180.0,0.035300000000000005,0.4727,0.47700000000000004,0.0,0.038,0.0,-0.10200000000000001,11.008000000000001
355897376,4,0,0.026000000000000002,0.046,-0.02,0.019,0.0,-0.042,0.0061,11.200000000000001,0.0106,57032.0,0.0417,0.0,15952.0,56392.0,0.0341,0.4738,0.47600000000000003,0.0,0.054,0.0,0.121,11.008000000000001
355901543,4,0,-0.061,-0.093,0.027,0.019,0.0,-0.0361,0.0074,11.200000000000001,0.0106,57032.0,0.037700000000000004,0.0,0.0,56180.0,0.0308,0.4738,0.47600000000000003,0.0,0.054,0.0,0.184,11.008000000000001
355906440,4,0,-0.005,0.003,0.003,0.019,0.0,-0.0396,0.0142,11.200000000000001,0.0105,56816.0,0.0458,0.0,4897.0,55968.0,0.0381,0.4738,0.47600000000000003,0.0,0.054,0.0,-0.4,10.953
355910503,4,0,-0.058,-0.026000000000000002,0.03,0.019,0.0,-0.0412,0.0094,11.200000000000001,0.010400000000000001,57032.0,0.0431,0.0,8960.0,56392.0,0.0358,0.4742,0.47500000000000003,0.0,0.051000000000000004,0.0,0.094,10.953
355913399,4,0,0.027,0.016,0.016,0.019,0.0,-0.0398,0.0089,11.200000000000001,0.0103,57252.0,0.0417,0.0,11856.0,55968.0,0.0344,0.4742,0.47500000000000003,0.0,0.051000000000000004,0.0,-0.217,10.953
355918403,4,0,-0.04,0.025,0.048,0.019,0.0,-0.044500000000000005,0.0115,11.200000000000001,0.0103,57032.0,0.0471,0.0,16860.0,56392.0,0.0396,0.4738,0.47300000000000003,0.0,0.032,0.0,0.17300000000000001,10.953
355922407,4,0,-0.012,-0.063,0.027,0.019,0.0,-0.0371,0.014100000000000001,11.200000000000001,0.0103,57252.0,0.0444,0.0,0.0,56180.0,0.0363,0.4738,0.47300000000000003,0.0,0.032,0.0,-0.231,10.953
355926418,4,0,-0.003,0.035,0.007,0.019,0.0,-0.0378,0.0119,11.21,0.010400000000000001,56816.0,0.0431,0.0,4011.0,56392.0,0.0351,0.4738,0.47300000000000003,0.0,0.032,0.0,-0.116,10.9
355931421,4,0,-0.05,-0.074,0.03,0.019,0.0,-0.0363,0.0142,11.21,0.0105,57252.0,0.0431,0.0,9014.0,56180.0,0.0357,0.4728,0.47100000000000003,0.0,0.006,0.0,-0.026000000000000002,10.9
355933540,4,0,0.009000000000000001,0.025,0.004,0.019,0.0,-0.0378,0.0092,11.21,0.0105,57032.0,0.040400000000000005,0.0,11133.0,55968.0,0.0333,0.4728,0.47100000000000003,0.0,0.006,0.0,0.088,10.9
355938379,4,0,-0.025,-0.078,0.0,0.018000000000000002,0.0,-0.0396,0.0063,11.21,0.010700000000000001,57252.0,0.039,0.0,15972.0,56392.0,0.0325,0.4722,0.47100000000000003,0.0,-0.008,0.0,0.002,10.9
355942383,4,0,0.125,0.053,-0.049,0.018000000000000002,0.0,-0.038400000000000004,0.001,11.21,0.0109,57252.0,0.0337,0.0,0.0,56392.0,0.027800000000000002,0.4722,0.47100000000000003,0.0,-0.008,0.0,-0.28600000000000003,10.9
355946471,4,0,-0.022,-0.059000000000000004,-0.008,0.017,0.0,-0.0405,0.0018000000000000002,11.21,0.0112,57252.0,0.0364,0.0,4088.0,55968.0,0.029900000000000003,0.4722,0.47100000000000003,0.0,-0.008,0.0,-0.08600000000000001,10.948
355951473,4,0,0.125,-0.037,-0.022,0.017,0.0,-0.0346,0.0019,11.21,0.0114,57252.0,0.031,0.0,9090.0,56180.0,0.0258,0.4718,0.47100000000000003,0.0,-0.014,0.0,-0.332,10.948
355953541,4,0,0.022,-0.074,-0.003,0.017,0.0,-0.037200000000000004,-0.0036000000000000003,11.21,0.011600000000000001,57252.0,0.0296,0.0,11158.0,56180.0,0.023700000000000002,0.4718,0.47100000000000003,0.0,-0.014,0.0,0.106,10.948
355958432,4,0,0.08,-0.013000000000000001,-0.036000000000000004,0.016,0.0,-0.0391,0.0086,11.24,0.0117,57252.0,0.0405,0.0,16049.0,56180.0,0.033800000000000004,0.4722,0.47300000000000003,0.0,-0.003,0.0,-0.186,10.948
355962541,4,0,-0.005,-0.002,-0.017,0.016,0.0,-0.038700000000000005,-0.0004,11.24,0.0118,57252.0,0.0337,0.0,0.0,56392.0,0.027100000000000003,0.4722,0.47300000000000003,0.0,-0.003,0.0,0.232,10.948
355965399,4,0,0.108,-0.002,-0.008,0.016,0.0,-0.038,-0.0039000000000000003,11.24,0.0119,57032.0,0.0284,0.0,2858.0,56180.0,0.0241,0.4722,0.47300000000000003,0.0,-0.003,0.0,-0.372,11.009
355969541,4,0,-0.038,-0.012,0.014,0.016,0.0,-0.039,0.00030000000000000003,11.24,0.012,56816.0,0.033800000000000004,0.0,7000.0,56604.0,0.027800000000000002,0.4732,0.47500000000000003,0.0,0.017,0.0,0.248,11.009
355974407,4,0,-0.062,-0.063,0.021,0.016,0.0,-0.039400000000000004,0.013300000000000001,11.24,0.0117,57472.0,0.0446,0.0,11866.0,56392.0,0.0373,0.4732,0.47500000000000003,0.0,0.017,0.0,-0.14400000000000002,11.009
355978675,4,0,0.041,0.024,0.007,0.017,0.0,-0.0346,0.0014,11.24,0.0115,57252.0,0.031100000000000003,0.0,16134.0,56392.0,0.025400000000000002,0.4738,0.47500000000000003,0.0,0.027,0.0,0.226,11.009
355983411,4,0,-0.14200000000000002,-0.058,0.037,0.017,0.0,-0.0362,0.0085,11.24,0.0114,57252.0,0.0378,0.0,0.0,56392.0,0.0316,0.4738,0.47500000000000003,0.0,0.027,0.0,0.553,11.009
355985414,4,0,-0.075,0.013000000000000001,0.005,0.017,0.0,-0.0361,0.018600000000000002,11.24,0.0112,56816.0,0.0473,0.0,2003.0,56604.0,0.038700000000000005,0.4738,0.47500000000000003,0.0,0.027,0.0,0.34400000000000003,10.965
355989540,4,0,-0.024,-0.061,0.038,0.018000000000000002,0.0,-0.0375,0.0049,11.24,0.0111,57252.0,0.036500000000000005,0.0,6129.0,56392.0,0.030000000000000002,0.4742,0.47500000000000003,0.0,0.03,0.0,-0.159,10.965
355994422,4,0,0.04,-0.002,0.013000000000000001,0.018000000000000002,0.0,-0.0346,0.009000000000000001,11.24,0.011000000000000001,57252.0,0.0378,0.0,11011.0,56392.0,0.0309,0.4742,0.47500000000000003,0.0,0.03,0.0,-0.209,10.965
355999423,4,0,-0.054,-0.012,0.005,0.018000000000000002,0.0,-0.0381,0.0073,11.24,0.011000000000000001,57472.0,0.0392,0.0,16012.0,56604.0,0.032100000000000004,0.4742,0.47400000000000003,0.0,0.022,0.0,0.147,10.965
356001512,4,0,0.037,0.017,-0.013000000000000001,0.018000000000000002,0.0,-0.0395,0.0097,11.24,0.0111,57252.0,0.0419,0.0,0.0,56180.0,0.034800000000000005,0.4742,0.47400000000000003,0.0,0.022,0.0,-0.151,10.965
356006517,4,0,-0.069,-0.018000000000000002,0.034,0.017,0.0,-0.0383,0.0143,11.24,0.0112,57252.0,0.0446,0.0,5005.0,56392.0,0.037200000000000004,0.4742,0.47400000000000003,0.0,0.022,0.0,0.28600000000000003,10.998000000000001
356009467,4,0,0.042,0.034,-0.001,0.017,0.0,-0.042100000000000005,0.0134,11.24,0.0112,57252.0,0.048600000000000004,0.0,7955.0,56604.0,0.0392,0.4741,0.47400000000000003,0.0,0.017,0.0,-0.17300000000000001,10.998000000000001
356014472,4,0,-0.04,0.001,0.002,0.017,0.0,-0.038900000000000004,0.0119,11.24,0.0112,57472.0,0.0446,0.0,12960.0,56604.0,0.0359,0.4741,0.47400000000000003,0.0,0.017,0.0,0.07200000000000001,10.998000000000001
356019482,4,0,-0.023,-0.027,0.003,0.017,0.0,-0.038400000000000004,0.0082,11.24,0.0114,57252.0,0.0392,0.0,17970.0,56392.0,0.033,0.47440000000000004,0.47500000000000003,0.0,0.02,0.0,-0.181,10.998000000000001
356021489,4,0,0.0,0.0,-0.005,0.017,0.0,-0.0395,0.0011,11.24,0.011300000000000001,57032.0,0.0351,0.0,0.0,56816.0,0.0287,0.47440000000000004,0.47500000000000003,0.0,0.02,0.0,0.044,10.998000000000001
356026531,4,0,0.009000000000000001,-0.036000000000000004,-0.015,0.016,0.0,-0.0374,0.001,11.25,0.0118,57032.0,0.033800000000000004,0.0,5042.0,56180.0,0.027100000000000003,0.47440000000000004,0.47500000000000003,0.0,0.02,0.0,-0.08700000000000001,10.941
356031493,4,0,0.224,0.013000000000000001,-0.017,0.015,0.0,-0.0417,-0.0088,11.25,0.0122,57472.0,0.0284,0.0,10004.0,56392.0,0.0233,0.47500000000000003,0.47600000000000003,0.0,0.027,0.0,-0.111,10.941
356034488,4,0,0.002,-0.03,-0.013000000000000001,0.015,0.0,-0.0402,-0.008700000000000001,11.25,0.0125,57252.0,0.027,0.0,12999.0,56604.0,0.0223,0.47500000000000003,0.47600000000000003,0.0,0.027,0.0,0.279,10.941
356039491,4,0,0.188,0.012,-0.043000000000000003,0.014,0.0,-0.0439,0.0019,11.27,0.013000000000000001,57252.0,0.0393,0.0,18002.0,56392.0,0.0324,0.4753,0.47600000000000003,0.0,0.029,0.0,0.027,10.941
356041576,4,0,0.042,-0.021,-0.029,0.013000000000000001,0.0,-0.0427,-0.006900000000000001,11.27,0.0132,57252.0,0.031200000000000002,0.0,0.0,56392.0,0.025400000000000002,0.4753,0.47600000000000003,0.0,0.029,0.0,0.066,10.941
356046556,4,0,0.135,0.014,-0.015,0.013000000000000001,0.0,-0.0409,0.0053,11.28,0.0134,57252.0,0.0393,0.0,4980.0,56604.0,0.032600000000000004,0.4753,0.47600000000000003,0.0,0.029,0.0,-0.017,11.0
356049498,4,0,-0.024,0.0,-0.016,0.013000000000000001,0.0,-0.0434,-0.0001,11.28,0.0134,57252.0,0.0379,0.0,7922.0,56392.0,0.030600000000000002,0.4756,0.47600000000000003,0.0,0.028,0.0,0.194,11.0
356054502,4,0,0.107,-0.002,-0.007,0.013000000000000001,0.0,-0.0402,-0.0058000000000000005,11.28,0.0134,57472.0,0.0298,0.0,12926.0,56392.0,0.024300000000000002,0.4756,0.47600000000000003,0.0,0.028,0.0,-0.001,11.0
356059505,4,0,0.05,-0.008,-0.003,0.013000000000000001,0.0,-0.0383,0.001,11.28,0.0131,57252.0,0.0339,0.0,17929.0,56604.0,0.027800000000000002,0.47500000000000003,0.47400000000000003,0.0,0.011,0.0,-0.025,11.0
356061590,4,0,0.043000000000000003,-0.019,-0.007,0.013000000000000001,0.0,-0.0378,0.0066,11.28,0.013000000000000001,57472.0,0.0379,0.0,0.0,56180.0,0.031400000000000004,0.47500000000000003,0.47400000000000003,0.0,0.011,0.0,-0.293,11.0
356066596,4,0,0.016,-0.029,0.01,0.014,0.0,-0.0373,0.0034000000000000002,11.28,0.012700000000000001,57252.0,0.0352,0.0,5006.0,56392.0,0.0287,0.47500000000000003,0.47400000000000003,0.0,0.011,0.0,0.088,10.977
356069522,4,0,0.063,-0.042,0.017,0.014,0.0,-0.0354,-0.0091,11.28,0.0129,57252.0,0.023,0.0,7932.0,56604.0,0.018600000000000002,0.47400000000000003,0.47200000000000003,0.0,-0.012,0.0,-0.001,10.977
356074517,4,0,-0.054,-0.017,0.0,0.015,0.0,-0.0403,0.0264,11.28,0.0125,57252.0,0.058300000000000005,0.0,12927.0,56392.0,0.0472,0.47400000000000003,0.47200000000000003,0.0,-0.012,0.0,0.016,10.977
356079663,4,0,-0.093,-0.048,0.019,0.015,0.0,-0.0347,-0.0014,11.28,0.0122,57252.0,0.0285,0.0,18073.0,55968.0,0.0235,0.47290000000000004,0.47100000000000003,0.0,-0.031,0.0,-0.054,10.977
356082522,4,0,0.047,-0.035,0.025,0.015,0.0,-0.0347,0.0029000000000000002,11.28,0.0123,57032.0,0.0325,0.0,0.0,56392.0,0.026600000000000002,0.47290000000000004,0.47100000000000003,0.0,-0.031,0.0,-0.105,10.977
356085524,4,0,-0.07100000000000001,-0.037,0.014,0.015,0.0,-0.0376,0.0129,11.28,0.0123,57032.0,0.0434,0.0,3002.0,56604.0,0.0357,0.47290000000000004,0.47100000000000003,0.0,-0.031,0.0,-0.20800000000000002,10.977
356090527,4,0,0.064,-0.004,0.012,0.015,0.0,-0.041100000000000005,0.0111,11.28,0.012400000000000001,57252.0,0.044700000000000004,0.0,8005.0,56180.0,0.0369,0.47190000000000004,0.47000000000000003,0.0,-0.045,0.0,-0.095,10.984
356094542,4,0,0.016,-0.034,0.029,0.014,0.0,-0.0359,-0.0002,11.28,0.012700000000000001,57252.0,0.031200000000000002,0.0,12020.0,56604.0,0.0252,0.47190000000000004,0.47000000000000003,0.0,-0.045,0.0,0.222,10.984
356099534,4,0,0.012,0.013000000000000001,-0.011,0.013000000000000001,0.0,-0.0386,0.0086,11.28,0.0131,57252.0,0.0407,0.0,17012.0,56180.0,0.0334,0.4712,0.47000000000000003,0.0,-0.049,0.0,-0.334,10.984
356101582,4,0,-0.095,-0.009000000000000001,-0.007,0.013000000000000001,0.0,-0.040100000000000004,0.0207,11.28,0.0131,57472.0,0.0529,0.0,0.0,56392.0,0.043000000000000003,0.4712,0.47000000000000003,0.0,-0.049,0.0,-0.10200000000000001,10.984
356106586,4,0,0.146,0.005,0.01,0.012,0.0,-0.0359,-0.0094,11.28,0.0137,57252.0,0.023,0.0,5004.0,56392.0,0.0188,0.4712,0.47000000000000003,0.0,-0.049,0.0,-0.468,10.984
356111589,4,0,0.114,-0.034,-0.031,0.012,0.0,-0.0369,0.0019,11.290000000000001,0.013900000000000001,57472.0,0.0325,0.0,10007.0,56180.0,0.0274,0.4708,0.47000000000000003,0.0,-0.048,0.0,-0.155,10.921
356114545,4,0,0.075,0.008,-0.039,0.011,0.0,-0.0375,-0.005,11.31,0.014100000000000001,57252.0,0.0285,0.0,12963.0,56604.0,0.023,0.4708,0.47000000000000003,0.0,-0.048,0.0,-0.009000000000000001,10.921
356119560,4,0,0.135,0.003,-0.007,0.011,0.0,-0.0449,-0.0108,11.31,0.0143,57472.0,0.029900000000000003,0.0,17978.0,56392.0,0.0241,0.46950000000000003,0.467,0.0,-0.065,0.0,-0.157,10.921
356121561,4,0,0.049,0.02,-0.03,0.011,0.0,-0.042800000000000005,-0.006900000000000001,11.31,0.0143,57252.0,0.0313,0.0,0.0,56392.0,0.025400000000000002,0.46950000000000003,0.467,0.0,-0.065,0.0,-0.178,10.921
356126600,4,0,0.073,-0.014,-0.047,0.011,0.0,-0.04,-0.0066,11.31,0.0143,57472.0,0.0285,0.0,5039.0,56180.0,0.023700000000000002,0.46950000000000003,0.467,0.0,-0.065,0.0,-0.265,10.921
356131604,4,0,-0.129,-0.039,0.011,0.012,0.0,-0.0396,0.0099,11.32,0.013900000000000001,57252.0,0.0422,0.0,10043.0,56392.0,0.035,0.4676,0.464,0.0,-0.09,0.0,-0.183,10.998000000000001
356134558,4,0,0.08,-0.033,0.006,0.012,0.0,-0.0351,-0.0073,11.32,0.013900000000000001,57472.0,0.023100000000000002,0.0,12997.0,56180.0,0.019700000000000002,0.4676,0.464,0.0,-0.09,0.0,-0.048,10.998000000000001
356139587,4,0,-0.165,-0.043000000000000003,-0.012,0.013000000000000001,0.0,-0.0379,-0.0013000000000000002,11.32,0.0134,57472.0,0.0313,0.0,18026.0,56392.0,0.025900000000000003,0.4677,0.468,0.0,-0.069,0.0,-0.027,10.998000000000001
356142564,4,0,0.038,-0.013000000000000001,0.0,0.013000000000000001,0.0,-0.0398,0.0024000000000000002,11.32,0.0134,57472.0,0.0367,0.0,0.0,56180.0,0.0298,0.4677,0.468,0.0,-0.069,0.0,-0.219,10.998000000000001
356146650,4,0,-0.124,-0.048,0.052000000000000005,0.013000000000000001,0.0,-0.039,-0.0001,11.32,0.0131,57252.0,0.034,0.0,4086.0,56392.0,0.0275,0.4677,0.468,0.0,-0.069,0.0,0.036000000000000004,10.998000000000001
356149569,4,0,-0.017,-0.02,0.024,0.014,0.0,-0.038,0.0126,11.32,0.013000000000000001,57472.0,0.043500000000000004,0.0,7005.0,56392.0,0.0357,0.46890000000000004,0.47100000000000003,0.0,-0.032,0.0,-0.248,10.998000000000001
356154572,4,0,-0.035,-0.07,0.057,0.014,0.0,-0.034,-0.004200000000000001,11.32,0.013000000000000001,57472.0,0.0258,0.0,12008.0,56392.0,0.0211,0.46890000000000004,0.47100000000000003,0.0,-0.032,0.0,0.0,10.959
356159576,4,0,-0.076,0.0,0.058,0.013000000000000001,0.0,-0.0388,0.01,11.32,0.0131,57252.0,0.0422,0.0,17012.0,56180.0,0.0345,0.4696,0.47100000000000003,0.0,-0.011,0.0,-0.218,10.959
356161624,4,0,-0.035,-0.061,0.059000000000000004,0.013000000000000001,0.0,-0.0374,0.0067,11.32,0.013300000000000001,57692.0,0.0381,0.0,0.0,56392.0,0.031200000000000002,0.4696,0.47100000000000003,0.0,-0.011,0.0,0.225,10.959
356166673,4,0,0.016,0.023,0.028,0.013000000000000001,0.0,-0.0367,-0.0032,11.32,0.0135,57032.0,0.0286,0.0,5049.0,56604.0,0.023700000000000002,0.4696,0.47100000000000003,0.0,-0.011,0.0,-0.15,10.959
356169591,4,0,0.07200000000000001,-0.044,0.044,0.012,0.0,-0.04,-0.0054,11.32,0.0137,57032.0,0.029900000000000003,0.0,7967.0,56604.0,0.0245,0.4701,0.47100000000000003,0.0,0.001,0.0,0.078,10.959
356175586,4,0,-0.074,-0.012,0.013000000000000001,0.012,0.0,-0.0415,0.0111,11.32,0.014,57472.0,0.0449,0.0,13962.0,56392.0,0.037200000000000004,0.4701,0.47100000000000003,0.0,0.001,0.0,-0.198,10.924
356178714,4,0,0.139,0.008,-0.007,0.011,0.0,-0.038700000000000005,0.0021000000000000003,11.32,0.0142,57472.0,0.0354,0.0,17090.0,56604.0,0.028800000000000003,0.4697,0.46900000000000003,0.0,-0.007,0.0,-0.041,10.924
356181638,4,0,0.1,0.024,-0.035,0.011,0.0,-0.0363,-0.023700000000000002,11.32,0.0143,57472.0,0.0109,0.0,0.0,56604.0,0.0089,0.4697,0.46900000000000003,0.0,-0.007,0.0,0.081,10.924
356186680,4,0,0.114,0.048,-0.056,0.01,0.0,-0.0415,-0.0037,11.35,0.0148,57472.0,0.0327,0.0,5042.0,56604.0,0.0267,0.4697,0.46900000000000003,0.0,-0.007,0.0,0.082,10.924
356189596,4,0,-0.008,0.011,-0.063,0.01,0.0,-0.0425,0.0029000000000000002,11.35,0.0148,57472.0,0.0395,0.0,7958.0,56180.0,0.032100000000000004,0.4691,0.468,0.0,-0.016,0.0,-0.124,10.924
356194603,4,0,0.025,0.058,-0.09,0.01,0.0,-0.0417,0.0028,11.35,0.0148,57252.0,0.0396,0.0,12965.0,56180.0,0.0315,0.4691,0.468,0.0,-0.016,0.0,-0.166,10.945
356199603,4,0,-0.015,-0.007,-0.068,0.011,0.0,-0.0436,0.009600000000000001,11.35,0.014400000000000001,57472.0,0.046400000000000004,0.0,17965.0,56604.0,0.037700000000000004,0.4691,0.46900000000000003,0.0,-0.014,0.0,-0.018000000000000002,10.945
356201654,4,0,-0.017,0.056,-0.068,0.011,0.0,-0.0427,0.0059,11.35,0.0143,57252.0,0.042300000000000004,0.0,0.0,56604.0,0.034300000000000004,0.4691,0.46900000000000003,0.0,-0.014,0.0,-0.07100000000000001,10.945
356207597,4,0,0.012,-0.035,-0.039,0.012,0.0,-0.0334,0.0025,11.35,0.014,57472.0,0.031400000000000004,0.0,5943.0,56392.0,0.025400000000000002,0.46900000000000003,0.46900000000000003,0.0,-0.012,0.0,0.442,10.945
356209612,4,0,0.002,0.035,-0.049,0.012,0.0,-0.038700000000000005,-0.004,11.35,0.013900000000000001,57472.0,0.030000000000000002,0.0,7958.0,56392.0,0.0245,0.46900000000000003,0.46900000000000003,0.0,-0.012,0.0,-0.033,10.945
356214615,4,0,-0.095,-0.046,0.02,0.012,0.0,-0.042100000000000005,0.0188,11.35,0.013600000000000001,57252.0,0.053200000000000004,0.0,12961.0,56604.0,0.0431,0.46900000000000003,0.46900000000000003,0.0,-0.012,0.0,0.052000000000000005,10.878
356219623,4,0,-0.049,-0.05,0.052000000000000005,0.013000000000000001,0.0,-0.038900000000000004,0.0037,11.35,0.013300000000000001,57252.0,0.0368,0.0,17969.0,56392.0,0.030100000000000002,0.4697,0.47100000000000003,0.0,0.004,0.0,-0.315,10.878
356221668,4,0,-0.034,-0.056,0.065,0.013000000000000001,0.0,-0.0402,0.0029000000000000002,11.35,0.013300000000000001,57252.0,0.038200000000000005,0.0,0.0,56392.0,0.030500000000000003,0.4697,0.47100000000000003,0.0,0.004,0.0,0.14300000000000002,10.878
356226707,4,0,-0.044,-0.04,0.08600000000000001,0.013000000000000001,0.0,-0.0383,0.0166,11.35,0.013300000000000001,57472.0,0.0477,0.0,5039.0,56392.0,0.0388,0.4697,0.47100000000000003,0.0,0.004,0.0,-0.003,10.878
356231674,4,0,0.028,0.048,0.08600000000000001,0.012,0.0,-0.040400000000000005,0.006500000000000001,11.35,0.013600000000000001,57692.0,0.0409,0.0,10006.0,56392.0,0.0332,0.47050000000000003,0.47200000000000003,0.0,0.019,0.0,-0.041,10.873000000000001
356234628,4,0,0.012,-0.069,0.09,0.012,0.0,-0.0367,0.0094,11.35,0.0137,57472.0,0.0396,0.0,12960.0,56180.0,0.032600000000000004,0.47050000000000003,0.47200000000000003,0.0,0.019,0.0,0.123,10.873000000000001
356239631,4,0,-0.003,0.079,0.047,0.012,0.0,-0.042,0.018600000000000002,11.35,0.014,57472.0,0.053200000000000004,0.0,17963.0,56392.0,0.042800000000000005,0.47100000000000003,0.47200000000000003,0.0,0.026000000000000002,0.0,-0.095,10.873000000000001
356241675,4,0,-0.018000000000000002,-0.008,0.062,0.012,0.0,-0.044000000000000004,0.019700000000000002,11.35,0.014,57032.0,0.055900000000000005,0.0,0.0,55968.0,0.0451,0.47100000000000003,0.47200000000000003,0.0,0.026000000000000002,0.0,-0.166,10.873000000000001
356246676,4,0,0.036000000000000004,0.065,0.002,0.011,0.0,-0.037200000000000004,0.0083,11.35,0.014100000000000001,57692.0,0.0396,0.0,5001.0,56604.0,0.0322,0.47100000000000003,0.47200000000000003,0.0,0.026000000000000002,0.0,0.109,10.873000000000001
356249638,4,0,0.021,-0.023,0.02,0.011,0.0,-0.0429,0.0068000000000000005,11.35,0.014100000000000001,57472.0,0.042300000000000004,0.0,7963.0,56392.0,0.0351,0.47100000000000003,0.47100000000000003,0.0,0.02,0.0,0.193,10.873000000000001
356254644,4,0,0.053,0.049,-0.058,0.011,0.0,-0.0419,-0.0012000000000000001,11.36,0.014,57692.0,0.035500000000000004,0.0,12969.0,56604.0,0.028800000000000003,0.47100000000000003,0.47100000000000003,0.0,0.02,0.0,0.062,10.983
356259647,4,0,0.058,0.056,-0.09,0.011,0.0,-0.043000000000000003,0.0057,11.39,0.014100000000000001,57472.0,0.0424,0.0,17972.0,56604.0,0.0345,0.4707,0.47000000000000003,0.0,0.009000000000000001,0.0,0.23900000000000002,10.983
356261766,4,0,0.061,0.065,-0.117,0.011,0.0,-0.0456,0.0,11.39,0.014,57692.0,0.0397,0.0,0.0,56604.0,0.0322,0.4707,0.47000000000000003,0.0,0.009000000000000001,0.0,-0.066,10.983
356266769,4,0,0.006,0.035,-0.092,0.011,0.0,-0.044500000000000005,0.0044,11.39,0.014100000000000001,57472.0,0.0424,0.0,5003.0,56180.0,0.0346,0.4707,0.47000000000000003,0.0,0.009000000000000001,0.0,0.193,10.983
356271551,4,0,0.027,-0.015,-0.083,0.012,0.0,-0.047900000000000005,-0.0002,11.39,0.013900000000000001,57252.0,0.041,0.0,9785.0,56604.0,0.0337,0.47040000000000004,0.47000000000000003,0.0,0.003,0.0,0.13,10.835
356273656,4,0,0.015,-0.005,-0.078,0.012,0.0,-0.0434,-0.0051,11.39,0.013900000000000001,57472.0,0.0342,0.0,11890.0,56604.0,0.027,0.47040000000000004,0.47000000000000003,0.0,0.003,0.0,0.47200000000000003,10.835
356278676,4,0,0.039,-0.042,-0.051000000000000004,0.012,0.0,-0.047400000000000005,-0.0061,11.39,0.013800000000000002,57472.0,0.0356,0.0,16910.0,56604.0,0.029300000000000003,0.46990000000000004,0.46900000000000003,0.0,-0.008,0.0,0.027,10.835
356281550,4,0,0.025,-0.029,-0.02,0.012,0.0,-0.0459,-0.006900000000000001,11.39,0.013900000000000001,57472.0,0.0342,0.0,0.0,56392.0,0.027600000000000003,0.46990000000000004,0.46900000000000003,0.0,-0.008,0.0,0.161,10.835
356285665,4,0,-0.019,-0.036000000000000004,0.029,0.012,0.0,-0.0437,0.0089,11.39,0.013800000000000002,57692.0,0.0465,0.0,4115.0,56180.0,0.037200000000000004,0.46990000000000004,0.46900000000000003,0.0,-0.008,0.0,-0.5700000000000001,10.835
356290669,4,0,-0.01,0.067,0.032,0.012,0.0,-0.046900000000000004,0.0118,11.39,0.0135,57472.0,0.052000000000000005,0.0,9119.0,56816.0,0.041600000000000005,0.47000000000000003,0.47000000000000003,0.0,-0.006,0.0,-0.27,10.835
356293671,4,0,-0.076,-0.049,0.088,0.013000000000000001,0.0,-0.0451,0.0142,11.39,0.013300000000000001,57472.0,0.052000000000000005,0.0,12121.0,56604.0,0.0419,0.47000000000000003,0.47000000000000003,0.0,-0.006,0.0,-0.08700000000000001,10.922
356298688,4,0,0.0,0.058,0.083,0.014,0.0,-0.0463,0.0086,11.39,0.0128,57692.0,0.0465,0.0,17138.0,56604.0,0.0388,0.4703,0.47100000000000003,0.0,0.003,0.0,-0.015,10.922
356303675,4,0,-0.059000000000000004,0.017,0.084,0.014,0.0,-0.040600000000000004,0.0114,11.39,0.0126,57472.0,0.045200000000000004,0.0,0.0,56604.0,0.0368,0.4703,0.47100000000000003,0.0,0.003,0.0,0.11900000000000001,10.922
356305692,4,0,-0.008,0.058,0.074,0.015,0.0,-0.0417,0.012700000000000001,11.39,0.0125,57472.0,0.047900000000000005,0.0,2017.0,56604.0,0.0385,0.4703,0.47100000000000003,0.0,0.003,0.0,-0.487,10.922
356311550,4,0,-0.085,-0.005,0.079,0.015,0.0,-0.0427,0.015000000000000001,11.39,0.0123,57472.0,0.0506,0.0,7875.0,56392.0,0.0408,0.4706,0.47100000000000003,0.0,0.007,0.0,-0.132,10.922
356313677,4,0,-0.017,0.031,0.02,0.015,0.0,-0.0419,0.017,11.39,0.012100000000000001,57472.0,0.052000000000000005,0.0,10002.0,56392.0,0.041600000000000005,0.4706,0.47100000000000003,0.0,0.007,0.0,-0.382,10.931000000000001
356318680,4,0,-0.039,0.042,-0.001,0.016,0.0,-0.0468,0.0099,11.39,0.012,57252.0,0.049300000000000004,0.0,15005.0,56392.0,0.040100000000000004,0.4707,0.47100000000000003,0.0,0.009000000000000001,0.0,0.23500000000000001,10.931000000000001
356322721,4,0,-0.026000000000000002,-0.029,-0.005,0.016,0.0,-0.0454,0.012400000000000001,11.39,0.0119,57252.0,0.0506,0.0,0.0,56392.0,0.0409,0.4707,0.47100000000000003,0.0,0.009000000000000001,0.0,-0.114,10.931000000000001
356326804,4,0,0.006,0.055,-0.051000000000000004,0.016,0.0,-0.0442,0.0091,11.39,0.0119,57472.0,0.0465,0.0,4083.0,56604.0,0.037700000000000004,0.4707,0.47100000000000003,0.0,0.009000000000000001,0.0,-0.131,10.931000000000001
356329674,4,0,0.031,0.014,-0.068,0.016,0.0,-0.042300000000000004,0.008700000000000001,11.42,0.012,57692.0,0.0453,0.0,6953.0,56604.0,0.0361,0.47190000000000004,0.47400000000000003,0.0,0.03,0.0,-0.517,10.931000000000001
356334697,4,0,0.046,0.074,-0.092,0.015,0.0,-0.047400000000000005,0.0063,11.42,0.0122,57472.0,0.046700000000000005,0.0,11976.0,56604.0,0.0379,0.47190000000000004,0.47400000000000003,0.0,0.03,0.0,-0.199,10.969
356339511,4,0,-0.047,-0.044,-0.049,0.015,0.0,-0.0477,0.0063,11.42,0.012400000000000001,57692.0,0.046700000000000005,0.0,16790.0,56604.0,0.038200000000000005,0.4737,0.47700000000000004,0.0,0.06,0.0,0.241,10.969
356341549,4,0,-0.012,0.05,-0.067,0.015,0.0,-0.047900000000000005,0.0054,11.42,0.012400000000000001,57692.0,0.046700000000000005,0.0,0.0,56604.0,0.037700000000000004,0.4737,0.47700000000000004,0.0,0.06,0.0,0.432,10.969
356345707,4,0,0.017,-0.033,-0.037,0.014,0.0,-0.0512,-0.0066,11.42,0.0126,57472.0,0.0398,0.0,4158.0,56604.0,0.0315,0.4737,0.47700000000000004,0.0,0.06,0.0,-0.063,10.969
356349744,4,0,0.111,0.066,-0.046,0.014,0.0,-0.0472,-0.0046,11.42,0.0126,57472.0,0.0371,0.0,8195.0,56604.0,0.030100000000000002,0.4748,0.47700000000000004,0.0,0.07100000000000001,0.0,-0.548,10.969
356354556,4,0,-0.021,-0.007,0.008,0.014,0.0,-0.0505,-0.0021000000000000003,11.43,0.0129,57472.0,0.0426,0.0,13007.0,56604.0,0.034300000000000004,0.4748,0.47700000000000004,0.0,0.07100000000000001,0.0,-0.23800000000000002,10.964
356359510,4,0,0.046,0.007,0.012,0.014,0.0,-0.0499,0.0059,11.43,0.012700000000000001,57692.0,0.0494,0.0,17961.0,56392.0,0.039400000000000004,0.47590000000000005,0.47800000000000004,0.0,0.079,0.0,-0.34,10.964
356361548,4,0,-0.019,-0.019,0.036000000000000004,0.014,0.0,-0.049100000000000005,-0.001,11.43,0.012700000000000001,57472.0,0.0412,0.0,0.0,56392.0,0.034,0.47590000000000005,0.47800000000000004,0.0,0.079,0.0,0.17500000000000002,10.964
356365716,4,0,0.01,0.019,0.043000000000000003,0.015,0.0,-0.050100000000000006,0.0038,11.43,0.012400000000000001,57692.0,0.046700000000000005,0.0,4168.0,56604.0,0.0381,0.47590000000000005,0.47800000000000004,0.0,0.079,0.0,-0.094,10.964
356370550,4,0,-0.097,0.038,0.032,0.016,0.0,-0.0506,0.014100000000000001,11.43,0.0119,57252.0,0.0563,0.0,9002.0,56392.0,0.045700000000000005,0.4756,0.47500000000000003,0.0,0.057,0.0,0.17500000000000002,10.964
356374804,4,0,-0.112,-0.048,0.055,0.017,0.0,-0.044700000000000004,0.0055000000000000005,11.43,0.0115,57472.0,0.0439,0.0,13256.0,56816.0,0.035500000000000004,0.4756,0.47500000000000003,0.0,0.057,0.0,-0.255,10.981
356379674,4,0,-0.008,0.067,0.033,0.018000000000000002,0.0,-0.052500000000000005,0.0098,11.43,0.011000000000000001,57472.0,0.053500000000000006,0.0,18126.0,56816.0,0.0441,0.4747,0.47300000000000003,0.0,0.027,0.0,-0.113,10.981
356381773,4,0,-0.082,-0.032,0.014,0.018000000000000002,0.0,-0.051800000000000006,0.0071,11.43,0.0109,57692.0,0.0522,0.0,0.0,56604.0,0.0417,0.4747,0.47300000000000003,0.0,0.027,0.0,-0.039,10.981
356386554,4,0,-0.14400000000000002,0.041,-0.016,0.019,0.0,-0.0465,0.030100000000000002,11.43,0.0103,57692.0,0.0673,0.0,4781.0,56392.0,0.054200000000000005,0.4747,0.47300000000000003,0.0,0.027,0.0,0.06,10.981
356390804,4,0,-0.05,-0.022,0.01,0.02,0.0,-0.049600000000000005,-0.004,11.43,0.0099,57692.0,0.0398,0.0,9031.0,56392.0,0.0322,0.4748,0.47500000000000003,0.0,0.024,0.0,0.264,10.981
356395510,4,0,0.024,0.017,-0.035,0.02,0.0,-0.047400000000000005,0.008,11.43,0.0099,57472.0,0.048100000000000004,0.0,13737.0,56604.0,0.0392,0.4748,0.47500000000000003,0.0,0.024,0.0,-0.243,10.992
356397739,4,0,-0.128,-0.006,-0.019,0.02,0.0,-0.0521,0.0263,11.43,0.0099,57472.0,0.0687,0.0,15966.0,56816.0,0.055400000000000005,0.4756,0.47700000000000004,0.0,0.034,0.0,-0.055,10.992
356401774,4,0,0.074,0.044,-0.032,0.02,0.0,-0.0531,0.010700000000000001,11.43,0.0098,57472.0,0.0563,0.0,0.0,56816.0,0.0451,0.4756,0.47700000000000004,0.0,0.034,0.0,-0.529,10.992
356405822,4,0,-0.107,-0.004,-0.015,0.02,0.0,-0.048600000000000004,0.016300000000000002,11.43,0.0098,57692.0,0.0563,0.0,4048.0,56604.0,0.0459,0.4756,0.47700000000000004,0.0,0.034,0.0,0.28600000000000003,10.992
356410549,4,0,0.076,0.039,-0.04,0.02,0.0,-0.051800000000000006,0.0142,11.46,0.0098,57472.0,0.057800000000000004,0.0,8775.0,56816.0,0.0466,0.4761,0.47700000000000004,0.0,0.038,0.0,-0.122,10.992
356414824,4,0,0.014,0.031,-0.014,0.021,0.0,-0.05,0.0048000000000000004,11.46,0.009600000000000001,57692.0,0.0482,0.0,13050.0,56816.0,0.038700000000000005,0.4761,0.47700000000000004,0.0,0.038,0.0,0.075,10.992
356419511,4,0,0.015,0.013000000000000001,0.004,0.021,0.0,-0.051300000000000005,0.0054,11.46,0.009600000000000001,57472.0,0.049600000000000005,0.0,17737.0,56604.0,0.040100000000000004,0.4767,0.47800000000000004,0.0,0.044,0.0,-0.187,10.992
356421555,4,0,-0.033,0.029,-0.007,0.021,0.0,-0.054400000000000004,0.0026000000000000003,11.46,0.0095,57252.0,0.051000000000000004,0.0,0.0,56604.0,0.0403,0.4767,0.47800000000000004,0.0,0.044,0.0,0.039,10.992
356426554,4,0,-0.005,0.003,0.013000000000000001,0.021,0.0,-0.050300000000000004,0.010100000000000001,11.46,0.0094,57472.0,0.0523,0.0,4999.0,56604.0,0.042800000000000005,0.4767,0.47800000000000004,0.0,0.044,0.0,-0.122,10.992
356430675,4,0,0.06,0.031,0.015,0.021,0.0,-0.0514,0.0007,11.46,0.009300000000000001,57472.0,0.0454,0.0,9120.0,56604.0,0.0369,0.4772,0.47800000000000004,0.0,0.044,0.0,-0.032,10.992
356435510,4,0,-0.08,0.016,0.015,0.021,0.0,-0.0528,0.0074,11.47,0.0092,57692.0,0.053700000000000005,0.0,13955.0,56604.0,0.0426,0.4772,0.47800000000000004,0.0,0.044,0.0,0.49,10.876
356437547,4,0,0.008,0.047,0.008,0.022,0.0,-0.055400000000000005,0.007,11.47,0.0091,57472.0,0.053700000000000005,0.0,15992.0,56392.0,0.0442,0.4772,0.47800000000000004,0.0,0.044,0.0,0.386,10.876
356441553,4,0,-0.039,0.0,0.023,0.022,0.0,-0.053500000000000006,0.0021000000000000003,11.47,0.009000000000000001,57472.0,0.0482,0.0,0.0,56604.0,0.0393,0.4778,0.47900000000000004,0.0,0.048,0.0,0.188,10.876
356446554,4,0,0.074,0.02,0.018000000000000002,0.022,0.0,-0.0512,0.003,11.47,0.0088,57472.0,0.0482,0.0,5001.0,56816.0,0.0383,0.4778,0.47900000000000004,0.0,0.048,0.0,-0.265,10.876
356450554,4,0,-0.10300000000000001,0.018000000000000002,0.006,0.023,0.0,-0.0558,0.009600000000000001,11.47,0.008400000000000001,57472.0,0.057800000000000004,0.0,9001.0,56604.0,0.0463,0.47790000000000005,0.47800000000000004,0.0,0.039,0.0,0.116,10.876
356454854,4,0,-0.008,0.006,-0.001,0.023,0.0,-0.0526,0.0035,11.47,0.0083,57472.0,0.0482,0.0,13301.0,56816.0,0.0396,0.47790000000000005,0.47800000000000004,0.0,0.039,0.0,0.13,10.909
356457553,4,0,-0.108,0.004,0.004,0.024,0.0,-0.052000000000000005,0.007,11.47,0.0082,57692.0,0.051000000000000004,0.0,16000.0,56816.0,0.0417,0.47790000000000005,0.47800000000000004,0.0,0.039,0.0,0.41400000000000003,10.909
356461794,4,0,0.017,0.007,-0.028,0.024,0.0,-0.053200000000000004,0.0108,11.47,0.0081,57692.0,0.0565,0.0,0.0,56604.0,0.0453,0.47790000000000005,0.47800000000000004,0.0,0.032,0.0,0.01,10.909
356466553,4,0,-0.037,0.012,-0.007,0.024,0.0,-0.0522,0.0151,11.47,0.0079,57252.0,0.0592,0.0,4759.0,56392.0,0.0476,0.47790000000000005,0.47800000000000004,0.0,0.032,0.0,0.178,10.909
356470855,4,0,-0.098,-0.002,-0.01,0.024,0.0,-0.0514,0.0154,11.47,0.0078000000000000005,57692.0,0.0592,0.0,9061.0,56180.0,0.0473,0.4776,0.47700000000000004,0.0,0.019,0.0,0.271,10.909
356475552,4,0,0.054,0.011,-0.018000000000000002,0.025,0.0,-0.051800000000000006,0.0143,11.47,0.0077,57692.0,0.0579,0.0,13758.0,56604.0,0.0468,0.4776,0.47700000000000004,0.0,0.019,0.0,0.063,10.975
356477554,4,0,-0.023,0.015,-0.014,0.025,0.0,-0.0531,0.015000000000000001,11.47,0.0077,57692.0,0.0606,0.0,15760.0,56604.0,0.048100000000000004,0.4776,0.47700000000000004,0.0,0.019,0.0,0.059000000000000004,10.975
356481812,4,0,0.053,-0.002,0.004,0.025,0.0,-0.0505,0.014,11.47,0.0076,57692.0,0.0565,0.0,0.0,57032.0,0.0456,0.47740000000000005,0.47700000000000004,0.0,0.011,0.0,-0.089,10.975
356486547,4,0,-0.085,0.005,0.002,0.025,0.0,-0.0511,0.013800000000000002,11.5,0.007500000000000001,57472.0,0.058,0.0,4735.0,56816.0,0.0459,0.47740000000000005,0.47700000000000004,0.0,0.011,0.0,0.01,10.975
356490554,4,0,0.054,0.018000000000000002,-0.002,0.025,0.0,-0.0536,0.0151,11.5,0.0076,57692.0,0.0608,0.0,8742.0,56816.0,0.0485,0.4762,0.47400000000000003,0.0,-0.015,0.0,-0.098,10.975
356494839,4,0,-0.038,-0.006,0.037,0.025,0.0,-0.050800000000000005,0.0161,11.5,0.0074,57252.0,0.058,0.0,13027.0,56816.0,0.0473,0.4762,0.47400000000000003,0.0,-0.015,0.0,0.262,10.975
356497552,4,0,0.057,0.012,0.029,0.025,0.0,-0.0514,0.014400000000000001,11.5,0.007500000000000001,57692.0,0.058,0.0,15740.0,56816.0,0.0465,0.4762,0.47400000000000003,0.0,-0.015,0.0,0.097,10.847
356501815,4,0,-0.042,-0.011,0.019,0.026000000000000002,0.0,-0.0509,0.012,11.5,0.0073,57692.0,0.0553,0.0,0.0,56816.0,0.044500000000000005,0.4747,0.47200000000000003,0.0,-0.041,0.0,0.277,10.847
356506820,4,0,-0.037,0.019,0.015,0.025,0.0,-0.0523,0.0111,11.5,0.0073,57692.0,0.0553,0.0,5005.0,56816.0,0.0448,0.4747,0.47200000000000003,0.0,-0.041,0.0,0.092,10.847
356510851,4,0,0.055,0.005,0.008,0.025,0.0,-0.052700000000000004,0.011600000000000001,11.5,0.0074,57692.0,0.056600000000000004,0.0,9036.0,56816.0,0.0455,0.4741,0.47300000000000003,0.0,-0.045,0.0,0.17,10.847
356513510,4,0,0.039,0.032,-0.013000000000000001,0.025,0.0,-0.052500000000000005,0.0118,11.5,0.0074,57692.0,0.056600000000000004,0.0,11695.0,56392.0,0.0455,0.4741,0.47300000000000003,0.0,-0.045,0.0,0.025,10.847
356517511,4,0,-0.027,-0.019,-0.002,0.025,0.0,-0.0514,0.0125,11.5,0.0074,57252.0,0.0567,0.0,15696.0,56604.0,0.045200000000000004,0.4741,0.47300000000000003,0.0,-0.045,0.0,0.171,10.947000000000001
356521833,4,0,-0.057,0.019,0.007,0.025,0.0,-0.0523,0.0114,11.5,0.0073,57472.0,0.0553,0.0,0.0,56604.0,0.0451,0.4737,0.47300000000000003,0.0,-0.044,0.0,0.108,10.947000000000001
356526835,4,0,0.081,0.035,-0.035,0.025,0.0,-0.0533,0.007500000000000001,11.5,0.0073,57692.0,0.0539,0.0,5002.0,56816.0,0.043000000000000003,0.4737,0.47300000000000003,0.0,-0.044,0.0,0.009000000000000001,10.947000000000001
356529680,4,0,-0.024,0.026000000000000002,-0.046,0.026000000000000002,0.0,-0.051800000000000006,0.0076,11.5,0.0073,57692.0,0.052500000000000005,0.0,7847.0,56604.0,0.042,0.4728,0.47100000000000003,0.0,-0.054,0.0,-0.051000000000000004,10.947000000000001
356534554,4,0,0.07,0.023,-0.023,0.025,0.0,-0.0506,0.012,11.5,0.0073,57692.0,0.0553,0.0,12721.0,56604.0,0.0442,0.4728,0.47100000000000003,0.0,-0.054,0.0,-0.20800000000000002,10.947000000000001
356538813,4,0,-0.03,-0.033,-0.002,0.026000000000000002,0.0,-0.0517,0.0122,11.51,0.0071,57692.0,0.0567,0.0,16980.0,56816.0,0.045200000000000004,0.4711,0.468,0.0,-0.077,0.0,0.073,10.982000000000001
356542813,4,0,0.007,0.044,-0.037,0.026000000000000002,0.0,-0.0509,0.010400000000000001,11.51,0.007200000000000001,57692.0,0.0539,0.0,0.0,56604.0,0.0434,0.4711,0.468,0.0,-0.077,0.0,-0.054,10.982000000000001
356546849,4,0,0.011,-0.026000000000000002,0.018000000000000002,0.026000000000000002,0.0,-0.0516,0.010100000000000001,11.51,0.0071,57472.0,0.0539,0.0,4036.0,56392.0,0.0436,0.4711,0.468,0.0,-0.077,0.0,0.229,10.982000000000001
356549546,4,0,0.07200000000000001,0.036000000000000004,0.009000000000000001,0.026000000000000002,0.0,-0.0507,0.009000000000000001,11.51,0.007200000000000001,57472.0,0.052500000000000005,0.0,6733.0,56816.0,0.0422,0.4707,0.47000000000000003,0.0,-0.069,0.0,0.007,10.982000000000001
356553546,4,0,-0.048,-0.043000000000000003,0.001,0.026000000000000002,0.0,-0.049100000000000005,0.0089,11.51,0.0071,57692.0,0.0511,0.0,10733.0,56604.0,0.041,0.4707,0.47000000000000003,0.0,-0.069,0.0,0.016,10.982000000000001
356557839,4,0,-0.004,0.039,-0.005,0.026000000000000002,0.0,-0.050100000000000006,0.012400000000000001,11.51,0.0071,57692.0,0.0553,0.0,15026.0,56604.0,0.0442,0.4712,0.47200000000000003,0.0,-0.047,0.0,-0.115,10.982000000000001
356562547,4,0,0.019,-0.027,0.042,0.026000000000000002,0.0,-0.0492,0.010700000000000001,11.51,0.0071,57692.0,0.052500000000000005,0.0,0.0,56816.0,0.0424,0.4712,0.47200000000000003,0.0,-0.047,0.0,0.253,10.93
356566547,4,0,-0.03,0.025,0.007,0.026000000000000002,0.0,-0.0509,0.0114,11.540000000000001,0.0071,57472.0,0.0541,0.0,4000.0,56816.0,0.0441,0.4712,0.47200000000000003,0.0,-0.047,0.0,0.098,10.93
356570549,4,0,0.04,0.008,0.004,0.026000000000000002,0.0,-0.050300000000000004,0.010700000000000001,11.540000000000001,0.0071,57692.0,0.0541,0.0,8002.0,56604.0,0.0431,0.4711,0.47100000000000003,0.0,-0.039,0.0,0.194,10.93
356574824,4,0,-0.037,-0.045,0.035,0.026000000000000002,0.0,-0.0485,0.0097,11.540000000000001,0.007,57472.0,0.051300000000000005,0.0,12277.0,57032.0,0.0412,0.4711,0.47100000000000003,0.0,-0.039,0.0,-0.017,10.93
356579679,4,0,0.029,0.054,-0.02,0.026000000000000002,0.0,-0.0483,0.0118,11.540000000000001,0.007,57472.0,0.0541,0.0,17132.0,56816.0,0.0425,0.4711,0.47100000000000003,0.0,-0.032,0.0,-0.245,10.93
356581875,4,0,-0.055,-0.039,-0.012,0.026000000000000002,0.0,-0.049,0.013600000000000001,11.540000000000001,0.0068000000000000005,57472.0,0.0555,0.0,0.0,56816.0,0.0443,0.4711,0.47100000000000003,0.0,-0.032,0.0,-0.28300000000000003,10.887
356586547,4,0,0.037,0.055,-0.003,0.027,0.0,-0.0495,0.0105,11.540000000000001,0.0068000000000000005,57692.0,0.0541,0.0,4672.0,56816.0,0.0424,0.4711,0.47100000000000003,0.0,-0.032,0.0,-0.20500000000000002,10.887
356590833,4,0,-0.002,-0.049,-0.011,0.027,0.0,-0.046700000000000005,0.009000000000000001,11.540000000000001,0.0068000000000000005,57916.0,0.0499,0.0,8958.0,56816.0,0.039400000000000004,0.47140000000000004,0.47200000000000003,0.0,-0.019,0.0,0.165,10.887
356595546,4,0,-0.008,0.028,-0.039,0.027,0.0,-0.048600000000000004,0.010100000000000001,11.540000000000001,0.0067,57692.0,0.051300000000000005,0.0,13671.0,56604.0,0.0415,0.47140000000000004,0.47200000000000003,0.0,-0.019,0.0,-0.268,10.887
356597898,4,0,-0.004,-0.051000000000000004,0.015,0.027,0.0,-0.049600000000000005,0.008400000000000001,11.540000000000001,0.0068000000000000005,57692.0,0.051300000000000005,0.0,16023.0,56604.0,0.041,0.47090000000000004,0.47000000000000003,0.0,-0.025,0.0,-0.1,10.887
356602546,4,0,0.004,0.033,-0.01,0.027,0.0,-0.047400000000000005,0.0094,11.540000000000001,0.0067,57692.0,0.0499,0.0,0.0,56604.0,0.0402,0.47090000000000004,0.47000000000000003,0.0,-0.025,0.0,-0.343,10.866
356606975,4,0,0.022,0.016,-0.026000000000000002,0.027,0.0,-0.048400000000000006,0.0117,11.540000000000001,0.0067,57692.0,0.052700000000000004,0.0,4429.0,56604.0,0.0425,0.47090000000000004,0.47000000000000003,0.0,-0.025,0.0,-0.176,10.866
356609546,4,0,0.01,0.042,-0.023,0.027,0.0,-0.0478,0.0108,11.540000000000001,0.0066,57692.0,0.051300000000000005,0.0,7000.0,57032.0,0.0414,0.46950000000000003,0.467,0.0,-0.047,0.0,-0.365,10.866
356613546,4,0,0.007,-0.056,0.032,0.027,0.0,-0.0455,0.008,11.540000000000001,0.0066,57472.0,0.0471,0.0,11000.0,57032.0,0.0378,0.46950000000000003,0.467,0.0,-0.047,0.0,0.011,10.866
356617876,4,0,-0.013000000000000001,-0.028,0.005,0.027,0.0,-0.048100000000000004,0.007200000000000001,11.540000000000001,0.0066,57692.0,0.0499,0.0,15330.0,56604.0,0.0391,0.46940000000000004,0.46900000000000003,0.0,-0.042,0.0,-0.376,10.866
356622868,4,0,0.04,0.045,0.007,0.027,0.0,-0.046,0.0071,11.540000000000001,0.0067,57692.0,0.0472,0.0,0.0,57032.0,0.0376,0.46940000000000004,0.46900000000000003,0.0,-0.042,0.0,-0.374,10.947000000000001
356625545,4,0,-0.005,-0.024,0.035,0.027,0.0,-0.0453,0.0078000000000000005,11.540000000000001,0.0067,57692.0,0.0472,0.0,2677.0,56816.0,0.0376,0.46940000000000004,0.46900000000000003,0.0,-0.042,0.0,-0.328,10.947000000000001
356629680,4,0,0.033,0.019,0.008,0.026000000000000002,0.0,-0.047900000000000005,0.0079,11.540000000000001,0.006900000000000001,57692.0,0.0485,0.0,6812.0,56816.0,0.0395,0.46990000000000004,0.47100000000000003,0.0,-0.022,0.0,-0.075,10.947000000000001
356634546,4,0,-0.015,-0.088,0.017,0.026000000000000002,0.0,-0.0451,0.0073,11.58,0.006900000000000001,57692.0,0.0473,0.0,11678.0,56816.0,0.0371,0.46990000000000004,0.47100000000000003,0.0,-0.022,0.0,0.094,10.947000000000001
356638546,4,0,0.045,0.047,0.01,0.026000000000000002,0.0,-0.045700000000000005,0.0056,11.58,0.007,57692.0,0.0459,0.0,15678.0,56816.0,0.0363,0.4696,0.46900000000000003,0.0,-0.024,0.0,-0.123,10.947000000000001
356642547,4,0,0.007,-0.07,0.022,0.026000000000000002,0.0,-0.047400000000000005,0.0037,11.58,0.007200000000000001,57692.0,0.044500000000000005,0.0,0.0,56604.0,0.0362,0.4696,0.46900000000000003,0.0,-0.024,0.0,0.232,10.882
356646963,4,0,0.008,-0.026000000000000002,-0.021,0.026000000000000002,0.0,-0.0458,0.0076,11.58,0.007200000000000001,57692.0,0.0473,0.0,4416.0,56604.0,0.0378,0.4696,0.46900000000000003,0.0,-0.024,0.0,-0.278,10.882
356649545,4,0,-0.013000000000000001,-0.083,0.003,0.025,0.0,-0.045700000000000005,0.008,11.58,0.0073,57692.0,0.0473,0.0,6998.0,57032.0,0.038,0.46900000000000003,0.468,0.0,-0.03,0.0,0.036000000000000004,10.882
356653878,4,0,0.007,-0.015,-0.019,0.025,0.0,-0.044700000000000004,0.0081,11.58,0.0073,57692.0,0.0459,0.0,11331.0,57032.0,0.0374,0.46900000000000003,0.468,0.0,-0.03,0.0,-0.092,10.882
356657905,4,0,0.022,-0.003,-0.026000000000000002,0.025,0.0,-0.045700000000000005,0.0044,11.58,0.007500000000000001,57692.0,0.044500000000000005,0.0,15358.0,56604.0,0.035500000000000004,0.46900000000000003,0.46900000000000003,0.0,-0.025,0.0,0.379,10.882
356662886,4,0,-0.018000000000000002,-0.084,0.01,0.025,0.0,-0.046700000000000005,0.0066,11.58,0.007500000000000001,57692.0,0.0473,0.0,0.0,57032.0,0.037700000000000004,0.46900000000000003,0.46900000000000003,0.0,-0.025,0.0,0.185,10.927
356666975,4,0,0.028,0.05,-0.014,0.025,0.0,-0.044000000000000004,0.0077,11.58,0.007500000000000001,57692.0,0.0459,0.0,4089.0,56816.0,0.0366,0.46900000000000003,0.46900000000000003,0.0,-0.025,0.0,0.038,10.927
356669546,4,0,-0.009000000000000001,-0.035,-0.005,0.025,0.0,-0.0441,0.0089,11.58,0.0074,57692.0,0.0473,0.0,6660.0,56816.0,0.0375,0.4697,0.47100000000000003,0.0,-0.006,0.0,-0.11,10.927
356674545,4,0,0.028,0.044,-0.023,0.025,0.0,-0.0438,0.0082,11.58,0.007500000000000001,57916.0,0.0459,0.0,11659.0,56816.0,0.0368,0.4697,0.47100000000000003,0.0,-0.006,0.0,-0.164,10.927
356678546,4,0,-0.029,-0.09,0.041,0.025,0.0,-0.0443,0.0071,11.58,0.007500000000000001,57472.0,0.044500000000000005,0.0,15660.0,56816.0,0.0363,0.4702,0.47100000000000003,0.0,0.004,0.0,0.147,10.927
356683545,4,0,0.046,0.004,0.003,0.025,0.0,-0.0446,0.004200000000000001,11.58,0.007500000000000001,57692.0,0.0431,0.0,0.0,56604.0,0.0345,0.4702,0.47100000000000003,0.0,0.004,0.0,-0.098,10.838000000000001
356685906,4,0,-0.006,-0.073,0.027,0.024,0.0,-0.0444,0.0032,11.58,0.0078000000000000005,57916.0,0.0417,0.0,2361.0,57032.0,0.0337,0.4702,0.47100000000000003,0.0,0.004,0.0,0.182,10.838000000000001
356690546,4,0,0.038,0.02,0.004,0.024,0.0,-0.0443,0.008700000000000001,11.58,0.0078000000000000005,57692.0,0.0473,0.0,7001.0,56816.0,0.0374,0.47050000000000003,0.47100000000000003,0.0,0.009000000000000001,0.0,-0.419,10.838000000000001
356694919,4,0,0.019,0.025,0.019,0.024,0.0,-0.046,0.0064,11.58,0.0079,57692.0,0.0459,0.0,11374.0,56604.0,0.0371,0.47050000000000003,0.47100000000000003,0.0,0.009000000000000001,0.0,-0.272,10.838000000000001
356699545,4,0,0.009000000000000001,-0.068,0.015,0.024,0.0,-0.0434,0.0064,11.58,0.0079,57916.0,0.044500000000000005,0.0,16000.0,57032.0,0.0352,0.4706,0.47100000000000003,0.0,0.011,0.0,-0.333,10.838000000000001
356701545,4,0,-0.021,-0.057,0.014,0.024,0.0,-0.0424,0.0073,11.58,0.008,57692.0,0.044500000000000005,0.0,0.0,56604.0,0.0352,0.4706,0.47100000000000003,0.0,0.011,0.0,0.033,10.838000000000001
356705561,4,0,0.058,0.0,-0.012,0.024,0.0,-0.042800000000000005,0.0049,11.61,0.0079,58140.0,0.041800000000000004,0.0,4016.0,56604.0,0.0337,0.4706,0.47100000000000003,0.0,0.011,0.0,-0.324,10.833
356710546,4,0,0.04,0.04,-0.022,0.024,0.0,-0.044500000000000005,0.002,11.61,0.0081,57916.0,0.0405,0.0,9001.0,56604.0,0.0329,0.4708,0.47100000000000003,0.0,0.011,0.0,-0.14400000000000002,10.833
356714922,4,0,-0.035,-0.074,0.006,0.023,0.0,-0.043000000000000003,0.0067,11.61,0.0082,57692.0,0.0432,0.0,13377.0,57032.0,0.0351,0.4708,0.47100000000000003,0.0,0.011,0.0,0.316,10.833
356719546,4,0,0.073,0.034,-0.038,0.024,0.0,-0.0438,0.0054,11.61,0.0082,57916.0,0.0432,0.0,18001.0,56604.0,0.034800000000000005,0.4716,0.47300000000000003,0.0,0.025,0.0,0.02,10.833
356721546,4,0,0.024,-0.068,-0.016,0.023,0.0,-0.0438,0.003,11.61,0.0083,57692.0,0.041800000000000004,0.0,0.0,56816.0,0.033,0.4716,0.47300000000000003,0.0,0.025,0.0,0.17300000000000001,10.833
356725929,4,0,0.078,0.044,-0.031,0.023,0.0,-0.0437,0.0025,11.61,0.0083,57916.0,0.0419,0.0,4383.0,56816.0,0.0327,0.4716,0.47300000000000003,0.0,0.025,0.0,-0.134,10.982000000000001
356730061,4,0,-0.014,-0.056,-0.012,0.023,0.0,-0.043000000000000003,0.0005,11.61,0.0085,57692.0,0.037700000000000004,0.0,8515.0,57032.0,0.0308,0.4728,0.47500000000000003,0.0,0.044,0.0,0.131,10.982000000000001
356734545,4,0,0.08700000000000001,0.008,-0.02,0.023,0.0,-0.0426,0.0019,11.61,0.0086,57692.0,0.0391,0.0,12999.0,56604.0,0.031400000000000004,0.4728,0.47500000000000003,0.0,0.044,0.0,-0.321,10.982000000000001
356738545,4,0,-0.006,-0.018000000000000002,0.016,0.023,0.0,-0.0438,0.0016,11.61,0.008700000000000001,57916.0,0.0405,0.0,16999.0,56816.0,0.032100000000000004,0.4728,0.47300000000000003,0.0,0.037,0.0,0.222,10.982000000000001
356742942,4,0,0.021,-0.066,0.015,0.022,0.0,-0.042800000000000005,0.0029000000000000002,11.61,0.0088,58140.0,0.0405,0.0,0.0,57032.0,0.0323,0.4728,0.47300000000000003,0.0,0.037,0.0,-0.07100000000000001,10.982000000000001
356747056,4,0,0.069,0.046,-0.009000000000000001,0.022,0.0,-0.044500000000000005,0.001,11.61,0.0088,57916.0,0.0405,0.0,4114.0,56816.0,0.032100000000000004,0.47250000000000003,0.47200000000000003,0.0,0.024,0.0,0.176,10.899000000000001
356751544,4,0,0.0,-0.07200000000000001,0.032,0.022,0.0,-0.042100000000000005,-0.0006000000000000001,11.61,0.009000000000000001,57692.0,0.037700000000000004,0.0,8602.0,57032.0,0.029400000000000003,0.47250000000000003,0.47200000000000003,0.0,0.024,0.0,0.223,10.899000000000001
356753545,4,0,0.005,0.003,0.022,0.022,0.0,-0.042100000000000005,0.0004,11.61,0.009000000000000001,58140.0,0.037700000000000004,0.0,10603.0,56816.0,0.030000000000000002,0.47250000000000003,0.47200000000000003,0.0,0.024,0.0,0.28300000000000003,10.899000000000001
356757976,4,0,0.005,-0.07100000000000001,0.019,0.021,0.0,-0.0426,0.001,11.61,0.009300000000000001,57692.0,0.0391,0.0,15034.0,57032.0,0.0308,0.47240000000000004,0.47200000000000003,0.0,0.015,0.0,0.014,10.899000000000001
356762956,4,0,0.055,0.006,0.004,0.021,0.0,-0.0431,0.0082,11.61,0.0094,57916.0,0.044700000000000004,0.0,0.0,57032.0,0.0363,0.47240000000000004,0.47200000000000003,0.0,0.015,0.0,-0.152,10.899000000000001
356767047,4,0,-0.069,-0.021,0.005,0.021,0.0,-0.0439,0.008700000000000001,11.620000000000001,0.0092,57916.0,0.0475,0.0,4091.0,56604.0,0.037200000000000004,0.47240000000000004,0.47200000000000003,0.0,0.015,0.0,0.292,10.907
356769587,4,0,0.043000000000000003,0.017,-0.019,0.022,0.0,-0.042100000000000005,0.0047,11.620000000000001,0.0091,57916.0,0.0419,0.0,6631.0,56604.0,0.033100000000000004,0.4726,0.47300000000000003,0.0,0.017,0.0,0.027,10.907
356774545,4,0,-0.115,-0.036000000000000004,0.002,0.022,0.0,-0.0414,0.0102,11.620000000000001,0.009000000000000001,57916.0,0.0461,0.0,11589.0,57032.0,0.036500000000000005,0.4726,0.47300000000000003,0.0,0.017,0.0,0.328,10.907
356778545,4,0,0.061,-0.027,-0.018000000000000002,0.022,0.0,-0.042100000000000005,0.0046,11.65,0.0089,57692.0,0.042,0.0,15589.0,56816.0,0.033,0.4727,0.47300000000000003,0.0,0.016,0.0,-0.228,10.907
356782969,4,0,-0.055,0.016,-0.016,0.023,0.0,-0.0432,0.014,11.65,0.008700000000000001,57916.0,0.0504,0.0,0.0,56816.0,0.040400000000000005,0.4727,0.47300000000000003,0.0,0.016,0.0,0.001,10.907
356787062,4,0,-0.031,-0.07,-0.006,0.022,0.0,-0.0417,0.005200000000000001,11.65,0.008700000000000001,57692.0,0.042,0.0,4093.0,57032.0,0.0332,0.4727,0.47300000000000003,0.0,0.016,0.0,-0.34500000000000003,10.873000000000001
356789528,4,0,-0.078,-0.04,-0.002,0.023,0.0,-0.0398,0.0019,11.65,0.008700000000000001,57916.0,0.0364,0.0,6559.0,56816.0,0.029500000000000002,0.4728,0.47300000000000003,0.0,0.015,0.0,-0.007,10.873000000000001
356794546,4,0,0.007,-0.051000000000000004,0.013000000000000001,0.022,0.0,-0.0432,0.0057,11.65,0.0088,57692.0,0.0434,0.0,11577.0,56816.0,0.0345,0.4728,0.47300000000000003,0.0,0.015,0.0,-0.356,10.873000000000001
356799544,4,0,0.077,0.009000000000000001,0.0,0.022,0.0,-0.043500000000000004,0.0051,11.65,0.0089,57916.0,0.0434,0.0,16575.0,56816.0,0.0344,0.4736,0.47500000000000003,0.0,0.027,0.0,-0.216,10.873000000000001
356801544,4,0,0.027,-0.039,0.011,0.022,0.0,-0.0427,0.0073,11.65,0.0091,57692.0,0.0448,0.0,0.0,56816.0,0.0354,0.4736,0.47500000000000003,0.0,0.027,0.0,-0.313,10.873000000000001
356805985,4,0,0.047,0.012,0.013000000000000001,0.021,0.0,-0.043000000000000003,0.0108,11.65,0.0092,57692.0,0.0476,0.0,4441.0,57252.0,0.0381,0.4736,0.47500000000000003,0.0,0.027,0.0,0.021,10.904
356810027,4,0,-0.051000000000000004,-0.035,0.025,0.021,0.0,-0.0437,0.0088,11.65,0.0094,58140.0,0.0476,0.0,8483.0,57032.0,0.0371,0.4748,0.47700000000000004,0.0,0.046,0.0,0.252,10.904
356815029,4,0,0.046,-0.02,0.021,0.021,0.0,-0.0417,0.008700000000000001,11.65,0.009600000000000001,57916.0,0.046200000000000005,0.0,13485.0,57032.0,0.0356,0.4748,0.47700000000000004,0.0,0.046,0.0,-0.155,10.904
356819508,4,0,-0.011,-0.006,0.014,0.021,0.0,-0.0429,0.0024000000000000002,11.65,0.009600000000000001,57692.0,0.040600000000000004,0.0,17964.0,57032.0,0.032,0.4756,0.47700000000000004,0.0,0.052000000000000005,0.0,0.188,10.904
356822046,4,0,0.073,-0.015,0.005,0.02,0.0,-0.0429,0.0014,11.65,0.0097,58140.0,0.0392,0.0,0.0,56816.0,0.0313,0.4756,0.47700000000000004,0.0,0.052000000000000005,0.0,-0.201,10.904
356826545,4,0,-0.013000000000000001,0.007,0.0,0.02,0.0,-0.046200000000000005,0.0012000000000000001,11.65,0.0097,57916.0,0.042,0.0,4499.0,56816.0,0.0335,0.4756,0.47700000000000004,0.0,0.052000000000000005,0.0,0.151,10.89
356829676,4,0,0.11,0.002,-0.019,0.02,0.0,-0.0466,-0.0024000000000000002,11.65,0.0099,57916.0,0.040600000000000004,0.0,7630.0,57032.0,0.0313,0.4761,0.47700000000000004,0.0,0.052000000000000005,0.0,-0.34500000000000003,10.89
356834544,4,0,0.041,0.013000000000000001,-0.01,0.02,0.0,-0.0444,0.00030000000000000003,11.65,0.0099,57916.0,0.0392,0.0,12498.0,57032.0,0.0316,0.4761,0.47700000000000004,0.0,0.052000000000000005,0.0,-0.159,10.89
356839016,4,0,-0.022,-0.032,-0.015,0.02,0.0,-0.0434,-0.0021000000000000003,11.65,0.010100000000000001,57472.0,0.0378,0.0,16970.0,57032.0,0.0292,0.4767,0.47800000000000004,0.0,0.055,0.0,-0.041,10.89
356841543,4,0,0.031,-0.002,-0.02,0.02,0.0,-0.043300000000000005,-0.001,11.65,0.010100000000000001,57692.0,0.0378,0.0,0.0,56816.0,0.029900000000000003,0.4767,0.47800000000000004,0.0,0.055,0.0,0.06,10.89
356846016,4,0,0.003,-0.021,-0.027,0.019,0.0,-0.0459,-0.0032,11.65,0.0103,57916.0,0.0378,0.0,4473.0,56816.0,0.0302,0.4767,0.47800000000000004,0.0,0.055,0.0,-0.016,10.89
356850020,4,0,0.128,0.012,-0.037,0.019,0.0,-0.045200000000000004,-0.001,11.65,0.0105,57916.0,0.0392,0.0,8477.0,56604.0,0.031200000000000002,0.47750000000000004,0.47900000000000004,0.0,0.06,0.0,-0.28700000000000003,10.894
356854548,4,0,-0.036000000000000004,-0.005,-0.002,0.019,0.0,-0.047,0.0022,11.69,0.0106,57916.0,0.043500000000000004,0.0,13005.0,57032.0,0.0347,0.47750000000000004,0.47900000000000004,0.0,0.06,0.0,-0.112,10.894
356859543,4,0,0.06,-0.005,-0.006,0.018000000000000002,0.0,-0.0438,0.0017000000000000001,11.69,0.010700000000000001,57916.0,0.0407,0.0,18000.0,57032.0,0.032100000000000004,0.4763,0.47400000000000003,0.0,0.023,0.0,-0.318,10.894
356861543,4,0,-0.052000000000000005,-0.008,0.003,0.018000000000000002,0.0,-0.044000000000000004,0.0023,11.69,0.010700000000000001,57916.0,0.0407,0.0,0.0,56816.0,0.0328,0.4763,0.47400000000000003,0.0,0.023,0.0,-0.12,10.894
356865543,4,0,0.096,0.003,-0.003,0.018000000000000002,0.0,-0.046,0.0037,11.69,0.010700000000000001,57916.0,0.043500000000000004,0.0,4000.0,57032.0,0.0351,0.4763,0.47400000000000003,0.0,0.023,0.0,-0.336,10.894
356870033,4,0,-0.037,-0.019,0.015,0.019,0.0,-0.0425,0.0102,11.69,0.0103,57916.0,0.0463,0.0,8490.0,56816.0,0.0373,0.4741,0.47000000000000003,0.0,-0.026000000000000002,0.0,-0.101,10.93
356874552,4,0,-0.039,0.0,0.013000000000000001,0.019,0.0,-0.044700000000000004,0.0053,11.69,0.010400000000000001,57692.0,0.043500000000000004,0.0,13009.0,57032.0,0.0354,0.4741,0.47000000000000003,0.0,-0.026000000000000002,0.0,-0.276,10.93
356879674,4,0,0.051000000000000004,-0.002,0.025,0.02,0.0,-0.046200000000000005,0.0161,11.69,0.01,57916.0,0.0548,0.0,18131.0,57032.0,0.0441,0.47300000000000003,0.47100000000000003,0.0,-0.042,0.0,-0.14300000000000002,10.93
356882089,4,0,-0.064,-0.013000000000000001,0.022,0.02,0.0,-0.0426,0.0023,11.69,0.0099,57916.0,0.0393,0.0,0.0,56816.0,0.0317,0.47300000000000003,0.47100000000000003,0.0,-0.042,0.0,-0.089,10.93
356886544,4,0,0.024,-0.019,0.018000000000000002,0.02,0.0,-0.042100000000000005,0.0119,11.69,0.0097,57692.0,0.049100000000000005,0.0,4455.0,57032.0,0.038200000000000005,0.47300000000000003,0.47100000000000003,0.0,-0.042,0.0,0.066,10.93
356890544,4,0,-0.062,-0.022,0.004,0.021,0.0,-0.0427,0.0046,11.69,0.009600000000000001,57916.0,0.042100000000000005,0.0,8455.0,57032.0,0.0335,0.4727,0.47200000000000003,0.0,-0.041,0.0,0.026000000000000002,10.964
356895051,4,0,0.063,0.009000000000000001,0.011,0.02,0.0,-0.0446,0.0068000000000000005,11.69,0.0099,57916.0,0.0449,0.0,12962.0,56816.0,0.0363,0.4727,0.47200000000000003,0.0,-0.041,0.0,-0.155,10.964
356899542,4,0,-0.052000000000000005,-0.039,-0.003,0.02,0.0,-0.043500000000000004,0.0149,11.69,0.0099,57916.0,0.0534,0.0,17453.0,57032.0,0.0413,0.4738,0.47600000000000003,0.0,-0.009000000000000001,0.0,0.152,10.964
356901543,4,0,0.049,-0.008,-0.013000000000000001,0.02,0.0,-0.0442,0.0142,11.69,0.010100000000000001,57916.0,0.052000000000000005,0.0,0.0,56816.0,0.0413,0.4738,0.47600000000000003,0.0,-0.009000000000000001,0.0,0.022,10.964
356906058,4,0,-0.057,-0.033,0.001,0.019,0.0,-0.045000000000000005,0.0115,11.69,0.0102,57692.0,0.0506,0.0,4515.0,57032.0,0.039900000000000005,0.4738,0.47600000000000003,0.0,-0.009000000000000001,0.0,0.22,10.964
356911061,4,0,-0.029,0.022,-0.02,0.019,0.0,-0.0444,0.012400000000000001,11.69,0.0103,57916.0,0.0506,0.0,9518.0,57252.0,0.040100000000000004,0.4763,0.48100000000000004,0.0,0.043000000000000003,0.0,-0.004,10.85
356915065,4,0,0.015,-0.033,-0.008,0.019,0.0,-0.042800000000000005,0.0095,11.69,0.0103,57692.0,0.046400000000000004,0.0,13522.0,56816.0,0.0369,0.4763,0.48100000000000004,0.0,0.043000000000000003,0.0,0.106,10.85
356919553,4,0,-0.046,0.003,-0.01,0.019,0.0,-0.043300000000000005,0.0055000000000000005,11.69,0.0103,58140.0,0.0449,0.0,18010.0,57252.0,0.0345,0.4776,0.48000000000000004,0.0,0.06,0.0,0.007,10.85
356922119,4,0,0.006,-0.021,-0.003,0.019,0.0,-0.0471,0.0046,11.69,0.010400000000000001,58140.0,0.046400000000000004,0.0,0.0,56816.0,0.0366,0.4776,0.48000000000000004,0.0,0.06,0.0,0.156,10.85
356927162,4,0,-0.049,-0.008,-0.003,0.019,0.0,-0.0466,0.0037,11.69,0.0102,57692.0,0.0449,0.0,5043.0,57032.0,0.0356,0.4776,0.48000000000000004,0.0,0.06,0.0,0.137,10.85
356929677,4,0,0.035,-0.032,0.004,0.019,0.0,-0.0454,-0.0017000000000000001,11.72,0.0103,57916.0,0.039400000000000004,0.0,7558.0,57472.0,0.0309,0.4767,0.47500000000000003,0.0,0.03,0.0,0.165,10.85
356934568,4,0,-0.051000000000000004,0.006,0.011,0.02,0.0,-0.046700000000000005,0.0027,11.72,0.0102,57692.0,0.0451,0.0,12449.0,57032.0,0.035,0.4767,0.47500000000000003,0.0,0.03,0.0,0.017,10.876
356939542,4,0,0.082,0.032,-0.008,0.019,0.0,-0.0441,-0.0032,11.72,0.0103,57916.0,0.0366,0.0,17423.0,57032.0,0.028900000000000002,0.47540000000000004,0.47300000000000003,0.0,-0.002,0.0,-0.082,10.876
356942132,4,0,-0.023,-0.026000000000000002,0.013000000000000001,0.019,0.0,-0.0451,-0.002,11.72,0.0102,57916.0,0.039400000000000004,0.0,0.0,57032.0,0.030500000000000003,0.47540000000000004,0.47300000000000003,0.0,-0.002,0.0,0.026000000000000002,10.876
356947159,4,0,0.037,0.038,-0.015,0.019,0.0,-0.046700000000000005,0.0008,11.72,0.010400000000000001,57916.0,0.0437,0.0,5027.0,57252.0,0.033600000000000005,0.4746,0.47300000000000003,0.0,-0.019,0.0,-0.07,10.876
356949542,4,0,-0.039,-0.024,0.0,0.019,0.0,-0.046,0.0019,11.72,0.010400000000000001,57692.0,0.042300000000000004,0.0,7410.0,57032.0,0.0339,0.4746,0.47300000000000003,0.0,-0.019,0.0,0.05,10.876
356953542,4,0,0.077,0.051000000000000004,-0.01,0.019,0.0,-0.050100000000000006,0.0038,11.73,0.0105,57692.0,0.047900000000000005,0.0,11410.0,56816.0,0.0381,0.4746,0.47300000000000003,0.0,-0.019,0.0,-0.006,10.916
356958096,4,0,-0.001,-0.039,0.018000000000000002,0.019,0.0,-0.048100000000000004,0.0043,11.73,0.010400000000000001,57916.0,0.047900000000000005,0.0,15964.0,57252.0,0.0371,0.4747,0.47500000000000003,0.0,-0.012,0.0,0.15,10.916
356962145,4,0,0.001,0.031,-0.024,0.019,0.0,-0.0449,0.003,11.73,0.0103,58364.0,0.0437,0.0,0.0,57032.0,0.0339,0.4747,0.47500000000000003,0.0,-0.012,0.0,-0.159,10.916
356966543,4,0,0.019,-0.024,-0.015,0.019,0.0,-0.0463,0.0036000000000000003,11.73,0.010400000000000001,57916.0,0.0451,0.0,4398.0,56816.0,0.035300000000000005,0.4747,0.47500000000000003,0.0,-0.012,0.0,0.164,10.916
356970543,4,0,-0.032,0.007,-0.015,0.019,0.0,-0.0472,0.0047,11.73,0.0102,57916.0,0.0465,0.0,8398.0,57032.0,0.0367,0.47550000000000003,0.47700000000000004,0.0,0.006,0.0,-0.069,10.916
356974568,4,0,0.046,-0.004,-0.006,0.019,0.0,-0.044500000000000005,0.0028,11.73,0.0103,57916.0,0.042300000000000004,0.0,12423.0,57252.0,0.0334,0.47550000000000003,0.47700000000000004,0.0,0.006,0.0,0.093,10.992
356979675,4,0,-0.038,-0.058,0.005,0.02,0.0,-0.047,0.0046,11.73,0.010100000000000001,57916.0,0.0465,0.0,17530.0,57032.0,0.036500000000000005,0.47640000000000005,0.47800000000000004,0.0,0.023,0.0,0.001,10.992
356982196,4,0,0.042,0.019,-0.003,0.02,0.0,-0.0441,0.007,11.73,0.010100000000000001,57692.0,0.0451,0.0,0.0,56816.0,0.0361,0.47640000000000005,0.47800000000000004,0.0,0.023,0.0,-0.111,10.992
356986562,4,0,-0.024,-0.067,0.017,0.02,0.0,-0.0431,0.0047,11.73,0.010100000000000001,57916.0,0.042300000000000004,0.0,4366.0,57252.0,0.033800000000000004,0.47640000000000005,0.47800000000000004,0.0,0.023,0.0,-0.128,10.992
356991120,4,0,0.009000000000000001,0.026000000000000002,-0.01,0.019,0.0,-0.044700000000000004,0.0073,11.73,0.0102,57916.0,0.0465,0.0,8924.0,57252.0,0.0367,0.4766,0.47700000000000004,0.0,0.022,0.0,-0.11900000000000001,10.992
356995124,4,0,0.011,-0.037,0.023,0.019,0.0,-0.0463,0.009000000000000001,11.73,0.0103,58140.0,0.049300000000000004,0.0,12928.0,57252.0,0.0391,0.4766,0.47700000000000004,0.0,0.022,0.0,0.316,10.91
356999542,4,0,-0.011,-0.001,0.019,0.019,0.0,-0.044500000000000005,0.0083,11.73,0.0103,57916.0,0.0465,0.0,17346.0,56816.0,0.0373,0.47640000000000005,0.47600000000000003,0.0,0.014,0.0,0.001,10.91
357001542,4,0,-0.029,-0.067,0.033,0.019,0.0,-0.0439,0.009300000000000001,11.73,0.0103,57916.0,0.047900000000000005,0.0,0.0,57252.0,0.0376,0.47640000000000005,0.47600000000000003,0.0,0.014,0.0,0.17,10.91
357006129,4,0,-0.01,0.024,-0.006,0.019,0.0,-0.0468,0.0098,11.73,0.0102,57916.0,0.0507,0.0,4587.0,57252.0,0.04,0.47640000000000005,0.47600000000000003,0.0,0.014,0.0,-0.221,10.91
357010542,4,0,0.004,-0.023,0.014,0.019,0.0,-0.043500000000000004,0.009300000000000001,11.73,0.0102,58140.0,0.047900000000000005,0.0,9000.0,56816.0,0.0374,0.4773,0.47900000000000004,0.0,0.029,0.0,0.195,10.91
357015149,4,0,-0.04,-0.062,0.022,0.02,0.0,-0.0438,0.0083,11.77,0.010100000000000001,57916.0,0.046700000000000005,0.0,13607.0,57032.0,0.0368,0.4773,0.47900000000000004,0.0,0.029,0.0,0.07,10.922
357019552,4,0,0.021,0.062,-0.013000000000000001,0.019,0.0,-0.0465,0.0082,11.77,0.0102,57916.0,0.0495,0.0,18010.0,57252.0,0.038700000000000005,0.47890000000000005,0.48200000000000004,0.0,0.056,0.0,0.035,10.922
357022224,4,0,-0.016,-0.038,0.003,0.02,0.0,-0.0475,0.0051,11.77,0.010100000000000001,57916.0,0.0466,0.0,0.0,57252.0,0.037200000000000004,0.47890000000000005,0.48200000000000004,0.0,0.056,0.0,0.007,10.922
357026546,4,0,0.013000000000000001,0.047,-0.02,0.019,0.0,-0.044500000000000005,0.007500000000000001,11.77,0.0102,57916.0,0.046700000000000005,0.0,4322.0,57032.0,0.0368,0.47890000000000005,0.48200000000000004,0.0,0.056,0.0,-0.01,10.922
357031147,4,0,0.013000000000000001,-0.058,-0.003,0.019,0.0,-0.0456,0.0029000000000000002,11.77,0.0103,58140.0,0.0438,0.0,8923.0,57032.0,0.034300000000000004,0.4793,0.48000000000000004,0.0,0.052000000000000005,0.0,0.057,10.922
357035150,4,0,0.005,0.035,-0.021,0.019,0.0,-0.0451,0.005,11.77,0.0103,57916.0,0.045200000000000004,0.0,12926.0,57032.0,0.0354,0.4793,0.48000000000000004,0.0,0.052000000000000005,0.0,-0.307,10.837
357037382,4,0,-0.017,-0.07100000000000001,0.004,0.019,0.0,-0.0443,0.007,11.77,0.0103,58140.0,0.045200000000000004,0.0,15158.0,57472.0,0.0363,0.47850000000000004,0.47700000000000004,0.0,0.026000000000000002,0.0,-0.155,10.837
357041542,4,0,0.056,0.049,-0.024,0.019,0.0,-0.043000000000000003,0.0015,11.77,0.0105,57916.0,0.0396,0.0,0.0,57472.0,0.0315,0.47850000000000004,0.47700000000000004,0.0,0.026000000000000002,0.0,-0.145,10.837
357045543,4,0,0.014,-0.07200000000000001,0.005,0.018000000000000002,0.0,-0.046,0.0014,11.77,0.010700000000000001,57916.0,0.0424,0.0,4001.0,57032.0,0.0335,0.47850000000000004,0.47700000000000004,0.0,0.026000000000000002,0.0,-0.028,10.837
357050160,4,0,0.019,0.025,-0.004,0.018000000000000002,0.0,-0.0495,0.002,11.77,0.010700000000000001,57916.0,0.0466,0.0,8618.0,57032.0,0.036500000000000005,0.4776,0.47600000000000003,0.0,0.003,0.0,-0.298,10.837
357054567,4,0,0.028,0.006,0.014,0.018000000000000002,0.0,-0.0454,0.0045000000000000005,11.77,0.0109,57916.0,0.045200000000000004,0.0,13025.0,57252.0,0.035300000000000005,0.4776,0.47600000000000003,0.0,0.003,0.0,0.226,10.883000000000001
357059542,4,0,-0.008,-0.07200000000000001,0.016,0.018000000000000002,0.0,-0.0432,0.0033,11.77,0.0109,57916.0,0.041,0.0,18000.0,57032.0,0.0328,0.4767,0.47500000000000003,0.0,-0.016,0.0,0.063,10.883000000000001
357061542,4,0,0.008,-0.018000000000000002,0.008,0.018000000000000002,0.0,-0.043300000000000005,0.0032,11.77,0.011000000000000001,57916.0,0.0424,0.0,0.0,57032.0,0.0329,0.4767,0.47500000000000003,0.0,-0.016,0.0,0.265,10.883000000000001
357065542,4,0,0.011,-0.014,-0.002,0.018000000000000002,0.0,-0.045700000000000005,0.0011,11.77,0.011000000000000001,57916.0,0.0424,0.0,4000.0,57032.0,0.033100000000000004,0.4767,0.47500000000000003,0.0,-0.016,0.0,-0.073,10.883000000000001
357070177,4,0,0.036000000000000004,0.049,-0.007,0.018000000000000002,0.0,-0.0446,-0.0007,11.77,0.0111,58140.0,0.0396,0.0,8635.0,57032.0,0.031100000000000003,0.4761,0.47500000000000003,0.0,-0.025,0.0,0.008,10.883000000000001
357074567,4,0,-0.006,-0.068,0.01,0.017,0.0,-0.0443,0.0005,11.77,0.0112,57916.0,0.0396,0.0,13025.0,57032.0,0.0316,0.4761,0.47500000000000003,0.0,-0.025,0.0,0.082,10.86
357079675,4,0,0.013000000000000001,0.011,-0.007,0.018000000000000002,0.0,-0.0456,0.0026000000000000003,11.77,0.0111,57916.0,0.0438,0.0,18133.0,56816.0,0.0341,0.4757,0.47500000000000003,0.0,-0.028,0.0,-0.24,10.86
357082230,4,0,-0.023,-0.052000000000000005,0.009000000000000001,0.018000000000000002,0.0,-0.0442,0.0048000000000000004,11.77,0.0111,57916.0,0.0438,0.0,0.0,57032.0,0.0346,0.4757,0.47500000000000003,0.0,-0.028,0.0,0.042,10.86
357086542,4,0,0.003,0.014,-0.03,0.018000000000000002,0.0,-0.0427,0.006,11.8,0.0109,57692.0,0.044000000000000004,0.0,4312.0,56816.0,0.0344,0.4757,0.47500000000000003,0.0,-0.028,0.0,-0.552,10.86
357091189,4,0,-0.003,0.018000000000000002,-0.01,0.018000000000000002,0.0,-0.0414,0.007,11.8,0.0108,57916.0,0.0425,0.0,8959.0,57032.0,0.0342,0.47690000000000005,0.47900000000000004,0.0,0.001,0.0,-0.148,10.86
357095195,4,0,-0.041,-0.07,0.009000000000000001,0.018000000000000002,0.0,-0.0427,0.0051,11.8,0.010700000000000001,57916.0,0.0425,0.0,12965.0,57032.0,0.033800000000000004,0.47690000000000005,0.47900000000000004,0.0,0.001,0.0,-0.332,10.898
357099542,4,0,-0.012,0.042,-0.021,0.019,0.0,-0.0432,0.0105,11.8,0.0106,57916.0,0.049600000000000005,0.0,17312.0,57032.0,0.038,0.4787,0.48200000000000004,0.0,0.037,0.0,-0.106,10.898
357102243,4,0,-0.036000000000000004,-0.067,0.003,0.019,0.0,-0.042100000000000005,0.008700000000000001,11.8,0.0106,58140.0,0.0468,0.0,0.0,57252.0,0.0359,0.4787,0.48200000000000004,0.0,0.037,0.0,-0.14300000000000002,10.898
357106545,4,0,-0.01,0.037,0.002,0.019,0.0,-0.0425,0.0073,11.8,0.0105,58364.0,0.0454,0.0,4302.0,57472.0,0.0352,0.4787,0.48200000000000004,0.0,0.037,0.0,-0.08600000000000001,10.898
357111205,4,0,-0.049,-0.061,0.017,0.019,0.0,-0.0431,0.005,11.8,0.0105,57916.0,0.0425,0.0,8962.0,57252.0,0.034,0.4788,0.47900000000000004,0.0,0.032,0.0,0.013000000000000001,10.898
357115208,4,0,0.029,0.022,0.006,0.019,0.0,-0.0437,0.0074,11.81,0.010400000000000001,57916.0,0.0468,0.0,12965.0,57252.0,0.0361,0.4788,0.47900000000000004,0.0,0.032,0.0,-0.358,10.933
357117281,4,0,-0.013000000000000001,-0.066,0.035,0.019,0.0,-0.0436,0.0068000000000000005,11.81,0.0105,58140.0,0.0454,0.0,15038.0,57252.0,0.0356,0.4778,0.47600000000000003,0.0,0.006,0.0,-0.136,10.933
357122259,4,0,0.039,0.038,0.004,0.019,0.0,-0.0434,0.006,11.81,0.0105,57916.0,0.0454,0.0,0.0,57252.0,0.0349,0.4778,0.47600000000000003,0.0,0.006,0.0,-0.355,10.933
357126542,4,0,-0.043000000000000003,-0.031,0.014,0.019,0.0,-0.0443,0.0083,11.81,0.0106,57916.0,0.0468,0.0,4283.0,57252.0,0.037200000000000004,0.4778,0.47600000000000003,0.0,0.006,0.0,0.084,10.933
357131217,4,0,0.03,-0.059000000000000004,0.03,0.018000000000000002,0.0,-0.041,0.0032,11.81,0.010700000000000001,57916.0,0.0397,0.0,8958.0,57252.0,0.031200000000000002,0.4772,0.47600000000000003,0.0,-0.008,0.0,-0.222,10.933
357133351,4,0,-0.015,-0.061,0.023,0.018000000000000002,0.0,-0.0407,0.0012000000000000001,11.81,0.0108,57916.0,0.0383,0.0,11092.0,57032.0,0.0296,0.4772,0.47600000000000003,0.0,-0.008,0.0,0.167,10.911
357138223,4,0,0.04,-0.028,-0.01,0.018000000000000002,0.0,-0.0455,0.0029000000000000002,11.81,0.0109,57916.0,0.044000000000000004,0.0,15964.0,57032.0,0.034300000000000004,0.47640000000000005,0.47500000000000003,0.0,-0.022,0.0,-0.182,10.911
357142309,4,0,0.028,0.041,-0.019,0.018000000000000002,0.0,-0.045700000000000005,0.0023,11.81,0.011000000000000001,57916.0,0.0426,0.0,0.0,56816.0,0.0339,0.47640000000000005,0.47500000000000003,0.0,-0.022,0.0,0.092,10.911
357146545,4,0,0.028,-0.049,0.003,0.017,0.0,-0.0456,-0.0014,11.81,0.0111,58364.0,0.0397,0.0,4236.0,57032.0,0.031200000000000002,0.47640000000000005,0.47500000000000003,0.0,-0.022,0.0,-0.18,10.911
357151229,4,0,0.09,0.044,-0.045,0.018000000000000002,0.0,-0.0456,0.0009000000000000001,11.81,0.0111,58140.0,0.0426,0.0,8920.0,57032.0,0.0328,0.47590000000000005,0.47500000000000003,0.0,-0.027,0.0,-0.164,10.911
357155234,4,0,-0.016,-0.043000000000000003,-0.007,0.017,0.0,-0.041800000000000004,-0.002,11.81,0.0112,58364.0,0.0369,0.0,12925.0,57252.0,0.028200000000000003,0.47590000000000005,0.47500000000000003,0.0,-0.027,0.0,0.404,10.888
357157307,4,0,0.05,0.037,-0.019,0.017,0.0,-0.0413,-0.0013000000000000002,11.81,0.0112,57916.0,0.035500000000000004,0.0,14998.0,57032.0,0.028300000000000002,0.4756,0.47500000000000003,0.0,-0.028,0.0,0.271,10.888
357161543,4,0,0.011,-0.057,-0.005,0.017,0.0,-0.0453,-0.0017000000000000001,11.81,0.0114,58140.0,0.0397,0.0,0.0,56816.0,0.0308,0.4756,0.47500000000000003,0.0,-0.028,0.0,0.19,10.888
357167312,4,0,0.051000000000000004,-0.022,-0.013000000000000001,0.017,0.0,-0.046,0.0002,11.84,0.0114,57916.0,0.0413,0.0,5769.0,57032.0,0.0327,0.47540000000000004,0.47500000000000003,0.0,-0.027,0.0,-0.15,10.888
357169543,4,0,-0.022,-0.037,0.018000000000000002,0.017,0.0,-0.0455,0.0006000000000000001,11.84,0.0114,57916.0,0.0413,0.0,8000.0,57032.0,0.0325,0.47540000000000004,0.47500000000000003,0.0,-0.027,0.0,0.275,10.888
357173543,4,0,0.08600000000000001,0.024,0.001,0.017,0.0,-0.044000000000000004,-0.0013000000000000002,11.84,0.0114,58140.0,0.038400000000000004,0.0,12000.0,57252.0,0.0302,0.47540000000000004,0.47500000000000003,0.0,-0.027,0.0,-0.122,10.839
357178249,4,0,0.0,0.018000000000000002,0.0,0.017,0.0,-0.041800000000000004,0.003,11.84,0.0114,58140.0,0.0413,0.0,16706.0,57252.0,0.0317,0.4753,0.47500000000000003,0.0,-0.024,0.0,0.35100000000000003,10.839
357182299,4,0,-0.022,-0.05,0.021,0.017,0.0,-0.042100000000000005,0.0063,11.84,0.0114,58140.0,0.0441,0.0,0.0,57252.0,0.0342,0.4753,0.47500000000000003,0.0,-0.024,0.0,-0.167,10.839
357186543,4,0,0.032,0.031,0.013000000000000001,0.017,0.0,-0.0427,0.0046,11.84,0.0112,57916.0,0.0427,0.0,4244.0,57252.0,0.0334,0.4753,0.47500000000000003,0.0,-0.024,0.0,0.039,10.839
357190543,4,0,-0.075,-0.057,0.02,0.017,0.0,-0.0429,0.0044,11.84,0.011300000000000001,57916.0,0.0427,0.0,8244.0,57252.0,0.0334,0.4752,0.47500000000000003,0.0,-0.021,0.0,0.068,10.839
357194757,4,0,0.031,0.028,0.005,0.018000000000000002,0.0,-0.0432,0.011300000000000001,11.84,0.0111,58140.0,0.049800000000000004,0.0,12458.0,57252.0,0.0386,0.4752,0.47500000000000003,0.0,-0.021,0.0,0.05,10.842
357199265,4,0,-0.082,-0.02,0.022,0.018000000000000002,0.0,-0.0422,0.0023,11.84,0.011000000000000001,58592.0,0.0398,0.0,16966.0,57252.0,0.031400000000000004,0.4748,0.47400000000000003,0.0,-0.025,0.0,0.423,10.842
357203268,4,0,0.035,-0.027,-0.012,0.018000000000000002,0.0,-0.041600000000000005,0.007200000000000001,11.84,0.011000000000000001,57916.0,0.0455,0.0,0.0,57472.0,0.0345,0.4748,0.47400000000000003,0.0,-0.025,0.0,-0.275,10.842
357207378,4,0,-0.032,0.008,-0.001,0.018000000000000002,0.0,-0.0431,0.0036000000000000003,11.84,0.011000000000000001,57916.0,0.0413,0.0,4110.0,57472.0,0.033,0.4752,0.47600000000000003,0.0,-0.011,0.0,0.095,10.842
357209540,4,0,0.053,0.012,-0.001,0.018000000000000002,0.0,-0.043300000000000005,0.006,11.84,0.011000000000000001,58140.0,0.0455,0.0,6272.0,57252.0,0.0349,0.4752,0.47600000000000003,0.0,-0.011,0.0,-0.28,10.842
357213540,4,0,-0.07,-0.031,0.011,0.017,0.0,-0.041600000000000005,0.008,11.84,0.0111,57916.0,0.0441,0.0,10272.0,57252.0,0.035,0.4752,0.47600000000000003,0.0,-0.011,0.0,0.224,10.842
357217564,4,0,0.064,0.002,-0.018000000000000002,0.017,0.0,-0.0441,0.0049,11.84,0.0112,58364.0,0.0441,0.0,14296.0,57472.0,0.0347,0.4762,0.47800000000000004,0.0,0.011,0.0,-0.15,10.872
357222367,4,0,-0.002,0.027,-0.008,0.017,0.0,-0.0442,0.0061,11.84,0.0112,58140.0,0.0455,0.0,0.0,57252.0,0.0356,0.4762,0.47800000000000004,0.0,0.011,0.0,0.291,10.872
357226540,4,0,-0.006,-0.041,0.002,0.017,0.0,-0.0422,0.0031000000000000003,11.84,0.0114,57916.0,0.0413,0.0,4173.0,56816.0,0.032,0.4762,0.47800000000000004,0.0,0.011,0.0,-0.024,10.872
357230802,4,0,0.032,0.024,-0.014,0.017,0.0,-0.043500000000000004,-0.0044,11.84,0.0115,58364.0,0.0356,0.0,8435.0,56816.0,0.027700000000000002,0.4772,0.47900000000000004,0.0,0.028,0.0,0.168,10.872
357233289,4,0,0.023,0.013000000000000001,-0.002,0.016,0.0,-0.050800000000000005,-0.00030000000000000003,11.84,0.0117,57916.0,0.0455,0.0,10922.0,57252.0,0.0357,0.4772,0.47900000000000004,0.0,0.028,0.0,0.105,10.872
357237354,4,0,0.109,0.051000000000000004,-0.002,0.016,0.0,-0.049100000000000005,-0.008400000000000001,11.85,0.0117,58140.0,0.037000000000000005,0.0,14987.0,57252.0,0.028800000000000003,0.47850000000000004,0.48100000000000004,0.0,0.049,0.0,0.253,10.843
357241541,4,0,-0.015,-0.021,0.007,0.016,0.0,-0.0417,-0.0055000000000000005,11.88,0.012,58364.0,0.0328,0.0,0.0,57472.0,0.0256,0.47850000000000004,0.48100000000000004,0.0,0.049,0.0,0.14,10.843
357246544,4,0,0.147,0.003,-0.005,0.015,0.0,-0.043300000000000005,-0.0032,11.88,0.012100000000000001,58140.0,0.0371,0.0,5003.0,57472.0,0.0284,0.47850000000000004,0.48100000000000004,0.0,0.049,0.0,-0.299,10.843
357249297,4,0,-0.02,-0.015,0.016,0.015,0.0,-0.0438,-0.0109,11.88,0.0122,58364.0,0.030000000000000002,0.0,7756.0,57252.0,0.0233,0.47900000000000004,0.48000000000000004,0.0,0.05,0.0,0.082,10.843
357253302,4,0,0.106,0.008,-0.01,0.015,0.0,-0.046200000000000005,0.0,11.88,0.0123,58140.0,0.0414,0.0,11761.0,57032.0,0.0327,0.47900000000000004,0.48000000000000004,0.0,0.05,0.0,-0.226,10.843
357257374,4,0,-0.034,-0.008,-0.011,0.015,0.0,-0.0454,-0.0043,11.88,0.0123,58140.0,0.0371,0.0,15833.0,57032.0,0.0291,0.47900000000000004,0.47900000000000004,0.0,0.04,0.0,0.211,10.908
357261549,4,0,0.105,0.001,-0.018000000000000002,0.015,0.0,-0.0456,-0.0054,11.88,0.012400000000000001,58140.0,0.0371,0.0,0.0,57252.0,0.0284,0.47900000000000004,0.47900000000000004,0.0,0.04,0.0,-0.06,10.908
357266543,4,0,0.052000000000000005,-0.004,-0.018000000000000002,0.015,0.0,-0.045200000000000004,-0.0014,11.88,0.0122,58364.0,0.04,0.0,4994.0,57252.0,0.031,0.47900000000000004,0.47900000000000004,0.0,0.04,0.0,0.002,10.908
357270544,4,0,-0.111,-0.035,-0.014,0.016,0.0,-0.0413,0.0051,11.88,0.012,58592.0,0.0414,0.0,8995.0,57252.0,0.0328,0.4773,0.47400000000000003,0.0,-0.003,0.0,-0.107,10.908
357273313,4,0,0.03,-0.012,-0.01,0.016,0.0,-0.043000000000000003,0.0013000000000000002,11.88,0.0118,57916.0,0.04,0.0,11764.0,56816.0,0.0313,0.4773,0.47400000000000003,0.0,-0.003,0.0,0.096,10.908
357277389,4,0,-0.09,-0.02,0.004,0.016,0.0,-0.044500000000000005,-0.0005,11.88,0.0118,58140.0,0.04,0.0,15840.0,57252.0,0.031100000000000003,0.47440000000000004,0.46900000000000003,0.0,-0.06,0.0,0.03,10.842
357282366,4,0,0.06,-0.005,-0.019,0.017,0.0,-0.045000000000000005,0.0109,11.88,0.011600000000000001,58140.0,0.0514,0.0,0.0,57472.0,0.0395,0.47440000000000004,0.46900000000000003,0.0,-0.06,0.0,-0.15,10.842
357286543,4,0,-0.105,-0.023,0.015,0.017,0.0,-0.0408,-0.0007,11.88,0.0114,58140.0,0.0371,0.0,4177.0,57252.0,0.028300000000000002,0.47440000000000004,0.46900000000000003,0.0,-0.06,0.0,0.145,10.842
357290543,4,0,0.02,-0.013000000000000001,0.013000000000000001,0.017,0.0,-0.0417,0.0099,11.88,0.0114,58140.0,0.0471,0.0,8177.0,57252.0,0.036500000000000005,0.47350000000000003,0.47200000000000003,0.0,-0.065,0.0,-0.264,10.842
357294546,4,0,-0.054,-0.023,0.016,0.017,0.0,-0.0409,0.0039000000000000003,11.88,0.0112,58140.0,0.0414,0.0,12180.0,57032.0,0.0317,0.47350000000000003,0.47200000000000003,0.0,-0.065,0.0,0.095,10.842
357297403,4,0,0.042,0.003,0.023,0.017,0.0,-0.0432,0.005200000000000001,11.88,0.011300000000000001,58140.0,0.042800000000000005,0.0,15037.0,57252.0,0.0342,0.4737,0.47400000000000003,0.0,-0.049,0.0,-0.194,10.901
357302381,4,0,-0.012,-0.016,0.026000000000000002,0.017,0.0,-0.0426,0.008400000000000001,11.88,0.011300000000000001,57916.0,0.045700000000000005,0.0,0.0,57252.0,0.036000000000000004,0.4737,0.47400000000000003,0.0,-0.049,0.0,-0.008,10.901
357306544,4,0,-0.059000000000000004,-0.001,0.013000000000000001,0.017,0.0,-0.0438,0.0098,11.88,0.0114,58140.0,0.0485,0.0,4163.0,57252.0,0.0379,0.4737,0.47400000000000003,0.0,-0.049,0.0,-0.216,10.901
357310544,4,0,0.009000000000000001,-0.002,0.017,0.017,0.0,-0.0443,0.0112,11.88,0.011300000000000001,58140.0,0.05,0.0,8163.0,57252.0,0.0393,0.47490000000000004,0.47700000000000004,0.0,-0.016,0.0,-0.179,10.901
357313344,4,0,-0.027,0.016,0.011,0.017,0.0,-0.045200000000000004,0.0083,11.88,0.0112,58140.0,0.0485,0.0,10963.0,56816.0,0.0378,0.47490000000000004,0.47700000000000004,0.0,-0.016,0.0,-0.248,10.901
357317432,4,0,0.004,-0.006,0.002,0.018000000000000002,0.0,-0.045200000000000004,0.007,11.92,0.0111,58140.0,0.0473,0.0,15051.0,57252.0,0.0369,0.4767,0.48000000000000004,0.0,0.023,0.0,-0.012,10.887
357322396,4,0,-0.068,-0.021,-0.004,0.018000000000000002,0.0,-0.0436,0.0064,11.92,0.011000000000000001,58140.0,0.0458,0.0,0.0,57032.0,0.0354,0.4767,0.48000000000000004,0.0,0.023,0.0,0.009000000000000001,10.887
357327462,4,0,0.005,0.033,-0.021,0.018000000000000002,0.0,-0.045700000000000005,0.0048000000000000004,11.92,0.0111,58140.0,0.0458,0.0,5066.0,56816.0,0.0357,0.4782,0.48100000000000004,0.0,0.049,0.0,-0.263,10.887
357329675,4,0,-0.057,0.0,-0.015,0.018000000000000002,0.0,-0.047400000000000005,0.004200000000000001,11.92,0.011000000000000001,58364.0,0.0473,0.0,7279.0,57472.0,0.036500000000000005,0.4782,0.48100000000000004,0.0,0.049,0.0,-0.095,10.887
357334544,4,0,0.028,0.038,-0.027,0.017,0.0,-0.0465,0.0012000000000000001,11.92,0.0111,58364.0,0.0444,0.0,12148.0,57472.0,0.033800000000000004,0.4782,0.48100000000000004,0.0,0.049,0.0,-0.23600000000000002,10.887
357339359,4,0,0.092,-0.012,-0.011,0.018000000000000002,0.0,-0.045700000000000005,0.001,11.92,0.011000000000000001,58364.0,0.043000000000000003,0.0,16963.0,57032.0,0.033100000000000004,0.4792,0.48100000000000004,0.0,0.059000000000000004,0.0,-0.037,10.888
357341361,4,0,0.088,0.033,-0.025,0.018000000000000002,0.0,-0.0454,-0.0037,11.92,0.0111,58140.0,0.038700000000000005,0.0,0.0,57252.0,0.029500000000000002,0.4792,0.48100000000000004,0.0,0.059000000000000004,0.0,-0.186,10.888
357345366,4,0,-0.007,-0.02,-0.011,0.018000000000000002,0.0,-0.0475,0.0031000000000000003,11.92,0.011000000000000001,58364.0,0.0458,0.0,4005.0,57032.0,0.0357,0.4792,0.48100000000000004,0.0,0.059000000000000004,0.0,0.015,10.888
357349543,4,0,0.037,0.046,-0.016,0.018000000000000002,0.0,-0.047900000000000005,0.0014,11.92,0.0111,58140.0,0.0458,0.0,8182.0,57032.0,0.0349,0.4798,0.48100000000000004,0.0,0.06,0.0,-0.196,10.888
357353568,4,0,0.039,-0.003,0.008,0.018000000000000002,0.0,-0.0485,0.0014,11.92,0.0111,58592.0,0.0458,0.0,12207.0,57472.0,0.035300000000000005,0.4798,0.48100000000000004,0.0,0.06,0.0,0.053,10.888
357358528,4,0,-0.049,0.0,0.001,0.018000000000000002,0.0,-0.0477,0.0023,11.92,0.011000000000000001,58364.0,0.0444,0.0,17167.0,57252.0,0.0354,0.4792,0.47800000000000004,0.0,0.035,0.0,-0.098,10.831
357362543,4,0,0.075,0.038,-0.002,0.018000000000000002,0.0,-0.044500000000000005,0.0024000000000000002,11.92,0.011000000000000001,58140.0,0.043000000000000003,0.0,0.0,57252.0,0.033100000000000004,0.4792,0.47800000000000004,0.0,0.035,0.0,-0.115,10.831
357367492,4,0,-0.016,-0.038,0.025,0.018000000000000002,0.0,-0.045200000000000004,0.0037,11.92,0.0108,58140.0,0.0444,0.0,4949.0,57472.0,0.0346,0.4777,0.47500000000000003,0.0,-0.001,0.0,0.035,10.831
357369541,4,0,0.074,0.029,0.008,0.018000000000000002,0.0,-0.0455,0.0022,11.92,0.0108,58364.0,0.043000000000000003,0.0,6998.0,56816.0,0.0337,0.4777,0.47500000000000003,0.0,-0.001,0.0,0.024,10.831
357374506,4,0,-0.023,-0.046,0.013000000000000001,0.018000000000000002,0.0,-0.0459,0.0019,11.92,0.010700000000000001,58364.0,0.043000000000000003,0.0,11963.0,57472.0,0.033800000000000004,0.4777,0.47500000000000003,0.0,-0.001,0.0,0.17500000000000002,10.831
357378543,4,0,0.018000000000000002,0.047,-0.003,0.018000000000000002,0.0,-0.0453,0.0061,11.92,0.0108,58140.0,0.0473,0.0,16000.0,57252.0,0.0364,0.4778,0.47800000000000004,0.0,0.001,0.0,-0.146,10.922
357383392,4,0,0.055,0.002,-0.006,0.018000000000000002,0.0,-0.0466,0.0037,11.92,0.010700000000000001,58140.0,0.0458,0.0,0.0,57472.0,0.035500000000000004,0.4778,0.47800000000000004,0.0,0.001,0.0,0.069,10.922
357385543,4,0,0.043000000000000003,0.048,-0.021,0.018000000000000002,0.0,-0.0459,0.0034000000000000002,11.92,0.010700000000000001,58364.0,0.0444,0.0,2151.0,57252.0,0.0349,0.4778,0.47800000000000004,0.0,0.001,0.0,-0.136,10.922
357389549,4,0,-0.03,-0.045,0.004,0.019,0.0,-0.0456,0.0055000000000000005,11.92,0.0106,58140.0,0.0458,0.0,6157.0,57472.0,0.0361,0.47890000000000005,0.48100000000000004,0.0,0.023,0.0,-0.018000000000000002,10.922
357394544,4,0,-0.035,-0.017,-0.006,0.019,0.0,-0.0436,0.0083,11.96,0.0105,58140.0,0.047400000000000005,0.0,11152.0,57032.0,0.0367,0.47890000000000005,0.48100000000000004,0.0,0.023,0.0,-0.012,10.922
357397510,4,0,0.019,-0.028,-0.001,0.018000000000000002,0.0,-0.0436,0.0076,11.96,0.010700000000000001,58364.0,0.047400000000000005,0.0,14118.0,57252.0,0.0362,0.47900000000000004,0.47900000000000004,0.0,0.019,0.0,0.20400000000000001,10.858
357401543,4,0,-0.029,0.002,-0.012,0.018000000000000002,0.0,-0.0456,0.007500000000000001,11.96,0.010700000000000001,58592.0,0.0488,0.0,0.0,57032.0,0.0375,0.47900000000000004,0.47900000000000004,0.0,0.019,0.0,-0.1,10.858
357405543,4,0,0.025,0.024,-0.014,0.018000000000000002,0.0,-0.0475,0.0078000000000000005,11.96,0.010700000000000001,58364.0,0.050300000000000004,0.0,4000.0,57252.0,0.0391,0.47900000000000004,0.47900000000000004,0.0,0.019,0.0,-0.014,10.858
357410449,4,0,-0.043000000000000003,-0.053,0.013000000000000001,0.019,0.0,-0.0465,0.0073,11.96,0.0106,58364.0,0.050300000000000004,0.0,8906.0,57472.0,0.0381,0.47790000000000005,0.47600000000000003,0.0,-0.005,0.0,0.07200000000000001,10.858
357414506,4,0,0.013000000000000001,0.051000000000000004,-0.004,0.019,0.0,-0.044500000000000005,0.0061,11.96,0.0105,58140.0,0.046,0.0,12963.0,57472.0,0.0358,0.47790000000000005,0.47600000000000003,0.0,-0.005,0.0,0.05,10.858
357418549,4,0,-0.03,-0.056,0.016,0.019,0.0,-0.0444,0.006500000000000001,11.96,0.0105,58140.0,0.046,0.0,17006.0,57032.0,0.036000000000000004,0.47790000000000005,0.47800000000000004,0.0,-0.004,0.0,0.271,10.848
357421588,4,0,0.021,0.04,0.001,0.019,0.0,-0.0455,0.006200000000000001,11.96,0.0105,58140.0,0.047400000000000005,0.0,0.0,57252.0,0.036500000000000005,0.47790000000000005,0.47800000000000004,0.0,-0.004,0.0,0.197,10.848
357426420,4,0,0.0,-0.009000000000000001,0.019,0.019,0.0,-0.0485,0.0044,11.96,0.010400000000000001,58140.0,0.0488,0.0,4832.0,57472.0,0.0374,0.47790000000000005,0.47800000000000004,0.0,-0.004,0.0,0.211,10.848
357430506,4,0,-0.025,0.004,0.012,0.019,0.0,-0.047,0.0049,11.96,0.0102,58592.0,0.047400000000000005,0.0,8918.0,57472.0,0.0367,0.4783,0.47900000000000004,0.0,0.004,0.0,-0.063,10.848
357435464,4,0,0.023,0.074,-0.003,0.019,0.0,-0.049600000000000005,0.0055000000000000005,11.96,0.010100000000000001,58364.0,0.050300000000000004,0.0,13876.0,57252.0,0.038900000000000004,0.4783,0.47900000000000004,0.0,0.004,0.0,0.077,10.848
357437543,4,0,-0.011,0.016,0.003,0.02,0.0,-0.0478,0.0045000000000000005,11.96,0.01,58364.0,0.047400000000000005,0.0,15955.0,57252.0,0.037000000000000005,0.4782,0.47800000000000004,0.0,0.001,0.0,-0.083,10.813
357442522,4,0,0.025,0.051000000000000004,0.004,0.02,0.0,-0.045000000000000005,0.0039000000000000003,11.96,0.01,58140.0,0.044500000000000005,0.0,0.0,57252.0,0.0345,0.4782,0.47800000000000004,0.0,0.001,0.0,-0.005,10.813
357445475,4,0,-0.036000000000000004,-0.036000000000000004,-0.002,0.02,0.0,-0.0459,0.006,11.96,0.01,58364.0,0.047400000000000005,0.0,2953.0,57252.0,0.0367,0.4782,0.47800000000000004,0.0,0.001,0.0,-0.262,10.813
357450478,4,0,0.015,0.06,-0.026000000000000002,0.02,0.0,-0.0471,0.0055000000000000005,11.96,0.0099,58140.0,0.0488,0.0,7956.0,57252.0,0.037200000000000004,0.47740000000000005,0.47600000000000003,0.0,-0.014,0.0,-0.127,10.813
357454571,4,0,-0.013000000000000001,-0.06,0.014,0.02,0.0,-0.048,-0.0002,11.96,0.01,58140.0,0.044500000000000005,0.0,12049.0,57472.0,0.033800000000000004,0.47740000000000005,0.47600000000000003,0.0,-0.014,0.0,0.182,10.813
357457558,4,0,0.005,0.058,-0.022,0.02,0.0,-0.047400000000000005,0.0039000000000000003,11.96,0.0099,58364.0,0.046,0.0,15036.0,57472.0,0.0363,0.47690000000000005,0.47600000000000003,0.0,-0.022,0.0,0.057,10.876
357462536,4,0,-0.012,-0.034,-0.015,0.02,0.0,-0.047400000000000005,0.0036000000000000003,11.96,0.01,58592.0,0.046,0.0,0.0,57252.0,0.0361,0.47690000000000005,0.47600000000000003,0.0,-0.022,0.0,0.154,10.876
357465491,4,0,0.009000000000000001,0.049,-0.022,0.02,0.0,-0.0471,0.0013000000000000002,11.96,0.0098,58140.0,0.044500000000000005,0.0,2955.0,57472.0,0.0342,0.47690000000000005,0.47600000000000003,0.0,-0.022,0.0,-0.151,10.876
357470495,4,0,0.006,0.006,-0.003,0.02,0.0,-0.0463,0.0027,11.99,0.0099,58592.0,0.044700000000000004,0.0,7959.0,57472.0,0.0346,0.4763,0.47500000000000003,0.0,-0.031,0.0,0.263,10.876
357475498,4,0,-0.031,-0.061,-0.003,0.02,0.0,-0.046900000000000004,0.0039000000000000003,11.99,0.0099,58140.0,0.0461,0.0,12962.0,57252.0,0.0359,0.4763,0.47500000000000003,0.0,-0.031,0.0,0.06,10.876
357477573,4,0,-0.009000000000000001,-0.006,0.002,0.02,0.0,-0.0461,0.0048000000000000004,11.99,0.0099,58140.0,0.0461,0.0,15037.0,57252.0,0.036000000000000004,0.4762,0.47600000000000003,0.0,-0.026000000000000002,0.0,0.309,10.82
357482550,4,0,-0.012,-0.05,0.026000000000000002,0.02,0.0,-0.0466,0.0015,11.99,0.0098,58140.0,0.044700000000000004,0.0,0.0,57472.0,0.034,0.4762,0.47600000000000003,0.0,-0.026000000000000002,0.0,0.14,10.82
357485553,4,0,-0.01,-0.003,0.011,0.02,0.0,-0.0476,0.0031000000000000003,11.99,0.0098,58592.0,0.0461,0.0,3003.0,57472.0,0.0358,0.4762,0.47600000000000003,0.0,-0.026000000000000002,0.0,0.331,10.82
357490508,4,0,-0.02,-0.065,0.02,0.02,0.0,-0.043500000000000004,0.0044,11.99,0.0097,58364.0,0.044700000000000004,0.0,7958.0,57472.0,0.0339,0.4761,0.47600000000000003,0.0,-0.022,0.0,0.281,10.82
357495517,4,0,0.02,0.007,0.008,0.021,0.0,-0.0458,0.0038,11.99,0.009600000000000001,58140.0,0.044700000000000004,0.0,12967.0,57472.0,0.0351,0.4761,0.47600000000000003,0.0,-0.022,0.0,-0.042,10.82
357497627,4,0,-0.02,-0.066,0.018000000000000002,0.02,0.0,-0.044700000000000004,0.0051,12.0,0.0097,58140.0,0.044700000000000004,0.0,15077.0,57472.0,0.035300000000000005,0.47540000000000004,0.47400000000000003,0.0,-0.033,0.0,0.169,10.859
357502565,4,0,0.022,0.013000000000000001,-0.009000000000000001,0.021,0.0,-0.0436,0.0056,12.0,0.009600000000000001,58140.0,0.0461,0.0,0.0,57032.0,0.034800000000000005,0.47540000000000004,0.47400000000000003,0.0,-0.033,0.0,-0.316,10.859
357505519,4,0,-0.01,-0.053,0.021,0.02,0.0,-0.045000000000000005,0.0026000000000000003,12.0,0.0097,58364.0,0.044700000000000004,0.0,2954.0,57252.0,0.033600000000000005,0.47540000000000004,0.47400000000000003,0.0,-0.033,0.0,0.096,10.859
357510522,4,0,0.019,-0.013000000000000001,-0.004,0.021,0.0,-0.0466,0.004200000000000001,12.0,0.009600000000000001,58592.0,0.0476,0.0,7957.0,57472.0,0.0359,0.4742,0.47200000000000003,0.0,-0.05,0.0,-0.169,10.859
357515527,4,0,0.022,0.047,-0.016,0.021,0.0,-0.045000000000000005,0.0051,12.0,0.009600000000000001,58140.0,0.0461,0.0,12962.0,57472.0,0.0354,0.4742,0.47200000000000003,0.0,-0.05,0.0,-0.098,10.859
357517554,4,0,0.029,0.029,-0.013000000000000001,0.021,0.0,-0.0444,0.0053,12.0,0.009600000000000001,58364.0,0.044700000000000004,0.0,14989.0,57252.0,0.0351,0.4742,0.47200000000000003,0.0,-0.05,0.0,-0.269,10.856
357522580,4,0,0.025,0.041,-0.011,0.02,0.0,-0.0442,0.0044,12.0,0.0097,58140.0,0.044700000000000004,0.0,0.0,57472.0,0.0344,0.4741,0.47400000000000003,0.0,-0.041,0.0,-0.299,10.856
357525533,4,0,0.006,-0.049,-0.011,0.02,0.0,-0.043500000000000004,0.0045000000000000005,12.0,0.0097,58592.0,0.044700000000000004,0.0,2953.0,57252.0,0.0339,0.4741,0.47400000000000003,0.0,-0.041,0.0,-0.41300000000000003,10.856
357529678,4,0,0.018000000000000002,0.045,-0.017,0.021,0.0,-0.045700000000000005,0.005,12.0,0.009600000000000001,58364.0,0.0461,0.0,7098.0,57472.0,0.0359,0.47440000000000004,0.47500000000000003,0.0,-0.027,0.0,-0.14100000000000001,10.856
357535553,4,0,-0.01,0.008,0.001,0.021,0.0,-0.0458,0.0041,12.0,0.009600000000000001,58140.0,0.0461,0.0,12973.0,57472.0,0.035300000000000005,0.47440000000000004,0.47500000000000003,0.0,-0.027,0.0,0.381,10.856
357537614,4,0,0.035,0.049,-0.015,0.021,0.0,-0.0459,0.0048000000000000004,12.0,0.009600000000000001,58364.0,0.0461,0.0,15034.0,57472.0,0.0358,0.4746,0.47500000000000003,0.0,-0.017,0.0,0.013000000000000001,10.908
357542590,4,0,-0.02,-0.012,0.007,0.021,0.0,-0.0434,0.0054,12.0,0.009600000000000001,58140.0,0.044700000000000004,0.0,0.0,57472.0,0.0345,0.4746,0.47500000000000003,0.0,-0.017,0.0,0.176,10.908
357545547,4,0,0.048,0.021,-0.005,0.021,0.0,-0.0436,0.004,12.0,0.009600000000000001,58364.0,0.044700000000000004,0.0,2957.0,57252.0,0.0337,0.4746,0.47500000000000003,0.0,-0.017,0.0,-0.314,10.908
357550675,4,0,0.006,0.03,-0.003,0.02,0.0,-0.0459,0.0036000000000000003,12.030000000000001,0.0097,58140.0,0.0448,0.0,8085.0,57472.0,0.035,0.4748,0.47500000000000003,0.0,-0.011,0.0,0.008,10.908
357553579,4,0,0.041,-0.005,0.005,0.02,0.0,-0.0454,0.0037,12.030000000000001,0.0097,58140.0,0.0448,0.0,10989.0,57252.0,0.0347,0.4748,0.47500000000000003,0.0,-0.011,0.0,-0.294,10.908
357559557,4,0,0.058,0.036000000000000004,0.001,0.02,0.0,-0.0449,0.0033,12.030000000000001,0.0097,58140.0,0.0448,0.0,16967.0,57472.0,0.034,0.4752,0.47600000000000003,0.0,0.0,0.0,-0.196,10.865
357561559,4,0,0.026000000000000002,-0.044,0.012,0.02,0.0,-0.0432,0.0022,12.030000000000001,0.0097,58592.0,0.0405,0.0,0.0,57472.0,0.032100000000000004,0.4752,0.47600000000000003,0.0,0.0,0.0,-0.234,10.865
357565562,4,0,0.028,0.021,-0.014,0.02,0.0,-0.0414,0.0025,12.030000000000001,0.0098,58364.0,0.0405,0.0,4003.0,57472.0,0.031100000000000003,0.4752,0.47600000000000003,0.0,0.0,0.0,-0.108,10.865
357570572,4,0,-0.029,-0.038,0.013000000000000001,0.02,0.0,-0.046,0.0035,12.030000000000001,0.0099,58592.0,0.0448,0.0,9013.0,57472.0,0.035,0.4758,0.47700000000000004,0.0,0.012,0.0,0.08600000000000001,10.865
357575568,4,0,0.045,-0.024,0.002,0.02,0.0,-0.0437,0.0007,12.030000000000001,0.01,58592.0,0.0405,0.0,14009.0,57692.0,0.031400000000000004,0.4758,0.47700000000000004,0.0,0.012,0.0,-0.193,10.865
357577642,4,0,-0.016,-0.044,0.008,0.02,0.0,-0.043300000000000005,0.0,12.030000000000001,0.01,58364.0,0.0405,0.0,16083.0,57472.0,0.030600000000000002,0.4762,0.47700000000000004,0.0,0.018000000000000002,0.0,0.157,10.865
357582432,4,0,0.068,0.005,-0.016,0.02,0.0,-0.0427,0.0004,12.030000000000001,0.010100000000000001,58592.0,0.039,0.0,0.0,57472.0,0.030500000000000003,0.4762,0.47700000000000004,0.0,0.018000000000000002,0.0,-0.08,10.84
357586576,4,0,0.004,0.006,-0.007,0.019,0.0,-0.043300000000000005,0.001,12.030000000000001,0.0102,58592.0,0.0419,0.0,4144.0,57472.0,0.0313,0.4762,0.47700000000000004,0.0,0.018000000000000002,0.0,0.263,10.84
357590579,4,0,0.022,-0.044,-0.004,0.019,0.0,-0.0429,-0.0002,12.030000000000001,0.0103,58364.0,0.039,0.0,8147.0,57252.0,0.0302,0.47650000000000003,0.47700000000000004,0.0,0.02,0.0,-0.078,10.84
357595582,4,0,0.07100000000000001,0.008,-0.012,0.019,0.0,-0.0414,-0.0018000000000000002,12.030000000000001,0.0105,58364.0,0.0361,0.0,13150.0,57252.0,0.028,0.47650000000000003,0.47700000000000004,0.0,0.02,0.0,-0.093,10.84
357597655,4,0,0.021,-0.041,0.0,0.019,0.0,-0.042100000000000005,0.0002,12.030000000000001,0.0106,58364.0,0.039,0.0,15223.0,57472.0,0.029900000000000003,0.4763,0.47600000000000003,0.0,0.012,0.0,-0.093,10.84
357602634,4,0,0.067,0.012,-0.007,0.019,0.0,-0.0426,-0.0002,12.030000000000001,0.0106,58140.0,0.039,0.0,0.0,57252.0,0.030000000000000002,0.4763,0.47600000000000003,0.0,0.012,0.0,-0.151,10.806000000000001
357605589,4,0,-0.04,-0.048,0.0,0.018000000000000002,0.0,-0.0427,0.0025,12.030000000000001,0.0106,58592.0,0.0419,0.0,2955.0,57472.0,0.032,0.4763,0.47600000000000003,0.0,0.012,0.0,-0.176,10.806000000000001
357610592,4,0,0.07,-0.011,-0.008,0.018000000000000002,0.0,-0.0405,0.0004,12.030000000000001,0.0106,58364.0,0.0376,0.0,7958.0,57252.0,0.029,0.47590000000000005,0.47500000000000003,0.0,0.001,0.0,-0.28700000000000003,10.806000000000001
357614734,4,0,-0.078,-0.026000000000000002,0.011,0.019,0.0,-0.0422,0.0036000000000000003,12.030000000000001,0.0105,58364.0,0.0419,0.0,12100.0,57692.0,0.0324,0.47590000000000005,0.47500000000000003,0.0,0.001,0.0,0.212,10.806000000000001
357617668,4,0,0.079,0.007,-0.002,0.019,0.0,-0.0441,0.0013000000000000002,12.030000000000001,0.0106,58592.0,0.0419,0.0,15034.0,57252.0,0.032100000000000004,0.4752,0.47400000000000003,0.0,-0.013000000000000001,0.0,-0.032,10.806000000000001
357623600,4,0,0.024,0.007,0.007,0.019,0.0,-0.0417,0.004,12.07,0.0105,58592.0,0.043500000000000004,0.0,0.0,57472.0,0.0323,0.4752,0.47400000000000003,0.0,-0.013000000000000001,0.0,0.084,10.834
357625603,4,0,0.066,-0.022,-0.002,0.019,0.0,-0.040400000000000005,0.0024000000000000002,12.07,0.0106,58140.0,0.0392,0.0,2003.0,57252.0,0.0303,0.4752,0.47400000000000003,0.0,-0.013000000000000001,0.0,-0.29,10.834
357629684,4,0,-0.048,-0.023,0.007,0.019,0.0,-0.038900000000000004,-0.0004,12.07,0.0106,58364.0,0.0363,0.0,6084.0,57692.0,0.0273,0.4741,0.47200000000000003,0.0,-0.033,0.0,0.222,10.834
357635609,4,0,-0.083,-0.042,0.013000000000000001,0.018000000000000002,0.0,-0.040600000000000004,0.0013000000000000002,12.07,0.010700000000000001,58140.0,0.0392,0.0,12009.0,57472.0,0.0297,0.4741,0.47200000000000003,0.0,-0.033,0.0,0.383,10.834
357637683,4,0,0.003,-0.011,0.004,0.018000000000000002,0.0,-0.0398,0.0014,12.07,0.010700000000000001,58592.0,0.037700000000000004,0.0,14083.0,57472.0,0.0291,0.4741,0.47400000000000003,0.0,-0.027,0.0,0.508,10.834
357642658,4,0,-0.078,-0.036000000000000004,0.01,0.018000000000000002,0.0,-0.0412,0.0015,12.07,0.0109,58592.0,0.0392,0.0,0.0,57472.0,0.0302,0.4741,0.47400000000000003,0.0,-0.027,0.0,0.217,10.814
357645591,4,0,-0.02,-0.011,0.005,0.018000000000000002,0.0,-0.0407,0.0022,12.07,0.0109,58140.0,0.0392,0.0,2933.0,57472.0,0.0303,0.4741,0.47400000000000003,0.0,-0.027,0.0,0.217,10.814
357650621,4,0,-0.076,-0.025,-0.003,0.018000000000000002,0.0,-0.0405,-0.0002,12.07,0.0111,58364.0,0.037700000000000004,0.0,7963.0,57252.0,0.0285,0.47440000000000004,0.47500000000000003,0.0,-0.015,0.0,0.223,10.814
357655625,4,0,0.032,-0.02,0.0,0.017,0.0,-0.042100000000000005,0.0016,12.07,0.0112,58592.0,0.040600000000000004,0.0,12967.0,57472.0,0.0309,0.47440000000000004,0.47500000000000003,0.0,-0.015,0.0,-0.019,10.814
357657692,4,0,-0.042,-0.018000000000000002,0.008,0.017,0.0,-0.041800000000000004,-0.0037,12.07,0.0112,58592.0,0.0363,0.0,15034.0,57692.0,0.0269,0.4757,0.47800000000000004,0.0,0.014,0.0,0.256,10.814
357662675,4,0,0.047,-0.025,-0.004,0.017,0.0,-0.0393,-0.0013000000000000002,12.07,0.0114,58364.0,0.034800000000000005,0.0,0.0,57472.0,0.0269,0.4757,0.47800000000000004,0.0,0.014,0.0,-0.209,10.802
357665631,4,0,-0.033,-0.021,-0.009000000000000001,0.017,0.0,-0.0391,-0.0004,12.07,0.0114,58364.0,0.0363,0.0,2956.0,57252.0,0.0273,0.4757,0.47800000000000004,0.0,0.014,0.0,0.053,10.802
357670634,4,0,0.015,-0.02,0.006,0.016,0.0,-0.0412,-0.0038,12.07,0.0117,58140.0,0.034800000000000005,0.0,7959.0,57472.0,0.0264,0.4772,0.48000000000000004,0.0,0.041,0.0,-0.159,10.802
357675637,4,0,0.105,-0.003,-0.009000000000000001,0.016,0.0,-0.0412,-0.0032,12.07,0.0118,58708.0,0.034800000000000005,0.0,12962.0,57252.0,0.0269,0.4772,0.48000000000000004,0.0,0.041,0.0,-0.191,10.802
357678790,4,0,-0.022,-0.018000000000000002,-0.005,0.016,0.0,-0.041100000000000005,-0.0033,12.07,0.0118,58140.0,0.034800000000000005,0.0,16115.0,57252.0,0.0267,0.47750000000000004,0.47800000000000004,0.0,0.039,0.0,0.03,10.802
357681641,4,0,0.07100000000000001,-0.01,-0.006,0.016,0.0,-0.0403,-0.0045000000000000005,12.07,0.0119,58364.0,0.0334,0.0,0.0,57692.0,0.0253,0.47750000000000004,0.47800000000000004,0.0,0.039,0.0,0.017,10.826
357686646,4,0,-0.031,-0.022,0.004,0.016,0.0,-0.0397,-0.0044,12.07,0.012,58708.0,0.031900000000000005,0.0,5005.0,57692.0,0.024900000000000002,0.47750000000000004,0.47800000000000004,0.0,0.039,0.0,0.054,10.826
357689647,4,0,0.109,-0.006,-0.011,0.015,0.0,-0.0412,-0.0054,12.07,0.0122,58592.0,0.0334,0.0,8006.0,57472.0,0.025400000000000002,0.47490000000000004,0.47000000000000003,0.0,-0.021,0.0,-0.122,10.826
357693675,4,0,-0.032,-0.026000000000000002,0.002,0.015,0.0,-0.0398,-0.0045000000000000005,12.11,0.0123,58592.0,0.032,0.0,12034.0,57692.0,0.024900000000000002,0.47490000000000004,0.47000000000000003,0.0,-0.021,0.0,0.083,10.826
357698652,4,0,0.049,0.005,-0.002,0.015,0.0,-0.0422,-0.0012000000000000001,12.11,0.0125,58364.0,0.0378,0.0,17011.0,57472.0,0.029,0.4711,0.464,0.0,-0.093,0.0,-0.138,10.826
357702741,4,0,0.034,-0.027,-0.005,0.015,0.0,-0.040100000000000004,-0.0033,12.11,0.0123,58708.0,0.0349,0.0,0.0,57692.0,0.026000000000000002,0.4711,0.464,0.0,-0.093,0.0,0.10400000000000001,10.836
357705659,4,0,0.055,-0.007,-0.009000000000000001,0.015,0.0,-0.0386,-0.0018000000000000002,12.11,0.0125,58364.0,0.0349,0.0,2918.0,57252.0,0.026000000000000002,0.4711,0.464,0.0,-0.093,0.0,-0.244,10.836
357710766,4,0,0.07100000000000001,-0.02,-0.006,0.015,0.0,-0.0415,0.0028,12.11,0.0123,58140.0,0.0407,0.0,8025.0,57472.0,0.031400000000000004,0.4696,0.467,0.0,-0.10300000000000001,0.0,-0.07,10.836
357713905,4,0,0.007,-0.01,-0.007,0.015,0.0,-0.0391,-0.0041,12.11,0.012400000000000001,58364.0,0.032,0.0,11164.0,57252.0,0.0247,0.4696,0.467,0.0,-0.10300000000000001,0.0,-0.17300000000000001,10.836
357718670,4,0,0.08600000000000001,-0.007,0.003,0.015,0.0,-0.0412,0.0057,12.11,0.0123,58708.0,0.0436,0.0,15929.0,57472.0,0.0332,0.4698,0.47000000000000003,0.0,-0.08,0.0,-0.078,10.836
357722763,4,0,-0.08600000000000001,-0.029,0.006,0.015,0.0,-0.0408,-0.0031000000000000003,12.11,0.0122,58592.0,0.0349,0.0,0.0,57472.0,0.0267,0.4698,0.47000000000000003,0.0,-0.08,0.0,-0.048,10.818
357725672,4,0,0.08,-0.019,0.007,0.015,0.0,-0.0397,0.0007,12.11,0.0123,58364.0,0.0364,0.0,2909.0,57472.0,0.0286,0.4698,0.47000000000000003,0.0,-0.08,0.0,-0.076,10.818
357730549,4,0,-0.054,-0.032,0.001,0.015,0.0,-0.0398,-0.0026000000000000003,12.11,0.0123,58592.0,0.0335,0.0,7786.0,57472.0,0.0263,0.47050000000000003,0.47200000000000003,0.0,-0.048,0.0,-0.037,10.818
357735676,4,0,0.009000000000000001,0.005,0.007,0.014,0.0,-0.041,0.0011,12.11,0.0126,58364.0,0.0393,0.0,12913.0,57252.0,0.0298,0.47050000000000003,0.47200000000000003,0.0,-0.048,0.0,-0.153,10.818
357737796,4,0,-0.052000000000000005,-0.043000000000000003,0.022,0.014,0.0,-0.0414,0.0007,12.11,0.0126,58364.0,0.0378,0.0,15033.0,57472.0,0.0298,0.4718,0.47400000000000003,0.0,-0.014,0.0,0.031,10.818
357742774,4,0,0.024,0.018000000000000002,0.002,0.014,0.0,-0.0417,0.0007,12.11,0.0128,58592.0,0.0393,0.0,0.0,57692.0,0.029900000000000003,0.4718,0.47400000000000003,0.0,-0.014,0.0,-0.21,10.818
357745678,4,0,-0.04,-0.059000000000000004,0.009000000000000001,0.014,0.0,-0.04,0.0024000000000000002,12.11,0.0128,58364.0,0.0393,0.0,2904.0,57472.0,0.030000000000000002,0.4718,0.47400000000000003,0.0,-0.014,0.0,0.017,10.805
357750650,4,0,-0.028,-0.001,0.0,0.014,0.0,-0.0408,0.0017000000000000001,12.11,0.0129,58824.0,0.0393,0.0,7876.0,57472.0,0.030000000000000002,0.47250000000000003,0.47400000000000003,0.0,0.004,0.0,-0.164,10.805
357755550,4,0,0.042,-0.019,-0.002,0.014,0.0,-0.0405,-0.0005,12.11,0.013000000000000001,58140.0,0.0378,0.0,12776.0,57472.0,0.028300000000000002,0.47250000000000003,0.47400000000000003,0.0,0.004,0.0,0.013000000000000001,10.805
357757550,4,0,0.039,0.032,-0.009000000000000001,0.013000000000000001,0.0,-0.0408,-0.0012000000000000001,12.11,0.013000000000000001,58364.0,0.0364,0.0,14776.0,57692.0,0.028,0.47250000000000003,0.47400000000000003,0.0,0.004,0.0,-0.188,10.805
357761550,4,0,-0.012,-0.05,0.008,0.013000000000000001,0.0,-0.042800000000000005,-0.0037,12.11,0.013000000000000001,58364.0,0.0364,0.0,0.0,57472.0,0.027600000000000003,0.4727,0.47300000000000003,0.0,0.007,0.0,0.025,10.805
357765550,4,0,0.007,0.027,-0.009000000000000001,0.013000000000000001,0.0,-0.042100000000000005,-0.0031000000000000003,12.11,0.0131,58364.0,0.0364,0.0,4000.0,57472.0,0.027600000000000003,0.4727,0.47300000000000003,0.0,0.007,0.0,-0.28600000000000003,10.867
357769551,4,0,0.031,-0.027,-0.007,0.013000000000000001,0.0,-0.0427,-0.004200000000000001,12.14,0.0131,58592.0,0.035,0.0,8001.0,57472.0,0.027200000000000002,0.47350000000000003,0.47500000000000003,0.0,0.021,0.0,0.004,10.867
357774685,4,0,-0.037,-0.039,-0.002,0.014,0.0,-0.0427,-0.0034000000000000002,12.14,0.0129,58364.0,0.036500000000000005,0.0,13135.0,57692.0,0.027800000000000002,0.47350000000000003,0.47500000000000003,0.0,0.021,0.0,-0.038,10.867
357779548,4,0,0.029,0.044,-0.013000000000000001,0.013000000000000001,0.0,-0.0425,-0.0046,12.14,0.013000000000000001,58592.0,0.035,0.0,17998.0,57472.0,0.0268,0.47440000000000004,0.47600000000000003,0.0,0.035,0.0,-0.148,10.867
357781705,4,0,-0.018000000000000002,-0.058,0.008,0.013000000000000001,0.0,-0.0424,-0.0035,12.14,0.013000000000000001,58364.0,0.036500000000000005,0.0,0.0,57252.0,0.0275,0.47440000000000004,0.47600000000000003,0.0,0.035,0.0,-0.046,10.867
357785749,4,0,0.029,0.044,-0.013000000000000001,0.013000000000000001,0.0,-0.042,-0.0025,12.15,0.0131,58592.0,0.036500000000000005,0.0,4044.0,57692.0,0.0279,0.47440000000000004,0.47600000000000003,0.0,0.035,0.0,-0.363,10.889
357790572,4,0,-0.003,-0.051000000000000004,0.012,0.013000000000000001,0.0,-0.0431,-0.0004,12.15,0.0131,58592.0,0.039400000000000004,0.0,8867.0,57472.0,0.030100000000000002,0.4742,0.47400000000000003,0.0,0.025,0.0,-0.046,10.889
357795562,4,0,-0.04,-0.014,0.008,0.014,0.0,-0.043300000000000005,-0.0023,12.15,0.013000000000000001,58364.0,0.039400000000000004,0.0,13857.0,57032.0,0.029,0.4742,0.47400000000000003,0.0,0.025,0.0,-0.114,10.889
357797835,4,0,0.022,-0.01,0.008,0.013000000000000001,0.0,-0.045000000000000005,-0.001,12.15,0.0131,58592.0,0.0409,0.0,16130.0,57472.0,0.031100000000000003,0.47350000000000003,0.47200000000000003,0.0,0.004,0.0,0.2,10.889
357802548,4,0,-0.034,-0.01,-0.005,0.014,0.0,-0.042800000000000005,-0.0017000000000000001,12.15,0.013000000000000001,58364.0,0.0379,0.0,0.0,57472.0,0.029,0.47350000000000003,0.47200000000000003,0.0,0.004,0.0,-0.03,10.889
357806675,4,0,0.022,0.015,0.011,0.013000000000000001,0.0,-0.0402,0.0008,12.15,0.0131,58592.0,0.0379,0.0,4127.0,57692.0,0.028900000000000002,0.47350000000000003,0.47200000000000003,0.0,0.004,0.0,0.055,10.889
357810789,4,0,-0.038,-0.074,0.008,0.014,0.0,-0.042,-0.0013000000000000002,12.15,0.013000000000000001,58364.0,0.0379,0.0,8241.0,57252.0,0.028800000000000003,0.4733,0.47300000000000003,0.0,0.0,0.0,0.051000000000000004,10.821
357813548,4,0,0.007,0.012,-0.008,0.014,0.0,-0.042800000000000005,0.0001,12.15,0.013000000000000001,58364.0,0.039400000000000004,0.0,11000.0,57692.0,0.0303,0.4733,0.47300000000000003,0.0,0.0,0.0,0.125,10.821
357817555,4,0,-0.039,-0.023,0.0,0.014,0.0,-0.045700000000000005,0.0011,12.15,0.0128,58364.0,0.0438,0.0,15007.0,57472.0,0.033,0.4733,0.47300000000000003,0.0,0.0,0.0,-0.021,10.821
357821566,4,0,0.012,0.04,-0.001,0.014,0.0,-0.041100000000000005,0.0007,12.15,0.0128,58364.0,0.0379,0.0,0.0,57692.0,0.0296,0.4732,0.47300000000000003,0.0,-0.002,0.0,-0.016,10.821
357825772,4,0,-0.026000000000000002,-0.06,0.0,0.014,0.0,-0.0419,0.0017000000000000001,12.15,0.0126,58940.0,0.0409,0.0,4206.0,57472.0,0.0308,0.4732,0.47300000000000003,0.0,-0.002,0.0,0.051000000000000004,10.821
357830672,4,0,-0.01,0.033,-0.019,0.015,0.0,-0.041600000000000005,0.0016,12.15,0.012400000000000001,58592.0,0.0409,0.0,9106.0,57472.0,0.030600000000000002,0.47350000000000003,0.47400000000000003,0.0,0.004,0.0,-0.163,10.881
357835549,4,0,0.012,0.028,-0.007,0.015,0.0,-0.043300000000000005,0.0009000000000000001,12.15,0.012400000000000001,58364.0,0.042300000000000004,0.0,13983.0,57472.0,0.031200000000000002,0.47350000000000003,0.47400000000000003,0.0,0.004,0.0,0.065,10.881
357837554,4,0,-0.009000000000000001,0.051000000000000004,-0.017,0.015,0.0,-0.0441,0.0026000000000000003,12.15,0.0123,58592.0,0.0438,0.0,15988.0,57472.0,0.033,0.47350000000000003,0.47400000000000003,0.0,0.004,0.0,-0.217,10.881
357841786,4,0,-0.005,0.018000000000000002,-0.006,0.015,0.0,-0.0436,0.0054,12.15,0.0122,58592.0,0.045200000000000004,0.0,0.0,57472.0,0.0346,0.47400000000000003,0.47500000000000003,0.0,0.014,0.0,-0.029,10.881
357845790,4,0,-0.03,-0.04,0.015,0.016,0.0,-0.0422,0.0032,12.15,0.012,58824.0,0.042300000000000004,0.0,4004.0,57692.0,0.032100000000000004,0.47400000000000003,0.47500000000000003,0.0,0.014,0.0,-0.123,10.881
357850571,4,0,0.005,0.065,-0.004,0.016,0.0,-0.044700000000000004,0.0033,12.18,0.0119,58592.0,0.0439,0.0,8785.0,57692.0,0.0339,0.4733,0.47200000000000003,0.0,-0.003,0.0,-0.021,10.772
357855548,4,0,-0.029,-0.057,0.001,0.016,0.0,-0.0426,0.0043,12.18,0.0119,58592.0,0.0439,0.0,13762.0,57692.0,0.0332,0.4733,0.47200000000000003,0.0,-0.003,0.0,0.179,10.772
357857554,4,0,0.013000000000000001,0.052000000000000005,-0.007,0.016,0.0,-0.0426,0.0021000000000000003,12.18,0.0119,58824.0,0.041,0.0,15768.0,57692.0,0.0316,0.4733,0.47200000000000003,0.0,-0.003,0.0,0.124,10.772
357861798,4,0,-0.011,-0.049,0.035,0.016,0.0,-0.0459,-0.0004,12.18,0.012,58364.0,0.0425,0.0,0.0,57472.0,0.0322,0.4718,0.46900000000000003,0.0,-0.032,0.0,0.267,10.772
357865804,4,0,0.034,0.067,-0.022,0.016,0.0,-0.046700000000000005,0.0001,12.18,0.012,58592.0,0.0439,0.0,4006.0,57692.0,0.033100000000000004,0.4718,0.46900000000000003,0.0,-0.032,0.0,0.003,10.772
357870573,4,0,0.008,-0.055,0.003,0.015,0.0,-0.0454,-0.0011,12.18,0.012100000000000001,58592.0,0.041,0.0,8775.0,57692.0,0.0313,0.47150000000000003,0.47100000000000003,0.0,-0.032,0.0,0.23,10.778
357874809,4,0,0.001,-0.041,0.014,0.015,0.0,-0.0446,0.0031000000000000003,12.18,0.012100000000000001,58824.0,0.0439,0.0,13011.0,57472.0,0.0337,0.47150000000000003,0.47100000000000003,0.0,-0.032,0.0,-0.07,10.778
357879554,4,0,0.037,0.065,-0.029,0.015,0.0,-0.0441,0.0,12.18,0.0122,58592.0,0.041,0.0,17756.0,57692.0,0.031200000000000002,0.47200000000000003,0.47300000000000003,0.0,-0.015,0.0,0.10300000000000001,10.778
357881772,4,0,0.019,-0.029,-0.012,0.015,0.0,-0.045700000000000005,-0.001,12.18,0.0123,58592.0,0.041,0.0,0.0,57472.0,0.0316,0.47200000000000003,0.47300000000000003,0.0,-0.015,0.0,-0.075,10.778
357885816,4,0,0.003,0.054,-0.002,0.015,0.0,-0.0453,0.0041,12.18,0.0122,58364.0,0.0468,0.0,4044.0,57472.0,0.0349,0.47200000000000003,0.47300000000000003,0.0,-0.015,0.0,0.243,10.778
357890700,4,0,-0.001,-0.055,-0.006,0.015,0.0,-0.046,0.0012000000000000001,12.18,0.012100000000000001,58592.0,0.0439,0.0,8928.0,57692.0,0.0334,0.4731,0.47500000000000003,0.0,0.009000000000000001,0.0,0.21,10.778
357894822,4,0,0.027,0.038,-0.033,0.016,0.0,-0.046900000000000004,0.0008,12.18,0.012,58592.0,0.0439,0.0,13050.0,57692.0,0.0337,0.4731,0.47500000000000003,0.0,0.009000000000000001,0.0,-0.177,10.778
357899553,4,0,-0.017,-0.02,0.019,0.015,0.0,-0.044000000000000004,0.0016,12.18,0.012100000000000001,58592.0,0.0425,0.0,17781.0,57472.0,0.0322,0.4741,0.47600000000000003,0.0,0.028,0.0,0.148,10.778
357901554,4,0,0.02,0.047,-0.004,0.016,0.0,-0.043300000000000005,0.0011,12.18,0.012,58592.0,0.0425,0.0,0.0,57472.0,0.031400000000000004,0.4741,0.47600000000000003,0.0,0.028,0.0,-0.145,10.778
357905812,4,0,-0.038,-0.025,-0.01,0.016,0.0,-0.0449,0.004200000000000001,12.18,0.012,58824.0,0.0468,0.0,4258.0,57692.0,0.0347,0.4741,0.47600000000000003,0.0,0.028,0.0,0.261,10.778
357910552,4,0,-0.017,-0.003,0.009000000000000001,0.016,0.0,-0.045700000000000005,0.0086,12.19,0.0118,58592.0,0.049800000000000004,0.0,8998.0,57692.0,0.038400000000000004,0.4748,0.47600000000000003,0.0,0.035,0.0,-0.212,10.831
357914812,4,0,-0.003,0.041,-0.001,0.017,0.0,-0.045000000000000005,0.0048000000000000004,12.19,0.0115,58708.0,0.0468,0.0,13258.0,57692.0,0.0352,0.4748,0.47600000000000003,0.0,0.035,0.0,0.059000000000000004,10.831
357919563,4,0,-0.068,-0.062,0.013000000000000001,0.017,0.0,-0.0432,0.0059,12.19,0.0114,58592.0,0.0454,0.0,18009.0,57692.0,0.0347,0.4748,0.47500000000000003,0.0,0.03,0.0,-0.033,10.831
357921818,4,0,-0.05,0.032,0.011,0.017,0.0,-0.0437,0.0119,12.19,0.0112,58592.0,0.052700000000000004,0.0,0.0,57472.0,0.0393,0.4748,0.47500000000000003,0.0,0.03,0.0,-0.201,10.831
357926549,4,0,-0.047,-0.061,0.036000000000000004,0.017,0.0,-0.0432,0.0056,12.22,0.0112,58592.0,0.0455,0.0,4731.0,57692.0,0.0345,0.4748,0.47500000000000003,0.0,0.03,0.0,-0.359,10.831
357930680,4,0,-0.008,0.031,-0.002,0.018000000000000002,0.0,-0.0425,0.0061,12.22,0.011000000000000001,58708.0,0.0455,0.0,8862.0,57472.0,0.034300000000000004,0.47490000000000004,0.47500000000000003,0.0,0.025,0.0,-0.453,10.831
357934960,4,0,-0.061,-0.006,0.014,0.018000000000000002,0.0,-0.0471,0.005,12.22,0.0109,58824.0,0.0485,0.0,13142.0,57692.0,0.0368,0.47490000000000004,0.47500000000000003,0.0,0.025,0.0,0.244,10.858
357937546,4,0,0.001,0.052000000000000005,0.009000000000000001,0.018000000000000002,0.0,-0.047400000000000005,0.005,12.22,0.0108,58708.0,0.0485,0.0,15728.0,57472.0,0.037000000000000005,0.47490000000000004,0.47500000000000003,0.0,0.025,0.0,0.105,10.858
357941558,4,0,-0.051000000000000004,-0.04,0.019,0.018000000000000002,0.0,-0.0451,0.0067,12.22,0.0108,58708.0,0.0485,0.0,0.0,57472.0,0.0366,0.47490000000000004,0.47500000000000003,0.0,0.021,0.0,0.276,10.858
357945819,4,0,0.025,0.002,-0.012,0.018000000000000002,0.0,-0.044500000000000005,0.0061,12.22,0.010700000000000001,58364.0,0.047,0.0,4261.0,57472.0,0.0358,0.47490000000000004,0.47500000000000003,0.0,0.021,0.0,-0.494,10.858
357950552,4,0,-0.051000000000000004,0.021,0.0,0.018000000000000002,0.0,-0.0442,0.007500000000000001,12.22,0.010700000000000001,58708.0,0.0485,0.0,8994.0,57692.0,0.0366,0.4753,0.47600000000000003,0.0,0.024,0.0,0.029,10.858
357955584,4,0,-0.04,-0.04,-0.007,0.018000000000000002,0.0,-0.0466,0.006,12.22,0.0108,58364.0,0.0499,0.0,14026.0,57692.0,0.037200000000000004,0.4753,0.47600000000000003,0.0,0.024,0.0,0.015,10.809000000000001
357957859,4,0,-0.015,0.053,-0.029,0.018000000000000002,0.0,-0.046,0.0053,12.22,0.010700000000000001,58824.0,0.047,0.0,16301.0,57692.0,0.0362,0.4756,0.47600000000000003,0.0,0.024,0.0,0.076,10.809000000000001
357962837,4,0,-0.048,-0.024,0.007,0.018000000000000002,0.0,-0.0471,0.0008,12.22,0.010700000000000001,58824.0,0.0441,0.0,0.0,57692.0,0.033800000000000004,0.4756,0.47600000000000003,0.0,0.024,0.0,0.037,10.809000000000001
357965554,4,0,-0.013000000000000001,0.043000000000000003,-0.007,0.019,0.0,-0.0461,0.0014,12.22,0.0106,58708.0,0.0441,0.0,2717.0,57692.0,0.033600000000000005,0.4756,0.47600000000000003,0.0,0.024,0.0,-0.029,10.809000000000001
357970552,4,0,-0.042,-0.029,-0.007,0.019,0.0,-0.0465,0.0016,12.22,0.0106,58940.0,0.0455,0.0,7715.0,57692.0,0.034,0.4757,0.47600000000000003,0.0,0.022,0.0,0.291,10.809000000000001
357975578,4,0,0.06,0.012,-0.006,0.019,0.0,-0.0475,-0.0002,12.22,0.0105,58940.0,0.0441,0.0,12741.0,57472.0,0.0335,0.4757,0.47600000000000003,0.0,0.022,0.0,-0.157,10.836
357977872,4,0,-0.039,-0.006,0.018000000000000002,0.019,0.0,-0.0473,-0.0007,12.22,0.0105,58592.0,0.0441,0.0,15035.0,57692.0,0.033,0.4758,0.47600000000000003,0.0,0.02,0.0,0.197,10.836
357982852,4,0,0.03,-0.015,-0.002,0.019,0.0,-0.0468,-0.0006000000000000001,12.22,0.0105,58592.0,0.0441,0.0,0.0,57692.0,0.032600000000000004,0.4758,0.47600000000000003,0.0,0.02,0.0,-0.215,10.836
357985547,4,0,-0.039,-0.008,0.007,0.019,0.0,-0.0475,-0.0007,12.22,0.0105,58824.0,0.0441,0.0,2695.0,57692.0,0.033100000000000004,0.4758,0.47600000000000003,0.0,0.02,0.0,0.16,10.836
357989813,4,0,0.043000000000000003,-0.009000000000000001,0.022,0.019,0.0,-0.047,-0.0014,12.22,0.0105,58708.0,0.0426,0.0,6961.0,57692.0,0.0323,0.47550000000000003,0.47500000000000003,0.0,0.01,0.0,-0.158,10.836
357993813,4,0,0.021,0.04,-0.008,0.019,0.0,-0.0466,0.0006000000000000001,12.23,0.0105,58592.0,0.0441,0.0,10961.0,57692.0,0.0334,0.47550000000000003,0.47500000000000003,0.0,0.01,0.0,0.14,10.835
357998549,4,0,0.048,-0.004,-0.013000000000000001,0.019,0.0,-0.0466,0.0002,12.23,0.0106,58708.0,0.0441,0.0,15697.0,57692.0,0.033100000000000004,0.47550000000000003,0.47500000000000003,0.0,0.01,0.0,-0.212,10.835
358002867,4,0,0.081,0.02,0.001,0.019,0.0,-0.0455,0.0001,12.26,0.0106,58824.0,0.0427,0.0,0.0,57692.0,0.0323,0.47500000000000003,0.47400000000000003,0.0,-0.002,0.0,-0.392,10.835
358005545,4,0,-0.011,-0.022,0.004,0.019,0.0,-0.0453,0.0019,12.26,0.0106,58592.0,0.0442,0.0,2678.0,57692.0,0.0334,0.47500000000000003,0.47400000000000003,0.0,-0.002,0.0,-0.301,10.835
358009547,4,0,0.047,0.034,-0.016,0.019,0.0,-0.045700000000000005,0.0027,12.26,0.0105,59056.0,0.045700000000000005,0.0,6680.0,57692.0,0.0342,0.4746,0.47400000000000003,0.0,-0.009000000000000001,0.0,-0.422,10.835
358013830,4,0,-0.07200000000000001,-0.002,-0.003,0.019,0.0,-0.0456,0.004200000000000001,12.26,0.0103,58592.0,0.0471,0.0,10963.0,57472.0,0.0352,0.4746,0.47400000000000003,0.0,-0.009000000000000001,0.0,0.035,10.844
358017901,4,0,0.032,-0.004,-0.012,0.019,0.0,-0.0441,0.0055000000000000005,12.26,0.0102,58824.0,0.045700000000000005,0.0,15034.0,57692.0,0.035,0.4741,0.47300000000000003,0.0,-0.019,0.0,-0.281,10.844
358022879,4,0,0.016,0.0,-0.015,0.02,0.0,-0.042300000000000004,0.0091,12.26,0.0099,58940.0,0.048600000000000004,0.0,0.0,57692.0,0.0364,0.4741,0.47300000000000003,0.0,-0.019,0.0,0.08600000000000001,10.844
358025547,4,0,0.06,-0.008,-0.01,0.02,0.0,-0.0431,0.0047,12.26,0.01,58940.0,0.0442,0.0,2668.0,57692.0,0.033800000000000004,0.4741,0.47300000000000003,0.0,-0.019,0.0,-0.281,10.844
358029547,4,0,-0.10200000000000001,-0.008,0.009000000000000001,0.02,0.0,-0.0448,0.0091,12.26,0.0097,58940.0,0.0516,0.0,6668.0,57472.0,0.0381,0.47400000000000003,0.47400000000000003,0.0,-0.015,0.0,-0.125,10.844
358033842,4,0,-0.023,-0.007,-0.003,0.021,0.0,-0.046200000000000005,0.002,12.26,0.0097,58592.0,0.0442,0.0,10963.0,57692.0,0.0341,0.47400000000000003,0.47400000000000003,0.0,-0.015,0.0,-0.20700000000000002,10.856
358037891,4,0,0.044,0.004,0.002,0.021,0.0,-0.046,0.0016,12.26,0.009600000000000001,58592.0,0.0442,0.0,15012.0,57692.0,0.0337,0.47440000000000004,0.47500000000000003,0.0,-0.006,0.0,-0.024,10.856
358042547,4,0,-0.075,-0.022,0.018000000000000002,0.021,0.0,-0.042300000000000004,0.0088,12.26,0.009600000000000001,58940.0,0.048600000000000004,0.0,0.0,57916.0,0.0361,0.47440000000000004,0.47500000000000003,0.0,-0.006,0.0,0.042,10.856
358046916,4,0,0.042,0.002,0.014,0.02,0.0,-0.0454,0.0047,12.26,0.0097,58708.0,0.0471,0.0,4369.0,57916.0,0.0354,0.4753,0.47700000000000004,0.0,0.014,0.0,-0.34,10.856
358049547,4,0,-0.068,-0.014,0.014,0.02,0.0,-0.044700000000000004,0.0067,12.26,0.0097,58592.0,0.0471,0.0,7000.0,57692.0,0.0363,0.4753,0.47700000000000004,0.0,0.014,0.0,-0.043000000000000003,10.856
358053855,4,0,0.046,0.003,0.011,0.02,0.0,-0.044000000000000004,0.0057,12.27,0.0098,59172.0,0.0472,0.0,11308.0,57916.0,0.0351,0.4753,0.47700000000000004,0.0,0.014,0.0,-0.226,10.856
358057929,4,0,-0.007,-0.018000000000000002,0.014,0.02,0.0,-0.0448,-0.0002,12.27,0.0098,58708.0,0.0427,0.0,15382.0,57692.0,0.0315,0.47590000000000005,0.47700000000000004,0.0,0.023,0.0,0.09,10.856
358062546,4,0,0.01,0.01,0.002,0.02,0.0,-0.0451,0.0016,12.27,0.010100000000000001,58592.0,0.0442,0.0,0.0,57472.0,0.033,0.47590000000000005,0.47700000000000004,0.0,0.023,0.0,-0.018000000000000002,10.856
358066906,4,0,0.128,-0.005,-0.007,0.019,0.0,-0.0448,-0.0032,12.27,0.0102,59056.0,0.0398,0.0,4360.0,57692.0,0.029400000000000003,0.47590000000000005,0.47700000000000004,0.0,0.023,0.0,-0.223,10.856
358069558,4,0,0.059000000000000004,0.004,-0.009000000000000001,0.019,0.0,-0.044000000000000004,-0.0051,12.27,0.010400000000000001,58592.0,0.0368,0.0,7012.0,57692.0,0.0275,0.47590000000000005,0.47600000000000003,0.0,0.019,0.0,-0.293,10.856
358073871,4,0,0.101,-0.001,-0.021,0.019,0.0,-0.045700000000000005,0.0021000000000000003,12.27,0.010400000000000001,58824.0,0.0442,0.0,11325.0,57692.0,0.033800000000000004,0.47590000000000005,0.47600000000000003,0.0,0.019,0.0,-0.34800000000000003,10.823
358078545,4,0,-0.031,-0.023,-0.01,0.019,0.0,-0.043000000000000003,-0.0088,12.27,0.0106,58824.0,0.0309,0.0,15999.0,57692.0,0.0241,0.47600000000000003,0.47600000000000003,0.0,0.016,0.0,-0.123,10.823
358082922,4,0,0.083,0.015,-0.031,0.018000000000000002,0.0,-0.045700000000000005,0.0011,12.27,0.010700000000000001,58592.0,0.0442,0.0,0.0,57472.0,0.033100000000000004,0.47600000000000003,0.47600000000000003,0.0,0.016,0.0,-0.17500000000000002,10.823
358085546,4,0,-0.026000000000000002,-0.013000000000000001,-0.03,0.018000000000000002,0.0,-0.0454,-0.0032,12.3,0.010700000000000001,58940.0,0.039900000000000005,0.0,2624.0,57692.0,0.0298,0.47600000000000003,0.47600000000000003,0.0,0.016,0.0,0.069,10.823
358090545,4,0,0.089,0.007,-0.017,0.018000000000000002,0.0,-0.0432,-0.0039000000000000003,12.3,0.0108,58940.0,0.038400000000000004,0.0,7623.0,57692.0,0.027800000000000002,0.47600000000000003,0.47600000000000003,0.0,0.013000000000000001,0.0,-0.015,10.823
358094547,4,0,-0.002,-0.041,-0.018000000000000002,0.018000000000000002,0.0,-0.042800000000000005,-0.0054,12.3,0.0108,58592.0,0.035500000000000004,0.0,11625.0,57692.0,0.026500000000000003,0.47600000000000003,0.47600000000000003,0.0,0.013000000000000001,0.0,0.146,10.821
358099545,4,0,-0.056,-0.014,-0.012,0.018000000000000002,0.0,-0.0436,0.0027,12.3,0.010700000000000001,59056.0,0.0443,0.0,16623.0,57692.0,0.0327,0.4756,0.47500000000000003,0.0,0.004,0.0,-0.107,10.821
358101547,4,0,-0.045,-0.054,0.009000000000000001,0.018000000000000002,0.0,-0.0419,0.0012000000000000001,12.3,0.0106,58940.0,0.0414,0.0,0.0,57692.0,0.0304,0.4756,0.47500000000000003,0.0,0.004,0.0,0.018000000000000002,10.821
358106545,4,0,-0.088,-0.008,0.014,0.019,0.0,-0.0422,0.004,12.3,0.0105,58592.0,0.0443,0.0,4998.0,57692.0,0.0327,0.4756,0.47500000000000003,0.0,0.004,0.0,-0.332,10.821
358110895,4,0,0.059000000000000004,0.001,-0.002,0.019,0.0,-0.0413,0.0021000000000000003,12.3,0.0102,58940.0,0.039900000000000005,0.0,9348.0,57692.0,0.0307,0.47540000000000004,0.47500000000000003,0.0,-0.002,0.0,-0.28800000000000003,10.821
358115570,4,0,-0.126,-0.065,0.031,0.02,0.0,-0.039,0.0044,12.3,0.01,58708.0,0.0414,0.0,14023.0,57472.0,0.0307,0.47540000000000004,0.47500000000000003,0.0,-0.002,0.0,0.051000000000000004,10.884
358117947,4,0,0.034,-0.003,0.029,0.02,0.0,-0.0398,0.007500000000000001,12.3,0.01,58708.0,0.0444,0.0,16400.0,57916.0,0.0334,0.4746,0.47300000000000003,0.0,-0.018000000000000002,0.0,-0.003,10.884
358122950,4,0,-0.059000000000000004,-0.068,0.024,0.02,0.0,-0.0391,-0.0002,12.3,0.01,58708.0,0.037000000000000005,0.0,0.0,57692.0,0.0275,0.4746,0.47300000000000003,0.0,-0.018000000000000002,0.0,0.109,10.884
358125549,4,0,0.019,-0.005,0.007,0.02,0.0,-0.0398,0.0056,12.3,0.01,59172.0,0.0429,0.0,2599.0,57252.0,0.032100000000000004,0.4746,0.47300000000000003,0.0,-0.018000000000000002,0.0,-0.109,10.884
358130677,4,0,-0.026000000000000002,-0.07200000000000001,0.039,0.02,0.0,-0.039400000000000004,-0.0002,12.3,0.01,58940.0,0.037000000000000005,0.0,7727.0,57692.0,0.027700000000000002,0.4733,0.47100000000000003,0.0,-0.039,0.0,0.124,10.884
358135570,4,0,-0.025,-0.009000000000000001,0.014,0.02,0.0,-0.039400000000000004,0.0064,12.31,0.010100000000000001,59056.0,0.0429,0.0,12620.0,57472.0,0.0324,0.4733,0.47100000000000003,0.0,-0.039,0.0,-0.169,10.894
358137961,4,0,-0.031,-0.064,0.007,0.019,0.0,-0.0386,0.010400000000000001,12.31,0.0102,58708.0,0.0473,0.0,15011.0,57472.0,0.0346,0.4736,0.47400000000000003,0.0,-0.027,0.0,0.023,10.894
358142545,4,0,0.008,0.009000000000000001,-0.01,0.019,0.0,-0.0393,0.005200000000000001,12.31,0.0103,58940.0,0.0414,0.0,0.0,57692.0,0.031400000000000004,0.4736,0.47400000000000003,0.0,-0.027,0.0,-0.309,10.894
358146981,4,0,0.021,0.025,-0.004,0.019,0.0,-0.0396,0.0054,12.31,0.0105,58824.0,0.0414,0.0,4436.0,57472.0,0.0318,0.4748,0.47700000000000004,0.0,0.003,0.0,-0.095,10.894
358149546,4,0,0.002,0.022,-0.013000000000000001,0.019,0.0,-0.038900000000000004,0.0067,12.31,0.010400000000000001,58940.0,0.0429,0.0,7001.0,57252.0,0.0323,0.4748,0.47700000000000004,0.0,0.003,0.0,-0.23,10.894
358153928,4,0,0.056,0.017,-0.026000000000000002,0.018000000000000002,0.0,-0.0391,-0.0036000000000000003,12.31,0.010700000000000001,58708.0,0.034,0.0,11383.0,57692.0,0.0251,0.4748,0.47700000000000004,0.0,0.003,0.0,0.025,10.894
358159549,4,0,-0.015,-0.069,-0.006,0.018000000000000002,0.0,-0.0396,0.0013000000000000002,12.31,0.0108,59172.0,0.038400000000000004,0.0,17004.0,57692.0,0.028900000000000002,0.4752,0.47600000000000003,0.0,0.011,0.0,-0.001,10.839
358161930,4,0,0.062,0.051000000000000004,-0.039,0.018000000000000002,0.0,-0.0397,-0.0028,12.31,0.0108,58824.0,0.034,0.0,0.0,57692.0,0.0261,0.4752,0.47600000000000003,0.0,0.011,0.0,-0.105,10.839
358165934,4,0,0.028,-0.077,-0.003,0.018000000000000002,0.0,-0.0412,-0.008,12.31,0.0109,58592.0,0.031100000000000003,0.0,4004.0,57692.0,0.0235,0.4752,0.47600000000000003,0.0,0.011,0.0,-0.227,10.839
358170545,4,0,0.044,0.059000000000000004,-0.015,0.018000000000000002,0.0,-0.0412,-0.003,12.35,0.0109,58824.0,0.0356,0.0,8615.0,57692.0,0.027,0.47550000000000003,0.47600000000000003,0.0,0.014,0.0,-0.178,10.839
358174545,4,0,0.057,-0.03,-0.003,0.018000000000000002,0.0,-0.0453,-0.0095,12.35,0.011000000000000001,58708.0,0.0341,0.0,12615.0,57472.0,0.0253,0.47550000000000003,0.47600000000000003,0.0,0.014,0.0,0.152,10.839
358178943,4,0,0.044,-0.024,-0.002,0.018000000000000002,0.0,-0.0407,-0.0082,12.35,0.0109,58940.0,0.031100000000000003,0.0,17013.0,57692.0,0.023,0.4753,0.47500000000000003,0.0,0.008,0.0,-0.165,10.856
358183545,4,0,0.064,0.052000000000000005,0.009000000000000001,0.018000000000000002,0.0,-0.0425,-0.0081,12.35,0.0111,59288.0,0.032600000000000004,0.0,0.0,57692.0,0.024300000000000002,0.4753,0.47500000000000003,0.0,0.008,0.0,0.077,10.856
358185545,4,0,0.047,0.047,-0.001,0.018000000000000002,0.0,-0.0439,-0.0067,12.35,0.011000000000000001,59056.0,0.0356,0.0,2000.0,57252.0,0.0263,0.4753,0.47500000000000003,0.0,0.008,0.0,-0.146,10.856
358190545,4,0,0.011,0.057,-0.006,0.018000000000000002,0.0,-0.0449,0.0008,12.35,0.011000000000000001,58824.0,0.044500000000000005,0.0,7000.0,57692.0,0.0324,0.4752,0.47500000000000003,0.0,0.004,0.0,0.098,10.856
358195570,4,0,-0.04,-0.048,0.022,0.019,0.0,-0.042100000000000005,0.0037,12.35,0.0105,59172.0,0.043000000000000003,0.0,12025.0,57692.0,0.0324,0.4752,0.47500000000000003,0.0,0.004,0.0,0.153,10.856
358198003,4,0,0.03,0.062,0.012,0.019,0.0,-0.0422,-0.0039000000000000003,12.35,0.010400000000000001,58708.0,0.0356,0.0,14458.0,57472.0,0.027,0.4741,0.47200000000000003,0.0,-0.019,0.0,-0.033,10.744
358202545,4,0,-0.077,-0.057,0.002,0.019,0.0,-0.0422,0.0036000000000000003,12.35,0.010400000000000001,59172.0,0.043000000000000003,0.0,0.0,57916.0,0.0324,0.4741,0.47200000000000003,0.0,-0.019,0.0,-0.16,10.744
358206985,4,0,0.0,0.003,-0.011,0.019,0.0,-0.042300000000000004,0.0025,12.35,0.0102,58940.0,0.043000000000000003,0.0,4440.0,57472.0,0.0317,0.4727,0.47000000000000003,0.0,-0.044,0.0,-1.113,10.744
358209545,4,0,-0.034,-0.064,0.021,0.019,0.0,-0.042100000000000005,-0.0018000000000000002,12.35,0.0102,59056.0,0.0386,0.0,7000.0,57692.0,0.0285,0.4727,0.47000000000000003,0.0,-0.044,0.0,-0.555,10.744
358213967,4,0,0.024,0.006,-0.01,0.019,0.0,-0.0415,0.0011,12.35,0.0102,58824.0,0.04,0.0,11422.0,57692.0,0.030100000000000002,0.4727,0.47000000000000003,0.0,-0.044,0.0,-0.418,10.744
358218018,4,0,-0.026000000000000002,-0.016,-0.012,0.019,0.0,-0.043000000000000003,-0.00030000000000000003,12.35,0.010400000000000001,58824.0,0.040100000000000004,0.0,15473.0,57472.0,0.0302,0.4731,0.47400000000000003,0.0,-0.026000000000000002,0.0,0.189,10.883000000000001
358223549,4,0,0.008,-0.039,0.011,0.019,0.0,-0.0409,0.0056,12.35,0.010400000000000001,58708.0,0.044500000000000005,0.0,0.0,57692.0,0.0329,0.4731,0.47400000000000003,0.0,-0.026000000000000002,0.0,-0.281,10.883000000000001
358225988,4,0,0.019,0.02,0.006,0.018000000000000002,0.0,-0.0419,-0.0023,12.35,0.0106,58824.0,0.0386,0.0,2439.0,57692.0,0.028,0.4731,0.47400000000000003,0.0,-0.026000000000000002,0.0,0.049,10.883000000000001
358230673,4,0,0.016,-0.066,-0.001,0.018000000000000002,0.0,-0.0409,0.00030000000000000003,12.35,0.0109,59172.0,0.0386,0.0,7124.0,57692.0,0.0291,0.4752,0.47900000000000004,0.0,0.021,0.0,-0.245,10.883000000000001
358235795,4,0,0.035,0.04,-0.006,0.018000000000000002,0.0,-0.0443,0.00030000000000000003,12.35,0.011000000000000001,59172.0,0.0415,0.0,12246.0,57692.0,0.0315,0.4752,0.47900000000000004,0.0,0.021,0.0,-0.297,10.883000000000001
358238031,4,0,-0.005,-0.054,0.032,0.017,0.0,-0.0434,0.0013000000000000002,12.35,0.0111,59172.0,0.043000000000000003,0.0,14482.0,57692.0,0.0316,0.4758,0.47700000000000004,0.0,0.029,0.0,-0.056,10.831
358242545,4,0,0.057,0.049,-0.003,0.018000000000000002,0.0,-0.042800000000000005,-0.0049,12.35,0.011000000000000001,58824.0,0.0356,0.0,0.0,57692.0,0.0268,0.4758,0.47700000000000004,0.0,0.029,0.0,-0.171,10.831
358247020,4,0,0.016,0.019,0.002,0.018000000000000002,0.0,-0.0424,-0.008400000000000001,12.35,0.0111,58940.0,0.032600000000000004,0.0,4475.0,57692.0,0.024,0.47590000000000005,0.47600000000000003,0.0,0.025,0.0,0.009000000000000001,10.831
358249545,4,0,0.064,0.044,-0.005,0.018000000000000002,0.0,-0.0412,-0.007500000000000001,12.39,0.011000000000000001,59056.0,0.031200000000000002,0.0,7000.0,57692.0,0.0238,0.47590000000000005,0.47600000000000003,0.0,0.025,0.0,-0.381,10.831
358253545,4,0,-0.006,-0.037,0.008,0.018000000000000002,0.0,-0.0419,-0.005,12.39,0.0111,58824.0,0.0357,0.0,11000.0,57692.0,0.0261,0.47590000000000005,0.47600000000000003,0.0,0.025,0.0,-0.092,10.831
358258044,4,0,0.056,-0.027,-0.016,0.018000000000000002,0.0,-0.0438,-0.0076,12.39,0.0111,58824.0,0.0342,0.0,15499.0,57692.0,0.025500000000000002,0.4756,0.47500000000000003,0.0,0.014,0.0,-0.47200000000000003,10.831
358263047,4,0,0.056,0.048,-0.022,0.018000000000000002,0.0,-0.044500000000000005,-0.0049,12.39,0.0111,58824.0,0.037200000000000004,0.0,0.0,57692.0,0.028,0.4756,0.47500000000000003,0.0,0.014,0.0,-0.116,10.831
358265544,4,0,0.053,-0.022,-0.006,0.017,0.0,-0.044700000000000004,-0.005200000000000001,12.39,0.0111,58708.0,0.037200000000000004,0.0,2497.0,57692.0,0.0279,0.4756,0.47500000000000003,0.0,0.014,0.0,-0.228,10.831
358269556,4,0,-0.002,0.028,-0.006,0.017,0.0,-0.0437,-0.0053,12.39,0.0111,58824.0,0.037200000000000004,0.0,6509.0,57692.0,0.027200000000000002,0.47540000000000004,0.47500000000000003,0.0,0.007,0.0,0.169,10.831
358274007,4,0,-0.046,-0.039,-0.002,0.017,0.0,-0.0453,-0.0041,12.39,0.0112,59056.0,0.038700000000000005,0.0,10960.0,57692.0,0.0291,0.47540000000000004,0.47500000000000003,0.0,0.007,0.0,0.366,10.831
358278058,4,0,0.052000000000000005,0.023,-0.013000000000000001,0.018000000000000002,0.0,-0.044700000000000004,-0.0011,12.39,0.011000000000000001,58708.0,0.0402,0.0,15011.0,57692.0,0.0308,0.47490000000000004,0.47400000000000003,0.0,-0.004,0.0,0.057,10.82
358283061,4,0,-0.047,0.004,0.004,0.018000000000000002,0.0,-0.0434,0.0001,12.39,0.0108,58824.0,0.0417,0.0,0.0,57692.0,0.0308,0.47490000000000004,0.47400000000000003,0.0,-0.004,0.0,0.324,10.82
358285545,4,0,0.047,0.02,-0.001,0.018000000000000002,0.0,-0.0437,0.00030000000000000003,12.39,0.0108,59172.0,0.0417,0.0,2484.0,57472.0,0.031200000000000002,0.47490000000000004,0.47400000000000003,0.0,-0.004,0.0,-0.147,10.82
358290019,4,0,-0.084,-0.007,0.015,0.019,0.0,-0.043300000000000005,0.005200000000000001,12.39,0.0105,58708.0,0.0461,0.0,6958.0,57916.0,0.034300000000000004,0.4742,0.47300000000000003,0.0,-0.017,0.0,0.297,10.82
358294555,4,0,-0.002,-0.025,0.016,0.019,0.0,-0.043300000000000005,0.0008,12.39,0.0105,59056.0,0.0432,0.0,11494.0,57692.0,0.031100000000000003,0.4742,0.47300000000000003,0.0,-0.017,0.0,-0.265,10.82
358299545,4,0,0.02,0.016,0.013000000000000001,0.019,0.0,-0.0441,0.0059,12.39,0.0103,58940.0,0.0476,0.0,16484.0,57692.0,0.0354,0.4741,0.47400000000000003,0.0,-0.015,0.0,-0.062,10.889
358301545,4,0,0.021,-0.016,0.016,0.019,0.0,-0.043300000000000005,0.0034000000000000002,12.39,0.010400000000000001,58708.0,0.044700000000000004,0.0,0.0,57692.0,0.033,0.4741,0.47400000000000003,0.0,-0.015,0.0,-0.177,10.889
358305545,4,0,-0.047,0.01,0.019,0.019,0.0,-0.0437,0.0038,12.39,0.0103,59056.0,0.044700000000000004,0.0,4000.0,57472.0,0.033600000000000005,0.4741,0.47400000000000003,0.0,-0.015,0.0,0.111,10.889
358309546,4,0,-0.028,-0.023,0.02,0.019,0.0,-0.0425,0.007200000000000001,12.39,0.0103,59056.0,0.0476,0.0,8001.0,57472.0,0.0351,0.47440000000000004,0.47500000000000003,0.0,-0.006,0.0,-0.051000000000000004,10.889
358313546,4,0,0.017,0.011,-0.003,0.019,0.0,-0.0422,0.0033,12.39,0.0103,59404.0,0.0432,0.0,12001.0,57692.0,0.032100000000000004,0.47440000000000004,0.47500000000000003,0.0,-0.006,0.0,0.04,10.889
358317546,4,0,-0.063,-0.022,0.006,0.019,0.0,-0.0422,0.0063,12.39,0.010400000000000001,58940.0,0.0461,0.0,16001.0,57916.0,0.034300000000000004,0.4746,0.47500000000000003,0.0,-0.001,0.0,0.163,10.889
358321556,4,0,0.048,0.012,-0.002,0.019,0.0,-0.0432,0.0045000000000000005,12.39,0.010400000000000001,58824.0,0.0461,0.0,0.0,57692.0,0.0337,0.4746,0.47500000000000003,0.0,-0.001,0.0,-0.19,10.765
358326045,4,0,-0.031,-0.003,-0.013000000000000001,0.019,0.0,-0.042800000000000005,0.0022,12.39,0.010400000000000001,58940.0,0.0417,0.0,4489.0,57692.0,0.0318,0.4746,0.47500000000000003,0.0,-0.001,0.0,0.11,10.765
358330675,4,0,0.02,-0.009000000000000001,-0.012,0.019,0.0,-0.042,0.0008,12.43,0.0106,58824.0,0.041800000000000004,0.0,9119.0,57692.0,0.0303,0.4751,0.47600000000000003,0.0,0.009000000000000001,0.0,-0.145,10.765
358335545,4,0,0.108,0.012,-0.018000000000000002,0.018000000000000002,0.0,-0.0437,-0.0026000000000000003,12.43,0.010700000000000001,59288.0,0.0388,0.0,13989.0,57916.0,0.029,0.4751,0.47600000000000003,0.0,0.009000000000000001,0.0,-0.254,10.765
358337545,4,0,0.05,0.011,-0.012,0.018000000000000002,0.0,-0.0451,-0.0028,12.43,0.0109,59172.0,0.0403,0.0,15989.0,57692.0,0.029900000000000003,0.4768,0.48000000000000004,0.0,0.041,0.0,-0.276,10.765
358341546,4,0,0.036000000000000004,0.012,-0.011,0.018000000000000002,0.0,-0.0451,-0.001,12.43,0.0108,58824.0,0.041800000000000004,0.0,0.0,57916.0,0.031200000000000002,0.4768,0.48000000000000004,0.0,0.041,0.0,-0.108,10.772
358346059,4,0,-0.034,0.0,0.0,0.018000000000000002,0.0,-0.043500000000000004,-0.008400000000000001,12.43,0.011000000000000001,59172.0,0.034300000000000004,0.0,4513.0,57916.0,0.024800000000000003,0.4768,0.48000000000000004,0.0,0.041,0.0,-0.021,10.772
358350545,4,0,0.112,0.019,-0.018000000000000002,0.018000000000000002,0.0,-0.0443,0.0006000000000000001,12.43,0.0111,59172.0,0.041800000000000004,0.0,8999.0,57692.0,0.0318,0.4797,0.48500000000000004,0.0,0.09,0.0,-0.14,10.772
358355546,4,0,0.013000000000000001,-0.003,-0.006,0.018000000000000002,0.0,-0.0438,-0.0066,12.43,0.011000000000000001,59172.0,0.0358,0.0,14000.0,57916.0,0.0263,0.4797,0.48500000000000004,0.0,0.09,0.0,0.11800000000000001,10.772
358357546,4,0,0.107,0.019,0.0,0.017,0.0,-0.0444,-0.0038,12.43,0.0111,59288.0,0.0388,0.0,16000.0,57916.0,0.0286,0.4798,0.48000000000000004,0.0,0.074,0.0,-0.064,10.772
358362069,4,0,-0.012,0.006,-0.003,0.018000000000000002,0.0,-0.0473,-0.0025,12.43,0.011000000000000001,59056.0,0.041800000000000004,0.0,0.0,57692.0,0.0317,0.4798,0.48000000000000004,0.0,0.074,0.0,0.138,10.761000000000001
358366073,4,0,-0.037,0.024,-0.002,0.018000000000000002,0.0,-0.0454,0.0064,12.43,0.0109,58940.0,0.049300000000000004,0.0,4004.0,57916.0,0.0366,0.4798,0.48000000000000004,0.0,0.074,0.0,-0.17500000000000002,10.761000000000001
358370546,4,0,0.017,-0.015,0.012,0.019,0.0,-0.042300000000000004,0.0025,12.43,0.0106,59288.0,0.043300000000000005,0.0,8477.0,57692.0,0.0317,0.47850000000000004,0.47600000000000003,0.0,0.033,0.0,-0.038,10.761000000000001
358375080,4,0,-0.148,-0.021,-0.008,0.019,0.0,-0.043000000000000003,0.0038,12.43,0.0103,58940.0,0.043300000000000005,0.0,13011.0,57916.0,0.033100000000000004,0.47850000000000004,0.47600000000000003,0.0,0.033,0.0,0.049,10.761000000000001
358379545,4,0,0.07100000000000001,0.006,-0.016,0.019,0.0,-0.0425,0.0036000000000000003,12.43,0.0102,58940.0,0.043300000000000005,0.0,17476.0,57692.0,0.032600000000000004,0.4773,0.47500000000000003,0.0,0.002,0.0,0.007,10.761000000000001
358382087,4,0,-0.112,-0.017,0.018000000000000002,0.02,0.0,-0.0436,-0.0012000000000000001,12.43,0.010100000000000001,59172.0,0.0403,0.0,0.0,57692.0,0.030000000000000002,0.4773,0.47500000000000003,0.0,0.002,0.0,0.056,10.813
358386545,4,0,0.007,0.017,0.012,0.02,0.0,-0.0454,0.015000000000000001,12.43,0.01,59288.0,0.0582,0.0,4458.0,57692.0,0.0427,0.4773,0.47500000000000003,0.0,0.002,0.0,-0.033,10.813
358391094,4,0,-0.01,-0.047,0.005,0.02,0.0,-0.042100000000000005,-0.0037,12.43,0.0099,59288.0,0.0373,0.0,9007.0,57916.0,0.027100000000000003,0.4761,0.47400000000000003,0.0,-0.021,0.0,0.138,10.813
358395547,4,0,-0.027,0.033,0.018000000000000002,0.02,0.0,-0.044700000000000004,0.0088,12.43,0.01,59172.0,0.050800000000000005,0.0,13460.0,57916.0,0.0378,0.4761,0.47400000000000003,0.0,-0.021,0.0,-0.128,10.813
358398142,4,0,-0.049,-0.044,0.034,0.02,0.0,-0.0443,0.0117,12.43,0.01,59288.0,0.0523,0.0,16055.0,57692.0,0.0396,0.4761,0.47600000000000003,0.0,-0.018000000000000002,0.0,0.184,10.813
358402546,4,0,0.014,0.042,-0.006,0.02,0.0,-0.0432,0.0038,12.43,0.010100000000000001,59288.0,0.0448,0.0,0.0,58364.0,0.0333,0.4761,0.47600000000000003,0.0,-0.018000000000000002,0.0,-0.034,10.823
358407125,4,0,0.078,0.001,0.006,0.019,0.0,-0.0431,-0.0026000000000000003,12.450000000000001,0.010400000000000001,59172.0,0.0374,0.0,4579.0,57692.0,0.0287,0.4771,0.47900000000000004,0.0,0.006,0.0,-0.039,10.823
358409546,4,0,0.015,0.046,0.006,0.019,0.0,-0.0424,0.0037,12.450000000000001,0.010400000000000001,59172.0,0.0434,0.0,7000.0,57916.0,0.032600000000000004,0.4771,0.47900000000000004,0.0,0.006,0.0,-0.21,10.823
358413546,4,0,0.05,-0.043000000000000003,0.007,0.019,0.0,-0.0432,0.0015,12.450000000000001,0.0105,59288.0,0.0419,0.0,11000.0,57916.0,0.0316,0.4771,0.47900000000000004,0.0,0.006,0.0,-0.15,10.823
358418157,4,0,-0.025,-0.024,-0.001,0.019,0.0,-0.0412,-0.004,12.450000000000001,0.0106,59056.0,0.0344,0.0,15611.0,57692.0,0.0263,0.4778,0.47900000000000004,0.0,0.018000000000000002,0.0,-0.198,10.823
358422547,4,0,0.129,0.034,0.001,0.018000000000000002,0.0,-0.045000000000000005,-0.006,12.450000000000001,0.0109,58940.0,0.0374,0.0,0.0,57692.0,0.027600000000000003,0.4778,0.47900000000000004,0.0,0.018000000000000002,0.0,0.114,10.767
358427140,4,0,0.022,-0.057,-0.009000000000000001,0.018000000000000002,0.0,-0.044500000000000005,-0.0031000000000000003,12.450000000000001,0.0111,59288.0,0.038900000000000004,0.0,4593.0,57916.0,0.029300000000000003,0.47850000000000004,0.48000000000000004,0.0,0.03,0.0,0.045,10.767
358429543,4,0,0.095,0.02,-0.032,0.017,0.0,-0.0432,-0.0015,12.450000000000001,0.0112,59172.0,0.040400000000000005,0.0,6996.0,57916.0,0.029500000000000002,0.47850000000000004,0.48000000000000004,0.0,0.03,0.0,0.034,10.767
358434123,4,0,0.024,-0.058,0.004,0.017,0.0,-0.0449,-0.0083,12.450000000000001,0.011300000000000001,59172.0,0.0359,0.0,11576.0,58140.0,0.0258,0.47850000000000004,0.48000000000000004,0.0,0.03,0.0,-0.03,10.767
358439122,4,0,0.012,0.002,-0.019,0.017,0.0,-0.0441,-0.005200000000000001,12.47,0.011300000000000001,59404.0,0.0374,0.0,16575.0,57916.0,0.0275,0.47800000000000004,0.47700000000000004,0.0,0.013000000000000001,0.0,-0.075,10.767
358443173,4,0,0.073,-0.01,-0.023,0.017,0.0,-0.0413,-0.0091,12.47,0.0114,59056.0,0.030000000000000002,0.0,0.0,57692.0,0.0227,0.47800000000000004,0.47700000000000004,0.0,0.013000000000000001,0.0,0.29,10.77
358445544,4,0,0.041,0.028,-0.026000000000000002,0.017,0.0,-0.0405,-0.006900000000000001,12.47,0.0114,59172.0,0.033,0.0,2371.0,57916.0,0.023700000000000002,0.47800000000000004,0.47700000000000004,0.0,0.013000000000000001,0.0,0.159,10.77
358450135,4,0,0.031,-0.012,-0.003,0.017,0.0,-0.0429,-0.0021000000000000003,12.47,0.0114,59288.0,0.038900000000000004,0.0,6962.0,57692.0,0.028900000000000002,0.4763,0.47300000000000003,0.0,-0.024,0.0,0.357,10.77
358455133,4,0,-0.053,-0.097,-0.009000000000000001,0.018000000000000002,0.0,-0.039,0.0021000000000000003,12.47,0.011000000000000001,59056.0,0.039,0.0,11960.0,57916.0,0.029,0.4763,0.47300000000000003,0.0,-0.024,0.0,-0.035,10.77
358459547,4,0,0.0,0.041,0.0,0.018000000000000002,0.0,-0.0415,-0.0029000000000000002,12.47,0.0109,59172.0,0.036000000000000004,0.0,16374.0,57916.0,0.0273,0.4751,0.47300000000000003,0.0,-0.042,0.0,-0.008,10.77
358462141,4,0,-0.078,-0.077,0.023,0.018000000000000002,0.0,-0.0431,0.0021000000000000003,12.47,0.010700000000000001,58824.0,0.0419,0.0,0.0,57916.0,0.032,0.4751,0.47300000000000003,0.0,-0.042,0.0,0.177,10.75
358466143,4,0,-0.036000000000000004,0.029,-0.005,0.018000000000000002,0.0,-0.0386,0.0059,12.47,0.0106,58708.0,0.0434,0.0,4002.0,57916.0,0.0315,0.4751,0.47300000000000003,0.0,-0.042,0.0,-0.048,10.75
358470546,4,0,-0.041,-0.095,0.025,0.019,0.0,-0.038,-0.0008,12.48,0.0106,58940.0,0.0345,0.0,8405.0,58140.0,0.0263,0.47400000000000003,0.47200000000000003,0.0,-0.056,0.0,0.138,10.75
358475148,4,0,0.005,-0.047,0.022,0.018000000000000002,0.0,-0.0333,-0.0044,12.48,0.010700000000000001,58824.0,0.027,0.0,13007.0,57692.0,0.0204,0.47400000000000003,0.47200000000000003,0.0,-0.056,0.0,-0.276,10.75
358479549,4,0,-0.022,-0.055,0.031,0.018000000000000002,0.0,-0.039400000000000004,0.0014,12.48,0.011000000000000001,58940.0,0.039,0.0,17408.0,58140.0,0.028800000000000003,0.47300000000000003,0.47100000000000003,0.0,-0.066,0.0,0.28700000000000003,10.75
358481550,4,0,-0.015,0.041,0.005,0.018000000000000002,0.0,-0.043300000000000005,0.0059,12.48,0.011000000000000001,58824.0,0.048,0.0,0.0,57916.0,0.034800000000000005,0.47300000000000003,0.47100000000000003,0.0,-0.066,0.0,-0.074,10.75
358486158,4,0,0.019,0.031,0.025,0.018000000000000002,0.0,-0.0495,-0.0013000000000000002,12.48,0.011000000000000001,59056.0,0.0465,0.0,4608.0,57692.0,0.0341,0.47300000000000003,0.47100000000000003,0.0,-0.066,0.0,-0.306,10.736
358490545,4,0,0.035,-0.043000000000000003,0.025,0.018000000000000002,0.0,-0.0359,-0.0038,12.48,0.011000000000000001,59056.0,0.0315,0.0,8995.0,57916.0,0.0227,0.47300000000000003,0.47300000000000003,0.0,-0.052000000000000005,0.0,-0.583,10.736
358495163,4,0,0.032,0.051000000000000004,-0.019,0.017,0.0,-0.038200000000000005,0.0012000000000000001,12.48,0.0112,59056.0,0.0375,0.0,13613.0,57916.0,0.027800000000000002,0.47300000000000003,0.47300000000000003,0.0,-0.052000000000000005,0.0,-0.382,10.736
358499546,4,0,0.019,-0.048,-0.002,0.017,0.0,-0.04,-0.0019,12.5,0.0114,59288.0,0.036000000000000004,0.0,17996.0,58140.0,0.027,0.47400000000000003,0.47600000000000003,0.0,-0.021,0.0,-0.014,10.736
358501546,4,0,0.058,0.033,-0.016,0.017,0.0,-0.0388,-0.0064,12.5,0.0115,58940.0,0.0315,0.0,0.0,58140.0,0.0229,0.47400000000000003,0.47600000000000003,0.0,-0.021,0.0,-0.016,10.736
358506171,4,0,0.073,-0.046,0.003,0.016,0.0,-0.0415,-0.0149,12.5,0.0119,59172.0,0.025500000000000002,0.0,4625.0,58140.0,0.0188,0.47400000000000003,0.47600000000000003,0.0,-0.021,0.0,0.223,10.771
358510546,4,0,0.051000000000000004,0.021,-0.038,0.015,0.0,-0.042,-0.006500000000000001,12.5,0.012100000000000001,59172.0,0.0345,0.0,9000.0,57916.0,0.0251,0.4747,0.47600000000000003,0.0,-0.003,0.0,-0.088,10.771
358515175,4,0,0.065,0.018000000000000002,-0.05,0.015,0.0,-0.0415,-0.0085,12.5,0.0123,59288.0,0.0315,0.0,13629.0,57916.0,0.0233,0.4747,0.47600000000000003,0.0,-0.003,0.0,-0.10400000000000001,10.771
358519544,4,0,0.061,-0.07100000000000001,-0.013000000000000001,0.014,0.0,-0.0376,-0.0152,12.5,0.0126,59288.0,0.021,0.0,17998.0,58140.0,0.0159,0.4752,0.47600000000000003,0.0,0.007,0.0,-0.279,10.771
358521544,4,0,0.042,-0.028,-0.012,0.014,0.0,-0.039900000000000005,-0.012400000000000001,12.5,0.012700000000000001,59404.0,0.025500000000000002,0.0,0.0,57916.0,0.0194,0.4752,0.47600000000000003,0.0,0.007,0.0,-0.108,10.771
358526224,4,0,0.001,-0.07,-0.019,0.014,0.0,-0.039900000000000005,-0.0039000000000000003,12.5,0.0126,59288.0,0.0345,0.0,4680.0,57916.0,0.025400000000000002,0.4752,0.47600000000000003,0.0,0.007,0.0,-0.34500000000000003,10.824
358530689,4,0,0.009000000000000001,0.022,-0.016,0.015,0.0,-0.0367,-0.0038,12.51,0.0125,59172.0,0.0316,0.0,9145.0,58140.0,0.023200000000000002,0.47550000000000003,0.47600000000000003,0.0,0.011,0.0,-0.14100000000000001,10.824
358535543,4,0,-0.034,-0.056,0.017,0.015,0.0,-0.0374,-0.0055000000000000005,12.51,0.012400000000000001,58824.0,0.030100000000000002,0.0,13999.0,57916.0,0.022500000000000003,0.47550000000000003,0.47600000000000003,0.0,0.011,0.0,0.40700000000000003,10.824
358537543,4,0,0.018000000000000002,0.024,0.009000000000000001,0.015,0.0,-0.0376,-0.0079,12.51,0.0123,58940.0,0.0286,0.0,15999.0,57916.0,0.021,0.4753,0.47500000000000003,0.0,0.006,0.0,0.298,10.824
358541543,4,0,-0.03,-0.073,0.039,0.015,0.0,-0.0383,-0.0068000000000000005,12.51,0.0123,59056.0,0.030100000000000002,0.0,0.0,58364.0,0.0223,0.4753,0.47500000000000003,0.0,0.006,0.0,0.17300000000000001,10.824
358547222,4,0,-0.003,-0.064,0.037,0.015,0.0,-0.034,0.0007,12.51,0.012100000000000001,59172.0,0.033100000000000004,0.0,5679.0,57916.0,0.0245,0.4752,0.47500000000000003,0.0,0.002,0.0,-0.124,10.721
358549546,4,0,-0.021,-0.077,0.037,0.015,0.0,-0.033600000000000005,-0.0059,12.51,0.0122,58824.0,0.0256,0.0,8003.0,57916.0,0.0196,0.4752,0.47500000000000003,0.0,0.002,0.0,0.40700000000000003,10.721
358554203,4,0,0.029,-0.049,0.035,0.015,0.0,-0.0363,-0.0066,12.51,0.012400000000000001,58940.0,0.0286,0.0,12660.0,58140.0,0.0211,0.4752,0.47500000000000003,0.0,0.002,0.0,0.14400000000000002,10.721
358558259,4,0,-0.021,0.003,0.031,0.014,0.0,-0.0369,0.0016,12.51,0.0126,59172.0,0.0376,0.0,16716.0,58140.0,0.027200000000000002,0.4751,0.47500000000000003,0.0,0.001,0.0,0.423,10.721
358562546,4,0,0.009000000000000001,-0.068,0.024,0.014,0.0,-0.0371,-0.0013000000000000002,12.530000000000001,0.0128,59056.0,0.0346,0.0,0.0,58140.0,0.0253,0.4751,0.47500000000000003,0.0,0.001,0.0,0.127,10.721
358567237,4,0,0.052000000000000005,0.019,-0.012,0.013000000000000001,0.0,-0.0376,-0.0044,12.530000000000001,0.0131,59404.0,0.0316,0.0,4691.0,58140.0,0.0235,0.4747,0.47400000000000003,0.0,-0.007,0.0,-0.163,10.766
358569546,4,0,0.008,-0.056,0.001,0.013000000000000001,0.0,-0.0375,-0.0006000000000000001,12.530000000000001,0.0132,59172.0,0.0361,0.0,7000.0,57916.0,0.0261,0.4747,0.47400000000000003,0.0,-0.007,0.0,-0.101,10.766
358574217,4,0,0.074,0.018000000000000002,-0.026000000000000002,0.013000000000000001,0.0,-0.0363,-0.0046,12.530000000000001,0.0134,59056.0,0.030100000000000002,0.0,11671.0,57916.0,0.0224,0.4747,0.47400000000000003,0.0,-0.007,0.0,-0.28400000000000003,10.766
358579220,4,0,0.035,-0.011,-0.029,0.012,0.0,-0.0383,-0.012100000000000001,12.530000000000001,0.013600000000000001,59056.0,0.0241,0.0,16674.0,57916.0,0.018500000000000003,0.4741,0.47300000000000003,0.0,-0.018000000000000002,0.0,-0.10200000000000001,10.766
358581297,4,0,0.106,0.013000000000000001,-0.04,0.012,0.0,-0.0368,-0.011000000000000001,12.530000000000001,0.0137,58940.0,0.0241,0.0,0.0,57916.0,0.0183,0.4741,0.47300000000000003,0.0,-0.018000000000000002,0.0,-0.512,10.766
358585546,4,0,-0.001,-0.036000000000000004,-0.023,0.012,0.0,-0.0398,-0.0077,12.530000000000001,0.013900000000000001,58708.0,0.030100000000000002,0.0,4249.0,58140.0,0.0227,0.4741,0.47300000000000003,0.0,-0.018000000000000002,0.0,-0.049,10.714
358590545,4,0,0.084,-0.039,-0.04,0.011,0.0,-0.0398,-0.011600000000000001,12.55,0.0142,59288.0,0.027100000000000003,0.0,9248.0,58140.0,0.0199,0.47440000000000004,0.47500000000000003,0.0,-0.008,0.0,-0.333,10.714
358595232,4,0,0.089,0.027,-0.025,0.011,0.0,-0.0395,-0.0078000000000000005,12.55,0.014400000000000001,59288.0,0.030100000000000002,0.0,13935.0,58140.0,0.0224,0.47440000000000004,0.47500000000000003,0.0,-0.008,0.0,-0.215,10.714
358599546,4,0,-0.02,-0.038,-0.011,0.01,0.0,-0.039,-0.010100000000000001,12.55,0.0145,59288.0,0.0286,0.0,18249.0,58140.0,0.0205,0.47500000000000003,0.47600000000000003,0.0,0.004,0.0,0.179,10.714
358602274,4,0,0.08700000000000001,0.017,-0.01,0.01,0.0,-0.0378,-0.011600000000000001,12.55,0.0145,58940.0,0.0256,0.0,0.0,58140.0,0.018500000000000003,0.47500000000000003,0.47600000000000003,0.0,0.004,0.0,0.013000000000000001,10.714
358607262,4,0,0.0,-0.006,0.012,0.01,0.0,-0.0396,-0.0148,12.55,0.0146,58940.0,0.0241,0.0,4988.0,58364.0,0.0176,0.4753,0.47600000000000003,0.0,0.011,0.0,0.378,10.775
358609408,4,0,0.083,0.023,0.005,0.01,0.0,-0.040400000000000005,-0.0134,12.55,0.0146,59056.0,0.0256,0.0,7134.0,58140.0,0.019100000000000002,0.4753,0.47600000000000003,0.0,0.011,0.0,0.082,10.775
358614285,4,0,-0.051000000000000004,-0.009000000000000001,0.027,0.01,0.0,-0.0397,-0.0059,12.55,0.0146,59288.0,0.0317,0.0,12011.0,58140.0,0.0239,0.4753,0.47600000000000003,0.0,0.011,0.0,0.234,10.775
358619299,4,0,-0.057,-0.048,0.028,0.01,0.0,-0.0376,-0.0021000000000000003,12.55,0.0145,59056.0,0.0347,0.0,17025.0,58140.0,0.0251,0.4752,0.47500000000000003,0.0,0.006,0.0,-0.23600000000000002,10.775
358621509,4,0,-0.109,-0.035,0.025,0.011,0.0,-0.0357,-0.0004,12.56,0.0143,59404.0,0.0347,0.0,0.0,58364.0,0.024900000000000002,0.4752,0.47500000000000003,0.0,0.006,0.0,0.20500000000000002,10.775
358626294,4,0,-0.021,-0.055,0.028,0.011,0.0,-0.0362,-0.0088,12.56,0.0143,59172.0,0.0257,0.0,4785.0,58140.0,0.0194,0.4752,0.47500000000000003,0.0,0.006,0.0,-0.077,10.764
358630690,4,0,-0.03,-0.014,0.013000000000000001,0.011,0.0,-0.0369,0.0027,12.56,0.014100000000000001,59056.0,0.037700000000000004,0.0,9181.0,58140.0,0.028,0.4751,0.47500000000000003,0.0,0.003,0.0,0.068,10.764
358633306,4,0,-0.004,-0.044,0.019,0.011,0.0,-0.0378,-0.003,12.56,0.014100000000000001,59172.0,0.0332,0.0,11797.0,58140.0,0.0246,0.4751,0.47500000000000003,0.0,0.003,0.0,-0.121,10.764
358637508,4,0,-0.009000000000000001,-0.014,0.006,0.011,0.0,-0.0376,-0.006200000000000001,12.56,0.014100000000000001,58940.0,0.0302,0.0,15999.0,57916.0,0.0221,0.4747,0.47400000000000003,0.0,-0.005,0.0,-0.001,10.764
358642302,4,0,-0.08600000000000001,-0.03,0.008,0.011,0.0,-0.0391,-0.0008,12.56,0.0142,59404.0,0.0362,0.0,0.0,58140.0,0.027100000000000003,0.4747,0.47400000000000003,0.0,-0.005,0.0,0.062,10.764
358646321,4,0,0.04,0.01,-0.011,0.011,0.0,-0.0398,-0.0001,12.56,0.0142,58940.0,0.037700000000000004,0.0,4019.0,58140.0,0.0281,0.4747,0.47400000000000003,0.0,-0.005,0.0,-0.429,10.672
358650543,4,0,-0.048,-0.024,-0.007,0.011,0.0,-0.036500000000000005,-0.0035,12.58,0.0143,59288.0,0.0317,0.0,8241.0,58140.0,0.0233,0.4748,0.47500000000000003,0.0,-0.002,0.0,-0.059000000000000004,10.672
358653354,4,0,0.049,0.007,-0.019,0.011,0.0,-0.0363,-0.003,12.58,0.014400000000000001,59404.0,0.0317,0.0,11052.0,58140.0,0.0236,0.4748,0.47500000000000003,0.0,-0.002,0.0,-0.449,10.672
358657508,4,0,-0.049,-0.014,-0.01,0.011,0.0,-0.038700000000000005,-0.0017000000000000001,12.58,0.014400000000000001,59404.0,0.0363,0.0,15206.0,58364.0,0.0262,0.47490000000000004,0.47500000000000003,0.0,-0.001,0.0,-0.094,10.672
358661508,4,0,0.057,-0.001,-0.008,0.01,0.0,-0.0368,-0.007500000000000001,12.58,0.0146,59288.0,0.027200000000000002,0.0,0.0,58140.0,0.0207,0.47490000000000004,0.47500000000000003,0.0,-0.001,0.0,-0.39,10.672
358666320,4,0,0.105,-0.002,-0.008,0.01,0.0,-0.038200000000000005,-0.011300000000000001,12.58,0.014700000000000001,59524.0,0.0257,0.0,4812.0,58140.0,0.019100000000000002,0.47490000000000004,0.47500000000000003,0.0,-0.001,0.0,-0.10300000000000001,10.775
358670508,4,0,-0.043000000000000003,-0.012,-0.009000000000000001,0.01,0.0,-0.038700000000000005,-0.0088,12.58,0.0148,59172.0,0.0287,0.0,9000.0,58140.0,0.0211,0.47600000000000003,0.47800000000000004,0.0,0.021,0.0,0.203,10.775
358675323,4,0,0.133,0.013000000000000001,-0.002,0.009000000000000001,0.0,-0.041800000000000004,-0.015600000000000001,12.58,0.0152,59524.0,0.0257,0.0,13815.0,58140.0,0.018500000000000003,0.47600000000000003,0.47800000000000004,0.0,0.021,0.0,-0.023,10.775
358677356,4,0,-0.021,-0.003,0.005,0.009000000000000001,0.0,-0.041,-0.014700000000000001,12.58,0.0152,59172.0,0.0257,0.0,15848.0,58592.0,0.018500000000000003,0.47740000000000005,0.48000000000000004,0.0,0.045,0.0,0.125,10.775
358682329,4,0,0.096,0.024,-0.008,0.009000000000000001,0.0,-0.0426,-0.005,12.59,0.015300000000000001,59288.0,0.0363,0.0,0.0,58364.0,0.026600000000000002,0.47740000000000005,0.48000000000000004,0.0,0.045,0.0,-0.321,10.775
358686333,4,0,0.002,-0.008,0.005,0.009000000000000001,0.0,-0.0403,-0.0151,12.59,0.015300000000000001,59172.0,0.024200000000000003,0.0,4004.0,58364.0,0.0178,0.47740000000000005,0.48000000000000004,0.0,0.045,0.0,-0.017,10.765
358690507,4,0,0.04,0.023,-0.002,0.009000000000000001,0.0,-0.042,-0.0119,12.59,0.0154,59524.0,0.0287,0.0,8178.0,58140.0,0.0213,0.4766,0.47500000000000003,0.0,0.019,0.0,-0.17,10.765
358695339,4,0,0.089,0.012,-0.007,0.009000000000000001,0.0,-0.0407,-0.013900000000000001,12.59,0.015300000000000001,59404.0,0.0257,0.0,13010.0,58364.0,0.019,0.4766,0.47500000000000003,0.0,0.019,0.0,-0.152,10.765
358697364,4,0,0.026000000000000002,0.022,-0.008,0.009000000000000001,0.0,-0.0408,-0.011000000000000001,12.59,0.015300000000000001,59172.0,0.0287,0.0,15035.0,58592.0,0.021,0.4743,0.47000000000000003,0.0,-0.03,0.0,-0.257,10.765
358701508,4,0,-0.01,-0.009000000000000001,-0.001,0.009000000000000001,0.0,-0.041800000000000004,-0.0045000000000000005,12.59,0.015000000000000001,59288.0,0.0363,0.0,0.0,58364.0,0.0263,0.4743,0.47000000000000003,0.0,-0.03,0.0,-0.151,10.765
358707371,4,0,-0.113,-0.03,-0.011,0.011,0.0,-0.040400000000000005,0.005,12.59,0.0142,59288.0,0.0439,0.0,5863.0,58364.0,0.0322,0.4728,0.47000000000000003,0.0,-0.054,0.0,-0.003,10.787
358709544,4,0,0.056,-0.006,-0.023,0.011,0.0,-0.040100000000000004,-0.0051,12.59,0.0142,59404.0,0.034800000000000005,0.0,8036.0,58140.0,0.024800000000000003,0.4728,0.47000000000000003,0.0,-0.054,0.0,0.031,10.787
358714312,4,0,-0.157,-0.03,-0.005,0.012,0.0,-0.0407,0.002,12.59,0.013900000000000001,59640.0,0.0408,0.0,12804.0,58140.0,0.0302,0.4728,0.47000000000000003,0.0,-0.054,0.0,0.183,10.787
358718363,4,0,-0.043000000000000003,0.026000000000000002,-0.002,0.012,0.0,-0.0419,0.0081,12.61,0.013600000000000001,59524.0,0.0485,0.0,16855.0,58364.0,0.035300000000000005,0.47140000000000004,0.46900000000000003,0.0,-0.07,0.0,-0.266,10.787
358722544,4,0,-0.048,-0.043000000000000003,0.006,0.013000000000000001,0.0,-0.0393,-0.0071,12.61,0.013300000000000001,59172.0,0.0303,0.0,0.0,58140.0,0.0227,0.47140000000000004,0.46900000000000003,0.0,-0.07,0.0,-0.008,10.787
358725323,4,0,-0.003,0.027,-0.001,0.013000000000000001,0.0,-0.040400000000000005,-0.0027,12.61,0.0134,59404.0,0.0364,0.0,2779.0,58364.0,0.0267,0.47140000000000004,0.46900000000000003,0.0,-0.07,0.0,-0.258,10.787
358729543,4,0,-0.049,-0.027,0.02,0.013000000000000001,0.0,-0.043300000000000005,0.0016,12.61,0.013300000000000001,59172.0,0.0439,0.0,6999.0,58364.0,0.0318,0.4716,0.47200000000000003,0.0,-0.052000000000000005,0.0,0.246,10.736
358734367,4,0,-0.014,0.01,0.02,0.013000000000000001,0.0,-0.042100000000000005,-0.0057,12.61,0.0135,59404.0,0.034800000000000005,0.0,11823.0,58364.0,0.0258,0.4716,0.47200000000000003,0.0,-0.052000000000000005,0.0,0.117,10.736
358739332,4,0,0.08700000000000001,0.047,0.011,0.012,0.0,-0.0426,-0.0123,12.61,0.013900000000000001,59640.0,0.028800000000000003,0.0,16788.0,58140.0,0.021400000000000002,0.47250000000000003,0.47400000000000003,0.0,-0.025,0.0,-0.002,10.736
358741335,4,0,-0.037,0.028,0.016,0.012,0.0,-0.0434,0.0007,12.61,0.013900000000000001,59288.0,0.0424,0.0,0.0,58364.0,0.031200000000000002,0.47250000000000003,0.47400000000000003,0.0,-0.025,0.0,0.146,10.736
358745514,4,0,0.129,0.001,0.014,0.011,0.0,-0.0412,-0.0029000000000000002,12.61,0.0142,59524.0,0.0364,0.0,4179.0,58592.0,0.027100000000000003,0.47250000000000003,0.47400000000000003,0.0,-0.025,0.0,0.003,10.736
358750507,4,0,0.042,-0.031,0.007,0.011,0.0,-0.0425,-0.01,12.620000000000001,0.014400000000000001,59524.0,0.0318,0.0,9172.0,58708.0,0.023,0.4737,0.47600000000000003,0.0,0.005,0.0,-0.082,10.665000000000001
358755384,4,0,0.021,0.043000000000000003,-0.02,0.01,0.0,-0.0446,-0.0044,12.620000000000001,0.0146,59524.0,0.0379,0.0,14049.0,58364.0,0.0284,0.4737,0.47600000000000003,0.0,0.005,0.0,-0.012,10.665000000000001
358757404,4,0,0.027,-0.003,-0.01,0.01,0.0,-0.047400000000000005,-0.0068000000000000005,12.620000000000001,0.0146,59640.0,0.039400000000000004,0.0,16069.0,58824.0,0.028800000000000003,0.47490000000000004,0.47700000000000004,0.0,0.027,0.0,0.046,10.665000000000001
358761507,4,0,0.051000000000000004,0.048,-0.04,0.01,0.0,-0.0456,-0.0073,12.620000000000001,0.0146,59524.0,0.0364,0.0,0.0,58364.0,0.027100000000000003,0.47490000000000004,0.47700000000000004,0.0,0.027,0.0,-0.033,10.665000000000001
358765507,4,0,0.045,-0.039,-0.031,0.01,0.0,-0.0405,-0.0097,12.620000000000001,0.0146,59404.0,0.0303,0.0,4000.0,58140.0,0.0218,0.47490000000000004,0.47700000000000004,0.0,0.027,0.0,-0.077,10.665000000000001
358769519,4,0,-0.06,0.019,-0.048,0.011,0.0,-0.0431,-0.0014,12.620000000000001,0.014400000000000001,59404.0,0.039400000000000004,0.0,8012.0,58364.0,0.029500000000000002,0.4753,0.47600000000000003,0.0,0.029,0.0,-0.233,10.754
358774503,4,0,-0.001,0.024,-0.027,0.011,0.0,-0.0432,-0.0015,12.620000000000001,0.014,59640.0,0.0409,0.0,12996.0,58364.0,0.029500000000000002,0.4753,0.47600000000000003,0.0,0.029,0.0,0.121,10.754
358779356,4,0,-0.021,-0.053,-0.019,0.012,0.0,-0.0405,-0.0056,12.64,0.0137,59640.0,0.0334,0.0,17849.0,58364.0,0.0247,0.4752,0.47500000000000003,0.0,0.022,0.0,0.195,10.754
358781397,4,0,0.026000000000000002,0.029,-0.012,0.012,0.0,-0.0427,-0.0081,12.64,0.0137,59524.0,0.0334,0.0,0.0,58592.0,0.0245,0.4752,0.47500000000000003,0.0,0.022,0.0,0.2,10.754
358785506,4,0,-0.082,-0.061,0.015,0.013000000000000001,0.0,-0.043500000000000004,-0.001,12.64,0.0134,59640.0,0.041,0.0,4109.0,58364.0,0.030100000000000002,0.4752,0.47500000000000003,0.0,0.022,0.0,0.046,10.754
358789507,4,0,0.002,0.04,0.013000000000000001,0.013000000000000001,0.0,-0.0424,0.0001,12.64,0.0132,59640.0,0.041,0.0,8110.0,58592.0,0.030000000000000002,0.47550000000000003,0.47600000000000003,0.0,0.023,0.0,-0.214,10.715
358794427,4,0,-0.019,-0.034,0.04,0.013000000000000001,0.0,-0.0409,0.0008,12.64,0.0132,59760.0,0.0395,0.0,13030.0,58592.0,0.029400000000000003,0.47550000000000003,0.47600000000000003,0.0,0.023,0.0,0.13,10.715
358798506,4,0,-0.031,-0.016,0.056,0.013000000000000001,0.0,-0.0415,0.0046,12.64,0.0131,59404.0,0.044000000000000004,0.0,17109.0,58364.0,0.032600000000000004,0.4756,0.47600000000000003,0.0,0.022,0.0,-0.126,10.715
358803459,4,0,-0.01,0.058,0.041,0.013000000000000001,0.0,-0.043300000000000005,0.0071,12.64,0.0132,59760.0,0.050100000000000006,0.0,0.0,58708.0,0.0357,0.4756,0.47600000000000003,0.0,0.022,0.0,-0.011,10.715
358805506,4,0,-0.016,0.014,0.055,0.013000000000000001,0.0,-0.0443,0.006,12.64,0.0132,59640.0,0.048600000000000004,0.0,2047.0,58364.0,0.0356,0.4756,0.47600000000000003,0.0,0.022,0.0,-0.294,10.715
358809532,4,0,-0.008,0.015,0.026000000000000002,0.013000000000000001,0.0,-0.0422,0.0031000000000000003,12.66,0.0134,59640.0,0.0441,0.0,6073.0,58364.0,0.032,0.4758,0.47600000000000003,0.0,0.02,0.0,0.055,10.746
358814426,4,0,-0.048,-0.045,0.033,0.013000000000000001,0.0,-0.0429,0.0092,12.66,0.0134,59760.0,0.0502,0.0,10967.0,58592.0,0.0368,0.4758,0.47600000000000003,0.0,0.02,0.0,-0.078,10.746
358819434,4,0,-0.015,0.005,-0.018000000000000002,0.013000000000000001,0.0,-0.0417,0.0018000000000000002,12.66,0.0132,59640.0,0.0426,0.0,15975.0,58592.0,0.0307,0.47590000000000005,0.47600000000000003,0.0,0.018000000000000002,0.0,-0.313,10.746
358821507,4,0,-0.034,-0.055,-0.009000000000000001,0.013000000000000001,0.0,-0.0419,0.0022,12.66,0.0132,59524.0,0.0426,0.0,0.0,58592.0,0.031200000000000002,0.47590000000000005,0.47600000000000003,0.0,0.018000000000000002,0.0,-0.012,10.746
358826429,4,0,0.015,0.028,-0.04,0.014,0.0,-0.046200000000000005,-0.0021000000000000003,12.66,0.013000000000000001,59524.0,0.0426,0.0,4922.0,58364.0,0.031200000000000002,0.47590000000000005,0.47600000000000003,0.0,0.018000000000000002,0.0,-0.248,10.746
358830676,4,0,0.004,0.012,-0.026000000000000002,0.013000000000000001,0.0,-0.0425,-0.004200000000000001,12.66,0.0131,59640.0,0.036500000000000005,0.0,9169.0,58364.0,0.027,0.4763,0.47700000000000004,0.0,0.022,0.0,-0.012,10.721
358833300,4,0,0.02,0.073,-0.049,0.014,0.0,-0.0444,-0.002,12.66,0.013000000000000001,59524.0,0.041100000000000005,0.0,11793.0,58364.0,0.030000000000000002,0.4763,0.47700000000000004,0.0,0.022,0.0,-0.217,10.721
358837419,4,0,-0.01,0.006,-0.057,0.013000000000000001,0.0,-0.0444,-0.0006000000000000001,12.66,0.0131,59640.0,0.0426,0.0,15912.0,58708.0,0.0309,0.4758,0.47500000000000003,0.0,0.009000000000000001,0.0,0.179,10.721
358841439,4,0,-0.006,0.0,-0.029,0.014,0.0,-0.0449,-0.0011,12.67,0.013000000000000001,59640.0,0.0426,0.0,0.0,58140.0,0.031,0.4758,0.47500000000000003,0.0,0.009000000000000001,0.0,-0.276,10.721
358845507,4,0,0.037,0.052000000000000005,-0.006,0.014,0.0,-0.0448,-0.0078000000000000005,12.67,0.013000000000000001,59760.0,0.036500000000000005,0.0,4068.0,58708.0,0.0262,0.4758,0.47500000000000003,0.0,0.009000000000000001,0.0,-0.042,10.721
358849531,4,0,-0.01,-0.043000000000000003,-0.015,0.014,0.0,-0.0427,-0.0049,12.67,0.013000000000000001,59524.0,0.036500000000000005,0.0,8092.0,58364.0,0.0267,0.4748,0.47300000000000003,0.0,-0.012,0.0,-0.125,10.675
358854457,4,0,0.064,0.032,0.004,0.014,0.0,-0.0434,-0.0078000000000000005,12.67,0.0129,59404.0,0.035,0.0,13018.0,58592.0,0.0252,0.4748,0.47300000000000003,0.0,-0.012,0.0,-0.34400000000000003,10.675
358859453,4,0,0.012,0.052000000000000005,0.033,0.013000000000000001,0.0,-0.0438,-0.007,12.67,0.013000000000000001,59760.0,0.036500000000000005,0.0,18014.0,58364.0,0.026000000000000002,0.4742,0.47300000000000003,0.0,-0.023,0.0,-0.063,10.675
358861506,4,0,0.039,0.049,0.023,0.014,0.0,-0.0454,-0.0036000000000000003,12.67,0.013000000000000001,59404.0,0.041100000000000005,0.0,0.0,58364.0,0.0296,0.4742,0.47300000000000003,0.0,-0.023,0.0,-0.39,10.675
358867482,4,0,-0.014,0.07100000000000001,0.029,0.014,0.0,-0.044500000000000005,0.0004,12.67,0.0129,59760.0,0.0426,0.0,5976.0,58708.0,0.0318,0.4738,0.47300000000000003,0.0,-0.027,0.0,-0.122,10.675
358869531,4,0,-0.028,0.001,0.042,0.014,0.0,-0.0434,0.0043,12.67,0.0128,59760.0,0.0472,0.0,8025.0,58364.0,0.0337,0.4738,0.47300000000000003,0.0,-0.027,0.0,-0.31,10.675
358874470,4,0,0.012,0.062,0.011,0.014,0.0,-0.042300000000000004,-0.0054,12.69,0.0126,59524.0,0.0366,0.0,12964.0,58364.0,0.0261,0.4738,0.47300000000000003,0.0,-0.027,0.0,0.024,10.702
358878517,4,0,-0.084,-0.046,0.014,0.015,0.0,-0.042100000000000005,0.0012000000000000001,12.69,0.0125,59880.0,0.0427,0.0,17011.0,58364.0,0.030600000000000002,0.47390000000000004,0.47400000000000003,0.0,-0.02,0.0,0.20400000000000001,10.702
358883517,4,0,-0.009000000000000001,0.006,0.001,0.015,0.0,-0.0425,0.0009000000000000001,12.69,0.0122,59640.0,0.0427,0.0,0.0,58364.0,0.0307,0.47390000000000004,0.47400000000000003,0.0,-0.02,0.0,-0.098,10.702
358885527,4,0,-0.07100000000000001,-0.044,0.003,0.015,0.0,-0.0429,-0.0009000000000000001,12.69,0.0122,59760.0,0.0396,0.0,2010.0,58364.0,0.0297,0.47390000000000004,0.47400000000000003,0.0,-0.02,0.0,0.309,10.702
358890540,4,0,-0.005,0.002,-0.043000000000000003,0.016,0.0,-0.0415,0.0025,12.69,0.0119,59640.0,0.0427,0.0,7023.0,58364.0,0.031200000000000002,0.4743,0.47500000000000003,0.0,-0.008,0.0,-0.124,10.709
358893527,4,0,-0.037,-0.02,-0.023,0.016,0.0,-0.0432,-0.0048000000000000004,12.69,0.0119,59880.0,0.0366,0.0,10010.0,58824.0,0.027100000000000003,0.4743,0.47500000000000003,0.0,-0.008,0.0,0.319,10.709
358899483,4,0,-0.023,-0.038,-0.014,0.016,0.0,-0.0427,-0.0013000000000000002,12.69,0.0119,59880.0,0.0396,0.0,15966.0,58140.0,0.029300000000000003,0.47450000000000003,0.47500000000000003,0.0,-0.001,0.0,0.15,10.709
358901484,4,0,-0.037,0.014,-0.03,0.016,0.0,-0.0429,0.0039000000000000003,12.69,0.0119,59880.0,0.0442,0.0,0.0,58592.0,0.033100000000000004,0.47450000000000003,0.47500000000000003,0.0,-0.001,0.0,0.198,10.709
358906512,4,0,-0.024,-0.039,-0.008,0.016,0.0,-0.042100000000000005,0.005200000000000001,12.700000000000001,0.012,60000.0,0.0458,0.0,5028.0,58824.0,0.0335,0.47450000000000003,0.47500000000000003,0.0,-0.001,0.0,-0.077,10.709
358911494,4,0,0.024,0.035,-0.007,0.016,0.0,-0.0448,0.0059,12.700000000000001,0.0119,59880.0,0.0488,0.0,10010.0,58592.0,0.0358,0.4747,0.47500000000000003,0.0,0.003,0.0,-0.331,10.726
358913540,4,0,-0.034,-0.02,0.003,0.016,0.0,-0.045000000000000005,0.0067,12.700000000000001,0.0119,59640.0,0.0504,0.0,12056.0,58364.0,0.0366,0.4747,0.47500000000000003,0.0,0.003,0.0,-0.028,10.726
358918546,4,0,0.045,0.032,0.012,0.016,0.0,-0.0436,0.0008,12.700000000000001,0.0118,59880.0,0.0443,0.0,17062.0,58364.0,0.031400000000000004,0.4748,0.47500000000000003,0.0,0.004,0.0,-0.188,10.726
358921502,4,0,-0.019,0.003,0.038,0.016,0.0,-0.046700000000000005,-0.0033,12.700000000000001,0.0117,59880.0,0.0427,0.0,0.0,58824.0,0.0307,0.4748,0.47500000000000003,0.0,0.004,0.0,0.189,10.726
358926503,4,0,0.029,-0.008,0.02,0.016,0.0,-0.043000000000000003,-0.0019,12.700000000000001,0.0117,59880.0,0.0397,0.0,5001.0,58940.0,0.029,0.4748,0.47500000000000003,0.0,0.004,0.0,-0.353,10.726
358930634,4,0,0.011,0.047,0.015,0.017,0.0,-0.0461,0.0004,12.700000000000001,0.011600000000000001,60000.0,0.0443,0.0,9132.0,58592.0,0.0329,0.47490000000000004,0.47500000000000003,0.0,0.005,0.0,-0.095,10.726
358933570,4,0,0.042,-0.003,0.021,0.016,0.0,-0.0465,-0.0031000000000000003,12.700000000000001,0.011600000000000001,60000.0,0.0427,0.0,12068.0,58940.0,0.0307,0.47490000000000004,0.47500000000000003,0.0,0.005,0.0,-0.064,10.755
358938559,4,0,0.055,0.049,0.009000000000000001,0.017,0.0,-0.046700000000000005,-0.002,12.72,0.0115,60000.0,0.0443,0.0,17057.0,58592.0,0.0316,0.4742,0.47300000000000003,0.0,-0.009000000000000001,0.0,0.17200000000000001,10.755
358941509,4,0,-0.004,-0.01,-0.001,0.017,0.0,-0.0476,-0.0026000000000000003,12.72,0.011600000000000001,60000.0,0.042800000000000005,0.0,0.0,58592.0,0.0318,0.4742,0.47300000000000003,0.0,-0.009000000000000001,0.0,0.14100000000000001,10.755
358946519,4,0,0.08,0.011,-0.009000000000000001,0.017,0.0,-0.0434,-0.0039000000000000003,12.72,0.011600000000000001,59524.0,0.0397,0.0,5010.0,58592.0,0.0279,0.4742,0.47300000000000003,0.0,-0.009000000000000001,0.0,-0.249,10.755
358951519,4,0,0.003,0.023,-0.018000000000000002,0.017,0.0,-0.046700000000000005,-0.0012000000000000001,12.72,0.0115,60000.0,0.0443,0.0,10010.0,58824.0,0.032100000000000004,0.4731,0.47100000000000003,0.0,-0.03,0.0,-0.07100000000000001,10.755
358953576,4,0,0.065,0.015,-0.024,0.017,0.0,-0.046200000000000005,-0.0007,12.72,0.0115,60000.0,0.0443,0.0,12067.0,58592.0,0.0322,0.4731,0.47100000000000003,0.0,-0.03,0.0,-0.401,10.716000000000001
358958573,4,0,0.01,0.015,-0.032,0.017,0.0,-0.045200000000000004,-0.0035,12.72,0.0114,59760.0,0.0413,0.0,17064.0,58824.0,0.029500000000000002,0.47240000000000004,0.47100000000000003,0.0,-0.038,0.0,0.15,10.716000000000001
358961663,4,0,0.048,-0.004,-0.019,0.017,0.0,-0.045000000000000005,-0.003,12.72,0.0115,59640.0,0.0413,0.0,0.0,58592.0,0.0297,0.47240000000000004,0.47100000000000003,0.0,-0.038,0.0,-0.091,10.716000000000001
358966532,4,0,0.054,0.021,-0.027,0.017,0.0,-0.0459,-0.0018000000000000002,12.72,0.0114,60120.0,0.042800000000000005,0.0,4869.0,58708.0,0.031200000000000002,0.47240000000000004,0.47100000000000003,0.0,-0.038,0.0,-0.098,10.716000000000001
358971535,4,0,-0.08,-0.002,-0.008,0.017,0.0,-0.044000000000000004,0.0046,12.74,0.0112,60000.0,0.047400000000000005,0.0,9872.0,58824.0,0.0344,0.47150000000000003,0.47000000000000003,0.0,-0.047,0.0,0.033,10.716000000000001
358973584,4,0,0.035,0.009000000000000001,0.003,0.017,0.0,-0.0436,0.0031000000000000003,12.74,0.0112,59880.0,0.0459,0.0,11921.0,58940.0,0.033,0.47150000000000003,0.47000000000000003,0.0,-0.047,0.0,-0.15,10.771
358978587,4,0,-0.145,-0.006,0.014,0.018000000000000002,0.0,-0.043500000000000004,0.0106,12.74,0.0108,60000.0,0.0536,0.0,16924.0,58940.0,0.038200000000000005,0.4717,0.47200000000000003,0.0,-0.035,0.0,0.315,10.771
358983590,4,0,-0.052000000000000005,-0.008,0.014,0.018000000000000002,0.0,-0.0437,-0.0012000000000000001,12.74,0.010700000000000001,60000.0,0.0413,0.0,0.0,58592.0,0.030000000000000002,0.4717,0.47200000000000003,0.0,-0.035,0.0,0.023,10.771
358986544,4,0,-0.10400000000000001,-0.002,0.033,0.019,0.0,-0.0436,0.0076,12.74,0.010400000000000001,60000.0,0.0505,0.0,2954.0,58940.0,0.0362,0.4717,0.47200000000000003,0.0,-0.035,0.0,0.319,10.771
358991548,4,0,-0.08600000000000001,-0.01,0.029,0.019,0.0,-0.0442,0.0008,12.74,0.0103,60000.0,0.0444,0.0,7958.0,58708.0,0.0318,0.47250000000000003,0.47400000000000003,0.0,-0.012,0.0,-0.076,10.771
358993745,4,0,-0.08,-0.009000000000000001,0.03,0.02,0.0,-0.043500000000000004,0.0024000000000000002,12.74,0.010100000000000001,60120.0,0.0459,0.0,10155.0,58592.0,0.0325,0.47250000000000003,0.47400000000000003,0.0,-0.012,0.0,0.019,10.771
358998600,4,0,-0.083,-0.015,0.027,0.02,0.0,-0.043000000000000003,0.0081,12.74,0.01,60000.0,0.049,0.0,15010.0,58364.0,0.0361,0.47340000000000004,0.47500000000000003,0.0,0.008,0.0,-0.013000000000000001,10.754
359001555,4,0,-0.006,-0.006,0.029,0.02,0.0,-0.0429,0.0036000000000000003,12.74,0.01,60000.0,0.0444,0.0,0.0,58364.0,0.0329,0.47340000000000004,0.47500000000000003,0.0,0.008,0.0,0.137,10.754
359006596,4,0,-0.07200000000000001,-0.018000000000000002,0.007,0.02,0.0,-0.0442,0.004200000000000001,12.75,0.01,59880.0,0.0475,0.0,5041.0,58592.0,0.0342,0.47340000000000004,0.47500000000000003,0.0,0.008,0.0,0.28600000000000003,10.754
359011563,4,0,-0.003,0.023,0.001,0.02,0.0,-0.0454,0.005200000000000001,12.75,0.010100000000000001,60000.0,0.049,0.0,10008.0,59172.0,0.0358,0.47390000000000004,0.47500000000000003,0.0,0.018000000000000002,0.0,-0.014,10.754
359013611,4,0,-0.062,-0.015,0.005,0.02,0.0,-0.044500000000000005,0.0047,12.75,0.010100000000000001,60120.0,0.0475,0.0,12056.0,58940.0,0.034800000000000005,0.47390000000000004,0.47500000000000003,0.0,0.018000000000000002,0.0,0.11,10.754
359018615,4,0,-0.01,0.031,-0.027,0.019,0.0,-0.0442,0.0046,12.75,0.0102,59760.0,0.0475,0.0,17060.0,58592.0,0.0345,0.4747,0.47600000000000003,0.0,0.029,0.0,-0.185,10.691
359021579,4,0,-0.038,-0.019,-0.028,0.02,0.0,-0.045000000000000005,0.0039000000000000003,12.75,0.010100000000000001,60120.0,0.0475,0.0,0.0,58708.0,0.0345,0.4747,0.47600000000000003,0.0,0.029,0.0,0.043000000000000003,10.691
359025741,4,0,0.025,0.035,-0.021,0.019,0.0,-0.0438,-0.0036000000000000003,12.75,0.0103,60120.0,0.0398,0.0,4162.0,58592.0,0.0284,0.4747,0.47600000000000003,0.0,0.029,0.0,-0.044,10.691
359030673,4,0,0.076,0.02,-0.03,0.019,0.0,-0.046,-0.0007,12.75,0.0102,60120.0,0.0444,0.0,9094.0,58824.0,0.032,0.47550000000000003,0.47700000000000004,0.0,0.039,0.0,0.02,10.691
359033622,4,0,-0.005,0.015,-0.039,0.019,0.0,-0.0437,-0.0073,12.75,0.0102,60000.0,0.0352,0.0,12043.0,58940.0,0.0257,0.47550000000000003,0.47700000000000004,0.0,0.039,0.0,-0.005,10.691
359038628,4,0,0.061,0.042,-0.007,0.019,0.0,-0.0446,0.0014,12.77,0.0103,60120.0,0.044500000000000005,0.0,17049.0,59056.0,0.0325,0.47600000000000003,0.47700000000000004,0.0,0.042,0.0,-0.112,10.727
359041581,4,0,-0.045,-0.007,0.005,0.019,0.0,-0.0456,-0.0021000000000000003,12.77,0.0102,60120.0,0.043000000000000003,0.0,0.0,58592.0,0.0308,0.47600000000000003,0.47700000000000004,0.0,0.042,0.0,-0.031,10.727
359046587,4,0,0.039,0.049,-0.027,0.019,0.0,-0.0451,-0.0011,12.77,0.0102,60000.0,0.043000000000000003,0.0,5006.0,58592.0,0.031100000000000003,0.47600000000000003,0.47700000000000004,0.0,0.042,0.0,-0.07100000000000001,10.727
359051586,4,0,0.039,0.012,0.02,0.02,0.0,-0.0444,-0.0037,12.77,0.010100000000000001,60120.0,0.039900000000000005,0.0,10005.0,58940.0,0.028800000000000003,0.47640000000000005,0.47700000000000004,0.0,0.041,0.0,0.069,10.727
359053636,4,0,0.041,0.048,0.017,0.02,0.0,-0.044500000000000005,-0.0024000000000000002,12.77,0.01,60120.0,0.039900000000000005,0.0,12055.0,58708.0,0.0298,0.47640000000000005,0.47700000000000004,0.0,0.041,0.0,-0.122,10.727
359058600,4,0,0.019,0.013000000000000001,0.002,0.02,0.0,-0.0453,0.0001,12.77,0.0099,60240.0,0.044500000000000005,0.0,17019.0,58592.0,0.032100000000000004,0.4766,0.47700000000000004,0.0,0.037,0.0,-0.109,10.785
359061594,4,0,-0.06,0.02,0.004,0.02,0.0,-0.0439,0.0097,12.77,0.0097,60120.0,0.0522,0.0,0.0,58592.0,0.0379,0.4766,0.47700000000000004,0.0,0.037,0.0,-0.29,10.785
359066640,4,0,0.035,0.046,0.007,0.021,0.0,-0.0448,0.0002,12.77,0.009600000000000001,60360.0,0.044500000000000005,0.0,5046.0,58824.0,0.0318,0.4766,0.47700000000000004,0.0,0.037,0.0,-0.057,10.785
359071603,4,0,-0.049,-0.04,0.01,0.021,0.0,-0.043000000000000003,0.0083,12.77,0.0094,60120.0,0.049100000000000005,0.0,10009.0,58592.0,0.0363,0.47640000000000005,0.47600000000000003,0.0,0.025,0.0,0.249,10.785
359073650,4,0,0.003,0.045,-0.006,0.021,0.0,-0.0441,0.0073,12.790000000000001,0.0094,60000.0,0.0507,0.0,12056.0,58592.0,0.0364,0.47640000000000005,0.47600000000000003,0.0,0.025,0.0,0.185,10.785
359078655,4,0,-0.041,-0.048,0.01,0.022,0.0,-0.043500000000000004,0.0045000000000000005,12.790000000000001,0.0092,60120.0,0.0476,0.0,17061.0,59056.0,0.034,0.47690000000000005,0.47800000000000004,0.0,0.032,0.0,0.034,10.697000000000001
359083659,4,0,-0.038,-0.004,-0.006,0.022,0.0,-0.0434,0.0024000000000000002,12.790000000000001,0.009000000000000001,60484.0,0.0446,0.0,0.0,58364.0,0.0323,0.47690000000000005,0.47800000000000004,0.0,0.032,0.0,-0.013000000000000001,10.697000000000001
359086655,4,0,-0.005,-0.008,-0.01,0.022,0.0,-0.044700000000000004,0.004200000000000001,12.790000000000001,0.009000000000000001,60120.0,0.0476,0.0,2996.0,58708.0,0.0346,0.47690000000000005,0.47800000000000004,0.0,0.032,0.0,0.432,10.697000000000001
359089752,4,0,-0.025,0.038,-0.017,0.022,0.0,-0.0431,0.006900000000000001,12.790000000000001,0.0089,60000.0,0.0476,0.0,6093.0,58824.0,0.0354,0.4777,0.47900000000000004,0.0,0.04,0.0,0.08,10.697000000000001
359094656,4,0,0.021,0.058,-0.008,0.022,0.0,-0.0473,0.0027,12.790000000000001,0.0089,60240.0,0.0492,0.0,10997.0,58940.0,0.0354,0.4777,0.47900000000000004,0.0,0.04,0.0,0.166,10.697000000000001
359097645,4,0,-0.006,0.011,-0.012,0.022,0.0,-0.0463,0.002,12.790000000000001,0.0088,60240.0,0.0461,0.0,13986.0,58940.0,0.0342,0.47850000000000004,0.48000000000000004,0.0,0.048,0.0,-0.157,10.717
359102626,4,0,0.025,0.077,-0.013000000000000001,0.023,0.0,-0.0446,0.0037,12.790000000000001,0.008700000000000001,60120.0,0.0461,0.0,0.0,58824.0,0.0342,0.47850000000000004,0.48000000000000004,0.0,0.048,0.0,-0.016,10.717
359106669,4,0,-0.02,-0.04,0.007,0.022,0.0,-0.045700000000000005,0.0039000000000000003,12.8,0.008700000000000001,60608.0,0.0477,0.0,4043.0,59172.0,0.0351,0.47850000000000004,0.48000000000000004,0.0,0.048,0.0,-0.014,10.717
359111633,4,0,0.004,0.01,0.003,0.023,0.0,-0.045000000000000005,0.0044,12.8,0.0086,60120.0,0.0492,0.0,9007.0,58940.0,0.035,0.47900000000000004,0.48000000000000004,0.0,0.049,0.0,-0.094,10.717
359113676,4,0,-0.017,-0.057,0.01,0.023,0.0,-0.0437,0.0025,12.8,0.008700000000000001,60240.0,0.046200000000000005,0.0,11050.0,59288.0,0.032600000000000004,0.47900000000000004,0.48000000000000004,0.0,0.049,0.0,0.10300000000000001,10.717
359118681,4,0,0.025,0.016,0.009000000000000001,0.023,0.0,-0.045700000000000005,-0.0002,12.8,0.0086,60240.0,0.0446,0.0,16055.0,58592.0,0.0322,0.4787,0.47800000000000004,0.0,0.032,0.0,-0.227,10.63
359121764,4,0,0.01,-0.028,0.021,0.023,0.0,-0.0458,-0.0034000000000000002,12.8,0.008700000000000001,60240.0,0.0415,0.0,0.0,58824.0,0.030000000000000002,0.4787,0.47800000000000004,0.0,0.032,0.0,0.114,10.63
359126681,4,0,0.007,-0.028,0.006,0.023,0.0,-0.0466,0.0011,12.8,0.0086,60120.0,0.0477,0.0,4917.0,58940.0,0.0337,0.4787,0.47800000000000004,0.0,0.032,0.0,-0.126,10.63
359131550,4,0,0.019,0.064,-0.01,0.023,0.0,-0.0476,-0.0009000000000000001,12.8,0.0086,60360.0,0.0446,0.0,9786.0,59172.0,0.033,0.4777,0.47600000000000003,0.0,0.007,0.0,0.031,10.63
359133680,4,0,0.009000000000000001,-0.028,0.013000000000000001,0.023,0.0,-0.046200000000000005,-0.0002,12.8,0.0086,60120.0,0.0446,0.0,11916.0,59056.0,0.0325,0.4777,0.47600000000000003,0.0,0.007,0.0,-0.171,10.63
359138731,4,0,0.033,0.055,-0.01,0.023,0.0,-0.046700000000000005,-0.0026000000000000003,12.8,0.0086,60484.0,0.0431,0.0,16967.0,59056.0,0.031200000000000002,0.4771,0.47600000000000003,0.0,-0.006,0.0,-0.226,10.721
359141647,4,0,-0.002,-0.037,-0.001,0.023,0.0,-0.0463,-0.0008,12.82,0.0086,60360.0,0.044700000000000004,0.0,0.0,58592.0,0.0322,0.4771,0.47600000000000003,0.0,-0.006,0.0,0.097,10.721
359146690,4,0,0.037,0.006,-0.004,0.023,0.0,-0.0446,-0.0029000000000000002,12.82,0.0086,60484.0,0.04,0.0,5043.0,59288.0,0.029500000000000002,0.4771,0.47600000000000003,0.0,-0.006,0.0,-0.149,10.721
359151658,4,0,0.017,0.049,-0.021,0.023,0.0,-0.0448,0.0001,12.82,0.008700000000000001,60120.0,0.0431,0.0,10011.0,58592.0,0.0317,0.4767,0.47600000000000003,0.0,-0.013000000000000001,0.0,0.10300000000000001,10.721
359153771,4,0,0.005,0.006,-0.019,0.023,0.0,-0.0455,0.0031000000000000003,12.82,0.0086,60484.0,0.0477,0.0,12124.0,58824.0,0.0344,0.4767,0.47600000000000003,0.0,-0.013000000000000001,0.0,-0.165,10.721
359158740,4,0,0.007,0.042,-0.013000000000000001,0.023,0.0,-0.044700000000000004,0.0022,12.82,0.0085,60360.0,0.044700000000000004,0.0,17093.0,59056.0,0.033100000000000004,0.47650000000000003,0.47600000000000003,0.0,-0.015,0.0,-0.022,10.76
359161666,4,0,-0.048,-0.036000000000000004,0.008,0.023,0.0,-0.044500000000000005,0.0051,12.82,0.008400000000000001,60120.0,0.0478,0.0,0.0,59056.0,0.0351,0.47650000000000003,0.47600000000000003,0.0,-0.015,0.0,-0.061,10.76
359166564,4,0,0.005,0.042,-0.018000000000000002,0.024,0.0,-0.0453,0.0031000000000000003,12.82,0.0081,60728.0,0.0478,0.0,4898.0,58940.0,0.0342,0.47650000000000003,0.47600000000000003,0.0,-0.015,0.0,0.06,10.76
359171672,4,0,-0.07200000000000001,0.013000000000000001,0.002,0.024,0.0,-0.043300000000000005,0.0066,12.82,0.008,60484.0,0.049300000000000004,0.0,10006.0,58940.0,0.035300000000000005,0.4763,0.47600000000000003,0.0,-0.016,0.0,0.353,10.76
359173750,4,0,-0.008,0.03,0.008,0.024,0.0,-0.045200000000000004,0.0086,12.82,0.0079,60608.0,0.0524,0.0,12084.0,59172.0,0.0381,0.4763,0.47600000000000003,0.0,-0.016,0.0,-0.066,10.76
359178775,4,0,-0.038,-0.001,0.001,0.024,0.0,-0.0425,0.0,12.84,0.0078000000000000005,60240.0,0.041600000000000005,0.0,17109.0,58708.0,0.030100000000000002,0.4762,0.47600000000000003,0.0,-0.015,0.0,0.302,10.693
359181549,4,0,0.021,0.019,0.001,0.024,0.0,-0.043000000000000003,0.002,12.84,0.0078000000000000005,60360.0,0.0432,0.0,0.0,58940.0,0.0318,0.4762,0.47600000000000003,0.0,-0.015,0.0,0.002,10.693
359185772,4,0,-0.038,0.009000000000000001,0.023,0.025,0.0,-0.045200000000000004,0.0044,12.84,0.0077,60360.0,0.0494,0.0,4223.0,59172.0,0.035,0.4762,0.47600000000000003,0.0,-0.015,0.0,0.177,10.693
359190676,4,0,-0.019,-0.038,0.016,0.024,0.0,-0.043300000000000005,0.0001,12.84,0.0078000000000000005,60120.0,0.0432,0.0,9127.0,58940.0,0.0307,0.4761,0.47600000000000003,0.0,-0.013000000000000001,0.0,0.114,10.693
359194757,4,0,0.015,0.033,0.008,0.024,0.0,-0.0459,0.0079,12.84,0.0078000000000000005,60484.0,0.0524,0.0,13208.0,58824.0,0.038,0.4761,0.47600000000000003,0.0,-0.013000000000000001,0.0,-0.22,10.693
359199679,4,0,-0.022,0.012,0.018000000000000002,0.024,0.0,-0.0444,0.0033,12.84,0.0079,60360.0,0.0463,0.0,18130.0,58708.0,0.033800000000000004,0.4761,0.47600000000000003,0.0,-0.011,0.0,0.074,10.711
359201727,4,0,0.031,0.024,0.003,0.024,0.0,-0.043500000000000004,0.0029000000000000002,12.84,0.0079,60240.0,0.0463,0.0,0.0,58824.0,0.0328,0.4761,0.47600000000000003,0.0,-0.011,0.0,-0.281,10.711
359206550,4,0,-0.063,-0.015,-0.005,0.024,0.0,-0.0439,0.0073,12.84,0.008,60360.0,0.0509,0.0,4823.0,58824.0,0.0363,0.4761,0.47600000000000003,0.0,-0.011,0.0,0.07,10.711
359210735,4,0,0.029,-0.029,-0.003,0.024,0.0,-0.0436,-0.003,12.86,0.008,60608.0,0.0402,0.0,9008.0,58824.0,0.0287,0.4761,0.47600000000000003,0.0,-0.01,0.0,-0.316,10.711
359214759,4,0,0.024,0.026000000000000002,-0.021,0.024,0.0,-0.0429,-0.0025,12.86,0.008,60360.0,0.0386,0.0,13032.0,58824.0,0.0286,0.4761,0.47600000000000003,0.0,-0.01,0.0,-0.07100000000000001,10.711
359217675,4,0,0.056,0.007,-0.029,0.024,0.0,-0.0444,-0.001,12.85,0.008,60608.0,0.0417,0.0,15948.0,58824.0,0.0307,0.4761,0.47600000000000003,0.0,-0.01,0.0,-0.296,10.634
359221742,4,0,0.013000000000000001,0.023,-0.017,0.024,0.0,-0.0436,0.0002,12.85,0.0079,60360.0,0.0432,0.0,0.0,58592.0,0.031,0.4757,0.47500000000000003,0.0,-0.015,0.0,-0.23900000000000002,10.634
359226590,4,0,-0.017,-0.024,-0.009000000000000001,0.024,0.0,-0.0446,-0.0019,12.85,0.008,60608.0,0.0417,0.0,4848.0,58592.0,0.030100000000000002,0.4757,0.47500000000000003,0.0,-0.015,0.0,-0.255,10.634
359231674,4,0,0.064,0.006,-0.032,0.024,0.0,-0.0431,-0.0018000000000000002,12.85,0.0079,60484.0,0.0402,0.0,9932.0,58940.0,0.0292,0.4758,0.47600000000000003,0.0,-0.01,0.0,-0.402,10.634
359233782,4,0,-0.026000000000000002,-0.019,-0.01,0.024,0.0,-0.0429,-0.0041,12.85,0.0079,60484.0,0.0371,0.0,12040.0,58940.0,0.0274,0.4758,0.47600000000000003,0.0,-0.01,0.0,0.10200000000000001,10.634
359238790,4,0,0.018000000000000002,-0.006,0.009000000000000001,0.024,0.0,-0.043500000000000004,0.00030000000000000003,12.86,0.008,60360.0,0.0432,0.0,17048.0,58824.0,0.031,0.47590000000000005,0.47600000000000003,0.0,-0.007,0.0,-0.191,10.733
359241544,4,0,-0.053,-0.012,0.008,0.024,0.0,-0.0434,0.0015,12.86,0.0079,60360.0,0.0448,0.0,0.0,58940.0,0.0317,0.47590000000000005,0.47600000000000003,0.0,-0.007,0.0,0.131,10.733
359245549,4,0,0.02,0.014,-0.002,0.024,0.0,-0.044000000000000004,0.0056,12.870000000000001,0.0079,60608.0,0.0495,0.0,4005.0,58940.0,0.0351,0.47590000000000005,0.47600000000000003,0.0,-0.007,0.0,-0.256,10.733
359249682,4,0,-0.067,-0.011,0.013000000000000001,0.025,0.0,-0.0419,0.0079,12.870000000000001,0.007500000000000001,60484.0,0.0495,0.0,8138.0,58940.0,0.0352,0.4766,0.47800000000000004,0.0,0.01,0.0,0.077,10.733
359253806,4,0,-0.082,-0.01,0.018000000000000002,0.025,0.0,-0.0412,-0.001,12.870000000000001,0.0074,60484.0,0.038700000000000005,0.0,12262.0,59056.0,0.0284,0.4766,0.47800000000000004,0.0,0.01,0.0,-0.081,10.733
359258814,4,0,0.046,0.006,0.004,0.026000000000000002,0.0,-0.0431,0.0066,12.870000000000001,0.007200000000000001,60360.0,0.047900000000000005,0.0,17270.0,59288.0,0.0352,0.4778,0.48000000000000004,0.0,0.031,0.0,-0.14200000000000002,10.691
359261548,4,0,-0.051000000000000004,-0.011,0.018000000000000002,0.026000000000000002,0.0,-0.041800000000000004,-0.0004,12.870000000000001,0.0071,60728.0,0.041800000000000004,0.0,0.0,59172.0,0.029300000000000003,0.4778,0.48000000000000004,0.0,0.031,0.0,0.003,10.691
359265766,4,0,0.038,0.022,0.011,0.026000000000000002,0.0,-0.0449,0.0064,12.870000000000001,0.007,60484.0,0.051000000000000004,0.0,4218.0,59288.0,0.0362,0.4778,0.48000000000000004,0.0,0.031,0.0,-0.133,10.691
359270772,4,0,-0.002,0.002,-0.004,0.027,0.0,-0.0432,0.0014,12.870000000000001,0.0068000000000000005,60484.0,0.0448,0.0,9224.0,58940.0,0.0315,0.47790000000000005,0.47800000000000004,0.0,0.027,0.0,0.10200000000000001,10.691
359273553,4,0,0.058,0.022,0.0,0.026000000000000002,0.0,-0.043300000000000005,0.0023,12.870000000000001,0.0068000000000000005,60728.0,0.0448,0.0,12005.0,59172.0,0.0323,0.47790000000000005,0.47800000000000004,0.0,0.027,0.0,-0.113,10.691
359277781,4,0,0.004,0.017,0.002,0.027,0.0,-0.046200000000000005,0.0026000000000000003,12.89,0.0067,60360.0,0.048,0.0,16233.0,58824.0,0.0345,0.4772,0.47600000000000003,0.0,0.008,0.0,-0.046,10.697000000000001
359282545,4,0,0.038,0.026000000000000002,-0.015,0.027,0.0,-0.044000000000000004,0.0034000000000000002,12.89,0.0068000000000000005,60360.0,0.0465,0.0,0.0,58940.0,0.033600000000000005,0.4772,0.47600000000000003,0.0,0.008,0.0,-0.17500000000000002,10.697000000000001
359286548,4,0,0.049,0.03,-0.011,0.026000000000000002,0.0,-0.0461,-0.0006000000000000001,12.89,0.0068000000000000005,60728.0,0.0449,0.0,4003.0,59404.0,0.0322,0.4772,0.47600000000000003,0.0,0.008,0.0,-0.266,10.697000000000001
359290786,4,0,-0.02,-0.001,-0.014,0.026000000000000002,0.0,-0.0429,0.0064,12.89,0.0068000000000000005,60852.0,0.048,0.0,8241.0,59288.0,0.034800000000000005,0.47640000000000005,0.47500000000000003,0.0,-0.009000000000000001,0.0,-0.059000000000000004,10.697000000000001
359294798,4,0,0.03,0.025,-0.022,0.026000000000000002,0.0,-0.045000000000000005,0.0001,12.89,0.006900000000000001,60484.0,0.0449,0.0,12253.0,58592.0,0.031900000000000005,0.47640000000000005,0.47500000000000003,0.0,-0.009000000000000001,0.0,-0.14100000000000001,10.697000000000001
359299547,4,0,0.046,0.013000000000000001,-0.009000000000000001,0.026000000000000002,0.0,-0.045700000000000005,-0.0002,12.89,0.0068000000000000005,60608.0,0.0449,0.0,17002.0,59288.0,0.0322,0.4756,0.47400000000000003,0.0,-0.024,0.0,0.057,10.707
359301548,4,0,0.106,0.031,-0.006,0.026000000000000002,0.0,-0.0449,-0.0045000000000000005,12.89,0.006900000000000001,60484.0,0.0403,0.0,0.0,59056.0,0.0286,0.4756,0.47400000000000003,0.0,-0.024,0.0,0.014,10.707
359305789,4,0,0.037,0.002,-0.007,0.026000000000000002,0.0,-0.043500000000000004,-0.0019,12.89,0.007,60484.0,0.041800000000000004,0.0,4241.0,58824.0,0.029500000000000002,0.4756,0.47400000000000003,0.0,-0.024,0.0,0.167,10.707
359309805,4,0,0.014,0.0,0.009000000000000001,0.026000000000000002,0.0,-0.0473,-0.006900000000000001,12.89,0.0071,60976.0,0.0403,0.0,8257.0,59404.0,0.0285,0.47540000000000004,0.47500000000000003,0.0,-0.023,0.0,0.099,10.707
359314549,4,0,0.032,-0.007,0.013000000000000001,0.026000000000000002,0.0,-0.0446,-0.0043,12.91,0.0071,60484.0,0.0388,0.0,13001.0,59056.0,0.0285,0.47540000000000004,0.47500000000000003,0.0,-0.023,0.0,0.154,10.707
359318817,4,0,0.001,-0.04,0.014,0.025,0.0,-0.0438,-0.007500000000000001,12.91,0.0073,60484.0,0.0357,0.0,17269.0,59760.0,0.0257,0.4756,0.47600000000000003,0.0,-0.014,0.0,0.313,10.631
359321558,4,0,0.077,0.016,0.005,0.025,0.0,-0.0439,-0.0059,12.91,0.0073,60852.0,0.037200000000000004,0.0,0.0,59288.0,0.0269,0.4756,0.47600000000000003,0.0,-0.014,0.0,0.125,10.631
359326593,4,0,0.012,-0.041,0.015,0.025,0.0,-0.044500000000000005,-0.007200000000000001,12.91,0.007500000000000001,60484.0,0.0357,0.0,5035.0,59404.0,0.0263,0.4756,0.47600000000000003,0.0,-0.014,0.0,0.432,10.631
359331680,4,0,-0.07200000000000001,0.004,-0.016,0.025,0.0,-0.0453,0.0083,12.91,0.0073,60608.0,0.052700000000000004,0.0,10122.0,59288.0,0.0379,0.4768,0.47900000000000004,0.0,0.012,0.0,-0.16,10.631
359333811,4,0,-0.016,-0.046,-0.004,0.026000000000000002,0.0,-0.0407,0.0063,12.91,0.007200000000000001,60608.0,0.0465,0.0,12253.0,59288.0,0.0332,0.4768,0.47900000000000004,0.0,0.012,0.0,-0.055,10.631
359337831,4,0,-0.094,0.002,0.011,0.026000000000000002,0.0,-0.042300000000000004,0.0027,12.91,0.0068000000000000005,60240.0,0.045000000000000005,0.0,16273.0,59524.0,0.0318,0.4783,0.48100000000000004,0.0,0.039,0.0,-0.196,10.631
359342554,4,0,-0.014,-0.008,-0.017,0.027,0.0,-0.0425,0.0049,12.91,0.0067,60360.0,0.0465,0.0,0.0,59288.0,0.0335,0.4783,0.48100000000000004,0.0,0.039,0.0,0.249,10.631
359346723,4,0,-0.126,-0.048,-0.02,0.027,0.0,-0.041,0.0031000000000000003,12.92,0.0064,60608.0,0.043500000000000004,0.0,4169.0,59288.0,0.031200000000000002,0.4783,0.48100000000000004,0.0,0.039,0.0,0.067,10.631
359351577,4,0,-0.031,0.024,0.006,0.028,0.0,-0.0403,0.0043,12.92,0.0061,60608.0,0.045000000000000005,0.0,9023.0,59524.0,0.0315,0.4796,0.48200000000000004,0.0,0.058,0.0,-0.274,10.631
359353814,4,0,-0.054,-0.073,0.02,0.028,0.0,-0.041800000000000004,-0.0047,12.92,0.0061,60728.0,0.0373,0.0,11260.0,59404.0,0.0262,0.4796,0.48200000000000004,0.0,0.058,0.0,-0.11,10.631
359358817,4,0,-0.039,0.003,-0.015,0.028,0.0,-0.0417,0.0059,12.92,0.006,60728.0,0.048100000000000004,0.0,16263.0,59524.0,0.033600000000000005,0.48040000000000005,0.48200000000000004,0.0,0.063,0.0,-0.17300000000000001,10.631
359363546,4,0,-0.02,-0.03,0.027,0.028,0.0,-0.041,0.005200000000000001,12.92,0.0061,60360.0,0.045000000000000005,0.0,0.0,59404.0,0.032600000000000004,0.48040000000000005,0.48200000000000004,0.0,0.063,0.0,0.135,10.686
359365553,4,0,-0.012,0.046,0.042,0.028,0.0,-0.0432,0.0066,12.92,0.0061,60484.0,0.048100000000000004,0.0,2007.0,59404.0,0.0352,0.48040000000000005,0.48200000000000004,0.0,0.063,0.0,0.013000000000000001,10.686
359369827,4,0,-0.024,-0.019,0.006,0.028,0.0,-0.0438,0.0085,12.92,0.006200000000000001,60484.0,0.0512,0.0,6281.0,59404.0,0.037000000000000005,0.4803,0.48000000000000004,0.0,0.048,0.0,-0.036000000000000004,10.686
359374554,4,0,-0.013000000000000001,-0.027,-0.006,0.028,0.0,-0.0417,0.0077,12.92,0.006200000000000001,60608.0,0.0497,0.0,11008.0,59056.0,0.035,0.4803,0.48000000000000004,0.0,0.048,0.0,-0.258,10.686
359378681,4,0,-0.015,0.055,0.039,0.028,0.0,-0.046400000000000004,0.006200000000000001,12.94,0.006200000000000001,60484.0,0.0529,0.0,15135.0,59640.0,0.037200000000000004,0.47950000000000004,0.47800000000000004,0.0,0.022,0.0,-0.291,10.686
359381681,4,0,-0.038,-0.034,0.043000000000000003,0.028,0.0,-0.042800000000000005,0.010400000000000001,12.94,0.0061,60608.0,0.0529,0.0,0.0,58940.0,0.0376,0.47950000000000004,0.47800000000000004,0.0,0.022,0.0,-0.196,10.623000000000001
359386553,4,0,0.015,0.056,-0.027,0.028,0.0,-0.045000000000000005,-0.0017000000000000001,12.94,0.006,60852.0,0.043500000000000004,0.0,4872.0,59404.0,0.030600000000000002,0.47950000000000004,0.47800000000000004,0.0,0.022,0.0,-0.10200000000000001,10.623000000000001
359391577,4,0,0.044,0.025,-0.008,0.028,0.0,-0.0456,-0.004200000000000001,12.94,0.006200000000000001,60484.0,0.040400000000000005,0.0,9896.0,59172.0,0.029300000000000003,0.4786,0.47700000000000004,0.0,0.0,0.0,-0.054,10.623000000000001
359393827,4,0,0.027,0.034,0.015,0.028,0.0,-0.047900000000000005,-0.0044,12.94,0.0061,60608.0,0.042,0.0,12146.0,59524.0,0.0307,0.4786,0.47700000000000004,0.0,0.0,0.0,-0.28200000000000003,10.623000000000001
359398829,4,0,0.068,0.069,-0.036000000000000004,0.027,0.0,-0.047,-0.0059,12.94,0.0063,60484.0,0.040400000000000005,0.0,17148.0,59288.0,0.029,0.4773,0.47500000000000003,0.0,-0.025,0.0,-0.263,10.623000000000001
359401553,4,0,0.041,0.03,-0.041,0.027,0.0,-0.046900000000000004,-0.0055000000000000005,12.94,0.0064,60608.0,0.042,0.0,0.0,59524.0,0.029300000000000003,0.4773,0.47500000000000003,0.0,-0.025,0.0,-0.517,10.723
359406553,4,0,0.039,0.062,-0.021,0.027,0.0,-0.0456,0.0004,12.94,0.006500000000000001,60484.0,0.0451,0.0,5000.0,59404.0,0.0325,0.4773,0.47500000000000003,0.0,-0.025,0.0,-0.145,10.723
359410957,4,0,0.039,-0.005,-0.025,0.027,0.0,-0.047400000000000005,-0.0071,12.94,0.006500000000000001,60608.0,0.040400000000000005,0.0,9404.0,59524.0,0.0285,0.47790000000000005,0.47900000000000004,0.0,-0.008,0.0,0.326,10.723
359413547,4,0,0.052000000000000005,0.065,-0.049,0.027,0.0,-0.0473,-0.0057,12.96,0.006500000000000001,60976.0,0.0405,0.0,11994.0,59524.0,0.029400000000000003,0.47790000000000005,0.47900000000000004,0.0,-0.008,0.0,0.3,10.723
359417812,4,0,0.017,-0.021,-0.008,0.027,0.0,-0.044500000000000005,-0.0025,12.96,0.006500000000000001,60976.0,0.0405,0.0,16259.0,59404.0,0.0297,0.47940000000000005,0.48200000000000004,0.0,0.022,0.0,0.14300000000000002,10.723
359421829,4,0,0.04,0.017,-0.009000000000000001,0.027,0.0,-0.0454,-0.0023,12.96,0.0064,60728.0,0.0436,0.0,0.0,59288.0,0.0304,0.47940000000000005,0.48200000000000004,0.0,0.022,0.0,-0.319,10.672
359426553,4,0,0.02,0.031,-0.019,0.027,0.0,-0.0472,-0.0027,12.96,0.0064,61100.0,0.0436,0.0,4724.0,59524.0,0.031400000000000004,0.47940000000000005,0.48200000000000004,0.0,0.022,0.0,0.055,10.672
359431677,4,0,0.021,-0.029,0.013000000000000001,0.028,0.0,-0.0466,-0.001,12.96,0.006200000000000001,60976.0,0.0451,0.0,9848.0,59640.0,0.0322,0.47990000000000005,0.48100000000000004,0.0,0.029,0.0,-0.011,10.672
359433850,4,0,0.014,0.057,0.019,0.028,0.0,-0.045700000000000005,0.0001,12.96,0.0061,60608.0,0.0451,0.0,12021.0,59288.0,0.0324,0.47990000000000005,0.48100000000000004,0.0,0.029,0.0,0.035,10.672
359438856,4,0,-0.029,-0.008,0.007,0.028,0.0,-0.0448,0.0095,12.96,0.0059,60608.0,0.0545,0.0,17027.0,59524.0,0.038400000000000004,0.4796,0.47900000000000004,0.0,0.017,0.0,0.014,10.672
359441547,4,0,-0.001,0.057,-0.008,0.029,0.0,-0.0448,0.0056,12.96,0.0058000000000000005,60608.0,0.0514,0.0,0.0,59404.0,0.0356,0.4796,0.47900000000000004,0.0,0.017,0.0,-0.184,10.699
359446595,4,0,-0.074,-0.019,0.029,0.029,0.0,-0.0425,0.0119,12.96,0.0055000000000000005,60608.0,0.0545,0.0,5048.0,59524.0,0.0385,0.4796,0.47900000000000004,0.0,0.017,0.0,0.371,10.699
359451578,4,0,-0.053,-0.017,0.022,0.03,0.0,-0.0466,0.0077,12.98,0.005200000000000001,60608.0,0.0546,0.0,10031.0,59404.0,0.038400000000000004,0.47900000000000004,0.47800000000000004,0.0,0.002,0.0,0.231,10.699
359453863,4,0,-0.081,0.023,-0.002,0.03,0.0,-0.0441,0.0129,12.98,0.005,60608.0,0.056100000000000004,0.0,12316.0,59524.0,0.0403,0.47900000000000004,0.47800000000000004,0.0,0.002,0.0,0.391,10.699
359458549,4,0,-0.025,-0.026000000000000002,0.016,0.031,0.0,-0.0437,0.0067,12.98,0.0048000000000000004,60728.0,0.0499,0.0,17002.0,59288.0,0.0356,0.47800000000000004,0.47600000000000003,0.0,-0.02,0.0,-0.053,10.699
359462826,4,0,0.008,0.031,0.002,0.031,0.0,-0.0441,0.0054,12.98,0.0046,60976.0,0.0483,0.0,0.0,59760.0,0.035,0.47800000000000004,0.47600000000000003,0.0,-0.02,0.0,-0.292,10.703
359466885,4,0,-0.041,-0.008,0.002,0.031,0.0,-0.0454,0.007,12.98,0.0047,60852.0,0.0514,0.0,4059.0,59760.0,0.037000000000000005,0.47690000000000005,0.47500000000000003,0.0,-0.037,0.0,0.079,10.703
359469557,4,0,0.007,0.037,-0.01,0.031,0.0,-0.0455,0.006,12.98,0.0046,60484.0,0.0514,0.0,6731.0,59288.0,0.0364,0.47690000000000005,0.47500000000000003,0.0,-0.037,0.0,-0.026000000000000002,10.703
359474549,4,0,0.003,-0.027,0.004,0.031,0.0,-0.0449,0.0024000000000000002,12.98,0.0048000000000000004,60728.0,0.0468,0.0,11723.0,59404.0,0.0334,0.47690000000000005,0.47500000000000003,0.0,-0.037,0.0,0.463,10.703
359478882,4,0,0.018000000000000002,-0.01,0.0,0.03,0.0,-0.0477,0.0017000000000000001,12.98,0.0051,60976.0,0.0483,0.0,16056.0,59288.0,0.035,0.47590000000000005,0.47400000000000003,0.0,-0.05,0.0,0.343,10.703
359481681,4,0,-0.025,-0.006,-0.006,0.03,0.0,-0.0461,0.0051,12.98,0.005200000000000001,60976.0,0.0499,0.0,0.0,59524.0,0.0362,0.47590000000000005,0.47400000000000003,0.0,-0.05,0.0,0.774,10.703
359486595,4,0,0.075,-0.01,0.008,0.029,0.0,-0.046200000000000005,-0.007500000000000001,12.99,0.0054,61348.0,0.0375,0.0,4914.0,59288.0,0.0274,0.47590000000000005,0.47400000000000003,0.0,-0.05,0.0,0.314,10.609
359491571,4,0,0.075,0.025,-0.013000000000000001,0.029,0.0,-0.046200000000000005,-0.0031000000000000003,12.99,0.0056,60852.0,0.042100000000000005,0.0,9890.0,59172.0,0.030500000000000003,0.47450000000000003,0.47200000000000003,0.0,-0.067,0.0,-0.277,10.609
359493892,4,0,-0.011,-0.004,-0.012,0.029,0.0,-0.048100000000000004,0.0014,12.99,0.0057,60976.0,0.0499,0.0,12211.0,59404.0,0.035,0.47450000000000003,0.47200000000000003,0.0,-0.067,0.0,-0.089,10.609
359498895,4,0,0.038,-0.001,0.0,0.029,0.0,-0.0461,-0.0011,12.99,0.0056,60728.0,0.0437,0.0,17214.0,59640.0,0.0318,0.4726,0.46900000000000003,0.0,-0.093,0.0,-0.07100000000000001,10.609
359501547,4,0,0.002,-0.012,0.005,0.029,0.0,-0.0459,-0.0068000000000000005,12.99,0.0056,60852.0,0.039,0.0,0.0,59640.0,0.027700000000000002,0.4726,0.46900000000000003,0.0,-0.093,0.0,0.364,10.609
359506588,4,0,0.063,0.003,-0.024,0.029,0.0,-0.0456,-0.010100000000000001,12.99,0.0056,60728.0,0.0359,0.0,5041.0,59640.0,0.0251,0.4726,0.46900000000000003,0.0,-0.093,0.0,0.14100000000000001,10.673
359511573,4,0,0.035,0.028,-0.002,0.029,0.0,-0.047400000000000005,-0.0037,12.99,0.0055000000000000005,60484.0,0.0437,0.0,10026.0,59524.0,0.0309,0.47100000000000003,0.468,0.0,-0.106,0.0,-0.083,10.673
359513905,4,0,-0.018000000000000002,-0.029,-0.002,0.029,0.0,-0.047400000000000005,-0.0045000000000000005,12.99,0.0055000000000000005,60728.0,0.042100000000000005,0.0,12358.0,59524.0,0.0303,0.47100000000000003,0.468,0.0,-0.106,0.0,-0.126,10.673
359518908,4,0,0.041,-0.002,-0.022,0.029,0.0,-0.0446,-0.0038,13.01,0.0054,61100.0,0.040600000000000004,0.0,17361.0,59760.0,0.028900000000000002,0.4696,0.467,0.0,-0.113,0.0,-0.03,10.673
359521558,4,0,-0.057,-0.036000000000000004,-0.008,0.029,0.0,-0.0453,0.0007,13.01,0.0054,60608.0,0.0453,0.0,0.0,59524.0,0.0325,0.4696,0.467,0.0,-0.113,0.0,0.246,10.673
359526584,4,0,0.034,-0.012,0.01,0.03,0.0,-0.0438,0.0016,13.01,0.0053,61100.0,0.0453,0.0,5026.0,59524.0,0.032100000000000004,0.4696,0.467,0.0,-0.113,0.0,-0.109,10.642
359531680,4,0,-0.042,-0.013000000000000001,-0.003,0.03,0.0,-0.043300000000000005,0.0045000000000000005,13.01,0.0051,60852.0,0.0485,0.0,10122.0,59524.0,0.033800000000000004,0.46900000000000003,0.468,0.0,-0.101,0.0,-0.02,10.642
359533919,4,0,-0.006,-0.037,-0.001,0.03,0.0,-0.042300000000000004,0.004200000000000001,13.01,0.0051,60976.0,0.046900000000000004,0.0,12361.0,59640.0,0.0329,0.46900000000000003,0.468,0.0,-0.101,0.0,-0.228,10.642
359538550,4,0,-0.093,-0.021,0.013000000000000001,0.03,0.0,-0.0431,0.0055000000000000005,13.01,0.005,60976.0,0.0485,0.0,16992.0,59404.0,0.0344,0.4687,0.468,0.0,-0.088,0.0,0.337,10.642
359542877,4,0,-0.077,-0.038,0.011,0.03,0.0,-0.0422,0.0035,13.01,0.005,60852.0,0.0453,0.0,0.0,59760.0,0.0323,0.4687,0.468,0.0,-0.088,0.0,0.41400000000000003,10.642
359546909,4,0,0.036000000000000004,-0.008,-0.001,0.03,0.0,-0.0432,0.0058000000000000005,13.01,0.005,60728.0,0.0485,0.0,4032.0,60000.0,0.0346,0.4681,0.467,0.0,-0.082,0.0,0.137,10.726
359551570,4,0,-0.056,-0.018000000000000002,0.024,0.03,0.0,-0.0431,0.005200000000000001,13.01,0.005,60852.0,0.046900000000000004,0.0,8693.0,59288.0,0.0342,0.4681,0.467,0.0,-0.082,0.0,0.302,10.726
359553935,4,0,0.032,-0.004,0.013000000000000001,0.03,0.0,-0.0425,0.0071,13.01,0.0051,60608.0,0.05,0.0,11058.0,59640.0,0.0351,0.4681,0.467,0.0,-0.082,0.0,-0.108,10.726
359558939,4,0,-0.021,-0.021,-0.014,0.03,0.0,-0.0405,0.0079,13.030000000000001,0.0051,61224.0,0.0485,0.0,16062.0,59760.0,0.0342,0.4677,0.467,0.0,-0.074,0.0,-0.031,10.726
359561548,4,0,0.033,-0.023,-0.007,0.03,0.0,-0.0391,0.0063,13.030000000000001,0.0051,60976.0,0.0454,0.0,0.0,59760.0,0.032100000000000004,0.4677,0.467,0.0,-0.074,0.0,-0.273,10.726
359565548,4,0,-0.045,-0.036000000000000004,0.008,0.03,0.0,-0.039400000000000004,0.004,13.030000000000001,0.0051,60852.0,0.0438,0.0,4000.0,59640.0,0.0307,0.4677,0.467,0.0,-0.074,0.0,0.13,10.709
359570550,4,0,0.021,-0.014,-0.01,0.03,0.0,-0.042100000000000005,0.0024000000000000002,13.030000000000001,0.0053,60976.0,0.0454,0.0,9002.0,59524.0,0.0315,0.4671,0.466,0.0,-0.07100000000000001,0.0,-0.051000000000000004,10.709
359574913,4,0,0.063,-0.004,-0.009000000000000001,0.03,0.0,-0.042300000000000004,0.0016,13.030000000000001,0.0053,60852.0,0.0438,0.0,13365.0,59640.0,0.031100000000000003,0.4671,0.466,0.0,-0.07100000000000001,0.0,-0.22,10.709
359578950,4,0,-0.026000000000000002,-0.026000000000000002,0.008,0.03,0.0,-0.041600000000000005,0.001,13.030000000000001,0.0053,61100.0,0.042300000000000004,0.0,17402.0,59760.0,0.030100000000000002,0.46740000000000004,0.468,0.0,-0.05,0.0,-0.073,10.709
359581680,4,0,0.07100000000000001,-0.001,-0.003,0.029,0.0,-0.042100000000000005,0.0002,13.030000000000001,0.0054,60852.0,0.042300000000000004,0.0,0.0,59640.0,0.029900000000000003,0.46740000000000004,0.468,0.0,-0.05,0.0,-0.32,10.709
359586589,4,0,-0.029,-0.034,-0.012,0.029,0.0,-0.0402,0.0013000000000000002,13.030000000000001,0.0054,60852.0,0.042300000000000004,0.0,4909.0,59880.0,0.029300000000000003,0.46740000000000004,0.468,0.0,-0.05,0.0,0.051000000000000004,10.675
359591572,4,0,0.014,-0.014,0.009000000000000001,0.029,0.0,-0.04,-0.0037,13.05,0.0056,60728.0,0.0361,0.0,9892.0,59760.0,0.0257,0.46830000000000005,0.47000000000000003,0.0,-0.022,0.0,0.023,10.675
359593960,4,0,0.044,-0.021,0.001,0.029,0.0,-0.041,-0.0036000000000000003,13.05,0.0057,60976.0,0.0376,0.0,12280.0,59760.0,0.0264,0.46830000000000005,0.47000000000000003,0.0,-0.022,0.0,-0.027,10.675
359598963,4,0,-0.014,-0.026000000000000002,-0.005,0.029,0.0,-0.0414,-0.0019,13.05,0.0058000000000000005,61348.0,0.0392,0.0,17283.0,59760.0,0.0279,0.46890000000000004,0.47000000000000003,0.0,-0.006,0.0,-0.111,10.675
359601547,4,0,0.037,-0.019,0.006,0.028,0.0,-0.041,-0.0011,13.05,0.0058000000000000005,61100.0,0.0392,0.0,0.0,59640.0,0.028200000000000003,0.46890000000000004,0.47000000000000003,0.0,-0.006,0.0,-0.158,10.675
359606589,4,0,-0.011,-0.029,0.012,0.028,0.0,-0.0403,-0.0015,13.05,0.0059,60728.0,0.0392,0.0,5042.0,59640.0,0.0274,0.46890000000000004,0.47000000000000003,0.0,-0.006,0.0,0.007,10.67
359611572,4,0,0.028,0.016,-0.009000000000000001,0.028,0.0,-0.040600000000000004,0.0008,13.05,0.006,61224.0,0.0408,0.0,10025.0,59880.0,0.029300000000000003,0.4696,0.47100000000000003,0.0,0.01,0.0,-0.048,10.67
359613973,4,0,0.001,-0.041,0.003,0.028,0.0,-0.0395,0.0,13.05,0.006,60976.0,0.0392,0.0,12426.0,59880.0,0.0279,0.4696,0.47100000000000003,0.0,0.01,0.0,0.026000000000000002,10.67
359618978,4,0,-0.068,-0.013000000000000001,0.004,0.029,0.0,-0.0396,0.0079,13.05,0.0058000000000000005,61224.0,0.047,0.0,17431.0,59760.0,0.033600000000000005,0.4708,0.47300000000000003,0.0,0.031,0.0,-0.259,10.67
359621559,4,0,-0.014,-0.052000000000000005,0.004,0.029,0.0,-0.038700000000000005,0.0041,13.05,0.0058000000000000005,60852.0,0.0439,0.0,0.0,59524.0,0.0303,0.4708,0.47300000000000003,0.0,0.031,0.0,-0.148,10.67
359626590,4,0,-0.088,-0.01,-0.002,0.029,0.0,-0.0398,0.0039000000000000003,13.06,0.0056,60852.0,0.044000000000000004,0.0,5031.0,59640.0,0.0309,0.4708,0.47300000000000003,0.0,0.031,0.0,-0.245,10.575000000000001
359631676,4,0,0.037,0.012,0.002,0.029,0.0,-0.0378,0.004,13.06,0.0055000000000000005,60976.0,0.0424,0.0,10117.0,59760.0,0.029500000000000002,0.4723,0.47500000000000003,0.0,0.054,0.0,-0.17500000000000002,10.575000000000001
359634550,4,0,-0.06,-0.02,0.001,0.029,0.0,-0.0381,0.0004,13.06,0.0054,60976.0,0.037700000000000004,0.0,12991.0,59640.0,0.027200000000000002,0.4723,0.47500000000000003,0.0,0.054,0.0,-0.194,10.575000000000001
359638991,4,0,0.015,0.018000000000000002,-0.006,0.029,0.0,-0.0405,0.0022,13.06,0.0053,61348.0,0.0424,0.0,17432.0,59760.0,0.0302,0.47250000000000003,0.47300000000000003,0.0,0.048,0.0,-0.312,10.575000000000001
359641561,4,0,-0.024,-0.047,0.018000000000000002,0.029,0.0,-0.0393,-0.0014,13.06,0.0054,61224.0,0.037700000000000004,0.0,0.0,59524.0,0.0268,0.47250000000000003,0.47300000000000003,0.0,0.048,0.0,-0.134,10.575000000000001
359646586,4,0,0.016,0.033,0.014,0.029,0.0,-0.0414,0.0048000000000000004,13.06,0.0055000000000000005,60852.0,0.0455,0.0,5025.0,60000.0,0.032600000000000004,0.47250000000000003,0.47300000000000003,0.0,0.048,0.0,-0.278,10.688
359651573,4,0,0.026000000000000002,0.013000000000000001,0.001,0.029,0.0,-0.0397,0.0073,13.06,0.0056,60728.0,0.0471,0.0,10012.0,59880.0,0.0332,0.4723,0.47200000000000003,0.0,0.035,0.0,-0.032,10.688
359654001,4,0,0.016,-0.004,0.007,0.029,0.0,-0.0396,0.0024000000000000002,13.06,0.0057,60976.0,0.0424,0.0,12440.0,59760.0,0.0297,0.4723,0.47200000000000003,0.0,0.035,0.0,-0.037,10.688
359659005,4,0,0.033,0.047,0.011,0.028,0.0,-0.0412,0.0019,13.06,0.0059,61100.0,0.0424,0.0,17444.0,59760.0,0.030500000000000003,0.4726,0.47300000000000003,0.0,0.033,0.0,0.126,10.688
359661548,4,0,0.0,-0.005,0.008,0.028,0.0,-0.0405,0.0049,13.06,0.006,60976.0,0.0455,0.0,0.0,59760.0,0.032100000000000004,0.4726,0.47300000000000003,0.0,0.033,0.0,0.07100000000000001,10.688
359665549,4,0,0.04,0.035,-0.013000000000000001,0.028,0.0,-0.0419,0.0002,13.08,0.006200000000000001,61224.0,0.0424,0.0,4001.0,59880.0,0.0297,0.4726,0.47300000000000003,0.0,0.033,0.0,-0.022,10.625
359670548,4,0,0.07100000000000001,-0.041,0.01,0.027,0.0,-0.041100000000000005,-0.0066,13.08,0.0063,61100.0,0.0346,0.0,9000.0,60000.0,0.0244,0.4731,0.47400000000000003,0.0,0.036000000000000004,0.0,0.134,10.625
359674979,4,0,-0.005,-0.023,-0.001,0.027,0.0,-0.0407,-0.0022,13.08,0.006500000000000001,60976.0,0.0393,0.0,13431.0,59760.0,0.027200000000000002,0.4731,0.47400000000000003,0.0,0.036000000000000004,0.0,0.002,10.625
359679019,4,0,0.075,0.036000000000000004,-0.031,0.027,0.0,-0.0424,-0.0024000000000000002,13.08,0.0067,60976.0,0.0393,0.0,17471.0,59880.0,0.028300000000000002,0.47300000000000003,0.47300000000000003,0.0,0.028,0.0,0.14200000000000002,10.625
359681675,4,0,0.039,0.014,-0.021,0.026000000000000002,0.0,-0.0426,-0.006900000000000001,13.08,0.0068000000000000005,61224.0,0.0361,0.0,0.0,59760.0,0.0253,0.47300000000000003,0.47300000000000003,0.0,0.028,0.0,-0.137,10.625
359686590,4,0,0.096,0.039,-0.008,0.026000000000000002,0.0,-0.043000000000000003,-0.007500000000000001,13.08,0.007,60976.0,0.0346,0.0,4915.0,59524.0,0.0251,0.47300000000000003,0.47300000000000003,0.0,0.028,0.0,-0.138,10.627
359691572,4,0,0.021,-0.031,-0.011,0.026000000000000002,0.0,-0.042800000000000005,-0.0026000000000000003,13.08,0.0071,61224.0,0.0393,0.0,9897.0,59880.0,0.0285,0.4727,0.47200000000000003,0.0,0.015,0.0,0.092,10.627
359694029,4,0,0.054,0.042,-0.026000000000000002,0.026000000000000002,0.0,-0.043500000000000004,-0.0023,13.08,0.0071,60728.0,0.0424,0.0,12354.0,59760.0,0.0291,0.4727,0.47200000000000003,0.0,0.015,0.0,-0.032,10.627
359698851,4,0,0.036000000000000004,-0.047,-0.002,0.025,0.0,-0.0402,-0.008,13.1,0.0073,60976.0,0.033,0.0,17176.0,60000.0,0.0228,0.4717,0.47000000000000003,0.0,-0.006,0.0,0.20400000000000001,10.627
359702989,4,0,0.021,-0.03,0.007,0.025,0.0,-0.044000000000000004,-0.005,13.1,0.007500000000000001,60852.0,0.0393,0.0,0.0,59760.0,0.027600000000000003,0.4717,0.47000000000000003,0.0,-0.006,0.0,-0.213,10.627
359707016,4,0,0.046,0.029,-0.006,0.025,0.0,-0.0415,-0.0058000000000000005,13.1,0.0076,61100.0,0.0346,0.0,4027.0,60000.0,0.0252,0.47040000000000004,0.468,0.0,-0.031,0.0,-0.038,10.634
359711571,4,0,0.014,-0.052000000000000005,-0.005,0.024,0.0,-0.041600000000000005,-0.0057,13.1,0.0078000000000000005,61224.0,0.0346,0.0,8582.0,60000.0,0.025400000000000002,0.47040000000000004,0.468,0.0,-0.031,0.0,-0.14400000000000002,10.634
359714044,4,0,0.016,0.031,-0.002,0.024,0.0,-0.042300000000000004,-0.0021000000000000003,13.1,0.0078000000000000005,61476.0,0.0409,0.0,11055.0,59404.0,0.0284,0.47040000000000004,0.468,0.0,-0.031,0.0,-0.209,10.634
359719049,4,0,-0.01,-0.027,0.009000000000000001,0.025,0.0,-0.041100000000000005,0.0016,13.1,0.0077,61100.0,0.0425,0.0,16060.0,60000.0,0.0302,0.4692,0.467,0.0,-0.049,0.0,0.10300000000000001,10.634
359721556,4,0,0.011,0.025,0.001,0.025,0.0,-0.041,-0.0012000000000000001,13.1,0.0076,61100.0,0.0393,0.0,0.0,59880.0,0.0281,0.4692,0.467,0.0,-0.049,0.0,0.018000000000000002,10.634
359726588,4,0,-0.047,-0.04,-0.001,0.025,0.0,-0.0385,0.0051,13.1,0.007500000000000001,61224.0,0.0441,0.0,5032.0,60000.0,0.0309,0.4692,0.467,0.0,-0.049,0.0,0.28200000000000003,10.593
359731674,4,0,-0.056,-0.068,0.012,0.025,0.0,-0.039900000000000005,0.0005,13.1,0.0074,61348.0,0.0393,0.0,10118.0,59880.0,0.0286,0.4685,0.467,0.0,-0.055,0.0,-0.194,10.593
359734055,4,0,-0.027,-0.001,-0.001,0.025,0.0,-0.0392,0.0038,13.120000000000001,0.0073,61224.0,0.0426,0.0,12499.0,59640.0,0.0304,0.4685,0.467,0.0,-0.055,0.0,-0.074,10.593
359739059,4,0,-0.079,-0.064,0.001,0.026000000000000002,0.0,-0.040600000000000004,0.0051,13.120000000000001,0.0073,60976.0,0.045700000000000005,0.0,17503.0,59880.0,0.0324,0.4686,0.46900000000000003,0.0,-0.04,0.0,0.015,10.593
359741548,4,0,-0.04,0.004,-0.004,0.026000000000000002,0.0,-0.04,0.006200000000000001,13.120000000000001,0.007200000000000001,60976.0,0.045700000000000005,0.0,0.0,60000.0,0.032600000000000004,0.4686,0.46900000000000003,0.0,-0.04,0.0,0.133,10.593
359746556,4,0,-0.047,-0.067,0.025,0.026000000000000002,0.0,-0.039,0.001,13.120000000000001,0.0071,61224.0,0.041,0.0,5008.0,59760.0,0.028300000000000002,0.4686,0.46900000000000003,0.0,-0.04,0.0,0.24,10.648
359751573,4,0,-0.021,-0.031,-0.003,0.026000000000000002,0.0,-0.0398,0.0079,13.120000000000001,0.0071,61224.0,0.0473,0.0,10025.0,59880.0,0.033800000000000004,0.4698,0.47200000000000003,0.0,-0.009000000000000001,0.0,-0.125,10.648
359754068,4,0,-0.046,-0.025,0.005,0.026000000000000002,0.0,-0.040100000000000004,0.005,13.120000000000001,0.0071,61224.0,0.045700000000000005,0.0,12520.0,60000.0,0.0318,0.4698,0.47200000000000003,0.0,-0.009000000000000001,0.0,0.098,10.648
359759073,4,0,-0.025,-0.057,0.019,0.026000000000000002,0.0,-0.039400000000000004,0.0045000000000000005,13.120000000000001,0.007200000000000001,61100.0,0.0441,0.0,17525.0,60000.0,0.031,0.4702,0.47100000000000003,0.0,0.001,0.0,-0.08600000000000001,10.648
359761548,4,0,-0.016,-0.011,0.001,0.026000000000000002,0.0,-0.0407,0.001,13.120000000000001,0.007200000000000001,61224.0,0.0426,0.0,0.0,59524.0,0.029500000000000002,0.4702,0.47100000000000003,0.0,0.001,0.0,0.203,10.648
359766587,4,0,-0.032,-0.049,0.004,0.025,0.0,-0.040400000000000005,0.0039000000000000003,13.120000000000001,0.0073,60976.0,0.0441,0.0,5039.0,59880.0,0.0313,0.4702,0.47100000000000003,0.0,0.001,0.0,0.41100000000000003,10.623000000000001
359771571,4,0,0.073,0.0,0.013000000000000001,0.025,0.0,-0.0397,-0.0043,13.14,0.0074,61100.0,0.0347,0.0,10023.0,60000.0,0.025,0.47050000000000003,0.47100000000000003,0.0,0.007,0.0,-0.061,10.623000000000001
359774085,4,0,-0.01,-0.033,0.003,0.025,0.0,-0.0398,-0.0046,13.14,0.0076,61348.0,0.0347,0.0,12537.0,60000.0,0.024900000000000002,0.47050000000000003,0.47100000000000003,0.0,0.007,0.0,0.34500000000000003,10.623000000000001
359779089,4,0,0.059000000000000004,-0.026000000000000002,-0.014,0.025,0.0,-0.0415,-0.0037,13.14,0.0077,61348.0,0.0379,0.0,17541.0,60000.0,0.0267,0.47100000000000003,0.47200000000000003,0.0,0.016,0.0,-0.127,10.623000000000001
359781675,4,0,-0.003,-0.032,-0.015,0.025,0.0,-0.04,-0.0043,13.14,0.0077,61100.0,0.0347,0.0,0.0,60000.0,0.0253,0.47100000000000003,0.47200000000000003,0.0,0.016,0.0,0.246,10.623000000000001
359786549,4,0,0.053,-0.014,-0.01,0.024,0.0,-0.0426,-0.0028,13.14,0.0079,60852.0,0.0395,0.0,4874.0,60000.0,0.0281,0.47100000000000003,0.47200000000000003,0.0,0.016,0.0,0.065,10.619
359791788,4,0,0.058,0.027,-0.024,0.024,0.0,-0.0413,-0.0014,13.14,0.0078000000000000005,61224.0,0.0395,0.0,10113.0,59880.0,0.028200000000000003,0.4717,0.47300000000000003,0.0,0.026000000000000002,0.0,-0.027,10.619
359794512,4,0,0.031,-0.019,-0.017,0.024,0.0,-0.041,-0.0017000000000000001,13.14,0.0079,61476.0,0.0395,0.0,12837.0,59880.0,0.027800000000000002,0.4717,0.47300000000000003,0.0,0.026000000000000002,0.0,-0.025,10.619
359799138,4,0,-0.032,-0.008,-0.01,0.025,0.0,-0.039900000000000005,0.009000000000000001,13.14,0.0076,61100.0,0.0489,0.0,17463.0,60120.0,0.0346,0.47150000000000003,0.47100000000000003,0.0,0.016,0.0,-0.29,10.619
359801545,4,0,-0.121,-0.026000000000000002,-0.006,0.025,0.0,-0.0402,0.0142,13.14,0.007500000000000001,61224.0,0.055200000000000006,0.0,0.0,60000.0,0.0385,0.47150000000000003,0.47100000000000003,0.0,0.016,0.0,0.049,10.619
359806100,4,0,-0.011,-0.013000000000000001,0.0,0.026000000000000002,0.0,-0.040400000000000005,0.00030000000000000003,13.14,0.007,61600.0,0.041,0.0,4555.0,60000.0,0.028800000000000003,0.47150000000000003,0.47100000000000003,0.0,0.016,0.0,-0.268,10.652000000000001
359810547,4,0,-0.112,0.007,0.0,0.027,0.0,-0.0397,0.0099,13.16,0.0067,61476.0,0.049,0.0,9002.0,60000.0,0.035,0.47100000000000003,0.47000000000000003,0.0,0.003,0.0,0.35100000000000003,10.652000000000001
359815546,4,0,-0.108,-0.031,0.013000000000000001,0.028,0.0,-0.0413,0.007,13.16,0.0063,61224.0,0.047400000000000005,0.0,14001.0,60000.0,0.0342,0.47100000000000003,0.47000000000000003,0.0,0.003,0.0,0.0,10.652000000000001
359818069,4,0,-0.085,-0.002,0.017,0.028,0.0,-0.0364,0.012400000000000001,13.16,0.0061,61224.0,0.049,0.0,16524.0,60120.0,0.0344,0.4706,0.47000000000000003,0.0,-0.005,0.0,-0.332,10.652000000000001
359822520,4,0,-0.051000000000000004,-0.025,0.03,0.028,0.0,-0.0403,0.0051,13.16,0.0059,60976.0,0.0458,0.0,0.0,60000.0,0.032100000000000004,0.4706,0.47000000000000003,0.0,-0.005,0.0,-0.163,10.652000000000001
359827268,4,0,-0.003,-0.005,0.012,0.028,0.0,-0.0385,0.009300000000000001,13.16,0.0059,61600.0,0.049,0.0,4748.0,60120.0,0.033800000000000004,0.4708,0.47100000000000003,0.0,-0.001,0.0,-0.264,10.652000000000001
359829509,4,0,-0.073,-0.01,0.021,0.028,0.0,-0.041100000000000005,0.0154,13.16,0.0059,61224.0,0.056900000000000006,0.0,6989.0,59880.0,0.04,0.4708,0.47100000000000003,0.0,-0.001,0.0,0.037,10.647
359834163,4,0,0.025,0.012,0.031,0.028,0.0,-0.0425,0.010700000000000001,13.16,0.006,61224.0,0.0538,0.0,11643.0,60240.0,0.0376,0.4708,0.47100000000000003,0.0,-0.001,0.0,0.08700000000000001,10.647
359839167,4,0,0.079,0.019,0.015,0.028,0.0,-0.0409,-0.0007,13.16,0.006200000000000001,61100.0,0.041100000000000005,0.0,16647.0,60000.0,0.0284,0.4701,0.46900000000000003,0.0,-0.013000000000000001,0.0,-0.03,10.647
359841510,4,0,0.02,0.022,0.009000000000000001,0.028,0.0,-0.042100000000000005,0.0099,13.16,0.0063,61348.0,0.0522,0.0,0.0,60120.0,0.0368,0.4701,0.46900000000000003,0.0,-0.013000000000000001,0.0,-0.077,10.647
359845546,4,0,0.018000000000000002,0.024,-0.001,0.028,0.0,-0.0434,0.0159,13.16,0.0063,61224.0,0.0601,0.0,4036.0,60000.0,0.042,0.4701,0.46900000000000003,0.0,-0.013000000000000001,0.0,-0.018000000000000002,10.647
359850128,4,0,0.039,0.013000000000000001,0.01,0.027,0.0,-0.043000000000000003,-0.0089,13.16,0.006500000000000001,61348.0,0.0332,0.0,8618.0,60240.0,0.0241,0.46940000000000004,0.468,0.0,-0.025,0.0,0.334,10.615
359854177,4,0,0.1,0.044,-0.014,0.027,0.0,-0.044500000000000005,0.0086,13.18,0.0067,61476.0,0.0523,0.0,12667.0,60240.0,0.0375,0.46940000000000004,0.468,0.0,-0.025,0.0,-0.02,10.615
359858549,4,0,0.032,0.026000000000000002,-0.027,0.027,0.0,-0.045200000000000004,0.0002,13.18,0.0067,61224.0,0.0459,0.0,17039.0,59880.0,0.032100000000000004,0.4696,0.47000000000000003,0.0,-0.016,0.0,0.067,10.615
359863138,4,0,0.07,0.019,-0.028,0.026000000000000002,0.0,-0.042,-0.006200000000000001,13.18,0.007,61224.0,0.0364,0.0,0.0,59880.0,0.0253,0.4696,0.47000000000000003,0.0,-0.016,0.0,0.084,10.615
359867165,4,0,0.083,0.028,-0.032,0.026000000000000002,0.0,-0.0473,0.0028,13.18,0.0071,61856.0,0.0507,0.0,4027.0,60484.0,0.0354,0.47040000000000004,0.47200000000000003,0.0,0.004,0.0,-0.184,10.615
359871510,4,0,0.03,-0.003,-0.033,0.026000000000000002,0.0,-0.0429,-0.0034000000000000002,13.18,0.007200000000000001,61728.0,0.0396,0.0,8372.0,60120.0,0.028,0.47040000000000004,0.47200000000000003,0.0,0.004,0.0,-0.037,10.665000000000001
359873510,4,0,0.058,0.008,-0.029,0.026000000000000002,0.0,-0.044000000000000004,-0.0035,13.18,0.007200000000000001,61348.0,0.0412,0.0,10372.0,60000.0,0.0287,0.47040000000000004,0.47200000000000003,0.0,0.004,0.0,-0.213,10.665000000000001
359877510,4,0,-0.058,0.012,-0.012,0.026000000000000002,0.0,-0.0475,0.009600000000000001,13.18,0.007,61224.0,0.057,0.0,14372.0,60484.0,0.040400000000000005,0.47100000000000003,0.47200000000000003,0.0,0.014,0.0,-0.158,10.665000000000001
359881675,4,0,0.03,0.025,-0.011,0.027,0.0,-0.048,0.0029000000000000002,13.18,0.0068000000000000005,61348.0,0.0523,0.0,0.0,60120.0,0.036000000000000004,0.47100000000000003,0.47200000000000003,0.0,0.014,0.0,-0.279,10.665000000000001
359886511,4,0,-0.037,-0.011,0.0,0.028,0.0,-0.0439,0.0089,13.18,0.006200000000000001,61348.0,0.0538,0.0,4836.0,60000.0,0.0373,0.47100000000000003,0.47200000000000003,0.0,0.014,0.0,0.052000000000000005,10.665000000000001
359890549,4,0,0.016,0.012,0.013000000000000001,0.028,0.0,-0.0448,-0.0001,13.18,0.006,61600.0,0.0459,0.0,8874.0,60000.0,0.0316,0.4713,0.47200000000000003,0.0,0.018000000000000002,0.0,-0.28400000000000003,10.623000000000001
359895161,4,0,-0.02,0.015,0.019,0.029,0.0,-0.0444,0.015700000000000002,13.18,0.0055000000000000005,61476.0,0.060200000000000004,0.0,13486.0,60120.0,0.0425,0.4713,0.47200000000000003,0.0,0.018000000000000002,0.0,-0.368,10.623000000000001
359899210,4,0,-0.085,-0.031,0.042,0.03,0.0,-0.0444,0.007200000000000001,13.18,0.005200000000000001,61224.0,0.0523,0.0,17535.0,60000.0,0.036500000000000005,0.47050000000000003,0.46900000000000003,0.0,-0.002,0.0,-0.052000000000000005,10.623000000000001
359901511,4,0,-0.001,-0.012,0.034,0.03,0.0,-0.0427,0.0067,13.200000000000001,0.005200000000000001,61224.0,0.0492,0.0,0.0,60120.0,0.0349,0.47050000000000003,0.46900000000000003,0.0,-0.002,0.0,-0.06,10.623000000000001
359906511,4,0,-0.037,-0.029,0.024,0.03,0.0,-0.0443,0.0041,13.200000000000001,0.005200000000000001,61476.0,0.0492,0.0,5000.0,60240.0,0.0342,0.47050000000000003,0.46900000000000003,0.0,-0.002,0.0,0.056,10.623000000000001
359911172,4,0,-0.029,-0.002,0.02,0.03,0.0,-0.043300000000000005,0.013000000000000001,13.200000000000001,0.0053,61100.0,0.057100000000000005,0.0,9661.0,60120.0,0.0398,0.4693,0.467,0.0,-0.026000000000000002,0.0,-0.297,10.656
359915175,4,0,0.008,-0.015,0.008,0.029,0.0,-0.0412,0.0131,13.200000000000001,0.0055000000000000005,61348.0,0.0539,0.0,13664.0,60120.0,0.0383,0.4693,0.467,0.0,-0.026000000000000002,0.0,-0.35000000000000003,10.656
359919230,4,0,-0.041,-0.024,-0.002,0.029,0.0,-0.0441,0.012700000000000001,13.200000000000001,0.0055000000000000005,61600.0,0.057100000000000005,0.0,17719.0,60240.0,0.0402,0.46880000000000005,0.468,0.0,-0.03,0.0,-0.2,10.656
359921511,4,0,0.014,-0.041,-0.005,0.029,0.0,-0.043500000000000004,0.0086,13.200000000000001,0.0056,61100.0,0.0523,0.0,0.0,60000.0,0.0368,0.46880000000000005,0.468,0.0,-0.03,0.0,-0.19,10.656
359926510,4,0,-0.05,-0.005,-0.015,0.029,0.0,-0.046,0.010100000000000001,13.200000000000001,0.0056,61224.0,0.0555,0.0,4999.0,60120.0,0.0397,0.46880000000000005,0.468,0.0,-0.03,0.0,-0.134,10.656
359931676,4,0,0.036000000000000004,0.021,-0.033,0.029,0.0,-0.042800000000000005,-0.002,13.21,0.0057,61348.0,0.0412,0.0,10165.0,60000.0,0.028900000000000002,0.4692,0.47000000000000003,0.0,-0.016,0.0,-0.335,10.72
359934193,4,0,-0.005,-0.032,-0.027,0.029,0.0,-0.0432,0.0018000000000000002,13.21,0.0057,61224.0,0.0444,0.0,12682.0,60240.0,0.0318,0.4692,0.47000000000000003,0.0,-0.016,0.0,-0.113,10.72
359938510,4,0,0.034,0.035,-0.021,0.029,0.0,-0.0465,0.0001,13.21,0.0057,61100.0,0.0476,0.0,16999.0,60000.0,0.033,0.46990000000000004,0.47100000000000003,0.0,0.0,0.0,-0.291,10.72
359943193,4,0,0.066,0.022,-0.022,0.029,0.0,-0.0432,0.001,13.21,0.0057,61600.0,0.0444,0.0,0.0,60120.0,0.031200000000000002,0.46990000000000004,0.47100000000000003,0.0,0.0,0.0,0.067,10.72
359947545,4,0,-0.005,-0.046,-0.009000000000000001,0.029,0.0,-0.045000000000000005,-0.0046,13.23,0.0058000000000000005,61224.0,0.0413,0.0,4352.0,60484.0,0.0286,0.47100000000000003,0.47300000000000003,0.0,0.022,0.0,0.044,10.72
359950199,4,0,0.051000000000000004,0.03,-0.008,0.028,0.0,-0.044700000000000004,-0.0012000000000000001,13.23,0.0059,61476.0,0.0429,0.0,7006.0,59880.0,0.0308,0.47100000000000003,0.47300000000000003,0.0,0.022,0.0,0.062,10.559000000000001
359954560,4,0,0.022,-0.025,0.005,0.028,0.0,-0.0446,-0.0046,13.23,0.006,61348.0,0.0397,0.0,11367.0,60240.0,0.028200000000000003,0.47100000000000003,0.47300000000000003,0.0,0.022,0.0,-0.229,10.559000000000001
359959252,4,0,0.015,0.008,0.016,0.028,0.0,-0.0436,-0.0014,13.23,0.006200000000000001,61728.0,0.0429,0.0,16059.0,60360.0,0.0298,0.47200000000000003,0.47400000000000003,0.0,0.039,0.0,-0.329,10.559000000000001
359961510,4,0,-0.002,-0.064,0.028,0.028,0.0,-0.043300000000000005,-0.0016,13.23,0.0063,61224.0,0.0429,0.0,0.0,60360.0,0.029500000000000002,0.47200000000000003,0.47400000000000003,0.0,0.039,0.0,-0.277,10.559000000000001
359966552,4,0,0.009000000000000001,0.009000000000000001,0.018000000000000002,0.028,0.0,-0.044000000000000004,-0.0024000000000000002,13.23,0.006200000000000001,61600.0,0.0413,0.0,5042.0,60360.0,0.029400000000000003,0.47200000000000003,0.47400000000000003,0.0,0.039,0.0,-0.28400000000000003,10.559000000000001
359971509,4,0,0.021,0.021,0.002,0.028,0.0,-0.040600000000000004,-0.0012000000000000001,13.23,0.0063,61984.0,0.0397,0.0,9999.0,60120.0,0.0279,0.47200000000000003,0.47200000000000003,0.0,0.031,0.0,-0.022,10.616
359973571,4,0,-0.024,-0.002,0.012,0.028,0.0,-0.0412,0.0022,13.23,0.006200000000000001,61224.0,0.0429,0.0,12061.0,60120.0,0.030600000000000002,0.47200000000000003,0.47200000000000003,0.0,0.031,0.0,-0.10400000000000001,10.616
359978219,4,0,0.013000000000000001,0.027,0.01,0.028,0.0,-0.0417,0.0009000000000000001,13.23,0.0061,61476.0,0.044500000000000005,0.0,16709.0,60240.0,0.030100000000000002,0.4713,0.47000000000000003,0.0,0.011,0.0,0.033,10.616
359983221,4,0,-0.002,-0.054,-0.02,0.028,0.0,-0.0373,0.0054,13.23,0.006,61984.0,0.0429,0.0,0.0,60360.0,0.0302,0.4713,0.47000000000000003,0.0,0.011,0.0,0.122,10.616
359987366,4,0,-0.061,-0.033,-0.012,0.029,0.0,-0.0383,0.0066,13.23,0.0058000000000000005,61600.0,0.044500000000000005,0.0,4145.0,60360.0,0.0318,0.47090000000000004,0.47000000000000003,0.0,-0.001,0.0,-0.223,10.616
359989509,4,0,-0.062,-0.096,0.003,0.029,0.0,-0.0364,0.0105,13.25,0.0058000000000000005,61984.0,0.0478,0.0,6288.0,60120.0,0.033100000000000004,0.47090000000000004,0.47000000000000003,0.0,-0.001,0.0,0.219,10.616
359993534,4,0,-0.006,0.015,-0.018000000000000002,0.029,0.0,-0.0385,0.0022,13.25,0.0058000000000000005,61600.0,0.0414,0.0,10313.0,60240.0,0.028800000000000003,0.47090000000000004,0.47000000000000003,0.0,-0.001,0.0,-0.011,10.679
359998231,4,0,-0.029,-0.006,-0.035,0.028,0.0,-0.0378,0.0086,13.25,0.0059,61728.0,0.0478,0.0,15010.0,60120.0,0.0329,0.4706,0.47000000000000003,0.0,-0.007,0.0,0.223,10.679
360002232,4,0,-0.018000000000000002,-0.078,0.001,0.029,0.0,-0.0373,0.003,13.25,0.0058000000000000005,61728.0,0.0414,0.0,0.0,60360.0,0.0285,0.4706,0.47000000000000003,0.0,-0.007,0.0,-0.194,10.679
360006551,4,0,0.006,0.04,-0.022,0.029,0.0,-0.0383,0.005200000000000001,13.25,0.0059,61476.0,0.043000000000000003,0.0,4319.0,60360.0,0.0307,0.4706,0.47000000000000003,0.0,-0.007,0.0,0.008,10.679
360009284,4,0,-0.012,-0.062,-0.005,0.028,0.0,-0.0396,0.0059,13.25,0.0059,61728.0,0.046200000000000005,0.0,7052.0,60120.0,0.032100000000000004,0.4711,0.47200000000000003,0.0,0.005,0.0,-0.016,10.679
360013534,4,0,0.019,0.022,-0.004,0.028,0.0,-0.0344,0.0047,13.25,0.0059,61600.0,0.0398,0.0,11302.0,60360.0,0.027600000000000003,0.4711,0.47200000000000003,0.0,0.005,0.0,0.14400000000000002,10.702
360018549,4,0,0.034,-0.059000000000000004,0.016,0.028,0.0,-0.0376,-0.001,13.25,0.0061,61600.0,0.0366,0.0,16317.0,60608.0,0.025900000000000003,0.4721,0.47400000000000003,0.0,0.024,0.0,0.55,10.702
360023250,4,0,0.049,-0.052000000000000005,0.016,0.027,0.0,-0.038900000000000004,-0.0014,13.25,0.0066,61728.0,0.038200000000000005,0.0,0.0,60120.0,0.026500000000000003,0.4721,0.47400000000000003,0.0,0.024,0.0,0.07100000000000001,10.702
360027276,4,0,0.074,0.043000000000000003,0.016,0.026000000000000002,0.0,-0.0398,-0.0023,13.25,0.0068000000000000005,61728.0,0.038200000000000005,0.0,4026.0,60240.0,0.026500000000000003,0.4721,0.47200000000000003,0.0,0.019,0.0,-0.111,10.702
360029300,4,0,0.062,-0.027,0.031,0.026000000000000002,0.0,-0.038900000000000004,-0.0013000000000000002,13.25,0.007,61476.0,0.038200000000000005,0.0,6050.0,60120.0,0.026600000000000002,0.4721,0.47200000000000003,0.0,0.019,0.0,-0.153,10.702
360034301,4,0,0.08700000000000001,0.032,0.007,0.026000000000000002,0.0,-0.0375,-0.004,13.25,0.007200000000000001,61984.0,0.0334,0.0,11051.0,60484.0,0.023700000000000002,0.4721,0.47200000000000003,0.0,0.019,0.0,-0.02,10.619
360039304,4,0,0.061,0.004,0.016,0.025,0.0,-0.039900000000000005,-0.0073,13.27,0.007500000000000001,61600.0,0.031900000000000005,0.0,16054.0,60360.0,0.023,0.4713,0.47000000000000003,0.0,0.001,0.0,0.393,10.619
360041508,4,0,0.068,0.032,0.016,0.025,0.0,-0.0398,-0.0039000000000000003,13.27,0.007500000000000001,61728.0,0.0367,0.0,0.0,60484.0,0.025400000000000002,0.4713,0.47000000000000003,0.0,0.001,0.0,0.05,10.619
360045522,4,0,0.041,-0.007,0.0,0.025,0.0,-0.0419,-0.0047,13.27,0.0077,61600.0,0.0383,0.0,4014.0,60000.0,0.0263,0.4713,0.47000000000000003,0.0,0.001,0.0,0.046,10.619
360050549,4,0,0.065,0.002,-0.028,0.024,0.0,-0.0398,-0.0078000000000000005,13.27,0.0078000000000000005,61984.0,0.031900000000000005,0.0,9041.0,59760.0,0.022600000000000002,0.4716,0.47200000000000003,0.0,0.005,0.0,-0.248,10.619
360055271,4,0,-0.01,0.02,-0.016,0.025,0.0,-0.041,0.0058000000000000005,13.27,0.0076,61728.0,0.0478,0.0,13763.0,60240.0,0.033100000000000004,0.4716,0.47200000000000003,0.0,0.005,0.0,-0.245,10.523
360057297,4,0,-0.07100000000000001,-0.028,-0.017,0.025,0.0,-0.0398,0.0091,13.27,0.007500000000000001,61728.0,0.0494,0.0,15789.0,60240.0,0.0346,0.4721,0.47300000000000003,0.0,0.014,0.0,-0.106,10.523
360061508,4,0,0.036000000000000004,0.01,-0.039,0.026000000000000002,0.0,-0.0381,-0.0037,13.27,0.007200000000000001,61600.0,0.0351,0.0,0.0,60240.0,0.0244,0.4721,0.47300000000000003,0.0,0.014,0.0,0.084,10.523
360065508,4,0,-0.079,-0.029,-0.024,0.026000000000000002,0.0,-0.0393,-0.0013000000000000002,13.27,0.0071,61728.0,0.0383,0.0,4000.0,60360.0,0.0269,0.4721,0.47300000000000003,0.0,0.014,0.0,0.365,10.523
360070287,4,0,-0.037,-0.022,-0.014,0.026000000000000002,0.0,-0.0398,0.009300000000000001,13.27,0.0068000000000000005,61600.0,0.0494,0.0,8779.0,60240.0,0.0347,0.4727,0.47400000000000003,0.0,0.025,0.0,-0.338,10.523
360075284,4,0,-0.016,-0.009000000000000001,-0.009000000000000001,0.027,0.0,-0.037200000000000004,0.002,13.27,0.0067,61476.0,0.039900000000000005,0.0,13776.0,60360.0,0.027700000000000002,0.4727,0.47400000000000003,0.0,0.025,0.0,-0.275,10.651
360077311,4,0,-0.018000000000000002,-0.044,0.003,0.027,0.0,-0.035500000000000004,0.0047,13.27,0.0067,61600.0,0.0415,0.0,15803.0,60120.0,0.0285,0.47390000000000004,0.47600000000000003,0.0,0.043000000000000003,0.0,-0.253,10.651
360081675,4,0,-0.026000000000000002,-0.009000000000000001,0.017,0.027,0.0,-0.0375,0.0048000000000000004,13.27,0.0067,61728.0,0.0431,0.0,0.0,60360.0,0.029900000000000003,0.47390000000000004,0.47600000000000003,0.0,0.043000000000000003,0.0,0.20700000000000002,10.651
360086290,4,0,0.004,-0.046,0.028,0.026000000000000002,0.0,-0.0368,-0.0014,13.290000000000001,0.006900000000000001,61856.0,0.0351,0.0,4615.0,60240.0,0.0251,0.47390000000000004,0.47600000000000003,0.0,0.043000000000000003,0.0,0.599,10.651
360090295,4,0,0.12,-0.008,0.029,0.026000000000000002,0.0,-0.038700000000000005,-0.0082,13.290000000000001,0.007200000000000001,61856.0,0.031900000000000005,0.0,8620.0,60608.0,0.021500000000000002,0.4746,0.47600000000000003,0.0,0.049,0.0,-0.026000000000000002,10.651
360094353,4,0,0.03,-0.001,0.038,0.025,0.0,-0.0405,0.0023,13.290000000000001,0.0074,61728.0,0.0431,0.0,12678.0,60240.0,0.0303,0.4746,0.47600000000000003,0.0,0.049,0.0,0.126,10.625
360098508,4,0,0.074,-0.016,0.043000000000000003,0.024,0.0,-0.039,0.0025,13.290000000000001,0.0078000000000000005,61856.0,0.0431,0.0,16833.0,60240.0,0.029400000000000003,0.4751,0.47600000000000003,0.0,0.049,0.0,-0.467,10.625
360103302,4,0,0.125,0.004,0.011,0.024,0.0,-0.0351,-0.0014,13.290000000000001,0.0081,62112.0,0.0335,0.0,0.0,60360.0,0.0238,0.4751,0.47600000000000003,0.0,0.049,0.0,-0.467,10.625
360105304,4,0,0.149,-0.007,0.012,0.023,0.0,-0.039,-0.012100000000000001,13.290000000000001,0.0083,61600.0,0.027100000000000003,0.0,2002.0,60240.0,0.019,0.4751,0.47600000000000003,0.0,0.049,0.0,-0.099,10.625
360109362,4,0,0.089,-0.003,-0.017,0.023,0.0,-0.0388,-0.0115,13.290000000000001,0.0086,61600.0,0.0287,0.0,6060.0,60240.0,0.0193,0.4751,0.47500000000000003,0.0,0.038,0.0,-0.049,10.625
360113533,4,0,-0.009000000000000001,-0.021,-0.018000000000000002,0.023,0.0,-0.0388,0.0043,13.3,0.008700000000000001,61856.0,0.044700000000000004,0.0,10231.0,60608.0,0.030500000000000003,0.4751,0.47500000000000003,0.0,0.038,0.0,-0.11,10.582
360118507,4,0,0.078,-0.005,-0.034,0.023,0.0,-0.0397,-0.0095,13.3,0.0086,61856.0,0.0303,0.0,15205.0,60240.0,0.0213,0.4747,0.47400000000000003,0.0,0.023,0.0,-0.498,10.582
360122508,4,0,0.027,-0.014,-0.034,0.023,0.0,-0.039900000000000005,-0.0118,13.3,0.0085,61856.0,0.027100000000000003,0.0,0.0,60240.0,0.0199,0.4747,0.47400000000000003,0.0,0.023,0.0,-0.252,10.582
360125319,4,0,-0.026000000000000002,-0.021,-0.046,0.023,0.0,-0.038200000000000005,0.0006000000000000001,13.3,0.0085,61728.0,0.0383,0.0,2811.0,60484.0,0.0275,0.4747,0.47400000000000003,0.0,0.023,0.0,-0.40800000000000003,10.582
360129374,4,0,0.025,-0.035,-0.043000000000000003,0.023,0.0,-0.0371,-0.0083,13.32,0.0083,62112.0,0.0304,0.0,6866.0,60240.0,0.0204,0.47450000000000003,0.47400000000000003,0.0,0.014,0.0,0.105,10.582
360134372,4,0,-0.049,-0.044,-0.01,0.023,0.0,-0.0378,-0.0134,13.32,0.0083,61476.0,0.024,0.0,11864.0,60608.0,0.0172,0.47450000000000003,0.47400000000000003,0.0,0.014,0.0,0.145,10.472
360139373,4,0,0.004,-0.034,-0.003,0.023,0.0,-0.038400000000000004,-0.0014,13.32,0.008400000000000001,62112.0,0.0368,0.0,16865.0,60360.0,0.0262,0.4743,0.47400000000000003,0.0,0.008,0.0,-0.423,10.472
360141508,4,0,-0.06,-0.041,0.01,0.023,0.0,-0.0383,-0.0045000000000000005,13.32,0.0083,61856.0,0.033600000000000005,0.0,0.0,60484.0,0.0239,0.4743,0.47400000000000003,0.0,0.008,0.0,-0.23500000000000001,10.472
360145508,4,0,0.031,-0.024,0.041,0.023,0.0,-0.0385,-0.0015,13.32,0.008400000000000001,61600.0,0.0368,0.0,4000.0,60484.0,0.0261,0.4743,0.47400000000000003,0.0,0.008,0.0,-0.364,10.472
360150506,4,0,-0.009000000000000001,-0.026000000000000002,0.041,0.023,0.0,-0.038,0.0017000000000000001,13.32,0.008400000000000001,61984.0,0.04,0.0,8998.0,60852.0,0.0281,0.47350000000000003,0.47200000000000003,0.0,-0.01,0.0,-0.006,10.472
360155339,4,0,-0.043000000000000003,-0.044,0.053,0.023,0.0,-0.035300000000000005,-0.003,13.32,0.0085,61728.0,0.032,0.0,13831.0,60484.0,0.0228,0.47350000000000003,0.47200000000000003,0.0,-0.01,0.0,0.075,10.591000000000001
360157364,4,0,0.009000000000000001,-0.037,0.057,0.023,0.0,-0.035,-0.00030000000000000003,13.32,0.0085,61728.0,0.0352,0.0,15856.0,60484.0,0.0245,0.4723,0.47000000000000003,0.0,-0.032,0.0,-0.166,10.591000000000001
360161507,4,0,-0.044,-0.031,0.049,0.023,0.0,-0.0359,0.0036000000000000003,13.32,0.008700000000000001,61600.0,0.04,0.0,0.0,60360.0,0.0279,0.4723,0.47000000000000003,0.0,-0.032,0.0,-0.183,10.591000000000001
360165508,4,0,0.013000000000000001,-0.017,0.018000000000000002,0.022,0.0,-0.0362,0.0055000000000000005,13.32,0.0088,61856.0,0.0432,0.0,4001.0,60360.0,0.029500000000000002,0.4723,0.47000000000000003,0.0,-0.032,0.0,-0.47600000000000003,10.591000000000001
360170349,4,0,-0.022,-0.046,0.01,0.022,0.0,-0.035500000000000004,0.0017000000000000001,13.34,0.0088,61984.0,0.0385,0.0,8842.0,60360.0,0.0263,0.47290000000000004,0.47400000000000003,0.0,-0.014,0.0,-0.099,10.591000000000001
360174397,4,0,-0.015,-0.008,-0.009000000000000001,0.022,0.0,-0.0364,0.0001,13.34,0.0089,61600.0,0.0369,0.0,12890.0,60484.0,0.0258,0.47290000000000004,0.47400000000000003,0.0,-0.014,0.0,0.058,10.597
360178550,4,0,0.039,-0.046,-0.024,0.022,0.0,-0.036000000000000004,-0.0061,13.34,0.009000000000000001,61856.0,0.0304,0.0,17043.0,60484.0,0.0211,0.4747,0.47800000000000004,0.0,0.025,0.0,0.15,10.597
360181675,4,0,0.015,-0.006,-0.038,0.021,0.0,-0.0361,-0.0091,13.34,0.0092,61224.0,0.027200000000000002,0.0,0.0,60360.0,0.019,0.4747,0.47800000000000004,0.0,0.025,0.0,0.07,10.597
360186375,4,0,0.138,0.002,-0.045,0.02,0.0,-0.0364,-0.012100000000000001,13.34,0.0097,61856.0,0.024,0.0,4700.0,60608.0,0.0172,0.4747,0.47800000000000004,0.0,0.025,0.0,-0.298,10.597
360190506,4,0,-0.002,-0.036000000000000004,-0.043000000000000003,0.02,0.0,-0.0381,-0.0039000000000000003,13.34,0.0098,61984.0,0.035300000000000005,0.0,8831.0,60608.0,0.024200000000000003,0.47550000000000003,0.47700000000000004,0.0,0.036000000000000004,0.0,-0.11800000000000001,10.597
360194508,4,0,0.112,0.014,-0.038,0.02,0.0,-0.037000000000000005,-0.0111,13.34,0.010100000000000001,61728.0,0.027200000000000002,0.0,12833.0,60360.0,0.0183,0.47550000000000003,0.47700000000000004,0.0,0.036000000000000004,0.0,-0.047,10.584
360197394,4,0,0.011,-0.036000000000000004,-0.02,0.019,0.0,-0.0373,-0.0098,13.34,0.0103,62112.0,0.028800000000000003,0.0,15719.0,60728.0,0.0194,0.4757,0.47600000000000003,0.0,0.033,0.0,0.106,10.584
360201507,4,0,0.08,0.022,-0.031,0.019,0.0,-0.0383,-0.0057,13.34,0.0105,61856.0,0.032,0.0,0.0,60240.0,0.023,0.4757,0.47600000000000003,0.0,0.033,0.0,-0.044,10.584
360205507,4,0,0.053,-0.012,-0.004,0.019,0.0,-0.0379,-0.0083,13.34,0.0106,61728.0,0.0304,0.0,4000.0,60360.0,0.020900000000000002,0.4757,0.47600000000000003,0.0,0.033,0.0,-0.018000000000000002,10.584
360209507,4,0,-0.023,-0.014,0.013000000000000001,0.019,0.0,-0.0371,-0.0019,13.34,0.0106,61728.0,0.0369,0.0,8000.0,60608.0,0.024900000000000002,0.4758,0.47600000000000003,0.0,0.028,0.0,-0.14,10.584
360213532,4,0,0.008,0.016,0.012,0.019,0.0,-0.037000000000000005,0.0015,13.36,0.010400000000000001,61600.0,0.040100000000000004,0.0,12025.0,60608.0,0.027200000000000002,0.4758,0.47600000000000003,0.0,0.028,0.0,-0.045,10.584
360218382,4,0,-0.042,-0.035,0.029,0.02,0.0,-0.036500000000000005,0.0035,13.36,0.0099,61856.0,0.040100000000000004,0.0,16875.0,60360.0,0.028300000000000002,0.4762,0.47700000000000004,0.0,0.031,0.0,0.215,10.608
360222507,4,0,-0.035,0.013000000000000001,0.035,0.021,0.0,-0.0393,-0.0076,13.36,0.009600000000000001,61100.0,0.032100000000000004,0.0,0.0,60728.0,0.0224,0.4762,0.47700000000000004,0.0,0.031,0.0,0.129,10.608
360225386,4,0,-0.028,-0.046,0.034,0.021,0.0,-0.0359,-0.002,13.36,0.0095,61856.0,0.035300000000000005,0.0,2879.0,60852.0,0.024,0.4762,0.47700000000000004,0.0,0.031,0.0,0.28,10.608
360229435,4,0,-0.064,-0.002,0.019,0.021,0.0,-0.036000000000000004,0.0024000000000000002,13.36,0.0094,61600.0,0.0385,0.0,6928.0,60484.0,0.027100000000000003,0.47650000000000003,0.47700000000000004,0.0,0.031,0.0,-0.01,10.608
360234437,4,0,0.005,0.024,0.007,0.021,0.0,-0.0388,0.0048000000000000004,13.36,0.009300000000000001,61984.0,0.0449,0.0,11930.0,60484.0,0.0309,0.47650000000000003,0.47700000000000004,0.0,0.031,0.0,-0.076,10.608
360238506,4,0,-0.024,-0.055,0.01,0.021,0.0,-0.035300000000000005,-0.0013000000000000002,13.36,0.0094,61984.0,0.0337,0.0,15999.0,60484.0,0.024,0.4767,0.47700000000000004,0.0,0.028,0.0,0.201,10.608
360242549,4,0,0.0,0.051000000000000004,-0.004,0.021,0.0,-0.0398,0.0068000000000000005,13.36,0.0094,61856.0,0.0466,0.0,0.0,60608.0,0.0329,0.4767,0.47700000000000004,0.0,0.028,0.0,0.197,10.608
360245402,4,0,-0.022,-0.038,-0.002,0.021,0.0,-0.0407,0.0068000000000000005,13.36,0.0095,61600.0,0.0482,0.0,2853.0,60484.0,0.033600000000000005,0.4767,0.47700000000000004,0.0,0.028,0.0,0.231,10.608
360249453,4,0,0.037,0.04,-0.033,0.021,0.0,-0.0373,-0.0007,13.36,0.0097,61984.0,0.0385,0.0,6904.0,60608.0,0.025900000000000003,0.4761,0.47500000000000003,0.0,0.011,0.0,0.016,10.608
360253531,4,0,0.074,-0.018000000000000002,-0.024,0.02,0.0,-0.0374,-0.0066,13.36,0.010100000000000001,61600.0,0.032100000000000004,0.0,10982.0,60484.0,0.0218,0.4761,0.47500000000000003,0.0,0.011,0.0,-0.07100000000000001,10.608
360258410,4,0,0.0,-0.032,-0.005,0.019,0.0,-0.0385,0.0068000000000000005,13.36,0.0103,61856.0,0.045000000000000005,0.0,15861.0,60852.0,0.032,0.47540000000000004,0.47400000000000003,0.0,-0.006,0.0,-0.128,10.576
360262411,4,0,0.057,0.054,-0.03,0.019,0.0,-0.038,-0.0055000000000000005,13.38,0.010400000000000001,61728.0,0.033800000000000004,0.0,0.0,60852.0,0.023,0.47540000000000004,0.47400000000000003,0.0,-0.006,0.0,0.158,10.576
360266506,4,0,0.125,-0.028,-0.019,0.019,0.0,-0.0413,-0.0166,13.38,0.0105,61728.0,0.0241,0.0,4095.0,60360.0,0.017400000000000002,0.47540000000000004,0.47400000000000003,0.0,-0.006,0.0,0.28600000000000003,10.576
360271417,4,0,0.023,0.001,0.005,0.018000000000000002,0.0,-0.038400000000000004,-0.0085,13.38,0.0108,61600.0,0.030500000000000003,0.0,9006.0,60360.0,0.0212,0.47490000000000004,0.47400000000000003,0.0,-0.014,0.0,0.067,10.576
360273419,4,0,0.032,-0.006,0.01,0.018000000000000002,0.0,-0.042800000000000005,-0.0007,13.38,0.0108,61984.0,0.0434,0.0,11008.0,60484.0,0.0298,0.47490000000000004,0.47400000000000003,0.0,-0.014,0.0,0.133,10.576
360278422,4,0,0.057,-0.022,-0.004,0.018000000000000002,0.0,-0.0393,-0.0145,13.38,0.0108,61728.0,0.0257,0.0,16011.0,60240.0,0.0175,0.47490000000000004,0.47500000000000003,0.0,-0.011,0.0,-0.20600000000000002,10.595
360282505,4,0,0.057,0.036000000000000004,0.013000000000000001,0.018000000000000002,0.0,-0.04,-0.012100000000000001,13.38,0.011000000000000001,61728.0,0.0273,0.0,0.0,60484.0,0.019700000000000002,0.47490000000000004,0.47500000000000003,0.0,-0.011,0.0,-0.073,10.595
360285429,4,0,-0.039,-0.03,0.028,0.018000000000000002,0.0,-0.0413,0.0001,13.38,0.0108,61984.0,0.041800000000000004,0.0,2924.0,60728.0,0.0292,0.47490000000000004,0.47500000000000003,0.0,-0.011,0.0,-0.131,10.595
360289477,4,0,-0.024,0.029,0.007,0.019,0.0,-0.0397,0.0001,13.38,0.0106,61600.0,0.0402,0.0,6972.0,60240.0,0.0281,0.4746,0.47400000000000003,0.0,-0.015,0.0,0.241,10.595
360293750,4,0,-0.012,-0.069,0.004,0.019,0.0,-0.0378,-0.0103,13.38,0.0106,61984.0,0.0273,0.0,11245.0,60240.0,0.0194,0.4746,0.47400000000000003,0.0,-0.015,0.0,0.17500000000000002,10.595
360298506,4,0,-0.052000000000000005,-0.017,0.027,0.019,0.0,-0.042300000000000004,-0.0077,13.38,0.0103,61856.0,0.0354,0.0,16001.0,60608.0,0.0245,0.47400000000000003,0.47300000000000003,0.0,-0.023,0.0,-0.35000000000000003,10.568
360302506,4,0,-0.065,0.002,-0.015,0.02,0.0,-0.0368,0.007500000000000001,13.38,0.010100000000000001,61728.0,0.045000000000000005,0.0,0.0,60608.0,0.0313,0.47400000000000003,0.47300000000000003,0.0,-0.023,0.0,-0.2,10.568
360305443,4,0,-0.092,-0.021,-0.004,0.02,0.0,-0.039900000000000005,0.006200000000000001,13.41,0.0099,62112.0,0.046700000000000005,0.0,2937.0,60608.0,0.032600000000000004,0.47400000000000003,0.47300000000000003,0.0,-0.023,0.0,-0.506,10.568
360310447,4,0,-0.047,0.02,0.007,0.021,0.0,-0.0385,0.0029000000000000002,13.41,0.0095,62112.0,0.043500000000000004,0.0,7941.0,60728.0,0.029300000000000003,0.47300000000000003,0.47100000000000003,0.0,-0.04,0.0,-0.276,10.568
360314520,4,0,-0.048,-0.035,0.006,0.021,0.0,-0.0392,0.0019,13.41,0.0095,61856.0,0.0419,0.0,12014.0,60484.0,0.029,0.47300000000000003,0.47100000000000003,0.0,-0.04,0.0,0.069,10.568
360317487,4,0,-0.04,0.037,-0.023,0.021,0.0,-0.0417,0.005,13.41,0.0094,61984.0,0.0483,0.0,14981.0,60484.0,0.033,0.4726,0.47200000000000003,0.0,-0.039,0.0,-0.352,10.568
360322452,4,0,-0.058,0.017,0.002,0.021,0.0,-0.0397,0.0095,13.41,0.0094,61984.0,0.0499,0.0,0.0,60608.0,0.034800000000000005,0.4726,0.47200000000000003,0.0,-0.039,0.0,-0.13,10.559000000000001
360327487,4,0,-0.043000000000000003,-0.049,0.012,0.021,0.0,-0.0395,0.0063,13.41,0.009300000000000001,61600.0,0.046700000000000005,0.0,5035.0,61100.0,0.0324,0.4731,0.47400000000000003,0.0,-0.021,0.0,-0.062,10.559000000000001
360329508,4,0,-0.008,0.007,-0.011,0.021,0.0,-0.0376,0.0028,13.41,0.009300000000000001,61984.0,0.0419,0.0,7056.0,60484.0,0.0286,0.4731,0.47400000000000003,0.0,-0.021,0.0,0.296,10.559000000000001
360334519,4,0,-0.019,-0.032,-0.003,0.021,0.0,-0.042100000000000005,0.0025,13.41,0.0094,61984.0,0.046700000000000005,0.0,12067.0,60484.0,0.0315,0.4731,0.47400000000000003,0.0,-0.021,0.0,0.34,10.559000000000001
360337492,4,0,0.034,0.039,0.005,0.021,0.0,-0.0408,0.0002,13.41,0.0094,62112.0,0.0419,0.0,15040.0,60976.0,0.029,0.4738,0.47500000000000003,0.0,-0.004,0.0,0.215,10.559000000000001
360342465,4,0,0.014,0.018000000000000002,0.0,0.021,0.0,-0.045000000000000005,-0.0029000000000000002,13.41,0.009600000000000001,62112.0,0.043500000000000004,0.0,0.0,60728.0,0.0298,0.4738,0.47500000000000003,0.0,-0.004,0.0,0.064,10.575000000000001
360347499,4,0,0.048,-0.01,0.001,0.02,0.0,-0.042800000000000005,-0.0048000000000000004,13.41,0.0097,61984.0,0.038700000000000005,0.0,5034.0,60728.0,0.0269,0.47490000000000004,0.47700000000000004,0.0,0.019,0.0,-0.48,10.575000000000001
360349537,4,0,0.003,0.02,-0.001,0.02,0.0,-0.043000000000000003,-0.0024000000000000002,13.43,0.0097,61984.0,0.0403,0.0,7072.0,60484.0,0.0287,0.47490000000000004,0.47700000000000004,0.0,0.019,0.0,-0.29,10.575000000000001
360354525,4,0,0.008,-0.003,0.002,0.02,0.0,-0.0442,0.0014,13.43,0.0097,62112.0,0.0468,0.0,12060.0,60484.0,0.0323,0.47490000000000004,0.47700000000000004,0.0,0.019,0.0,-0.178,10.575000000000001
360357505,4,0,0.015,0.046,-0.018000000000000002,0.021,0.0,-0.0432,-0.0032,13.43,0.009600000000000001,61728.0,0.0403,0.0,15040.0,60728.0,0.028300000000000002,0.4756,0.47700000000000004,0.0,0.03,0.0,-0.016,10.575000000000001
360362484,4,0,0.009000000000000001,0.002,-0.003,0.021,0.0,-0.0438,-0.0067,13.43,0.0095,62368.0,0.038700000000000005,0.0,0.0,60608.0,0.0262,0.4756,0.47700000000000004,0.0,0.03,0.0,0.098,10.595
360367513,4,0,-0.003,0.0,-0.005,0.021,0.0,-0.0432,-0.0009000000000000001,13.43,0.009300000000000001,62112.0,0.0436,0.0,5029.0,60852.0,0.030000000000000002,0.4761,0.47700000000000004,0.0,0.034,0.0,-0.26,10.595
360369540,4,0,-0.031,0.005,-0.01,0.021,0.0,-0.0438,0.0008,13.43,0.0092,61728.0,0.045200000000000004,0.0,7056.0,60976.0,0.0315,0.4761,0.47700000000000004,0.0,0.034,0.0,-0.052000000000000005,10.595
360374539,4,0,-0.059000000000000004,-0.01,-0.01,0.022,0.0,-0.0431,0.0059,13.43,0.0089,62368.0,0.05,0.0,12055.0,60852.0,0.0346,0.4761,0.47700000000000004,0.0,0.034,0.0,-0.136,10.595
360377520,4,0,-0.026000000000000002,0.032,0.001,0.023,0.0,-0.0442,0.0036000000000000003,13.43,0.008700000000000001,62112.0,0.048400000000000006,0.0,15036.0,60728.0,0.033800000000000004,0.47540000000000004,0.47400000000000003,0.0,0.012,0.0,0.277,10.595
360381679,4,0,-0.082,0.003,-0.005,0.023,0.0,-0.0456,0.005200000000000001,13.43,0.008400000000000001,61856.0,0.0516,0.0,0.0,60608.0,0.036000000000000004,0.47540000000000004,0.47400000000000003,0.0,0.012,0.0,0.085,10.496
360387526,4,0,-0.039,0.011,0.007,0.024,0.0,-0.0432,0.0076,13.43,0.008,61984.0,0.053200000000000004,0.0,5847.0,60360.0,0.0359,0.4742,0.47200000000000003,0.0,-0.014,0.0,-0.489,10.496
360389550,4,0,-0.115,-0.002,0.017,0.024,0.0,-0.043500000000000004,0.0079,13.43,0.0078000000000000005,61856.0,0.053200000000000004,0.0,7871.0,60728.0,0.0363,0.4742,0.47200000000000003,0.0,-0.014,0.0,-0.201,10.496
360394556,4,0,-0.041,-0.009000000000000001,0.005,0.025,0.0,-0.0402,0.010700000000000001,13.450000000000001,0.0076,61984.0,0.0533,0.0,12877.0,60728.0,0.036000000000000004,0.4742,0.47200000000000003,0.0,-0.014,0.0,-0.467,10.496
360397532,4,0,-0.096,0.005,0.007,0.025,0.0,-0.0419,0.0089,13.450000000000001,0.0074,61856.0,0.0533,0.0,15853.0,61100.0,0.0359,0.4727,0.47000000000000003,0.0,-0.04,0.0,0.031,10.496
360402552,4,0,-0.031,0.009000000000000001,0.022,0.025,0.0,-0.0443,0.0118,13.450000000000001,0.0073,62240.0,0.056600000000000004,0.0,0.0,60608.0,0.0397,0.4727,0.47000000000000003,0.0,-0.04,0.0,-0.111,10.579
360406555,4,0,0.0,0.028,0.016,0.026000000000000002,0.0,-0.045000000000000005,0.0098,13.450000000000001,0.007200000000000001,61856.0,0.056600000000000004,0.0,4003.0,60484.0,0.038700000000000005,0.4727,0.47000000000000003,0.0,-0.04,0.0,-0.191,10.579
360409565,4,0,0.002,0.019,0.013000000000000001,0.026000000000000002,0.0,-0.045000000000000005,0.0035,13.450000000000001,0.007200000000000001,62112.0,0.050100000000000006,0.0,7013.0,60728.0,0.034300000000000004,0.47140000000000004,0.46900000000000003,0.0,-0.058,0.0,0.166,10.579
360414567,4,0,0.068,0.032,0.011,0.025,0.0,-0.0449,0.0009000000000000001,13.450000000000001,0.0076,62240.0,0.0485,0.0,12015.0,60608.0,0.0324,0.47140000000000004,0.46900000000000003,0.0,-0.058,0.0,-0.218,10.579
360417545,4,0,-0.031,0.02,0.013000000000000001,0.025,0.0,-0.044700000000000004,0.011600000000000001,13.450000000000001,0.0076,62500.0,0.056600000000000004,0.0,14993.0,60852.0,0.0398,0.47090000000000004,0.47000000000000003,0.0,-0.057,0.0,0.15,10.579
360422526,4,0,0.056,0.017,-0.005,0.024,0.0,-0.042800000000000005,-0.002,13.450000000000001,0.008,62112.0,0.042,0.0,0.0,60728.0,0.028800000000000003,0.47090000000000004,0.47000000000000003,0.0,-0.057,0.0,0.003,10.584
360427553,4,0,0.131,0.027,-0.016,0.024,0.0,-0.0456,-0.0007,13.450000000000001,0.0081,62240.0,0.046900000000000004,0.0,5027.0,60484.0,0.0318,0.4706,0.47000000000000003,0.0,-0.052000000000000005,0.0,-0.046,10.584
360429577,4,0,0.088,0.027,-0.017,0.023,0.0,-0.046700000000000005,-0.007,13.450000000000001,0.0083,61984.0,0.042,0.0,7051.0,60484.0,0.0281,0.4706,0.47000000000000003,0.0,-0.052000000000000005,0.0,0.079,10.584
360434551,4,0,0.049,0.035,-0.038,0.023,0.0,-0.048100000000000004,0.001,13.450000000000001,0.008400000000000001,62112.0,0.0517,0.0,12025.0,60728.0,0.0347,0.4706,0.47000000000000003,0.0,-0.052000000000000005,0.0,0.06,10.584
360439584,4,0,0.018000000000000002,0.018000000000000002,-0.025,0.024,0.0,-0.0472,-0.0001,13.47,0.0081,61984.0,0.048600000000000004,0.0,17058.0,60728.0,0.0333,0.47040000000000004,0.47000000000000003,0.0,-0.046,0.0,0.179,10.584
360442538,4,0,0.002,0.037,-0.027,0.024,0.0,-0.047,0.0001,13.47,0.008,61984.0,0.048600000000000004,0.0,0.0,60728.0,0.0333,0.47040000000000004,0.47000000000000003,0.0,-0.046,0.0,0.20800000000000002,10.571
360446613,4,0,-0.024,0.007,-0.033,0.024,0.0,-0.046700000000000005,0.0025,13.47,0.0079,62240.0,0.051800000000000006,0.0,4075.0,60608.0,0.034800000000000005,0.4703,0.47000000000000003,0.0,-0.039,0.0,0.232,10.571
360449593,4,0,-0.116,0.0,-0.017,0.025,0.0,-0.0426,0.012400000000000001,13.47,0.0077,61984.0,0.0567,0.0,7055.0,60852.0,0.0388,0.4703,0.47000000000000003,0.0,-0.039,0.0,0.177,10.571
360454595,4,0,0.052000000000000005,0.001,0.0,0.025,0.0,-0.0446,-0.008700000000000001,13.47,0.0074,62112.0,0.0356,0.0,12057.0,60608.0,0.025400000000000002,0.4703,0.47000000000000003,0.0,-0.039,0.0,0.234,10.571
360457573,4,0,-0.1,-0.011,0.007,0.025,0.0,-0.046400000000000004,-0.004,13.47,0.0073,62240.0,0.0437,0.0,15035.0,60852.0,0.030000000000000002,0.4712,0.47300000000000003,0.0,-0.012,0.0,0.252,10.571
360462549,4,0,-0.10200000000000001,0.012,0.02,0.026000000000000002,0.0,-0.0463,0.0199,13.47,0.006900000000000001,62112.0,0.06960000000000001,0.0,0.0,60608.0,0.046900000000000004,0.4712,0.47300000000000003,0.0,-0.012,0.0,-0.233,10.589
360467776,4,0,-0.042,-0.016,0.047,0.027,0.0,-0.0443,0.0083,13.47,0.006500000000000001,62368.0,0.0534,0.0,5227.0,60728.0,0.037200000000000004,0.47290000000000004,0.47600000000000003,0.0,0.024,0.0,-0.015,10.589
360470586,4,0,-0.053,-0.006,0.033,0.027,0.0,-0.0431,0.0038,13.47,0.0064,62240.0,0.046900000000000004,0.0,8037.0,60728.0,0.0332,0.47290000000000004,0.47600000000000003,0.0,0.024,0.0,0.032,10.589
360473561,4,0,-0.08,-0.01,0.025,0.028,0.0,-0.045700000000000005,0.0106,13.47,0.0063,62240.0,0.058300000000000005,0.0,11012.0,60852.0,0.0398,0.47290000000000004,0.47600000000000003,0.0,0.024,0.0,0.246,10.589
360477586,4,0,-0.078,-0.007,0.036000000000000004,0.028,0.0,-0.0432,0.019,13.47,0.006200000000000001,62240.0,0.06470000000000001,0.0,15037.0,60608.0,0.044000000000000004,0.4736,0.47500000000000003,0.0,0.034,0.0,0.046,10.589
360481677,4,0,-0.006,0.006,0.041,0.028,0.0,-0.042100000000000005,0.0129,13.48,0.0063,62368.0,0.0567,0.0,0.0,61348.0,0.038900000000000004,0.4736,0.47500000000000003,0.0,0.034,0.0,0.008,10.619
360487594,4,0,0.005,-0.011,-0.001,0.027,0.0,-0.0446,0.0122,13.48,0.0064,62368.0,0.058300000000000005,0.0,5917.0,60976.0,0.0402,0.4738,0.47400000000000003,0.0,0.03,0.0,0.024,10.619
360489619,4,0,-0.005,0.034,-0.001,0.027,0.0,-0.0419,0.013000000000000001,13.5,0.0064,62112.0,0.0568,0.0,7942.0,60608.0,0.0388,0.4738,0.47400000000000003,0.0,0.03,0.0,-0.034,10.619
360494623,4,0,0.052000000000000005,0.01,-0.007,0.027,0.0,-0.0454,0.0071,13.5,0.006500000000000001,62112.0,0.0551,0.0,12946.0,60728.0,0.0371,0.4738,0.47400000000000003,0.0,0.03,0.0,0.007,10.619
360497600,4,0,0.008,0.021,-0.027,0.027,0.0,-0.041600000000000005,0.002,13.5,0.006500000000000001,61728.0,0.0454,0.0,15923.0,60608.0,0.0308,0.47350000000000003,0.47300000000000003,0.0,0.018000000000000002,0.0,-0.004,10.619
360502580,4,0,0.092,0.04,-0.031,0.027,0.0,-0.0436,0.0036000000000000003,13.5,0.0066,61984.0,0.048600000000000004,0.0,0.0,60728.0,0.0334,0.47350000000000003,0.47300000000000003,0.0,0.018000000000000002,0.0,-0.114,10.493
360506647,4,0,-0.03,-0.035,-0.019,0.027,0.0,-0.043000000000000003,0.0016,13.5,0.0067,62112.0,0.0454,0.0,4067.0,60852.0,0.0316,0.47300000000000003,0.47200000000000003,0.0,0.004,0.0,-0.066,10.493
360509631,4,0,0.025,0.06,-0.039,0.027,0.0,-0.0458,0.0112,13.5,0.0067,62368.0,0.0584,0.0,7051.0,60852.0,0.0403,0.47300000000000003,0.47200000000000003,0.0,0.004,0.0,-0.202,10.493
360514635,4,0,0.025,-0.019,-0.033,0.027,0.0,-0.0446,-0.0044,13.5,0.0066,62368.0,0.0405,0.0,12055.0,60728.0,0.0284,0.47300000000000003,0.47200000000000003,0.0,0.004,0.0,-0.128,10.493
360519640,4,0,-0.006,-0.008,-0.007,0.027,0.0,-0.0453,-0.004,13.5,0.006500000000000001,61728.0,0.0422,0.0,17060.0,60852.0,0.0292,0.4726,0.47200000000000003,0.0,-0.003,0.0,-0.164,10.493
360522594,4,0,0.008,0.047,-0.015,0.027,0.0,-0.0472,0.0016,13.5,0.0064,62112.0,0.050300000000000004,0.0,0.0,60728.0,0.0345,0.4726,0.47200000000000003,0.0,-0.003,0.0,-0.128,10.585
360526653,4,0,-0.043000000000000003,-0.035,-0.004,0.028,0.0,-0.0415,0.0038,13.5,0.0061,61984.0,0.0454,0.0,4059.0,60852.0,0.032,0.4728,0.47300000000000003,0.0,0.0,0.0,-0.28200000000000003,10.585
360529644,4,0,0.007,0.046,0.014,0.028,0.0,-0.0424,0.0005,13.5,0.006,62112.0,0.0438,0.0,7050.0,61100.0,0.0303,0.4728,0.47300000000000003,0.0,0.0,0.0,-0.34700000000000003,10.585
360534646,4,0,-0.079,-0.038,0.03,0.029,0.0,-0.041800000000000004,0.014700000000000001,13.52,0.0056,62240.0,0.0585,0.0,12052.0,60852.0,0.04,0.4728,0.47300000000000003,0.0,0.0,0.0,-0.06,10.585
360539652,4,0,-0.085,-0.011,0.018000000000000002,0.03,0.0,-0.0431,0.0071,13.52,0.0051,62112.0,0.052000000000000005,0.0,17058.0,60976.0,0.035500000000000004,0.4732,0.47400000000000003,0.0,0.009000000000000001,0.0,-0.343,10.585
360542607,4,0,-0.054,0.01,0.028,0.031,0.0,-0.0427,0.0118,13.52,0.0049,62240.0,0.055200000000000006,0.0,0.0,60608.0,0.0385,0.4732,0.47400000000000003,0.0,0.009000000000000001,0.0,-0.08600000000000001,10.581
360546666,4,0,-0.07,-0.017,0.037,0.031,0.0,-0.0427,0.010700000000000001,13.52,0.0045000000000000005,61984.0,0.055200000000000006,0.0,4059.0,61100.0,0.0378,0.4738,0.47500000000000003,0.0,0.02,0.0,-0.271,10.581
360549658,4,0,-0.019,0.018000000000000002,0.019,0.032,0.0,-0.042100000000000005,0.0092,13.52,0.0044,62112.0,0.0536,0.0,7051.0,61224.0,0.0363,0.4738,0.47500000000000003,0.0,0.02,0.0,-0.112,10.581
360554662,4,0,-0.055,-0.048,0.024,0.032,0.0,-0.0419,0.0132,13.52,0.0043,62112.0,0.056900000000000006,0.0,12055.0,60728.0,0.038900000000000004,0.4738,0.47500000000000003,0.0,0.02,0.0,-0.15,10.581
360559664,4,0,-0.011,0.047,0.012,0.032,0.0,-0.046400000000000004,0.013900000000000001,13.52,0.0041,62112.0,0.06330000000000001,0.0,17057.0,61224.0,0.0426,0.4742,0.47500000000000003,0.0,0.024,0.0,-0.298,10.581
360562550,4,0,-0.015,-0.024,0.01,0.032,0.0,-0.0461,0.0117,13.52,0.004200000000000001,62368.0,0.0585,0.0,0.0,60608.0,0.0409,0.4742,0.47500000000000003,0.0,0.024,0.0,-0.001,10.538
360566674,4,0,-0.029,0.028,-0.033,0.032,0.0,-0.041600000000000005,0.018600000000000002,13.52,0.004,62240.0,0.061700000000000005,0.0,4124.0,60976.0,0.0426,0.47450000000000003,0.47500000000000003,0.0,0.024,0.0,-0.14200000000000002,10.538
360569676,4,0,-0.015,0.02,-0.014,0.032,0.0,-0.0454,0.015000000000000001,13.52,0.004,62240.0,0.06330000000000001,0.0,7126.0,61348.0,0.0427,0.47450000000000003,0.47500000000000003,0.0,0.024,0.0,0.10400000000000001,10.538
360574674,4,0,-0.026000000000000002,-0.005,-0.015,0.033,0.0,-0.043300000000000005,0.014400000000000001,13.52,0.0039000000000000003,62112.0,0.0601,0.0,12124.0,60852.0,0.0408,0.47450000000000003,0.47500000000000003,0.0,0.024,0.0,-0.079,10.538
360579675,4,0,-0.016,0.044,-0.044,0.033,0.0,-0.0451,0.013600000000000001,13.540000000000001,0.0036000000000000003,62500.0,0.0618,0.0,17125.0,60976.0,0.0415,0.47400000000000003,0.47300000000000003,0.0,0.009000000000000001,0.0,-0.248,10.538
360581677,4,0,-0.009000000000000001,-0.005,-0.041,0.033,0.0,-0.0444,0.010400000000000001,13.540000000000001,0.0036000000000000003,62368.0,0.056900000000000006,0.0,0.0,60608.0,0.038700000000000005,0.47400000000000003,0.47300000000000003,0.0,0.009000000000000001,0.0,-0.18,10.56
360587638,4,0,-0.003,0.012,-0.012,0.034,0.0,-0.0471,0.0083,13.540000000000001,0.0034000000000000002,62368.0,0.056900000000000006,0.0,5961.0,60976.0,0.0392,0.4733,0.47200000000000003,0.0,-0.007,0.0,-0.14400000000000002,10.56
360589675,4,0,-0.01,0.039,-0.021,0.034,0.0,-0.0482,0.009000000000000001,13.540000000000001,0.0034000000000000002,62368.0,0.060200000000000004,0.0,7998.0,61100.0,0.0405,0.4733,0.47200000000000003,0.0,-0.007,0.0,0.22,10.56
360595676,4,0,0.021,-0.015,0.0,0.034,0.0,-0.0454,0.005,13.540000000000001,0.0032,62368.0,0.0521,0.0,13999.0,61224.0,0.0357,0.4733,0.47200000000000003,0.0,-0.007,0.0,-0.097,10.56
360598645,4,0,-0.01,0.093,-0.001,0.034,0.0,-0.0488,0.0102,13.540000000000001,0.0031000000000000003,62112.0,0.0618,0.0,16968.0,60728.0,0.0417,0.47250000000000003,0.47100000000000003,0.0,-0.021,0.0,-0.221,10.56
360602649,4,0,-0.012,0.007,0.018000000000000002,0.034,0.0,-0.0507,0.010100000000000001,13.540000000000001,0.003,62368.0,0.0618,0.0,0.0,60976.0,0.043000000000000003,0.47250000000000003,0.47100000000000003,0.0,-0.021,0.0,0.057,10.51
360607665,4,0,0.009000000000000001,0.019,0.03,0.035,0.0,-0.048100000000000004,0.0076,13.540000000000001,0.0028,62368.0,0.058600000000000006,0.0,5016.0,60976.0,0.039400000000000004,0.47200000000000003,0.47100000000000003,0.0,-0.027,0.0,-0.257,10.51
360609738,4,0,-0.008,0.02,0.044,0.035,0.0,-0.0514,0.008,13.540000000000001,0.0028,62240.0,0.0618,0.0,7089.0,61100.0,0.042100000000000005,0.47200000000000003,0.47100000000000003,0.0,-0.027,0.0,0.116,10.51
360614737,4,0,0.017,0.005,0.018000000000000002,0.035,0.0,-0.0494,0.007200000000000001,13.540000000000001,0.0025,61984.0,0.058600000000000006,0.0,12088.0,60728.0,0.040100000000000004,0.47200000000000003,0.47100000000000003,0.0,-0.027,0.0,-0.13,10.51
360619550,4,0,0.008,0.074,0.006,0.036000000000000004,0.0,-0.050800000000000005,0.0071,13.540000000000001,0.0024000000000000002,62240.0,0.060200000000000004,0.0,16901.0,61224.0,0.0409,0.4716,0.47100000000000003,0.0,-0.029,0.0,-0.074,10.51
360621663,4,0,-0.005,0.006,0.017,0.036000000000000004,0.0,-0.051500000000000004,0.0109,13.540000000000001,0.0023,62240.0,0.0651,0.0,0.0,60728.0,0.0441,0.4716,0.47100000000000003,0.0,-0.029,0.0,-0.198,10.51
360626550,4,0,-0.003,0.049,0.005,0.036000000000000004,0.0,-0.047400000000000005,0.0114,13.57,0.0021000000000000003,62500.0,0.0603,0.0,4887.0,61100.0,0.0415,0.4716,0.47100000000000003,0.0,-0.029,0.0,-0.043000000000000003,10.549
360631675,4,0,0.002,0.048,-0.016,0.037,0.0,-0.052000000000000005,0.0081,13.57,0.0019,62240.0,0.061900000000000004,0.0,10012.0,60852.0,0.0425,0.47140000000000004,0.47100000000000003,0.0,-0.027,0.0,-0.162,10.549
360634549,4,0,0.011,0.033,-0.016,0.037,0.0,-0.0495,0.009300000000000001,13.57,0.0018000000000000002,62368.0,0.061900000000000004,0.0,12886.0,60852.0,0.041600000000000005,0.47140000000000004,0.47100000000000003,0.0,-0.027,0.0,-0.318,10.549
360639550,4,0,-0.022,0.05,-0.034,0.037,0.0,-0.0504,0.013900000000000001,13.57,0.0015,62500.0,0.0668,0.0,17887.0,60976.0,0.0454,0.47200000000000003,0.47300000000000003,0.0,-0.011,0.0,0.28400000000000003,10.549
360641673,4,0,-0.025,0.012,-0.037,0.038,0.0,-0.0511,0.013600000000000001,13.57,0.0013000000000000002,62368.0,0.0684,0.0,0.0,60976.0,0.0458,0.47200000000000003,0.47300000000000003,0.0,-0.011,0.0,-0.053,10.549
360646676,4,0,-0.013000000000000001,0.046,-0.012,0.038,0.0,-0.050100000000000006,0.0145,13.57,0.001,62368.0,0.0668,0.0,5003.0,60852.0,0.045700000000000005,0.47340000000000004,0.47600000000000003,0.0,0.02,0.0,0.024,10.538
360649550,4,0,-0.046,0.009000000000000001,0.005,0.039,0.0,-0.0504,0.0148,13.57,0.0009000000000000001,62500.0,0.0668,0.0,7877.0,60852.0,0.0461,0.47340000000000004,0.47600000000000003,0.0,0.02,0.0,0.06,10.538
360654550,4,0,-0.008,0.045,-0.029,0.039,0.0,-0.0511,0.014,13.57,0.0005,62240.0,0.0684,0.0,12877.0,60976.0,0.046,0.47340000000000004,0.47600000000000003,0.0,0.02,0.0,-0.14400000000000002,10.538
360659776,4,0,-0.016,0.049,0.019,0.04,0.0,-0.0502,0.0102,13.57,0.0002,62368.0,0.061900000000000004,0.0,18103.0,60852.0,0.0427,0.4732,0.47300000000000003,0.0,0.013000000000000001,0.0,-0.067,10.538
360662679,4,0,-0.025,0.002,0.041,0.04,0.0,-0.051500000000000004,0.0123,13.57,0.0002,62368.0,0.0668,0.0,0.0,61100.0,0.0451,0.4732,0.47300000000000003,0.0,0.013000000000000001,0.0,-0.032,10.538
360666775,4,0,-0.014,0.047,0.013000000000000001,0.041,0.0,-0.0512,0.0132,13.57,0.0,62240.0,0.0668,0.0,4096.0,60852.0,0.0455,0.4732,0.47300000000000003,0.0,0.009000000000000001,0.0,0.008,10.564
360669551,4,0,-0.01,0.02,0.017,0.041,0.0,-0.052000000000000005,0.014400000000000001,13.57,0.0,62368.0,0.0684,0.0,6872.0,60852.0,0.046900000000000004,0.4732,0.47300000000000003,0.0,0.009000000000000001,0.0,-0.123,10.564
360673729,4,0,-0.02,0.04,0.038,0.041,0.0,-0.050800000000000005,0.015300000000000001,13.59,-0.0002,62240.0,0.06860000000000001,0.0,11050.0,61100.0,0.046700000000000005,0.4732,0.47300000000000003,0.0,0.009000000000000001,0.0,-0.171,10.564
360677733,4,0,-0.062,0.015,0.035,0.041,0.0,-0.052500000000000005,0.014100000000000001,13.59,-0.00030000000000000003,62368.0,0.06860000000000001,0.0,15054.0,60852.0,0.0471,0.4742,0.47600000000000003,0.0,0.027,0.0,0.2,10.564
360682674,4,0,0.003,0.037,-0.002,0.042,0.0,-0.0522,0.0119,13.59,-0.0005,62632.0,0.0669,0.0,0.0,61100.0,0.0454,0.4742,0.47600000000000003,0.0,0.027,0.0,-0.291,10.564
360687549,4,0,-0.009000000000000001,0.035,0.014,0.042,0.0,-0.051300000000000005,0.0108,13.59,-0.0006000000000000001,62500.0,0.0653,0.0,4875.0,60852.0,0.0439,0.4751,0.47700000000000004,0.0,0.041,0.0,0.004,10.636000000000001
360689549,4,0,0.007,0.026000000000000002,0.008,0.042,0.0,-0.0507,0.0111,13.59,-0.0006000000000000001,62368.0,0.0637,0.0,6875.0,60976.0,0.0437,0.4751,0.47700000000000004,0.0,0.041,0.0,-0.159,10.636000000000001
360693739,4,0,-0.006,0.034,-0.028,0.042,0.0,-0.0517,0.0128,13.59,-0.0008,62500.0,0.0669,0.0,11065.0,61224.0,0.0456,0.4751,0.47700000000000004,0.0,0.041,0.0,0.15,10.636000000000001
360697750,4,0,-0.061,0.012,-0.024,0.042,0.0,-0.0505,0.0111,13.59,-0.0009000000000000001,62500.0,0.0637,0.0,15076.0,61100.0,0.0436,0.4758,0.47700000000000004,0.0,0.046,0.0,0.212,10.636000000000001
360702550,4,0,0.045,0.035,-0.022,0.043000000000000003,0.0,-0.0522,0.0083,13.59,-0.001,62760.0,0.062,0.0,0.0,61100.0,0.042800000000000005,0.4758,0.47700000000000004,0.0,0.046,0.0,-0.247,10.636000000000001
360706771,4,0,-0.018000000000000002,0.03,-0.039,0.043000000000000003,0.0,-0.0514,0.01,13.59,-0.0011,62500.0,0.0637,0.0,4221.0,60976.0,0.0434,0.4762,0.47700000000000004,0.0,0.045,0.0,-0.067,10.571
360709548,4,0,0.04,0.036000000000000004,-0.032,0.043000000000000003,0.0,-0.051500000000000004,0.010700000000000001,13.59,-0.0011,62500.0,0.0653,0.0,6998.0,61224.0,0.044000000000000004,0.4762,0.47700000000000004,0.0,0.045,0.0,-0.322,10.571
360713549,4,0,-0.057,0.018000000000000002,-0.014,0.043000000000000003,0.0,-0.050300000000000004,0.0108,13.59,-0.0013000000000000002,62632.0,0.0637,0.0,10999.0,60484.0,0.0432,0.4762,0.47700000000000004,0.0,0.045,0.0,0.108,10.571
360717550,4,0,0.017,0.032,-0.011,0.043000000000000003,0.0,-0.0505,0.009300000000000001,13.59,-0.0014,62368.0,0.062,0.0,15000.0,60976.0,0.042300000000000004,0.4761,0.47600000000000003,0.0,0.035,0.0,0.025,10.571
360721551,4,0,0.0,0.019,-0.011,0.044,0.0,-0.049800000000000004,0.009600000000000001,13.61,-0.0015,62632.0,0.062200000000000005,0.0,0.0,60852.0,0.042,0.4761,0.47600000000000003,0.0,0.035,0.0,0.167,10.571
360725763,4,0,-0.061,0.009000000000000001,0.019,0.044,0.0,-0.0497,0.0097,13.620000000000001,-0.0017000000000000001,62500.0,0.062200000000000005,0.0,4212.0,61224.0,0.042,0.4761,0.47600000000000003,0.0,0.035,0.0,0.125,10.572000000000001
360729816,4,0,0.039,0.033,0.012,0.044,0.0,-0.0489,0.011300000000000001,13.620000000000001,-0.0018000000000000002,62760.0,0.062200000000000005,0.0,8265.0,60728.0,0.0426,0.4768,0.47800000000000004,0.0,0.041,0.0,-0.215,10.572000000000001
360734808,4,0,-0.012,0.016,0.016,0.045,0.0,-0.049100000000000005,0.0135,13.620000000000001,-0.0019,62500.0,0.0654,0.0,13257.0,61224.0,0.0442,0.4768,0.47800000000000004,0.0,0.041,0.0,-0.044,10.572000000000001
360737549,4,0,0.007,0.036000000000000004,0.021,0.045,0.0,-0.049100000000000005,0.015600000000000001,13.620000000000001,-0.002,62632.0,0.0671,0.0,15998.0,60728.0,0.0458,0.4783,0.48100000000000004,0.0,0.062,0.0,-0.097,10.572000000000001
360741770,4,0,0.002,0.014,0.019,0.045,0.0,-0.048600000000000004,0.011600000000000001,13.620000000000001,-0.0022,62500.0,0.062200000000000005,0.0,0.0,60728.0,0.0425,0.4783,0.48100000000000004,0.0,0.062,0.0,0.109,10.572000000000001
360745793,4,0,-0.048,-0.005,0.004,0.046,0.0,-0.047400000000000005,0.011600000000000001,13.620000000000001,-0.0024000000000000002,62500.0,0.060500000000000005,0.0,4023.0,61224.0,0.041800000000000004,0.4783,0.48100000000000004,0.0,0.062,0.0,0.14100000000000001,10.627
360750572,4,0,0.016,0.025,-0.001,0.046,0.0,-0.046900000000000004,0.0132,13.620000000000001,-0.0025,62632.0,0.062200000000000005,0.0,8802.0,60976.0,0.0425,0.4792,0.48100000000000004,0.0,0.069,0.0,-0.091,10.627
360755549,4,0,-0.044,-0.025,-0.004,0.046,0.0,-0.046400000000000004,0.013900000000000001,13.620000000000001,-0.0026000000000000003,62500.0,0.06380000000000001,0.0,13779.0,60976.0,0.0427,0.4792,0.48100000000000004,0.0,0.069,0.0,-0.094,10.627
360757780,4,0,-0.018000000000000002,0.011,-0.016,0.046,0.0,-0.0454,0.015700000000000002,13.620000000000001,-0.0027,62500.0,0.06380000000000001,0.0,16010.0,61100.0,0.0432,0.4798,0.48100000000000004,0.0,0.067,0.0,-0.19,10.627
360762550,4,0,-0.02,-0.019,-0.022,0.046,0.0,-0.045000000000000005,0.0166,13.620000000000001,-0.0027,62500.0,0.0654,0.0,0.0,61100.0,0.043500000000000004,0.4798,0.48100000000000004,0.0,0.067,0.0,0.014,10.627
360766812,4,0,-0.056,-0.045,-0.019,0.046,0.0,-0.0442,0.0159,13.620000000000001,-0.0028,62500.0,0.062200000000000005,0.0,4262.0,60976.0,0.0425,0.48090000000000005,0.48300000000000004,0.0,0.076,0.0,-0.047,10.541
360769557,4,0,-0.012,-0.018000000000000002,-0.022,0.046,0.0,-0.0446,0.015600000000000001,13.620000000000001,-0.0028,62500.0,0.062200000000000005,0.0,7007.0,60852.0,0.0426,0.48090000000000005,0.48300000000000004,0.0,0.076,0.0,-0.126,10.541
360774555,4,0,-0.047,-0.043000000000000003,-0.008,0.047,0.0,-0.0456,0.0152,13.64,-0.003,62632.0,0.0639,0.0,12005.0,61224.0,0.043000000000000003,0.48090000000000005,0.48300000000000004,0.0,0.076,0.0,-0.066,10.541
360779555,4,0,-0.029,0.01,0.012,0.047,0.0,-0.0459,0.0166,13.64,-0.0032,62500.0,0.0655,0.0,17005.0,60976.0,0.0442,0.48200000000000004,0.48400000000000004,0.0,0.082,0.0,-0.242,10.541
360782674,4,0,-0.03,-0.035,0.008,0.047,0.0,-0.0446,0.0166,13.64,-0.0033,62632.0,0.0639,0.0,0.0,61224.0,0.043300000000000005,0.48200000000000004,0.48400000000000004,0.0,0.082,0.0,-0.082,10.541
360787548,4,0,-0.022,0.009000000000000001,0.013000000000000001,0.048,0.0,-0.045200000000000004,0.014700000000000001,13.64,-0.0034000000000000002,62368.0,0.0623,0.0,4874.0,61476.0,0.0424,0.48200000000000004,0.48400000000000004,0.0,0.082,0.0,-0.138,10.618
360789552,4,0,-0.008,-0.014,0.033,0.048,0.0,-0.0471,0.0132,13.64,-0.0034000000000000002,62500.0,0.0623,0.0,6878.0,60976.0,0.0426,0.4824,0.48300000000000004,0.0,0.073,0.0,0.002,10.618
360793811,4,0,-0.006,-0.036000000000000004,0.032,0.048,0.0,-0.0446,0.0112,13.64,-0.0034000000000000002,62500.0,0.0574,0.0,11137.0,61224.0,0.0395,0.4824,0.48300000000000004,0.0,0.073,0.0,-0.107,10.618
360798555,4,0,0.017,0.041,0.01,0.047,0.0,-0.0443,0.011600000000000001,13.64,-0.0032,62632.0,0.0574,0.0,15881.0,61348.0,0.0395,0.48190000000000005,0.48100000000000004,0.0,0.049,0.0,-0.108,10.618
360802555,4,0,0.018000000000000002,-0.037,0.027,0.047,0.0,-0.0444,0.0126,13.64,-0.0031000000000000003,62632.0,0.059000000000000004,0.0,0.0,60976.0,0.0403,0.48190000000000005,0.48100000000000004,0.0,0.049,0.0,0.152,10.618
360806839,4,0,0.009000000000000001,-0.039,0.016,0.047,0.0,-0.0459,0.0073,13.64,-0.0031000000000000003,62760.0,0.0557,0.0,4284.0,61100.0,0.0376,0.48160000000000003,0.48100000000000004,0.0,0.033,0.0,0.112,10.52
360809555,4,0,0.032,-0.049,0.006,0.047,0.0,-0.0431,0.0098,13.64,-0.003,62760.0,0.0541,0.0,7000.0,61100.0,0.0374,0.48160000000000003,0.48100000000000004,0.0,0.033,0.0,0.334,10.52
360813813,4,0,0.003,-0.019,-0.01,0.047,0.0,-0.049600000000000005,0.010700000000000001,13.64,-0.0029000000000000002,62632.0,0.0639,0.0,11258.0,61224.0,0.0426,0.48160000000000003,0.48100000000000004,0.0,0.033,0.0,0.067,10.52
360818555,4,0,0.046,0.032,-0.013000000000000001,0.046,0.0,-0.0438,0.007,13.64,-0.0028,62500.0,0.0524,0.0,16000.0,61348.0,0.0359,0.48100000000000004,0.48000000000000004,0.0,0.015,0.0,0.28200000000000003,10.52
360822816,4,0,0.037,-0.013000000000000001,-0.016,0.046,0.0,-0.0454,0.008,13.66,-0.0026000000000000003,62500.0,0.0558,0.0,0.0,61348.0,0.0378,0.48100000000000004,0.48000000000000004,0.0,0.015,0.0,0.454,10.52
360825555,4,0,0.02,0.05,-0.03,0.046,0.0,-0.046400000000000004,0.009300000000000001,13.66,-0.0027,62632.0,0.0591,0.0,2739.0,61224.0,0.039400000000000004,0.48100000000000004,0.48000000000000004,0.0,0.015,0.0,0.157,10.52
360829813,4,0,0.044,-0.026000000000000002,-0.026000000000000002,0.046,0.0,-0.041600000000000005,0.0058000000000000005,13.67,-0.0026000000000000003,62632.0,0.049300000000000004,0.0,6997.0,61100.0,0.0335,0.4807,0.48000000000000004,0.0,0.005,0.0,0.291,10.597
360834811,4,0,0.036000000000000004,-0.028,-0.01,0.046,0.0,-0.046400000000000004,0.0064,13.67,-0.0027,62632.0,0.0558,0.0,11995.0,60976.0,0.0373,0.4807,0.48000000000000004,0.0,0.005,0.0,-0.117,10.597
360839549,4,0,0.042,0.013000000000000001,-0.016,0.046,0.0,-0.0425,0.0035,13.67,-0.0027,62632.0,0.0476,0.0,16733.0,61224.0,0.032600000000000004,0.48040000000000005,0.48000000000000004,0.0,-0.001,0.0,-0.177,10.597
360841555,4,0,0.028,-0.04,-0.007,0.046,0.0,-0.040600000000000004,0.0058000000000000005,13.67,-0.0026000000000000003,62500.0,0.049300000000000004,0.0,0.0,61100.0,0.0328,0.48040000000000005,0.48000000000000004,0.0,-0.001,0.0,-0.108,10.597
360845556,4,0,0.012,0.051000000000000004,0.001,0.046,0.0,-0.048400000000000006,0.0108,13.67,-0.0027,62760.0,0.062400000000000004,0.0,4001.0,61224.0,0.0419,0.48040000000000005,0.48000000000000004,0.0,-0.001,0.0,-0.303,10.597
360849811,4,0,-0.012,-0.027,0.024,0.047,0.0,-0.042300000000000004,0.0158,13.67,-0.0029000000000000002,62632.0,0.060700000000000004,0.0,8256.0,60976.0,0.041100000000000005,0.4813,0.48300000000000004,0.0,0.017,0.0,0.198,10.568
360854583,4,0,-0.017,-0.022,0.013000000000000001,0.047,0.0,-0.041800000000000004,0.009300000000000001,13.67,-0.003,62632.0,0.054200000000000005,0.0,13028.0,61100.0,0.0361,0.4813,0.48300000000000004,0.0,0.017,0.0,-0.276,10.568
360859549,4,0,-0.022,0.024,0.007,0.047,0.0,-0.043500000000000004,0.0173,13.67,-0.0032,62500.0,0.064,0.0,17994.0,61224.0,0.043000000000000003,0.48300000000000004,0.48600000000000004,0.0,0.047,0.0,-0.331,10.568
360861555,4,0,-0.034,-0.037,0.027,0.047,0.0,-0.0415,0.0137,13.67,-0.0032,62632.0,0.0575,0.0,0.0,61224.0,0.039,0.48300000000000004,0.48600000000000004,0.0,0.047,0.0,-0.434,10.568
360865813,4,0,-0.02,0.024,0.015,0.047,0.0,-0.0424,0.013900000000000001,13.67,-0.0033,62632.0,0.0591,0.0,4258.0,60976.0,0.0398,0.48300000000000004,0.48600000000000004,0.0,0.047,0.0,-0.603,10.568
360870555,4,0,-0.049,-0.054,0.009000000000000001,0.047,0.0,-0.0417,0.0119,13.69,-0.0033,62760.0,0.057600000000000005,0.0,9000.0,61100.0,0.0379,0.48300000000000004,0.48300000000000004,0.0,0.038,0.0,-0.048,10.52
360874828,4,0,-0.004,-0.045,0.009000000000000001,0.047,0.0,-0.040100000000000004,0.0109,13.69,-0.0033,62500.0,0.0543,0.0,13273.0,61100.0,0.0361,0.48300000000000004,0.48300000000000004,0.0,0.038,0.0,0.281,10.52
360879549,4,0,0.011,0.005,0.006,0.047,0.0,-0.041800000000000004,0.0097,13.69,-0.0031000000000000003,62632.0,0.0543,0.0,17994.0,61224.0,0.0364,0.48190000000000005,0.48000000000000004,0.0,0.009000000000000001,0.0,0.386,10.52
360881555,4,0,0.031,-0.032,-0.003,0.047,0.0,-0.039900000000000005,0.0098,13.69,-0.003,62632.0,0.051000000000000004,0.0,0.0,60976.0,0.0351,0.48190000000000005,0.48000000000000004,0.0,0.009000000000000001,0.0,0.20500000000000002,10.52
360885555,4,0,0.066,-0.029,-0.015,0.046,0.0,-0.0371,0.0018000000000000002,13.69,-0.0026000000000000003,62368.0,0.041100000000000005,0.0,4000.0,61100.0,0.0275,0.48190000000000005,0.48000000000000004,0.0,0.009000000000000001,0.0,0.40800000000000003,10.52
360889839,4,0,0.02,-0.043000000000000003,-0.002,0.044,0.0,-0.040400000000000005,0.0099,13.69,-0.0019,62632.0,0.0526,0.0,8284.0,61100.0,0.035500000000000004,0.4806,0.47800000000000004,0.0,-0.02,0.0,0.501,10.489
360894842,4,0,0.101,-0.012,-0.006,0.044,0.0,-0.045000000000000005,0.0002,13.69,-0.0015,62632.0,0.0477,0.0,13287.0,61348.0,0.032,0.4806,0.47800000000000004,0.0,-0.02,0.0,0.06,10.489
360897555,4,0,0.069,-0.039,-0.015,0.043000000000000003,0.0,-0.041,-0.0017000000000000001,13.69,-0.0013000000000000002,62500.0,0.041100000000000005,0.0,16000.0,61600.0,0.027800000000000002,0.47900000000000004,0.47600000000000003,0.0,-0.048,0.0,0.585,10.489
360902548,4,0,0.14100000000000001,-0.022,-0.011,0.042,0.0,-0.040600000000000004,-0.0057,13.69,-0.0009000000000000001,62632.0,0.0362,0.0,0.0,60976.0,0.0246,0.47900000000000004,0.47600000000000003,0.0,-0.048,0.0,0.519,10.489
360906550,4,0,0.076,0.008,-0.024,0.042,0.0,-0.0407,-0.0015,13.69,-0.0006000000000000001,62632.0,0.041100000000000005,0.0,4002.0,61348.0,0.027700000000000002,0.47900000000000004,0.47600000000000003,0.0,-0.048,0.0,0.335,10.489
360910811,4,0,0.061,-0.025,-0.024,0.041,0.0,-0.041,0.0002,13.69,-0.00030000000000000003,62632.0,0.042800000000000005,0.0,8263.0,61476.0,0.0291,0.4786,0.47800000000000004,0.0,-0.045,0.0,0.33,10.448
360914856,4,0,0.064,-0.022,-0.005,0.041,0.0,-0.039900000000000005,-0.0004,13.71,-0.00030000000000000003,62632.0,0.0412,0.0,12308.0,61476.0,0.0279,0.4786,0.47800000000000004,0.0,-0.045,0.0,-0.07200000000000001,10.448
360919560,4,0,0.016,-0.013000000000000001,-0.007,0.041,0.0,-0.039400000000000004,0.0037,13.71,-0.0004,62632.0,0.044500000000000005,0.0,17012.0,61476.0,0.030500000000000003,0.4788,0.47900000000000004,0.0,-0.034,0.0,0.089,10.448
360921815,4,0,-0.021,-0.049,-0.016,0.041,0.0,-0.0375,0.0085,13.71,-0.00030000000000000003,62632.0,0.0478,0.0,0.0,61476.0,0.0325,0.4788,0.47900000000000004,0.0,-0.034,0.0,0.084,10.448
360925817,4,0,0.025,-0.034,-0.012,0.041,0.0,-0.036500000000000005,0.0005,13.71,-0.0004,62500.0,0.0379,0.0,4002.0,61476.0,0.0262,0.4788,0.47900000000000004,0.0,-0.034,0.0,0.558,10.448
360930549,4,0,-0.009000000000000001,-0.076,0.017,0.041,0.0,-0.0367,-0.0054,13.71,-0.00030000000000000003,62632.0,0.0329,0.0,8734.0,61348.0,0.0221,0.47850000000000004,0.47800000000000004,0.0,-0.032,0.0,0.451,10.529
360934868,4,0,-0.014,-0.046,0.009000000000000001,0.041,0.0,-0.039400000000000004,0.012100000000000001,13.71,-0.0004,62632.0,0.054400000000000004,0.0,13053.0,61348.0,0.036500000000000005,0.47850000000000004,0.47800000000000004,0.0,-0.032,0.0,-0.016,10.529
360937549,4,0,-0.047,-0.07,0.014,0.041,0.0,-0.038,0.0092,13.71,-0.0004,62632.0,0.0494,0.0,15734.0,61348.0,0.0334,0.47800000000000004,0.47700000000000004,0.0,-0.036000000000000004,0.0,0.254,10.529
360941828,4,0,0.042,-0.049,0.036000000000000004,0.041,0.0,-0.0368,0.0018000000000000002,13.71,-0.00030000000000000003,62632.0,0.0395,0.0,0.0,61476.0,0.027200000000000002,0.47800000000000004,0.47700000000000004,0.0,-0.036000000000000004,0.0,0.017,10.529
360945849,4,0,-0.026000000000000002,-0.043000000000000003,0.022,0.041,0.0,-0.035,0.0066,13.71,-0.0001,62632.0,0.042800000000000005,0.0,4021.0,61348.0,0.029400000000000003,0.47800000000000004,0.47700000000000004,0.0,-0.036000000000000004,0.0,0.373,10.529
360950835,4,0,0.008,-0.043000000000000003,0.028,0.04,0.0,-0.039,0.0064,13.71,0.0001,62632.0,0.0478,0.0,9007.0,61348.0,0.032100000000000004,0.4773,0.47600000000000003,0.0,-0.043000000000000003,0.0,0.321,10.519
360954899,4,0,0.044,-0.04,0.026000000000000002,0.04,0.0,-0.0329,0.006200000000000001,13.71,0.0004,62632.0,0.0412,0.0,13071.0,61600.0,0.027600000000000003,0.4773,0.47600000000000003,0.0,-0.043000000000000003,0.0,-0.155,10.519
360957548,4,0,0.008,-0.04,0.024,0.039,0.0,-0.033600000000000005,0.0095,13.71,0.0006000000000000001,62632.0,0.044500000000000005,0.0,15720.0,61476.0,0.030500000000000003,0.47650000000000003,0.47500000000000003,0.0,-0.05,0.0,0.064,10.519
360961841,4,0,0.042,-0.039,-0.002,0.039,0.0,-0.034300000000000004,0.0073,13.74,0.0009000000000000001,62632.0,0.0446,0.0,0.0,61600.0,0.029400000000000003,0.47650000000000003,0.47500000000000003,0.0,-0.05,0.0,-0.18,10.519
360965844,4,0,0.026000000000000002,-0.044,0.002,0.038,0.0,-0.0329,0.0055000000000000005,13.74,0.0011,62632.0,0.0396,0.0,4003.0,61224.0,0.027200000000000002,0.47650000000000003,0.47500000000000003,0.0,-0.05,0.0,0.17300000000000001,10.519
360969931,4,0,0.054,-0.04,-0.011,0.038,0.0,-0.0351,-0.0008,13.74,0.0014,62632.0,0.0347,0.0,8090.0,61224.0,0.024200000000000003,0.4763,0.47600000000000003,0.0,-0.043000000000000003,0.0,0.038,10.519
360974896,4,0,0.113,-0.021,-0.026000000000000002,0.037,0.0,-0.035500000000000004,-0.003,13.74,0.0017000000000000001,62632.0,0.0347,0.0,13055.0,61476.0,0.023,0.4763,0.47600000000000003,0.0,-0.043000000000000003,0.0,-0.213,10.549
360977549,4,0,0.067,-0.031,-0.014,0.037,0.0,-0.0362,-0.0038,13.74,0.0019,62632.0,0.0347,0.0,15708.0,61600.0,0.0229,0.4766,0.47700000000000004,0.0,-0.03,0.0,0.027,10.549
360982680,4,0,0.10300000000000001,-0.031,-0.028,0.036000000000000004,0.0,-0.0337,-0.0009000000000000001,13.74,0.0022,62632.0,0.033,0.0,0.0,61224.0,0.023200000000000002,0.4766,0.47700000000000004,0.0,-0.03,0.0,-0.183,10.549
360987549,4,0,0.046,-0.052000000000000005,-0.016,0.035,0.0,-0.033800000000000004,-0.0028,13.74,0.0026000000000000003,62500.0,0.033,0.0,4869.0,61600.0,0.0219,0.4778,0.48000000000000004,0.0,0.0,0.0,-0.163,10.549
360989549,4,0,0.073,-0.04,-0.007,0.035,0.0,-0.0335,-0.0006000000000000001,13.74,0.0027,62500.0,0.0347,0.0,6869.0,61728.0,0.023200000000000002,0.4778,0.48000000000000004,0.0,0.0,0.0,-0.257,10.549
360994558,4,0,0.067,-0.046,0.001,0.034,0.0,-0.0354,-0.007,13.74,0.003,62632.0,0.031400000000000004,0.0,11878.0,61224.0,0.0201,0.4778,0.48000000000000004,0.0,0.0,0.0,-0.203,10.536
360998904,4,0,0.029,-0.036000000000000004,0.002,0.034,0.0,-0.0362,-0.0061,13.74,0.0033,62632.0,0.031400000000000004,0.0,16224.0,61476.0,0.0213,0.47990000000000005,0.48400000000000004,0.0,0.044,0.0,-0.105,10.536
361002906,4,0,0.062,-0.039,0.015,0.033,0.0,-0.0341,-0.005,13.74,0.0035,62632.0,0.031400000000000004,0.0,0.0,61348.0,0.0206,0.47990000000000005,0.48400000000000004,0.0,0.044,0.0,-0.256,10.536
361007511,4,0,0.042,-0.036000000000000004,0.022,0.033,0.0,-0.033800000000000004,-0.0028,13.74,0.0036000000000000003,62632.0,0.033,0.0,4605.0,61728.0,0.0219,0.48000000000000004,0.48000000000000004,0.0,0.035,0.0,-0.131,10.536
361009549,4,0,0.04,-0.021,0.019,0.033,0.0,-0.0356,0.001,13.74,0.0037,62500.0,0.0396,0.0,6643.0,61856.0,0.0258,0.48000000000000004,0.48000000000000004,0.0,0.035,0.0,-0.242,10.536
361013877,4,0,0.025,-0.051000000000000004,0.009000000000000001,0.033,0.0,-0.031,0.004200000000000001,13.76,0.0036000000000000003,62632.0,0.038,0.0,10971.0,61476.0,0.024900000000000002,0.48000000000000004,0.48000000000000004,0.0,0.035,0.0,0.007,10.533
361017917,4,0,-0.053,-0.039,0.023,0.033,0.0,-0.034,0.0001,13.76,0.0036000000000000003,62500.0,0.0364,0.0,15011.0,61856.0,0.0241,0.4786,0.47600000000000003,0.0,0.001,0.0,0.06,10.533
361022548,4,0,0.042,-0.028,0.004,0.033,0.0,-0.0334,0.0044,13.76,0.0037,62500.0,0.0397,0.0,0.0,61476.0,0.0268,0.4786,0.47600000000000003,0.0,0.001,0.0,-0.162,10.533
361026947,4,0,-0.056,-0.053,-0.002,0.033,0.0,-0.0334,0.007500000000000001,13.76,0.0037,62632.0,0.043000000000000003,0.0,4399.0,61600.0,0.028900000000000002,0.4787,0.47900000000000004,0.0,0.003,0.0,-0.17500000000000002,10.533
361029511,4,0,0.021,-0.023,-0.002,0.033,0.0,-0.0334,0.0077,13.76,0.0037,62368.0,0.043000000000000003,0.0,6963.0,61348.0,0.029,0.4787,0.47900000000000004,0.0,0.003,0.0,-0.269,10.533
361033927,4,0,-0.025,-0.046,0.003,0.033,0.0,-0.0342,0.0019,13.76,0.0038,62760.0,0.038,0.0,11379.0,61856.0,0.025500000000000002,0.4787,0.47900000000000004,0.0,0.003,0.0,-0.069,10.55
361037931,4,0,0.0,-0.021,-0.018000000000000002,0.033,0.0,-0.034300000000000004,0.0045000000000000005,13.76,0.0038,62632.0,0.0413,0.0,15383.0,61476.0,0.0274,0.4802,0.48300000000000004,0.0,0.033,0.0,-0.184,10.55
361042511,4,0,0.031,-0.028,-0.009000000000000001,0.032,0.0,-0.0329,0.0031000000000000003,13.76,0.004,62632.0,0.038,0.0,0.0,61348.0,0.025500000000000002,0.4802,0.48300000000000004,0.0,0.033,0.0,-0.21,10.55
361046959,4,0,0.002,-0.051000000000000004,-0.001,0.032,0.0,-0.0347,0.0059,13.76,0.004200000000000001,62500.0,0.043000000000000003,0.0,4448.0,61348.0,0.0287,0.4812,0.48300000000000004,0.0,0.046,0.0,-0.14100000000000001,10.55
361049511,4,0,0.027,-0.027,-0.011,0.032,0.0,-0.0333,0.0059,13.76,0.0043,62500.0,0.0413,0.0,7000.0,61600.0,0.027800000000000002,0.4812,0.48300000000000004,0.0,0.046,0.0,-0.315,10.55
361053940,4,0,0.06,-0.043000000000000003,-0.005,0.031,0.0,-0.035,-0.0013000000000000002,13.76,0.0047,62500.0,0.0347,0.0,11429.0,61600.0,0.0238,0.4812,0.48300000000000004,0.0,0.046,0.0,-0.179,10.546
361057946,4,0,0.003,0.004,0.016,0.03,0.0,-0.037000000000000005,0.0036000000000000003,13.76,0.0049,62632.0,0.043000000000000003,0.0,15435.0,61600.0,0.0287,0.4822,0.48400000000000004,0.0,0.056,0.0,0.031,10.546
361062510,4,0,0.10200000000000001,-0.003,0.004,0.03,0.0,-0.0375,-0.0008,13.780000000000001,0.0051,62500.0,0.0381,0.0,0.0,61476.0,0.025900000000000003,0.4822,0.48400000000000004,0.0,0.056,0.0,-0.039,10.546
361066511,4,0,0.017,-0.022,-0.005,0.03,0.0,-0.0366,-0.0034000000000000002,13.780000000000001,0.005200000000000001,62632.0,0.034800000000000005,0.0,4001.0,61224.0,0.0235,0.4822,0.48400000000000004,0.0,0.056,0.0,-0.083,10.546
361070514,4,0,0.126,0.02,0.001,0.029,0.0,-0.035500000000000004,-0.0058000000000000005,13.780000000000001,0.0055000000000000005,62632.0,0.0315,0.0,8004.0,61600.0,0.021,0.4828,0.48400000000000004,0.0,0.058,0.0,-0.171,10.546
361075000,4,0,0.051000000000000004,-0.027,0.012,0.029,0.0,-0.0356,0.0025,13.780000000000001,0.0057,62632.0,0.0414,0.0,12490.0,61600.0,0.0269,0.4828,0.48400000000000004,0.0,0.058,0.0,-0.063,10.538
361079510,4,0,0.029,-0.01,-0.012,0.029,0.0,-0.0374,-0.0038,13.780000000000001,0.0058000000000000005,62760.0,0.0364,0.0,17000.0,61600.0,0.023700000000000002,0.48250000000000004,0.48200000000000004,0.0,0.04,0.0,0.004,10.538
361081549,4,0,0.056,-0.033,-0.006,0.028,0.0,-0.038200000000000005,-0.0077,13.780000000000001,0.0058000000000000005,62632.0,0.0315,0.0,0.0,61476.0,0.021500000000000002,0.48250000000000004,0.48200000000000004,0.0,0.04,0.0,0.132,10.538
361085964,4,0,0.038,-0.025,-0.001,0.028,0.0,-0.037000000000000005,-0.0073,13.780000000000001,0.0059,62632.0,0.0315,0.0,4415.0,61476.0,0.021,0.48250000000000004,0.48200000000000004,0.0,0.04,0.0,0.13,10.538
361090014,4,0,0.067,0.023,-0.018000000000000002,0.028,0.0,-0.038400000000000004,-0.0032,13.780000000000001,0.006,62632.0,0.0364,0.0,8465.0,61984.0,0.024900000000000002,0.48200000000000004,0.48100000000000004,0.0,0.022,0.0,0.057,10.538
361095016,4,0,0.049,-0.044,-0.01,0.028,0.0,-0.034800000000000005,-0.0034000000000000002,13.790000000000001,0.0061,62632.0,0.033100000000000004,0.0,13467.0,61348.0,0.0222,0.48200000000000004,0.48100000000000004,0.0,0.022,0.0,0.021,10.558
361097511,4,0,0.036000000000000004,0.02,0.001,0.028,0.0,-0.0364,-0.001,13.790000000000001,0.006,62632.0,0.0364,0.0,15962.0,61728.0,0.0251,0.48090000000000005,0.47900000000000004,0.0,-0.004,0.0,0.047,10.558
361102511,4,0,0.016,-0.042,-0.018000000000000002,0.028,0.0,-0.0361,0.0033,13.790000000000001,0.006,62632.0,0.0414,0.0,0.0,61476.0,0.0279,0.48090000000000005,0.47900000000000004,0.0,-0.004,0.0,0.219,10.558
361106511,4,0,-0.05,-0.034,-0.018000000000000002,0.028,0.0,-0.0366,0.0034000000000000002,13.790000000000001,0.0058000000000000005,62500.0,0.0414,0.0,4000.0,61728.0,0.028300000000000002,0.48090000000000005,0.47900000000000004,0.0,-0.004,0.0,0.129,10.558
361110980,4,0,0.009000000000000001,0.025,0.005,0.029,0.0,-0.0395,0.0,13.81,0.0057,62632.0,0.0415,0.0,8469.0,61728.0,0.0279,0.47990000000000005,0.47800000000000004,0.0,-0.024,0.0,-0.01,10.558
361115029,4,0,-0.023,-0.056,0.011,0.029,0.0,-0.0352,0.0047,13.81,0.0056,62632.0,0.0415,0.0,12518.0,61728.0,0.028200000000000003,0.47990000000000005,0.47800000000000004,0.0,-0.024,0.0,0.094,10.402000000000001
361117511,4,0,0.016,0.021,-0.001,0.029,0.0,-0.0364,0.0045000000000000005,13.81,0.0056,62500.0,0.0431,0.0,15000.0,61600.0,0.028900000000000002,0.4792,0.47800000000000004,0.0,-0.032,0.0,0.024,10.402000000000001
361121988,4,0,-0.02,-0.058,0.018000000000000002,0.029,0.0,-0.034800000000000005,0.005,13.81,0.0056,62760.0,0.0415,0.0,0.0,61728.0,0.0281,0.4792,0.47800000000000004,0.0,-0.032,0.0,0.159,10.402000000000001
361125990,4,0,-0.013000000000000001,-0.027,0.011,0.029,0.0,-0.035300000000000005,0.004,13.81,0.0056,62632.0,0.0415,0.0,4002.0,61224.0,0.027800000000000002,0.4792,0.47800000000000004,0.0,-0.032,0.0,-0.139,10.402000000000001
361130038,4,0,0.017,0.02,0.022,0.029,0.0,-0.039900000000000005,0.004,13.81,0.0057,62760.0,0.0465,0.0,8050.0,61600.0,0.031100000000000003,0.4792,0.47900000000000004,0.0,-0.028,0.0,0.055,10.402000000000001
361135041,4,0,-0.003,-0.066,0.019,0.029,0.0,-0.0369,0.0041,13.81,0.0057,62760.0,0.0431,0.0,13053.0,61600.0,0.029,0.4792,0.47900000000000004,0.0,-0.028,0.0,-0.058,10.534
361137510,4,0,0.02,-0.004,0.008,0.029,0.0,-0.0339,0.0041,13.81,0.0058000000000000005,62760.0,0.0415,0.0,15522.0,61856.0,0.0269,0.4791,0.47900000000000004,0.0,-0.023,0.0,-0.068,10.534
361142001,4,0,0.044,-0.033,0.006,0.028,0.0,-0.0405,-0.0023,13.81,0.006,62760.0,0.0415,0.0,0.0,61600.0,0.027100000000000003,0.4791,0.47900000000000004,0.0,-0.023,0.0,0.064,10.534
361146004,4,0,0.008,-0.005,0.011,0.028,0.0,-0.039400000000000004,0.0028,13.81,0.0061,62632.0,0.0448,0.0,4003.0,61600.0,0.0298,0.4791,0.47900000000000004,0.0,-0.023,0.0,-0.16,10.534
361150053,4,0,0.064,-0.005,0.001,0.027,0.0,-0.0364,-0.0015,13.81,0.006500000000000001,62760.0,0.036500000000000005,0.0,8052.0,61600.0,0.0247,0.47940000000000005,0.48000000000000004,0.0,-0.012,0.0,0.077,10.534
361155057,4,0,0.047,-0.047,-0.018000000000000002,0.027,0.0,-0.0392,-0.001,13.81,0.0067,62760.0,0.0398,0.0,13056.0,61728.0,0.027,0.47940000000000005,0.48000000000000004,0.0,-0.012,0.0,-0.037,10.573
361157525,4,0,0.06,0.022,-0.024,0.026000000000000002,0.0,-0.0403,-0.0019,13.81,0.0068000000000000005,62760.0,0.0415,0.0,15524.0,61348.0,0.027100000000000003,0.4796,0.48000000000000004,0.0,-0.006,0.0,-0.117,10.573
361162510,4,0,0.049,-0.059000000000000004,-0.003,0.026000000000000002,0.0,-0.0368,-0.0032,13.83,0.007,62892.0,0.0349,0.0,0.0,61728.0,0.0238,0.4796,0.48000000000000004,0.0,-0.006,0.0,0.003,10.573
361166510,4,0,0.026000000000000002,-0.009000000000000001,-0.025,0.026000000000000002,0.0,-0.0362,-0.0032,13.83,0.0071,62760.0,0.0349,0.0,4000.0,61728.0,0.0233,0.4796,0.48000000000000004,0.0,-0.006,0.0,-0.13,10.573
361170511,4,0,0.027,0.009000000000000001,-0.014,0.025,0.0,-0.042300000000000004,-0.0009000000000000001,13.83,0.007200000000000001,62760.0,0.0432,0.0,8001.0,61728.0,0.029300000000000003,0.4801,0.48100000000000004,0.0,0.005,0.0,0.248,10.573
361175069,4,0,0.057,-0.051000000000000004,-0.004,0.025,0.0,-0.0386,-0.0091,13.83,0.0074,62760.0,0.0316,0.0,12559.0,61856.0,0.020800000000000003,0.4801,0.48100000000000004,0.0,0.005,0.0,0.316,10.526
361177509,4,0,0.052000000000000005,-0.007,-0.005,0.025,0.0,-0.0368,-0.0077,13.83,0.007500000000000001,62760.0,0.029900000000000003,0.0,14999.0,61348.0,0.0205,0.4801,0.48000000000000004,0.0,0.003,0.0,0.323,10.526
361182675,4,0,-0.055,-0.036000000000000004,0.001,0.025,0.0,-0.0395,0.012100000000000001,13.83,0.0073,62892.0,0.054900000000000004,0.0,0.0,61728.0,0.036500000000000005,0.4801,0.48000000000000004,0.0,0.003,0.0,0.181,10.526
361187509,4,0,-0.062,-0.038,0.004,0.026000000000000002,0.0,-0.0376,0.0068000000000000005,13.83,0.0068000000000000005,62892.0,0.0465,0.0,4834.0,61600.0,0.031400000000000004,0.48000000000000004,0.48000000000000004,0.0,0.002,0.0,-0.158,10.526
361189510,4,0,-0.06,-0.032,0.011,0.027,0.0,-0.0378,0.0054,13.83,0.0067,62760.0,0.0449,0.0,6835.0,62112.0,0.030500000000000003,0.48000000000000004,0.48000000000000004,0.0,0.002,0.0,0.186,10.526
361194038,4,0,-0.079,-0.054,0.023,0.027,0.0,-0.0367,0.0067,13.83,0.006500000000000001,62632.0,0.0449,0.0,11363.0,61728.0,0.0307,0.48000000000000004,0.48000000000000004,0.0,0.002,0.0,-0.124,10.526
361198509,4,0,-0.115,0.018000000000000002,0.012,0.028,0.0,-0.0361,0.015600000000000001,13.83,0.006200000000000001,62760.0,0.0548,0.0,15834.0,61856.0,0.0366,0.47900000000000004,0.47700000000000004,0.0,-0.02,0.0,-0.28300000000000003,10.422
361202509,4,0,-0.081,-0.022,0.024,0.029,0.0,-0.0422,0.0083,13.83,0.0058000000000000005,62760.0,0.053200000000000004,0.0,0.0,61728.0,0.0357,0.47900000000000004,0.47700000000000004,0.0,-0.02,0.0,-0.233,10.422
361207067,4,0,-0.02,-0.032,0.014,0.029,0.0,-0.036000000000000004,0.00030000000000000003,13.86,0.0056,62760.0,0.0383,0.0,4558.0,61600.0,0.0257,0.4772,0.47400000000000003,0.0,-0.05,0.0,-0.549,10.422
361209510,4,0,-0.066,-0.04,0.018000000000000002,0.029,0.0,-0.0358,0.007,13.86,0.0057,63024.0,0.045000000000000005,0.0,7001.0,61728.0,0.0303,0.4772,0.47400000000000003,0.0,-0.05,0.0,-0.117,10.422
361213511,4,0,-0.045,0.002,0.018000000000000002,0.029,0.0,-0.038900000000000004,0.0166,13.86,0.0056,62760.0,0.0599,0.0,11002.0,61728.0,0.0393,0.4772,0.47400000000000003,0.0,-0.05,0.0,-0.293,10.422
361217511,4,0,0.028,0.009000000000000001,0.021,0.028,0.0,-0.038400000000000004,0.0015,13.86,0.0059,62892.0,0.041600000000000005,0.0,15002.0,61728.0,0.028200000000000003,0.4772,0.47700000000000004,0.0,-0.042,0.0,0.41000000000000003,10.459
361221550,4,0,0.009000000000000001,0.008,-0.006,0.028,0.0,-0.046200000000000005,0.0079,13.86,0.006200000000000001,62760.0,0.056600000000000004,0.0,0.0,61728.0,0.038200000000000005,0.4772,0.47700000000000004,0.0,-0.042,0.0,0.366,10.459
361226062,4,0,0.02,0.05,-0.015,0.028,0.0,-0.043500000000000004,0.0129,13.86,0.006200000000000001,62760.0,0.0599,0.0,4512.0,61984.0,0.039900000000000005,0.4772,0.47700000000000004,0.0,-0.042,0.0,-0.46900000000000003,10.459
361231021,4,0,0.029,0.028,-0.008,0.028,0.0,-0.0371,0.0044,13.86,0.0063,62760.0,0.045000000000000005,0.0,9471.0,61728.0,0.029300000000000003,0.4781,0.48000000000000004,0.0,-0.014,0.0,-0.52,10.459
361235509,4,0,0.049,-0.027,-0.031,0.027,0.0,-0.0398,0.0018000000000000002,13.86,0.0064,62760.0,0.043300000000000005,0.0,13959.0,61856.0,0.029400000000000003,0.4781,0.48000000000000004,0.0,-0.014,0.0,-0.359,10.568
361237514,4,0,0.0,0.018000000000000002,-0.035,0.027,0.0,-0.041800000000000004,0.0044,13.86,0.0064,62892.0,0.0499,0.0,15964.0,61728.0,0.0327,0.47840000000000005,0.47900000000000004,0.0,-0.005,0.0,-0.241,10.568
361242509,4,0,0.044,0.017,-0.006,0.027,0.0,-0.0478,0.0013000000000000002,13.86,0.0063,62760.0,0.0516,0.0,0.0,61600.0,0.034800000000000005,0.47840000000000005,0.47900000000000004,0.0,-0.005,0.0,0.301,10.568
361246510,4,0,0.073,0.065,-0.033,0.028,0.0,-0.0471,-0.0051,13.86,0.006200000000000001,62632.0,0.0449,0.0,4001.0,61728.0,0.0297,0.47840000000000005,0.47900000000000004,0.0,-0.005,0.0,0.011,10.568
361251075,4,0,0.013000000000000001,0.044,-0.035,0.028,0.0,-0.0425,-0.0004,13.86,0.006200000000000001,62892.0,0.045000000000000005,0.0,8566.0,61728.0,0.0297,0.4786,0.47900000000000004,0.0,0.0,0.0,0.039,10.568
361255129,4,0,0.046,-0.027,0.002,0.028,0.0,-0.0388,-0.0024000000000000002,13.88,0.0061,62892.0,0.038400000000000004,0.0,12620.0,61728.0,0.0258,0.4786,0.47900000000000004,0.0,0.0,0.0,-0.225,10.464
361257509,4,0,0.03,0.003,0.007,0.028,0.0,-0.0392,-0.0044,13.88,0.006200000000000001,62760.0,0.0367,0.0,15000.0,61856.0,0.0246,0.4798,0.48200000000000004,0.0,0.023,0.0,-0.108,10.464
361262086,4,0,0.033,-0.016,0.001,0.028,0.0,-0.0436,-0.0009000000000000001,13.88,0.0061,62632.0,0.045000000000000005,0.0,0.0,61856.0,0.0302,0.4798,0.48200000000000004,0.0,0.023,0.0,-0.127,10.464
361266089,4,0,0.015,0.034,0.003,0.028,0.0,-0.0446,0.0014,13.88,0.006,62760.0,0.048400000000000006,0.0,4003.0,61856.0,0.032600000000000004,0.4798,0.48200000000000004,0.0,0.023,0.0,-0.47800000000000004,10.464
361271092,4,0,-0.018000000000000002,0.035,0.018000000000000002,0.029,0.0,-0.0453,0.0086,13.88,0.0057,62892.0,0.0567,0.0,9006.0,61856.0,0.0381,0.48160000000000003,0.48500000000000004,0.0,0.055,0.0,-0.168,10.464
361275141,4,0,-0.06,0.004,0.013000000000000001,0.03,0.0,-0.0454,0.0102,13.88,0.0053,62892.0,0.0584,0.0,13055.0,61856.0,0.0393,0.48160000000000003,0.48500000000000004,0.0,0.055,0.0,-0.297,10.462
361277509,4,0,-0.073,0.02,0.011,0.03,0.0,-0.0444,0.012700000000000001,13.88,0.0051,62760.0,0.060000000000000005,0.0,15423.0,61600.0,0.040400000000000005,0.48140000000000005,0.48100000000000004,0.0,0.04,0.0,0.064,10.462
361282677,4,0,-0.048,0.004,0.019,0.031,0.0,-0.0443,0.007200000000000001,13.88,0.0047,62760.0,0.055,0.0,0.0,61728.0,0.036500000000000005,0.48140000000000005,0.48100000000000004,0.0,0.04,0.0,-0.14200000000000002,10.462
361287508,4,0,-0.017,0.024,-0.006,0.032,0.0,-0.0437,0.014,13.88,0.0043,62892.0,0.061700000000000005,0.0,4831.0,61728.0,0.0408,0.4802,0.47800000000000004,0.0,0.008,0.0,-0.496,10.462
361289508,4,0,-0.033,0.003,-0.004,0.032,0.0,-0.0439,0.0095,13.88,0.004200000000000001,62760.0,0.0567,0.0,6831.0,61728.0,0.037700000000000004,0.4802,0.47800000000000004,0.0,0.008,0.0,-0.077,10.462
361293509,4,0,0.001,0.016,-0.004,0.032,0.0,-0.0425,0.0095,13.88,0.004,63024.0,0.055,0.0,10832.0,61856.0,0.0367,0.4802,0.47800000000000004,0.0,0.008,0.0,-0.171,10.462
361298109,4,0,-0.055,0.013000000000000001,0.002,0.032,0.0,-0.0432,0.0146,13.88,0.0039000000000000003,62760.0,0.061700000000000005,0.0,15432.0,61728.0,0.0409,0.48050000000000004,0.48100000000000004,0.0,0.012,0.0,0.243,10.535
361303112,4,0,0.04,-0.015,-0.013000000000000001,0.032,0.0,-0.042,-0.0002,13.91,0.004,62760.0,0.0451,0.0,0.0,61856.0,0.0296,0.48050000000000004,0.48100000000000004,0.0,0.012,0.0,0.362,10.535
361307508,4,0,0.12,0.008,-0.002,0.031,0.0,-0.0442,-0.0053,13.91,0.0045000000000000005,63024.0,0.041800000000000004,0.0,4396.0,61728.0,0.0275,0.48210000000000003,0.48500000000000004,0.0,0.041,0.0,-0.276,10.535
361309508,4,0,0.031,0.008,0.0,0.031,0.0,-0.0459,0.0047,13.91,0.0046,62760.0,0.053500000000000006,0.0,6396.0,61984.0,0.0358,0.48210000000000003,0.48500000000000004,0.0,0.041,0.0,0.018000000000000002,10.535
361314121,4,0,0.11800000000000001,-0.009000000000000001,-0.005,0.03,0.0,-0.0424,0.0034000000000000002,13.91,0.005,62760.0,0.0485,0.0,11009.0,61984.0,0.0324,0.48210000000000003,0.48500000000000004,0.0,0.041,0.0,-0.585,10.535
361318508,4,0,0.056,-0.012,0.006,0.029,0.0,-0.0413,-0.0018000000000000002,13.91,0.0054,62892.0,0.041800000000000004,0.0,15396.0,61856.0,0.0279,0.4834,0.48600000000000004,0.0,0.06,0.0,-0.211,10.543000000000001
361323128,4,0,0.055,-0.012,-0.002,0.028,0.0,-0.043300000000000005,-0.0023,13.91,0.0059,62760.0,0.0451,0.0,0.0,61856.0,0.029,0.4834,0.48600000000000004,0.0,0.06,0.0,0.253,10.543000000000001
361327184,4,0,0.046,0.005,-0.015,0.028,0.0,-0.0436,0.0063,13.91,0.006,62892.0,0.053500000000000006,0.0,4056.0,61984.0,0.035300000000000005,0.4847,0.48700000000000004,0.0,0.073,0.0,0.224,10.543000000000001
361329508,4,0,0.028,0.002,-0.004,0.028,0.0,-0.0441,0.0038,13.91,0.0059,62892.0,0.050100000000000006,0.0,6380.0,61728.0,0.033800000000000004,0.4847,0.48700000000000004,0.0,0.073,0.0,0.269,10.543000000000001
361335010,4,0,0.049,-0.01,-0.006,0.028,0.0,-0.040400000000000005,-0.005,13.91,0.006,62760.0,0.038400000000000004,0.0,11882.0,61984.0,0.0251,0.4847,0.48700000000000004,0.0,0.073,0.0,0.214,10.543000000000001
361339136,4,0,-0.015,-0.023,-0.015,0.028,0.0,-0.040100000000000004,0.0061,13.91,0.006,63024.0,0.050100000000000006,0.0,16008.0,61728.0,0.0327,0.4844,0.48400000000000004,0.0,0.054,0.0,0.276,10.492
361343142,4,0,-0.095,-0.058,-0.005,0.028,0.0,-0.0364,0.0085,13.91,0.0059,62892.0,0.0468,0.0,0.0,61728.0,0.0317,0.4844,0.48400000000000004,0.0,0.054,0.0,0.492,10.492
361347507,4,0,-0.004,-0.03,-0.005,0.028,0.0,-0.038400000000000004,0.0008,13.91,0.0058000000000000005,62892.0,0.041800000000000004,0.0,4365.0,61728.0,0.027700000000000002,0.4832,0.48100000000000004,0.0,0.019,0.0,0.296,10.492
361349507,4,0,-0.083,-0.02,-0.003,0.029,0.0,-0.0425,0.0029000000000000002,13.91,0.0057,62760.0,0.0485,0.0,6365.0,61856.0,0.032100000000000004,0.4832,0.48100000000000004,0.0,0.019,0.0,0.405,10.492
361353532,4,0,-0.128,-0.023,-0.003,0.029,0.0,-0.0422,0.0228,13.93,0.0054,63024.0,0.0703,0.0,10390.0,61856.0,0.046,0.4832,0.48100000000000004,0.0,0.019,0.0,0.012,10.492
361358508,4,0,-0.052000000000000005,-0.049,0.03,0.03,0.0,-0.0379,0.0012000000000000001,13.93,0.005200000000000001,62892.0,0.041800000000000004,0.0,15366.0,61856.0,0.027600000000000003,0.4828,0.48200000000000004,0.0,0.006,0.0,-0.10300000000000001,10.461
361362510,4,0,-0.046,-0.023,0.024,0.03,0.0,-0.0383,0.0098,13.93,0.005200000000000001,62760.0,0.0502,0.0,0.0,61984.0,0.034,0.4828,0.48200000000000004,0.0,0.006,0.0,-0.01,10.461
361367181,4,0,-0.016,-0.003,0.012,0.03,0.0,-0.0419,0.014700000000000001,13.93,0.0053,63156.0,0.0603,0.0,4671.0,62112.0,0.040100000000000004,0.4829,0.48300000000000004,0.0,0.006,0.0,0.148,10.461
361369508,4,0,-0.02,-0.009000000000000001,0.021,0.029,0.0,-0.0405,0.011000000000000001,13.93,0.0053,62892.0,0.055200000000000006,0.0,6998.0,61728.0,0.036500000000000005,0.4829,0.48300000000000004,0.0,0.006,0.0,0.293,10.461
361374163,4,0,0.052000000000000005,0.016,0.026000000000000002,0.029,0.0,-0.0412,0.0046,13.93,0.0058000000000000005,63024.0,0.0485,0.0,11653.0,61984.0,0.0324,0.4829,0.48300000000000004,0.0,0.006,0.0,-0.028,10.461
361378507,4,0,-0.007,-0.018000000000000002,0.015,0.028,0.0,-0.0407,0.016800000000000002,13.93,0.006,63024.0,0.061900000000000004,0.0,15997.0,61600.0,0.0407,0.48360000000000003,0.48500000000000004,0.0,0.02,0.0,0.05,10.419
361382676,4,0,0.045,0.014,0.011,0.027,0.0,-0.038400000000000004,0.005200000000000001,13.93,0.0063,63024.0,0.045200000000000004,0.0,0.0,61728.0,0.0309,0.48360000000000003,0.48500000000000004,0.0,0.02,0.0,-0.133,10.419
361387507,4,0,0.047,-0.028,-0.023,0.027,0.0,-0.033600000000000005,0.0134,13.93,0.006500000000000001,63024.0,0.0502,0.0,4831.0,61728.0,0.0333,0.4852,0.48800000000000004,0.0,0.047,0.0,0.014,10.419
361389532,4,0,0.019,-0.01,-0.026000000000000002,0.027,0.0,-0.035,0.0095,13.93,0.0066,63156.0,0.046900000000000004,0.0,6856.0,61984.0,0.0315,0.4852,0.48800000000000004,0.0,0.047,0.0,0.125,10.419
361394177,4,0,0.058,0.009000000000000001,-0.024,0.027,0.0,-0.041800000000000004,0.0058000000000000005,13.93,0.0066,62892.0,0.0519,0.0,11501.0,61728.0,0.033600000000000005,0.4852,0.48800000000000004,0.0,0.047,0.0,0.059000000000000004,10.419
361398330,4,0,0.017,-0.033,-0.034,0.027,0.0,-0.038700000000000005,-0.002,13.950000000000001,0.006500000000000001,62892.0,0.0402,0.0,15654.0,61984.0,0.025900000000000003,0.4854,0.48600000000000004,0.0,0.043000000000000003,0.0,0.012,10.419
361402507,4,0,0.064,0.038,-0.036000000000000004,0.027,0.0,-0.0432,-0.0021000000000000003,13.950000000000001,0.006500000000000001,62892.0,0.0453,0.0,0.0,61984.0,0.0291,0.4854,0.48600000000000004,0.0,0.043000000000000003,0.0,-0.224,10.448
361406507,4,0,0.046,-0.013000000000000001,-0.015,0.027,0.0,-0.0393,-0.0017000000000000001,13.950000000000001,0.006500000000000001,62892.0,0.0402,0.0,4000.0,62112.0,0.0267,0.4854,0.48600000000000004,0.0,0.043000000000000003,0.0,-0.234,10.448
361410509,4,0,0.013000000000000001,-0.021,-0.016,0.027,0.0,-0.0354,0.0028,13.950000000000001,0.006500000000000001,62892.0,0.0419,0.0,8002.0,61856.0,0.027,0.48460000000000003,0.48300000000000004,0.0,0.017,0.0,0.14400000000000002,10.448
361415236,4,0,0.032,0.007,-0.007,0.027,0.0,-0.0351,0.0013000000000000002,13.950000000000001,0.0067,63024.0,0.0386,0.0,12729.0,61856.0,0.0257,0.48460000000000003,0.48300000000000004,0.0,0.017,0.0,-0.006,10.448
361417506,4,0,-0.001,-0.025,0.003,0.027,0.0,-0.0368,0.003,13.950000000000001,0.0067,63024.0,0.0419,0.0,14999.0,61600.0,0.028200000000000003,0.4833,0.48100000000000004,0.0,-0.011,0.0,0.019,10.448
361422195,4,0,-0.004,0.043000000000000003,0.01,0.027,0.0,-0.042100000000000005,0.0053,13.950000000000001,0.0066,63024.0,0.050300000000000004,0.0,0.0,61984.0,0.0335,0.4833,0.48100000000000004,0.0,-0.011,0.0,-0.29,10.543000000000001
361426238,4,0,0.007,-0.031,0.013000000000000001,0.027,0.0,-0.0362,0.0088,13.950000000000001,0.006500000000000001,62892.0,0.048600000000000004,0.0,4043.0,62112.0,0.0318,0.4833,0.48100000000000004,0.0,-0.011,0.0,-0.211,10.543000000000001
361430507,4,0,-0.052000000000000005,-0.021,0.027,0.027,0.0,-0.033600000000000005,0.007200000000000001,13.950000000000001,0.0063,62892.0,0.0436,0.0,8312.0,61728.0,0.028800000000000003,0.4822,0.48000000000000004,0.0,-0.032,0.0,-0.184,10.543000000000001
361435248,4,0,0.007,0.013000000000000001,0.022,0.027,0.0,-0.0339,0.0083,13.950000000000001,0.0063,63024.0,0.0453,0.0,13053.0,61856.0,0.029900000000000003,0.4822,0.48000000000000004,0.0,-0.032,0.0,0.036000000000000004,10.543000000000001
361437506,4,0,-0.046,-0.014,0.018000000000000002,0.028,0.0,-0.0368,0.0076,13.950000000000001,0.006200000000000001,63024.0,0.046900000000000004,0.0,15311.0,61984.0,0.031400000000000004,0.48140000000000005,0.48000000000000004,0.0,-0.041,0.0,0.17500000000000002,10.543000000000001
361442208,4,0,0.028,0.029,-0.004,0.028,0.0,-0.0385,0.006900000000000001,13.96,0.006200000000000001,63156.0,0.048600000000000004,0.0,0.0,61728.0,0.032100000000000004,0.48140000000000005,0.48000000000000004,0.0,-0.041,0.0,-0.101,10.543000000000001
361446246,4,0,0.026000000000000002,-0.043000000000000003,0.022,0.027,0.0,-0.034300000000000004,0.0009000000000000001,13.96,0.0063,63156.0,0.0386,0.0,4038.0,61728.0,0.024900000000000002,0.48140000000000005,0.48000000000000004,0.0,-0.041,0.0,-0.134,10.543000000000001
361451213,4,0,-0.026000000000000002,-0.025,-0.004,0.027,0.0,-0.0376,0.0118,13.98,0.0064,62892.0,0.053700000000000005,0.0,9005.0,61856.0,0.0349,0.48090000000000005,0.48000000000000004,0.0,-0.043000000000000003,0.0,-0.256,10.543000000000001
361455263,4,0,0.015,0.039,-0.019,0.028,0.0,-0.0385,0.010100000000000001,13.98,0.0063,63024.0,0.0521,0.0,13055.0,61984.0,0.0344,0.48090000000000005,0.48000000000000004,0.0,-0.043000000000000003,0.0,-0.20400000000000001,10.543000000000001
361457506,4,0,0.04,-0.014,-0.012,0.027,0.0,-0.036500000000000005,0.0024000000000000002,13.98,0.0063,63156.0,0.042,0.0,15298.0,61984.0,0.0275,0.4806,0.48000000000000004,0.0,-0.041,0.0,-0.08,10.543000000000001
361461549,4,0,0.08600000000000001,-0.015,0.0,0.027,0.0,-0.0351,-0.0047,13.98,0.006500000000000001,63024.0,0.031900000000000005,0.0,0.0,61984.0,0.021500000000000002,0.4806,0.48000000000000004,0.0,-0.041,0.0,-0.005,10.457
361466254,4,0,0.082,-0.018000000000000002,-0.031,0.026000000000000002,0.0,-0.038900000000000004,-0.0001,13.98,0.006900000000000001,63156.0,0.042,0.0,4705.0,62112.0,0.0274,0.4806,0.48000000000000004,0.0,-0.041,0.0,-0.291,10.457
361470509,4,0,0.06,0.005,-0.026000000000000002,0.026000000000000002,0.0,-0.038900000000000004,-0.0051,13.98,0.0071,63560.0,0.0369,0.0,8960.0,61728.0,0.0239,0.4811,0.48200000000000004,0.0,-0.023,0.0,-0.46900000000000003,10.457
361475274,4,0,0.08,0.03,-0.003,0.025,0.0,-0.0361,-0.0035,13.98,0.007500000000000001,63024.0,0.035300000000000005,0.0,13725.0,61984.0,0.023100000000000002,0.4811,0.48200000000000004,0.0,-0.023,0.0,-0.164,10.457
361477505,4,0,0.034,0.001,0.004,0.025,0.0,-0.0393,-0.0027,13.98,0.007500000000000001,63156.0,0.0386,0.0,15956.0,61984.0,0.025900000000000003,0.48210000000000003,0.48400000000000004,0.0,0.002,0.0,-0.105,10.457
361481505,4,0,0.065,0.024,-0.027,0.025,0.0,-0.0403,-0.0019,13.98,0.0077,63024.0,0.042,0.0,0.0,61984.0,0.027200000000000002,0.48210000000000003,0.48400000000000004,0.0,0.002,0.0,0.091,10.489
361485505,4,0,0.051000000000000004,-0.047,-0.004,0.024,0.0,-0.0381,-0.0083,13.98,0.0077,63024.0,0.031900000000000005,0.0,4000.0,61600.0,0.0211,0.48210000000000003,0.48400000000000004,0.0,0.002,0.0,-0.055,10.489
361489531,4,0,0.063,0.036000000000000004,0.019,0.024,0.0,-0.040600000000000004,-0.0105,13.98,0.0077,63156.0,0.031900000000000005,0.0,8026.0,61728.0,0.0213,0.48210000000000003,0.48200000000000004,0.0,0.001,0.0,-0.325,10.489
361494371,4,0,0.064,0.004,0.001,0.024,0.0,-0.0388,-0.0083,13.98,0.0079,63156.0,0.033600000000000005,0.0,12866.0,61856.0,0.0216,0.48210000000000003,0.48200000000000004,0.0,0.001,0.0,-0.17,10.489
361499258,4,0,0.039,-0.053,0.005,0.024,0.0,-0.038400000000000004,-0.0059,14.0,0.008,63156.0,0.033600000000000005,0.0,17753.0,61856.0,0.0229,0.4813,0.48000000000000004,0.0,-0.014,0.0,-0.107,10.488
361501504,4,0,0.013000000000000001,0.008,0.017,0.024,0.0,-0.0385,-0.0025,14.0,0.0079,63024.0,0.038700000000000005,0.0,0.0,61728.0,0.025500000000000002,0.4813,0.48000000000000004,0.0,-0.014,0.0,-0.029,10.488
361505505,4,0,-0.015,-0.066,0.028,0.024,0.0,-0.0376,0.0016,14.0,0.0078000000000000005,63156.0,0.042100000000000005,0.0,4001.0,61984.0,0.027700000000000002,0.4813,0.48000000000000004,0.0,-0.014,0.0,-0.073,10.488
361509533,4,0,-0.006,0.018000000000000002,0.001,0.025,0.0,-0.0396,-0.0046,14.0,0.0076,63024.0,0.037000000000000005,0.0,8029.0,61984.0,0.0247,0.48090000000000005,0.48000000000000004,0.0,-0.02,0.0,-0.394,10.488
361514509,4,0,-0.035,-0.024,-0.004,0.025,0.0,-0.0354,0.0036000000000000003,14.0,0.0076,63024.0,0.042100000000000005,0.0,13005.0,62112.0,0.027600000000000003,0.48090000000000005,0.48000000000000004,0.0,-0.02,0.0,-0.209,10.488
361517279,4,0,-0.079,-0.043000000000000003,0.016,0.025,0.0,-0.0356,0.0073,14.0,0.007500000000000001,63292.0,0.0471,0.0,15775.0,61728.0,0.0303,0.4806,0.48000000000000004,0.0,-0.022,0.0,-0.506,10.488
361522265,4,0,-0.062,0.002,-0.019,0.025,0.0,-0.0371,0.0074,14.0,0.0074,63156.0,0.0488,0.0,0.0,62112.0,0.0315,0.4806,0.48000000000000004,0.0,-0.022,0.0,-0.234,10.447000000000001
361527293,4,0,-0.047,-0.017,0.015,0.025,0.0,-0.038400000000000004,0.0015,14.0,0.0074,63024.0,0.042100000000000005,0.0,5028.0,61856.0,0.028200000000000003,0.4807,0.48100000000000004,0.0,-0.015,0.0,0.101,10.447000000000001
361529529,4,0,-0.029,0.001,0.022,0.025,0.0,-0.037200000000000004,0.003,14.0,0.0073,62892.0,0.0437,0.0,7264.0,61984.0,0.0284,0.4807,0.48100000000000004,0.0,-0.015,0.0,-0.353,10.447000000000001
361535317,4,0,-0.04,0.022,-0.015,0.025,0.0,-0.0373,0.007,14.0,0.0073,63156.0,0.0471,0.0,13052.0,62112.0,0.0313,0.4807,0.48100000000000004,0.0,-0.015,0.0,-0.315,10.447000000000001
361537505,4,0,-0.021,-0.034,-0.012,0.025,0.0,-0.0376,0.007200000000000001,14.0,0.0074,63156.0,0.0488,0.0,15240.0,61856.0,0.0317,0.4808,0.48100000000000004,0.0,-0.01,0.0,-0.629,10.447000000000001
361541506,4,0,0.047,-0.006,-0.012,0.024,0.0,-0.034,-0.0039000000000000003,14.0,0.0078000000000000005,63292.0,0.0337,0.0,0.0,62112.0,0.0213,0.4808,0.48100000000000004,0.0,-0.01,0.0,-0.045,10.456
361546321,4,0,0.022,-0.059000000000000004,0.007,0.023,0.0,-0.0385,0.002,14.030000000000001,0.008400000000000001,63156.0,0.042100000000000005,0.0,4815.0,61984.0,0.0286,0.4808,0.48100000000000004,0.0,-0.01,0.0,0.109,10.456
361550505,4,0,0.047,0.013000000000000001,0.003,0.023,0.0,-0.0381,0.0021000000000000003,14.030000000000001,0.0086,63292.0,0.042100000000000005,0.0,8999.0,61984.0,0.0284,0.4802,0.47900000000000004,0.0,-0.021,0.0,-0.5720000000000001,10.456
361554506,4,0,0.047,-0.005,-0.001,0.022,0.0,-0.0376,-0.0027,14.030000000000001,0.0089,63424.0,0.0371,0.0,13000.0,61984.0,0.0247,0.4802,0.47900000000000004,0.0,-0.021,0.0,-0.058,10.456
361559293,4,0,0.115,-0.046,-0.013000000000000001,0.021,0.0,-0.035,-0.012400000000000001,14.030000000000001,0.009300000000000001,63156.0,0.0236,0.0,17787.0,62112.0,0.016,0.4787,0.47600000000000003,0.0,-0.046,0.0,0.171,10.496
361561522,4,0,0.052000000000000005,0.018000000000000002,-0.019,0.021,0.0,-0.038,-0.0078000000000000005,14.030000000000001,0.0095,63292.0,0.032,0.0,0.0,61856.0,0.021400000000000002,0.4787,0.47600000000000003,0.0,-0.046,0.0,0.024,10.496
361566332,4,0,-0.001,-0.04,0.01,0.02,0.0,-0.0364,0.007200000000000001,14.030000000000001,0.009600000000000001,63424.0,0.0472,0.0,4810.0,61984.0,0.0308,0.4787,0.47600000000000003,0.0,-0.046,0.0,0.343,10.496
361570505,4,0,0.055,0.006,-0.011,0.021,0.0,-0.037700000000000004,-0.0088,14.030000000000001,0.009600000000000001,63292.0,0.0303,0.0,8983.0,62240.0,0.0204,0.4792,0.48000000000000004,0.0,-0.028,0.0,0.165,10.496
361574506,4,0,0.06,0.004,-0.022,0.02,0.0,-0.0376,-0.0159,14.030000000000001,0.0097,63292.0,0.0236,0.0,12984.0,62112.0,0.015300000000000001,0.4792,0.48000000000000004,0.0,-0.028,0.0,0.39,10.496
361577300,4,0,-0.018000000000000002,-0.009000000000000001,0.007,0.021,0.0,-0.037200000000000004,-0.0018000000000000002,14.030000000000001,0.0095,63292.0,0.0388,0.0,15778.0,62240.0,0.025,0.48090000000000005,0.48400000000000004,0.0,0.012,0.0,0.012,10.496
361581305,4,0,0.003,0.0,0.004,0.021,0.0,-0.0359,-0.0006000000000000001,14.030000000000001,0.009300000000000001,62892.0,0.0388,0.0,0.0,62112.0,0.025,0.48090000000000005,0.48400000000000004,0.0,0.012,0.0,0.326,10.542
361585504,4,0,0.005,-0.04,-0.019,0.021,0.0,-0.037000000000000005,-0.011600000000000001,14.030000000000001,0.0092,63024.0,0.0287,0.0,4199.0,62112.0,0.0179,0.48090000000000005,0.48400000000000004,0.0,0.012,0.0,0.249,10.542
361589573,4,0,-0.025,0.005,-0.002,0.022,0.0,-0.0368,0.0005,14.030000000000001,0.0091,63424.0,0.0388,0.0,8268.0,62112.0,0.0264,0.4806,0.48000000000000004,0.0,0.003,0.0,0.514,10.542
361594321,4,0,-0.082,0.005,0.009000000000000001,0.022,0.0,-0.0398,0.0078000000000000005,14.030000000000001,0.0088,63156.0,0.0506,0.0,13016.0,61984.0,0.0337,0.4806,0.48000000000000004,0.0,0.003,0.0,0.746,10.542
361598505,4,0,-0.004,-0.016,-0.004,0.023,0.0,-0.0358,0.0012000000000000001,14.05,0.0086,63424.0,0.0405,0.0,17200.0,62112.0,0.0261,0.47900000000000004,0.47600000000000003,0.0,-0.029,0.0,0.275,10.542
361601318,4,0,-0.045,0.008,0.012,0.023,0.0,-0.0367,0.0001,14.05,0.0085,63156.0,0.0388,0.0,0.0,62240.0,0.0261,0.47900000000000004,0.47600000000000003,0.0,-0.029,0.0,0.337,10.455
361605366,4,0,-0.012,-0.013000000000000001,0.027,0.023,0.0,-0.0363,0.006900000000000001,14.05,0.0085,63024.0,0.0456,0.0,4048.0,62368.0,0.030600000000000002,0.47900000000000004,0.47600000000000003,0.0,-0.029,0.0,-0.084,10.455
361609528,4,0,-0.029,0.021,0.006,0.023,0.0,-0.0376,0.0085,14.05,0.008400000000000001,63424.0,0.049,0.0,8210.0,62112.0,0.032600000000000004,0.4793,0.48000000000000004,0.0,-0.016,0.0,-0.10400000000000001,10.455
361614327,4,0,0.0,0.012,-0.002,0.023,0.0,-0.037700000000000004,0.004,14.05,0.0085,63024.0,0.0456,0.0,13009.0,62240.0,0.029500000000000002,0.4793,0.48000000000000004,0.0,-0.016,0.0,0.522,10.455
361618505,4,0,0.024,0.008,0.014,0.023,0.0,-0.038700000000000005,0.0046,14.05,0.0086,63024.0,0.0473,0.0,17187.0,61856.0,0.030600000000000002,0.4806,0.48300000000000004,0.0,0.013000000000000001,0.0,0.251,10.455
361623342,4,0,0.09,0.021,-0.021,0.022,0.0,-0.0383,-0.0028,14.05,0.009000000000000001,63560.0,0.0371,0.0,0.0,61984.0,0.0251,0.4806,0.48300000000000004,0.0,0.013000000000000001,0.0,-0.4,10.447000000000001
361625378,4,0,0.041,-0.012,-0.019,0.021,0.0,-0.0361,0.0007,14.05,0.0092,63024.0,0.0388,0.0,2036.0,62112.0,0.026000000000000002,0.4806,0.48300000000000004,0.0,0.013000000000000001,0.0,-0.169,10.447000000000001
361629529,4,0,0.054,0.025,-0.005,0.021,0.0,-0.0379,0.0067,14.05,0.009300000000000001,63156.0,0.0473,0.0,6187.0,62240.0,0.0315,0.48040000000000005,0.48000000000000004,0.0,0.006,0.0,-0.449,10.447000000000001
361635385,4,0,0.052000000000000005,0.002,-0.019,0.021,0.0,-0.0371,-0.0034000000000000002,14.05,0.009600000000000001,63424.0,0.0371,0.0,12043.0,62240.0,0.0238,0.48040000000000005,0.48000000000000004,0.0,0.006,0.0,-0.168,10.447000000000001
361637504,4,0,0.094,0.014,-0.028,0.02,0.0,-0.037200000000000004,0.0002,14.05,0.009600000000000001,63292.0,0.0405,0.0,14162.0,62112.0,0.0264,0.4792,0.47700000000000004,0.0,-0.019,0.0,-0.109,10.447000000000001
361641504,4,0,0.016,0.012,-0.021,0.02,0.0,-0.041600000000000005,0.0,14.05,0.0097,63292.0,0.0439,0.0,0.0,61984.0,0.029400000000000003,0.4792,0.47700000000000004,0.0,-0.019,0.0,0.221,10.489
361645505,4,0,0.069,0.0,-0.013000000000000001,0.02,0.0,-0.038200000000000005,-0.0016,14.05,0.0097,63024.0,0.0388,0.0,4001.0,62240.0,0.025900000000000003,0.4792,0.47700000000000004,0.0,-0.019,0.0,0.171,10.489
361650396,4,0,0.049,0.019,-0.015,0.02,0.0,-0.0403,-0.0014,14.08,0.009600000000000001,63292.0,0.042300000000000004,0.0,8892.0,62368.0,0.0275,0.4791,0.47900000000000004,0.0,-0.017,0.0,-0.20800000000000002,10.489
361655400,4,0,-0.019,0.0,-0.003,0.021,0.0,-0.0385,0.0089,14.08,0.009300000000000001,63424.0,0.0524,0.0,13896.0,62240.0,0.0335,0.4791,0.47900000000000004,0.0,-0.017,0.0,-0.055,10.489
361657503,4,0,-0.022,-0.003,0.01,0.021,0.0,-0.0373,0.0077,14.08,0.0092,63156.0,0.049100000000000005,0.0,15999.0,62240.0,0.0318,0.47940000000000005,0.48000000000000004,0.0,-0.007,0.0,-0.276,10.489
361662357,4,0,0.008,-0.006,-0.006,0.022,0.0,-0.0381,0.0014,14.08,0.0088,63024.0,0.042300000000000004,0.0,0.0,62240.0,0.0279,0.47940000000000005,0.48000000000000004,0.0,-0.007,0.0,0.009000000000000001,10.457
361666429,4,0,-0.07200000000000001,-0.019,0.005,0.022,0.0,-0.0391,0.0009000000000000001,14.08,0.008700000000000001,63156.0,0.044000000000000004,0.0,4072.0,62112.0,0.028300000000000002,0.4796,0.48000000000000004,0.0,-0.001,0.0,0.21,10.457
361671366,4,0,-0.052000000000000005,-0.011,0.019,0.023,0.0,-0.038400000000000004,0.013300000000000001,14.08,0.008400000000000001,63560.0,0.0541,0.0,9009.0,62240.0,0.036500000000000005,0.4796,0.48000000000000004,0.0,-0.001,0.0,-0.099,10.457
361673367,4,0,-0.083,-0.028,0.031,0.023,0.0,-0.0386,0.0078000000000000005,14.08,0.0083,63156.0,0.0507,0.0,11010.0,62240.0,0.0328,0.4796,0.48000000000000004,0.0,-0.001,0.0,0.164,10.457
361677503,4,0,0.004,-0.015,0.023,0.024,0.0,-0.0378,0.0024000000000000002,14.08,0.0081,63156.0,0.042300000000000004,0.0,15146.0,61984.0,0.0284,0.4798,0.48000000000000004,0.0,0.001,0.0,-0.191,10.457
361682674,4,0,-0.032,-0.008,0.024,0.024,0.0,-0.040100000000000004,0.0032,14.08,0.0081,63156.0,0.047400000000000005,0.0,0.0,62240.0,0.030600000000000002,0.4798,0.48000000000000004,0.0,0.001,0.0,-0.047,10.577
361685549,4,0,-0.007,0.012,0.025,0.024,0.0,-0.0419,0.0085,14.08,0.0081,63292.0,0.0541,0.0,2875.0,62240.0,0.0356,0.4798,0.48000000000000004,0.0,0.001,0.0,-0.107,10.577
361690423,4,0,0.061,0.008,0.017,0.023,0.0,-0.039900000000000005,-0.0018000000000000002,14.08,0.008400000000000001,63024.0,0.040600000000000004,0.0,7749.0,62240.0,0.0269,0.4798,0.48000000000000004,0.0,0.003,0.0,-0.253,10.577
361694505,4,0,0.006,0.004,0.011,0.023,0.0,-0.0415,0.0059,14.08,0.0086,63292.0,0.050800000000000005,0.0,11831.0,62240.0,0.0335,0.4798,0.48000000000000004,0.0,0.003,0.0,0.047,10.577
361697381,4,0,0.048,0.018000000000000002,-0.002,0.022,0.0,-0.040400000000000005,0.0058000000000000005,14.08,0.0088,63024.0,0.050800000000000005,0.0,14707.0,62240.0,0.0327,0.47950000000000004,0.47900000000000004,0.0,-0.004,0.0,-0.339,10.577
361701386,4,0,-0.032,-0.014,0.002,0.022,0.0,-0.0376,0.012100000000000001,14.11,0.0089,63424.0,0.054200000000000005,0.0,0.0,62240.0,0.0352,0.47950000000000004,0.47900000000000004,0.0,-0.004,0.0,0.094,10.44
361705503,4,0,0.069,0.014,-0.012,0.022,0.0,-0.0388,-0.0033,14.11,0.009000000000000001,63156.0,0.039,0.0,4117.0,62240.0,0.0251,0.47950000000000004,0.47900000000000004,0.0,-0.004,0.0,0.045,10.44
361710436,4,0,0.061,0.014,-0.033,0.022,0.0,-0.0412,0.0008,14.11,0.0091,63156.0,0.0441,0.0,9050.0,62240.0,0.0296,0.47900000000000004,0.47800000000000004,0.0,-0.013000000000000001,0.0,-0.228,10.44
361714506,4,0,0.001,0.003,-0.031,0.022,0.0,-0.0414,-0.0004,14.11,0.0091,63156.0,0.0441,0.0,13120.0,62240.0,0.029,0.47900000000000004,0.47800000000000004,0.0,-0.013000000000000001,0.0,-0.198,10.44
361718529,4,0,0.053,0.003,-0.034,0.022,0.0,-0.039400000000000004,-0.0021000000000000003,14.11,0.0091,63292.0,0.0407,0.0,17143.0,62112.0,0.0264,0.4783,0.47700000000000004,0.0,-0.026000000000000002,0.0,-0.34,10.44
361721353,4,0,0.006,-0.019,-0.034,0.022,0.0,-0.0379,-0.0023,14.11,0.0091,63024.0,0.039,0.0,0.0,62500.0,0.0252,0.4783,0.47700000000000004,0.0,-0.026000000000000002,0.0,-0.336,10.478
361725445,4,0,0.002,-0.005,-0.023,0.022,0.0,-0.0395,0.0019,14.11,0.009000000000000001,63024.0,0.0441,0.0,4092.0,62112.0,0.029300000000000003,0.4783,0.47700000000000004,0.0,-0.026000000000000002,0.0,-0.217,10.478
361729528,4,0,0.033,-0.021,-0.007,0.022,0.0,-0.0383,-0.0033,14.11,0.009000000000000001,63156.0,0.0373,0.0,8175.0,62240.0,0.024800000000000003,0.4782,0.47800000000000004,0.0,-0.023,0.0,-0.182,10.478
361735452,4,0,0.018000000000000002,-0.026000000000000002,0.006,0.022,0.0,-0.0395,-0.0002,14.11,0.0089,63696.0,0.0424,0.0,14099.0,62112.0,0.027800000000000002,0.4782,0.47800000000000004,0.0,-0.023,0.0,-0.171,10.478
361737502,4,0,0.025,0.006,0.013000000000000001,0.022,0.0,-0.0397,-0.0017000000000000001,14.11,0.0089,63560.0,0.0407,0.0,16149.0,62368.0,0.0268,0.47850000000000004,0.47900000000000004,0.0,-0.013000000000000001,0.0,-0.353,10.478
361742411,4,0,-0.023,-0.018000000000000002,0.024,0.022,0.0,-0.039,0.0083,14.11,0.008700000000000001,63424.0,0.050800000000000005,0.0,0.0,62240.0,0.0334,0.47850000000000004,0.47900000000000004,0.0,-0.013000000000000001,0.0,-0.227,10.416
361746440,4,0,-0.088,-0.011,0.041,0.023,0.0,-0.0386,0.0053,14.11,0.0085,63292.0,0.0475,0.0,4029.0,62240.0,0.031,0.4797,0.48200000000000004,0.0,0.015,0.0,-0.155,10.416
361750551,4,0,0.009000000000000001,0.006,0.025,0.023,0.0,-0.0367,0.0044,14.13,0.0083,63156.0,0.0441,0.0,8140.0,62240.0,0.0291,0.4797,0.48200000000000004,0.0,0.015,0.0,-0.11800000000000001,10.416
361753420,4,0,-0.04,-0.012,0.03,0.023,0.0,-0.0376,-0.0023,14.13,0.0082,63292.0,0.039,0.0,11009.0,62112.0,0.025,0.4797,0.48200000000000004,0.0,0.015,0.0,0.021,10.416
361757502,4,0,0.007,0.007,0.025,0.024,0.0,-0.0361,0.0063,14.13,0.0082,63292.0,0.0458,0.0,15091.0,62500.0,0.029900000000000003,0.4812,0.48400000000000004,0.0,0.042,0.0,-0.133,10.416
361761502,4,0,-0.032,-0.024,0.013000000000000001,0.023,0.0,-0.037700000000000004,0.0037,14.13,0.0082,63424.0,0.0441,0.0,0.0,62240.0,0.029300000000000003,0.4812,0.48400000000000004,0.0,0.042,0.0,-0.10400000000000001,10.525
361765510,4,0,-0.021,0.033,-0.006,0.024,0.0,-0.0395,0.012,14.13,0.0082,63560.0,0.056,0.0,4008.0,62240.0,0.0364,0.4812,0.48400000000000004,0.0,0.042,0.0,-0.309,10.525
361770483,4,0,-0.023,0.011,-0.011,0.024,0.0,-0.0373,0.0111,14.13,0.0081,63292.0,0.0526,0.0,8981.0,62240.0,0.0342,0.48150000000000004,0.48200000000000004,0.0,0.039,0.0,-0.182,10.525
361774502,4,0,-0.037,-0.026000000000000002,-0.027,0.024,0.0,-0.038200000000000005,0.0095,14.13,0.008,63424.0,0.0509,0.0,13000.0,62240.0,0.0337,0.48150000000000004,0.48200000000000004,0.0,0.039,0.0,0.11900000000000001,10.525
361778502,4,0,-0.003,0.031,-0.034,0.024,0.0,-0.0385,0.0048000000000000004,14.13,0.0079,63424.0,0.0475,0.0,17000.0,62368.0,0.0307,0.48100000000000004,0.48000000000000004,0.0,0.021,0.0,-0.025,10.525
361781550,4,0,-0.011,-0.015,-0.03,0.024,0.0,-0.0385,0.0044,14.13,0.0079,63560.0,0.0475,0.0,0.0,62240.0,0.0303,0.48100000000000004,0.48000000000000004,0.0,0.021,0.0,-0.013000000000000001,10.481
361786470,4,0,0.006,-0.004,-0.034,0.024,0.0,-0.037200000000000004,0.0024000000000000002,14.13,0.008,63292.0,0.0441,0.0,4920.0,62240.0,0.028,0.47990000000000005,0.47800000000000004,0.0,-0.002,0.0,-0.12,10.481
361791446,4,0,0.024,0.044,-0.031,0.024,0.0,-0.0425,0.0008,14.13,0.0081,63292.0,0.0475,0.0,9896.0,62240.0,0.030600000000000002,0.47990000000000005,0.47800000000000004,0.0,-0.002,0.0,-0.058,10.481
361793447,4,0,-0.001,-0.005,-0.013000000000000001,0.024,0.0,-0.040600000000000004,0.0028,14.13,0.0081,63156.0,0.0475,0.0,11897.0,62368.0,0.0307,0.47990000000000005,0.47800000000000004,0.0,-0.002,0.0,-0.12,10.481
361797502,4,0,0.056,0.035,-0.011,0.023,0.0,-0.039400000000000004,-0.0005,14.13,0.0083,63292.0,0.0424,0.0,15952.0,62368.0,0.0275,0.4786,0.47600000000000003,0.0,-0.032,0.0,0.05,10.481
361801502,4,0,0.039,-0.023,0.004,0.023,0.0,-0.041,-0.0007,14.13,0.0083,63424.0,0.0441,0.0,0.0,62500.0,0.0285,0.4786,0.47600000000000003,0.0,-0.032,0.0,-0.076,10.446
361805505,4,0,0.057,0.033,0.014,0.023,0.0,-0.039,-0.0048000000000000004,14.16,0.0085,63424.0,0.0374,0.0,4003.0,62112.0,0.024200000000000003,0.4786,0.47600000000000003,0.0,-0.032,0.0,-0.123,10.446
361810508,4,0,0.056,0.036000000000000004,0.017,0.022,0.0,-0.0396,0.0012000000000000001,14.16,0.008700000000000001,63424.0,0.0442,0.0,9006.0,62240.0,0.028900000000000002,0.4773,0.47500000000000003,0.0,-0.051000000000000004,0.0,-0.014,10.446
361813460,4,0,0.011,0.004,0.025,0.023,0.0,-0.042,0.0006000000000000001,14.16,0.008700000000000001,63560.0,0.0459,0.0,11958.0,62368.0,0.030100000000000002,0.4773,0.47500000000000003,0.0,-0.051000000000000004,0.0,0.082,10.446
361818465,4,0,0.025,0.032,0.03,0.023,0.0,-0.038400000000000004,0.0006000000000000001,14.16,0.0086,63424.0,0.0408,0.0,16963.0,62240.0,0.027600000000000003,0.4776,0.47800000000000004,0.0,-0.036000000000000004,0.0,0.111,10.446
361823468,4,0,0.035,0.027,0.014,0.023,0.0,-0.039900000000000005,-0.0029000000000000002,14.16,0.0086,63424.0,0.0391,0.0,0.0,62368.0,0.0261,0.4776,0.47800000000000004,0.0,-0.036000000000000004,0.0,0.337,10.422
361825518,4,0,-0.016,0.028,0.012,0.023,0.0,-0.0403,0.0025,14.16,0.008400000000000001,63560.0,0.0476,0.0,2050.0,61984.0,0.0302,0.4776,0.47800000000000004,0.0,-0.036000000000000004,0.0,0.031,10.422
361830521,4,0,-0.004,0.022,-0.007,0.023,0.0,-0.0378,0.0043,14.16,0.0082,63156.0,0.0459,0.0,7053.0,62240.0,0.0298,0.47840000000000005,0.48000000000000004,0.0,-0.012,0.0,0.056,10.422
361835523,4,0,-0.005,-0.048,-0.007,0.024,0.0,-0.0379,0.0026000000000000003,14.16,0.008,63424.0,0.0442,0.0,12055.0,62500.0,0.0286,0.47840000000000005,0.48000000000000004,0.0,-0.012,0.0,0.108,10.422
361838477,4,0,-0.025,0.015,-0.019,0.024,0.0,-0.0376,0.0026000000000000003,14.16,0.0079,63424.0,0.0442,0.0,15009.0,62368.0,0.0284,0.47900000000000004,0.48000000000000004,0.0,0.002,0.0,-0.117,10.422
361843483,4,0,-0.039,0.001,-0.028,0.025,0.0,-0.0381,0.0111,14.16,0.0077,63424.0,0.052700000000000004,0.0,0.0,62368.0,0.034800000000000005,0.47900000000000004,0.48000000000000004,0.0,0.002,0.0,0.274,10.401
361845534,4,0,-0.034,0.001,-0.039,0.025,0.0,-0.0376,0.007200000000000001,14.16,0.0076,63424.0,0.049300000000000004,0.0,2051.0,62500.0,0.0317,0.47900000000000004,0.48000000000000004,0.0,0.002,0.0,0.08,10.401
361849748,4,0,-0.015,-0.025,-0.019,0.025,0.0,-0.0373,0.003,14.16,0.0077,63560.0,0.0442,0.0,6265.0,62240.0,0.0285,0.47900000000000004,0.47900000000000004,0.0,0.002,0.0,0.261,10.401
361854490,4,0,-0.035,-0.056,-0.003,0.024,0.0,-0.0391,0.0054,14.18,0.0077,63424.0,0.0477,0.0,11007.0,62368.0,0.0315,0.47900000000000004,0.47900000000000004,0.0,0.002,0.0,0.053,10.401
361859494,4,0,-0.009000000000000001,-0.011,-0.007,0.025,0.0,-0.037000000000000005,0.0081,14.18,0.0077,63024.0,0.0494,0.0,16011.0,62368.0,0.0318,0.4783,0.47700000000000004,0.0,-0.013000000000000001,0.0,-0.066,10.401
361861495,4,0,0.023,-0.054,0.004,0.024,0.0,-0.0375,0.0008,14.18,0.0078000000000000005,63292.0,0.0409,0.0,0.0,62368.0,0.027100000000000003,0.4783,0.47700000000000004,0.0,-0.013000000000000001,0.0,0.246,10.401
361865563,4,0,0.019,0.02,0.022,0.024,0.0,-0.0381,0.0009000000000000001,14.18,0.0079,63696.0,0.0426,0.0,4068.0,62368.0,0.027600000000000003,0.4783,0.47700000000000004,0.0,-0.013000000000000001,0.0,0.054,10.402000000000001
361870577,4,0,0.043000000000000003,0.022,0.018000000000000002,0.024,0.0,-0.038,-0.0001,14.18,0.0082,63560.0,0.0409,0.0,9082.0,62368.0,0.0268,0.4771,0.47500000000000003,0.0,-0.036000000000000004,0.0,0.34900000000000003,10.402000000000001
361873504,4,0,0.062,-0.028,0.011,0.023,0.0,-0.0381,-0.0047,14.18,0.0083,63424.0,0.0358,0.0,12009.0,62240.0,0.0236,0.4771,0.47500000000000003,0.0,-0.036000000000000004,0.0,-0.001,10.402000000000001
361878551,4,0,0.039,0.03,0.023,0.023,0.0,-0.0386,-0.0018000000000000002,14.18,0.0086,63560.0,0.0409,0.0,17056.0,62368.0,0.026000000000000002,0.4767,0.47600000000000003,0.0,-0.036000000000000004,0.0,0.1,10.402000000000001
361882675,4,0,0.056,-0.027,0.033,0.022,0.0,-0.0395,-0.0033,14.18,0.0088,63292.0,0.0392,0.0,0.0,62112.0,0.0256,0.4767,0.47600000000000003,0.0,-0.036000000000000004,0.0,0.161,10.402000000000001
361885559,4,0,0.051000000000000004,0.013000000000000001,-0.001,0.022,0.0,-0.0373,-0.0063,14.18,0.0089,63424.0,0.0341,0.0,2884.0,62368.0,0.0219,0.4767,0.47600000000000003,0.0,-0.036000000000000004,0.0,0.022,10.525
361890563,4,0,0.032,0.021,0.002,0.022,0.0,-0.0407,-0.0032,14.18,0.0091,63424.0,0.0409,0.0,7888.0,62500.0,0.026500000000000003,0.47650000000000003,0.47600000000000003,0.0,-0.034,0.0,0.343,10.525
361893516,4,0,0.049,-0.023,0.001,0.022,0.0,-0.0395,-0.0066,14.18,0.0091,63424.0,0.0358,0.0,10841.0,61984.0,0.023200000000000002,0.47650000000000003,0.47600000000000003,0.0,-0.034,0.0,0.098,10.525
361898520,4,0,0.007,0.018000000000000002,-0.033,0.021,0.0,-0.0388,-0.0035,14.18,0.0092,63424.0,0.0392,0.0,15845.0,62240.0,0.025,0.47700000000000004,0.47800000000000004,0.0,-0.018000000000000002,0.0,-0.136,10.525
361903523,4,0,-0.025,0.003,-0.021,0.022,0.0,-0.0396,0.0051,14.21,0.009000000000000001,63424.0,0.0478,0.0,0.0,62368.0,0.0316,0.47700000000000004,0.47800000000000004,0.0,-0.018000000000000002,0.0,-0.01,10.525
361905573,4,0,-0.03,0.008,-0.017,0.022,0.0,-0.0388,0.0015,14.21,0.0088,63292.0,0.0444,0.0,2050.0,62500.0,0.0285,0.47700000000000004,0.47800000000000004,0.0,-0.018000000000000002,0.0,-0.31,10.465
361910550,4,0,-0.027,-0.014,-0.029,0.023,0.0,-0.0386,-0.0006000000000000001,14.21,0.0085,63560.0,0.0427,0.0,7027.0,62240.0,0.0269,0.4781,0.48000000000000004,0.0,0.007,0.0,0.333,10.465
361913483,4,0,-0.034,-0.017,-0.031,0.023,0.0,-0.0397,-0.0016,14.21,0.0083,63424.0,0.041,0.0,9960.0,62368.0,0.0269,0.4781,0.48000000000000004,0.0,0.007,0.0,0.278,10.465
361918535,4,0,-0.064,0.009000000000000001,-0.011,0.024,0.0,-0.038,0.010100000000000001,14.21,0.0079,63424.0,0.0512,0.0,15012.0,62368.0,0.034,0.47800000000000004,0.47800000000000004,0.0,0.005,0.0,0.177,10.465
361923536,4,0,-0.036000000000000004,0.005,-0.009000000000000001,0.024,0.0,-0.0373,0.0009000000000000001,14.21,0.0078000000000000005,63560.0,0.0427,0.0,0.0,61984.0,0.027,0.47800000000000004,0.47800000000000004,0.0,0.005,0.0,0.303,10.465
361925586,4,0,-0.018000000000000002,0.005,-0.013000000000000001,0.024,0.0,-0.0381,0.0022,14.21,0.0077,63696.0,0.0427,0.0,2050.0,62368.0,0.0285,0.47800000000000004,0.47800000000000004,0.0,0.005,0.0,-0.059000000000000004,10.399000000000001
361930587,4,0,-0.045,0.019,0.011,0.024,0.0,-0.0385,0.0082,14.21,0.0078000000000000005,63560.0,0.0512,0.0,7051.0,62368.0,0.033,0.4773,0.47600000000000003,0.0,-0.01,0.0,0.017,10.399000000000001
361935591,4,0,-0.005,-0.022,0.014,0.024,0.0,-0.0366,0.0047,14.21,0.0079,63964.0,0.0444,0.0,12055.0,62368.0,0.0292,0.4773,0.47600000000000003,0.0,-0.01,0.0,-0.009000000000000001,10.399000000000001
361938573,4,0,0.038,0.013000000000000001,-0.001,0.024,0.0,-0.037200000000000004,-0.0005,14.21,0.008,63424.0,0.041,0.0,15037.0,62368.0,0.026000000000000002,0.47650000000000003,0.47500000000000003,0.0,-0.025,0.0,-0.514,10.399000000000001
361943670,4,0,0.056,0.023,0.011,0.023,0.0,-0.0402,-0.0004,14.21,0.0085,63292.0,0.0444,0.0,0.0,62112.0,0.0281,0.47650000000000003,0.47500000000000003,0.0,-0.025,0.0,-0.111,10.399000000000001
361946724,4,0,0.042,-0.003,0.021,0.022,0.0,-0.0391,0.002,14.21,0.008700000000000001,63424.0,0.0444,0.0,3054.0,62240.0,0.029,0.47600000000000003,0.47500000000000003,0.0,-0.031,0.0,-0.352,10.375
361949555,4,0,-0.01,0.001,0.018000000000000002,0.022,0.0,-0.037700000000000004,0.009300000000000001,14.21,0.0089,63560.0,0.0512,0.0,5885.0,62368.0,0.0333,0.47600000000000003,0.47500000000000003,0.0,-0.031,0.0,0.05,10.375
361953559,4,0,0.106,-0.001,0.011,0.022,0.0,-0.0395,-0.006500000000000001,14.23,0.009000000000000001,63424.0,0.0359,0.0,9889.0,62240.0,0.0234,0.47600000000000003,0.47500000000000003,0.0,-0.031,0.0,-0.36,10.375
361958561,4,0,0.095,0.025,0.0,0.021,0.0,-0.038200000000000005,-0.0083,14.23,0.0094,63560.0,0.0325,0.0,14891.0,62240.0,0.0211,0.4767,0.47800000000000004,0.0,-0.011,0.0,-0.532,10.375
361963563,4,0,0.027,0.023,-0.002,0.021,0.0,-0.0414,-0.0031000000000000003,14.23,0.009600000000000001,63424.0,0.041,0.0,0.0,62632.0,0.027,0.4767,0.47800000000000004,0.0,-0.011,0.0,-0.511,10.375
361965613,4,0,0.052000000000000005,0.026000000000000002,-0.012,0.021,0.0,-0.040100000000000004,-0.0008,14.23,0.0095,63560.0,0.044500000000000005,0.0,2050.0,62500.0,0.027800000000000002,0.4767,0.47800000000000004,0.0,-0.011,0.0,-0.5730000000000001,10.448
361970616,4,0,0.044,0.033,0.0,0.021,0.0,-0.041600000000000005,-0.0077,14.23,0.0094,63424.0,0.0359,0.0,7053.0,62368.0,0.024,0.47850000000000004,0.48200000000000004,0.0,0.028,0.0,-0.272,10.448
361973570,4,0,-0.001,0.019,-0.01,0.021,0.0,-0.041800000000000004,0.0008,14.23,0.0092,63560.0,0.046200000000000005,0.0,10007.0,62368.0,0.030100000000000002,0.47850000000000004,0.48200000000000004,0.0,0.028,0.0,-0.311,10.448
361978575,4,0,0.003,0.015,-0.021,0.022,0.0,-0.038,0.0002,14.23,0.009000000000000001,63560.0,0.041,0.0,15012.0,62368.0,0.027,0.4798,0.48200000000000004,0.0,0.047,0.0,-0.309,10.448
361982676,4,0,-0.005,-0.011,-0.019,0.022,0.0,-0.038,-0.004,14.23,0.0088,63560.0,0.0359,0.0,0.0,62368.0,0.024,0.4798,0.48200000000000004,0.0,0.047,0.0,0.022,10.448
361985625,4,0,0.045,0.0,-0.014,0.022,0.0,-0.038,-0.009000000000000001,14.23,0.0088,63828.0,0.0308,0.0,2949.0,62240.0,0.0205,0.4798,0.48200000000000004,0.0,0.047,0.0,-0.373,10.409
361990627,4,0,-0.097,0.015,-0.014,0.023,0.0,-0.042100000000000005,0.0145,14.23,0.0086,63696.0,0.061500000000000006,0.0,7951.0,62368.0,0.04,0.48050000000000004,0.48200000000000004,0.0,0.053,0.0,-0.231,10.409
361993584,4,0,-0.054,0.002,0.001,0.023,0.0,-0.0414,0.0128,14.23,0.0083,63560.0,0.058100000000000006,0.0,10908.0,62240.0,0.038400000000000004,0.48050000000000004,0.48200000000000004,0.0,0.053,0.0,-0.226,10.409
361998586,4,0,0.009000000000000001,0.006,0.021,0.024,0.0,-0.0395,-0.0032,14.23,0.0082,63964.0,0.0393,0.0,15910.0,62500.0,0.0257,0.48140000000000005,0.48300000000000004,0.0,0.06,0.0,-0.177,10.409
362003589,4,0,-0.031,0.011,0.009000000000000001,0.024,0.0,-0.0409,0.0056,14.25,0.0081,63424.0,0.0514,0.0,0.0,62368.0,0.0329,0.48140000000000005,0.48300000000000004,0.0,0.06,0.0,0.022,10.409
362005641,4,0,0.011,0.018000000000000002,0.013000000000000001,0.024,0.0,-0.0417,0.0064,14.25,0.0081,63696.0,0.0531,0.0,2052.0,62500.0,0.034,0.48140000000000005,0.48300000000000004,0.0,0.06,0.0,-0.28200000000000003,10.371
362010640,4,0,0.042,0.011,0.035,0.023,0.0,-0.0402,-0.0012000000000000001,14.25,0.0082,63696.0,0.042800000000000005,0.0,7051.0,62500.0,0.027600000000000003,0.4823,0.48400000000000004,0.0,0.066,0.0,-0.227,10.371
362013598,4,0,0.012,0.023,0.023,0.023,0.0,-0.0422,0.0041,14.25,0.0083,63560.0,0.0514,0.0,10009.0,62368.0,0.0327,0.4823,0.48400000000000004,0.0,0.066,0.0,-0.363,10.371
362018602,4,0,0.061,0.019,0.012,0.023,0.0,-0.040600000000000004,0.0033,14.25,0.0085,63696.0,0.048,0.0,15013.0,62240.0,0.031100000000000003,0.4822,0.48200000000000004,0.0,0.051000000000000004,0.0,-0.645,10.371
362023605,4,0,0.002,-0.006,0.019,0.023,0.0,-0.0403,0.0067,14.25,0.0086,63696.0,0.0514,0.0,0.0,62368.0,0.0332,0.4822,0.48200000000000004,0.0,0.051000000000000004,0.0,-0.131,10.371
362025652,4,0,0.07100000000000001,0.016,0.009000000000000001,0.022,0.0,-0.040400000000000005,0.0019,14.25,0.0086,63828.0,0.046200000000000005,0.0,2047.0,62112.0,0.029900000000000003,0.4822,0.48200000000000004,0.0,0.051000000000000004,0.0,-0.18,10.469
362030656,4,0,0.01,0.017,-0.021,0.022,0.0,-0.044700000000000004,0.0001,14.25,0.008700000000000001,63560.0,0.048,0.0,7051.0,62368.0,0.0317,0.4818,0.48100000000000004,0.0,0.032,0.0,-0.028,10.469
362035675,4,0,-0.017,0.006,-0.024,0.023,0.0,-0.042100000000000005,0.0007,14.25,0.0086,63696.0,0.046200000000000005,0.0,12070.0,62368.0,0.0303,0.4818,0.48100000000000004,0.0,0.032,0.0,-0.1,10.469
362038550,4,0,0.011,0.016,-0.023,0.023,0.0,-0.0431,-0.0005,14.25,0.0085,63696.0,0.046200000000000005,0.0,14945.0,62240.0,0.0302,0.48190000000000005,0.48200000000000004,0.0,0.027,0.0,-0.363,10.469
362043617,4,0,-0.009000000000000001,-0.004,-0.034,0.023,0.0,-0.041600000000000005,-0.0008,14.25,0.0083,63696.0,0.044500000000000005,0.0,0.0,62500.0,0.028900000000000002,0.48190000000000005,0.48200000000000004,0.0,0.027,0.0,-0.08700000000000001,10.469
362045677,4,0,0.027,0.018000000000000002,-0.029,0.023,0.0,-0.042100000000000005,-0.0018000000000000002,14.25,0.0082,63560.0,0.044500000000000005,0.0,2060.0,62368.0,0.0285,0.48190000000000005,0.48200000000000004,0.0,0.027,0.0,-0.194,10.436
362050669,4,0,0.013000000000000001,-0.001,-0.02,0.024,0.0,-0.042800000000000005,-0.0043,14.280000000000001,0.0081,63696.0,0.0412,0.0,7052.0,62240.0,0.027200000000000002,0.4823,0.48300000000000004,0.0,0.03,0.0,-0.014,10.436
362053624,4,0,0.027,0.014,-0.017,0.024,0.0,-0.043000000000000003,-0.0043,14.280000000000001,0.0081,63828.0,0.0412,0.0,10007.0,62632.0,0.0273,0.4823,0.48300000000000004,0.0,0.03,0.0,0.10400000000000001,10.436
362058627,4,0,0.031,0.014,-0.002,0.023,0.0,-0.042,-0.0018000000000000002,14.280000000000001,0.0081,63560.0,0.0446,0.0,15010.0,62500.0,0.0285,0.4818,0.48100000000000004,0.0,0.015,0.0,0.095,10.436
362063630,4,0,-0.007,-0.012,0.022,0.024,0.0,-0.0427,0.0007,14.280000000000001,0.0081,63964.0,0.0463,0.0,0.0,62500.0,0.0307,0.4818,0.48100000000000004,0.0,0.015,0.0,0.196,10.436
362065677,4,0,0.014,0.023,0.013000000000000001,0.024,0.0,-0.0427,0.0021000000000000003,14.280000000000001,0.0081,63696.0,0.048,0.0,2047.0,62240.0,0.0317,0.4818,0.48100000000000004,0.0,0.015,0.0,0.114,10.508000000000001
362071787,4,0,0.011,0.009000000000000001,0.032,0.024,0.0,-0.0413,0.0025,14.280000000000001,0.0079,63696.0,0.048,0.0,8157.0,62368.0,0.031,0.4808,0.47900000000000004,0.0,-0.008,0.0,0.088,10.508000000000001
362074638,4,0,-0.035,-0.011,0.033,0.024,0.0,-0.040400000000000005,0.0031000000000000003,14.280000000000001,0.0079,63696.0,0.048,0.0,11008.0,62500.0,0.0308,0.4808,0.47900000000000004,0.0,-0.008,0.0,0.164,10.508000000000001
362079641,4,0,-0.02,0.021,0.016,0.024,0.0,-0.040600000000000004,0.0066,14.280000000000001,0.0079,63696.0,0.051500000000000004,0.0,16011.0,62368.0,0.0333,0.48050000000000004,0.48000000000000004,0.0,-0.012,0.0,0.038,10.508000000000001
362081642,4,0,-0.062,-0.015,0.019,0.024,0.0,-0.0412,0.0067,14.280000000000001,0.0078000000000000005,63828.0,0.051500000000000004,0.0,0.0,62368.0,0.0339,0.48050000000000004,0.48000000000000004,0.0,-0.012,0.0,0.113,10.508000000000001
362086673,4,0,-0.036000000000000004,0.017,0.014,0.025,0.0,-0.040400000000000005,0.0068000000000000005,14.280000000000001,0.0076,63696.0,0.051500000000000004,0.0,5031.0,62632.0,0.0333,0.4807,0.48100000000000004,0.0,-0.006,0.0,0.146,10.405
362089648,4,0,-0.067,-0.042,0.004,0.025,0.0,-0.0396,0.0078000000000000005,14.280000000000001,0.007500000000000001,63696.0,0.051500000000000004,0.0,8006.0,62632.0,0.0335,0.4807,0.48100000000000004,0.0,-0.006,0.0,0.269,10.405
362094654,4,0,-0.043000000000000003,-0.027,-0.008,0.025,0.0,-0.0385,0.004,14.280000000000001,0.0073,63828.0,0.048,0.0,13012.0,62632.0,0.030000000000000002,0.4807,0.48100000000000004,0.0,-0.006,0.0,0.218,10.405
362099656,4,0,-0.014,0.005,-0.018000000000000002,0.025,0.0,-0.0386,0.007,14.280000000000001,0.0073,63424.0,0.049800000000000004,0.0,18014.0,62632.0,0.0322,0.4801,0.47900000000000004,0.0,-0.017,0.0,0.038,10.405
362101657,4,0,-0.04,-0.033,-0.019,0.025,0.0,-0.0393,0.0061,14.31,0.0073,63560.0,0.049800000000000004,0.0,0.0,62632.0,0.032100000000000004,0.4801,0.47900000000000004,0.0,-0.017,0.0,0.11900000000000001,10.405
362106684,4,0,-0.022,0.0,-0.025,0.025,0.0,-0.0388,0.008,14.31,0.0074,63696.0,0.0516,0.0,5027.0,62632.0,0.033100000000000004,0.47940000000000005,0.47800000000000004,0.0,-0.028,0.0,0.055,10.431000000000001
362109662,4,0,-0.044,-0.052000000000000005,-0.018000000000000002,0.025,0.0,-0.0376,0.0082,14.31,0.0074,63560.0,0.049800000000000004,0.0,8005.0,62500.0,0.0324,0.47940000000000005,0.47800000000000004,0.0,-0.028,0.0,0.214,10.431000000000001
362114665,4,0,-0.025,-0.029,-0.014,0.025,0.0,-0.0393,0.0057,14.31,0.0073,63828.0,0.049800000000000004,0.0,13008.0,62760.0,0.0318,0.47940000000000005,0.47800000000000004,0.0,-0.028,0.0,0.26,10.431000000000001
362119676,4,0,-0.012,0.013000000000000001,-0.016,0.025,0.0,-0.038,0.0053,14.31,0.007200000000000001,63560.0,0.046400000000000004,0.0,18019.0,62500.0,0.030600000000000002,0.47990000000000005,0.48100000000000004,0.0,-0.011,0.0,-0.023,10.431000000000001
362122634,4,0,-0.025,-0.052000000000000005,0.005,0.025,0.0,-0.038,0.0066,14.31,0.0073,63292.0,0.048100000000000004,0.0,0.0,62632.0,0.0316,0.47990000000000005,0.48100000000000004,0.0,-0.011,0.0,0.123,10.431000000000001
362126676,4,0,-0.013000000000000001,0.011,0.018000000000000002,0.026000000000000002,0.0,-0.0383,0.005200000000000001,14.3,0.007200000000000001,63696.0,0.046400000000000004,0.0,4042.0,62500.0,0.0307,0.48140000000000005,0.48400000000000004,0.0,0.019,0.0,-0.14400000000000002,10.405
362130757,4,0,-0.01,-0.003,0.01,0.025,0.0,-0.0386,0.0051,14.3,0.0073,63560.0,0.048100000000000004,0.0,8123.0,62632.0,0.0308,0.48140000000000005,0.48400000000000004,0.0,0.019,0.0,0.337,10.405
362133549,4,0,-0.012,0.042,0.001,0.026000000000000002,0.0,-0.0395,0.005200000000000001,14.3,0.007200000000000001,63696.0,0.048100000000000004,0.0,10915.0,62632.0,0.0316,0.48140000000000005,0.48400000000000004,0.0,0.019,0.0,0.176,10.405
362137676,4,0,0.012,0.015,0.021,0.026000000000000002,0.0,-0.038,0.0019,14.3,0.007200000000000001,63828.0,0.043000000000000003,0.0,15042.0,62632.0,0.028200000000000003,0.4812,0.48100000000000004,0.0,0.013000000000000001,0.0,0.33,10.405
362142674,4,0,0.018000000000000002,-0.044,0.035,0.026000000000000002,0.0,-0.0407,0.0019,14.3,0.007,63696.0,0.046400000000000004,0.0,0.0,62500.0,0.030100000000000002,0.4812,0.48100000000000004,0.0,0.013000000000000001,0.0,0.064,10.405
362146736,4,0,0.004,0.03,0.001,0.026000000000000002,0.0,-0.0376,0.0019,14.31,0.006900000000000001,63560.0,0.043000000000000003,0.0,4062.0,62760.0,0.0279,0.48050000000000004,0.47900000000000004,0.0,-0.005,0.0,-0.127,10.436
362149679,4,0,0.023,-0.036000000000000004,0.003,0.026000000000000002,0.0,-0.038900000000000004,0.0034000000000000002,14.31,0.007,64104.0,0.046400000000000004,0.0,7005.0,62760.0,0.030000000000000002,0.48050000000000004,0.47900000000000004,0.0,-0.005,0.0,0.074,10.436
362153727,4,0,0.001,0.022,0.008,0.026000000000000002,0.0,-0.0392,0.0029000000000000002,14.33,0.007,63828.0,0.0465,0.0,11053.0,62760.0,0.0298,0.48050000000000004,0.47900000000000004,0.0,-0.005,0.0,-0.161,10.436
362158550,4,0,0.031,0.021,-0.011,0.026000000000000002,0.0,-0.0393,0.0031000000000000003,14.33,0.0071,63696.0,0.0465,0.0,15876.0,62632.0,0.030000000000000002,0.47990000000000005,0.47900000000000004,0.0,-0.014,0.0,0.217,10.436
362162730,4,0,0.041,-0.031,-0.028,0.026000000000000002,0.0,-0.0403,-0.0009000000000000001,14.33,0.0071,63828.0,0.043000000000000003,0.0,0.0,62892.0,0.027800000000000002,0.47990000000000005,0.47900000000000004,0.0,-0.014,0.0,0.047,10.436
362167690,4,0,0.014,0.035,-0.01,0.026000000000000002,0.0,-0.0396,0.0026000000000000003,14.33,0.0071,63424.0,0.0465,0.0,4960.0,62632.0,0.029900000000000003,0.48100000000000004,0.48300000000000004,0.0,0.01,0.0,-0.216,10.461
362169747,4,0,0.032,-0.039,-0.011,0.026000000000000002,0.0,-0.0376,0.0028,14.33,0.007200000000000001,63828.0,0.0448,0.0,7017.0,62632.0,0.0285,0.48100000000000004,0.48300000000000004,0.0,0.01,0.0,-0.147,10.461
362174518,4,0,0.017,0.026000000000000002,-0.033,0.026000000000000002,0.0,-0.0397,0.0013000000000000002,14.33,0.0071,63560.0,0.0448,0.0,11788.0,62368.0,0.029,0.48100000000000004,0.48300000000000004,0.0,0.01,0.0,-0.246,10.461
362179550,4,0,0.015,0.039,-0.016,0.026000000000000002,0.0,-0.0393,0.0028,14.33,0.007200000000000001,63696.0,0.0465,0.0,16820.0,62632.0,0.0298,0.4828,0.48600000000000004,0.0,0.043000000000000003,0.0,0.055,10.461
362181550,4,0,0.0,-0.011,-0.011,0.026000000000000002,0.0,-0.036500000000000005,0.0036000000000000003,14.33,0.0071,63560.0,0.043000000000000003,0.0,0.0,62632.0,0.028300000000000002,0.4828,0.48600000000000004,0.0,0.043000000000000003,0.0,-0.024,10.461
362185786,4,0,0.0,0.054,-0.006,0.026000000000000002,0.0,-0.0409,0.0037,14.33,0.0071,63964.0,0.0482,0.0,4236.0,62760.0,0.0315,0.4828,0.48600000000000004,0.0,0.043000000000000003,0.0,-0.216,10.461
362190787,4,0,0.028,0.004,0.004,0.026000000000000002,0.0,-0.0378,0.002,14.33,0.006900000000000001,63828.0,0.043000000000000003,0.0,9237.0,62760.0,0.0281,0.48350000000000004,0.48500000000000004,0.0,0.05,0.0,0.136,10.469
362193550,4,0,0.004,0.031,0.015,0.026000000000000002,0.0,-0.0369,0.0019,14.33,0.0068000000000000005,63696.0,0.043000000000000003,0.0,12000.0,62892.0,0.0275,0.48350000000000004,0.48500000000000004,0.0,0.05,0.0,-0.445,10.469
362197757,4,0,-0.016,0.036000000000000004,0.016,0.027,0.0,-0.0413,0.009600000000000001,14.33,0.0066,63696.0,0.0551,0.0,16207.0,62632.0,0.036000000000000004,0.4837,0.48400000000000004,0.0,0.043000000000000003,0.0,-0.183,10.469
362202549,4,0,-0.011,-0.02,0.02,0.027,0.0,-0.0396,0.0039000000000000003,14.36,0.0064,63560.0,0.0466,0.0,0.0,62892.0,0.0308,0.4837,0.48400000000000004,0.0,0.043000000000000003,0.0,-0.219,10.469
362206787,4,0,-0.019,0.029,0.026000000000000002,0.028,0.0,-0.0417,0.007200000000000001,14.36,0.006200000000000001,63560.0,0.055200000000000006,0.0,4238.0,62760.0,0.0346,0.48310000000000003,0.48200000000000004,0.0,0.023,0.0,-0.263,10.469
362209550,4,0,-0.022,-0.02,0.033,0.028,0.0,-0.0398,0.006500000000000001,14.36,0.006200000000000001,63696.0,0.05,0.0,7001.0,62892.0,0.0328,0.48310000000000003,0.48200000000000004,0.0,0.023,0.0,-0.061,10.416
362214512,4,0,0.02,0.013000000000000001,0.008,0.028,0.0,-0.0396,0.0011,14.36,0.006200000000000001,63828.0,0.0448,0.0,11963.0,62760.0,0.028800000000000003,0.48310000000000003,0.48200000000000004,0.0,0.023,0.0,-0.522,10.416
362218512,4,0,-0.018000000000000002,0.031,0.006,0.028,0.0,-0.0422,0.007,14.36,0.006200000000000001,63560.0,0.053500000000000006,0.0,15963.0,62892.0,0.034800000000000005,0.4824,0.48100000000000004,0.0,0.003,0.0,-0.319,10.416
362222767,4,0,0.017,-0.018000000000000002,0.008,0.028,0.0,-0.039,0.0028,14.36,0.006200000000000001,63696.0,0.0466,0.0,0.0,62892.0,0.0296,0.4824,0.48100000000000004,0.0,0.003,0.0,-0.178,10.416
362225518,4,0,0.022,0.04,0.001,0.027,0.0,-0.042,0.0008,14.36,0.006200000000000001,63696.0,0.0466,0.0,2751.0,62760.0,0.0302,0.4824,0.48100000000000004,0.0,0.003,0.0,-0.306,10.416
362229776,4,0,0.003,-0.006,-0.022,0.028,0.0,-0.042300000000000004,0.006,14.36,0.006200000000000001,63560.0,0.053500000000000006,0.0,7009.0,62760.0,0.0341,0.48150000000000004,0.48000000000000004,0.0,-0.014,0.0,0.306,10.495000000000001
362234548,4,0,0.023,-0.014,-0.021,0.028,0.0,-0.038700000000000005,0.0018000000000000002,14.36,0.006200000000000001,63696.0,0.0449,0.0,11781.0,62760.0,0.0287,0.48150000000000004,0.48000000000000004,0.0,-0.014,0.0,0.112,10.495000000000001
362238783,4,0,0.011,0.046,-0.014,0.027,0.0,-0.046400000000000004,0.0024000000000000002,14.36,0.006200000000000001,63696.0,0.055200000000000006,0.0,16016.0,62892.0,0.0345,0.48100000000000004,0.48000000000000004,0.0,-0.022,0.0,-0.123,10.495000000000001
362243513,4,0,-0.004,-0.031,-0.021,0.027,0.0,-0.0388,0.0059,14.36,0.0063,63696.0,0.05,0.0,0.0,62760.0,0.0316,0.48100000000000004,0.48000000000000004,0.0,-0.022,0.0,0.051000000000000004,10.495000000000001
362245519,4,0,0.011,0.019,-0.034,0.027,0.0,-0.0391,0.0023,14.36,0.0063,63424.0,0.0449,0.0,2006.0,62760.0,0.0292,0.48100000000000004,0.48000000000000004,0.0,-0.022,0.0,-0.291,10.495000000000001
362249787,4,0,0.023,0.018000000000000002,0.01,0.027,0.0,-0.0468,-0.0032,14.36,0.0063,63560.0,0.0483,0.0,6274.0,62760.0,0.0308,0.48140000000000005,0.48200000000000004,0.0,-0.011,0.0,0.081,10.416
362254513,4,0,0.021,-0.016,0.022,0.027,0.0,-0.0431,-0.0008,14.38,0.0063,63560.0,0.0449,0.0,11000.0,62892.0,0.029900000000000003,0.48140000000000005,0.48200000000000004,0.0,-0.011,0.0,-0.085,10.416
362259513,4,0,0.034,0.031,-0.022,0.027,0.0,-0.042,-0.0029000000000000002,14.38,0.0063,63560.0,0.0432,0.0,16000.0,62760.0,0.027600000000000003,0.4823,0.48400000000000004,0.0,0.01,0.0,-0.37,10.416
362261790,4,0,0.03,-0.015,0.004,0.027,0.0,-0.0461,-0.0041,14.38,0.0064,63696.0,0.0449,0.0,0.0,62760.0,0.0297,0.4823,0.48400000000000004,0.0,0.01,0.0,-0.199,10.416
362266512,4,0,0.019,0.006,0.042,0.027,0.0,-0.0409,-0.0006000000000000001,14.38,0.0064,63696.0,0.0449,0.0,4722.0,62760.0,0.0285,0.4823,0.48400000000000004,0.0,0.01,0.0,-0.616,10.416
362270555,4,0,0.019,-0.014,0.013000000000000001,0.027,0.0,-0.041100000000000005,-0.002,14.38,0.006500000000000001,63696.0,0.0432,0.0,8765.0,62760.0,0.027700000000000002,0.4829,0.48400000000000004,0.0,0.02,0.0,0.10300000000000001,10.401
362274821,4,0,0.033,-0.008,0.002,0.027,0.0,-0.0476,-0.0038,14.38,0.006500000000000001,63696.0,0.048400000000000006,0.0,13031.0,62760.0,0.0309,0.4829,0.48400000000000004,0.0,0.02,0.0,0.181,10.401
362279514,4,0,0.002,0.013000000000000001,0.02,0.027,0.0,-0.0414,0.001,14.38,0.006500000000000001,63828.0,0.046700000000000005,0.0,17724.0,62760.0,0.030000000000000002,0.4833,0.48400000000000004,0.0,0.024,0.0,-0.147,10.401
362281515,4,0,-0.012,-0.034,0.016,0.027,0.0,-0.0396,0.004,14.38,0.006500000000000001,63560.0,0.048400000000000006,0.0,0.0,62632.0,0.0308,0.4833,0.48400000000000004,0.0,0.024,0.0,-0.158,10.401
362285816,4,0,-0.005,0.019,-0.028,0.027,0.0,-0.0437,0.0013000000000000002,14.38,0.0064,63964.0,0.050100000000000006,0.0,4301.0,62760.0,0.0318,0.4833,0.48400000000000004,0.0,0.024,0.0,-0.544,10.401
362290819,4,0,-0.024,0.007,-0.005,0.027,0.0,-0.0425,0.005,14.38,0.006200000000000001,63828.0,0.051800000000000006,0.0,9304.0,62892.0,0.033600000000000005,0.4828,0.48200000000000004,0.0,0.01,0.0,-0.332,10.372
362293518,4,0,-0.016,-0.016,-0.001,0.027,0.0,-0.0395,0.0033,14.38,0.006200000000000001,63560.0,0.046700000000000005,0.0,12003.0,63024.0,0.0303,0.4828,0.48200000000000004,0.0,0.01,0.0,-0.712,10.372
362297824,4,0,-0.032,0.003,-0.029,0.028,0.0,-0.0403,0.0057,14.38,0.0061,63828.0,0.051800000000000006,0.0,16309.0,63024.0,0.0325,0.4822,0.48100000000000004,0.0,-0.005,0.0,-0.47800000000000004,10.372
362302516,4,0,-0.025,-0.004,-0.014,0.028,0.0,-0.0461,0.0009000000000000001,14.41,0.006,63696.0,0.0519,0.0,0.0,62892.0,0.0332,0.4822,0.48100000000000004,0.0,-0.005,0.0,-0.195,10.372
362306517,4,0,-0.005,0.006,0.0,0.028,0.0,-0.042300000000000004,0.0041,14.41,0.0059,63828.0,0.0519,0.0,4001.0,62760.0,0.0328,0.4822,0.48100000000000004,0.0,-0.005,0.0,-0.522,10.372
362310835,4,0,-0.028,-0.014,-0.012,0.028,0.0,-0.0358,0.0047,14.41,0.0059,63292.0,0.045000000000000005,0.0,8319.0,62892.0,0.0286,0.48140000000000005,0.48000000000000004,0.0,-0.019,0.0,0.023,10.436
362313554,4,0,-0.004,-0.02,-0.003,0.028,0.0,-0.037700000000000004,0.0055000000000000005,14.41,0.0059,63964.0,0.0485,0.0,11038.0,62892.0,0.030600000000000002,0.48140000000000005,0.48000000000000004,0.0,-0.019,0.0,-0.132,10.436
362318517,4,0,-0.013000000000000001,0.03,0.016,0.028,0.0,-0.044500000000000005,0.0039000000000000003,14.41,0.0058000000000000005,63828.0,0.0519,0.0,16001.0,62892.0,0.0342,0.4806,0.47900000000000004,0.0,-0.032,0.0,-0.178,10.436
362323517,4,0,-0.017,-0.007,0.008,0.028,0.0,-0.0396,0.0049,14.41,0.0058000000000000005,63828.0,0.0485,0.0,0.0,62892.0,0.0315,0.4806,0.47900000000000004,0.0,-0.032,0.0,0.169,10.436
362325842,4,0,0.002,-0.015,0.005,0.028,0.0,-0.036500000000000005,0.0039000000000000003,14.41,0.0058000000000000005,63828.0,0.043300000000000005,0.0,2325.0,62760.0,0.0285,0.4806,0.47900000000000004,0.0,-0.032,0.0,-0.106,10.436
362330511,4,0,-0.018000000000000002,0.0,0.021,0.028,0.0,-0.0392,0.0049,14.41,0.0059,63696.0,0.0485,0.0,6994.0,62892.0,0.031200000000000002,0.48000000000000004,0.47900000000000004,0.0,-0.037,0.0,0.267,10.417
362333681,4,0,0.0,0.018000000000000002,0.018000000000000002,0.028,0.0,-0.0434,0.004200000000000001,14.41,0.0058000000000000005,63696.0,0.053700000000000005,0.0,10164.0,63156.0,0.0337,0.48000000000000004,0.47900000000000004,0.0,-0.037,0.0,0.065,10.417
362338510,4,0,0.024,0.023,-0.009000000000000001,0.028,0.0,-0.041,0.00030000000000000003,14.41,0.0058000000000000005,63696.0,0.045000000000000005,0.0,14993.0,62892.0,0.0292,0.4797,0.47900000000000004,0.0,-0.037,0.0,-0.1,10.417
362342510,4,0,-0.009000000000000001,-0.026000000000000002,0.007,0.028,0.0,-0.0357,0.0012000000000000001,14.41,0.0058000000000000005,63828.0,0.0415,0.0,0.0,62760.0,0.0261,0.4797,0.47900000000000004,0.0,-0.037,0.0,0.152,10.417
362346839,4,0,0.04,-0.024,-0.005,0.028,0.0,-0.0346,-0.0031000000000000003,14.41,0.006,63828.0,0.0346,0.0,4329.0,62892.0,0.0223,0.47940000000000005,0.47900000000000004,0.0,-0.034,0.0,-0.07100000000000001,10.417
362349511,4,0,0.007,-0.005,-0.016,0.028,0.0,-0.0386,-0.0019,14.41,0.006,63828.0,0.0415,0.0,7001.0,63024.0,0.026000000000000002,0.47940000000000005,0.47900000000000004,0.0,-0.034,0.0,0.244,10.417
362353816,4,0,0.033,0.024,-0.017,0.028,0.0,-0.044700000000000004,-0.0004,14.43,0.006,63696.0,0.0485,0.0,11306.0,62760.0,0.0313,0.47940000000000005,0.47900000000000004,0.0,-0.034,0.0,0.244,10.417
362358510,4,0,0.021,0.022,-0.013000000000000001,0.028,0.0,-0.0398,0.003,14.43,0.006,63828.0,0.0468,0.0,16000.0,62632.0,0.0303,0.4793,0.47900000000000004,0.0,-0.03,0.0,0.114,10.417
362363555,4,0,0.013000000000000001,-0.019,-0.032,0.028,0.0,-0.0342,-0.0016,14.43,0.0061,63828.0,0.0364,0.0,0.0,62892.0,0.023,0.4793,0.47900000000000004,0.0,-0.03,0.0,0.163,10.417
362365830,4,0,0.041,-0.015,-0.017,0.028,0.0,-0.034800000000000005,-0.00030000000000000003,14.43,0.0061,63560.0,0.0381,0.0,2275.0,62892.0,0.0244,0.4793,0.47900000000000004,0.0,-0.03,0.0,-0.022,10.417
362369858,4,0,0.013000000000000001,0.001,-0.008,0.028,0.0,-0.039900000000000005,-0.0001,14.43,0.0061,63828.0,0.043300000000000005,0.0,6303.0,62892.0,0.0281,0.47850000000000004,0.47700000000000004,0.0,-0.04,0.0,0.28700000000000003,10.417
362374812,4,0,-0.02,0.014,-0.01,0.028,0.0,-0.0441,0.0044,14.43,0.006,63696.0,0.053700000000000005,0.0,11257.0,63024.0,0.034300000000000004,0.47850000000000004,0.47700000000000004,0.0,-0.04,0.0,0.23,10.418000000000001
362379553,4,0,-0.029,0.019,0.001,0.029,0.0,-0.0409,0.0079,14.43,0.0057,63828.0,0.0538,0.0,15998.0,63024.0,0.0345,0.4776,0.47600000000000003,0.0,-0.049,0.0,-0.322,10.418000000000001
362381798,4,0,-0.08,-0.015,0.017,0.029,0.0,-0.0371,0.0125,14.43,0.0054,63696.0,0.0555,0.0,0.0,63024.0,0.0351,0.4776,0.47600000000000003,0.0,-0.049,0.0,0.032,10.418000000000001
362386510,4,0,0.01,-0.018000000000000002,0.013000000000000001,0.029,0.0,-0.0347,-0.0001,14.43,0.0053,63696.0,0.0381,0.0,4712.0,62892.0,0.0245,0.4776,0.47600000000000003,0.0,-0.049,0.0,-0.164,10.418000000000001
362391549,4,0,-0.065,-0.03,0.014,0.03,0.0,-0.0359,0.01,14.43,0.005200000000000001,63696.0,0.050300000000000004,0.0,9751.0,62760.0,0.0325,0.47740000000000005,0.47700000000000004,0.0,-0.044,0.0,-0.008,10.418000000000001
362393844,4,0,-0.038,-0.01,0.027,0.03,0.0,-0.0393,0.0063,14.43,0.0051,63964.0,0.050300000000000004,0.0,12046.0,62892.0,0.0323,0.47740000000000005,0.47700000000000004,0.0,-0.044,0.0,0.075,10.405
362398509,4,0,-0.007,0.016,0.025,0.03,0.0,-0.0425,0.006500000000000001,14.43,0.0048000000000000004,63828.0,0.0538,0.0,16711.0,62892.0,0.0347,0.47800000000000004,0.47900000000000004,0.0,-0.024,0.0,-0.187,10.405
362402510,4,0,-0.037,0.001,0.012,0.031,0.0,-0.041,0.0043,14.46,0.0047,63828.0,0.0504,0.0,0.0,63024.0,0.032,0.47800000000000004,0.47900000000000004,0.0,-0.024,0.0,0.062,10.405
362406875,4,0,-0.001,0.009000000000000001,0.019,0.031,0.0,-0.0395,0.0071,14.46,0.0046,63964.0,0.0521,0.0,4365.0,62760.0,0.0329,0.4776,0.47700000000000004,0.0,-0.026000000000000002,0.0,0.147,10.405
362409547,4,0,-0.022,-0.007,0.018000000000000002,0.031,0.0,-0.038700000000000005,0.0055000000000000005,14.46,0.0046,63696.0,0.0504,0.0,7037.0,62892.0,0.0313,0.4776,0.47700000000000004,0.0,-0.026000000000000002,0.0,0.232,10.405
362413821,4,0,-0.009000000000000001,-0.018000000000000002,-0.002,0.031,0.0,-0.0359,0.008,14.46,0.0048000000000000004,63696.0,0.048600000000000004,0.0,11311.0,63024.0,0.031,0.4776,0.47700000000000004,0.0,-0.026000000000000002,0.0,0.301,10.44
362418509,4,0,-0.008,-0.012,-0.01,0.03,0.0,-0.0366,0.0089,14.46,0.0049,63828.0,0.0504,0.0,15999.0,62892.0,0.0322,0.4767,0.47500000000000003,0.0,-0.039,0.0,0.075,10.44
362422515,4,0,-0.024,-0.02,-0.001,0.03,0.0,-0.040100000000000004,0.008700000000000001,14.46,0.005,63964.0,0.055600000000000004,0.0,0.0,62892.0,0.0345,0.4767,0.47500000000000003,0.0,-0.039,0.0,0.19,10.44
362426852,4,0,-0.026000000000000002,0.022,-0.017,0.03,0.0,-0.045200000000000004,0.0059,14.46,0.005,63964.0,0.057300000000000004,0.0,4337.0,62760.0,0.0361,0.47650000000000003,0.47600000000000003,0.0,-0.036000000000000004,0.0,0.36,10.44
362429547,4,0,0.0,0.003,-0.021,0.03,0.0,-0.044700000000000004,0.0037,14.46,0.005,63828.0,0.0521,0.0,7032.0,62760.0,0.0342,0.47650000000000003,0.47600000000000003,0.0,-0.036000000000000004,0.0,0.327,10.44
362434002,4,0,0.0,0.025,-0.003,0.03,0.0,-0.044500000000000005,-0.0018000000000000002,14.46,0.0051,63828.0,0.046900000000000004,0.0,11487.0,62892.0,0.0302,0.47650000000000003,0.47600000000000003,0.0,-0.036000000000000004,0.0,0.263,10.44
362438509,4,0,0.081,0.035,-0.014,0.029,0.0,-0.0422,-0.0011,14.46,0.0053,63424.0,0.045200000000000004,0.0,15994.0,62892.0,0.029,0.4766,0.47700000000000004,0.0,-0.025,0.0,-0.081,10.466000000000001
362442876,4,0,0.034,-0.018000000000000002,-0.02,0.029,0.0,-0.037200000000000004,0.00030000000000000003,14.46,0.0054,63964.0,0.0417,0.0,0.0,62892.0,0.026500000000000003,0.4766,0.47700000000000004,0.0,-0.025,0.0,-0.13,10.466000000000001
362445547,4,0,0.09,0.011,-0.007,0.029,0.0,-0.0381,-0.0016,14.46,0.0055000000000000005,63964.0,0.04,0.0,2671.0,62892.0,0.0258,0.4766,0.47700000000000004,0.0,-0.025,0.0,-0.228,10.466000000000001
362449881,4,0,0.031,-0.016,0.003,0.029,0.0,-0.0405,-0.0001,14.46,0.0056,63696.0,0.045200000000000004,0.0,7005.0,62892.0,0.0286,0.47750000000000004,0.47900000000000004,0.0,-0.004,0.0,-0.217,10.466000000000001
362453883,4,0,0.042,-0.008,-0.005,0.029,0.0,-0.0429,-0.0043,14.46,0.0057,63828.0,0.0417,0.0,11007.0,63024.0,0.0273,0.47750000000000004,0.47900000000000004,0.0,-0.004,0.0,-0.082,10.466000000000001
362458508,4,0,0.064,0.037,0.005,0.028,0.0,-0.0461,-0.0026000000000000003,14.48,0.0058000000000000005,63828.0,0.047,0.0,15632.0,62892.0,0.0308,0.4787,0.48100000000000004,0.0,0.022,0.0,-0.155,10.44
362462509,4,0,0.026000000000000002,0.01,0.007,0.028,0.0,-0.0473,-0.0032,14.48,0.0058000000000000005,63964.0,0.0487,0.0,0.0,62892.0,0.031200000000000002,0.4787,0.48100000000000004,0.0,0.022,0.0,-0.138,10.44
362466917,4,0,-0.004,0.034,-0.004,0.029,0.0,-0.046,0.0018000000000000002,14.48,0.0056,63964.0,0.0522,0.0,4408.0,62892.0,0.033800000000000004,0.47950000000000004,0.48100000000000004,0.0,0.033,0.0,-0.079,10.44
362469557,4,0,0.012,0.005,-0.005,0.029,0.0,-0.0443,0.0007,14.48,0.0055000000000000005,63828.0,0.0487,0.0,7048.0,63024.0,0.0318,0.47950000000000004,0.48100000000000004,0.0,0.033,0.0,-0.073,10.44
362473894,4,0,-0.058,-0.01,0.0,0.03,0.0,-0.0392,0.0068000000000000005,14.48,0.005200000000000001,63696.0,0.0505,0.0,11385.0,63024.0,0.0325,0.47950000000000004,0.48100000000000004,0.0,0.033,0.0,-0.005,10.44
362478507,4,0,0.005,0.015,-0.007,0.03,0.0,-0.0391,0.0017000000000000001,14.48,0.0051,63696.0,0.045200000000000004,0.0,15998.0,62760.0,0.028800000000000003,0.48000000000000004,0.48100000000000004,0.0,0.037,0.0,-0.176,10.372
362482546,4,0,-0.044,-0.046,-0.001,0.03,0.0,-0.0395,0.005200000000000001,14.48,0.0049,63828.0,0.0487,0.0,0.0,63024.0,0.0317,0.48000000000000004,0.48100000000000004,0.0,0.037,0.0,-0.189,10.372
362487550,4,0,-0.033,-0.006,0.001,0.03,0.0,-0.039400000000000004,0.0039000000000000003,14.48,0.0048000000000000004,63696.0,0.047,0.0,5004.0,63024.0,0.030600000000000002,0.48000000000000004,0.48100000000000004,0.0,0.037,0.0,-0.222,10.372
362489868,4,0,-0.05,-0.025,-0.003,0.031,0.0,-0.0407,0.0131,14.48,0.0047,63964.0,0.0592,0.0,7322.0,62892.0,0.0381,0.4807,0.48200000000000004,0.0,0.044,0.0,-0.151,10.372
362493910,4,0,-0.042,-0.054,-0.002,0.031,0.0,-0.0379,0.004,14.48,0.0046,63828.0,0.047,0.0,11364.0,63024.0,0.0296,0.4807,0.48200000000000004,0.0,0.044,0.0,-0.181,10.372
362498507,4,0,-0.008,-0.015,0.008,0.031,0.0,-0.0376,0.007,14.48,0.0046,64240.0,0.0487,0.0,15961.0,62892.0,0.0315,0.48150000000000004,0.48300000000000004,0.0,0.051000000000000004,0.0,-0.068,10.44
362502545,4,0,0.012,-0.061,0.01,0.03,0.0,-0.0376,0.0012000000000000001,14.48,0.0048000000000000004,63828.0,0.043500000000000004,0.0,0.0,62892.0,0.0274,0.48150000000000004,0.48300000000000004,0.0,0.051000000000000004,0.0,-0.082,10.44
362506906,4,0,0.029,-0.046,0.019,0.03,0.0,-0.0391,-0.0015,14.51,0.0051,63696.0,0.041800000000000004,0.0,4361.0,63156.0,0.026500000000000003,0.48200000000000004,0.48300000000000004,0.0,0.051000000000000004,0.0,-0.059000000000000004,10.44
362509546,4,0,0.066,-0.056,0.014,0.029,0.0,-0.037200000000000004,-0.0017000000000000001,14.51,0.0053,63828.0,0.040100000000000004,0.0,7001.0,62892.0,0.0251,0.48200000000000004,0.48300000000000004,0.0,0.051000000000000004,0.0,-0.067,10.44
362513887,4,0,0.005,-0.03,0.013000000000000001,0.029,0.0,-0.0407,0.006500000000000001,14.51,0.0057,63964.0,0.0523,0.0,11342.0,62892.0,0.0334,0.48200000000000004,0.48300000000000004,0.0,0.051000000000000004,0.0,-0.169,10.44
362518548,4,0,0.063,0.016,0.001,0.028,0.0,-0.0366,-0.0023,14.51,0.006,64240.0,0.0383,0.0,16003.0,62892.0,0.024200000000000003,0.48200000000000004,0.48200000000000004,0.0,0.041,0.0,-0.113,10.372
362523512,4,0,0.084,-0.006,0.011,0.028,0.0,-0.0383,-0.0026000000000000003,14.51,0.006200000000000001,63964.0,0.0383,0.0,0.0,63024.0,0.0253,0.48200000000000004,0.48200000000000004,0.0,0.041,0.0,-0.211,10.372
362526017,4,0,0.046,-0.001,-0.006,0.027,0.0,-0.038,-0.0051,14.51,0.006200000000000001,63964.0,0.0366,0.0,2505.0,63024.0,0.0233,0.48200000000000004,0.48200000000000004,0.0,0.041,0.0,-0.139,10.372
362530980,4,0,0.024,0.029,-0.016,0.027,0.0,-0.0376,0.0041,14.51,0.0064,64104.0,0.0471,0.0,7468.0,62760.0,0.029500000000000002,0.4817,0.48100000000000004,0.0,0.025,0.0,-0.16,10.372
362533681,4,0,0.001,-0.014,-0.016,0.027,0.0,-0.0383,0.0002,14.51,0.0063,63828.0,0.041800000000000004,0.0,10169.0,63024.0,0.0273,0.4817,0.48100000000000004,0.0,0.025,0.0,-0.491,10.372
362538507,4,0,-0.021,0.016,-0.027,0.027,0.0,-0.036500000000000005,0.0005,14.51,0.0063,63828.0,0.040100000000000004,0.0,14995.0,63156.0,0.0262,0.4828,0.48500000000000004,0.0,0.043000000000000003,0.0,-0.28400000000000003,10.439
362542545,4,0,-0.005,-0.039,-0.017,0.027,0.0,-0.038900000000000004,0.0019,14.51,0.006200000000000001,64240.0,0.0453,0.0,0.0,62892.0,0.028800000000000003,0.4828,0.48500000000000004,0.0,0.043000000000000003,0.0,-0.308,10.439
362546934,4,0,-0.036000000000000004,-0.069,-0.001,0.028,0.0,-0.0364,-0.0022,14.51,0.0061,63828.0,0.038400000000000004,0.0,4389.0,63024.0,0.024200000000000003,0.4853,0.49000000000000005,0.0,0.085,0.0,-0.084,10.439
362549546,4,0,0.006,-0.061,-0.009000000000000001,0.028,0.0,-0.0339,-0.0018000000000000002,14.51,0.0061,63964.0,0.0366,0.0,7001.0,62892.0,0.0227,0.4853,0.49000000000000005,0.0,0.085,0.0,0.186,10.439
362553952,4,0,-0.07,-0.054,-0.009000000000000001,0.028,0.0,-0.04,0.0053,14.51,0.0061,63696.0,0.0488,0.0,11407.0,63024.0,0.032,0.4853,0.49000000000000005,0.0,0.085,0.0,0.158,10.439
362558508,4,0,-0.047,-0.007,0.015,0.028,0.0,-0.036500000000000005,0.005200000000000001,14.530000000000001,0.006,64104.0,0.0454,0.0,15963.0,63156.0,0.029500000000000002,0.4863,0.48800000000000004,0.0,0.08600000000000001,0.0,-0.14300000000000002,10.437
362563545,4,0,-0.031,-0.008,0.041,0.028,0.0,-0.0367,0.0054,14.530000000000001,0.0059,64104.0,0.0454,0.0,0.0,63024.0,0.0298,0.4863,0.48800000000000004,0.0,0.08600000000000001,0.0,-0.1,10.437
362565546,4,0,-0.023,-0.018000000000000002,0.034,0.028,0.0,-0.0357,0.0047,14.530000000000001,0.0058000000000000005,63696.0,0.0454,0.0,2001.0,63156.0,0.0285,0.4863,0.48800000000000004,0.0,0.08600000000000001,0.0,-0.217,10.437
362569556,4,0,-0.026000000000000002,-0.037,0.026000000000000002,0.028,0.0,-0.0327,0.0053,14.530000000000001,0.0059,63828.0,0.0419,0.0,6011.0,62892.0,0.0269,0.48650000000000004,0.48700000000000004,0.0,0.074,0.0,0.009000000000000001,10.437
362574507,4,0,-0.017,-0.066,0.018000000000000002,0.028,0.0,-0.0354,0.0063,14.530000000000001,0.006,63964.0,0.0472,0.0,10962.0,63024.0,0.029400000000000003,0.48650000000000004,0.48700000000000004,0.0,0.074,0.0,-0.09,10.437
362578545,4,0,-0.019,0.01,0.023,0.028,0.0,-0.0347,0.0082,14.530000000000001,0.0061,63828.0,0.0472,0.0,15000.0,63156.0,0.0303,0.4853,0.48300000000000004,0.0,0.035,0.0,-0.367,10.437
362583550,4,0,0.042,-0.019,0.027,0.027,0.0,-0.0352,0.0015,14.530000000000001,0.0066,63828.0,0.0402,0.0,0.0,63292.0,0.025900000000000003,0.4853,0.48300000000000004,0.0,0.035,0.0,0.092,10.437
362586057,4,0,0.033,0.039,0.001,0.027,0.0,-0.044000000000000004,0.0002,14.530000000000001,0.0067,63964.0,0.0489,0.0,2507.0,63156.0,0.031200000000000002,0.4853,0.48300000000000004,0.0,0.035,0.0,-0.07100000000000001,10.437
362590544,4,0,0.044,0.078,-0.032,0.026000000000000002,0.0,-0.0432,0.0014,14.530000000000001,0.0067,63964.0,0.0489,0.0,6994.0,63156.0,0.0315,0.4834,0.48000000000000004,0.0,-0.009000000000000001,0.0,-0.001,10.437
362594944,4,0,0.092,0.014,-0.001,0.026000000000000002,0.0,-0.036500000000000005,-0.0034000000000000002,14.530000000000001,0.0067,63964.0,0.0367,0.0,11394.0,63156.0,0.0234,0.4834,0.48000000000000004,0.0,-0.009000000000000001,0.0,0.097,10.437
362599545,4,0,0.068,0.013000000000000001,-0.031,0.026000000000000002,0.0,-0.0342,-0.0061,14.530000000000001,0.006900000000000001,64104.0,0.031400000000000004,0.0,15995.0,63024.0,0.0199,0.4829,0.48200000000000004,0.0,-0.018000000000000002,0.0,-0.035,10.388
362601947,4,0,0.082,-0.003,-0.037,0.026000000000000002,0.0,-0.0334,-0.0025,14.530000000000001,0.0071,63828.0,0.0332,0.0,0.0,63156.0,0.0219,0.4829,0.48200000000000004,0.0,-0.018000000000000002,0.0,0.038,10.388
362606068,4,0,0.026000000000000002,-0.031,-0.024,0.025,0.0,-0.0333,0.0001,14.530000000000001,0.0073,63828.0,0.0367,0.0,4121.0,63024.0,0.0236,0.4829,0.48200000000000004,0.0,-0.018000000000000002,0.0,-0.163,10.388
362610544,4,0,0.023,0.045,-0.021,0.025,0.0,-0.0412,0.0018000000000000002,14.56,0.0073,64104.0,0.0472,0.0,8597.0,63292.0,0.0304,0.4833,0.48400000000000004,0.0,-0.007,0.0,0.023,10.388
362614545,4,0,0.061,0.002,-0.044,0.025,0.0,-0.0432,-0.0095,14.56,0.0073,64240.0,0.0385,0.0,12598.0,63156.0,0.0239,0.4833,0.48400000000000004,0.0,-0.007,0.0,0.015,10.388
362618996,4,0,-0.057,0.001,0.005,0.026000000000000002,0.0,-0.0426,0.0056,14.56,0.007,63964.0,0.054200000000000005,0.0,17049.0,63156.0,0.0341,0.4832,0.48300000000000004,0.0,-0.007,0.0,0.109,10.323
362623549,4,0,-0.026000000000000002,0.022,0.012,0.026000000000000002,0.0,-0.037000000000000005,0.0051,14.56,0.0067,63696.0,0.0472,0.0,0.0,63156.0,0.0298,0.4832,0.48300000000000004,0.0,-0.007,0.0,0.076,10.323
362626088,4,0,-0.024,-0.07100000000000001,0.005,0.027,0.0,-0.0313,-0.0029000000000000002,14.56,0.0066,64104.0,0.0315,0.0,2539.0,63156.0,0.0201,0.4832,0.48300000000000004,0.0,-0.007,0.0,0.217,10.323
362631013,4,0,-0.064,0.02,0.019,0.027,0.0,-0.042,0.0063,14.56,0.0063,64104.0,0.054200000000000005,0.0,7464.0,63292.0,0.0342,0.48310000000000003,0.48300000000000004,0.0,-0.007,0.0,0.184,10.323
362633680,4,0,-0.093,-0.018000000000000002,0.05,0.027,0.0,-0.043500000000000004,0.0118,14.56,0.006200000000000001,63828.0,0.063,0.0,10131.0,63292.0,0.0391,0.48310000000000003,0.48300000000000004,0.0,-0.007,0.0,0.497,10.323
362638545,4,0,-0.066,0.006,0.029,0.028,0.0,-0.038900000000000004,0.01,14.56,0.0057,64240.0,0.054200000000000005,0.0,14996.0,63024.0,0.0346,0.48310000000000003,0.48300000000000004,0.0,-0.007,0.0,-0.033,10.367
362643545,4,0,-0.019,0.006,0.016,0.029,0.0,-0.0325,0.0029000000000000002,14.56,0.0057,63696.0,0.0402,0.0,0.0,63156.0,0.025,0.48310000000000003,0.48300000000000004,0.0,-0.007,0.0,-0.17,10.367
362645546,4,0,-0.045,-0.036000000000000004,0.031,0.029,0.0,-0.033100000000000004,0.0086,14.56,0.0056,63964.0,0.0455,0.0,2001.0,63292.0,0.029500000000000002,0.48310000000000003,0.48300000000000004,0.0,-0.007,0.0,-0.117,10.367
362651064,4,0,-0.055,0.038,0.024,0.029,0.0,-0.0443,0.014700000000000001,14.56,0.0054,63964.0,0.06470000000000001,0.0,7519.0,63024.0,0.0417,0.4834,0.48400000000000004,0.0,0.001,0.0,0.07200000000000001,10.367
362653545,4,0,-0.025,-0.016,0.007,0.029,0.0,-0.0417,0.010100000000000001,14.56,0.0054,63828.0,0.0577,0.0,10000.0,63156.0,0.0366,0.4834,0.48400000000000004,0.0,0.001,0.0,0.507,10.367
362658544,4,0,0.009000000000000001,-0.014,-0.002,0.029,0.0,-0.0344,0.0032,14.58,0.0056,63964.0,0.042100000000000005,0.0,14999.0,63156.0,0.026600000000000002,0.48400000000000004,0.48500000000000004,0.0,0.012,0.0,-0.069,10.405
362662544,4,0,0.04,0.046,-0.006,0.028,0.0,-0.0407,0.006200000000000001,14.58,0.0058000000000000005,63696.0,0.0526,0.0,0.0,63156.0,0.0332,0.48400000000000004,0.48500000000000004,0.0,0.012,0.0,-0.213,10.405
362667015,4,0,0.019,0.01,-0.04,0.028,0.0,-0.0429,0.0058000000000000005,14.58,0.0061,63964.0,0.0543,0.0,4471.0,63156.0,0.0344,0.4847,0.48600000000000004,0.0,0.024,0.0,0.191,10.405
362669546,4,0,0.045,0.066,-0.048,0.028,0.0,-0.0431,0.0053,14.58,0.0061,64104.0,0.0526,0.0,7002.0,63292.0,0.034300000000000004,0.4847,0.48600000000000004,0.0,0.024,0.0,-0.091,10.405
362673996,4,0,0.047,0.006,-0.016,0.027,0.0,-0.0408,-0.0014,14.58,0.0063,63964.0,0.0438,0.0,11452.0,63156.0,0.027800000000000002,0.4847,0.48600000000000004,0.0,0.024,0.0,0.327,10.405
362678506,4,0,0.062,0.017,-0.05,0.027,0.0,-0.0426,0.0004,14.58,0.0063,64104.0,0.0473,0.0,15962.0,63156.0,0.030500000000000003,0.48410000000000003,0.48300000000000004,0.0,0.007,0.0,0.191,10.378
362683675,4,0,0.037,0.069,-0.038,0.027,0.0,-0.0495,-0.0002,14.58,0.006200000000000001,64104.0,0.056100000000000004,0.0,0.0,63156.0,0.034800000000000005,0.48410000000000003,0.48300000000000004,0.0,0.007,0.0,0.113,10.378
362686133,4,0,0.059000000000000004,-0.012,-0.008,0.027,0.0,-0.042100000000000005,-0.0044,14.58,0.0063,63964.0,0.042,0.0,2458.0,63024.0,0.0267,0.48410000000000003,0.48300000000000004,0.0,0.007,0.0,0.16,10.378
362691054,4,0,0.029,0.003,-0.017,0.027,0.0,-0.0407,-0.0025,14.58,0.0063,63964.0,0.042,0.0,7379.0,63156.0,0.027,0.48300000000000004,0.48100000000000004,0.0,-0.016,0.0,-0.111,10.378
362693545,4,0,0.011,0.007,-0.018000000000000002,0.027,0.0,-0.0451,-0.0008,14.58,0.0063,63964.0,0.049100000000000005,0.0,9870.0,63424.0,0.0313,0.48300000000000004,0.48100000000000004,0.0,-0.016,0.0,0.251,10.378
362698013,4,0,-0.07100000000000001,0.01,0.021,0.028,0.0,-0.0466,0.0086,14.58,0.0058000000000000005,64104.0,0.0613,0.0,14338.0,63156.0,0.039,0.48200000000000004,0.48000000000000004,0.0,-0.034,0.0,0.065,10.378
362702015,4,0,-0.032,0.021,0.023,0.029,0.0,-0.0427,0.0029000000000000002,14.58,0.0053,64104.0,0.050800000000000005,0.0,0.0,63156.0,0.0322,0.48200000000000004,0.48000000000000004,0.0,-0.034,0.0,0.318,10.382
362706144,4,0,-0.078,-0.018000000000000002,0.018000000000000002,0.03,0.0,-0.042100000000000005,0.0009000000000000001,14.61,0.005,63964.0,0.049100000000000005,0.0,4129.0,63292.0,0.0304,0.48200000000000004,0.48000000000000004,0.0,-0.034,0.0,0.447,10.382
362711105,4,0,-0.074,0.01,0.035,0.031,0.0,-0.0473,0.0056,14.61,0.0045000000000000005,63964.0,0.0597,0.0,9090.0,63024.0,0.0374,0.4813,0.48000000000000004,0.0,-0.041,0.0,-0.151,10.382
362715508,4,0,-0.125,0.015,0.028,0.032,0.0,-0.0408,0.0142,14.61,0.004,63828.0,0.0614,0.0,13493.0,63292.0,0.038900000000000004,0.4813,0.48000000000000004,0.0,-0.041,0.0,-0.17,10.382
362717508,4,0,-0.091,-0.006,0.026000000000000002,0.033,0.0,-0.039900000000000005,0.0128,14.61,0.0038,64104.0,0.0579,0.0,15493.0,63292.0,0.0373,0.4812,0.48100000000000004,0.0,-0.034,0.0,-0.392,10.382
362722065,4,0,-0.046,0.025,0.016,0.033,0.0,-0.0427,0.0009000000000000001,14.61,0.0035,64104.0,0.049100000000000005,0.0,0.0,63024.0,0.0308,0.4812,0.48100000000000004,0.0,-0.034,0.0,-0.23800000000000002,10.345
362726150,4,0,-0.03,0.013000000000000001,0.027,0.033,0.0,-0.0456,0.0077,14.61,0.0034000000000000002,64104.0,0.0597,0.0,4085.0,63156.0,0.037700000000000004,0.4812,0.48100000000000004,0.0,-0.034,0.0,0.129,10.345
362731118,4,0,-0.03,0.002,-0.006,0.033,0.0,-0.0419,0.0112,14.61,0.0034000000000000002,63828.0,0.0597,0.0,9053.0,63156.0,0.0375,0.4818,0.48300000000000004,0.0,-0.015,0.0,-0.108,10.345
362733676,4,0,0.002,0.016,-0.013000000000000001,0.033,0.0,-0.042800000000000005,0.008400000000000001,14.61,0.0035,64104.0,0.0562,0.0,11611.0,63156.0,0.0362,0.4818,0.48300000000000004,0.0,-0.015,0.0,0.298,10.345
362738505,4,0,-0.012,0.026000000000000002,-0.003,0.033,0.0,-0.0465,0.0076,14.61,0.0037,63964.0,0.0614,0.0,16440.0,63156.0,0.038200000000000005,0.48190000000000005,0.48200000000000004,0.0,-0.011,0.0,0.396,10.345
362742543,4,0,-0.001,0.039,-0.03,0.033,0.0,-0.0432,0.015000000000000001,14.61,0.0037,64104.0,0.06670000000000001,0.0,0.0,63424.0,0.0412,0.48190000000000005,0.48200000000000004,0.0,-0.011,0.0,-0.091,10.347
362747086,4,0,-0.001,0.022,-0.025,0.033,0.0,-0.042300000000000004,0.006500000000000001,14.61,0.0037,64104.0,0.054400000000000004,0.0,4543.0,63156.0,0.0345,0.48160000000000003,0.48100000000000004,0.0,-0.015,0.0,-0.438,10.347
362749508,4,0,0.039,0.057,-0.017,0.033,0.0,-0.0456,0.0047,14.61,0.0037,63964.0,0.0562,0.0,6965.0,63156.0,0.035500000000000004,0.48160000000000003,0.48100000000000004,0.0,-0.015,0.0,-1.0190000000000001,10.347
362753544,4,0,0.003,0.039,-0.019,0.033,0.0,-0.0487,0.0034000000000000002,14.63,0.0036000000000000003,63964.0,0.058,0.0,11001.0,63156.0,0.0368,0.48160000000000003,0.48100000000000004,0.0,-0.015,0.0,-0.733,10.347
362757544,4,0,0.031,0.026000000000000002,-0.044,0.033,0.0,-0.0434,0.0066,14.63,0.0034000000000000002,63964.0,0.0563,0.0,15001.0,63156.0,0.0354,0.48210000000000003,0.48300000000000004,0.0,-0.002,0.0,-0.5670000000000001,10.347
362761544,4,0,0.017,0.053,-0.015,0.034,0.0,-0.0473,0.0017000000000000001,14.63,0.0032,63964.0,0.0545,0.0,0.0,63292.0,0.0346,0.48210000000000003,0.48300000000000004,0.0,-0.002,0.0,-0.214,10.371
362766200,4,0,0.02,0.015,0.001,0.034,0.0,-0.0444,-0.0001,14.63,0.0031000000000000003,64104.0,0.0492,0.0,4656.0,63292.0,0.031400000000000004,0.48310000000000003,0.48500000000000004,0.0,0.019,0.0,0.261,10.371
362771111,4,0,0.015,0.018000000000000002,-0.007,0.034,0.0,-0.045000000000000005,0.0027,14.63,0.003,64240.0,0.0545,0.0,9567.0,63292.0,0.0337,0.48310000000000003,0.48500000000000004,0.0,0.019,0.0,0.052000000000000005,10.371
362773543,4,0,0.017,0.027,0.005,0.034,0.0,-0.0468,0.0022,14.63,0.003,64240.0,0.0545,0.0,11999.0,63156.0,0.0347,0.48310000000000003,0.48500000000000004,0.0,0.019,0.0,0.07100000000000001,10.371
362777568,4,0,-0.04,0.018000000000000002,0.023,0.034,0.0,-0.046,0.0091,14.63,0.0028,64240.0,0.061500000000000006,0.0,16024.0,63292.0,0.039,0.4848,0.48800000000000004,0.0,0.05,0.0,-0.178,10.371
362782071,4,0,-0.035,0.007,0.013000000000000001,0.035,0.0,-0.0432,0.0102,14.63,0.0026000000000000003,63964.0,0.059800000000000006,0.0,0.0,63156.0,0.0378,0.4848,0.48800000000000004,0.0,0.05,0.0,-0.525,10.358
362786221,4,0,-0.10300000000000001,0.02,0.014,0.036000000000000004,0.0,-0.0465,0.0177,14.63,0.0022,64240.0,0.0721,0.0,4150.0,63024.0,0.0454,0.48700000000000004,0.49100000000000005,0.0,0.083,0.0,0.038,10.358
362791123,4,0,-0.11,-0.021,0.024,0.037,0.0,-0.0407,0.0126,14.63,0.0017000000000000001,64104.0,0.059800000000000006,0.0,9052.0,63292.0,0.037700000000000004,0.48700000000000004,0.49100000000000005,0.0,0.083,0.0,0.185,10.358
362793544,4,0,-0.11800000000000001,-0.011,0.011,0.037,0.0,-0.040400000000000005,0.017400000000000002,14.63,0.0015,64104.0,0.065,0.0,11473.0,63156.0,0.0408,0.48700000000000004,0.49100000000000005,0.0,0.083,0.0,0.209,10.358
362798081,4,0,-0.08600000000000001,0.011,0.01,0.038,0.0,-0.0476,0.012700000000000001,14.63,0.001,64240.0,0.0668,0.0,16010.0,63156.0,0.0426,0.4884,0.49100000000000005,0.0,0.095,0.0,0.139,10.358
362802086,4,0,-0.051000000000000004,0.017,0.013000000000000001,0.039,0.0,-0.0451,0.015600000000000001,14.66,0.0007,64240.0,0.0687,0.0,0.0,63156.0,0.0429,0.4884,0.49100000000000005,0.0,0.095,0.0,-0.214,10.392
362806220,4,0,-0.055,0.006,-0.003,0.039,0.0,-0.0432,0.0135,14.66,0.0006000000000000001,64104.0,0.0651,0.0,4134.0,63156.0,0.040100000000000004,0.4893,0.49100000000000005,0.0,0.094,0.0,-0.19,10.392
362811138,4,0,-0.03,0.012,-0.008,0.04,0.0,-0.047,0.0164,14.66,0.0004,64104.0,0.0704,0.0,9052.0,63424.0,0.0449,0.4893,0.49100000000000005,0.0,0.094,0.0,0.156,10.392
362813543,4,0,0.032,0.001,0.0,0.039,0.0,-0.0434,0.0085,14.66,0.0005,64104.0,0.058100000000000006,0.0,11457.0,63156.0,0.0367,0.4893,0.49100000000000005,0.0,0.094,0.0,0.05,10.392
362817543,4,0,0.002,0.039,0.007,0.039,0.0,-0.046200000000000005,0.010400000000000001,14.66,0.0007,64240.0,0.0634,0.0,15457.0,63024.0,0.04,0.4888,0.48800000000000004,0.0,0.066,0.0,0.272,10.392
362822101,4,0,0.035,0.043000000000000003,-0.019,0.038,0.0,-0.0458,0.0128,14.65,0.001,63828.0,0.0651,0.0,0.0,63292.0,0.0415,0.4888,0.48800000000000004,0.0,0.066,0.0,-0.393,10.302
362826250,4,0,0.013000000000000001,0.0,-0.015,0.038,0.0,-0.043300000000000005,0.0146,14.65,0.001,64104.0,0.0651,0.0,4149.0,63156.0,0.041,0.4878,0.48600000000000004,0.0,0.033,0.0,-0.28300000000000003,10.302
362831151,4,0,0.062,0.038,0.0,0.038,0.0,-0.049,-0.0027,14.65,0.0012000000000000001,64240.0,0.051000000000000004,0.0,9050.0,63292.0,0.0327,0.4878,0.48600000000000004,0.0,0.033,0.0,-0.242,10.302
362833675,4,0,0.017,0.024,-0.006,0.038,0.0,-0.0492,0.0063,14.65,0.0013000000000000002,64656.0,0.0616,0.0,11574.0,63156.0,0.0392,0.4878,0.48600000000000004,0.0,0.033,0.0,-0.311,10.302
362838542,4,0,-0.002,0.04,-0.029,0.038,0.0,-0.0489,0.0106,14.65,0.0011,63964.0,0.0669,0.0,16441.0,63292.0,0.042,0.4872,0.48600000000000004,0.0,0.013000000000000001,0.0,0.158,10.302
362843114,4,0,0.042,0.038,-0.006,0.038,0.0,-0.047400000000000005,-0.0023,14.65,0.001,64376.0,0.051000000000000004,0.0,0.0,63156.0,0.031900000000000005,0.4872,0.48600000000000004,0.0,0.013000000000000001,0.0,0.16,10.313
362847116,4,0,0.019,0.02,-0.014,0.038,0.0,-0.0453,0.0019,14.68,0.0009000000000000001,64376.0,0.0529,0.0,4002.0,63156.0,0.0334,0.48710000000000003,0.48700000000000004,0.0,0.009000000000000001,0.0,-0.148,10.313
362851165,4,0,-0.055,0.004,-0.017,0.039,0.0,-0.045700000000000005,0.0114,14.68,0.0006000000000000001,64240.0,0.0635,0.0,8051.0,63292.0,0.040400000000000005,0.48710000000000003,0.48700000000000004,0.0,0.009000000000000001,0.0,0.007,10.313
362853543,4,0,0.021,0.007,-0.008,0.039,0.0,-0.0458,0.005,14.68,0.0005,64240.0,0.056400000000000006,0.0,10429.0,63424.0,0.0359,0.48710000000000003,0.48700000000000004,0.0,0.009000000000000001,0.0,-0.241,10.313
362858542,4,0,-0.068,-0.028,0.009000000000000001,0.04,0.0,-0.0427,0.0089,14.68,0.00030000000000000003,64104.0,0.0582,0.0,15428.0,63292.0,0.036500000000000005,0.4853,0.48200000000000004,0.0,-0.028,0.0,0.008,10.313
362862542,4,0,-0.011,0.037,-0.012,0.04,0.0,-0.0487,0.006500000000000001,14.68,0.0002,64240.0,0.061700000000000005,0.0,0.0,63292.0,0.039,0.4853,0.48200000000000004,0.0,-0.028,0.0,-0.10400000000000001,10.34
362867129,4,0,-0.047,-0.014,0.022,0.041,0.0,-0.0424,0.017,14.68,-0.0001,64240.0,0.067,0.0,4587.0,63292.0,0.042,0.4828,0.47800000000000004,0.0,-0.074,0.0,-0.151,10.34
362871180,4,0,-0.048,-0.029,0.026000000000000002,0.041,0.0,-0.042800000000000005,0.0071,14.68,-0.00030000000000000003,64240.0,0.056400000000000006,0.0,8638.0,63560.0,0.035300000000000005,0.4828,0.47800000000000004,0.0,-0.074,0.0,-0.163,10.34
362873301,4,0,-0.032,-0.02,0.011,0.041,0.0,-0.0438,0.0081,14.68,-0.0004,64516.0,0.0582,0.0,10759.0,63156.0,0.0367,0.4828,0.47800000000000004,0.0,-0.074,0.0,-0.128,10.34
362878172,4,0,-0.051000000000000004,-0.04,0.011,0.041,0.0,-0.0415,0.0118,14.68,-0.0004,64376.0,0.060000000000000005,0.0,15630.0,63156.0,0.037700000000000004,0.4818,0.48000000000000004,0.0,-0.079,0.0,0.075,10.34
362882177,4,0,-0.026000000000000002,0.017,0.021,0.041,0.0,-0.0439,0.015300000000000001,14.68,-0.0005,64376.0,0.067,0.0,0.0,63156.0,0.041800000000000004,0.4818,0.48000000000000004,0.0,-0.079,0.0,-0.024,10.32
362886249,4,0,-0.021,-0.02,0.002,0.041,0.0,-0.0425,0.0114,14.68,-0.0005,64240.0,0.060000000000000005,0.0,4072.0,63292.0,0.0381,0.4822,0.48300000000000004,0.0,-0.055,0.0,-0.042,10.32
362891192,4,0,-0.022,-0.024,-0.002,0.041,0.0,-0.0417,0.013600000000000001,14.68,-0.0005,64240.0,0.0635,0.0,9015.0,63424.0,0.0391,0.4822,0.48300000000000004,0.0,-0.055,0.0,-0.011,10.32
362893543,4,0,-0.01,-0.002,0.003,0.041,0.0,-0.0425,0.0119,14.700000000000001,-0.0005,64516.0,0.0618,0.0,11366.0,63424.0,0.0385,0.4822,0.48300000000000004,0.0,-0.055,0.0,-0.10400000000000001,10.32
362898149,4,0,-0.016,-0.044,-0.009000000000000001,0.041,0.0,-0.0393,0.0135,14.700000000000001,-0.0005,64240.0,0.0601,0.0,15972.0,63156.0,0.0373,0.4832,0.48500000000000004,0.0,-0.024,0.0,0.112,10.32
362902154,4,0,-0.01,0.019,-0.028,0.041,0.0,-0.041,0.0071,14.700000000000001,-0.0005,63964.0,0.0548,0.0,0.0,63292.0,0.034,0.4832,0.48500000000000004,0.0,-0.024,0.0,0.155,10.354000000000001
362907158,4,0,0.049,0.003,-0.018000000000000002,0.041,0.0,-0.0407,0.0035,14.700000000000001,-0.0004,64240.0,0.0495,0.0,5004.0,63292.0,0.0313,0.4842,0.48600000000000004,0.0,0.0,0.0,0.108,10.354000000000001
362911206,4,0,-0.002,-0.03,-0.009000000000000001,0.041,0.0,-0.042800000000000005,0.0078000000000000005,14.700000000000001,-0.00030000000000000003,64104.0,0.0565,0.0,9052.0,63156.0,0.0358,0.4842,0.48600000000000004,0.0,0.0,0.0,-0.008,10.354000000000001
362913542,4,0,0.053,-0.002,-0.018000000000000002,0.041,0.0,-0.0431,0.006500000000000001,14.700000000000001,-0.00030000000000000003,64376.0,0.0548,0.0,11388.0,63156.0,0.0351,0.4842,0.48600000000000004,0.0,0.0,0.0,0.029,10.354000000000001
362917542,4,0,0.009000000000000001,-0.03,-0.009000000000000001,0.041,0.0,-0.0412,0.0025,14.700000000000001,-0.0002,64240.0,0.0495,0.0,15388.0,63292.0,0.0309,0.48410000000000003,0.48400000000000004,0.0,-0.001,0.0,-0.029,10.354000000000001
362921543,4,0,0.032,0.019,0.002,0.041,0.0,-0.0417,0.007200000000000001,14.700000000000001,-0.0002,64240.0,0.0565,0.0,0.0,63424.0,0.0346,0.48410000000000003,0.48400000000000004,0.0,-0.001,0.0,0.147,10.354000000000001
362926279,4,0,0.039,-0.005,0.0,0.041,0.0,-0.0413,0.0049,14.700000000000001,-0.0001,64104.0,0.0512,0.0,4736.0,63292.0,0.0327,0.4834,0.48200000000000004,0.0,-0.016,0.0,0.278,10.411
362930541,4,0,0.029,-0.049,0.003,0.041,0.0,-0.040100000000000004,0.001,14.700000000000001,-0.0001,64376.0,0.0477,0.0,8998.0,63292.0,0.0291,0.4834,0.48200000000000004,0.0,-0.016,0.0,0.082,10.411
362935175,4,0,0.019,0.011,0.015,0.04,0.0,-0.041,0.0033,14.700000000000001,0.0,64376.0,0.0495,0.0,13632.0,63292.0,0.0313,0.4834,0.48200000000000004,0.0,-0.016,0.0,-0.11,10.411
362937331,4,0,0.023,-0.041,0.023,0.04,0.0,-0.0424,0.0035,14.700000000000001,0.0,64240.0,0.0512,0.0,15788.0,63156.0,0.0325,0.4822,0.48000000000000004,0.0,-0.036000000000000004,0.0,-0.083,10.411
362942180,4,0,0.006,-0.012,0.01,0.04,0.0,-0.038900000000000004,0.0041,14.73,0.0,64376.0,0.0495,0.0,0.0,63424.0,0.0304,0.4822,0.48000000000000004,0.0,-0.036000000000000004,0.0,0.001,10.411
362946292,4,0,0.018000000000000002,-0.002,0.007,0.04,0.0,-0.040100000000000004,0.0049,14.73,0.0001,64376.0,0.051300000000000005,0.0,4112.0,63292.0,0.0318,0.48210000000000003,0.48200000000000004,0.0,-0.03,0.0,0.158,10.337
362951233,4,0,0.029,-0.04,0.013000000000000001,0.04,0.0,-0.0395,0.002,14.73,0.0001,64376.0,0.046,0.0,9053.0,63424.0,0.029300000000000003,0.48210000000000003,0.48200000000000004,0.0,-0.03,0.0,0.151,10.337
362953541,4,0,0.035,0.008,0.004,0.04,0.0,-0.039400000000000004,0.0018000000000000002,14.73,0.0002,64240.0,0.046,0.0,11361.0,63560.0,0.0291,0.48210000000000003,0.48200000000000004,0.0,-0.03,0.0,0.084,10.337
362958190,4,0,0.024,-0.027,-0.012,0.04,0.0,-0.0393,0.0053,14.73,0.0002,64240.0,0.0495,0.0,16010.0,63424.0,0.0315,0.4824,0.48300000000000004,0.0,-0.018000000000000002,0.0,0.126,10.337
362962193,4,0,-0.011,-0.013000000000000001,-0.005,0.04,0.0,-0.0395,0.007200000000000001,14.73,0.0001,64240.0,0.0531,0.0,0.0,63424.0,0.033,0.4824,0.48300000000000004,0.0,-0.018000000000000002,0.0,-0.069,10.337
362966267,4,0,0.022,0.021,0.005,0.04,0.0,-0.0403,0.006500000000000001,14.73,0.0,64376.0,0.0531,0.0,4074.0,63424.0,0.033100000000000004,0.48300000000000004,0.48400000000000004,0.0,-0.003,0.0,0.14100000000000001,10.338000000000001
362971248,4,0,0.008,-0.032,-0.023,0.04,0.0,-0.0363,0.0066,14.73,0.0,64376.0,0.0478,0.0,9055.0,63560.0,0.0303,0.48300000000000004,0.48400000000000004,0.0,-0.003,0.0,0.28500000000000003,10.338000000000001
362973541,4,0,0.012,0.014,-0.026000000000000002,0.04,0.0,-0.037000000000000005,0.0073,14.73,0.0,64376.0,0.051300000000000005,0.0,11348.0,63424.0,0.0313,0.48300000000000004,0.48400000000000004,0.0,-0.003,0.0,-0.015,10.338000000000001
362977545,4,0,0.016,-0.036000000000000004,0.003,0.04,0.0,-0.0391,0.0048000000000000004,14.73,0.0,64240.0,0.0495,0.0,15352.0,63424.0,0.031,0.4837,0.48500000000000004,0.0,0.011,0.0,0.106,10.338000000000001
362982242,4,0,0.008,-0.05,0.0,0.04,0.0,-0.036000000000000004,0.0039000000000000003,14.73,0.0002,64376.0,0.046,0.0,0.0,63292.0,0.028200000000000003,0.4837,0.48500000000000004,0.0,0.011,0.0,-0.04,10.338000000000001
362986317,4,0,0.007,0.016,-0.01,0.04,0.0,-0.0396,0.008700000000000001,14.73,0.0002,64240.0,0.0548,0.0,4075.0,63156.0,0.0341,0.48310000000000003,0.48200000000000004,0.0,-0.003,0.0,0.05,10.379
362990550,4,0,0.001,-0.048,0.024,0.04,0.0,-0.0381,0.0067,14.75,0.00030000000000000003,64376.0,0.049600000000000005,0.0,8308.0,63560.0,0.0317,0.48310000000000003,0.48200000000000004,0.0,-0.003,0.0,0.292,10.379
362995218,4,0,0.025,-0.042,0.02,0.039,0.0,-0.0379,0.0023,14.75,0.0004,64376.0,0.0443,0.0,12976.0,63424.0,0.0284,0.48310000000000003,0.48200000000000004,0.0,-0.003,0.0,-0.149,10.379
362997542,4,0,0.027,-0.029,0.011,0.039,0.0,-0.038700000000000005,0.002,14.75,0.0005,64376.0,0.0461,0.0,15300.0,63292.0,0.0287,0.4817,0.47900000000000004,0.0,-0.031,0.0,0.023,10.379
363002213,4,0,0.01,-0.064,0.016,0.039,0.0,-0.0357,0.0057,14.75,0.0006000000000000001,64516.0,0.047900000000000005,0.0,0.0,63424.0,0.0292,0.4817,0.47900000000000004,0.0,-0.031,0.0,0.053,10.379
363006330,4,0,0.02,0.008,0.01,0.039,0.0,-0.0371,0.0032,14.75,0.0008,64376.0,0.0461,0.0,4117.0,63560.0,0.0285,0.48040000000000005,0.47800000000000004,0.0,-0.05,0.0,-0.215,10.307
363010568,4,0,0.032,-0.05,0.001,0.038,0.0,-0.0375,0.0018000000000000002,14.75,0.001,64376.0,0.0443,0.0,8355.0,63424.0,0.027800000000000002,0.48040000000000005,0.47800000000000004,0.0,-0.05,0.0,-0.114,10.307
363015266,4,0,0.033,-0.039,0.016,0.038,0.0,-0.0368,0.0,14.75,0.0012000000000000001,64516.0,0.0408,0.0,13053.0,63424.0,0.026000000000000002,0.48040000000000005,0.47800000000000004,0.0,-0.05,0.0,0.055,10.307
363019545,4,0,0.053,0.014,-0.005,0.037,0.0,-0.038700000000000005,-0.0029000000000000002,14.75,0.0014,64516.0,0.0408,0.0,17332.0,63696.0,0.0253,0.4792,0.47700000000000004,0.0,-0.064,0.0,-0.019,10.307
363021545,4,0,0.027,-0.027,-0.014,0.037,0.0,-0.0368,-0.0006000000000000001,14.75,0.0015,64516.0,0.0408,0.0,0.0,63424.0,0.0256,0.4792,0.47700000000000004,0.0,-0.064,0.0,-0.061,10.307
363026308,4,0,0.056,0.001,-0.031,0.037,0.0,-0.0358,-0.002,14.75,0.0017000000000000001,64376.0,0.039,0.0,4763.0,63696.0,0.0239,0.4781,0.47600000000000003,0.0,-0.074,0.0,-0.14400000000000002,10.35
363030529,4,0,0.042,-0.032,-0.013000000000000001,0.036000000000000004,0.0,-0.0366,-0.0006000000000000001,14.75,0.002,64516.0,0.0408,0.0,8984.0,63424.0,0.025500000000000002,0.4781,0.47600000000000003,0.0,-0.074,0.0,0.34700000000000003,10.35
363034680,4,0,0.033,-0.009000000000000001,-0.016,0.036000000000000004,0.0,-0.0368,0.0004,14.75,0.002,64516.0,0.0408,0.0,13135.0,63424.0,0.0263,0.4781,0.47600000000000003,0.0,-0.074,0.0,-0.337,10.35
363037282,4,0,0.034,-0.017,-0.02,0.036000000000000004,0.0,-0.038,-0.0005,14.77,0.0022,64240.0,0.0426,0.0,15737.0,63292.0,0.026500000000000003,0.4767,0.47400000000000003,0.0,-0.08700000000000001,0.0,-0.389,10.35
363041328,4,0,0.046,-0.04,0.0,0.036000000000000004,0.0,-0.036500000000000005,-0.0027,14.77,0.0023,64376.0,0.0373,0.0,0.0,63156.0,0.0239,0.4767,0.47400000000000003,0.0,-0.08700000000000001,0.0,-0.508,10.35
363045507,4,0,0.033,0.005,-0.008,0.035,0.0,-0.0373,-0.0023,14.77,0.0024000000000000002,64240.0,0.0408,0.0,4179.0,63424.0,0.0247,0.4767,0.47400000000000003,0.0,-0.08700000000000001,0.0,-0.249,10.358
363049542,4,0,0.033,-0.047,-0.009000000000000001,0.035,0.0,-0.037000000000000005,-0.0009000000000000001,14.77,0.0026000000000000003,64792.0,0.0408,0.0,8214.0,63424.0,0.0256,0.47750000000000004,0.47900000000000004,0.0,-0.053,0.0,0.10200000000000001,10.358
363054260,4,0,0.027,-0.035,0.019,0.035,0.0,-0.0373,-0.0016,14.77,0.0026000000000000003,64376.0,0.0408,0.0,12932.0,63560.0,0.0252,0.47750000000000004,0.47900000000000004,0.0,-0.053,0.0,-0.117,10.358
363058541,4,0,0.023,0.008,0.015,0.035,0.0,-0.0375,0.0,14.77,0.0027,64376.0,0.0426,0.0,17213.0,63560.0,0.026500000000000003,0.47940000000000005,0.48300000000000004,0.0,-0.004,0.0,0.056,10.358
363063262,4,0,0.0,-0.037,0.002,0.035,0.0,-0.0349,0.005,14.77,0.0027,64516.0,0.0444,0.0,0.0,63560.0,0.028200000000000003,0.47940000000000005,0.48300000000000004,0.0,-0.004,0.0,0.19,10.358
363065550,4,0,0.004,-0.017,0.004,0.035,0.0,-0.0349,0.0037,14.77,0.0027,64376.0,0.0426,0.0,2288.0,63696.0,0.027200000000000002,0.47940000000000005,0.48300000000000004,0.0,-0.004,0.0,0.004,10.391
363070267,4,0,-0.014,-0.02,0.017,0.035,0.0,-0.037000000000000005,0.0048000000000000004,14.77,0.0025,64516.0,0.047900000000000005,0.0,7005.0,63424.0,0.0296,0.48100000000000004,0.48400000000000004,0.0,0.029,0.0,-0.07,10.391
363074273,4,0,-0.031,-0.045,-0.008,0.035,0.0,-0.0358,0.0036000000000000003,14.77,0.0025,64376.0,0.0444,0.0,11011.0,63560.0,0.0279,0.48100000000000004,0.48400000000000004,0.0,0.029,0.0,-0.243,10.391
363078543,4,0,-0.036000000000000004,-0.006,-0.007,0.035,0.0,-0.036500000000000005,0.0081,14.77,0.0024000000000000002,64656.0,0.0497,0.0,15281.0,63292.0,0.0316,0.4824,0.48500000000000004,0.0,0.051000000000000004,0.0,-0.10200000000000001,10.391
363081315,4,0,-0.031,-0.047,0.02,0.035,0.0,-0.0358,0.0049,14.77,0.0024000000000000002,64516.0,0.046200000000000005,0.0,0.0,63424.0,0.028800000000000003,0.4824,0.48500000000000004,0.0,0.051000000000000004,0.0,0.156,10.391
363086346,4,0,-0.002,-0.033,-0.007,0.036000000000000004,0.0,-0.035300000000000005,0.0022,14.77,0.0024000000000000002,64656.0,0.0408,0.0,5031.0,63424.0,0.026500000000000003,0.4833,0.48500000000000004,0.0,0.059000000000000004,0.0,-0.055,10.328
363090566,4,0,0.001,-0.006,-0.019,0.035,0.0,-0.0359,0.0029000000000000002,14.8,0.0025,64516.0,0.044500000000000005,0.0,9251.0,63560.0,0.0274,0.4833,0.48500000000000004,0.0,0.059000000000000004,0.0,0.112,10.328
363093286,4,0,0.007,-0.023,0.002,0.035,0.0,-0.0378,0.0039000000000000003,14.8,0.0025,64240.0,0.046200000000000005,0.0,11971.0,63696.0,0.029500000000000002,0.4833,0.48500000000000004,0.0,0.059000000000000004,0.0,-0.34700000000000003,10.328
363097550,4,0,0.016,-0.013000000000000001,0.006,0.035,0.0,-0.036000000000000004,0.0036000000000000003,14.8,0.0026000000000000003,64656.0,0.044500000000000005,0.0,16235.0,63560.0,0.028,0.4839,0.48500000000000004,0.0,0.059000000000000004,0.0,-0.146,10.328
363102286,4,0,0.033,-0.015,-0.005,0.034,0.0,-0.036500000000000005,0.0021000000000000003,14.8,0.003,64516.0,0.0427,0.0,0.0,63424.0,0.0273,0.4839,0.48500000000000004,0.0,0.059000000000000004,0.0,0.24,10.328
363106361,4,0,0.029,-0.013000000000000001,0.008,0.034,0.0,-0.037200000000000004,0.0011,14.8,0.0031000000000000003,64516.0,0.044500000000000005,0.0,4075.0,63560.0,0.027100000000000003,0.4839,0.48400000000000004,0.0,0.048,0.0,-0.08600000000000001,10.429
363110566,4,0,0.045,-0.001,0.005,0.033,0.0,-0.0347,0.002,14.8,0.0033,64516.0,0.0409,0.0,8280.0,63424.0,0.026000000000000002,0.4839,0.48400000000000004,0.0,0.048,0.0,0.165,10.429
363113293,4,0,0.067,-0.013000000000000001,0.0,0.033,0.0,-0.037000000000000005,-0.004200000000000001,14.8,0.0035,64656.0,0.0373,0.0,11007.0,63560.0,0.023200000000000002,0.4839,0.48400000000000004,0.0,0.048,0.0,0.116,10.429
363117295,4,0,0.057,0.0,-0.005,0.033,0.0,-0.0359,-0.0017000000000000001,14.8,0.0037,64656.0,0.0391,0.0,15009.0,63560.0,0.024200000000000003,0.48360000000000003,0.48300000000000004,0.0,0.032,0.0,-0.224,10.429
363121346,4,0,0.031,-0.001,0.009000000000000001,0.032,0.0,-0.0396,0.0004,14.8,0.0039000000000000003,64516.0,0.044500000000000005,0.0,0.0,63424.0,0.028300000000000002,0.48360000000000003,0.48300000000000004,0.0,0.032,0.0,-0.063,10.429
363125542,4,0,0.051000000000000004,0.015,-0.009000000000000001,0.032,0.0,-0.0395,0.0006000000000000001,14.8,0.0038,64516.0,0.044500000000000005,0.0,4196.0,63424.0,0.0284,0.48360000000000003,0.48300000000000004,0.0,0.032,0.0,-0.41000000000000003,10.348
363130428,4,0,0.063,0.004,-0.017,0.032,0.0,-0.0362,-0.006200000000000001,14.8,0.0039000000000000003,64516.0,0.033800000000000004,0.0,9082.0,63424.0,0.0213,0.4844,0.48600000000000004,0.0,0.042,0.0,-0.193,10.348
363134502,4,0,0.021,-0.009000000000000001,-0.01,0.032,0.0,-0.0386,0.0001,14.8,0.0039000000000000003,64516.0,0.044500000000000005,0.0,13156.0,63696.0,0.0274,0.4844,0.48600000000000004,0.0,0.042,0.0,0.07200000000000001,10.348
363139307,4,0,-0.068,-0.01,-0.024,0.033,0.0,-0.037000000000000005,0.012700000000000001,14.82,0.0036000000000000003,64516.0,0.057,0.0,17961.0,63424.0,0.0351,0.48600000000000004,0.48900000000000005,0.0,0.066,0.0,-0.322,10.348
363141356,4,0,-0.074,-0.019,-0.021,0.033,0.0,-0.037200000000000004,0.0132,14.82,0.0034000000000000002,64376.0,0.057,0.0,0.0,63560.0,0.0356,0.48600000000000004,0.48900000000000005,0.0,0.066,0.0,0.09,10.348
363145543,4,0,-0.015,-0.007,-0.004,0.034,0.0,-0.0381,0.0001,14.83,0.0031000000000000003,64792.0,0.042800000000000005,0.0,4187.0,63424.0,0.027,0.48600000000000004,0.48900000000000005,0.0,0.066,0.0,-0.277,10.394
363150316,4,0,-0.076,0.004,-0.008,0.034,0.0,-0.039400000000000004,0.0132,14.83,0.0028,64240.0,0.058800000000000005,0.0,8960.0,63560.0,0.037200000000000004,0.4867,0.48800000000000004,0.0,0.066,0.0,-0.325,10.394
363154319,4,0,-0.097,-0.011,0.002,0.035,0.0,-0.0391,0.009600000000000001,14.83,0.0025,64656.0,0.055200000000000006,0.0,12963.0,63560.0,0.0344,0.4867,0.48800000000000004,0.0,0.066,0.0,0.036000000000000004,10.394
363158541,4,0,-0.036000000000000004,-0.016,0.018000000000000002,0.036000000000000004,0.0,-0.0364,0.007200000000000001,14.83,0.0022,64376.0,0.0499,0.0,17185.0,63696.0,0.0308,0.4868,0.48700000000000004,0.0,0.055,0.0,-0.198,10.394
363162542,4,0,-0.037,-0.013000000000000001,0.029,0.036000000000000004,0.0,-0.037000000000000005,0.0024000000000000002,14.83,0.0021000000000000003,64516.0,0.044500000000000005,0.0,0.0,63424.0,0.0279,0.4868,0.48700000000000004,0.0,0.055,0.0,0.159,10.394
363167330,4,0,-0.028,-0.013000000000000001,0.024,0.036000000000000004,0.0,-0.0395,0.0095,14.82,0.0021000000000000003,64792.0,0.055200000000000006,0.0,4788.0,63560.0,0.0346,0.4883,0.49100000000000005,0.0,0.073,0.0,0.249,10.306000000000001
363169343,4,0,-0.013000000000000001,0.001,0.022,0.036000000000000004,0.0,-0.0392,0.007200000000000001,14.82,0.0022,64516.0,0.0534,0.0,6801.0,63560.0,0.0328,0.4883,0.49100000000000005,0.0,0.073,0.0,-0.075,10.306000000000001
363173542,4,0,-0.001,0.008,0.035,0.036000000000000004,0.0,-0.0409,0.008,14.82,0.0023,64516.0,0.055200000000000006,0.0,11000.0,63424.0,0.0346,0.4883,0.49100000000000005,0.0,0.073,0.0,0.17300000000000001,10.306000000000001
363178542,4,0,-0.007,0.028,0.02,0.035,0.0,-0.0409,0.008700000000000001,14.82,0.0025,64656.0,0.057,0.0,16000.0,63696.0,0.0351,0.49060000000000004,0.49500000000000005,0.0,0.105,0.0,-0.362,10.306000000000001
363181382,4,0,-0.021,0.012,0.006,0.035,0.0,-0.041,0.013800000000000002,14.82,0.0025,64656.0,0.0623,0.0,0.0,63696.0,0.038700000000000005,0.49060000000000004,0.49500000000000005,0.0,0.105,0.0,-0.17500000000000002,10.306000000000001
363186411,4,0,-0.006,0.019,-0.001,0.035,0.0,-0.0409,0.004,14.82,0.0025,64656.0,0.0517,0.0,5029.0,63560.0,0.0317,0.49110000000000004,0.49200000000000005,0.0,0.094,0.0,-0.006,10.345
363190567,4,0,0.041,0.03,-0.019,0.035,0.0,-0.041,0.0046,14.85,0.0025,64376.0,0.0517,0.0,9185.0,63696.0,0.0323,0.49110000000000004,0.49200000000000005,0.0,0.094,0.0,-0.16,10.345
363193550,4,0,0.024,0.034,-0.021,0.035,0.0,-0.042300000000000004,0.002,14.85,0.0025,64516.0,0.05,0.0,12168.0,63560.0,0.0313,0.49110000000000004,0.49200000000000005,0.0,0.094,0.0,0.301,10.345
363198542,4,0,0.033,0.045,-0.035,0.035,0.0,-0.0441,0.0034000000000000002,14.85,0.0024000000000000002,64792.0,0.053500000000000006,0.0,17160.0,63964.0,0.033600000000000005,0.49000000000000005,0.48800000000000004,0.0,0.053,0.0,0.367,10.345
363203351,4,0,0.053,0.033,-0.033,0.036000000000000004,0.0,-0.0434,-0.0014,14.85,0.0023,64656.0,0.0482,0.0,0.0,63424.0,0.0297,0.49000000000000005,0.48800000000000004,0.0,0.053,0.0,0.036000000000000004,10.345
363205353,4,0,0.036000000000000004,0.023,-0.033,0.036000000000000004,0.0,-0.042300000000000004,-0.00030000000000000003,14.85,0.0023,64516.0,0.0482,0.0,2002.0,63560.0,0.0297,0.49000000000000005,0.48800000000000004,0.0,0.053,0.0,0.221,10.345
363209356,4,0,0.026000000000000002,0.04,-0.027,0.036000000000000004,0.0,-0.0453,0.0022,14.85,0.0022,64516.0,0.053500000000000006,0.0,6005.0,63424.0,0.033600000000000005,0.4879,0.48400000000000004,0.0,0.001,0.0,-0.18,10.274000000000001
363213502,4,0,0.01,0.008,-0.014,0.036000000000000004,0.0,-0.044000000000000004,0.0018000000000000002,14.85,0.0021000000000000003,64656.0,0.0517,0.0,10151.0,63560.0,0.0324,0.4879,0.48400000000000004,0.0,0.001,0.0,0.225,10.274000000000001
363217543,4,0,0.033,0.037,-0.008,0.036000000000000004,0.0,-0.044500000000000005,0.001,14.85,0.0021000000000000003,64656.0,0.0517,0.0,14192.0,63560.0,0.0322,0.48510000000000003,0.48000000000000004,0.0,-0.055,0.0,0.022,10.274000000000001
363221543,4,0,-0.003,0.014,-0.001,0.036000000000000004,0.0,-0.044700000000000004,0.0048000000000000004,14.85,0.0021000000000000003,64656.0,0.0553,0.0,0.0,63560.0,0.035,0.48510000000000003,0.48000000000000004,0.0,-0.055,0.0,0.193,10.274000000000001
363226562,4,0,-0.048,-0.008,0.021,0.036000000000000004,0.0,-0.043000000000000003,0.011300000000000001,14.85,0.0019,64656.0,0.060700000000000004,0.0,5019.0,63696.0,0.038400000000000004,0.4837,0.48100000000000004,0.0,-0.073,0.0,0.20800000000000002,10.274000000000001
363229369,4,0,-0.05,0.017,0.022,0.037,0.0,-0.0417,0.0126,14.85,0.0016,64656.0,0.062400000000000004,0.0,7826.0,63424.0,0.038400000000000004,0.4837,0.48100000000000004,0.0,-0.073,0.0,-0.134,10.306000000000001
363233676,4,0,-0.095,-0.021,0.022,0.038,0.0,-0.0424,0.0164,14.85,0.0012000000000000001,64516.0,0.066,0.0,12133.0,63424.0,0.041600000000000005,0.4837,0.48100000000000004,0.0,-0.073,0.0,0.096,10.306000000000001
363238542,4,0,-0.089,0.003,0.023,0.039,0.0,-0.042300000000000004,0.0099,14.870000000000001,0.0008,64656.0,0.059000000000000004,0.0,16999.0,63560.0,0.037000000000000005,0.4828,0.48100000000000004,0.0,-0.077,0.0,0.1,10.306000000000001
363241429,4,0,-0.088,-0.017,0.024,0.039,0.0,-0.041600000000000005,0.018500000000000003,14.870000000000001,0.0006000000000000001,64936.0,0.0697,0.0,0.0,63292.0,0.0425,0.4828,0.48100000000000004,0.0,-0.077,0.0,0.176,10.306000000000001
363245542,4,0,-0.093,-0.01,0.007,0.04,0.0,-0.0413,0.0148,14.870000000000001,0.00030000000000000003,64240.0,0.0625,0.0,4113.0,63696.0,0.0396,0.4828,0.48100000000000004,0.0,-0.077,0.0,0.04,10.306000000000001
363250382,4,0,-0.05,0.006,0.012,0.04,0.0,-0.0409,0.015000000000000001,14.870000000000001,0.0,64936.0,0.06430000000000001,0.0,8953.0,63560.0,0.0395,0.48210000000000003,0.48100000000000004,0.0,-0.074,0.0,-0.133,10.335
363254541,4,0,-0.055,-0.003,0.015,0.041,0.0,-0.0426,0.014100000000000001,14.870000000000001,-0.0001,64656.0,0.06430000000000001,0.0,13112.0,63696.0,0.040100000000000004,0.48210000000000003,0.48100000000000004,0.0,-0.074,0.0,0.027,10.335
363259428,4,0,-0.012,-0.028,-0.017,0.041,0.0,-0.040400000000000005,0.0119,14.870000000000001,-0.0002,64656.0,0.0608,0.0,17999.0,63560.0,0.037000000000000005,0.48140000000000005,0.48000000000000004,0.0,-0.074,0.0,0.145,10.335
363261475,4,0,0.021,0.006,-0.021,0.041,0.0,-0.0415,0.0085,14.870000000000001,-0.0001,64656.0,0.055400000000000005,0.0,0.0,63424.0,0.0354,0.48140000000000005,0.48000000000000004,0.0,-0.074,0.0,-0.10200000000000001,10.335
363266504,4,0,0.02,-0.008,-0.004,0.04,0.0,-0.0446,0.0126,14.870000000000001,0.0,64656.0,0.06430000000000001,0.0,5029.0,63696.0,0.040400000000000005,0.4806,0.47900000000000004,0.0,-0.076,0.0,0.037,10.335
363270567,4,0,-0.001,0.033,-0.016,0.04,0.0,-0.043000000000000003,0.009000000000000001,14.870000000000001,0.0002,64516.0,0.059000000000000004,0.0,9092.0,63696.0,0.0368,0.4806,0.47900000000000004,0.0,-0.076,0.0,-0.016,10.244
363273398,4,0,0.001,0.002,-0.023,0.04,0.0,-0.044500000000000005,0.0159,14.870000000000001,0.0002,64792.0,0.0679,0.0,11923.0,63560.0,0.0427,0.4806,0.47900000000000004,0.0,-0.076,0.0,-0.01,10.244
363277439,4,0,0.016,0.032,-0.022,0.04,0.0,-0.044500000000000005,0.006200000000000001,14.870000000000001,0.0002,64656.0,0.0572,0.0,15964.0,63560.0,0.0358,0.4797,0.47800000000000004,0.0,-0.079,0.0,0.024,10.244
363282443,4,0,0.054,0.056,-0.007,0.04,0.0,-0.0442,0.0048000000000000004,14.9,0.0002,64516.0,0.0555,0.0,0.0,63696.0,0.0347,0.4797,0.47800000000000004,0.0,-0.079,0.0,0.191,10.244
363286519,4,0,0.022,0.017,-0.014,0.04,0.0,-0.0482,0.0022,14.9,0.0002,64792.0,0.057300000000000004,0.0,4076.0,63560.0,0.0357,0.4791,0.47800000000000004,0.0,-0.075,0.0,0.097,10.244
363290568,4,0,0.036000000000000004,0.036000000000000004,-0.014,0.04,0.0,-0.045200000000000004,0.0023,14.9,0.0,64656.0,0.053700000000000005,0.0,8125.0,63560.0,0.033600000000000005,0.4791,0.47800000000000004,0.0,-0.075,0.0,0.019,10.244
363293411,4,0,0.077,0.016,-0.008,0.04,0.0,-0.0458,-0.0045000000000000005,14.9,0.0,64792.0,0.0465,0.0,10968.0,63828.0,0.0292,0.4791,0.47800000000000004,0.0,-0.075,0.0,-0.026000000000000002,10.352
363297452,4,0,0.006,0.001,0.0,0.041,0.0,-0.044000000000000004,0.0043,14.9,-0.0001,64656.0,0.0555,0.0,15009.0,63424.0,0.0342,0.47940000000000005,0.48000000000000004,0.0,-0.053,0.0,0.018000000000000002,10.352
363301544,4,0,0.003,0.053,0.011,0.041,0.0,-0.0465,0.0085,14.9,-0.0001,64656.0,0.0626,0.0,0.0,63560.0,0.038900000000000004,0.47940000000000005,0.48000000000000004,0.0,-0.053,0.0,-0.035,10.352
363306495,4,0,-0.023,-0.022,0.003,0.041,0.0,-0.0432,0.0145,14.9,-0.0004,64792.0,0.06620000000000001,0.0,4951.0,63560.0,0.0408,0.48000000000000004,0.48100000000000004,0.0,-0.031,0.0,0.02,10.352
363310566,4,0,-0.08600000000000001,0.001,0.014,0.042,0.0,-0.0453,0.0108,14.9,-0.0008,64936.0,0.0644,0.0,9022.0,63828.0,0.0397,0.48000000000000004,0.48100000000000004,0.0,-0.031,0.0,-0.20700000000000002,10.352
363313423,4,0,-0.048,0.011,0.016,0.042,0.0,-0.046700000000000005,0.014400000000000001,14.9,-0.001,64516.0,0.0698,0.0,11879.0,63560.0,0.0432,0.48000000000000004,0.48100000000000004,0.0,-0.031,0.0,-0.105,10.39
363317466,4,0,-0.096,-0.04,0.01,0.043000000000000003,0.0,-0.0408,0.0123,14.9,-0.0013000000000000002,64936.0,0.0609,0.0,15922.0,63696.0,0.0375,0.4803,0.48100000000000004,0.0,-0.018000000000000002,0.0,-0.165,10.39
363321551,4,0,-0.068,0.01,0.013000000000000001,0.044,0.0,-0.0413,0.0158,14.9,-0.0015,64936.0,0.0644,0.0,0.0,63560.0,0.040400000000000005,0.4803,0.48100000000000004,0.0,-0.018000000000000002,0.0,-0.145,10.39
363326547,4,0,-0.046,-0.02,0.015,0.045,0.0,-0.0409,0.0128,14.9,-0.0021000000000000003,64656.0,0.0609,0.0,4996.0,63696.0,0.038,0.4806,0.48100000000000004,0.0,-0.01,0.0,0.012,10.39
363329473,4,0,-0.01,-0.005,0.002,0.045,0.0,-0.0379,0.0079,14.9,-0.0022,64516.0,0.0519,0.0,7922.0,63560.0,0.0324,0.4806,0.48100000000000004,0.0,-0.01,0.0,-0.085,10.39
363333714,4,0,0.0,0.011,0.001,0.045,0.0,-0.042100000000000005,0.0114,14.92,-0.0021000000000000003,64792.0,0.061000000000000006,0.0,12163.0,63696.0,0.0379,0.4806,0.48100000000000004,0.0,-0.01,0.0,-0.033,10.312
363339482,4,0,0.066,0.006,0.003,0.044,0.0,-0.0413,0.0066,14.92,-0.0016,64656.0,0.0538,0.0,17931.0,63560.0,0.033800000000000004,0.48000000000000004,0.47900000000000004,0.0,-0.019,0.0,-0.085,10.312
363341532,4,0,0.058,0.053,0.007,0.044,0.0,-0.0442,0.006200000000000001,14.92,-0.0016,64656.0,0.0574,0.0,0.0,63424.0,0.0357,0.48000000000000004,0.47900000000000004,0.0,-0.019,0.0,-0.281,10.312
363346559,4,0,0.051000000000000004,0.016,-0.019,0.043000000000000003,0.0,-0.040600000000000004,0.012700000000000001,14.92,-0.0012000000000000001,64656.0,0.061000000000000006,0.0,5027.0,63696.0,0.037700000000000004,0.4786,0.47600000000000003,0.0,-0.043000000000000003,0.0,0.02,10.312
363349489,4,0,0.004,0.027,-0.006,0.043000000000000003,0.0,-0.0436,0.0143,14.92,-0.0012000000000000001,64656.0,0.0663,0.0,7957.0,63964.0,0.0409,0.4786,0.47600000000000003,0.0,-0.043000000000000003,0.0,-0.19,10.312
363353588,4,0,0.076,-0.015,-0.004,0.043000000000000003,0.0,-0.040600000000000004,0.007,14.92,-0.0011,64656.0,0.0538,0.0,12056.0,63696.0,0.0337,0.4786,0.47600000000000003,0.0,-0.043000000000000003,0.0,-0.027,10.331
363359496,4,0,0.062,0.028,-0.022,0.042,0.0,-0.0439,0.0034000000000000002,14.92,-0.0006000000000000001,64936.0,0.0538,0.0,17964.0,63828.0,0.0334,0.47840000000000005,0.47800000000000004,0.0,-0.039,0.0,0.058,10.331
363361545,4,0,0.034,0.043000000000000003,-0.023,0.042,0.0,-0.044000000000000004,0.0079,14.92,-0.0006000000000000001,64792.0,0.0592,0.0,0.0,63560.0,0.0367,0.47840000000000005,0.47800000000000004,0.0,-0.039,0.0,-0.398,10.331
363366574,4,0,0.062,0.019,-0.012,0.041,0.0,-0.040400000000000005,0.0016,14.92,-0.0004,64936.0,0.048400000000000006,0.0,5029.0,63696.0,0.0296,0.47900000000000004,0.48000000000000004,0.0,-0.02,0.0,-0.248,10.331
363369506,4,0,0.046,-0.017,-0.019,0.041,0.0,-0.042300000000000004,0.0012000000000000001,14.92,-0.0005,64656.0,0.0502,0.0,7961.0,63828.0,0.0307,0.47900000000000004,0.48000000000000004,0.0,-0.02,0.0,-0.25,10.331
363374508,4,0,0.039,0.018000000000000002,-0.009000000000000001,0.041,0.0,-0.042300000000000004,-0.0001,14.92,-0.0005,64936.0,0.048400000000000006,0.0,12963.0,63828.0,0.029900000000000003,0.47900000000000004,0.48000000000000004,0.0,-0.02,0.0,-0.09,10.301
363379509,4,0,0.066,0.008,0.008,0.041,0.0,-0.040400000000000005,0.0002,14.92,-0.0004,64792.0,0.0466,0.0,17964.0,63696.0,0.0287,0.48040000000000005,0.48300000000000004,0.0,0.013000000000000001,0.0,0.07,10.301
363381574,4,0,0.024,-0.018000000000000002,0.001,0.041,0.0,-0.0396,0.00030000000000000003,14.950000000000001,-0.0004,64792.0,0.0449,0.0,0.0,63828.0,0.028200000000000003,0.48040000000000005,0.48300000000000004,0.0,0.013000000000000001,0.0,-0.134,10.301
363386445,4,0,0.06,-0.013000000000000001,-0.004,0.041,0.0,-0.0392,0.0019,14.950000000000001,-0.0002,64656.0,0.046700000000000005,0.0,4871.0,63696.0,0.0291,0.48200000000000004,0.48500000000000004,0.0,0.042,0.0,0.078,10.301
363390581,4,0,-0.014,-0.057,0.031,0.04,0.0,-0.040600000000000004,0.0085,14.950000000000001,-0.0001,64936.0,0.0557,0.0,9007.0,63964.0,0.0347,0.48200000000000004,0.48500000000000004,0.0,0.042,0.0,0.108,10.301
363393521,4,0,-0.006,0.008,0.015,0.04,0.0,-0.0397,0.01,14.950000000000001,-0.0001,64792.0,0.0557,0.0,11947.0,63828.0,0.0352,0.48200000000000004,0.48500000000000004,0.0,0.042,0.0,-0.17500000000000002,10.413
363399483,4,0,0.011,-0.01,0.001,0.04,0.0,-0.0371,0.0058000000000000005,14.950000000000001,0.0,64792.0,0.050300000000000004,0.0,17909.0,63696.0,0.0303,0.48410000000000003,0.48800000000000004,0.0,0.076,0.0,-0.133,10.413
363401571,4,0,-0.008,-0.042,0.006,0.04,0.0,-0.036500000000000005,0.0057,14.950000000000001,0.0,64792.0,0.0485,0.0,0.0,63828.0,0.0298,0.48410000000000003,0.48800000000000004,0.0,0.076,0.0,-0.259,10.413
363406600,4,0,0.022,-0.019,0.023,0.04,0.0,-0.0359,0.0051,14.950000000000001,0.0001,64792.0,0.046700000000000005,0.0,5029.0,63964.0,0.029,0.4862,0.49000000000000005,0.0,0.10200000000000001,0.0,-0.241,10.413
363409528,4,0,0.004,-0.073,0.006,0.04,0.0,-0.035500000000000004,0.0061,14.950000000000001,0.0002,64656.0,0.0485,0.0,7957.0,63828.0,0.029400000000000003,0.4862,0.49000000000000005,0.0,0.10200000000000001,0.0,-0.029,10.413
363414534,4,0,0.003,-0.032,-0.016,0.039,0.0,-0.0373,0.0081,14.950000000000001,0.0004,64936.0,0.0521,0.0,12963.0,63424.0,0.032100000000000004,0.4862,0.49000000000000005,0.0,0.10200000000000001,0.0,-0.247,10.287
363418670,4,0,0.032,-0.026000000000000002,0.002,0.039,0.0,-0.0357,0.006,14.950000000000001,0.0007,64792.0,0.0485,0.0,17099.0,63696.0,0.029400000000000003,0.4872,0.48900000000000005,0.0,0.10200000000000001,0.0,-0.041,10.287
363421586,4,0,-0.004,-0.049,0.011,0.039,0.0,-0.034800000000000005,0.0081,14.950000000000001,0.0008,64656.0,0.0485,0.0,0.0,63828.0,0.0303,0.4872,0.48900000000000005,0.0,0.10200000000000001,0.0,-0.241,10.287
363426614,4,0,0.024,-0.028,-0.029,0.038,0.0,-0.034,0.0039000000000000003,14.950000000000001,0.001,64792.0,0.0449,0.0,5028.0,63828.0,0.0268,0.48750000000000004,0.48800000000000004,0.0,0.08700000000000001,0.0,-0.399,10.287
363429545,4,0,0.035,-0.062,-0.015,0.038,0.0,-0.034300000000000004,0.002,14.950000000000001,0.0012000000000000001,64656.0,0.0413,0.0,7959.0,63560.0,0.0257,0.48750000000000004,0.48800000000000004,0.0,0.08700000000000001,0.0,-0.12,10.287
363433678,4,0,0.009000000000000001,-0.032,-0.001,0.038,0.0,-0.0351,0.0043,14.97,0.0013000000000000002,64792.0,0.045000000000000005,0.0,12092.0,64104.0,0.027800000000000002,0.48750000000000004,0.48800000000000004,0.0,0.08700000000000001,0.0,-0.322,10.338000000000001
363439555,4,0,0.041,-0.029,-0.016,0.037,0.0,-0.0342,-0.0009000000000000001,14.97,0.0016,64936.0,0.0378,0.0,17969.0,63696.0,0.0235,0.48760000000000003,0.48800000000000004,0.0,0.074,0.0,-0.214,10.338000000000001
363441599,4,0,0.046,-0.057,-0.008,0.037,0.0,-0.0347,-0.0032,14.97,0.0017000000000000001,64936.0,0.036000000000000004,0.0,0.0,63696.0,0.0223,0.48760000000000003,0.48800000000000004,0.0,0.074,0.0,-0.009000000000000001,10.338000000000001
363446625,4,0,0.07100000000000001,-0.031,0.015,0.036000000000000004,0.0,-0.0351,-0.0063,14.97,0.0021000000000000003,64792.0,0.0324,0.0,5026.0,63828.0,0.0204,0.4874,0.48700000000000004,0.0,0.054,0.0,-0.245,10.338000000000001
363449552,4,0,0.062,-0.053,0.014,0.036000000000000004,0.0,-0.034800000000000005,-0.0051,14.97,0.0022,64656.0,0.0342,0.0,7953.0,63696.0,0.021,0.4874,0.48700000000000004,0.0,0.054,0.0,-0.045,10.338000000000001
363454560,4,0,0.07100000000000001,-0.068,0.008,0.035,0.0,-0.031900000000000005,-0.006200000000000001,14.97,0.0027,65076.0,0.028800000000000003,0.0,12961.0,63828.0,0.0181,0.4874,0.48700000000000004,0.0,0.054,0.0,-0.08,10.304
363459564,4,0,0.082,-0.04,0.021,0.034,0.0,-0.0327,-0.0066,14.97,0.0032,64936.0,0.030600000000000002,0.0,17965.0,63696.0,0.018500000000000003,0.4873,0.48700000000000004,0.0,0.041,0.0,-0.183,10.304
363461611,4,0,0.077,-0.056,0.022,0.033,0.0,-0.033800000000000004,-0.007500000000000001,14.97,0.0034000000000000002,64792.0,0.030600000000000002,0.0,0.0,63964.0,0.018600000000000002,0.4873,0.48700000000000004,0.0,0.041,0.0,0.139,10.304
363466639,4,0,0.074,-0.036000000000000004,-0.003,0.032,0.0,-0.0337,-0.0068000000000000005,14.97,0.0038,64792.0,0.030600000000000002,0.0,5028.0,63828.0,0.019100000000000002,0.4872,0.48700000000000004,0.0,0.031,0.0,-0.01,10.304
363469572,4,0,0.07200000000000001,-0.038,0.006,0.032,0.0,-0.033600000000000005,-0.0081,14.97,0.004,64792.0,0.028800000000000003,0.0,7961.0,63696.0,0.018000000000000002,0.4872,0.48700000000000004,0.0,0.031,0.0,0.378,10.304
363474573,4,0,0.061,-0.053,0.002,0.031,0.0,-0.0313,-0.006900000000000001,14.97,0.0043,64936.0,0.028800000000000003,0.0,12962.0,63696.0,0.0173,0.4872,0.48700000000000004,0.0,0.031,0.0,0.108,10.325000000000001
363479575,4,0,0.061,-0.058,-0.011,0.031,0.0,-0.0287,-0.0082,14.97,0.0046,64656.0,0.0234,0.0,17964.0,63696.0,0.0145,0.4868,0.48600000000000004,0.0,0.016,0.0,-0.34700000000000003,10.325000000000001
363482767,4,0,0.065,-0.047,-0.009000000000000001,0.03,0.0,-0.030000000000000002,-0.0081,15.0,0.0048000000000000004,65076.0,0.0252,0.0,0.0,63964.0,0.0154,0.4868,0.48600000000000004,0.0,0.016,0.0,0.099,10.325000000000001
363487569,4,0,0.009000000000000001,-0.055,-0.008,0.03,0.0,-0.0308,-0.0019,15.0,0.005,64792.0,0.0342,0.0,4802.0,63828.0,0.0204,0.48610000000000003,0.48500000000000004,0.0,0.001,0.0,0.14400000000000002,10.325000000000001
363490624,4,0,0.049,-0.034,-0.017,0.03,0.0,-0.0308,-0.0031000000000000003,15.0,0.005,64656.0,0.0324,0.0,7857.0,63964.0,0.0196,0.48610000000000003,0.48500000000000004,0.0,0.001,0.0,0.17300000000000001,10.325000000000001
363493588,4,0,0.003,-0.064,-0.01,0.03,0.0,-0.029300000000000003,-0.0037,15.0,0.0051,64792.0,0.030600000000000002,0.0,10821.0,63828.0,0.0181,0.48610000000000003,0.48500000000000004,0.0,0.001,0.0,0.107,10.337
363498591,4,0,0.032,-0.051000000000000004,0.008,0.03,0.0,-0.0284,-0.002,15.0,0.005200000000000001,64936.0,0.030600000000000002,0.0,15824.0,63964.0,0.0187,0.4857,0.48500000000000004,0.0,-0.008,0.0,0.056,10.337
363502591,4,0,-0.028,-0.049,0.006,0.029,0.0,-0.029,0.0011,15.0,0.0053,64792.0,0.0342,0.0,0.0,64104.0,0.0213,0.4857,0.48500000000000004,0.0,-0.008,0.0,0.36,10.337
363506667,4,0,0.004,-0.067,0.009000000000000001,0.029,0.0,-0.027700000000000002,0.0,15.0,0.0054,64792.0,0.0324,0.0,4076.0,63964.0,0.0196,0.48550000000000004,0.48500000000000004,0.0,-0.011,0.0,-0.14400000000000002,10.337
363509595,4,0,-0.006,-0.057,0.023,0.029,0.0,-0.0267,-0.0028,15.0,0.0054,64792.0,0.027,0.0,7004.0,63964.0,0.017,0.48550000000000004,0.48500000000000004,0.0,-0.011,0.0,-0.007,10.337
363514746,4,0,0.017,-0.058,0.025,0.029,0.0,-0.0296,-0.0026000000000000003,15.0,0.0056,64936.0,0.030600000000000002,0.0,12155.0,63696.0,0.019100000000000002,0.48550000000000004,0.48500000000000004,0.0,-0.011,0.0,0.129,10.364
363517564,4,0,0.013000000000000001,-0.024,0.014,0.028,0.0,-0.0303,-0.0015,15.0,0.0058000000000000005,64656.0,0.0324,0.0,14973.0,63964.0,0.020300000000000002,0.4843,0.48200000000000004,0.0,-0.033,0.0,-0.258,10.364
363521653,4,0,0.074,-0.058,0.032,0.028,0.0,-0.0284,-0.0073,15.0,0.0061,64936.0,0.0234,0.0,0.0,63964.0,0.0149,0.4843,0.48200000000000004,0.0,-0.033,0.0,0.432,10.364
363526718,4,0,0.088,-0.05,0.021,0.026000000000000002,0.0,-0.025500000000000002,-0.0097,15.0,0.007,64936.0,0.018000000000000002,0.0,5065.0,63828.0,0.0112,0.4824,0.47900000000000004,0.0,-0.064,0.0,0.258,10.364
363529611,4,0,0.123,-0.027,0.004,0.025,0.0,-0.0317,-0.0088,15.0,0.0073,64936.0,0.0252,0.0,7958.0,63964.0,0.0162,0.4824,0.47900000000000004,0.0,-0.064,0.0,-0.307,10.364
363533637,4,0,0.046,-0.062,-0.006,0.024,0.0,-0.026000000000000002,-0.0018000000000000002,15.02,0.0078000000000000005,64792.0,0.028900000000000002,0.0,11984.0,63828.0,0.0171,0.4824,0.47900000000000004,0.0,-0.064,0.0,0.007,10.321
363539615,4,0,0.197,-0.027,-0.001,0.023,0.0,-0.0316,-0.025500000000000002,15.02,0.0086,64936.0,0.007200000000000001,0.0,17962.0,63828.0,0.0043,0.4823,0.48200000000000004,0.0,-0.054,0.0,0.2,10.321
363541664,4,0,0.14400000000000002,-0.059000000000000004,-0.021,0.022,0.0,-0.028300000000000002,-0.0211,15.02,0.0089,64936.0,0.009000000000000001,0.0,0.0,64104.0,0.0051,0.4823,0.48200000000000004,0.0,-0.054,0.0,0.148,10.321
363546794,4,0,0.04,-0.03,-0.033,0.021,0.0,-0.0292,0.001,15.02,0.0094,64792.0,0.0361,0.0,5130.0,63964.0,0.0213,0.4829,0.48400000000000004,0.0,-0.031,0.0,0.077,10.321
363549623,4,0,0.054,-0.039,-0.025,0.021,0.0,-0.0307,-0.0051,15.02,0.0095,64936.0,0.0307,0.0,7959.0,63964.0,0.0181,0.4829,0.48400000000000004,0.0,-0.031,0.0,-0.11,10.321
363554677,4,0,0.048,-0.061,-0.036000000000000004,0.02,0.0,-0.0264,-0.013900000000000001,15.02,0.009600000000000001,64792.0,0.014400000000000001,0.0,13013.0,64104.0,0.0088,0.4829,0.48400000000000004,0.0,-0.031,0.0,0.153,10.337
363559588,4,0,-0.088,-0.048,-0.028,0.02,0.0,-0.0291,0.0045000000000000005,15.02,0.009600000000000001,64792.0,0.0397,0.0,17924.0,63828.0,0.0238,0.48190000000000005,0.48000000000000004,0.0,-0.045,0.0,-0.047,10.337
363561678,4,0,-0.009000000000000001,-0.065,-0.014,0.02,0.0,-0.027600000000000003,-0.0029000000000000002,15.02,0.009600000000000001,64792.0,0.028900000000000002,0.0,0.0,63964.0,0.0175,0.48190000000000005,0.48000000000000004,0.0,-0.045,0.0,-0.17200000000000001,10.337
363566677,4,0,-0.024,-0.073,-0.004,0.02,0.0,-0.0258,-0.014400000000000001,15.02,0.0098,64656.0,0.0126,0.0,4999.0,63964.0,0.0081,0.48190000000000005,0.48000000000000004,0.0,-0.045,0.0,-0.017,10.337
363569646,4,0,-0.036000000000000004,-0.052000000000000005,-0.009000000000000001,0.02,0.0,-0.027700000000000002,0.0012000000000000001,15.02,0.0097,64792.0,0.034300000000000004,0.0,7968.0,64104.0,0.0204,0.4798,0.47600000000000003,0.0,-0.077,0.0,-0.36,10.337
363574640,4,0,-0.065,-0.063,0.027,0.02,0.0,-0.028200000000000003,0.0009000000000000001,15.02,0.009600000000000001,64936.0,0.034300000000000004,0.0,12962.0,63828.0,0.0206,0.4798,0.47600000000000003,0.0,-0.077,0.0,-0.11900000000000001,10.25
363578779,4,0,0.026000000000000002,-0.063,0.047,0.02,0.0,-0.025900000000000003,-0.0074,15.040000000000001,0.0097,64792.0,0.0199,0.0,17101.0,63964.0,0.0131,0.47850000000000004,0.47600000000000003,0.0,-0.088,0.0,0.08600000000000001,10.25
363581682,4,0,-0.01,-0.066,0.044,0.02,0.0,-0.025400000000000002,-0.007500000000000001,15.040000000000001,0.0099,65216.0,0.0199,0.0,0.0,63964.0,0.0126,0.47850000000000004,0.47600000000000003,0.0,-0.088,0.0,0.07200000000000001,10.25
363586551,4,0,-0.023,-0.04,0.038,0.02,0.0,-0.0298,0.0054,15.040000000000001,0.010100000000000001,64936.0,0.0398,0.0,4869.0,63964.0,0.024900000000000002,0.47850000000000004,0.47600000000000003,0.0,-0.088,0.0,0.272,10.25
363590651,4,0,0.008,-0.008,0.033,0.019,0.0,-0.0287,0.0016,15.040000000000001,0.0102,64792.0,0.034300000000000004,0.0,8969.0,63964.0,0.021400000000000002,0.4776,0.47600000000000003,0.0,-0.088,0.0,-0.162,10.25
363593653,4,0,0.046,-0.053,0.032,0.019,0.0,-0.0287,-0.0058000000000000005,15.040000000000001,0.010400000000000001,64936.0,0.0253,0.0,11971.0,63828.0,0.0161,0.4776,0.47600000000000003,0.0,-0.088,0.0,-0.131,10.312
363598656,4,0,-0.003,-0.027,0.008,0.018000000000000002,0.0,-0.0286,0.0009000000000000001,15.040000000000001,0.0108,64936.0,0.034300000000000004,0.0,16974.0,63964.0,0.020800000000000003,0.4788,0.48100000000000004,0.0,-0.047,0.0,0.0,10.312
363603658,4,0,0.065,0.017,0.001,0.017,0.0,-0.031400000000000004,-0.011000000000000001,15.040000000000001,0.0112,64936.0,0.0235,0.0,0.0,63828.0,0.014400000000000001,0.4788,0.48100000000000004,0.0,-0.047,0.0,-0.166,10.312
363605659,4,0,0.023,-0.038,-0.003,0.017,0.0,-0.029500000000000002,-0.006500000000000001,15.040000000000001,0.0114,64936.0,0.027100000000000003,0.0,2001.0,64104.0,0.0162,0.4788,0.48100000000000004,0.0,-0.047,0.0,0.089,10.312
363610766,4,0,0.111,0.026000000000000002,-0.037,0.016,0.0,-0.032100000000000004,-0.0155,15.040000000000001,0.0118,64936.0,0.0181,0.0,7108.0,63964.0,0.0118,0.4806,0.48400000000000004,0.0,-0.001,0.0,0.064,10.312
363613666,4,0,0.068,-0.035,-0.033,0.016,0.0,-0.0325,-0.0114,15.040000000000001,0.0119,64792.0,0.0253,0.0,10008.0,64104.0,0.0149,0.4806,0.48400000000000004,0.0,-0.001,0.0,-0.112,10.366
363618669,4,0,0.08,-0.002,-0.044,0.015,0.0,-0.0325,-0.013900000000000001,15.040000000000001,0.0122,65076.0,0.0217,0.0,15011.0,63828.0,0.0131,0.4811,0.48200000000000004,0.0,0.009000000000000001,0.0,-0.129,10.366
363623672,4,0,0.081,0.015,-0.044,0.015,0.0,-0.032,-0.008,15.040000000000001,0.0123,64936.0,0.027100000000000003,0.0,0.0,63964.0,0.017,0.4811,0.48200000000000004,0.0,0.009000000000000001,0.0,-0.078,10.366
363625673,4,0,0.062,-0.021,-0.034,0.014,0.0,-0.032100000000000004,-0.0126,15.040000000000001,0.012400000000000001,64936.0,0.0217,0.0,2001.0,64104.0,0.013800000000000002,0.4811,0.48200000000000004,0.0,0.009000000000000001,0.0,-0.097,10.366
363630677,4,0,0.058,0.004,-0.025,0.014,0.0,-0.0334,-0.012700000000000001,15.07,0.0126,64792.0,0.0235,0.0,7005.0,63964.0,0.0146,0.4818,0.48300000000000004,0.0,0.02,0.0,-0.097,10.366
363633676,4,0,0.043000000000000003,-0.02,-0.026000000000000002,0.014,0.0,-0.0323,-0.0103,15.07,0.012700000000000001,64936.0,0.0253,0.0,10004.0,64104.0,0.015600000000000001,0.4818,0.48300000000000004,0.0,0.02,0.0,-0.158,10.283
363638675,4,0,-0.017,-0.032,0.006,0.014,0.0,-0.033600000000000005,-0.0036000000000000003,15.07,0.0125,64936.0,0.0344,0.0,15003.0,63828.0,0.0212,0.4822,0.48300000000000004,0.0,0.025,0.0,-0.026000000000000002,10.283
363642925,4,0,0.001,0.005,0.019,0.015,0.0,-0.0313,-0.0118,15.07,0.012400000000000001,65076.0,0.0235,0.0,0.0,64104.0,0.013800000000000002,0.4822,0.48300000000000004,0.0,0.025,0.0,-0.04,10.283
363645638,4,0,-0.028,-0.047,0.022,0.015,0.0,-0.0315,-0.0063,15.07,0.0123,65076.0,0.029,0.0,2713.0,63964.0,0.0179,0.4822,0.48300000000000004,0.0,0.025,0.0,0.046,10.283
363649725,4,0,-0.032,0.006,0.023,0.015,0.0,-0.0335,-0.0061,15.07,0.012100000000000001,64936.0,0.0308,0.0,6800.0,63964.0,0.0194,0.48210000000000003,0.48200000000000004,0.0,0.019,0.0,-0.068,10.283
363654550,4,0,-0.016,-0.022,0.047,0.016,0.0,-0.032100000000000004,-0.003,15.07,0.0119,64936.0,0.032600000000000004,0.0,11625.0,64240.0,0.0206,0.48210000000000003,0.48200000000000004,0.0,0.019,0.0,-0.199,10.26
363658550,4,0,0.005,-0.032,0.037,0.016,0.0,-0.0329,-0.0115,15.07,0.0119,65076.0,0.0253,0.0,15625.0,63964.0,0.0151,0.48140000000000005,0.48000000000000004,0.0,0.0,0.0,-0.189,10.26
363662731,4,0,-0.008,0.009000000000000001,0.018000000000000002,0.016,0.0,-0.0328,0.0009000000000000001,15.07,0.0119,65076.0,0.0398,0.0,0.0,63964.0,0.0238,0.48140000000000005,0.48000000000000004,0.0,0.0,0.0,-0.179,10.26
363666809,4,0,0.025,-0.012,0.034,0.015,0.0,-0.0332,-0.0032,15.07,0.012100000000000001,64936.0,0.0344,0.0,4078.0,64104.0,0.0212,0.48190000000000005,0.48300000000000004,0.0,0.011,0.0,-0.088,10.26
363669549,4,0,0.027,0.035,0.03,0.015,0.0,-0.0345,-0.0029000000000000002,15.07,0.012100000000000001,64936.0,0.0362,0.0,6818.0,64104.0,0.0224,0.48190000000000005,0.48300000000000004,0.0,0.011,0.0,-0.169,10.26
363673550,4,0,-0.002,-0.026000000000000002,-0.008,0.015,0.0,-0.0337,0.0016,15.07,0.0123,65076.0,0.0398,0.0,10819.0,64240.0,0.025,0.48190000000000005,0.48300000000000004,0.0,0.011,0.0,-0.01,10.302
363678549,4,0,-0.015,-0.021,-0.014,0.015,0.0,-0.0354,0.0024000000000000002,15.09,0.0122,64936.0,0.0453,0.0,15818.0,63964.0,0.0267,0.48300000000000004,0.48500000000000004,0.0,0.03,0.0,0.149,10.302
363682746,4,0,0.001,0.009000000000000001,-0.016,0.015,0.0,-0.0329,-0.005,15.09,0.012,65076.0,0.032600000000000004,0.0,0.0,64104.0,0.019700000000000002,0.48300000000000004,0.48500000000000004,0.0,0.03,0.0,0.12,10.302
363687532,4,0,0.008,0.022,-0.047,0.015,0.0,-0.035300000000000005,-0.0026000000000000003,15.09,0.012,65076.0,0.0363,0.0,4786.0,64104.0,0.023100000000000002,0.4837,0.48500000000000004,0.0,0.038,0.0,0.028,10.302
363689705,4,0,-0.012,-0.015,-0.034,0.016,0.0,-0.0342,-0.0026000000000000003,15.09,0.0119,64792.0,0.0363,0.0,6959.0,63964.0,0.0223,0.4837,0.48500000000000004,0.0,0.038,0.0,0.059000000000000004,10.302
363693750,4,0,0.022,0.038,-0.022,0.015,0.0,-0.0357,-0.006900000000000001,15.09,0.012,65076.0,0.0345,0.0,11004.0,63964.0,0.0204,0.4837,0.48500000000000004,0.0,0.038,0.0,0.055,10.214
363698548,4,0,-0.003,-0.035,-0.016,0.015,0.0,-0.037700000000000004,-0.0047,15.09,0.012,65076.0,0.0381,0.0,15802.0,63964.0,0.0234,0.4842,0.48500000000000004,0.0,0.04,0.0,-0.125,10.214
363702549,4,0,0.0,0.038,-0.012,0.015,0.0,-0.0381,-0.006900000000000001,15.09,0.012,64792.0,0.0363,0.0,0.0,64240.0,0.0221,0.4842,0.48500000000000004,0.0,0.04,0.0,-0.183,10.214
363706881,4,0,0.001,0.041,0.007,0.015,0.0,-0.038700000000000005,-0.0044,15.09,0.012,65076.0,0.039900000000000005,0.0,4332.0,63964.0,0.024200000000000003,0.4838,0.48300000000000004,0.0,0.024,0.0,0.059000000000000004,10.214
363709548,4,0,-0.029,0.014,0.003,0.016,0.0,-0.0376,-0.0036000000000000003,15.09,0.0119,64936.0,0.039900000000000005,0.0,6999.0,64104.0,0.024,0.4838,0.48300000000000004,0.0,0.024,0.0,-0.034,10.214
363713767,4,0,-0.022,0.043000000000000003,0.008,0.016,0.0,-0.038,-0.0029000000000000002,15.09,0.0118,64936.0,0.039900000000000005,0.0,11218.0,63964.0,0.024800000000000003,0.4838,0.48300000000000004,0.0,0.024,0.0,0.132,10.249
363718550,4,0,-0.01,-0.017,0.037,0.016,0.0,-0.0388,-0.004,15.09,0.0117,65216.0,0.039900000000000005,0.0,16001.0,64104.0,0.0246,0.4824,0.48000000000000004,0.0,-0.007,0.0,0.184,10.249
363722785,4,0,-0.056,-0.023,0.034,0.016,0.0,-0.0385,-0.001,15.120000000000001,0.011600000000000001,65216.0,0.0436,0.0,0.0,64240.0,0.026500000000000003,0.4824,0.48000000000000004,0.0,-0.007,0.0,-0.037,10.249
363725511,4,0,-0.036000000000000004,0.001,0.008,0.016,0.0,-0.0386,0.0012000000000000001,15.120000000000001,0.011600000000000001,64936.0,0.0472,0.0,2726.0,63964.0,0.028200000000000003,0.4824,0.48000000000000004,0.0,-0.007,0.0,0.074,10.249
363729547,4,0,-0.047,-0.011,0.007,0.017,0.0,-0.039,-0.0013000000000000002,15.120000000000001,0.011300000000000001,65216.0,0.0436,0.0,6762.0,63964.0,0.026600000000000002,0.48160000000000003,0.48000000000000004,0.0,-0.023,0.0,-0.211,10.249
363734676,4,0,-0.032,0.036000000000000004,0.012,0.017,0.0,-0.038900000000000004,0.0002,15.11,0.0111,64936.0,0.0454,0.0,11891.0,64104.0,0.027700000000000002,0.48160000000000003,0.48000000000000004,0.0,-0.023,0.0,-0.201,10.295
363738996,4,0,-0.033,0.032,-0.025,0.018000000000000002,0.0,-0.038200000000000005,0.0026000000000000003,15.11,0.011000000000000001,64936.0,0.0472,0.0,16211.0,64240.0,0.028900000000000002,0.48100000000000004,0.48000000000000004,0.0,-0.03,0.0,0.109,10.295
363741552,4,0,-0.035,0.018000000000000002,-0.03,0.018000000000000002,0.0,-0.038400000000000004,0.002,15.11,0.0109,65076.0,0.0454,0.0,0.0,64104.0,0.0285,0.48100000000000004,0.48000000000000004,0.0,-0.03,0.0,-0.178,10.295
363745832,4,0,-0.017,0.036000000000000004,-0.004,0.018000000000000002,0.0,-0.037700000000000004,0.0005,15.11,0.0109,65076.0,0.0436,0.0,4280.0,63964.0,0.027,0.48100000000000004,0.48000000000000004,0.0,-0.03,0.0,-0.15,10.295
363750549,4,0,-0.042,-0.009000000000000001,-0.012,0.018000000000000002,0.0,-0.0412,0.0057,15.11,0.0108,65076.0,0.0545,0.0,8997.0,64240.0,0.0332,0.48100000000000004,0.48100000000000004,0.0,-0.024,0.0,-0.027,10.295
363754550,4,0,-0.033,0.024,-0.048,0.018000000000000002,0.0,-0.0385,0.0045000000000000005,15.11,0.0106,65076.0,0.050800000000000005,0.0,12998.0,64376.0,0.0304,0.48100000000000004,0.48100000000000004,0.0,-0.024,0.0,-0.249,10.217
363758787,4,0,-0.025,0.044,-0.01,0.019,0.0,-0.0398,0.0026000000000000003,15.11,0.0105,65216.0,0.049,0.0,17235.0,63964.0,0.030000000000000002,0.48100000000000004,0.48100000000000004,0.0,-0.019,0.0,-0.228,10.217
363762791,4,0,-0.026000000000000002,-0.001,-0.001,0.019,0.0,-0.0396,0.0063,15.11,0.0103,65076.0,0.052700000000000004,0.0,0.0,63964.0,0.0324,0.48100000000000004,0.48100000000000004,0.0,-0.019,0.0,-0.115,10.217
363766837,4,0,-0.026000000000000002,0.028,-0.018000000000000002,0.019,0.0,-0.0397,0.0027,15.14,0.0102,65076.0,0.049100000000000005,0.0,4046.0,64240.0,0.030000000000000002,0.48140000000000005,0.48200000000000004,0.0,-0.008,0.0,-0.267,10.217
363769558,4,0,-0.017,-0.004,-0.009000000000000001,0.019,0.0,-0.0396,0.0035,15.14,0.0102,65076.0,0.049100000000000005,0.0,6767.0,64104.0,0.0304,0.48140000000000005,0.48200000000000004,0.0,-0.008,0.0,0.066,10.217
363774512,4,0,-0.016,0.023,0.018000000000000002,0.02,0.0,-0.0413,0.003,15.14,0.01,64936.0,0.0509,0.0,11721.0,64240.0,0.031400000000000004,0.48140000000000005,0.48200000000000004,0.0,-0.008,0.0,0.058,10.263
363778809,4,0,0.009000000000000001,0.07,0.001,0.02,0.0,-0.043500000000000004,0.0,15.14,0.0099,65076.0,0.0509,0.0,16018.0,63964.0,0.0307,0.48160000000000003,0.48200000000000004,0.0,-0.002,0.0,-0.323,10.263
363783551,4,0,0.019,0.012,0.014,0.02,0.0,-0.040600000000000004,0.001,15.14,0.01,65216.0,0.049100000000000005,0.0,0.0,64104.0,0.029400000000000003,0.48160000000000003,0.48200000000000004,0.0,-0.002,0.0,-0.133,10.263
363785833,4,0,0.025,0.062,0.017,0.02,0.0,-0.042100000000000005,-0.0006000000000000001,15.14,0.0099,64936.0,0.049100000000000005,0.0,2282.0,64240.0,0.029400000000000003,0.48160000000000003,0.48200000000000004,0.0,-0.002,0.0,-0.327,10.263
363790555,4,0,0.021,0.029,0.015,0.02,0.0,-0.0429,0.0012000000000000001,15.14,0.0099,64936.0,0.0509,0.0,7004.0,64104.0,0.031200000000000002,0.4817,0.48200000000000004,0.0,0.001,0.0,0.647,10.263
363794570,4,0,0.017,0.014,0.0,0.02,0.0,-0.0414,0.0012000000000000001,15.14,0.0098,64936.0,0.049100000000000005,0.0,11019.0,64240.0,0.0302,0.4817,0.48200000000000004,0.0,0.001,0.0,0.6,10.24
363799553,4,0,0.011,0.054,0.003,0.02,0.0,-0.043500000000000004,0.0017000000000000001,15.14,0.0097,65076.0,0.052700000000000004,0.0,16002.0,64240.0,0.031900000000000005,0.48150000000000004,0.48100000000000004,0.0,-0.004,0.0,-0.039,10.24
363802553,4,0,0.017,0.012,-0.004,0.02,0.0,-0.0434,0.001,15.14,0.0097,64936.0,0.052700000000000004,0.0,0.0,64104.0,0.031400000000000004,0.48150000000000004,0.48100000000000004,0.0,-0.004,0.0,0.009000000000000001,10.24
363806553,4,0,-0.012,0.035,-0.019,0.021,0.0,-0.042,0.0038,15.14,0.0095,65216.0,0.052700000000000004,0.0,4000.0,64240.0,0.0324,0.48150000000000004,0.48100000000000004,0.0,-0.004,0.0,-0.14200000000000002,10.24
363810554,4,0,0.01,0.027,-0.021,0.021,0.0,-0.0419,0.0002,15.16,0.0094,65216.0,0.0492,0.0,8001.0,64104.0,0.0298,0.4817,0.48200000000000004,0.0,0.0,0.0,-0.062,10.24
363814835,4,0,0.001,0.003,-0.018000000000000002,0.021,0.0,-0.0412,0.0013000000000000002,15.16,0.0092,65360.0,0.0492,0.0,12282.0,64104.0,0.030100000000000002,0.4817,0.48200000000000004,0.0,0.0,0.0,0.156,10.24
363819563,4,0,-0.045,0.015,-0.023,0.022,0.0,-0.0414,0.0054,15.16,0.009000000000000001,65360.0,0.0528,0.0,17010.0,64240.0,0.033100000000000004,0.4818,0.48200000000000004,0.0,0.003,0.0,-0.191,10.24
363821817,4,0,-0.04,0.007,-0.016,0.022,0.0,-0.041,0.009000000000000001,15.16,0.0088,65216.0,0.058300000000000005,0.0,0.0,64240.0,0.0354,0.4818,0.48200000000000004,0.0,0.003,0.0,0.051000000000000004,10.24
363826838,4,0,-0.08700000000000001,-0.008,-0.006,0.023,0.0,-0.0409,0.0091,15.16,0.0083,65216.0,0.058300000000000005,0.0,5021.0,64240.0,0.0354,0.4822,0.48300000000000004,0.0,0.011,0.0,-0.011,10.24
363829552,4,0,-0.062,0.012,-0.008,0.023,0.0,-0.0405,0.010700000000000001,15.16,0.0081,64936.0,0.0601,0.0,7735.0,64240.0,0.0362,0.4822,0.48300000000000004,0.0,0.011,0.0,0.20700000000000002,10.24
363834554,4,0,-0.082,-0.007,0.003,0.024,0.0,-0.040600000000000004,0.0078000000000000005,15.16,0.0078000000000000005,65216.0,0.0565,0.0,12737.0,64104.0,0.0342,0.4822,0.48300000000000004,0.0,0.011,0.0,0.17,10.24
363839552,4,0,-0.099,-0.009000000000000001,0.028,0.025,0.0,-0.0385,0.013900000000000001,15.16,0.0073,65076.0,0.061900000000000004,0.0,17735.0,64240.0,0.0371,0.48250000000000004,0.48300000000000004,0.0,0.014,0.0,0.75,10.308
363841816,4,0,-0.082,0.006,0.031,0.026000000000000002,0.0,-0.0407,0.011000000000000001,15.16,0.0071,65216.0,0.0601,0.0,0.0,64104.0,0.0366,0.48250000000000004,0.48300000000000004,0.0,0.014,0.0,0.685,10.308
363846844,4,0,-0.058,-0.015,0.031,0.026000000000000002,0.0,-0.0392,0.0083,15.16,0.006900000000000001,64936.0,0.0546,0.0,5028.0,64104.0,0.033600000000000005,0.4834,0.48500000000000004,0.0,0.029,0.0,-0.01,10.308
363849552,4,0,-0.07200000000000001,0.013000000000000001,0.031,0.026000000000000002,0.0,-0.0402,0.0102,15.16,0.0068000000000000005,65360.0,0.0601,0.0,7736.0,64376.0,0.0357,0.4834,0.48500000000000004,0.0,0.029,0.0,-0.197,10.308
363854554,4,0,-0.04,-0.007,0.022,0.027,0.0,-0.0402,0.0106,15.16,0.0066,65216.0,0.0601,0.0,12738.0,64104.0,0.0359,0.4834,0.48500000000000004,0.0,0.029,0.0,0.151,10.308
363859506,4,0,-0.006,-0.004,0.02,0.027,0.0,-0.04,0.0041,15.18,0.0066,65360.0,0.0511,0.0,17690.0,64104.0,0.031100000000000003,0.48460000000000003,0.48700000000000004,0.0,0.049,0.0,0.20700000000000002,10.289
363861547,4,0,0.044,0.012,0.013000000000000001,0.026000000000000002,0.0,-0.041600000000000005,0.0009000000000000001,15.18,0.0068000000000000005,65360.0,0.049300000000000004,0.0,0.0,64104.0,0.030100000000000002,0.48460000000000003,0.48700000000000004,0.0,0.049,0.0,0.457,10.289
363865553,4,0,0.011,0.008,-0.003,0.026000000000000002,0.0,-0.041600000000000005,0.0036000000000000003,15.18,0.0071,65360.0,0.0511,0.0,4006.0,64240.0,0.031900000000000005,0.48460000000000003,0.48700000000000004,0.0,0.049,0.0,0.166,10.289
363869816,4,0,0.023,0.029,-0.016,0.025,0.0,-0.0415,0.0134,15.18,0.007200000000000001,65076.0,0.06380000000000001,0.0,8269.0,64376.0,0.0388,0.4858,0.48800000000000004,0.0,0.062,0.0,-0.294,10.289
363874553,4,0,0.05,-0.003,-0.022,0.025,0.0,-0.0397,-0.0022,15.18,0.0074,65360.0,0.0438,0.0,13006.0,64104.0,0.026500000000000003,0.4858,0.48800000000000004,0.0,0.062,0.0,0.14100000000000001,10.289
363879552,4,0,0.039,0.017,-0.04,0.025,0.0,-0.0429,0.0026000000000000003,15.18,0.0076,65076.0,0.0529,0.0,18005.0,64104.0,0.0322,0.48660000000000003,0.48800000000000004,0.0,0.065,0.0,0.41600000000000004,10.341000000000001
363881842,4,0,-0.014,0.024,-0.039,0.025,0.0,-0.043300000000000005,0.007,15.18,0.007500000000000001,65360.0,0.0584,0.0,0.0,64104.0,0.0356,0.48660000000000003,0.48800000000000004,0.0,0.065,0.0,0.176,10.341000000000001
363886870,4,0,0.039,0.004,-0.033,0.025,0.0,-0.041100000000000005,-0.0047,15.18,0.0074,65076.0,0.042,0.0,5028.0,64376.0,0.0257,0.4878,0.49000000000000005,0.0,0.076,0.0,0.165,10.341000000000001
363889542,4,0,0.034,0.02,-0.03,0.025,0.0,-0.041800000000000004,-0.0063,15.18,0.0073,65504.0,0.042,0.0,7700.0,63964.0,0.0251,0.4878,0.49000000000000005,0.0,0.076,0.0,-0.164,10.341000000000001
363893547,4,0,-0.025,0.005,-0.03,0.026000000000000002,0.0,-0.0422,0.0039000000000000003,15.18,0.007,64936.0,0.0529,0.0,11705.0,64240.0,0.032600000000000004,0.4878,0.49000000000000005,0.0,0.076,0.0,0.027,10.341000000000001
363897812,4,0,-0.083,-0.003,-0.007,0.026000000000000002,0.0,-0.0392,0.0085,15.18,0.0068000000000000005,65360.0,0.054700000000000006,0.0,15970.0,64104.0,0.033800000000000004,0.4889,0.49100000000000005,0.0,0.083,0.0,0.111,10.341000000000001
363902547,4,0,0.019,0.003,-0.003,0.027,0.0,-0.040400000000000005,-0.0021000000000000003,15.18,0.006500000000000001,65076.0,0.0456,0.0,0.0,64240.0,0.027100000000000003,0.4889,0.49100000000000005,0.0,0.083,0.0,0.10400000000000001,10.286
363906548,4,0,-0.055,-0.006,0.015,0.027,0.0,-0.041,0.003,15.21,0.0064,65216.0,0.0512,0.0,4001.0,64240.0,0.031100000000000003,0.4889,0.49100000000000005,0.0,0.083,0.0,0.377,10.286
363910816,4,0,-0.065,-0.004,0.029,0.028,0.0,-0.04,0.0099,15.21,0.0061,65076.0,0.056600000000000004,0.0,8269.0,64376.0,0.035300000000000005,0.4889,0.48900000000000005,0.0,0.067,0.0,0.005,10.286
363914824,4,0,-0.056,0.001,0.034,0.028,0.0,-0.0398,0.008400000000000001,15.21,0.0058000000000000005,65360.0,0.0548,0.0,12277.0,64104.0,0.0341,0.4889,0.48900000000000005,0.0,0.067,0.0,-0.188,10.286
363919548,4,0,-0.033,-0.02,0.04,0.028,0.0,-0.037700000000000004,0.0057,15.21,0.0058000000000000005,65360.0,0.0512,0.0,17001.0,64376.0,0.0307,0.4879,0.48600000000000004,0.0,0.033,0.0,0.23500000000000001,10.286
363921549,4,0,-0.039,0.002,0.04,0.028,0.0,-0.0388,0.0064,15.21,0.0057,65216.0,0.053000000000000005,0.0,0.0,64240.0,0.032,0.4879,0.48600000000000004,0.0,0.033,0.0,0.134,10.265
363925892,4,0,-0.024,-0.008,0.032,0.028,0.0,-0.0397,0.0088,15.21,0.0058000000000000005,65216.0,0.056600000000000004,0.0,4343.0,64104.0,0.034300000000000004,0.48760000000000003,0.48700000000000004,0.0,0.02,0.0,0.33,10.265
363930546,4,0,-0.002,0.009000000000000001,0.014,0.028,0.0,-0.039,0.0068000000000000005,15.21,0.0058000000000000005,65360.0,0.053000000000000005,0.0,8997.0,64104.0,0.0324,0.48760000000000003,0.48700000000000004,0.0,0.02,0.0,0.082,10.265
363934975,4,0,0.039,0.018000000000000002,0.001,0.028,0.0,-0.039,0.0031000000000000003,15.21,0.0061,65216.0,0.049300000000000004,0.0,13426.0,64376.0,0.0298,0.48760000000000003,0.48700000000000004,0.0,0.02,0.0,-0.47700000000000004,10.265
363937546,4,0,-0.003,0.012,0.002,0.028,0.0,-0.0391,0.0067,15.21,0.0061,65216.0,0.053000000000000005,0.0,15997.0,64240.0,0.0324,0.4874,0.48700000000000004,0.0,0.012,0.0,-0.226,10.265
363941547,4,0,0.064,0.01,-0.017,0.027,0.0,-0.0381,0.005,15.21,0.0063,65360.0,0.049300000000000004,0.0,0.0,64376.0,0.030500000000000003,0.4874,0.48700000000000004,0.0,0.012,0.0,-0.436,10.383000000000001
363945905,4,0,0.027,-0.006,-0.035,0.027,0.0,-0.039,0.0071,15.21,0.0063,65360.0,0.053000000000000005,0.0,4358.0,64516.0,0.032600000000000004,0.4869,0.48600000000000004,0.0,0.0,0.0,-0.007,10.383000000000001
363950842,4,0,0.065,0.01,-0.034,0.027,0.0,-0.039900000000000005,-0.006900000000000001,15.21,0.006500000000000001,65216.0,0.038400000000000004,0.0,9295.0,64376.0,0.0234,0.4869,0.48600000000000004,0.0,0.0,0.0,0.066,10.383000000000001
363954846,4,0,0.041,0.021,-0.047,0.027,0.0,-0.0391,0.005200000000000001,15.23,0.0066,65216.0,0.0512,0.0,13299.0,64376.0,0.0313,0.4869,0.48600000000000004,0.0,0.0,0.0,-0.28200000000000003,10.383000000000001
363959546,4,0,0.025,0.002,-0.04,0.027,0.0,-0.0395,0.0002,15.23,0.0066,65360.0,0.0458,0.0,17999.0,64240.0,0.028,0.4862,0.48500000000000004,0.0,-0.013000000000000001,0.0,-0.34,10.383000000000001
363961546,4,0,0.04,0.021,-0.028,0.027,0.0,-0.039900000000000005,-0.0001,15.23,0.006500000000000001,65360.0,0.045700000000000005,0.0,0.0,64104.0,0.028200000000000003,0.4862,0.48500000000000004,0.0,-0.013000000000000001,0.0,-0.372,10.208
363965918,4,0,0.038,-0.007,-0.015,0.027,0.0,-0.0376,-0.0025,15.23,0.0063,65360.0,0.0403,0.0,4372.0,64516.0,0.024800000000000003,0.4862,0.48600000000000004,0.0,-0.012,0.0,-0.36,10.208
363970557,4,0,-0.041,-0.008,-0.011,0.028,0.0,-0.038700000000000005,0.0054,15.23,0.006,65360.0,0.0512,0.0,9011.0,64376.0,0.031200000000000002,0.4862,0.48600000000000004,0.0,-0.012,0.0,-0.14200000000000002,10.208
363974860,4,0,0.006,0.018000000000000002,0.025,0.028,0.0,-0.0391,-0.0033,15.23,0.0058000000000000005,65360.0,0.042100000000000005,0.0,13314.0,64104.0,0.025400000000000002,0.4862,0.48600000000000004,0.0,-0.012,0.0,-0.265,10.208
363979545,4,0,0.019,-0.004,0.037,0.029,0.0,-0.040600000000000004,-0.0004,15.23,0.0057,65360.0,0.0476,0.0,17999.0,64376.0,0.0284,0.48610000000000003,0.48600000000000004,0.0,-0.011,0.0,-0.059000000000000004,10.208
363981546,4,0,0.017,0.021,0.031,0.029,0.0,-0.039900000000000005,-0.0016,15.23,0.0057,65076.0,0.0439,0.0,0.0,64240.0,0.027100000000000003,0.48610000000000003,0.48600000000000004,0.0,-0.011,0.0,-0.11,10.278
363986914,4,0,0.0,0.013000000000000001,0.038,0.029,0.0,-0.039,0.0046,15.23,0.0054,65504.0,0.0512,0.0,5368.0,64240.0,0.0308,0.4857,0.48500000000000004,0.0,-0.016,0.0,-0.134,10.278
363989545,4,0,0.004,-0.006,0.043000000000000003,0.029,0.0,-0.0375,0.0007,15.23,0.0054,65360.0,0.0439,0.0,7999.0,64240.0,0.027,0.4857,0.48500000000000004,0.0,-0.016,0.0,0.082,10.278
363994557,4,0,0.014,0.019,0.036000000000000004,0.029,0.0,-0.0392,0.0021000000000000003,15.23,0.0054,65504.0,0.0476,0.0,13011.0,64376.0,0.0292,0.4857,0.48500000000000004,0.0,-0.016,0.0,0.064,10.278
363999545,4,0,0.007,0.005,0.014,0.029,0.0,-0.038200000000000005,0.0019,15.25,0.0055000000000000005,65644.0,0.0458,0.0,17999.0,64240.0,0.028300000000000002,0.4858,0.48600000000000004,0.0,-0.011,0.0,-0.037,10.278
364001545,4,0,0.004,0.013000000000000001,0.018000000000000002,0.029,0.0,-0.0383,0.0041,15.25,0.0055000000000000005,65360.0,0.0495,0.0,0.0,64516.0,0.030000000000000002,0.4858,0.48600000000000004,0.0,-0.011,0.0,-0.055,10.316
364005545,4,0,0.017,0.001,0.0,0.029,0.0,-0.0388,0.0017000000000000001,15.25,0.0056,65504.0,0.0477,0.0,4000.0,64104.0,0.0287,0.4858,0.48600000000000004,0.0,-0.011,0.0,-0.161,10.316
364009882,4,0,0.017,-0.024,-0.025,0.028,0.0,-0.038700000000000005,0.0026000000000000003,15.25,0.0057,65644.0,0.0495,0.0,8337.0,64240.0,0.0292,0.48660000000000003,0.48800000000000004,0.0,0.006,0.0,0.01,10.316
364014546,4,0,0.004,0.018000000000000002,-0.029,0.028,0.0,-0.0385,-0.0004,15.25,0.0058000000000000005,65216.0,0.0458,0.0,13001.0,64376.0,0.027,0.48660000000000003,0.48800000000000004,0.0,0.006,0.0,-0.062,10.316
364019555,4,0,0.057,0.019,-0.038,0.028,0.0,-0.0381,-0.0028,15.25,0.0059,65360.0,0.0403,0.0,18010.0,64104.0,0.025,0.48710000000000003,0.48800000000000004,0.0,0.015,0.0,-0.116,10.316
364021945,4,0,0.026000000000000002,-0.022,-0.044,0.028,0.0,-0.038200000000000005,-0.0048000000000000004,15.26,0.006,65360.0,0.0385,0.0,0.0,64516.0,0.0236,0.48710000000000003,0.48800000000000004,0.0,0.015,0.0,-0.10200000000000001,10.305
364027508,4,0,0.077,0.019,-0.034,0.027,0.0,-0.0378,-0.0064,15.26,0.006200000000000001,65504.0,0.0367,0.0,5563.0,64376.0,0.0222,0.48700000000000004,0.48700000000000004,0.0,0.012,0.0,-0.198,10.305
364029545,4,0,0.006,-0.027,-0.018000000000000002,0.027,0.0,-0.039,-0.0025,15.26,0.0063,65504.0,0.0422,0.0,7600.0,64376.0,0.0258,0.48700000000000004,0.48700000000000004,0.0,0.012,0.0,-0.193,10.305
364033548,4,0,0.032,0.02,-0.024,0.027,0.0,-0.038900000000000004,0.0004,15.26,0.0063,65504.0,0.0458,0.0,11603.0,64376.0,0.027800000000000002,0.48700000000000004,0.48700000000000004,0.0,0.012,0.0,-0.029,10.305
364038546,4,0,0.051000000000000004,0.005,0.006,0.027,0.0,-0.0376,-0.0058000000000000005,15.26,0.0064,65504.0,0.0367,0.0,16601.0,64376.0,0.022500000000000003,0.48700000000000004,0.48700000000000004,0.0,0.009000000000000001,0.0,0.14400000000000002,10.305
364042904,4,0,0.021,-0.029,0.02,0.027,0.0,-0.0378,-0.0031000000000000003,15.25,0.0064,65504.0,0.0403,0.0,0.0,64240.0,0.0245,0.48700000000000004,0.48700000000000004,0.0,0.009000000000000001,0.0,0.121,10.216000000000001
364046954,4,0,0.023,-0.029,0.016,0.027,0.0,-0.0374,-0.0056,15.25,0.0063,65504.0,0.0367,0.0,4050.0,64516.0,0.022500000000000003,0.48700000000000004,0.48700000000000004,0.0,0.007,0.0,0.08700000000000001,10.216000000000001
364049545,4,0,0.044,-0.045,0.026000000000000002,0.027,0.0,-0.037200000000000004,-0.0077,15.280000000000001,0.0064,65504.0,0.0349,0.0,6641.0,64516.0,0.020800000000000003,0.48700000000000004,0.48700000000000004,0.0,0.007,0.0,0.009000000000000001,10.216000000000001
364054546,4,0,-0.004,-0.038,0.04,0.027,0.0,-0.0386,-0.0021000000000000003,15.280000000000001,0.0064,65504.0,0.0441,0.0,11642.0,64376.0,0.0258,0.48700000000000004,0.48700000000000004,0.0,0.007,0.0,-0.033,10.216000000000001
364059545,4,0,0.007,0.014,0.013000000000000001,0.027,0.0,-0.036500000000000005,-0.0012000000000000001,15.280000000000001,0.006500000000000001,65644.0,0.040400000000000005,0.0,16641.0,64240.0,0.025,0.48600000000000004,0.48400000000000004,0.0,-0.016,0.0,-0.03,10.216000000000001
364061549,4,0,0.007,-0.047,0.028,0.027,0.0,-0.0375,-0.0039000000000000003,15.280000000000001,0.006500000000000001,65360.0,0.040400000000000005,0.0,0.0,64376.0,0.0238,0.48600000000000004,0.48400000000000004,0.0,-0.016,0.0,0.06,10.216000000000001
364065950,4,0,-0.011,-0.003,0.014,0.027,0.0,-0.0376,-0.0026000000000000003,15.280000000000001,0.006500000000000001,65360.0,0.040400000000000005,0.0,4401.0,64240.0,0.024800000000000003,0.4842,0.48100000000000004,0.0,-0.047,0.0,-0.109,10.271
364070572,4,0,-0.004,-0.019,-0.025,0.027,0.0,-0.0345,0.001,15.280000000000001,0.0066,65216.0,0.0422,0.0,9023.0,64376.0,0.0252,0.4842,0.48100000000000004,0.0,-0.047,0.0,-0.077,10.271
364074943,4,0,-0.02,-0.05,-0.016,0.027,0.0,-0.036500000000000005,0.0035,15.280000000000001,0.0064,65504.0,0.0459,0.0,13394.0,64516.0,0.028300000000000002,0.4842,0.48100000000000004,0.0,-0.047,0.0,0.039,10.271
364079545,4,0,-0.037,-0.02,-0.009000000000000001,0.027,0.0,-0.034800000000000005,-0.0016,15.280000000000001,0.0064,65504.0,0.0386,0.0,17996.0,64516.0,0.0235,0.48410000000000003,0.48400000000000004,0.0,-0.039,0.0,-0.041,10.271
364081977,4,0,-0.022,-0.038,-0.034,0.027,0.0,-0.0359,0.0034000000000000002,15.280000000000001,0.0063,65504.0,0.0459,0.0,0.0,64516.0,0.027700000000000002,0.48410000000000003,0.48400000000000004,0.0,-0.039,0.0,0.192,10.271
364086981,4,0,-0.043000000000000003,-0.049,-0.035,0.027,0.0,-0.0359,0.0019,15.280000000000001,0.006200000000000001,65360.0,0.0441,0.0,5004.0,64516.0,0.0267,0.48510000000000003,0.48700000000000004,0.0,-0.012,0.0,0.083,10.168000000000001
364089549,4,0,-0.003,-0.025,-0.021,0.028,0.0,-0.0352,0.0015,15.280000000000001,0.0061,65504.0,0.0422,0.0,7572.0,64376.0,0.025900000000000003,0.48510000000000003,0.48700000000000004,0.0,-0.012,0.0,0.135,10.168000000000001
364093940,4,0,-0.01,-0.052000000000000005,-0.018000000000000002,0.027,0.0,-0.0344,-0.0015,15.3,0.006200000000000001,65644.0,0.0386,0.0,11963.0,64376.0,0.0233,0.48510000000000003,0.48700000000000004,0.0,-0.012,0.0,0.091,10.168000000000001
364098545,4,0,-0.018000000000000002,-0.013000000000000001,-0.014,0.028,0.0,-0.035300000000000005,0.0045000000000000005,15.3,0.0061,65504.0,0.046,0.0,16568.0,64516.0,0.028200000000000003,0.4858,0.48700000000000004,0.0,0.004,0.0,-0.107,10.168000000000001
364102545,4,0,0.003,-0.01,0.007,0.027,0.0,-0.0354,0.0019,15.3,0.006200000000000001,65504.0,0.0441,0.0,0.0,64376.0,0.0264,0.4858,0.48700000000000004,0.0,0.004,0.0,0.177,10.168000000000001
364106545,4,0,-0.009000000000000001,-0.034,0.017,0.027,0.0,-0.0363,0.0017000000000000001,15.3,0.006200000000000001,65360.0,0.0441,0.0,4000.0,64516.0,0.0269,0.4862,0.48700000000000004,0.0,0.011,0.0,0.19,10.277000000000001
364110571,4,0,-0.007,0.018000000000000002,0.009000000000000001,0.027,0.0,-0.0359,0.0022,15.3,0.006200000000000001,65360.0,0.0441,0.0,8026.0,64516.0,0.027,0.4862,0.48700000000000004,0.0,0.011,0.0,0.051000000000000004,10.277000000000001
364114953,4,0,0.008,-0.005,0.043000000000000003,0.027,0.0,-0.0349,0.001,15.3,0.0063,65504.0,0.042300000000000004,0.0,12408.0,64240.0,0.025400000000000002,0.4862,0.48700000000000004,0.0,0.011,0.0,0.026000000000000002,10.277000000000001
364119545,4,0,-0.011,-0.028,0.027,0.027,0.0,-0.0358,0.0015,15.3,0.006200000000000001,65504.0,0.0441,0.0,17000.0,64516.0,0.0264,0.4872,0.48900000000000005,0.0,0.029,0.0,-0.015,10.277000000000001
364121546,4,0,0.016,-0.008,0.016,0.027,0.0,-0.0361,0.0,15.3,0.006200000000000001,65360.0,0.042300000000000004,0.0,0.0,64516.0,0.025500000000000002,0.4872,0.48900000000000005,0.0,0.029,0.0,0.181,10.277000000000001
364125996,4,0,-0.012,-0.027,0.015,0.027,0.0,-0.0354,0.0013000000000000002,15.3,0.006200000000000001,65504.0,0.0441,0.0,4450.0,64376.0,0.026000000000000002,0.48850000000000005,0.49100000000000005,0.0,0.05,0.0,0.439,10.287
364130569,4,0,-0.002,0.006,0.015,0.028,0.0,-0.0362,-0.0012000000000000001,15.3,0.0061,65504.0,0.040400000000000005,0.0,9023.0,64516.0,0.024800000000000003,0.48850000000000005,0.49100000000000005,0.0,0.05,0.0,0.006,10.287
364135023,4,0,0.024,0.016,-0.006,0.027,0.0,-0.034800000000000005,-0.0032,15.3,0.006200000000000001,65504.0,0.0368,0.0,13477.0,64516.0,0.0224,0.48850000000000005,0.49100000000000005,0.0,0.05,0.0,0.08600000000000001,10.287
364137543,4,0,0.006,0.006,-0.001,0.028,0.0,-0.0375,-0.0025,15.3,0.0061,65504.0,0.040400000000000005,0.0,15997.0,64516.0,0.024800000000000003,0.4897,0.49200000000000005,0.0,0.064,0.0,-0.082,10.287
364141544,4,0,0.009000000000000001,-0.004,-0.013000000000000001,0.027,0.0,-0.0346,0.0005,15.32,0.006200000000000001,65504.0,0.0405,0.0,0.0,64376.0,0.024800000000000003,0.4897,0.49200000000000005,0.0,0.064,0.0,0.151,10.287
364145545,4,0,0.01,-0.024,-0.035,0.027,0.0,-0.0356,-0.0012000000000000001,15.33,0.006200000000000001,65504.0,0.0405,0.0,4001.0,64376.0,0.0244,0.4897,0.49200000000000005,0.0,0.064,0.0,0.45,10.275
364149976,4,0,-0.007,-0.003,-0.03,0.027,0.0,-0.0366,0.0009000000000000001,15.33,0.006200000000000001,65504.0,0.0442,0.0,8432.0,64516.0,0.026500000000000003,0.49050000000000005,0.49200000000000005,0.0,0.067,0.0,0.049,10.275
364154544,4,0,0.027,0.012,-0.006,0.027,0.0,-0.035500000000000004,-0.0015,15.33,0.0063,65788.0,0.0405,0.0,13000.0,64516.0,0.024,0.49050000000000005,0.49200000000000005,0.0,0.067,0.0,-0.231,10.275
364158980,4,0,0.002,-0.012,-0.024,0.028,0.0,-0.0373,0.0025,15.33,0.0061,65360.0,0.047900000000000005,0.0,17436.0,64656.0,0.028200000000000003,0.49100000000000005,0.49200000000000005,0.0,0.064,0.0,0.165,10.275
364162985,4,0,-0.011,-0.016,-0.028,0.028,0.0,-0.0332,0.0014,15.33,0.0059,65644.0,0.0405,0.0,0.0,64516.0,0.0245,0.49100000000000005,0.49200000000000005,0.0,0.064,0.0,-0.514,10.275
364167035,4,0,-0.007,0.024,-0.005,0.028,0.0,-0.0373,0.004,15.32,0.0058000000000000005,65504.0,0.0497,0.0,4050.0,64516.0,0.0292,0.4914,0.49200000000000005,0.0,0.058,0.0,-0.197,10.232000000000001
364169555,4,0,-0.019,0.015,0.006,0.028,0.0,-0.038,0.004,15.32,0.0057,65504.0,0.0497,0.0,6570.0,64376.0,0.0297,0.4914,0.49200000000000005,0.0,0.058,0.0,-0.355,10.232000000000001
364174544,4,0,0.008,0.023,0.005,0.029,0.0,-0.036000000000000004,0.0015,15.32,0.0055000000000000005,65504.0,0.0442,0.0,11559.0,64516.0,0.026500000000000003,0.4914,0.49200000000000005,0.0,0.058,0.0,-0.083,10.232000000000001
364178544,4,0,-0.009000000000000001,0.001,0.009000000000000001,0.029,0.0,-0.038400000000000004,0.0007,15.32,0.0055000000000000005,65360.0,0.0442,0.0,15559.0,64376.0,0.027600000000000003,0.4909,0.49000000000000005,0.0,0.037,0.0,0.111,10.232000000000001
364182997,4,0,-0.003,-0.004,0.021,0.029,0.0,-0.0371,0.004,15.32,0.0054,65644.0,0.0497,0.0,0.0,64656.0,0.0291,0.4909,0.49000000000000005,0.0,0.037,0.0,-0.099,10.232000000000001
364187549,4,0,0.019,0.031,0.03,0.029,0.0,-0.0386,-0.0004,15.32,0.0054,65504.0,0.046,0.0,4552.0,64516.0,0.027,0.48950000000000005,0.48700000000000004,0.0,0.002,0.0,-0.089,10.272
364190015,4,0,0.003,0.007,0.028,0.029,0.0,-0.039900000000000005,0.0024000000000000002,15.35,0.0054,65504.0,0.049800000000000004,0.0,7018.0,64516.0,0.029900000000000003,0.48950000000000005,0.48700000000000004,0.0,0.002,0.0,-0.028,10.272
364194546,4,0,0.006,0.039,0.02,0.029,0.0,-0.0403,0.0027,15.35,0.0054,65504.0,0.0516,0.0,11549.0,64516.0,0.0304,0.48950000000000005,0.48700000000000004,0.0,0.002,0.0,-0.319,10.272
364199544,4,0,0.026000000000000002,0.036000000000000004,0.025,0.029,0.0,-0.0395,0.0005,15.35,0.0053,65504.0,0.0461,0.0,16547.0,64516.0,0.028300000000000002,0.4879,0.48500000000000004,0.0,-0.03,0.0,-0.116,10.272
364201545,4,0,0.012,0.032,0.025,0.029,0.0,-0.0405,0.001,15.35,0.0053,65644.0,0.049800000000000004,0.0,0.0,64516.0,0.029300000000000003,0.4879,0.48500000000000004,0.0,-0.03,0.0,-0.38,10.272
364206039,4,0,0.017,0.038,0.003,0.029,0.0,-0.0407,0.0022,15.35,0.005200000000000001,65504.0,0.049800000000000004,0.0,4494.0,64516.0,0.0303,0.4862,0.48300000000000004,0.0,-0.059000000000000004,0.0,-0.075,10.272
364210569,4,0,0.024,0.018000000000000002,0.002,0.029,0.0,-0.0417,-0.0006000000000000001,15.35,0.005200000000000001,65504.0,0.049800000000000004,0.0,9024.0,64376.0,0.0291,0.4862,0.48300000000000004,0.0,-0.059000000000000004,0.0,0.135,10.277000000000001
364215019,4,0,0.011,0.024,0.002,0.029,0.0,-0.042100000000000005,-0.0005,15.35,0.005200000000000001,65644.0,0.049800000000000004,0.0,13474.0,64516.0,0.029400000000000003,0.4862,0.48300000000000004,0.0,-0.059000000000000004,0.0,-0.355,10.277000000000001
364219549,4,0,0.033,0.033,-0.01,0.029,0.0,-0.0427,-0.0008,15.35,0.005200000000000001,65504.0,0.049800000000000004,0.0,18004.0,64376.0,0.0296,0.48510000000000003,0.48300000000000004,0.0,-0.069,0.0,-0.184,10.277000000000001
364222071,4,0,0.021,0.019,-0.022,0.029,0.0,-0.0424,-0.0026000000000000003,15.35,0.005200000000000001,65644.0,0.0461,0.0,0.0,64656.0,0.0281,0.48510000000000003,0.48300000000000004,0.0,-0.069,0.0,-0.217,10.277000000000001
364226546,4,0,0.034,0.037,-0.017,0.029,0.0,-0.0426,-0.0019,15.35,0.005200000000000001,65644.0,0.047900000000000005,0.0,4475.0,64656.0,0.028800000000000003,0.4844,0.48300000000000004,0.0,-0.07,0.0,-0.307,10.277000000000001
364231030,4,0,0.033,0.031,-0.019,0.03,0.0,-0.043500000000000004,-0.0022,15.35,0.005200000000000001,65644.0,0.049800000000000004,0.0,8959.0,64656.0,0.0292,0.4844,0.48300000000000004,0.0,-0.07,0.0,0.131,10.255
364235111,4,0,0.019,0.02,-0.015,0.03,0.0,-0.0434,-0.0022,15.35,0.0051,65216.0,0.049800000000000004,0.0,13040.0,64516.0,0.0292,0.4844,0.48300000000000004,0.0,-0.07,0.0,0.121,10.255
364237544,4,0,0.019,0.023,-0.009000000000000001,0.03,0.0,-0.043300000000000005,-0.0015,15.370000000000001,0.0051,65644.0,0.0499,0.0,15473.0,64656.0,0.0296,0.4849,0.48600000000000004,0.0,-0.045,0.0,0.128,10.255
364241544,4,0,0.02,0.022,-0.002,0.03,0.0,-0.043300000000000005,-0.0023,15.370000000000001,0.0051,65788.0,0.0499,0.0,0.0,64516.0,0.029,0.4849,0.48600000000000004,0.0,-0.045,0.0,0.11800000000000001,10.255
364245546,4,0,0.028,0.033,-0.008,0.03,0.0,-0.0438,-0.0034000000000000002,15.370000000000001,0.0051,65788.0,0.048,0.0,4002.0,64656.0,0.0286,0.4849,0.48600000000000004,0.0,-0.045,0.0,-0.084,10.255
364250042,4,0,0.016,0.025,0.007,0.03,0.0,-0.0444,-0.0023,15.370000000000001,0.0051,65644.0,0.0499,0.0,8498.0,64656.0,0.0298,0.48600000000000004,0.48800000000000004,0.0,-0.014,0.0,-0.044,10.267
364254545,4,0,0.01,0.022,0.009000000000000001,0.03,0.0,-0.0437,-0.0019,15.370000000000001,0.0049,65788.0,0.0499,0.0,13001.0,64516.0,0.029500000000000002,0.48600000000000004,0.48800000000000004,0.0,-0.014,0.0,-0.186,10.267
364259544,4,0,0.005,0.029,0.006,0.03,0.0,-0.0439,-0.0015,15.370000000000001,0.0048000000000000004,65504.0,0.0499,0.0,18000.0,64656.0,0.030000000000000002,0.4867,0.48800000000000004,0.0,0.003,0.0,-0.355,10.267
364262097,4,0,-0.01,0.012,0.007,0.03,0.0,-0.0437,0.0009000000000000001,15.370000000000001,0.0047,65788.0,0.0536,0.0,0.0,64376.0,0.0315,0.4867,0.48800000000000004,0.0,0.003,0.0,0.039,10.267
364266544,4,0,-0.022,0.022,0.0,0.031,0.0,-0.0434,0.0015,15.370000000000001,0.0045000000000000005,65788.0,0.0536,0.0,4447.0,64516.0,0.0317,0.4868,0.48700000000000004,0.0,0.004,0.0,-0.289,10.267
364270570,4,0,-0.021,0.001,-0.002,0.031,0.0,-0.0426,0.0024000000000000002,15.370000000000001,0.0043,65644.0,0.0536,0.0,8473.0,64516.0,0.0318,0.4868,0.48700000000000004,0.0,0.004,0.0,-0.17,10.222
364275059,4,0,-0.074,-0.002,-0.01,0.032,0.0,-0.0429,0.0054,15.370000000000001,0.004,65644.0,0.055400000000000005,0.0,12962.0,64516.0,0.0342,0.4868,0.48700000000000004,0.0,0.004,0.0,0.043000000000000003,10.222
364279544,4,0,-0.041,0.006,-0.01,0.032,0.0,-0.042800000000000005,0.0036000000000000003,15.370000000000001,0.0038,65644.0,0.0536,0.0,17447.0,64656.0,0.0328,0.4858,0.48400000000000004,0.0,-0.016,0.0,-0.243,10.222
364281544,4,0,-0.073,-0.01,-0.005,0.033,0.0,-0.0422,0.0033,15.370000000000001,0.0037,65504.0,0.0536,0.0,0.0,64516.0,0.0322,0.4858,0.48400000000000004,0.0,-0.016,0.0,-0.078,10.222
364286249,4,0,-0.035,-0.001,-0.012,0.033,0.0,-0.042,0.0037,15.4,0.0034000000000000002,65644.0,0.0536,0.0,4705.0,64656.0,0.0323,0.4838,0.48000000000000004,0.0,-0.054,0.0,-0.147,10.222
364290571,4,0,-0.062,-0.012,-0.013000000000000001,0.034,0.0,-0.0412,0.0046,15.4,0.0032,65788.0,0.0536,0.0,9027.0,64516.0,0.0324,0.4838,0.48000000000000004,0.0,-0.054,0.0,-0.134,10.199
364295075,4,0,-0.046,-0.027,-0.002,0.034,0.0,-0.040600000000000004,0.0032,15.4,0.0031000000000000003,65788.0,0.051800000000000006,0.0,13531.0,64376.0,0.031,0.4838,0.48000000000000004,0.0,-0.054,0.0,0.045,10.199
364299542,4,0,-0.038,-0.005,0.004,0.034,0.0,-0.041,0.007,15.4,0.003,65644.0,0.0555,0.0,17998.0,64656.0,0.034,0.48250000000000004,0.48000000000000004,0.0,-0.07,0.0,-0.006,10.199
364301543,4,0,-0.042,-0.026000000000000002,0.008,0.034,0.0,-0.0408,0.0063,15.4,0.003,65644.0,0.0555,0.0,0.0,64516.0,0.0333,0.48250000000000004,0.48000000000000004,0.0,-0.07,0.0,0.1,10.199
364306108,4,0,-0.042,-0.006,0.011,0.034,0.0,-0.0408,0.0071,15.4,0.003,65644.0,0.0555,0.0,4565.0,64516.0,0.0339,0.48190000000000005,0.48100000000000004,0.0,-0.066,0.0,0.042,10.199
364310572,4,0,-0.05,-0.009000000000000001,0.013000000000000001,0.034,0.0,-0.0398,0.007200000000000001,15.4,0.0029000000000000002,65644.0,0.0555,0.0,9029.0,64516.0,0.0332,0.48190000000000005,0.48100000000000004,0.0,-0.066,0.0,-0.123,10.268
364315549,4,0,-0.022,-0.027,0.017,0.034,0.0,-0.0397,0.005200000000000001,15.4,0.0029000000000000002,65788.0,0.051800000000000006,0.0,14006.0,64516.0,0.0317,0.48190000000000005,0.48100000000000004,0.0,-0.066,0.0,0.275,10.268
364318090,4,0,-0.034,0.013000000000000001,0.012,0.034,0.0,-0.041600000000000005,0.0035,15.4,0.0029000000000000002,65644.0,0.051800000000000006,0.0,16547.0,64516.0,0.0318,0.48090000000000005,0.47900000000000004,0.0,-0.073,0.0,-0.026000000000000002,10.268
364322138,4,0,-0.007,-0.01,0.011,0.034,0.0,-0.040600000000000004,0.0032,15.4,0.0029000000000000002,65644.0,0.051800000000000006,0.0,0.0,64516.0,0.031,0.48090000000000005,0.47900000000000004,0.0,-0.073,0.0,0.065,10.268
364326546,4,0,-0.015,-0.009000000000000001,0.003,0.034,0.0,-0.0403,0.0034000000000000002,15.4,0.0028,65644.0,0.051800000000000006,0.0,4408.0,64656.0,0.0309,0.47990000000000005,0.47800000000000004,0.0,-0.079,0.0,0.34900000000000003,10.268
364331098,4,0,0.005,0.027,-0.008,0.034,0.0,-0.0417,0.0008,15.4,0.0028,65644.0,0.051800000000000006,0.0,8960.0,64516.0,0.030100000000000002,0.47990000000000005,0.47800000000000004,0.0,-0.079,0.0,0.296,10.227
364335218,4,0,0.02,0.015,-0.019,0.034,0.0,-0.041600000000000005,0.0025,15.4,0.0028,65788.0,0.051800000000000006,0.0,13080.0,64516.0,0.031200000000000002,0.47990000000000005,0.47800000000000004,0.0,-0.079,0.0,0.076,10.227
364337543,4,0,0.016,0.037,-0.023,0.035,0.0,-0.0413,0.0022,15.4,0.0027,65788.0,0.0499,0.0,15405.0,64516.0,0.0308,0.48100000000000004,0.48300000000000004,0.0,-0.042,0.0,-0.01,10.227
364341545,4,0,0.01,-0.006,-0.014,0.035,0.0,-0.0396,0.0035,15.4,0.0027,65936.0,0.0499,0.0,0.0,64792.0,0.0304,0.48100000000000004,0.48300000000000004,0.0,-0.042,0.0,-0.149,10.227
364345545,4,0,0.008,0.002,-0.007,0.035,0.0,-0.041100000000000005,0.0017000000000000001,15.4,0.0026000000000000003,65644.0,0.0499,0.0,4000.0,64656.0,0.0303,0.48100000000000004,0.48300000000000004,0.0,-0.042,0.0,0.003,10.227
364350111,4,0,-0.017,0.026000000000000002,-0.045,0.035,0.0,-0.0388,0.007,15.4,0.0025,65788.0,0.0536,0.0,8566.0,64656.0,0.0324,0.48310000000000003,0.48700000000000004,0.0,0.009000000000000001,0.0,-0.115,10.284
364354545,4,0,0.013000000000000001,-0.007,-0.034,0.035,0.0,-0.041100000000000005,0.0033,15.4,0.0025,65788.0,0.051800000000000006,0.0,13000.0,64516.0,0.031400000000000004,0.48310000000000003,0.48700000000000004,0.0,0.009000000000000001,0.0,0.032,10.284
364359121,4,0,0.016,-0.019,0.003,0.035,0.0,-0.0402,0.0006000000000000001,15.4,0.0025,65504.0,0.048100000000000004,0.0,17576.0,64656.0,0.028800000000000003,0.4848,0.48800000000000004,0.0,0.041,0.0,0.088,10.284
364361545,4,0,0.013000000000000001,0.018000000000000002,0.005,0.035,0.0,-0.041800000000000004,0.003,15.4,0.0024000000000000002,65936.0,0.0536,0.0,0.0,64656.0,0.0317,0.4848,0.48800000000000004,0.0,0.041,0.0,-0.138,10.284
364366145,4,0,-0.016,-0.022,-0.016,0.036000000000000004,0.0,-0.0398,0.0091,15.4,0.0021000000000000003,65644.0,0.057300000000000004,0.0,4600.0,64656.0,0.0346,0.4863,0.48900000000000005,0.0,0.063,0.0,-0.10300000000000001,10.284
364370570,4,0,-0.078,0.02,0.002,0.037,0.0,-0.0398,0.011300000000000001,15.4,0.0017000000000000001,65788.0,0.0592,0.0,9025.0,64792.0,0.0361,0.4863,0.48900000000000005,0.0,0.063,0.0,-0.106,10.288
364375127,4,0,-0.032,0.032,0.02,0.038,0.0,-0.0391,0.01,15.4,0.0012000000000000001,65788.0,0.0574,0.0,13582.0,64656.0,0.0347,0.4863,0.48900000000000005,0.0,0.063,0.0,-0.017,10.288
364379549,4,0,-0.064,-0.022,0.016,0.038,0.0,-0.038900000000000004,0.0086,15.4,0.0009000000000000001,65644.0,0.0555,0.0,18004.0,64516.0,0.033600000000000005,0.48760000000000003,0.49000000000000005,0.0,0.076,0.0,0.091,10.288
364382177,4,0,-0.049,0.034,0.01,0.039,0.0,-0.0395,0.0117,15.4,0.0007,65644.0,0.0592,0.0,0.0,64656.0,0.0362,0.48760000000000003,0.49000000000000005,0.0,0.076,0.0,-0.011,10.288
364387182,4,0,-0.048,0.035,0.025,0.039,0.0,-0.04,0.0137,15.4,0.0005,65788.0,0.0629,0.0,5005.0,64792.0,0.0379,0.4888,0.49100000000000005,0.0,0.085,0.0,-0.002,10.288
364389544,4,0,-0.021,0.029,0.018000000000000002,0.039,0.0,-0.039900000000000005,0.0091,15.4,0.0004,65788.0,0.0574,0.0,7367.0,64656.0,0.0347,0.4888,0.49100000000000005,0.0,0.085,0.0,-0.004,10.288
364394139,4,0,-0.022,0.051000000000000004,0.015,0.039,0.0,-0.0385,0.008400000000000001,15.4,0.0005,65504.0,0.053700000000000005,0.0,11962.0,64792.0,0.033100000000000004,0.4888,0.49100000000000005,0.0,0.085,0.0,-0.037,10.224
364398545,4,0,-0.04,-0.033,0.033,0.04,0.0,-0.040600000000000004,0.013600000000000001,15.4,0.0004,65644.0,0.06470000000000001,0.0,16368.0,64792.0,0.0383,0.4899,0.49200000000000005,0.0,0.09,0.0,0.088,10.224
364403144,4,0,-0.015,0.0,0.002,0.04,0.0,-0.0392,0.0082,15.4,0.0002,65644.0,0.0555,0.0,0.0,64792.0,0.0335,0.4899,0.49200000000000005,0.0,0.09,0.0,0.077,10.224
364407195,4,0,-0.002,0.062,-0.016,0.04,0.0,-0.0422,0.0082,15.4,0.00030000000000000003,65788.0,0.0592,0.0,4051.0,64656.0,0.0356,0.4899,0.49000000000000005,0.0,0.073,0.0,-0.049,10.224
364409545,4,0,-0.04,0.031,-0.004,0.04,0.0,-0.042100000000000005,0.011600000000000001,15.4,0.0002,65504.0,0.0629,0.0,6401.0,64656.0,0.038,0.4899,0.49000000000000005,0.0,0.073,0.0,-0.094,10.224
364414153,4,0,0.021,0.057,0.003,0.04,0.0,-0.0403,0.004200000000000001,15.4,0.0002,65644.0,0.053700000000000005,0.0,11009.0,64792.0,0.0315,0.4899,0.49000000000000005,0.0,0.073,0.0,-0.203,10.294
364418543,4,0,0.032,-0.007,-0.041,0.04,0.0,-0.041800000000000004,0.004200000000000001,15.4,0.00030000000000000003,65644.0,0.0555,0.0,15399.0,64516.0,0.032600000000000004,0.48960000000000004,0.48900000000000005,0.0,0.052000000000000005,0.0,0.098,10.294
364423161,4,0,0.015,-0.023,-0.021,0.039,0.0,-0.0403,0.0019,15.4,0.0004,65644.0,0.05,0.0,0.0,64656.0,0.0298,0.48960000000000004,0.48900000000000005,0.0,0.052000000000000005,0.0,-0.261,10.294
364425545,4,0,0.051000000000000004,0.022,-0.005,0.039,0.0,-0.0426,0.0015,15.4,0.0005,65788.0,0.051800000000000006,0.0,2384.0,64792.0,0.031200000000000002,0.48960000000000004,0.48900000000000005,0.0,0.052000000000000005,0.0,-0.216,10.294
364429545,4,0,0.02,-0.006,-0.018000000000000002,0.039,0.0,-0.0437,-0.0001,15.4,0.0005,65644.0,0.051800000000000006,0.0,6384.0,64792.0,0.0309,0.48900000000000005,0.48800000000000004,0.0,0.03,0.0,-0.12,10.294
364434675,4,0,0.02,0.046,-0.05,0.039,0.0,-0.0432,0.0029000000000000002,15.4,0.0005,65644.0,0.0555,0.0,11514.0,64936.0,0.032600000000000004,0.48900000000000005,0.48800000000000004,0.0,0.03,0.0,-0.365,10.178
364439545,4,0,0.028,0.048,0.019,0.039,0.0,-0.0431,0.0008,15.4,0.0005,65936.0,0.0499,0.0,16384.0,64656.0,0.031100000000000003,0.48800000000000004,0.48600000000000004,0.0,0.003,0.0,-0.244,10.178
364442216,4,0,0.017,-0.017,0.024,0.039,0.0,-0.0422,-0.0008,15.4,0.0005,65644.0,0.048100000000000004,0.0,0.0,64516.0,0.029300000000000003,0.48800000000000004,0.48600000000000004,0.0,0.003,0.0,0.009000000000000001,10.178
364446546,4,0,0.015,0.054,-0.026000000000000002,0.04,0.0,-0.044000000000000004,-0.0001,15.4,0.00030000000000000003,65644.0,0.051800000000000006,0.0,4330.0,64792.0,0.031,0.4862,0.48300000000000004,0.0,-0.033,0.0,-0.116,10.178
364451178,4,0,0.044,0.016,0.005,0.04,0.0,-0.0429,-0.0041,15.4,0.00030000000000000003,65788.0,0.0444,0.0,8962.0,64792.0,0.0274,0.4862,0.48300000000000004,0.0,-0.033,0.0,0.066,10.235
364455180,4,0,0.028,-0.009000000000000001,0.04,0.04,0.0,-0.0441,-0.0017000000000000001,15.4,0.0002,65788.0,0.0499,0.0,12964.0,64656.0,0.029900000000000003,0.4862,0.48300000000000004,0.0,-0.033,0.0,0.101,10.235
364459545,4,0,0.029,0.049,0.031,0.04,0.0,-0.0459,-0.002,15.4,0.0002,65644.0,0.051800000000000006,0.0,17329.0,64936.0,0.031100000000000003,0.4837,0.47900000000000004,0.0,-0.077,0.0,-0.151,10.235
364462229,4,0,0.027,-0.014,0.025,0.04,0.0,-0.0438,0.0001,15.4,0.00030000000000000003,65644.0,0.051800000000000006,0.0,0.0,64656.0,0.031100000000000003,0.4837,0.47900000000000004,0.0,-0.077,0.0,0.183,10.235
364466545,4,0,-0.031,0.045,0.03,0.04,0.0,-0.0465,0.0063,15.4,0.0,65504.0,0.0629,0.0,4316.0,64792.0,0.0373,0.4824,0.48000000000000004,0.0,-0.08700000000000001,0.0,-0.06,10.235
364470546,4,0,-0.008,0.011,0.001,0.041,0.0,-0.042,0.007200000000000001,15.4,-0.0002,65644.0,0.0592,0.0,8317.0,64656.0,0.034800000000000005,0.4824,0.48000000000000004,0.0,-0.08700000000000001,0.0,0.214,10.235
364475550,4,0,-0.041,-0.017,0.0,0.041,0.0,-0.0439,0.0049,15.4,-0.0005,65504.0,0.057300000000000004,0.0,13321.0,64656.0,0.0344,0.4824,0.48000000000000004,0.0,-0.08700000000000001,0.0,-0.105,10.231
364478198,4,0,-0.022,0.023,0.015,0.042,0.0,-0.0408,0.0063,15.4,-0.0007,65644.0,0.0555,0.0,15969.0,64516.0,0.0333,0.48160000000000003,0.48000000000000004,0.0,-0.08700000000000001,0.0,-0.396,10.231
364482545,4,0,-0.045,-0.008,0.01,0.042,0.0,-0.045200000000000004,0.0078000000000000005,15.4,-0.0007,65504.0,0.0629,0.0,0.0,64792.0,0.0375,0.48160000000000003,0.48000000000000004,0.0,-0.08700000000000001,0.0,-0.048,10.231
364487245,4,0,-0.026000000000000002,-0.043000000000000003,-0.044,0.042,0.0,-0.040600000000000004,0.006200000000000001,15.4,-0.001,65788.0,0.0555,0.0,4700.0,64656.0,0.033100000000000004,0.48100000000000004,0.48000000000000004,0.0,-0.08,0.0,-0.084,10.231
364489545,4,0,-0.001,-0.014,-0.03,0.042,0.0,-0.0414,0.0026000000000000003,15.4,-0.001,65788.0,0.051800000000000006,0.0,7000.0,64656.0,0.031100000000000003,0.48100000000000004,0.48000000000000004,0.0,-0.08,0.0,0.304,10.231
364493546,4,0,-0.009000000000000001,-0.01,-0.002,0.043000000000000003,0.0,-0.046200000000000005,0.0041,15.4,-0.0011,65644.0,0.0592,0.0,11001.0,64936.0,0.0356,0.48100000000000004,0.48000000000000004,0.0,-0.08,0.0,-0.045,10.175
364498546,4,0,-0.033,-0.003,-0.042,0.043000000000000003,0.0,-0.042,0.0085,15.4,-0.0012000000000000001,65788.0,0.0592,0.0,16001.0,64656.0,0.0357,0.4807,0.48000000000000004,0.0,-0.07100000000000001,0.0,-0.34700000000000003,10.175
364503210,4,0,0.019,0.031,-0.014,0.042,0.0,-0.0446,0.003,15.4,-0.001,65788.0,0.0555,0.0,0.0,64656.0,0.0337,0.4807,0.48000000000000004,0.0,-0.07100000000000001,0.0,-0.234,10.175
364507574,4,0,-0.001,-0.034,0.013000000000000001,0.042,0.0,-0.0431,0.0036000000000000003,15.4,-0.0009000000000000001,65504.0,0.0536,0.0,4364.0,64936.0,0.033,0.48040000000000005,0.48000000000000004,0.0,-0.062,0.0,-0.396,10.175
364510214,4,0,0.008,0.03,-0.02,0.042,0.0,-0.0424,0.0047,15.4,-0.0008,65644.0,0.0555,0.0,7004.0,64656.0,0.0333,0.48040000000000005,0.48000000000000004,0.0,-0.062,0.0,-0.376,10.175
364514546,4,0,0.03,-0.026000000000000002,-0.017,0.042,0.0,-0.0426,0.0017000000000000001,15.4,-0.0006000000000000001,65644.0,0.051800000000000006,0.0,11336.0,64936.0,0.0313,0.48040000000000005,0.48000000000000004,0.0,-0.062,0.0,0.259,10.239
364519545,4,0,0.037,-0.009000000000000001,0.034,0.041,0.0,-0.044000000000000004,-0.0019,15.4,-0.0005,65788.0,0.0499,0.0,16335.0,64656.0,0.0298,0.4803,0.48000000000000004,0.0,-0.052000000000000005,0.0,-0.10300000000000001,10.239
364521545,4,0,0.04,0.015,0.039,0.041,0.0,-0.0459,-0.0004,15.4,-0.0005,65504.0,0.0536,0.0,0.0,64792.0,0.0322,0.4803,0.48000000000000004,0.0,-0.052000000000000005,0.0,0.161,10.239
364525545,4,0,0.058,-0.029,0.005,0.041,0.0,-0.040600000000000004,-0.0032,15.4,-0.0004,65788.0,0.0444,0.0,4000.0,64792.0,0.0264,0.4803,0.48000000000000004,0.0,-0.052000000000000005,0.0,-0.159,10.239
364530227,4,0,0.028,0.043000000000000003,0.026000000000000002,0.041,0.0,-0.0466,0.0004,15.4,-0.0004,65788.0,0.0555,0.0,8682.0,64656.0,0.0333,0.4798,0.47900000000000004,0.0,-0.051000000000000004,0.0,-0.34800000000000003,10.239
364534675,4,0,0.05,-0.002,0.021,0.041,0.0,-0.041600000000000005,-0.0028,15.4,-0.00030000000000000003,65788.0,0.046200000000000005,0.0,13130.0,64656.0,0.0274,0.4798,0.47900000000000004,0.0,-0.051000000000000004,0.0,0.179,10.218
364537278,4,0,0.039,-0.019,0.013000000000000001,0.041,0.0,-0.0373,-0.0034000000000000002,15.4,-0.0002,65644.0,0.0407,0.0,15733.0,64516.0,0.0239,0.4792,0.47800000000000004,0.0,-0.054,0.0,-0.113,10.218
364541542,4,0,0.053,0.028,0.01,0.04,0.0,-0.0448,-0.0045000000000000005,15.4,-0.0001,65644.0,0.046200000000000005,0.0,0.0,64656.0,0.0285,0.4792,0.47800000000000004,0.0,-0.054,0.0,0.08,10.218
364545546,4,0,0.02,-0.028,0.013000000000000001,0.041,0.0,-0.043000000000000003,-0.0006000000000000001,15.4,-0.0002,65788.0,0.0499,0.0,4004.0,64656.0,0.030000000000000002,0.4792,0.47800000000000004,0.0,-0.054,0.0,0.041,10.218
364550240,4,0,-0.059000000000000004,-0.004,-0.023,0.041,0.0,-0.0419,0.009000000000000001,15.4,-0.0004,65644.0,0.061000000000000006,0.0,8698.0,64656.0,0.0359,0.4788,0.47800000000000004,0.0,-0.051000000000000004,0.0,-0.353,10.218
364554509,4,0,-0.026000000000000002,-0.003,-0.017,0.042,0.0,-0.0422,0.0074,15.4,-0.0007,65788.0,0.0592,0.0,12967.0,64656.0,0.0351,0.4788,0.47800000000000004,0.0,-0.051000000000000004,0.0,0.123,10.239
364558542,4,0,-0.033,-0.029,-0.009000000000000001,0.042,0.0,-0.040600000000000004,-0.0025,15.4,-0.0009000000000000001,65504.0,0.0444,0.0,17000.0,64792.0,0.0269,0.47850000000000004,0.47800000000000004,0.0,-0.046,0.0,0.156,10.239
364561285,4,0,-0.064,-0.009000000000000001,-0.025,0.042,0.0,-0.0402,0.008,15.4,-0.0011,65644.0,0.057300000000000004,0.0,0.0,64792.0,0.0341,0.47850000000000004,0.47800000000000004,0.0,-0.046,0.0,0.279,10.239
364565542,4,0,-0.089,-0.024,-0.035,0.043000000000000003,0.0,-0.0405,0.0105,15.4,-0.0013000000000000002,65504.0,0.061000000000000006,0.0,4257.0,64792.0,0.0361,0.47850000000000004,0.47800000000000004,0.0,-0.046,0.0,0.41200000000000003,10.239
364570254,4,0,-0.03,-0.03,-0.023,0.044,0.0,-0.0381,0.0027,15.4,-0.0016,65788.0,0.048100000000000004,0.0,8969.0,64792.0,0.028800000000000003,0.47800000000000004,0.47700000000000004,0.0,-0.048,0.0,-0.061,10.239
364574546,4,0,-0.029,-0.016,-0.02,0.044,0.0,-0.039,0.0017000000000000001,15.39,-0.0016,65644.0,0.048100000000000004,0.0,13261.0,64656.0,0.0287,0.47800000000000004,0.47700000000000004,0.0,-0.048,0.0,0.01,10.182
364577304,4,0,-0.035,-0.022,-0.016,0.044,0.0,-0.0393,0.0089,15.39,-0.0017000000000000001,65644.0,0.057300000000000004,0.0,16019.0,64656.0,0.0341,0.4773,0.47600000000000003,0.0,-0.052000000000000005,0.0,-0.012,10.182
364582306,4,0,0.008,-0.025,0.004,0.043000000000000003,0.0,-0.0379,0.0023,15.39,-0.0015,65644.0,0.046200000000000005,0.0,0.0,64656.0,0.0284,0.4773,0.47600000000000003,0.0,-0.052000000000000005,0.0,-0.154,10.182
364587310,4,0,0.055,0.014,-0.013000000000000001,0.042,0.0,-0.042,-0.0013000000000000002,15.39,-0.001,65360.0,0.048100000000000004,0.0,5004.0,64792.0,0.028800000000000003,0.47790000000000005,0.47900000000000004,0.0,-0.03,0.0,0.093,10.182
364589545,4,0,0.011,-0.005,-0.014,0.042,0.0,-0.041100000000000005,0.0051,15.39,-0.0009000000000000001,65644.0,0.0536,0.0,7239.0,64792.0,0.0327,0.47790000000000005,0.47900000000000004,0.0,-0.03,0.0,-0.078,10.182
364593545,4,0,0.026000000000000002,0.014,0.008,0.042,0.0,-0.0386,0.010700000000000001,15.39,-0.0007,65788.0,0.0592,0.0,11239.0,64656.0,0.0349,0.47790000000000005,0.47900000000000004,0.0,-0.03,0.0,-0.364,10.186
364598543,4,0,0.052000000000000005,-0.008,0.026000000000000002,0.041,0.0,-0.0379,0.0006000000000000001,15.39,-0.0004,65644.0,0.0444,0.0,16237.0,64792.0,0.0273,0.47900000000000004,0.48100000000000004,0.0,-0.002,0.0,-0.006,10.186
364601313,4,0,0.066,0.006,0.014,0.041,0.0,-0.0376,0.0011,15.39,-0.00030000000000000003,65644.0,0.046200000000000005,0.0,0.0,64516.0,0.0273,0.47900000000000004,0.48100000000000004,0.0,-0.002,0.0,-0.40900000000000003,10.186
364606340,4,0,0.042,0.008,0.028,0.04,0.0,-0.04,-0.0012000000000000001,15.39,-0.0001,65788.0,0.0444,0.0,5027.0,64792.0,0.0275,0.4797,0.48100000000000004,0.0,0.013000000000000001,0.0,-0.23700000000000002,10.186
364610508,4,0,0.051000000000000004,0.004,0.032,0.04,0.0,-0.0402,0.0026000000000000003,15.39,-0.0001,65504.0,0.051800000000000006,0.0,9195.0,64792.0,0.0302,0.4797,0.48100000000000004,0.0,0.013000000000000001,0.0,0.154,10.186
364613321,4,0,0.061,0.02,0.03,0.04,0.0,-0.041800000000000004,-0.0048000000000000004,15.39,-0.0001,65644.0,0.0444,0.0,12008.0,64656.0,0.0262,0.4797,0.48100000000000004,0.0,0.013000000000000001,0.0,-0.218,10.222
364618321,4,0,0.061,-0.001,0.014,0.04,0.0,-0.0395,-0.0044,15.39,0.0,65644.0,0.0407,0.0,17008.0,64792.0,0.024800000000000003,0.4801,0.48100000000000004,0.0,0.019,0.0,0.122,10.222
364622337,4,0,-0.044,0.004,0.03,0.041,0.0,-0.040400000000000005,0.007500000000000001,15.39,-0.0002,65788.0,0.057300000000000004,0.0,0.0,64656.0,0.033800000000000004,0.4801,0.48100000000000004,0.0,0.019,0.0,0.02,10.222
364626508,4,0,0.031,-0.001,0.015,0.041,0.0,-0.0395,0.001,15.39,-0.0004,65644.0,0.048100000000000004,0.0,4171.0,64656.0,0.0286,0.47940000000000005,0.47800000000000004,0.0,0.0,0.0,-0.28600000000000003,10.222
364631329,4,0,-0.018000000000000002,-0.01,-0.007,0.041,0.0,-0.0393,0.0033,15.39,-0.0006000000000000001,65936.0,0.0499,0.0,8992.0,65076.0,0.0302,0.47940000000000005,0.47800000000000004,0.0,0.0,0.0,-0.018000000000000002,10.222
364633334,4,0,-0.024,0.005,-0.014,0.042,0.0,-0.0405,0.0063,15.39,-0.0007,65788.0,0.0555,0.0,10997.0,64792.0,0.033100000000000004,0.47940000000000005,0.47800000000000004,0.0,0.0,0.0,-0.327,10.184000000000001
364638337,4,0,-0.063,-0.009000000000000001,-0.008,0.042,0.0,-0.039400000000000004,0.010400000000000001,15.39,-0.0009000000000000001,65644.0,0.0592,0.0,16000.0,64792.0,0.0352,0.47750000000000004,0.47400000000000003,0.0,-0.037,0.0,-0.08600000000000001,10.184000000000001
364642386,4,0,-0.032,-0.002,-0.018000000000000002,0.043000000000000003,0.0,-0.0409,0.0046,15.39,-0.0011,65644.0,0.0536,0.0,0.0,64792.0,0.0322,0.47750000000000004,0.47400000000000003,0.0,-0.037,0.0,0.131,10.184000000000001
364647388,4,0,-0.013000000000000001,-0.003,-0.016,0.043000000000000003,0.0,-0.0383,0.006200000000000001,15.39,-0.0013000000000000002,65788.0,0.051800000000000006,0.0,5002.0,64656.0,0.0315,0.47590000000000005,0.47300000000000003,0.0,-0.061,0.0,0.122,10.184000000000001
364649507,4,0,-0.006,-0.011,-0.009000000000000001,0.043000000000000003,0.0,-0.038900000000000004,0.0047,15.39,-0.0013000000000000002,65788.0,0.051800000000000006,0.0,7121.0,64656.0,0.0308,0.47590000000000005,0.47300000000000003,0.0,-0.061,0.0,0.308,10.184000000000001
364654345,4,0,-0.008,0.002,-0.016,0.043000000000000003,0.0,-0.040100000000000004,0.0086,15.39,-0.0013000000000000002,65504.0,0.0592,0.0,11959.0,64656.0,0.0345,0.47590000000000005,0.47300000000000003,0.0,-0.061,0.0,0.14300000000000002,10.272
364658508,4,0,-0.019,0.008,-0.019,0.043000000000000003,0.0,-0.04,0.0098,15.39,-0.0012000000000000001,65788.0,0.057300000000000004,0.0,16122.0,64656.0,0.0352,0.4746,0.47200000000000003,0.0,-0.077,0.0,-0.312,10.272
364661349,4,0,-0.023,0.001,-0.006,0.043000000000000003,0.0,-0.0402,0.012,15.39,-0.0012000000000000001,65504.0,0.0629,0.0,0.0,64656.0,0.0369,0.4746,0.47200000000000003,0.0,-0.077,0.0,-0.015,10.272
364665379,4,0,-0.014,0.026000000000000002,-0.003,0.043000000000000003,0.0,-0.0412,0.009300000000000001,15.39,-0.0011,65644.0,0.0592,0.0,4030.0,64656.0,0.0357,0.4746,0.47200000000000003,0.0,-0.077,0.0,-0.354,10.272
364670322,4,0,0.013000000000000001,-0.002,0.004,0.043000000000000003,0.0,-0.040100000000000004,0.009300000000000001,15.39,-0.0012000000000000001,65644.0,0.0592,0.0,8973.0,64656.0,0.0349,0.4751,0.47600000000000003,0.0,-0.051000000000000004,0.0,-0.229,10.272
364674507,4,0,0.009000000000000001,0.012,0.008,0.043000000000000003,0.0,-0.041800000000000004,0.0016,15.39,-0.0013000000000000002,65644.0,0.051800000000000006,0.0,13158.0,64792.0,0.0307,0.4751,0.47600000000000003,0.0,-0.051000000000000004,0.0,0.07100000000000001,10.238
364679364,4,0,0.036000000000000004,0.029,0.011,0.043000000000000003,0.0,-0.0407,0.0008,15.39,-0.0012000000000000001,65644.0,0.0499,0.0,18015.0,64792.0,0.029300000000000003,0.4768,0.48000000000000004,0.0,-0.006,0.0,0.027,10.238
364681366,4,0,0.015,0.003,0.014,0.043000000000000003,0.0,-0.042,0.0015,15.39,-0.0011,65504.0,0.051800000000000006,0.0,0.0,64516.0,0.0308,0.4768,0.48000000000000004,0.0,-0.006,0.0,0.301,10.238
364685385,4,0,0.039,0.041,0.017,0.042,0.0,-0.0438,0.002,15.39,-0.0011,65644.0,0.0536,0.0,4019.0,64656.0,0.0324,0.4768,0.48000000000000004,0.0,-0.006,0.0,-0.068,10.238
364689507,4,0,0.025,0.002,0.016,0.042,0.0,-0.042800000000000005,0.0,15.39,-0.0011,65788.0,0.0499,0.0,8141.0,64516.0,0.0302,0.4793,0.48400000000000004,0.0,0.045,0.0,-0.176,10.238
364693508,4,0,0.026000000000000002,0.017,0.018000000000000002,0.042,0.0,-0.0436,-0.0005,15.39,-0.0011,65504.0,0.051800000000000006,0.0,12142.0,64792.0,0.030500000000000003,0.4793,0.48400000000000004,0.0,0.045,0.0,-0.039,10.257
364697541,4,0,0.024,0.029,0.003,0.043000000000000003,0.0,-0.0432,0.0016,15.39,-0.0011,65644.0,0.0536,0.0,16175.0,64656.0,0.0317,0.4827,0.48900000000000005,0.0,0.10400000000000001,0.0,-0.295,10.257
364702423,4,0,0.026000000000000002,-0.006,0.007,0.042,0.0,-0.042,-0.0031000000000000003,15.39,-0.001,65644.0,0.046200000000000005,0.0,0.0,64656.0,0.0275,0.4827,0.48900000000000005,0.0,0.10400000000000001,0.0,-0.135,10.257
364706507,4,0,0.02,0.011,0.002,0.042,0.0,-0.045000000000000005,-0.0009000000000000001,15.39,-0.0011,65644.0,0.051800000000000006,0.0,4084.0,64792.0,0.031200000000000002,0.4853,0.49000000000000005,0.0,0.134,0.0,0.032,10.257
364711381,4,0,0.007,0.029,-0.019,0.042,0.0,-0.042,0.0019,15.39,-0.0011,65504.0,0.051800000000000006,0.0,8958.0,64936.0,0.031100000000000003,0.4853,0.49000000000000005,0.0,0.134,0.0,0.125,10.257
364713543,4,0,0.008,0.003,-0.024,0.042,0.0,-0.044700000000000004,0.001,15.39,-0.0011,65644.0,0.0536,0.0,11120.0,64936.0,0.0323,0.4853,0.49000000000000005,0.0,0.134,0.0,0.258,10.154
364718350,4,0,-0.016,0.023,-0.017,0.043000000000000003,0.0,-0.0439,0.0025,15.39,-0.0012000000000000001,65644.0,0.0555,0.0,15927.0,64792.0,0.0328,0.4873,0.49100000000000005,0.0,0.148,0.0,0.088,10.154
364722403,4,0,-0.013000000000000001,-0.006,-0.019,0.043000000000000003,0.0,-0.041600000000000005,0.0064,15.39,-0.0013000000000000002,65788.0,0.0555,0.0,0.0,64656.0,0.0339,0.4873,0.49100000000000005,0.0,0.148,0.0,-0.211,10.154
364726507,4,0,-0.08,-0.016,-0.028,0.044,0.0,-0.0434,0.0106,15.39,-0.0017000000000000001,65504.0,0.06470000000000001,0.0,4104.0,64656.0,0.0381,0.4879,0.48900000000000005,0.0,0.13,0.0,-0.167,10.154
364729395,4,0,-0.02,0.0,-0.025,0.044,0.0,-0.041600000000000005,0.0076,15.39,-0.0018000000000000002,65788.0,0.057300000000000004,0.0,6992.0,64792.0,0.034800000000000005,0.4879,0.48900000000000005,0.0,0.13,0.0,-0.225,10.154
364734676,4,0,-0.073,-0.027,-0.006,0.045,0.0,-0.0426,0.012400000000000001,15.39,-0.0021000000000000003,65644.0,0.06470000000000001,0.0,12273.0,64792.0,0.038900000000000004,0.4879,0.48900000000000005,0.0,0.13,0.0,0.068,10.166
364737451,4,0,-0.059000000000000004,0.021,-0.01,0.045,0.0,-0.0425,0.0109,15.39,-0.0023,65504.0,0.0629,0.0,15048.0,64656.0,0.0378,0.4879,0.48800000000000004,0.0,0.105,0.0,0.035,10.166
364742450,4,0,-0.06,0.004,0.003,0.046,0.0,-0.0414,0.0135,15.39,-0.0026000000000000003,65644.0,0.06470000000000001,0.0,0.0,64656.0,0.0388,0.4879,0.48800000000000004,0.0,0.105,0.0,0.03,10.166
364747454,4,0,-0.033,-0.021,0.032,0.046,0.0,-0.0429,0.0041,15.39,-0.0027,65644.0,0.0555,0.0,5004.0,64656.0,0.0333,0.4879,0.48800000000000004,0.0,0.085,0.0,0.003,10.166
364749507,4,0,-0.027,0.019,0.022,0.046,0.0,-0.0419,0.0089,15.39,-0.0028,65504.0,0.061000000000000006,0.0,7057.0,64656.0,0.0359,0.4879,0.48800000000000004,0.0,0.085,0.0,0.027,10.166
364754506,4,0,0.011,-0.006,0.016,0.046,0.0,-0.041800000000000004,0.0061,15.39,-0.0027,65644.0,0.057300000000000004,0.0,12056.0,64656.0,0.0339,0.4879,0.48800000000000004,0.0,0.085,0.0,0.019,10.271
364758506,4,0,0.018000000000000002,-0.01,0.041,0.046,0.0,-0.0434,0.0049,15.39,-0.0026000000000000003,65788.0,0.057300000000000004,0.0,16056.0,64656.0,0.0342,0.48760000000000003,0.48700000000000004,0.0,0.061,0.0,0.241,10.271
364762507,4,0,0.036000000000000004,0.041,0.033,0.045,0.0,-0.042800000000000005,0.0048000000000000004,15.39,-0.0023,65504.0,0.0555,0.0,0.0,64792.0,0.033600000000000005,0.48760000000000003,0.48700000000000004,0.0,0.061,0.0,0.016,10.271
364767467,4,0,0.055,0.001,-0.012,0.044,0.0,-0.0426,0.009000000000000001,15.39,-0.002,65504.0,0.061000000000000006,0.0,4960.0,64656.0,0.036500000000000005,0.48700000000000004,0.48600000000000004,0.0,0.038,0.0,-0.14200000000000002,10.271
364769507,4,0,0.035,0.028,0.001,0.044,0.0,-0.041,0.0041,15.39,-0.0019,65644.0,0.0536,0.0,7000.0,64656.0,0.031900000000000005,0.48700000000000004,0.48600000000000004,0.0,0.038,0.0,0.042,10.271
364774506,4,0,0.082,0.028,0.02,0.044,0.0,-0.0438,0.0006000000000000001,15.39,-0.0017000000000000001,65644.0,0.051800000000000006,0.0,11999.0,64792.0,0.031400000000000004,0.48700000000000004,0.48600000000000004,0.0,0.038,0.0,-0.097,10.211
364778506,4,0,0.016,-0.021,-0.027,0.043000000000000003,0.0,-0.0438,0.0012000000000000001,15.39,-0.0016,65504.0,0.0536,0.0,15999.0,64936.0,0.0318,0.48700000000000004,0.48700000000000004,0.0,0.03,0.0,0.025,10.211
364783436,4,0,0.011,0.01,-0.027,0.044,0.0,-0.0436,0.0056,15.39,-0.0018000000000000002,65360.0,0.0592,0.0,0.0,64656.0,0.034800000000000005,0.48700000000000004,0.48700000000000004,0.0,0.03,0.0,0.09,10.211
364785506,4,0,0.055,-0.033,-0.01,0.044,0.0,-0.0426,-0.0041,15.39,-0.0018000000000000002,65504.0,0.0444,0.0,2070.0,64936.0,0.027200000000000002,0.48700000000000004,0.48700000000000004,0.0,0.03,0.0,0.134,10.211
364790436,4,0,0.018000000000000002,-0.01,-0.04,0.044,0.0,-0.0439,-0.0025,15.39,-0.0019,65504.0,0.048100000000000004,0.0,7000.0,64792.0,0.029300000000000003,0.4874,0.48800000000000004,0.0,0.031,0.0,-0.031,10.211
364794507,4,0,-0.02,0.033,-0.061,0.044,0.0,-0.0417,0.0045000000000000005,15.39,-0.002,65504.0,0.0555,0.0,11071.0,64792.0,0.0327,0.4874,0.48800000000000004,0.0,0.031,0.0,0.063,10.211
364799441,4,0,0.044,-0.004,-0.005,0.045,0.0,-0.0415,0.0018000000000000002,15.39,-0.0023,65504.0,0.0499,0.0,16005.0,64516.0,0.030600000000000002,0.4872,0.48700000000000004,0.0,0.022,0.0,0.002,10.175
364801444,4,0,0.015,0.032,-0.007,0.045,0.0,-0.042,-0.0046,15.39,-0.0024000000000000002,65360.0,0.0444,0.0,0.0,64792.0,0.0264,0.4872,0.48700000000000004,0.0,0.022,0.0,-0.28400000000000003,10.175
364805543,4,0,-0.023,-0.02,-0.032,0.045,0.0,-0.0417,0.0083,15.39,-0.0024000000000000002,65360.0,0.0592,0.0,4099.0,64516.0,0.035300000000000005,0.4872,0.48700000000000004,0.0,0.022,0.0,0.082,10.175
364810408,4,0,-0.062,-0.052000000000000005,0.003,0.046,0.0,-0.0403,0.0105,15.39,-0.0028,65504.0,0.061000000000000006,0.0,8964.0,64656.0,0.0359,0.4868,0.48600000000000004,0.0,0.009000000000000001,0.0,-0.066,10.175
364814506,4,0,-0.003,0.027,0.04,0.046,0.0,-0.0412,0.0019,15.39,-0.0029000000000000002,65644.0,0.0499,0.0,13062.0,64792.0,0.030500000000000003,0.4868,0.48600000000000004,0.0,0.009000000000000001,0.0,-0.167,10.175
364818506,4,0,-0.03,-0.018000000000000002,0.014,0.046,0.0,-0.0422,0.0073,15.39,-0.0029000000000000002,65644.0,0.0592,0.0,17062.0,64656.0,0.035,0.48550000000000004,0.48300000000000004,0.0,-0.02,0.0,0.367,10.229000000000001
364823469,4,0,-0.015,-0.039,0.031,0.046,0.0,-0.0405,0.0076,15.39,-0.003,65504.0,0.057300000000000004,0.0,0.0,64656.0,0.034,0.48550000000000004,0.48300000000000004,0.0,-0.02,0.0,0.001,10.229000000000001
364825547,4,0,0.003,0.008,0.053,0.046,0.0,-0.0415,0.0051,15.39,-0.003,65504.0,0.0536,0.0,2078.0,64656.0,0.033,0.48550000000000004,0.48300000000000004,0.0,-0.02,0.0,0.038,10.229000000000001
364830464,4,0,0.004,-0.034,0.032,0.046,0.0,-0.0402,0.006900000000000001,15.39,-0.0029000000000000002,65644.0,0.0555,0.0,6995.0,64792.0,0.0333,0.48360000000000003,0.48000000000000004,0.0,-0.054,0.0,-0.063,10.229000000000001
364834679,4,0,-0.026000000000000002,0.024,0.014,0.047,0.0,-0.044000000000000004,0.010400000000000001,15.39,-0.0031000000000000003,65504.0,0.06470000000000001,0.0,11210.0,64656.0,0.038400000000000004,0.48360000000000003,0.48000000000000004,0.0,-0.054,0.0,-0.492,10.229000000000001
364837516,4,0,0.01,-0.018000000000000002,0.025,0.047,0.0,-0.041100000000000005,0.0083,15.39,-0.0031000000000000003,65504.0,0.057300000000000004,0.0,14047.0,64792.0,0.035,0.4823,0.48000000000000004,0.0,-0.068,0.0,-0.23700000000000002,10.290000000000001
364842522,4,0,0.003,-0.038,0.018000000000000002,0.047,0.0,-0.0407,0.0073,15.39,-0.0033,65504.0,0.057300000000000004,0.0,0.0,64656.0,0.0339,0.4823,0.48000000000000004,0.0,-0.068,0.0,-0.147,10.290000000000001
364845476,4,0,0.013000000000000001,0.038,-0.02,0.047,0.0,-0.0424,0.0046,15.39,-0.0033,65360.0,0.0555,0.0,2954.0,64656.0,0.0333,0.4823,0.48000000000000004,0.0,-0.068,0.0,0.094,10.290000000000001
364850478,4,0,0.026000000000000002,-0.017,-0.006,0.047,0.0,-0.040600000000000004,0.0058000000000000005,15.39,-0.0033,65504.0,0.0555,0.0,7956.0,64792.0,0.0328,0.48150000000000004,0.48000000000000004,0.0,-0.07100000000000001,0.0,0.41400000000000003,10.290000000000001
364855505,4,0,0.037,-0.011,-0.02,0.047,0.0,-0.0463,-0.0005,15.39,-0.0032,65360.0,0.0536,0.0,12983.0,64792.0,0.0324,0.48150000000000004,0.48000000000000004,0.0,-0.07100000000000001,0.0,0.14400000000000002,10.290000000000001
364857533,4,0,0.06,0.015,-0.037,0.047,0.0,-0.0437,-0.0006000000000000001,15.39,-0.0031000000000000003,65644.0,0.051800000000000006,0.0,15011.0,64936.0,0.030500000000000003,0.4817,0.48200000000000004,0.0,-0.053,0.0,0.154,10.286
364862535,4,0,0.018000000000000002,-0.023,-0.036000000000000004,0.046,0.0,-0.040600000000000004,0.0044,15.39,-0.003,65360.0,0.0536,0.0,0.0,64792.0,0.0318,0.4817,0.48200000000000004,0.0,-0.053,0.0,-0.075,10.286
364865491,4,0,0.028,0.039,-0.014,0.047,0.0,-0.043000000000000003,0.003,15.39,-0.0031000000000000003,65360.0,0.0536,0.0,2956.0,64656.0,0.0325,0.4817,0.48200000000000004,0.0,-0.053,0.0,-0.494,10.286
364870494,4,0,0.045,0.012,-0.03,0.046,0.0,-0.041100000000000005,-0.0018000000000000002,15.39,-0.003,65360.0,0.046200000000000005,0.0,7959.0,64936.0,0.027800000000000002,0.48210000000000003,0.48300000000000004,0.0,-0.033,0.0,-0.265,10.286
364875498,4,0,0.037,-0.023,-0.014,0.046,0.0,-0.042100000000000005,-0.0001,15.39,-0.0031000000000000003,65504.0,0.0499,0.0,12963.0,64656.0,0.0297,0.48210000000000003,0.48300000000000004,0.0,-0.033,0.0,0.308,10.286
364877547,4,0,0.048,0.031,0.002,0.046,0.0,-0.0431,-0.002,15.39,-0.0031000000000000003,65644.0,0.048100000000000004,0.0,15012.0,64792.0,0.029,0.4824,0.48300000000000004,0.0,-0.021,0.0,0.056,10.123
364882549,4,0,0.041,-0.02,0.007,0.046,0.0,-0.041,-0.0016,15.39,-0.0029000000000000002,65360.0,0.046200000000000005,0.0,0.0,64792.0,0.027800000000000002,0.4824,0.48300000000000004,0.0,-0.021,0.0,0.1,10.123
364887579,4,0,0.04,-0.025,0.007,0.046,0.0,-0.0437,-0.0016,15.39,-0.0029000000000000002,65644.0,0.0499,0.0,5030.0,64656.0,0.0298,0.4823,0.48200000000000004,0.0,-0.02,0.0,-0.155,10.123
364890506,4,0,0.021,0.028,0.038,0.046,0.0,-0.042800000000000005,0.0012000000000000001,15.39,-0.0029000000000000002,65504.0,0.051800000000000006,0.0,7957.0,64656.0,0.031200000000000002,0.4823,0.48200000000000004,0.0,-0.02,0.0,-0.202,10.123
364895511,4,0,0.002,-0.023,0.045,0.046,0.0,-0.0393,0.0064,15.39,-0.003,65644.0,0.0536,0.0,12962.0,64792.0,0.0323,0.4823,0.48200000000000004,0.0,-0.02,0.0,0.01,10.123
364897575,4,0,-0.001,0.009000000000000001,0.017,0.046,0.0,-0.039,0.0037,15.39,-0.0031000000000000003,65504.0,0.0499,0.0,15026.0,64656.0,0.0302,0.4818,0.48100000000000004,0.0,-0.025,0.0,-0.358,10.189
364902563,4,0,-0.017,-0.008,0.018000000000000002,0.047,0.0,-0.04,0.0061,15.39,-0.0032,65504.0,0.0536,0.0,0.0,64792.0,0.032600000000000004,0.4818,0.48100000000000004,0.0,-0.025,0.0,0.085,10.189
364905552,4,0,-0.029,-0.023,0.039,0.047,0.0,-0.0397,0.0054,15.39,-0.0033,65360.0,0.051800000000000006,0.0,2989.0,64792.0,0.031900000000000005,0.4818,0.48100000000000004,0.0,-0.025,0.0,-0.217,10.189
364910518,4,0,-0.032,0.008,0.004,0.047,0.0,-0.040600000000000004,0.0077,15.39,-0.0035,65504.0,0.057300000000000004,0.0,7955.0,64792.0,0.0342,0.4808,0.47900000000000004,0.0,-0.04,0.0,0.05,10.189
364915564,4,0,-0.01,0.003,-0.007,0.048,0.0,-0.0402,0.0038,15.39,-0.0036000000000000003,65360.0,0.051800000000000006,0.0,13001.0,64656.0,0.031100000000000003,0.4808,0.47900000000000004,0.0,-0.04,0.0,0.328,10.189
364917574,4,0,-0.01,-0.01,0.002,0.048,0.0,-0.039,0.0044,15.39,-0.0036000000000000003,65644.0,0.051800000000000006,0.0,15011.0,64516.0,0.0307,0.48090000000000005,0.48100000000000004,0.0,-0.031,0.0,-0.11800000000000001,10.224
364922575,4,0,0.022,0.004,-0.008,0.047,0.0,-0.0383,0.0022,15.39,-0.0034000000000000002,65644.0,0.046200000000000005,0.0,0.0,64792.0,0.0287,0.48090000000000005,0.48100000000000004,0.0,-0.031,0.0,-0.179,10.224
364927821,4,0,-0.002,-0.034,-0.032,0.047,0.0,-0.0391,0.01,15.39,-0.0032,65504.0,0.057300000000000004,0.0,5246.0,64656.0,0.0347,0.4813,0.48200000000000004,0.0,-0.017,0.0,0.158,10.224
364930533,4,0,-0.015,-0.002,-0.035,0.047,0.0,-0.0393,0.0082,15.39,-0.0032,65644.0,0.0555,0.0,7958.0,64792.0,0.033600000000000005,0.4813,0.48200000000000004,0.0,-0.017,0.0,-0.229,10.224
364934678,4,0,0.048,-0.006,-0.013000000000000001,0.046,0.0,-0.0412,0.0013000000000000002,15.39,-0.0029000000000000002,65788.0,0.0499,0.0,12103.0,64936.0,0.030000000000000002,0.4813,0.48200000000000004,0.0,-0.017,0.0,0.397,10.224
364937587,4,0,-0.002,0.003,-0.016,0.046,0.0,-0.0417,0.0021000000000000003,15.39,-0.0028,65504.0,0.051800000000000006,0.0,15012.0,64656.0,0.0309,0.4822,0.48400000000000004,0.0,0.006,0.0,0.253,10.221
364942595,4,0,0.054,0.011,-0.018000000000000002,0.045,0.0,-0.0395,-0.0012000000000000001,15.39,-0.0025,65504.0,0.0444,0.0,0.0,64792.0,0.027100000000000003,0.4822,0.48400000000000004,0.0,0.006,0.0,0.333,10.221
364945586,4,0,0.067,-0.024,-0.005,0.045,0.0,-0.040100000000000004,-0.0073,15.39,-0.0024000000000000002,65504.0,0.0388,0.0,2991.0,64656.0,0.023200000000000002,0.4822,0.48400000000000004,0.0,0.006,0.0,0.355,10.221
364950546,4,0,0.064,-0.009000000000000001,0.003,0.044,0.0,-0.0392,-0.0037,15.39,-0.0021000000000000003,65360.0,0.0425,0.0,7951.0,64792.0,0.0251,0.48360000000000003,0.48600000000000004,0.0,0.031,0.0,-0.398,10.221
364955590,4,0,0.077,0.007,0.0,0.044,0.0,-0.0408,-0.005,15.39,-0.0019,65644.0,0.0425,0.0,12995.0,64656.0,0.0253,0.48360000000000003,0.48600000000000004,0.0,0.031,0.0,-0.367,10.221
364958553,4,0,0.06,-0.019,0.014,0.044,0.0,-0.041,-0.003,15.39,-0.0017000000000000001,65644.0,0.0444,0.0,15958.0,64656.0,0.0269,0.48300000000000004,0.48200000000000004,0.0,0.014,0.0,-0.088,10.201
364962601,4,0,0.034,0.011,0.014,0.043000000000000003,0.0,-0.0412,-0.0005,15.39,-0.0016,65504.0,0.048100000000000004,0.0,0.0,64656.0,0.028800000000000003,0.48300000000000004,0.48200000000000004,0.0,0.014,0.0,-0.27,10.201
364965598,4,0,0.038,-0.024,0.013000000000000001,0.043000000000000003,0.0,-0.0398,-0.0015,15.39,-0.0016,65504.0,0.0444,0.0,2997.0,64656.0,0.027100000000000003,0.48300000000000004,0.48200000000000004,0.0,0.014,0.0,0.19,10.201
364970559,4,0,-0.075,-0.021,0.01,0.044,0.0,-0.039400000000000004,0.010100000000000001,15.39,-0.0017000000000000001,65504.0,0.057300000000000004,0.0,7958.0,64656.0,0.0349,0.48090000000000005,0.47700000000000004,0.0,-0.031,0.0,-0.107,10.201
364975597,4,0,-0.046,-0.02,0.003,0.044,0.0,-0.0373,0.0067,15.39,-0.0021000000000000003,65644.0,0.051800000000000006,0.0,12996.0,64516.0,0.031100000000000003,0.48090000000000005,0.47700000000000004,0.0,-0.031,0.0,-0.339,10.201
364977614,4,0,-0.052000000000000005,-0.042,0.003,0.044,0.0,-0.0374,-0.0002,15.39,-0.0021000000000000003,65504.0,0.0444,0.0,15013.0,64656.0,0.0263,0.4802,0.47900000000000004,0.0,-0.038,0.0,-0.112,10.201
364982615,4,0,-0.05,-0.019,-0.01,0.045,0.0,-0.0393,0.0029000000000000002,15.39,-0.0023,65644.0,0.0499,0.0,0.0,64656.0,0.029900000000000003,0.4802,0.47900000000000004,0.0,-0.038,0.0,-0.461,10.205
364987552,4,0,-0.11800000000000001,-0.023,-0.008,0.046,0.0,-0.0385,0.014700000000000001,15.39,-0.0026000000000000003,65504.0,0.0629,0.0,4937.0,64792.0,0.0376,0.4802,0.48000000000000004,0.0,-0.032,0.0,-0.135,10.205
364989583,4,0,-0.066,-0.031,-0.002,0.046,0.0,-0.037700000000000004,0.0111,15.39,-0.0029000000000000002,65644.0,0.057300000000000004,0.0,6968.0,64656.0,0.0345,0.4802,0.48000000000000004,0.0,-0.032,0.0,-0.27,10.205
364995618,4,0,0.0,-0.038,-0.014,0.046,0.0,-0.0359,-0.0022,15.39,-0.0027,65504.0,0.0407,0.0,13003.0,64656.0,0.0239,0.4802,0.48000000000000004,0.0,-0.032,0.0,-0.041,10.205
364997626,4,0,-0.003,-0.037,-0.011,0.046,0.0,-0.0368,0.0086,15.39,-0.0026000000000000003,65504.0,0.051800000000000006,0.0,15011.0,64516.0,0.0322,0.48050000000000004,0.48100000000000004,0.0,-0.02,0.0,0.374,10.205
365002628,4,0,0.014,-0.017,0.002,0.046,0.0,-0.039900000000000005,0.0092,15.39,-0.0026000000000000003,65644.0,0.057300000000000004,0.0,0.0,64656.0,0.0347,0.48050000000000004,0.48100000000000004,0.0,-0.02,0.0,-0.149,10.155
365005625,4,0,0.08,-0.002,-0.003,0.045,0.0,-0.038900000000000004,0.0022,15.39,-0.0025,65504.0,0.048100000000000004,0.0,2997.0,64656.0,0.029,0.48050000000000004,0.48100000000000004,0.0,-0.02,0.0,-0.089,10.155
365010585,4,0,0.01,-0.007,0.003,0.045,0.0,-0.0396,0.01,15.39,-0.0021000000000000003,65644.0,0.057300000000000004,0.0,7957.0,64792.0,0.0351,0.48100000000000004,0.48200000000000004,0.0,-0.005,0.0,-0.133,10.155
365015631,4,0,0.062,-0.007,0.002,0.044,0.0,-0.0385,0.0059,15.39,-0.002,65504.0,0.051800000000000006,0.0,13003.0,64656.0,0.031400000000000004,0.48100000000000004,0.48200000000000004,0.0,-0.005,0.0,-0.011,10.155
365017639,4,0,0.064,-0.014,0.008,0.044,0.0,-0.037000000000000005,0.0,15.39,-0.0019,65504.0,0.0444,0.0,15011.0,64656.0,0.0261,0.4806,0.48000000000000004,0.0,-0.011,0.0,0.28300000000000003,10.155
365023595,4,0,0.046,-0.005,-0.006,0.044,0.0,-0.039,0.0029000000000000002,15.38,-0.0017000000000000001,65360.0,0.0499,0.0,0.0,64656.0,0.0296,0.4806,0.48000000000000004,0.0,-0.011,0.0,0.291,10.155
365025691,4,0,0.027,0.003,-0.01,0.044,0.0,-0.040100000000000004,0.001,15.38,-0.0017000000000000001,65360.0,0.048100000000000004,0.0,2096.0,64792.0,0.0291,0.4806,0.48000000000000004,0.0,-0.011,0.0,0.025,10.155
365030606,4,0,0.098,-0.02,0.004,0.043000000000000003,0.0,-0.0381,-0.0094,15.38,-0.0016,65504.0,0.0333,0.0,7011.0,64792.0,0.020200000000000003,0.4797,0.47800000000000004,0.0,-0.027,0.0,0.14300000000000002,10.155
365034677,4,0,0.052000000000000005,0.002,0.009000000000000001,0.043000000000000003,0.0,-0.041100000000000005,-0.0049,15.38,-0.0015,65504.0,0.0425,0.0,11082.0,64792.0,0.0256,0.4797,0.47800000000000004,0.0,-0.027,0.0,-0.129,10.155
365037651,4,0,0.044,-0.014,-0.002,0.043000000000000003,0.0,-0.0409,0.0,15.38,-0.0015,65788.0,0.048100000000000004,0.0,14056.0,64792.0,0.028900000000000002,0.48090000000000005,0.48300000000000004,0.0,0.001,0.0,-0.247,10.155
365042653,4,0,-0.041,-0.028,-0.003,0.044,0.0,-0.0379,0.0056,15.38,-0.0018000000000000002,65360.0,0.051800000000000006,0.0,0.0,64656.0,0.0308,0.48090000000000005,0.48300000000000004,0.0,0.001,0.0,-0.189,10.256
365045666,4,0,0.012,-0.02,0.002,0.044,0.0,-0.038200000000000005,0.0026000000000000003,15.38,-0.0019,65644.0,0.048100000000000004,0.0,3013.0,64656.0,0.028900000000000002,0.48090000000000005,0.48300000000000004,0.0,0.001,0.0,-0.394,10.256
365050619,4,0,-0.037,-0.024,-0.002,0.045,0.0,-0.0391,0.0059,15.38,-0.0021000000000000003,65504.0,0.0536,0.0,7966.0,64656.0,0.0318,0.48300000000000004,0.48700000000000004,0.0,0.044,0.0,0.083,10.256
365055662,4,0,-0.062,-0.02,-0.005,0.045,0.0,-0.0393,0.005200000000000001,15.38,-0.0023,65504.0,0.051800000000000006,0.0,13009.0,64516.0,0.0315,0.48300000000000004,0.48700000000000004,0.0,0.044,0.0,0.339,10.256
365057664,4,0,-0.082,-0.018000000000000002,-0.003,0.045,0.0,-0.038700000000000005,0.011000000000000001,15.38,-0.0024000000000000002,65644.0,0.0591,0.0,15011.0,64792.0,0.0352,0.4848,0.48800000000000004,0.0,0.07,0.0,0.098,10.256
365062666,4,0,-0.007,-0.03,0.008,0.046,0.0,-0.0371,0.0018000000000000002,15.38,-0.0026000000000000003,65788.0,0.046200000000000005,0.0,0.0,64516.0,0.0275,0.4848,0.48800000000000004,0.0,0.07,0.0,0.35000000000000003,10.222
365065665,4,0,-0.023,-0.006,0.01,0.046,0.0,-0.038200000000000005,0.0027,15.38,-0.0027,65788.0,0.048100000000000004,0.0,2999.0,64656.0,0.028900000000000002,0.4848,0.48800000000000004,0.0,0.07,0.0,-0.116,10.222
365070631,4,0,0.008,-0.022,0.012,0.046,0.0,-0.0375,0.0043,15.38,-0.0027,65504.0,0.0499,0.0,7965.0,64656.0,0.0296,0.4859,0.48800000000000004,0.0,0.079,0.0,-0.158,10.222
365075672,4,0,0.062,0.003,-0.002,0.045,0.0,-0.0412,0.0006000000000000001,15.38,-0.0023,65644.0,0.048100000000000004,0.0,13006.0,64656.0,0.0296,0.4859,0.48800000000000004,0.0,0.079,0.0,0.0,10.222
365077678,4,0,0.082,0.018000000000000002,-0.003,0.045,0.0,-0.042300000000000004,-0.0011,15.38,-0.0021000000000000003,65504.0,0.048100000000000004,0.0,15012.0,64656.0,0.0292,0.4873,0.49000000000000005,0.0,0.092,0.0,-0.394,10.222
365082676,4,0,0.045,-0.009000000000000001,0.014,0.044,0.0,-0.038200000000000005,0.0076,15.38,-0.0017000000000000001,65644.0,0.0536,0.0,0.0,64656.0,0.0324,0.4873,0.49000000000000005,0.0,0.092,0.0,-0.179,10.166
365087673,4,0,0.013000000000000001,0.004,0.012,0.043000000000000003,0.0,-0.0414,0.0038,15.38,-0.0015,65644.0,0.0517,0.0,4997.0,64656.0,0.032,0.48900000000000005,0.49200000000000005,0.0,0.106,0.0,-0.07200000000000001,10.166
365090643,4,0,0.078,-0.015,-0.02,0.043000000000000003,0.0,-0.0364,0.0025,15.38,-0.0015,65504.0,0.046200000000000005,0.0,7967.0,64516.0,0.0275,0.48900000000000005,0.49200000000000005,0.0,0.106,0.0,-0.581,10.166
365095677,4,0,0.058,-0.002,-0.009000000000000001,0.043000000000000003,0.0,-0.041600000000000005,-0.0067,15.38,-0.0012000000000000001,65504.0,0.0407,0.0,13001.0,64656.0,0.0246,0.48900000000000005,0.49200000000000005,0.0,0.106,0.0,-0.229,10.166
365097681,4,0,0.055,0.003,-0.011,0.043000000000000003,0.0,-0.041100000000000005,-0.0005,15.38,-0.0012000000000000001,65504.0,0.048100000000000004,0.0,15005.0,64656.0,0.0287,0.48860000000000003,0.48800000000000004,0.0,0.078,0.0,-0.328,10.166
365102729,4,0,0.078,-0.008,-0.021,0.042,0.0,-0.0402,-0.0092,15.38,-0.001,65644.0,0.037000000000000005,0.0,0.0,64656.0,0.0219,0.48860000000000003,0.48800000000000004,0.0,0.078,0.0,-0.367,10.146
365105691,4,0,0.067,0.011,-0.019,0.042,0.0,-0.0419,-0.0068000000000000005,15.38,-0.0009000000000000001,65504.0,0.0425,0.0,2962.0,64516.0,0.024800000000000003,0.48860000000000003,0.48800000000000004,0.0,0.078,0.0,-0.154,10.146
365110652,4,0,0.028,-0.012,-0.006,0.042,0.0,-0.0379,-0.0022,15.38,-0.0008,65504.0,0.0425,0.0,7923.0,64656.0,0.0252,0.4867,0.48300000000000004,0.0,0.023,0.0,-0.125,10.146
365115576,4,0,-0.001,-0.03,-0.007,0.042,0.0,-0.039400000000000004,0.0013000000000000002,15.38,-0.0009000000000000001,65504.0,0.048,0.0,12847.0,64656.0,0.028800000000000003,0.4867,0.48300000000000004,0.0,0.023,0.0,0.307,10.146
365117699,4,0,0.022,0.003,-0.011,0.042,0.0,-0.0407,-0.0057,15.38,-0.001,65360.0,0.0407,0.0,14970.0,64656.0,0.024800000000000003,0.4854,0.48300000000000004,0.0,-0.007,0.0,0.08700000000000001,10.146
365122742,4,0,0.017,-0.02,-0.002,0.042,0.0,-0.0381,-0.0014,15.38,-0.001,65504.0,0.0425,0.0,0.0,64792.0,0.026000000000000002,0.4854,0.48300000000000004,0.0,-0.007,0.0,0.17200000000000001,10.257
365125704,4,0,-0.047,-0.026000000000000002,0.01,0.042,0.0,-0.038200000000000005,0.0007,15.38,-0.001,65788.0,0.0444,0.0,2962.0,64656.0,0.0275,0.4854,0.48300000000000004,0.0,-0.007,0.0,0.32,10.257
365130664,4,0,0.005,0.009000000000000001,0.011,0.043000000000000003,0.0,-0.0395,0.0009000000000000001,15.38,-0.0012000000000000001,65504.0,0.048,0.0,7922.0,64792.0,0.0286,0.4838,0.48100000000000004,0.0,-0.036000000000000004,0.0,-0.081,10.257
365135585,4,0,-0.032,-0.042,0.023,0.043000000000000003,0.0,-0.0373,0.0009000000000000001,15.38,-0.0013000000000000002,65644.0,0.046200000000000005,0.0,12843.0,64656.0,0.027,0.4838,0.48100000000000004,0.0,-0.036000000000000004,0.0,-0.092,10.257
365137747,4,0,-0.002,-0.004,0.027,0.043000000000000003,0.0,-0.0366,0.0047,15.38,-0.0013000000000000002,65788.0,0.048100000000000004,0.0,15005.0,64516.0,0.0292,0.48210000000000003,0.47900000000000004,0.0,-0.063,0.0,-0.025,10.257
365142750,4,0,0.012,-0.011,0.02,0.042,0.0,-0.037000000000000005,0.0016,15.38,-0.0011,65644.0,0.046200000000000005,0.0,0.0,64656.0,0.0273,0.48210000000000003,0.47900000000000004,0.0,-0.063,0.0,-0.083,10.257
365145712,4,0,-0.001,-0.029,0.013000000000000001,0.042,0.0,-0.0373,0.0036000000000000003,15.38,-0.0009000000000000001,65936.0,0.048100000000000004,0.0,2962.0,64656.0,0.029,0.48210000000000003,0.47900000000000004,0.0,-0.063,0.0,0.018000000000000002,10.257
365151676,4,0,-0.008,-0.011,0.017,0.042,0.0,-0.0391,0.0063,15.38,-0.0007,65644.0,0.0536,0.0,8926.0,64656.0,0.032100000000000004,0.48140000000000005,0.48000000000000004,0.0,-0.065,0.0,-0.049,10.257
365154674,4,0,0.008,-0.026000000000000002,0.007,0.041,0.0,-0.037200000000000004,0.0045000000000000005,15.38,-0.0006000000000000001,65504.0,0.0499,0.0,11924.0,64516.0,0.029500000000000002,0.48140000000000005,0.48000000000000004,0.0,-0.065,0.0,-0.125,10.257
365157550,4,0,-0.022,0.007,0.003,0.041,0.0,-0.0374,0.006200000000000001,15.38,-0.0006000000000000001,65644.0,0.0517,0.0,14800.0,64516.0,0.0308,0.4813,0.48100000000000004,0.0,-0.055,0.0,-0.028,10.257
365161677,4,0,0.036000000000000004,-0.006,-0.01,0.041,0.0,-0.038700000000000005,0.0,15.38,-0.0005,65644.0,0.046200000000000005,0.0,0.0,64656.0,0.0274,0.4813,0.48100000000000004,0.0,-0.055,0.0,-0.14300000000000002,10.251
365166693,4,0,0.045,-0.036000000000000004,-0.014,0.041,0.0,-0.0381,-0.0011,15.38,-0.0004,65788.0,0.0425,0.0,5016.0,64656.0,0.0262,0.4808,0.48000000000000004,0.0,-0.053,0.0,-0.216,10.251
365170730,4,0,0.026000000000000002,-0.016,-0.024,0.041,0.0,-0.038400000000000004,-0.003,15.38,-0.0002,65644.0,0.0407,0.0,9053.0,64376.0,0.025,0.4808,0.48000000000000004,0.0,-0.053,0.0,-0.14100000000000001,10.251
365175577,4,0,0.073,0.01,-0.018000000000000002,0.04,0.0,-0.0391,-0.0026000000000000003,15.38,0.0001,65788.0,0.0425,0.0,13900.0,64656.0,0.0258,0.4808,0.48000000000000004,0.0,-0.053,0.0,-0.181,10.251
365177771,4,0,0.03,-0.013000000000000001,-0.025,0.04,0.0,-0.0415,-0.0038,15.38,0.0002,65644.0,0.0444,0.0,16094.0,64516.0,0.0267,0.4802,0.47900000000000004,0.0,-0.055,0.0,0.105,10.251
365182777,4,0,0.04,0.006,-0.022,0.039,0.0,-0.0368,-0.0004,15.38,0.0004,65644.0,0.0425,0.0,0.0,64656.0,0.0258,0.4802,0.47900000000000004,0.0,-0.055,0.0,0.181,10.215
365185716,4,0,0.014,-0.033,-0.008,0.039,0.0,-0.038200000000000005,-0.002,15.38,0.0004,65788.0,0.0425,0.0,2939.0,64516.0,0.0256,0.4802,0.47900000000000004,0.0,-0.055,0.0,0.107,10.215
365190548,4,0,0.051000000000000004,-0.004,-0.005,0.039,0.0,-0.038,-0.0057,15.38,0.0005,65788.0,0.037000000000000005,0.0,7771.0,64376.0,0.0228,0.4801,0.48000000000000004,0.0,-0.045,0.0,-0.067,10.215
365194549,4,0,0.06,-0.007,-0.013000000000000001,0.039,0.0,-0.038400000000000004,-0.006500000000000001,15.38,0.0007,65644.0,0.037000000000000005,0.0,11772.0,64516.0,0.022600000000000002,0.4801,0.48000000000000004,0.0,-0.045,0.0,-0.151,10.215
365198743,4,0,0.035,-0.031,0.012,0.038,0.0,-0.0391,-0.0023,15.38,0.0009000000000000001,65788.0,0.0444,0.0,15966.0,64376.0,0.026000000000000002,0.48040000000000005,0.48100000000000004,0.0,-0.03,0.0,-0.146,10.215
365202785,4,0,-0.027,-0.008,0.021,0.038,0.0,-0.039,0.0017000000000000001,15.38,0.0008,65788.0,0.048,0.0,0.0,64376.0,0.028800000000000003,0.48040000000000005,0.48100000000000004,0.0,-0.03,0.0,-0.049,10.206
365205571,4,0,-0.009000000000000001,-0.049,0.017,0.038,0.0,-0.0374,0.0026000000000000003,15.38,0.0008,65644.0,0.048,0.0,2786.0,64516.0,0.028300000000000002,0.48040000000000005,0.48100000000000004,0.0,-0.03,0.0,0.116,10.206
365210547,4,0,-0.068,-0.028,0.017,0.039,0.0,-0.038200000000000005,0.0048000000000000004,15.38,0.0005,65788.0,0.0499,0.0,7762.0,64656.0,0.0304,0.4806,0.48100000000000004,0.0,-0.02,0.0,0.11,10.206
365215565,4,0,-0.031,0.008,0.022,0.04,0.0,-0.0375,0.0014,15.38,0.0002,65644.0,0.046200000000000005,0.0,12780.0,64516.0,0.0275,0.4806,0.48100000000000004,0.0,-0.02,0.0,-0.038,10.206
365217803,4,0,-0.064,-0.064,0.01,0.04,0.0,-0.035,0.0066,15.38,0.0002,65644.0,0.048100000000000004,0.0,15018.0,64656.0,0.029400000000000003,0.48040000000000005,0.48000000000000004,0.0,-0.02,0.0,0.149,10.206
365222548,4,0,-0.067,0.004,-0.003,0.04,0.0,-0.0388,0.0078000000000000005,15.38,0.0,65504.0,0.055400000000000005,0.0,0.0,64516.0,0.0329,0.48040000000000005,0.48000000000000004,0.0,-0.02,0.0,-0.025,10.272
365226762,4,0,-0.031,0.005,0.014,0.041,0.0,-0.036000000000000004,0.0077,15.38,-0.00030000000000000003,65936.0,0.0517,0.0,4214.0,64516.0,0.0309,0.4806,0.48100000000000004,0.0,-0.012,0.0,-0.12,10.272
365231548,4,0,0.001,-0.05,-0.001,0.041,0.0,-0.0375,-0.0021000000000000003,15.38,-0.00030000000000000003,65504.0,0.0425,0.0,9000.0,64792.0,0.025,0.4806,0.48100000000000004,0.0,-0.012,0.0,0.147,10.272
365233549,4,0,0.012,0.002,-0.011,0.041,0.0,-0.0374,0.001,15.38,-0.00030000000000000003,65644.0,0.046200000000000005,0.0,11001.0,64376.0,0.027200000000000002,0.4806,0.48100000000000004,0.0,-0.012,0.0,-0.02,10.272
365237777,4,0,-0.012,-0.032,-0.003,0.04,0.0,-0.038,0.0092,15.38,-0.0001,65360.0,0.055400000000000005,0.0,15229.0,64516.0,0.0333,0.4811,0.48200000000000004,0.0,0.0,0.0,0.003,10.272
365242553,4,0,0.02,-0.026000000000000002,-0.008,0.04,0.0,-0.0366,0.0022,15.38,0.0001,65644.0,0.0444,0.0,0.0,64516.0,0.0274,0.4811,0.48200000000000004,0.0,0.0,0.0,-0.371,10.204
365247554,4,0,0.023,0.032,-0.018000000000000002,0.039,0.0,-0.039400000000000004,0.0037,15.38,0.0005,65644.0,0.0499,0.0,5001.0,64516.0,0.030500000000000003,0.4807,0.48000000000000004,0.0,-0.008,0.0,-0.371,10.204
365249573,4,0,-0.008,-0.018000000000000002,-0.002,0.039,0.0,-0.0398,0.0071,15.38,0.0006000000000000001,65504.0,0.055400000000000005,0.0,7020.0,64792.0,0.0332,0.4807,0.48000000000000004,0.0,-0.008,0.0,-0.291,10.204
365253780,4,0,0.051000000000000004,0.016,-0.003,0.039,0.0,-0.0374,-0.001,15.38,0.0006000000000000001,65788.0,0.0425,0.0,11227.0,64656.0,0.0258,0.4807,0.48000000000000004,0.0,-0.008,0.0,-0.06,10.204
365258547,4,0,0.079,0.003,-0.021,0.038,0.0,-0.038700000000000005,-0.005200000000000001,15.38,0.0008,65788.0,0.0407,0.0,15994.0,64376.0,0.0236,0.4798,0.47800000000000004,0.0,-0.025,0.0,0.194,10.204
365262553,4,0,0.044,-0.016,-0.004,0.038,0.0,-0.038900000000000004,-0.0007,15.38,0.0009000000000000001,65644.0,0.046200000000000005,0.0,0.0,64656.0,0.027,0.4798,0.47800000000000004,0.0,-0.025,0.0,-0.11900000000000001,10.214
365267554,4,0,0.041,0.012,0.008,0.038,0.0,-0.0383,-0.0017000000000000001,15.38,0.0011,65644.0,0.0425,0.0,5001.0,64516.0,0.025900000000000003,0.47950000000000004,0.47900000000000004,0.0,-0.026000000000000002,0.0,-0.015,10.214
365269583,4,0,0.062,-0.024,-0.004,0.038,0.0,-0.038900000000000004,-0.0051,15.38,0.0012000000000000001,65644.0,0.0407,0.0,7030.0,64376.0,0.0239,0.47950000000000004,0.47900000000000004,0.0,-0.026000000000000002,0.0,0.064,10.214
365274547,4,0,0.02,-0.006,-0.004,0.037,0.0,-0.0392,-0.004,15.38,0.0013000000000000002,65644.0,0.0407,0.0,11994.0,64516.0,0.024900000000000002,0.47950000000000004,0.47900000000000004,0.0,-0.026000000000000002,0.0,-0.138,10.214
365278786,4,0,-0.023,0.022,0.009000000000000001,0.038,0.0,-0.0395,0.007200000000000001,15.38,0.0011,65644.0,0.055400000000000005,0.0,16233.0,64516.0,0.033,0.4797,0.48000000000000004,0.0,-0.017,0.0,-0.193,10.214
365282813,4,0,-0.021,-0.024,-0.008,0.038,0.0,-0.0381,0.0044,15.38,0.0008,65644.0,0.0499,0.0,0.0,64656.0,0.030000000000000002,0.4797,0.48000000000000004,0.0,-0.017,0.0,0.083,10.271
365285709,4,0,-0.007,0.008,-0.01,0.039,0.0,-0.037700000000000004,0.0013000000000000002,15.38,0.0007,65644.0,0.046200000000000005,0.0,2896.0,64516.0,0.027600000000000003,0.4797,0.48000000000000004,0.0,-0.017,0.0,-0.063,10.271
365289828,4,0,-0.08700000000000001,-0.008,0.011,0.039,0.0,-0.0392,0.0115,15.38,0.0004,65644.0,0.0591,0.0,7015.0,64656.0,0.0358,0.4801,0.48100000000000004,0.0,-0.004,0.0,0.444,10.271
365294809,4,0,-0.082,-0.027,0.002,0.04,0.0,-0.04,0.0073,15.38,0.0,65644.0,0.055400000000000005,0.0,11996.0,64516.0,0.0334,0.4801,0.48100000000000004,0.0,-0.004,0.0,0.073,10.271
365297554,4,0,-0.067,0.002,0.006,0.041,0.0,-0.0392,0.0073,15.38,-0.0002,65788.0,0.055400000000000005,0.0,14741.0,64656.0,0.0328,0.4808,0.48200000000000004,0.0,0.01,0.0,-0.10300000000000001,10.271
365301828,4,0,-0.059000000000000004,-0.026000000000000002,0.014,0.041,0.0,-0.0383,0.0085,15.38,-0.0006000000000000001,65504.0,0.0536,0.0,0.0,64516.0,0.033100000000000004,0.4808,0.48200000000000004,0.0,0.01,0.0,0.224,10.196
365306552,4,0,-0.057,-0.013000000000000001,-0.006,0.042,0.0,-0.0379,0.01,15.38,-0.0007,65644.0,0.055400000000000005,0.0,4724.0,64516.0,0.0339,0.4812,0.48200000000000004,0.0,0.016,0.0,-0.034,10.196
365311553,4,0,-0.016,0.018000000000000002,0.0,0.042,0.0,-0.0396,0.008700000000000001,15.38,-0.0007,65504.0,0.057300000000000004,0.0,9725.0,64516.0,0.0342,0.4812,0.48200000000000004,0.0,0.016,0.0,-0.091,10.196
365313554,4,0,-0.025,-0.008,0.013000000000000001,0.041,0.0,-0.039900000000000005,0.0097,15.38,-0.0006000000000000001,65504.0,0.057300000000000004,0.0,11726.0,64656.0,0.0351,0.4812,0.48200000000000004,0.0,0.016,0.0,-0.03,10.196
365317821,4,0,0.07100000000000001,0.047,0.009000000000000001,0.041,0.0,-0.0439,-0.00030000000000000003,15.38,-0.0004,65360.0,0.0517,0.0,15993.0,64516.0,0.0308,0.48150000000000004,0.48200000000000004,0.0,0.018000000000000002,0.0,-0.124,10.196
365321828,4,0,0.02,0.019,-0.004,0.041,0.0,-0.041,0.0103,15.38,-0.00030000000000000003,65644.0,0.061000000000000006,0.0,0.0,64792.0,0.0363,0.48150000000000004,0.48200000000000004,0.0,0.018000000000000002,0.0,0.383,10.316
365326812,4,0,0.064,-0.006,0.005,0.04,0.0,-0.0403,0.0029000000000000002,15.38,-0.0001,65788.0,0.0517,0.0,4984.0,64656.0,0.030500000000000003,0.4817,0.48200000000000004,0.0,0.018000000000000002,0.0,-0.152,10.316
365329581,4,0,0.068,0.013000000000000001,0.007,0.04,0.0,-0.039400000000000004,0.00030000000000000003,15.38,0.0,65360.0,0.046200000000000005,0.0,7753.0,64516.0,0.0281,0.4817,0.48200000000000004,0.0,0.018000000000000002,0.0,-0.437,10.316
365333825,4,0,0.096,0.002,0.002,0.039,0.0,-0.0422,-0.0035,15.38,0.00030000000000000003,65504.0,0.046200000000000005,0.0,11997.0,64656.0,0.0274,0.4817,0.48200000000000004,0.0,0.018000000000000002,0.0,0.115,10.316
365338549,4,0,0.023,0.036000000000000004,-0.015,0.039,0.0,-0.044500000000000005,0.005200000000000001,15.38,0.0004,65504.0,0.057300000000000004,0.0,16721.0,64656.0,0.0351,0.48140000000000005,0.48100000000000004,0.0,0.01,0.0,-0.041,10.316
365342815,4,0,0.042,0.03,-0.015,0.039,0.0,-0.0437,-0.0031000000000000003,15.38,0.00030000000000000003,65644.0,0.048,0.0,0.0,64656.0,0.0287,0.48140000000000005,0.48100000000000004,0.0,0.01,0.0,-0.022,10.166
365347548,4,0,-0.013000000000000001,0.017,-0.023,0.04,0.0,-0.0444,0.0025,15.38,0.0002,65504.0,0.055400000000000005,0.0,4733.0,64792.0,0.0332,0.4813,0.48100000000000004,0.0,0.005,0.0,0.028,10.166
365349577,4,0,-0.034,0.033,-0.021,0.04,0.0,-0.045000000000000005,0.0051,15.38,0.0001,65644.0,0.0591,0.0,6762.0,64656.0,0.035500000000000004,0.4813,0.48100000000000004,0.0,0.005,0.0,-0.152,10.166
365353814,4,0,-0.021,-0.016,-0.018000000000000002,0.04,0.0,-0.039,0.001,15.38,0.0,65504.0,0.048,0.0,10999.0,64516.0,0.028300000000000002,0.4813,0.48100000000000004,0.0,0.005,0.0,0.301,10.166
365358552,4,0,-0.026000000000000002,-0.016,-0.02,0.04,0.0,-0.0414,-0.0074,15.38,-0.0002,65360.0,0.0388,0.0,15737.0,64656.0,0.0241,0.4808,0.48000000000000004,0.0,-0.005,0.0,-0.106,10.166
365362816,4,0,-0.117,0.023,-0.022,0.041,0.0,-0.0448,0.0176,15.38,-0.0005,65360.0,0.07390000000000001,0.0,0.0,64656.0,0.0442,0.4808,0.48000000000000004,0.0,-0.005,0.0,-0.5690000000000001,10.171
365365594,4,0,-0.082,0.001,-0.002,0.042,0.0,-0.0449,0.0103,15.38,-0.0007,65504.0,0.0665,0.0,2778.0,64792.0,0.0391,0.4808,0.48000000000000004,0.0,-0.005,0.0,-0.342,10.171
365369851,4,0,-0.022,-0.005,0.018000000000000002,0.042,0.0,-0.0398,-0.0018000000000000002,15.38,-0.0009000000000000001,65644.0,0.0443,0.0,7035.0,64656.0,0.0269,0.4802,0.47900000000000004,0.0,-0.017,0.0,-0.609,10.171
365374551,4,0,-0.028,0.024,0.026000000000000002,0.042,0.0,-0.044700000000000004,0.0058000000000000005,15.38,-0.0009000000000000001,65504.0,0.0591,0.0,11735.0,64792.0,0.0357,0.4802,0.47900000000000004,0.0,-0.017,0.0,0.052000000000000005,10.171
365378553,4,0,-0.035,-0.002,0.023,0.042,0.0,-0.042,0.0122,15.38,-0.001,65360.0,0.06470000000000001,0.0,15737.0,64516.0,0.0383,0.47940000000000005,0.47800000000000004,0.0,-0.029,0.0,0.23700000000000002,10.171
365382829,4,0,0.036000000000000004,0.024,0.046,0.041,0.0,-0.0432,0.0005,15.38,-0.0007,65504.0,0.0499,0.0,0.0,64936.0,0.0308,0.47940000000000005,0.47800000000000004,0.0,-0.029,0.0,-0.299,10.202
365385680,4,0,0.001,0.02,0.036000000000000004,0.041,0.0,-0.0444,0.005200000000000001,15.38,-0.0005,65216.0,0.057300000000000004,0.0,2851.0,64792.0,0.0351,0.47940000000000005,0.47800000000000004,0.0,-0.029,0.0,0.28400000000000003,10.202
365389838,4,0,0.013000000000000001,0.025,0.024,0.041,0.0,-0.0439,0.0097,15.38,-0.0004,65360.0,0.06280000000000001,0.0,7009.0,64656.0,0.0379,0.4782,0.47600000000000003,0.0,-0.047,0.0,-0.527,10.202
365394554,4,0,0.011,0.035,0.018000000000000002,0.041,0.0,-0.0425,0.0078000000000000005,15.38,-0.00030000000000000003,65504.0,0.0591,0.0,11725.0,64792.0,0.0356,0.4782,0.47600000000000003,0.0,-0.047,0.0,-0.41400000000000003,10.202
365399552,4,0,0.021,0.016,-0.005,0.041,0.0,-0.0431,0.0044,15.38,-0.00030000000000000003,65504.0,0.055400000000000005,0.0,16723.0,64792.0,0.033600000000000005,0.4771,0.47500000000000003,0.0,-0.06,0.0,0.337,10.202
365401554,4,0,-0.006,0.031,-0.026000000000000002,0.041,0.0,-0.0436,0.0064,15.38,-0.0004,65504.0,0.0591,0.0,0.0,64656.0,0.0354,0.4771,0.47500000000000003,0.0,-0.06,0.0,0.013000000000000001,10.202
365405865,4,0,0.027,0.015,-0.022,0.041,0.0,-0.0443,0.0018000000000000002,15.38,-0.0005,65504.0,0.0536,0.0,4311.0,64792.0,0.032600000000000004,0.47740000000000005,0.47800000000000004,0.0,-0.042,0.0,0.063,10.272
365410554,4,0,0.049,0.02,-0.037,0.041,0.0,-0.045200000000000004,-0.0021000000000000003,15.38,-0.0006000000000000001,65644.0,0.0517,0.0,9000.0,64656.0,0.030500000000000003,0.47740000000000005,0.47800000000000004,0.0,-0.042,0.0,-0.17300000000000001,10.272
365415564,4,0,0.038,0.03,-0.044,0.042,0.0,-0.0459,-0.0017000000000000001,15.38,-0.0007,65644.0,0.0517,0.0,14010.0,64792.0,0.0313,0.47740000000000005,0.47800000000000004,0.0,-0.042,0.0,-0.507,10.272
365417852,4,0,0.021,0.009000000000000001,-0.04,0.042,0.0,-0.0455,0.0021000000000000003,15.38,-0.0009000000000000001,65504.0,0.055400000000000005,0.0,16298.0,64656.0,0.0337,0.4787,0.48100000000000004,0.0,-0.008,0.0,-0.227,10.272
365422855,4,0,-0.012,0.014,-0.018000000000000002,0.042,0.0,-0.0443,0.003,15.38,-0.0011,65504.0,0.055400000000000005,0.0,0.0,64792.0,0.0334,0.4787,0.48100000000000004,0.0,-0.008,0.0,-0.234,10.272
365425586,4,0,0.008,0.006,-0.02,0.042,0.0,-0.0451,0.0028,15.38,-0.0011,65504.0,0.057300000000000004,0.0,2731.0,64792.0,0.0339,0.4787,0.48100000000000004,0.0,-0.008,0.0,-0.015,10.136000000000001
365430546,4,0,-0.058,0.01,0.001,0.043000000000000003,0.0,-0.0449,0.006500000000000001,15.38,-0.0012000000000000001,65644.0,0.061000000000000006,0.0,7691.0,64656.0,0.0364,0.4798,0.48200000000000004,0.0,0.017,0.0,0.419,10.136000000000001
365434547,4,0,-0.025,0.013000000000000001,0.02,0.043000000000000003,0.0,-0.044000000000000004,0.0053,15.38,-0.0014,65504.0,0.057300000000000004,0.0,11692.0,64656.0,0.0349,0.4798,0.48200000000000004,0.0,0.017,0.0,0.28600000000000003,10.136000000000001
365437490,4,0,-0.064,0.002,0.03,0.043000000000000003,0.0,-0.043500000000000004,0.005,15.38,-0.0015,65504.0,0.057300000000000004,0.0,14635.0,64516.0,0.034300000000000004,0.4813,0.48400000000000004,0.0,0.042,0.0,0.555,10.136000000000001
365441821,4,0,-0.029,-0.003,0.026000000000000002,0.044,0.0,-0.0426,0.0045000000000000005,15.38,-0.0017000000000000001,65504.0,0.055400000000000005,0.0,0.0,64656.0,0.0333,0.4813,0.48400000000000004,0.0,0.042,0.0,0.164,10.136000000000001
365445851,4,0,-0.058,-0.004,0.04,0.044,0.0,-0.0417,0.0085,15.38,-0.0019,65360.0,0.0591,0.0,4030.0,64656.0,0.035500000000000004,0.4822,0.48400000000000004,0.0,0.053,0.0,-0.10200000000000001,10.197000000000001
365450072,4,0,-0.027,-0.017,0.037,0.044,0.0,-0.0422,0.0063,15.38,-0.0021000000000000003,65360.0,0.057300000000000004,0.0,8251.0,64376.0,0.034300000000000004,0.4822,0.48400000000000004,0.0,0.053,0.0,0.083,10.197000000000001
365454829,4,0,-0.012,-0.007,0.03,0.044,0.0,-0.0419,0.006900000000000001,15.38,-0.0021000000000000003,65504.0,0.057300000000000004,0.0,13008.0,64792.0,0.0345,0.4822,0.48400000000000004,0.0,0.053,0.0,-0.081,10.197000000000001
365458832,4,0,-0.009000000000000001,-0.003,0.024,0.044,0.0,-0.0434,0.008400000000000001,15.38,-0.002,65504.0,0.061000000000000006,0.0,17011.0,64656.0,0.0366,0.4832,0.48500000000000004,0.0,0.062,0.0,-0.2,10.197000000000001
365462881,4,0,0.009000000000000001,-0.017,-0.004,0.044,0.0,-0.0417,0.007200000000000001,15.38,-0.002,65504.0,0.0591,0.0,0.0,64516.0,0.0346,0.4832,0.48500000000000004,0.0,0.062,0.0,0.248,10.197000000000001
365465595,4,0,0.03,-0.009000000000000001,-0.019,0.044,0.0,-0.0419,0.005200000000000001,15.38,-0.0019,65504.0,0.055400000000000005,0.0,2714.0,64656.0,0.0334,0.4832,0.48500000000000004,0.0,0.062,0.0,-0.006,10.169
365470582,4,0,0.024,-0.013000000000000001,-0.017,0.044,0.0,-0.042800000000000005,0.0068000000000000005,15.38,-0.0017000000000000001,65644.0,0.057300000000000004,0.0,7701.0,64792.0,0.0351,0.48350000000000004,0.48400000000000004,0.0,0.055,0.0,0.228,10.169
365475548,4,0,0.014,-0.004,-0.03,0.043000000000000003,0.0,-0.0417,0.0027,15.38,-0.0015,65644.0,0.0536,0.0,12667.0,64656.0,0.031400000000000004,0.48350000000000004,0.48400000000000004,0.0,0.055,0.0,0.278,10.169
365477548,4,0,0.013000000000000001,-0.021,-0.033,0.043000000000000003,0.0,-0.0414,0.0071,15.38,-0.0014,65644.0,0.057300000000000004,0.0,14667.0,64516.0,0.034300000000000004,0.4833,0.48300000000000004,0.0,0.041,0.0,0.036000000000000004,10.169
365481848,4,0,0.027,-0.008,-0.03,0.042,0.0,-0.0419,0.001,15.38,-0.0011,65504.0,0.0517,0.0,0.0,64656.0,0.0304,0.4833,0.48300000000000004,0.0,0.041,0.0,0.201,10.169
365486851,4,0,0.018000000000000002,0.013000000000000001,-0.032,0.042,0.0,-0.043000000000000003,0.0056,15.38,-0.001,65644.0,0.057300000000000004,0.0,5003.0,64656.0,0.0344,0.4829,0.48200000000000004,0.0,0.023,0.0,-0.008,10.169
365490852,4,0,0.016,-0.003,-0.023,0.042,0.0,-0.043000000000000003,0.0015,15.370000000000001,-0.0011,65644.0,0.0517,0.0,9004.0,64656.0,0.031400000000000004,0.4829,0.48200000000000004,0.0,0.023,0.0,-0.363,10.218
365495577,4,0,0.022,-0.013000000000000001,-0.008,0.043000000000000003,0.0,-0.0412,-0.0018000000000000002,15.370000000000001,-0.0012000000000000001,65644.0,0.046200000000000005,0.0,13729.0,64792.0,0.027800000000000002,0.4829,0.48200000000000004,0.0,0.023,0.0,-0.14,10.218
365497903,4,0,0.05,0.0,0.0,0.042,0.0,-0.0417,-0.0044,15.370000000000001,-0.0012000000000000001,65504.0,0.0443,0.0,16055.0,64516.0,0.0264,0.48360000000000003,0.48500000000000004,0.0,0.034,0.0,-0.191,10.218
365502906,4,0,0.038,-0.025,0.013000000000000001,0.042,0.0,-0.0409,-0.0022,15.370000000000001,-0.001,65504.0,0.046200000000000005,0.0,0.0,64516.0,0.0274,0.48360000000000003,0.48500000000000004,0.0,0.034,0.0,-0.059000000000000004,10.218
365505551,4,0,0.022,0.001,0.018000000000000002,0.042,0.0,-0.0409,0.0011,15.370000000000001,-0.001,65504.0,0.0499,0.0,2645.0,64516.0,0.0297,0.48360000000000003,0.48500000000000004,0.0,0.034,0.0,-0.146,10.218
365509864,4,0,0.02,-0.03,0.026000000000000002,0.042,0.0,-0.0395,0.0035,15.370000000000001,-0.001,65644.0,0.0499,0.0,6958.0,64656.0,0.0304,0.48550000000000004,0.48900000000000005,0.0,0.065,0.0,-0.139,10.143
365513868,4,0,-0.065,-0.02,0.026000000000000002,0.043000000000000003,0.0,-0.0419,0.010700000000000001,15.370000000000001,-0.0012000000000000001,65360.0,0.06280000000000001,0.0,10962.0,64656.0,0.037200000000000004,0.48550000000000004,0.48900000000000005,0.0,0.065,0.0,0.023,10.143
365517917,4,0,-0.038,-0.004,0.023,0.043000000000000003,0.0,-0.039900000000000005,0.0088,15.370000000000001,-0.0014,65644.0,0.057300000000000004,0.0,15011.0,64656.0,0.0344,0.48600000000000004,0.48700000000000004,0.0,0.062,0.0,-0.10400000000000001,10.143
365522918,4,0,-0.04,-0.041,0.021,0.044,0.0,-0.0383,0.0102,15.370000000000001,-0.0016,65504.0,0.057300000000000004,0.0,0.0,64656.0,0.034300000000000004,0.48600000000000004,0.48700000000000004,0.0,0.062,0.0,-0.069,10.143
365525578,4,0,-0.04,-0.005,0.013000000000000001,0.044,0.0,-0.038700000000000005,0.0081,15.370000000000001,-0.0017000000000000001,65644.0,0.055400000000000005,0.0,2660.0,64376.0,0.033100000000000004,0.48600000000000004,0.48700000000000004,0.0,0.062,0.0,-0.097,10.143
365530548,4,0,-0.074,-0.033,0.002,0.044,0.0,-0.0383,0.0151,15.370000000000001,-0.0019,65504.0,0.06280000000000001,0.0,7630.0,64656.0,0.037700000000000004,0.4857,0.48500000000000004,0.0,0.043000000000000003,0.0,-0.095,10.147
365535715,4,0,-0.034,-0.052000000000000005,-0.003,0.044,0.0,-0.0371,0.0041,15.370000000000001,-0.002,65644.0,0.0499,0.0,12797.0,64376.0,0.0291,0.4857,0.48500000000000004,0.0,0.043000000000000003,0.0,-0.002,10.147
365537930,4,0,-0.025,-0.009000000000000001,-0.012,0.044,0.0,-0.037700000000000004,0.009000000000000001,15.370000000000001,-0.0021000000000000003,65644.0,0.055400000000000005,0.0,15012.0,64516.0,0.033,0.48510000000000003,0.48400000000000004,0.0,0.022,0.0,0.026000000000000002,10.147
365542547,4,0,-0.006,-0.039,-0.019,0.044,0.0,-0.037700000000000004,0.0082,15.370000000000001,-0.002,65788.0,0.0536,0.0,0.0,64516.0,0.0325,0.48510000000000003,0.48400000000000004,0.0,0.022,0.0,0.023,10.147
365546890,4,0,0.06,-0.054,-0.011,0.043000000000000003,0.0,-0.0359,0.0012000000000000001,15.370000000000001,-0.0016,65644.0,0.0443,0.0,4343.0,64376.0,0.0262,0.4847,0.48400000000000004,0.0,0.01,0.0,0.012,10.147
365550891,4,0,0.045,0.016,-0.021,0.042,0.0,-0.0383,0.004,15.370000000000001,-0.0011,65360.0,0.0499,0.0,8344.0,64656.0,0.029900000000000003,0.4847,0.48400000000000004,0.0,0.01,0.0,-0.128,10.186
365555578,4,0,0.068,-0.042,-0.015,0.042,0.0,-0.0364,0.0092,15.370000000000001,-0.0008,65644.0,0.0536,0.0,13031.0,64376.0,0.0323,0.4847,0.48400000000000004,0.0,0.01,0.0,-0.14100000000000001,10.186
365557941,4,0,0.033,0.002,-0.01,0.041,0.0,-0.0358,0.0058000000000000005,15.370000000000001,-0.0006000000000000001,65504.0,0.0499,0.0,15394.0,64656.0,0.029400000000000003,0.4838,0.48200000000000004,0.0,-0.011,0.0,-0.023,10.186
365562548,4,0,0.11800000000000001,-0.017,-0.011,0.041,0.0,-0.0378,-0.0019,15.370000000000001,-0.0002,65504.0,0.0425,0.0,0.0,64656.0,0.025400000000000002,0.4838,0.48200000000000004,0.0,-0.011,0.0,-0.194,10.186
365566905,4,0,0.078,-0.044,-0.013000000000000001,0.039,0.0,-0.038400000000000004,-0.0049,15.370000000000001,0.00030000000000000003,65504.0,0.0388,0.0,4357.0,64656.0,0.023700000000000002,0.4824,0.48000000000000004,0.0,-0.035,0.0,-0.202,10.186
365569559,4,0,0.056,-0.004,-0.005,0.039,0.0,-0.037200000000000004,0.0023,15.370000000000001,0.0004,65644.0,0.046200000000000005,0.0,7011.0,64656.0,0.028,0.4824,0.48000000000000004,0.0,-0.035,0.0,0.062,10.186
365573910,4,0,0.089,-0.035,0.006,0.039,0.0,-0.037700000000000004,-0.006,15.370000000000001,0.0006000000000000001,65504.0,0.0369,0.0,11362.0,64656.0,0.0224,0.4824,0.48000000000000004,0.0,-0.035,0.0,-0.109,10.208
365577957,4,0,0.075,-0.026000000000000002,0.012,0.039,0.0,-0.037200000000000004,-0.013900000000000001,15.370000000000001,0.0007,65504.0,0.027700000000000002,0.0,15409.0,64516.0,0.0164,0.48300000000000004,0.48400000000000004,0.0,-0.017,0.0,-0.035,10.208
365582961,4,0,-0.013000000000000001,0.002,0.008,0.039,0.0,-0.0356,0.0033,15.370000000000001,0.0007,65360.0,0.046200000000000005,0.0,0.0,64656.0,0.0275,0.48300000000000004,0.48400000000000004,0.0,-0.017,0.0,-0.032,10.208
365585683,4,0,-0.027,-0.036000000000000004,0.014,0.039,0.0,-0.038200000000000005,0.0019,15.370000000000001,0.0007,65504.0,0.046200000000000005,0.0,2722.0,64656.0,0.0284,0.48300000000000004,0.48400000000000004,0.0,-0.017,0.0,-0.10300000000000001,10.208
365590545,4,0,0.046,-0.018000000000000002,0.012,0.038,0.0,-0.0361,-0.015000000000000001,15.370000000000001,0.0009000000000000001,65504.0,0.024,0.0,7584.0,64656.0,0.0149,0.48510000000000003,0.48900000000000005,0.0,0.029,0.0,-0.438,10.208
365594559,4,0,0.051000000000000004,-0.024,0.003,0.038,0.0,-0.035500000000000004,-0.0053,15.370000000000001,0.0011,65504.0,0.0369,0.0,11598.0,64792.0,0.0213,0.48510000000000003,0.48900000000000005,0.0,0.029,0.0,-0.17200000000000001,10.206
365598922,4,0,-0.04,-0.046,0.018000000000000002,0.038,0.0,-0.039,0.006200000000000001,15.370000000000001,0.0009000000000000001,65504.0,0.0536,0.0,15961.0,64516.0,0.032,0.48650000000000004,0.48900000000000005,0.0,0.05,0.0,-0.185,10.206
365602972,4,0,0.028,-0.007,0.014,0.038,0.0,-0.035,-0.006,15.370000000000001,0.001,65360.0,0.0332,0.0,0.0,64792.0,0.0205,0.48650000000000004,0.48900000000000005,0.0,0.05,0.0,-0.189,10.206
365605586,4,0,0.021,-0.038,0.012,0.038,0.0,-0.0367,-0.0079,15.370000000000001,0.001,65644.0,0.0332,0.0,2614.0,64656.0,0.0204,0.48650000000000004,0.48900000000000005,0.0,0.05,0.0,-0.009000000000000001,10.206
365610548,4,0,0.013000000000000001,-0.006,-0.012,0.038,0.0,-0.0371,-0.00030000000000000003,15.370000000000001,0.0011,65360.0,0.0443,0.0,7576.0,64936.0,0.026000000000000002,0.48700000000000004,0.48800000000000004,0.0,0.051000000000000004,0.0,-0.094,10.206
365614951,4,0,0.017,-0.008,0.001,0.037,0.0,-0.0347,0.0001,15.370000000000001,0.0014,65504.0,0.040600000000000004,0.0,11979.0,64376.0,0.0246,0.48700000000000004,0.48800000000000004,0.0,0.051000000000000004,0.0,-0.291,10.21
365617549,4,0,0.02,-0.044,0.001,0.037,0.0,-0.032600000000000004,-0.00030000000000000003,15.370000000000001,0.0015,65504.0,0.0388,0.0,14577.0,64516.0,0.0228,0.4863,0.48500000000000004,0.0,0.027,0.0,-0.374,10.21
365621939,4,0,0.009000000000000001,-0.005,-0.007,0.036000000000000004,0.0,-0.0366,-0.0002,15.370000000000001,0.0019,65504.0,0.0425,0.0,0.0,64656.0,0.0257,0.4863,0.48500000000000004,0.0,0.027,0.0,-0.444,10.21
365625965,4,0,0.02,-0.027,-0.011,0.036000000000000004,0.0,-0.035,0.0023,15.370000000000001,0.0022,65360.0,0.0425,0.0,4026.0,64792.0,0.0264,0.48510000000000003,0.48300000000000004,0.0,-0.002,0.0,-0.136,10.21
365630942,4,0,0.031,-0.058,-0.006,0.035,0.0,-0.0341,-0.0018000000000000002,15.370000000000001,0.0023,65504.0,0.0388,0.0,9003.0,64516.0,0.0228,0.48510000000000003,0.48300000000000004,0.0,-0.002,0.0,0.06,10.21
365635699,4,0,0.032,-0.024,-0.019,0.035,0.0,-0.034300000000000004,-0.006,15.370000000000001,0.0024000000000000002,65360.0,0.0332,0.0,13760.0,64656.0,0.02,0.48510000000000003,0.48300000000000004,0.0,-0.002,0.0,-0.016,10.185
365637995,4,0,0.043000000000000003,-0.062,-0.004,0.035,0.0,-0.0333,-0.0041,15.370000000000001,0.0026000000000000003,65504.0,0.0332,0.0,16056.0,64936.0,0.0206,0.4844,0.48300000000000004,0.0,-0.016,0.0,0.002,10.185
365642548,4,0,0.032,-0.041,-0.003,0.034,0.0,-0.0337,-0.0059,15.370000000000001,0.0027,65504.0,0.031400000000000004,0.0,0.0,64516.0,0.019700000000000002,0.4844,0.48300000000000004,0.0,-0.016,0.0,-0.516,10.185
365646572,4,0,0.061,-0.015,0.006,0.034,0.0,-0.0354,-0.006500000000000001,15.370000000000001,0.003,65644.0,0.0351,0.0,4024.0,64516.0,0.0205,0.4839,0.48300000000000004,0.0,-0.023,0.0,-0.355,10.185
365650956,4,0,0.036000000000000004,-0.056,0.007,0.033,0.0,-0.0339,-0.0055000000000000005,15.370000000000001,0.0033,65504.0,0.0332,0.0,8408.0,64656.0,0.02,0.4839,0.48300000000000004,0.0,-0.023,0.0,0.11900000000000001,10.185
365655564,4,0,0.023,-0.037,0.006,0.033,0.0,-0.0342,-0.006,15.370000000000001,0.0034000000000000002,65504.0,0.0332,0.0,13016.0,64516.0,0.0199,0.4839,0.48300000000000004,0.0,-0.023,0.0,-0.099,10.269
365658006,4,0,0.05,-0.037,0.002,0.033,0.0,-0.0342,-0.008,15.370000000000001,0.0036000000000000003,65504.0,0.031400000000000004,0.0,15458.0,64792.0,0.018500000000000003,0.4839,0.48400000000000004,0.0,-0.018000000000000002,0.0,0.082,10.269
365663017,4,0,0.026000000000000002,-0.064,0.019,0.032,0.0,-0.032,-0.0067,15.370000000000001,0.0038,65504.0,0.029500000000000002,0.0,0.0,64516.0,0.0179,0.4839,0.48400000000000004,0.0,-0.018000000000000002,0.0,0.268,10.269
365665548,4,0,0.03,-0.028,0.003,0.032,0.0,-0.0329,-0.0053,15.370000000000001,0.0039000000000000003,65216.0,0.0332,0.0,2531.0,64516.0,0.0196,0.4839,0.48400000000000004,0.0,-0.018000000000000002,0.0,0.316,10.269
365669558,4,0,0.031,-0.075,0.0,0.032,0.0,-0.0313,-0.0076,15.370000000000001,0.004,65504.0,0.027700000000000002,0.0,6541.0,64516.0,0.0167,0.4847,0.48600000000000004,0.0,0.0,0.0,0.125,10.269
365673972,4,0,0.02,-0.022,0.021,0.031,0.0,-0.0354,-0.008,15.370000000000001,0.004200000000000001,65504.0,0.0332,0.0,10955.0,64656.0,0.0194,0.4847,0.48600000000000004,0.0,0.0,0.0,-0.337,10.217
365678021,4,0,0.069,-0.042,0.0,0.031,0.0,-0.030100000000000002,-0.009000000000000001,15.370000000000001,0.0044,65504.0,0.024,0.0,15004.0,64376.0,0.0149,0.4844,0.48400000000000004,0.0,-0.004,0.0,-0.021,10.217
365682548,4,0,0.049,-0.06,-0.022,0.031,0.0,-0.033600000000000005,-0.0102,15.370000000000001,0.0046,65504.0,0.0258,0.0,0.0,64516.0,0.0165,0.4844,0.48400000000000004,0.0,-0.004,0.0,-0.156,10.217
365686566,4,0,0.031,-0.011,0.001,0.03,0.0,-0.0341,-0.0043,15.370000000000001,0.0047,65644.0,0.0351,0.0,4018.0,64656.0,0.021,0.4839,0.48300000000000004,0.0,-0.013000000000000001,0.0,-0.169,10.217
365690984,4,0,0.068,-0.022,0.007,0.03,0.0,-0.0332,-0.0074,15.370000000000001,0.005,65504.0,0.029500000000000002,0.0,8436.0,64656.0,0.0183,0.4839,0.48300000000000004,0.0,-0.013000000000000001,0.0,0.296,10.217
365695558,4,0,0.001,-0.062,-0.013000000000000001,0.03,0.0,-0.033100000000000004,-0.0012000000000000001,15.370000000000001,0.0051,65644.0,0.0369,0.0,13010.0,64516.0,0.022600000000000002,0.4839,0.48300000000000004,0.0,-0.013000000000000001,0.0,0.331,10.286
365698032,4,0,0.021,-0.008,-0.012,0.029,0.0,-0.0337,-0.0002,15.370000000000001,0.005200000000000001,65788.0,0.0388,0.0,15484.0,64656.0,0.023700000000000002,0.4822,0.47900000000000004,0.0,-0.045,0.0,0.137,10.286
365702548,4,0,0.012,-0.064,0.013000000000000001,0.029,0.0,-0.0323,-0.0045000000000000005,15.370000000000001,0.0053,65644.0,0.0332,0.0,0.0,64516.0,0.019700000000000002,0.4822,0.47900000000000004,0.0,-0.045,0.0,0.222,10.286
365706586,4,0,0.007,-0.023,0.006,0.029,0.0,-0.033,-0.0055000000000000005,15.370000000000001,0.0053,65504.0,0.0332,0.0,4038.0,64656.0,0.0195,0.48000000000000004,0.47600000000000003,0.0,-0.08,0.0,-0.365,10.286
365710995,4,0,0.007,-0.007,-0.01,0.029,0.0,-0.032600000000000004,-0.0019,15.370000000000001,0.0054,65504.0,0.0369,0.0,8447.0,64516.0,0.0217,0.48000000000000004,0.47600000000000003,0.0,-0.08,0.0,-0.297,10.286
365715555,4,0,0.02,-0.054,0.021,0.029,0.0,-0.0329,-0.0078000000000000005,15.370000000000001,0.0055000000000000005,65644.0,0.029500000000000002,0.0,13007.0,64516.0,0.0178,0.48000000000000004,0.47600000000000003,0.0,-0.08,0.0,0.10400000000000001,10.17
365718046,4,0,-0.002,0.001,0.012,0.029,0.0,-0.0339,-0.003,15.370000000000001,0.0055000000000000005,65644.0,0.0369,0.0,15498.0,64656.0,0.0218,0.47900000000000004,0.47700000000000004,0.0,-0.085,0.0,-0.079,10.17
365722550,4,0,0.021,-0.033,0.007,0.028,0.0,-0.0337,-0.0039000000000000003,15.370000000000001,0.0057,65504.0,0.0351,0.0,0.0,64516.0,0.021,0.47900000000000004,0.47700000000000004,0.0,-0.085,0.0,0.247,10.17
365727006,4,0,0.008,-0.037,0.012,0.028,0.0,-0.034800000000000005,-0.0034000000000000002,15.370000000000001,0.0057,65504.0,0.0369,0.0,4456.0,64656.0,0.0222,0.4786,0.47800000000000004,0.0,-0.075,0.0,-0.14,10.17
365731007,4,0,0.021,0.006,-0.005,0.028,0.0,-0.0335,-0.0041,15.370000000000001,0.0058000000000000005,65504.0,0.0332,0.0,8457.0,64516.0,0.020800000000000003,0.4786,0.47800000000000004,0.0,-0.075,0.0,-0.561,10.17
365735676,4,0,0.019,-0.02,-0.011,0.028,0.0,-0.0335,-0.0022,15.370000000000001,0.0059,65504.0,0.0369,0.0,13126.0,64516.0,0.0221,0.4786,0.47800000000000004,0.0,-0.075,0.0,-0.154,10.17
365738059,4,0,0.007,0.006,0.0,0.028,0.0,-0.034800000000000005,-0.0018000000000000002,15.370000000000001,0.006,65644.0,0.0388,0.0,15509.0,64516.0,0.0233,0.47840000000000005,0.47800000000000004,0.0,-0.064,0.0,-0.367,10.200000000000001
365742548,4,0,0.014,-0.001,-0.001,0.027,0.0,-0.0349,-0.002,15.370000000000001,0.0061,65504.0,0.0388,0.0,0.0,64656.0,0.0233,0.47840000000000005,0.47800000000000004,0.0,-0.064,0.0,0.277,10.200000000000001
365746572,4,0,0.014,-0.02,-0.013000000000000001,0.027,0.0,-0.034300000000000004,-0.0048000000000000004,15.370000000000001,0.006200000000000001,65644.0,0.0351,0.0,4024.0,64516.0,0.020900000000000002,0.4786,0.47900000000000004,0.0,-0.047,0.0,0.107,10.200000000000001
365751022,4,0,0.025,0.006,-0.012,0.027,0.0,-0.035300000000000005,-0.0063,15.370000000000001,0.0063,65644.0,0.0332,0.0,8474.0,64516.0,0.0205,0.4786,0.47900000000000004,0.0,-0.047,0.0,-0.386,10.200000000000001
365755549,4,0,0.032,0.006,-0.002,0.027,0.0,-0.0354,-0.0049,15.370000000000001,0.0064,65360.0,0.0369,0.0,13001.0,64516.0,0.021500000000000002,0.4786,0.47900000000000004,0.0,-0.047,0.0,-0.199,10.200000000000001
365758117,4,0,0.032,0.005,-0.013000000000000001,0.027,0.0,-0.036500000000000005,-0.0071,15.370000000000001,0.006500000000000001,65504.0,0.0332,0.0,15569.0,64516.0,0.020800000000000003,0.4781,0.47700000000000004,0.0,-0.049,0.0,-0.312,10.132
365762548,4,0,0.041,0.017,-0.009000000000000001,0.026000000000000002,0.0,-0.0364,-0.0064,15.370000000000001,0.0066,65788.0,0.0351,0.0,0.0,64376.0,0.0212,0.4781,0.47700000000000004,0.0,-0.049,0.0,0.008,10.132
365766572,4,0,0.022,-0.01,0.009000000000000001,0.026000000000000002,0.0,-0.0366,-0.006500000000000001,15.370000000000001,0.0067,65360.0,0.0351,0.0,4024.0,64516.0,0.0212,0.4773,0.47600000000000003,0.0,-0.054,0.0,0.364,10.132
365771035,4,0,0.035,0.011,-0.001,0.026000000000000002,0.0,-0.037000000000000005,-0.0058000000000000005,15.370000000000001,0.0068000000000000005,65504.0,0.0369,0.0,8487.0,64516.0,0.0221,0.4773,0.47600000000000003,0.0,-0.054,0.0,0.036000000000000004,10.132
365775548,4,0,0.021,0.016,-0.002,0.026000000000000002,0.0,-0.0369,-0.006200000000000001,15.370000000000001,0.0068000000000000005,65936.0,0.0351,0.0,13000.0,64656.0,0.0217,0.4773,0.47600000000000003,0.0,-0.054,0.0,0.058,10.132
365777548,4,0,0.022,0.015,-0.001,0.026000000000000002,0.0,-0.0369,-0.0049,15.370000000000001,0.0068000000000000005,65644.0,0.0388,0.0,15000.0,64516.0,0.0227,0.47790000000000005,0.47900000000000004,0.0,-0.031,0.0,-0.038,10.132
365782042,4,0,0.014,0.012,-0.002,0.026000000000000002,0.0,-0.0366,-0.0056,15.370000000000001,0.0068000000000000005,65644.0,0.0351,0.0,0.0,64376.0,0.0219,0.47790000000000005,0.47900000000000004,0.0,-0.031,0.0,-0.182,10.207
365786136,4,0,0.007,-0.002,0.002,0.026000000000000002,0.0,-0.0375,-0.004200000000000001,15.370000000000001,0.0067,65504.0,0.0388,0.0,4094.0,64516.0,0.0236,0.4793,0.48200000000000004,0.0,0.004,0.0,0.109,10.207
365791046,4,0,-0.016,0.01,0.0,0.026000000000000002,0.0,-0.0386,-0.0022,15.370000000000001,0.0066,65788.0,0.0443,0.0,9004.0,64516.0,0.0257,0.4793,0.48200000000000004,0.0,0.004,0.0,-0.062,10.207
365795550,4,0,-0.02,0.017,-0.007,0.027,0.0,-0.0388,-0.0002,15.370000000000001,0.0064,65504.0,0.046200000000000005,0.0,13508.0,64376.0,0.0273,0.4793,0.48200000000000004,0.0,0.004,0.0,-0.261,10.207
365798101,4,0,-0.089,0.0,-0.01,0.027,0.0,-0.0378,0.006900000000000001,15.370000000000001,0.0061,65644.0,0.0517,0.0,16059.0,64376.0,0.0316,0.4796,0.48000000000000004,0.0,0.007,0.0,-0.185,10.207
365802548,4,0,-0.051000000000000004,-0.003,-0.013000000000000001,0.028,0.0,-0.0362,0.0041,15.36,0.0057,65644.0,0.048,0.0,0.0,64516.0,0.0285,0.4796,0.48000000000000004,0.0,0.007,0.0,-0.20800000000000002,10.184000000000001
365806572,4,0,-0.107,-0.014,-0.011,0.029,0.0,-0.0373,0.0063,15.36,0.0054,65644.0,0.0517,0.0,4024.0,64516.0,0.0308,0.47900000000000004,0.47800000000000004,0.0,-0.005,0.0,0.562,10.184000000000001
365811099,4,0,-0.097,0.002,-0.008,0.03,0.0,-0.04,0.0046,15.36,0.0049,65644.0,0.0517,0.0,8551.0,64376.0,0.0315,0.47900000000000004,0.47800000000000004,0.0,-0.005,0.0,0.337,10.184000000000001
365815546,4,0,-0.121,0.005,0.003,0.031,0.0,-0.038900000000000004,0.0117,15.36,0.0044,65788.0,0.0591,0.0,12998.0,64376.0,0.0358,0.47900000000000004,0.47800000000000004,0.0,-0.005,0.0,-0.124,10.184000000000001
365818154,4,0,-0.066,-0.007,0.013000000000000001,0.032,0.0,-0.0386,0.0043,15.32,0.004200000000000001,65504.0,0.051500000000000004,0.0,15606.0,64516.0,0.0304,0.4787,0.47800000000000004,0.0,-0.011,0.0,0.017,10.184000000000001
365822547,4,0,-0.056,0.006,0.007,0.032,0.0,-0.0393,0.0027,15.25,0.0039000000000000003,65644.0,0.0495,0.0,0.0,64376.0,0.0297,0.4787,0.47800000000000004,0.0,-0.011,0.0,-0.513,10.241
365827072,4,0,-0.026000000000000002,0.019,0.012,0.032,0.0,-0.0431,0.0027,15.18,0.0037,65504.0,0.0529,0.0,4525.0,64376.0,0.0324,0.4777,0.47600000000000003,0.0,-0.028,0.0,-0.47800000000000004,10.241
365831075,4,0,0.049,0.009000000000000001,0.021,0.032,0.0,-0.042300000000000004,-0.0049,15.1,0.0039000000000000003,65644.0,0.0436,0.0,8528.0,64376.0,0.0264,0.4777,0.47600000000000003,0.0,-0.028,0.0,0.265,10.241
365835676,4,0,0.073,0.037,0.016,0.032,0.0,-0.042800000000000005,-0.0057,15.01,0.0041,65644.0,0.0415,0.0,13129.0,64516.0,0.0263,0.4777,0.47600000000000003,0.0,-0.028,0.0,-0.095,10.241
365838128,4,0,-0.033,0.017,0.021,0.032,0.0,-0.0446,0.012100000000000001,14.93,0.004,65644.0,0.0646,0.0,15581.0,64376.0,0.04,0.47640000000000005,0.47400000000000003,0.0,-0.048,0.0,-0.031,10.241
365842545,4,0,0.078,0.04,0.016,0.031,0.0,-0.0436,-0.0022,14.86,0.004200000000000001,65360.0,0.0482,0.0,0.0,64516.0,0.029300000000000003,0.47640000000000005,0.47400000000000003,0.0,-0.048,0.0,-0.405,10.278
365847123,4,0,0.109,0.006,-0.006,0.031,0.0,-0.042,-0.013600000000000001,14.76,0.0046,65504.0,0.031900000000000005,0.0,4578.0,64376.0,0.0201,0.4756,0.47400000000000003,0.0,-0.056,0.0,-0.08600000000000001,10.278
365851126,4,0,-0.006,0.006,-0.023,0.03,0.0,-0.043300000000000005,0.0015,14.69,0.0049,65360.0,0.0512,0.0,8581.0,64516.0,0.0316,0.4756,0.47400000000000003,0.0,-0.056,0.0,0.308,10.278
365855511,4,0,-0.058,0.035,-0.026000000000000002,0.031,0.0,-0.0475,0.014400000000000001,14.61,0.0045000000000000005,65360.0,0.0685,0.0,12966.0,64104.0,0.0438,0.4756,0.47400000000000003,0.0,-0.056,0.0,0.035,10.278
365858177,4,0,-0.045,-0.006,-0.032,0.031,0.0,-0.0449,0.0039000000000000003,14.540000000000001,0.0044,65360.0,0.0541,0.0,15632.0,64240.0,0.0345,0.4747,0.47300000000000003,0.0,-0.062,0.0,-0.177,10.278
365862511,4,0,-0.147,0.015,-0.026000000000000002,0.032,0.0,-0.0448,0.0131,14.47,0.0041,65360.0,0.06430000000000001,0.0,0.0,64240.0,0.0409,0.4747,0.47300000000000003,0.0,-0.062,0.0,-0.36,10.414
365867136,4,0,-0.047,0.004,-0.033,0.032,0.0,-0.043500000000000004,-0.0019,14.370000000000001,0.0038,65076.0,0.0466,0.0,4625.0,63964.0,0.029400000000000003,0.47650000000000003,0.48000000000000004,0.0,-0.013000000000000001,0.0,-0.533,10.414
365871139,4,0,-0.132,-0.037,-0.029,0.033,0.0,-0.042800000000000005,0.0118,14.290000000000001,0.0035,65360.0,0.0584,0.0,8628.0,63964.0,0.0386,0.47650000000000003,0.48000000000000004,0.0,-0.013000000000000001,0.0,-0.08600000000000001,10.414
365875511,4,0,-0.152,0.016,-0.038,0.034,0.0,-0.0473,0.016900000000000002,14.22,0.0029000000000000002,64936.0,0.07,0.0,13000.0,63964.0,0.0454,0.47650000000000003,0.48000000000000004,0.0,-0.013000000000000001,0.0,-0.467,10.414
365878190,4,0,-0.11900000000000001,-0.018000000000000002,-0.033,0.035,0.0,-0.0473,0.0143,14.14,0.0026000000000000003,65216.0,0.0663,0.0,15679.0,63696.0,0.043500000000000004,0.47990000000000005,0.48600000000000004,0.0,0.056,0.0,-0.17500000000000002,10.414
365882510,4,0,-0.026000000000000002,-0.001,-0.003,0.035,0.0,-0.044000000000000004,0.0033,14.07,0.0024000000000000002,64792.0,0.0507,0.0,0.0,63828.0,0.0335,0.47990000000000005,0.48600000000000004,0.0,0.056,0.0,-0.379,10.352
365886550,4,0,-0.043000000000000003,-0.015,0.009000000000000001,0.035,0.0,-0.044700000000000004,0.0095,13.99,0.0025,64936.0,0.0572,0.0,4040.0,63560.0,0.0383,0.47990000000000005,0.48600000000000004,0.0,0.056,0.0,-0.224,10.352
365891152,4,0,0.031,-0.014,0.011,0.035,0.0,-0.0448,0.008700000000000001,13.9,0.0024000000000000002,64792.0,0.0584,0.0,8642.0,63696.0,0.0378,0.4813,0.48400000000000004,0.0,0.074,0.0,0.231,10.352
365895511,4,0,-0.021,0.045,0.02,0.035,0.0,-0.0495,0.0131,13.82,0.0023,64792.0,0.0664,0.0,13001.0,63424.0,0.0442,0.4813,0.48400000000000004,0.0,0.074,0.0,0.083,10.352
365898204,4,0,0.014,0.028,0.018000000000000002,0.035,0.0,-0.0514,0.018600000000000002,13.75,0.0024000000000000002,64516.0,0.0743,0.0,15694.0,63156.0,0.0495,0.48150000000000004,0.48200000000000004,0.0,0.064,0.0,-0.34900000000000003,10.352
365902510,4,0,0.005,0.027,0.024,0.035,0.0,-0.0466,0.0092,13.68,0.0023,64516.0,0.0592,0.0,0.0,63156.0,0.039400000000000004,0.48150000000000004,0.48200000000000004,0.0,0.064,0.0,-0.41200000000000003,10.418000000000001
365906511,4,0,0.088,0.066,0.025,0.035,0.0,-0.048600000000000004,0.0007,13.61,0.0024000000000000002,64240.0,0.0507,0.0,4001.0,63024.0,0.034800000000000005,0.48100000000000004,0.48000000000000004,0.0,0.04,0.0,-0.8170000000000001,10.418000000000001
365910570,4,0,-0.005,0.028,0.039,0.035,0.0,-0.0528,0.0074,13.540000000000001,0.0023,64376.0,0.0634,0.0,8060.0,62892.0,0.0426,0.48100000000000004,0.48000000000000004,0.0,0.04,0.0,-0.629,10.418000000000001
365915547,4,0,-0.001,0.052000000000000005,0.032,0.036000000000000004,0.0,-0.0511,0.0089,13.450000000000001,0.0019,64104.0,0.063,0.0,13037.0,62892.0,0.0425,0.48100000000000004,0.48000000000000004,0.0,0.04,0.0,-0.467,10.418000000000001
365917549,4,0,0.017,0.023,0.03,0.036000000000000004,0.0,-0.0516,0.0007,13.41,0.0018000000000000002,64104.0,0.0531,0.0,15039.0,62760.0,0.037000000000000005,0.48000000000000004,0.47800000000000004,0.0,0.011,0.0,-0.61,10.418000000000001
365922178,4,0,-0.037,0.017,0.015,0.037,0.0,-0.050100000000000006,0.0031000000000000003,13.32,0.0015,63964.0,0.054400000000000004,0.0,0.0,62760.0,0.0376,0.48000000000000004,0.47800000000000004,0.0,0.011,0.0,-0.48,10.542
365927175,4,0,-0.079,0.051000000000000004,0.014,0.038,0.0,-0.051300000000000005,0.0125,13.23,0.0009000000000000001,63828.0,0.06520000000000001,0.0,4997.0,62632.0,0.0451,0.4793,0.47800000000000004,0.0,-0.005,0.0,-0.538,10.542
365931179,4,0,0.019,0.019,-0.003,0.039,0.0,-0.0528,0.0002,13.17,0.0007,63828.0,0.0538,0.0,9001.0,62500.0,0.0375,0.4793,0.47800000000000004,0.0,-0.005,0.0,-0.539,10.542
365935676,4,0,-0.112,0.002,-0.01,0.04,0.0,-0.054,0.007500000000000001,13.11,0.00030000000000000003,63292.0,0.0614,0.0,13498.0,62240.0,0.043500000000000004,0.4793,0.47800000000000004,0.0,-0.005,0.0,-0.40800000000000003,10.542
365938229,4,0,-0.067,0.003,-0.014,0.04,0.0,-0.049800000000000004,0.0179,13.06,0.0001,63696.0,0.0674,0.0,16051.0,62240.0,0.047900000000000005,0.47850000000000004,0.47700000000000004,0.0,-0.02,0.0,-0.544,10.542
365943231,4,0,-0.09,-0.026000000000000002,-0.012,0.041,0.0,-0.0541,0.0086,12.99,-0.00030000000000000003,63156.0,0.0608,0.0,0.0,61984.0,0.0443,0.47850000000000004,0.47700000000000004,0.0,-0.02,0.0,-0.616,10.542
365945511,4,0,-0.047,0.004,-0.028,0.041,0.0,-0.0507,0.0099,12.97,-0.0004,63156.0,0.0592,0.0,2280.0,62240.0,0.0429,0.47850000000000004,0.47700000000000004,0.0,-0.02,0.0,-0.5680000000000001,10.542
365950325,4,0,-0.075,-0.029,-0.02,0.041,0.0,-0.0512,0.010700000000000001,12.9,-0.0005,63156.0,0.062,0.0,7094.0,61856.0,0.0438,0.47900000000000004,0.48000000000000004,0.0,-0.005,0.0,-0.446,10.542
365955193,4,0,-0.073,0.013000000000000001,-0.013000000000000001,0.042,0.0,-0.054400000000000004,0.0171,12.83,-0.0008,63024.0,0.0709,0.0,11962.0,61600.0,0.0505,0.47900000000000004,0.48000000000000004,0.0,-0.005,0.0,-0.597,10.542
365959198,4,0,-0.04,0.018000000000000002,-0.006,0.042,0.0,-0.0472,0.0152,12.790000000000001,-0.0009000000000000001,63024.0,0.0614,0.0,15967.0,61728.0,0.0441,0.48040000000000005,0.48300000000000004,0.0,0.024,0.0,-0.46,10.702
365963247,4,0,-0.038,-0.028,0.001,0.042,0.0,-0.050100000000000006,0.0146,12.72,-0.001,62760.0,0.0627,0.0,0.0,61224.0,0.045700000000000005,0.48040000000000005,0.48300000000000004,0.0,0.024,0.0,-0.622,10.702
365965510,4,0,-0.036000000000000004,0.009000000000000001,0.007,0.042,0.0,-0.0512,0.0159,12.700000000000001,-0.001,62500.0,0.0656,0.0,2263.0,61100.0,0.047400000000000005,0.48040000000000005,0.48300000000000004,0.0,0.024,0.0,-0.561,10.702
365969510,4,0,-0.052000000000000005,-0.033,0.015,0.043000000000000003,0.0,-0.046900000000000004,0.019200000000000002,12.66,-0.0011,62368.0,0.0639,0.0,6263.0,61476.0,0.046700000000000005,0.4806,0.48100000000000004,0.0,0.023,0.0,-0.676,10.702
365974208,4,0,-0.04,0.036000000000000004,0.017,0.043000000000000003,0.0,-0.05,0.0137,12.59,-0.0012000000000000001,62240.0,0.062,0.0,10961.0,60728.0,0.0451,0.4806,0.48100000000000004,0.0,0.023,0.0,-0.668,10.702
365978257,4,0,-0.019,-0.042,0.016,0.043000000000000003,0.0,-0.0478,0.014,12.530000000000001,-0.0012000000000000001,62368.0,0.0587,0.0,15010.0,60484.0,0.0437,0.48040000000000005,0.48000000000000004,0.0,0.014,0.0,-0.262,10.702
365982509,4,0,-0.029,0.002,0.02,0.043000000000000003,0.0,-0.0507,0.0109,12.49,-0.0013000000000000002,61856.0,0.0585,0.0,0.0,60360.0,0.043500000000000004,0.48040000000000005,0.48000000000000004,0.0,0.014,0.0,-0.614,10.821
365986509,4,0,0.0,-0.003,0.011,0.043000000000000003,0.0,-0.0504,0.0081,12.43,-0.0012000000000000001,62112.0,0.0553,0.0,4000.0,60484.0,0.0414,0.47990000000000005,0.47900000000000004,0.0,0.002,0.0,-0.269,10.821
365991217,4,0,-0.02,-0.053,0.028,0.043000000000000003,0.0,-0.0505,0.010400000000000001,12.280000000000001,-0.0012000000000000001,61856.0,0.0575,0.0,8708.0,60360.0,0.043000000000000003,0.47990000000000005,0.47900000000000004,0.0,0.002,0.0,-0.045,10.821
365995510,4,0,0.017,-0.008,-0.014,0.043000000000000003,0.0,-0.0507,0.0047,12.18,-0.0013000000000000002,61224.0,0.0512,0.0,13001.0,60000.0,0.0392,0.47990000000000005,0.47900000000000004,0.0,0.002,0.0,-0.245,10.821
365998270,4,0,-0.009000000000000001,-0.063,-0.012,0.043000000000000003,0.0,-0.049800000000000004,0.0055000000000000005,12.07,-0.0012000000000000001,61348.0,0.0507,0.0,15761.0,60120.0,0.0391,0.4792,0.47800000000000004,0.0,-0.012,0.0,0.266,10.821
366002509,4,0,-0.002,-0.024,-0.02,0.043000000000000003,0.0,-0.0505,0.010400000000000001,11.97,-0.0013000000000000002,61348.0,0.056100000000000004,0.0,0.0,59640.0,0.043000000000000003,0.4792,0.47800000000000004,0.0,-0.012,0.0,-0.33,10.818
366006509,4,0,0.003,-0.038,-0.014,0.043000000000000003,0.0,-0.0492,0.0051,11.870000000000001,-0.0011,61348.0,0.0485,0.0,4000.0,59404.0,0.038400000000000004,0.4788,0.47800000000000004,0.0,-0.018000000000000002,0.0,0.146,10.818
366011509,4,0,-0.022,-0.079,-0.006,0.043000000000000003,0.0,-0.052700000000000004,0.009600000000000001,11.74,-0.0011,60852.0,0.056400000000000006,0.0,9000.0,59056.0,0.044000000000000004,0.4788,0.47800000000000004,0.0,-0.018000000000000002,0.0,0.17,10.818
366013553,4,0,-0.029,-0.068,-0.008,0.043000000000000003,0.0,-0.0516,0.010400000000000001,11.67,-0.0011,61224.0,0.056100000000000004,0.0,11044.0,59404.0,0.0438,0.4788,0.47800000000000004,0.0,-0.018000000000000002,0.0,0.326,10.818
366018287,4,0,-0.019,-0.08600000000000001,-0.018000000000000002,0.042,0.0,-0.0495,0.0089,11.58,-0.001,60484.0,0.0529,0.0,15778.0,59288.0,0.0413,0.47850000000000004,0.47800000000000004,0.0,-0.02,0.0,0.301,10.818
366023295,4,0,-0.025,-0.018000000000000002,0.005,0.043000000000000003,0.0,-0.052000000000000005,0.0179,11.46,-0.0012000000000000001,60728.0,0.0606,0.0,0.0,58824.0,0.0495,0.47850000000000004,0.47800000000000004,0.0,-0.02,0.0,0.18,10.865
366025509,4,0,-0.077,-0.08600000000000001,0.015,0.043000000000000003,0.0,-0.050100000000000006,0.0205,11.4,-0.0013000000000000002,60240.0,0.0616,0.0,2214.0,58824.0,0.05,0.47850000000000004,0.47800000000000004,0.0,-0.02,0.0,0.516,10.865
366030243,4,0,-0.01,-0.032,-0.007,0.044,0.0,-0.0465,0.014700000000000001,11.290000000000001,-0.0017000000000000001,60120.0,0.0529,0.0,6948.0,58364.0,0.043300000000000005,0.4783,0.47800000000000004,0.0,-0.02,0.0,0.338,10.865
366034247,4,0,-0.092,-0.051000000000000004,0.013000000000000001,0.044,0.0,-0.0465,0.0217,11.200000000000001,-0.0019,60000.0,0.0592,0.0,10952.0,58708.0,0.0483,0.4783,0.47800000000000004,0.0,-0.02,0.0,0.9560000000000001,10.865
366038508,4,0,0.006,-0.06,0.022,0.044,0.0,-0.0488,0.0111,11.120000000000001,-0.0019,59880.0,0.050800000000000005,0.0,15213.0,58140.0,0.0424,0.4782,0.47800000000000004,0.0,-0.018000000000000002,0.0,0.531,10.865
366042509,4,0,-0.093,-0.02,-0.003,0.045,0.0,-0.0477,0.026500000000000003,11.02,-0.002,59172.0,0.062200000000000005,0.0,0.0,58140.0,0.052500000000000005,0.4782,0.47800000000000004,0.0,-0.018000000000000002,0.0,0.769,10.914
366046510,4,0,-0.038,-0.075,0.016,0.045,0.0,-0.0492,0.0224,10.950000000000001,-0.002,59056.0,0.0592,0.0,4001.0,57692.0,0.0506,0.4778,0.47700000000000004,0.0,-0.023,0.0,0.579,10.914
366051257,4,0,0.053,-0.023,0.009000000000000001,0.044,0.0,-0.046200000000000005,0.009000000000000001,10.85,-0.0019,59288.0,0.0456,0.0,8748.0,57692.0,0.039,0.4778,0.47700000000000004,0.0,-0.023,0.0,0.611,10.914
366053305,4,0,-0.01,-0.078,0.02,0.044,0.0,-0.0455,0.0167,10.83,-0.0017000000000000001,58940.0,0.052000000000000005,0.0,10796.0,57252.0,0.0439,0.4778,0.47700000000000004,0.0,-0.023,0.0,0.676,10.914
366058306,4,0,0.059000000000000004,-0.019,-0.018000000000000002,0.043000000000000003,0.0,-0.047,0.0177,10.73,-0.0014,58940.0,0.0528,0.0,15797.0,57252.0,0.0458,0.4768,0.47500000000000003,0.0,-0.038,0.0,0.427,10.914
366063310,4,0,-0.003,-0.039,0.003,0.043000000000000003,0.0,-0.0475,0.014700000000000001,10.63,-0.001,59172.0,0.049800000000000004,0.0,0.0,57032.0,0.044000000000000004,0.4768,0.47500000000000003,0.0,-0.038,0.0,0.9560000000000001,10.917
366065509,4,0,0.09,-0.005,-0.006,0.042,0.0,-0.0488,0.0129,10.58,-0.0008,58364.0,0.049600000000000005,0.0,2199.0,56604.0,0.0436,0.4768,0.47500000000000003,0.0,-0.038,0.0,0.67,10.917
366070509,4,0,-0.023,-0.045,-0.01,0.041,0.0,-0.0472,0.0155,10.47,-0.0004,58364.0,0.050300000000000004,0.0,7199.0,57032.0,0.0444,0.4762,0.47500000000000003,0.0,-0.043000000000000003,0.0,1.1320000000000001,10.917
366073325,4,0,0.124,-0.005,-0.021,0.041,0.0,-0.0485,0.0085,10.42,-0.0002,58364.0,0.0451,0.0,10015.0,56604.0,0.0403,0.4762,0.47500000000000003,0.0,-0.043000000000000003,0.0,0.807,10.917
366077508,4,0,-0.016,-0.039,0.0,0.04,0.0,-0.0505,0.0048000000000000004,10.32,0.0,58140.0,0.0434,0.0,14198.0,56604.0,0.0392,0.47540000000000004,0.47400000000000003,0.0,-0.05,0.0,0.9520000000000001,10.917
366082281,4,0,0.045,-0.043000000000000003,-0.018000000000000002,0.04,0.0,-0.045000000000000005,0.0055000000000000005,10.22,0.0004,57692.0,0.0405,0.0,0.0,55968.0,0.0357,0.47540000000000004,0.47400000000000003,0.0,-0.05,0.0,0.491,11.006
366086320,4,0,0.097,-0.015,-0.014,0.039,0.0,-0.047,0.0029000000000000002,10.14,0.0006000000000000001,57692.0,0.039,0.0,4039.0,55968.0,0.035300000000000005,0.47390000000000004,0.47100000000000003,0.0,-0.07100000000000001,0.0,0.586,11.006
366090509,4,0,0.009000000000000001,-0.05,-0.015,0.039,0.0,-0.0463,0.0012000000000000001,10.06,0.0009000000000000001,57472.0,0.0363,0.0,8228.0,55760.0,0.033600000000000005,0.47390000000000004,0.47100000000000003,0.0,-0.07100000000000001,0.0,0.6990000000000001,11.006
366093340,4,0,0.085,-0.019,-0.034,0.038,0.0,-0.048100000000000004,-0.0008,10.02,0.0011,57252.0,0.0373,0.0,11059.0,55556.0,0.0335,0.47390000000000004,0.47100000000000003,0.0,-0.07100000000000001,0.0,0.636,11.006
366098337,4,0,-0.016,-0.031,-0.005,0.037,0.0,-0.0516,0.0008,9.94,0.0014,57032.0,0.040600000000000004,0.0,16056.0,55352.0,0.0371,0.47150000000000003,0.467,0.0,-0.105,0.0,0.449,11.006
366103334,4,0,0.083,0.001,-0.003,0.037,0.0,-0.0528,0.0013000000000000002,9.86,0.0017000000000000001,56816.0,0.0414,0.0,0.0,55352.0,0.0383,0.47150000000000003,0.467,0.0,-0.105,0.0,0.096,11.018
366105508,4,0,-0.053,-0.018000000000000002,-0.003,0.037,0.0,-0.051500000000000004,0.005200000000000001,9.82,0.0016,56604.0,0.0424,0.0,2174.0,55148.0,0.040100000000000004,0.47150000000000003,0.467,0.0,-0.105,0.0,0.137,11.018
366110440,4,0,0.109,-0.015,-0.016,0.037,0.0,-0.048600000000000004,0.0017000000000000001,9.73,0.0017000000000000001,56604.0,0.0374,0.0,7106.0,54744.0,0.0356,0.47200000000000003,0.47300000000000003,0.0,-0.073,0.0,-0.039,11.018
366114508,4,0,-0.066,-0.039,0.028,0.038,0.0,-0.0495,0.009300000000000001,9.67,0.0013000000000000002,56392.0,0.0441,0.0,11174.0,54744.0,0.041600000000000005,0.47200000000000003,0.47300000000000003,0.0,-0.073,0.0,0.135,11.018
366118508,4,0,0.111,0.0,-0.001,0.037,0.0,-0.0531,-0.005200000000000001,9.6,0.0016,55968.0,0.0358,0.0,15174.0,54544.0,0.0339,0.4741,0.47800000000000004,0.0,-0.016,0.0,-0.133,11.018
366122508,4,0,-0.059000000000000004,-0.038,0.024,0.037,0.0,-0.052700000000000004,0.007,9.540000000000001,0.0015,55968.0,0.0436,0.0,0.0,53956.0,0.042300000000000004,0.4741,0.47800000000000004,0.0,-0.016,0.0,-0.1,11.127
366126509,4,0,0.051000000000000004,-0.003,0.016,0.037,0.0,-0.0517,0.0077,9.46,0.0017000000000000001,55556.0,0.0432,0.0,4001.0,53764.0,0.042,0.47550000000000003,0.47800000000000004,0.0,0.014,0.0,-0.493,11.127
366129307,4,0,-0.011,-0.048,0.046,0.037,0.0,-0.0502,-0.0102,9.41,0.0017000000000000001,55556.0,0.029400000000000003,0.0,6799.0,54152.0,0.028300000000000002,0.47550000000000003,0.47800000000000004,0.0,0.014,0.0,-0.359,11.127
366133357,4,0,0.073,-0.003,-0.003,0.036000000000000004,0.0,-0.053200000000000004,0.0044,9.35,0.002,55352.0,0.041600000000000005,0.0,10849.0,53572.0,0.0407,0.47550000000000003,0.47800000000000004,0.0,0.014,0.0,-0.618,11.127
366138361,4,0,0.046,-0.061,0.038,0.036000000000000004,0.0,-0.053000000000000005,0.0049,9.26,0.0022,55148.0,0.0412,0.0,15853.0,53572.0,0.0409,0.47600000000000003,0.47700000000000004,0.0,0.022,0.0,-0.41600000000000004,11.127
366143366,4,0,0.005,-0.012,0.024,0.035,0.0,-0.0558,-0.0022,9.17,0.0024000000000000002,54744.0,0.0386,0.0,0.0,53380.0,0.0379,0.47600000000000003,0.47700000000000004,0.0,0.022,0.0,-0.711,11.089
366145509,4,0,0.059000000000000004,-0.068,0.038,0.035,0.0,-0.0553,-0.0073,9.120000000000001,0.0026000000000000003,54744.0,0.0329,0.0,2143.0,53004.0,0.0339,0.47600000000000003,0.47700000000000004,0.0,0.022,0.0,-0.49,11.089
366150508,4,0,0.024,0.02,-0.022,0.034,0.0,-0.056600000000000004,-0.0044,9.02,0.0031000000000000003,54744.0,0.0358,0.0,7142.0,53004.0,0.0369,0.4767,0.47800000000000004,0.0,0.032,0.0,-0.878,11.089
366155365,4,0,0.225,-0.019,-0.022,0.033,0.0,-0.0572,-0.0213,8.92,0.0037,54348.0,0.0236,0.0,11999.0,52816.0,0.025400000000000002,0.4767,0.47800000000000004,0.0,0.032,0.0,-0.763,11.089
366157508,4,0,0.133,0.031,-0.026000000000000002,0.032,0.0,-0.0558,-0.022000000000000002,8.89,0.0038,53956.0,0.0235,0.0,14142.0,52632.0,0.0239,0.4772,0.47800000000000004,0.0,0.034,0.0,-0.834,11.089
366162330,4,0,0.177,-0.056,-0.014,0.032,0.0,-0.058,-0.0129,8.790000000000001,0.0041,54152.0,0.030600000000000002,0.0,0.0,52448.0,0.031900000000000005,0.4772,0.47800000000000004,0.0,0.034,0.0,-0.597,11.089
366166356,4,0,0.096,0.002,-0.023,0.031,0.0,-0.057800000000000004,-0.032100000000000004,8.69,0.0046,53572.0,0.0177,0.0,4026.0,51904.0,0.0182,0.4771,0.47700000000000004,0.0,0.026000000000000002,0.0,-0.855,11.103
366170508,4,0,0.125,-0.045,-0.016,0.03,0.0,-0.0623,-0.013600000000000001,8.620000000000001,0.005,53572.0,0.032100000000000004,0.0,8178.0,51724.0,0.0344,0.4771,0.47700000000000004,0.0,0.026000000000000002,0.0,-0.5750000000000001,11.103
366174508,4,0,0.06,-0.013000000000000001,-0.012,0.03,0.0,-0.0589,-0.018600000000000002,8.540000000000001,0.005200000000000001,53192.0,0.0256,0.0,12178.0,51544.0,0.0285,0.4771,0.47700000000000004,0.0,0.026000000000000002,0.0,-0.864,11.103
366179341,4,0,0.126,-0.015,-0.048,0.029,0.0,-0.060000000000000005,-0.023100000000000002,8.44,0.0056,53004.0,0.0233,0.0,17011.0,51192.0,0.0261,0.47640000000000005,0.47500000000000003,0.0,0.006,0.0,-0.626,11.103
366181342,4,0,0.031,0.004,-0.026000000000000002,0.029,0.0,-0.0596,-0.012,8.4,0.0055000000000000005,53192.0,0.0302,0.0,0.0,51368.0,0.0337,0.47640000000000005,0.47500000000000003,0.0,0.006,0.0,-0.842,11.103
366185675,4,0,0.016,-0.094,0.039,0.029,0.0,-0.0587,-0.0089,8.32,0.0056,52816.0,0.031,0.0,4333.0,51020.0,0.0352,0.47640000000000005,0.47500000000000003,0.0,0.006,0.0,-0.536,11.165000000000001
366190507,4,0,-0.088,-0.065,0.022,0.029,0.0,-0.053000000000000005,-0.0019,8.22,0.0056,52632.0,0.032600000000000004,0.0,9165.0,50848.0,0.0361,0.47550000000000003,0.47400000000000003,0.0,-0.011,0.0,-1.258,11.165000000000001
366194508,4,0,0.042,-0.095,-0.01,0.028,0.0,-0.0522,-0.0098,8.15,0.0058000000000000005,52448.0,0.0264,0.0,13166.0,50504.0,0.029900000000000003,0.47550000000000003,0.47400000000000003,0.0,-0.011,0.0,-0.621,11.165000000000001
366197352,4,0,0.004,-0.021,-0.017,0.028,0.0,-0.0572,-0.019700000000000002,8.11,0.0059,52448.0,0.0224,0.0,16010.0,50504.0,0.026500000000000003,0.4753,0.47500000000000003,0.0,-0.013000000000000001,0.0,-1.215,11.165000000000001
366201353,4,0,-0.126,-0.113,0.045,0.028,0.0,-0.0601,0.018500000000000003,8.03,0.0059,52448.0,0.0482,0.0,0.0,50168.0,0.055600000000000004,0.4753,0.47500000000000003,0.0,-0.013000000000000001,0.0,-0.32,11.165000000000001
366205511,4,0,-0.041,-0.055,-0.043000000000000003,0.028,0.0,-0.0502,0.0172,7.97,0.0058000000000000005,51724.0,0.041100000000000005,0.0,4158.0,50000.0,0.0477,0.4753,0.47500000000000003,0.0,-0.013000000000000001,0.0,-0.436,11.204
366210507,4,0,0.023,-0.125,0.002,0.027,0.0,-0.045000000000000005,-0.021,7.88,0.0063,51904.0,0.0151,0.0,9154.0,49832.0,0.017,0.47590000000000005,0.47700000000000004,0.0,0.001,0.0,0.08,11.204
366215407,4,0,0.045,-0.095,0.057,0.026000000000000002,0.0,-0.0512,0.0017000000000000001,7.8,0.0068000000000000005,51368.0,0.0318,0.0,14054.0,49504.0,0.0374,0.47590000000000005,0.47700000000000004,0.0,0.001,0.0,-0.16,11.204
366217508,4,0,0.083,-0.116,0.037,0.026000000000000002,0.0,-0.0521,-0.006900000000000001,7.7700000000000005,0.007,50848.0,0.027100000000000003,0.0,16155.0,49504.0,0.032,0.4763,0.47700000000000004,0.0,0.008,0.0,-0.115,11.204
366221508,4,0,0.089,-0.044,-0.004,0.025,0.0,-0.0539,-0.0155,7.71,0.007500000000000001,50848.0,0.0222,0.0,0.0,49344.0,0.027100000000000003,0.4763,0.47700000000000004,0.0,0.008,0.0,-0.216,11.204
366226396,4,0,0.04,-0.111,-0.011,0.024,0.0,-0.0468,0.008400000000000001,7.62,0.0081,50848.0,0.032,0.0,4888.0,49180.0,0.039,0.47550000000000003,0.47400000000000003,0.0,-0.009000000000000001,0.0,-0.279,11.186
366230507,4,0,0.099,-0.025,0.017,0.023,0.0,-0.0531,-0.0145,7.53,0.0085,50504.0,0.022600000000000002,0.0,8999.0,49020.0,0.0273,0.47550000000000003,0.47400000000000003,0.0,-0.009000000000000001,0.0,-0.154,11.186
366234507,4,0,0.162,-0.094,0.003,0.021,0.0,-0.0516,-0.0398,7.47,0.0091,50168.0,0.0071,0.0,12999.0,48700.0,0.0083,0.47550000000000003,0.47400000000000003,0.0,-0.009000000000000001,0.0,-0.017,11.186
366238517,4,0,0.049,-0.032,-0.009000000000000001,0.021,0.0,-0.048600000000000004,-0.0212,7.4,0.0095,50000.0,0.0151,0.0,17009.0,48544.0,0.0194,0.47390000000000004,0.47100000000000003,0.0,-0.039,0.0,0.01,11.186
366241380,4,0,0.062,-0.063,0.001,0.02,0.0,-0.0509,-0.0018000000000000002,7.3500000000000005,0.009600000000000001,50000.0,0.0274,0.0,0.0,48076.0,0.034800000000000005,0.47390000000000004,0.47100000000000003,0.0,-0.039,0.0,0.126,11.186
366245507,4,0,0.107,-0.096,-0.075,0.02,0.0,-0.0441,-0.043000000000000003,7.26,0.01,49832.0,0.0008,0.0,4127.0,48076.0,0.0007,0.47390000000000004,0.47100000000000003,0.0,-0.039,0.0,0.11800000000000001,11.233
366250507,4,0,0.081,-0.067,-0.017,0.019,0.0,-0.049600000000000005,-0.0403,7.17,0.0105,49504.0,0.0051,0.0,9127.0,47468.0,0.0066,0.4732,0.47200000000000003,0.0,-0.045,0.0,0.128,11.233
366253433,4,0,0.0,-0.098,-0.08,0.018000000000000002,0.0,-0.052000000000000005,-0.0178,7.12,0.010700000000000001,49344.0,0.0188,0.0,12053.0,47924.0,0.0241,0.4732,0.47200000000000003,0.0,-0.045,0.0,0.51,11.233
366257506,4,0,0.1,-0.07100000000000001,-0.016,0.017,0.0,-0.0446,-0.032,7.05,0.011000000000000001,48860.0,0.0068000000000000005,0.0,16126.0,47924.0,0.0089,0.4732,0.47300000000000003,0.0,-0.037,0.0,0.401,11.233
366261506,4,0,-0.013000000000000001,-0.10200000000000001,-0.055,0.017,0.0,-0.0483,-0.036500000000000005,6.99,0.011300000000000001,48860.0,0.0067,0.0,0.0,47468.0,0.008400000000000001,0.4732,0.47300000000000003,0.0,-0.037,0.0,0.593,11.233
366265506,4,0,0.107,-0.057,0.001,0.016,0.0,-0.051000000000000004,-0.0335,6.9,0.0115,48544.0,0.0091,0.0,4000.0,47168.0,0.012400000000000001,0.4732,0.47300000000000003,0.0,-0.037,0.0,0.343,11.257
366269550,4,0,-0.004,-0.129,-0.053,0.016,0.0,-0.0398,-0.028300000000000002,6.83,0.0118,48544.0,0.0057,0.0,8044.0,46876.0,0.0081,0.4731,0.47300000000000003,0.0,-0.031,0.0,0.301,11.257
366274401,4,0,0.082,-0.079,0.013000000000000001,0.015,0.0,-0.0371,-0.0199,6.74,0.012100000000000001,48232.0,0.0089,0.0,12895.0,46728.0,0.012100000000000001,0.4731,0.47300000000000003,0.0,-0.031,0.0,0.358,11.257
366278453,4,0,-0.042,-0.148,0.008,0.015,0.0,-0.0367,-0.0233,6.67,0.012400000000000001,48076.0,0.0064,0.0,16947.0,46440.0,0.0095,0.47240000000000004,0.47100000000000003,0.0,-0.04,0.0,0.6920000000000001,11.257
366282507,4,0,0.062,-0.067,0.006,0.014,0.0,-0.0356,-0.0125,6.6000000000000005,0.012700000000000001,47768.0,0.0119,0.0,0.0,46296.0,0.016300000000000002,0.47240000000000004,0.47100000000000003,0.0,-0.04,0.0,0.682,11.257
366285675,4,0,-0.022,-0.13,0.028,0.014,0.0,-0.0375,-0.0064,6.53,0.013000000000000001,47768.0,0.015700000000000002,0.0,3168.0,45732.0,0.022000000000000002,0.47240000000000004,0.47100000000000003,0.0,-0.04,0.0,0.603,11.263
366290506,4,0,0.013000000000000001,-0.082,0.004,0.013000000000000001,0.0,-0.027800000000000002,-0.0049,6.45,0.0132,47468.0,0.011600000000000001,0.0,7999.0,45732.0,0.0162,0.4708,0.468,0.0,-0.062,0.0,0.653,11.263
366294507,4,0,-0.024,-0.131,0.03,0.012,0.0,-0.0302,-0.0088,6.38,0.013600000000000001,47168.0,0.01,0.0,12000.0,45456.0,0.0151,0.4708,0.468,0.0,-0.062,0.0,0.613,11.263
366297417,4,0,-0.108,-0.112,0.004,0.012,0.0,-0.026000000000000002,-0.0029000000000000002,6.33,0.013600000000000001,47020.0,0.0114,0.0,14910.0,45316.0,0.016300000000000002,0.46950000000000003,0.467,0.0,-0.077,0.0,0.783,11.263
366301549,4,0,0.005,-0.124,0.015,0.012,0.0,-0.0176,0.0048000000000000004,6.25,0.0137,46728.0,0.0105,0.0,0.0,45180.0,0.0158,0.46950000000000003,0.467,0.0,-0.077,0.0,0.726,11.263
366306447,4,0,-0.05,-0.112,-0.008,0.011,0.0,-0.0189,-0.020800000000000003,6.140000000000001,0.014100000000000001,46584.0,-0.0007,0.0,4898.0,45044.0,-0.0013000000000000002,0.46790000000000004,0.465,0.0,-0.093,0.0,0.716,11.335
366310506,4,0,0.04,-0.125,0.013000000000000001,0.011,0.0,-0.027600000000000003,-0.010700000000000001,6.04,0.0145,46440.0,0.008,0.0,8957.0,44776.0,0.012,0.46790000000000004,0.465,0.0,-0.093,0.0,0.536,11.335
366315470,4,0,-0.057,-0.084,0.004,0.01,0.0,-0.0284,-0.0039000000000000003,5.93,0.0149,46012.0,0.0114,0.0,13921.0,44376.0,0.0173,0.46790000000000004,0.465,0.0,-0.093,0.0,0.58,11.335
366317506,4,0,-0.014,-0.094,0.019,0.01,0.0,-0.0284,-0.014400000000000001,5.91,0.015000000000000001,45872.0,0.0064,0.0,15957.0,44376.0,0.0099,0.46830000000000005,0.46900000000000003,0.0,-0.067,0.0,0.7030000000000001,11.335
366321507,4,0,0.042,-0.109,0.003,0.009000000000000001,0.0,-0.0264,-0.0039000000000000003,5.83,0.0155,45456.0,0.0105,0.0,0.0,44116.0,0.0159,0.46830000000000005,0.46900000000000003,0.0,-0.067,0.0,0.629,11.335
366326470,4,0,-0.041,-0.091,0.028,0.009000000000000001,0.0,-0.0247,-0.0086,5.73,0.0155,45456.0,0.006900000000000001,0.0,4963.0,43988.0,0.0114,0.4696,0.47200000000000003,0.0,-0.027,0.0,0.755,11.293000000000001
366330505,4,0,0.07200000000000001,-0.128,-0.007,0.007,0.0,-0.0205,-0.014400000000000001,5.65,0.0161,45180.0,0.0027,0.0,8998.0,43604.0,0.0043,0.4696,0.47200000000000003,0.0,-0.027,0.0,0.502,11.293000000000001
366333532,4,0,-0.054,-0.095,0.006,0.007,0.0,-0.0229,-0.0161,5.58,0.0162,45044.0,0.0034000000000000002,0.0,12025.0,43480.0,0.0048000000000000004,0.4696,0.47200000000000003,0.0,-0.027,0.0,0.51,11.293000000000001
366338492,4,0,0.08600000000000001,-0.135,-0.017,0.006,0.0,-0.0247,-0.011600000000000001,5.48,0.0167,44776.0,0.0059,0.0,16985.0,43228.0,0.009300000000000001,0.4697,0.47000000000000003,0.0,-0.019,0.0,-0.006,11.293000000000001
366342506,4,0,-0.077,-0.083,0.011,0.005,0.0,-0.0247,-0.019100000000000002,5.41,0.0172,44376.0,0.0026000000000000003,0.0,0.0,42980.0,0.004,0.4697,0.47000000000000003,0.0,-0.019,0.0,0.271,11.293000000000001
366347453,4,0,0.075,-0.14100000000000001,-0.027,0.005,0.0,-0.022600000000000002,-0.015700000000000002,5.32,0.017400000000000002,44376.0,0.0026000000000000003,0.0,4947.0,42612.0,0.0049,0.46950000000000003,0.46900000000000003,0.0,-0.02,0.0,0.065,11.374
366349505,4,0,0.085,-0.15,-0.011,0.004,0.0,-0.0223,-0.019200000000000002,5.28,0.0177,43988.0,0.0013000000000000002,0.0,6999.0,42736.0,0.0022,0.46950000000000003,0.46900000000000003,0.0,-0.02,0.0,0.194,11.374
366353537,4,0,-0.085,-0.091,-0.011,0.004,0.0,-0.0126,-0.0207,5.22,0.0178,43732.0,-0.0031000000000000003,0.0,11031.0,42372.0,-0.0057,0.46950000000000003,0.46900000000000003,0.0,-0.02,0.0,-0.166,11.374
366358505,4,0,0.113,-0.149,-0.041,0.003,0.0,-0.021500000000000002,-0.016800000000000002,5.14,0.0183,43480.0,0.0019,0.0,15999.0,42016.0,0.0033,0.47000000000000003,0.47100000000000003,0.0,-0.006,0.0,-0.251,11.374
366362505,4,0,-0.08700000000000001,-0.078,0.012,0.002,0.0,-0.019200000000000002,-0.0094,5.09,0.018500000000000003,43228.0,0.0037,0.0,0.0,41784.0,0.006900000000000001,0.47000000000000003,0.47100000000000003,0.0,-0.006,0.0,-0.352,11.374
366366619,4,0,0.098,-0.137,-0.022,0.002,0.0,-0.0229,-0.019700000000000002,5.03,0.0187,43228.0,0.0012000000000000001,0.0,4114.0,41552.0,0.0023,0.4711,0.47300000000000003,0.0,0.016,0.0,-0.315,11.374
366369478,4,0,0.002,-0.093,-0.026000000000000002,0.001,0.0,-0.025,0.020300000000000002,4.97,0.019100000000000002,42856.0,0.0173,0.0,6973.0,41320.0,0.032,0.4711,0.47300000000000003,0.0,0.016,0.0,-0.186,11.399000000000001
366373541,4,0,-0.10400000000000001,-0.092,0.02,0.002,0.0,-0.013800000000000002,-0.0058000000000000005,4.92,0.0188,42612.0,0.003,0.0,11036.0,41096.0,0.0056,0.4711,0.47300000000000003,0.0,0.016,0.0,-0.495,11.399000000000001
366378522,4,0,0.056,-0.126,-0.018000000000000002,0.0,0.0,-0.0099,0.007,4.84,0.0196,42492.0,0.0058000000000000005,0.0,16017.0,40872.0,0.0119,0.4728,0.47600000000000003,0.0,0.048,0.0,-0.272,11.399000000000001
366381471,4,0,-0.197,-0.026000000000000002,0.02,0.001,0.0,-0.0193,0.0063,4.8100000000000005,0.0195,42252.0,0.0092,0.0,0.0,40760.0,0.0181,0.4728,0.47600000000000003,0.0,0.048,0.0,-0.671,11.399000000000001
366385678,4,0,0.046,-0.155,-0.012,0.001,0.0,-0.0155,0.0296,4.75,0.0194,42016.0,0.0165,0.0,4207.0,40540.0,0.031900000000000005,0.4728,0.47600000000000003,0.0,0.048,0.0,-0.76,11.399000000000001
366391484,4,0,-0.139,-0.002,0.027,0.0,0.0,-0.0152,-0.0058000000000000005,4.65,0.0199,41552.0,0.0034000000000000002,0.0,10013.0,40216.0,0.0066,0.4746,0.47800000000000004,0.0,0.075,0.0,-0.782,11.47
366393559,4,0,-0.121,-0.055,0.007,0.0,0.0,-0.0155,0.0114,4.62,0.0196,41320.0,0.0094,0.0,12088.0,40000.0,0.019100000000000002,0.4746,0.47800000000000004,0.0,0.075,0.0,-0.8240000000000001,11.47
366398614,4,0,0.131,-0.11,0.002,-0.001,0.0,-0.0241,0.001,4.54,0.020300000000000002,41320.0,0.008700000000000001,0.0,17143.0,39788.0,0.0177,0.4737,0.47200000000000003,0.0,0.041,0.0,-0.463,11.47
366401492,4,0,-0.075,0.005,0.03,-0.001,0.0,-0.014700000000000001,-0.0028,4.5,0.020300000000000002,40984.0,0.0038,0.0,0.0,39576.0,0.008400000000000001,0.4737,0.47200000000000003,0.0,0.041,0.0,-0.867,11.47
366406524,4,0,0.10400000000000001,-0.134,-0.041,-0.001,0.0,-0.0349,0.0118,4.41,0.0205,40872.0,0.0159,0.0,5032.0,39368.0,0.033100000000000004,0.47140000000000004,0.467,0.0,-0.014,0.0,-0.988,11.47
366411498,4,0,-0.048,0.018000000000000002,0.031,-0.003,0.0,-0.0264,0.0097,4.3100000000000005,0.0211,40540.0,0.0119,0.0,10006.0,39064.0,0.025500000000000002,0.47140000000000004,0.467,0.0,-0.014,0.0,-0.858,11.486
366413573,4,0,-0.063,-0.015,0.028,-0.002,0.0,-0.0274,-0.0037,4.26,0.021,40432.0,0.0077,0.0,12081.0,38660.0,0.016800000000000002,0.47140000000000004,0.467,0.0,-0.014,0.0,-0.912,11.486
366418550,4,0,0.132,-0.081,-0.039,-0.004,0.0,-0.0383,-0.00030000000000000003,4.17,0.0217,40000.0,0.012,0.0,17058.0,38364.0,0.0269,0.46950000000000003,0.466,0.0,-0.048,0.0,-0.483,11.486
366421507,4,0,-0.017,0.034,0.004,-0.004,0.0,-0.0381,-0.0053,4.13,0.0218,39788.0,0.010400000000000001,0.0,0.0,38460.0,0.023100000000000002,0.46950000000000003,0.466,0.0,-0.048,0.0,-0.49,11.486
366426534,4,0,0.114,-0.096,-0.016,-0.004,0.0,-0.0398,-0.0206,4.04,0.0217,39680.0,0.0058000000000000005,0.0,5027.0,38072.0,0.0135,0.46790000000000004,0.465,0.0,-0.07,0.0,-0.891,11.486
366430661,4,0,0.081,-0.002,-0.02,-0.006,0.0,-0.046,-0.0263,3.97,0.0224,39164.0,0.0057,0.0,9154.0,37688.0,0.014,0.46790000000000004,0.465,0.0,-0.07,0.0,-0.356,11.451
366433584,4,0,-0.049,0.055,0.023,-0.005,0.0,-0.0478,-0.0188,3.9,0.0222,39064.0,0.008400000000000001,0.0,12077.0,37592.0,0.0205,0.46790000000000004,0.465,0.0,-0.07,0.0,-0.5690000000000001,11.451
366438560,4,0,0.19,-0.093,-0.012,-0.006,0.0,-0.052500000000000005,-0.0409,3.81,0.022500000000000003,38860.0,0.0032,0.0,17053.0,37220.0,0.0082,0.46790000000000004,0.468,0.0,-0.055,0.0,-0.372,11.451
366441517,4,0,0.08700000000000001,0.014,-0.004,-0.007,0.0,-0.0541,-0.044500000000000005,3.77,0.023,38660.0,0.0027,0.0,0.0,37220.0,0.0068000000000000005,0.46790000000000004,0.468,0.0,-0.055,0.0,-0.048,11.451
366446543,4,0,0.06,-0.003,0.021,-0.006,0.0,-0.0635,-0.046200000000000005,3.68,0.022600000000000002,38072.0,0.0048000000000000004,0.0,5026.0,36856.0,0.0122,0.46940000000000004,0.47200000000000003,0.0,-0.016,0.0,-0.68,11.451
366451523,4,0,0.167,-0.039,0.003,-0.008,0.0,-0.0589,-0.060200000000000004,3.59,0.0235,37976.0,-0.0005,0.0,10006.0,36672.0,-0.0009000000000000001,0.46940000000000004,0.47200000000000003,0.0,-0.016,0.0,-0.383,11.514000000000001
366453597,4,0,0.017,0.058,0.018000000000000002,-0.008,0.0,-0.0649,-0.046200000000000005,3.56,0.0236,37880.0,0.0051,0.0,12080.0,36056.0,0.0132,0.46940000000000004,0.47200000000000003,0.0,-0.016,0.0,-0.589,11.514000000000001
366458573,4,0,0.108,-0.031,0.023,-0.007,0.0,-0.0743,-0.0439,3.48,0.023200000000000002,37408.0,0.0079,0.0,17056.0,35972.0,0.021400000000000002,0.4713,0.47500000000000003,0.0,0.027,0.0,-0.712,11.514000000000001
366461509,4,0,0.202,-0.085,0.005,-0.008,0.0,-0.0755,-0.0517,3.45,0.0235,37220.0,0.006200000000000001,0.0,0.0,35800.0,0.016800000000000002,0.4713,0.47500000000000003,0.0,0.027,0.0,-0.308,11.514000000000001
366465595,4,0,-0.033,0.091,0.018000000000000002,-0.009000000000000001,0.0,-0.0792,-0.0601,3.39,0.0239,37036.0,0.0048000000000000004,0.0,4086.0,35544.0,0.013600000000000001,0.4733,0.47700000000000004,0.0,0.061,0.0,0.10200000000000001,11.514000000000001
366471536,4,0,0.14100000000000001,-0.066,-0.009000000000000001,-0.009000000000000001,0.0,-0.09040000000000001,-0.0323,3.3000000000000003,0.0238,36672.0,0.0146,0.0,10027.0,35212.0,0.041100000000000005,0.4733,0.47700000000000004,0.0,0.061,0.0,-0.372,11.496
366473608,4,0,0.077,-0.043000000000000003,-0.022,-0.009000000000000001,0.0,-0.094,-0.0204,3.2600000000000002,0.024,36764.0,0.0184,0.0,12099.0,34884.0,0.052000000000000005,0.4733,0.47700000000000004,0.0,0.061,0.0,-0.076,11.496
366478587,4,0,-0.085,0.062,0.008,-0.008,0.0,-0.07490000000000001,-0.047400000000000005,3.19,0.0234,36056.0,0.006900000000000001,0.0,17078.0,34640.0,0.0195,0.47390000000000004,0.47500000000000003,0.0,0.061,0.0,-0.131,11.496
366481542,4,0,0.10400000000000001,-0.063,0.006,-0.008,0.0,-0.0712,-0.0463,3.15,0.0234,35972.0,0.0057,0.0,0.0,34404.0,0.0176,0.47390000000000004,0.47500000000000003,0.0,0.061,0.0,-0.261,11.496
366485683,4,0,-0.009000000000000001,-0.038,-0.051000000000000004,-0.009000000000000001,0.0,-0.0907,-0.0298,3.1,0.024,35628.0,0.0145,0.0,4141.0,34168.0,0.0431,0.47390000000000004,0.47500000000000003,0.0,0.061,0.0,0.326,11.496
366491549,4,0,0.023,-0.015,0.009000000000000001,-0.008,0.0,-0.0878,-0.0478,3.0,0.0234,35128.0,0.009300000000000001,0.0,10007.0,33708.0,0.028300000000000002,0.4736,0.47300000000000003,0.0,0.042,0.0,0.117,11.593
366493794,4,0,0.079,-0.057,0.011,-0.008,0.0,-0.0878,-0.0241,2.96,0.0235,35212.0,0.0146,0.0,12252.0,33632.0,0.0451,0.4736,0.47300000000000003,0.0,0.042,0.0,0.08600000000000001,11.593
366498599,4,0,-0.08,-0.039,-0.056,-0.009000000000000001,0.0,-0.082,-0.0572,2.88,0.024200000000000003,34640.0,0.0055000000000000005,0.0,17057.0,33260.0,0.0176,0.47340000000000004,0.47300000000000003,0.0,0.03,0.0,0.264,11.593
366501555,4,0,-0.065,0.001,-0.013000000000000001,-0.009000000000000001,0.0,-0.0795,-0.0776,2.84,0.0241,34640.0,0.0006000000000000001,0.0,0.0,33040.0,0.0013000000000000002,0.47340000000000004,0.47300000000000003,0.0,0.03,0.0,0.454,11.593
366506582,4,0,0.154,-0.10400000000000001,0.027,-0.01,0.0,-0.1008,-0.042300000000000004,2.77,0.0246,34248.0,0.0122,0.0,5027.0,32752.0,0.0414,0.4732,0.47300000000000003,0.0,0.021,0.0,0.536,11.593
366511561,4,0,-0.093,-0.013000000000000001,-0.026000000000000002,-0.011,0.0,-0.0926,-0.0649,2.69,0.0252,34012.0,0.0058000000000000005,0.0,10006.0,32468.0,0.0196,0.4732,0.47300000000000003,0.0,0.021,0.0,0.882,11.611
366513609,4,0,-0.066,-0.003,0.008,-0.011,0.0,-0.0902,-0.0695,2.66,0.0251,33936.0,0.0041,0.0,12054.0,32328.0,0.0146,0.4732,0.47300000000000003,0.0,0.021,0.0,0.8160000000000001,11.611
366518613,4,0,0.155,-0.053,0.062,-0.012,0.0,-0.1208,-0.0472,2.6,0.025500000000000002,33632.0,0.0146,0.0,17058.0,31984.0,0.052000000000000005,0.4732,0.47300000000000003,0.0,0.015,0.0,0.7030000000000001,11.611
366521571,4,0,0.019,-0.023,0.009000000000000001,-0.013000000000000001,0.0,-0.1197,-0.0775,2.5500000000000003,0.0258,33040.0,0.0082,0.0,0.0,31848.0,0.0298,0.4732,0.47300000000000003,0.0,0.015,0.0,0.617,11.611
366526471,4,0,-0.048,0.021,0.01,-0.012,0.0,-0.1129,-0.1116,2.48,0.025500000000000002,32824.0,0.0002,0.0,4900.0,31644.0,0.0009000000000000001,0.47350000000000003,0.47400000000000003,0.0,0.018000000000000002,0.0,0.808,11.611
366531575,4,0,0.147,-0.008,0.049,-0.013000000000000001,0.0,-0.1421,-0.09630000000000001,2.41,0.025900000000000003,32608.0,0.0082,0.0,10004.0,31248.0,0.0324,0.47350000000000003,0.47400000000000003,0.0,0.018000000000000002,0.0,0.748,11.594
366533621,4,0,0.046,0.015,-0.008,-0.013000000000000001,0.0,-0.135,-0.10880000000000001,2.39,0.026000000000000002,32328.0,0.0047,0.0,12050.0,30928.0,0.018500000000000003,0.47350000000000003,0.47400000000000003,0.0,0.018000000000000002,0.0,0.589,11.594
366538625,4,0,0.024,0.015,-0.011,-0.013000000000000001,0.0,-0.1359,-0.165,2.32,0.0258,32052.0,-0.0053,0.0,17054.0,30612.0,-0.0206,0.4733,0.47300000000000003,0.0,0.011,0.0,0.612,11.594
366541580,4,0,0.13,-0.005,0.047,-0.013000000000000001,0.0,-0.1675,-0.1121,2.27,0.025900000000000003,31912.0,0.0095,0.0,0.0,30424.0,0.0392,0.4733,0.47300000000000003,0.0,0.011,0.0,0.632,11.594
366545646,4,0,0.005,0.026000000000000002,-0.024,-0.013000000000000001,0.0,-0.156,-0.07830000000000001,2.22,0.0261,31448.0,0.0129,0.0,4066.0,30120.0,0.054900000000000004,0.4728,0.47200000000000003,0.0,0.0,0.0,0.329,11.594
366551587,4,0,-0.017,-0.032,-0.032,-0.012,0.0,-0.1539,-0.0877,2.13,0.0256,30928.0,0.0106,0.0,10007.0,29820.0,0.0468,0.4728,0.47200000000000003,0.0,0.0,0.0,0.625,11.521
366553634,4,0,0.061,-0.019,0.025,-0.012,0.0,-0.19140000000000001,-0.06330000000000001,2.11,0.0256,31184.0,0.0206,0.0,12054.0,29644.0,0.0906,0.4728,0.47200000000000003,0.0,0.0,0.0,0.663,11.521
366558454,4,0,-0.053,0.024,-0.016,-0.012,0.0,-0.1859,-0.0026000000000000003,2.05,0.0257,30488.0,0.0284,0.0,16874.0,29184.0,0.1296,0.47040000000000004,0.466,0.0,-0.048,0.0,0.396,11.521
366562593,4,0,-0.137,-0.046,-0.075,0.0,0.0,0.0,0.0,1.99,0.0251,30180.0,0.0,0.0,0.0,28956.0,0.0,0.47040000000000004,0.466,0.0,-0.048,0.0,0.269,11.521
366566597,4,0,0.023,-0.035,0.051000000000000004,0.0,0.0,0.0,0.0,1.94,0.025,29940.0,0.0,0.0,4004.0,28624.0,0.0,0.46680000000000005,0.46,0.0,-0.112,0.0,0.403,11.521
366571601,4,0,-0.069,-0.002,-0.032,0.0,0.0,0.0,0.0,1.87,0.0252,29760.0,0.0,0.0,9008.0,28516.0,0.0,0.46680000000000005,0.46,0.0,-0.112,0.0,0.559,11.509
366573646,4,0,-0.111,-0.016,-0.054,0.0,0.0,0.0,0.0,1.86,0.025,29584.0,0.0,0.0,11053.0,28196.0,0.0,0.46680000000000005,0.46,0.0,-0.112,0.0,0.155,11.509
366578649,4,0,-0.02,-0.081,0.057,0.0,0.0,0.0,0.0,1.79,0.0251,29296.0,0.0,0.0,16056.0,27880.0,0.0,0.4651,0.462,0.0,-0.123,0.0,0.387,11.509
366581606,4,0,0.043000000000000003,-0.053,0.064,0.0,0.0,0.0,0.0,1.75,0.025400000000000002,29184.0,0.0,0.0,0.0,27776.0,0.0,0.4651,0.462,0.0,-0.123,0.0,0.178,11.509
366585689,4,0,0.096,-0.018000000000000002,-0.046,0.0,0.0,0.0,0.0,1.7,0.0257,28736.0,0.0,0.0,4083.0,27372.0,0.0,0.4651,0.465,0.0,-0.099,0.0,0.23700000000000002,11.509
366590751,4,0,0.047,-0.07,0.042,0.0,0.0,0.0,0.0,1.6400000000000001,0.0263,28300.0,0.0,0.0,9145.0,27076.0,0.0,0.4651,0.465,0.0,-0.099,0.0,0.166,11.453
366593661,4,0,0.17500000000000002,-0.051000000000000004,0.069,0.0,0.0,0.0,0.0,1.61,0.0268,28300.0,0.0,0.0,12055.0,26976.0,0.0,0.4651,0.465,0.0,-0.099,0.0,0.501,11.453
366598664,4,0,0.246,0.02,-0.019,0.0,0.0,0.0,0.0,1.54,0.0279,27984.0,0.0,0.0,17058.0,26596.0,0.0,0.4657,0.467,0.0,-0.066,0.0,-0.017,11.453
366601618,4,0,0.148,0.003,0.005,0.0,0.0,0.0,0.0,1.5,0.028200000000000003,27676.0,0.0,0.0,0.0,26408.0,0.0,0.4657,0.467,0.0,-0.066,0.0,-0.427,11.453
366605685,4,0,0.23500000000000001,0.022,0.076,0.0,0.0,0.0,0.0,1.45,0.0286,27372.0,0.0,0.0,4067.0,26132.0,0.0,0.4665,0.468,0.0,-0.037,0.0,-0.517,11.453
366611624,4,0,0.232,0.039,-0.034,0.0,0.0,0.0,0.0,1.3800000000000001,0.029300000000000003,26976.0,0.0,0.0,10006.0,25772.0,0.0,0.4665,0.468,0.0,-0.037,0.0,-0.366,11.595
366613684,4,0,0.136,0.09,-0.026000000000000002,0.0,0.0,0.0,0.0,1.37,0.029400000000000003,26976.0,0.0,0.0,12066.0,25596.0,0.0,0.4665,0.468,0.0,-0.037,0.0,-0.343,11.595
366618676,4,0,0.026000000000000002,0.091,0.094,0.0,0.0,0.0,0.0,1.31,0.0291,26408.0,0.0,0.0,17058.0,25168.0,0.0,0.46630000000000005,0.466,0.0,-0.033,0.0,-0.608,11.595
366621551,4,0,0.059000000000000004,0.08600000000000001,0.07100000000000001,0.0,0.0,0.0,0.0,1.27,0.0291,26224.0,0.0,0.0,0.0,25000.0,0.0,0.46630000000000005,0.466,0.0,-0.033,0.0,-0.587,11.595
366626634,4,0,0.108,0.123,-0.012,0.0,0.0,0.0,0.0,1.22,0.029,26040.0,0.0,0.0,5083.0,24752.0,0.0,0.4666,0.467,0.0,-0.022,0.0,-0.373,11.595
366631638,4,0,0.075,0.17,0.07100000000000001,0.0,0.0,0.0,0.0,1.17,0.0286,25684.0,0.0,0.0,10087.0,24272.0,0.0,0.4666,0.467,0.0,-0.022,0.0,-0.261,11.594
366633674,4,0,0.019,0.198,0.07,0.0,0.0,0.0,0.0,1.16,0.028300000000000002,25424.0,0.0,0.0,12123.0,24192.0,0.0,0.4666,0.467,0.0,-0.022,0.0,-0.521,11.594
366638679,4,0,0.056,0.165,-0.058,0.0,0.0,0.0,0.0,1.1,0.027600000000000003,25000.0,0.0,0.0,17128.0,23884.0,0.0,0.46740000000000004,0.46900000000000003,0.0,-0.001,0.0,-0.8310000000000001,11.594
366641644,4,0,0.14400000000000002,0.154,-0.053,0.0,0.0,0.0,0.0,1.06,0.0274,24916.0,0.0,0.0,0.0,23584.0,0.0,0.46740000000000004,0.46900000000000003,0.0,-0.001,0.0,-0.929,11.594
366646662,4,0,0.061,0.112,-0.047,0.0,0.0,0.0,0.0,1.01,0.0273,24592.0,0.0,0.0,5018.0,23220.0,0.0,0.4676,0.468,0.0,0.004,0.0,-0.895,11.594
366651651,4,0,-0.059000000000000004,0.045,-0.139,0.0,0.0,0.0,0.0,0.96,0.027200000000000002,24192.0,0.0,0.0,10007.0,22936.0,0.0,0.4676,0.468,0.0,0.004,0.0,-0.901,11.568
366654673,4,0,-0.139,0.048,-0.14400000000000002,0.0,0.0,0.0,0.0,0.93,0.027,23884.0,0.0,0.0,13029.0,22796.0,0.0,0.4676,0.468,0.0,0.004,0.0,-0.591,11.568
366657654,4,0,0.027,-0.008,-0.10300000000000001,0.0,0.0,0.0,0.0,0.9,0.0268,23884.0,0.0,0.0,16010.0,22656.0,0.0,0.46740000000000004,0.467,0.0,-0.002,0.0,-0.617,11.568
366661658,4,0,-0.021,-0.034,-0.09,0.0,0.0,0.0,0.0,0.85,0.0269,23292.0,0.0,0.0,0.0,22256.0,0.0,0.46740000000000004,0.467,0.0,-0.002,0.0,-0.485,11.568
366666661,4,0,-0.076,-0.057,-0.079,0.0,0.0,0.0,0.0,0.81,0.027,22936.0,0.0,0.0,5003.0,21740.0,0.0,0.468,0.46900000000000003,0.0,0.01,0.0,-0.61,11.568
366671664,4,0,-0.074,-0.078,0.017,0.0,0.0,0.0,0.0,0.76,0.0269,22728.0,0.0,0.0,10006.0,21428.0,0.0,0.468,0.46900000000000003,0.0,0.01,0.0,-0.551,11.611
366673744,4,0,-0.025,-0.082,0.035,0.0,0.0,0.0,0.0,0.75,0.0268,22592.0,0.0,0.0,12086.0,21248.0,0.0,0.468,0.46900000000000003,0.0,0.01,0.0,-0.523,11.611
366678549,4,0,0.032,-0.081,0.05,0.0,0.0,0.0,0.0,0.7000000000000001,0.0268,22124.0,0.0,0.0,16891.0,20948.0,0.0,0.46900000000000003,0.47100000000000003,0.0,0.029,0.0,-0.562,11.611
366682674,4,0,-0.048,-0.085,0.075,0.0,0.0,0.0,0.0,0.67,0.0268,21864.0,0.0,0.0,0.0,20604.0,0.0,0.46900000000000003,0.47100000000000003,0.0,0.029,0.0,-0.382,11.611
366685550,4,0,-0.053,-0.097,0.081,0.0,0.0,0.0,0.0,0.63,0.0268,21612.0,0.0,0.0,2876.0,20436.0,0.0,0.46900000000000003,0.47100000000000003,0.0,0.029,0.0,-0.371,11.611
366690698,4,0,-0.117,-0.056,0.08600000000000001,0.0,0.0,0.0,0.0,0.59,0.0269,21428.0,0.0,0.0,8024.0,20160.0,0.0,0.46830000000000005,0.467,0.0,0.009000000000000001,0.0,0.035,11.596
366693550,4,0,-0.123,-0.067,0.08700000000000001,0.0,0.0,0.0,0.0,0.56,0.0268,21128.0,0.0,0.0,10876.0,19840.0,0.0,0.46830000000000005,0.467,0.0,0.009000000000000001,0.0,0.12,11.596
366698549,4,0,-0.146,-0.108,0.066,0.0,0.0,0.0,0.0,0.52,0.026600000000000002,20832.0,0.0,0.0,15875.0,19532.0,0.0,0.46680000000000005,0.464,0.0,-0.023,0.0,0.053,11.596
366702671,4,0,-0.201,-0.11900000000000001,0.032,0.0,0.0,0.0,0.0,0.48,0.0264,20380.0,0.0,0.0,0.0,19232.0,0.0,0.46680000000000005,0.464,0.0,-0.023,0.0,0.149,11.596
366705675,4,0,-0.198,-0.135,-0.008,0.0,0.0,0.0,0.0,0.45,0.0264,20160.0,0.0,0.0,3004.0,18988.0,0.0,0.46680000000000005,0.464,0.0,-0.023,0.0,0.113,11.596
366709725,4,0,-0.215,-0.121,-0.014,0.0,0.0,0.0,0.0,0.42,0.0263,19840.0,0.0,0.0,7054.0,18752.0,0.0,0.46580000000000005,0.464,0.0,-0.038,0.0,0.018000000000000002,11.63
366714723,4,0,-0.178,-0.138,-0.035,0.0,0.0,0.0,0.0,0.39,0.026000000000000002,19480.0,0.0,0.0,12052.0,18336.0,0.0,0.46580000000000005,0.464,0.0,-0.038,0.0,0.067,11.63
366719668,4,0,-0.17200000000000001,-0.16,-0.042,0.0,0.0,0.0,0.0,0.36,0.0258,19180.0,0.0,0.0,16997.0,17984.0,0.0,0.4652,0.464,0.0,-0.043000000000000003,0.0,0.338,11.63
366721727,4,0,-0.167,-0.14100000000000001,-0.05,0.0,0.0,0.0,0.0,0.35000000000000003,0.0257,19036.0,0.0,0.0,0.0,17856.0,0.0,0.4652,0.464,0.0,-0.043000000000000003,0.0,0.512,11.63
366726550,4,0,-0.137,-0.127,-0.036000000000000004,0.0,0.0,0.0,0.0,0.33,0.0256,18704.0,0.0,0.0,4823.0,17480.0,0.0,0.46480000000000005,0.464,0.0,-0.043000000000000003,0.0,0.47800000000000004,11.63
366730573,4,0,-0.113,-0.105,-0.039,0.0,0.0,0.0,0.0,0.3,0.0257,18428.0,0.0,0.0,8846.0,17084.0,0.0,0.46480000000000005,0.464,0.0,-0.043000000000000003,0.0,0.531,11.526
366735549,4,0,-0.128,-0.098,-0.017,0.0,0.0,0.0,0.0,0.28,0.025400000000000002,17900.0,0.0,0.0,13822.0,16816.0,0.0,0.46480000000000005,0.464,0.0,-0.043000000000000003,0.0,0.432,11.526
366737732,4,0,-0.106,-0.098,-0.013000000000000001,0.0,0.0,0.0,0.0,0.27,0.0253,17856.0,0.0,0.0,16005.0,16628.0,0.0,0.46490000000000004,0.465,0.0,-0.033,0.0,0.433,11.526
366741739,4,0,-0.11900000000000001,-0.081,0.009000000000000001,0.0,0.0,0.0,0.0,0.25,0.0252,17440.0,0.0,0.0,0.0,16304.0,0.0,0.46490000000000004,0.465,0.0,-0.033,0.0,0.631,11.526
366746549,4,0,-0.091,-0.048,0.005,0.0,0.0,0.0,0.0,0.22,0.0251,17124.0,0.0,0.0,4810.0,15924.0,0.0,0.4632,0.46,0.0,-0.06,0.0,0.653,11.526
366750573,4,0,-0.082,-0.043000000000000003,0.023,0.0,0.0,0.0,0.0,0.19,0.0251,16852.0,0.0,0.0,8834.0,15688.0,0.0,0.4632,0.46,0.0,-0.06,0.0,0.555,11.519
366754742,4,0,-0.074,-0.017,0.039,0.0,0.0,0.0,0.0,0.17,0.024900000000000002,16448.0,0.0,0.0,13003.0,15336.0,0.0,0.4632,0.46,0.0,-0.06,0.0,0.524,11.519
366758797,4,0,-0.041,-0.017,0.024,0.0,0.0,0.0,0.0,0.15,0.0246,16304.0,0.0,0.0,17058.0,15032.0,0.0,0.46030000000000004,0.455,0.0,-0.105,0.0,0.62,11.519
366761549,4,0,-0.022,-0.01,0.01,0.0,0.0,0.0,0.0,0.14,0.0244,16060.0,0.0,0.0,0.0,14824.0,0.0,0.46030000000000004,0.455,0.0,-0.105,0.0,0.632,11.519
366765550,4,0,0.015,-0.001,0.014,0.0,0.0,0.0,0.0,0.11,0.0241,15624.0,0.0,0.0,4001.0,14676.0,0.0,0.46030000000000004,0.455,0.0,-0.105,0.0,0.64,11.519
366769560,4,0,0.026000000000000002,0.022,0.016,0.0,0.0,0.0,0.0,0.1,0.024,15336.0,0.0,0.0,8011.0,14152.0,0.0,0.4595,0.458,0.0,-0.1,0.0,0.679,11.519
366773805,4,0,0.053,0.036000000000000004,-0.005,0.0,0.0,0.0,0.0,0.09,0.024,15032.0,0.0,0.0,12256.0,13940.0,0.0,0.4595,0.458,0.0,-0.1,0.0,0.638,11.594
366778555,4,0,0.075,0.037,-0.025,0.0,0.0,0.0,0.0,0.07,0.024200000000000003,14736.0,0.0,0.0,17006.0,13488.0,0.0,0.46040000000000003,0.462,0.0,-0.063,0.0,0.533,11.594
366783674,4,0,0.055,0.068,-0.016,0.0,0.0,0.0,0.0,0.05,0.024200000000000003,14368.0,0.0,0.0,0.0,13248.0,0.0,0.46040000000000003,0.462,0.0,-0.063,0.0,0.463,11.594
366786684,4,0,0.059000000000000004,0.07100000000000001,-0.026000000000000002,0.0,0.0,0.0,0.0,0.04,0.0241,14204.0,0.0,0.0,3010.0,12932.0,0.0,0.46090000000000003,0.462,0.0,-0.039,0.0,0.37,11.594
366791550,4,0,0.092,0.091,-0.03,0.0,0.0,0.0,0.0,0.02,0.0239,13736.0,0.0,0.0,7876.0,12624.0,0.0,0.46090000000000003,0.462,0.0,-0.039,0.0,0.40800000000000003,11.527000000000001
366793556,4,0,0.09,0.101,-0.021,0.0,0.0,0.0,0.0,0.01,0.0239,13536.0,0.0,0.0,9882.0,12416.0,0.0,0.46090000000000003,0.462,0.0,-0.039,0.0,0.323,11.527000000000001
366798554,4,0,0.098,0.112,-0.005,0.0,0.0,0.0,0.0,0.0,0.0238,13064.0,0.0,0.0,14880.0,12020.0,0.0,0.4617,0.463,0.0,-0.017,0.0,0.43,11.527000000000001
366803565,4,0,0.099,0.10400000000000001,-0.009000000000000001,0.0,0.0,0.0,0.0,0.0,0.0238,12800.0,0.0,0.0,0.0,11720.0,0.0,0.4617,0.463,0.0,-0.017,0.0,0.37,11.527000000000001
366805804,4,0,0.078,0.116,0.005,0.0,0.0,0.0,0.0,0.0,0.0238,12584.0,0.0,0.0,2239.0,11432.0,0.0,0.4621,0.463,0.0,-0.004,0.0,0.28800000000000003,11.527000000000001
366810573,4,0,0.113,0.11,0.007,0.0,0.0,0.0,0.0,0.0,0.023700000000000002,12256.0,0.0,0.0,7008.0,11096.0,0.0,0.4621,0.463,0.0,-0.004,0.0,0.215,11.509
