t_us,run_id,gap,gx,gy,gz,omega_sp,alpha_ff,tilt_x,tilt_y,thrust,angle,erpm,torque,angle_sp,offset_us,erpm_lower,servo_tilt
387738713,2,0,0.0,-0.002,-0.004,0.0,0.0,0.0,0.0,0.0,-0.0028,0.0,0.0,0.0,0.0,0.0,0.0
387744610,2,0,-0.002,-0.004,0.004,0.0,0.0,0.0,0.0,0.0,-0.0028,0.0,0.0,0.0,5897.0,0.0,0.0
387747567,2,0,0.0,-0.004,0.004,0.0,0.0,0.0,0.0,0.0,-0.0028,0.0,0.0,0.0,8854.0,0.0,0.0
387752575,2,0,0.001,-0.003,-0.004,0.0,0.0,0.0,0.0,0.0,-0.0028,0.0,0.0,0.0,13862.0,0.0,0.0
387756783,2,0,0.001,-0.004,0.0,0.0,0.0,0.0,0.0,0.0,-0.0028,0.0,0.0,0.0,18070.0,0.0,0.0
387759622,2,0,0.005,-0.001,0.003,0.0,0.0,0.0,0.0,0.0,-0.0028,0.0,0.0,0.0,20909.0,0.0,0.0
387764626,2,0,0.006,-0.005,0.001,0.0,0.0,0.0,0.0,0.0,-0.0028,0.0,0.0,0.0,25913.0,0.0,0.0
387767581,2,0,0.002,-0.005,0.0,0.0,0.0,0.0,0.0,0.0,-0.0028,0.0,0.0,0.0,0.0,0.0,0.0
387772585,2,0,0.004,-0.004,0.001,0.0,0.0,0.0,0.0,0.0,-0.0028,0.0,0.0,0.0,5004.0,0.0,0.0
387777590,2,0,0.006,-0.002,0.001,0.0,0.0,0.0,0.0,0.0,-0.0028,0.0,0.0,0.0,10009.0,0.0,0.0
387779636,2,0,0.008,-0.003,-0.001,0.0,0.0,0.0,0.0,0.0,-0.0028,0.0,0.0,0.0,12055.0,0.0,0.0
387784639,2,0,0.005,-0.003,0.001,0.0,0.0,0.0,0.0,0.0,-0.0028,0.0,0.0,0.0,17058.0,0.0,0.0
387787456,2,0,0.006,-0.004,0.002,0.0,0.0,0.0,0.0,0.0,-0.0028,0.0,0.0,0.0,19875.0,0.0,0.0
387792598,2,0,0.001,-0.008,0.002,0.0,0.0,0.0,0.0,0.0,-0.0028,0.0,0.0,0.0,25017.0,0.0,0.0
387797602,2,0,-0.002,-0.003,0.0,0.0,0.0,0.0,0.0,0.0,-0.0028,0.0,0.0,0.0,0.0,0.0,0.0
387799652,2,0,-0.003,-0.002,0.0,0.0,0.0,0.0,0.0,0.0,-0.0028,0.0,0.0,0.0,2050.0,0.0,0.0
387804650,2,0,0.003,-0.004,0.0,0.0,0.0,0.0,0.0,0.0,-0.0027,0.0,0.0,0.0,7048.0,0.0,0.0
387806803,2,0,0.006,-0.007,0.001,0.0,0.0,0.0,0.0,0.0,-0.0027,0.0,0.0,0.0,9201.0,0.0,0.0
387812613,2,0,0.006,-0.003,-0.004,0.0,0.0,0.0,0.0,0.0,-0.0028,0.0,0.0,0.0,15011.0,0.0,0.0
387817617,2,0,0.0,-0.001,-0.001,0.0,0.0,0.0,0.0,0.0,-0.0027,0.0,0.0,0.0,20015.0,0.0,0.0
387819745,2,0,0.0,-0.003,-0.002,0.0,0.0,0.0,0.0,0.0,-0.0027,0.0,0.0,0.0,22143.0,0.0,0.0
387824669,2,0,0.003,-0.004,0.003,0.0,0.0,0.0,0.0,0.0,-0.0027,0.0,0.0,0.0,0.0,0.0,0.0
387827627,2,0,0.003,-0.001,-0.001,0.0,0.0,0.0,0.0,0.0,-0.0027,0.0,0.0,0.0,2958.0,0.0,0.0
387832625,2,0,0.006,-0.003,-0.004,0.0,0.0,0.0,0.0,0.0,-0.0027,0.0,0.0,0.0,7956.0,0.0,0.0
387837632,2,0,0.0,-0.006,0.004,0.0,0.0,0.0,0.0,0.0,-0.0027,0.0,0.0,0.0,12963.0,0.0,0.0
387839679,2,0,-0.001,-0.006,0.001,0.0,0.0,0.0,0.0,0.0,-0.0027,0.0,0.0,0.0,15010.0,0.0,0.0
387844677,2,0,-0.005,-0.003,-0.003,0.0,0.0,0.0,0.0,0.0,-0.0027,0.0,0.0,0.0,20008.0,0.0,0.0
387847638,2,0,-0.002,-0.007,-0.004,0.0,0.0,0.0,0.0,0.0,-0.0027,0.0,0.0,0.0,22969.0,0.0,0.0
387851742,2,0,-0.001,-0.006,-0.004,0.0,0.0,0.0,0.0,0.0,-0.0027,0.0,0.0,0.0,0.0,0.0,0.0
387856764,2,0,-0.001,-0.004,0.0,0.0,0.0,0.0,0.0,0.0,-0.0027,0.0,0.0,0.0,5022.0,0.0,0.0
387859572,2,0,-0.001,-0.004,-0.002,0.0,0.0,0.0,0.0,0.0,-0.0027,0.0,0.0,0.0,7830.0,0.0,0.0
387863668,2,0,0.005,-0.001,0.0,0.0,0.0,0.0,0.0,0.0,-0.0027,0.0,0.0,0.0,11926.0,0.0,0.0
387868653,2,0,0.004,-0.001,-0.003,0.0,0.0,0.0,0.0,0.0,-0.0027,0.0,0.0,0.0,16911.0,0.0,0.0
387872658,2,0,0.002,-0.005,0.001,0.0,0.0,0.0,0.0,0.0,-0.0027,0.0,0.0,0.0,20916.0,0.0,0.0
387874740,2,0,0.001,-0.003,0.002,0.0,0.0,0.0,0.0,0.0,-0.0027,0.0,0.0,0.0,22998.0,0.0,0.0
387879743,2,0,-0.002,-0.001,-0.001,0.0,0.0,0.0,0.0,0.0,-0.0027,0.0,0.0,0.0,0.0,0.0,0.0
387884743,2,0,0.002,0.001,0.001,0.0,0.0,0.0,0.0,0.0,-0.0027,0.0,0.0,0.0,5000.0,0.0,0.0
387887666,2,0,0.003,-0.004,0.0,0.0,0.0,0.0,0.0,0.0,-0.0027,0.0,0.0,0.0,7923.0,0.0,0.0
387892671,2,0,0.0,-0.001,-0.001,0.0,0.0,0.0,0.0,0.0,-0.0027,0.0,0.0,0.0,12928.0,0.0,0.0
387894751,2,0,-0.003,-0.001,-0.002,0.0,0.0,0.0,0.0,0.0,-0.0027,0.0,0.0,0.0,15008.0,0.0,0.0
387899759,2,0,-0.006,-0.003,0.001,0.0,0.0,0.0,0.0,0.0,-0.0027,0.0,0.0,0.0,20016.0,0.0,0.0
387904761,2,0,-0.001,-0.002,-0.001,0.0,0.0,0.0,0.0,0.0,-0.0027,0.0,0.0,0.0,25018.0,0.0,0.0
387906827,2,0,-0.002,0.001,0.003,0.0,0.0,0.0,0.0,0.0,-0.0027,0.0,0.0,0.0,0.0,0.0,0.0
387911676,2,0,0.0,-0.003,-0.002,0.0,0.0,0.0,0.0,0.0,-0.0027,0.0,0.0,0.0,4849.0,0.0,0.0
387915912,2,0,0.002,-0.003,0.003,0.0,0.0,0.0,0.0,0.0,-0.0026000000000000003,0.0,0.0,0.0,9085.0,0.0,0.0
387920683,2,0,-0.001,-0.004,0.002,0.0,0.0,0.0,0.0,0.0,-0.0026000000000000003,0.0,0.0,0.0,13856.0,0.0,0.0
387922724,2,0,-0.003,-0.002,-0.001,0.0,0.0,0.0,0.0,0.0,-0.0026000000000000003,0.0,0.0,0.0,15897.0,0.0,0.0
387927574,2,0,0.003,-0.001,0.003,0.0,0.0,0.0,0.0,0.0,-0.0026000000000000003,0.0,0.0,0.0,20747.0,0.0,0.0
387931574,2,0,0.001,-0.003,0.0,0.0,0.0,0.0,0.0,0.0,-0.0026000000000000003,0.0,0.0,0.0,24747.0,0.0,0.0
387935738,2,0,0.0,-0.006,0.003,0.0,0.0,0.0,0.0,0.0,-0.0026000000000000003,0.0,0.0,0.0,0.0,0.0,0.0
387939792,2,0,0.002,-0.006,0.0,0.0,0.0,0.0,0.0,0.0,-0.0026000000000000003,0.0,0.0,0.0,4054.0,0.0,0.0
387944785,2,0,0.0,-0.004,-0.002,0.0,0.0,0.0,0.0,0.0,-0.0026000000000000003,0.0,0.0,0.0,9047.0,0.0,0.0
387947677,2,0,-0.001,-0.003,-0.001,0.0,0.0,0.0,0.0,0.0,-0.0026000000000000003,0.0,0.0,0.0,11939.0,0.0,0.0
387952573,2,0,0.007,-0.005,0.004,0.0,0.0,0.0,0.0,0.0,-0.0026000000000000003,0.0,0.0,0.0,16835.0,0.0,0.0
387956677,2,0,0.007,-0.004,0.002,0.0,0.0,0.0,0.0,0.0,-0.0026000000000000003,0.0,0.0,0.0,20939.0,0.0,0.0
387958749,2,0,0.003,-0.004,0.002,0.0,0.0,0.0,0.0,0.0,-0.0026000000000000003,0.0,0.0,0.0,23011.0,0.0,0.0
387963574,2,0,0.004,-0.005,0.001,0.0,0.0,0.0,0.0,0.0,-0.0026000000000000003,0.0,0.0,0.0,0.0,0.0,0.0
387967758,2,0,0.006,-0.006,-0.002,0.0,0.0,0.0,0.0,0.0,-0.0026000000000000003,0.0,0.0,0.0,4184.0,0.0,0.0
387972572,2,0,0.001,-0.005,0.003,0.0,0.0,0.0,0.0,0.0,-0.0026000000000000003,0.0,0.0,0.0,8998.0,0.0,0.0
387976765,2,0,0.005,-0.003,0.002,0.0,0.0,0.0,0.0,0.0,-0.0026000000000000003,0.0,0.0,0.0,13191.0,0.0,0.0
387979869,2,0,0.006,-0.006,-0.003,0.0,0.0,0.0,0.0,0.0,-0.0026000000000000003,0.0,0.0,0.0,16295.0,0.0,0.0
387984578,2,0,0.005,-0.005,0.001,0.0,0.0,0.0,0.0,0.0,-0.0026000000000000003,0.0,0.0,0.0,21004.0,0.0,0.0
387986717,2,0,0.002,-0.005,0.0,0.0,0.0,0.0,0.0,0.0,-0.0026000000000000003,0.0,0.0,0.0,23143.0,0.0,0.0
387990767,2,0,0.004,-0.002,0.0,0.0,0.0,0.0,0.0,0.0,-0.0026000000000000003,0.0,0.0,0.0,0.0,0.0,0.0
387994813,2,0,0.002,-0.003,-0.005,0.0,0.0,0.0,0.0,0.0,-0.0026000000000000003,0.0,0.0,0.0,4046.0,0.0,0.0
387999580,2,0,-0.001,-0.005,-0.001,0.0,0.0,0.0,0.0,0.0,-0.0027,0.0,0.0,0.0,8813.0,0.0,0.0
388004577,2,0,-0.001,-0.005,0.001,0.0,0.0,0.0,0.0,0.0,-0.0027,0.0,0.0,0.0,13810.0,0.0,0.0
388008785,2,0,0.007,-0.004,0.002,0.0,0.0,0.0,0.0,0.0,-0.0027,0.0,0.0,0.0,18018.0,0.0,0.0
388011683,2,0,0.009000000000000001,-0.004,0.001,0.0,0.0,0.0,0.0,0.0,-0.0027,0.0,0.0,0.0,20916.0,0.0,0.0
388015786,2,0,-0.001,0.001,0.001,0.0,0.0,0.0,0.0,0.0,-0.0027,0.0,0.0,0.0,25019.0,0.0,0.0
388019815,2,0,0.001,-0.002,0.001,0.0,0.0,0.0,0.0,0.0,-0.0027,0.0,0.0,0.0,0.0,0.0,0.0
388024576,2,0,0.002,-0.001,-0.003,0.0,0.0,0.0,0.0,0.0,-0.0026000000000000003,0.0,0.0,0.0,4761.0,0.0,0.0
388026797,2,0,0.001,-0.003,-0.003,0.0,0.0,0.0,0.0,0.0,-0.0026000000000000003,0.0,0.0,0.0,6982.0,0.0,0.0
388031572,2,0,0.004,-0.004,-0.002,0.0,0.0,0.0,0.0,0.0,-0.0026000000000000003,0.0,0.0,0.0,11757.0,0.0,0.0
388035573,2,0,0.003,-0.005,0.001,0.0,0.0,0.0,0.0,0.0,-0.0026000000000000003,0.0,0.0,0.0,15758.0,0.0,0.0
388039579,2,0,-0.002,-0.003,0.001,0.0,0.0,0.0,0.0,0.0,-0.0026000000000000003,0.0,0.0,0.0,19764.0,0.0,0.0
388043937,2,0,0.003,-0.003,0.001,0.0,0.0,0.0,0.0,0.0,-0.0026000000000000003,0.0,0.0,0.0,24122.0,0.0,0.0
388048579,2,0,0.005,-0.004,-0.001,0.0,0.0,0.0,0.0,0.0,-0.0026000000000000003,0.0,0.0,0.0,0.0,0.0,0.0
388052812,2,0,0.004,0.001,0.002,0.0,0.0,0.0,0.0,0.0,-0.0026000000000000003,0.0,0.0,0.0,4233.0,0.0,0.0
388054813,2,0,0.005,0.001,0.003,0.0,0.0,0.0,0.0,0.0,-0.0026000000000000003,0.0,0.0,0.0,6234.0,0.0,0.0
388059577,2,0,-0.002,-0.002,-0.004,0.0,0.0,0.0,0.0,0.0,-0.0026000000000000003,0.0,0.0,0.0,10998.0,0.0,0.0
388063813,2,0,-0.006,-0.005,-0.001,0.0,0.0,0.0,0.0,0.0,-0.0026000000000000003,0.0,0.0,0.0,15234.0,0.0,0.0
388068579,2,0,-0.002,-0.006,-0.004,0.0,0.0,0.0,0.0,0.0,-0.0026000000000000003,0.0,0.0,0.0,20000.0,0.0,0.0
388070812,2,0,0.002,-0.004,0.001,0.0,0.0,0.0,0.0,0.0,-0.0026000000000000003,0.0,0.0,0.0,22233.0,0.0,0.0
388075577,2,0,0.001,-0.002,-0.003,0.0,0.0,0.0,0.0,0.0,-0.0026000000000000003,0.0,0.0,0.0,0.0,0.0,0.0
388079814,2,0,0.0,-0.005,0.0,0.0,0.0,0.0,0.0,0.0,-0.0026000000000000003,0.0,0.0,0.0,4237.0,0.0,0.0
388084571,2,0,-0.002,-0.006,0.0,0.0,0.0,0.0,0.0,0.0,-0.0026000000000000003,0.0,0.0,0.0,8994.0,0.0,0.0
388088576,2,0,-0.003,-0.003,0.001,0.0,0.0,0.0,0.0,0.0,-0.0026000000000000003,0.0,0.0,0.0,12999.0,0.0,0.0
388092578,2,0,-0.002,-0.005,0.0,0.0,0.0,0.0,0.0,0.0,-0.0026000000000000003,0.0,0.0,0.0,17001.0,0.0,0.0
388094813,2,0,0.0,-0.006,-0.003,0.0,0.0,0.0,0.0,0.0,-0.0026000000000000003,0.0,0.0,0.0,19236.0,0.0,0.0
388099572,2,0,-0.004,-0.004,0.002,0.0,0.0,0.0,0.0,0.0,-0.0026000000000000003,0.0,0.0,0.0,23995.0,0.0,0.0
388103811,2,0,-0.005,-0.006,-0.001,0.0,0.0,0.0,0.0,0.0,-0.0027,0.0,0.0,0.0,0.0,0.0,0.0
388108809,2,0,0.004,-0.003,0.001,0.0,0.0,0.0,0.0,0.0,-0.0027,0.0,0.0,0.0,4998.0,0.0,0.0
388110810,2,0,0.003,-0.006,-0.001,0.0,0.0,0.0,0.0,0.0,-0.0027,0.0,0.0,0.0,6999.0,0.0,0.0
388114828,2,0,0.005,-0.004,0.0,0.0,0.0,0.0,0.0,0.0,-0.0027,0.0,0.0,0.0,11017.0,0.0,0.0
388119829,2,0,0.003,-0.005,0.0,0.0,0.0,0.0,0.0,0.0,-0.0027,0.0,0.0,0.0,16018.0,0.0,0.0
388124831,2,0,0.003,-0.006,0.0,0.0,0.0,0.0,0.0,0.0,-0.0027,0.0,0.0,0.0,21020.0,0.0,0.0
388127579,2,0,0.003,-0.004,0.002,0.0,0.0,0.0,0.0,0.0,-0.0027,0.0,0.0,0.0,23768.0,0.0,0.0
388132579,2,0,0.0,-0.006,0.0,0.0,0.0,0.0,0.0,0.0,-0.0027,0.0,0.0,0.0,0.0,0.0,0.0
388134842,2,0,0.003,-0.004,-0.002,0.0,0.0,0.0,0.0,0.0,-0.0027,0.0,0.0,0.0,2263.0,0.0,0.0
388139737,2,0,0.003,-0.003,0.0,0.0,0.0,0.0,0.0,0.0,-0.0027,0.0,0.0,0.0,7158.0,0.0,0.0
388144572,2,0,0.003,-0.004,0.002,0.0,0.0,0.0,0.0,0.0,-0.0027,0.0,0.0,0.0,11993.0,0.0,0.0
388148813,2,0,0.002,-0.004,0.001,0.0,0.0,0.0,0.0,0.0,-0.0027,0.0,0.0,0.0,16234.0,0.0,0.0
388150814,2,0,0.001,-0.002,0.003,0.0,0.0,0.0,0.0,0.0,-0.0027,0.0,0.0,0.0,18235.0,0.0,0.0
388154855,2,0,0.005,-0.001,0.002,0.0,0.0,0.0,0.0,0.0,-0.0027,0.0,0.0,0.0,22276.0,0.0,0.0
388159573,2,0,0.001,-0.006,-0.001,0.0,0.0,0.0,0.0,0.0,-0.0027,0.0,0.0,0.0,0.0,0.0,0.0
388164573,2,0,0.005,-0.004,-0.001,0.0,0.0,0.0,0.0,0.0,-0.0027,0.0,0.0,0.0,5000.0,0.0,0.0
388168819,2,0,0.003,-0.004,0.0,0.0,0.0,0.0,0.0,0.0,-0.0027,0.0,0.0,0.0,9246.0,0.0,0.0
388171573,2,0,0.002,-0.004,0.0,0.0,0.0,0.0,0.0,0.0,-0.0027,0.0,0.0,0.0,12000.0,0.0,0.0
388175573,2,0,0.002,-0.007,0.0,0.0,0.0,0.0,0.0,0.0,-0.0027,0.0,0.0,0.0,16000.0,0.0,0.0
388179874,2,0,0.006,-0.004,-0.001,0.0,0.0,0.0,0.0,0.0,-0.0027,0.0,0.0,0.0,20301.0,0.0,0.0
388184878,2,0,0.004,-0.005,0.001,0.0,0.0,0.0,0.0,0.0,-0.0027,0.0,0.0,0.0,25305.0,0.0,0.0
388187596,2,0,0.0,-0.006,0.0,0.0,0.0,0.0,0.0,0.0,-0.0027,0.0,0.0,0.0,0.0,0.0,0.0
388192573,2,0,0.006,-0.007,-0.003,0.0,0.0,0.0,0.0,0.0,-0.0027,0.0,0.0,0.0,4977.0,0.0,0.0
388194884,2,0,0.005,-0.007,0.001,0.0,0.0,0.0,0.0,0.0,-0.0028,0.0,0.0,0.0,7288.0,0.0,0.0
388199890,2,0,-0.003,-0.002,0.0,0.0,0.0,0.0,0.0,0.0,-0.0028,0.0,0.0,0.0,12294.0,0.0,0.0
388204890,2,0,0.001,-0.006,-0.002,0.0,0.0,0.0,0.0,0.0,-0.0028,0.0,0.0,0.0,17294.0,0.0,0.0
388206940,2,0,0.001,-0.005,0.002,0.0,0.0,0.0,0.0,0.0,-0.0028,0.0,0.0,0.0,19344.0,0.0,0.0
388211573,2,0,0.001,-0.002,0.002,0.0,0.0,0.0,0.0,0.0,-0.0028,0.0,0.0,0.0,23977.0,0.0,0.0
388215852,2,0,-0.002,-0.009000000000000001,-0.001,0.0,0.0,0.0,0.0,0.0,-0.0028,0.0,0.0,0.0,0.0,0.0,0.0
388219901,2,0,0.001,-0.006,0.0,0.0,0.0,0.0,0.0,0.0,-0.0028,0.0,0.0,0.0,4049.0,0.0,0.0
388224573,2,0,0.0,-0.002,0.0,0.0,0.0,0.0,0.0,0.0,-0.0028,0.0,0.0,0.0,8721.0,0.0,0.0
388226857,2,0,0.005,-0.003,-0.001,0.0,0.0,0.0,0.0,0.0,-0.0028,0.0,0.0,0.0,11005.0,0.0,0.0
388230863,2,0,0.002,-0.008,-0.001,0.0,0.0,0.0,0.0,0.0,-0.0028,0.0,0.0,0.0,15011.0,0.0,0.0
388235573,2,0,-0.001,-0.007,0.001,0.0,0.0,0.0,0.0,0.0,-0.0028,0.0,0.0,0.0,19721.0,0.0,0.0
388239952,2,0,-0.004,-0.003,0.002,0.0,0.0,0.0,0.0,0.0,-0.0028,0.0,0.0,0.0,24100.0,0.0,0.0
388244571,2,0,-0.003,-0.006,-0.001,0.0,0.0,0.0058000000000000005,0.0,0.0,-0.0028,0.0,0.0,0.0,0.0,0.0,0.0058000000000000005
388248573,2,0,-0.001,-0.003,-0.003,0.0,0.0,0.0105,0.0,0.0,-0.0029000000000000002,0.0,0.0,0.0,4002.0,0.0,0.0105
388252574,2,0,0.003,-0.004,-0.003,0.0,0.0,0.0152,0.0,0.0,-0.0029000000000000002,0.0,0.0,0.0,8003.0,0.0,0.0152
388254927,2,0,0.002,-0.007,-0.002,0.0,0.0,0.0175,0.0,0.0,-0.0029000000000000002,0.0,0.0,0.0,10356.0,0.0,0.0175
388259535,2,0,-0.003,-0.004,0.001,0.0,0.0,0.0233,0.0,0.0,-0.0029000000000000002,0.0,0.0,0.0,14964.0,0.0,0.0233
388263573,2,0,0.0,-0.002,0.004,0.0,0.0,0.028,0.0,0.0,-0.0029000000000000002,0.0,0.0,0.0,19002.0,0.0,0.028
388268011,2,0,0.001,-0.001,-0.002,0.0,0.0,0.0327,0.0,0.0,-0.0029000000000000002,0.0,0.0,0.0,23440.0,0.0,0.0327
388272894,2,0,-0.002,-0.008,0.002,0.0,0.0,0.0385,0.0,0.0,-0.0029000000000000002,0.0,0.0,0.0,0.0,0.0,0.0385
388274941,2,0,-0.002,-0.005,0.002,0.0,0.0,0.0408,0.0,0.0,-0.0029000000000000002,0.0,0.0,0.0,2047.0,0.0,0.0408
388279945,2,0,-0.005,-0.002,-0.001,0.0,0.0,0.046700000000000005,0.0,0.0,-0.0029000000000000002,0.0,0.0,0.0,7051.0,0.0,0.046700000000000005
388284949,2,0,0.002,-0.004,-0.002,0.0,0.0,0.052500000000000005,0.0,0.0,-0.0029000000000000002,0.0,0.0,0.0,12055.0,0.0,0.052500000000000005
388287535,2,0,0.001,-0.004,-0.001,0.0,0.0,0.056,0.0,0.0,-0.0029000000000000002,0.0,0.0,0.0,14641.0,0.0,0.056
388291572,2,0,-0.003,-0.004,-0.001,0.0,0.0,0.060700000000000004,0.0,0.0,-0.0029000000000000002,0.0,0.0,0.0,18678.0,0.0,0.060700000000000004
388295912,2,0,0.001,0.014,0.001,0.0,0.0,0.0653,0.0,0.0,-0.0028,0.0,0.0,0.0,23018.0,0.0,0.0653
388300054,2,0,-0.006,0.022,0.002,0.0,0.0,0.07,0.0,0.0,-0.0026000000000000003,0.0,0.0,0.0,0.0,0.0,0.07
388304573,2,0,0.002,0.042,0.0,0.0,0.0,0.0758,0.0,0.0,-0.0023,0.0,0.0,0.0,4519.0,0.0,0.0758
388308919,2,0,0.012,0.063,-0.001,0.0,0.0,0.0805,0.0,0.0,-0.0018000000000000002,0.0,0.0,0.0,8865.0,0.0,0.0805
388310921,2,0,0.006,0.074,0.001,0.0,0.0,0.0828,0.0,0.0,-0.0016,0.0,0.0,0.0,10867.0,0.0,0.0828
388314970,2,0,-0.003,0.095,0.002,0.0,0.0,0.08750000000000001,0.0,0.0,-0.0011,0.0,0.0,0.0,14916.0,0.0,0.08750000000000001
388319975,2,0,0.0,0.105,0.002,0.0,0.0,0.09330000000000001,0.0,0.0,-0.0005,0.0,0.0,0.0,19921.0,0.0,0.09330000000000001
388324572,2,0,0.0,0.112,0.003,0.0,0.0,0.09920000000000001,0.0,0.0,-0.0001,0.0,0.0,0.0,24518.0,0.0,0.09920000000000001
388326966,2,0,0.001,0.112,0.003,0.0,0.0,0.1015,0.0,0.0,0.0001,0.0,0.0,0.0,0.0,0.0,0.1015
388331573,2,0,0.006,0.10300000000000001,0.001,0.0,0.0,0.1073,0.0,0.0,0.0004,0.0,0.0,0.0,4607.0,0.0,0.1073
388335573,2,0,0.004,0.096,-0.003,0.0,0.0,0.112,0.0,0.0,0.0007,0.0,0.0,0.0,8607.0,0.0,0.112
388340025,2,0,0.005,0.093,-0.003,0.0,0.0,0.11670000000000001,0.0,0.0,0.0009000000000000001,0.0,0.0,0.0,13059.0,0.0,0.11670000000000001
388344572,2,0,0.001,0.091,-0.008,0.0,0.0,0.12250000000000001,0.0,0.0,0.0012000000000000001,0.0,0.0,0.0,17606.0,0.0,0.12250000000000001
388346946,2,0,-0.003,0.097,-0.018000000000000002,0.0,0.0,0.12480000000000001,0.0,0.0,0.0015,0.0,0.0,0.0,19980.0,0.0,0.12480000000000001
388350987,2,0,-0.002,0.101,-0.013000000000000001,0.0,0.0,0.1295,0.0,0.0,0.002,0.0,0.0,0.0,24021.0,0.0,0.1295
388356677,2,0,0.01,0.111,-0.007,0.0,0.0,0.1365,0.0,0.0,0.0026000000000000003,0.0,0.0,0.0,0.0,0.0,0.1365
388358954,2,0,0.012,0.11900000000000001,-0.007,0.0,0.0,0.1388,0.0,0.0,0.003,0.0,0.0,0.0,2277.0,0.0,0.1388
388363574,2,0,0.007,0.128,-0.004,0.0,0.0,0.1447,0.0,0.0,0.0034000000000000002,0.0,0.0,0.0,6897.0,0.0,0.1447
388367961,2,0,0.005,0.11900000000000001,0.0,0.0,0.0,0.14930000000000002,0.0,0.0,0.004200000000000001,0.0,0.0,0.0,11284.0,0.0,0.14930000000000002
388372535,2,0,0.008,0.117,0.002,0.0,0.0,0.1552,0.0,0.0,0.0047,0.0,0.0,0.0,15858.0,0.0,0.1552
388376573,2,0,0.008,0.105,0.009000000000000001,0.0,0.0,0.1598,0.0,0.0,0.0051,0.0,0.0,0.0,19896.0,0.0,0.1598
388378972,2,0,0.001,0.096,0.011,0.0,0.0,0.1622,0.0,0.0,0.0054,0.0,0.0,0.0,22295.0,0.0,0.1622
388383010,2,0,0.002,0.098,0.003,0.0,0.0,0.1668,0.0,0.0,0.0058000000000000005,0.0,0.0,0.0,0.0,0.0,0.1668
388387572,2,0,0.004,0.089,0.005,0.0,0.0,0.17270000000000002,0.0,0.0,0.006200000000000001,0.0,0.0,0.0,4562.0,0.0,0.17270000000000002
388392017,2,0,0.004,0.088,0.008,0.0,0.0,0.17500000000000002,0.0,0.0,0.0068000000000000005,0.0,0.0,0.0,9007.0,0.0,0.17500000000000002
388396128,2,0,0.008,0.08600000000000001,-0.001,0.0,0.0,0.17500000000000002,0.0,0.0,0.0073,0.0,0.0,0.0,13118.0,0.0,0.17500000000000002
388400597,2,0,0.001,0.08600000000000001,-0.008,0.0,0.0,0.17500000000000002,0.0,0.0,0.0078000000000000005,0.0,0.0,0.0,17587.0,0.0,0.17500000000000002
388402989,2,0,0.0,0.091,-0.005,0.0,0.0,0.17500000000000002,0.0,0.0,0.0082,0.0,0.0,0.0,19979.0,0.0,0.17500000000000002
388407079,2,0,0.006,0.093,-0.006,0.0,0.0,0.17500000000000002,0.0,0.0,0.008700000000000001,0.0,0.0,0.0,24069.0,0.0,0.17500000000000002
388411573,2,0,0.004,0.095,-0.006,0.0,0.0,0.17500000000000002,0.0,0.0,0.0091,0.0,0.0,0.0,0.0,0.0,0.17500000000000002
388416035,2,0,-0.003,0.1,-0.003,0.0,0.0,0.17500000000000002,0.0,0.0,0.0097,0.0,0.0,0.0,4462.0,0.0,0.17500000000000002
388420083,2,0,0.003,0.093,-0.001,0.0,0.0,0.17500000000000002,0.0,0.0,0.0102,0.0,0.0,0.0,8510.0,0.0,0.17500000000000002
388425087,2,0,0.002,0.088,-0.005,0.0,0.0,0.17500000000000002,0.0,0.0,0.0106,0.0,0.0,0.0,13514.0,0.0,0.17500000000000002
388427574,2,0,0.0,0.08700000000000001,-0.004,0.0,0.0,0.17500000000000002,0.0,0.0,0.0106,0.0,0.0,0.0,16001.0,0.0,0.17500000000000002
388432534,2,0,0.002,0.073,0.004,0.0,0.0,0.17500000000000002,0.0,0.0,0.0109,0.0,0.0,0.0,20961.0,0.0,0.17500000000000002
388436535,2,0,-0.002,0.068,0.003,0.0,0.0,0.17500000000000002,0.0,0.0,0.0111,0.0,0.0,0.0,24962.0,0.0,0.17500000000000002
388440595,2,0,-0.002,0.059000000000000004,0.002,0.0,0.0,0.17500000000000002,0.0,0.0,0.0112,0.0,0.0,0.0,0.0,0.0,0.17500000000000002
388443015,2,0,0.001,0.051000000000000004,0.006,0.0,0.0,0.17500000000000002,0.0,0.0,0.011300000000000001,0.0,0.0,0.0,2420.0,0.0,0.17500000000000002
388447534,2,0,-0.001,0.055,0.005,0.0,0.0,0.17500000000000002,0.0,0.0,0.0115,0.0,0.0,0.0,6939.0,0.0,0.17500000000000002
388451536,2,0,0.0,0.055,0.003,0.0,0.0,0.17500000000000002,0.0,0.0,0.0117,0.0,0.0,0.0,10941.0,0.0,0.17500000000000002
388456678,2,0,-0.004,0.055,-0.001,0.0,0.0,0.17500000000000002,0.0,0.0,0.0119,0.0,0.0,0.0,16083.0,0.0,0.17500000000000002
388459572,2,0,-0.001,0.057,-0.002,0.0,0.0,0.17500000000000002,0.0,0.0,0.012,0.0,0.0,0.0,18977.0,0.0,0.17500000000000002
388464074,2,0,0.001,0.057,0.0,0.0,0.0,0.17500000000000002,0.0,0.0,0.012400000000000001,0.0,0.0,0.0,23479.0,0.0,0.17500000000000002
388469073,2,0,0.0,0.052000000000000005,-0.004,0.0,0.0,0.17500000000000002,0.0,0.0,0.012700000000000001,0.0,0.0,0.0,0.0,0.0,0.17500000000000002
388471076,2,0,0.001,0.047,-0.002,0.0,0.0,0.17500000000000002,0.0,0.0,0.0128,0.0,0.0,0.0,2003.0,0.0,0.17500000000000002
388475536,2,0,0.003,0.04,-0.006,0.0,0.0,0.17500000000000002,0.0,0.0,0.013000000000000001,0.0,0.0,0.0,6463.0,0.0,0.17500000000000002
388480128,2,0,0.001,0.034,-0.002,0.0,0.0,0.17500000000000002,0.0,0.0,0.0131,0.0,0.0,0.0,11055.0,0.0,0.17500000000000002
388485132,2,0,-0.005,0.017,0.0,0.0,0.0,0.17500000000000002,0.0,0.0,0.013300000000000001,0.0,0.0,0.0,16059.0,0.0,0.17500000000000002
388487533,2,0,-0.008,0.013000000000000001,-0.003,0.0,0.0,0.17500000000000002,0.0,0.0,0.013300000000000001,0.0,0.0,0.0,18460.0,0.0,0.17500000000000002
388491573,2,0,-0.005,0.016,-0.009000000000000001,0.0,0.0,0.1703,0.0,0.0,0.0135,0.0,0.0,0.0,22500.0,0.0,0.1703
388496092,2,0,-0.005,0.007,0.002,0.0,0.0,0.161,0.0,0.0,0.0137,0.0,0.0,0.0,0.0,0.0,0.161
388500144,2,0,-0.001,0.006,-0.001,0.0,0.0,0.14930000000000002,0.0,0.0,0.013800000000000002,0.0,0.0,0.0,4052.0,0.0,0.14930000000000002
388504534,2,0,0.002,0.001,-0.004,0.0,0.0,0.14,0.0,0.0,0.013900000000000001,0.0,0.0,0.0,8442.0,0.0,0.14
388509102,2,0,0.004,0.005,0.006,0.0,0.0,0.1283,0.0,0.0,0.014,0.0,0.0,0.0,13010.0,0.0,0.1283
388511103,2,0,0.004,0.006,0.008,0.0,0.0,0.1237,0.0,0.0,0.014100000000000001,0.0,0.0,0.0,15011.0,0.0,0.1237
388515533,2,0,0.0,0.0,0.004,0.0,0.0,0.1143,0.0,0.0,0.0142,0.0,0.0,0.0,19441.0,0.0,0.1143
388519534,2,0,-0.003,-0.006,0.002,0.0,0.0,0.10500000000000001,0.0,0.0,0.0142,0.0,0.0,0.0,23442.0,0.0,0.10500000000000001
388523537,2,0,0.0,-0.005,0.006,0.0,0.0,0.09570000000000001,0.0,0.0,0.0142,0.0,0.0,0.0,0.0,0.0,0.09570000000000001
388528118,2,0,0.007,-0.003,0.004,0.0,0.0,0.084,0.0,0.0,0.0142,0.0,0.0,0.0,4581.0,0.0,0.084
388532534,2,0,0.007,-0.003,0.001,0.0,0.0,0.0747,0.0,0.0,0.0142,0.0,0.0,0.0,8997.0,0.0,0.0747
388536571,2,0,0.006,-0.005,0.001,0.0,0.0,0.0653,0.0,0.0,0.014100000000000001,0.0,0.0,0.0,13034.0,0.0,0.0653
388539126,2,0,0.001,-0.003,0.001,0.0,0.0,0.058300000000000005,0.0,0.0,0.014100000000000001,0.0,0.0,0.0,15589.0,0.0,0.058300000000000005
388543535,2,0,0.0,0.001,-0.006,0.0,0.0,0.049,0.0,0.0,0.014,0.0,0.0,0.0,19998.0,0.0,0.049
388548132,2,0,-0.004,0.002,-0.003,0.0,0.0,0.0373,0.0,0.0,0.013900000000000001,0.0,0.0,0.0,24595.0,0.0,0.0373
388552533,2,0,0.003,0.002,0.003,0.0,0.0,0.028,0.0,0.0,0.013900000000000001,0.0,0.0,0.0,0.0,0.0,0.028
388556781,2,0,0.005,-0.01,-0.005,0.0,0.0,0.0187,0.0,0.0,0.013800000000000002,0.0,0.0,0.0,4248.0,0.0,0.0187
388559138,2,0,0.007,-0.018000000000000002,-0.006,0.0,0.0,0.0117,0.0,0.0,0.0137,0.0,0.0,0.0,6605.0,0.0,0.0117
388563146,2,0,0.006,-0.029,0.002,0.0,0.0,0.0023,0.0,0.0,0.0134,0.0,0.0,0.0,10613.0,0.0,0.0023
388567534,2,0,0.011,-0.057,0.003,0.0,0.0,-0.007,0.0,0.0,0.013000000000000001,0.0,0.0,0.0,15001.0,0.0,-0.007
388571534,2,0,0.011,-0.094,0.0,0.0,0.0,-0.016300000000000002,0.0,0.0,0.0125,0.0,0.0,0.0,19001.0,0.0,-0.016300000000000002
388576154,2,0,0.002,-0.13,-0.002,0.0,0.0,-0.028,0.0,0.0,0.011600000000000001,0.0,0.0,0.0,23621.0,0.0,-0.028
388580201,2,0,0.004,-0.163,-0.003,0.0,0.0,-0.0373,0.0,0.0,0.0109,0.0,0.0,0.0,0.0,0.0,-0.0373
388585203,2,0,-0.002,-0.184,0.0,0.0,0.0,-0.049,0.0,0.0,0.0099,0.0,0.0,0.0,5002.0,0.0,-0.049
388587573,2,0,-0.005,-0.187,0.002,0.0,0.0,-0.053700000000000005,0.0,0.0,0.0097,0.0,0.0,0.0,7372.0,0.0,-0.053700000000000005
388592533,2,0,-0.013000000000000001,-0.199,0.005,0.0,0.0,-0.0653,0.0,0.0,0.0089,0.0,0.0,0.0,12332.0,0.0,-0.0653
388596534,2,0,0.0,-0.196,0.004,0.0,0.0,-0.0747,0.0,0.0,0.0082,0.0,0.0,0.0,16333.0,0.0,-0.0747
388599169,2,0,0.005,-0.187,0.012,0.0,0.0,-0.08170000000000001,0.0,0.0,0.0076,0.0,0.0,0.0,18968.0,0.0,-0.08170000000000001
388603172,2,0,0.005,-0.183,0.018000000000000002,0.0,0.0,-0.091,0.0,0.0,0.006900000000000001,0.0,0.0,0.0,22971.0,0.0,-0.091
388607534,2,0,-0.001,-0.17300000000000001,0.014,0.0,0.0,-0.1003,0.0,0.0,0.006200000000000001,0.0,0.0,0.0,0.0,0.0,-0.1003
388612532,2,0,0.01,-0.17500000000000002,0.003,0.0,0.0,-0.112,0.0,0.0,0.0057,0.0,0.0,0.0,4998.0,0.0,-0.112
388616533,2,0,0.007,-0.178,0.013000000000000001,0.0,0.0,-0.1213,0.0,0.0,0.005200000000000001,0.0,0.0,0.0,8999.0,0.0,-0.1213
388621182,2,0,0.003,-0.191,0.01,0.0,0.0,-0.133,0.0,0.0,0.0044,0.0,0.0,0.0,13648.0,0.0,-0.133
388623187,2,0,-0.001,-0.197,0.003,0.0,0.0,-0.13770000000000002,0.0,0.0,0.004,0.0,0.0,0.0,15653.0,0.0,-0.13770000000000002
388627534,2,0,-0.006,-0.209,0.0,0.0,0.0,-0.14700000000000002,0.0,0.0,0.0032,0.0,0.0,0.0,20000.0,0.0,-0.14700000000000002
388632533,2,0,-0.003,-0.217,-0.004,0.0,0.0,-0.1587,0.0,0.0,0.002,0.0,0.0,0.0,24999.0,0.0,-0.1587
388636534,2,0,0.003,-0.225,-0.009000000000000001,0.0,0.0,-0.168,0.0,0.0,0.0009000000000000001,0.0,0.0,0.0,0.0,0.0,-0.168
388641199,2,0,-0.001,-0.229,-0.008,0.0,0.0,-0.17500000000000002,0.0,0.0,-0.0004,0.0,0.0,0.0,4665.0,0.0,-0.17500000000000002
388643202,2,0,0.0,-0.231,-0.01,0.0,0.0,-0.17500000000000002,0.0,0.0,-0.0009000000000000001,0.0,0.0,0.0,6668.0,0.0,-0.17500000000000002
388647532,2,0,-0.006,-0.223,-0.015,0.0,0.0,-0.17500000000000002,0.0,0.0,-0.0019,0.0,0.0,0.0,10998.0,0.0,-0.17500000000000002
388651570,2,0,0.001,-0.218,-0.013000000000000001,0.0,0.0,-0.17500000000000002,0.0,0.0,-0.0027,0.0,0.0,0.0,15036.0,0.0,-0.17500000000000002
388656676,2,0,0.002,-0.19,0.004,0.0,0.0,-0.17500000000000002,0.0,0.0,-0.0041,0.0,0.0,0.0,20142.0,0.0,-0.17500000000000002
388659211,2,0,0.0,-0.17500000000000002,0.003,0.0,0.0,-0.17500000000000002,0.0,0.0,-0.0047,0.0,0.0,0.0,22677.0,0.0,-0.17500000000000002
388663531,2,0,-0.011,-0.157,0.008,0.0,0.0,-0.17500000000000002,0.0,0.0,-0.0054,0.0,0.0,0.0,0.0,0.0,-0.17500000000000002
388667531,2,0,-0.007,-0.151,0.012,0.0,0.0,-0.17500000000000002,0.0,0.0,-0.006,0.0,0.0,0.0,4000.0,0.0,-0.17500000000000002
388671533,2,0,-0.006,-0.131,0.013000000000000001,0.0,0.0,-0.17500000000000002,0.0,0.0,-0.0066,0.0,0.0,0.0,8002.0,0.0,-0.17500000000000002
388676533,2,0,-0.003,-0.11900000000000001,0.008,0.0,0.0,-0.17500000000000002,0.0,0.0,-0.0073,0.0,0.0,0.0,13002.0,0.0,-0.17500000000000002
388681228,2,0,-0.015,-0.11,0.003,0.0,0.0,-0.17500000000000002,0.0,0.0,-0.008,0.0,0.0,0.0,17697.0,0.0,-0.17500000000000002
388683573,2,0,-0.013000000000000001,-0.108,0.002,0.0,0.0,-0.17500000000000002,0.0,0.0,-0.0081,0.0,0.0,0.0,20042.0,0.0,-0.17500000000000002
388688234,2,0,0.005,-0.121,-0.005,0.0,0.0,-0.17500000000000002,0.0,0.0,-0.0088,0.0,0.0,0.0,24703.0,0.0,-0.17500000000000002
388692531,2,0,-0.002,-0.112,-0.009000000000000001,0.0,0.0,-0.17500000000000002,0.0,0.0,-0.009300000000000001,0.0,0.0,0.0,0.0,0.0,-0.17500000000000002
388696532,2,0,-0.009000000000000001,-0.10200000000000001,-0.008,0.0,0.0,-0.17500000000000002,0.0,0.0,-0.0097,0.0,0.0,0.0,4001.0,0.0,-0.17500000000000002
388700532,2,0,-0.013000000000000001,-0.10400000000000001,-0.01,0.0,0.0,-0.17500000000000002,0.0,0.0,-0.01,0.0,0.0,0.0,8001.0,0.0,-0.17500000000000002
388704533,2,0,-0.009000000000000001,-0.101,-0.015,0.0,0.0,-0.17500000000000002,0.0,0.0,-0.0102,0.0,0.0,0.0,12002.0,0.0,-0.17500000000000002
388709247,2,0,-0.001,-0.081,0.005,0.0,0.0,-0.17500000000000002,0.0,0.0,-0.0103,0.0,0.0,0.0,16716.0,0.0,-0.17500000000000002
388711251,2,0,-0.002,-0.083,0.009000000000000001,0.0,0.0,-0.17500000000000002,0.0,0.0,-0.0103,0.0,0.0,0.0,18720.0,0.0,-0.17500000000000002
388715573,2,0,-0.011,-0.082,0.004,0.0,0.0,-0.17500000000000002,0.0,0.0,-0.010400000000000001,0.0,0.0,0.0,23042.0,0.0,-0.17500000000000002
388720305,2,0,0.002,-0.058,-0.004,0.0,0.0,-0.17500000000000002,0.0,0.0,-0.010400000000000001,0.0,0.0,0.0,0.0,0.0,-0.17500000000000002
388724532,2,0,0.01,-0.062,0.004,0.0,0.0,-0.17500000000000002,0.0,0.0,-0.0105,0.0,0.0,0.0,4227.0,0.0,-0.17500000000000002
388728533,2,0,0.001,-0.059000000000000004,0.007,0.0,0.0,-0.17500000000000002,0.0,0.0,-0.0106,0.0,0.0,0.0,8228.0,0.0,-0.17500000000000002
388731262,2,0,-0.01,-0.056,0.002,0.0,0.0,-0.17500000000000002,0.0,0.0,-0.0106,0.0,0.0,0.0,10957.0,0.0,-0.17500000000000002
388735313,2,0,-0.011,-0.051000000000000004,0.009000000000000001,0.0,0.0,-0.17500000000000002,0.0,0.0,-0.0108,0.0,0.0,0.0,15008.0,0.0,-0.17500000000000002
388739556,2,0,0.005,-0.041,0.011,0.0,0.0,-0.17500000000000002,0.0,0.0,-0.0109,0.0,0.0,0.0,19251.0,0.0,-0.17500000000000002
388744274,2,0,0.006,-0.033,0.005,0.0,0.0,-0.1633,0.0,0.0,-0.011000000000000001,0.0,0.0,0.0,23969.0,0.0,-0.1633
388748380,2,0,0.012,-0.029,0.005,0.0,0.0,-0.154,0.0,0.0,-0.0112,0.0,0.0,0.0,0.0,0.0,-0.154
388752532,2,0,0.011,-0.02,-0.005,0.0,0.0,-0.1447,0.0,0.0,-0.011300000000000001,0.0,0.0,0.0,4152.0,0.0,-0.1447
388755284,2,0,0.016,-0.01,-0.012,0.0,0.0,-0.13770000000000002,0.0,0.0,-0.0114,0.0,0.0,0.0,6904.0,0.0,-0.13770000000000002
388759556,2,0,0.019,-0.007,-0.011,0.0,0.0,-0.1283,0.0,0.0,-0.011600000000000001,0.0,0.0,0.0,11176.0,0.0,-0.1283
388764531,2,0,0.016,0.004,-0.01,0.0,0.0,-0.11670000000000001,0.0,0.0,-0.0117,0.0,0.0,0.0,16151.0,0.0,-0.11670000000000001
388768532,2,0,0.009000000000000001,0.012,-0.005,0.0,0.0,-0.1073,0.0,0.0,-0.0118,0.0,0.0,0.0,20152.0,0.0,-0.1073
388771290,2,0,0.016,0.017,-0.002,0.0,0.0,-0.1003,0.0,0.0,-0.0118,0.0,0.0,0.0,22910.0,0.0,-0.1003
388775355,2,0,0.016,0.027,0.003,0.0,0.0,-0.091,0.0,0.0,-0.0118,0.0,0.0,0.0,0.0,0.0,-0.091
388779598,2,0,0.02,0.027,0.005,0.0,0.0,-0.08170000000000001,0.0,0.0,-0.0118,0.0,0.0,0.0,4243.0,0.0,-0.08170000000000001
388784532,2,0,0.018000000000000002,0.041,0.0,0.0,0.0,-0.07,0.0,0.0,-0.0118,0.0,0.0,0.0,9177.0,0.0,-0.07
388787305,2,0,0.014,0.037,0.0,0.0,0.0,-0.063,0.0,0.0,-0.0117,0.0,0.0,0.0,11950.0,0.0,-0.063
388791531,2,0,0.013000000000000001,0.035,-0.003,0.0,0.0,-0.053700000000000005,0.0,0.0,-0.011600000000000001,0.0,0.0,0.0,16176.0,0.0,-0.053700000000000005
388796312,2,0,0.014,0.042,-0.001,0.0,0.0,-0.042,0.0,0.0,-0.0115,0.0,0.0,0.0,20957.0,0.0,-0.042
388800359,2,0,0.012,0.055,-0.001,0.0,0.0,-0.0327,0.0,0.0,-0.0112,0.0,0.0,0.0,25004.0,0.0,-0.0327
388804531,2,0,0.003,0.07100000000000001,-0.001,0.0,0.0,-0.0233,0.0,0.0,-0.0108,0.0,0.0,0.0,0.0,0.0,-0.0233
388809318,2,0,0.0,0.107,-0.012,0.0,0.0,-0.0117,0.0,0.0,-0.010100000000000001,0.0,0.0,0.0,4787.0,0.0,-0.0117
388811573,2,0,0.0,0.115,-0.01,0.0,0.0,-0.007,0.0,0.0,-0.01,0.0,0.0,0.0,7042.0,0.0,-0.007
388816324,2,0,0.006,0.16,-0.011,0.0,0.0,0.0047,0.0,0.0,-0.0091,0.0,0.0,0.0,11793.0,0.0,0.0047
388820377,2,0,-0.008,0.201,-0.013000000000000001,0.0,0.0,0.014,0.0,0.0,-0.008400000000000001,0.0,0.0,0.0,15846.0,0.0,0.014
388824530,2,0,-0.004,0.21,-0.01,0.0,0.0,0.0233,0.0,0.0,-0.0073,0.0,0.0,0.0,19999.0,0.0,0.0233
388829333,2,0,-0.003,0.229,-0.002,0.0,0.0,0.035,0.0,0.0,-0.006,0.0,0.0,0.0,24802.0,0.0,0.035
388831338,2,0,-0.001,0.229,-0.001,0.0,0.0,0.0397,0.0,0.0,-0.0055000000000000005,0.0,0.0,0.0,0.0,0.0,0.0397
388836343,2,0,-0.012,0.218,0.001,0.0,0.0,0.051300000000000005,0.0,0.0,-0.0045000000000000005,0.0,0.0,0.0,5005.0,0.0,0.051300000000000005
388840586,2,0,-0.02,0.195,-0.001,0.0,0.0,0.060700000000000004,0.0,0.0,-0.0039000000000000003,0.0,0.0,0.0,9248.0,0.0,0.060700000000000004
388843575,2,0,-0.024,0.183,-0.002,0.0,0.0,0.06770000000000001,0.0,0.0,-0.0037,0.0,0.0,0.0,12237.0,0.0,0.06770000000000001
388848348,2,0,0.0,0.166,0.005,0.0,0.0,0.07930000000000001,0.0,0.0,-0.003,0.0,0.0,0.0,17010.0,0.0,0.07930000000000001
388852530,2,0,-0.002,0.145,0.002,0.0,0.0,0.0887,0.0,0.0,-0.0026000000000000003,0.0,0.0,0.0,21192.0,0.0,0.0887
388856678,2,0,-0.01,0.161,0.001,0.0,0.0,0.098,0.0,0.0,-0.0021000000000000003,0.0,0.0,0.0,25340.0,0.0,0.098
388859356,2,0,-0.012,0.155,-0.004,0.0,0.0,0.10500000000000001,0.0,0.0,-0.0017000000000000001,0.0,0.0,0.0,0.0,0.0,0.10500000000000001
388863360,2,0,-0.012,0.158,0.003,0.0,0.0,0.1143,0.0,0.0,-0.0011,0.0,0.0,0.0,4004.0,0.0,0.1143
388867528,2,0,0.002,0.187,0.007,0.0,0.0,0.1237,0.0,0.0,-0.00030000000000000003,0.0,0.0,0.0,8172.0,0.0,0.1237
388871529,2,0,-0.008,0.196,0.004,0.0,0.0,0.133,0.0,0.0,0.0005,0.0,0.0,0.0,12173.0,0.0,0.133
388875575,2,0,-0.017,0.203,0.001,0.0,0.0,0.1423,0.0,0.0,0.0012000000000000001,0.0,0.0,0.0,16219.0,0.0,0.1423
388880416,2,0,-0.01,0.20700000000000002,-0.003,0.0,0.0,0.154,0.0,0.0,0.0026000000000000003,0.0,0.0,0.0,21060.0,0.0,0.154
388884530,2,0,0.006,0.21,0.001,0.0,0.0,0.1633,0.0,0.0,0.0034000000000000002,0.0,0.0,0.0,25174.0,0.0,0.1633
388888531,2,0,-0.004,0.20600000000000002,0.001,0.0,0.0,0.17270000000000002,0.0,0.0,0.004200000000000001,0.0,0.0,0.0,0.0,0.0,0.17270000000000002
388891380,2,0,-0.004,0.199,-0.003,0.0,0.0,0.17500000000000002,0.0,0.0,0.0047,0.0,0.0,0.0,2849.0,0.0,0.17500000000000002
388895427,2,0,-0.006,0.188,-0.01,0.0,0.0,0.17500000000000002,0.0,0.0,0.0055000000000000005,0.0,0.0,0.0,6896.0,0.0,0.17500000000000002
388900435,2,0,0.002,0.181,-0.004,0.0,0.0,0.17500000000000002,0.0,0.0,0.006500000000000001,0.0,0.0,0.0,11904.0,0.0,0.17500000000000002
388904529,2,0,-0.001,0.187,-0.006,0.0,0.0,0.17500000000000002,0.0,0.0,0.0074,0.0,0.0,0.0,15998.0,0.0,0.17500000000000002
388908736,2,0,0.005,0.183,-0.008,0.0,0.0,0.17500000000000002,0.0,0.0,0.0083,0.0,0.0,0.0,20205.0,0.0,0.17500000000000002
388911391,2,0,-0.003,0.188,-0.004,0.0,0.0,0.17500000000000002,0.0,0.0,0.009000000000000001,0.0,0.0,0.0,22860.0,0.0,0.17500000000000002
388915443,2,0,0.008,0.195,0.003,0.0,0.0,0.17500000000000002,0.0,0.0,0.0099,0.0,0.0,0.0,0.0,0.0,0.17500000000000002
388919530,2,0,0.015,0.187,0.001,0.0,0.0,0.17500000000000002,0.0,0.0,0.0109,0.0,0.0,0.0,4087.0,0.0,0.17500000000000002
388924401,2,0,0.016,0.176,0.002,0.0,0.0,0.17500000000000002,0.0,0.0,0.0119,0.0,0.0,0.0,8958.0,0.0,0.17500000000000002
388928407,2,0,0.023,0.163,0.003,0.0,0.0,0.17500000000000002,0.0,0.0,0.0125,0.0,0.0,0.0,12964.0,0.0,0.17500000000000002
388932529,2,0,0.024,0.14400000000000002,-0.003,0.0,0.0,0.17500000000000002,0.0,0.0,0.0131,0.0,0.0,0.0,17086.0,0.0,0.17500000000000002
388936555,2,0,0.015,0.123,-0.003,0.0,0.0,0.17500000000000002,0.0,0.0,0.0135,0.0,0.0,0.0,21112.0,0.0,0.17500000000000002
388939570,2,0,0.014,0.11800000000000001,0.003,0.0,0.0,0.17500000000000002,0.0,0.0,0.0137,0.0,0.0,0.0,24127.0,0.0,0.17500000000000002
388944419,2,0,0.016,0.094,0.007,0.0,0.0,0.17500000000000002,0.0,0.0,0.0142,0.0,0.0,0.0,0.0,0.0,0.17500000000000002
388948420,2,0,0.021,0.078,0.001,0.0,0.0,0.17500000000000002,0.0,0.0,0.0145,0.0,0.0,0.0,4001.0,0.0,0.17500000000000002
388952528,2,0,0.013000000000000001,0.07100000000000001,-0.002,0.0,0.0,0.17500000000000002,0.0,0.0,0.0148,0.0,0.0,0.0,8109.0,0.0,0.17500000000000002
388956678,2,0,0.013000000000000001,0.064,-0.002,0.0,0.0,0.17500000000000002,0.0,0.0,0.0151,0.0,0.0,0.0,12259.0,0.0,0.17500000000000002
388959428,2,0,0.02,0.061,-0.005,0.0,0.0,0.17500000000000002,0.0,0.0,0.015300000000000001,0.0,0.0,0.0,15009.0,0.0,0.17500000000000002
388963429,2,0,0.027,0.062,-0.003,0.0,0.0,0.17500000000000002,0.0,0.0,0.0155,0.0,0.0,0.0,19010.0,0.0,0.17500000000000002
388967528,2,0,0.02,0.063,0.001,0.0,0.0,0.17500000000000002,0.0,0.0,0.0158,0.0,0.0,0.0,23109.0,0.0,0.17500000000000002
388971573,2,0,0.013000000000000001,0.056,-0.002,0.0,0.0,0.17500000000000002,0.0,0.0,0.016,0.0,0.0,0.0,0.0,0.0,0.17500000000000002
388976454,2,0,0.011,0.05,0.007,0.0,0.0,0.17500000000000002,0.0,0.0,0.0164,0.0,0.0,0.0,4881.0,0.0,0.17500000000000002
388980531,2,0,0.017,0.037,0.005,0.0,0.0,0.17500000000000002,0.0,0.0,0.0165,0.0,0.0,0.0,8958.0,0.0,0.17500000000000002
388983445,2,0,0.005,0.024,0.005,0.0,0.0,0.17500000000000002,0.0,0.0,0.0165,0.0,0.0,0.0,11872.0,0.0,0.17500000000000002
388987526,2,0,0.0,0.01,0.007,0.0,0.0,0.17500000000000002,0.0,0.0,0.0164,0.0,0.0,0.0,15953.0,0.0,0.17500000000000002
388991528,2,0,-0.006,-0.005,-0.002,0.0,0.0,0.1703,0.0,0.0,0.016300000000000002,0.0,0.0,0.0,19955.0,0.0,0.1703
388996456,2,0,0.003,-0.018000000000000002,-0.002,0.0,0.0,0.1587,0.0,0.0,0.0162,0.0,0.0,0.0,24883.0,0.0,0.1587
389000511,2,0,0.003,-0.03,-0.009000000000000001,0.0,0.0,0.14930000000000002,0.0,0.0,0.0162,0.0,0.0,0.0,0.0,0.0,0.14930000000000002
389004566,2,0,-0.003,-0.022,-0.004,0.0,0.0,0.14,0.0,0.0,0.0161,0.0,0.0,0.0,4055.0,0.0,0.14
389009464,2,0,-0.008,-0.022,-0.005,0.0,0.0,0.1283,0.0,0.0,0.0162,0.0,0.0,0.0,8953.0,0.0,0.1283
389011528,2,0,-0.011,-0.024,-0.005,0.0,0.0,0.1237,0.0,0.0,0.0162,0.0,0.0,0.0,11017.0,0.0,0.1237
389016471,2,0,-0.005,-0.024,0.002,0.0,0.0,0.112,0.0,0.0,0.0162,0.0,0.0,0.0,15960.0,0.0,0.112
389020522,2,0,-0.014,-0.024,-0.001,0.0,0.0,0.1027,0.0,0.0,0.0162,0.0,0.0,0.0,20011.0,0.0,0.1027
389024530,2,0,-0.015,-0.031,0.004,0.0,0.0,0.09330000000000001,0.0,0.0,0.0161,0.0,0.0,0.0,24019.0,0.0,0.09330000000000001
389027476,2,0,-0.023,-0.035,0.006,0.0,0.0,0.0863,0.0,0.0,0.0161,0.0,0.0,0.0,0.0,0.0,0.0863
389031481,2,0,-0.014,-0.038,0.007,0.0,0.0,0.077,0.0,0.0,0.016,0.0,0.0,0.0,4005.0,0.0,0.077
389035573,2,0,-0.013000000000000001,-0.036000000000000004,0.014,0.0,0.0,0.06770000000000001,0.0,0.0,0.0159,0.0,0.0,0.0,8097.0,0.0,0.06770000000000001
389040536,2,0,-0.015,-0.044,0.003,0.0,0.0,0.056,0.0,0.0,0.015700000000000002,0.0,0.0,0.0,13060.0,0.0,0.056
389043489,2,0,-0.021,-0.042,0.001,0.0,0.0,0.049,0.0,0.0,0.015600000000000001,0.0,0.0,0.0,16013.0,0.0,0.049
389048492,2,0,-0.014,-0.045,-0.001,0.0,0.0,0.0373,0.0,0.0,0.0154,0.0,0.0,0.0,21016.0,0.0,0.0373
389053496,2,0,-0.007,-0.062,-0.002,0.0,0.0,0.0257,0.0,0.0,0.0151,0.0,0.0,0.0,26020.0,0.0,0.0257
389055549,2,0,-0.004,-0.069,-0.004,0.0,0.0,0.021,0.0,0.0,0.0149,0.0,0.0,0.0,0.0,0.0,0.021
389060552,2,0,-0.012,-0.093,-0.004,0.0,0.0,0.009300000000000001,0.0,0.0,0.0143,0.0,0.0,0.0,5003.0,0.0,0.009300000000000001
389063508,2,0,-0.005,-0.115,-0.001,0.0,0.0,0.0023,0.0,0.0,0.013800000000000002,0.0,0.0,0.0,7959.0,0.0,0.0023
389067574,2,0,-0.002,-0.14200000000000002,-0.004,0.0,0.0,-0.007,0.0,0.0,0.0132,0.0,0.0,0.0,12025.0,0.0,-0.007
389073514,2,0,-0.001,-0.196,-0.001,0.0,0.0,-0.021,0.0,0.0,0.0117,0.0,0.0,0.0,17965.0,0.0,-0.021
389075565,2,0,0.001,-0.213,0.001,0.0,0.0,-0.0257,0.0,0.0,0.0112,0.0,0.0,0.0,20016.0,0.0,-0.0257
389080567,2,0,-0.003,-0.231,0.003,0.0,0.0,-0.0373,0.0,0.0,0.0099,0.0,0.0,0.0,25018.0,0.0,-0.0373
389083521,2,0,-0.005,-0.23600000000000002,0.006,0.0,0.0,-0.0443,0.0,0.0,0.0092,0.0,0.0,0.0,0.0,0.0,-0.0443
389088525,2,0,-0.014,-0.23900000000000002,0.021,0.0,0.0,-0.056,0.0,0.0,0.0082,0.0,0.0,0.0,5004.0,0.0,-0.056
389093529,2,0,0.003,-0.229,0.019,0.0,0.0,-0.06770000000000001,0.0,0.0,0.0074,0.0,0.0,0.0,10008.0,0.0,-0.06770000000000001
389095576,2,0,0.008,-0.225,0.018000000000000002,0.0,0.0,-0.0723,0.0,0.0,0.006900000000000001,0.0,0.0,0.0,12055.0,0.0,-0.0723
389100722,2,0,0.01,-0.213,0.011,0.0,0.0,-0.084,0.0,0.0,0.006,0.0,0.0,0.0,17201.0,0.0,-0.084
389103533,2,0,-0.002,-0.2,0.001,0.0,0.0,-0.091,0.0,0.0,0.0056,0.0,0.0,0.0,20012.0,0.0,-0.091
389107645,2,0,0.008,-0.198,-0.005,0.0,0.0,-0.1003,0.0,0.0,0.005,0.0,0.0,0.0,24124.0,0.0,-0.1003
389113544,2,0,0.024,-0.196,-0.006,0.0,0.0,-0.1143,0.0,0.0,0.004,0.0,0.0,0.0,0.0,0.0,-0.1143
389115596,2,0,0.024,-0.199,-0.005,0.0,0.0,-0.11900000000000001,0.0,0.0,0.0036000000000000003,0.0,0.0,0.0,2052.0,0.0,-0.11900000000000001
389120595,2,0,0.013000000000000001,-0.222,-0.009000000000000001,0.0,0.0,-0.1307,0.0,0.0,0.0026000000000000003,0.0,0.0,0.0,7051.0,0.0,-0.1307
389123550,2,0,0.004,-0.228,-0.011,0.0,0.0,-0.13770000000000002,0.0,0.0,0.0019,0.0,0.0,0.0,10006.0,0.0,-0.13770000000000002
389128553,2,0,0.019,-0.231,-0.01,0.0,0.0,-0.14930000000000002,0.0,0.0,0.0006000000000000001,0.0,0.0,0.0,15009.0,0.0,-0.14930000000000002
389132719,2,0,0.014,-0.23800000000000002,0.0,0.0,0.0,-0.1587,0.0,0.0,-0.0005,0.0,0.0,0.0,19175.0,0.0,-0.1587
389135605,2,0,0.013000000000000001,-0.23800000000000002,0.001,0.0,0.0,-0.16570000000000001,0.0,0.0,-0.0013000000000000002,0.0,0.0,0.0,22061.0,0.0,-0.16570000000000001
389140608,2,0,0.004,-0.244,0.002,0.0,0.0,-0.17500000000000002,0.0,0.0,-0.0026000000000000003,0.0,0.0,0.0,0.0,0.0,-0.17500000000000002
389143565,2,0,0.012,-0.23900000000000002,0.004,0.0,0.0,-0.17500000000000002,0.0,0.0,-0.0033,0.0,0.0,0.0,2957.0,0.0,-0.17500000000000002
389148569,2,0,0.021,-0.233,0.008,0.0,0.0,-0.17500000000000002,0.0,0.0,-0.0046,0.0,0.0,0.0,7961.0,0.0,-0.17500000000000002
389153572,2,0,0.013000000000000001,-0.221,0.02,0.0,0.0,-0.17500000000000002,0.0,0.0,-0.0058000000000000005,0.0,0.0,0.0,12964.0,0.0,-0.17500000000000002
389155619,2,0,0.011,-0.213,0.02,0.0,0.0,-0.17500000000000002,0.0,0.0,-0.0063,0.0,0.0,0.0,15011.0,0.0,-0.17500000000000002
389160623,2,0,-0.002,-0.193,0.003,0.0,0.0,-0.17500000000000002,0.0,0.0,-0.0073,0.0,0.0,0.0,20015.0,0.0,-0.17500000000000002
389163574,2,0,-0.01,-0.188,0.003,0.0,0.0,-0.17500000000000002,0.0,0.0,-0.0077,0.0,0.0,0.0,22966.0,0.0,-0.17500000000000002
389168583,2,0,0.0,-0.176,-0.001,0.0,0.0,-0.17500000000000002,0.0,0.0,-0.008700000000000001,0.0,0.0,0.0,0.0,0.0,-0.17500000000000002
389173586,2,0,0.0,-0.157,-0.007,0.0,0.0,-0.17500000000000002,0.0,0.0,-0.0095,0.0,0.0,0.0,5003.0,0.0,-0.17500000000000002
389175634,2,0,-0.002,-0.157,-0.007,0.0,0.0,-0.17500000000000002,0.0,0.0,-0.0098,0.0,0.0,0.0,7051.0,0.0,-0.17500000000000002
389180637,2,0,-0.015,-0.146,-0.009000000000000001,0.0,0.0,-0.17500000000000002,0.0,0.0,-0.0106,0.0,0.0,0.0,12054.0,0.0,-0.17500000000000002
389183593,2,0,-0.002,-0.146,-0.012,0.0,0.0,-0.17500000000000002,0.0,0.0,-0.011000000000000001,0.0,0.0,0.0,15010.0,0.0,-0.17500000000000002
389188597,2,0,-0.003,-0.152,-0.01,0.0,0.0,-0.17500000000000002,0.0,0.0,-0.0117,0.0,0.0,0.0,20014.0,0.0,-0.17500000000000002
389193600,2,0,-0.012,-0.146,-0.012,0.0,0.0,-0.17500000000000002,0.0,0.0,-0.012400000000000001,0.0,0.0,0.0,25017.0,0.0,-0.17500000000000002
389196731,2,0,-0.025,-0.136,-0.01,0.0,0.0,-0.17500000000000002,0.0,0.0,-0.0128,0.0,0.0,0.0,0.0,0.0,-0.17500000000000002
389199605,2,0,-0.022,-0.137,-0.009000000000000001,0.0,0.0,-0.17500000000000002,0.0,0.0,-0.0131,0.0,0.0,0.0,2874.0,0.0,-0.17500000000000002
389204608,2,0,-0.017,-0.137,0.003,0.0,0.0,-0.17500000000000002,0.0,0.0,-0.013600000000000001,0.0,0.0,0.0,7877.0,0.0,-0.17500000000000002
389209612,2,0,-0.01,-0.122,0.016,0.0,0.0,-0.17500000000000002,0.0,0.0,-0.014,0.0,0.0,0.0,12881.0,0.0,-0.17500000000000002
389211613,2,0,-0.011,-0.126,0.017,0.0,0.0,-0.17500000000000002,0.0,0.0,-0.0142,0.0,0.0,0.0,14882.0,0.0,-0.17500000000000002
389215664,2,0,-0.022,-0.112,0.009000000000000001,0.0,0.0,-0.17500000000000002,0.0,0.0,-0.0145,0.0,0.0,0.0,18933.0,0.0,-0.17500000000000002
389220665,2,0,-0.012,-0.099,0.014,0.0,0.0,-0.17500000000000002,0.0,0.0,-0.0149,0.0,0.0,0.0,23934.0,0.0,-0.17500000000000002
389223623,2,0,-0.004,-0.09,0.011,0.0,0.0,-0.17500000000000002,0.0,0.0,-0.015000000000000001,0.0,0.0,0.0,0.0,0.0,-0.17500000000000002
389228734,2,0,-0.01,-0.076,0.005,0.0,0.0,-0.17500000000000002,0.0,0.0,-0.015300000000000001,0.0,0.0,0.0,5111.0,0.0,-0.17500000000000002
389231628,2,0,-0.017,-0.07,0.001,0.0,0.0,-0.17500000000000002,0.0,0.0,-0.0154,0.0,0.0,0.0,8005.0,0.0,-0.17500000000000002
389235677,2,0,-0.022,-0.056,-0.006,0.0,0.0,-0.17500000000000002,0.0,0.0,-0.0155,0.0,0.0,0.0,12054.0,0.0,-0.17500000000000002
389240677,2,0,-0.003,-0.041,-0.002,0.0,0.0,-0.17270000000000002,0.0,0.0,-0.015700000000000002,0.0,0.0,0.0,17054.0,0.0,-0.17270000000000002
389243637,2,0,0.008,-0.033,-0.004,0.0,0.0,-0.16570000000000001,0.0,0.0,-0.0158,0.0,0.0,0.0,20014.0,0.0,-0.16570000000000001
389248641,2,0,0.005,-0.028,-0.003,0.0,0.0,-0.154,0.0,0.0,-0.016,0.0,0.0,0.0,25018.0,0.0,-0.154
389253643,2,0,0.006,-0.018000000000000002,-0.014,0.0,0.0,-0.1423,0.0,0.0,-0.016300000000000002,0.0,0.0,0.0,0.0,0.0,-0.1423
389255682,2,0,0.011,-0.018000000000000002,-0.013000000000000001,0.0,0.0,-0.13770000000000002,0.0,0.0,-0.0164,0.0,0.0,0.0,2039.0,0.0,-0.13770000000000002
389260743,2,0,0.019,-0.017,-0.004,0.0,0.0,-0.126,0.0,0.0,-0.0166,0.0,0.0,0.0,7100.0,0.0,-0.126
389263650,2,0,0.016,-0.01,-0.001,0.0,0.0,-0.11900000000000001,0.0,0.0,-0.0167,0.0,0.0,0.0,10007.0,0.0,-0.11900000000000001
389268654,2,0,0.007,0.001,0.004,0.0,0.0,-0.1073,0.0,0.0,-0.016800000000000002,0.0,0.0,0.0,15011.0,0.0,-0.1073
389270735,2,0,0.009000000000000001,0.006,0.007,0.0,0.0,-0.1027,0.0,0.0,-0.016900000000000002,0.0,0.0,0.0,17092.0,0.0,-0.1027
389275737,2,0,0.018000000000000002,0.012,0.01,0.0,0.0,-0.091,0.0,0.0,-0.016900000000000002,0.0,0.0,0.0,22094.0,0.0,-0.091
389280742,2,0,0.028,0.014,0.007,0.0,0.0,-0.07930000000000001,0.0,0.0,-0.016800000000000002,0.0,0.0,0.0,0.0,0.0,-0.07930000000000001
389283665,2,0,0.022,0.017,0.005,0.0,0.0,-0.0723,0.0,0.0,-0.016800000000000002,0.0,0.0,0.0,2923.0,0.0,-0.0723
389288668,2,0,0.016,0.013000000000000001,-0.005,0.0,0.0,-0.060700000000000004,0.0,0.0,-0.016800000000000002,0.0,0.0,0.0,7926.0,0.0,-0.060700000000000004
389290747,2,0,0.018000000000000002,0.015,-0.009000000000000001,0.0,0.0,-0.056,0.0,0.0,-0.0167,0.0,0.0,0.0,10005.0,0.0,-0.056
389295574,2,0,0.023,0.015,-0.006,0.0,0.0,-0.0443,0.0,0.0,-0.0167,0.0,0.0,0.0,14832.0,0.0,-0.0443
389299676,2,0,0.02,0.031,-0.006,0.0,0.0,-0.035,0.0,0.0,-0.0164,0.0,0.0,0.0,18934.0,0.0,-0.035
389305574,2,0,0.008,0.048,-0.016,0.0,0.0,-0.021,0.0,0.0,-0.0159,0.0,0.0,0.0,24832.0,0.0,-0.021
389307828,2,0,0.01,0.075,-0.015,0.0,0.0,-0.016300000000000002,0.0,0.0,-0.015700000000000002,0.0,0.0,0.0,0.0,0.0,-0.016300000000000002
389312676,2,0,0.022,0.111,-0.007,0.0,0.0,-0.0047,0.0,0.0,-0.0152,0.0,0.0,0.0,4848.0,0.0,-0.0047
389317682,2,0,0.008,0.168,-0.004,0.0,0.0,0.007,0.0,0.0,-0.0145,0.0,0.0,0.0,9854.0,0.0,0.007
389319727,2,0,0.0,0.18,-0.004,0.0,0.0,0.0117,0.0,0.0,-0.014100000000000001,0.0,0.0,0.0,11899.0,0.0,0.0117
389324678,2,0,-0.005,0.189,-0.004,0.0,0.0,0.0233,0.0,0.0,-0.0131,0.0,0.0,0.0,16850.0,0.0,0.0233
389326731,2,0,-0.007,0.203,0.001,0.0,0.0,0.028,0.0,0.0,-0.012400000000000001,0.0,0.0,0.0,18903.0,0.0,0.028
389330780,2,0,0.002,0.20600000000000002,0.007,0.0,0.0,0.0373,0.0,0.0,-0.011600000000000001,0.0,0.0,0.0,22952.0,0.0,0.0373
389335780,2,0,-0.01,0.192,0.0,0.0,0.0,0.049,0.0,0.0,-0.0108,0.0,0.0,0.0,0.0,0.0,0.049
389340573,2,0,-0.017,0.167,-0.001,0.0,0.0,0.060700000000000004,0.0,0.0,-0.0103,0.0,0.0,0.0,4793.0,0.0,0.060700000000000004
389344574,2,0,-0.016,0.161,-0.004,0.0,0.0,0.07,0.0,0.0,-0.0097,0.0,0.0,0.0,8794.0,0.0,0.07
389346741,2,0,0.005,0.146,-0.003,0.0,0.0,0.0747,0.0,0.0,-0.0094,0.0,0.0,0.0,10961.0,0.0,0.0747
389350788,2,0,0.001,0.11800000000000001,-0.007,0.0,0.0,0.084,0.0,0.0,-0.0092,0.0,0.0,0.0,15008.0,0.0,0.084
389356572,2,0,-0.006,0.139,-0.006,0.0,0.0,0.098,0.0,0.0,-0.0088,0.0,0.0,0.0,20792.0,0.0,0.098
389358743,2,0,-0.022,0.132,-0.006,0.0,0.0,0.1027,0.0,0.0,-0.0083,0.0,0.0,0.0,22963.0,0.0,0.1027
389363574,2,0,-0.01,0.154,-0.002,0.0,0.0,0.1143,0.0,0.0,-0.0077,0.0,0.0,0.0,0.0,0.0,0.1143
389368574,2,0,0.001,0.179,0.006,0.0,0.0,0.126,0.0,0.0,-0.0068000000000000005,0.0,0.0,0.0,5000.0,0.0,0.126
389370807,2,0,-0.003,0.189,0.01,0.0,0.0,0.1307,0.0,0.0,-0.0061,0.0,0.0,0.0,7233.0,0.0,0.1307
389375577,2,0,-0.029,0.20500000000000002,0.006,0.0,0.0,0.1423,0.0,0.0,-0.0051,0.0,0.0,0.0,12003.0,0.0,0.1423
389379781,2,0,-0.02,0.20700000000000002,0.001,0.0,0.0,0.1517,0.0,0.0,-0.0039000000000000003,0.0,0.0,0.0,16207.0,0.0,0.1517
389384574,2,0,-0.005,0.21,0.01,0.0,0.0,0.1633,0.0,0.0,-0.0031000000000000003,0.0,0.0,0.0,21000.0,0.0,0.1633
389388677,2,0,-0.008,0.20400000000000001,0.008,0.0,0.0,0.17270000000000002,0.0,0.0,-0.0023,0.0,0.0,0.0,25103.0,0.0,0.17270000000000002
389390814,2,0,-0.013000000000000001,0.196,-0.001,0.0,0.0,0.17500000000000002,0.0,0.0,-0.0017000000000000001,0.0,0.0,0.0,0.0,0.0,0.17500000000000002
389395765,2,0,-0.021,0.169,-0.012,0.0,0.0,0.17500000000000002,0.0,0.0,-0.0007,0.0,0.0,0.0,4951.0,0.0,0.17500000000000002
389400580,2,0,-0.006,0.166,-0.007,0.0,0.0,0.17500000000000002,0.0,0.0,0.0,0.0,0.0,0.0,9766.0,0.0,0.17500000000000002
389402786,2,0,0.002,0.165,-0.003,0.0,0.0,0.17500000000000002,0.0,0.0,0.0006000000000000001,0.0,0.0,0.0,11972.0,0.0,0.17500000000000002
389407676,2,0,-0.004,0.167,-0.012,0.0,0.0,0.17500000000000002,0.0,0.0,0.0014,0.0,0.0,0.0,16862.0,0.0,0.17500000000000002
389411785,2,0,-0.011,0.17300000000000001,-0.007,0.0,0.0,0.17500000000000002,0.0,0.0,0.0025,0.0,0.0,0.0,20971.0,0.0,0.17500000000000002
389415811,2,0,0.001,0.179,0.003,0.0,0.0,0.17500000000000002,0.0,0.0,0.0035,0.0,0.0,0.0,24997.0,0.0,0.17500000000000002
389420576,2,0,0.011,0.178,-0.003,0.0,0.0,0.17500000000000002,0.0,0.0,0.0041,0.0,0.0,0.0,0.0,0.0,0.17500000000000002
389422791,2,0,0.011,0.17200000000000001,0.0,0.0,0.0,0.17500000000000002,0.0,0.0,0.005,0.0,0.0,0.0,2215.0,0.0,0.17500000000000002
389426796,2,0,0.012,0.168,0.01,0.0,0.0,0.17500000000000002,0.0,0.0,0.0057,0.0,0.0,0.0,6220.0,0.0,0.17500000000000002
389430814,2,0,0.011,0.156,0.003,0.0,0.0,0.17500000000000002,0.0,0.0,0.0063,0.0,0.0,0.0,10238.0,0.0,0.17500000000000002
389435579,2,0,0.02,0.138,0.005,0.0,0.0,0.17500000000000002,0.0,0.0,0.0067,0.0,0.0,0.0,15003.0,0.0,0.17500000000000002
389439808,2,0,0.007,0.111,0.012,0.0,0.0,0.17500000000000002,0.0,0.0,0.0071,0.0,0.0,0.0,19232.0,0.0,0.17500000000000002
389443811,2,0,0.009000000000000001,0.099,0.009000000000000001,0.0,0.0,0.17500000000000002,0.0,0.0,0.0074,0.0,0.0,0.0,23235.0,0.0,0.17500000000000002
389447813,2,0,0.014,0.076,-0.002,0.0,0.0,0.17500000000000002,0.0,0.0,0.0076,0.0,0.0,0.0,0.0,0.0,0.17500000000000002
389452927,2,0,0.02,0.073,0.005,0.0,0.0,0.17500000000000002,0.0,0.0,0.0079,0.0,0.0,0.0,5114.0,0.0,0.17500000000000002
389455579,2,0,0.016,0.07100000000000001,0.004,0.0,0.0,0.17500000000000002,0.0,0.0,0.008,0.0,0.0,0.0,7766.0,0.0,0.17500000000000002
389459811,2,0,0.029,0.07200000000000001,0.001,0.0,0.0,0.17500000000000002,0.0,0.0,0.008400000000000001,0.0,0.0,0.0,11998.0,0.0,0.17500000000000002
389464578,2,0,0.028,0.069,-0.008,0.0,0.0,0.17500000000000002,0.0,0.0,0.0086,0.0,0.0,0.0,16765.0,0.0,0.17500000000000002
389466811,2,0,0.028,0.078,-0.015,0.0,0.0,0.17500000000000002,0.0,0.0,0.0089,0.0,0.0,0.0,18998.0,0.0,0.17500000000000002
389471578,2,0,0.024,0.073,-0.005,0.0,0.0,0.17500000000000002,0.0,0.0,0.009300000000000001,0.0,0.0,0.0,23765.0,0.0,0.17500000000000002
389475581,2,0,0.021,0.065,0.005,0.0,0.0,0.17500000000000002,0.0,0.0,0.0095,0.0,0.0,0.0,0.0,0.0,0.17500000000000002
389480573,2,0,0.02,0.055,-0.001,0.0,0.0,0.17500000000000002,0.0,0.0,0.0098,0.0,0.0,0.0,4992.0,0.0,0.17500000000000002
389482817,2,0,0.012,0.042,0.0,0.0,0.0,0.17500000000000002,0.0,0.0,0.0099,0.0,0.0,0.0,7236.0,0.0,0.17500000000000002
389487579,2,0,0.013000000000000001,0.028,0.006,0.0,0.0,0.17500000000000002,0.0,0.0,0.0099,0.0,0.0,0.0,11998.0,0.0,0.17500000000000002
389491579,2,0,0.012,0.009000000000000001,-0.001,0.0,0.0,0.1703,0.0,0.0,0.0099,0.0,0.0,0.0,15998.0,0.0,0.1703
389495815,2,0,0.012,-0.009000000000000001,-0.005,0.0,0.0,0.161,0.0,0.0,0.0099,0.0,0.0,0.0,20234.0,0.0,0.161
389500813,2,0,0.012,-0.019,-0.004,0.0,0.0,0.14930000000000002,0.0,0.0,0.0099,0.0,0.0,0.0,25232.0,0.0,0.14930000000000002
389502813,2,0,0.009000000000000001,-0.023,-0.004,0.0,0.0,0.1447,0.0,0.0,0.0099,0.0,0.0,0.0,0.0,0.0,0.1447
389507643,2,0,0.011,-0.022,-0.004,0.0,0.0,0.133,0.0,0.0,0.01,0.0,0.0,0.0,4830.0,0.0,0.133
389511813,2,0,0.001,-0.026000000000000002,-0.001,0.0,0.0,0.1237,0.0,0.0,0.01,0.0,0.0,0.0,9000.0,0.0,0.1237
389516931,2,0,-0.009000000000000001,-0.032,-0.001,0.0,0.0,0.112,0.0,0.0,0.010100000000000001,0.0,0.0,0.0,14118.0,0.0,0.112
389519578,2,0,-0.013000000000000001,-0.031,-0.005,0.0,0.0,0.10500000000000001,0.0,0.0,0.010100000000000001,0.0,0.0,0.0,16765.0,0.0,0.10500000000000001
389524579,2,0,-0.011,-0.034,0.002,0.0,0.0,0.09330000000000001,0.0,0.0,0.010100000000000001,0.0,0.0,0.0,21766.0,0.0,0.09330000000000001
389528828,2,0,-0.017,-0.033,0.007,0.0,0.0,0.084,0.0,0.0,0.0099,0.0,0.0,0.0,26015.0,0.0,0.084
389530876,2,0,-0.016,-0.032,0.005,0.0,0.0,0.07930000000000001,0.0,0.0,0.0099,0.0,0.0,0.0,0.0,0.0,0.07930000000000001
389535842,2,0,-0.017,-0.04,0.003,0.0,0.0,0.06770000000000001,0.0,0.0,0.0098,0.0,0.0,0.0,4966.0,0.0,0.06770000000000001
389540884,2,0,-0.017,-0.043000000000000003,0.0,0.0,0.0,0.056,0.0,0.0,0.0095,0.0,0.0,0.0,10008.0,0.0,0.056
389543572,2,0,-0.016,-0.038,-0.001,0.0,0.0,0.049,0.0,0.0,0.0094,0.0,0.0,0.0,12696.0,0.0,0.049
389548573,2,0,-0.018000000000000002,-0.041,0.005,0.0,0.0,0.0373,0.0,0.0,0.009300000000000001,0.0,0.0,0.0,17697.0,0.0,0.0373
389552846,2,0,-0.015,-0.053,-0.004,0.0,0.0,0.028,0.0,0.0,0.0089,0.0,0.0,0.0,21970.0,0.0,0.028
389554848,2,0,-0.016,-0.059000000000000004,-0.004,0.0,0.0,0.0233,0.0,0.0,0.0088,0.0,0.0,0.0,23972.0,0.0,0.0233
389559813,2,0,-0.014,-0.078,0.003,0.0,0.0,0.0117,0.0,0.0,0.0081,0.0,0.0,0.0,0.0,0.0,0.0117
389563816,2,0,-0.007,-0.105,0.002,0.0,0.0,0.0023,0.0,0.0,0.007500000000000001,0.0,0.0,0.0,4003.0,0.0,0.0023
389568535,2,0,-0.014,-0.139,-0.003,0.0,0.0,-0.009300000000000001,0.0,0.0,0.0068000000000000005,0.0,0.0,0.0,8722.0,0.0,-0.009300000000000001
389572573,2,0,-0.018000000000000002,-0.167,-0.003,0.0,0.0,-0.0187,0.0,0.0,0.0059,0.0,0.0,0.0,12760.0,0.0,-0.0187
389576860,2,0,-0.017,-0.198,-0.002,0.0,0.0,-0.028,0.0,0.0,0.0048000000000000004,0.0,0.0,0.0,17047.0,0.0,-0.028
389578865,2,0,-0.017,-0.20800000000000002,-0.001,0.0,0.0,-0.0327,0.0,0.0,0.0043,0.0,0.0,0.0,19052.0,0.0,-0.0327
389583535,2,0,-0.011,-0.215,0.008,0.0,0.0,-0.0443,0.0,0.0,0.0034000000000000002,0.0,0.0,0.0,23722.0,0.0,-0.0443
389587572,2,0,-0.023,-0.219,0.015,0.0,0.0,-0.053700000000000005,0.0,0.0,0.0026000000000000003,0.0,0.0,0.0,0.0,0.0,-0.053700000000000005
389591572,2,0,-0.011,-0.218,0.012,0.0,0.0,-0.063,0.0,0.0,0.002,0.0,0.0,0.0,4000.0,0.0,-0.063
389595923,2,0,0.007,-0.203,0.016,0.0,0.0,-0.0723,0.0,0.0,0.001,0.0,0.0,0.0,8351.0,0.0,-0.0723
389600538,2,0,0.005,-0.199,0.009000000000000001,0.0,0.0,-0.084,0.0,0.0,0.0002,0.0,0.0,0.0,12966.0,0.0,-0.084
389604844,2,0,-0.006,-0.183,0.001,0.0,0.0,-0.09330000000000001,0.0,0.0,-0.00030000000000000003,0.0,0.0,0.0,17272.0,0.0,-0.09330000000000001
389607682,2,0,-0.002,-0.183,-0.004,0.0,0.0,-0.1003,0.0,0.0,-0.0006000000000000001,0.0,0.0,0.0,20110.0,0.0,-0.1003
389612605,2,0,0.016,-0.189,-0.004,0.0,0.0,-0.112,0.0,0.0,-0.0011,0.0,0.0,0.0,25033.0,0.0,-0.112
389614812,2,0,0.022,-0.188,0.0,0.0,0.0,-0.11670000000000001,0.0,0.0,-0.0016,0.0,0.0,0.0,0.0,0.0,-0.11670000000000001
389619573,2,0,0.022,-0.202,-0.005,0.0,0.0,-0.1283,0.0,0.0,-0.0024000000000000002,0.0,0.0,0.0,4761.0,0.0,-0.1283
389623897,2,0,0.008,-0.20800000000000002,-0.012,0.0,0.0,-0.13770000000000002,0.0,0.0,-0.0034000000000000002,0.0,0.0,0.0,9085.0,0.0,-0.13770000000000002
389628534,2,0,0.021,-0.215,-0.008,0.0,0.0,-0.14930000000000002,0.0,0.0,-0.0043,0.0,0.0,0.0,13722.0,0.0,-0.14930000000000002
389632903,2,0,0.026000000000000002,-0.216,-0.002,0.0,0.0,-0.1587,0.0,0.0,-0.0055000000000000005,0.0,0.0,0.0,18091.0,0.0,-0.1587
389635597,2,0,0.023,-0.217,-0.001,0.0,0.0,-0.16570000000000001,0.0,0.0,-0.006,0.0,0.0,0.0,20785.0,0.0,-0.16570000000000001
389639908,2,0,0.007,-0.23,-0.002,0.0,0.0,-0.17500000000000002,0.0,0.0,-0.007200000000000001,0.0,0.0,0.0,25096.0,0.0,-0.17500000000000002
389644574,2,0,0.015,-0.228,-0.002,0.0,0.0,-0.17500000000000002,0.0,0.0,-0.0079,0.0,0.0,0.0,0.0,0.0,-0.17500000000000002
389646914,2,0,0.022,-0.222,0.003,0.0,0.0,-0.17500000000000002,0.0,0.0,-0.0089,0.0,0.0,0.0,2340.0,0.0,-0.17500000000000002
389650960,2,0,0.025,-0.213,0.016,0.0,0.0,-0.17500000000000002,0.0,0.0,-0.0099,0.0,0.0,0.0,6386.0,0.0,-0.17500000000000002
389655535,2,0,0.02,-0.197,0.01,0.0,0.0,-0.17500000000000002,0.0,0.0,-0.0108,0.0,0.0,0.0,10961.0,0.0,-0.17500000000000002
389659922,2,0,0.012,-0.181,0.008,0.0,0.0,-0.17500000000000002,0.0,0.0,-0.0118,0.0,0.0,0.0,15348.0,0.0,-0.17500000000000002
389664928,2,0,0.01,-0.167,0.004,0.0,0.0,-0.17500000000000002,0.0,0.0,-0.0126,0.0,0.0,0.0,20354.0,0.0,-0.17500000000000002
389666928,2,0,0.012,-0.166,0.001,0.0,0.0,-0.17500000000000002,0.0,0.0,-0.013000000000000001,0.0,0.0,0.0,22354.0,0.0,-0.17500000000000002
389670977,2,0,0.008,-0.14400000000000002,0.0,0.0,0.0,-0.17500000000000002,0.0,0.0,-0.013600000000000001,0.0,0.0,0.0,0.0,0.0,-0.17500000000000002
389676574,2,0,0.002,-0.14,0.002,0.0,0.0,-0.17500000000000002,0.0,0.0,-0.0142,0.0,0.0,0.0,5597.0,0.0,-0.17500000000000002
389678936,2,0,0.0,-0.128,-0.003,0.0,0.0,-0.17500000000000002,0.0,0.0,-0.0148,0.0,0.0,0.0,7959.0,0.0,-0.17500000000000002
389683550,2,0,0.003,-0.11800000000000001,-0.01,0.0,0.0,-0.17500000000000002,0.0,0.0,-0.015300000000000001,0.0,0.0,0.0,12573.0,0.0,-0.17500000000000002
389688572,2,0,0.006,-0.129,-0.004,0.0,0.0,-0.17500000000000002,0.0,0.0,-0.0159,0.0,0.0,0.0,17595.0,0.0,-0.17500000000000002
389690993,2,0,-0.001,-0.124,-0.01,0.0,0.0,-0.17500000000000002,0.0,0.0,-0.016300000000000002,0.0,0.0,0.0,20016.0,0.0,-0.17500000000000002
389695536,2,0,-0.011,-0.115,-0.016,0.0,0.0,-0.17500000000000002,0.0,0.0,-0.0167,0.0,0.0,0.0,24559.0,0.0,-0.17500000000000002
389700535,2,0,-0.022,-0.10300000000000001,-0.005,0.0,0.0,-0.17500000000000002,0.0,0.0,-0.0171,0.0,0.0,0.0,0.0,0.0,-0.17500000000000002
389702957,2,0,-0.022,-0.10200000000000001,0.0,0.0,0.0,-0.17500000000000002,0.0,0.0,-0.0173,0.0,0.0,0.0,2422.0,0.0,-0.17500000000000002
389707677,2,0,-0.012,-0.089,0.005,0.0,0.0,-0.17500000000000002,0.0,0.0,-0.017400000000000002,0.0,0.0,0.0,7142.0,0.0,-0.17500000000000002
389711960,2,0,-0.019,-0.077,0.013000000000000001,0.0,0.0,-0.17500000000000002,0.0,0.0,-0.0176,0.0,0.0,0.0,11425.0,0.0,-0.17500000000000002
389715971,2,0,-0.027,-0.064,0.009000000000000001,0.0,0.0,-0.17500000000000002,0.0,0.0,-0.0177,0.0,0.0,0.0,15436.0,0.0,-0.17500000000000002
389721014,2,0,-0.015,-0.058,0.005,0.0,0.0,-0.17500000000000002,0.0,0.0,-0.0178,0.0,0.0,0.0,20479.0,0.0,-0.17500000000000002
389723534,2,0,-0.01,-0.058,0.009000000000000001,0.0,0.0,-0.17500000000000002,0.0,0.0,-0.0178,0.0,0.0,0.0,22999.0,0.0,-0.17500000000000002
389727970,2,0,-0.012,-0.05,0.003,0.0,0.0,-0.17500000000000002,0.0,0.0,-0.018000000000000002,0.0,0.0,0.0,0.0,0.0,-0.17500000000000002
389732558,2,0,-0.023,-0.05,-0.005,0.0,0.0,-0.17500000000000002,0.0,0.0,-0.0181,0.0,0.0,0.0,4588.0,0.0,-0.17500000000000002
389734977,2,0,-0.028,-0.048,-0.004,0.0,0.0,-0.17500000000000002,0.0,0.0,-0.0182,0.0,0.0,0.0,7007.0,0.0,-0.17500000000000002
389739572,2,0,-0.022,-0.037,0.001,0.0,0.0,-0.17500000000000002,0.0,0.0,-0.0183,0.0,0.0,0.0,11602.0,0.0,-0.17500000000000002
389743985,2,0,-0.015,-0.027,0.002,0.0,0.0,-0.16570000000000001,0.0,0.0,-0.018500000000000003,0.0,0.0,0.0,16015.0,0.0,-0.16570000000000001
389748534,2,0,-0.015,-0.023,0.002,0.0,0.0,-0.154,0.0,0.0,-0.018600000000000002,0.0,0.0,0.0,20564.0,0.0,-0.154
389752556,2,0,-0.013000000000000001,-0.011,-0.005,0.0,0.0,-0.1447,0.0,0.0,-0.018600000000000002,0.0,0.0,0.0,24586.0,0.0,-0.1447
389754992,2,0,-0.01,-0.009000000000000001,-0.01,0.0,0.0,-0.14,0.0,0.0,-0.0187,0.0,0.0,0.0,0.0,0.0,-0.14
389759994,2,0,0.005,-0.002,-0.009000000000000001,0.0,0.0,-0.1283,0.0,0.0,-0.0188,0.0,0.0,0.0,5002.0,0.0,-0.1283
389764532,2,0,0.003,0.01,-0.007,0.0,0.0,-0.11670000000000001,0.0,0.0,-0.0189,0.0,0.0,0.0,9540.0,0.0,-0.11670000000000001
389768533,2,0,0.002,0.017,-0.007,0.0,0.0,-0.1073,0.0,0.0,-0.0189,0.0,0.0,0.0,13541.0,0.0,-0.1073
389772596,2,0,0.004,0.023,-0.001,0.0,0.0,-0.098,0.0,0.0,-0.0188,0.0,0.0,0.0,17604.0,0.0,-0.098
389775007,2,0,0.009000000000000001,0.031,0.011,0.0,0.0,-0.09330000000000001,0.0,0.0,-0.0188,0.0,0.0,0.0,20015.0,0.0,-0.09330000000000001
389779969,2,0,0.018000000000000002,0.033,0.003,0.0,0.0,-0.08170000000000001,0.0,0.0,-0.0187,0.0,0.0,0.0,24977.0,0.0,-0.08170000000000001
389784014,2,0,0.011,0.034,0.003,0.0,0.0,-0.0723,0.0,0.0,-0.018600000000000002,0.0,0.0,0.0,0.0,0.0,-0.0723
389788533,2,0,0.013000000000000001,0.035,0.001,0.0,0.0,-0.060700000000000004,0.0,0.0,-0.018500000000000003,0.0,0.0,0.0,4519.0,0.0,-0.060700000000000004
389792557,2,0,0.018000000000000002,0.038,-0.002,0.0,0.0,-0.051300000000000005,0.0,0.0,-0.0184,0.0,0.0,0.0,8543.0,0.0,-0.051300000000000005
389795020,2,0,0.021,0.038,-0.005,0.0,0.0,-0.046700000000000005,0.0,0.0,-0.0183,0.0,0.0,0.0,11006.0,0.0,-0.046700000000000005
389799024,2,0,0.02,0.047,-0.008,0.0,0.0,-0.0373,0.0,0.0,-0.0181,0.0,0.0,0.0,15010.0,0.0,-0.0373
389803533,2,0,0.016,0.06,-0.004,0.0,0.0,-0.0257,0.0,0.0,-0.0177,0.0,0.0,0.0,19519.0,0.0,-0.0257
389807678,2,0,0.014,0.082,-0.006,0.0,0.0,-0.016300000000000002,0.0,0.0,-0.0171,0.0,0.0,0.0,23664.0,0.0,-0.016300000000000002
389812034,2,0,0.022,0.123,-0.006,0.0,0.0,-0.007,0.0,0.0,-0.0165,0.0,0.0,0.0,0.0,0.0,-0.007
389816082,2,0,0.028,0.153,-0.005,0.0,0.0,0.0023,0.0,0.0,-0.016,0.0,0.0,0.0,4048.0,0.0,0.0023
389821087,2,0,0.008,0.20600000000000002,-0.007,0.0,0.0,0.014,0.0,0.0,-0.0146,0.0,0.0,0.0,9053.0,0.0,0.014
389823532,2,0,0.006,0.213,-0.005,0.0,0.0,0.021,0.0,0.0,-0.014,0.0,0.0,0.0,11498.0,0.0,0.021
389828045,2,0,0.009000000000000001,0.226,-0.003,0.0,0.0,0.0303,0.0,0.0,-0.012700000000000001,0.0,0.0,0.0,16011.0,0.0,0.0303
389832047,2,0,0.015,0.232,0.004,0.0,0.0,0.0397,0.0,0.0,-0.0117,0.0,0.0,0.0,20013.0,0.0,0.0397
389836569,2,0,0.005,0.231,0.003,0.0,0.0,0.051300000000000005,0.0,0.0,-0.0111,0.0,0.0,0.0,24535.0,0.0,0.051300000000000005
389839052,2,0,0.0,0.225,-0.001,0.0,0.0,0.056,0.0,0.0,-0.0103,0.0,0.0,0.0,0.0,0.0,0.056
389843534,2,0,-0.007,0.202,0.006,0.0,0.0,0.06770000000000001,0.0,0.0,-0.0098,0.0,0.0,0.0,4482.0,0.0,0.06770000000000001
389848531,2,0,0.012,0.199,0.001,0.0,0.0,0.07930000000000001,0.0,0.0,-0.0091,0.0,0.0,0.0,9479.0,0.0,0.07930000000000001
389852754,2,0,0.015,0.17200000000000001,-0.002,0.0,0.0,0.0887,0.0,0.0,-0.0086,0.0,0.0,0.0,13702.0,0.0,0.0887
389855064,2,0,0.004,0.179,-0.003,0.0,0.0,0.09330000000000001,0.0,0.0,-0.0082,0.0,0.0,0.0,16012.0,0.0,0.09330000000000001
389860067,2,0,-0.006,0.183,-0.008,0.0,0.0,0.10500000000000001,0.0,0.0,-0.0074,0.0,0.0,0.0,21015.0,0.0,0.10500000000000001
389864532,2,0,-0.004,0.184,0.001,0.0,0.0,0.11670000000000001,0.0,0.0,-0.0068000000000000005,0.0,0.0,0.0,25480.0,0.0,0.11670000000000001
389868569,2,0,0.008,0.214,0.003,0.0,0.0,0.126,0.0,0.0,-0.006200000000000001,0.0,0.0,0.0,0.0,0.0,0.126
389871125,2,0,0.001,0.216,0.001,0.0,0.0,0.133,0.0,0.0,-0.005200000000000001,0.0,0.0,0.0,2556.0,0.0,0.133
389875535,2,0,-0.012,0.219,0.006,0.0,0.0,0.1423,0.0,0.0,-0.004200000000000001,0.0,0.0,0.0,6966.0,0.0,0.1423
389880080,2,0,-0.022,0.229,-0.003,0.0,0.0,0.1517,0.0,0.0,-0.0029000000000000002,0.0,0.0,0.0,11511.0,0.0,0.1517
389884532,2,0,-0.004,0.223,0.001,0.0,0.0,0.1633,0.0,0.0,-0.002,0.0,0.0,0.0,15963.0,0.0,0.1633
389887089,2,0,-0.005,0.22,0.011,0.0,0.0,0.168,0.0,0.0,-0.0014,0.0,0.0,0.0,18520.0,0.0,0.168
389891139,2,0,-0.013000000000000001,0.21,-0.002,0.0,0.0,0.17500000000000002,0.0,0.0,-0.0005,0.0,0.0,0.0,22570.0,0.0,0.17500000000000002
389895540,2,0,-0.022,0.198,-0.01,0.0,0.0,0.17500000000000002,0.0,0.0,0.00030000000000000003,0.0,0.0,0.0,0.0,0.0,0.17500000000000002
389900574,2,0,-0.01,0.185,-0.008,0.0,0.0,0.17500000000000002,0.0,0.0,0.0012000000000000001,0.0,0.0,0.0,5034.0,0.0,0.17500000000000002
389903102,2,0,-0.008,0.184,-0.005,0.0,0.0,0.17500000000000002,0.0,0.0,0.002,0.0,0.0,0.0,7562.0,0.0,0.17500000000000002
389907672,2,0,-0.011,0.178,-0.011,0.0,0.0,0.17500000000000002,0.0,0.0,0.0029000000000000002,0.0,0.0,0.0,12132.0,0.0,0.17500000000000002
389912107,2,0,-0.021,0.179,-0.005,0.0,0.0,0.17500000000000002,0.0,0.0,0.004,0.0,0.0,0.0,16567.0,0.0,0.17500000000000002
389916154,2,0,-0.014,0.181,-0.004,0.0,0.0,0.17500000000000002,0.0,0.0,0.0049,0.0,0.0,0.0,20614.0,0.0,0.17500000000000002
389920531,2,0,-0.003,0.17300000000000001,-0.005,0.0,0.0,0.17500000000000002,0.0,0.0,0.0058000000000000005,0.0,0.0,0.0,24991.0,0.0,0.17500000000000002
389924531,2,0,-0.001,0.166,0.0,0.0,0.0,0.17500000000000002,0.0,0.0,0.0066,0.0,0.0,0.0,0.0,0.0,0.17500000000000002
389928532,2,0,-0.002,0.161,0.002,0.0,0.0,0.17500000000000002,0.0,0.0,0.0073,0.0,0.0,0.0,4001.0,0.0,0.17500000000000002
389932569,2,0,-0.009000000000000001,0.154,0.003,0.0,0.0,0.17500000000000002,0.0,0.0,0.0078000000000000005,0.0,0.0,0.0,8038.0,0.0,0.17500000000000002
389935126,2,0,0.0,0.14400000000000002,0.005,0.0,0.0,0.17500000000000002,0.0,0.0,0.0083,0.0,0.0,0.0,10595.0,0.0,0.17500000000000002
389939127,2,0,0.002,0.134,0.006,0.0,0.0,0.17500000000000002,0.0,0.0,0.0088,0.0,0.0,0.0,14596.0,0.0,0.17500000000000002
389943533,2,0,0.0,0.122,0.01,0.0,0.0,0.17500000000000002,0.0,0.0,0.009300000000000001,0.0,0.0,0.0,19002.0,0.0,0.17500000000000002
389948530,2,0,0.003,0.108,-0.003,0.0,0.0,0.17500000000000002,0.0,0.0,0.0097,0.0,0.0,0.0,23999.0,0.0,0.17500000000000002
389953136,2,0,0.003,0.1,0.003,0.0,0.0,0.17500000000000002,0.0,0.0,0.010100000000000001,0.0,0.0,0.0,0.0,0.0,0.17500000000000002
389955136,2,0,0.004,0.1,0.005,0.0,0.0,0.17500000000000002,0.0,0.0,0.0103,0.0,0.0,0.0,2000.0,0.0,0.17500000000000002
389960142,2,0,0.016,0.094,-0.001,0.0,0.0,0.17500000000000002,0.0,0.0,0.010700000000000001,0.0,0.0,0.0,7006.0,0.0,0.17500000000000002
389964572,2,0,0.022,0.091,-0.009000000000000001,0.0,0.0,0.17500000000000002,0.0,0.0,0.0109,0.0,0.0,0.0,11436.0,0.0,0.17500000000000002
389967146,2,0,0.019,0.08700000000000001,-0.002,0.0,0.0,0.17500000000000002,0.0,0.0,0.0112,0.0,0.0,0.0,14010.0,0.0,0.17500000000000002
389971198,2,0,0.011,0.09,-0.006,0.0,0.0,0.17500000000000002,0.0,0.0,0.011600000000000001,0.0,0.0,0.0,18062.0,0.0,0.17500000000000002
389975531,2,0,0.017,0.076,-0.007,0.0,0.0,0.17500000000000002,0.0,0.0,0.0119,0.0,0.0,0.0,22395.0,0.0,0.17500000000000002
389979533,2,0,0.02,0.073,0.005,0.0,0.0,0.17500000000000002,0.0,0.0,0.012100000000000001,0.0,0.0,0.0,0.0,0.0,0.17500000000000002
389984530,2,0,0.017,0.056,-0.001,0.0,0.0,0.17500000000000002,0.0,0.0,0.0123,0.0,0.0,0.0,4997.0,0.0,0.17500000000000002
389989163,2,0,0.017,0.042,0.003,0.0,0.0,0.17500000000000002,0.0,0.0,0.0125,0.0,0.0,0.0,9630.0,0.0,0.17500000000000002
389991210,2,0,0.018000000000000002,0.033,0.006,0.0,0.0,0.1703,0.0,0.0,0.0125,0.0,0.0,0.0,11677.0,0.0,0.1703
389995533,2,0,0.024,0.014,0.003,0.0,0.0,0.161,0.0,0.0,0.0126,0.0,0.0,0.0,16000.0,0.0,0.161
390000195,2,0,0.025,0.008,-0.006,0.0,0.0,0.14930000000000002,0.0,0.0,0.012700000000000001,0.0,0.0,0.0,20662.0,0.0,0.14930000000000002
390004531,2,0,0.017,0.002,0.006,0.0,0.0,0.14,0.0,0.0,0.0128,0.0,0.0,0.0,24998.0,0.0,0.14
390008532,2,0,0.014,-0.002,0.002,0.0,0.0,0.1307,0.0,0.0,0.0129,0.0,0.0,0.0,0.0,0.0,0.1307
390011227,2,0,0.012,-0.002,-0.001,0.0,0.0,0.1237,0.0,0.0,0.0131,0.0,0.0,0.0,2695.0,0.0,0.1237
390015532,2,0,0.011,-0.004,0.004,0.0,0.0,0.1143,0.0,0.0,0.013300000000000001,0.0,0.0,0.0,7000.0,0.0,0.1143
390020185,2,0,0.007,-0.011,0.003,0.0,0.0,0.1027,0.0,0.0,0.0134,0.0,0.0,0.0,11653.0,0.0,0.1027
390024529,2,0,-0.001,-0.015,-0.004,0.0,0.0,0.09330000000000001,0.0,0.0,0.0135,0.0,0.0,0.0,15997.0,0.0,0.09330000000000001
390028573,2,0,0.0,-0.02,0.004,0.0,0.0,0.084,0.0,0.0,0.0135,0.0,0.0,0.0,20041.0,0.0,0.084
390031240,2,0,-0.003,-0.021,0.009000000000000001,0.0,0.0,0.077,0.0,0.0,0.0135,0.0,0.0,0.0,22708.0,0.0,0.077
390036201,2,0,-0.002,-0.028,0.004,0.0,0.0,0.0653,0.0,0.0,0.0134,0.0,0.0,0.0,0.0,0.0,0.0653
390040532,2,0,-0.005,-0.033,0.001,0.0,0.0,0.056,0.0,0.0,0.013300000000000001,0.0,0.0,0.0,4331.0,0.0,0.056
390043204,2,0,-0.006,-0.031,0.001,0.0,0.0,0.049,0.0,0.0,0.013300000000000001,0.0,0.0,0.0,7003.0,0.0,0.049
390047531,2,0,-0.012,-0.033,0.002,0.0,0.0,0.0397,0.0,0.0,0.0131,0.0,0.0,0.0,11330.0,0.0,0.0397
390052205,2,0,-0.013000000000000001,-0.048,0.004,0.0,0.0,0.028,0.0,0.0,0.0129,0.0,0.0,0.0,16004.0,0.0,0.028
390056259,2,0,-0.01,-0.064,0.006,0.0,0.0,0.0187,0.0,0.0,0.0125,0.0,0.0,0.0,20058.0,0.0,0.0187
390060574,2,0,-0.012,-0.07,-0.002,0.0,0.0,0.009300000000000001,0.0,0.0,0.0122,0.0,0.0,0.0,24373.0,0.0,0.009300000000000001
390063215,2,0,-0.012,-0.096,-0.002,0.0,0.0,0.0023,0.0,0.0,0.011600000000000001,0.0,0.0,0.0,0.0,0.0,0.0023
390067529,2,0,-0.014,-0.127,-0.002,0.0,0.0,-0.007,0.0,0.0,0.0109,0.0,0.0,0.0,4314.0,0.0,-0.007
390072223,2,0,-0.015,-0.164,-0.005,0.0,0.0,-0.0187,0.0,0.0,0.0098,0.0,0.0,0.0,9008.0,0.0,-0.0187
390076269,2,0,-0.023,-0.188,-0.006,0.0,0.0,-0.028,0.0,0.0,0.0089,0.0,0.0,0.0,13054.0,0.0,-0.028
390080530,2,0,-0.02,-0.196,0.001,0.0,0.0,-0.0373,0.0,0.0,0.008,0.0,0.0,0.0,17315.0,0.0,-0.0373
390084536,2,0,-0.024,-0.199,0.006,0.0,0.0,-0.046700000000000005,0.0,0.0,0.007200000000000001,0.0,0.0,0.0,21321.0,0.0,-0.046700000000000005
390087237,2,0,-0.025,-0.2,0.006,0.0,0.0,-0.053700000000000005,0.0,0.0,0.0067,0.0,0.0,0.0,24022.0,0.0,-0.053700000000000005
390092573,2,0,-0.015,-0.193,0.011,0.0,0.0,-0.0653,0.0,0.0,0.006200000000000001,0.0,0.0,0.0,0.0,0.0,-0.0653
390095240,2,0,-0.009000000000000001,-0.183,0.017,0.0,0.0,-0.0723,0.0,0.0,0.0058000000000000005,0.0,0.0,0.0,2667.0,0.0,-0.0723
390099243,2,0,-0.002,-0.171,0.014,0.0,0.0,-0.08170000000000001,0.0,0.0,0.0054,0.0,0.0,0.0,6670.0,0.0,-0.08170000000000001
390103528,2,0,-0.015,-0.158,0.005,0.0,0.0,-0.091,0.0,0.0,0.005,0.0,0.0,0.0,10955.0,0.0,-0.091
390107676,2,0,-0.01,-0.16,0.003,0.0,0.0,-0.1003,0.0,0.0,0.0046,0.0,0.0,0.0,15103.0,0.0,-0.1003
390112251,2,0,0.006,-0.169,-0.006,0.0,0.0,-0.112,0.0,0.0,0.0039000000000000003,0.0,0.0,0.0,19678.0,0.0,-0.112
390116299,2,0,0.011,-0.177,0.002,0.0,0.0,-0.1213,0.0,0.0,0.0033,0.0,0.0,0.0,23726.0,0.0,-0.1213
390120530,2,0,0.006,-0.198,0.0,0.0,0.0,-0.1307,0.0,0.0,0.0026000000000000003,0.0,0.0,0.0,0.0,0.0,-0.1307
390124572,2,0,-0.001,-0.2,-0.005,0.0,0.0,-0.14,0.0,0.0,0.002,0.0,0.0,0.0,4042.0,0.0,-0.14
390127260,2,0,0.01,-0.20500000000000002,-0.005,0.0,0.0,-0.14700000000000002,0.0,0.0,0.0012000000000000001,0.0,0.0,0.0,6730.0,0.0,-0.14700000000000002
390131311,2,0,0.014,-0.217,-0.003,0.0,0.0,-0.1563,0.0,0.0,0.00030000000000000003,0.0,0.0,0.0,10781.0,0.0,-0.1563
390136317,2,0,0.012,-0.22,-0.007,0.0,0.0,-0.168,0.0,0.0,-0.0009000000000000001,0.0,0.0,0.0,15787.0,0.0,-0.168
390140530,2,0,0.006,-0.228,0.001,0.0,0.0,-0.17500000000000002,0.0,0.0,-0.0018000000000000002,0.0,0.0,0.0,20000.0,0.0,-0.17500000000000002
390145278,2,0,0.019,-0.216,-0.002,0.0,0.0,-0.17500000000000002,0.0,0.0,-0.0029000000000000002,0.0,0.0,0.0,24748.0,0.0,-0.17500000000000002
390147280,2,0,0.025,-0.214,-0.001,0.0,0.0,-0.17500000000000002,0.0,0.0,-0.0034000000000000002,0.0,0.0,0.0,0.0,0.0,-0.17500000000000002
390151329,2,0,0.023,-0.215,0.007,0.0,0.0,-0.17500000000000002,0.0,0.0,-0.0043,0.0,0.0,0.0,4049.0,0.0,-0.17500000000000002
390155531,2,0,0.019,-0.198,0.009000000000000001,0.0,0.0,-0.17500000000000002,0.0,0.0,-0.005200000000000001,0.0,0.0,0.0,8251.0,0.0,-0.17500000000000002
390160288,2,0,0.009000000000000001,-0.181,0.008,0.0,0.0,-0.17500000000000002,0.0,0.0,-0.0061,0.0,0.0,0.0,13008.0,0.0,-0.17500000000000002
390164527,2,0,0.008,-0.171,0.004,0.0,0.0,-0.17500000000000002,0.0,0.0,-0.0068000000000000005,0.0,0.0,0.0,17247.0,0.0,-0.17500000000000002
390168528,2,0,0.018000000000000002,-0.169,0.005,0.0,0.0,-0.17500000000000002,0.0,0.0,-0.007500000000000001,0.0,0.0,0.0,21248.0,0.0,-0.17500000000000002
390173296,2,0,0.008,-0.14,0.006,0.0,0.0,-0.17500000000000002,0.0,0.0,-0.0083,0.0,0.0,0.0,26016.0,0.0,-0.17500000000000002
390175314,2,0,0.008,-0.14400000000000002,0.005,0.0,0.0,-0.17500000000000002,0.0,0.0,-0.0086,0.0,0.0,0.0,0.0,0.0,-0.17500000000000002
390179528,2,0,0.006,-0.14100000000000001,-0.007,0.0,0.0,-0.17500000000000002,0.0,0.0,-0.009300000000000001,0.0,0.0,0.0,4214.0,0.0,-0.17500000000000002
390183531,2,0,0.011,-0.134,-0.006,0.0,0.0,-0.17500000000000002,0.0,0.0,-0.0098,0.0,0.0,0.0,8217.0,0.0,-0.17500000000000002
390188591,2,0,0.017,-0.14,-0.006,0.0,0.0,-0.17500000000000002,0.0,0.0,-0.010400000000000001,0.0,0.0,0.0,13277.0,0.0,-0.17500000000000002
390191355,2,0,0.003,-0.133,-0.011,0.0,0.0,-0.17500000000000002,0.0,0.0,-0.011000000000000001,0.0,0.0,0.0,16041.0,0.0,-0.17500000000000002
390195529,2,0,-0.006,-0.123,-0.017,0.0,0.0,-0.17500000000000002,0.0,0.0,-0.0115,0.0,0.0,0.0,20215.0,0.0,-0.17500000000000002
390199530,2,0,-0.011,-0.112,-0.009000000000000001,0.0,0.0,-0.17500000000000002,0.0,0.0,-0.0119,0.0,0.0,0.0,24216.0,0.0,-0.17500000000000002
390204321,2,0,-0.004,-0.1,-0.004,0.0,0.0,-0.17500000000000002,0.0,0.0,-0.0122,0.0,0.0,0.0,0.0,0.0,-0.17500000000000002
390208388,2,0,-0.001,-0.083,0.013000000000000001,0.0,0.0,-0.17500000000000002,0.0,0.0,-0.0123,0.0,0.0,0.0,4067.0,0.0,-0.17500000000000002
390213325,2,0,-0.016,-0.077,0.009000000000000001,0.0,0.0,-0.17500000000000002,0.0,0.0,-0.0125,0.0,0.0,0.0,9004.0,0.0,-0.17500000000000002
390215326,2,0,-0.018000000000000002,-0.07,0.002,0.0,0.0,-0.17500000000000002,0.0,0.0,-0.0126,0.0,0.0,0.0,11005.0,0.0,-0.17500000000000002
390219330,2,0,-0.006,-0.056,0.0,0.0,0.0,-0.17500000000000002,0.0,0.0,-0.012700000000000001,0.0,0.0,0.0,15009.0,0.0,-0.17500000000000002
390223529,2,0,0.004,-0.06,0.011,0.0,0.0,-0.17500000000000002,0.0,0.0,-0.0128,0.0,0.0,0.0,19208.0,0.0,-0.17500000000000002
390227553,2,0,-0.007,-0.055,0.004,0.0,0.0,-0.17500000000000002,0.0,0.0,-0.013000000000000001,0.0,0.0,0.0,23232.0,0.0,-0.17500000000000002
390232345,2,0,-0.022,-0.05,-0.001,0.0,0.0,-0.17500000000000002,0.0,0.0,-0.0131,0.0,0.0,0.0,0.0,0.0,-0.17500000000000002
390236529,2,0,-0.025,-0.047,-0.003,0.0,0.0,-0.17500000000000002,0.0,0.0,-0.013300000000000001,0.0,0.0,0.0,4184.0,0.0,-0.17500000000000002
390241391,2,0,-0.011,-0.038,0.004,0.0,0.0,-0.1703,0.0,0.0,-0.0135,0.0,0.0,0.0,9046.0,0.0,-0.1703
390243527,2,0,-0.008,-0.032,0.006,0.0,0.0,-0.16570000000000001,0.0,0.0,-0.0135,0.0,0.0,0.0,11182.0,0.0,-0.16570000000000001
390247552,2,0,-0.011,-0.028,0.006,0.0,0.0,-0.1563,0.0,0.0,-0.013600000000000001,0.0,0.0,0.0,15207.0,0.0,-0.1563
390252571,2,0,-0.017,-0.026000000000000002,0.0,0.0,0.0,-0.1447,0.0,0.0,-0.0137,0.0,0.0,0.0,20226.0,0.0,-0.1447
390255355,2,0,-0.008,-0.015,-0.007,0.0,0.0,-0.13770000000000002,0.0,0.0,-0.013800000000000002,0.0,0.0,0.0,23010.0,0.0,-0.13770000000000002
390260357,2,0,0.001,-0.007,-0.004,0.0,0.0,-0.126,0.0,0.0,-0.013900000000000001,0.0,0.0,0.0,0.0,0.0,-0.126
390264362,2,0,-0.003,0.004,-0.002,0.0,0.0,-0.11670000000000001,0.0,0.0,-0.013900000000000001,0.0,0.0,0.0,4005.0,0.0,-0.11670000000000001
390268526,2,0,-0.008,0.01,-0.004,0.0,0.0,-0.1073,0.0,0.0,-0.013900000000000001,0.0,0.0,0.0,8169.0,0.0,-0.1073
390272528,2,0,-0.003,0.014,-0.001,0.0,0.0,-0.098,0.0,0.0,-0.013900000000000001,0.0,0.0,0.0,12171.0,0.0,-0.098
390277333,2,0,0.013000000000000001,0.018000000000000002,0.004,0.0,0.0,-0.0863,0.0,0.0,-0.013900000000000001,0.0,0.0,0.0,16976.0,0.0,-0.0863
390279376,2,0,0.013000000000000001,0.02,0.006,0.0,0.0,-0.08170000000000001,0.0,0.0,-0.013900000000000001,0.0,0.0,0.0,19019.0,0.0,-0.08170000000000001
390283528,2,0,0.004,0.021,0.003,0.0,0.0,-0.0723,0.0,0.0,-0.013900000000000001,0.0,0.0,0.0,23171.0,0.0,-0.0723
390287554,2,0,-0.001,0.022,0.001,0.0,0.0,-0.063,0.0,0.0,-0.013800000000000002,0.0,0.0,0.0,0.0,0.0,-0.063
390292527,2,0,0.005,0.02,-0.002,0.0,0.0,-0.051300000000000005,0.0,0.0,-0.013800000000000002,0.0,0.0,0.0,4973.0,0.0,-0.051300000000000005
390297386,2,0,0.014,0.034,-0.002,0.0,0.0,-0.0397,0.0,0.0,-0.013600000000000001,0.0,0.0,0.0,9832.0,0.0,-0.0397
390299387,2,0,0.013000000000000001,0.042,0.002,0.0,0.0,-0.035,0.0,0.0,-0.0135,0.0,0.0,0.0,11833.0,0.0,-0.035
390303527,2,0,0.008,0.057,-0.005,0.0,0.0,-0.0257,0.0,0.0,-0.0131,0.0,0.0,0.0,15973.0,0.0,-0.0257
390307678,2,0,0.007,0.088,-0.009000000000000001,0.0,0.0,-0.016300000000000002,0.0,0.0,-0.0126,0.0,0.0,0.0,20124.0,0.0,-0.016300000000000002
390312397,2,0,0.03,0.127,-0.008,0.0,0.0,-0.0047,0.0,0.0,-0.0119,0.0,0.0,0.0,24843.0,0.0,-0.0047
390316574,2,0,0.024,0.154,0.0,0.0,0.0,0.0047,0.0,0.0,-0.0112,0.0,0.0,0.0,0.0,0.0,0.0047
390319401,2,0,0.002,0.196,-0.003,0.0,0.0,0.0117,0.0,0.0,-0.0102,0.0,0.0,0.0,2827.0,0.0,0.0117
390323526,2,0,0.003,0.202,-0.009000000000000001,0.0,0.0,0.021,0.0,0.0,-0.0092,0.0,0.0,0.0,6952.0,0.0,0.021
390328409,2,0,0.014,0.226,-0.005,0.0,0.0,0.0327,0.0,0.0,-0.0079,0.0,0.0,0.0,11835.0,0.0,0.0327
390332410,2,0,0.017,0.221,0.0,0.0,0.0,0.042,0.0,0.0,-0.0071,0.0,0.0,0.0,15836.0,0.0,0.042
390336458,2,0,0.005,0.222,-0.005,0.0,0.0,0.051300000000000005,0.0,0.0,-0.0063,0.0,0.0,0.0,19884.0,0.0,0.051300000000000005
390340526,2,0,-0.006,0.2,-0.005,0.0,0.0,0.060700000000000004,0.0,0.0,-0.0058000000000000005,0.0,0.0,0.0,23952.0,0.0,0.060700000000000004
390344527,2,0,0.001,0.192,-0.003,0.0,0.0,0.07,0.0,0.0,-0.0053,0.0,0.0,0.0,0.0,0.0,0.07
390347384,2,0,0.017,0.182,-0.001,0.0,0.0,0.077,0.0,0.0,-0.0049,0.0,0.0,0.0,2857.0,0.0,0.077
390352421,2,0,0.014,0.158,-0.002,0.0,0.0,0.0887,0.0,0.0,-0.0043,0.0,0.0,0.0,7894.0,0.0,0.0887
390356473,2,0,0.006,0.17400000000000002,-0.007,0.0,0.0,0.098,0.0,0.0,-0.0038,0.0,0.0,0.0,11946.0,0.0,0.098
390360526,2,0,-0.005,0.164,-0.004,0.0,0.0,0.1073,0.0,0.0,-0.0031000000000000003,0.0,0.0,0.0,15999.0,0.0,0.1073
390365434,2,0,0.006,0.187,0.001,0.0,0.0,0.11900000000000001,0.0,0.0,-0.0022,0.0,0.0,0.0,20907.0,0.0,0.11900000000000001
390367435,2,0,0.01,0.196,0.005,0.0,0.0,0.1237,0.0,0.0,-0.0018000000000000002,0.0,0.0,0.0,22908.0,0.0,0.1237
390372440,2,0,-0.005,0.195,0.009000000000000001,0.0,0.0,0.1353,0.0,0.0,-0.0006000000000000001,0.0,0.0,0.0,0.0,0.0,0.1353
390376486,2,0,-0.019,0.20500000000000002,0.004,0.0,0.0,0.1447,0.0,0.0,0.0004,0.0,0.0,0.0,4046.0,0.0,0.1447
390380571,2,0,-0.02,0.20500000000000002,-0.001,0.0,0.0,0.154,0.0,0.0,0.0011,0.0,0.0,0.0,8131.0,0.0,0.154
390383447,2,0,0.005,0.194,0.004,0.0,0.0,0.161,0.0,0.0,0.0019,0.0,0.0,0.0,11007.0,0.0,0.161
390387451,2,0,-0.006,0.192,0.004,0.0,0.0,0.1703,0.0,0.0,0.0027,0.0,0.0,0.0,15011.0,0.0,0.1703
390391499,2,0,-0.012,0.185,-0.002,0.0,0.0,0.17500000000000002,0.0,0.0,0.0035,0.0,0.0,0.0,19059.0,0.0,0.17500000000000002
390395528,2,0,-0.024,0.169,-0.012,0.0,0.0,0.17500000000000002,0.0,0.0,0.0043,0.0,0.0,0.0,23088.0,0.0,0.17500000000000002
390400463,2,0,-0.007,0.159,-0.006,0.0,0.0,0.17500000000000002,0.0,0.0,0.005200000000000001,0.0,0.0,0.0,0.0,0.0,0.17500000000000002
390404464,2,0,-0.003,0.163,-0.007,0.0,0.0,0.17500000000000002,0.0,0.0,0.006,0.0,0.0,0.0,4001.0,0.0,0.17500000000000002
390408527,2,0,-0.012,0.161,-0.003,0.0,0.0,0.17500000000000002,0.0,0.0,0.0068000000000000005,0.0,0.0,0.0,8064.0,0.0,0.17500000000000002
390411516,2,0,-0.024,0.161,-0.003,0.0,0.0,0.17500000000000002,0.0,0.0,0.0074,0.0,0.0,0.0,11053.0,0.0,0.17500000000000002
390416519,2,0,-0.009000000000000001,0.166,-0.001,0.0,0.0,0.17500000000000002,0.0,0.0,0.008400000000000001,0.0,0.0,0.0,16056.0,0.0,0.17500000000000002
390421522,2,0,-0.001,0.161,-0.001,0.0,0.0,0.17500000000000002,0.0,0.0,0.0094,0.0,0.0,0.0,21059.0,0.0,0.17500000000000002
390423527,2,0,0.001,0.162,0.005,0.0,0.0,0.17500000000000002,0.0,0.0,0.0098,0.0,0.0,0.0,23064.0,0.0,0.17500000000000002
390427551,2,0,-0.001,0.157,0.005,0.0,0.0,0.17500000000000002,0.0,0.0,0.010400000000000001,0.0,0.0,0.0,0.0,0.0,0.17500000000000002
390432484,2,0,-0.002,0.14,0.002,0.0,0.0,0.17500000000000002,0.0,0.0,0.011000000000000001,0.0,0.0,0.0,4933.0,0.0,0.17500000000000002
390436534,2,0,0.003,0.131,0.006,0.0,0.0,0.17500000000000002,0.0,0.0,0.0114,0.0,0.0,0.0,8983.0,0.0,0.17500000000000002
390439488,2,0,0.003,0.117,0.008,0.0,0.0,0.17500000000000002,0.0,0.0,0.0117,0.0,0.0,0.0,11937.0,0.0,0.17500000000000002
390443564,2,0,0.0,0.106,0.007,0.0,0.0,0.17500000000000002,0.0,0.0,0.012,0.0,0.0,0.0,16013.0,0.0,0.17500000000000002
390448493,2,0,0.0,0.09,0.001,0.0,0.0,0.17500000000000002,0.0,0.0,0.0123,0.0,0.0,0.0,20942.0,0.0,0.17500000000000002
390452496,2,0,0.001,0.081,-0.005,0.0,0.0,0.17500000000000002,0.0,0.0,0.0126,0.0,0.0,0.0,24945.0,0.0,0.17500000000000002
390456549,2,0,0.004,0.084,-0.002,0.0,0.0,0.17500000000000002,0.0,0.0,0.0128,0.0,0.0,0.0,0.0,0.0,0.17500000000000002
390461552,2,0,0.013000000000000001,0.082,-0.004,0.0,0.0,0.17500000000000002,0.0,0.0,0.0132,0.0,0.0,0.0,5003.0,0.0,0.17500000000000002
390464508,2,0,0.021,0.076,-0.007,0.0,0.0,0.17500000000000002,0.0,0.0,0.0135,0.0,0.0,0.0,7959.0,0.0,0.17500000000000002
390469511,2,0,0.015,0.08,-0.009000000000000001,0.0,0.0,0.17500000000000002,0.0,0.0,0.013900000000000001,0.0,0.0,0.0,12962.0,0.0,0.17500000000000002
390471559,2,0,0.012,0.08,-0.01,0.0,0.0,0.17500000000000002,0.0,0.0,0.014100000000000001,0.0,0.0,0.0,15010.0,0.0,0.17500000000000002
390476574,2,0,0.013000000000000001,0.066,-0.001,0.0,0.0,0.17500000000000002,0.0,0.0,0.0143,0.0,0.0,0.0,20025.0,0.0,0.17500000000000002
390479518,2,0,0.016,0.063,0.006,0.0,0.0,0.17500000000000002,0.0,0.0,0.0146,0.0,0.0,0.0,22969.0,0.0,0.17500000000000002
390484522,2,0,0.015,0.044,0.0,0.0,0.0,0.17500000000000002,0.0,0.0,0.0148,0.0,0.0,0.0,0.0,0.0,0.17500000000000002
390489528,2,0,0.016,0.018000000000000002,0.009000000000000001,0.0,0.0,0.17500000000000002,0.0,0.0,0.0149,0.0,0.0,0.0,5006.0,0.0,0.17500000000000002
390491574,2,0,0.015,0.009000000000000001,0.009000000000000001,0.0,0.0,0.1703,0.0,0.0,0.0149,0.0,0.0,0.0,7052.0,0.0,0.1703
390496576,2,0,0.019,-0.011,-0.007,0.0,0.0,0.1587,0.0,0.0,0.0149,0.0,0.0,0.0,12054.0,0.0,0.1587
390499535,2,0,0.015,-0.016,-0.005,0.0,0.0,0.1517,0.0,0.0,0.0149,0.0,0.0,0.0,15013.0,0.0,0.1517
390504573,2,0,0.013000000000000001,-0.024,-0.002,0.0,0.0,0.14,0.0,0.0,0.0149,0.0,0.0,0.0,20051.0,0.0,0.14
390509733,2,0,0.019,-0.029,0.002,0.0,0.0,0.1283,0.0,0.0,0.015000000000000001,0.0,0.0,0.0,25211.0,0.0,0.1283
390512541,2,0,0.014,-0.03,0.001,0.0,0.0,0.1213,0.0,0.0,0.0151,0.0,0.0,0.0,0.0,0.0,0.1213
390516592,2,0,0.012,-0.028,0.003,0.0,0.0,0.112,0.0,0.0,0.0151,0.0,0.0,0.0,4051.0,0.0,0.112
390519547,2,0,0.008,-0.033,-0.004,0.0,0.0,0.10500000000000001,0.0,0.0,0.0151,0.0,0.0,0.0,7006.0,0.0,0.10500000000000001
390524550,2,0,-0.003,-0.036000000000000004,0.004,0.0,0.0,0.09330000000000001,0.0,0.0,0.015000000000000001,0.0,0.0,0.0,12009.0,0.0,0.09330000000000001
390529556,2,0,-0.003,-0.042,0.011,0.0,0.0,0.08170000000000001,0.0,0.0,0.0149,0.0,0.0,0.0,17015.0,0.0,0.08170000000000001
390531601,2,0,-0.004,-0.042,0.009000000000000001,0.0,0.0,0.077,0.0,0.0,0.0148,0.0,0.0,0.0,19060.0,0.0,0.077
390536606,2,0,0.003,-0.044,0.004,0.0,0.0,0.0653,0.0,0.0,0.0146,0.0,0.0,0.0,24065.0,0.0,0.0653
390539562,2,0,-0.003,-0.051000000000000004,0.005,0.0,0.0,0.058300000000000005,0.0,0.0,0.0145,0.0,0.0,0.0,0.0,0.0,0.058300000000000005
390544565,2,0,-0.004,-0.044,0.003,0.0,0.0,0.046700000000000005,0.0,0.0,0.014100000000000001,0.0,0.0,0.0,5003.0,0.0,0.046700000000000005
390549524,2,0,-0.006,-0.048,0.002,0.0,0.0,0.035,0.0,0.0,0.013900000000000001,0.0,0.0,0.0,9962.0,0.0,0.035
390551614,2,0,-0.005,-0.055,0.002,0.0,0.0,0.0303,0.0,0.0,0.0137,0.0,0.0,0.0,12052.0,0.0,0.0303
390556620,2,0,-0.007,-0.067,-0.004,0.0,0.0,0.0187,0.0,0.0,0.013300000000000001,0.0,0.0,0.0,17058.0,0.0,0.0187
390561623,2,0,-0.005,-0.084,-0.001,0.0,0.0,0.007,0.0,0.0,0.0126,0.0,0.0,0.0,22061.0,0.0,0.007
390564581,2,0,-0.002,-0.108,0.001,0.0,0.0,0.0,0.0,0.0,0.012100000000000001,0.0,0.0,0.0,25019.0,0.0,0.0
390569583,2,0,-0.011,-0.146,-0.004,0.0,0.0,-0.0117,0.0,0.0,0.0111,0.0,0.0,0.0,0.0,0.0,-0.0117
390571631,2,0,-0.016,-0.158,-0.004,0.0,0.0,-0.016300000000000002,0.0,0.0,0.010700000000000001,0.0,0.0,0.0,2048.0,0.0,-0.016300000000000002
390576631,2,0,-0.017,-0.187,-0.005,0.0,0.0,-0.028,0.0,0.0,0.009600000000000001,0.0,0.0,0.0,7048.0,0.0,-0.028
390579597,2,0,-0.019,-0.201,-0.004,0.0,0.0,-0.035,0.0,0.0,0.009000000000000001,0.0,0.0,0.0,10014.0,0.0,-0.035
390584594,2,0,-0.019,-0.20800000000000002,0.003,0.0,0.0,-0.046700000000000005,0.0,0.0,0.008,0.0,0.0,0.0,15011.0,0.0,-0.046700000000000005
390589562,2,0,-0.026000000000000002,-0.216,0.014,0.0,0.0,-0.058300000000000005,0.0,0.0,0.0071,0.0,0.0,0.0,19979.0,0.0,-0.058300000000000005
390591645,2,0,-0.02,-0.213,0.017,0.0,0.0,-0.063,0.0,0.0,0.0068000000000000005,0.0,0.0,0.0,22062.0,0.0,-0.063
390596649,2,0,-0.014,-0.203,0.015,0.0,0.0,-0.0747,0.0,0.0,0.0059,0.0,0.0,0.0,0.0,0.0,-0.0747
390599606,2,0,-0.009000000000000001,-0.2,0.011,0.0,0.0,-0.08170000000000001,0.0,0.0,0.0053,0.0,0.0,0.0,2957.0,0.0,-0.08170000000000001
390604575,2,0,-0.012,-0.19,0.003,0.0,0.0,-0.09330000000000001,0.0,0.0,0.0049,0.0,0.0,0.0,7926.0,0.0,-0.09330000000000001
390608788,2,0,-0.01,-0.193,0.003,0.0,0.0,-0.1027,0.0,0.0,0.0043,0.0,0.0,0.0,12139.0,0.0,-0.1027
390611659,2,0,-0.001,-0.197,0.002,0.0,0.0,-0.1097,0.0,0.0,0.0038,0.0,0.0,0.0,15010.0,0.0,-0.1097
390616661,2,0,0.001,-0.20400000000000001,0.001,0.0,0.0,-0.1213,0.0,0.0,0.003,0.0,0.0,0.0,20012.0,0.0,-0.1213
390619581,2,0,0.003,-0.211,-0.002,0.0,0.0,-0.1283,0.0,0.0,0.0024000000000000002,0.0,0.0,0.0,22932.0,0.0,-0.1283
390624623,2,0,0.0,-0.224,-0.006,0.0,0.0,-0.14,0.0,0.0,0.0014,0.0,0.0,0.0,0.0,0.0,-0.14
390629626,2,0,0.005,-0.233,-0.006,0.0,0.0,-0.1517,0.0,0.0,0.0002,0.0,0.0,0.0,5003.0,0.0,-0.1517
390631672,2,0,0.005,-0.234,-0.005,0.0,0.0,-0.1563,0.0,0.0,-0.00030000000000000003,0.0,0.0,0.0,7049.0,0.0,-0.1563
390637764,2,0,0.009000000000000001,-0.242,-0.005,0.0,0.0,-0.1703,0.0,0.0,-0.0018000000000000002,0.0,0.0,0.0,13141.0,0.0,-0.1703
390640634,2,0,0.005,-0.246,-0.003,0.0,0.0,-0.17500000000000002,0.0,0.0,-0.0026000000000000003,0.0,0.0,0.0,16011.0,0.0,-0.17500000000000002
390644637,2,0,0.018000000000000002,-0.23700000000000002,0.001,0.0,0.0,-0.17500000000000002,0.0,0.0,-0.0037,0.0,0.0,0.0,20014.0,0.0,-0.17500000000000002
390649642,2,0,0.017,-0.231,0.003,0.0,0.0,-0.17500000000000002,0.0,0.0,-0.0049,0.0,0.0,0.0,25019.0,0.0,-0.17500000000000002
390651679,2,0,0.022,-0.231,0.009000000000000001,0.0,0.0,-0.17500000000000002,0.0,0.0,-0.0055000000000000005,0.0,0.0,0.0,0.0,0.0,-0.17500000000000002
390656684,2,0,0.013000000000000001,-0.21,0.011,0.0,0.0,-0.17500000000000002,0.0,0.0,-0.0067,0.0,0.0,0.0,5005.0,0.0,-0.17500000000000002
390658766,2,0,0.007,-0.201,0.008,0.0,0.0,-0.17500000000000002,0.0,0.0,-0.0071,0.0,0.0,0.0,7087.0,0.0,-0.17500000000000002
390663652,2,0,0.004,-0.182,0.008,0.0,0.0,-0.17500000000000002,0.0,0.0,-0.0081,0.0,0.0,0.0,11973.0,0.0,-0.17500000000000002
390667654,2,0,0.013000000000000001,-0.177,0.008,0.0,0.0,-0.17500000000000002,0.0,0.0,-0.0088,0.0,0.0,0.0,15975.0,0.0,-0.17500000000000002
390671737,2,0,0.016,-0.154,0.005,0.0,0.0,-0.17500000000000002,0.0,0.0,-0.009600000000000001,0.0,0.0,0.0,20058.0,0.0,-0.17500000000000002
390676694,2,0,0.01,-0.14200000000000002,0.006,0.0,0.0,-0.17500000000000002,0.0,0.0,-0.010400000000000001,0.0,0.0,0.0,25015.0,0.0,-0.17500000000000002
390681574,2,0,0.004,-0.138,-0.003,0.0,0.0,-0.17500000000000002,0.0,0.0,-0.011000000000000001,0.0,0.0,0.0,0.0,0.0,-0.17500000000000002
390683666,2,0,0.017,-0.132,-0.011,0.0,0.0,-0.17500000000000002,0.0,0.0,-0.0114,0.0,0.0,0.0,2092.0,0.0,-0.17500000000000002
390688704,2,0,0.015,-0.146,-0.008,0.0,0.0,-0.17500000000000002,0.0,0.0,-0.012100000000000001,0.0,0.0,0.0,7130.0,0.0,-0.17500000000000002
390691573,2,0,0.007,-0.14200000000000002,-0.008,0.0,0.0,-0.17500000000000002,0.0,0.0,-0.012400000000000001,0.0,0.0,0.0,9999.0,0.0,-0.17500000000000002
390695673,2,0,-0.003,-0.134,-0.019,0.0,0.0,-0.17500000000000002,0.0,0.0,-0.0131,0.0,0.0,0.0,14099.0,0.0,-0.17500000000000002
390699677,2,0,-0.012,-0.127,-0.005,0.0,0.0,-0.17500000000000002,0.0,0.0,-0.0135,0.0,0.0,0.0,18103.0,0.0,-0.17500000000000002
390704713,2,0,-0.004,-0.127,-0.003,0.0,0.0,-0.17500000000000002,0.0,0.0,-0.013900000000000001,0.0,0.0,0.0,23139.0,0.0,-0.17500000000000002
390706762,2,0,-0.003,-0.121,0.001,0.0,0.0,-0.17500000000000002,0.0,0.0,-0.014100000000000001,0.0,0.0,0.0,0.0,0.0,-0.17500000000000002
390711574,2,0,-0.001,-0.111,0.013000000000000001,0.0,0.0,-0.17500000000000002,0.0,0.0,-0.0143,0.0,0.0,0.0,4812.0,0.0,-0.17500000000000002
390715677,2,0,-0.01,-0.107,0.009000000000000001,0.0,0.0,-0.17500000000000002,0.0,0.0,-0.0146,0.0,0.0,0.0,8915.0,0.0,-0.17500000000000002
390720683,2,0,-0.005,-0.093,0.002,0.0,0.0,-0.17500000000000002,0.0,0.0,-0.0148,0.0,0.0,0.0,13921.0,0.0,-0.17500000000000002
390722728,2,0,-0.005,-0.093,0.006,0.0,0.0,-0.17500000000000002,0.0,0.0,-0.0149,0.0,0.0,0.0,15966.0,0.0,-0.17500000000000002
390726767,2,0,-0.001,-0.082,0.013000000000000001,0.0,0.0,-0.17500000000000002,0.0,0.0,-0.015000000000000001,0.0,0.0,0.0,20005.0,0.0,-0.17500000000000002
390731574,2,0,-0.009000000000000001,-0.063,0.005,0.0,0.0,-0.17500000000000002,0.0,0.0,-0.0151,0.0,0.0,0.0,24812.0,0.0,-0.17500000000000002
390735736,2,0,-0.013000000000000001,-0.057,-0.001,0.0,0.0,-0.17500000000000002,0.0,0.0,-0.0152,0.0,0.0,0.0,0.0,0.0,-0.17500000000000002
390740574,2,0,-0.016,-0.043000000000000003,0.002,0.0,0.0,-0.17270000000000002,0.0,0.0,-0.015300000000000001,0.0,0.0,0.0,4838.0,0.0,-0.17270000000000002
390744574,2,0,-0.004,-0.032,-0.002,0.0,0.0,-0.1633,0.0,0.0,-0.0154,0.0,0.0,0.0,8838.0,0.0,-0.1633
390746785,2,0,-0.003,-0.03,-0.006,0.0,0.0,-0.1587,0.0,0.0,-0.0155,0.0,0.0,0.0,11049.0,0.0,-0.1587
390751574,2,0,-0.011,-0.03,-0.005,0.0,0.0,-0.14700000000000002,0.0,0.0,-0.015700000000000002,0.0,0.0,0.0,15838.0,0.0,-0.14700000000000002
390755574,2,0,-0.009000000000000001,-0.028,-0.01,0.0,0.0,-0.13770000000000002,0.0,0.0,-0.0159,0.0,0.0,0.0,19838.0,0.0,-0.13770000000000002
390760747,2,0,0.002,-0.022,-0.011,0.0,0.0,-0.126,0.0,0.0,-0.016300000000000002,0.0,0.0,0.0,25011.0,0.0,-0.126
390762752,2,0,0.001,-0.018000000000000002,-0.005,0.0,0.0,-0.1213,0.0,0.0,-0.0165,0.0,0.0,0.0,0.0,0.0,-0.1213
390767759,2,0,-0.006,-0.004,-0.005,0.0,0.0,-0.1097,0.0,0.0,-0.0167,0.0,0.0,0.0,5007.0,0.0,-0.1097
390771807,2,0,-0.005,0.004,-0.002,0.0,0.0,-0.1003,0.0,0.0,-0.016800000000000002,0.0,0.0,0.0,9055.0,0.0,-0.1003
390776578,2,0,-0.001,0.013000000000000001,0.005,0.0,0.0,-0.0887,0.0,0.0,-0.016800000000000002,0.0,0.0,0.0,13826.0,0.0,-0.0887
390778764,2,0,0.005,0.022,0.01,0.0,0.0,-0.084,0.0,0.0,-0.016800000000000002,0.0,0.0,0.0,16012.0,0.0,-0.084
390783766,2,0,0.006,0.027,0.007,0.0,0.0,-0.0723,0.0,0.0,-0.016800000000000002,0.0,0.0,0.0,21014.0,0.0,-0.0723
390788573,2,0,0.004,0.024,0.003,0.0,0.0,-0.060700000000000004,0.0,0.0,-0.0167,0.0,0.0,0.0,25821.0,0.0,-0.060700000000000004
390792574,2,0,0.004,0.028,-0.003,0.0,0.0,-0.051300000000000005,0.0,0.0,-0.0167,0.0,0.0,0.0,0.0,0.0,-0.051300000000000005
390794817,2,0,0.003,0.033,-0.008,0.0,0.0,-0.046700000000000005,0.0,0.0,-0.0166,0.0,0.0,0.0,2243.0,0.0,-0.046700000000000005
390799536,2,0,0.011,0.037,-0.008,0.0,0.0,-0.035,0.0,0.0,-0.0165,0.0,0.0,0.0,6962.0,0.0,-0.035
390803786,2,0,0.009000000000000001,0.056,-0.01,0.0,0.0,-0.0257,0.0,0.0,-0.016,0.0,0.0,0.0,11212.0,0.0,-0.0257
390808713,2,0,0.0,0.084,-0.011,0.0,0.0,-0.014,0.0,0.0,-0.0155,0.0,0.0,0.0,16139.0,0.0,-0.014
390810784,2,0,0.002,0.109,-0.015,0.0,0.0,-0.009300000000000001,0.0,0.0,-0.0152,0.0,0.0,0.0,18210.0,0.0,-0.009300000000000001
390814786,2,0,0.018000000000000002,0.135,-0.011,0.0,0.0,0.0,0.0,0.0,-0.014700000000000001,0.0,0.0,0.0,22212.0,0.0,0.0
390818824,2,0,0.007,0.18,-0.003,0.0,0.0,0.009300000000000001,0.0,0.0,-0.014,0.0,0.0,0.0,0.0,0.0,0.009300000000000001
390823793,2,0,0.006,0.20700000000000002,-0.007,0.0,0.0,0.021,0.0,0.0,-0.0129,0.0,0.0,0.0,4969.0,0.0,0.021
390828574,2,0,0.002,0.219,-0.006,0.0,0.0,0.0327,0.0,0.0,-0.0119,0.0,0.0,0.0,9750.0,0.0,0.0327
390830802,2,0,0.011,0.222,0.004,0.0,0.0,0.0373,0.0,0.0,-0.0111,0.0,0.0,0.0,11978.0,0.0,0.0373
390834844,2,0,0.008,0.215,0.007,0.0,0.0,0.046700000000000005,0.0,0.0,-0.0103,0.0,0.0,0.0,16020.0,0.0,0.046700000000000005
390839538,2,0,-0.003,0.20400000000000001,0.004,0.0,0.0,0.058300000000000005,0.0,0.0,-0.0097,0.0,0.0,0.0,20714.0,0.0,0.058300000000000005
390843816,2,0,-0.006,0.179,0.004,0.0,0.0,0.06770000000000001,0.0,0.0,-0.0091,0.0,0.0,0.0,24992.0,0.0,0.06770000000000001
390848541,2,0,0.008,0.162,0.003,0.0,0.0,0.07930000000000001,0.0,0.0,-0.008700000000000001,0.0,0.0,0.0,0.0,0.0,0.07930000000000001
390852578,2,0,0.017,0.134,0.0,0.0,0.0,0.0887,0.0,0.0,-0.0083,0.0,0.0,0.0,4037.0,0.0,0.0887
390856852,2,0,0.012,0.151,-0.006,0.0,0.0,0.098,0.0,0.0,-0.0078000000000000005,0.0,0.0,0.0,8311.0,0.0,0.098
390858975,2,0,0.004,0.146,-0.004,0.0,0.0,0.1027,0.0,0.0,-0.007500000000000001,0.0,0.0,0.0,10434.0,0.0,0.1027
390863814,2,0,-0.001,0.149,-0.005,0.0,0.0,0.1143,0.0,0.0,-0.006900000000000001,0.0,0.0,0.0,15273.0,0.0,0.1143
390868812,2,0,0.013000000000000001,0.183,0.006,0.0,0.0,0.126,0.0,0.0,-0.0059,0.0,0.0,0.0,20271.0,0.0,0.126
390870813,2,0,0.009000000000000001,0.184,0.008,0.0,0.0,0.1307,0.0,0.0,-0.0055000000000000005,0.0,0.0,0.0,22272.0,0.0,0.1307
390875580,2,0,-0.001,0.19,0.008,0.0,0.0,0.1423,0.0,0.0,-0.0046,0.0,0.0,0.0,0.0,0.0,0.1423
390879813,2,0,-0.018000000000000002,0.20600000000000002,-0.003,0.0,0.0,0.1517,0.0,0.0,-0.0034000000000000002,0.0,0.0,0.0,4233.0,0.0,0.1517
390884541,2,0,0.003,0.20500000000000002,0.001,0.0,0.0,0.1633,0.0,0.0,-0.0026000000000000003,0.0,0.0,0.0,8961.0,0.0,0.1633
390888578,2,0,-0.001,0.20400000000000001,0.007,0.0,0.0,0.17270000000000002,0.0,0.0,-0.0018000000000000002,0.0,0.0,0.0,12998.0,0.0,0.17270000000000002
390890849,2,0,-0.009000000000000001,0.20400000000000001,-0.002,0.0,0.0,0.17500000000000002,0.0,0.0,-0.0012000000000000001,0.0,0.0,0.0,15269.0,0.0,0.17500000000000002
390895813,2,0,-0.017,0.181,-0.008,0.0,0.0,0.17500000000000002,0.0,0.0,-0.0002,0.0,0.0,0.0,20233.0,0.0,0.17500000000000002
390900535,2,0,-0.01,0.17400000000000002,-0.005,0.0,0.0,0.17500000000000002,0.0,0.0,0.0005,0.0,0.0,0.0,24955.0,0.0,0.17500000000000002
390904580,2,0,0.0,0.177,-0.01,0.0,0.0,0.17500000000000002,0.0,0.0,0.0013000000000000002,0.0,0.0,0.0,0.0,0.0,0.17500000000000002
390906821,2,0,-0.002,0.17400000000000002,-0.005,0.0,0.0,0.17500000000000002,0.0,0.0,0.0019,0.0,0.0,0.0,2241.0,0.0,0.17500000000000002
390911534,2,0,-0.012,0.17300000000000001,-0.007,0.0,0.0,0.17500000000000002,0.0,0.0,0.0027,0.0,0.0,0.0,6954.0,0.0,0.17500000000000002
390915821,2,0,-0.007,0.17200000000000001,-0.004,0.0,0.0,0.17500000000000002,0.0,0.0,0.0037,0.0,0.0,0.0,11241.0,0.0,0.17500000000000002
390919822,2,0,0.003,0.168,-0.004,0.0,0.0,0.17500000000000002,0.0,0.0,0.0045000000000000005,0.0,0.0,0.0,15242.0,0.0,0.17500000000000002
390924579,2,0,0.007,0.156,-0.002,0.0,0.0,0.17500000000000002,0.0,0.0,0.0053,0.0,0.0,0.0,19999.0,0.0,0.17500000000000002
390926876,2,0,0.007,0.156,0.003,0.0,0.0,0.17500000000000002,0.0,0.0,0.0058000000000000005,0.0,0.0,0.0,22296.0,0.0,0.17500000000000002
390931878,2,0,-0.004,0.14300000000000002,0.0,0.0,0.0,0.17500000000000002,0.0,0.0,0.006500000000000001,0.0,0.0,0.0,0.0,0.0,0.17500000000000002
390936883,2,0,0.001,0.132,0.002,0.0,0.0,0.17500000000000002,0.0,0.0,0.007200000000000001,0.0,0.0,0.0,5005.0,0.0,0.17500000000000002
390939534,2,0,0.006,0.125,0.006,0.0,0.0,0.17500000000000002,0.0,0.0,0.0074,0.0,0.0,0.0,7656.0,0.0,0.17500000000000002
390943804,2,0,0.002,0.106,0.009000000000000001,0.0,0.0,0.17500000000000002,0.0,0.0,0.0079,0.0,0.0,0.0,11926.0,0.0,0.17500000000000002
390947843,2,0,0.0,0.094,-0.002,0.0,0.0,0.17500000000000002,0.0,0.0,0.0083,0.0,0.0,0.0,15965.0,0.0,0.17500000000000002
390952572,2,0,0.0,0.084,-0.002,0.0,0.0,0.17500000000000002,0.0,0.0,0.0086,0.0,0.0,0.0,20694.0,0.0,0.17500000000000002
390954818,2,0,0.003,0.083,0.003,0.0,0.0,0.17500000000000002,0.0,0.0,0.008700000000000001,0.0,0.0,0.0,22940.0,0.0,0.17500000000000002
390959852,2,0,0.011,0.076,-0.006,0.0,0.0,0.17500000000000002,0.0,0.0,0.0091,0.0,0.0,0.0,0.0,0.0,0.17500000000000002
390964572,2,0,0.014,0.069,-0.005,0.0,0.0,0.17500000000000002,0.0,0.0,0.0094,0.0,0.0,0.0,4720.0,0.0,0.17500000000000002
390966904,2,0,0.015,0.061,0.0,0.0,0.0,0.17500000000000002,0.0,0.0,0.009600000000000001,0.0,0.0,0.0,7052.0,0.0,0.17500000000000002
390971534,2,0,0.01,0.069,-0.007,0.0,0.0,0.17500000000000002,0.0,0.0,0.0099,0.0,0.0,0.0,11682.0,0.0,0.17500000000000002
390975537,2,0,0.004,0.059000000000000004,-0.005,0.0,0.0,0.17500000000000002,0.0,0.0,0.010100000000000001,0.0,0.0,0.0,15685.0,0.0,0.17500000000000002
390979830,2,0,0.013000000000000001,0.052000000000000005,0.009000000000000001,0.0,0.0,0.17500000000000002,0.0,0.0,0.0103,0.0,0.0,0.0,19978.0,0.0,0.17500000000000002
390984534,2,0,0.014,0.039,-0.003,0.0,0.0,0.17500000000000002,0.0,0.0,0.010400000000000001,0.0,0.0,0.0,24682.0,0.0,0.17500000000000002
390988535,2,0,0.005,0.023,0.0,0.0,0.0,0.17500000000000002,0.0,0.0,0.0105,0.0,0.0,0.0,0.0,0.0,0.17500000000000002
390990839,2,0,0.0,0.01,0.007,0.0,0.0,0.17270000000000002,0.0,0.0,0.0105,0.0,0.0,0.0,2304.0,0.0,0.17270000000000002
390994878,2,0,0.009000000000000001,-0.004,0.004,0.0,0.0,0.1633,0.0,0.0,0.0105,0.0,0.0,0.0,6343.0,0.0,0.1633
390999533,2,0,0.016,-0.012,-0.005,0.0,0.0,0.1517,0.0,0.0,0.010400000000000001,0.0,0.0,0.0,10998.0,0.0,0.1517
391003535,2,0,0.015,-0.017,0.002,0.0,0.0,0.1423,0.0,0.0,0.010400000000000001,0.0,0.0,0.0,15000.0,0.0,0.1423
391008682,2,0,0.0,-0.014,0.0,0.0,0.0,0.1307,0.0,0.0,0.0105,0.0,0.0,0.0,20147.0,0.0,0.1307
391010852,2,0,0.009000000000000001,-0.018000000000000002,-0.002,0.0,0.0,0.126,0.0,0.0,0.0105,0.0,0.0,0.0,22317.0,0.0,0.126
391014891,2,0,0.004,-0.021,0.004,0.0,0.0,0.11670000000000001,0.0,0.0,0.0106,0.0,0.0,0.0,0.0,0.0,0.11670000000000001
391019535,2,0,-0.001,-0.019,0.0,0.0,0.0,0.10500000000000001,0.0,0.0,0.010700000000000001,0.0,0.0,0.0,4644.0,0.0,0.10500000000000001
391023571,2,0,-0.004,-0.023,-0.003,0.0,0.0,0.09570000000000001,0.0,0.0,0.010700000000000001,0.0,0.0,0.0,8680.0,0.0,0.09570000000000001
391027865,2,0,0.002,-0.029,0.005,0.0,0.0,0.0863,0.0,0.0,0.0106,0.0,0.0,0.0,12974.0,0.0,0.0863
391031952,2,0,0.001,-0.03,0.007,0.0,0.0,0.077,0.0,0.0,0.0105,0.0,0.0,0.0,17061.0,0.0,0.077
391036535,2,0,0.002,-0.037,0.004,0.0,0.0,0.0653,0.0,0.0,0.010400000000000001,0.0,0.0,0.0,21644.0,0.0,0.0653
391040570,2,0,-0.003,-0.044,0.003,0.0,0.0,0.056,0.0,0.0,0.0103,0.0,0.0,0.0,25679.0,0.0,0.056
391042913,2,0,-0.008,-0.036000000000000004,0.005,0.0,0.0,0.051300000000000005,0.0,0.0,0.010100000000000001,0.0,0.0,0.0,0.0,0.0,0.051300000000000005
391046960,2,0,-0.003,-0.038,0.004,0.0,0.0,0.042,0.0,0.0,0.01,0.0,0.0,0.0,4047.0,0.0,0.042
391051570,2,0,-0.006,-0.055,-0.001,0.0,0.0,0.0303,0.0,0.0,0.0098,0.0,0.0,0.0,8657.0,0.0,0.0303
391055921,2,0,-0.004,-0.07,0.0,0.0,0.0,0.021,0.0,0.0,0.0094,0.0,0.0,0.0,13008.0,0.0,0.021
391060885,2,0,0.0,-0.094,0.003,0.0,0.0,0.009300000000000001,0.0,0.0,0.008700000000000001,0.0,0.0,0.0,17972.0,0.0,0.009300000000000001
391062928,2,0,-0.002,-0.111,0.0,0.0,0.0,0.0047,0.0,0.0,0.008400000000000001,0.0,0.0,0.0,20015.0,0.0,0.0047
391067893,2,0,-0.004,-0.148,-0.004,0.0,0.0,-0.007,0.0,0.0,0.0074,0.0,0.0,0.0,24980.0,0.0,-0.007
391071979,2,0,-0.004,-0.179,-0.007,0.0,0.0,-0.016300000000000002,0.0,0.0,0.006500000000000001,0.0,0.0,0.0,0.0,0.0,-0.016300000000000002
391076535,2,0,-0.012,-0.196,0.0,0.0,0.0,-0.028,0.0,0.0,0.0056,0.0,0.0,0.0,4556.0,0.0,-0.028
391078937,2,0,-0.01,-0.203,-0.001,0.0,0.0,-0.0327,0.0,0.0,0.0049,0.0,0.0,0.0,6958.0,0.0,-0.0327
391083944,2,0,-0.018000000000000002,-0.20800000000000002,0.01,0.0,0.0,-0.0443,0.0,0.0,0.004,0.0,0.0,0.0,11965.0,0.0,-0.0443
391088534,2,0,-0.019,-0.20600000000000002,0.01,0.0,0.0,-0.056,0.0,0.0,0.0034000000000000002,0.0,0.0,0.0,16555.0,0.0,-0.056
391092948,2,0,-0.004,-0.191,0.016,0.0,0.0,-0.0653,0.0,0.0,0.0027,0.0,0.0,0.0,20969.0,0.0,-0.0653
391094950,2,0,-0.001,-0.187,0.016,0.0,0.0,-0.07,0.0,0.0,0.0023,0.0,0.0,0.0,22971.0,0.0,-0.07
391099532,2,0,0.0,-0.17400000000000002,0.011,0.0,0.0,-0.08170000000000001,0.0,0.0,0.0019,0.0,0.0,0.0,0.0,0.0,-0.08170000000000001
391103534,2,0,-0.007,-0.16,0.004,0.0,0.0,-0.091,0.0,0.0,0.0015,0.0,0.0,0.0,4002.0,0.0,-0.091
391108677,2,0,-0.001,-0.171,-0.003,0.0,0.0,-0.1027,0.0,0.0,0.0009000000000000001,0.0,0.0,0.0,9145.0,0.0,-0.1027
391110925,2,0,0.008,-0.17400000000000002,-0.007,0.0,0.0,-0.1073,0.0,0.0,0.0005,0.0,0.0,0.0,11393.0,0.0,-0.1073
391114963,2,0,0.009000000000000001,-0.178,-0.004,0.0,0.0,-0.11670000000000001,0.0,0.0,-0.0002,0.0,0.0,0.0,15431.0,0.0,-0.11670000000000001
391119932,2,0,0.0,-0.201,-0.005,0.0,0.0,-0.1283,0.0,0.0,-0.0012000000000000001,0.0,0.0,0.0,20400.0,0.0,-0.1283
391124570,2,0,-0.002,-0.20600000000000002,-0.009000000000000001,0.0,0.0,-0.14,0.0,0.0,-0.0021000000000000003,0.0,0.0,0.0,25038.0,0.0,-0.14
391128938,2,0,0.013000000000000001,-0.219,-0.002,0.0,0.0,-0.14930000000000002,0.0,0.0,-0.0032,0.0,0.0,0.0,0.0,0.0,-0.14930000000000002
391130940,2,0,0.01,-0.222,0.002,0.0,0.0,-0.154,0.0,0.0,-0.0037,0.0,0.0,0.0,2002.0,0.0,-0.154
391134978,2,0,0.008,-0.221,-0.005,0.0,0.0,-0.1633,0.0,0.0,-0.0046,0.0,0.0,0.0,6040.0,0.0,-0.1633
391139568,2,0,-0.002,-0.226,0.0,0.0,0.0,-0.17500000000000002,0.0,0.0,-0.0055000000000000005,0.0,0.0,0.0,10630.0,0.0,-0.17500000000000002
391143986,2,0,0.005,-0.219,0.003,0.0,0.0,-0.17500000000000002,0.0,0.0,-0.0067,0.0,0.0,0.0,15048.0,0.0,-0.17500000000000002
391148534,2,0,0.014,-0.20800000000000002,0.008,0.0,0.0,-0.17500000000000002,0.0,0.0,-0.0076,0.0,0.0,0.0,19596.0,0.0,-0.17500000000000002
391152956,2,0,0.012,-0.20400000000000001,0.016,0.0,0.0,-0.17500000000000002,0.0,0.0,-0.008700000000000001,0.0,0.0,0.0,24018.0,0.0,-0.17500000000000002
391154994,2,0,0.012,-0.197,0.013000000000000001,0.0,0.0,-0.17500000000000002,0.0,0.0,-0.0091,0.0,0.0,0.0,0.0,0.0,-0.17500000000000002
391159533,2,0,0.01,-0.183,0.003,0.0,0.0,-0.17500000000000002,0.0,0.0,-0.0098,0.0,0.0,0.0,4539.0,0.0,-0.17500000000000002
391164568,2,0,0.002,-0.168,0.008,0.0,0.0,-0.17500000000000002,0.0,0.0,-0.010700000000000001,0.0,0.0,0.0,9574.0,0.0,-0.17500000000000002
391169003,2,0,0.002,-0.163,-0.001,0.0,0.0,-0.17500000000000002,0.0,0.0,-0.0115,0.0,0.0,0.0,14009.0,0.0,-0.17500000000000002
391171004,2,0,0.0,-0.148,-0.005,0.0,0.0,-0.17500000000000002,0.0,0.0,-0.0118,0.0,0.0,0.0,16010.0,0.0,-0.17500000000000002
391175568,2,0,-0.001,-0.145,-0.004,0.0,0.0,-0.17500000000000002,0.0,0.0,-0.012400000000000001,0.0,0.0,0.0,20574.0,0.0,-0.17500000000000002
391180012,2,0,-0.003,-0.14300000000000002,-0.009000000000000001,0.0,0.0,-0.17500000000000002,0.0,0.0,-0.0132,0.0,0.0,0.0,25018.0,0.0,-0.17500000000000002
391184533,2,0,0.008,-0.14,-0.01,0.0,0.0,-0.17500000000000002,0.0,0.0,-0.0137,0.0,0.0,0.0,0.0,0.0,-0.17500000000000002
391188974,2,0,0.007,-0.147,-0.009000000000000001,0.0,0.0,-0.17500000000000002,0.0,0.0,-0.014400000000000001,0.0,0.0,0.0,4441.0,0.0,-0.17500000000000002
391191018,2,0,0.003,-0.139,-0.015,0.0,0.0,-0.17500000000000002,0.0,0.0,-0.014700000000000001,0.0,0.0,0.0,6485.0,0.0,-0.17500000000000002
391196022,2,0,-0.01,-0.126,-0.009000000000000001,0.0,0.0,-0.17500000000000002,0.0,0.0,-0.015300000000000001,0.0,0.0,0.0,11489.0,0.0,-0.17500000000000002
391200026,2,0,-0.008,-0.127,-0.002,0.0,0.0,-0.17500000000000002,0.0,0.0,-0.015700000000000002,0.0,0.0,0.0,15493.0,0.0,-0.17500000000000002
391204568,2,0,-0.003,-0.11900000000000001,0.001,0.0,0.0,-0.17500000000000002,0.0,0.0,-0.0161,0.0,0.0,0.0,20035.0,0.0,-0.17500000000000002
391208678,2,0,-0.005,-0.10200000000000001,0.009000000000000001,0.0,0.0,-0.17500000000000002,0.0,0.0,-0.016300000000000002,0.0,0.0,0.0,24145.0,0.0,-0.17500000000000002
391211034,2,0,-0.006,-0.10400000000000001,0.017,0.0,0.0,-0.17500000000000002,0.0,0.0,-0.0165,0.0,0.0,0.0,0.0,0.0,-0.17500000000000002
391216001,2,0,-0.012,-0.091,0.008,0.0,0.0,-0.17500000000000002,0.0,0.0,-0.016900000000000002,0.0,0.0,0.0,4967.0,0.0,-0.17500000000000002
391220004,2,0,0.0,-0.08,0.006,0.0,0.0,-0.17500000000000002,0.0,0.0,-0.0171,0.0,0.0,0.0,8970.0,0.0,-0.17500000000000002
391224532,2,0,0.002,-0.076,0.008,0.0,0.0,-0.17500000000000002,0.0,0.0,-0.0173,0.0,0.0,0.0,13498.0,0.0,-0.17500000000000002
391228533,2,0,-0.003,-0.057,0.002,0.0,0.0,-0.17500000000000002,0.0,0.0,-0.017400000000000002,0.0,0.0,0.0,17499.0,0.0,-0.17500000000000002
391233013,2,0,-0.009000000000000001,-0.051000000000000004,-0.01,0.0,0.0,-0.17500000000000002,0.0,0.0,-0.0175,0.0,0.0,0.0,21979.0,0.0,-0.17500000000000002
391235050,2,0,-0.016,-0.047,-0.01,0.0,0.0,-0.17500000000000002,0.0,0.0,-0.0176,0.0,0.0,0.0,24016.0,0.0,-0.17500000000000002
391239529,2,0,-0.011,-0.03,0.0,0.0,0.0,-0.17500000000000002,0.0,0.0,-0.0177,0.0,0.0,0.0,0.0,0.0,-0.17500000000000002
391244021,2,0,0.003,-0.015,-0.002,0.0,0.0,-0.16570000000000001,0.0,0.0,-0.0178,0.0,0.0,0.0,4492.0,0.0,-0.16570000000000001
391248532,2,0,0.0,-0.017,-0.003,0.0,0.0,-0.154,0.0,0.0,-0.0179,0.0,0.0,0.0,9003.0,0.0,-0.154
391253028,2,0,0.001,-0.012,-0.007,0.0,0.0,-0.1447,0.0,0.0,-0.018000000000000002,0.0,0.0,0.0,13499.0,0.0,-0.1447
391255029,2,0,0.006,-0.008,-0.009000000000000001,0.0,0.0,-0.14,0.0,0.0,-0.0181,0.0,0.0,0.0,15500.0,0.0,-0.14
391259531,2,0,0.009000000000000001,-0.005,-0.005,0.0,0.0,-0.1283,0.0,0.0,-0.0182,0.0,0.0,0.0,20002.0,0.0,-0.1283
391264567,2,0,0.005,0.012,-0.003,0.0,0.0,-0.11670000000000001,0.0,0.0,-0.0183,0.0,0.0,0.0,25038.0,0.0,-0.11670000000000001
391269075,2,0,0.002,0.015,-0.002,0.0,0.0,-0.1073,0.0,0.0,-0.0183,0.0,0.0,0.0,0.0,0.0,-0.1073
391271077,2,0,0.001,0.019,0.005,0.0,0.0,-0.1027,0.0,0.0,-0.0182,0.0,0.0,0.0,2002.0,0.0,-0.1027
391275569,2,0,0.01,0.028,0.006,0.0,0.0,-0.091,0.0,0.0,-0.0181,0.0,0.0,0.0,6494.0,0.0,-0.091
391280047,2,0,0.016,0.034,0.01,0.0,0.0,-0.08170000000000001,0.0,0.0,-0.018000000000000002,0.0,0.0,0.0,10972.0,0.0,-0.08170000000000001
391284531,2,0,0.007,0.031,0.002,0.0,0.0,-0.07,0.0,0.0,-0.0179,0.0,0.0,0.0,15456.0,0.0,-0.07
391289053,2,0,0.007,0.037,-0.002,0.0,0.0,-0.060700000000000004,0.0,0.0,-0.0178,0.0,0.0,0.0,19978.0,0.0,-0.060700000000000004
391291055,2,0,0.01,0.033,-0.005,0.0,0.0,-0.056,0.0,0.0,-0.0178,0.0,0.0,0.0,21980.0,0.0,-0.056
391295094,2,0,0.016,0.03,-0.004,0.0,0.0,-0.046700000000000005,0.0,0.0,-0.0176,0.0,0.0,0.0,0.0,0.0,-0.046700000000000005
391299567,2,0,0.019,0.046,-0.002,0.0,0.0,-0.035,0.0,0.0,-0.017400000000000002,0.0,0.0,0.0,4473.0,0.0,-0.035
391304567,2,0,-0.001,0.067,-0.007,0.0,0.0,-0.0233,0.0,0.0,-0.016800000000000002,0.0,0.0,0.0,9473.0,0.0,-0.0233
391308677,2,0,0.001,0.101,-0.01,0.0,0.0,-0.014,0.0,0.0,-0.0162,0.0,0.0,0.0,13583.0,0.0,-0.014
391311108,2,0,0.007,0.128,-0.01,0.0,0.0,-0.007,0.0,0.0,-0.0158,0.0,0.0,0.0,16014.0,0.0,-0.007
391315110,2,0,0.018000000000000002,0.156,-0.003,0.0,0.0,0.0023,0.0,0.0,-0.015300000000000001,0.0,0.0,0.0,20016.0,0.0,0.0023
391319528,2,0,0.002,0.199,0.001,0.0,0.0,0.0117,0.0,0.0,-0.0142,0.0,0.0,0.0,24434.0,0.0,0.0117
391323567,2,0,-0.004,0.20800000000000002,-0.007,0.0,0.0,0.021,0.0,0.0,-0.0131,0.0,0.0,0.0,0.0,0.0,0.021
391328083,2,0,0.004,0.227,0.003,0.0,0.0,0.0303,0.0,0.0,-0.0119,0.0,0.0,0.0,4516.0,0.0,0.0303
391332170,2,0,0.01,0.219,0.003,0.0,0.0,0.042,0.0,0.0,-0.0111,0.0,0.0,0.0,8603.0,0.0,0.042
391336532,2,0,-0.014,0.212,-0.002,0.0,0.0,0.051300000000000005,0.0,0.0,-0.010400000000000001,0.0,0.0,0.0,12965.0,0.0,0.051300000000000005
391340591,2,0,-0.013000000000000001,0.199,-0.003,0.0,0.0,0.060700000000000004,0.0,0.0,-0.0099,0.0,0.0,0.0,17024.0,0.0,0.060700000000000004
391343108,2,0,-0.013000000000000001,0.182,-0.001,0.0,0.0,0.06770000000000001,0.0,0.0,-0.009600000000000001,0.0,0.0,0.0,19541.0,0.0,0.06770000000000001
391347179,2,0,0.006,0.176,-0.001,0.0,0.0,0.077,0.0,0.0,-0.0091,0.0,0.0,0.0,23612.0,0.0,0.077
391351567,2,0,0.015,0.155,0.0,0.0,0.0,0.0863,0.0,0.0,-0.008700000000000001,0.0,0.0,0.0,0.0,0.0,0.0863
391356141,2,0,-0.002,0.17500000000000002,-0.009000000000000001,0.0,0.0,0.098,0.0,0.0,-0.008,0.0,0.0,0.0,4574.0,0.0,0.098
391361109,2,0,-0.007,0.179,-0.007,0.0,0.0,0.1097,0.0,0.0,-0.0071,0.0,0.0,0.0,9542.0,0.0,0.1097
391363112,2,0,0.003,0.186,-0.001,0.0,0.0,0.1143,0.0,0.0,-0.0067,0.0,0.0,0.0,11545.0,0.0,0.1143
391367196,2,0,0.012,0.21,0.002,0.0,0.0,0.1237,0.0,0.0,-0.0058000000000000005,0.0,0.0,0.0,15629.0,0.0,0.1237
391372162,2,0,-0.006,0.227,0.002,0.0,0.0,0.1353,0.0,0.0,-0.0045000000000000005,0.0,0.0,0.0,20595.0,0.0,0.1353
391376567,2,0,-0.014,0.229,0.001,0.0,0.0,0.1447,0.0,0.0,-0.0035,0.0,0.0,0.0,25000.0,0.0,0.1447
391379158,2,0,-0.016,0.231,0.005,0.0,0.0,0.1517,0.0,0.0,-0.0027,0.0,0.0,0.0,0.0,0.0,0.1517
391383162,2,0,0.004,0.227,0.003,0.0,0.0,0.161,0.0,0.0,-0.0018000000000000002,0.0,0.0,0.0,4004.0,0.0,0.161
391388126,2,0,-0.002,0.215,-0.002,0.0,0.0,0.17270000000000002,0.0,0.0,-0.0007,0.0,0.0,0.0,8968.0,0.0,0.17270000000000002
391392212,2,0,-0.015,0.201,-0.003,0.0,0.0,0.17500000000000002,0.0,0.0,0.0001,0.0,0.0,0.0,13054.0,0.0,0.17500000000000002
391396567,2,0,-0.013000000000000001,0.185,-0.009000000000000001,0.0,0.0,0.17500000000000002,0.0,0.0,0.001,0.0,0.0,0.0,17409.0,0.0,0.17500000000000002
391399143,2,0,-0.003,0.179,-0.011,0.0,0.0,0.17500000000000002,0.0,0.0,0.0016,0.0,0.0,0.0,19985.0,0.0,0.17500000000000002
391403566,2,0,0.0,0.17300000000000001,-0.005,0.0,0.0,0.17500000000000002,0.0,0.0,0.0024000000000000002,0.0,0.0,0.0,24408.0,0.0,0.17500000000000002
391408677,2,0,-0.014,0.17500000000000002,-0.005,0.0,0.0,0.17500000000000002,0.0,0.0,0.0034000000000000002,0.0,0.0,0.0,0.0,0.0,0.17500000000000002
391411179,2,0,-0.017,0.176,-0.006,0.0,0.0,0.17500000000000002,0.0,0.0,0.0041,0.0,0.0,0.0,2502.0,0.0,0.17500000000000002
391415565,2,0,0.0,0.17500000000000002,0.002,0.0,0.0,0.17500000000000002,0.0,0.0,0.005,0.0,0.0,0.0,6888.0,0.0,0.17500000000000002
391420152,2,0,0.008,0.18,-0.001,0.0,0.0,0.17500000000000002,0.0,0.0,0.0061,0.0,0.0,0.0,11475.0,0.0,0.17500000000000002
391424531,2,0,0.006,0.168,0.003,0.0,0.0,0.17500000000000002,0.0,0.0,0.006900000000000001,0.0,0.0,0.0,15854.0,0.0,0.17500000000000002
391428566,2,0,0.003,0.164,0.0,0.0,0.0,0.17500000000000002,0.0,0.0,0.0076,0.0,0.0,0.0,19889.0,0.0,0.17500000000000002
391433197,2,0,0.007,0.149,0.005,0.0,0.0,0.17500000000000002,0.0,0.0,0.0083,0.0,0.0,0.0,24520.0,0.0,0.17500000000000002
391435198,2,0,0.005,0.14200000000000002,0.003,0.0,0.0,0.17500000000000002,0.0,0.0,0.0085,0.0,0.0,0.0,0.0,0.0,0.17500000000000002
391440165,2,0,0.007,0.127,0.009000000000000001,0.0,0.0,0.17500000000000002,0.0,0.0,0.0091,0.0,0.0,0.0,4967.0,0.0,0.17500000000000002
391444565,2,0,0.003,0.116,0.009000000000000001,0.0,0.0,0.17500000000000002,0.0,0.0,0.0094,0.0,0.0,0.0,9367.0,0.0,0.17500000000000002
391449173,2,0,0.006,0.1,-0.002,0.0,0.0,0.17500000000000002,0.0,0.0,0.0098,0.0,0.0,0.0,13975.0,0.0,0.17500000000000002
391451566,2,0,0.006,0.094,-0.002,0.0,0.0,0.17500000000000002,0.0,0.0,0.01,0.0,0.0,0.0,16368.0,0.0,0.17500000000000002
391456566,2,0,0.008,0.097,0.002,0.0,0.0,0.17500000000000002,0.0,0.0,0.0103,0.0,0.0,0.0,21368.0,0.0,0.17500000000000002
391461217,2,0,0.018000000000000002,0.089,-0.006,0.0,0.0,0.17500000000000002,0.0,0.0,0.0108,0.0,0.0,0.0,26019.0,0.0,0.17500000000000002
391463221,2,0,0.02,0.085,-0.004,0.0,0.0,0.17500000000000002,0.0,0.0,0.0109,0.0,0.0,0.0,0.0,0.0,0.17500000000000002
391467565,2,0,0.017,0.09,-0.003,0.0,0.0,0.17500000000000002,0.0,0.0,0.011300000000000001,0.0,0.0,0.0,4344.0,0.0,0.17500000000000002
391472272,2,0,0.011,0.078,-0.007,0.0,0.0,0.17500000000000002,0.0,0.0,0.0117,0.0,0.0,0.0,9051.0,0.0,0.17500000000000002
391476531,2,0,0.012,0.079,0.005,0.0,0.0,0.17500000000000002,0.0,0.0,0.0119,0.0,0.0,0.0,13310.0,0.0,0.17500000000000002
391480589,2,0,0.006,0.065,0.009000000000000001,0.0,0.0,0.17500000000000002,0.0,0.0,0.012100000000000001,0.0,0.0,0.0,17368.0,0.0,0.17500000000000002
391483200,2,0,0.006,0.053,0.004,0.0,0.0,0.17500000000000002,0.0,0.0,0.0123,0.0,0.0,0.0,19979.0,0.0,0.17500000000000002
391487283,2,0,0.009000000000000001,0.035,0.002,0.0,0.0,0.17500000000000002,0.0,0.0,0.012400000000000001,0.0,0.0,0.0,24062.0,0.0,0.17500000000000002
391491565,2,0,0.001,0.015,0.002,0.0,0.0,0.1703,0.0,0.0,0.012400000000000001,0.0,0.0,0.0,0.0,0.0,0.1703
391496206,2,0,0.014,0.005,-0.001,0.0,0.0,0.1587,0.0,0.0,0.0125,0.0,0.0,0.0,4641.0,0.0,0.1587
391500256,2,0,0.015,-0.005,0.0,0.0,0.0,0.14930000000000002,0.0,0.0,0.0126,0.0,0.0,0.0,8691.0,0.0,0.14930000000000002
391504529,2,0,0.005,-0.006,-0.001,0.0,0.0,0.14,0.0,0.0,0.012700000000000001,0.0,0.0,0.0,12964.0,0.0,0.14
391508677,2,0,0.007,-0.012,-0.003,0.0,0.0,0.1307,0.0,0.0,0.0129,0.0,0.0,0.0,17112.0,0.0,0.1307
391511216,2,0,0.001,-0.014,-0.004,0.0,0.0,0.1237,0.0,0.0,0.013000000000000001,0.0,0.0,0.0,19651.0,0.0,0.1237
391515220,2,0,0.0,-0.015,0.001,0.0,0.0,0.1143,0.0,0.0,0.0131,0.0,0.0,0.0,23655.0,0.0,0.1143
391519528,2,0,0.001,-0.021,-0.001,0.0,0.0,0.10500000000000001,0.0,0.0,0.0132,0.0,0.0,0.0,0.0,0.0,0.10500000000000001
391524565,2,0,-0.006,-0.024,0.001,0.0,0.0,0.09330000000000001,0.0,0.0,0.0132,0.0,0.0,0.0,5037.0,0.0,0.09330000000000001
391529229,2,0,-0.014,-0.03,0.006,0.0,0.0,0.08170000000000001,0.0,0.0,0.0132,0.0,0.0,0.0,9701.0,0.0,0.08170000000000001
391531231,2,0,-0.006,-0.032,0.005,0.0,0.0,0.077,0.0,0.0,0.0131,0.0,0.0,0.0,11703.0,0.0,0.077
391536270,2,0,-0.005,-0.034,0.004,0.0,0.0,0.0653,0.0,0.0,0.013000000000000001,0.0,0.0,0.0,16742.0,0.0,0.0653
391540588,2,0,-0.008,-0.04,0.008,0.0,0.0,0.056,0.0,0.0,0.0129,0.0,0.0,0.0,21060.0,0.0,0.056
391543242,2,0,-0.009000000000000001,-0.037,0.002,0.0,0.0,0.049,0.0,0.0,0.012700000000000001,0.0,0.0,0.0,23714.0,0.0,0.049
391547324,2,0,-0.01,-0.038,0.001,0.0,0.0,0.0397,0.0,0.0,0.0126,0.0,0.0,0.0,0.0,0.0,0.0397
391551565,2,0,-0.002,-0.048,0.001,0.0,0.0,0.0303,0.0,0.0,0.012400000000000001,0.0,0.0,0.0,4241.0,0.0,0.0303
391556250,2,0,-0.01,-0.067,-0.005,0.0,0.0,0.0187,0.0,0.0,0.0119,0.0,0.0,0.0,8926.0,0.0,0.0187
391561289,2,0,-0.006,-0.084,0.0,0.0,0.0,0.007,0.0,0.0,0.0112,0.0,0.0,0.0,13965.0,0.0,0.007
391563565,2,0,-0.006,-0.096,0.0,0.0,0.0,0.0023,0.0,0.0,0.0109,0.0,0.0,0.0,16241.0,0.0,0.0023
391568258,2,0,-0.01,-0.136,-0.004,0.0,0.0,-0.009300000000000001,0.0,0.0,0.0099,0.0,0.0,0.0,20934.0,0.0,-0.009300000000000001
391572344,2,0,-0.003,-0.163,-0.009000000000000001,0.0,0.0,-0.0187,0.0,0.0,0.0091,0.0,0.0,0.0,25020.0,0.0,-0.0187
391577342,2,0,-0.008,-0.192,0.002,0.0,0.0,-0.0303,0.0,0.0,0.0079,0.0,0.0,0.0,0.0,0.0,-0.0303
391579526,2,0,-0.011,-0.194,0.005,0.0,0.0,-0.035,0.0,0.0,0.007500000000000001,0.0,0.0,0.0,2184.0,0.0,-0.035
391584270,2,0,-0.016,-0.201,0.006,0.0,0.0,-0.046700000000000005,0.0,0.0,0.006500000000000001,0.0,0.0,0.0,6928.0,0.0,-0.046700000000000005
391588307,2,0,-0.016,-0.20800000000000002,0.016,0.0,0.0,-0.056,0.0,0.0,0.0058000000000000005,0.0,0.0,0.0,10965.0,0.0,-0.056
391592320,2,0,0.001,-0.196,0.019,0.0,0.0,-0.0653,0.0,0.0,0.0053,0.0,0.0,0.0,14978.0,0.0,-0.0653
391596564,2,0,0.003,-0.188,0.019,0.0,0.0,-0.0747,0.0,0.0,0.0046,0.0,0.0,0.0,19222.0,0.0,-0.0747
391601318,2,0,-0.003,-0.178,0.006,0.0,0.0,-0.0863,0.0,0.0,0.0039000000000000003,0.0,0.0,0.0,23976.0,0.0,-0.0863
391603569,2,0,-0.008,-0.17300000000000001,0.004,0.0,0.0,-0.091,0.0,0.0,0.0037,0.0,0.0,0.0,0.0,0.0,-0.091
391608677,2,0,0.001,-0.18,-0.004,0.0,0.0,-0.1027,0.0,0.0,0.0031000000000000003,0.0,0.0,0.0,5108.0,0.0,-0.1027
391611287,2,0,0.017,-0.181,-0.003,0.0,0.0,-0.1097,0.0,0.0,0.0027,0.0,0.0,0.0,7718.0,0.0,-0.1097
391615290,2,0,0.016,-0.177,0.0,0.0,0.0,-0.11900000000000001,0.0,0.0,0.0021000000000000003,0.0,0.0,0.0,11721.0,0.0,-0.11900000000000001
391619526,2,0,0.011,-0.193,-0.001,0.0,0.0,-0.1283,0.0,0.0,0.0015,0.0,0.0,0.0,15957.0,0.0,-0.1283
391624296,2,0,0.001,-0.203,-0.008,0.0,0.0,-0.14,0.0,0.0,0.0006000000000000001,0.0,0.0,0.0,20727.0,0.0,-0.14
391628564,2,0,0.012,-0.214,-0.006,0.0,0.0,-0.14930000000000002,0.0,0.0,-0.00030000000000000003,0.0,0.0,0.0,24995.0,0.0,-0.14930000000000002
391631293,2,0,0.013000000000000001,-0.216,-0.004,0.0,0.0,-0.1563,0.0,0.0,-0.001,0.0,0.0,0.0,0.0,0.0,-0.1563
391635306,2,0,0.014,-0.219,-0.006,0.0,0.0,-0.16570000000000001,0.0,0.0,-0.0019,0.0,0.0,0.0,4013.0,0.0,-0.16570000000000001
391639526,2,0,0.005,-0.232,-0.002,0.0,0.0,-0.17500000000000002,0.0,0.0,-0.0029000000000000002,0.0,0.0,0.0,8233.0,0.0,-0.17500000000000002
391643565,2,0,0.016,-0.226,-0.001,0.0,0.0,-0.17500000000000002,0.0,0.0,-0.0039000000000000003,0.0,0.0,0.0,12272.0,0.0,-0.17500000000000002
391648351,2,0,0.017,-0.219,0.003,0.0,0.0,-0.17500000000000002,0.0,0.0,-0.0051,0.0,0.0,0.0,17058.0,0.0,-0.17500000000000002
391653316,2,0,0.012,-0.21,0.011,0.0,0.0,-0.17500000000000002,0.0,0.0,-0.006200000000000001,0.0,0.0,0.0,22023.0,0.0,-0.17500000000000002
391655318,2,0,0.01,-0.20400000000000001,0.011,0.0,0.0,-0.17500000000000002,0.0,0.0,-0.0067,0.0,0.0,0.0,24025.0,0.0,-0.17500000000000002
391659526,2,0,0.004,-0.189,0.002,0.0,0.0,-0.17500000000000002,0.0,0.0,-0.007500000000000001,0.0,0.0,0.0,0.0,0.0,-0.17500000000000002
391664327,2,0,0.001,-0.17,0.008,0.0,0.0,-0.17500000000000002,0.0,0.0,-0.008400000000000001,0.0,0.0,0.0,4801.0,0.0,-0.17500000000000002
391668329,2,0,0.006,-0.166,0.005,0.0,0.0,-0.17500000000000002,0.0,0.0,-0.0091,0.0,0.0,0.0,8803.0,0.0,-0.17500000000000002
391672414,2,0,0.004,-0.138,0.003,0.0,0.0,-0.17500000000000002,0.0,0.0,-0.0097,0.0,0.0,0.0,12888.0,0.0,-0.17500000000000002
391676566,2,0,0.0,-0.138,0.005,0.0,0.0,-0.17500000000000002,0.0,0.0,-0.0103,0.0,0.0,0.0,17040.0,0.0,-0.17500000000000002
391679337,2,0,-0.007,-0.132,-0.004,0.0,0.0,-0.17500000000000002,0.0,0.0,-0.0108,0.0,0.0,0.0,19811.0,0.0,-0.17500000000000002
391683379,2,0,0.007,-0.123,-0.011,0.0,0.0,-0.17500000000000002,0.0,0.0,-0.011300000000000001,0.0,0.0,0.0,23853.0,0.0,-0.17500000000000002
391687565,2,0,0.012,-0.129,-0.006,0.0,0.0,-0.17500000000000002,0.0,0.0,-0.0118,0.0,0.0,0.0,0.0,0.0,-0.17500000000000002
391692427,2,0,-0.002,-0.124,-0.011,0.0,0.0,-0.17500000000000002,0.0,0.0,-0.0125,0.0,0.0,0.0,4862.0,0.0,-0.17500000000000002
391696526,2,0,-0.015,-0.114,-0.012,0.0,0.0,-0.17500000000000002,0.0,0.0,-0.013000000000000001,0.0,0.0,0.0,8961.0,0.0,-0.17500000000000002
391700566,2,0,-0.016,-0.11,-0.006,0.0,0.0,-0.17500000000000002,0.0,0.0,-0.013300000000000001,0.0,0.0,0.0,13001.0,0.0,-0.17500000000000002
391703393,2,0,-0.009000000000000001,-0.109,-0.002,0.0,0.0,-0.17500000000000002,0.0,0.0,-0.0135,0.0,0.0,0.0,15828.0,0.0,-0.17500000000000002
391707566,2,0,-0.007,-0.098,0.005,0.0,0.0,-0.17500000000000002,0.0,0.0,-0.013800000000000002,0.0,0.0,0.0,20001.0,0.0,-0.17500000000000002
391712405,2,0,-0.01,-0.097,0.013000000000000001,0.0,0.0,-0.17500000000000002,0.0,0.0,-0.014,0.0,0.0,0.0,24840.0,0.0,-0.17500000000000002
391717447,2,0,-0.009000000000000001,-0.082,0.001,0.0,0.0,-0.17500000000000002,0.0,0.0,-0.0142,0.0,0.0,0.0,0.0,0.0,-0.17500000000000002
391719527,2,0,-0.004,-0.077,0.004,0.0,0.0,-0.17500000000000002,0.0,0.0,-0.0143,0.0,0.0,0.0,2080.0,0.0,-0.17500000000000002
391724369,2,0,-0.001,-0.079,0.011,0.0,0.0,-0.17500000000000002,0.0,0.0,-0.0145,0.0,0.0,0.0,6922.0,0.0,-0.17500000000000002
391728564,2,0,-0.005,-0.063,0.009000000000000001,0.0,0.0,-0.17500000000000002,0.0,0.0,-0.0146,0.0,0.0,0.0,11117.0,0.0,-0.17500000000000002
391733411,2,0,-0.016,-0.058,-0.002,0.0,0.0,-0.17500000000000002,0.0,0.0,-0.014700000000000001,0.0,0.0,0.0,15964.0,0.0,-0.17500000000000002
391735415,2,0,-0.014,-0.053,0.0,0.0,0.0,-0.17500000000000002,0.0,0.0,-0.0148,0.0,0.0,0.0,17968.0,0.0,-0.17500000000000002
391739565,2,0,-0.005,-0.041,0.008,0.0,0.0,-0.17500000000000002,0.0,0.0,-0.0148,0.0,0.0,0.0,22118.0,0.0,-0.17500000000000002
391744527,2,0,-0.002,-0.036000000000000004,0.0,0.0,0.0,-0.1633,0.0,0.0,-0.015000000000000001,0.0,0.0,0.0,0.0,0.0,-0.1633
391749384,2,0,-0.002,-0.031,-0.003,0.0,0.0,-0.1517,0.0,0.0,-0.0152,0.0,0.0,0.0,4857.0,0.0,-0.1517
391751384,2,0,0.0,-0.026000000000000002,-0.008,0.0,0.0,-0.14700000000000002,0.0,0.0,-0.0152,0.0,0.0,0.0,6857.0,0.0,-0.14700000000000002
391755426,2,0,0.002,-0.022,-0.011,0.0,0.0,-0.13770000000000002,0.0,0.0,-0.0154,0.0,0.0,0.0,10899.0,0.0,-0.13770000000000002
391759805,2,0,0.008,-0.022,-0.009000000000000001,0.0,0.0,-0.1283,0.0,0.0,-0.015600000000000001,0.0,0.0,0.0,15278.0,0.0,-0.1283
391764565,2,0,0.008,-0.002,-0.001,0.0,0.0,-0.11670000000000001,0.0,0.0,-0.015700000000000002,0.0,0.0,0.0,20038.0,0.0,-0.11670000000000001
391767482,2,0,0.007,0.002,-0.006,0.0,0.0,-0.1097,0.0,0.0,-0.0158,0.0,0.0,0.0,22955.0,0.0,-0.1097
391771565,2,0,0.005,0.01,-0.004,0.0,0.0,-0.1003,0.0,0.0,-0.0158,0.0,0.0,0.0,0.0,0.0,-0.1003
391775565,2,0,0.012,0.021,0.005,0.0,0.0,-0.091,0.0,0.0,-0.0158,0.0,0.0,0.0,4000.0,0.0,-0.091
391780409,2,0,0.019,0.028,0.009000000000000001,0.0,0.0,-0.07930000000000001,0.0,0.0,-0.015700000000000002,0.0,0.0,0.0,8844.0,0.0,-0.07930000000000001
391784566,2,0,0.008,0.028,0.0,0.0,0.0,-0.07,0.0,0.0,-0.015700000000000002,0.0,0.0,0.0,13001.0,0.0,-0.07
391787459,2,0,0.007,0.027,0.002,0.0,0.0,-0.063,0.0,0.0,-0.015700000000000002,0.0,0.0,0.0,15894.0,0.0,-0.063
391792500,2,0,0.01,0.03,-0.001,0.0,0.0,-0.051300000000000005,0.0,0.0,-0.015600000000000001,0.0,0.0,0.0,20935.0,0.0,-0.051300000000000005
391797466,2,0,0.013000000000000001,0.04,-0.003,0.0,0.0,-0.0397,0.0,0.0,-0.0155,0.0,0.0,0.0,25901.0,0.0,-0.0397
391799565,2,0,0.013000000000000001,0.048,0.0,0.0,0.0,-0.035,0.0,0.0,-0.015300000000000001,0.0,0.0,0.0,0.0,0.0,-0.035
391804526,2,0,0.006,0.07,-0.009000000000000001,0.0,0.0,-0.0233,0.0,0.0,-0.0148,0.0,0.0,0.0,4961.0,0.0,-0.0233
391808678,2,0,0.008,0.105,-0.015,0.0,0.0,-0.014,0.0,0.0,-0.0142,0.0,0.0,0.0,9113.0,0.0,-0.014
391811429,2,0,0.008,0.134,-0.011,0.0,0.0,-0.007,0.0,0.0,-0.013800000000000002,0.0,0.0,0.0,11864.0,0.0,-0.007
391815565,2,0,0.015,0.163,-0.005,0.0,0.0,0.0023,0.0,0.0,-0.0132,0.0,0.0,0.0,16000.0,0.0,0.0023
391820475,2,0,0.002,0.219,-0.012,0.0,0.0,0.014,0.0,0.0,-0.0118,0.0,0.0,0.0,20910.0,0.0,0.014
391824566,2,0,0.002,0.218,-0.008,0.0,0.0,0.0233,0.0,0.0,-0.010700000000000001,0.0,0.0,0.0,25001.0,0.0,0.0233
391828566,2,0,0.002,0.23800000000000002,0.004,0.0,0.0,0.0327,0.0,0.0,-0.009600000000000001,0.0,0.0,0.0,0.0,0.0,0.0327
391831482,2,0,0.006,0.24,0.007,0.0,0.0,0.0397,0.0,0.0,-0.0089,0.0,0.0,0.0,2916.0,0.0,0.0397
391835565,2,0,-0.007,0.215,0.002,0.0,0.0,0.049,0.0,0.0,-0.0082,0.0,0.0,0.0,6999.0,0.0,0.049
391840451,2,0,-0.015,0.199,0.0,0.0,0.0,0.060700000000000004,0.0,0.0,-0.007500000000000001,0.0,0.0,0.0,11885.0,0.0,0.060700000000000004
391845454,2,0,0.0,0.18,0.0,0.0,0.0,0.0723,0.0,0.0,-0.006900000000000001,0.0,0.0,0.0,16888.0,0.0,0.0723
391847502,2,0,0.007,0.17,-0.007,0.0,0.0,0.077,0.0,0.0,-0.0067,0.0,0.0,0.0,18936.0,0.0,0.077
391852545,2,0,0.007,0.148,0.001,0.0,0.0,0.0887,0.0,0.0,-0.006200000000000001,0.0,0.0,0.0,23979.0,0.0,0.0887
391857510,2,0,0.001,0.159,-0.005,0.0,0.0,0.1003,0.0,0.0,-0.0054,0.0,0.0,0.0,0.0,0.0,0.1003
391859573,2,0,-0.002,0.156,-0.007,0.0,0.0,0.10500000000000001,0.0,0.0,-0.0053,0.0,0.0,0.0,2063.0,0.0,0.10500000000000001
391864516,2,0,0.006,0.178,0.002,0.0,0.0,0.11670000000000001,0.0,0.0,-0.0043,0.0,0.0,0.0,7006.0,0.0,0.11670000000000001
391867555,2,0,0.009000000000000001,0.194,0.003,0.0,0.0,0.1237,0.0,0.0,-0.0036000000000000003,0.0,0.0,0.0,10045.0,0.0,0.1237
391871565,2,0,0.004,0.196,0.004,0.0,0.0,0.133,0.0,0.0,-0.0026000000000000003,0.0,0.0,0.0,14055.0,0.0,0.133
391877600,2,0,-0.017,0.209,0.003,0.0,0.0,0.14700000000000002,0.0,0.0,-0.0012000000000000001,0.0,0.0,0.0,20090.0,0.0,0.14700000000000002
391880479,2,0,-0.014,0.20800000000000002,0.002,0.0,0.0,0.154,0.0,0.0,-0.0005,0.0,0.0,0.0,22969.0,0.0,0.154
391885611,2,0,0.004,0.202,-0.001,0.0,0.0,0.16570000000000001,0.0,0.0,0.00030000000000000003,0.0,0.0,0.0,0.0,0.0,0.16570000000000001
391888524,2,0,-0.002,0.2,0.0,0.0,0.0,0.17270000000000002,0.0,0.0,0.0011,0.0,0.0,0.0,2913.0,0.0,0.17270000000000002
391892576,2,0,-0.009000000000000001,0.192,0.0,0.0,0.0,0.17500000000000002,0.0,0.0,0.0019,0.0,0.0,0.0,6965.0,0.0,0.17500000000000002
391895531,2,0,-0.019,0.176,-0.009000000000000001,0.0,0.0,0.17500000000000002,0.0,0.0,0.0025,0.0,0.0,0.0,9920.0,0.0,0.17500000000000002
391900536,2,0,-0.007,0.17500000000000002,-0.008,0.0,0.0,0.17500000000000002,0.0,0.0,0.0034000000000000002,0.0,0.0,0.0,14925.0,0.0,0.17500000000000002
391905538,2,0,-0.002,0.171,-0.003,0.0,0.0,0.17500000000000002,0.0,0.0,0.0044,0.0,0.0,0.0,19927.0,0.0,0.17500000000000002
391907603,2,0,-0.003,0.176,-0.005,0.0,0.0,0.17500000000000002,0.0,0.0,0.0048000000000000004,0.0,0.0,0.0,21992.0,0.0,0.17500000000000002
391912588,2,0,-0.012,0.188,-0.005,0.0,0.0,0.17500000000000002,0.0,0.0,0.006,0.0,0.0,0.0,0.0,0.0,0.17500000000000002
391915544,2,0,-0.005,0.19,0.002,0.0,0.0,0.17500000000000002,0.0,0.0,0.0067,0.0,0.0,0.0,2956.0,0.0,0.17500000000000002
391920509,2,0,0.005,0.199,0.0,0.0,0.0,0.17500000000000002,0.0,0.0,0.0079,0.0,0.0,0.0,7921.0,0.0,0.17500000000000002
391925555,2,0,0.008,0.185,0.002,0.0,0.0,0.17500000000000002,0.0,0.0,0.0089,0.0,0.0,0.0,12967.0,0.0,0.17500000000000002
391927600,2,0,0.007,0.182,0.006,0.0,0.0,0.17500000000000002,0.0,0.0,0.0092,0.0,0.0,0.0,15012.0,0.0,0.17500000000000002
391932640,2,0,0.009000000000000001,0.168,0.0,0.0,0.0,0.17500000000000002,0.0,0.0,0.01,0.0,0.0,0.0,20052.0,0.0,0.17500000000000002
391935559,2,0,0.011,0.153,-0.002,0.0,0.0,0.17500000000000002,0.0,0.0,0.0103,0.0,0.0,0.0,22971.0,0.0,0.17500000000000002
391940562,2,0,0.004,0.131,0.006,0.0,0.0,0.17500000000000002,0.0,0.0,0.0108,0.0,0.0,0.0,0.0,0.0,0.17500000000000002
391945601,2,0,0.009000000000000001,0.111,-0.001,0.0,0.0,0.17500000000000002,0.0,0.0,0.0112,0.0,0.0,0.0,5039.0,0.0,0.17500000000000002
391947613,2,0,0.009000000000000001,0.1,-0.005,0.0,0.0,0.17500000000000002,0.0,0.0,0.0114,0.0,0.0,0.0,7051.0,0.0,0.17500000000000002
391952619,2,0,0.006,0.089,0.003,0.0,0.0,0.17500000000000002,0.0,0.0,0.0117,0.0,0.0,0.0,12057.0,0.0,0.17500000000000002
391955574,2,0,0.007,0.089,0.003,0.0,0.0,0.17500000000000002,0.0,0.0,0.012,0.0,0.0,0.0,15012.0,0.0,0.17500000000000002
391960576,2,0,0.024,0.082,-0.003,0.0,0.0,0.17500000000000002,0.0,0.0,0.012400000000000001,0.0,0.0,0.0,20014.0,0.0,0.17500000000000002
391965579,2,0,0.021,0.085,-0.004,0.0,0.0,0.17500000000000002,0.0,0.0,0.0129,0.0,0.0,0.0,25017.0,0.0,0.17500000000000002
391967628,2,0,0.02,0.08600000000000001,-0.005,0.0,0.0,0.17500000000000002,0.0,0.0,0.0132,0.0,0.0,0.0,0.0,0.0,0.17500000000000002
391972632,2,0,0.018000000000000002,0.07100000000000001,0.005,0.0,0.0,0.17500000000000002,0.0,0.0,0.013600000000000001,0.0,0.0,0.0,5004.0,0.0,0.17500000000000002
391975626,2,0,0.007,0.062,0.006,0.0,0.0,0.17500000000000002,0.0,0.0,0.013800000000000002,0.0,0.0,0.0,7998.0,0.0,0.17500000000000002
391980590,2,0,0.018000000000000002,0.044,0.006,0.0,0.0,0.17500000000000002,0.0,0.0,0.014,0.0,0.0,0.0,12962.0,0.0,0.17500000000000002
391982760,2,0,0.013000000000000001,0.032,0.01,0.0,0.0,0.17500000000000002,0.0,0.0,0.014100000000000001,0.0,0.0,0.0,15132.0,0.0,0.17500000000000002
391987680,2,0,0.008,0.004,0.001,0.0,0.0,0.17500000000000002,0.0,0.0,0.014100000000000001,0.0,0.0,0.0,20052.0,0.0,0.17500000000000002
391992648,2,0,0.01,-0.014,0.0,0.0,0.0,0.168,0.0,0.0,0.014,0.0,0.0,0.0,25020.0,0.0,0.168
391995602,2,0,0.018000000000000002,-0.024,0.005,0.0,0.0,0.161,0.0,0.0,0.014,0.0,0.0,0.0,0.0,0.0,0.161
392000608,2,0,0.009000000000000001,-0.025,-0.002,0.0,0.0,0.14930000000000002,0.0,0.0,0.014,0.0,0.0,0.0,5006.0,0.0,0.14930000000000002
392005609,2,0,0.016,-0.03,-0.006,0.0,0.0,0.13770000000000002,0.0,0.0,0.014100000000000001,0.0,0.0,0.0,10007.0,0.0,0.13770000000000002
392007658,2,0,0.008,-0.029,-0.005,0.0,0.0,0.133,0.0,0.0,0.0142,0.0,0.0,0.0,12056.0,0.0,0.133
392012661,2,0,0.004,-0.028,-0.002,0.0,0.0,0.1213,0.0,0.0,0.0142,0.0,0.0,0.0,17059.0,0.0,0.1213
392014731,2,0,0.005,-0.027,-0.002,0.0,0.0,0.11670000000000001,0.0,0.0,0.0142,0.0,0.0,0.0,19129.0,0.0,0.11670000000000001
392020619,2,0,-0.003,-0.04,0.0,0.0,0.0,0.1027,0.0,0.0,0.014100000000000001,0.0,0.0,0.0,25017.0,0.0,0.1027
392025627,2,0,-0.006,-0.038,0.008,0.0,0.0,0.091,0.0,0.0,0.014,0.0,0.0,0.0,0.0,0.0,0.091
392027673,2,0,-0.013000000000000001,-0.04,0.005,0.0,0.0,0.0863,0.0,0.0,0.013900000000000001,0.0,0.0,0.0,2046.0,0.0,0.0863
392032675,2,0,-0.009000000000000001,-0.037,0.01,0.0,0.0,0.0747,0.0,0.0,0.0137,0.0,0.0,0.0,7048.0,0.0,0.0747
392035667,2,0,-0.006,-0.041,0.015,0.0,0.0,0.06770000000000001,0.0,0.0,0.0135,0.0,0.0,0.0,10040.0,0.0,0.06770000000000001
392040633,2,0,-0.004,-0.04,-0.003,0.0,0.0,0.056,0.0,0.0,0.0132,0.0,0.0,0.0,15006.0,0.0,0.056
392045575,2,0,-0.009000000000000001,-0.04,0.002,0.0,0.0,0.0443,0.0,0.0,0.013000000000000001,0.0,0.0,0.0,19948.0,0.0,0.0443
392047676,2,0,-0.018000000000000002,-0.044,0.001,0.0,0.0,0.0397,0.0,0.0,0.0129,0.0,0.0,0.0,22049.0,0.0,0.0397
392052683,2,0,-0.011,-0.054,-0.008,0.0,0.0,0.028,0.0,0.0,0.0125,0.0,0.0,0.0,0.0,0.0,0.028
392055645,2,0,-0.014,-0.066,-0.004,0.0,0.0,0.021,0.0,0.0,0.0122,0.0,0.0,0.0,2962.0,0.0,0.021
392059766,2,0,-0.012,-0.081,0.002,0.0,0.0,0.0117,0.0,0.0,0.011600000000000001,0.0,0.0,0.0,7083.0,0.0,0.0117
392064650,2,0,-0.013000000000000001,-0.11800000000000001,-0.008,0.0,0.0,0.0,0.0,0.0,0.0108,0.0,0.0,0.0,11967.0,0.0,0.0
392069654,2,0,-0.012,-0.154,-0.005,0.0,0.0,-0.0117,0.0,0.0,0.0099,0.0,0.0,0.0,16971.0,0.0,-0.0117
392071693,2,0,-0.012,-0.169,-0.002,0.0,0.0,-0.016300000000000002,0.0,0.0,0.0094,0.0,0.0,0.0,19010.0,0.0,-0.016300000000000002
392076685,2,0,-0.017,-0.194,-0.001,0.0,0.0,-0.028,0.0,0.0,0.008400000000000001,0.0,0.0,0.0,24002.0,0.0,-0.028
392078926,2,0,-0.018000000000000002,-0.198,0.004,0.0,0.0,-0.0327,0.0,0.0,0.0079,0.0,0.0,0.0,0.0,0.0,-0.0327
392083668,2,0,-0.019,-0.2,0.012,0.0,0.0,-0.0443,0.0,0.0,0.007,0.0,0.0,0.0,4742.0,0.0,-0.0443
392088631,2,0,-0.022,-0.202,0.017,0.0,0.0,-0.056,0.0,0.0,0.0063,0.0,0.0,0.0,9705.0,0.0,-0.056
392092710,2,0,-0.008,-0.195,0.02,0.0,0.0,-0.0653,0.0,0.0,0.0055000000000000005,0.0,0.0,0.0,13784.0,0.0,-0.0653
392095673,2,0,0.003,-0.192,0.017,0.0,0.0,-0.0723,0.0,0.0,0.005,0.0,0.0,0.0,16747.0,0.0,-0.0723
392100679,2,0,-0.005,-0.177,0.006,0.0,0.0,-0.084,0.0,0.0,0.004200000000000001,0.0,0.0,0.0,21753.0,0.0,-0.084
392102723,2,0,-0.012,-0.17,0.004,0.0,0.0,-0.0887,0.0,0.0,0.004,0.0,0.0,0.0,23797.0,0.0,-0.0887
392107803,2,0,0.0,-0.189,0.0,0.0,0.0,-0.1003,0.0,0.0,0.0034000000000000002,0.0,0.0,0.0,0.0,0.0,-0.1003
392112574,2,0,0.012,-0.19,-0.005,0.0,0.0,-0.112,0.0,0.0,0.0028,0.0,0.0,0.0,4771.0,0.0,-0.112
392116749,2,0,0.007,-0.20500000000000002,-0.003,0.0,0.0,-0.1213,0.0,0.0,0.0019,0.0,0.0,0.0,8946.0,0.0,-0.1213
392119682,2,0,0.004,-0.219,-0.006,0.0,0.0,-0.1283,0.0,0.0,0.0013000000000000002,0.0,0.0,0.0,11879.0,0.0,-0.1283
392123731,2,0,0.003,-0.225,-0.01,0.0,0.0,-0.13770000000000002,0.0,0.0,0.0004,0.0,0.0,0.0,15928.0,0.0,-0.13770000000000002
392127810,2,0,0.016,-0.233,-0.009000000000000001,0.0,0.0,-0.14700000000000002,0.0,0.0,-0.0006000000000000001,0.0,0.0,0.0,20007.0,0.0,-0.14700000000000002
392132573,2,0,0.013000000000000001,-0.23500000000000001,-0.008,0.0,0.0,-0.1587,0.0,0.0,-0.0017000000000000001,0.0,0.0,0.0,24770.0,0.0,-0.1587
392136760,2,0,0.009000000000000001,-0.24,-0.001,0.0,0.0,-0.168,0.0,0.0,-0.0029000000000000002,0.0,0.0,0.0,0.0,0.0,-0.168
392139534,2,0,0.006,-0.241,0.001,0.0,0.0,-0.17500000000000002,0.0,0.0,-0.0034000000000000002,0.0,0.0,0.0,2774.0,0.0,-0.17500000000000002
392143708,2,0,0.022,-0.231,0.001,0.0,0.0,-0.17500000000000002,0.0,0.0,-0.0047,0.0,0.0,0.0,6948.0,0.0,-0.17500000000000002
392147823,2,0,0.027,-0.225,0.011,0.0,0.0,-0.17500000000000002,0.0,0.0,-0.0057,0.0,0.0,0.0,11063.0,0.0,-0.17500000000000002
392152573,2,0,0.021,-0.215,0.019,0.0,0.0,-0.17500000000000002,0.0,0.0,-0.0067,0.0,0.0,0.0,15813.0,0.0,-0.17500000000000002
392154748,2,0,0.015,-0.20500000000000002,0.016,0.0,0.0,-0.17500000000000002,0.0,0.0,-0.0074,0.0,0.0,0.0,17988.0,0.0,-0.17500000000000002
392159678,2,0,0.009000000000000001,-0.195,0.012,0.0,0.0,-0.17500000000000002,0.0,0.0,-0.0082,0.0,0.0,0.0,22918.0,0.0,-0.17500000000000002
392163758,2,0,0.008,-0.17500000000000002,0.01,0.0,0.0,-0.17500000000000002,0.0,0.0,-0.0091,0.0,0.0,0.0,0.0,0.0,-0.17500000000000002
392167842,2,0,0.011,-0.17500000000000002,-0.002,0.0,0.0,-0.17500000000000002,0.0,0.0,-0.0099,0.0,0.0,0.0,4084.0,0.0,-0.17500000000000002
392172536,2,0,0.003,-0.145,0.0,0.0,0.0,-0.17500000000000002,0.0,0.0,-0.0106,0.0,0.0,0.0,8778.0,0.0,-0.17500000000000002
392176791,2,0,-0.001,-0.149,-0.003,0.0,0.0,-0.17500000000000002,0.0,0.0,-0.0114,0.0,0.0,0.0,13033.0,0.0,-0.17500000000000002
392179573,2,0,0.003,-0.145,-0.006,0.0,0.0,-0.17500000000000002,0.0,0.0,-0.0117,0.0,0.0,0.0,15815.0,0.0,-0.17500000000000002
392183767,2,0,0.017,-0.135,-0.009000000000000001,0.0,0.0,-0.17500000000000002,0.0,0.0,-0.0123,0.0,0.0,0.0,20009.0,0.0,-0.17500000000000002
392188571,2,0,0.016,-0.14400000000000002,-0.007,0.0,0.0,-0.17500000000000002,0.0,0.0,-0.0129,0.0,0.0,0.0,24813.0,0.0,-0.17500000000000002
392192577,2,0,0.003,-0.127,-0.013000000000000001,0.0,0.0,-0.17500000000000002,0.0,0.0,-0.0134,0.0,0.0,0.0,0.0,0.0,-0.17500000000000002
392194816,2,0,-0.006,-0.121,-0.016,0.0,0.0,-0.17500000000000002,0.0,0.0,-0.0137,0.0,0.0,0.0,2239.0,0.0,-0.17500000000000002
392199573,2,0,-0.014,-0.117,-0.01,0.0,0.0,-0.17500000000000002,0.0,0.0,-0.014,0.0,0.0,0.0,6996.0,0.0,-0.17500000000000002
392203785,2,0,-0.009000000000000001,-0.109,-0.008,0.0,0.0,-0.17500000000000002,0.0,0.0,-0.014400000000000001,0.0,0.0,0.0,11208.0,0.0,-0.17500000000000002
392209684,2,0,-0.003,-0.101,0.01,0.0,0.0,-0.17500000000000002,0.0,0.0,-0.0146,0.0,0.0,0.0,17107.0,0.0,-0.17500000000000002
392211822,2,0,-0.014,-0.101,0.014,0.0,0.0,-0.17500000000000002,0.0,0.0,-0.0148,0.0,0.0,0.0,19245.0,0.0,-0.17500000000000002
392216844,2,0,-0.021,-0.089,0.009000000000000001,0.0,0.0,-0.17500000000000002,0.0,0.0,-0.015000000000000001,0.0,0.0,0.0,24267.0,0.0,-0.17500000000000002
392219572,2,0,-0.018000000000000002,-0.08700000000000001,0.007,0.0,0.0,-0.17500000000000002,0.0,0.0,-0.0152,0.0,0.0,0.0,0.0,0.0,-0.17500000000000002
392223797,2,0,-0.008,-0.084,0.017,0.0,0.0,-0.17500000000000002,0.0,0.0,-0.0154,0.0,0.0,0.0,4225.0,0.0,-0.17500000000000002
392227812,2,0,-0.01,-0.069,0.006,0.0,0.0,-0.17500000000000002,0.0,0.0,-0.015600000000000001,0.0,0.0,0.0,8240.0,0.0,-0.17500000000000002
392232576,2,0,-0.015,-0.065,-0.001,0.0,0.0,-0.17500000000000002,0.0,0.0,-0.015700000000000002,0.0,0.0,0.0,13004.0,0.0,-0.17500000000000002
392234843,2,0,-0.02,-0.06,0.001,0.0,0.0,-0.17500000000000002,0.0,0.0,-0.0158,0.0,0.0,0.0,15271.0,0.0,-0.17500000000000002
392239777,2,0,-0.017,-0.039,-0.002,0.0,0.0,-0.17500000000000002,0.0,0.0,-0.016,0.0,0.0,0.0,20205.0,0.0,-0.17500000000000002
392243815,2,0,-0.004,-0.033,0.002,0.0,0.0,-0.16570000000000001,0.0,0.0,-0.0161,0.0,0.0,0.0,24243.0,0.0,-0.16570000000000001
392248772,2,0,-0.006,-0.029,-0.004,0.0,0.0,-0.154,0.0,0.0,-0.016300000000000002,0.0,0.0,0.0,0.0,0.0,-0.154
392250817,2,0,-0.01,-0.025,-0.009000000000000001,0.0,0.0,-0.14930000000000002,0.0,0.0,-0.0164,0.0,0.0,0.0,2045.0,0.0,-0.14930000000000002
392255851,2,0,-0.004,-0.014,-0.014,0.0,0.0,-0.13770000000000002,0.0,0.0,-0.0166,0.0,0.0,0.0,7079.0,0.0,-0.13770000000000002
392260774,2,0,0.006,-0.011,-0.006,0.0,0.0,-0.126,0.0,0.0,-0.016800000000000002,0.0,0.0,0.0,12002.0,0.0,-0.126
392262814,2,0,0.002,-0.004,-0.007,0.0,0.0,-0.1213,0.0,0.0,-0.016900000000000002,0.0,0.0,0.0,14042.0,0.0,-0.1213
392267577,2,0,-0.005,0.0,-0.007,0.0,0.0,-0.1097,0.0,0.0,-0.017,0.0,0.0,0.0,18805.0,0.0,-0.1097
392271813,2,0,0.001,0.014,-0.001,0.0,0.0,-0.1003,0.0,0.0,-0.0171,0.0,0.0,0.0,23041.0,0.0,-0.1003
392275817,2,0,0.018000000000000002,0.024,0.009000000000000001,0.0,0.0,-0.091,0.0,0.0,-0.017,0.0,0.0,0.0,0.0,0.0,-0.091
392280576,2,0,0.018000000000000002,0.028,0.007,0.0,0.0,-0.07930000000000001,0.0,0.0,-0.017,0.0,0.0,0.0,4759.0,0.0,-0.07930000000000001
392282849,2,0,0.008,0.028,0.007,0.0,0.0,-0.0747,0.0,0.0,-0.016900000000000002,0.0,0.0,0.0,7032.0,0.0,-0.0747
392287814,2,0,0.011,0.03,0.0,0.0,0.0,-0.063,0.0,0.0,-0.016900000000000002,0.0,0.0,0.0,11997.0,0.0,-0.063
392291849,2,0,0.012,0.03,-0.002,0.0,0.0,-0.053700000000000005,0.0,0.0,-0.016800000000000002,0.0,0.0,0.0,16032.0,0.0,-0.053700000000000005
392296577,2,0,0.015,0.032,-0.003,0.0,0.0,-0.042,0.0,0.0,-0.0167,0.0,0.0,0.0,20760.0,0.0,-0.042
392298810,2,0,0.017,0.044,-0.001,0.0,0.0,-0.0373,0.0,0.0,-0.0165,0.0,0.0,0.0,22993.0,0.0,-0.0373
392302969,2,0,0.014,0.058,-0.01,0.0,0.0,-0.028,0.0,0.0,-0.016,0.0,0.0,0.0,0.0,0.0,-0.028
392307829,2,0,0.01,0.091,-0.013000000000000001,0.0,0.0,-0.016300000000000002,0.0,0.0,-0.0154,0.0,0.0,0.0,4860.0,0.0,-0.016300000000000002
392312571,2,0,0.018000000000000002,0.121,-0.007,0.0,0.0,-0.0047,0.0,0.0,-0.015000000000000001,0.0,0.0,0.0,9602.0,0.0,-0.0047
392316813,2,0,0.018000000000000002,0.163,-0.001,0.0,0.0,0.0047,0.0,0.0,-0.0142,0.0,0.0,0.0,13844.0,0.0,0.0047
392319577,2,0,0.011,0.183,0.0,0.0,0.0,0.0117,0.0,0.0,-0.013600000000000001,0.0,0.0,0.0,16608.0,0.0,0.0117
392323811,2,0,0.005,0.193,-0.007,0.0,0.0,0.021,0.0,0.0,-0.0123,0.0,0.0,0.0,20842.0,0.0,0.021
392327840,2,0,0.006,0.211,-0.002,0.0,0.0,0.0303,0.0,0.0,-0.011300000000000001,0.0,0.0,0.0,24871.0,0.0,0.0303
392332843,2,0,0.017,0.2,0.001,0.0,0.0,0.042,0.0,0.0,-0.0103,0.0,0.0,0.0,0.0,0.0,0.042
392334997,2,0,0.007,0.199,0.001,0.0,0.0,0.046700000000000005,0.0,0.0,-0.01,0.0,0.0,0.0,2154.0,0.0,0.046700000000000005
392339576,2,0,-0.005,0.189,0.0,0.0,0.0,0.058300000000000005,0.0,0.0,-0.0095,0.0,0.0,0.0,6733.0,0.0,0.058300000000000005
392343812,2,0,-0.002,0.164,0.001,0.0,0.0,0.06770000000000001,0.0,0.0,-0.0089,0.0,0.0,0.0,10969.0,0.0,0.06770000000000001
392348814,2,0,0.022,0.153,0.0,0.0,0.0,0.07930000000000001,0.0,0.0,-0.008400000000000001,0.0,0.0,0.0,15971.0,0.0,0.07930000000000001
392350817,2,0,0.02,0.14100000000000001,0.004,0.0,0.0,0.084,0.0,0.0,-0.0082,0.0,0.0,0.0,17974.0,0.0,0.084
392355570,2,0,0.005,0.15,0.002,0.0,0.0,0.09570000000000001,0.0,0.0,-0.0077,0.0,0.0,0.0,22727.0,0.0,0.09570000000000001
392359683,2,0,-0.005,0.157,-0.008,0.0,0.0,0.10500000000000001,0.0,0.0,-0.007200000000000001,0.0,0.0,0.0,0.0,0.0,0.10500000000000001
392363818,2,0,-0.002,0.176,-0.007,0.0,0.0,0.1143,0.0,0.0,-0.0064,0.0,0.0,0.0,4135.0,0.0,0.1143
392368575,2,0,0.013000000000000001,0.193,0.009000000000000001,0.0,0.0,0.126,0.0,0.0,-0.0055000000000000005,0.0,0.0,0.0,8892.0,0.0,0.126
392370824,2,0,0.004,0.202,0.006,0.0,0.0,0.1307,0.0,0.0,-0.0049,0.0,0.0,0.0,11141.0,0.0,0.1307
392375573,2,0,-0.008,0.20800000000000002,0.003,0.0,0.0,0.1423,0.0,0.0,-0.0039000000000000003,0.0,0.0,0.0,15890.0,0.0,0.1423
392380569,2,0,-0.019,0.213,0.004,0.0,0.0,0.154,0.0,0.0,-0.0028,0.0,0.0,0.0,20886.0,0.0,0.154
392384570,2,0,0.006,0.21,0.0,0.0,0.0,0.1633,0.0,0.0,-0.002,0.0,0.0,0.0,24887.0,0.0,0.1633
392388838,2,0,-0.008,0.2,-0.004,0.0,0.0,0.17270000000000002,0.0,0.0,-0.0011,0.0,0.0,0.0,0.0,0.0,0.17270000000000002
392390839,2,0,-0.012,0.198,-0.005,0.0,0.0,0.17500000000000002,0.0,0.0,-0.0007,0.0,0.0,0.0,2001.0,0.0,0.17500000000000002
392395570,2,0,-0.022,0.18,-0.011,0.0,0.0,0.17500000000000002,0.0,0.0,0.0001,0.0,0.0,0.0,6732.0,0.0,0.17500000000000002
392399846,2,0,-0.01,0.177,-0.009000000000000001,0.0,0.0,0.17500000000000002,0.0,0.0,0.0011,0.0,0.0,0.0,11008.0,0.0,0.17500000000000002
392404570,2,0,-0.004,0.17400000000000002,-0.006,0.0,0.0,0.17500000000000002,0.0,0.0,0.0019,0.0,0.0,0.0,15732.0,0.0,0.17500000000000002
392406850,2,0,-0.007,0.179,-0.006,0.0,0.0,0.17500000000000002,0.0,0.0,0.0026000000000000003,0.0,0.0,0.0,18012.0,0.0,0.17500000000000002
392411853,2,0,-0.019,0.183,-0.008,0.0,0.0,0.17500000000000002,0.0,0.0,0.0037,0.0,0.0,0.0,23015.0,0.0,0.17500000000000002
392415856,2,0,-0.009000000000000001,0.183,-0.002,0.0,0.0,0.17500000000000002,0.0,0.0,0.0047,0.0,0.0,0.0,0.0,0.0,0.17500000000000002
392420529,2,0,0.003,0.183,-0.002,0.0,0.0,0.17500000000000002,0.0,0.0,0.0056,0.0,0.0,0.0,4673.0,0.0,0.17500000000000002
392424571,2,0,0.007,0.169,0.001,0.0,0.0,0.17500000000000002,0.0,0.0,0.0064,0.0,0.0,0.0,8715.0,0.0,0.17500000000000002
392426861,2,0,0.007,0.168,0.001,0.0,0.0,0.17500000000000002,0.0,0.0,0.006900000000000001,0.0,0.0,0.0,11005.0,0.0,0.17500000000000002
392430982,2,0,-0.006,0.154,0.0,0.0,0.0,0.17500000000000002,0.0,0.0,0.007500000000000001,0.0,0.0,0.0,15126.0,0.0,0.17500000000000002
392435570,2,0,0.002,0.138,0.001,0.0,0.0,0.17500000000000002,0.0,0.0,0.008,0.0,0.0,0.0,19714.0,0.0,0.17500000000000002
392439570,2,0,0.006,0.122,0.0,0.0,0.0,0.17500000000000002,0.0,0.0,0.008400000000000001,0.0,0.0,0.0,23714.0,0.0,0.17500000000000002
392443571,2,0,0.003,0.105,0.006,0.0,0.0,0.17500000000000002,0.0,0.0,0.0088,0.0,0.0,0.0,0.0,0.0,0.17500000000000002
392447963,2,0,0.001,0.083,-0.001,0.0,0.0,0.17500000000000002,0.0,0.0,0.0092,0.0,0.0,0.0,4392.0,0.0,0.17500000000000002
392452569,2,0,0.004,0.079,0.0,0.0,0.0,0.17500000000000002,0.0,0.0,0.0094,0.0,0.0,0.0,8998.0,0.0,0.17500000000000002
392456888,2,0,0.01,0.077,0.002,0.0,0.0,0.17500000000000002,0.0,0.0,0.0097,0.0,0.0,0.0,13317.0,0.0,0.17500000000000002
392459683,2,0,0.015,0.078,-0.002,0.0,0.0,0.17500000000000002,0.0,0.0,0.0099,0.0,0.0,0.0,16112.0,0.0,0.17500000000000002
392464890,2,0,0.022,0.07,0.001,0.0,0.0,0.17500000000000002,0.0,0.0,0.010400000000000001,0.0,0.0,0.0,21319.0,0.0,0.17500000000000002
392466894,2,0,0.018000000000000002,0.07200000000000001,0.001,0.0,0.0,0.17500000000000002,0.0,0.0,0.0106,0.0,0.0,0.0,23323.0,0.0,0.17500000000000002
392470897,2,0,0.017,0.078,-0.007,0.0,0.0,0.17500000000000002,0.0,0.0,0.0109,0.0,0.0,0.0,0.0,0.0,0.17500000000000002
392475581,2,0,0.013000000000000001,0.061,0.001,0.0,0.0,0.17500000000000002,0.0,0.0,0.0112,0.0,0.0,0.0,4684.0,0.0,0.17500000000000002
392480529,2,0,0.018000000000000002,0.059000000000000004,0.01,0.0,0.0,0.17500000000000002,0.0,0.0,0.0114,0.0,0.0,0.0,9632.0,0.0,0.17500000000000002
392484569,2,0,0.012,0.043000000000000003,0.002,0.0,0.0,0.17500000000000002,0.0,0.0,0.0115,0.0,0.0,0.0,13672.0,0.0,0.17500000000000002
392486907,2,0,0.012,0.03,-0.001,0.0,0.0,0.17500000000000002,0.0,0.0,0.011600000000000001,0.0,0.0,0.0,16010.0,0.0,0.17500000000000002
392490911,2,0,0.016,0.013000000000000001,0.01,0.0,0.0,0.17270000000000002,0.0,0.0,0.011600000000000001,0.0,0.0,0.0,20014.0,0.0,0.17270000000000002
392495023,2,0,0.01,-0.004,0.0,0.0,0.0,0.1633,0.0,0.0,0.0115,0.0,0.0,0.0,24126.0,0.0,0.1633
392499570,2,0,0.02,-0.011,-0.007,0.0,0.0,0.1517,0.0,0.0,0.0115,0.0,0.0,0.0,0.0,0.0,0.1517
392503570,2,0,0.019,-0.018000000000000002,-0.001,0.0,0.0,0.1423,0.0,0.0,0.0115,0.0,0.0,0.0,4000.0,0.0,0.1423
392507970,2,0,0.011,-0.014,-0.008,0.0,0.0,0.133,0.0,0.0,0.011600000000000001,0.0,0.0,0.0,8400.0,0.0,0.133
392512568,2,0,0.005,-0.017,-0.005,0.0,0.0,0.1213,0.0,0.0,0.0117,0.0,0.0,0.0,12998.0,0.0,0.1213
392516930,2,0,0.014,-0.021,0.004,0.0,0.0,0.112,0.0,0.0,0.0117,0.0,0.0,0.0,17360.0,0.0,0.112
392518932,2,0,0.012,-0.022,0.002,0.0,0.0,0.1073,0.0,0.0,0.0118,0.0,0.0,0.0,19362.0,0.0,0.1073
392522981,2,0,-0.004,-0.024,0.0,0.0,0.0,0.098,0.0,0.0,0.0118,0.0,0.0,0.0,23411.0,0.0,0.098
392527980,2,0,-0.007,-0.031,0.006,0.0,0.0,0.0863,0.0,0.0,0.0117,0.0,0.0,0.0,0.0,0.0,0.0863
392532568,2,0,0.002,-0.029,0.013000000000000001,0.0,0.0,0.0747,0.0,0.0,0.011600000000000001,0.0,0.0,0.0,4588.0,0.0,0.0747
392536944,2,0,-0.001,-0.04,0.004,0.0,0.0,0.0653,0.0,0.0,0.0115,0.0,0.0,0.0,8964.0,0.0,0.0653
392538946,2,0,-0.003,-0.042,0.002,0.0,0.0,0.060700000000000004,0.0,0.0,0.0114,0.0,0.0,0.0,10966.0,0.0,0.060700000000000004
392542996,2,0,-0.009000000000000001,-0.036000000000000004,0.002,0.0,0.0,0.051300000000000005,0.0,0.0,0.0112,0.0,0.0,0.0,15016.0,0.0,0.051300000000000005
392547569,2,0,-0.011,-0.043000000000000003,0.0,0.0,0.0,0.0397,0.0,0.0,0.0111,0.0,0.0,0.0,19589.0,0.0,0.0397
392551955,2,0,-0.001,-0.057,-0.003,0.0,0.0,0.0303,0.0,0.0,0.0108,0.0,0.0,0.0,23975.0,0.0,0.0303
392555960,2,0,-0.008,-0.07200000000000001,-0.007,0.0,0.0,0.021,0.0,0.0,0.010400000000000001,0.0,0.0,0.0,0.0,0.0,0.021
392560961,2,0,-0.008,-0.095,-0.005,0.0,0.0,0.009300000000000001,0.0,0.0,0.0098,0.0,0.0,0.0,5001.0,0.0,0.009300000000000001
392563010,2,0,-0.008,-0.111,-0.006,0.0,0.0,0.0047,0.0,0.0,0.0094,0.0,0.0,0.0,7050.0,0.0,0.0047
392568013,2,0,-0.01,-0.146,-0.004,0.0,0.0,-0.007,0.0,0.0,0.0085,0.0,0.0,0.0,12053.0,0.0,-0.007
392572568,2,0,-0.013000000000000001,-0.176,0.001,0.0,0.0,-0.0187,0.0,0.0,0.0077,0.0,0.0,0.0,16608.0,0.0,-0.0187
392576970,2,0,-0.014,-0.197,0.003,0.0,0.0,-0.028,0.0,0.0,0.006500000000000001,0.0,0.0,0.0,21010.0,0.0,-0.028
392578975,2,0,-0.016,-0.201,0.008,0.0,0.0,-0.0327,0.0,0.0,0.0061,0.0,0.0,0.0,23015.0,0.0,-0.0327
392583025,2,0,-0.021,-0.211,0.012,0.0,0.0,-0.042,0.0,0.0,0.005200000000000001,0.0,0.0,0.0,0.0,0.0,-0.042
392588029,2,0,-0.024,-0.20600000000000002,0.013000000000000001,0.0,0.0,-0.053700000000000005,0.0,0.0,0.0044,0.0,0.0,0.0,5004.0,0.0,-0.053700000000000005
392593031,2,0,-0.008,-0.199,0.013000000000000001,0.0,0.0,-0.0653,0.0,0.0,0.0038,0.0,0.0,0.0,10006.0,0.0,-0.0653
392595568,2,0,-0.006,-0.192,0.013000000000000001,0.0,0.0,-0.0723,0.0,0.0,0.0036000000000000003,0.0,0.0,0.0,12543.0,0.0,-0.0723
392600569,2,0,-0.007,-0.179,0.004,0.0,0.0,-0.084,0.0,0.0,0.003,0.0,0.0,0.0,17544.0,0.0,-0.084
392603039,2,0,-0.009000000000000001,-0.171,0.002,0.0,0.0,-0.0887,0.0,0.0,0.0027,0.0,0.0,0.0,20014.0,0.0,-0.0887
392607568,2,0,-0.002,-0.17300000000000001,0.001,0.0,0.0,-0.1003,0.0,0.0,0.0022,0.0,0.0,0.0,24543.0,0.0,-0.1003
392611999,2,0,0.01,-0.186,-0.008,0.0,0.0,-0.1097,0.0,0.0,0.0014,0.0,0.0,0.0,0.0,0.0,-0.1097
392616003,2,0,0.013000000000000001,-0.194,-0.008,0.0,0.0,-0.11900000000000001,0.0,0.0,0.0007,0.0,0.0,0.0,4004.0,0.0,-0.11900000000000001
392620568,2,0,0.003,-0.20700000000000002,-0.006,0.0,0.0,-0.1307,0.0,0.0,-0.0001,0.0,0.0,0.0,8569.0,0.0,-0.1307
392625014,2,0,-0.001,-0.219,-0.012,0.0,0.0,-0.14,0.0,0.0,-0.0012000000000000001,0.0,0.0,0.0,13015.0,0.0,-0.14
392627568,2,0,0.007,-0.221,-0.009000000000000001,0.0,0.0,-0.14700000000000002,0.0,0.0,-0.0017000000000000001,0.0,0.0,0.0,15569.0,0.0,-0.14700000000000002
392631568,2,0,0.018000000000000002,-0.227,-0.006,0.0,0.0,-0.1563,0.0,0.0,-0.0027,0.0,0.0,0.0,19569.0,0.0,-0.1563
392636016,2,0,0.007,-0.227,-0.005,0.0,0.0,-0.16570000000000001,0.0,0.0,-0.0038,0.0,0.0,0.0,24017.0,0.0,-0.16570000000000001
392640567,2,0,0.008,-0.23,0.006,0.0,0.0,-0.17500000000000002,0.0,0.0,-0.0047,0.0,0.0,0.0,0.0,0.0,-0.17500000000000002
392644569,2,0,0.019,-0.218,0.008,0.0,0.0,-0.17500000000000002,0.0,0.0,-0.0057,0.0,0.0,0.0,4002.0,0.0,-0.17500000000000002
392647025,2,0,0.025,-0.214,0.01,0.0,0.0,-0.17500000000000002,0.0,0.0,-0.0063,0.0,0.0,0.0,6458.0,0.0,-0.17500000000000002
392651568,2,0,0.022,-0.211,0.014,0.0,0.0,-0.17500000000000002,0.0,0.0,-0.007200000000000001,0.0,0.0,0.0,11001.0,0.0,-0.17500000000000002
392657031,2,0,0.01,-0.193,0.01,0.0,0.0,-0.17500000000000002,0.0,0.0,-0.0085,0.0,0.0,0.0,16464.0,0.0,-0.17500000000000002
392659677,2,0,0.01,-0.185,0.007,0.0,0.0,-0.17500000000000002,0.0,0.0,-0.0089,0.0,0.0,0.0,19110.0,0.0,-0.17500000000000002
392664039,2,0,0.013000000000000001,-0.17300000000000001,0.004,0.0,0.0,-0.17500000000000002,0.0,0.0,-0.0098,0.0,0.0,0.0,23472.0,0.0,-0.17500000000000002
392668567,2,0,0.009000000000000001,-0.178,-0.001,0.0,0.0,-0.17500000000000002,0.0,0.0,-0.0105,0.0,0.0,0.0,0.0,0.0,-0.17500000000000002
392671040,2,0,0.003,-0.156,0.001,0.0,0.0,-0.17500000000000002,0.0,0.0,-0.011000000000000001,0.0,0.0,0.0,2473.0,0.0,-0.17500000000000002
392675578,2,0,0.007,-0.148,-0.002,0.0,0.0,-0.17500000000000002,0.0,0.0,-0.0117,0.0,0.0,0.0,7011.0,0.0,-0.17500000000000002
392680567,2,0,0.0,-0.151,-0.007,0.0,0.0,-0.17500000000000002,0.0,0.0,-0.0125,0.0,0.0,0.0,12000.0,0.0,-0.17500000000000002
392685052,2,0,0.01,-0.14400000000000002,-0.011,0.0,0.0,-0.17500000000000002,0.0,0.0,-0.0132,0.0,0.0,0.0,16485.0,0.0,-0.17500000000000002
392687159,2,0,0.013000000000000001,-0.15,-0.013000000000000001,0.0,0.0,-0.17500000000000002,0.0,0.0,-0.0135,0.0,0.0,0.0,18592.0,0.0,-0.17500000000000002
392692055,2,0,0.004,-0.138,-0.015,0.0,0.0,-0.17500000000000002,0.0,0.0,-0.0142,0.0,0.0,0.0,23488.0,0.0,-0.17500000000000002
392696059,2,0,-0.005,-0.128,-0.011,0.0,0.0,-0.17500000000000002,0.0,0.0,-0.014700000000000001,0.0,0.0,0.0,0.0,0.0,-0.17500000000000002
392700578,2,0,-0.011,-0.125,-0.001,0.0,0.0,-0.17500000000000002,0.0,0.0,-0.0151,0.0,0.0,0.0,4519.0,0.0,-0.17500000000000002
392703111,2,0,-0.01,-0.11900000000000001,-0.001,0.0,0.0,-0.17500000000000002,0.0,0.0,-0.015300000000000001,0.0,0.0,0.0,7052.0,0.0,-0.17500000000000002
392707567,2,0,-0.008,-0.11,0.004,0.0,0.0,-0.17500000000000002,0.0,0.0,-0.015600000000000001,0.0,0.0,0.0,11508.0,0.0,-0.17500000000000002
392712070,2,0,-0.014,-0.105,0.021,0.0,0.0,-0.17500000000000002,0.0,0.0,-0.0159,0.0,0.0,0.0,16011.0,0.0,-0.17500000000000002
392716075,2,0,-0.015,-0.088,0.006,0.0,0.0,-0.17500000000000002,0.0,0.0,-0.0162,0.0,0.0,0.0,20016.0,0.0,-0.17500000000000002
392721076,2,0,-0.005,-0.084,0.014,0.0,0.0,-0.17500000000000002,0.0,0.0,-0.0165,0.0,0.0,0.0,25017.0,0.0,-0.17500000000000002
392723135,2,0,-0.003,-0.082,0.014,0.0,0.0,-0.17500000000000002,0.0,0.0,-0.0166,0.0,0.0,0.0,0.0,0.0,-0.17500000000000002
392728131,2,0,-0.013000000000000001,-0.058,0.005,0.0,0.0,-0.17500000000000002,0.0,0.0,-0.0167,0.0,0.0,0.0,4996.0,0.0,-0.17500000000000002
392733133,2,0,-0.014,-0.049,-0.005,0.0,0.0,-0.17500000000000002,0.0,0.0,-0.016800000000000002,0.0,0.0,0.0,9998.0,0.0,-0.17500000000000002
392735589,2,0,-0.02,-0.042,-0.006,0.0,0.0,-0.17500000000000002,0.0,0.0,-0.016800000000000002,0.0,0.0,0.0,12454.0,0.0,-0.17500000000000002
392740566,2,0,-0.008,-0.028,-0.003,0.0,0.0,-0.17270000000000002,0.0,0.0,-0.016900000000000002,0.0,0.0,0.0,17431.0,0.0,-0.17270000000000002
392743140,2,0,0.002,-0.019,-0.006,0.0,0.0,-0.16570000000000001,0.0,0.0,-0.017,0.0,0.0,0.0,20005.0,0.0,-0.16570000000000001
392747567,2,0,0.0,-0.015,-0.005,0.0,0.0,-0.1563,0.0,0.0,-0.0171,0.0,0.0,0.0,24432.0,0.0,-0.1563
392752115,2,0,-0.01,-0.012,-0.006,0.0,0.0,-0.1447,0.0,0.0,-0.0172,0.0,0.0,0.0,0.0,0.0,-0.1447
392757104,2,0,-0.001,-0.011,-0.011,0.0,0.0,-0.133,0.0,0.0,-0.017400000000000002,0.0,0.0,0.0,4989.0,0.0,-0.133
392759677,2,0,0.003,-0.011,-0.009000000000000001,0.0,0.0,-0.1283,0.0,0.0,-0.0175,0.0,0.0,0.0,7562.0,0.0,-0.1283
392764113,2,0,0.003,0.002,-0.002,0.0,0.0,-0.11670000000000001,0.0,0.0,-0.0176,0.0,0.0,0.0,11998.0,0.0,-0.11670000000000001
392769113,2,0,0.0,0.014,0.001,0.0,0.0,-0.10500000000000001,0.0,0.0,-0.0176,0.0,0.0,0.0,16998.0,0.0,-0.10500000000000001
392771116,2,0,0.003,0.018000000000000002,0.003,0.0,0.0,-0.1003,0.0,0.0,-0.0176,0.0,0.0,0.0,19001.0,0.0,-0.1003
392775565,2,0,0.008,0.027,0.007,0.0,0.0,-0.091,0.0,0.0,-0.0175,0.0,0.0,0.0,23450.0,0.0,-0.091
392779567,2,0,0.018000000000000002,0.029,0.011,0.0,0.0,-0.08170000000000001,0.0,0.0,-0.017400000000000002,0.0,0.0,0.0,0.0,0.0,-0.08170000000000001
392785125,2,0,0.005,0.027,0.004,0.0,0.0,-0.06770000000000001,0.0,0.0,-0.0173,0.0,0.0,0.0,5558.0,0.0,-0.06770000000000001
392787126,2,0,0.005,0.03,0.005,0.0,0.0,-0.063,0.0,0.0,-0.0173,0.0,0.0,0.0,7559.0,0.0,-0.063
392791130,2,0,0.014,0.03,-0.005,0.0,0.0,-0.053700000000000005,0.0,0.0,-0.0172,0.0,0.0,0.0,11563.0,0.0,-0.053700000000000005
392795567,2,0,0.007,0.032,-0.005,0.0,0.0,-0.0443,0.0,0.0,-0.0171,0.0,0.0,0.0,16000.0,0.0,-0.0443
392800569,2,0,0.012,0.051000000000000004,-0.004,0.0,0.0,-0.0327,0.0,0.0,-0.0167,0.0,0.0,0.0,21002.0,0.0,-0.0327
392803187,2,0,0.003,0.062,-0.006,0.0,0.0,-0.0257,0.0,0.0,-0.0164,0.0,0.0,0.0,23620.0,0.0,-0.0257
392808189,2,0,0.007,0.099,-0.008,0.0,0.0,-0.014,0.0,0.0,-0.015600000000000001,0.0,0.0,0.0,0.0,0.0,-0.014
392812591,2,0,0.02,0.133,-0.006,0.0,0.0,-0.0047,0.0,0.0,-0.0152,0.0,0.0,0.0,4402.0,0.0,-0.0047
392815008,2,0,0.024,0.145,-0.003,0.0,0.0,0.0,0.0,0.0,-0.0149,0.0,0.0,0.0,6819.0,0.0,0.0
392819567,2,0,0.001,0.193,-0.005,0.0,0.0,0.0117,0.0,0.0,-0.0137,0.0,0.0,0.0,11378.0,0.0,0.0117
392824567,2,0,0.0,0.203,-0.008,0.0,0.0,0.0233,0.0,0.0,-0.012400000000000001,0.0,0.0,0.0,16378.0,0.0,0.0233
392827152,2,0,0.003,0.218,-0.002,0.0,0.0,0.0303,0.0,0.0,-0.0117,0.0,0.0,0.0,18963.0,0.0,0.0303
392831159,2,0,0.012,0.221,0.003,0.0,0.0,0.0397,0.0,0.0,-0.0108,0.0,0.0,0.0,22970.0,0.0,0.0397
392835567,2,0,0.002,0.213,0.001,0.0,0.0,0.049,0.0,0.0,-0.010100000000000001,0.0,0.0,0.0,0.0,0.0,0.049
392840565,2,0,-0.003,0.198,0.004,0.0,0.0,0.060700000000000004,0.0,0.0,-0.0094,0.0,0.0,0.0,4998.0,0.0,0.060700000000000004
392843211,2,0,-0.002,0.183,-0.002,0.0,0.0,0.06770000000000001,0.0,0.0,-0.009000000000000001,0.0,0.0,0.0,7644.0,0.0,0.06770000000000001
392848217,2,0,0.021,0.179,-0.003,0.0,0.0,0.07930000000000001,0.0,0.0,-0.008400000000000001,0.0,0.0,0.0,12650.0,0.0,0.07930000000000001
392852589,2,0,0.005,0.158,-0.003,0.0,0.0,0.0887,0.0,0.0,-0.0079,0.0,0.0,0.0,17022.0,0.0,0.0887
392855174,2,0,-0.003,0.177,-0.003,0.0,0.0,0.09570000000000001,0.0,0.0,-0.007500000000000001,0.0,0.0,0.0,19607.0,0.0,0.09570000000000001
392859677,2,0,-0.009000000000000001,0.177,-0.008,0.0,0.0,0.10500000000000001,0.0,0.0,-0.006900000000000001,0.0,0.0,0.0,24110.0,0.0,0.10500000000000001
392864195,2,0,0.002,0.192,-0.003,0.0,0.0,0.11670000000000001,0.0,0.0,-0.006,0.0,0.0,0.0,0.0,0.0,0.11670000000000001
392869184,2,0,0.004,0.212,0.005,0.0,0.0,0.1283,0.0,0.0,-0.0048000000000000004,0.0,0.0,0.0,4989.0,0.0,0.1283
392871187,2,0,0.004,0.209,0.005,0.0,0.0,0.133,0.0,0.0,-0.0043,0.0,0.0,0.0,6992.0,0.0,0.133
392875567,2,0,-0.012,0.214,0.0,0.0,0.0,0.1423,0.0,0.0,-0.0034000000000000002,0.0,0.0,0.0,11372.0,0.0,0.1423
392881193,2,0,-0.003,0.212,0.001,0.0,0.0,0.1563,0.0,0.0,-0.002,0.0,0.0,0.0,16998.0,0.0,0.1563
392883241,2,0,0.002,0.20800000000000002,0.002,0.0,0.0,0.161,0.0,0.0,-0.0016,0.0,0.0,0.0,19046.0,0.0,0.161
392888284,2,0,-0.004,0.199,0.001,0.0,0.0,0.17270000000000002,0.0,0.0,-0.0006000000000000001,0.0,0.0,0.0,24089.0,0.0,0.17270000000000002
392892692,2,0,-0.017,0.19,-0.003,0.0,0.0,0.17500000000000002,0.0,0.0,0.0002,0.0,0.0,0.0,0.0,0.0,0.17500000000000002
392895204,2,0,-0.02,0.177,-0.007,0.0,0.0,0.17500000000000002,0.0,0.0,0.0009000000000000001,0.0,0.0,0.0,2512.0,0.0,0.17500000000000002
392899568,2,0,-0.016,0.17,-0.003,0.0,0.0,0.17500000000000002,0.0,0.0,0.0017000000000000001,0.0,0.0,0.0,6876.0,0.0,0.17500000000000002
392904213,2,0,-0.003,0.17400000000000002,-0.003,0.0,0.0,0.17500000000000002,0.0,0.0,0.0027,0.0,0.0,0.0,11521.0,0.0,0.17500000000000002
392908262,2,0,-0.014,0.17300000000000001,-0.009000000000000001,0.0,0.0,0.17500000000000002,0.0,0.0,0.0036000000000000003,0.0,0.0,0.0,15570.0,0.0,0.17500000000000002
392913263,2,0,-0.018000000000000002,0.176,-0.004,0.0,0.0,0.17500000000000002,0.0,0.0,0.0048000000000000004,0.0,0.0,0.0,20571.0,0.0,0.17500000000000002
392915566,2,0,-0.009000000000000001,0.178,0.0,0.0,0.0,0.17500000000000002,0.0,0.0,0.005200000000000001,0.0,0.0,0.0,22874.0,0.0,0.17500000000000002
392920220,2,0,0.009000000000000001,0.17400000000000002,-0.002,0.0,0.0,0.17500000000000002,0.0,0.0,0.0063,0.0,0.0,0.0,0.0,0.0,0.17500000000000002
392924227,2,0,0.01,0.165,0.0,0.0,0.0,0.17500000000000002,0.0,0.0,0.0071,0.0,0.0,0.0,4007.0,0.0,0.17500000000000002
392928566,2,0,0.001,0.16,0.003,0.0,0.0,0.17500000000000002,0.0,0.0,0.0077,0.0,0.0,0.0,8346.0,0.0,0.17500000000000002
392933276,2,0,0.001,0.145,0.004,0.0,0.0,0.17500000000000002,0.0,0.0,0.008400000000000001,0.0,0.0,0.0,13056.0,0.0,0.17500000000000002
392935565,2,0,0.005,0.137,0.004,0.0,0.0,0.17500000000000002,0.0,0.0,0.0086,0.0,0.0,0.0,15345.0,0.0,0.17500000000000002
392939567,2,0,0.005,0.117,0.002,0.0,0.0,0.17500000000000002,0.0,0.0,0.009000000000000001,0.0,0.0,0.0,19347.0,0.0,0.17500000000000002
392944244,2,0,0.005,0.106,0.005,0.0,0.0,0.17500000000000002,0.0,0.0,0.0094,0.0,0.0,0.0,24024.0,0.0,0.17500000000000002
392948566,2,0,0.013000000000000001,0.097,-0.001,0.0,0.0,0.17500000000000002,0.0,0.0,0.0097,0.0,0.0,0.0,0.0,0.0,0.17500000000000002
392953290,2,0,0.012,0.088,0.001,0.0,0.0,0.17500000000000002,0.0,0.0,0.01,0.0,0.0,0.0,4724.0,0.0,0.17500000000000002
392955566,2,0,0.012,0.08700000000000001,0.003,0.0,0.0,0.17500000000000002,0.0,0.0,0.010100000000000001,0.0,0.0,0.0,7000.0,0.0,0.17500000000000002
392960568,2,0,0.018000000000000002,0.089,-0.006,0.0,0.0,0.17500000000000002,0.0,0.0,0.0105,0.0,0.0,0.0,12002.0,0.0,0.17500000000000002
392963297,2,0,0.02,0.08700000000000001,-0.007,0.0,0.0,0.17500000000000002,0.0,0.0,0.0108,0.0,0.0,0.0,14731.0,0.0,0.17500000000000002
392967566,2,0,0.021,0.084,0.002,0.0,0.0,0.17500000000000002,0.0,0.0,0.0111,0.0,0.0,0.0,19000.0,0.0,0.17500000000000002
392972567,2,0,0.016,0.085,-0.007,0.0,0.0,0.17500000000000002,0.0,0.0,0.0115,0.0,0.0,0.0,24001.0,0.0,0.17500000000000002
392977260,2,0,0.011,0.074,0.001,0.0,0.0,0.17500000000000002,0.0,0.0,0.0119,0.0,0.0,0.0,0.0,0.0,0.17500000000000002
392979264,2,0,0.016,0.074,0.006,0.0,0.0,0.17500000000000002,0.0,0.0,0.012,0.0,0.0,0.0,2004.0,0.0,0.17500000000000002
392983311,2,0,0.015,0.056,0.001,0.0,0.0,0.17500000000000002,0.0,0.0,0.0122,0.0,0.0,0.0,6051.0,0.0,0.17500000000000002
392988316,2,0,0.007,0.034,-0.003,0.0,0.0,0.17500000000000002,0.0,0.0,0.0123,0.0,0.0,0.0,11056.0,0.0,0.17500000000000002
392993318,2,0,0.013000000000000001,0.011,0.0,0.0,0.0,0.16570000000000001,0.0,0.0,0.0123,0.0,0.0,0.0,16058.0,0.0,0.16570000000000001
392995566,2,0,0.019,0.005,0.001,0.0,0.0,0.161,0.0,0.0,0.012400000000000001,0.0,0.0,0.0,18306.0,0.0,0.161
393000567,2,0,0.023,-0.003,-0.004,0.0,0.0,0.14930000000000002,0.0,0.0,0.012400000000000001,0.0,0.0,0.0,23307.0,0.0,0.14930000000000002
393003327,2,0,0.017,-0.011,-0.003,0.0,0.0,0.1423,0.0,0.0,0.0125,0.0,0.0,0.0,0.0,0.0,0.1423
393008333,2,0,0.005,-0.008,-0.003,0.0,0.0,0.1307,0.0,0.0,0.012700000000000001,0.0,0.0,0.0,5006.0,0.0,0.1307
393012567,2,0,0.004,-0.016,-0.003,0.0,0.0,0.1213,0.0,0.0,0.0128,0.0,0.0,0.0,9240.0,0.0,0.1213
393015287,2,0,0.01,-0.016,0.005,0.0,0.0,0.1143,0.0,0.0,0.0129,0.0,0.0,0.0,11960.0,0.0,0.1143
393019305,2,0,0.006,-0.019,0.005,0.0,0.0,0.10500000000000001,0.0,0.0,0.013000000000000001,0.0,0.0,0.0,15978.0,0.0,0.10500000000000001
393024295,2,0,-0.009000000000000001,-0.025,0.002,0.0,0.0,0.09330000000000001,0.0,0.0,0.013000000000000001,0.0,0.0,0.0,20968.0,0.0,0.09330000000000001
393028566,2,0,-0.004,-0.031,0.006,0.0,0.0,0.084,0.0,0.0,0.013000000000000001,0.0,0.0,0.0,25239.0,0.0,0.084
393033348,2,0,-0.002,-0.037,0.004,0.0,0.0,0.0723,0.0,0.0,0.0129,0.0,0.0,0.0,0.0,0.0,0.0723
393035565,2,0,-0.004,-0.04,0.001,0.0,0.0,0.06770000000000001,0.0,0.0,0.0128,0.0,0.0,0.0,2217.0,0.0,0.06770000000000001
393040307,2,0,-0.006,-0.044,0.004,0.0,0.0,0.056,0.0,0.0,0.0126,0.0,0.0,0.0,6959.0,0.0,0.056
393044312,2,0,-0.01,-0.04,-0.003,0.0,0.0,0.046700000000000005,0.0,0.0,0.012400000000000001,0.0,0.0,0.0,10964.0,0.0,0.046700000000000005
393048566,2,0,-0.011,-0.046,-0.005,0.0,0.0,0.0373,0.0,0.0,0.0122,0.0,0.0,0.0,15218.0,0.0,0.0373
393053361,2,0,-0.009000000000000001,-0.058,-0.002,0.0,0.0,0.0257,0.0,0.0,0.0119,0.0,0.0,0.0,20013.0,0.0,0.0257
393055566,2,0,-0.011,-0.063,-0.001,0.0,0.0,0.021,0.0,0.0,0.0117,0.0,0.0,0.0,22218.0,0.0,0.021
393060567,2,0,-0.009000000000000001,-0.081,-0.004,0.0,0.0,0.009300000000000001,0.0,0.0,0.011000000000000001,0.0,0.0,0.0,0.0,0.0,0.009300000000000001
393064567,2,0,-0.011,-0.112,-0.004,0.0,0.0,0.0,0.0,0.0,0.010400000000000001,0.0,0.0,0.0,4000.0,0.0,0.0
393067327,2,0,-0.013000000000000001,-0.128,-0.003,0.0,0.0,-0.007,0.0,0.0,0.0098,0.0,0.0,0.0,6760.0,0.0,-0.007
393071435,2,0,-0.013000000000000001,-0.154,0.001,0.0,0.0,-0.016300000000000002,0.0,0.0,0.009000000000000001,0.0,0.0,0.0,10868.0,0.0,-0.016300000000000002
393075567,2,0,-0.014,-0.182,-0.003,0.0,0.0,-0.0257,0.0,0.0,0.0081,0.0,0.0,0.0,15000.0,0.0,-0.0257
393080336,2,0,-0.017,-0.189,0.003,0.0,0.0,-0.0373,0.0,0.0,0.0071,0.0,0.0,0.0,19769.0,0.0,-0.0373
393084375,2,0,-0.022,-0.194,0.006,0.0,0.0,-0.046700000000000005,0.0,0.0,0.0063,0.0,0.0,0.0,23808.0,0.0,-0.046700000000000005
393089341,2,0,-0.023,-0.192,0.014,0.0,0.0,-0.058300000000000005,0.0,0.0,0.0056,0.0,0.0,0.0,0.0,0.0,-0.058300000000000005
393091343,2,0,-0.015,-0.191,0.014,0.0,0.0,-0.063,0.0,0.0,0.0053,0.0,0.0,0.0,2002.0,0.0,-0.063
393095531,2,0,-0.005,-0.183,0.01,0.0,0.0,-0.0723,0.0,0.0,0.0049,0.0,0.0,0.0,6190.0,0.0,-0.0723
393099567,2,0,0.0,-0.17500000000000002,0.006,0.0,0.0,-0.08170000000000001,0.0,0.0,0.0045000000000000005,0.0,0.0,0.0,10226.0,0.0,-0.08170000000000001
393104355,2,0,-0.014,-0.165,0.0,0.0,0.0,-0.09330000000000001,0.0,0.0,0.004,0.0,0.0,0.0,15014.0,0.0,-0.09330000000000001
393108437,2,0,-0.003,-0.17300000000000001,-0.004,0.0,0.0,-0.1027,0.0,0.0,0.0035,0.0,0.0,0.0,19096.0,0.0,-0.1027
393113441,2,0,0.017,-0.183,-0.002,0.0,0.0,-0.1143,0.0,0.0,0.0028,0.0,0.0,0.0,24100.0,0.0,-0.1143
393115567,2,0,0.014,-0.184,-0.003,0.0,0.0,-0.11900000000000001,0.0,0.0,0.0024000000000000002,0.0,0.0,0.0,0.0,0.0,-0.11900000000000001
393119571,2,0,0.007,-0.197,-0.003,0.0,0.0,-0.1283,0.0,0.0,0.0017000000000000001,0.0,0.0,0.0,4004.0,0.0,-0.1283
393124568,2,0,-0.001,-0.211,-0.009000000000000001,0.0,0.0,-0.14,0.0,0.0,0.0008,0.0,0.0,0.0,9001.0,0.0,-0.14
393127362,2,0,0.008,-0.219,-0.005,0.0,0.0,-0.14700000000000002,0.0,0.0,0.0001,0.0,0.0,0.0,11795.0,0.0,-0.14700000000000002
393131568,2,0,0.016,-0.225,-0.004,0.0,0.0,-0.1563,0.0,0.0,-0.0008,0.0,0.0,0.0,16001.0,0.0,-0.1563
393137376,2,0,0.012,-0.227,-0.004,0.0,0.0,-0.1703,0.0,0.0,-0.0022,0.0,0.0,0.0,21809.0,0.0,-0.1703
393139530,2,0,0.005,-0.233,0.0,0.0,0.0,-0.17500000000000002,0.0,0.0,-0.0027,0.0,0.0,0.0,23963.0,0.0,-0.17500000000000002
393144418,2,0,0.018000000000000002,-0.226,0.001,0.0,0.0,-0.17500000000000002,0.0,0.0,-0.0039000000000000003,0.0,0.0,0.0,0.0,0.0,-0.17500000000000002
393149384,2,0,0.021,-0.22,0.01,0.0,0.0,-0.17500000000000002,0.0,0.0,-0.005,0.0,0.0,0.0,4966.0,0.0,-0.17500000000000002
393151390,2,0,0.019,-0.221,0.013000000000000001,0.0,0.0,-0.17500000000000002,0.0,0.0,-0.0055000000000000005,0.0,0.0,0.0,6972.0,0.0,-0.17500000000000002
393155567,2,0,0.015,-0.20800000000000002,0.009000000000000001,0.0,0.0,-0.17500000000000002,0.0,0.0,-0.0064,0.0,0.0,0.0,11149.0,0.0,-0.17500000000000002
393160565,2,0,0.011,-0.188,0.003,0.0,0.0,-0.17500000000000002,0.0,0.0,-0.007500000000000001,0.0,0.0,0.0,16147.0,0.0,-0.17500000000000002
393163438,2,0,0.011,-0.178,0.004,0.0,0.0,-0.17500000000000002,0.0,0.0,-0.008,0.0,0.0,0.0,19020.0,0.0,-0.17500000000000002
393168489,2,0,0.006,-0.17400000000000002,0.003,0.0,0.0,-0.17500000000000002,0.0,0.0,-0.0089,0.0,0.0,0.0,24071.0,0.0,-0.17500000000000002
393173448,2,0,0.008,-0.146,0.006,0.0,0.0,-0.17500000000000002,0.0,0.0,-0.0098,0.0,0.0,0.0,0.0,0.0,-0.17500000000000002
393175530,2,0,0.009000000000000001,-0.15,0.004,0.0,0.0,-0.17500000000000002,0.0,0.0,-0.010100000000000001,0.0,0.0,0.0,2082.0,0.0,-0.17500000000000002
393180443,2,0,0.006,-0.139,-0.008,0.0,0.0,-0.17500000000000002,0.0,0.0,-0.0109,0.0,0.0,0.0,6995.0,0.0,-0.17500000000000002
393185410,2,0,0.013000000000000001,-0.135,-0.005,0.0,0.0,-0.17500000000000002,0.0,0.0,-0.011600000000000001,0.0,0.0,0.0,11962.0,0.0,-0.17500000000000002
393187530,2,0,0.011,-0.139,-0.005,0.0,0.0,-0.17500000000000002,0.0,0.0,-0.0119,0.0,0.0,0.0,14082.0,0.0,-0.17500000000000002
393192452,2,0,0.005,-0.123,-0.012,0.0,0.0,-0.17500000000000002,0.0,0.0,-0.0125,0.0,0.0,0.0,19004.0,0.0,-0.17500000000000002
393196565,2,0,0.0,-0.113,-0.007,0.0,0.0,-0.17500000000000002,0.0,0.0,-0.013000000000000001,0.0,0.0,0.0,23117.0,0.0,-0.17500000000000002
393201460,2,0,-0.006,-0.115,-0.006,0.0,0.0,-0.17500000000000002,0.0,0.0,-0.0134,0.0,0.0,0.0,0.0,0.0,-0.17500000000000002
393203507,2,0,-0.008,-0.111,-0.007,0.0,0.0,-0.17500000000000002,0.0,0.0,-0.013600000000000001,0.0,0.0,0.0,2047.0,0.0,-0.17500000000000002
393207566,2,0,-0.007,-0.097,0.006,0.0,0.0,-0.17500000000000002,0.0,0.0,-0.013800000000000002,0.0,0.0,0.0,6106.0,0.0,-0.17500000000000002
393212466,2,0,-0.007,-0.097,0.012,0.0,0.0,-0.17500000000000002,0.0,0.0,-0.014100000000000001,0.0,0.0,0.0,11006.0,0.0,-0.17500000000000002
393216530,2,0,-0.015,-0.082,0.005,0.0,0.0,-0.17500000000000002,0.0,0.0,-0.0143,0.0,0.0,0.0,15070.0,0.0,-0.17500000000000002
393219471,2,0,-0.009000000000000001,-0.074,0.007,0.0,0.0,-0.17500000000000002,0.0,0.0,-0.0145,0.0,0.0,0.0,18011.0,0.0,-0.17500000000000002
393223524,2,0,-0.002,-0.074,0.011,0.0,0.0,-0.17500000000000002,0.0,0.0,-0.0146,0.0,0.0,0.0,22064.0,0.0,-0.17500000000000002
393227530,2,0,-0.007,-0.064,0.005,0.0,0.0,-0.17500000000000002,0.0,0.0,-0.014700000000000001,0.0,0.0,0.0,0.0,0.0,-0.17500000000000002
393230841,2,0,-0.009000000000000001,-0.057,0.001,0.0,0.0,-0.17500000000000002,0.0,0.0,-0.014700000000000001,0.0,0.0,0.0,3311.0,0.0,-0.17500000000000002
393235565,2,0,-0.023,-0.048,0.001,0.0,0.0,-0.17500000000000002,0.0,0.0,-0.0148,0.0,0.0,0.0,8035.0,0.0,-0.17500000000000002
393240564,2,0,-0.006,-0.031,-0.003,0.0,0.0,-0.17270000000000002,0.0,0.0,-0.0149,0.0,0.0,0.0,13034.0,0.0,-0.17270000000000002
393243537,2,0,-0.002,-0.025,-0.006,0.0,0.0,-0.16570000000000001,0.0,0.0,-0.0149,0.0,0.0,0.0,16007.0,0.0,-0.16570000000000001
393248545,2,0,-0.01,-0.022,-0.001,0.0,0.0,-0.154,0.0,0.0,-0.015000000000000001,0.0,0.0,0.0,21015.0,0.0,-0.154
393253544,2,0,-0.008,-0.016,-0.01,0.0,0.0,-0.1423,0.0,0.0,-0.0152,0.0,0.0,0.0,26014.0,0.0,-0.1423
393256501,2,0,-0.006,-0.016,-0.01,0.0,0.0,-0.1353,0.0,0.0,-0.015300000000000001,0.0,0.0,0.0,0.0,0.0,-0.1353
393260681,2,0,0.002,-0.014,-0.009000000000000001,0.0,0.0,-0.126,0.0,0.0,-0.0155,0.0,0.0,0.0,4180.0,0.0,-0.126
393263407,2,0,0.005,-0.009000000000000001,-0.007,0.0,0.0,-0.11900000000000001,0.0,0.0,-0.0155,0.0,0.0,0.0,6906.0,0.0,-0.11900000000000001
393267517,2,0,0.003,-0.001,-0.007,0.0,0.0,-0.1097,0.0,0.0,-0.015700000000000002,0.0,0.0,0.0,11016.0,0.0,-0.1097
393272514,2,0,-0.001,0.016,0.004,0.0,0.0,-0.098,0.0,0.0,-0.015700000000000002,0.0,0.0,0.0,16013.0,0.0,-0.098
393277524,2,0,0.012,0.025,0.006,0.0,0.0,-0.0863,0.0,0.0,-0.015600000000000001,0.0,0.0,0.0,21023.0,0.0,-0.0863
393280520,2,0,0.012,0.024,0.0,0.0,0.0,-0.07930000000000001,0.0,0.0,-0.015600000000000001,0.0,0.0,0.0,24019.0,0.0,-0.07930000000000001
393284524,2,0,0.011,0.031,0.007,0.0,0.0,-0.07,0.0,0.0,-0.015600000000000001,0.0,0.0,0.0,0.0,0.0,-0.07
393288600,2,0,0.007,0.034,-0.001,0.0,0.0,-0.060700000000000004,0.0,0.0,-0.0155,0.0,0.0,0.0,4076.0,0.0,-0.060700000000000004
393291526,2,0,0.005,0.03,-0.005,0.0,0.0,-0.053700000000000005,0.0,0.0,-0.0155,0.0,0.0,0.0,7002.0,0.0,-0.053700000000000005
393295638,2,0,0.012,0.033,-0.004,0.0,0.0,-0.0443,0.0,0.0,-0.0154,0.0,0.0,0.0,11114.0,0.0,-0.0443
393301531,2,0,0.01,0.056,-0.003,0.0,0.0,-0.0303,0.0,0.0,-0.0149,0.0,0.0,0.0,17007.0,0.0,-0.0303
393303584,2,0,0.004,0.066,-0.006,0.0,0.0,-0.0257,0.0,0.0,-0.014700000000000001,0.0,0.0,0.0,19060.0,0.0,-0.0257
393308614,2,0,0.005,0.11,-0.013000000000000001,0.0,0.0,-0.014,0.0,0.0,-0.014,0.0,0.0,0.0,24090.0,0.0,-0.014
393313590,2,0,0.016,0.14400000000000002,-0.006,0.0,0.0,-0.0023,0.0,0.0,-0.013300000000000001,0.0,0.0,0.0,0.0,0.0,-0.0023
393316551,2,0,0.013000000000000001,0.17300000000000001,-0.002,0.0,0.0,0.0047,0.0,0.0,-0.012700000000000001,0.0,0.0,0.0,2961.0,0.0,0.0047
393321545,2,0,0.001,0.213,-0.008,0.0,0.0,0.016300000000000002,0.0,0.0,-0.011300000000000001,0.0,0.0,0.0,7955.0,0.0,0.016300000000000002
393323596,2,0,0.0,0.212,-0.009000000000000001,0.0,0.0,0.021,0.0,0.0,-0.0108,0.0,0.0,0.0,10006.0,0.0,0.021
393328622,2,0,0.007,0.233,0.002,0.0,0.0,0.0327,0.0,0.0,-0.0095,0.0,0.0,0.0,15032.0,0.0,0.0327
393331555,2,0,0.013000000000000001,0.231,0.004,0.0,0.0,0.0397,0.0,0.0,-0.0088,0.0,0.0,0.0,17965.0,0.0,0.0397
393336561,2,0,0.0,0.22,-0.001,0.0,0.0,0.051300000000000005,0.0,0.0,-0.0079,0.0,0.0,0.0,22971.0,0.0,0.051300000000000005
393341565,2,0,-0.006,0.189,0.001,0.0,0.0,0.063,0.0,0.0,-0.007200000000000001,0.0,0.0,0.0,0.0,0.0,0.063
393343612,2,0,-0.006,0.187,0.002,0.0,0.0,0.06770000000000001,0.0,0.0,-0.007,0.0,0.0,0.0,2047.0,0.0,0.06770000000000001
393348641,2,0,0.021,0.169,0.002,0.0,0.0,0.07930000000000001,0.0,0.0,-0.0063,0.0,0.0,0.0,7076.0,0.0,0.07930000000000001
393351565,2,0,0.016,0.154,-0.002,0.0,0.0,0.0863,0.0,0.0,-0.006,0.0,0.0,0.0,10000.0,0.0,0.0863
393356575,2,0,0.006,0.17,-0.004,0.0,0.0,0.098,0.0,0.0,-0.0053,0.0,0.0,0.0,15010.0,0.0,0.098
393360780,2,0,-0.006,0.166,0.0,0.0,0.0,0.1073,0.0,0.0,-0.0048000000000000004,0.0,0.0,0.0,19215.0,0.0,0.1073
393363625,2,0,0.002,0.177,0.0,0.0,0.0,0.1143,0.0,0.0,-0.0041,0.0,0.0,0.0,22060.0,0.0,0.1143
393368653,2,0,0.012,0.197,0.005,0.0,0.0,0.126,0.0,0.0,-0.003,0.0,0.0,0.0,0.0,0.0,0.126
393371585,2,0,0.004,0.2,0.004,0.0,0.0,0.133,0.0,0.0,-0.0022,0.0,0.0,0.0,2932.0,0.0,0.133
393376583,2,0,-0.016,0.2,0.004,0.0,0.0,0.1447,0.0,0.0,-0.0011,0.0,0.0,0.0,7930.0,0.0,0.1447
393381590,2,0,-0.001,0.20700000000000002,0.0,0.0,0.0,0.1563,0.0,0.0,0.0,0.0,0.0,0.0,12937.0,0.0,0.1563
393383640,2,0,0.003,0.201,0.003,0.0,0.0,0.161,0.0,0.0,0.0004,0.0,0.0,0.0,14987.0,0.0,0.161
393388669,2,0,-0.004,0.196,0.004,0.0,0.0,0.17270000000000002,0.0,0.0,0.0014,0.0,0.0,0.0,20016.0,0.0,0.17270000000000002
393391730,2,0,-0.009000000000000001,0.188,-0.005,0.0,0.0,0.17500000000000002,0.0,0.0,0.002,0.0,0.0,0.0,23077.0,0.0,0.17500000000000002
393396604,2,0,-0.011,0.169,-0.009000000000000001,0.0,0.0,0.17500000000000002,0.0,0.0,0.0029000000000000002,0.0,0.0,0.0,0.0,0.0,0.17500000000000002
393401603,2,0,-0.005,0.17,-0.005,0.0,0.0,0.17500000000000002,0.0,0.0,0.0039000000000000003,0.0,0.0,0.0,4999.0,0.0,0.17500000000000002
393403654,2,0,-0.003,0.171,-0.004,0.0,0.0,0.17500000000000002,0.0,0.0,0.0043,0.0,0.0,0.0,7050.0,0.0,0.17500000000000002
393408683,2,0,-0.009000000000000001,0.17,-0.006,0.0,0.0,0.17500000000000002,0.0,0.0,0.0053,0.0,0.0,0.0,12079.0,0.0,0.17500000000000002
393410803,2,0,-0.014,0.17200000000000001,-0.004,0.0,0.0,0.17500000000000002,0.0,0.0,0.0057,0.0,0.0,0.0,14199.0,0.0,0.17500000000000002
393416618,2,0,-0.004,0.179,0.003,0.0,0.0,0.17500000000000002,0.0,0.0,0.007,0.0,0.0,0.0,20014.0,0.0,0.17500000000000002
393421621,2,0,0.006,0.171,0.0,0.0,0.0,0.17500000000000002,0.0,0.0,0.008,0.0,0.0,0.0,25017.0,0.0,0.17500000000000002
393423758,2,0,0.006,0.165,-0.003,0.0,0.0,0.17500000000000002,0.0,0.0,0.008400000000000001,0.0,0.0,0.0,0.0,0.0,0.17500000000000002
393428697,2,0,0.001,0.163,-0.001,0.0,0.0,0.17500000000000002,0.0,0.0,0.0092,0.0,0.0,0.0,4939.0,0.0,0.17500000000000002
393431627,2,0,-0.001,0.152,0.0,0.0,0.0,0.17500000000000002,0.0,0.0,0.009600000000000001,0.0,0.0,0.0,7869.0,0.0,0.17500000000000002
393436631,2,0,0.004,0.137,0.0,0.0,0.0,0.17500000000000002,0.0,0.0,0.0102,0.0,0.0,0.0,12873.0,0.0,0.17500000000000002
393441635,2,0,0.0,0.11900000000000001,0.007,0.0,0.0,0.17500000000000002,0.0,0.0,0.010700000000000001,0.0,0.0,0.0,17877.0,0.0,0.17500000000000002
393443677,2,0,0.001,0.115,0.007,0.0,0.0,0.17500000000000002,0.0,0.0,0.0108,0.0,0.0,0.0,19919.0,0.0,0.17500000000000002
393448678,2,0,0.004,0.1,-0.003,0.0,0.0,0.17500000000000002,0.0,0.0,0.0112,0.0,0.0,0.0,24920.0,0.0,0.17500000000000002
393451635,2,0,0.005,0.094,-0.001,0.0,0.0,0.17500000000000002,0.0,0.0,0.0115,0.0,0.0,0.0,0.0,0.0,0.17500000000000002
393455738,2,0,0.007,0.092,0.004,0.0,0.0,0.17500000000000002,0.0,0.0,0.0118,0.0,0.0,0.0,4103.0,0.0,0.17500000000000002
393460732,2,0,0.011,0.08700000000000001,-0.008,0.0,0.0,0.17500000000000002,0.0,0.0,0.0122,0.0,0.0,0.0,9097.0,0.0,0.17500000000000002
393463571,2,0,0.012,0.085,-0.008,0.0,0.0,0.17500000000000002,0.0,0.0,0.012400000000000001,0.0,0.0,0.0,11936.0,0.0,0.17500000000000002
393467654,2,0,0.01,0.08600000000000001,0.001,0.0,0.0,0.17500000000000002,0.0,0.0,0.0129,0.0,0.0,0.0,16019.0,0.0,0.17500000000000002
393472658,2,0,0.01,0.08,-0.006,0.0,0.0,0.17500000000000002,0.0,0.0,0.013300000000000001,0.0,0.0,0.0,21023.0,0.0,0.17500000000000002
393476661,2,0,0.013000000000000001,0.07100000000000001,0.003,0.0,0.0,0.17500000000000002,0.0,0.0,0.013600000000000001,0.0,0.0,0.0,25026.0,0.0,0.17500000000000002
393478743,2,0,0.016,0.068,0.009000000000000001,0.0,0.0,0.17500000000000002,0.0,0.0,0.0137,0.0,0.0,0.0,0.0,0.0,0.17500000000000002
393483748,2,0,0.013000000000000001,0.049,0.001,0.0,0.0,0.17500000000000002,0.0,0.0,0.014,0.0,0.0,0.0,5005.0,0.0,0.17500000000000002
393488594,2,0,0.008,0.024,0.001,0.0,0.0,0.17500000000000002,0.0,0.0,0.014100000000000001,0.0,0.0,0.0,9851.0,0.0,0.17500000000000002
393492673,2,0,0.007,0.008,0.002,0.0,0.0,0.168,0.0,0.0,0.014100000000000001,0.0,0.0,0.0,13930.0,0.0,0.168
393495630,2,0,0.011,-0.002,-0.001,0.0,0.0,0.161,0.0,0.0,0.014100000000000001,0.0,0.0,0.0,16887.0,0.0,0.161
393500680,2,0,0.016,-0.018000000000000002,-0.002,0.0,0.0,0.14930000000000002,0.0,0.0,0.014100000000000001,0.0,0.0,0.0,21937.0,0.0,0.14930000000000002
393504682,2,0,0.009000000000000001,-0.019,0.0,0.0,0.0,0.14,0.0,0.0,0.0142,0.0,0.0,0.0,25939.0,0.0,0.14
393507673,2,0,0.008,-0.019,0.0,0.0,0.0,0.133,0.0,0.0,0.0142,0.0,0.0,0.0,0.0,0.0,0.133
393512677,2,0,0.004,-0.026000000000000002,-0.008,0.0,0.0,0.1213,0.0,0.0,0.0143,0.0,0.0,0.0,5004.0,0.0,0.1213
393516763,2,0,0.011,-0.023,0.003,0.0,0.0,0.112,0.0,0.0,0.014400000000000001,0.0,0.0,0.0,9090.0,0.0,0.112
393519677,2,0,0.009000000000000001,-0.023,0.005,0.0,0.0,0.10500000000000001,0.0,0.0,0.014400000000000001,0.0,0.0,0.0,12004.0,0.0,0.10500000000000001
393523766,2,0,-0.007,-0.024,0.001,0.0,0.0,0.09570000000000001,0.0,0.0,0.014400000000000001,0.0,0.0,0.0,16093.0,0.0,0.09570000000000001
393528597,2,0,-0.006,-0.032,0.005,0.0,0.0,0.084,0.0,0.0,0.0143,0.0,0.0,0.0,20924.0,0.0,0.084
393530735,2,0,-0.009000000000000001,-0.032,0.009000000000000001,0.0,0.0,0.07930000000000001,0.0,0.0,0.0142,0.0,0.0,0.0,23062.0,0.0,0.07930000000000001
393534736,2,0,0.0,-0.036000000000000004,0.003,0.0,0.0,0.07,0.0,0.0,0.014100000000000001,0.0,0.0,0.0,0.0,0.0,0.07
393538822,2,0,-0.004,-0.041,0.002,0.0,0.0,0.060700000000000004,0.0,0.0,0.013900000000000001,0.0,0.0,0.0,4086.0,0.0,0.060700000000000004
393543572,2,0,-0.006,-0.039,0.007,0.0,0.0,0.049,0.0,0.0,0.0137,0.0,0.0,0.0,8836.0,0.0,0.049
393547573,2,0,-0.009000000000000001,-0.035,0.003,0.0,0.0,0.0397,0.0,0.0,0.0135,0.0,0.0,0.0,12837.0,0.0,0.0397
393551892,2,0,-0.003,-0.048,-0.003,0.0,0.0,0.0303,0.0,0.0,0.013300000000000001,0.0,0.0,0.0,17156.0,0.0,0.0303
393556573,2,0,-0.007,-0.057,-0.005,0.0,0.0,0.0187,0.0,0.0,0.013000000000000001,0.0,0.0,0.0,21837.0,0.0,0.0187
393560678,2,0,-0.003,-0.076,-0.006,0.0,0.0,0.009300000000000001,0.0,0.0,0.0125,0.0,0.0,0.0,25942.0,0.0,0.009300000000000001
393562754,2,0,-0.005,-0.095,-0.001,0.0,0.0,0.0047,0.0,0.0,0.012,0.0,0.0,0.0,0.0,0.0,0.0047
393566759,2,0,-0.004,-0.124,-0.001,0.0,0.0,-0.0047,0.0,0.0,0.011300000000000001,0.0,0.0,0.0,4005.0,0.0,-0.0047
393571572,2,0,-0.004,-0.15,-0.006,0.0,0.0,-0.016300000000000002,0.0,0.0,0.0105,0.0,0.0,0.0,8818.0,0.0,-0.016300000000000002
393575764,2,0,-0.011,-0.189,0.001,0.0,0.0,-0.0257,0.0,0.0,0.0094,0.0,0.0,0.0,13010.0,0.0,-0.0257
393580765,2,0,-0.016,-0.211,0.0,0.0,0.0,-0.0373,0.0,0.0,0.0083,0.0,0.0,0.0,18011.0,0.0,-0.0373
393583679,2,0,-0.016,-0.212,0.003,0.0,0.0,-0.0443,0.0,0.0,0.0078000000000000005,0.0,0.0,0.0,20925.0,0.0,-0.0443
393588602,2,0,-0.021,-0.222,0.011,0.0,0.0,-0.056,0.0,0.0,0.006900000000000001,0.0,0.0,0.0,25848.0,0.0,-0.056
393590771,2,0,-0.013000000000000001,-0.219,0.016,0.0,0.0,-0.060700000000000004,0.0,0.0,0.0064,0.0,0.0,0.0,0.0,0.0,-0.060700000000000004
393594779,2,0,-0.003,-0.20400000000000001,0.017,0.0,0.0,-0.07,0.0,0.0,0.0057,0.0,0.0,0.0,4008.0,0.0,-0.07
393598850,2,0,0.001,-0.196,0.009000000000000001,0.0,0.0,-0.07930000000000001,0.0,0.0,0.0049,0.0,0.0,0.0,8079.0,0.0,-0.07930000000000001
393603578,2,0,0.0,-0.19,0.01,0.0,0.0,-0.091,0.0,0.0,0.004200000000000001,0.0,0.0,0.0,12807.0,0.0,-0.091
393608602,2,0,-0.005,-0.182,-0.001,0.0,0.0,-0.1027,0.0,0.0,0.0036000000000000003,0.0,0.0,0.0,17831.0,0.0,-0.1027
393612792,2,0,0.01,-0.187,0.0,0.0,0.0,-0.112,0.0,0.0,0.0029000000000000002,0.0,0.0,0.0,22021.0,0.0,-0.112
393615572,2,0,0.011,-0.187,0.001,0.0,0.0,-0.11900000000000001,0.0,0.0,0.0028,0.0,0.0,0.0,24801.0,0.0,-0.11900000000000001
393619785,2,0,0.012,-0.20600000000000002,-0.006,0.0,0.0,-0.1283,0.0,0.0,0.0017000000000000001,0.0,0.0,0.0,0.0,0.0,-0.1283
393624573,2,0,-0.004,-0.217,-0.009000000000000001,0.0,0.0,-0.14,0.0,0.0,0.0009000000000000001,0.0,0.0,0.0,4788.0,0.0,-0.14
393626798,2,0,0.006,-0.226,-0.011,0.0,0.0,-0.1447,0.0,0.0,0.0002,0.0,0.0,0.0,7013.0,0.0,-0.1447
393631570,2,0,0.008,-0.231,-0.009000000000000001,0.0,0.0,-0.1563,0.0,0.0,-0.0009000000000000001,0.0,0.0,0.0,11785.0,0.0,-0.1563
393635807,2,0,0.014,-0.23700000000000002,-0.003,0.0,0.0,-0.16570000000000001,0.0,0.0,-0.0022,0.0,0.0,0.0,16022.0,0.0,-0.16570000000000001
393640575,2,0,0.006,-0.244,-0.001,0.0,0.0,-0.17500000000000002,0.0,0.0,-0.0032,0.0,0.0,0.0,20790.0,0.0,-0.17500000000000002
393644578,2,0,0.011,-0.23500000000000001,-0.002,0.0,0.0,-0.17500000000000002,0.0,0.0,-0.0043,0.0,0.0,0.0,24793.0,0.0,-0.17500000000000002
393648799,2,0,0.013000000000000001,-0.229,0.008,0.0,0.0,-0.17500000000000002,0.0,0.0,-0.0055000000000000005,0.0,0.0,0.0,0.0,0.0,-0.17500000000000002
393650816,2,0,0.017,-0.224,0.01,0.0,0.0,-0.17500000000000002,0.0,0.0,-0.006,0.0,0.0,0.0,2017.0,0.0,-0.17500000000000002
393655577,2,0,0.01,-0.20800000000000002,0.012,0.0,0.0,-0.17500000000000002,0.0,0.0,-0.006900000000000001,0.0,0.0,0.0,6778.0,0.0,-0.17500000000000002
393660681,2,0,0.004,-0.185,0.007,0.0,0.0,-0.17500000000000002,0.0,0.0,-0.008,0.0,0.0,0.0,11882.0,0.0,-0.17500000000000002
393662814,2,0,0.001,-0.167,0.01,0.0,0.0,-0.17500000000000002,0.0,0.0,-0.0085,0.0,0.0,0.0,14015.0,0.0,-0.17500000000000002
393666815,2,0,0.009000000000000001,-0.166,0.005,0.0,0.0,-0.17500000000000002,0.0,0.0,-0.0091,0.0,0.0,0.0,18016.0,0.0,-0.17500000000000002
393671576,2,0,0.008,-0.147,0.005,0.0,0.0,-0.17500000000000002,0.0,0.0,-0.0098,0.0,0.0,0.0,22777.0,0.0,-0.17500000000000002
393675815,2,0,0.004,-0.145,0.0,0.0,0.0,-0.17500000000000002,0.0,0.0,-0.0106,0.0,0.0,0.0,0.0,0.0,-0.17500000000000002
393680772,2,0,-0.001,-0.137,-0.012,0.0,0.0,-0.17500000000000002,0.0,0.0,-0.0114,0.0,0.0,0.0,4957.0,0.0,-0.17500000000000002
393682815,2,0,0.004,-0.139,-0.014,0.0,0.0,-0.17500000000000002,0.0,0.0,-0.0117,0.0,0.0,0.0,7000.0,0.0,-0.17500000000000002
393687576,2,0,0.009000000000000001,-0.148,-0.011,0.0,0.0,-0.17500000000000002,0.0,0.0,-0.0123,0.0,0.0,0.0,11761.0,0.0,-0.17500000000000002
393691818,2,0,-0.001,-0.138,-0.018000000000000002,0.0,0.0,-0.17500000000000002,0.0,0.0,-0.0131,0.0,0.0,0.0,16003.0,0.0,-0.17500000000000002
393696814,2,0,-0.009000000000000001,-0.129,-0.009000000000000001,0.0,0.0,-0.17500000000000002,0.0,0.0,-0.013600000000000001,0.0,0.0,0.0,20999.0,0.0,-0.17500000000000002
393698819,2,0,-0.01,-0.129,-0.009000000000000001,0.0,0.0,-0.17500000000000002,0.0,0.0,-0.013800000000000002,0.0,0.0,0.0,23004.0,0.0,-0.17500000000000002
393703823,2,0,-0.003,-0.115,-0.003,0.0,0.0,-0.17500000000000002,0.0,0.0,-0.0142,0.0,0.0,0.0,0.0,0.0,-0.17500000000000002
393708601,2,0,-0.006,-0.10200000000000001,0.01,0.0,0.0,-0.17500000000000002,0.0,0.0,-0.0143,0.0,0.0,0.0,4778.0,0.0,-0.17500000000000002
393712784,2,0,-0.01,-0.096,0.015,0.0,0.0,-0.17500000000000002,0.0,0.0,-0.0146,0.0,0.0,0.0,8961.0,0.0,-0.17500000000000002
393714813,2,0,-0.012,-0.088,0.01,0.0,0.0,-0.17500000000000002,0.0,0.0,-0.0146,0.0,0.0,0.0,10990.0,0.0,-0.17500000000000002
393718833,2,0,-0.009000000000000001,-0.081,0.012,0.0,0.0,-0.17500000000000002,0.0,0.0,-0.014700000000000001,0.0,0.0,0.0,15010.0,0.0,-0.17500000000000002
393723836,2,0,0.0,-0.074,0.009000000000000001,0.0,0.0,-0.17500000000000002,0.0,0.0,-0.0149,0.0,0.0,0.0,20013.0,0.0,-0.17500000000000002
393728595,2,0,-0.004,-0.064,0.007,0.0,0.0,-0.17500000000000002,0.0,0.0,-0.0151,0.0,0.0,0.0,24772.0,0.0,-0.17500000000000002
393730817,2,0,-0.012,-0.063,0.003,0.0,0.0,-0.17500000000000002,0.0,0.0,-0.0152,0.0,0.0,0.0,0.0,0.0,-0.17500000000000002
393735576,2,0,-0.022,-0.054,0.002,0.0,0.0,-0.17500000000000002,0.0,0.0,-0.015300000000000001,0.0,0.0,0.0,4759.0,0.0,-0.17500000000000002
393739807,2,0,-0.008,-0.046,0.0,0.0,0.0,-0.17500000000000002,0.0,0.0,-0.0155,0.0,0.0,0.0,8990.0,0.0,-0.17500000000000002
393743980,2,0,0.002,-0.042,-0.004,0.0,0.0,-0.16570000000000001,0.0,0.0,-0.015700000000000002,0.0,0.0,0.0,13163.0,0.0,-0.16570000000000001
393748813,2,0,-0.001,-0.038,0.001,0.0,0.0,-0.154,0.0,0.0,-0.0159,0.0,0.0,0.0,17996.0,0.0,-0.154
393751531,2,0,-0.005,-0.031,-0.004,0.0,0.0,-0.14700000000000002,0.0,0.0,-0.016,0.0,0.0,0.0,20714.0,0.0,-0.14700000000000002
393755812,2,0,0.006,-0.025,-0.012,0.0,0.0,-0.13770000000000002,0.0,0.0,-0.016300000000000002,0.0,0.0,0.0,24995.0,0.0,-0.13770000000000002
393760681,2,0,0.009000000000000001,-0.017,-0.006,0.0,0.0,-0.126,0.0,0.0,-0.0164,0.0,0.0,0.0,0.0,0.0,-0.126
393762817,2,0,0.008,-0.003,-0.006,0.0,0.0,-0.1213,0.0,0.0,-0.0165,0.0,0.0,0.0,2136.0,0.0,-0.1213
393766821,2,0,0.006,0.003,-0.004,0.0,0.0,-0.112,0.0,0.0,-0.0166,0.0,0.0,0.0,6140.0,0.0,-0.112
393771570,2,0,0.005,0.011,0.002,0.0,0.0,-0.1003,0.0,0.0,-0.0166,0.0,0.0,0.0,10889.0,0.0,-0.1003
393775573,2,0,0.006,0.017,0.007,0.0,0.0,-0.091,0.0,0.0,-0.0166,0.0,0.0,0.0,14892.0,0.0,-0.091
393779830,2,0,0.021,0.025,0.008,0.0,0.0,-0.08170000000000001,0.0,0.0,-0.0166,0.0,0.0,0.0,19149.0,0.0,-0.08170000000000001
393783880,2,0,0.014,0.023,0.007,0.0,0.0,-0.0723,0.0,0.0,-0.0166,0.0,0.0,0.0,23199.0,0.0,-0.0723
393788884,2,0,0.002,0.025,-0.003,0.0,0.0,-0.060700000000000004,0.0,0.0,-0.0166,0.0,0.0,0.0,0.0,0.0,-0.060700000000000004
393791567,2,0,0.007,0.025,-0.003,0.0,0.0,-0.053700000000000005,0.0,0.0,-0.0165,0.0,0.0,0.0,2683.0,0.0,-0.053700000000000005
393795570,2,0,0.015,0.034,-0.008,0.0,0.0,-0.0443,0.0,0.0,-0.0164,0.0,0.0,0.0,6686.0,0.0,-0.0443
393799570,2,0,0.015,0.049,-0.007,0.0,0.0,-0.035,0.0,0.0,-0.0161,0.0,0.0,0.0,10686.0,0.0,-0.035
393803894,2,0,0.003,0.075,-0.008,0.0,0.0,-0.0257,0.0,0.0,-0.0155,0.0,0.0,0.0,15010.0,0.0,-0.0257
393808897,2,0,0.009000000000000001,0.12,-0.01,0.0,0.0,-0.014,0.0,0.0,-0.0149,0.0,0.0,0.0,20013.0,0.0,-0.014
393810952,2,0,0.01,0.131,-0.01,0.0,0.0,-0.009300000000000001,0.0,0.0,-0.0146,0.0,0.0,0.0,22068.0,0.0,-0.009300000000000001
393815569,2,0,0.008,0.16,0.001,0.0,0.0,0.0023,0.0,0.0,-0.014,0.0,0.0,0.0,0.0,0.0,0.0023
393819859,2,0,-0.004,0.20800000000000002,-0.01,0.0,0.0,0.0117,0.0,0.0,-0.012700000000000001,0.0,0.0,0.0,4290.0,0.0,0.0117
393823909,2,0,0.002,0.214,-0.006,0.0,0.0,0.021,0.0,0.0,-0.011600000000000001,0.0,0.0,0.0,8340.0,0.0,0.021
393828912,2,0,0.006,0.232,0.002,0.0,0.0,0.0327,0.0,0.0,-0.010400000000000001,0.0,0.0,0.0,13343.0,0.0,0.0327
393831569,2,0,0.011,0.221,0.003,0.0,0.0,0.0397,0.0,0.0,-0.01,0.0,0.0,0.0,16000.0,0.0,0.0397
393835870,2,0,-0.005,0.21,-0.001,0.0,0.0,0.049,0.0,0.0,-0.0091,0.0,0.0,0.0,20301.0,0.0,0.049
393839984,2,0,-0.012,0.19,0.002,0.0,0.0,0.058300000000000005,0.0,0.0,-0.0086,0.0,0.0,0.0,24415.0,0.0,0.058300000000000005
393844877,2,0,0.002,0.179,0.0,0.0,0.0,0.07,0.0,0.0,-0.0081,0.0,0.0,0.0,0.0,0.0,0.07
393846879,2,0,0.013000000000000001,0.166,-0.004,0.0,0.0,0.0747,0.0,0.0,-0.0078000000000000005,0.0,0.0,0.0,2002.0,0.0,0.0747
393851570,2,0,0.006,0.14200000000000002,-0.003,0.0,0.0,0.0863,0.0,0.0,-0.007500000000000001,0.0,0.0,0.0,6693.0,0.0,0.0863
393856570,2,0,-0.002,0.161,-0.005,0.0,0.0,0.098,0.0,0.0,-0.0068000000000000005,0.0,0.0,0.0,11693.0,0.0,0.098
393860682,2,0,-0.011,0.152,-0.01,0.0,0.0,0.1073,0.0,0.0,-0.006200000000000001,0.0,0.0,0.0,15805.0,0.0,0.1073
393862890,2,0,-0.001,0.169,-0.004,0.0,0.0,0.112,0.0,0.0,-0.0057,0.0,0.0,0.0,18013.0,0.0,0.112
393866896,2,0,0.009000000000000001,0.19,0.0,0.0,0.0,0.1213,0.0,0.0,-0.0049,0.0,0.0,0.0,22019.0,0.0,0.1213
393871573,2,0,0.001,0.195,0.001,0.0,0.0,0.133,0.0,0.0,-0.004200000000000001,0.0,0.0,0.0,0.0,0.0,0.133
393876570,2,0,-0.017,0.20500000000000002,0.007,0.0,0.0,0.1447,0.0,0.0,-0.0028,0.0,0.0,0.0,4997.0,0.0,0.1447
393878943,2,0,-0.017,0.21,0.004,0.0,0.0,0.14930000000000002,0.0,0.0,-0.0021000000000000003,0.0,0.0,0.0,7370.0,0.0,0.14930000000000002
393883569,2,0,-0.006,0.20500000000000002,0.005,0.0,0.0,0.161,0.0,0.0,-0.0012000000000000001,0.0,0.0,0.0,11996.0,0.0,0.161
393887624,2,0,-0.003,0.198,-0.001,0.0,0.0,0.1703,0.0,0.0,-0.0005,0.0,0.0,0.0,16051.0,0.0,0.1703
393891911,2,0,-0.011,0.186,-0.004,0.0,0.0,0.17500000000000002,0.0,0.0,0.0005,0.0,0.0,0.0,20338.0,0.0,0.17500000000000002
393896570,2,0,-0.015,0.166,-0.012,0.0,0.0,0.17500000000000002,0.0,0.0,0.0012000000000000001,0.0,0.0,0.0,24997.0,0.0,0.17500000000000002
393898963,2,0,-0.01,0.165,-0.008,0.0,0.0,0.17500000000000002,0.0,0.0,0.0018000000000000002,0.0,0.0,0.0,0.0,0.0,0.17500000000000002
393903573,2,0,-0.006,0.162,-0.004,0.0,0.0,0.17500000000000002,0.0,0.0,0.0023,0.0,0.0,0.0,4610.0,0.0,0.17500000000000002
393907924,2,0,-0.011,0.161,-0.008,0.0,0.0,0.17500000000000002,0.0,0.0,0.0035,0.0,0.0,0.0,8961.0,0.0,0.17500000000000002
393912927,2,0,-0.01,0.165,0.0,0.0,0.0,0.17500000000000002,0.0,0.0,0.0046,0.0,0.0,0.0,13964.0,0.0,0.17500000000000002
393914928,2,0,-0.008,0.166,0.003,0.0,0.0,0.17500000000000002,0.0,0.0,0.005,0.0,0.0,0.0,15965.0,0.0,0.17500000000000002
393918978,2,0,0.006,0.167,0.0,0.0,0.0,0.17500000000000002,0.0,0.0,0.0058000000000000005,0.0,0.0,0.0,20015.0,0.0,0.17500000000000002
393923589,2,0,0.008,0.165,0.001,0.0,0.0,0.17500000000000002,0.0,0.0,0.0066,0.0,0.0,0.0,24626.0,0.0,0.17500000000000002
393928574,2,0,0.01,0.158,0.0,0.0,0.0,0.17500000000000002,0.0,0.0,0.007500000000000001,0.0,0.0,0.0,0.0,0.0,0.17500000000000002
393930938,2,0,0.003,0.15,0.001,0.0,0.0,0.17500000000000002,0.0,0.0,0.0079,0.0,0.0,0.0,2364.0,0.0,0.17500000000000002
393935573,2,0,0.013000000000000001,0.139,0.004,0.0,0.0,0.17500000000000002,0.0,0.0,0.0083,0.0,0.0,0.0,6999.0,0.0,0.17500000000000002
393939947,2,0,0.005,0.12,0.007,0.0,0.0,0.17500000000000002,0.0,0.0,0.0089,0.0,0.0,0.0,11373.0,0.0,0.17500000000000002
393943996,2,0,-0.003,0.10400000000000001,0.007,0.0,0.0,0.17500000000000002,0.0,0.0,0.009300000000000001,0.0,0.0,0.0,15422.0,0.0,0.17500000000000002
393948999,2,0,0.012,0.092,0.0,0.0,0.0,0.17500000000000002,0.0,0.0,0.009600000000000001,0.0,0.0,0.0,20425.0,0.0,0.17500000000000002
393951568,2,0,0.015,0.085,-0.001,0.0,0.0,0.17500000000000002,0.0,0.0,0.0097,0.0,0.0,0.0,22994.0,0.0,0.17500000000000002
393955957,2,0,0.009000000000000001,0.082,0.002,0.0,0.0,0.17500000000000002,0.0,0.0,0.01,0.0,0.0,0.0,0.0,0.0,0.17500000000000002
393960676,2,0,0.015,0.08,-0.007,0.0,0.0,0.17500000000000002,0.0,0.0,0.0103,0.0,0.0,0.0,4719.0,0.0,0.17500000000000002
393962963,2,0,0.018000000000000002,0.078,-0.011,0.0,0.0,0.17500000000000002,0.0,0.0,0.0106,0.0,0.0,0.0,7006.0,0.0,0.17500000000000002
393967572,2,0,0.024,0.07200000000000001,-0.003,0.0,0.0,0.17500000000000002,0.0,0.0,0.0108,0.0,0.0,0.0,11615.0,0.0,0.17500000000000002
393971968,2,0,0.019,0.078,-0.011,0.0,0.0,0.17500000000000002,0.0,0.0,0.011300000000000001,0.0,0.0,0.0,16011.0,0.0,0.17500000000000002
393976570,2,0,0.01,0.064,-0.002,0.0,0.0,0.17500000000000002,0.0,0.0,0.0115,0.0,0.0,0.0,20613.0,0.0,0.17500000000000002
393979021,2,0,0.01,0.061,0.01,0.0,0.0,0.17500000000000002,0.0,0.0,0.0117,0.0,0.0,0.0,23064.0,0.0,0.17500000000000002
393983592,2,0,0.015,0.049,0.003,0.0,0.0,0.17500000000000002,0.0,0.0,0.0118,0.0,0.0,0.0,0.0,0.0,0.17500000000000002
393987989,2,0,0.013000000000000001,0.028,0.004,0.0,0.0,0.17500000000000002,0.0,0.0,0.0119,0.0,0.0,0.0,4397.0,0.0,0.17500000000000002
393992570,2,0,0.007,0.01,0.006,0.0,0.0,0.168,0.0,0.0,0.012,0.0,0.0,0.0,8978.0,0.0,0.168
393994986,2,0,0.01,0.0,0.002,0.0,0.0,0.1633,0.0,0.0,0.0119,0.0,0.0,0.0,11394.0,0.0,0.1633
393999574,2,0,0.014,-0.006,-0.005,0.0,0.0,0.1517,0.0,0.0,0.0119,0.0,0.0,0.0,15982.0,0.0,0.1517
394004038,2,0,0.015,-0.017,0.002,0.0,0.0,0.1423,0.0,0.0,0.012,0.0,0.0,0.0,20446.0,0.0,0.1423
394009043,2,0,0.009000000000000001,-0.019,-0.006,0.0,0.0,0.1307,0.0,0.0,0.012100000000000001,0.0,0.0,0.0,25451.0,0.0,0.1307
394011044,2,0,0.006,-0.023,-0.006,0.0,0.0,0.126,0.0,0.0,0.012100000000000001,0.0,0.0,0.0,0.0,0.0,0.126
394016002,2,0,0.003,-0.02,0.001,0.0,0.0,0.1143,0.0,0.0,0.0122,0.0,0.0,0.0,4958.0,0.0,0.1143
394020005,2,0,0.004,-0.022,0.003,0.0,0.0,0.10500000000000001,0.0,0.0,0.0123,0.0,0.0,0.0,8961.0,0.0,0.10500000000000001
394025008,2,0,-0.004,-0.028,-0.002,0.0,0.0,0.09330000000000001,0.0,0.0,0.0123,0.0,0.0,0.0,13964.0,0.0,0.09330000000000001
394027568,2,0,-0.007,-0.031,0.002,0.0,0.0,0.0863,0.0,0.0,0.0122,0.0,0.0,0.0,16524.0,0.0,0.0863
394031573,2,0,-0.015,-0.034,0.008,0.0,0.0,0.077,0.0,0.0,0.0122,0.0,0.0,0.0,20529.0,0.0,0.077
394036568,2,0,-0.006,-0.037,-0.001,0.0,0.0,0.0653,0.0,0.0,0.012,0.0,0.0,0.0,25524.0,0.0,0.0653
394040569,2,0,-0.004,-0.046,0.006,0.0,0.0,0.056,0.0,0.0,0.0119,0.0,0.0,0.0,0.0,0.0,0.056
394045022,2,0,-0.01,-0.038,0.004,0.0,0.0,0.046700000000000005,0.0,0.0,0.011600000000000001,0.0,0.0,0.0,4453.0,0.0,0.046700000000000005
394047026,2,0,-0.015,-0.037,-0.001,0.0,0.0,0.042,0.0,0.0,0.0115,0.0,0.0,0.0,6457.0,0.0,0.042
394051569,2,0,-0.011,-0.045,-0.004,0.0,0.0,0.0303,0.0,0.0,0.011300000000000001,0.0,0.0,0.0,11000.0,0.0,0.0303
394056030,2,0,-0.009000000000000001,-0.063,-0.002,0.0,0.0,0.021,0.0,0.0,0.011000000000000001,0.0,0.0,0.0,15461.0,0.0,0.021
394060676,2,0,-0.01,-0.081,-0.004,0.0,0.0,0.009300000000000001,0.0,0.0,0.0105,0.0,0.0,0.0,20107.0,0.0,0.009300000000000001
394063597,2,0,-0.006,-0.08600000000000001,-0.003,0.0,0.0,0.0023,0.0,0.0,0.0102,0.0,0.0,0.0,23028.0,0.0,0.0023
394068040,2,0,-0.013000000000000001,-0.131,-0.003,0.0,0.0,-0.007,0.0,0.0,0.0091,0.0,0.0,0.0,0.0,0.0,-0.007
394072040,2,0,-0.016,-0.161,-0.004,0.0,0.0,-0.016300000000000002,0.0,0.0,0.0083,0.0,0.0,0.0,4000.0,0.0,-0.016300000000000002
394076569,2,0,-0.007,-0.191,-0.006,0.0,0.0,-0.028,0.0,0.0,0.0074,0.0,0.0,0.0,8529.0,0.0,-0.028
394079093,2,0,-0.006,-0.203,0.0,0.0,0.0,-0.0327,0.0,0.0,0.0067,0.0,0.0,0.0,11053.0,0.0,-0.0327
394083590,2,0,-0.016,-0.212,0.003,0.0,0.0,-0.0443,0.0,0.0,0.0058000000000000005,0.0,0.0,0.0,15550.0,0.0,-0.0443
394088052,2,0,-0.026000000000000002,-0.217,0.011,0.0,0.0,-0.053700000000000005,0.0,0.0,0.0049,0.0,0.0,0.0,20012.0,0.0,-0.053700000000000005
394092058,2,0,-0.014,-0.212,0.014,0.0,0.0,-0.063,0.0,0.0,0.004200000000000001,0.0,0.0,0.0,24018.0,0.0,-0.063
394096163,2,0,0.001,-0.2,0.016,0.0,0.0,-0.0747,0.0,0.0,0.0036000000000000003,0.0,0.0,0.0,0.0,0.0,-0.0747
394100570,2,0,0.001,-0.199,0.013000000000000001,0.0,0.0,-0.084,0.0,0.0,0.0028,0.0,0.0,0.0,4407.0,0.0,-0.084
394103063,2,0,-0.009000000000000001,-0.186,0.009000000000000001,0.0,0.0,-0.0887,0.0,0.0,0.0025,0.0,0.0,0.0,6900.0,0.0,-0.0887
394107068,2,0,-0.006,-0.179,0.002,0.0,0.0,-0.098,0.0,0.0,0.002,0.0,0.0,0.0,10905.0,0.0,-0.098
394111568,2,0,0.011,-0.191,-0.004,0.0,0.0,-0.1097,0.0,0.0,0.0015,0.0,0.0,0.0,15405.0,0.0,-0.1097
394116573,2,0,0.014,-0.189,-0.001,0.0,0.0,-0.1213,0.0,0.0,0.0007,0.0,0.0,0.0,20410.0,0.0,-0.1213
394119122,2,0,0.015,-0.2,0.001,0.0,0.0,-0.1283,0.0,0.0,0.0002,0.0,0.0,0.0,22959.0,0.0,-0.1283
394123592,2,0,0.004,-0.217,-0.007,0.0,0.0,-0.13770000000000002,0.0,0.0,-0.0006000000000000001,0.0,0.0,0.0,0.0,0.0,-0.13770000000000002
394128187,2,0,0.007,-0.228,-0.008,0.0,0.0,-0.14930000000000002,0.0,0.0,-0.0018000000000000002,0.0,0.0,0.0,4595.0,0.0,-0.14930000000000002
394133083,2,0,0.014,-0.228,-0.008,0.0,0.0,-0.1587,0.0,0.0,-0.003,0.0,0.0,0.0,9491.0,0.0,-0.1587
394135526,2,0,0.014,-0.23,-0.006,0.0,0.0,-0.16570000000000001,0.0,0.0,-0.0035,0.0,0.0,0.0,11934.0,0.0,-0.16570000000000001
394140089,2,0,0.005,-0.245,0.0,0.0,0.0,-0.17500000000000002,0.0,0.0,-0.0048000000000000004,0.0,0.0,0.0,16497.0,0.0,-0.17500000000000002
394144142,2,0,0.009000000000000001,-0.23500000000000001,-0.002,0.0,0.0,-0.17500000000000002,0.0,0.0,-0.0058000000000000005,0.0,0.0,0.0,20550.0,0.0,-0.17500000000000002
394148570,2,0,0.02,-0.232,0.003,0.0,0.0,-0.17500000000000002,0.0,0.0,-0.0068000000000000005,0.0,0.0,0.0,24978.0,0.0,-0.17500000000000002
394152570,2,0,0.027,-0.219,0.01,0.0,0.0,-0.17500000000000002,0.0,0.0,-0.0078000000000000005,0.0,0.0,0.0,0.0,0.0,-0.17500000000000002
394155100,2,0,0.019,-0.21,0.013000000000000001,0.0,0.0,-0.17500000000000002,0.0,0.0,-0.0085,0.0,0.0,0.0,2530.0,0.0,-0.17500000000000002
394159573,2,0,0.011,-0.2,0.01,0.0,0.0,-0.17500000000000002,0.0,0.0,-0.0091,0.0,0.0,0.0,7003.0,0.0,-0.17500000000000002
394164155,2,0,0.006,-0.18,0.007,0.0,0.0,-0.17500000000000002,0.0,0.0,-0.0102,0.0,0.0,0.0,11585.0,0.0,-0.17500000000000002
394169160,2,0,0.009000000000000001,-0.164,0.004,0.0,0.0,-0.17500000000000002,0.0,0.0,-0.0111,0.0,0.0,0.0,16590.0,0.0,-0.17500000000000002
394171566,2,0,0.008,-0.153,0.005,0.0,0.0,-0.17500000000000002,0.0,0.0,-0.0115,0.0,0.0,0.0,18996.0,0.0,-0.17500000000000002
394176116,2,0,0.003,-0.154,0.003,0.0,0.0,-0.17500000000000002,0.0,0.0,-0.0123,0.0,0.0,0.0,23546.0,0.0,-0.17500000000000002
394180122,2,0,0.0,-0.135,-0.002,0.0,0.0,-0.17500000000000002,0.0,0.0,-0.013000000000000001,0.0,0.0,0.0,0.0,0.0,-0.17500000000000002
394184172,2,0,0.01,-0.146,-0.007,0.0,0.0,-0.17500000000000002,0.0,0.0,-0.013600000000000001,0.0,0.0,0.0,4050.0,0.0,-0.17500000000000002
394188570,2,0,0.008,-0.146,-0.009000000000000001,0.0,0.0,-0.17500000000000002,0.0,0.0,-0.0142,0.0,0.0,0.0,8448.0,0.0,-0.17500000000000002
394191573,2,0,0.011,-0.139,-0.009000000000000001,0.0,0.0,-0.17500000000000002,0.0,0.0,-0.0145,0.0,0.0,0.0,11451.0,0.0,-0.17500000000000002
394196570,2,0,-0.013000000000000001,-0.13,-0.01,0.0,0.0,-0.17500000000000002,0.0,0.0,-0.0152,0.0,0.0,0.0,16448.0,0.0,-0.17500000000000002
394199179,2,0,-0.017,-0.131,-0.014,0.0,0.0,-0.17500000000000002,0.0,0.0,-0.0155,0.0,0.0,0.0,19057.0,0.0,-0.17500000000000002
394203591,2,0,-0.011,-0.115,-0.007,0.0,0.0,-0.17500000000000002,0.0,0.0,-0.0158,0.0,0.0,0.0,23469.0,0.0,-0.17500000000000002
394208570,2,0,-0.004,-0.107,0.011,0.0,0.0,-0.17500000000000002,0.0,0.0,-0.0161,0.0,0.0,0.0,0.0,0.0,-0.17500000000000002
394213143,2,0,-0.017,-0.097,0.009000000000000001,0.0,0.0,-0.17500000000000002,0.0,0.0,-0.0164,0.0,0.0,0.0,4573.0,0.0,-0.17500000000000002
394215145,2,0,-0.018000000000000002,-0.09,0.008,0.0,0.0,-0.17500000000000002,0.0,0.0,-0.0165,0.0,0.0,0.0,6575.0,0.0,-0.17500000000000002
394219196,2,0,-0.011,-0.083,0.007,0.0,0.0,-0.17500000000000002,0.0,0.0,-0.0166,0.0,0.0,0.0,10626.0,0.0,-0.17500000000000002
394223596,2,0,-0.002,-0.074,0.003,0.0,0.0,-0.17500000000000002,0.0,0.0,-0.0167,0.0,0.0,0.0,15026.0,0.0,-0.17500000000000002
394228153,2,0,-0.014,-0.058,0.009000000000000001,0.0,0.0,-0.17500000000000002,0.0,0.0,-0.016800000000000002,0.0,0.0,0.0,19583.0,0.0,-0.17500000000000002
394232171,2,0,-0.021,-0.043000000000000003,0.004,0.0,0.0,-0.17500000000000002,0.0,0.0,-0.016800000000000002,0.0,0.0,0.0,23601.0,0.0,-0.17500000000000002
394236569,2,0,-0.014,-0.035,-0.006,0.0,0.0,-0.17500000000000002,0.0,0.0,-0.016800000000000002,0.0,0.0,0.0,0.0,0.0,-0.17500000000000002
394239209,2,0,-0.008,-0.033,-0.003,0.0,0.0,-0.17500000000000002,0.0,0.0,-0.016900000000000002,0.0,0.0,0.0,2640.0,0.0,-0.17500000000000002
394243801,2,0,0.0,-0.027,0.001,0.0,0.0,-0.16570000000000001,0.0,0.0,-0.017,0.0,0.0,0.0,7232.0,0.0,-0.16570000000000001
394248170,2,0,-0.008,-0.026000000000000002,-0.009000000000000001,0.0,0.0,-0.154,0.0,0.0,-0.0172,0.0,0.0,0.0,11601.0,0.0,-0.154
394252567,2,0,-0.004,-0.016,-0.01,0.0,0.0,-0.1447,0.0,0.0,-0.017400000000000002,0.0,0.0,0.0,15998.0,0.0,-0.1447
394257174,2,0,0.002,-0.016,-0.01,0.0,0.0,-0.133,0.0,0.0,-0.0177,0.0,0.0,0.0,20605.0,0.0,-0.133
394259224,2,0,0.006,-0.013000000000000001,-0.008,0.0,0.0,-0.1283,0.0,0.0,-0.0177,0.0,0.0,0.0,22655.0,0.0,-0.1283
394263526,2,0,0.006,-0.004,-0.006,0.0,0.0,-0.11900000000000001,0.0,0.0,-0.0178,0.0,0.0,0.0,0.0,0.0,-0.11900000000000001
394267569,2,0,0.003,0.008,-0.005,0.0,0.0,-0.1097,0.0,0.0,-0.0179,0.0,0.0,0.0,4043.0,0.0,-0.1097
394272570,2,0,0.0,0.021,0.004,0.0,0.0,-0.098,0.0,0.0,-0.0179,0.0,0.0,0.0,9044.0,0.0,-0.098
394275196,2,0,0.005,0.028,0.005,0.0,0.0,-0.091,0.0,0.0,-0.0178,0.0,0.0,0.0,11670.0,0.0,-0.091
394280192,2,0,0.014,0.028,0.01,0.0,0.0,-0.07930000000000001,0.0,0.0,-0.0178,0.0,0.0,0.0,16666.0,0.0,-0.07930000000000001
394285200,2,0,0.003,0.031,0.0,0.0,0.0,-0.06770000000000001,0.0,0.0,-0.0177,0.0,0.0,0.0,21674.0,0.0,-0.06770000000000001
394287575,2,0,0.003,0.034,-0.001,0.0,0.0,-0.063,0.0,0.0,-0.0177,0.0,0.0,0.0,24049.0,0.0,-0.063
394292533,2,0,0.01,0.027,-0.004,0.0,0.0,-0.051300000000000005,0.0,0.0,-0.0176,0.0,0.0,0.0,0.0,0.0,-0.051300000000000005
394296569,2,0,0.014,0.04,-0.004,0.0,0.0,-0.042,0.0,0.0,-0.017400000000000002,0.0,0.0,0.0,4036.0,0.0,-0.042
394300569,2,0,0.008,0.059000000000000004,-0.007,0.0,0.0,-0.0327,0.0,0.0,-0.0171,0.0,0.0,0.0,8036.0,0.0,-0.0327
394303209,2,0,0.003,0.07100000000000001,-0.003,0.0,0.0,-0.0257,0.0,0.0,-0.0167,0.0,0.0,0.0,10676.0,0.0,-0.0257
394307569,2,0,0.008,0.111,-0.011,0.0,0.0,-0.016300000000000002,0.0,0.0,-0.0162,0.0,0.0,0.0,15036.0,0.0,-0.016300000000000002
394313215,2,0,0.022,0.15,-0.007,0.0,0.0,-0.0023,0.0,0.0,-0.015300000000000001,0.0,0.0,0.0,20682.0,0.0,-0.0023
394315219,2,0,0.016,0.171,-0.007,0.0,0.0,0.0023,0.0,0.0,-0.015000000000000001,0.0,0.0,0.0,22686.0,0.0,0.0023
394319574,2,0,0.009000000000000001,0.20800000000000002,-0.008,0.0,0.0,0.0117,0.0,0.0,-0.0142,0.0,0.0,0.0,0.0,0.0,0.0117
394324268,2,0,0.0,0.223,-0.007,0.0,0.0,0.0233,0.0,0.0,-0.012400000000000001,0.0,0.0,0.0,4694.0,0.0,0.0233
394328569,2,0,0.005,0.241,0.003,0.0,0.0,0.0327,0.0,0.0,-0.0114,0.0,0.0,0.0,8995.0,0.0,0.0327
394331230,2,0,0.009000000000000001,0.23,0.006,0.0,0.0,0.0397,0.0,0.0,-0.0108,0.0,0.0,0.0,11656.0,0.0,0.0397
394335569,2,0,-0.002,0.221,-0.001,0.0,0.0,0.049,0.0,0.0,-0.01,0.0,0.0,0.0,15995.0,0.0,0.049
394340233,2,0,-0.009000000000000001,0.194,-0.002,0.0,0.0,0.060700000000000004,0.0,0.0,-0.009300000000000001,0.0,0.0,0.0,20659.0,0.0,0.060700000000000004
394344284,2,0,0.003,0.184,0.006,0.0,0.0,0.07,0.0,0.0,-0.0089,0.0,0.0,0.0,24710.0,0.0,0.07
394349323,2,0,0.014,0.148,-0.002,0.0,0.0,0.08170000000000001,0.0,0.0,-0.008400000000000001,0.0,0.0,0.0,0.0,0.0,0.08170000000000001
394351574,2,0,0.009000000000000001,0.145,-0.002,0.0,0.0,0.0863,0.0,0.0,-0.0083,0.0,0.0,0.0,2251.0,0.0,0.0863
394356532,2,0,0.003,0.159,0.0,0.0,0.0,0.098,0.0,0.0,-0.007500000000000001,0.0,0.0,0.0,7209.0,0.0,0.098
394360639,2,0,-0.005,0.149,-0.008,0.0,0.0,0.1073,0.0,0.0,-0.007,0.0,0.0,0.0,11316.0,0.0,0.1073
394363257,2,0,0.01,0.166,-0.003,0.0,0.0,0.1143,0.0,0.0,-0.006500000000000001,0.0,0.0,0.0,13934.0,0.0,0.1143
394367567,2,0,0.004,0.19,0.006,0.0,0.0,0.1237,0.0,0.0,-0.0056,0.0,0.0,0.0,18244.0,0.0,0.1237
394371568,2,0,-0.001,0.2,0.011,0.0,0.0,0.133,0.0,0.0,-0.0047,0.0,0.0,0.0,22245.0,0.0,0.133
394376258,2,0,-0.016,0.20600000000000002,0.0,0.0,0.0,0.1447,0.0,0.0,-0.0034000000000000002,0.0,0.0,0.0,0.0,0.0,0.1447
394380299,2,0,-0.006,0.21,-0.001,0.0,0.0,0.154,0.0,0.0,-0.0025,0.0,0.0,0.0,4041.0,0.0,0.154
394384568,2,0,0.005,0.20400000000000001,0.007,0.0,0.0,0.1633,0.0,0.0,-0.0016,0.0,0.0,0.0,8310.0,0.0,0.1633
394389315,2,0,-0.009000000000000001,0.2,-0.002,0.0,0.0,0.17500000000000002,0.0,0.0,-0.0006000000000000001,0.0,0.0,0.0,13057.0,0.0,0.17500000000000002
394391526,2,0,-0.008,0.194,0.0,0.0,0.0,0.17500000000000002,0.0,0.0,-0.0002,0.0,0.0,0.0,15268.0,0.0,0.17500000000000002
394396308,2,0,-0.012,0.17200000000000001,-0.012,0.0,0.0,0.17500000000000002,0.0,0.0,0.0007,0.0,0.0,0.0,20050.0,0.0,0.17500000000000002
394400311,2,0,-0.006,0.17200000000000001,-0.011,0.0,0.0,0.17500000000000002,0.0,0.0,0.0015,0.0,0.0,0.0,24053.0,0.0,0.17500000000000002
394405280,2,0,-0.004,0.162,-0.003,0.0,0.0,0.17500000000000002,0.0,0.0,0.0025,0.0,0.0,0.0,0.0,0.0,0.17500000000000002
394407286,2,0,-0.012,0.164,-0.006,0.0,0.0,0.17500000000000002,0.0,0.0,0.0028,0.0,0.0,0.0,2006.0,0.0,0.17500000000000002
394411531,2,0,-0.015,0.17,-0.004,0.0,0.0,0.17500000000000002,0.0,0.0,0.0037,0.0,0.0,0.0,6251.0,0.0,0.17500000000000002
394415609,2,0,-0.008,0.17,0.0,0.0,0.0,0.17500000000000002,0.0,0.0,0.0043,0.0,0.0,0.0,10329.0,0.0,0.17500000000000002
394420291,2,0,0.006,0.169,-0.004,0.0,0.0,0.17500000000000002,0.0,0.0,0.0055000000000000005,0.0,0.0,0.0,15011.0,0.0,0.17500000000000002
394424531,2,0,0.012,0.164,0.0,0.0,0.0,0.17500000000000002,0.0,0.0,0.0063,0.0,0.0,0.0,19251.0,0.0,0.17500000000000002
394428532,2,0,0.003,0.158,0.003,0.0,0.0,0.17500000000000002,0.0,0.0,0.006900000000000001,0.0,0.0,0.0,23252.0,0.0,0.17500000000000002
394431337,2,0,-0.007,0.153,0.001,0.0,0.0,0.17500000000000002,0.0,0.0,0.0073,0.0,0.0,0.0,0.0,0.0,0.17500000000000002
394435568,2,0,-0.001,0.146,0.003,0.0,0.0,0.17500000000000002,0.0,0.0,0.0079,0.0,0.0,0.0,4231.0,0.0,0.17500000000000002
394440531,2,0,0.002,0.123,0.005,0.0,0.0,0.17500000000000002,0.0,0.0,0.008400000000000001,0.0,0.0,0.0,9194.0,0.0,0.17500000000000002
394445345,2,0,-0.001,0.113,0.005,0.0,0.0,0.17500000000000002,0.0,0.0,0.0089,0.0,0.0,0.0,14008.0,0.0,0.17500000000000002
394447611,2,0,-0.001,0.111,0.003,0.0,0.0,0.17500000000000002,0.0,0.0,0.0089,0.0,0.0,0.0,16274.0,0.0,0.17500000000000002
394452532,2,0,0.004,0.095,-0.002,0.0,0.0,0.17500000000000002,0.0,0.0,0.0094,0.0,0.0,0.0,21195.0,0.0,0.17500000000000002
394455352,2,0,0.003,0.091,-0.001,0.0,0.0,0.17500000000000002,0.0,0.0,0.009600000000000001,0.0,0.0,0.0,24015.0,0.0,0.17500000000000002
394459402,2,0,0.009000000000000001,0.091,-0.008,0.0,0.0,0.17500000000000002,0.0,0.0,0.0099,0.0,0.0,0.0,0.0,0.0,0.17500000000000002
394464365,2,0,0.023,0.08600000000000001,-0.005,0.0,0.0,0.17500000000000002,0.0,0.0,0.010400000000000001,0.0,0.0,0.0,4963.0,0.0,0.17500000000000002
394468531,2,0,0.013000000000000001,0.083,-0.006,0.0,0.0,0.17500000000000002,0.0,0.0,0.010700000000000001,0.0,0.0,0.0,9129.0,0.0,0.17500000000000002
394472567,2,0,0.007,0.076,-0.008,0.0,0.0,0.17500000000000002,0.0,0.0,0.0111,0.0,0.0,0.0,13165.0,0.0,0.17500000000000002
394475381,2,0,0.011,0.068,-0.002,0.0,0.0,0.17500000000000002,0.0,0.0,0.011300000000000001,0.0,0.0,0.0,15979.0,0.0,0.17500000000000002
394479574,2,0,0.014,0.065,0.003,0.0,0.0,0.17500000000000002,0.0,0.0,0.0115,0.0,0.0,0.0,20172.0,0.0,0.17500000000000002
394484382,2,0,0.013000000000000001,0.045,0.0,0.0,0.0,0.17500000000000002,0.0,0.0,0.0117,0.0,0.0,0.0,24980.0,0.0,0.17500000000000002
394488531,2,0,0.007,0.023,0.004,0.0,0.0,0.17500000000000002,0.0,0.0,0.0118,0.0,0.0,0.0,0.0,0.0,0.17500000000000002
394492531,2,0,0.007,0.01,0.005,0.0,0.0,0.168,0.0,0.0,0.0119,0.0,0.0,0.0,4000.0,0.0,0.168
394497382,2,0,0.014,-0.008,-0.006,0.0,0.0,0.1563,0.0,0.0,0.0119,0.0,0.0,0.0,8851.0,0.0,0.1563
394499431,2,0,0.018000000000000002,-0.012,-0.004,0.0,0.0,0.1517,0.0,0.0,0.0119,0.0,0.0,0.0,10900.0,0.0,0.1517
394504433,2,0,0.012,-0.017,0.002,0.0,0.0,0.14,0.0,0.0,0.0119,0.0,0.0,0.0,15902.0,0.0,0.14
394509438,2,0,0.005,-0.017,-0.001,0.0,0.0,0.1283,0.0,0.0,0.012100000000000001,0.0,0.0,0.0,20907.0,0.0,0.1283
394511575,2,0,0.006,-0.02,-0.002,0.0,0.0,0.1237,0.0,0.0,0.012100000000000001,0.0,0.0,0.0,23044.0,0.0,0.1237
394516530,2,0,0.011,-0.021,0.0,0.0,0.0,0.112,0.0,0.0,0.0123,0.0,0.0,0.0,0.0,0.0,0.112
394521398,2,0,0.0,-0.024,0.002,0.0,0.0,0.1003,0.0,0.0,0.0123,0.0,0.0,0.0,4868.0,0.0,0.1003
394523402,2,0,-0.004,-0.025,0.001,0.0,0.0,0.09570000000000001,0.0,0.0,0.0123,0.0,0.0,0.0,6872.0,0.0,0.09570000000000001
394527567,2,0,-0.006,-0.031,0.005,0.0,0.0,0.0863,0.0,0.0,0.0122,0.0,0.0,0.0,11037.0,0.0,0.0863
394532567,2,0,-0.006,-0.032,0.01,0.0,0.0,0.0747,0.0,0.0,0.012100000000000001,0.0,0.0,0.0,16037.0,0.0,0.0747
394535427,2,0,-0.004,-0.034,0.008,0.0,0.0,0.06770000000000001,0.0,0.0,0.012,0.0,0.0,0.0,18897.0,0.0,0.06770000000000001
394539530,2,0,-0.004,-0.044,0.006,0.0,0.0,0.058300000000000005,0.0,0.0,0.0119,0.0,0.0,0.0,23000.0,0.0,0.058300000000000005
394543575,2,0,-0.007,-0.04,0.004,0.0,0.0,0.049,0.0,0.0,0.0117,0.0,0.0,0.0,0.0,0.0,0.049
394548419,2,0,-0.011,-0.041,0.004,0.0,0.0,0.0373,0.0,0.0,0.0114,0.0,0.0,0.0,4844.0,0.0,0.0373
394552530,2,0,-0.012,-0.055,-0.001,0.0,0.0,0.028,0.0,0.0,0.0112,0.0,0.0,0.0,8955.0,0.0,0.028
394556530,2,0,-0.008,-0.065,-0.002,0.0,0.0,0.0187,0.0,0.0,0.0108,0.0,0.0,0.0,12955.0,0.0,0.0187
394560676,2,0,-0.004,-0.078,0.003,0.0,0.0,0.009300000000000001,0.0,0.0,0.0103,0.0,0.0,0.0,17101.0,0.0,0.009300000000000001
394563430,2,0,-0.002,-0.098,0.001,0.0,0.0,0.0023,0.0,0.0,0.0098,0.0,0.0,0.0,19855.0,0.0,0.0023
394567436,2,0,-0.006,-0.131,-0.005,0.0,0.0,-0.007,0.0,0.0,0.0091,0.0,0.0,0.0,23861.0,0.0,-0.007
394571530,2,0,-0.01,-0.159,-0.007,0.0,0.0,-0.016300000000000002,0.0,0.0,0.0083,0.0,0.0,0.0,0.0,0.0,-0.016300000000000002
394575575,2,0,-0.009000000000000001,-0.181,-0.005,0.0,0.0,-0.0257,0.0,0.0,0.0076,0.0,0.0,0.0,4045.0,0.0,-0.0257
394580442,2,0,-0.012,-0.196,-0.002,0.0,0.0,-0.0373,0.0,0.0,0.0063,0.0,0.0,0.0,8912.0,0.0,-0.0373
394584491,2,0,-0.021,-0.20400000000000001,0.007,0.0,0.0,-0.046700000000000005,0.0,0.0,0.0055000000000000005,0.0,0.0,0.0,12961.0,0.0,-0.046700000000000005
394588530,2,0,-0.02,-0.20500000000000002,0.012,0.0,0.0,-0.056,0.0,0.0,0.0049,0.0,0.0,0.0,17000.0,0.0,-0.056
394593452,2,0,-0.007,-0.192,0.016,0.0,0.0,-0.06770000000000001,0.0,0.0,0.004200000000000001,0.0,0.0,0.0,21922.0,0.0,-0.06770000000000001
394595457,2,0,-0.002,-0.187,0.013000000000000001,0.0,0.0,-0.0723,0.0,0.0,0.0038,0.0,0.0,0.0,23927.0,0.0,-0.0723
394600462,2,0,-0.004,-0.185,0.015,0.0,0.0,-0.084,0.0,0.0,0.0031000000000000003,0.0,0.0,0.0,0.0,0.0,-0.084
394605463,2,0,-0.009000000000000001,-0.17200000000000001,0.002,0.0,0.0,-0.09570000000000001,0.0,0.0,0.0025,0.0,0.0,0.0,5001.0,0.0,-0.09570000000000001
394607574,2,0,-0.008,-0.17500000000000002,0.001,0.0,0.0,-0.1003,0.0,0.0,0.0024000000000000002,0.0,0.0,0.0,7112.0,0.0,-0.1003
394613467,2,0,0.016,-0.182,-0.003,0.0,0.0,-0.1143,0.0,0.0,0.0014,0.0,0.0,0.0,13005.0,0.0,-0.1143
394615471,2,0,0.014,-0.187,0.0,0.0,0.0,-0.11900000000000001,0.0,0.0,0.0011,0.0,0.0,0.0,15009.0,0.0,-0.11900000000000001
394620479,2,0,0.002,-0.214,-0.007,0.0,0.0,-0.1307,0.0,0.0,0.0001,0.0,0.0,0.0,20017.0,0.0,-0.1307
394625474,2,0,0.001,-0.219,-0.011,0.0,0.0,-0.1423,0.0,0.0,-0.001,0.0,0.0,0.0,25012.0,0.0,-0.1423
394627481,2,0,0.008,-0.224,-0.008,0.0,0.0,-0.14700000000000002,0.0,0.0,-0.0015,0.0,0.0,0.0,0.0,0.0,-0.14700000000000002
394631529,2,0,0.017,-0.226,-0.006,0.0,0.0,-0.1563,0.0,0.0,-0.0024000000000000002,0.0,0.0,0.0,4048.0,0.0,-0.1563
394635529,2,0,0.02,-0.228,-0.005,0.0,0.0,-0.16570000000000001,0.0,0.0,-0.0034000000000000002,0.0,0.0,0.0,8048.0,0.0,-0.16570000000000001
394639575,2,0,0.007,-0.231,-0.001,0.0,0.0,-0.17500000000000002,0.0,0.0,-0.0041,0.0,0.0,0.0,12094.0,0.0,-0.17500000000000002
394644539,2,0,0.014,-0.219,-0.003,0.0,0.0,-0.17500000000000002,0.0,0.0,-0.0055000000000000005,0.0,0.0,0.0,17058.0,0.0,-0.17500000000000002
394647490,2,0,0.019,-0.218,0.004,0.0,0.0,-0.17500000000000002,0.0,0.0,-0.006200000000000001,0.0,0.0,0.0,20009.0,0.0,-0.17500000000000002
394652494,2,0,0.018000000000000002,-0.20400000000000001,0.01,0.0,0.0,-0.17500000000000002,0.0,0.0,-0.0074,0.0,0.0,0.0,25013.0,0.0,-0.17500000000000002
394657502,2,0,0.009000000000000001,-0.191,0.011,0.0,0.0,-0.17500000000000002,0.0,0.0,-0.008400000000000001,0.0,0.0,0.0,0.0,0.0,-0.17500000000000002
394659552,2,0,0.006,-0.183,0.014,0.0,0.0,-0.17500000000000002,0.0,0.0,-0.0088,0.0,0.0,0.0,2050.0,0.0,-0.17500000000000002
394664554,2,0,0.005,-0.17,0.004,0.0,0.0,-0.17500000000000002,0.0,0.0,-0.0097,0.0,0.0,0.0,7052.0,0.0,-0.17500000000000002
394667513,2,0,0.008,-0.165,0.003,0.0,0.0,-0.17500000000000002,0.0,0.0,-0.0102,0.0,0.0,0.0,10011.0,0.0,-0.17500000000000002
394671577,2,0,0.01,-0.149,0.002,0.0,0.0,-0.17500000000000002,0.0,0.0,-0.010700000000000001,0.0,0.0,0.0,14075.0,0.0,-0.17500000000000002
394677520,2,0,-0.004,-0.14400000000000002,-0.005,0.0,0.0,-0.17500000000000002,0.0,0.0,-0.0119,0.0,0.0,0.0,20018.0,0.0,-0.17500000000000002
394679566,2,0,-0.006,-0.135,-0.008,0.0,0.0,-0.17500000000000002,0.0,0.0,-0.0122,0.0,0.0,0.0,22064.0,0.0,-0.17500000000000002
394684569,2,0,0.01,-0.14300000000000002,-0.01,0.0,0.0,-0.17500000000000002,0.0,0.0,-0.0129,0.0,0.0,0.0,0.0,0.0,-0.17500000000000002
394687527,2,0,0.012,-0.146,-0.01,0.0,0.0,-0.17500000000000002,0.0,0.0,-0.013300000000000001,0.0,0.0,0.0,2958.0,0.0,-0.17500000000000002
394692528,2,0,0.001,-0.126,-0.015,0.0,0.0,-0.17500000000000002,0.0,0.0,-0.014,0.0,0.0,0.0,7959.0,0.0,-0.17500000000000002
394697534,2,0,-0.01,-0.116,-0.009000000000000001,0.0,0.0,-0.17500000000000002,0.0,0.0,-0.0145,0.0,0.0,0.0,12965.0,0.0,-0.17500000000000002
394699580,2,0,-0.007,-0.116,-0.007,0.0,0.0,-0.17500000000000002,0.0,0.0,-0.0146,0.0,0.0,0.0,15011.0,0.0,-0.17500000000000002
394704720,2,0,-0.006,-0.101,-0.001,0.0,0.0,-0.17500000000000002,0.0,0.0,-0.0149,0.0,0.0,0.0,20151.0,0.0,-0.17500000000000002
394707542,2,0,-0.003,-0.094,0.006,0.0,0.0,-0.17500000000000002,0.0,0.0,-0.015000000000000001,0.0,0.0,0.0,22973.0,0.0,-0.17500000000000002
394711646,2,0,-0.008,-0.092,0.012,0.0,0.0,-0.17500000000000002,0.0,0.0,-0.0152,0.0,0.0,0.0,0.0,0.0,-0.17500000000000002
394717549,2,0,-0.015,-0.07100000000000001,0.006,0.0,0.0,-0.17500000000000002,0.0,0.0,-0.0154,0.0,0.0,0.0,5903.0,0.0,-0.17500000000000002
394719595,2,0,-0.008,-0.07200000000000001,0.007,0.0,0.0,-0.17500000000000002,0.0,0.0,-0.0155,0.0,0.0,0.0,7949.0,0.0,-0.17500000000000002
394724598,2,0,0.004,-0.063,0.008,0.0,0.0,-0.17500000000000002,0.0,0.0,-0.015700000000000002,0.0,0.0,0.0,12952.0,0.0,-0.17500000000000002
394727557,2,0,-0.006,-0.058,0.005,0.0,0.0,-0.17500000000000002,0.0,0.0,-0.015700000000000002,0.0,0.0,0.0,15911.0,0.0,-0.17500000000000002
394732556,2,0,-0.023,-0.046,0.0,0.0,0.0,-0.17500000000000002,0.0,0.0,-0.0158,0.0,0.0,0.0,20910.0,0.0,-0.17500000000000002
394736721,2,0,-0.01,-0.037,0.004,0.0,0.0,-0.17500000000000002,0.0,0.0,-0.0158,0.0,0.0,0.0,25075.0,0.0,-0.17500000000000002
394739609,2,0,-0.004,-0.033,0.001,0.0,0.0,-0.17500000000000002,0.0,0.0,-0.0159,0.0,0.0,0.0,0.0,0.0,-0.17500000000000002
394744612,2,0,0.002,-0.02,0.001,0.0,0.0,-0.1633,0.0,0.0,-0.016,0.0,0.0,0.0,5003.0,0.0,-0.1633
394747569,2,0,-0.003,-0.017,0.001,0.0,0.0,-0.1563,0.0,0.0,-0.0161,0.0,0.0,0.0,7960.0,0.0,-0.1563
394752569,2,0,-0.003,-0.011,-0.015,0.0,0.0,-0.1447,0.0,0.0,-0.016300000000000002,0.0,0.0,0.0,12960.0,0.0,-0.1447
394757576,2,0,0.011,-0.01,-0.009000000000000001,0.0,0.0,-0.133,0.0,0.0,-0.0164,0.0,0.0,0.0,17967.0,0.0,-0.133
394759625,2,0,0.014,-0.007,-0.003,0.0,0.0,-0.1283,0.0,0.0,-0.0165,0.0,0.0,0.0,20016.0,0.0,-0.1283
394764622,2,0,0.002,0.004,-0.011,0.0,0.0,-0.11670000000000001,0.0,0.0,-0.0167,0.0,0.0,0.0,25013.0,0.0,-0.11670000000000001
394767577,2,0,0.0,0.007,-0.009000000000000001,0.0,0.0,-0.1097,0.0,0.0,-0.0167,0.0,0.0,0.0,0.0,0.0,-0.1097
394772585,2,0,0.003,0.019,0.006,0.0,0.0,-0.098,0.0,0.0,-0.0167,0.0,0.0,0.0,5008.0,0.0,-0.098
394777590,2,0,0.017,0.027,0.006,0.0,0.0,-0.0863,0.0,0.0,-0.0167,0.0,0.0,0.0,10013.0,0.0,-0.0863
394779638,2,0,0.018000000000000002,0.026000000000000002,0.006,0.0,0.0,-0.08170000000000001,0.0,0.0,-0.0166,0.0,0.0,0.0,12061.0,0.0,-0.08170000000000001
394784636,2,0,0.011,0.031,0.004,0.0,0.0,-0.07,0.0,0.0,-0.0165,0.0,0.0,0.0,17059.0,0.0,-0.07
394787598,2,0,0.01,0.031,-0.002,0.0,0.0,-0.063,0.0,0.0,-0.0165,0.0,0.0,0.0,20021.0,0.0,-0.063
394792599,2,0,0.014,0.032,-0.003,0.0,0.0,-0.051300000000000005,0.0,0.0,-0.0164,0.0,0.0,0.0,25022.0,0.0,-0.051300000000000005
394797603,2,0,0.018000000000000002,0.037,-0.007,0.0,0.0,-0.0397,0.0,0.0,-0.0162,0.0,0.0,0.0,0.0,0.0,-0.0397
394800762,2,0,0.015,0.048,-0.004,0.0,0.0,-0.0327,0.0,0.0,-0.016,0.0,0.0,0.0,3159.0,0.0,-0.0327
394803605,2,0,0.001,0.061,-0.008,0.0,0.0,-0.0257,0.0,0.0,-0.015700000000000002,0.0,0.0,0.0,6002.0,0.0,-0.0257
394807613,2,0,0.003,0.083,-0.008,0.0,0.0,-0.016300000000000002,0.0,0.0,-0.0152,0.0,0.0,0.0,10010.0,0.0,-0.016300000000000002
394811769,2,0,0.012,0.12,-0.006,0.0,0.0,-0.007,0.0,0.0,-0.014700000000000001,0.0,0.0,0.0,14166.0,0.0,-0.007
394817619,2,0,0.008,0.167,-0.006,0.0,0.0,0.007,0.0,0.0,-0.013900000000000001,0.0,0.0,0.0,20016.0,0.0,0.007
394819691,2,0,-0.001,0.192,-0.007,0.0,0.0,0.0117,0.0,0.0,-0.013300000000000001,0.0,0.0,0.0,22088.0,0.0,0.0117
394824670,2,0,-0.006,0.20700000000000002,-0.01,0.0,0.0,0.0233,0.0,0.0,-0.0119,0.0,0.0,0.0,0.0,0.0,0.0233
394827627,2,0,-0.002,0.219,-0.004,0.0,0.0,0.0303,0.0,0.0,-0.0111,0.0,0.0,0.0,2957.0,0.0,0.0303
394832733,2,0,0.008,0.223,0.005,0.0,0.0,0.042,0.0,0.0,-0.01,0.0,0.0,0.0,8063.0,0.0,0.042
394835630,2,0,0.002,0.219,0.0,0.0,0.0,0.049,0.0,0.0,-0.0094,0.0,0.0,0.0,10960.0,0.0,0.049
394839679,2,0,-0.008,0.20700000000000002,0.001,0.0,0.0,0.058300000000000005,0.0,0.0,-0.0088,0.0,0.0,0.0,15009.0,0.0,0.058300000000000005
394844677,2,0,-0.01,0.188,0.002,0.0,0.0,0.07,0.0,0.0,-0.0082,0.0,0.0,0.0,20007.0,0.0,0.07
394847648,2,0,0.008,0.183,0.001,0.0,0.0,0.077,0.0,0.0,-0.0078000000000000005,0.0,0.0,0.0,22978.0,0.0,0.077
394852639,2,0,0.007,0.153,-0.001,0.0,0.0,0.0887,0.0,0.0,-0.0073,0.0,0.0,0.0,0.0,0.0,0.0887
394857648,2,0,-0.002,0.166,-0.007,0.0,0.0,0.1003,0.0,0.0,-0.0067,0.0,0.0,0.0,5009.0,0.0,0.1003
394859692,2,0,-0.006,0.162,-0.006,0.0,0.0,0.10500000000000001,0.0,0.0,-0.006500000000000001,0.0,0.0,0.0,7053.0,0.0,0.10500000000000001
394864739,2,0,0.004,0.17400000000000002,-0.002,0.0,0.0,0.11670000000000001,0.0,0.0,-0.0056,0.0,0.0,0.0,12100.0,0.0,0.11670000000000001
394867657,2,0,0.013000000000000001,0.196,0.004,0.0,0.0,0.1237,0.0,0.0,-0.005,0.0,0.0,0.0,15018.0,0.0,0.1237
394872653,2,0,-0.004,0.198,0.005,0.0,0.0,0.1353,0.0,0.0,-0.0039000000000000003,0.0,0.0,0.0,20014.0,0.0,0.1353
394874742,2,0,-0.01,0.201,0.009000000000000001,0.0,0.0,0.14,0.0,0.0,-0.0034000000000000002,0.0,0.0,0.0,22103.0,0.0,0.14
394879768,2,0,-0.023,0.211,-0.002,0.0,0.0,0.1517,0.0,0.0,-0.0022,0.0,0.0,0.0,0.0,0.0,0.1517
394884743,2,0,-0.001,0.20400000000000001,0.005,0.0,0.0,0.1633,0.0,0.0,-0.0012000000000000001,0.0,0.0,0.0,4975.0,0.0,0.1633
394887670,2,0,-0.004,0.203,0.008,0.0,0.0,0.1703,0.0,0.0,-0.0006000000000000001,0.0,0.0,0.0,7902.0,0.0,0.1703
394892698,2,0,-0.008,0.192,-0.011,0.0,0.0,0.17500000000000002,0.0,0.0,0.0004,0.0,0.0,0.0,12930.0,0.0,0.17500000000000002
394894750,2,0,-0.014,0.184,-0.012,0.0,0.0,0.17500000000000002,0.0,0.0,0.0009000000000000001,0.0,0.0,0.0,14982.0,0.0,0.17500000000000002
394899702,2,0,-0.008,0.17400000000000002,-0.009000000000000001,0.0,0.0,0.17500000000000002,0.0,0.0,0.0016,0.0,0.0,0.0,19934.0,0.0,0.17500000000000002
394904716,2,0,-0.006,0.178,-0.006,0.0,0.0,0.17500000000000002,0.0,0.0,0.0029000000000000002,0.0,0.0,0.0,24948.0,0.0,0.17500000000000002
394907684,2,0,-0.004,0.17500000000000002,-0.004,0.0,0.0,0.17500000000000002,0.0,0.0,0.0036000000000000003,0.0,0.0,0.0,0.0,0.0,0.17500000000000002
394911830,2,0,-0.011,0.183,-0.003,0.0,0.0,0.17500000000000002,0.0,0.0,0.0045000000000000005,0.0,0.0,0.0,4146.0,0.0,0.17500000000000002
394916680,2,0,0.0,0.187,0.002,0.0,0.0,0.17500000000000002,0.0,0.0,0.0057,0.0,0.0,0.0,8996.0,0.0,0.17500000000000002
394920682,2,0,0.004,0.19,-0.003,0.0,0.0,0.17500000000000002,0.0,0.0,0.0067,0.0,0.0,0.0,12998.0,0.0,0.17500000000000002
394922727,2,0,0.007,0.186,0.001,0.0,0.0,0.17500000000000002,0.0,0.0,0.0071,0.0,0.0,0.0,15043.0,0.0,0.17500000000000002
394927573,2,0,0.013000000000000001,0.17500000000000002,0.005,0.0,0.0,0.17500000000000002,0.0,0.0,0.0079,0.0,0.0,0.0,19889.0,0.0,0.17500000000000002
394932569,2,0,0.008,0.159,0.006,0.0,0.0,0.17500000000000002,0.0,0.0,0.008700000000000001,0.0,0.0,0.0,24885.0,0.0,0.17500000000000002
394936596,2,0,0.008,0.148,0.0,0.0,0.0,0.17500000000000002,0.0,0.0,0.0092,0.0,0.0,0.0,0.0,0.0,0.17500000000000002
394938739,2,0,0.007,0.134,0.0,0.0,0.0,0.17500000000000002,0.0,0.0,0.0095,0.0,0.0,0.0,2143.0,0.0,0.17500000000000002
394942741,2,0,0.005,0.115,0.005,0.0,0.0,0.17500000000000002,0.0,0.0,0.0098,0.0,0.0,0.0,6145.0,0.0,0.17500000000000002
394947572,2,0,0.004,0.101,0.002,0.0,0.0,0.17500000000000002,0.0,0.0,0.010100000000000001,0.0,0.0,0.0,10976.0,0.0,0.17500000000000002
394952572,2,0,0.008,0.08700000000000001,-0.001,0.0,0.0,0.17500000000000002,0.0,0.0,0.010400000000000001,0.0,0.0,0.0,15976.0,0.0,0.17500000000000002
394956597,2,0,0.01,0.08700000000000001,0.004,0.0,0.0,0.17500000000000002,0.0,0.0,0.010700000000000001,0.0,0.0,0.0,20001.0,0.0,0.17500000000000002
394958749,2,0,0.017,0.084,-0.006,0.0,0.0,0.17500000000000002,0.0,0.0,0.011000000000000001,0.0,0.0,0.0,22153.0,0.0,0.17500000000000002
394964571,2,0,0.025,0.082,0.002,0.0,0.0,0.17500000000000002,0.0,0.0,0.0114,0.0,0.0,0.0,0.0,0.0,0.17500000000000002
394968761,2,0,0.014,0.08600000000000001,-0.007,0.0,0.0,0.17500000000000002,0.0,0.0,0.0119,0.0,0.0,0.0,4190.0,0.0,0.17500000000000002
394970761,2,0,0.013000000000000001,0.082,-0.011,0.0,0.0,0.17500000000000002,0.0,0.0,0.012100000000000001,0.0,0.0,0.0,6190.0,0.0,0.17500000000000002
394975573,2,0,0.012,0.069,0.003,0.0,0.0,0.17500000000000002,0.0,0.0,0.012400000000000001,0.0,0.0,0.0,11002.0,0.0,0.17500000000000002
394979814,2,0,0.018000000000000002,0.065,0.007,0.0,0.0,0.17500000000000002,0.0,0.0,0.0126,0.0,0.0,0.0,15243.0,0.0,0.17500000000000002
394984779,2,0,0.012,0.036000000000000004,-0.001,0.0,0.0,0.17500000000000002,0.0,0.0,0.0128,0.0,0.0,0.0,20208.0,0.0,0.17500000000000002
394987572,2,0,0.005,0.027,0.004,0.0,0.0,0.17500000000000002,0.0,0.0,0.0128,0.0,0.0,0.0,23001.0,0.0,0.17500000000000002
394992675,2,0,0.009000000000000001,0.005,0.0,0.0,0.0,0.168,0.0,0.0,0.0128,0.0,0.0,0.0,0.0,0.0,0.168
394994814,2,0,0.006,-0.004,-0.001,0.0,0.0,0.1633,0.0,0.0,0.012700000000000001,0.0,0.0,0.0,2139.0,0.0,0.1633
394999577,2,0,0.012,-0.014,0.004,0.0,0.0,0.1517,0.0,0.0,0.0128,0.0,0.0,0.0,6902.0,0.0,0.1517
395003783,2,0,0.013000000000000001,-0.014,0.001,0.0,0.0,0.1423,0.0,0.0,0.0129,0.0,0.0,0.0,11108.0,0.0,0.1423
395008567,2,0,0.004,-0.021,-0.009000000000000001,0.0,0.0,0.1307,0.0,0.0,0.013000000000000001,0.0,0.0,0.0,15892.0,0.0,0.1307
395012781,2,0,0.002,-0.021,0.003,0.0,0.0,0.1213,0.0,0.0,0.0131,0.0,0.0,0.0,20106.0,0.0,0.1213
395014811,2,0,0.005,-0.021,0.001,0.0,0.0,0.11670000000000001,0.0,0.0,0.0131,0.0,0.0,0.0,22136.0,0.0,0.11670000000000001
395019577,2,0,0.0,-0.024,0.0,0.0,0.0,0.10500000000000001,0.0,0.0,0.0132,0.0,0.0,0.0,0.0,0.0,0.10500000000000001
395024577,2,0,-0.006,-0.028,0.003,0.0,0.0,0.09330000000000001,0.0,0.0,0.0132,0.0,0.0,0.0,5000.0,0.0,0.09330000000000001
395026805,2,0,-0.011,-0.032,0.004,0.0,0.0,0.0887,0.0,0.0,0.0131,0.0,0.0,0.0,7228.0,0.0,0.0887
395031801,2,0,-0.009000000000000001,-0.035,0.009000000000000001,0.0,0.0,0.077,0.0,0.0,0.013000000000000001,0.0,0.0,0.0,12224.0,0.0,0.077
395036595,2,0,-0.01,-0.043000000000000003,0.008,0.0,0.0,0.0653,0.0,0.0,0.0128,0.0,0.0,0.0,17018.0,0.0,0.0653
395038810,2,0,-0.006,-0.041,0.006,0.0,0.0,0.060700000000000004,0.0,0.0,0.012700000000000001,0.0,0.0,0.0,19233.0,0.0,0.060700000000000004
395043577,2,0,-0.008,-0.036000000000000004,0.003,0.0,0.0,0.049,0.0,0.0,0.0125,0.0,0.0,0.0,24000.0,0.0,0.049
395047579,2,0,-0.013000000000000001,-0.046,-0.003,0.0,0.0,0.0397,0.0,0.0,0.012400000000000001,0.0,0.0,0.0,0.0,0.0,0.0397
395052578,2,0,-0.011,-0.058,0.0,0.0,0.0,0.028,0.0,0.0,0.012,0.0,0.0,0.0,4999.0,0.0,0.028
395054814,2,0,-0.013000000000000001,-0.068,-0.007,0.0,0.0,0.0233,0.0,0.0,0.0117,0.0,0.0,0.0,7235.0,0.0,0.0233
395059576,2,0,-0.003,-0.08,-0.006,0.0,0.0,0.0117,0.0,0.0,0.0112,0.0,0.0,0.0,11997.0,0.0,0.0117
395063814,2,0,-0.009000000000000001,-0.116,-0.007,0.0,0.0,0.0023,0.0,0.0,0.010400000000000001,0.0,0.0,0.0,16235.0,0.0,0.0023
395068809,2,0,-0.014,-0.146,-0.001,0.0,0.0,-0.009300000000000001,0.0,0.0,0.0094,0.0,0.0,0.0,21230.0,0.0,-0.009300000000000001
395070812,2,0,-0.012,-0.163,0.0,0.0,0.0,-0.014,0.0,0.0,0.009000000000000001,0.0,0.0,0.0,23233.0,0.0,-0.014
395074812,2,0,-0.013000000000000001,-0.188,-0.006,0.0,0.0,-0.0233,0.0,0.0,0.0081,0.0,0.0,0.0,0.0,0.0,-0.0233
395079570,2,0,-0.011,-0.191,0.004,0.0,0.0,-0.035,0.0,0.0,0.0073,0.0,0.0,0.0,4758.0,0.0,-0.035
395083813,2,0,-0.019,-0.201,0.009000000000000001,0.0,0.0,-0.0443,0.0,0.0,0.0063,0.0,0.0,0.0,9001.0,0.0,-0.0443
395088576,2,0,-0.021,-0.20500000000000002,0.013000000000000001,0.0,0.0,-0.056,0.0,0.0,0.0058000000000000005,0.0,0.0,0.0,13764.0,0.0,-0.056
395092807,2,0,-0.007,-0.199,0.017,0.0,0.0,-0.0653,0.0,0.0,0.005,0.0,0.0,0.0,17995.0,0.0,-0.0653
395094821,2,0,-0.003,-0.196,0.014,0.0,0.0,-0.07,0.0,0.0,0.0048000000000000004,0.0,0.0,0.0,20009.0,0.0,-0.07
395099571,2,0,-0.001,-0.191,0.011,0.0,0.0,-0.08170000000000001,0.0,0.0,0.0043,0.0,0.0,0.0,24759.0,0.0,-0.08170000000000001
395103813,2,0,-0.012,-0.18,0.001,0.0,0.0,-0.091,0.0,0.0,0.0037,0.0,0.0,0.0,0.0,0.0,-0.091
395108576,2,0,0.004,-0.189,0.002,0.0,0.0,-0.1027,0.0,0.0,0.0032,0.0,0.0,0.0,4763.0,0.0,-0.1027
395111681,2,0,0.016,-0.194,0.002,0.0,0.0,-0.1097,0.0,0.0,0.0027,0.0,0.0,0.0,7868.0,0.0,-0.1097
395116598,2,0,0.011,-0.2,0.0,0.0,0.0,-0.1213,0.0,0.0,0.0019,0.0,0.0,0.0,12785.0,0.0,-0.1213
395118813,2,0,0.005,-0.211,-0.007,0.0,0.0,-0.126,0.0,0.0,0.0014,0.0,0.0,0.0,15000.0,0.0,-0.126
395123577,2,0,0.003,-0.216,-0.011,0.0,0.0,-0.13770000000000002,0.0,0.0,0.0006000000000000001,0.0,0.0,0.0,19764.0,0.0,-0.13770000000000002
395128575,2,0,0.015,-0.223,-0.008,0.0,0.0,-0.14930000000000002,0.0,0.0,-0.0005,0.0,0.0,0.0,24762.0,0.0,-0.14930000000000002
395130806,2,0,0.015,-0.223,-0.006,0.0,0.0,-0.154,0.0,0.0,-0.0012000000000000001,0.0,0.0,0.0,0.0,0.0,-0.154
395134845,2,0,0.012,-0.225,-0.003,0.0,0.0,-0.1633,0.0,0.0,-0.0022,0.0,0.0,0.0,4039.0,0.0,-0.1633
395139848,2,0,0.002,-0.23500000000000001,0.003,0.0,0.0,-0.17500000000000002,0.0,0.0,-0.0034000000000000002,0.0,0.0,0.0,9042.0,0.0,-0.17500000000000002
395144851,2,0,0.018000000000000002,-0.226,0.004,0.0,0.0,-0.17500000000000002,0.0,0.0,-0.0046,0.0,0.0,0.0,14045.0,0.0,-0.17500000000000002
395147571,2,0,0.018000000000000002,-0.228,0.006,0.0,0.0,-0.17500000000000002,0.0,0.0,-0.0051,0.0,0.0,0.0,16765.0,0.0,-0.17500000000000002
395151588,2,0,0.016,-0.219,0.015,0.0,0.0,-0.17500000000000002,0.0,0.0,-0.0061,0.0,0.0,0.0,20782.0,0.0,-0.17500000000000002
395155815,2,0,0.01,-0.21,0.009000000000000001,0.0,0.0,-0.17500000000000002,0.0,0.0,-0.0073,0.0,0.0,0.0,25009.0,0.0,-0.17500000000000002
395161682,2,0,0.002,-0.194,0.006,0.0,0.0,-0.17500000000000002,0.0,0.0,-0.0083,0.0,0.0,0.0,0.0,0.0,-0.17500000000000002
395163818,2,0,0.001,-0.185,0.008,0.0,0.0,-0.17500000000000002,0.0,0.0,-0.0089,0.0,0.0,0.0,2136.0,0.0,-0.17500000000000002
395167824,2,0,0.01,-0.17500000000000002,0.002,0.0,0.0,-0.17500000000000002,0.0,0.0,-0.009600000000000001,0.0,0.0,0.0,6142.0,0.0,-0.17500000000000002
395172568,2,0,0.008,-0.148,0.004,0.0,0.0,-0.17500000000000002,0.0,0.0,-0.0103,0.0,0.0,0.0,10886.0,0.0,-0.17500000000000002
395176594,2,0,0.004,-0.153,0.003,0.0,0.0,-0.17500000000000002,0.0,0.0,-0.011000000000000001,0.0,0.0,0.0,14912.0,0.0,-0.17500000000000002
395178830,2,0,0.001,-0.138,-0.004,0.0,0.0,-0.17500000000000002,0.0,0.0,-0.0115,0.0,0.0,0.0,17148.0,0.0,-0.17500000000000002
395182833,2,0,0.011,-0.135,-0.007,0.0,0.0,-0.17500000000000002,0.0,0.0,-0.012,0.0,0.0,0.0,21151.0,0.0,-0.17500000000000002
395187572,2,0,0.01,-0.14100000000000001,-0.007,0.0,0.0,-0.17500000000000002,0.0,0.0,-0.0125,0.0,0.0,0.0,0.0,0.0,-0.17500000000000002
395192570,2,0,0.003,-0.124,-0.016,0.0,0.0,-0.17500000000000002,0.0,0.0,-0.0132,0.0,0.0,0.0,4998.0,0.0,-0.17500000000000002
395196591,2,0,-0.01,-0.11800000000000001,-0.011,0.0,0.0,-0.17500000000000002,0.0,0.0,-0.013600000000000001,0.0,0.0,0.0,9019.0,0.0,-0.17500000000000002
395198843,2,0,-0.015,-0.111,-0.008,0.0,0.0,-0.17500000000000002,0.0,0.0,-0.013900000000000001,0.0,0.0,0.0,11271.0,0.0,-0.17500000000000002
395203571,2,0,-0.013000000000000001,-0.108,-0.002,0.0,0.0,-0.17500000000000002,0.0,0.0,-0.0142,0.0,0.0,0.0,15999.0,0.0,-0.17500000000000002
395207853,2,0,-0.003,-0.096,0.006,0.0,0.0,-0.17500000000000002,0.0,0.0,-0.014400000000000001,0.0,0.0,0.0,20281.0,0.0,-0.17500000000000002
395211942,2,0,-0.012,-0.092,0.009000000000000001,0.0,0.0,-0.17500000000000002,0.0,0.0,-0.0146,0.0,0.0,0.0,24370.0,0.0,-0.17500000000000002
395216597,2,0,-0.016,-0.083,0.003,0.0,0.0,-0.17500000000000002,0.0,0.0,-0.0148,0.0,0.0,0.0,0.0,0.0,-0.17500000000000002
395218858,2,0,-0.015,-0.078,0.003,0.0,0.0,-0.17500000000000002,0.0,0.0,-0.0149,0.0,0.0,0.0,2261.0,0.0,-0.17500000000000002
395223573,2,0,-0.011,-0.074,0.009000000000000001,0.0,0.0,-0.17500000000000002,0.0,0.0,-0.0151,0.0,0.0,0.0,6976.0,0.0,-0.17500000000000002
395227866,2,0,-0.011,-0.061,0.004,0.0,0.0,-0.17500000000000002,0.0,0.0,-0.015300000000000001,0.0,0.0,0.0,11269.0,0.0,-0.17500000000000002
395232570,2,0,-0.016,-0.056,-0.004,0.0,0.0,-0.17500000000000002,0.0,0.0,-0.015300000000000001,0.0,0.0,0.0,15973.0,0.0,-0.17500000000000002
395236593,2,0,-0.021,-0.041,0.001,0.0,0.0,-0.17500000000000002,0.0,0.0,-0.0154,0.0,0.0,0.0,19996.0,0.0,-0.17500000000000002
395238871,2,0,-0.011,-0.033,-0.002,0.0,0.0,-0.17500000000000002,0.0,0.0,-0.0155,0.0,0.0,0.0,22274.0,0.0,-0.17500000000000002
395242894,2,0,-0.006,-0.023,0.0,0.0,0.0,-0.168,0.0,0.0,-0.0155,0.0,0.0,0.0,0.0,0.0,-0.168
395247570,2,0,-0.008,-0.024,0.001,0.0,0.0,-0.1563,0.0,0.0,-0.015600000000000001,0.0,0.0,0.0,4676.0,0.0,-0.1563
395252569,2,0,-0.006,-0.019,-0.01,0.0,0.0,-0.1447,0.0,0.0,-0.0158,0.0,0.0,0.0,9675.0,0.0,-0.1447
395256594,2,0,-0.002,-0.014,-0.014,0.0,0.0,-0.1353,0.0,0.0,-0.016,0.0,0.0,0.0,13700.0,0.0,-0.1353
395258885,2,0,0.004,-0.012,-0.009000000000000001,0.0,0.0,-0.1307,0.0,0.0,-0.0161,0.0,0.0,0.0,15991.0,0.0,-0.1307
395263891,2,0,0.005,0.0,-0.004,0.0,0.0,-0.11900000000000001,0.0,0.0,-0.0162,0.0,0.0,0.0,20997.0,0.0,-0.11900000000000001
395268573,2,0,0.003,0.005,-0.01,0.0,0.0,-0.1073,0.0,0.0,-0.016300000000000002,0.0,0.0,0.0,25679.0,0.0,-0.1073
395270895,2,0,-0.002,0.012,0.0,0.0,0.0,-0.1027,0.0,0.0,-0.016300000000000002,0.0,0.0,0.0,0.0,0.0,-0.1027
395274947,2,0,0.007,0.018000000000000002,0.006,0.0,0.0,-0.09330000000000001,0.0,0.0,-0.016300000000000002,0.0,0.0,0.0,4052.0,0.0,-0.09330000000000001
395279571,2,0,0.019,0.022,0.006,0.0,0.0,-0.08170000000000001,0.0,0.0,-0.0162,0.0,0.0,0.0,8676.0,0.0,-0.08170000000000001
395283904,2,0,0.005,0.03,0.007,0.0,0.0,-0.0723,0.0,0.0,-0.0162,0.0,0.0,0.0,13009.0,0.0,-0.0723
395288527,2,0,0.009000000000000001,0.026000000000000002,-0.003,0.0,0.0,-0.060700000000000004,0.0,0.0,-0.0161,0.0,0.0,0.0,17632.0,0.0,-0.060700000000000004
395292568,2,0,0.014,0.028,-0.002,0.0,0.0,-0.051300000000000005,0.0,0.0,-0.0161,0.0,0.0,0.0,21673.0,0.0,-0.051300000000000005
395296571,2,0,0.02,0.03,0.001,0.0,0.0,-0.042,0.0,0.0,-0.016,0.0,0.0,0.0,25676.0,0.0,-0.042
395300914,2,0,0.014,0.046,-0.003,0.0,0.0,-0.0327,0.0,0.0,-0.015600000000000001,0.0,0.0,0.0,0.0,0.0,-0.0327
395302922,2,0,0.004,0.054,-0.006,0.0,0.0,-0.028,0.0,0.0,-0.0154,0.0,0.0,0.0,2008.0,0.0,-0.028
395307571,2,0,0.002,0.082,-0.012,0.0,0.0,-0.016300000000000002,0.0,0.0,-0.0148,0.0,0.0,0.0,6657.0,0.0,-0.016300000000000002
395311677,2,0,0.016,0.117,-0.007,0.0,0.0,-0.007,0.0,0.0,-0.014400000000000001,0.0,0.0,0.0,10763.0,0.0,-0.007
395315929,2,0,0.022,0.158,-0.005,0.0,0.0,0.0023,0.0,0.0,-0.0137,0.0,0.0,0.0,15015.0,0.0,0.0023
395320930,2,0,-0.001,0.201,-0.002,0.0,0.0,0.014,0.0,0.0,-0.012400000000000001,0.0,0.0,0.0,20016.0,0.0,0.014
395322931,2,0,0.001,0.20500000000000002,-0.006,0.0,0.0,0.0187,0.0,0.0,-0.0118,0.0,0.0,0.0,22017.0,0.0,0.0187
395327571,2,0,0.002,0.219,-0.008,0.0,0.0,0.0303,0.0,0.0,-0.0108,0.0,0.0,0.0,0.0,0.0,0.0303
395332569,2,0,0.014,0.217,0.001,0.0,0.0,0.042,0.0,0.0,-0.009600000000000001,0.0,0.0,0.0,4998.0,0.0,0.042
395334986,2,0,0.008,0.216,0.004,0.0,0.0,0.046700000000000005,0.0,0.0,-0.0091,0.0,0.0,0.0,7415.0,0.0,0.046700000000000005
395339571,2,0,-0.006,0.20400000000000001,-0.002,0.0,0.0,0.058300000000000005,0.0,0.0,-0.0085,0.0,0.0,0.0,12000.0,0.0,0.058300000000000005
395344587,2,0,-0.012,0.184,-0.003,0.0,0.0,0.07,0.0,0.0,-0.008,0.0,0.0,0.0,17016.0,0.0,0.07
395346952,2,0,0.02,0.176,0.003,0.0,0.0,0.0747,0.0,0.0,-0.007500000000000001,0.0,0.0,0.0,19381.0,0.0,0.0747
395351572,2,0,0.016,0.145,-0.001,0.0,0.0,0.0863,0.0,0.0,-0.0071,0.0,0.0,0.0,24001.0,0.0,0.0863
395355959,2,0,0.003,0.164,-0.007,0.0,0.0,0.09570000000000001,0.0,0.0,-0.006500000000000001,0.0,0.0,0.0,0.0,0.0,0.09570000000000001
395360004,2,0,-0.006,0.155,-0.005,0.0,0.0,0.10500000000000001,0.0,0.0,-0.0059,0.0,0.0,0.0,4045.0,0.0,0.10500000000000001
395365008,2,0,0.01,0.18,-0.001,0.0,0.0,0.11670000000000001,0.0,0.0,-0.0051,0.0,0.0,0.0,9049.0,0.0,0.11670000000000001
395367570,2,0,0.012,0.19,0.0,0.0,0.0,0.1237,0.0,0.0,-0.0047,0.0,0.0,0.0,11611.0,0.0,0.1237
395371571,2,0,0.002,0.194,0.006,0.0,0.0,0.133,0.0,0.0,-0.0038,0.0,0.0,0.0,15612.0,0.0,0.133
395376574,2,0,-0.011,0.199,0.007,0.0,0.0,0.1447,0.0,0.0,-0.0028,0.0,0.0,0.0,20615.0,0.0,0.1447
395378972,2,0,-0.015,0.20500000000000002,-0.003,0.0,0.0,0.14930000000000002,0.0,0.0,-0.002,0.0,0.0,0.0,23013.0,0.0,0.14930000000000002
395382976,2,0,0.005,0.199,0.0,0.0,0.0,0.1587,0.0,0.0,-0.0011,0.0,0.0,0.0,0.0,0.0,0.1587
395387570,2,0,-0.003,0.192,0.009000000000000001,0.0,0.0,0.1703,0.0,0.0,-0.0004,0.0,0.0,0.0,4594.0,0.0,0.1703
395391981,2,0,-0.011,0.187,-0.007,0.0,0.0,0.17500000000000002,0.0,0.0,0.0006000000000000001,0.0,0.0,0.0,9005.0,0.0,0.17500000000000002
395395985,2,0,-0.02,0.167,-0.011,0.0,0.0,0.17500000000000002,0.0,0.0,0.0014,0.0,0.0,0.0,13009.0,0.0,0.17500000000000002
395400037,2,0,-0.013000000000000001,0.166,-0.007,0.0,0.0,0.17500000000000002,0.0,0.0,0.0021000000000000003,0.0,0.0,0.0,17061.0,0.0,0.17500000000000002
395405036,2,0,0.0,0.17,0.0,0.0,0.0,0.17500000000000002,0.0,0.0,0.0031000000000000003,0.0,0.0,0.0,22060.0,0.0,0.17500000000000002
395407571,2,0,-0.004,0.17300000000000001,-0.002,0.0,0.0,0.17500000000000002,0.0,0.0,0.0036000000000000003,0.0,0.0,0.0,24595.0,0.0,0.17500000000000002
395412047,2,0,-0.023,0.17500000000000002,-0.009000000000000001,0.0,0.0,0.17500000000000002,0.0,0.0,0.0047,0.0,0.0,0.0,0.0,0.0,0.17500000000000002
395417001,2,0,-0.005,0.178,0.0,0.0,0.0,0.17500000000000002,0.0,0.0,0.0058000000000000005,0.0,0.0,0.0,4954.0,0.0,0.17500000000000002
395419571,2,0,-0.002,0.181,0.001,0.0,0.0,0.17500000000000002,0.0,0.0,0.0063,0.0,0.0,0.0,7524.0,0.0,0.17500000000000002
395423572,2,0,0.009000000000000001,0.17200000000000001,0.001,0.0,0.0,0.17500000000000002,0.0,0.0,0.0071,0.0,0.0,0.0,11525.0,0.0,0.17500000000000002
395428008,2,0,0.0,0.163,0.0,0.0,0.0,0.17500000000000002,0.0,0.0,0.0079,0.0,0.0,0.0,15961.0,0.0,0.17500000000000002
395432570,2,0,-0.005,0.14400000000000002,0.001,0.0,0.0,0.17500000000000002,0.0,0.0,0.008400000000000001,0.0,0.0,0.0,20523.0,0.0,0.17500000000000002
395435059,2,0,0.003,0.138,0.001,0.0,0.0,0.17500000000000002,0.0,0.0,0.008700000000000001,0.0,0.0,0.0,23012.0,0.0,0.17500000000000002
395439572,2,0,0.008,0.122,0.006,0.0,0.0,0.17500000000000002,0.0,0.0,0.0091,0.0,0.0,0.0,0.0,0.0,0.17500000000000002
395444019,2,0,0.006,0.10400000000000001,0.005,0.0,0.0,0.17500000000000002,0.0,0.0,0.0095,0.0,0.0,0.0,4447.0,0.0,0.17500000000000002
395448022,2,0,0.005,0.092,-0.005,0.0,0.0,0.17500000000000002,0.0,0.0,0.0098,0.0,0.0,0.0,8450.0,0.0,0.17500000000000002
395452569,2,0,0.003,0.08700000000000001,-0.003,0.0,0.0,0.17500000000000002,0.0,0.0,0.010100000000000001,0.0,0.0,0.0,12997.0,0.0,0.17500000000000002
395455072,2,0,0.003,0.08600000000000001,0.005,0.0,0.0,0.17500000000000002,0.0,0.0,0.0103,0.0,0.0,0.0,15500.0,0.0,0.17500000000000002
395460077,2,0,0.014,0.085,-0.002,0.0,0.0,0.17500000000000002,0.0,0.0,0.010700000000000001,0.0,0.0,0.0,20505.0,0.0,0.17500000000000002
395465079,2,0,0.019,0.08600000000000001,-0.002,0.0,0.0,0.17500000000000002,0.0,0.0,0.0111,0.0,0.0,0.0,25507.0,0.0,0.17500000000000002
395467572,2,0,0.014,0.084,0.003,0.0,0.0,0.17500000000000002,0.0,0.0,0.011300000000000001,0.0,0.0,0.0,0.0,0.0,0.17500000000000002
395472573,2,0,0.01,0.081,-0.008,0.0,0.0,0.17500000000000002,0.0,0.0,0.0117,0.0,0.0,0.0,5001.0,0.0,0.17500000000000002
395475090,2,0,0.003,0.076,-0.002,0.0,0.0,0.17500000000000002,0.0,0.0,0.012,0.0,0.0,0.0,7518.0,0.0,0.17500000000000002
395480097,2,0,0.02,0.061,0.003,0.0,0.0,0.17500000000000002,0.0,0.0,0.0122,0.0,0.0,0.0,12525.0,0.0,0.17500000000000002
395485094,2,0,0.019,0.038,-0.002,0.0,0.0,0.17500000000000002,0.0,0.0,0.012400000000000001,0.0,0.0,0.0,17522.0,0.0,0.17500000000000002
395487569,2,0,0.012,0.029,-0.002,0.0,0.0,0.17500000000000002,0.0,0.0,0.012400000000000001,0.0,0.0,0.0,19997.0,0.0,0.17500000000000002
395492570,2,0,0.006,0.003,0.003,0.0,0.0,0.168,0.0,0.0,0.012400000000000001,0.0,0.0,0.0,24998.0,0.0,0.168
395496570,2,0,0.019,-0.006,-0.004,0.0,0.0,0.1587,0.0,0.0,0.012400000000000001,0.0,0.0,0.0,0.0,0.0,0.1587
395501054,2,0,0.024,-0.016,-0.002,0.0,0.0,0.14930000000000002,0.0,0.0,0.012400000000000001,0.0,0.0,0.0,4484.0,0.0,0.14930000000000002
395503062,2,0,0.017,-0.016,0.001,0.0,0.0,0.1447,0.0,0.0,0.0125,0.0,0.0,0.0,6492.0,0.0,0.1447
395507570,2,0,0.005,-0.02,-0.001,0.0,0.0,0.133,0.0,0.0,0.0126,0.0,0.0,0.0,11000.0,0.0,0.133
395511677,2,0,0.006,-0.022,-0.001,0.0,0.0,0.1237,0.0,0.0,0.012700000000000001,0.0,0.0,0.0,15107.0,0.0,0.1237
395516571,2,0,0.009000000000000001,-0.024,0.004,0.0,0.0,0.112,0.0,0.0,0.0128,0.0,0.0,0.0,20001.0,0.0,0.112
395521074,2,0,0.0,-0.026000000000000002,0.006,0.0,0.0,0.1027,0.0,0.0,0.0128,0.0,0.0,0.0,24504.0,0.0,0.1027
395523077,2,0,-0.001,-0.027,0.003,0.0,0.0,0.098,0.0,0.0,0.0128,0.0,0.0,0.0,0.0,0.0,0.098
395527536,2,0,-0.003,-0.035,0.005,0.0,0.0,0.0863,0.0,0.0,0.0128,0.0,0.0,0.0,4459.0,0.0,0.0863
395532571,2,0,-0.007,-0.033,0.01,0.0,0.0,0.0747,0.0,0.0,0.0126,0.0,0.0,0.0,9494.0,0.0,0.0747
395536573,2,0,-0.003,-0.035,0.006,0.0,0.0,0.0653,0.0,0.0,0.0125,0.0,0.0,0.0,13496.0,0.0,0.0653
395539093,2,0,-0.005,-0.049,0.001,0.0,0.0,0.060700000000000004,0.0,0.0,0.012400000000000001,0.0,0.0,0.0,16016.0,0.0,0.060700000000000004
395543535,2,0,-0.005,-0.043000000000000003,0.006,0.0,0.0,0.049,0.0,0.0,0.012100000000000001,0.0,0.0,0.0,20458.0,0.0,0.049
395548095,2,0,-0.004,-0.047,-0.001,0.0,0.0,0.0397,0.0,0.0,0.0119,0.0,0.0,0.0,25018.0,0.0,0.0397
395552571,2,0,-0.004,-0.061,-0.003,0.0,0.0,0.028,0.0,0.0,0.0117,0.0,0.0,0.0,0.0,0.0,0.028
395555147,2,0,-0.008,-0.069,-0.001,0.0,0.0,0.021,0.0,0.0,0.0114,0.0,0.0,0.0,2576.0,0.0,0.021
395560154,2,0,-0.006,-0.08600000000000001,-0.002,0.0,0.0,0.009300000000000001,0.0,0.0,0.010700000000000001,0.0,0.0,0.0,7583.0,0.0,0.009300000000000001
395565153,2,0,-0.009000000000000001,-0.124,0.002,0.0,0.0,-0.0023,0.0,0.0,0.0098,0.0,0.0,0.0,12582.0,0.0,-0.0023
395567570,2,0,-0.015,-0.138,0.0,0.0,0.0,-0.007,0.0,0.0,0.0094,0.0,0.0,0.0,14999.0,0.0,-0.007
395572535,2,0,-0.01,-0.17200000000000001,0.004,0.0,0.0,-0.0187,0.0,0.0,0.008400000000000001,0.0,0.0,0.0,19964.0,0.0,-0.0187
395577116,2,0,-0.013000000000000001,-0.199,0.003,0.0,0.0,-0.0303,0.0,0.0,0.007200000000000001,0.0,0.0,0.0,24545.0,0.0,-0.0303
395579125,2,0,-0.017,-0.202,0.006,0.0,0.0,-0.035,0.0,0.0,0.0068000000000000005,0.0,0.0,0.0,0.0,0.0,-0.035
395584158,2,0,-0.029,-0.20700000000000002,0.01,0.0,0.0,-0.046700000000000005,0.0,0.0,0.0058000000000000005,0.0,0.0,0.0,5033.0,0.0,-0.046700000000000005
395588570,2,0,-0.027,-0.21,0.014,0.0,0.0,-0.056,0.0,0.0,0.0051,0.0,0.0,0.0,9445.0,0.0,-0.056
395591127,2,0,-0.013000000000000001,-0.201,0.02,0.0,0.0,-0.063,0.0,0.0,0.0048000000000000004,0.0,0.0,0.0,12002.0,0.0,-0.063
395595557,2,0,-0.001,-0.191,0.016,0.0,0.0,-0.0723,0.0,0.0,0.0041,0.0,0.0,0.0,16432.0,0.0,-0.0723
395600574,2,0,-0.007,-0.186,0.006,0.0,0.0,-0.084,0.0,0.0,0.0035,0.0,0.0,0.0,21449.0,0.0,-0.084
395603133,2,0,-0.011,-0.17200000000000001,0.001,0.0,0.0,-0.091,0.0,0.0,0.003,0.0,0.0,0.0,24008.0,0.0,-0.091
395607534,2,0,-0.006,-0.179,-0.001,0.0,0.0,-0.1003,0.0,0.0,0.0026000000000000003,0.0,0.0,0.0,0.0,0.0,-0.1003
395611677,2,0,0.011,-0.19,-0.005,0.0,0.0,-0.1097,0.0,0.0,0.002,0.0,0.0,0.0,4143.0,0.0,-0.1097
395616182,2,0,0.003,-0.195,-0.006,0.0,0.0,-0.1213,0.0,0.0,0.0011,0.0,0.0,0.0,8648.0,0.0,-0.1213
395620193,2,0,0.001,-0.20800000000000002,-0.009000000000000001,0.0,0.0,-0.1307,0.0,0.0,0.0004,0.0,0.0,0.0,12659.0,0.0,-0.1307
395624570,2,0,-0.003,-0.217,-0.012,0.0,0.0,-0.14,0.0,0.0,-0.0005,0.0,0.0,0.0,17036.0,0.0,-0.14
395629192,2,0,0.006,-0.228,-0.005,0.0,0.0,-0.1517,0.0,0.0,-0.0016,0.0,0.0,0.0,21658.0,0.0,-0.1517
395631533,2,0,0.006,-0.229,-0.003,0.0,0.0,-0.1563,0.0,0.0,-0.0021000000000000003,0.0,0.0,0.0,23999.0,0.0,-0.1563
395636197,2,0,0.009000000000000001,-0.23500000000000001,-0.003,0.0,0.0,-0.168,0.0,0.0,-0.0033,0.0,0.0,0.0,0.0,0.0,-0.168
395640208,2,0,0.007,-0.242,0.002,0.0,0.0,-0.17500000000000002,0.0,0.0,-0.0044,0.0,0.0,0.0,4011.0,0.0,-0.17500000000000002
395644533,2,0,0.015,-0.23,0.004,0.0,0.0,-0.17500000000000002,0.0,0.0,-0.0054,0.0,0.0,0.0,8336.0,0.0,-0.17500000000000002
395648534,2,0,0.02,-0.226,0.009000000000000001,0.0,0.0,-0.17500000000000002,0.0,0.0,-0.0064,0.0,0.0,0.0,12337.0,0.0,-0.17500000000000002
395652534,2,0,0.018000000000000002,-0.216,0.013000000000000001,0.0,0.0,-0.17500000000000002,0.0,0.0,-0.0073,0.0,0.0,0.0,16337.0,0.0,-0.17500000000000002
395657180,2,0,0.006,-0.198,0.008,0.0,0.0,-0.17500000000000002,0.0,0.0,-0.008400000000000001,0.0,0.0,0.0,20983.0,0.0,-0.17500000000000002
395659533,2,0,0.004,-0.189,0.009000000000000001,0.0,0.0,-0.17500000000000002,0.0,0.0,-0.0088,0.0,0.0,0.0,23336.0,0.0,-0.17500000000000002
395664574,2,0,0.003,-0.181,0.006,0.0,0.0,-0.17500000000000002,0.0,0.0,-0.0095,0.0,0.0,0.0,0.0,0.0,-0.17500000000000002
395667188,2,0,0.009000000000000001,-0.17,0.001,0.0,0.0,-0.17500000000000002,0.0,0.0,-0.0102,0.0,0.0,0.0,2614.0,0.0,-0.17500000000000002
395671533,2,0,0.006,-0.147,0.003,0.0,0.0,-0.17500000000000002,0.0,0.0,-0.0109,0.0,0.0,0.0,6959.0,0.0,-0.17500000000000002
395676569,2,0,0.003,-0.14300000000000002,-0.006,0.0,0.0,-0.17500000000000002,0.0,0.0,-0.0117,0.0,0.0,0.0,11995.0,0.0,-0.17500000000000002
395681227,2,0,0.002,-0.13,-0.01,0.0,0.0,-0.17500000000000002,0.0,0.0,-0.012400000000000001,0.0,0.0,0.0,16653.0,0.0,-0.17500000000000002
395683231,2,0,0.009000000000000001,-0.14,-0.004,0.0,0.0,-0.17500000000000002,0.0,0.0,-0.012700000000000001,0.0,0.0,0.0,18657.0,0.0,-0.17500000000000002
395687570,2,0,0.014,-0.14200000000000002,-0.01,0.0,0.0,-0.17500000000000002,0.0,0.0,-0.013300000000000001,0.0,0.0,0.0,22996.0,0.0,-0.17500000000000002
395692533,2,0,0.0,-0.125,-0.016,0.0,0.0,-0.17500000000000002,0.0,0.0,-0.013900000000000001,0.0,0.0,0.0,0.0,0.0,-0.17500000000000002
395696609,2,0,-0.003,-0.123,-0.008,0.0,0.0,-0.17500000000000002,0.0,0.0,-0.0143,0.0,0.0,0.0,4076.0,0.0,-0.17500000000000002
395699200,2,0,-0.011,-0.117,-0.008,0.0,0.0,-0.17500000000000002,0.0,0.0,-0.0146,0.0,0.0,0.0,6667.0,0.0,-0.17500000000000002
395703243,2,0,-0.004,-0.109,0.002,0.0,0.0,-0.17500000000000002,0.0,0.0,-0.0149,0.0,0.0,0.0,10710.0,0.0,-0.17500000000000002
395707533,2,0,-0.003,-0.089,0.012,0.0,0.0,-0.17500000000000002,0.0,0.0,-0.0151,0.0,0.0,0.0,15000.0,0.0,-0.17500000000000002
395711637,2,0,-0.006,-0.09,0.014,0.0,0.0,-0.17500000000000002,0.0,0.0,-0.0152,0.0,0.0,0.0,19104.0,0.0,-0.17500000000000002
395716253,2,0,-0.013000000000000001,-0.069,0.002,0.0,0.0,-0.17500000000000002,0.0,0.0,-0.0154,0.0,0.0,0.0,23720.0,0.0,-0.17500000000000002
395720267,2,0,-0.006,-0.067,0.008,0.0,0.0,-0.17500000000000002,0.0,0.0,-0.0155,0.0,0.0,0.0,0.0,0.0,-0.17500000000000002
395724533,2,0,0.002,-0.06,0.009000000000000001,0.0,0.0,-0.17500000000000002,0.0,0.0,-0.015600000000000001,0.0,0.0,0.0,4266.0,0.0,-0.17500000000000002
395728576,2,0,0.001,-0.052000000000000005,0.003,0.0,0.0,-0.17500000000000002,0.0,0.0,-0.015700000000000002,0.0,0.0,0.0,8309.0,0.0,-0.17500000000000002
395731262,2,0,-0.016,-0.05,0.001,0.0,0.0,-0.17500000000000002,0.0,0.0,-0.0158,0.0,0.0,0.0,10995.0,0.0,-0.17500000000000002
395735312,2,0,-0.018000000000000002,-0.047,0.0,0.0,0.0,-0.17500000000000002,0.0,0.0,-0.0159,0.0,0.0,0.0,15045.0,0.0,-0.17500000000000002
395739533,2,0,-0.006,-0.037,-0.002,0.0,0.0,-0.17500000000000002,0.0,0.0,-0.0161,0.0,0.0,0.0,19266.0,0.0,-0.17500000000000002
395744273,2,0,0.0,-0.032,0.001,0.0,0.0,-0.1633,0.0,0.0,-0.0162,0.0,0.0,0.0,24006.0,0.0,-0.1633
395748295,2,0,-0.013000000000000001,-0.023,0.001,0.0,0.0,-0.154,0.0,0.0,-0.016300000000000002,0.0,0.0,0.0,0.0,0.0,-0.154
395752569,2,0,0.001,-0.014,-0.006,0.0,0.0,-0.1447,0.0,0.0,-0.0164,0.0,0.0,0.0,4274.0,0.0,-0.1447
395755326,2,0,0.007,-0.012,-0.01,0.0,0.0,-0.13770000000000002,0.0,0.0,-0.0165,0.0,0.0,0.0,7031.0,0.0,-0.13770000000000002
395759533,2,0,0.005,-0.009000000000000001,-0.006,0.0,0.0,-0.1283,0.0,0.0,-0.0166,0.0,0.0,0.0,11238.0,0.0,-0.1283
395764289,2,0,-0.002,0.0,-0.003,0.0,0.0,-0.11670000000000001,0.0,0.0,-0.0167,0.0,0.0,0.0,15994.0,0.0,-0.11670000000000001
395768532,2,0,0.004,0.009000000000000001,-0.002,0.0,0.0,-0.1073,0.0,0.0,-0.0167,0.0,0.0,0.0,20237.0,0.0,-0.1073
395771294,2,0,0.003,0.015,0.003,0.0,0.0,-0.1003,0.0,0.0,-0.016800000000000002,0.0,0.0,0.0,22999.0,0.0,-0.1003
395775353,2,0,0.008,0.021,0.009000000000000001,0.0,0.0,-0.091,0.0,0.0,-0.0167,0.0,0.0,0.0,0.0,0.0,-0.091
395779532,2,0,0.008,0.023,0.005,0.0,0.0,-0.08170000000000001,0.0,0.0,-0.0167,0.0,0.0,0.0,4179.0,0.0,-0.08170000000000001
395783532,2,0,0.005,0.023,0.006,0.0,0.0,-0.0723,0.0,0.0,-0.0167,0.0,0.0,0.0,8179.0,0.0,-0.0723
395788306,2,0,0.004,0.03,0.003,0.0,0.0,-0.060700000000000004,0.0,0.0,-0.0166,0.0,0.0,0.0,12953.0,0.0,-0.060700000000000004
395792574,2,0,0.011,0.03,-0.002,0.0,0.0,-0.051300000000000005,0.0,0.0,-0.0165,0.0,0.0,0.0,17221.0,0.0,-0.051300000000000005
395795355,2,0,0.01,0.029,-0.008,0.0,0.0,-0.0443,0.0,0.0,-0.0164,0.0,0.0,0.0,20002.0,0.0,-0.0443
395799533,2,0,0.009000000000000001,0.041,-0.003,0.0,0.0,-0.035,0.0,0.0,-0.0162,0.0,0.0,0.0,24180.0,0.0,-0.035
395804318,2,0,0.001,0.057,-0.012,0.0,0.0,-0.0233,0.0,0.0,-0.015700000000000002,0.0,0.0,0.0,0.0,0.0,-0.0233
395808322,2,0,0.007,0.083,-0.012,0.0,0.0,-0.014,0.0,0.0,-0.0152,0.0,0.0,0.0,4004.0,0.0,-0.014
395812531,2,0,0.017,0.117,-0.005,0.0,0.0,-0.0047,0.0,0.0,-0.014700000000000001,0.0,0.0,0.0,8213.0,0.0,-0.0047
395816591,2,0,0.022,0.146,-0.002,0.0,0.0,0.0047,0.0,0.0,-0.014100000000000001,0.0,0.0,0.0,12273.0,0.0,0.0047
395819326,2,0,0.012,0.17500000000000002,-0.002,0.0,0.0,0.0117,0.0,0.0,-0.0134,0.0,0.0,0.0,15008.0,0.0,0.0117
395823329,2,0,-0.002,0.195,-0.008,0.0,0.0,0.021,0.0,0.0,-0.0123,0.0,0.0,0.0,19011.0,0.0,0.021
395827532,2,0,0.005,0.209,-0.006,0.0,0.0,0.0303,0.0,0.0,-0.011300000000000001,0.0,0.0,0.0,23214.0,0.0,0.0303
395832531,2,0,0.012,0.214,0.006,0.0,0.0,0.042,0.0,0.0,-0.0102,0.0,0.0,0.0,0.0,0.0,0.042
395836531,2,0,0.003,0.212,0.004,0.0,0.0,0.051300000000000005,0.0,0.0,-0.0094,0.0,0.0,0.0,4000.0,0.0,0.051300000000000005
395840531,2,0,-0.007,0.201,-0.002,0.0,0.0,0.060700000000000004,0.0,0.0,-0.0088,0.0,0.0,0.0,8000.0,0.0,0.060700000000000004
395844531,2,0,-0.009000000000000001,0.189,-0.001,0.0,0.0,0.07,0.0,0.0,-0.0083,0.0,0.0,0.0,12000.0,0.0,0.07
395848531,2,0,0.013000000000000001,0.184,0.003,0.0,0.0,0.07930000000000001,0.0,0.0,-0.0078000000000000005,0.0,0.0,0.0,16000.0,0.0,0.07930000000000001
395853350,2,0,0.009000000000000001,0.16,-0.006,0.0,0.0,0.091,0.0,0.0,-0.007200000000000001,0.0,0.0,0.0,20819.0,0.0,0.091
395855399,2,0,0.0,0.17400000000000002,-0.006,0.0,0.0,0.09570000000000001,0.0,0.0,-0.006900000000000001,0.0,0.0,0.0,22868.0,0.0,0.09570000000000001
395859530,2,0,-0.005,0.17500000000000002,-0.011,0.0,0.0,0.10500000000000001,0.0,0.0,-0.0063,0.0,0.0,0.0,0.0,0.0,0.10500000000000001
395864360,2,0,0.0,0.18,-0.001,0.0,0.0,0.11670000000000001,0.0,0.0,-0.0055000000000000005,0.0,0.0,0.0,4830.0,0.0,0.11670000000000001
395868531,2,0,0.009000000000000001,0.203,0.004,0.0,0.0,0.126,0.0,0.0,-0.0047,0.0,0.0,0.0,9001.0,0.0,0.126
395872531,2,0,-0.001,0.196,0.006,0.0,0.0,0.1353,0.0,0.0,-0.0038,0.0,0.0,0.0,13001.0,0.0,0.1353
395877367,2,0,-0.018000000000000002,0.20800000000000002,0.002,0.0,0.0,0.14700000000000002,0.0,0.0,-0.0027,0.0,0.0,0.0,17837.0,0.0,0.14700000000000002
395879371,2,0,-0.018000000000000002,0.211,-0.001,0.0,0.0,0.1517,0.0,0.0,-0.0022,0.0,0.0,0.0,19841.0,0.0,0.1517
395883373,2,0,0.006,0.203,0.001,0.0,0.0,0.161,0.0,0.0,-0.0014,0.0,0.0,0.0,23843.0,0.0,0.161
395887531,2,0,-0.001,0.198,0.004,0.0,0.0,0.1703,0.0,0.0,-0.0006000000000000001,0.0,0.0,0.0,0.0,0.0,0.1703
395892530,2,0,-0.013000000000000001,0.192,0.001,0.0,0.0,0.17500000000000002,0.0,0.0,0.0004,0.0,0.0,0.0,4999.0,0.0,0.17500000000000002
395896530,2,0,-0.016,0.178,-0.009000000000000001,0.0,0.0,0.17500000000000002,0.0,0.0,0.0012000000000000001,0.0,0.0,0.0,8999.0,0.0,0.17500000000000002
395900531,2,0,-0.003,0.17500000000000002,-0.007,0.0,0.0,0.17500000000000002,0.0,0.0,0.0021000000000000003,0.0,0.0,0.0,13000.0,0.0,0.17500000000000002
395903387,2,0,0.0,0.182,-0.004,0.0,0.0,0.17500000000000002,0.0,0.0,0.0027,0.0,0.0,0.0,15856.0,0.0,0.17500000000000002
395907531,2,0,-0.006,0.183,-0.003,0.0,0.0,0.17500000000000002,0.0,0.0,0.0037,0.0,0.0,0.0,20000.0,0.0,0.17500000000000002
395911676,2,0,-0.016,0.191,-0.01,0.0,0.0,0.17500000000000002,0.0,0.0,0.0046,0.0,0.0,0.0,24145.0,0.0,0.17500000000000002
395916531,2,0,-0.008,0.197,-0.004,0.0,0.0,0.17500000000000002,0.0,0.0,0.0059,0.0,0.0,0.0,0.0,0.0,0.17500000000000002
395919398,2,0,0.003,0.193,-0.006,0.0,0.0,0.17500000000000002,0.0,0.0,0.0066,0.0,0.0,0.0,2867.0,0.0,0.17500000000000002
395923531,2,0,0.01,0.184,-0.007,0.0,0.0,0.17500000000000002,0.0,0.0,0.007500000000000001,0.0,0.0,0.0,7000.0,0.0,0.17500000000000002
395928407,2,0,0.006,0.179,0.006,0.0,0.0,0.17500000000000002,0.0,0.0,0.0083,0.0,0.0,0.0,11876.0,0.0,0.17500000000000002
395932530,2,0,-0.003,0.155,-0.001,0.0,0.0,0.17500000000000002,0.0,0.0,0.0089,0.0,0.0,0.0,15999.0,0.0,0.17500000000000002
395936531,2,0,0.002,0.136,-0.005,0.0,0.0,0.17500000000000002,0.0,0.0,0.009300000000000001,0.0,0.0,0.0,20000.0,0.0,0.17500000000000002
395939412,2,0,0.005,0.124,0.004,0.0,0.0,0.17500000000000002,0.0,0.0,0.009600000000000001,0.0,0.0,0.0,22881.0,0.0,0.17500000000000002
395943416,2,0,0.005,0.106,0.012,0.0,0.0,0.17500000000000002,0.0,0.0,0.0099,0.0,0.0,0.0,0.0,0.0,0.17500000000000002
395947531,2,0,-0.001,0.096,-0.002,0.0,0.0,0.17500000000000002,0.0,0.0,0.0102,0.0,0.0,0.0,4115.0,0.0,0.17500000000000002
395952574,2,0,0.001,0.084,0.0,0.0,0.0,0.17500000000000002,0.0,0.0,0.010400000000000001,0.0,0.0,0.0,9158.0,0.0,0.17500000000000002
395955478,2,0,0.005,0.08700000000000001,0.005,0.0,0.0,0.17500000000000002,0.0,0.0,0.010700000000000001,0.0,0.0,0.0,12062.0,0.0,0.17500000000000002
395959530,2,0,0.011,0.082,0.003,0.0,0.0,0.17500000000000002,0.0,0.0,0.0111,0.0,0.0,0.0,16114.0,0.0,0.17500000000000002
395964432,2,0,0.022,0.088,0.002,0.0,0.0,0.17500000000000002,0.0,0.0,0.0115,0.0,0.0,0.0,21016.0,0.0,0.17500000000000002
395968436,2,0,0.015,0.08700000000000001,-0.004,0.0,0.0,0.17500000000000002,0.0,0.0,0.0119,0.0,0.0,0.0,25020.0,0.0,0.17500000000000002
395972530,2,0,0.017,0.077,-0.004,0.0,0.0,0.17500000000000002,0.0,0.0,0.0123,0.0,0.0,0.0,0.0,0.0,0.17500000000000002
395977440,2,0,0.014,0.068,0.002,0.0,0.0,0.17500000000000002,0.0,0.0,0.0126,0.0,0.0,0.0,4910.0,0.0,0.17500000000000002
395979442,2,0,0.019,0.062,0.001,0.0,0.0,0.17500000000000002,0.0,0.0,0.012700000000000001,0.0,0.0,0.0,6912.0,0.0,0.17500000000000002
395983530,2,0,0.013000000000000001,0.037,-0.001,0.0,0.0,0.17500000000000002,0.0,0.0,0.0128,0.0,0.0,0.0,11000.0,0.0,0.17500000000000002
395988450,2,0,0.007,0.012,-0.005,0.0,0.0,0.17500000000000002,0.0,0.0,0.0128,0.0,0.0,0.0,15920.0,0.0,0.17500000000000002
395992530,2,0,0.009000000000000001,0.0,-0.002,0.0,0.0,0.168,0.0,0.0,0.0128,0.0,0.0,0.0,20000.0,0.0,0.168
395997449,2,0,0.021,-0.015,-0.006,0.0,0.0,0.1563,0.0,0.0,0.0128,0.0,0.0,0.0,24919.0,0.0,0.1563
395999456,2,0,0.015,-0.017,-0.005,0.0,0.0,0.1517,0.0,0.0,0.0128,0.0,0.0,0.0,0.0,0.0,0.1517
396003460,2,0,0.014,-0.016,0.001,0.0,0.0,0.1423,0.0,0.0,0.0129,0.0,0.0,0.0,4004.0,0.0,0.1423
396007531,2,0,0.013000000000000001,-0.02,-0.003,0.0,0.0,0.133,0.0,0.0,0.013000000000000001,0.0,0.0,0.0,8075.0,0.0,0.133
396013467,2,0,0.008,-0.02,0.003,0.0,0.0,0.11900000000000001,0.0,0.0,0.0131,0.0,0.0,0.0,14011.0,0.0,0.11900000000000001
396015517,2,0,0.013000000000000001,-0.019,0.007,0.0,0.0,0.1143,0.0,0.0,0.0131,0.0,0.0,0.0,16061.0,0.0,0.1143
396020521,2,0,-0.001,-0.026000000000000002,0.003,0.0,0.0,0.1027,0.0,0.0,0.0132,0.0,0.0,0.0,21065.0,0.0,0.1027
396024530,2,0,0.001,-0.029,0.004,0.0,0.0,0.09330000000000001,0.0,0.0,0.0132,0.0,0.0,0.0,25074.0,0.0,0.09330000000000001
396027475,2,0,-0.005,-0.035,0.008,0.0,0.0,0.0863,0.0,0.0,0.0131,0.0,0.0,0.0,0.0,0.0,0.0863
396031483,2,0,-0.005,-0.037,0.01,0.0,0.0,0.077,0.0,0.0,0.013000000000000001,0.0,0.0,0.0,4008.0,0.0,0.077
396035531,2,0,-0.002,-0.04,0.004,0.0,0.0,0.06770000000000001,0.0,0.0,0.0129,0.0,0.0,0.0,8056.0,0.0,0.06770000000000001
396040536,2,0,-0.01,-0.035,0.0,0.0,0.0,0.056,0.0,0.0,0.0126,0.0,0.0,0.0,13061.0,0.0,0.056
396043489,2,0,-0.011,-0.039,-0.003,0.0,0.0,0.049,0.0,0.0,0.0125,0.0,0.0,0.0,16014.0,0.0,0.049
396048574,2,0,-0.009000000000000001,-0.047,-0.003,0.0,0.0,0.0373,0.0,0.0,0.0123,0.0,0.0,0.0,21099.0,0.0,0.0373
396051516,2,0,-0.004,-0.055,-0.005,0.0,0.0,0.0303,0.0,0.0,0.012100000000000001,0.0,0.0,0.0,24041.0,0.0,0.0303
396056500,2,0,-0.007,-0.069,-0.005,0.0,0.0,0.0187,0.0,0.0,0.0115,0.0,0.0,0.0,0.0,0.0,0.0187
396060553,2,0,-0.006,-0.08700000000000001,0.002,0.0,0.0,0.009300000000000001,0.0,0.0,0.0109,0.0,0.0,0.0,4053.0,0.0,0.009300000000000001
396065556,2,0,-0.012,-0.124,0.003,0.0,0.0,-0.0023,0.0,0.0,0.010100000000000001,0.0,0.0,0.0,9056.0,0.0,-0.0023
396068513,2,0,-0.012,-0.139,0.0,0.0,0.0,-0.009300000000000001,0.0,0.0,0.0095,0.0,0.0,0.0,12013.0,0.0,-0.009300000000000001
396073514,2,0,-0.015,-0.178,-0.001,0.0,0.0,-0.021,0.0,0.0,0.0085,0.0,0.0,0.0,17014.0,0.0,-0.021
396075567,2,0,-0.015,-0.186,0.001,0.0,0.0,-0.0257,0.0,0.0,0.008,0.0,0.0,0.0,19067.0,0.0,-0.0257
396080577,2,0,-0.017,-0.193,0.006,0.0,0.0,-0.0373,0.0,0.0,0.007200000000000001,0.0,0.0,0.0,24077.0,0.0,-0.0373
396083523,2,0,-0.023,-0.198,0.01,0.0,0.0,-0.0443,0.0,0.0,0.0064,0.0,0.0,0.0,0.0,0.0,-0.0443
396088528,2,0,-0.018000000000000002,-0.2,0.014,0.0,0.0,-0.056,0.0,0.0,0.0057,0.0,0.0,0.0,5005.0,0.0,-0.056
396093525,2,0,0.0,-0.194,0.018000000000000002,0.0,0.0,-0.06770000000000001,0.0,0.0,0.0049,0.0,0.0,0.0,10002.0,0.0,-0.06770000000000001
396095576,2,0,-0.001,-0.188,0.014,0.0,0.0,-0.0723,0.0,0.0,0.0045000000000000005,0.0,0.0,0.0,12053.0,0.0,-0.0723
396100584,2,0,-0.007,-0.177,0.006,0.0,0.0,-0.084,0.0,0.0,0.0039000000000000003,0.0,0.0,0.0,17061.0,0.0,-0.084
396103543,2,0,-0.012,-0.17200000000000001,0.004,0.0,0.0,-0.091,0.0,0.0,0.0036000000000000003,0.0,0.0,0.0,20020.0,0.0,-0.091
396108543,2,0,-0.001,-0.178,-0.002,0.0,0.0,-0.1027,0.0,0.0,0.003,0.0,0.0,0.0,25020.0,0.0,-0.1027
396113736,2,0,0.006,-0.184,-0.006,0.0,0.0,-0.1143,0.0,0.0,0.0023,0.0,0.0,0.0,0.0,0.0,-0.1143
396116545,2,0,0.009000000000000001,-0.192,-0.002,0.0,0.0,-0.1213,0.0,0.0,0.0018000000000000002,0.0,0.0,0.0,2809.0,0.0,-0.1213
396120596,2,0,0.004,-0.214,-0.006,0.0,0.0,-0.1307,0.0,0.0,0.001,0.0,0.0,0.0,6860.0,0.0,-0.1307
396123558,2,0,-0.001,-0.216,-0.015,0.0,0.0,-0.13770000000000002,0.0,0.0,0.0004,0.0,0.0,0.0,9822.0,0.0,-0.13770000000000002
396128558,2,0,0.013000000000000001,-0.227,-0.007,0.0,0.0,-0.14930000000000002,0.0,0.0,-0.0008,0.0,0.0,0.0,14822.0,0.0,-0.14930000000000002
396133558,2,0,0.01,-0.224,-0.005,0.0,0.0,-0.161,0.0,0.0,-0.002,0.0,0.0,0.0,19822.0,0.0,-0.161
396135605,2,0,0.008,-0.229,-0.005,0.0,0.0,-0.16570000000000001,0.0,0.0,-0.0025,0.0,0.0,0.0,21869.0,0.0,-0.16570000000000001
396140609,2,0,0.005,-0.24,0.004,0.0,0.0,-0.17500000000000002,0.0,0.0,-0.0037,0.0,0.0,0.0,0.0,0.0,-0.17500000000000002
396143566,2,0,0.01,-0.233,0.006,0.0,0.0,-0.17500000000000002,0.0,0.0,-0.0044,0.0,0.0,0.0,2957.0,0.0,-0.17500000000000002
396148571,2,0,0.017,-0.226,0.012,0.0,0.0,-0.17500000000000002,0.0,0.0,-0.0057,0.0,0.0,0.0,7962.0,0.0,-0.17500000000000002
396153573,2,0,0.012,-0.20800000000000002,0.015,0.0,0.0,-0.17500000000000002,0.0,0.0,-0.0068000000000000005,0.0,0.0,0.0,12964.0,0.0,-0.17500000000000002
396155621,2,0,0.008,-0.202,0.011,0.0,0.0,-0.17500000000000002,0.0,0.0,-0.0073,0.0,0.0,0.0,15012.0,0.0,-0.17500000000000002
396160624,2,0,0.004,-0.184,0.007,0.0,0.0,-0.17500000000000002,0.0,0.0,-0.0083,0.0,0.0,0.0,20015.0,0.0,-0.17500000000000002
396165623,2,0,0.009000000000000001,-0.18,0.0,0.0,0.0,-0.17500000000000002,0.0,0.0,-0.0092,0.0,0.0,0.0,25014.0,0.0,-0.17500000000000002
396168585,2,0,0.009000000000000001,-0.163,-0.001,0.0,0.0,-0.17500000000000002,0.0,0.0,-0.0097,0.0,0.0,0.0,0.0,0.0,-0.17500000000000002
396173586,2,0,0.008,-0.15,0.003,0.0,0.0,-0.17500000000000002,0.0,0.0,-0.0106,0.0,0.0,0.0,5001.0,0.0,-0.17500000000000002
396175636,2,0,0.005,-0.156,0.001,0.0,0.0,-0.17500000000000002,0.0,0.0,-0.0109,0.0,0.0,0.0,7051.0,0.0,-0.17500000000000002
396180638,2,0,0.005,-0.135,-0.005,0.0,0.0,-0.17500000000000002,0.0,0.0,-0.0117,0.0,0.0,0.0,12053.0,0.0,-0.17500000000000002
396183593,2,0,0.014,-0.14300000000000002,-0.003,0.0,0.0,-0.17500000000000002,0.0,0.0,-0.012100000000000001,0.0,0.0,0.0,15008.0,0.0,-0.17500000000000002
396187597,2,0,0.011,-0.148,-0.009000000000000001,0.0,0.0,-0.17500000000000002,0.0,0.0,-0.012700000000000001,0.0,0.0,0.0,19012.0,0.0,-0.17500000000000002
396191599,2,0,0.006,-0.131,-0.015,0.0,0.0,-0.17500000000000002,0.0,0.0,-0.013300000000000001,0.0,0.0,0.0,23014.0,0.0,-0.17500000000000002
396195649,2,0,-0.006,-0.127,-0.01,0.0,0.0,-0.17500000000000002,0.0,0.0,-0.013800000000000002,0.0,0.0,0.0,0.0,0.0,-0.17500000000000002
396200653,2,0,-0.009000000000000001,-0.117,-0.005,0.0,0.0,-0.17500000000000002,0.0,0.0,-0.0143,0.0,0.0,0.0,5004.0,0.0,-0.17500000000000002
396203609,2,0,-0.007,-0.111,-0.002,0.0,0.0,-0.17500000000000002,0.0,0.0,-0.0145,0.0,0.0,0.0,7960.0,0.0,-0.17500000000000002
396208577,2,0,-0.006,-0.10400000000000001,0.007,0.0,0.0,-0.17500000000000002,0.0,0.0,-0.014700000000000001,0.0,0.0,0.0,12928.0,0.0,-0.17500000000000002
396212772,2,0,-0.016,-0.098,0.013000000000000001,0.0,0.0,-0.17500000000000002,0.0,0.0,-0.015000000000000001,0.0,0.0,0.0,17123.0,0.0,-0.17500000000000002
396215663,2,0,-0.015,-0.085,0.006,0.0,0.0,-0.17500000000000002,0.0,0.0,-0.0151,0.0,0.0,0.0,20014.0,0.0,-0.17500000000000002
396220666,2,0,-0.01,-0.076,0.012,0.0,0.0,-0.17500000000000002,0.0,0.0,-0.015300000000000001,0.0,0.0,0.0,25017.0,0.0,-0.17500000000000002
396223622,2,0,-0.002,-0.065,0.008,0.0,0.0,-0.17500000000000002,0.0,0.0,-0.0154,0.0,0.0,0.0,0.0,0.0,-0.17500000000000002
396228627,2,0,-0.013000000000000001,-0.052000000000000005,0.004,0.0,0.0,-0.17500000000000002,0.0,0.0,-0.0154,0.0,0.0,0.0,5005.0,0.0,-0.17500000000000002
396233628,2,0,-0.016,-0.037,0.001,0.0,0.0,-0.17500000000000002,0.0,0.0,-0.0154,0.0,0.0,0.0,10006.0,0.0,-0.17500000000000002
396235677,2,0,-0.012,-0.031,-0.001,0.0,0.0,-0.17500000000000002,0.0,0.0,-0.0155,0.0,0.0,0.0,12055.0,0.0,-0.17500000000000002
396241736,2,0,0.002,-0.022,-0.001,0.0,0.0,0.0,0.0,0.0,-0.015600000000000001,0.0,0.0,0.0,18114.0,0.0,0.0
