magic,version,size,sequence,dropped_records,timestamp_us,tick_ms,imu_sequence,raw_temperature,raw_accel_x,raw_accel_y,raw_accel_z,raw_gyro_x,raw_gyro_y,raw_gyro_z,temperature_c,accel_x_g,accel_y_g,accel_z_g,gyro_x_dps,gyro_y_dps,gyro_z_dps,roll_deg,pitch_deg,yaw_deg,rc_ch1_us,rc_ch2_us,rc_ch3_us,rc_ch4_us,rc_ch5_us,rc_ch6_us,rc_ch7_us,rc_ch8_us,throttle_us,servo_alpha_us,servo_beta_us,motor_upper_us,motor_lower_us,rc_armed,rc_link_ok,throttle_over_20,imu_valid,motor_output_reason,rc_link_seen,arm_switch_high,arm_throttle_low,arm_switch_seen_low,arm_switch_prev_high,imu_fault_latched,imu_fault_reason,motor_output_reason_name,acc_nav_m_s2_0,acc_nav_m_s2_1,acc_nav_m_s2_2,vel_est_m_s_0,vel_est_m_s_1,vel_est_m_s_2,vel_ref_m_s_0,vel_ref_m_s_1,vel_err_m_s_0,vel_err_m_s_1,vel_pid_out_m_s2_0,vel_pid_out_m_s2_1,vel_pid_p_m_s2_0,vel_pid_p_m_s2_1,vel_pid_i_m_s2_0,vel_pid_i_m_s2_1,vel_pid_d_m_s2_0,vel_pid_d_m_s2_1,vel_loop_active,ctrl_pos_p_m_s2_0,ctrl_pos_p_m_s2_1,ctrl_pos_p_m_s2_2,ctrl_vel_d_m_s2_0,ctrl_vel_d_m_s2_1,ctrl_vel_d_m_s2_2,ctrl_accel_out_m_s2_0,ctrl_accel_out_m_s2_1,ctrl_accel_out_m_s2_2,ctrl_force_cmd_n_0,ctrl_force_cmd_n_1,ctrl_force_cmd_n_2,ctrl_tilt_ff_rad_0,ctrl_tilt_ff_rad_1,ctrl_tilt_angle_p_rad_0,ctrl_tilt_angle_p_rad_1,ctrl_tilt_rate_d_rad_0,ctrl_tilt_rate_d_rad_1,ctrl_tilt_out_rad_0,ctrl_tilt_out_rad_1,ctrl_yaw_angle_p_rad_s,ctrl_yaw_rate_d_rad_s,ctrl_yaw_torque_cmd,ctrl_total_force_n,ctrl_motor_thrust_cmd_n_0,ctrl_motor_thrust_cmd_n_1,ctrl_motor_cmd_us_0,ctrl_motor_cmd_us_1,z_ref_m,record_crc32,sector_seq,sector_index
827477062,2,320,27421,8712,409307674,409308,403127,526,8714,7997,1457,34,-46,404,29.109375,-0.03921569511294365,0.1112329363822937,0.9505839943885803,-8.583019256591797,2.643460988998413,-6.588689804077148,2.5410561561584473,0.758728563785553,2.9037156105041504,1500,1500,1330,1500,2000,1000,1000,1000,1377,1496,1502,1622,1580,1,1,1,1,1,1,1,0,1,1,0,0,stabilized_mix,-0.011165238916873932,-0.3831661343574524,-0.19118806719779968,0.0026764501817524433,0.004388491157442331,-0.544818639755249,0.0,0.0,-0.0026764501817524433,-0.004388491157442331,0.0,0.0,0.0,0.0,0.0,0.0,0.0,0.0,0.0,0.0,0.0,0.17715886235237122,-0.0,-0.0,-0.0,0.0,0.0,3.111358880996704,0.20866110920906067,0.7024806141853333,8.03113079071045,0.02597569301724434,-0.0872473493218422,0.0,0.0,-0.028581006452441216,0.09279929101467133,-0.0026053134351968765,0.005551941692829132,-0.1591559499502182,0.017249150201678276,-4.96673455927521e-05,8.031282424926758,4.263978004455566,3.7673044204711914,1622.0,1580.0,0.0,1078936533,20283,940
827477062,2,320,27422,8712,409311710,409312,403131,514,-9965,8730,-768,-183,-237,-42,29.015625,0.06530168652534485,-0.10540446639060974,1.049648404121399,-2.918046474456787,0.8818285465240479,-2.261545419692993,2.310335397720337,0.7663429379463196,2.898630142211914,1500,1500,1332,1500,2000,1000,1000,1000,1379,1531,1489,1626,1580,1,1,1,1,1,1,1,0,1,1,0,0,stabilized_mix,0.02841472253203392,0.3059436082839966,-0.2348749339580536,0.002612752839922905,0.0047153327614068985,-0.5450781583786011,0.0,0.0,-0.002612752839922905,-0.0047153327614068985,0.0,0.0,0.0,0.0,0.0,0.0,0.0,0.0,0.0,0.0,0.0,0.17715886235237122,-0.0,-0.0,-0.0,0.0,0.0,3.076838731765747,0.21381132304668427,0.645318865776062,8.072975158691406,0.026478633284568787,-0.07975462079048157,0.0,0.0,-0.009484879672527313,0.03138628229498863,0.016993753612041473,-0.048368338495492935,-0.15888966619968414,0.005920712370425463,-5.35390863660723e-05,8.08359432220459,4.309492588043213,3.774101495742798,1626.0,1580.0,0.0,2259981310,20283,940
827477062,2,320,27423,8712,409315744,409316,403135,534,4625,6952,2105,-56,-242,420,29.171875,-0.033430662006139755,0.26046690344810486,0.9449430704116821,-7.893254280090332,3.547658681869507,-9.004534721374512,2.5846571922302246,0.7851242423057556,2.864326000213623,1500,1500,1332,1500,2000,1000,1000,1000,1379,1502,1507,1623,1582,1,1,1,1,1,1,1,0,1,1,0,0,stabilized_mix,0.03044498711824417,-0.3927665650844574,-0.23074693977832794,0.002715188777074218,0.004032432567328215,-0.5455701947212219,0.0,0.0,-0.002715188777074218,-0.004032432567328215,0.0,0.0,0.0,0.0,0.0,0.0,0.0,0.0,0.0,0.0,0.0,0.17603591084480286,-0.0,-0.0,-0.0,0.0,0.0,3.0757157802581787,0.214389830827713,0.7155442833900452,8.073559761047363,0.026548320427536964,-0.08839120715856552,0.0,0.0,-0.038155581802129745,0.08489308506250381,-0.011607261374592781,-0.0034981220960617065,-0.15709352493286133,0.023573817685246468,-4.673193325288594e-05,8.074152946472168,4.270736217498779,3.8034169673919678,1623.0,1582.0,0.0,4135336666,20283,940
827477062,2,320,27424,8712,409319775,409320,403139,524,-4040,9600,677,-106,-26,-30,29.09375,0.03737076371908188,-0.2671380639076233,1.0589255094528198,-4.10630989074707,-0.11245501041412354,-0.5626370310783386,2.3710052967071533,0.7857035994529724,2.854322910308838,1500,1500,1334,1500,2000,1000,1000,1000,1381,1524,1482,1628,1581,1,1,1,1,1,1,1,0,1,1,0,0,stabilized_mix,0.040875665843486786,0.2952311635017395,-0.2530876398086548,0.002763853408396244,0.003967067692428827,-0.5459248423576355,0.0,0.0,-0.002763853408396244,-0.003967067692428827,0.0,0.0,0.0,0.0,0.0,0.0,0.0,0.0,0.0,0.0,0.0,0.17603591084480286,-0.0,-0.0,-0.0,0.0,0.0,3.041195869445801,0.22116002440452576,0.6616635322570801,8.115394592285156,0.02724516950547695,-0.0813191831111908,0.0,0.0,0.0012032350059598684,0.043936289846897125,0.028448404744267464,-0.03738289326429367,-0.15656974911689758,0.00147298036608845,-5.4283911595121026e-05,8.124356269836426,4.333597660064697,3.7907586097717285,1628.0,1581.0,0.0,715630780,20283,940
827477062,2,320,27425,8712,409323807,409324,403143,546,110,6630,2509,-71,-326,403,29.265625,-0.019284382462501526,0.3572339415550232,0.9578307867050171,-6.808714866638184,3.6935999393463135,-9.044055938720703,2.606257200241089,0.8088585734367371,2.8270010948181152,1500,1500,1334,1500,2000,1000,1000,1000,1381,1510,1508,1624,1585,1,1,1,1,1,1,1,0,1,1,0,0,stabilized_mix,0.054101746529340744,-0.33222782611846924,-0.26804640889167786,0.0029905522242188454,0.003847531508654356,-0.546515703201294,0.0,0.0,-0.0029905522242188454,-0.003847531508654356,0.0,0.0,0.0,0.0,0.0,0.0,0.0,0.0,0.0,0.0,0.0,0.17603591084480286,-0.0,-0.0,-0.0,0.0,0.0,3.041195869445801,0.2214697003364563,0.7249774932861328,8.114607810974121,0.027285942807793617,-0.08909905701875687,0.0,0.0,-0.039524249732494354,0.0728582814335823,-0.012238306924700737,-0.01624077558517456,-0.15513917803764343,0.02367728389799595,-4.6011642552912235e-05,8.116286277770996,4.288201332092285,3.828084945678711,1624.0,1585.0,0.0,27442,20283,940
827477062,2,320,27426,8712,409327840,409328,403147,528,3024,10241,-1066,-12,94,22,29.125,0.06847856938838959,-0.37751370668411255,1.0543110370635986,-5.62093448638916,-0.6981917023658752,-0.18035364151000977,2.4397623538970947,0.8048800826072693,2.8123936653137207,1500,1500,1342,1500,2000,1000,1000,1000,1387,1515,1478,1636,1588,1,1,1,1,1,1,1,0,1,1,0,0,stabilized_mix,0.04896758496761322,0.24899309873580933,-0.25357821583747864,0.0029442263767123222,0.003377930261194706,-0.5469246506690979,0.0,0.0,-0.0029442263767123222,-0.003377930261194706,0.0,0.0,0.0,0.0,0.0,0.0,0.0,0.0,0.0,0.0,0.0,0.17530599236488342,-0.0,-0.0,-0.0,0.0,0.0,2.90238618850708,0.22975240647792816,0.6858295798301697,8.281455039978027,0.027735885232686996,-0.08257602155208588,0.0,0.0,0.007320644799619913,0.05893634259700775,0.03505653142929077,-0.023639678955078125,-0.15437433123588562,0.0004721647419501096,-5.386577686294913e-05,8.288862228393555,4.413760185241699,3.8751022815704346,1636.0,1588.0,0.0,1693895042,20283,940
827477062,2,320,27427,8712,409331873,409332,403151,526,-3362,6312,2610,-99,-415,344,29.109375,-0.0036644786596298218,0.39989760518074036,0.9591677188873291,-5.694068908691406,4.341400146484375,-8.636712074279785,2.6115076541900635,0.8278569579124451,2.7919602394104004,1500,1500,1342,1500,2000,1000,1000,1000,1387,1518,1511,1632,1592,1,1,1,1,1,1,1,0,1,1,0,0,stabilized_mix,0.06272532045841217,-0.22917990386486053,-0.28400883078575134,0.0031656245701014996,0.0036892443895339966,-0.5475621223449707,0.0,0.0,-0.0031656245701014996,-0.0036892443895339966,0.0,0.0,0.0,0.0,0.0,0.0,0.0,0.0,0.0,0.0,0.0,0.17530599236488342,-0.0,-0.0,-0.0,0.0,0.0,2.90238618850708,0.22826066613197327,0.7352925539016724,8.280829429626465,0.0275579746812582,-0.08854807913303375,0.0,0.0,-0.04552367329597473,0.059707678854465485,-0.01796569861471653,-0.028840400278568268,-0.15330445766448975,0.02261085994541645,-4.574278136715293e-05,8.285611152648926,4.371519565582275,3.9140915870666504,1632.0,1592.0,0.0,2039509089,20283,940
827477062,2,320,27428,8712,409335905,409336,403155,536,8938,10402,-1550,32,66,91,29.1875,0.05571304261684418,-0.4256540536880493,1.0405430793762207,-7.072909355163574,-0.889251708984375,-2.3717856407165527,2.507089376449585,0.8117297291755676,2.768584728240967,1500,1500,1342,1500,2000,1000,1000,1000,1387,1507,1476,1634,1590,1,1,1,1,1,1,1,0,1,1,0,0,stabilized_mix,0.02154204063117504,0.19274842739105225,-0.24189966917037964,0.003058797912672162,0.0030777810607105494,-0.5479784607887268,0.0,0.0,-0.003058797912672162,-0.0030777810607105494,0.0,0.0,0.0,0.0,0.0,0.0,0.0,0.0,0.0,0.0,0.0,0.1748315393924713,-0.0,-0.0,-0.0,0.0,0.0,2.901911735534668,0.23164501786231995,0.7037216424942017,8.281697273254395,0.0279634278267622,-0.08471084386110306,0.0,0.0,0.009323664009571075,0.07415834814310074,0.037287093698978424,-0.01055249571800232,-0.1520805060863495,0.006209320388734341,-5.105495802126825e-05,8.287919044494629,4.399234294891357,3.8886847496032715,1634.0,1590.0,0.0,3349506357,20283,940
827477062,2,320,27434,8717,409359166,409360,403178,528,12586,8619,164,96,-199,438,29.125,-0.047660764306783676,-0.022878974676132202,0.9556229114532471,-9.938092231750488,1.2728877067565918,-6.167213439941406,2.7230305671691895,0.850944459438324,2.671116828918457,1500,1500,1352,1500,2000,1000,1000,1000,1396,1493,1490,1641,1600,1,1,1,1,1,1,1,0,1,1,0,0,stabilized_mix,-0.021674294024705887,-0.16907581686973572,-0.25288307666778564,0.0030052228830754757,0.0045440406538546085,-0.5513262748718262,0.0,0.0,-0.0030052228830754757,-0.0045440406538546085,0.0,0.0,0.0,0.0,0.0,0.0,0.0,0.0,0.0,0.0,0.0,0.17304518818855286,-0.0,-0.0,-0.0,0.0,0.0,2.727525234222412,0.24209438264369965,0.7694392204284668,8.490184783935547,0.028506893664598465,-0.09036923199892044,0.0,0.0,-0.013018298894166946,0.10164058208465576,0.015488594770431519,0.011271350085735321,-0.14697711169719696,0.016145728528499603,-4.5790948206558824e-05,8.491743087768555,4.474826335906982,4.016916751861572,1641.0,1600.0,0.0,1446328271,20283,940
827477062,2,320,27435,8717,409363197,409364,403182,544,-14897,7998,-2057,-298,5,-28,29.25,0.0980292409658432,0.0832337737083435,1.067138671875,-2.4309239387512207,4.1168532371521,0.009966239333152771,2.513953685760498,0.8695350289344788,2.663351535797119,1500,1500,1354,1500,2000,1000,1000,1000,1397,1538,1508,1646,1600,1,1,1,1,1,1,1,0,1,1,0,0,stabilized_mix,0.04102279990911484,0.41011685132980347,-0.3548436462879181,0.0029185337480157614,0.0057213036343455315,-0.5519662499427795,0.0,0.0,-0.0029185337480157614,-0.0057213036343455315,0.0,0.0,0.0,0.0,0.0,0.0,0.0,0.0,0.0,0.0,0.0,0.17304518818855286,-0.0,-0.0,-0.0,0.0,0.0,2.693005084991455,0.24478718638420105,0.7218955755233765,8.532008171081543,0.028682585805654526,-0.08440189808607101,0.0,0.0,-0.0418982096016407,0.024740098044276237,-0.013215623795986176,-0.05966179817914963,-0.14657051861286163,-2.6091553081641905e-05,-5.130883073434234e-05,8.547962188720703,4.530525207519531,4.017436981201172,1646.0,1600.0,0.0,4226877643,20283,940
827477062,2,320,27436,8717,409367230,409368,403186,532,11852,8523,1096,125,-318,448,29.15625,-0.04062804952263832,0.026864975690841675,0.9534751772880554,-9.754101753234863,1.0242483615875244,-7.7380571365356445,2.738459825515747,0.8738414645195007,2.6434836387634277,1500,1500,1354,1500,2000,1000,1000,1000,1397,1495,1488,1642,1603,1,1,1,1,1,1,1,0,1,1,0,0,stabilized_mix,-0.0019709505140781403,-0.1733020395040512,-0.28093287348747253,0.0029539091046899557,0.0056041087955236435,-0.5527499318122864,0.0,0.0,-0.0029539091046899557,-0.0056041087955236435,0.0,0.0,0.0,0.0,0.0,0.0,0.0,0.0,0.0,0.0,0.0,0.17231202125549316,-0.0,-0.0,-0.0,0.0,0.0,2.6922719478607178,0.24927303194999695,0.7763051986694336,8.532444953918457,0.029206417500972748,-0.09071701765060425,0.0,0.0,-0.010423487983644009,0.09926475584506989,0.018782928586006165,0.008547738194465637,-0.14553023874759674,0.020258186385035515,-4.384524072520435e-05,8.534261703491211,4.48635721206665,4.047904968261719,1642.0,1603.0,0.0,734902441,20283,940
827477062,2,320,27437,8717,409371242,409372,403190,536,-13982,8235,-2288,-311,148,-61,29.1875,0.10520369559526443,0.03677499294281006,1.0739293098449707,-2.3578245639801025,4.328075408935547,1.899304747581482,2.527698516845703,0.884097158908844,2.6358628273010254,1500,1500,1360,1500,2000,1000,1000,1000,1402,1539,1509,1656,1605,1,1,1,1,1,1,1,0,1,1,0,0,stabilized_mix,0.04252232611179352,0.42682114243507385,-0.38443639874458313,0.0028654756024479866,0.006710481829941273,-0.553500235080719,0.0,0.0,-0.0028654756024479866,-0.006710481829941273,0.0,0.0,0.0,0.0,0.0,0.0,0.0,0.0,0.0,0.0,0.0,0.17231202125549316,-0.0,-0.0,-0.0,0.0,0.0,2.588711977005005,0.25098100304603577,0.731315016746521,8.656956672668457,0.0289837084710598,-0.08426832407712936,0.0,0.0,-0.04341210797429085,0.023649804294109344,-0.014428399503231049,-0.06061851978302002,-0.1451312154531479,-0.004972368013113737,-5.253622657619417e-05,8.673789024353027,4.599575996398926,4.07421350479126,1656.0,1605.0,0.0,1413808979,20283,940
827477062,2,320,27438,8717,409375241,409376,403194,532,11241,8065,1342,90,-417,473,29.15625,-0.04068605601787567,0.0566784143447876,0.9467582106590271,-9.750154495239258,1.4210267066955566,-7.3384857177734375,2.764055013656616,0.9047339558601379,2.625047206878662,1500,1500,1360,1500,2000,1000,1000,1000,1402,1496,1490,1649,1608,1,1,1,1,1,1,1,0,1,1,0,0,stabilized_mix,0.03775402158498764,-0.1891462504863739,-0.30970150232315063,0.00288136163726449,0.006733034271746874,-0.5544073581695557,0.0,0.0,-0.00288136163726449,-0.006733034271746874,0.0,0.0,0.0,0.0,0.0,0.0,0.0,0.0,0.0,0.0,0.0,0.17183548212051392,-0.0,-0.0,-0.0,0.0,0.0,2.588235378265381,0.25964534282684326,0.7907029390335083,8.657094955444336,0.029983215034008026,-0.09107190370559692,0.0,0.0,-0.014253166504204273,0.09779589623212814,0.015730049461126328,0.0067239925265312195,-0.1445649117231369,0.019212111830711365,-4.387350054457784e-05,8.65836238861084,4.548548698425293,4.109813690185547,1649.0,1608.0,0.0,974353017,20284,941
827477062,2,320,27439,8717,409379260,409380,403198,530,-14533,8052,-2722,-319,180,-62,29.140625,0.09262606501579285,0.04078960418701172,1.0846145153045654,-2.4453556537628174,4.136482238769531,0.6340739727020264,2.560629367828369,0.9016045928001404,2.6095361709594727,1500,1500,1362,1500,2000,1000,1000,1000,1404,1539,1507,1658,1608,1,1,1,1,1,1,1,0,1,1,0,0,stabilized_mix,0.03614772483706474,0.40409019589424133,-0.4179607629776001,0.002847549505531788,0.007735619321465492,-0.5552626848220825,0.0,0.0,-0.002847549505531788,-0.007735619321465492,0.0,0.0,0.0,0.0,0.0,0.0,0.0,0.0,0.0,0.0,0.0,0.17183548212051392,-0.0,-0.0,-0.0,0.0,0.0,2.553715467453003,0.2572157382965088,0.7430034875869751,8.69868278503418,0.029560891911387444,-0.08520298451185226,0.0,0.0,-0.041291337460279465,0.02441011555492878,-0.011730445548892021,-0.060792870819568634,-0.14375275373458862,-0.0016600018134340644,-5.089445039629936e-05,8.715381622314453,4.612163066864014,4.1032185554504395,1658.0,1608.0,0.0,3248251690,20284,941
827477062,2,320,27440,8717,409383298,409384,403202,540,10710,8442,2541,90,-358,475,29.21875,-0.04378578066825867,0.06595152616500854,0.9529517889022827,-9.731218338012695,1.4233145713806152,-5.693317890167236,2.7940380573272705,0.9321265816688538,2.6022090911865234,1500,1500,1362,1500,2000,1000,1000,1000,1404,1497,1489,1653,1610,1,1,1,1,1,1,1,0,1,1,0,0,stabilized_mix,0.06239589303731918,-0.20905064046382904,-0.33539801836013794,0.003173510544002056,0.007569735869765282,-0.5562798380851746,0.0,0.0,-0.003173510544002056,-0.007569735869765282,0.0,0.0,0.0,0.0,0.0,0.0,0.0,0.0,0.0,0.0,0.0,0.17183548212051392,-0.0,-0.0,-0.0,0.0,0.0,2.553715467453003,0.26852214336395264,0.8013678193092346,8.698359489440918,0.03086063452064991,-0.09185661375522614,0.0,0.0,-0.014208388514816761,0.09714291989803314,0.016652245074510574,0.005286306142807007,-0.14336910843849182,0.014905071817338467,-4.496239125728607e-05,8.699687004089355,4.574655532836914,4.125031471252441,1653.0,1610.0,0.0,2466180241,20284,941
827477062,2,320,27441,8717,409387323,409388,403206,544,-14427,7871,-3450,-292,180,-60,29.25,0.10034410655498505,0.053963929414749146,1.0773953199386597,-2.4921364784240723,3.9698355197906494,0.9325008392333984,2.6051793098449707,0.9249956011772156,2.589803695678711,1500,1500,1362,1500,2000,1000,1000,1000,1404,1539,1506,1658,1608,1,1,1,1,1,1,1,0,1,1,0,0,stabilized_mix,0.042590074241161346,0.36263802647590637,-0.4389604330062866,0.003077753586694598,0.008197025395929813,-0.557244062423706,0.0,0.0,-0.003077753586694598,-0.008197025395929813,0.0,0.0,0.0,0.0,0.0,0.0,0.0,0.0,0.0,0.0,0.0,0.1725757122039795,-0.0,-0.0,-0.0,0.0,0.0,2.5544557571411133,0.2666652202606201,0.7573347091674805,8.69737434387207,0.030650826171040535,-0.08685367554426193,0.0,0.0,-0.03963379189372063,0.02488083578646183,-0.008982965722680092,-0.06197284162044525,-0.142719566822052,-0.002441281685605645,-5.080632399767637e-05,8.714454650878906,4.6112589836120605,4.103195667266846,1658.0,1608.0,0.0,1511123524,20284,941
827477062,2,320,27442,8717,409391356,409392,403210,532,12096,8594,4460,109,-447,467,29.15625,-0.04653479903936386,0.023563802242279053,0.9529489278793335,-9.916502952575684,1.1838741302490234,-6.13398551940918,2.828411340713501,0.9636052250862122,2.5829806327819824,1500,1500,1362,1500,2000,1000,1000,1000,1404,1497,1487,1652,1610,1,1,1,1,1,1,1,0,1,1,0,0,stabilized_mix,0.09375250339508057,-0.2158156782388687,-0.35262036323547363,0.003485581837594509,0.007866745814681053,-0.5583338141441345,0.0,0.0,-0.003485581837594509,-0.007866745814681053,0.0,0.0,0.0,0.0,0.0,0.0,0.0,0.0,0.0,0.0,0.0,0.1725757122039795,-0.0,-0.0,-0.0,0.0,0.0,2.5544557571411133,0.27876508235931396,0.8169897794723511,8.696928977966309,0.032042305916547775,-0.09364611655473709,0.0,0.0,-0.011820093728601933,0.09900882840156555,0.020222213119268417,0.005362711846828461,-0.1423622965812683,0.01605873741209507,-4.420621553435922e-05,8.698832511901855,4.5704474449157715,4.128385066986084,1652.0,1610.0,0.0,3320706549,20284,941
827477062,2,320,27443,8717,409395389,409396,403214,530,-14704,7747,-2260,-287,239,-41,29.140625,0.06464659422636032,0.08759355545043945,1.0847141742706299,-2.597301483154297,3.829894542694092,1.0398168563842773,2.6437103748321533,0.936467707157135,2.567220687866211,1500,1500,1364,1500,2000,1000,1000,1000,1406,1540,1504,1661,1610,1,1,1,1,1,1,1,0,1,1,0,0,stabilized_mix,0.018084485083818436,0.32421496510505676,-0.47251513600349426,0.0033609438687562943,0.008455213159322739,-0.5594119429588318,0.0,0.0,-0.0033609438687562943,-0.008455213159322739,0.0,0.0,0.0,0.0,0.0,0.0,0.0,0.0,0.0,0.0,0.0,0.17375686764717102,-0.0,-0.0,-0.0,0.0,0.0,2.5211169719696045,0.2733001708984375,0.7720292806625366,8.736964225769043,0.03127071261405945,-0.08813262730836868,0.0,0.0,-0.038063399493694305,0.025813275948166847,-0.006792686879634857,-0.062319353222846985,-0.1415371149778366,-0.0027222344651818275,-5.049075116403401e-05,8.754158973693848,4.629533290863037,4.1246256828308105,1661.0,1610.0,0.0,988077431,20284,941
827477062,2,320,27444,8717,409399425,409400,403218,532,13120,9439,4227,106,-387,459,29.15625,-0.023713529109954834,-0.030767351388931274,0.9761327505111694,-10.048056602478027,1.020904779434204,-4.5708394050598145,2.8497469425201416,0.9876279234886169,2.565105438232422,1500,1500,1364,1500,2000,1000,1000,1000,1406,1497,1486,1656,1611,1,1,1,1,1,1,1,0,1,1,0,0,stabilized_mix,0.1058509349822998,-0.1904747635126114,-0.3756072223186493,0.003736969083547592,0.008052259683609009,-0.5605645179748535,0.0,0.0,-0.003736969083547592,-0.008052259683609009,0.0,0.0,0.0,0.0,0.0,0.0,0.0,0.0,0.0,0.0,0.0,0.17375686764717102,-0.0,-0.0,-0.0,0.0,0.0,2.5211169719696045,0.2877117395401001,0.8315361738204956,8.736373901367188,0.032920729368925095,-0.09487058967351913,0.0,0.0,-0.010146944783627987,0.09986933320760727,0.022773783653974533,0.004998743534088135,-0.14142636954784393,0.011966430582106113,-4.531099693849683e-05,8.738749504089355,4.5959296226501465,4.142819881439209,1656.0,1611.0,0.0,1634178764,20284,941
827477062,2,320,27445,8717,409403458,409404,403222,544,-15221,7468,-1742,-256,149,-27,29.25,0.04473353922367096,0.13400016725063324,1.0752507448196411,-2.5831141471862793,3.8113012313842773,0.0988914966583252,2.679724931716919,0.9524838328361511,2.5505690574645996,1500,1500,1364,1500,2000,1000,1000,1000,1406,1541,1504,1660,1610,1,1,1,1,1,1,1,0,1,1,0,0,stabilized_mix,-0.0032564960420131683,0.29919302463531494,-0.49304118752479553,0.003692970145493746,0.008967707864940166,-0.5617539286613464,0.0,0.0,-0.003692970145493746,-0.008967707864940166,0.0,0.0,0.0,0.0,0.0,0.0,0.0,0.0,0.0,0.0,0.0,0.17375686764717102,-0.0,-0.0,-0.0,0.0,0.0,2.5211169719696045,0.2778174579143524,0.782626748085022,8.73672103881836,0.031788114458322525,-0.08933889865875244,0.0,0.0,-0.03787966072559357,0.02567298896610737,-0.006091546267271042,-0.06366591155529022,-0.1406652331352234,-0.0002588973438832909,-4.932339652441442e-05,8.754619598388672,4.623927116394043,4.130692958831787,1660.0,1610.0,0.0,331022709,20284,941
827477062,2,320,27452,8723,409431691,409432,403250,544,11132,11828,2503,-59,-164,220,29.25,-0.0458659827709198,-0.3384804129600525,1.0634983777999878,-8.708372116088867,1.2459995746612549,-3.460787534713745,2.7968592643737793,1.0330336093902588,2.5090866088867188,1500,1500,1364,1500,2000,1000,1000,1000,1406,1504,1486,1656,1611,1,1,1,1,1,1,1,0,1,1,0,0,stabilized_mix,0.007482931017875671,0.19884002208709717,-0.41174831986427307,0.0035158272366970778,0.010152664966881275,-0.5706109404563904,0.0,0.0,-0.0035158272366970778,-0.010152664966881275,0.0,0.0,0.0,0.0,0.0,0.0,0.0,0.0,0.0,0.0,0.0,0.17309227585792542,-0.0,-0.0,-0.0,0.0,0.0,2.5204524993896484,0.3007872998714447,0.8149187564849854,8.737682342529297,0.03441056236624718,-0.09297341853380203,0.0,0.0,-0.012382346205413342,0.08654101938009262,0.02202821522951126,-0.006432399153709412,-0.13849322497844696,0.009060320444405079,-4.530150908976793e-05,8.739983558654785,4.596499443054199,4.143484115600586,1656.0,1611.0,0.0,1648110284,20284,941
827477062,2,320,27453,8723,409435723,409436,403254,530,-9848,4664,-2181,-195,-15,247,29.140625,0.07168735563755035,0.39871394634246826,0.9673112034797668,-4.18612813949585,4.973021507263184,-0.11035960912704468,2.8353967666625977,1.0420424938201904,2.5051746368408203,1500,1500,1364,1500,2000,1000,1000,1000,1406,1534,1509,1659,1610,1,1,1,1,1,1,1,0,1,1,0,0,stabilized_mix,0.005427265539765358,0.04310010373592377,-0.47425898909568787,0.0034344021696597338,0.01091027446091175,-0.571966826915741,0.0,0.0,-0.0034344021696597338,-0.01091027446091175,0.0,0.0,0.0,0.0,0.0,0.0,0.0,0.0,0.0,0.0,0.0,0.17304262518882751,-0.0,-0.0,-0.0,0.0,0.0,2.520402669906616,0.30324825644493103,0.8274474143981934,8.736793518066406,0.034695401787757874,-0.09441652148962021,0.0,0.0,-0.04942533001303673,0.04160463809967041,-0.014729928225278854,-0.0528118833899498,-0.13828839361667633,0.00028892079717479646,-4.829978570342064e-05,8.749940872192383,4.616469383239746,4.133471488952637,1659.0,1610.0,0.0,1593073658,20284,941
827477062,2,320,27454,8723,409439755,409440,403258,560,8117,11680,1436,-119,-56,121,29.375,-0.037021975964307785,-0.35784396529197693,1.0766596794128418,-7.48274040222168,1.8267135620117188,-2.0401272773742676,2.775552272796631,1.0547196865081787,2.4987592697143555,1500,1500,1364,1500,2000,1000,1000,1000,1406,1511,1489,1657,1611,1,1,1,1,1,1,1,0,1,1,0,0,stabilized_mix,0.010328095406293869,0.2868626117706299,-0.3962220847606659,0.0035655912943184376,0.010998421348631382,-0.5729626417160034,0.0,0.0,-0.0035655912943184376,-0.010998421348631382,0.0,0.0,0.0,0.0,0.0,0.0,0.0,0.0,0.0,0.0,0.0,0.17304262518882751,-0.0,-0.0,-0.0,0.0,0.0,2.520402669906616,0.3073158264160156,0.8092732429504395,8.737732887268066,0.035156626254320145,-0.09234146773815155,0.0,0.0,-0.018153192475438118,0.07436065375804901,0.017003433778882027,-0.01798081398010254,-0.13795247673988342,0.005341040901839733,-4.641400300897658e-05,8.740408897399902,4.602274417877197,4.138134479522705,1657.0,1611.0,0.0,2484144493,20284,941
827477062,2,320,27455,8723,409443788,409444,403262,530,-4711,5250,-2460,-141,-96,346,29.140625,0.08656656742095947,0.37627729773521423,0.942192792892456,-5.328359603881836,4.638862609863281,-0.4368823170661926,2.8794307708740234,1.080075979232788,2.4993033409118652,1500,1500,1364,1500,2000,1000,1000,1000,1406,1527,1506,1658,1610,1,1,1,1,1,1,1,0,1,1,0,0,stabilized_mix,0.04406888410449028,-0.042754873633384705,-0.41129621863365173,0.0035465939436107874,0.011886629275977612,-0.574157178401947,0.0,0.0,-0.0035465939436107874,-0.011886629275977612,0.0,0.0,0.0,0.0,0.0,0.0,0.0,0.0,0.0,0.0,0.0,0.17304262518882751,-0.0,-0.0,-0.0,0.0,0.0,2.520402669906616,0.3143714368343353,0.8400408029556274,8.736719131469727,0.03596726432442665,-0.09585103392601013,0.0,0.0,-0.04610461741685867,0.05295737460255623,-0.010137353092432022,-0.0428936593234539,-0.13798096776008606,0.001143755274824798,-4.7893059672787786e-05,8.745211601257324,4.6120710372924805,4.133140563964844,1658.0,1610.0,0.0,3769424505,20284,941
827477062,2,320,27456,8723,409447819,409448,403266,538,3010,11644,-15,-186,-2,42,29.203125,-0.03124876320362091,-0.32564905285835266,1.0908551216125488,-6.142509937286377,2.53884220123291,-2.518637180328369,2.7541871070861816,1.0717790126800537,2.486994743347168,1500,1500,1364,1500,2000,1000,1000,1000,1406,1519,1493,1657,1611,1,1,1,1,1,1,1,0,1,1,0,0,stabilized_mix,-0.0055682603269815445,0.3655098080635071,-0.36496618390083313,0.003550204448401928,0.0118263503536582,-0.5749574303627014,0.0,0.0,-0.003550204448401928,-0.0118263503536582,0.0,0.0,0.0,0.0,0.0,0.0,0.0,0.0,0.0,0.0,0.0,0.17196035385131836,-0.0,-0.0,-0.0,0.0,0.0,2.519320487976074,0.3109250068664551,0.8010691404342651,8.73912525177002,0.035563502460718155,-0.09140437841415405,0.0,0.0,-0.025226036086678505,0.06103222444653511,0.01033746637403965,-0.030372153967618942,-0.13733649253845215,0.0065937768667936325,-4.575998173095286e-05,8.743624687194824,4.600612163543701,4.143012523651123,1657.0,1611.0,0.0,4286641934,20285,942
827477062,2,320,27457,8723,409451853,409452,403270,532,578,5244,-1547,-69,-110,414,29.15625,0.08075609803199768,0.3106266260147095,0.9008533954620361,-6.626043319702148,4.037843227386475,-0.2665513753890991,2.9158997535705566,1.1111836433410645,2.489156723022461,1500,1500,1372,1500,2000,1000,1000,1000,1412,1520,1502,1670,1618,1,1,1,1,1,1,1,0,1,1,0,0,stabilized_mix,0.06084578111767769,-0.10002225637435913,-0.32471737265586853,0.0035791995469480753,0.012467852793633938,-0.5759292840957642,0.0,0.0,-0.0035791995469480753,-0.012467852793633938,0.0,0.0,0.0,0.0,0.0,0.0,0.0,0.0,0.0,0.0,0.0,0.17196035385131836,-0.0,-0.0,-0.0,0.0,0.0,2.3812406063079834,0.32529184222221375,0.8562003374099731,8.9036283493042,0.036518506705760956,-0.09586790204048157,0.0,0.0,-0.03937891125679016,0.0646202340722084,-0.0028604045510292053,-0.031247667968273163,-0.1374496966600418,0.0006978298770263791,-4.786317003890872e-05,8.908013343811035,4.693322658538818,4.214690685272217,1670.0,1618.0,0.0,2601666056,20285,942
827477062,2,320,27458,8723,409455887,409456,403274,540,-2773,9443,-711,-254,46,-27,29.21875,-0.02962825819849968,-0.24741582572460175,1.0786014795303345,-4.713652610778809,3.6537399291992188,-1.3459951877593994,2.740431785583496,1.0917785167694092,2.4796791076660156,1500,1500,1372,1500,2000,1000,1000,1000,1412,1528,1500,1670,1619,1,1,1,1,1,1,1,0,1,1,0,0,stabilized_mix,-0.019667385146021843,0.4192546010017395,-0.33090269565582275,0.003391318954527378,0.012650604359805584,-0.5765258073806763,0.0,0.0,-0.003391318954527378,-0.012650604359805584,0.0,0.0,0.0,0.0,0.0,0.0,0.0,0.0,0.0,0.0,0.0,0.16985687613487244,-0.0,-0.0,-0.0,0.0,0.0,2.3791370391845703,0.3167728781700134,0.802423357963562,8.907172203063965,0.03554881364107132,-0.08984480053186417,0.0,0.0,-0.03561878576874733,0.04595142975449562,-6.997212767601013e-05,-0.043893370777368546,-0.1369534432888031,0.0035238072741776705,-4.670038470067084e-05,8.915759086608887,4.691381454467773,4.224377632141113,1670.0,1619.0,0.0,1369534685,20285,942
827477062,2,320,27459,8723,409459920,409460,403278,550,5604,6228,142,-15,-189,463,29.296875,0.05646919086575508,0.20880243182182312,0.9041382670402527,-7.969855785369873,3.1221964359283447,-1.4467555284500122,2.940366268157959,1.134674310684204,2.4810614585876465,1500,1500,1372,1500,2000,1000,1000,1000,1412,1512,1496,1669,1618,1,1,1,1,1,1,1,0,1,1,0,0,stabilized_mix,0.05743873864412308,-0.13201503455638885,-0.24765914678573608,0.003428202122449875,0.013004220090806484,-0.5772046446800232,0.0,0.0,-0.003428202122449875,-0.013004220090806484,0.0,0.0,0.0,0.0,0.0,0.0,0.0,0.0,0.0,0.0,0.0,0.16985687613487244,-0.0,-0.0,-0.0,0.0,0.0,2.3791370391845703,0.3301375210285187,0.8568602800369263,8.90661907196045,0.03704957664012909,-0.09590763598680496,0.0,0.0,-0.030438877642154694,0.07769961655139923,0.006610698997974396,-0.01820801943540573,-0.1370258331298828,0.0037875971756875515,-4.6633329475298524e-05,8.90829086303711,4.687312126159668,4.220978736877441,1669.0,1618.0,0.0,972462944,20285,942
827477062,2,320,27460,8723,409463953,409464,403282,538,-8796,8471,-2655,-269,102,-57,29.203125,0.010923564434051514,-0.11256025731563568,1.0731877088546753,-3.4914445877075195,4.009361743927002,-0.8582477569580078,2.7430336475372314,1.106809139251709,2.4701156616210938,1500,1500,1372,1500,2000,1000,1000,1000,1412,1536,1502,1671,1619,1,1,1,1,1,1,1,0,1,1,0,0,stabilized_mix,-0.03347878158092499,0.4168095290660858,-0.2891010046005249,0.0033830469474196434,0.013808651827275753,-0.5775845646858215,0.0,0.0,-0.0033830469474196434,-0.013808651827275753,0.0,0.0,0.0,0.0,0.0,0.0,0.0,0.0,0.0,0.0,0.0,0.16985687613487244,-0.0,-0.0,-0.0,0.0,0.0,2.3791370391845703,0.32085561752319336,0.8048568367958069,8.906835556030273,0.03600795194506645,-0.09011875838041306,0.0,0.0,-0.039087068289518356,0.03403791785240173,-0.0030791163444519043,-0.05608084052801132,-0.13645270466804504,0.0022468874230980873,-4.697198164649308e-05,8.920903205871582,4.695311546325684,4.225591659545898,1671.0,1619.0,0.0,2154343503,20285,942
827477062,2,320,27461,8723,409467986,409468,403286,552,9821,7596,300,25,-207,453,29.3125,0.05036122351884842,0.06733720004558563,0.9060018062591553,-8.816703796386719,2.433593273162842,-1.7144017219543457,2.9420766830444336,1.1575331687927246,2.4720911979675293,1500,1500,1372,1500,2000,1000,1000,1000,1412,1506,1491,1669,1618,1,1,1,1,1,1,1,0,1,1,0,0,stabilized_mix,0.06429862976074219,-0.10675852000713348,-0.16422174870967865,0.003047458129003644,0.013790871016681194,-0.5779632329940796,0.0,0.0,-0.003047458129003644,-0.013790871016681194,0.0,0.0,0.0,0.0,0.0,0.0,0.0,0.0,0.0,0.0,0.0,0.16848963499069214,-0.0,-0.0,-0.0,0.0,0.0,2.377769947052002,0.33703964948654175,0.8537513613700867,8.908662796020508,0.03781476616859436,-0.09553263336420059,0.0,0.0,-0.023720113560557365,0.08593597263097763,0.014094652608036995,-0.009596660733222961,-0.13655614852905273,0.004488293547183275,-4.6223722165450454e-05,8.909957885742188,4.686097621917725,4.223860263824463,1669.0,1618.0,0.0,1823586843,20285,942
827477062,2,320,27462,8723,409472019,409472,403290,540,-12985,6963,-3880,-266,112,-38,29.21875,0.034654807299375534,0.04927174746990204,1.0351139307022095,-2.778353691101074,4.851065635681152,-0.0765458345413208,2.75988507270813,1.1264934539794922,2.463771343231201,1500,1500,1372,1500,2000,1000,1000,1000,1412,1540,1507,1671,1619,1,1,1,1,1,1,1,0,1,1,0,0,stabilized_mix,-0.03883732110261917,0.37174659967422485,-0.23608329892158508,0.002946949563920498,0.014819864183664322,-0.5781611800193787,0.0,0.0,-0.002946949563920498,-0.014819864183664322,0.0,0.0,0.0,0.0,0.0,0.0,0.0,0.0,0.0,0.0,0.0,0.16848963499069214,-0.0,-0.0,-0.0,0.0,0.0,2.377769947052002,0.32439830899238586,0.8100204467773438,8.908218383789062,0.036399535834789276,-0.09067485481500626,0.0,0.0,-0.04728545621037483,0.02708182856440544,-0.010885920375585556,-0.06359302997589111,-0.1361205279827118,0.00020039653463754803,-4.7572102630510926e-05,8.926790237426758,4.7012553215026855,4.225534439086914,1671.0,1619.0,0.0,3065980751,20285,942
827477062,2,320,27463,8723,409476053,409476,403294,538,12863,9336,1627,39,-232,416,29.203125,0.029140938073396683,-0.07982318103313446,0.9294936656951904,-9.434082984924316,1.6558860540390015,-3.4840219020843506,2.9285926818847656,1.178098440170288,2.459120273590088,1500,1500,1372,1500,2000,1000,1000,1000,1412,1502,1486,1668,1619,1,1,1,1,1,1,1,0,1,1,0,0,stabilized_mix,0.06421351432800293,-0.04734509438276291,-0.08938758075237274,0.0028084025252610445,0.01444501057267189,-0.5782130360603333,0.0,0.0,-0.0028084025252610445,-0.01444501057267189,0.0,0.0,0.0,0.0,0.0,0.0,0.0,0.0,0.0,0.0,0.0,0.16760092973709106,-0.0,-0.0,-0.0,0.0,0.0,2.3768811225891113,0.34368568658828735,0.8486833572387695,8.910051345825195,0.038553692400455475,-0.09493989497423172,0.0,0.0,-0.016137324273586273,0.09193921089172363,0.0224163681268692,-0.003000684082508087,-0.13587698340415955,0.00912114791572094,-4.436454037204385e-05,8.912330627441406,4.677988052368164,4.234342575073242,1668.0,1619.0,0.0,3821865317,20285,942
827477062,2,320,27469,8728,409499245,409500,403317,544,13915,10915,2304,-3,-218,340,29.25,0.0036523230373859406,-0.2263229489326477,0.9583912491798401,-9.454777717590332,1.7157135009765625,-4.187571048736572,2.9011034965515137,1.2441236972808838,2.413898468017578,1500,1500,1372,1500,2000,1000,1000,1000,1412,1502,1485,1667,1620,1,1,1,1,1,1,1,0,1,1,0,0,stabilized_mix,0.06333636492490768,0.04096835106611252,0.09203482419252396,0.0024318501818925142,0.01640942133963108,-0.5760306119918823,0.0,0.0,-0.0024318501818925142,-0.01640942133963108,0.0,0.0,0.0,0.0,0.0,0.0,0.0,0.0,0.0,0.0,0.0,0.16722527146339417,-0.0,-0.0,-0.0,0.0,0.0,2.3765056133270264,0.3635871112346649,0.8451847434043884,8.910640716552734,0.04078107699751854,-0.094541035592556,0.0,0.0,-0.016719263046979904,0.09213478863239288,0.024061813950538635,-0.0024062469601631165,-0.13350917398929596,0.010963035747408867,-4.289110074751079e-05,8.913247108459473,4.671079158782959,4.242167949676514,1667.0,1620.0,0.0,279940041,20285,942
827477062,2,320,27470,8728,409503281,409504,403321,544,-13733,4913,-2707,-207,31,119,29.25,0.06774292141199112,0.3231342136859894,0.95419842004776,-2.9751570224761963,5.5040740966796875,-0.18193382024765015,2.8299763202667236,1.2335031032562256,2.4055027961730957,1500,1500,1372,1500,2000,1000,1000,1000,1412,1541,1509,1671,1619,1,1,1,1,1,1,1,0,1,1,0,0,stabilized_mix,0.005801500752568245,0.15539753437042236,0.007783431559801102,0.0023732881527394056,0.0174606554210186,-0.575332522392273,0.0,0.0,-0.0023732881527394056,-0.0174606554210186,0.0,0.0,0.0,0.0,0.0,0.0,0.0,0.0,0.0,0.0,0.0,0.16722527146339417,-0.0,-0.0,-0.0,0.0,0.0,2.3765056133270264,0.3574061095714569,0.8318043947219849,8.909019470214844,0.04009583219885826,-0.09308816492557526,0.0,0.0,-0.053645793348550797,0.028997547924518585,-0.013549961149692535,-0.06409061700105667,-0.13306958973407745,0.00047630161861889064,-4.64076001662761e-05,8.928167343139648,4.696121692657471,4.232045650482178,1671.0,1619.0,0.0,2185363625,20285,942
827477062,2,320,27471,8728,409507315,409508,403325,536,11995,11435,2258,-56,-178,230,29.1875,-0.022477488964796066,-0.3203939199447632,0.994239091873169,-8.743135452270508,1.7168121337890625,-4.925480842590332,2.8737053871154785,1.254312515258789,2.3918819427490234,1500,1500,1374,1500,2000,1000,1000,1000,1414,1506,1484,1669,1622,1,1,1,1,1,1,1,0,1,1,0,0,stabilized_mix,0.026025623083114624,0.1555323600769043,0.1333702802658081,0.0024171259719878435,0.016769343987107277,-0.5743215680122375,0.0,0.0,-0.0024171259719878435,-0.016769343987107277,0.0,0.0,0.0,0.0,0.0,0.0,0.0,0.0,0.0,0.0,0.0,0.16782906651496887,-0.0,-0.0,-0.0,0.0,0.0,2.3425891399383545,0.3681398630142212,0.8444234132766724,8.950993537902832,0.04110521078109741,-0.0940321832895279,0.0,0.0,-0.016654547303915024,0.08481589704751968,0.02445066347718239,-0.00921628624200821,-0.1323564052581787,0.012894879095256329,-4.181155236437917e-05,8.95405101776123,4.6860833168029785,4.267967700958252,1669.0,1622.0,0.0,1438433180,20285,942
827477062,2,320,27472,8728,409511348,409512,403329,534,-9557,3777,-2145,-184,-6,240,29.171875,0.081531822681427,0.3767661154270172,0.8991475105285645,-4.121397495269775,5.581583499908447,0.41979318857192993,2.8902924060821533,1.25982666015625,2.387650966644287,1500,1500,1374,1500,2000,1000,1000,1000,1414,1535,1508,1673,1621,1,1,1,1,1,1,1,0,1,1,0,0,stabilized_mix,0.014547370374202728,0.028278470039367676,0.08290073275566101,0.002303154906257987,0.017699062824249268,-0.5734481811523438,0.0,0.0,-0.002303154906257987,-0.017699062824249268,0.0,0.0,0.0,0.0,0.0,0.0,0.0,0.0,0.0,0.0,0.0,0.16782906651496887,-0.0,-0.0,-0.0,0.0,0.0,2.3425891399383545,0.36903420090675354,0.8522630929946899,8.94944953918457,0.0412120595574379,-0.0949365571141243,0.0,0.0,-0.05415548011660576,0.03998798131942749,-0.012943420559167862,-0.05494857579469681,-0.13213486969470978,-0.0010990160517394543,-4.663178697228432e-05,8.963727951049805,4.715023040771484,4.24870491027832,1673.0,1621.0,0.0,3647965746,20285,942
827477062,2,320,27473,8728,409515380,409516,403333,528,7455,10779,1739,-155,-147,112,29.125,-0.044117383658885956,-0.3493998050689697,1.0139789581298828,-7.366274833679199,2.600978374481201,-4.572917938232422,2.8409788608551025,1.2616605758666992,2.3739023208618164,1500,1500,1375,1500,2000,1000,1000,1000,1415,1514,1490,1671,1623,1,1,1,1,1,1,1,0,1,1,0,0,stabilized_mix,-0.014132427051663399,0.27417030930519104,0.16803990304470062,0.002287468872964382,0.016983715817332268,-0.5721814632415771,0.0,0.0,-0.002287468872964382,-0.016983715817332268,0.0,0.0,0.0,0.0,0.0,0.0,0.0,0.0,0.0,0.0,0.0,0.16857153177261353,-0.0,-0.0,-0.0,0.0,0.0,2.3260715007781982,0.3715248703956604,0.840027928352356,8.970386505126953,0.04139316454529762,-0.0933600589632988,0.0,0.0,-0.02517716772854328,0.07130467891693115,0.01621599681675434,-0.022055380046367645,-0.1314149796962738,0.011971871368587017,-4.1805062210187316e-05,8.973748207092285,4.695899486541748,4.277848720550537,1671.0,1623.0,0.0,1764154472,20286,943
827477062,2,320,27474,8728,409519411,409520,403337,544,-3415,3918,-1403,-128,-108,358,29.25,0.08281978219747543,0.3478187322616577,0.8611043095588684,-5.686451435089111,4.921231746673584,-1.0364255905151367,2.9430649280548096,1.2839655876159668,2.3686532974243164,1500,1500,1382,1500,2000,1000,1000,1000,1421,1527,1503,1684,1629,1,1,1,1,1,1,1,0,1,1,0,0,stabilized_mix,0.019574806094169617,-0.06281369924545288,0.173847034573555,0.0021429096814244986,0.017710547894239426,-0.571065366268158,0.0,0.0,-0.0021429096814244986,-0.017710547894239426,0.0,0.0,0.0,0.0,0.0,0.0,0.0,0.0,0.0,0.0,0.0,0.16857153177261353,-0.0,-0.0,-0.0,0.0,0.0,2.205251455307007,0.38204991817474365,0.8779095411300659,9.113880157470703,0.04189503937959671,-0.09602917730808258,0.0,0.0,-0.046886928379535675,0.05417754501104355,-0.004991888999938965,-0.04185163229703903,-0.13114014267921448,0.0027133559342473745,-4.4949323637411e-05,9.121981620788574,4.78573751449585,4.336244106292725,1684.0,1629.0,0.0,1559289223,20286,943
827477062,2,320,27475,8728,409523448,409524,403341,532,868,9748,675,-239,-38,8,29.15625,-0.04161980003118515,-0.3006625771522522,1.0218861103057861,-5.6323041915893555,3.6190297603607178,-3.489683151245117,2.80102276802063,1.2669305801391602,2.352752208709717,1500,1500,1382,1500,2000,1000,1000,1000,1421,1524,1496,1682,1630,1,1,1,1,1,1,1,0,1,1,0,0,stabilized_mix,-0.04904099553823471,0.38507264852523804,0.20532944798469543,0.0020941859111189842,0.018053259700536728,-0.5695526599884033,0.0,0.0,-0.0020941859111189842,-0.018053259700536728,0.0,0.0,0.0,0.0,0.0,0.0,0.0,0.0,0.0,0.0,0.0,0.16857153177261353,-0.0,-0.0,-0.0,0.0,0.0,2.205251455307007,0.37634164094924927,0.8356613516807556,9.11500072479248,0.04126472771167755,-0.09142212569713593,0.0,0.0,-0.034475989639759064,0.05365506187081337,0.0067887380719184875,-0.037767063826322556,-0.13030757009983063,0.00913596898317337,-4.241004353389144e-05,9.121715545654297,4.7729082107543945,4.3488078117370605,1682.0,1630.0,0.0,1538371292,20286,943
827477062,2,320,27476,8728,409527483,409528,403345,552,2981,4862,-193,-66,-178,431,29.3125,0.07192531228065491,0.25346189737319946,0.8369963765144348,-7.192152500152588,4.385743141174316,-1.402843952178955,2.965583086013794,1.308380126953125,2.351154327392578,1500,1500,1382,1500,2000,1000,1000,1000,1421,1518,1499,1683,1629,1,1,1,1,1,1,1,0,1,1,0,0,stabilized_mix,0.03206055983901024,-0.09990827739238739,0.26569655537605286,0.0019116327166557312,0.017850875854492188,-0.5681713223457336,0.0,0.0,-0.0019116327166557312,-0.017850875854492188,0.0,0.0,0.0,0.0,0.0,0.0,0.0,0.0,0.0,0.0,0.0,0.16835415363311768,-0.0,-0.0,-0.0,0.0,0.0,2.2050342559814453,0.3892021179199219,0.8840214014053345,9.11442756652832,0.04267583414912224,-0.09668895602226257,0.0,0.0,-0.04178256168961525,0.06851896643638611,0.0008932724595069885,-0.028169989585876465,-0.13022390007972717,0.0036726368125528097,-4.429294494912028e-05,9.118048667907715,4.780488967895508,4.337559700012207,1683.0,1629.0,0.0,921181304,20286,943
827477062,2,320,27477,8728,409531511,409532,403349,544,-6012,8471,-1183,-264,0,-41,29.25,-0.022311508655548096,-0.16878396272659302,1.019958734512329,-4.1340651512146,4.38507604598999,-2.811188220977783,2.776165008544922,1.2776825428009033,2.335659980773926,1500,1500,1382,1500,2000,1000,1000,1000,1421,1533,1500,1683,1630,1,1,1,1,1,1,1,0,1,1,0,0,stabilized_mix,-0.06727325171232224,0.42027750611305237,0.23340047895908356,0.0017937906086444855,0.018531572073698044,-0.5664725303649902,0.0,0.0,-0.0017937906086444855,-0.018531572073698044,0.0,0.0,0.0,0.0,0.0,0.0,0.0,0.0,0.0,0.0,0.0,0.16835415363311768,-0.0,-0.0,-0.0,0.0,0.0,2.2050342559814453,0.3794410824775696,0.8284517526626587,9.114907264709473,0.04160460829734802,-0.09064071625471115,0.0,0.0,-0.04177401214838028,0.039382778108119965,-0.00016940385103225708,-0.051257938146591187,-0.12941262125968933,0.007359673734754324,-4.27184859290719e-05,9.126893997192383,4.777039527893066,4.349854469299316,1683.0,1630.0,0.0,1735600341,20286,943
827477062,2,320,27478,8728,409535543,409536,403353,528,9107,7039,1413,-4,-247,463,29.125,0.05053648725152016,0.10868984460830688,0.854258120059967,-8.768304824829102,3.0778636932373047,-3.2377302646636963,2.9836442470550537,1.3251402378082275,2.330038070678711,1500,1500,1384,1500,2000,1000,1000,1000,1423,1509,1491,1685,1632,1,1,1,1,1,1,1,0,1,1,0,0,stabilized_mix,0.02938413992524147,-0.1184840053319931,0.3341524004936218,0.00163452816195786,0.0179539043456316,-0.5648400187492371,0.0,0.0,-0.00163452816195786,-0.0179539043456316,0.0,0.0,0.0,0.0,0.0,0.0,0.0,0.0,0.0,0.0,0.0,0.16716286540031433,-0.0,-0.0,-0.0,0.0,0.0,2.169322967529297,0.39346569776535034,0.8874930143356323,9.157763481140137,0.042938850820064545,-0.09660077095031738,0.0,0.0,-0.029183760285377502,0.08313952386379242,0.013755090534687042,-0.013461247086524963,-0.12911826372146606,0.008476357907056808,-4.2224652133882046e-05,9.159460067749023,4.790853023529053,4.3686065673828125,1685.0,1632.0,0.0,1979609403,20286,943
827477062,2,320,27479,8728,409539577,409540,403357,516,-11659,7399,-2769,-282,100,-38,29.03125,0.008336659520864487,0.009026706218719482,1.0071489810943604,-3.1488776206970215,5.2206621170043945,-0.796755313873291,2.7984519004821777,1.2885565757751465,2.3178868293762207,1500,1500,1384,1500,2000,1000,1000,1000,1423,1539,1505,1687,1631,1,1,1,1,1,1,1,0,1,1,0,0,stabilized_mix,-0.07795670628547668,0.35610803961753845,0.24873027205467224,0.0014172743540257215,0.0187857523560524,-0.5630517601966858,0.0,0.0,-0.0014172743540257215,-0.0187857523560524,0.0,0.0,0.0,0.0,0.0,0.0,0.0,0.0,0.0,0.0,0.0,0.16716286540031433,-0.0,-0.0,-0.0,0.0,0.0,2.169322967529297,0.3819250464439392,0.8360079526901245,9.157238006591797,0.04168329015374184,-0.09103962033987045,0.0,0.0,-0.04950423538684845,0.029858814552426338,-0.007820945233106613,-0.061180807650089264,-0.12848202884197235,0.0020859006326645613,-4.423863720148802e-05,9.174683570861816,4.808535099029541,4.366148471832275,1687.0,1631.0,0.0,1276578188,20286,943
827477062,2,320,27480,8728,409543611,409544,403361,536,12886,9108,1221,6,-267,446,29.1875,0.041968438774347305,-0.05649751424789429,0.8863162994384766,-9.858015060424805,2.537836790084839,-3.8313257694244385,2.993832588195801,1.343548059463501,2.3131561279296875,1500,1500,1385,1500,2000,1000,1000,1000,1423,1502,1488,1686,1633,1,1,1,1,1,1,1,0,1,1,0,0,stabilized_mix,0.035309478640556335,-0.10237553715705872,0.3748299479484558,0.0013715578243136406,0.018547404557466507,-0.5612309575080872,0.0,0.0,-0.0013715578243136406,-0.018547404557466507,0.0,0.0,0.0,0.0,0.0,0.0,0.0,0.0,0.0,0.0,0.0,0.16716286540031433,-0.0,-0.0,-0.0,0.0,0.0,2.1520628929138184,0.3995703458786011,0.8908487558364868,9.178815841674805,0.04350433126091957,-0.09673357009887695,0.0,0.0,-0.02400813065469265,0.09325757622718811,0.01949620060622692,-0.0034759938716888428,-0.12823432683944702,0.01003038790076971,-4.137138603255153e-05,9.180615425109863,4.7971649169921875,4.383450984954834,1686.0,1633.0,0.0,1523883088,20286,943
827477062,2,320,27488,8735,409575875,409576,403393,530,-1988,9432,1050,-239,26,24,29.140625,-0.06941129267215729,-0.24417811632156372,1.0320327281951904,-6.339937210083008,3.76053524017334,-2.414834976196289,2.9321160316467285,1.338627815246582,2.237360954284668,1500,1500,1387,1500,2000,1000,1000,1000,1425,1522,1495,1688,1635,1,1,1,1,1,1,1,0,1,1,0,0,stabilized_mix,-0.10629668086767197,0.31136995553970337,0.31153953075408936,0.00013185963325668126,0.018010089173913002,-0.5460925698280334,0.0,0.0,-0.00013185963325668126,-0.018010089173913002,0.0,0.0,0.0,0.0,0.0,0.0,0.0,0.0,0.0,0.0,0.0,0.16569536924362183,-0.0,-0.0,-0.0,0.0,0.0,2.116075277328491,0.3991914391517639,0.8775596618652344,9.220830917358398,0.04326533526182175,-0.09488272666931152,0.0,0.0,-0.035412851721048355,0.059703003615140915,0.007852483540773392,-0.03517972305417061,-0.12426570057868958,0.006322023458778858,-4.1280261939391494e-05,9.226824760437012,4.8198137283325195,4.407011032104492,1688.0,1635.0,0.0,176845528,20286,943
827477062,2,320,27489,8735,409579908,409580,403397,538,5596,5999,-512,-9,-188,511,29.203125,0.08471311628818512,0.20523574948310852,0.8440789580345154,-9.458548545837402,3.060983180999756,-1.67374587059021,3.1317172050476074,1.3749213218688965,2.2364087104797363,1500,1500,1387,1500,2000,1000,1000,1000,1425,1508,1490,1688,1635,1,1,1,1,1,1,1,0,1,1,0,0,stabilized_mix,-0.019557878375053406,-0.18535004556179047,0.36583763360977173,-0.00022577479830943048,0.018048161640763283,-0.544315755367279,0.0,0.0,0.00022577479830943048,-0.018048161640763283,0.0,0.0,0.0,0.0,0.0,0.0,0.0,0.0,0.0,0.0,0.0,0.16569536924362183,0.0,-0.0,-0.0,0.0,0.0,2.116075277328491,0.41085729002952576,0.9355061054229736,9.220258712768555,0.04453082010149956,-0.10110359638929367,0.0,0.0,-0.02882697992026806,0.08907640725374222,0.0157038401812315,-0.012027189135551453,-0.12421584129333496,0.004381856415420771,-4.194187931716442e-05,9.222063064575195,4.820740699768066,4.401321887969971,1688.0,1635.0,0.0,1437208473,20286,943
827477062,2,320,27490,8735,409583939,409584,403401,536,-8822,7810,-1061,-234,80,-15,29.1875,-0.038817618042230606,-0.08648696541786194,1.0219310522079468,-4.757721900939941,4.291664123535156,-1.0416319370269775,2.939598798751831,1.327296257019043,2.224644184112549,1500,1500,1387,1500,2000,1000,1000,1000,1425,1532,1498,1689,1635,1,1,1,1,1,1,1,0,1,1,0,0,stabilized_mix,-0.13996978104114532,0.3450627624988556,0.26396510004997253,-0.0005901877884753048,0.018581949174404144,-0.5424506664276123,0.0,0.0,0.0005901877884753048,-0.018581949174404144,0.0,0.0,0.0,0.0,0.0,0.0,0.0,0.0,0.0,0.0,0.0,0.16569536924362183,0.0,-0.0,-0.0,0.0,0.0,2.116075277328491,0.3959943652153015,0.8807671666145325,9.220176696777344,0.04292229562997818,-0.09523677080869675,0.0,0.0,-0.04041734337806702,0.04480651021003723,0.0025049522519111633,-0.050430260598659515,-0.12359985709190369,0.0027269860729575157,-4.230553167872131e-05,9.231942176818848,4.827498435974121,4.404443264007568,1689.0,1635.0,0.0,4268201137,20286,943
827477062,2,320,27491,8735,409587972,409588,403405,534,11996,8675,1843,16,-236,500,29.171875,0.043651923537254333,0.003946661949157715,0.8901925683021545,-10.793935775756836,1.9548031091690063,-2.924760341644287,3.1337008476257324,1.3662102222442627,2.22170352935791,1500,1500,1387,1500,2000,1000,1000,1000,1425,1500,1484,1688,1635,1,1,1,1,1,1,1,0,1,1,0,0,stabilized_mix,-0.03518923372030258,-0.12315510213375092,0.348045289516449,-0.0009308868902735412,0.017832310870289803,-0.540717601776123,0.0,0.0,0.0009308868902735412,-0.017832310870289803,0.0,0.0,0.0,0.0,0.0,0.0,0.0,0.0,0.0,0.0,0.0,0.16543462872505188,0.0,-0.0,-0.0,0.0,0.0,2.115814685821533,0.40849602222442627,0.9354974031448364,9.221024513244629,0.0442715585231781,-0.10107313096523285,0.0,0.0,-0.01840793900191784,0.10164404660463333,0.02586361952126026,0.0005709156394004822,-0.12344587594270706,0.0076570045202970505,-4.052612348459661e-05,9.224111557006836,4.814686298370361,4.409425258636475,1688.0,1635.0,0.0,202549526,20286,943
827477062,2,320,27492,8735,409592004,409592,403409,528,-13337,6691,-2296,-215,113,38,29.125,-0.0020352862775325775,0.11857688426971436,1.005752444267273,-4.109304904937744,4.5539679527282715,0.27136659622192383,2.9763002395629883,1.3146302700042725,2.213243007659912,1500,1500,1387,1500,2000,1000,1000,1000,1425,1537,1500,1689,1634,1,1,1,1,1,1,1,0,1,1,0,0,stabilized_mix,-0.15850116312503815,0.2833300232887268,0.20979225635528564,-0.00145514658652246,0.018675535917282104,-0.5390819311141968,0.0,0.0,0.00145514658652246,-0.018675535917282104,0.0,0.0,0.0,0.0,0.0,0.0,0.0,0.0,0.0,0.0,0.0,0.16543462872505188,0.0,-0.0,-0.0,0.0,0.0,2.115814685821533,0.3926859498023987,0.8923079967498779,9.219883918762207,0.0425654761493206,-0.0964803397655487,0.0,0.0,-0.04288898780941963,0.03870118036866188,-0.00032351166009902954,-0.057779159396886826,-0.12300288677215576,-0.0007104360847733915,-4.3299602111801505e-05,9.235296249389648,4.834146499633789,4.401150226593018,1689.0,1634.0,0.0,425880783,20287,944
827477062,2,320,27493,8735,409596038,409596,403413,528,14158,11259,3010,13,-239,413,29.125,0.0033126100897789,-0.18788108229637146,0.9526968598365784,-11.097963333129883,1.0392780303955078,-3.7139892578125,3.111467123031616,1.3491814136505127,2.208244800567627,1500,1500,1387,1500,2000,1000,1000,1000,1425,1497,1478,1688,1636,1,1,1,1,1,1,1,0,1,1,0,0,stabilized_mix,-0.05675186589360237,-0.005981042981147766,0.3087812066078186,-0.0020629509817808867,0.017809545621275902,-0.5374279022216797,0.0,0.0,0.0020629509817808867,-0.017809545621275902,0.0,0.0,0.0,0.0,0.0,0.0,0.0,0.0,0.0,0.0,0.0,0.16526517271995544,0.0,-0.0,-0.0,0.0,0.0,2.115645170211792,0.4036921560764313,0.9291797280311584,9.221543312072754,0.043749138712882996,-0.10036537796258926,0.0,0.0,-0.009786095470190048,0.10450112074613571,0.03396304324269295,0.004135742783546448,-0.12274117767810822,0.009723201394081116,-3.955629654228687e-05,9.226943016052246,4.811253070831299,4.415689945220947,1688.0,1636.0,0.0,1747104530,20287,944
827477062,2,320,27494,8735,409599062,409600,403416,534,-12010,7604,-2060,-219,129,6,29.171875,-0.01860043779015541,0.03185814619064331,1.0234912633895874,-4.376756191253662,4.205279350280762,-0.07602143287658691,2.978830099105835,1.3016276359558105,2.201932430267334,1500,1500,1387,1500,2000,1000,1000,1000,1425,1535,1498,1689,1635,1,1,1,1,1,1,1,0,1,1,0,0,stabilized_mix,-0.1712544858455658,0.33137786388397217,0.18236783146858215,-0.0025220562238246202,0.018623538315296173,-0.5363410711288452,0.0,0.0,0.0025220562238246202,-0.018623538315296173,0.0,0.0,0.0,0.0,0.0,0.0,0.0,0.0,0.0,0.0,0.0,0.16526517271995544,0.0,-0.0,-0.0,0.0,0.0,2.115645170211792,0.3890853524208069,0.893160343170166,9.220112800598145,0.04217460751533508,-0.0965692326426506,0.0,0.0,-0.039604075253009796,0.04121899604797363,0.002570532262325287,-0.05535023659467697,-0.12241066992282867,0.000199023648747243,-4.277404514141381e-05,9.234284400939941,4.83101224899292,4.403271675109863,1689.0,1635.0,0.0,2139984780,20287,944
827477062,2,320,27495,8735,409603148,409604,403420,528,13775,10769,2453,66,-191,457,29.125,0.02405402436852455,-0.11175370216369629,0.9297162890434265,-11.112528800964355,0.6729309558868408,-2.4026927947998047,3.141667366027832,1.3320155143737793,2.2004151344299316,1500,1500,1387,1500,2000,1000,1000,1000,1425,1498,1476,1688,1635,1,1,1,1,1,1,1,0,1,1,0,0,stabilized_mix,-0.06833333522081375,-0.046896182000637054,0.2821488082408905,-0.00299346586689353,0.018500031903386116,-0.5348546504974365,0.0,0.0,0.00299346586689353,-0.018500031903386116,0.0,0.0,0.0,0.0,0.0,0.0,0.0,0.0,0.0,0.0,0.0,0.16526517271995544,0.0,-0.0,-0.0,0.0,0.0,2.115645170211792,0.3992305397987366,0.938230574131012,9.221512794494629,0.04326637089252472,-0.1013261005282402,0.0,0.0,-0.006336502730846405,0.10463862866163254,0.036929868161678314,0.003312528133392334,-0.12233121693134308,0.006290235091000795,-4.061430809088051e-05,9.22785472869873,4.8169989585876465,4.410855770111084,1688.0,1635.0,0.0,809484075,20287,944
827477062,2,320,27496,8735,409607206,409608,403424,538,-14158,6235,-1497,-168,97,87,29.203125,0.015426382422447205,0.2184663563966751,0.987986147403717,-4.011621475219727,3.959113121032715,0.9486042261123657,3.018883228302002,1.2848820686340332,2.195467472076416,1500,1500,1387,1500,2000,1000,1000,1000,1425,1538,1497,1689,1634,1,1,1,1,1,1,1,0,1,1,0,0,stabilized_mix,-0.166568785905838,0.24007607996463776,0.14326146245002747,-0.0035190419293940067,0.018699681386351585,-0.5335213541984558,0.0,0.0,0.0035190419293940067,-0.018699681386351585,0.0,0.0,0.0,0.0,0.0,0.0,0.0,0.0,0.0,0.0,0.0,0.16515502333641052,0.0,-0.0,-0.0,0.0,0.0,2.115535020828247,0.384899765253067,0.9057405591011047,9.219728469848633,0.04172317683696747,-0.09792422503232956,0.0,0.0,-0.03728731349110603,0.037781842052936554,0.004435863345861435,-0.060142382979393005,-0.12207216024398804,-0.0024834400974214077,-4.3594453018158674e-05,9.236518859863281,4.836231708526611,4.40028715133667,1689.0,1634.0,0.0,1109338049,20287,944
827477062,2,320,27497,8735,409611215,409612,403428,540,13181,12024,3950,6,-165,325,29.21875,-0.04003903269767761,-0.2808920741081238,0.9905984997749329,-10.495807647705078,0.290552020072937,-2.890028476715088,3.09891676902771,1.2990529537200928,2.1917738914489746,1500,1500,1387,1500,2000,1000,1000,1000,1425,1501,1475,1688,1636,1,1,1,1,1,1,1,0,1,1,0,0,stabilized_mix,-0.1002417504787445,0.1158839538693428,0.2416580468416214,-0.003941514529287815,0.018569832667708397,-0.5321048498153687,0.0,0.0,0.003941514529287815,-0.018569832667708397,0.0,0.0,0.0,0.0,0.0,0.0,0.0,0.0,0.0,0.0,0.0,0.16515502333641052,0.0,-0.0,-0.0,0.0,0.0,2.115535020828247,0.38935601711273193,0.9263952970504761,9.221868515014648,0.0421958863735199,-0.10004305094480515,0.0,0.0,-0.002735811984166503,0.09882759302854538,0.03946007415652275,-0.0012154579162597656,-0.12187877297401428,0.007566077169030905,-4.000947228632867e-05,9.229059219360352,4.814577102661133,4.414482593536377,1688.0,1636.0,0.0,1891351347,20287,944
827477062,2,320,27498,8735,409615226,409616,403432,536,-11925,4456,-2803,-142,66,251,29.1875,0.057925451546907425,0.34873631596565247,0.9310601949691772,-5.028535842895508,3.785374402999878,1.4655333757400513,3.0698401927948,1.2647247314453125,2.1907882690429688,1500,1500,1387,1500,2000,1000,1000,1000,1425,1533,1496,1689,1634,1,1,1,1,1,1,1,0,1,1,0,0,stabilized_mix,-0.15510360896587372,0.10813705623149872,0.13905824720859528,-0.004490784369409084,0.01881428435444832,-0.5309423804283142,0.0,0.0,0.004490784369409084,-0.01881428435444832,0.0,0.0,0.0,0.0,0.0,0.0,0.0,0.0,0.0,0.0,0.0,0.16543343663215637,0.0,-0.0,-0.0,0.0,0.0,2.1158134937286377,0.37994953989982605,0.9217010736465454,9.219329833984375,0.04118896275758743,-0.09964223206043243,0.0,0.0,-0.03565256670117378,0.04736128821969032,0.0055363960564136505,-0.05228094384074211,-0.12182716280221939,-0.0038367577362805605,-4.398237797431648e-05,9.232085227966309,4.835954189300537,4.396130561828613,1689.0,1634.0,0.0,467324775,20287,944
827477062,2,320,27499,8735,409619229,409620,403436,538,8019,11719,3821,-70,-72,171,29.203125,-0.07566690444946289,-0.3386002480983734,1.0373789072036743,-8.838953018188477,0.6057869791984558,-2.3059706687927246,3.05305552482605,1.2629106044769287,2.1852917671203613,1500,1500,1387,1500,2000,1000,1000,1000,1425,1510,1478,1688,1635,1,1,1,1,1,1,1,0,1,1,0,0,stabilized_mix,-0.13973569869995117,0.28266456723213196,0.19281673431396484,-0.00492376834154129,0.01888767071068287,-0.5295699238777161,0.0,0.0,0.00492376834154129,-0.01888767071068287,0.0,0.0,0.0,0.0,0.0,0.0,0.0,0.0,0.0,0.0,0.0,0.16543343663215637,0.0,-0.0,-0.0,0.0,0.0,2.1158134937286377,0.37871187925338745,0.9153211116790771,9.221294403076172,0.04104620963335037,-0.09887619316577911,0.0,0.0,-0.005704391747713089,0.08323197811841965,0.03534181788563728,-0.015644215047359467,-0.12153936177492142,0.006037017330527306,-4.042577347718179e-05,9.228185653686523,4.816221714019775,4.411963939666748,1688.0,1635.0,0.0,1952519020,20287,944
827477062,2,320,27506,8741,409647459,409648,403464,534,14400,11354,3356,118,-149,379,29.171875,-0.005712553858757019,-0.19747745990753174,0.9703682661056519,-10.218430519104004,-1.968104362487793,-1.3866961002349854,3.12030029296875,1.1458847522735596,2.1933727264404297,1500,1500,1387,1500,2000,1000,1000,1000,1425,1504,1465,1689,1635,1,1,1,1,1,1,1,0,1,1,0,0,stabilized_mix,-0.12409064173698425,0.07449297606945038,0.1362280547618866,-0.008559801615774632,0.020233890041708946,-0.522125244140625,0.0,0.0,0.008559801615774632,-0.020233890041708946,0.0,0.0,0.0,0.0,0.0,0.0,0.0,0.0,0.0,0.0,0.0,0.16974246501922607,0.0,-0.0,0.0,0.0,0.0,2.1201224327087402,0.3415523171424866,0.9504919648170471,9.216402053833008,0.03704223036766052,-0.10260956734418869,0.0,0.0,0.018542487174272537,0.09627290815114975,0.05558471754193306,-0.00633665919303894,-0.12196248024702072,0.0036303619854152203,-4.141626413911581e-05,9.230843544006348,4.822503089904785,4.4083404541015625,1689.0,1635.0,0.0,2860269076,20287,944
827477062,2,320,27507,8741,409651495,409652,403468,540,-13400,5604,-2736,-62,175,123,29.21875,0.029746659100055695,0.2836870849132538,0.9803462624549866,-3.4418656826019287,1.343666911125183,3.33188533782959,3.0413076877593994,1.0874011516571045,2.197692394256592,1500,1500,1387,1500,2000,1000,1000,1000,1425,1543,1485,1690,1633,1,1,1,1,1,1,1,0,1,1,0,0,stabilized_mix,-0.21789292991161346,0.22000861167907715,0.004568648990243673,-0.009399213828146458,0.02139873057603836,-0.5214310884475708,0.0,0.0,0.009399213828146458,-0.02139873057603836,0.0,0.0,0.0,0.0,0.0,0.0,0.0,0.0,0.0,0.0,0.0,0.16974246501922607,0.0,-0.0,0.0,0.0,0.0,2.1201224327087402,0.32994312047958374,0.91916823387146,9.214263916015625,0.035792574286460876,-0.09939957410097122,0.0,0.0,-0.012662290595471859,0.03243504837155342,0.023130282759666443,-0.0669645220041275,-0.12218865752220154,-0.00872285570949316,-4.581906250678003e-05,9.237433433532715,4.847811698913574,4.389621257781982,1690.0,1633.0,0.0,3056454670,20287,944
827477062,2,320,27508,8741,409655529,409656,403472,536,11071,12479,3523,50,-83,219,29.1875,-0.049616601318120956,-0.3226683735847473,1.0403324365615845,-8.826910018920898,-2.2076728343963623,-1.0845146179199219,3.0586695671081543,1.08475661277771,2.2003917694091797,1500,1500,1387,1500,2000,1000,1000,1000,1425,1511,1464,1689,1635,1,1,1,1,1,1,1,0,1,1,0,0,stabilized_mix,-0.1574362814426422,0.23191985487937927,0.07053466141223907,-0.009506704285740852,0.020787803456187248,-0.5205932855606079,0.0,0.0,0.009506704285740852,-0.020787803456187248,0.0,0.0,0.0,0.0,0.0,0.0,0.0,0.0,0.0,0.0,0.0,0.1708652377128601,0.0,-0.0,0.0,0.0,0.0,2.1212451457977295,0.3224647641181946,0.9321497678756714,9.215389251708984,0.034977711737155914,-0.10065282136201859,0.0,0.0,0.020801866427063942,0.08317183703184128,0.05577957630157471,-0.017480984330177307,-0.12232999503612518,0.002839252818375826,-4.182176780886948e-05,9.231154441833496,4.824686050415039,4.406468391418457,1689.0,1635.0,0.0,2683181646,20287,944
827477062,2,320,27509,8741,409659559,409660,403476,540,-8793,4693,-2025,5,85,285,29.21875,0.04605405777692795,0.3598530888557434,0.9325124621391296,-4.793552398681641,0.4008394181728363,3.0214056968688965,3.087986707687378,1.043424129486084,2.20814847946167,1500,1500,1387,1500,2000,1000,1000,1000,1425,1536,1481,1690,1633,1,1,1,1,1,1,1,0,1,1,0,0,stabilized_mix,-0.1989554613828659,0.07559427618980408,-0.014964023604989052,-0.01036220882087946,0.021840866655111313,-0.5201247930526733,0.0,0.0,0.01036220882087946,-0.021840866655111313,0.0,0.0,0.0,0.0,0.0,0.0,0.0,0.0,0.0,0.0,0.0,0.1708652377128601,0.0,-0.0,0.0,0.0,0.0,2.1212451457977295,0.3154670000076294,0.9359015822410583,9.21334171295166,0.03422686830163002,-0.10118726640939713,0.0,0.0,-0.0037777614779770374,0.045177437365055084,0.03044910728931427,-0.05600982904434204,-0.1227361410856247,-0.00791002158075571,-4.572610487230122e-05,9.232091903686523,4.844676494598389,4.387415409088135,1690.0,1633.0,0.0,744845540,20287,944
827477062,2,320,27510,8741,409663592,409664,403480,544,4026,11619,2457,-24,63,54,29.25,-0.08580248802900314,-0.32798200845718384,1.0868573188781738,-6.436607360839844,-2.1232471466064453,0.5640795230865479,2.9858107566833496,1.0069730281829834,2.210611343383789,1500,1500,1387,1500,2000,1000,1000,1000,1425,1524,1467,1689,1634,1,1,1,1,1,1,1,0,1,1,0,0,stabilized_mix,-0.21980521082878113,0.394502192735672,-0.01769614964723587,-0.011020452715456486,0.02223084308207035,-0.5194693803787231,0.0,0.0,0.011020452715456486,-0.02223084308207035,0.0,0.0,0.0,0.0,0.0,0.0,0.0,0.0,0.0,0.0,0.0,0.1708652377128601,0.0,-0.0,0.0,0.0,0.0,2.1212451457977295,0.2998228073120117,0.9070999026298523,9.215622901916504,0.032522719353437424,-0.09798014909029007,0.0,0.0,0.020005857571959496,0.06064759939908981,0.05252857506275177,-0.037332549691200256,-0.12286509573459625,-0.001476756762713194,-4.3519685277715325e-05,9.234786033630371,4.834991455078125,4.399794578552246,1689.0,1634.0,0.0,2735802481,20288,945
827477062,2,320,27511,8741,409667624,409668,403484,534,220,5308,-1604,111,20,415,29.171875,0.07453151047229767,0.2852654457092285,0.8992959260940552,-6.592992782592773,-1.1508440971374512,2.864713430404663,3.1060783863067627,0.9979416728019714,2.2226643562316895,1500,1500,1387,1500,2000,1000,1000,1000,1425,1525,1472,1690,1633,1,1,1,1,1,1,1,0,1,1,0,0,stabilized_mix,-0.16519665718078613,-0.004527688026428223,-0.021815847605466843,-0.011515290476381779,0.022049056366086006,-0.5191858410835266,0.0,0.0,0.011515290476381779,-0.022049056366086006,0.0,0.0,0.0,0.0,0.0,0.0,0.0,0.0,0.0,0.0,0.0,0.17194506525993347,0.0,-0.0,0.0,0.0,0.0,2.1223249435424805,0.29921451210975647,0.945030689239502,9.2130708694458,0.03246576339006424,-0.10212229937314987,0.0,0.0,0.010846594348549843,0.06213831901550293,0.04331235587596893,-0.03998398035764694,-0.12349618971347809,-0.007499802391976118,-4.584860289469361e-05,9.229095458984375,4.8437910079956055,4.385304927825928,1690.0,1633.0,0.0,812879396,20288,945
827477062,2,320,27512,8741,409671686,409672,403488,528,-4802,8975,874,-67,125,-60,29.125,-0.08625349402427673,-0.1994808316230774,1.0737175941467285,-3.844662666320801,-1.3259137868881226,1.4786144495010376,2.916384220123291,0.9313927292823792,2.2250661849975586,1500,1500,1387,1500,2000,1000,1000,1000,1425,1538,1473,1690,1634,1,1,1,1,1,1,1,0,1,1,0,0,stabilized_mix,-0.25794851779937744,0.49099770188331604,-0.09497124701738358,-0.01225748285651207,0.022949740290641785,-0.5187872052192688,0.0,0.0,0.01225748285651207,-0.022949740290641785,0.0,0.0,0.0,0.0,0.0,0.0,0.0,0.0,0.0,0.0,0.0,0.17194506525993347,0.0,-0.0,0.0,0.0,0.0,2.1223249435424805,0.2784285247325897,0.8832127451896667,9.213961601257324,0.030208919197320938,-0.09547733515501022,0.0,0.0,0.012495400384068489,0.03623206913471222,0.042704321444034576,-0.059245266020298004,-0.12362195551395416,-0.00387100363150239,-4.4622516725212336e-05,9.238578796386719,4.84240198135376,4.396176815032959,1690.0,1634.0,0.0,2096653518,20288,945
827477062,2,320,27513,8741,409675690,409676,403492,538,9149,6944,280,203,-51,445,29.203125,0.05029808729887009,0.09586155414581299,0.8968274593353271,-8.045459747314453,-2.9746713638305664,1.581835150718689,3.08071231842041,0.9345777630805969,2.235912799835205,1500,1500,1387,1500,2000,1000,1000,1000,1425,1517,1463,1690,1634,1,1,1,1,1,1,1,0,1,1,0,0,stabilized_mix,-0.16386571526527405,-0.00011239573359489441,-0.026537500321865082,-0.01252001617103815,0.022743817418813705,-0.518616259098053,0.0,0.0,0.01252001617103815,-0.022743817418813705,0.0,0.0,0.0,0.0,0.0,0.0,0.0,0.0,0.0,0.0,0.0,0.17404696345329285,0.0,-0.0,0.0,0.0,0.0,2.12442684173584,0.2749648094177246,0.9438608884811401,9.211930274963379,0.029839912429451942,-0.10193460434675217,0.0,0.0,0.028039461001753807,0.07583706825971603,0.05787937343120575,-0.026097536087036133,-0.12418987601995468,-0.004141234792768955,-4.491588333621621e-05,9.230525016784668,4.839841842651367,4.390683174133301,1690.0,1634.0,0.0,2723072802,20288,945
827477062,2,320,27514,8741,409679724,409680,403496,548,-11393,6954,-1818,-53,221,-87,29.28125,-0.040853582322597504,0.006987273693084717,1.0474767684936523,-1.8085675239562988,-1.0433934926986694,3.90069580078125,2.886901378631592,0.8548044562339783,2.2433204650878906,1500,1500,1387,1500,2000,1000,1000,1000,1425,1549,1476,1691,1633,1,1,1,1,1,1,1,0,1,1,0,0,stabilized_mix,-0.28351762890815735,0.46640896797180176,-0.1508091688156128,-0.013412239030003548,0.024003271013498306,-0.5184471607208252,0.0,0.0,0.013412239030003548,-0.024003271013498306,0.0,0.0,0.0,0.0,0.0,0.0,0.0,0.0,0.0,0.0,0.0,0.17404696345329285,0.0,-0.0,0.0,0.0,0.0,2.12442684173584,0.2562215030193329,0.8726537227630615,9.210993766784668,0.02780975215137005,-0.09439198672771454,0.0,0.0,0.009836100041866302,0.01704941689968109,0.0376458540558815,-0.07734256982803345,-0.12457773089408875,-0.010211998596787453,-4.717643605545163e-05,9.245162010192871,4.858463287353516,4.3866987228393555,1691.0,1633.0,0.0,1034474153,20288,945
827477062,2,320,27515,8741,409683757,409684,403500,556,14262,10368,2557,232,-100,368,29.34375,0.00954074040055275,-0.12050704658031464,0.9552825689315796,-8.461525917053223,-4.528814792633057,0.49945592880249023,3.0297341346740723,0.8628005385398865,2.254676342010498,1500,1500,1387,1500,2000,1000,1000,1000,1425,1513,1456,1690,1634,1,1,1,1,1,1,1,0,1,1,0,0,stabilized_mix,-0.1648631989955902,0.06286345422267914,-0.042111679911613464,-0.014183123596012592,0.02422938123345375,-0.5182926058769226,0.0,0.0,0.014183123596012592,-0.02422938123345375,0.0,0.0,0.0,0.0,0.0,0.0,0.0,0.0,0.0,0.0,0.0,0.17404696345329285,0.0,-0.0,0.0,0.0,0.0,2.12442684173584,0.24958693981170654,0.9291980266571045,9.213565826416016,0.027082446962594986,-0.10026836395263672,0.0,0.0,0.04268134385347366,0.07974477857351303,0.06976379454135895,-0.020523585379123688,-0.12517233192920685,-0.0013075725873932242,-4.426791565492749e-05,9.237977981567383,4.840328693389893,4.39764928817749,1690.0,1634.0,0.0,2986667772,20288,945
827477062,2,320,27516,8741,409687790,409688,403504,538,-14138,6050,-3415,20,195,-8,29.203125,0.010992400348186493,0.21440573036670685,1.0103508234024048,-1.0857698917388916,-1.712072491645813,4.275274753570557,2.898348093032837,0.7826539874076843,2.264535903930664,1500,1500,1387,1500,2000,1000,1000,1000,1425,1554,1474,1691,1633,1,1,1,1,1,1,1,0,1,1,0,0,stabilized_mix,-0.2786140441894531,0.3357579708099365,-0.17798854410648346,-0.01487751118838787,0.024663012474775314,-0.5183173418045044,0.0,0.0,0.01487751118838787,-0.024663012474775314,0.0,0.0,0.0,0.0,0.0,0.0,0.0,0.0,0.0,0.0,0.0,0.17646315693855286,0.0,-0.0,0.0,0.0,0.0,2.126843214035034,0.23212775588035583,0.8752502202987671,9.208121299743652,0.025203686207532883,-0.09468674659729004,0.0,0.0,0.01614478975534439,0.010238775983452797,0.041348475962877274,-0.08444797247648239,-0.1256885826587677,-0.011192643083631992,-4.79084555990994e-05,9.248957633972168,4.864021301269531,4.384936809539795,1691.0,1633.0,0.0,421852140,20288,945
827477062,2,320,27517,8741,409691821,409692,403508,536,13417,12298,2662,190,-6,212,29.1875,-0.029771704226732254,-0.2988413870334625,1.0238776206970215,-7.314479827880859,-5.344163417816162,1.1080971956253052,2.9418132305145264,0.7773893475532532,2.274824619293213,1500,1500,1387,1500,2000,1000,1000,1000,1425,1518,1453,1690,1634,1,1,1,1,1,1,1,0,1,1,0,0,stabilized_mix,-0.18425649404525757,0.21897372603416443,-0.08859605342149734,-0.015586700290441513,0.02483578398823738,-0.5182145237922668,0.0,0.0,0.015586700290441513,-0.02483578398823738,0.0,0.0,0.0,0.0,0.0,0.0,0.0,0.0,0.0,0.0,0.0,0.17646315693855286,0.0,-0.0,0.0,0.0,0.0,2.126843214035034,0.21923759579658508,0.9045642018318176,9.211482048034668,0.023795977234840393,-0.09761836379766464,0.0,0.0,0.050376906991004944,0.06895015388727188,0.07417288422584534,-0.02866820991039276,-0.12622728943824768,-0.0029009918216615915,-4.5194843551144004e-05,9.240676879882812,4.846312999725342,4.394364356994629,1690.0,1634.0,0.0,2404292751,20288,945
827477062,2,320,27525,8748,409723150,409724,403539,534,-6972,8447,-362,76,246,-201,29.171875,-0.058420002460479736,-0.15536916255950928,1.0828932523727417,0.4116635322570801,-5.615546703338623,4.607534408569336,2.6120059490203857,0.4421148896217346,2.388430595397949,1500,1500,1389,1500,2000,1000,1000,1000,1427,1556,1464,1692,1632,1,1,1,1,1,1,1,0,1,1,0,0,stabilized_mix,-0.2378043234348297,0.5467516779899597,-0.26145610213279724,-0.019623998552560806,0.02955111674964428,-0.5200157165527344,0.0,0.0,0.019623998552560806,-0.02955111674964428,0.0,0.0,0.0,0.0,0.0,0.0,0.0,0.0,0.0,0.0,0.0,0.217617005109787,0.0,-0.0,0.0,0.0,0.0,2.133476972579956,0.0389452800154686,0.7800202369689941,9.204915046691895,0.004230896942317486,-0.08439995348453522,0.0,0.0,0.05297287553548813,-0.0038833264261484146,0.05720377340912819,-0.08828327804803848,-0.13217568397521973,-0.0120624965056777,-5.048332968726754e-05,9.256043434143066,4.880438327789307,4.37560510635376,1692.0,1632.0,0.0,3724884472,20288,945
827477062,2,320,27526,8748,409727182,409728,403543,544,11118,8128,1123,358,-59,312,29.25,0.046011269092559814,0.0326228141784668,0.9205529689788818,-4.6025495529174805,-7.6766357421875,2.8099968433380127,2.7538933753967285,0.4378412365913391,2.4083876609802246,1500,1500,1390,1500,2000,1000,1000,1000,1428,1538,1459,1691,1631,1,1,1,1,1,1,1,0,1,1,0,0,stabilized_mix,-0.12360715121030807,0.04062916338443756,-0.16134798526763916,-0.02000313065946102,0.02904362417757511,-0.5204162001609802,0.0,0.0,0.02000313065946102,-0.02904362417757511,0.0,0.0,0.0,0.0,0.0,0.0,0.0,0.0,0.0,0.0,0.0,0.2481836974620819,0.0,-0.0,0.0,0.0,0.0,2.1467835903167725,-0.07061117887496948,0.9480529427528381,9.186625480651855,-0.007686150725930929,-0.10262041538953781,0.0,0.0,0.07255982607603073,0.04350345581769943,0.06487367302179337,-0.05911695957183838,-0.1332206428050995,-0.007356554735451937,-4.920203355140984e-05,9.222100257873535,4.857059955596924,4.365039825439453,1691.0,1631.0,0.0,2651373219,20288,945
827477062,2,320,27527,8748,409731212,409732,403547,534,-13249,6677,-1874,87,291,-195,29.171875,-0.040486354380846024,0.07459241151809692,1.0465292930603027,2.135666608810425,-5.406594276428223,5.671392440795898,2.567009687423706,0.3440380096435547,2.4213013648986816,1500,1500,1392,1500,2000,1000,1000,1000,1429,1562,1470,1694,1633,1,1,1,1,1,1,1,0,1,1,0,0,stabilized_mix,-0.26100847125053406,0.45122644305229187,-0.2871481478214264,-0.02073097787797451,0.030309319496154785,-0.5208060145378113,0.0,0.0,0.02073097787797451,-0.030309319496154785,0.0,0.0,0.0,0.0,0.0,0.0,0.0,0.0,0.0,0.0,0.0,0.2481836974620819,0.0,-0.0,0.0,0.0,0.0,2.1122636795043945,-0.04048290103673935,0.7196098566055298,9.231999397277832,-0.004385035485029221,-0.07770643383264542,0.0,0.0,0.05085214599967003,-0.02008718065917492,0.04646711051464081,-0.09779361635446548,-0.13389679789543152,-0.01484767161309719,-5.206058267503977e-05,9.286344528198242,4.903475284576416,4.382869243621826,1694.0,1633.0,0.0,2150873315,20288,945
827477062,2,320,27528,8748,409735243,409736,403551,540,14147,10807,2512,363,-25,219,29.21875,0.002538006752729416,-0.17558766901493073,0.9759860634803772,-4.7105889320373535,-9.086980819702148,2.442178726196289,2.6782548427581787,0.33840876817703247,2.4405860900878906,1500,1500,1392,1500,2000,1000,1000,1000,1429,1541,1465,1688,1627,1,1,1,1,1,1,1,0,1,1,0,0,stabilized_mix,-0.14163996279239655,0.10153234004974365,-0.16990719735622406,-0.02068692445755005,0.02955770120024681,-0.5211725234985352,0.0,0.0,0.02068692445755005,-0.02955770120024681,0.0,0.0,0.0,0.0,0.0,0.0,0.0,0.0,0.0,0.0,0.0,0.3499999940395355,0.0,-0.0,0.0,0.0,0.0,2.2140800952911377,-0.281934916973114,0.9983545541763306,9.104721069335938,-0.030955901369452477,-0.10904799401760101,0.0,0.0,0.08666310459375381,0.044925183057785034,0.05570720136165619,-0.06412281095981598,-0.13490654528141022,-0.00639360910281539,-4.945509135723114e-05,9.137646675109863,4.816098690032959,4.321547985076904,1688.0,1627.0,0.23690202832221985,653229170,20288,945
827477062,2,320,27529,8748,409739242,409740,403555,532,-14233,5489,-3195,162,240,-84,29.15625,0.025975637137889862,0.2712761461734772,0.9983847737312317,2.392547369003296,-5.724727153778076,6.226088523864746,2.561467170715332,0.2631937861442566,2.45831298828125,1500,1500,1392,1500,2000,1000,1000,1000,1429,1561,1477,1690,1627,1,1,1,1,1,1,1,0,1,1,0,0,stabilized_mix,-0.22298231720924377,0.27732712030410767,-0.295866459608078,-0.021436333656311035,0.0307768564671278,-0.5216993689537048,0.0,0.0,0.021436333656311035,-0.0307768564671278,0.0,0.0,0.0,0.0,0.0,0.0,0.0,0.0,0.0,0.0,0.0,0.3499999940395355,0.0,-0.0,0.0,0.0,0.0,2.2140800952911377,-0.1681894063949585,0.6688138246536255,9.112297058105469,-0.01845531538128853,-0.07321792095899582,0.0,0.0,0.05455169454216957,-0.02279890514910221,0.03609637916088104,-0.09601682424545288,-0.1358347237110138,-0.016299862414598465,-5.324708763509989e-05,9.160430908203125,4.8464508056640625,4.3139801025390625,1690.0,1627.0,0.23690202832221985,3198006840,20289,946
827477062,2,320,27530,8748,409743246,409744,403559,534,12364,12725,3283,336,25,52,29.171875,-0.04413362964987755,-0.3316619396209717,1.0483559370040894,-3.3935651779174805,-9.835238456726074,1.5462812185287476,2.580200672149658,0.24086087942123413,2.471562385559082,1500,1500,1394,1500,2000,1000,1000,1000,1431,1543,1464,1690,1630,1,1,1,1,1,1,1,0,1,1,0,0,stabilized_mix,-0.15615347027778625,0.2442169189453125,-0.206974595785141,-0.021952686831355095,0.030862167477607727,-0.5220528841018677,0.0,0.0,0.021952686831355095,-0.030862167477607727,0.0,0.0,0.0,0.0,0.0,0.0,0.0,0.0,0.0,0.0,0.0,0.3499999940395355,0.0,-0.0,0.0,0.0,0.0,2.1795599460601807,-0.34088262915611267,0.9152604341506958,9.149006843566895,-0.037241749465465546,-0.0995517447590828,0.0,0.0,0.09334525465965271,0.03220798447728157,0.056103505194187164,-0.06734375655651093,-0.13652846217155457,-0.004048154689371586,-4.920180072076619e-05,9.184242248535156,4.838130474090576,4.346112251281738,1690.0,1630.0,0.23690202832221985,39059832,20289,946
827477062,2,320,27531,8748,409747282,409748,403563,542,-9195,4848,-2636,216,183,79,29.234375,0.061086248606443405,0.3525245189666748,0.9509744644165039,1.2781212329864502,-6.213193893432617,5.7278151512146,2.5618231296539307,0.1865190863609314,2.490086078643799,1500,1500,1395,1500,2000,1000,1000,1000,1432,1556,1483,1692,1629,1,1,1,1,1,1,1,0,1,1,0,0,stabilized_mix,-0.1718379557132721,0.10912461578845978,-0.28688111901283264,-0.022413844242691994,0.03096286952495575,-0.522696852684021,0.0,0.0,0.022413844242691994,-0.03096286952495575,0.0,0.0,0.0,0.0,0.0,0.0,0.0,0.0,0.0,0.0,0.0,0.3500000238418579,0.0,-0.0,0.0,0.0,0.0,2.1623001098632812,-0.29199668765068054,0.7019416093826294,9.174113273620605,-0.031817588955163956,-0.0763368010520935,0.0,0.0,0.05880741775035858,-0.012097322382032871,0.026989828795194626,-0.0884341225028038,-0.13749836385250092,-0.014995384961366653,-5.337278707884252e-05,9.213459014892578,4.873593807220459,4.339865684509277,1692.0,1629.0,0.775568962097168,2924193440,20289,946
827477062,2,320,27532,8748,409751317,409752,403567,542,5299,11671,2396,230,154,-119,29.234375,-0.06158486753702164,-0.3497629165649414,1.0950372219085693,-1.0807034969329834,-9.254874229431152,2.794903039932251,2.472412586212158,0.14827066659927368,2.5019397735595703,1500,1500,1395,1500,2000,1000,1000,1000,1432,1549,1476,1691,1630,1,1,1,1,1,1,1,0,1,1,0,0,stabilized_mix,-0.1593123823404312,0.39172181487083435,-0.2654034495353699,-0.022827139124274254,0.031249787658452988,-0.5230972170829773,0.0,0.0,0.022827139124274254,-0.031249787658452988,0.0,0.0,0.0,0.0,0.0,0.0,0.0,0.0,0.0,0.0,0.0,0.3500000238418579,0.0,-0.0,0.0,0.0,0.0,2.1623001098632812,-0.46344342827796936,0.8015138506889343,9.172318458557129,-0.05048338323831558,-0.08710281550884247,0.0,0.0,0.08761383593082428,0.010230779647827148,0.0371304526925087,-0.07687203586101532,-0.13811901211738586,-0.007317039184272289,-5.0902628572657704e-05,9.205831527709961,4.857429027557373,4.348402976989746,1691.0,1630.0,0.775568962097168,2551573928,20289,946
827477062,2,320,27533,8748,409755351,409756,403571,532,-1090,5013,-950,290,31,211,29.15625,0.07046827673912048,0.30494314432144165,0.9149773716926575,-0.5314438343048096,-7.077142715454102,4.267116069793701,2.5605828762054443,0.12032270431518555,2.5222034454345703,1500,1500,1397,1500,2000,1000,1000,1000,1433,1552,1487,1693,1631,1,1,1,1,1,1,1,0,1,1,0,0,stabilized_mix,-0.11322659254074097,-0.015726923942565918,-0.2600664794445038,-0.02264864556491375,0.031012259423732758,-0.5237869620323181,0.0,0.0,0.02264864556491375,-0.031012259423732758,0.0,0.0,0.0,0.0,0.0,0.0,0.0,0.0,0.0,0.0,0.0,0.3500000238418579,0.0,-0.0,0.0,0.0,0.0,2.127779960632324,-0.42922282218933105,0.8060908913612366,9.21237564086914,-0.046558309346437454,-0.08726094663143158,0.0,0.0,0.06670641899108887,0.005009184591472149,0.020148109644651413,-0.08225176483392715,-0.1391800194978714,-0.011171283200383186,-5.262292688712478e-05,9.245502471923828,4.885866165161133,4.3596367835998535,1693.0,1631.0,1.258002519607544,601096528,20289,946
827477062,2,320,27534,8748,409759382,409760,403575,540,-4066,9374,425,155,211,-248,29.21875,-0.06229626014828682,-0.22238928079605103,1.0920121669769287,1.6203670501708984,-8.317140579223633,3.0445504188537598,2.3852250576019287,0.0547635555267334,2.529412269592285,1500,1500,1404,1500,2000,1000,1000,1000,1439,1552,1487,1697,1638,1,1,1,1,1,1,1,0,1,1,0,0,stabilized_mix,-0.17746949195861816,0.45690834522247314,-0.3071325123310089,-0.023042570799589157,0.031603120267391205,-0.5242606401443481,0.0,0.0,0.023042570799589157,-0.031603120267391205,0.0,0.0,0.0,0.0,0.0,0.0,0.0,0.0,0.0,0.0,0.0,0.3500000238418579,0.0,-0.0,0.0,0.0,0.0,2.006959915161133,-0.5253951549530029,0.6198975443840027,9.363053321838379,-0.056054871529340744,-0.06609565019607544,0.0,0.0,0.07713257521390915,-0.01502717100083828,0.021077703684568405,-0.08112282305955887,-0.13955746591091156,-0.007970614358782768,-5.163482273928821e-05,9.396034240722656,4.956191539764404,4.43984317779541,1697.0,1638.0,1.258002519607544,1400677772,20289,946
827477062,2,320,27535,8748,409763413,409764,403579,534,7764,6840,1239,377,-55,260,29.171875,0.048980873078107834,0.13175080716609955,0.9111839532852173,-2.2173774242401123,-8.723943710327148,2.7523000240325928,2.530278205871582,0.05227690935134888,2.5472841262817383,1500,1500,1405,1500,2000,1000,1000,1000,1440,1549,1486,1697,1638,1,1,1,1,1,1,1,0,1,1,0,0,stabilized_mix,-0.06919445097446442,-0.05802241712808609,-0.22713156044483185,-0.02342958375811577,0.0319402813911438,-0.5249118804931641,0.0,0.0,0.02342958375811577,-0.0319402813911438,0.0,0.0,0.0,0.0,0.0,0.0,0.0,0.0,0.0,0.0,0.0,0.3500000238418579,0.0,-0.0,0.0,0.0,0.0,1.9897000789642334,-0.5521420240402222,0.9118788838386536,9.374956130981445,-0.058827467262744904,-0.09693925082683563,0.0,0.0,0.08080251514911652,0.020537693053483963,0.021975047886371613,-0.07640156149864197,-0.140493243932724,-0.007205504924058914,-5.1694572903215885e-05,9.404655456542969,4.960800647735596,4.443854808807373,1697.0,1638.0,1.258002519607544,2351143964,20289,946
827477062,2,320,27536,8748,409767447,409768,403583,544,-11693,7602,-1008,128,259,-280,29.25,-0.03108069859445095,-0.01351580023765564,1.0715458393096924,3.678499221801758,-7.256958961486816,4.697272777557373,2.325279951095581,-0.022592544555664062,2.5573811531066895,1500,1500,1415,1500,2000,1000,1000,1000,1449,1551,1494,1705,1648,1,1,1,1,1,1,1,0,1,1,0,0,stabilized_mix,-0.15857358276844025,0.4277348816394806,-0.3378525972366333,-0.02379695512354374,0.03184739500284195,-0.5254864692687988,0.0,0.0,0.02379695512354374,-0.03184739500284195,0.0,0.0,0.0,0.0,0.0,0.0,0.0,0.0,0.0,0.0,0.0,0.3500000238418579,0.0,-0.0,0.0,0.0,0.0,1.8171000480651855,-0.5435178279876709,0.4492645859718323,9.595063209533691,-0.056585103273391724,-0.046786367893218994,0.0,0.0,0.06567319482564926,-0.03328925743699074,0.009088091552257538,-0.08007562160491943,-0.14102192223072052,-0.0122974319383502,-5.3661788115277886e-05,9.62630558013916,5.0814619064331055,4.544844150543213,1705.0,1648.0,1.703884482383728,554985623,20289,946
827477062,2,320,27544,8755,409799719,409800,403615,538,4635,5348,-1448,336,-98,232,29.203125,0.10267180949449539,0.21869336068630219,0.9062343239784241,-0.6535844802856445,-8.621307373046875,1.2941721677780151,2.326653480529785,-0.10448747873306274,2.632925510406494,1500,1500,1440,1500,2000,1000,1000,1000,1470,1546,1503,1721,1687,1,1,1,1,1,1,1,0,1,1,0,0,stabilized_mix,0.1820385605096817,-0.14290833473205566,-0.3032175600528717,-0.02723534032702446,0.031286004930734634,-0.5312408804893494,0.0,0.0,0.02723534032702446,-0.031286004930734634,0.0,0.0,0.0,0.0,0.0,0.0,0.0,0.0,0.0,0.0,0.0,0.34999990463256836,0.0,-0.0,0.0,0.0,0.0,1.3855998516082764,-0.7970549464225769,0.7933908700942993,10.102299690246582,-0.07873526960611343,-0.07837396115064621,0.0,0.0,0.0741027221083641,0.0056177545338869095,-0.004632547497749329,-0.07275620847940445,-0.144977405667305,-0.0033881349954754114,-5.192795651964843e-05,10.129205703735352,5.32424259185791,4.804963111877441,1721.0,1687.0,2.39406156539917,453812253,20289,946
827477062,2,320,27545,8755,409803750,409804,403619,542,-9480,6883,-1176,133,194,-325,29.234375,-0.021715685725212097,-0.09492179751396179,1.083321452140808,4.189563751220703,-7.894957065582275,2.065765857696533,2.1237690448760986,-0.15479403734207153,2.632812976837158,1500,1500,1440,1500,2000,1000,1000,1000,1470,1542,1504,1721,1687,1,1,1,1,1,1,1,0,1,1,0,0,stabilized_mix,0.08500939607620239,0.3701212406158447,-0.4208854138851166,-0.026546107605099678,0.031750503927469254,-0.5321117639541626,0.0,0.0,0.026546107605099678,-0.031750503927469254,0.0,0.0,0.0,0.0,0.0,0.0,0.0,0.0,0.0,0.0,0.0,0.34999990463256836,0.0,-0.0,0.0,0.0,0.0,1.3855998516082764,-0.7505581974983215,0.3022547662258148,10.115372657775879,-0.07406403869390488,-0.029871253296732903,0.0,0.0,0.06777182221412659,-0.03596401959657669,-0.00629221647977829,-0.06583527475595474,-0.14497151970863342,-0.005408162251114845,-5.263288039714098e-05,10.137534141540527,5.331931114196777,4.805602550506592,1721.0,1687.0,2.39406156539917,1952868455,20289,946
827477062,2,320,27546,8755,409807783,409808,403623,550,12750,9010,1465,405,-164,211,29.296875,0.06135087087750435,-0.019932955503463745,0.9662212133407593,-1.991206407546997,-9.624645233154297,-0.14241480827331543,2.2713677883148193,-0.13411051034927368,2.641862392425537,1500,1500,1440,1500,2000,1000,1000,1000,1470,1540,1480,1720,1688,1,1,1,1,1,1,1,0,1,1,0,0,stabilized_mix,0.1786559373140335,-0.10304858535528183,-0.3365332782268524,-0.025995632633566856,0.030500352382659912,-0.5331245064735413,0.0,0.0,0.025995632633566856,-0.030500352382659912,0.0,0.0,0.0,0.0,0.0,0.0,0.0,0.0,0.0,0.0,0.0,0.34999990463256836,0.0,-0.0,0.0,0.0,0.0,1.3855998516082764,-0.519856333732605,0.8165607452392578,10.102545738220215,-0.05141260474920273,-0.08061253279447556,0.0,0.0,0.08272469788789749,0.01711460016667843,0.03131209313869476,-0.06349793076515198,-0.1454453468322754,0.00037284111022017896,-5.077535752207041e-05,10.127910614013672,5.3178324699401855,4.8100786209106445,1720.0,1688.0,2.310722827911377,2143254811,20289,946
827477062,2,320,27547,8755,409811813,409812,403627,540,-14437,6722,-2583,145,208,-270,29.21875,0.008363686501979828,0.15988366305828094,1.0692815780639648,5.425721168518066,-6.94517183303833,3.879159927368164,2.1063005924224854,-0.20403099060058594,2.6476573944091797,1500,1500,1449,1500,2000,1000,1000,1000,1477,1554,1488,1728,1693,1,1,1,1,1,1,1,0,1,1,0,0,stabilized_mix,0.031211422756314278,0.26144173741340637,-0.4913315176963806,-0.025585463270545006,0.03123324364423752,-0.5343178510665894,0.0,0.0,0.025585463270545006,-0.03123324364423752,0.0,0.0,0.0,0.0,0.0,0.0,0.0,0.0,0.0,0.0,0.0,0.34999990463256836,0.0,-0.0,0.0,0.0,0.0,1.230259895324707,-0.41430771350860596,0.40447619557380676,10.29716968536377,-0.040213413536548615,-0.039253540337085724,0.0,0.0,0.05856611579656601,-0.04575314000248909,0.018352702260017395,-0.08500668406486511,-0.14574876427650452,-0.010155617259442806,-5.456653889268637e-05,10.336227416992188,5.440946578979492,4.8952813148498535,1728.0,1693.0,2.310722827911377,4210971512,20289,946
827477062,2,320,27548,8755,409815847,409816,403631,526,14025,12818,3149,359,-139,76,29.109375,-0.010165758430957794,-0.24429070949554443,1.055080771446228,-1.8094671964645386,-9.975170135498047,-1.2652256488800049,2.17832612991333,-0.19216349720954895,2.653043270111084,1500,1500,1449,1500,2000,1000,1000,1000,1477,1535,1462,1727,1694,1,1,1,1,1,1,1,0,1,1,0,0,stabilized_mix,0.10775086283683777,0.04270944744348526,-0.40820929408073425,-0.02600954659283161,0.029842674732208252,-0.5354903340339661,0.0,0.0,0.02600954659283161,-0.029842674732208252,0.0,0.0,0.0,0.0,0.0,0.0,0.0,0.0,0.0,0.0,0.0,0.34999990463256836,0.0,-0.0,0.0,0.0,0.0,1.230259895324707,-0.24862103164196014,0.7288975119590759,10.292586326599121,-0.024150654673576355,-0.0705728754401207,0.0,0.0,0.08415444940328598,0.015265374444425106,0.060003794729709625,-0.055307500064373016,-0.14603078365325928,0.0033123530447483063,-4.995148628950119e-05,10.326933860778809,5.413224220275879,4.9137091636657715,1727.0,1694.0,2.107802629470825,3476732029,20290,947
827477062,2,320,27549,8755,409819880,409820,403635,536,-12275,5070,-4215,180,224,-73,29.1875,0.06703350692987442,0.34353893995285034,1.0100997686386108,4.378091812133789,-6.491958141326904,5.974755764007568,2.131726026535034,-0.2452273964881897,2.667544364929199,1500,1500,1450,1500,2000,1000,1000,1000,1478,1561,1478,1730,1693,1,1,1,1,1,1,1,0,1,1,0,0,stabilized_mix,0.009835511445999146,0.061540067195892334,-0.5461902618408203,-0.025858180597424507,0.03050925023853779,-0.537059485912323,0.0,0.0,0.025858180597424507,-0.03050925023853779,0.0,0.0,0.0,0.0,0.0,0.0,0.0,0.0,0.0,0.0,0.0,0.34999990463256836,0.0,-0.0,0.0,0.0,0.0,1.212999939918518,-0.200534388422966,0.6017279624938965,10.312118530273438,-0.019444026052951813,-0.058249376714229584,0.0,0.0,0.0546649731695652,-0.036865346133708954,0.03522094711661339,-0.09511472284793854,-0.1467900425195694,-0.015641875565052032,-5.685118958353996e-05,10.36536979675293,5.466940879821777,4.8984293937683105,1730.0,1693.0,2.107802629470825,17146218,20290,947
827477062,2,320,27550,8755,409823914,409824,403639,540,8267,12835,3014,248,15,-128,29.21875,-0.039825182408094406,-0.3405957818031311,1.1347038745880127,0.1514432430267334,-9.007593154907227,0.12248146533966064,2.078200578689575,-0.23993760347366333,2.6736974716186523,1500,1500,1450,1500,2000,1000,1000,1000,1478,1542,1467,1728,1695,1,1,1,1,1,1,1,0,1,1,0,0,stabilized_mix,0.06663607060909271,0.2209358811378479,-0.5324503779411316,-0.025390500202775,0.030207742005586624,-0.5384954810142517,0.0,0.0,0.025390500202775,-0.030207742005586624,0.0,0.0,0.0,0.0,0.0,0.0,0.0,0.0,0.0,0.0,0.0,0.34999990463256836,0.0,-0.0,0.0,0.0,0.0,1.212999939918518,-0.24588145315647125,0.6614844799041748,10.313339233398438,-0.023836594074964523,-0.06396465003490448,0.0,0.0,0.07583867758512497,-0.0012750637251883745,0.052002083510160446,-0.06523971259593964,-0.14711222052574158,-0.0003206557303201407,-5.1601557061076164e-05,10.349316596984863,5.432666301727295,4.916650295257568,1728.0,1695.0,2.107802629470825,376778490,20290,947
827477062,2,320,27551,8755,409827945,409828,403643,530,-1886,5317,-3278,304,58,130,29.140625,0.12405265122652054,0.3128903806209564,0.9646033048629761,1.7467594146728516,-7.5367431640625,3.9717602729797363,2.156938314437866,-0.24891752004623413,2.6886301040649414,1500,1500,1450,1500,2000,1000,1000,1000,1478,1553,1462,1730,1694,1,1,1,1,1,1,1,0,1,1,0,0,stabilized_mix,0.08278769254684448,-0.10562410950660706,-0.576176106929779,-0.02438936196267605,0.029556848108768463,-0.5403753519058228,0.0,0.0,0.02438936196267605,-0.029556848108768463,0.0,0.0,0.0,0.0,0.0,0.0,0.0,0.0,0.0,0.0,0.0,0.3500000238418579,0.0,-0.0,-0.0,0.0,0.0,1.2130000591278076,-0.03167913109064102,0.7017556428909302,10.311304092407227,-0.0030722622759640217,-0.06782862544059753,0.0,0.0,0.06346750259399414,-0.014709597453474998,0.060395240783691406,-0.08253822475671768,-0.14789409935474396,-0.010398044250905514,-5.540228448808193e-05,10.365426063537598,5.459724426269531,4.905701637268066,1730.0,1694.0,1.827154278755188,4125416742,20290,947
827477062,2,320,27552,8755,409831978,409832,403647,538,-3961,9909,2202,108,258,-309,29.203125,-0.05747129023075104,-0.2035401165485382,1.149725079536438,3.284905433654785,-6.881231307983398,3.406649589538574,1.9961612224578857,-0.269745796918869,2.6949377059936523,1500,1500,1450,1500,2000,1000,1000,1000,1478,1558,1466,1730,1694,1,1,1,1,1,1,1,0,1,1,0,0,stabilized_mix,0.05391460657119751,0.32617896795272827,-0.6608686447143555,-0.02386358566582203,0.029681384563446045,-0.5421828031539917,0.0,0.0,0.02386358566582203,-0.029681384563446045,0.0,0.0,0.0,0.0,0.0,0.0,0.0,0.0,0.0,0.0,0.0,0.3500000238418579,0.0,-0.0,-0.0,0.0,0.0,1.2130000591278076,-0.04272721707820892,0.659140408039093,10.310659408569336,-0.004143961239606142,-0.0637490302324295,0.0,0.0,0.05795101076364517,-0.027664175257086754,0.05380704998970032,-0.09141320735216141,-0.1482243537902832,-0.008918588049709797,-5.500006955116987e-05,10.368896484375,5.45944881439209,4.90944766998291,1730.0,1694.0,1.827154278755188,2379602167,20290,947
827477062,2,320,27553,8755,409836012,409836,403651,544,8907,7646,-249,354,-70,207,29.25,0.12144207954406738,0.0851304680109024,0.970449686050415,-0.7510013580322266,-8.420503616333008,3.1278152465820312,2.1312530040740967,-0.22799566388130188,2.7160849571228027,1500,1500,1450,1500,2000,1000,1000,1000,1478,1537,1446,1730,1694,1,1,1,1,1,1,1,0,1,1,0,0,stabilized_mix,0.19098566472530365,-0.13224345445632935,-0.605991780757904,-0.023237096145749092,0.028586305677890778,-0.5442838072776794,0.0,0.0,0.023237096145749092,-0.028586305677890778,0.0,0.0,0.0,0.0,0.0,0.0,0.0,0.0,0.0,0.0,0.0,0.3500000238418579,0.0,-0.0,-0.0,0.0,0.0,1.2130000591278076,0.14798466861248016,0.6637228727340698,10.315079689025879,0.01434545498341322,-0.06402373313903809,0.0,0.0,0.07088376581668854,0.006321926135569811,0.08522921800613403,-0.05770180746912956,-0.14933162927627563,-0.008188601583242416,-5.5132084526121616e-05,10.369916915893555,5.46061897277832,4.909298419952393,1730.0,1694.0,1.3902828693389893,242283529,20290,947
827477062,2,320,27554,8755,409840045,409840,403655,552,-13635,6721,-1322,90,236,-304,29.3125,-0.002793099731206894,0.09207184612751007,1.1104034185409546,5.311872959136963,-5.5772552490234375,4.464532375335693,1.965006709098816,-0.2597200274467468,2.7255215644836426,1500,1500,1450,1500,2000,1000,1000,1000,1478,1576,1466,1731,1694,1,1,1,1,1,1,1,0,1,1,0,0,stabilized_mix,0.1111673042178154,0.2653961479663849,-0.7583853602409363,-0.022516312077641487,0.029120827093720436,-0.5464953780174255,0.0,0.0,0.022516312077641487,-0.029120827093720436,0.0,0.0,0.0,0.0,0.0,0.0,0.0,0.0,0.0,0.0,0.0,0.3500000238418579,0.0,-0.0,-0.0,0.0,0.0,1.2130000591278076,0.066771499812603,0.7668387293815613,10.30531120300293,0.006479238159954548,-0.0741693302989006,0.0,0.0,0.046993814408779144,-0.04475771635770798,0.05347305163741112,-0.11892704665660858,-0.14982572197914124,-0.011688118800520897,-5.652988329529762e-05,10.393476486206055,5.4793877601623535,4.914088726043701,1731.0,1694.0,1.3902828693389893,1413267801,20290,947
827477062,2,320,27555,8755,409843141,409844,403658,520,9032,8386,27,359,-86,195,29.0625,0.11934052407741547,0.07759599387645721,0.9799291491508484,-0.6106662750244141,-8.333959579467773,2.1185414791107178,2.0917444229125977,-0.20819249749183655,2.7372350692749023,1500,1500,1452,1500,2000,1000,1000,1000,1480,1537,1446,1731,1696,1,1,1,1,1,1,1,0,1,1,0,0,stabilized_mix,0.2493380308151245,-0.119499571621418,-0.6632940173149109,-0.02183512970805168,0.028768625110387802,-0.5482468008995056,0.0,0.0,0.02183512970805168,-0.028768625110387802,0.0,0.0,0.0,0.0,0.0,0.0,0.0,0.0,0.0,0.0,0.0,0.3500000238418579,0.0,-0.0,-0.0,0.0,0.0,1.1784800291061401,0.15033365786075592,0.655561089515686,10.356152534484863,0.014515342190861702,-0.06299286335706711,0.0,0.0,0.0698770061135292,0.005120198708027601,0.08439234644174576,-0.05787266418337822,-0.15043905377388,-0.005546329077333212,-5.459482781589031e-05,10.41057014465332,5.478259086608887,4.932310581207275,1731.0,1696.0,1.3902828693389893,3938846492,20290,947
827477062,2,320,27561,8760,409867269,409868,403682,540,-6830,10099,1209,-31,295,-302,29.21875,-0.059306927025318146,-0.10558503866195679,1.1515392065048218,4.502748966217041,-3.525336265563965,4.849875450134277,1.7946734428405762,-0.21250849962234497,2.827047348022461,1500,1500,1452,1500,2000,1000,1000,1000,1480,1577,1471,1733,1695,1,1,1,1,1,1,1,0,1,1,0,0,stabilized_mix,0.09223667532205582,0.35938209295272827,-0.834896981716156,-0.015420423820614815,0.027598032727837563,-0.5635049343109131,0.0,0.0,0.015420423820614815,-0.027598032727837563,0.0,0.0,0.0,0.0,0.0,0.0,0.0,0.0,0.0,0.0,0.0,0.3499999940395355,0.0,-0.0,-0.0,0.0,0.0,1.1784800291061401,0.17088599503040314,0.8666411638259888,10.342819213867188,0.016520684584975243,-0.08350782841444016,0.0,0.0,0.02959667332470417,-0.03780246153473854,0.04611735790967941,-0.121310293674469,-0.15514160692691803,-0.012696944177150726,-5.874352063983679e-05,10.430481910705566,5.50895881652832,4.921523571014404,1733.0,1695.0,0.25786784291267395,1238084700,20290,947
827477062,2,320,27562,8760,409871304,409872,403686,538,10370,9749,383,306,-91,89,29.203125,0.07089152932167053,-0.04613947868347168,0.9995285868644714,0.8217846155166626,-7.213573932647705,1.5723562240600586,1.867604374885559,-0.19466853141784668,2.8444104194641113,1500,1500,1452,1500,2000,1000,1000,1000,1480,1544,1437,1732,1696,1,1,1,1,1,1,1,0,1,1,0,0,stabilized_mix,0.14605292677879333,0.040646493434906006,-0.7225952744483948,-0.014945262111723423,0.027789482846856117,-0.5661093592643738,0.0,0.0,0.014945262111723423,-0.027789482846856117,0.0,0.0,0.0,0.0,0.0,0.0,0.0,0.0,0.0,0.0,0.0,0.3499999940395355,0.0,-0.0,-0.0,0.0,0.0,1.1784800291061401,0.404972106218338,0.6518754363059998,10.353673934936523,0.03909393027424812,-0.06256704032421112,0.0,0.0,0.060497477650642395,-0.006891992874443531,0.09959140419960022,-0.06945903599262238,-0.15605072677135468,-0.0041164192371070385,-5.6058517657220364e-05,10.430384635925293,5.495484828948975,4.934899806976318,1732.0,1696.0,0.25786784291267395,21812330,20290,947
827477062,2,320,27563,8760,409875342,409876,403690,536,-11532,5332,-2411,25,313,-223,29.1875,0.004919745028018951,0.17109334468841553,1.0656040906906128,5.667547225952148,-2.2276558876037598,7.065042018890381,1.747586965560913,-0.22790399193763733,2.860625743865967,1500,1500,1452,1500,2000,1000,1000,1000,1480,1590,1481,1734,1695,1,1,1,1,1,1,1,0,1,1,0,0,stabilized_mix,0.028595974668860435,0.26014244556427,-0.8291835188865662,-0.014372131787240505,0.027750814333558083,-0.5687130689620972,0.0,0.0,0.014372131787240505,-0.027750814333558083,0.0,0.0,0.0,0.0,0.0,0.0,0.0,0.0,0.0,0.0,0.0,0.3499999940395355,0.0,-0.0,-0.0,0.0,0.0,1.1784800291061401,0.10781946778297424,0.9735691547393799,10.33829402923584,0.010428757406771183,-0.0938546359539032,0.0,0.0,0.018710291013121605,-0.04760225862264633,0.029139049351215363,-0.14145690202713013,-0.15689978003501892,-0.018496237695217133,-6.138859316706657e-05,10.447033882141113,5.530460357666016,4.916574001312256,1734.0,1695.0,0.10214680433273315,3362556068,20290,947
827477062,2,320,27564,8760,409879374,409880,403694,544,9026,11446,3471,116,-19,-70,29.25,-0.00583251565694809,-0.2472902536392212,1.0754716396331787,1.6296004056930542,-5.553979873657227,1.2223031520843506,1.7356233596801758,-0.19925686717033386,2.874361515045166,1500,1500,1452,1500,2000,1000,1000,1000,1480,1550,1449,1731,1695,1,1,1,1,1,1,1,0,1,1,0,0,stabilized_mix,0.10660737007856369,0.24164657294750214,-0.7185391783714294,-0.013929696753621101,0.027962520718574524,-0.5711102485656738,0.0,0.0,0.013929696753621101,-0.027962520718574524,0.0,0.0,0.0,0.0,0.0,0.0,0.0,0.0,0.0,0.0,0.0,0.3499999940395355,0.0,-0.0,-0.0,0.0,0.0,1.1784800291061401,0.34109583497047424,0.6744921803474426,10.35131549835205,0.03294001519680023,-0.06486296653747559,0.0,0.0,0.04658971354365349,-0.01366994809359312,0.07952973246574402,-0.07853291183710098,-0.15761896967887878,-0.003199982224032283,-5.628657527267933e-05,10.416242599487305,5.489553928375244,4.926688194274902,1731.0,1695.0,0.10214680433273315,3979544942,20290,947
827477062,2,320,27565,8760,409883404,409884,403698,540,-3725,4456,-3018,204,28,-51,29.21875,0.0775270164012909,0.23129643499851227,0.9722903370857239,4.272861003875732,-3.4966633319854736,3.6117050647735596,1.7293846607208252,-0.20900529623031616,2.8893556594848633,1500,1500,1452,1500,2000,1000,1000,1000,1480,1576,1469,1733,1695,1,1,1,1,1,1,1,0,1,1,0,0,stabilized_mix,0.05926327407360077,0.10453484952449799,-0.7503324151039124,-0.013699879869818687,0.028771240264177322,-0.5736538171768188,0.0,0.0,0.013699879869818687,-0.028771240264177322,0.0,0.0,0.0,0.0,0.0,0.0,0.0,0.0,0.0,0.0,0.0,0.3499999940395355,0.0,-0.0,-0.0,0.0,0.0,1.1784800291061401,0.19593630731105804,0.8648389577865601,10.342894554138184,0.018941784277558327,-0.0833258256316185,0.0,0.0,0.029355740174651146,-0.0358721949160099,0.04829752445220947,-0.1191980242729187,-0.15840406715869904,-0.009455421939492226,-5.8750854805111885e-05,10.428970336914062,5.508239269256592,4.920731067657471,1733.0,1695.0,0.10214680433273315,1840208991,20291,948
827477062,2,320,27566,8760,409887438,409888,403702,558,-999,11467,991,-14,209,-232,29.359375,-0.023249691352248192,-0.1781192421913147,1.122674584388733,3.8747193813323975,-3.0642056465148926,2.441009521484375,1.6119564771652222,-0.20203897356987,2.894129753112793,1500,1500,1452,1500,2000,1000,1000,1000,1480,1571,1472,1732,1695,1,1,1,1,1,1,1,0,1,1,0,0,stabilized_mix,0.058794595301151276,0.37016743421554565,-0.7405682802200317,-0.012862754054367542,0.028401458635926247,-0.5759348273277283,0.0,0.0,0.012862754054367542,-0.028401458635926247,0.0,0.0,0.0,0.0,0.0,0.0,0.0,0.0,0.0,0.0,0.0,0.34987810254096985,0.0,-0.0,-0.0,0.0,0.0,1.1783580780029297,0.1835368275642395,0.8229267597198486,10.344446182250977,0.017740687355399132,-0.07931067794561386,0.0,0.0,0.025721244513988495,-0.032524775713682175,0.043461933732032776,-0.11183544993400574,-0.15865403413772583,-0.006390548311173916,-5.7765631936490536e-05,10.419313430786133,5.498485088348389,4.920828819274902,1732.0,1695.0,0.0,2489784878,20291,948
827477062,2,320,27567,8760,409891471,409892,403706,548,6964,9822,-574,288,-60,5,29.28125,0.10845296084880829,0.03647339344024658,0.9966164231300354,2.5816097259521484,-5.381518840789795,2.085960626602173,1.6743885278701782,-0.16276967525482178,2.9099488258361816,1500,1500,1452,1500,2000,1000,1000,1000,1480,1559,1448,1732,1695,1,1,1,1,1,1,1,0,1,1,0,0,stabilized_mix,0.14603042602539062,0.06616037338972092,-0.6858059763908386,-0.012490234337747097,0.028829306364059448,-0.5783346891403198,0.0,0.0,0.012490234337747097,-0.028829306364059448,0.0,0.0,0.0,0.0,0.0,0.0,0.0,0.0,0.0,0.0,0.0,0.34987810254096985,0.0,-0.0,-0.0,0.0,0.0,1.1783580780029297,0.3778383135795593,0.7407428026199341,10.34841537475586,0.03649549558758736,-0.07122116535902023,0.0,0.0,0.04515567049384117,-0.021661974489688873,0.08165116608142853,-0.0928831398487091,-0.15948231518268585,-0.005461032502353191,-5.773012526333332e-05,10.427957534790039,5.502629280090332,4.925328254699707,1732.0,1695.0,0.0,153903834,20291,948
827477062,2,320,27568,8760,409895504,409896,403710,532,-9545,9160,-450,-24,230,-224,29.15625,-0.004097052849829197,0.0869191363453865,1.1172289848327637,5.198563098907471,-1.203905463218689,4.3146843910217285,1.5567444562911987,-0.17731106281280518,2.918625831604004,1500,1500,1452,1500,2000,1000,1000,1000,1480,1585,1490,1736,1697,1,1,1,1,1,1,1,0,1,1,0,0,stabilized_mix,0.06909122318029404,0.2783501446247101,-0.7687074542045593,-0.01164011936634779,0.028655001893639565,-0.5806449055671692,0.0,0.0,0.01164011936634779,-0.028655001893639565,0.0,0.0,0.0,0.0,0.0,0.0,0.0,0.0,0.0,0.0,0.0,0.28165343403816223,0.0,-0.0,-0.0,0.0,0.0,1.110133409500122,0.05649179965257645,0.9394567012786865,10.421464920043945,0.0054206629283726215,-0.08989263325929642,0.0,0.0,0.010031016543507576,-0.04331475496292114,0.01545167900621891,-0.13320738077163696,-0.15993665158748627,-0.011295817792415619,-5.9931306168437004e-05,10.515869140625,5.557591438293457,4.958278179168701,1736.0,1697.0,0.0,89730114,20291,948
827477062,2,320,27569,8760,409899535,409900,403714,532,7392,9821,2825,111,-93,-55,29.15625,0.010798364877700806,-0.1511201411485672,1.0499773025512695,2.277890682220459,-4.750348091125488,-0.774264931678772,1.57949960231781,-0.1469607651233673,2.923245429992676,1500,1500,1452,1500,2000,1000,1000,1000,1480,1555,1454,1734,1698,1,1,1,1,1,1,1,0,1,1,0,0,stabilized_mix,0.12848681211471558,0.14394114911556244,-0.6834566593170166,-0.01113169826567173,0.028729775920510292,-0.5828956365585327,0.0,0.0,0.01113169826567173,-0.028729775920510292,0.0,0.0,0.0,0.0,0.0,0.0,0.0,0.0,0.0,0.0,0.0,0.28165343403816223,0.0,-0.0,-0.0,0.0,0.0,1.110133409500122,0.34923863410949707,0.6992132663726807,10.431154251098633,0.033467840403318405,-0.0667533352971077,0.0,0.0,0.039543431252241135,-0.018961898982524872,0.07301127165555954,-0.08571523427963257,-0.1601785272359848,0.002027020789682865,-5.535304080694914e-05,10.49755859375,5.5255446434021,4.9720139503479,1734.0,1698.0,0.0,2620120247,20291,948
827477062,2,320,27570,8760,409903570,409904,403718,532,-5646,3082,-2969,66,-5,-80,29.15625,0.0762450248003006,0.21571016311645508,0.9952494502067566,4.015313625335693,-1.4894596338272095,2.416557788848877,1.5682927370071411,-0.13688534498214722,2.931914806365967,1500,1500,1452,1500,2000,1000,1000,1000,1480,1573,1487,1734,1697,1,1,1,1,1,1,1,0,1,1,0,0,stabilized_mix,0.11385102570056915,0.06237650662660599,-0.7377273440361023,-0.010692515410482883,0.02920611761510372,-0.5852646827697754,0.0,0.0,0.010692515410482883,-0.02920611761510372,0.0,0.0,0.0,0.0,0.0,0.0,0.0,0.0,0.0,0.0,0.0,0.28165343403816223,0.0,-0.0,-0.0,0.0,0.0,1.110133409500122,0.08804863691329956,0.842742919921875,10.424755096435547,0.00844590924680233,-0.08064767718315125,0.0,0.0,0.012406354770064354,-0.03344528749585152,0.020852264016866684,-0.11409296095371246,-0.16063246130943298,-0.006326533854007721,-5.8435602113604546e-05,10.495257377624512,5.539806365966797,4.955450534820557,1734.0,1697.0,0.0,477507030,20291,948
827477062,2,320,27571,8760,409907603,409908,403722,550,318,9127,-819,-55,103,-165,29.296875,0.0028943102806806564,-0.134334996342659,1.067259430885315,3.4360711574554443,-1.94420325756073,0.48684775829315186,1.4864486455917358,-0.12484616041183472,2.931739330291748,1500,1500,1452,1500,2000,1000,1000,1000,1480,1565,1482,1735,1699,1,1,1,1,1,1,1,0,1,1,0,0,stabilized_mix,0.10964537411928177,0.22218602895736694,-0.6992331743240356,-0.009948748163878918,0.02858687937259674,-0.5874595642089844,0.0,0.0,0.009948748163878918,-0.02858687937259674,0.0,0.0,0.0,0.0,0.0,0.0,0.0,0.0,0.0,0.0,0.0,0.2359074056148529,0.0,-0.0,-0.0,0.0,0.0,1.0643874406814575,0.12890736758708954,0.7765589356422424,10.482101440429688,0.012297235429286957,-0.07391946762800217,0.0,0.0,0.016105515882372856,-0.028463946655392647,0.028402751311659813,-0.10238341242074966,-0.16062326729297638,-0.0012745645362883806,-5.6664226576685905e-05,10.541533470153809,5.5540876388549805,4.98744535446167,1735.0,1699.0,0.0,448824579,20291,948
827477062,2,320,27572,8760,409911636,409912,403726,530,5367,8588,-1972,250,-115,-53,29.140625,0.09820865839719772,0.05173654854297638,0.9889846444129944,2.9530577659606934,-3.7060799598693848,0.04476439952850342,1.533476710319519,-0.09962278604507446,2.939676284790039,1500,1500,1452,1500,2000,1000,1000,1000,1480,1561,1463,1735,1700,1,1,1,1,1,1,1,0,1,1,0,0,stabilized_mix,0.13420024514198303,0.0048622917383909225,-0.6809044480323792,-0.00952998362481594,0.028685739263892174,-0.5897850394248962,0.0,0.0,0.00952998362481594,-0.028685739263892174,0.0,0.0,0.0,0.0,0.0,0.0,0.0,0.0,0.0,0.0,0.0,0.2359074056148529,0.0,-0.0,-0.0,0.0,0.0,1.0643874406814575,0.28786686062812805,0.7498733997344971,10.483516693115234,0.027452100068330765,-0.07128690928220749,0.0,0.0,0.03069651685655117,-0.02445942535996437,0.058148615062236786,-0.09574633836746216,-0.1610388457775116,-0.00011719292524503544,-5.640462040901184e-05,10.54958438873291,5.5568156242370605,4.992769241333008,1735.0,1700.0,0.0,3216848037,20291,948
827477062,2,320,27580,8767,409943902,409944,403758,538,-1750,8370,-591,-56,-72,-43,29.203125,0.061490248888731,0.13395488262176514,1.04604172706604,3.648419141769409,1.0528799295425415,-0.6177364587783813,1.1962482929229736,-0.0030300021171569824,2.9184703826904297,1500,1500,1452,1500,2000,1000,1000,1000,1480,1557,1510,1737,1702,1,1,1,1,1,1,1,0,1,1,0,0,stabilized_mix,0.08513505756855011,0.12996812164783478,-0.5580490231513977,-0.007606448605656624,0.02961515635251999,-0.6054865121841431,0.0,0.0,0.007606448605656624,-0.02961515635251999,0.0,0.0,0.0,0.0,0.0,0.0,0.0,0.0,0.0,0.0,0.0,0.16837024688720703,0.0,-0.0,-0.0,0.0,0.0,0.9968502521514893,-0.07168257236480713,0.6284334659576416,10.566020965576172,-0.006784149911254644,-0.059399787336587906,0.0,0.0,-0.00865264143794775,-0.02998296171426773,-0.015436790883541107,-0.08938275277614594,-0.15992851555347443,0.0016172303585335612,-5.540892016142607e-05,10.609633445739746,5.58186149597168,5.027772426605225,1737.0,1702.0,0.0,3601207169,20291,948
827477062,2,320,27581,8767,409947936,409948,403762,540,-2754,7914,-417,-50,-19,-222,29.21875,-0.020027346909046173,-0.09472599625587463,1.0278021097183228,5.456870079040527,-1.1746846437454224,-2.3060672283172607,1.0799332857131958,-0.00948721170425415,2.906898021697998,1500,1500,1452,1500,2000,1000,1000,1000,1480,1568,1490,1737,1703,1,1,1,1,1,1,1,0,1,1,0,0,stabilized_mix,0.026849938556551933,0.33492469787597656,-0.49810129404067993,-0.007077015936374664,0.029314734041690826,-0.606910765171051,0.0,0.0,0.007077015936374664,-0.029314734041690826,0.0,0.0,0.0,0.0,0.0,0.0,0.0,0.0,0.0,0.0,0.0,0.1584233045578003,0.0,-0.0,-0.0,0.0,0.0,0.9869033098220825,0.05990753322839737,0.6607868075370789,10.576740264892578,0.005664022173732519,-0.06238708272576332,0.0,0.0,0.009643856436014175,-0.04479948803782463,0.015307879075407982,-0.10718657076358795,-0.1593225747346878,0.006037270184606314,-5.364988464862108e-05,10.639037132263184,5.587768077850342,5.051269054412842,1737.0,1703.0,0.0,2961932963,20291,948
827477062,2,320,27582,8767,409951969,409952,403766,538,6440,6139,-366,79,-209,-95,29.203125,0.06985095888376236,-0.02956421673297882,0.9759775996208191,3.3257572650909424,-0.19757485389709473,-2.906918525695801,1.1101799011230469,0.04252970218658447,2.9016900062561035,1500,1500,1452,1500,2000,1000,1000,1000,1480,1550,1498,1736,1703,1,1,1,1,1,1,1,0,1,1,0,0,stabilized_mix,0.11092017590999603,0.14067061245441437,-0.4604690968990326,-0.006763813551515341,0.029754722490906715,-0.6082465052604675,0.0,0.0,0.006763813551515341,-0.029754722490906715,0.0,0.0,0.0,0.0,0.0,0.0,0.0,0.0,0.0,0.0,0.0,0.1584233045578003,0.0,-0.0,-0.0,0.0,0.0,0.9869033098220825,0.020009858533740044,0.5493334531784058,10.579976081848145,0.0018912930972874165,-0.05187509208917618,0.0,0.0,0.001621542265638709,-0.027295254170894623,0.0035128353629261255,-0.0791703462600708,-0.1590498834848404,0.007610294967889786,-5.300389602780342e-05,10.613286018371582,5.571662425994873,5.041623592376709,1736.0,1703.0,0.0,2481205896,20291,948
827477062,2,320,27583,8767,409956002,409956,403770,528,-7964,8235,-3597,-123,41,-163,29.125,0.0510261133313179,0.1174912303686142,1.0064353942871094,5.741604328155518,1.1294766664505005,-0.7642737627029419,1.014700174331665,0.027818024158477783,2.8920845985412598,1500,1500,1452,1500,2000,1000,1000,1000,1480,1566,1509,1738,1703,1,1,1,1,1,1,1,0,1,1,0,0,stabilized_mix,0.029642855748534203,0.2601388394832611,-0.4324536919593811,-0.0063651083037257195,0.029815128073096275,-0.6094187498092651,0.0,0.0,0.0063651083037257195,-0.029815128073096275,0.0,0.0,0.0,0.0,0.0,0.0,0.0,0.0,0.0,0.0,0.0,0.15160781145095825,0.0,-0.0,-0.0,0.0,0.0,0.9800878167152405,-0.046786077320575714,0.6072099208831787,10.585600852966309,-0.004419755656272173,-0.05729373171925545,0.0,0.0,-0.009264949709177017,-0.04709763079881668,-0.013684704899787903,-0.10439136624336243,-0.15854695439338684,0.002000864129513502,-5.4791104048490524e-05,10.644538879394531,5.596224784851074,5.048314094543457,1738.0,1703.0,0.0,1268039997,20291,948
827477062,2,320,27584,8767,409960036,409960,403774,544,5560,10271,2675,96,-150,-234,29.25,-0.012677829712629318,-0.18953795731067657,1.0153474807739258,4.767963409423828,-1.3244106769561768,-4.248938083648682,0.9697163701057434,0.05426156520843506,2.8794994354248047,1500,1500,1452,1500,2000,1000,1000,1000,1480,1558,1489,1736,1704,1,1,1,1,1,1,1,0,1,1,0,0,stabilized_mix,0.05144883692264557,0.27934718132019043,-0.39404937624931335,-0.006109725218266249,0.03022226318717003,-0.6104769110679626,0.0,0.0,0.006109725218266249,-0.03022226318717003,0.0,0.0,0.0,0.0,0.0,0.0,0.0,0.0,0.0,0.0,0.0,0.15160781145095825,0.0,-0.0,-0.0,0.0,0.0,0.9800878167152405,0.07553127408027649,0.5453292727470398,10.587486267089844,0.007133892737329006,-0.05145316570997238,0.0,0.0,0.010862032882869244,-0.03910401463508606,0.01799592562019825,-0.09055718034505844,-0.1578879952430725,0.011123694479465485,-5.1367562264204025e-05,10.632769584655762,5.573222637176514,5.059546947479248,1736.0,1704.0,0.0,2613151126,20292,949
827477062,2,320,27585,8767,409963131,409964,403777,544,-8241,8039,-2673,-142,40,-137,29.25,0.05396972596645355,0.16927583515644073,0.9955881237983704,5.762828350067139,1.8687857389450073,-0.6353424787521362,0.9461362361907959,0.050153911113739014,2.8735408782958984,1500,1500,1452,1500,2000,1000,1000,1000,1480,1565,1514,1738,1703,1,1,1,1,1,1,1,0,1,1,0,0,stabilized_mix,0.012469956651329994,0.22096331417560577,-0.3793879747390747,-0.006094222888350487,0.030926669016480446,-0.6112152338027954,0.0,0.0,0.006094222888350487,-0.030926669016480446,0.0,0.0,0.0,0.0,0.0,0.0,0.0,0.0,0.0,0.0,0.0,0.15160781145095825,0.0,-0.0,-0.0,0.0,0.0,0.9800878167152405,-0.07511492818593979,0.5860204696655273,10.585976600646973,-0.007095582317560911,-0.05528786778450012,0.0,0.0,-0.01532885991036892,-0.047270048409700394,-0.022424442693591118,-0.10255791246891022,-0.15757599472999573,0.0016633227933198214,-5.456944927573204e-05,10.644570350646973,5.595132350921631,5.049437999725342,1738.0,1703.0,0.0,442845340,20292,949
827477062,2,320,27586,8767,409967149,409968,403781,548,3836,10135,2679,71,-99,-270,29.28125,-0.035863809287548065,-0.20344337821006775,1.018727421760559,5.32431173324585,-1.0706850290298462,-3.3753676414489746,0.8897820711135864,0.06255614757537842,2.8628463745117188,1500,1500,1452,1500,2000,1000,1000,1000,1480,1558,1491,1737,1704,1,1,1,1,1,1,1,0,1,1,0,0,stabilized_mix,-0.0007298663258552551,0.30523544549942017,-0.34199658036231995,-0.005944263655692339,0.030493002384901047,-0.6120370626449585,0.0,0.0,0.005944263655692339,-0.030493002384901047,0.0,0.0,0.0,0.0,0.0,0.0,0.0,0.0,0.0,0.0,0.0,0.14717772603034973,0.0,-0.0,-0.0,0.0,0.0,0.9756577014923096,0.05945945158600807,0.5047799944877625,10.593193054199219,0.0056129274889826775,-0.047610413283109665,0.0,0.0,0.008776393719017506,-0.04364332929253578,0.014389321208000183,-0.09125374257564545,-0.15701603889465332,0.008836692199110985,-5.1862793043255806e-05,10.638554573059082,5.578591346740723,5.059963703155518,1737.0,1704.0,0.0,3261758058,20292,949
827477062,2,320,27587,8767,409971180,409972,403785,546,1021,8388,235,-99,-196,17,29.265625,0.05099523067474365,0.15740326046943665,0.9961797595024109,3.525564432144165,2.5182688236236572,-2.6589653491973877,0.9231546521186829,0.07808923721313477,2.8552374839782715,1500,1500,1452,1500,2000,1000,1000,1000,1480,1545,1518,1737,1703,1,1,1,1,1,1,1,0,1,1,0,0,stabilized_mix,0.012471538037061691,0.05590248107910156,-0.3167712092399597,-0.0060019162483513355,0.03104359656572342,-0.6127561330795288,0.0,0.0,0.0060019162483513355,-0.03104359656572342,0.0,0.0,0.0,0.0,0.0,0.0,0.0,0.0,0.0,0.0,0.0,0.14717772603034973,0.0,-0.0,-0.0,0.0,0.0,0.9756577014923096,-0.08032829314470291,0.4426727294921875,10.595113754272461,-0.007581490557640791,-0.041739948093891144,0.0,0.0,-0.020638482645154,-0.02889377810060978,-0.028219973668456078,-0.07063372433185577,-0.1566176414489746,0.006961155217140913,-5.2379793487489223e-05,10.625829696655273,5.5748138427734375,5.051015853881836,1737.0,1703.0,0.0,1807542616,20292,949
827477062,2,320,27588,8767,409975216,409976,403789,548,-6286,7820,-766,-116,24,-303,29.28125,-0.032582249492406845,-0.04637332260608673,1.0157002210617065,7.042323112487793,0.7230736017227173,-2.028855800628662,0.7899051904678345,0.05897170305252075,2.8401293754577637,1500,1500,1452,1500,2000,1000,1000,1000,1480,1566,1504,1738,1704,1,1,1,1,1,1,1,0,1,1,0,0,stabilized_mix,-0.0779356062412262,0.32956406474113464,-0.2923731207847595,-0.005906285718083382,0.030769042670726776,-0.6133059859275818,0.0,0.0,0.005906285718083382,-0.030769042670726776,0.0,0.0,0.0,0.0,0.0,0.0,0.0,0.0,0.0,0.0,0.0,0.14359816908836365,0.0,-0.0,-0.0,0.0,0.0,0.9720782041549683,-0.007678677327930927,0.4955834150314331,10.596579551696777,-0.0007246372406370938,-0.046733155846595764,0.0,0.0,-0.005925132893025875,-0.05770740285515785,-0.006649770308285952,-0.10444055497646332,-0.15582656860351562,0.005311532411724329,-5.268026143312454e-05,10.654871940612793,5.590837478637695,5.064034461975098,1738.0,1704.0,0.0,2109467986,20292,949
827477062,2,320,27589,8767,409979230,409980,403793,542,10481,7290,967,15,-299,-66,29.234375,0.03090823069214821,-0.105682872235775,0.9676547646522522,2.7394046783447266,1.4199410676956177,-4.873934745788574,0.8486867547035217,0.10869157314300537,2.8312978744506836,1500,1500,1452,1500,2000,1000,1000,1000,1480,1536,1509,1736,1704,1,1,1,1,1,1,1,0,1,1,0,0,stabilized_mix,0.013757919892668724,0.08257970958948135,-0.2243012636899948,-0.005960943177342415,0.03089364804327488,-0.6137012243270874,0.0,0.0,0.005960943177342415,-0.03089364804327488,0.0,0.0,0.0,0.0,0.0,0.0,0.0,0.0,0.0,0.0,0.0,0.14359816908836365,0.0,-0.0,-0.0,0.0,0.0,0.9720782041549683,-0.018565300852060318,0.3684912919998169,10.601119041442871,-0.001751256873831153,-0.0347425639629364,0.0,0.0,-0.01163054071366787,-0.022438084706664085,-0.013381797820329666,-0.057180650532245636,-0.15536415576934814,0.01275993138551712,-4.9911439418792725e-05,10.619424819946289,5.559269428253174,5.060154914855957,1736.0,1704.0,0.0,2865266762,20292,949
827477062,2,320,27590,8767,409983231,409984,403797,542,-9955,5803,-4909,-218,43,-146,29.234375,0.06826804578304291,0.20878951251506805,0.9555529356002808,6.376526832580566,3.2457170486450195,-0.37130749225616455,0.7666056156158447,0.0970388650894165,2.8212828636169434,1500,1500,1452,1500,2000,1000,1000,1000,1480,1561,1522,1738,1704,1,1,1,1,1,1,1,0,1,1,0,0,stabilized_mix,-0.05521799996495247,0.16007304191589355,-0.20819580554962158,-0.006150987930595875,0.03153818100690842,-0.6139755249023438,0.0,0.0,0.006150987930595875,-0.03153818100690842,0.0,0.0,0.0,0.0,0.0,0.0,0.0,0.0,0.0,0.0,0.0,0.14359816908836365,0.0,-0.0,-0.0,0.0,0.0,0.9720782041549683,-0.07914968580007553,0.46550554037094116,10.597271919250488,-0.007468734867870808,-0.04387326538562775,0.0,0.0,-0.026594871655106544,-0.052248209714889526,-0.03406360745429993,-0.09612147510051727,-0.15483978390693665,0.0009720808011479676,-5.3853727877140045e-05,10.652597427368164,5.595567226409912,5.057029724121094,1738.0,1704.0,0.0,3748771806,20292,949
827477062,2,320,27591,8767,409987263,409988,403801,534,6056,9336,2650,18,-152,-284,29.171875,-0.03587941825389862,-0.2634960114955902,0.9993995428085327,4.734633445739746,0.6802845597267151,-5.001422882080078,0.7232341766357422,0.1278969645500183,2.807089328765869,1500,1500,1452,1500,2000,1000,1000,1000,1480,1547,1503,1736,1704,1,1,1,1,1,1,1,0,1,1,0,0,stabilized_mix,-0.031177837401628494,0.2552047669887543,-0.16234911978244781,-0.0059881918132305145,0.030595624819397926,-0.6140543818473816,0.0,0.0,0.0059881918132305145,-0.030595624819397926,0.0,0.0,0.0,0.0,0.0,0.0,0.0,0.0,0.0,0.0,0.0,0.1405714452266693,0.0,-0.0,-0.0,0.0,0.0,0.9690514802932739,0.017164859920740128,0.3693968951702118,10.603487014770508,0.0016187925357371569,-0.03482294827699661,0.0,0.0,-0.005570872221142054,-0.038772065192461014,-0.003952079452574253,-0.07359501719474792,-0.1540966033935547,0.013093694113194942,-4.935101605951786e-05,10.63235092163086,5.562930583953857,5.069420337677002,1736.0,1704.0,0.0,2551829394,20292,949
827477062,2,320,27598,8773,410015496,410016,403829,536,-6014,8379,2049,-187,14,-413,29.1875,-0.08440229296684265,-0.15831458568572998,1.0246047973632812,7.185239315032959,2.8161888122558594,-3.872080087661743,0.46726226806640625,0.2169223427772522,2.7102556228637695,1500,1500,1452,1500,2000,1000,1000,1000,1480,1553,1513,1736,1705,1,1,1,1,1,1,1,0,1,1,0,0,stabilized_mix,-0.09464216232299805,0.35998138785362244,0.0061589740216732025,-0.006412137765437365,0.029833029955625534,-0.6112411618232727,0.0,0.0,0.006412137765437365,-0.029833029955625534,0.0,0.0,0.0,0.0,0.0,0.0,0.0,0.0,0.0,0.0,0.0,0.13779699802398682,0.0,-0.0,-0.0,0.0,0.0,0.966277003288269,0.024111006408929825,0.2624105215072632,10.606474876403809,0.0022732308134436607,-0.02473021298646927,0.0,0.0,-0.023055365309119225,-0.058823585510253906,-0.02078213542699814,-0.08355379849672318,-0.14902640879154205,0.010137082077562809,-4.8611313104629517e-05,10.645904541015625,5.566008567810059,5.079895496368408,1736.0,1705.0,0.0,1091895723,20292,949
827477062,2,320,27599,8773,410019530,410020,403833,536,11968,9232,1937,-55,-423,91,29.1875,0.05607498064637184,-0.03683874011039734,0.9392110109329224,1.1669423580169678,3.1631059646606445,-6.225815773010254,0.5918554663658142,0.2777729630470276,2.6978201866149902,1500,1500,1452,1500,2000,1000,1000,1000,1480,1519,1514,1734,1705,1,1,1,1,1,1,1,0,1,1,0,0,stabilized_mix,0.01714121177792549,-0.03243934363126755,0.10254068672657013,-0.006559933535754681,0.029754692688584328,-0.6103789806365967,0.0,0.0,0.006559933535754681,-0.029754692688584328,0.0,0.0,0.0,0.0,0.0,0.0,0.0,0.0,0.0,0.0,0.0,0.13779699802398682,0.0,-0.0,-0.0,0.0,0.0,0.966277003288269,0.036554187536239624,0.21004733443260193,10.610753059387207,0.0034449996892362833,-0.019788136705756187,0.0,0.0,-0.02588503807783127,-0.009549584239721298,-0.02244003862142563,-0.029337720945477486,-0.14837528765201569,0.01629914715886116,-4.6226661652326584e-05,10.61799430847168,5.540130138397217,5.077863693237305,1734.0,1705.0,0.0,516985588,20292,949
827477062,2,320,27600,8773,410023561,410024,403837,544,-14683,5439,-4538,-275,99,-271,29.25,0.01606541872024536,0.21466873586177826,0.9585821628570557,8.015134811401367,5.015119552612305,-0.13876664638519287,0.4592418670654297,0.24373137950897217,2.683310031890869,1500,1500,1452,1500,2000,1000,1000,1000,1480,1558,1526,1737,1705,1,1,1,1,1,1,1,0,1,1,0,0,stabilized_mix,-0.11672692745923996,0.2163895070552826,0.05067528784275055,-0.006848050281405449,0.030459411442279816,-0.6095069050788879,0.0,0.0,0.006848050281405449,-0.030459411442279816,0.0,0.0,0.0,0.0,0.0,0.0,0.0,0.0,0.0,0.0,0.0,0.13779699802398682,0.0,-0.0,-0.0,0.0,0.0,0.966277003288269,0.001732315868139267,0.272775262594223,10.605639457702637,0.00016333912208210677,-0.025692667812108994,0.0,0.0,-0.041060637682676315,-0.06562287360429764,-0.040897298604249954,-0.09131553769111633,-0.14761553704738617,0.00036329025169834495,-5.153822712600231e-05,10.658924102783203,5.587153434753418,5.071771144866943,1737.0,1705.0,0.0,2202303621,20292,949
827477062,2,320,27601,8773,410027594,410028,403841,544,12005,10550,3390,-75,-279,-186,29.25,-0.03526454418897629,-0.3294011354446411,1.0003676414489746,2.590463161468506,2.731349468231201,-6.705024242401123,0.4680878520011902,0.30821162462234497,2.667445659637451,1500,1500,1452,1500,2000,1000,1000,1000,1480,1525,1511,1734,1705,1,1,1,1,1,1,1,0,1,1,0,0,stabilized_mix,-0.010850111022591591,0.19055631756782532,0.12236370146274567,-0.006632457487285137,0.029280656948685646,-0.6084035038948059,0.0,0.0,0.006632457487285137,-0.029280656948685646,0.0,0.0,0.0,0.0,0.0,0.0,0.0,0.0,0.0,0.0,0.0,0.13785070180892944,0.0,-0.0,-0.0,0.0,0.0,0.9663307070732117,0.06166422739624977,0.18365749716758728,10.609911918640137,0.00581187941133976,-0.017305895686149597,0.0,0.0,-0.022353563457727432,-0.02120054140686989,-0.016541684046387672,-0.038506437093019485,-0.14678488671779633,0.01755371317267418,-4.523096140474081e-05,10.619235038757324,5.535772323608398,5.083462715148926,1734.0,1705.0,0.0,2963214471,20292,949
827477062,2,320,27602,8773,410031626,410032,403845,528,-4249,5130,-5500,-150,-179,55,29.125,0.13290922343730927,0.31438741087913513,0.892734169960022,4.498737812042236,4.751294136047363,-2.507298469543457,0.5199299454689026,0.31368136405944824,2.657283306121826,1500,1500,1452,1500,2000,1000,1000,1000,1480,1537,1522,1736,1705,1,1,1,1,1,1,1,0,1,1,0,0,stabilized_mix,-0.042273350059986115,-0.040404945611953735,0.12986153364181519,-0.006983299273997545,0.029725609347224236,-0.6074044108390808,0.0,0.0,0.006983299273997545,-0.029725609347224236,0.0,0.0,0.0,0.0,0.0,0.0,0.0,0.0,0.0,0.0,0.0,0.13785070180892944,0.0,-0.0,-0.0,0.0,0.0,0.9663307070732117,0.04154110327363014,0.22416159510612488,10.608241081237793,0.003915907349437475,-0.021114829927682877,0.0,0.0,-0.03889106586575508,-0.03682380169630051,-0.03497515991330147,-0.05793863162398338,-0.14625278115272522,0.006564092356711626,-4.889105912297964e-05,10.632574081420898,5.560741901397705,5.071831703186035,1736.0,1705.0,0.0,2752706945,20293,950
827477062,2,320,27603,8773,410035659,410036,403849,542,-3854,8692,2367,-193,116,-424,29.234375,-0.08839644491672516,-0.2152375727891922,1.0267422199249268,6.51115608215332,3.6862993240356445,-3.288043737411499,0.36188745498657227,0.31259769201278687,2.6340537071228027,1500,1500,1452,1500,2000,1000,1000,1000,1480,1545,1515,1735,1705,1,1,1,1,1,1,1,0,1,1,0,0,stabilized_mix,-0.10002560913562775,0.34667497873306274,0.10311884433031082,-0.006720161531120539,0.02895648404955864,-0.6062071919441223,0.0,0.0,0.006720161531120539,-0.02895648404955864,0.0,0.0,0.0,0.0,0.0,0.0,0.0,0.0,0.0,0.0,0.0,0.13823559880256653,0.0,-0.0,-0.0,0.0,0.0,0.9667155742645264,0.06360957771539688,0.180449441075325,10.606966018676758,0.00599689083173871,-0.017005739733576775,0.0,0.0,-0.030177323147654533,-0.0533025823533535,-0.02418043278157711,-0.07030832022428513,-0.1450364887714386,0.008608078584074974,-4.7749956138432026e-05,10.636346817016602,5.556922912597656,5.079423427581787,1735.0,1705.0,0.0,3259579766,20293,950
827477062,2,320,27604,8773,410039693,410040,403853,548,10783,8678,1046,-63,-384,154,29.28125,0.09701329469680786,0.027286171913146973,0.9078037738800049,0.8708381652832031,3.7936694622039795,-4.88260555267334,0.5151783227920532,0.37997084856033325,2.627619743347168,1500,1500,1452,1500,2000,1000,1000,1000,1480,1515,1515,1734,1705,1,1,1,1,1,1,1,0,1,1,0,0,stabilized_mix,0.021684741601347923,-0.0984092727303505,0.19799163937568665,-0.006944636814296246,0.028767624869942665,-0.6050098538398743,0.0,0.0,0.006944636814296246,-0.028767624869942665,0.0,0.0,0.0,0.0,0.0,0.0,0.0,0.0,0.0,0.0,0.0,0.13823559880256653,0.0,-0.0,-0.0,0.0,0.0,0.9667155742645264,0.08327867090702057,0.17552313208580017,10.610471725463867,0.007848563604056835,-0.016536487266421318,0.0,0.0,-0.031046029180288315,-0.007126627489924431,-0.023197464644908905,-0.02366311475634575,-0.1446996033191681,0.012782632373273373,-4.617089871317148e-05,10.616299629211426,5.539004325866699,5.077295303344727,1734.0,1705.0,0.0,1070153171,20293,950
827477062,2,320,27605,8773,410043726,410044,403857,558,-15417,5864,-3055,-253,110,-311,29.359375,-0.02672497183084488,0.1874895989894867,0.9626721143722534,7.864126682281494,5.554494380950928,-0.46760058403015137,0.3719184398651123,0.340124249458313,2.611757755279541,1500,1500,1452,1500,2000,1000,1000,1000,1480,1553,1526,1737,1705,1,1,1,1,1,1,1,0,1,1,0,0,stabilized_mix,-0.13277937471866608,0.20387762784957886,0.1216946691274643,-0.007199764717370272,0.02929345890879631,-0.6038247346878052,0.0,0.0,0.007199764717370272,-0.02929345890879631,0.0,0.0,0.0,0.0,0.0,0.0,0.0,0.0,0.0,0.0,0.0,0.13823559880256653,0.0,-0.0,-0.0,0.0,0.0,0.9667155742645264,0.05634438619017601,0.1969834417104721,10.60580062866211,0.005312551278620958,-0.01855606958270073,0.0,0.0,-0.04547600820660591,-0.0643855407834053,-0.04016345739364624,-0.08294160664081573,-0.1438690721988678,0.001224175444804132,-4.992575850337744e-05,10.650975227355957,5.5751166343688965,5.075859069824219,1737.0,1705.0,0.0,1141316433,20293,950
827477062,2,320,27606,8773,410047757,410048,403861,538,12805,11464,3456,-78,-308,-94,29.203125,-0.011488005518913269,-0.29642096161842346,0.9898109436035156,1.1834337711334229,3.0192174911499023,-7.7634196281433105,0.41167140007019043,0.4088589549064636,2.5919408798217773,1500,1500,1452,1500,2000,1000,1000,1000,1480,1515,1509,1733,1706,1,1,1,1,1,1,1,0,1,1,0,0,stabilized_mix,-0.008160527795553207,0.10762742161750793,0.20370715856552124,-0.007046333979815245,0.027951989322900772,-0.6024384498596191,0.0,0.0,0.007046333979815245,-0.027951989322900772,0.0,0.0,0.0,0.0,0.0,0.0,0.0,0.0,0.0,0.0,0.0,0.13848578929901123,0.0,-0.0,-0.0,0.0,0.0,0.9669657945632935,0.10470662266016006,0.1422560214996338,10.610132217407227,0.009868229739367962,-0.013405282981693745,0.0,0.0,-0.024708986282348633,-0.009685108438134193,-0.014840756542980671,-0.023090392351150513,-0.1428314596414566,0.02032458409667015,-4.287739284336567e-05,10.614130973815918,5.5214524269104,5.092678546905518,1733.0,1706.0,0.0,3371809635,20293,950
827477062,2,320,27607,8773,410051788,410052,403865,544,-6170,4648,-5657,-134,-71,32,29.25,0.12359906733036041,0.3321183919906616,0.8894925713539124,4.556025505065918,5.3719162940979,-0.6032445430755615,0.4491129517555237,0.40807658433914185,2.584062099456787,1500,1500,1452,1500,2000,1000,1000,1000,1480,1535,1523,1736,1704,1,1,1,1,1,1,1,0,1,1,0,0,stabilized_mix,-0.06051471829414368,-0.06284059584140778,0.18228481709957123,-0.0074254851788282394,0.028272679075598717,-0.6012055277824402,0.0,0.0,0.0074254851788282394,-0.028272679075598717,0.0,0.0,0.0,0.0,0.0,0.0,0.0,0.0,0.0,0.0,0.0,0.13848578929901123,0.0,-0.0,-0.0,0.0,0.0,0.9669657945632935,0.09108705818653107,0.18067392706871033,10.607647895812988,0.008586712181568146,-0.01702011562883854,0.0,0.0,-0.043973542749881744,-0.03729480504989624,-0.0353868305683136,-0.05431491881608963,-0.14241892099380493,0.0015792906051501632,-4.9293856136500835e-05,10.629968643188477,5.561453342437744,5.068514823913574,1736.0,1704.0,0.0,2057143244,20293,950
827477062,2,320,27608,8773,410055821,410056,403869,540,-654,9843,3736,-205,21,-364,29.21875,-0.08411417156457901,-0.2583147883415222,1.039422631263733,4.753846168518066,4.334023952484131,-4.207404136657715,0.3214213252067566,0.42577534914016724,2.5628342628479004,1500,1500,1452,1500,2000,1000,1000,1000,1480,1533,1516,1734,1705,1,1,1,1,1,1,1,0,1,1,0,0,stabilized_mix,-0.07473000884056091,0.2815459370613098,0.1724674552679062,-0.0069605144672095776,0.027546348050236702,-0.599716305732727,0.0,0.0,0.0069605144672095776,-0.027546348050236702,0.0,0.0,0.0,0.0,0.0,0.0,0.0,0.0,0.0,0.0,0.0,0.13864842057228088,0.0,-0.0,-0.0,0.0,0.0,0.9671283960342407,0.10949170589447021,0.13284768164157867,10.607728958129883,0.010321512818336487,-0.012519052252173424,0.0,0.0,-0.03547726944088936,-0.03891383484005928,-0.02515575662255287,-0.051432885229587555,-0.14130744338035583,0.011014958843588829,-4.560232628136873e-05,10.625136375427246,5.540579795837402,5.0845561027526855,1734.0,1705.0,0.0,3565274860,20293,950
827477062,2,320,27609,8773,410059853,410060,403873,556,9197,7378,162,-50,-379,207,29.34375,0.10474707931280136,0.09098216891288757,0.8715803623199463,0.13987135887145996,3.9917988777160645,-5.176294326782227,0.4921150803565979,0.4814073443412781,2.55340576171875,1500,1500,1452,1500,2000,1000,1000,1000,1480,1510,1513,1734,1705,1,1,1,1,1,1,1,0,1,1,0,0,stabilized_mix,0.01248219609260559,-0.1786031574010849,0.26839810609817505,-0.00720772473141551,0.02717927284538746,-0.598299503326416,0.0,0.0,0.00720772473141551,-0.02717927284538746,0.0,0.0,0.0,0.0,0.0,0.0,0.0,0.0,0.0,0.0,0.0,0.13864842057228088,0.0,-0.0,-0.0,0.0,0.0,0.9671283960342407,0.12898704409599304,0.16030965745449066,10.610295295715332,0.012156182900071144,-0.015104550868272781,0.0,0.0,-0.03266799449920654,-0.0011446761200204492,-0.0205118115991354,-0.01624922640621662,-0.14081376791000366,0.013551507145166397,-4.4541782699525356e-05,10.61392879486084,5.529673099517822,5.084255218505859,1734.0,1705.0,0.0,1130902984,20293,950
827477062,2,320,27617,8780,410091189,410092,403904,534,-14175,5573,-906,-283,173,-291,29.171875,-0.04153348505496979,0.11507226526737213,0.9793954491615295,5.27932596206665,7.074821472167969,-0.7171511650085449,0.36936432123184204,0.6243593096733093,2.427562713623047,1500,1500,1452,1500,2000,1000,1000,1000,1480,1536,1526,1735,1705,1,1,1,1,1,1,1,0,1,1,0,0,stabilized_mix,-0.09298887103796005,0.17511296272277832,0.24189698696136475,-0.007758527994155884,0.024278340861201286,-0.5853055715560913,0.0,0.0,0.007758527994155884,-0.024278340861201286,0.0,0.0,0.0,0.0,0.0,0.0,0.0,0.0,0.0,0.0,0.0,0.13779214024543762,0.0,-0.0,-0.0,0.0,0.0,0.9662721157073975,0.1783452033996582,0.1378849744796753,10.608055114746094,0.01681065931916237,-0.012986432760953903,0.0,0.0,-0.057910993695259094,-0.04321395605802536,-0.041100334376096725,-0.05620038881897926,-0.13422465324401855,0.0018774972995743155,-4.6321540139615536e-05,10.633810043334961,5.548512935638428,5.085297107696533,1735.0,1705.0,0.0,642681469,20293,950
827477062,2,320,27618,8780,410095198,410096,403908,562,12540,11617,4313,-181,-339,68,29.390625,0.017414867877960205,-0.24457132816314697,0.9711294174194336,-1.8380523920059204,4.379546642303467,-7.1983256340026855,0.4634549617767334,0.7002928853034973,2.4119768142700195,1500,1500,1452,1500,2000,1000,1000,1000,1480,1499,1510,1732,1707,1,1,1,1,1,1,1,0,1,1,0,0,stabilized_mix,0.055142153054475784,-0.001676410436630249,0.3421429991722107,-0.00717491190880537,0.023032711818814278,-0.5834355354309082,0.0,0.0,0.00717491190880537,-0.023032711818814278,0.0,0.0,0.0,0.0,0.0,0.0,0.0,0.0,0.0,0.0,0.0,0.13749754428863525,0.0,-0.0,-0.0,0.0,0.0,0.9659775495529175,0.21134382486343384,0.14463265240192413,10.612212181091309,0.019912520423531532,-0.013626315630972385,0.0,0.0,-0.03583476319909096,0.015039495192468166,-0.015922242775559425,0.001413179561495781,-0.1334085613489151,0.018845172598958015,-4.009716212749481e-05,10.613568305969238,5.507270336151123,5.106298446655273,1732.0,1707.0,0.0,2254847351,20293,950
827477062,2,320,27619,8780,410099228,410100,403912,538,-9272,4166,-5206,-175,-87,48,29.203125,0.08415986597537994,0.3463016152381897,0.8868448734283447,2.7612478733062744,6.588557720184326,-0.48459088802337646,0.47341060638427734,0.6915753483772278,2.403069496154785,1500,1500,1452,1500,2000,1000,1000,1000,1480,1524,1522,1735,1705,1,1,1,1,1,1,1,0,1,1,0,0,stabilized_mix,-0.03557993099093437,-0.08907238394021988,0.2841951549053192,-0.007300478871911764,0.023156311362981796,-0.5817482471466064,0.0,0.0,0.007300478871911764,-0.023156311362981796,0.0,0.0,0.0,0.0,0.0,0.0,0.0,0.0,0.0,0.0,0.0,0.13749754428863525,0.0,-0.0,-0.0,0.0,0.0,0.9659775495529175,0.20565631985664368,0.16159433126449585,10.609625816345215,0.019381510093808174,-0.015220657922327518,0.0,0.0,-0.05392269417643547,-0.022598866373300552,-0.03454118221998215,-0.037819523364305496,-0.13294218480587006,0.0012686559930443764,-4.6085682697594166e-05,10.623554229736328,5.542205333709717,5.081348419189453,1735.0,1705.0,0.0,506498273,20293,950
827477062,2,320,27620,8780,410103243,410104,403916,542,1677,10544,3024,-320,-66,-206,29.234375,-0.07365681976079941,-0.2653959393501282,1.0313221216201782,1.0454063415527344,6.4553117752075195,-5.584256172180176,0.4053628444671631,0.7385647892951965,2.3809309005737305,1500,1500,1452,1500,2000,1000,1000,1000,1480,1513,1521,1733,1707,1,1,1,1,1,1,1,0,1,1,0,0,stabilized_mix,-0.0071715302765369415,0.20616041123867035,0.2827921509742737,-0.007112349383533001,0.02273804508149624,-0.5798651576042175,0.0,0.0,0.007112349383533001,-0.02273804508149624,0.0,0.0,0.0,0.0,0.0,0.0,0.0,0.0,0.0,0.0,0.0,0.13749754428863525,0.0,-0.0,-0.0,0.0,0.0,0.9659775495529175,0.21874023973941803,0.13413812220096588,10.610559463500977,0.020612414926290512,-0.012634714134037495,0.0,0.0,-0.05282751843333244,-0.008555159904062748,-0.03221510350704193,-0.021189874038100243,-0.13178300857543945,0.014619548805058002,-4.100718069821596e-05,10.618451118469238,5.514261722564697,5.104189872741699,1733.0,1707.0,0.0,4130780262,20293,950
827477062,2,320,27621,8780,410107242,410108,403920,536,7545,6721,-2783,-74,-334,246,29.1875,0.13287606835365295,0.12789571285247803,0.8719195127487183,-1.4357719421386719,4.741523742675781,-4.584632396697998,0.5384708642959595,0.782426655292511,2.3713555335998535,1500,1500,1455,1500,2000,1000,1000,1000,1482,1503,1510,1735,1708,1,1,1,1,1,1,1,0,1,1,0,0,stabilized_mix,0.05299226567149162,-0.18661311268806458,0.3305913209915161,-0.006793605163693428,0.02173275500535965,-0.5781767964363098,0.0,0.0,0.006793605163693428,-0.02173275500535965,0.0,0.0,0.0,0.0,0.0,0.0,0.0,0.0,0.0,0.0,0.0,0.1376560628414154,0.0,-0.0,-0.0,0.0,0.0,0.9143561124801636,0.24233107268810272,0.17189660668373108,10.673555374145508,0.022699974477291107,-0.01610148511826992,0.0,0.0,-0.03857359290122986,0.011680398136377335,-0.01587361842393875,-0.004421086981892586,-0.13128164410591125,0.01200254075229168,-4.1747698560357094e-05,10.675004959106445,5.54624080657959,5.128763675689697,1735.0,1708.0,0.0,2451362335,20294,951
827477062,2,320,27622,8780,410111270,410112,403924,542,-11578,6384,-533,-316,145,-250,29.234375,-0.05247122794389725,0.042302846908569336,1.003638505935669,3.6002559661865234,7.703874111175537,-0.8149819374084473,0.401395320892334,0.7707186341285706,2.353761672973633,1500,1500,1452,1500,2000,1000,1000,1000,1480,1527,1526,1734,1706,1,1,1,1,1,1,1,0,1,1,0,0,stabilized_mix,-0.06949327141046524,0.18884381651878357,0.22929099202156067,-0.006744392681866884,0.02178069017827511,-0.5764243006706238,0.0,0.0,0.006744392681866884,-0.02178069017827511,0.0,0.0,0.0,0.0,0.0,0.0,0.0,0.0,0.0,0.0,0.0,0.1376560628414154,0.0,-0.0,-0.0,0.0,0.0,0.96613609790802,0.2329428642988205,0.13827139139175415,10.608985900878906,0.021953599527478218,-0.013021678663790226,0.0,0.0,-0.06305456906557083,-0.029467331245541573,-0.04110097140073776,-0.04248901084065437,-0.1303604245185852,0.0021336176432669163,-4.487938713282347e-05,10.627544403076172,5.5381693840026855,5.0893754959106445,1734.0,1706.0,0.0,3866995544,20294,951
827477062,2,320,27623,8780,410115308,410116,403928,536,12773,10017,3385,-183,-343,133,29.1875,0.025061286985874176,-0.2024909406900406,0.9403798580169678,-2.7840001583099365,4.634875297546387,-6.464596748352051,0.5061521530151367,0.8313351273536682,2.3411736488342285,1500,1500,1452,1500,2000,1000,1000,1000,1480,1495,1509,1732,1707,1,1,1,1,1,1,1,0,1,1,0,0,stabilized_mix,0.042619865387678146,-0.03510509431362152,0.3331543207168579,-0.0063649388030171394,0.020503053441643715,-0.574636697769165,0.0,0.0,0.0063649388030171394,-0.020503053441643715,0.0,0.0,0.0,0.0,0.0,0.0,0.0,0.0,0.0,0.0,0.0,0.13845908641815186,0.0,-0.0,-0.0,0.0,0.0,0.9669390916824341,0.26051557064056396,0.15980634093284607,10.61094856262207,0.024546651169657707,-0.01505802758038044,0.0,0.0,-0.03792845457792282,0.022782234475016594,-0.013381803408265114,0.007724206894636154,-0.12970131635665894,0.01692427508533001,-3.947201184928417e-05,10.612215042114258,5.503467559814453,5.108747482299805,1732.0,1707.0,0.0,2779349394,20294,951
827477062,2,320,27624,8780,410119339,410120,403932,546,-11065,3277,-4298,-185,-48,9,29.265625,0.044136498123407364,0.3162876069545746,0.8919615745544434,2.1192498207092285,6.672040939331055,-0.6799372434616089,0.4969770908355713,0.8059352040290833,2.330566883087158,1500,1500,1455,1500,2000,1000,1000,1000,1482,1521,1519,1736,1708,1,1,1,1,1,1,1,0,1,1,0,0,stabilized_mix,-0.08882292360067368,-0.040826812386512756,0.25681614875793457,-0.006602253764867783,0.020645881071686745,-0.5730198621749878,0.0,0.0,0.006602253764867783,-0.020645881071686745,0.0,0.0,0.0,0.0,0.0,0.0,0.0,0.0,0.0,0.0,0.0,0.13845908641815186,0.0,-0.0,-0.0,0.0,0.0,0.9151591062545776,0.2528071701526642,0.16492986679077148,10.670727729797363,0.023687221109867096,-0.015447823330760002,0.0,0.0,-0.05429326370358467,-0.017245246097445488,-0.030606042593717575,-0.03269306942820549,-0.12914595007896423,0.0017800715286284685,-4.457810427993536e-05,10.681435585021973,5.563608169555664,5.117827415466309,1736.0,1708.0,0.0,2281636275,20294,951
827477062,2,320,27625,8780,410123399,410124,403936,544,2795,10798,3628,-338,-44,-107,29.25,-0.07864007353782654,-0.25069335103034973,1.0260049104690552,-0.5946664810180664,6.551943778991699,-4.740848064422607,0.46084874868392944,0.8390300869941711,2.3109779357910156,1500,1500,1455,1500,2000,1000,1000,1000,1482,1506,1518,1735,1709,1,1,1,1,1,1,1,0,1,1,0,0,stabilized_mix,-0.06257064640522003,0.1582494080066681,0.2692011892795563,-0.006662787403911352,0.02016953006386757,-0.5712130069732666,0.0,0.0,0.006662787403911352,-0.02016953006386757,0.0,0.0,0.0,0.0,0.0,0.0,0.0,0.0,0.0,0.0,0.0,0.13845908641815186,0.0,-0.0,-0.0,0.0,0.0,0.9151591062545776,0.2619854509830475,0.14885719120502472,10.671916961669922,0.02454412169754505,-0.01394182164222002,0.0,0.0,-0.05331004410982132,0.004838517867028713,-0.028765922412276268,-0.009103303775191307,-0.1281202733516693,0.01241151150316,-4.0498096495866776e-05,10.676775932312012,5.5408782958984375,5.135897159576416,1735.0,1709.0,0.0,779934492,20294,951
827477062,2,320,27626,8780,410127402,410128,403940,534,3994,7280,-3773,-62,-272,231,29.171875,0.12457527220249176,0.1797698736190796,0.8875557780265808,-1.5439612865447998,4.564389228820801,-3.1449642181396484,0.5829715728759766,0.8633431792259216,2.305757999420166,1500,1500,1452,1500,2000,1000,1000,1000,1480,1503,1507,1733,1706,1,1,1,1,1,1,1,0,1,1,0,0,stabilized_mix,-0.036014482378959656,-0.17769694328308105,0.2948026657104492,-0.006661927327513695,0.01928183063864708,-0.5696369409561157,0.0,0.0,0.006661927327513695,-0.01928183063864708,0.0,0.0,0.0,0.0,0.0,0.0,0.0,0.0,0.0,0.0,0.0,0.13793104887008667,0.0,-0.0,-0.0,0.0,0.0,0.9664110541343689,0.27288317680358887,0.18693071603775024,10.610738754272461,0.025711974129080772,-0.017614109441637993,0.0,0.0,-0.03735238313674927,0.012634907849133015,-0.011640409007668495,-0.004979201592504978,-0.12784695625305176,0.008233497850596905,-4.186469595879316e-05,10.611589431762695,5.515118598937988,5.096471309661865,1733.0,1706.0,0.0,953724775,20294,951
827477062,2,320,27627,8780,410131436,410132,403944,540,-8273,8419,-387,-269,160,-166,29.21875,-0.05880459398031235,-0.014364480972290039,1.021989107131958,1.4752801656723022,7.332439422607422,-0.709298849105835,0.4584203362464905,0.8452724814414978,2.2903780937194824,1500,1500,1452,1500,2000,1000,1000,1000,1480,1517,1522,1734,1706,1,1,1,1,1,1,1,0,1,1,0,0,stabilized_mix,-0.1420210599899292,0.17933304607868195,0.20977023243904114,-0.006921023596078157,0.01924634724855423,-0.5679970979690552,0.0,0.0,0.006921023596078157,-0.01924634724855423,0.0,0.0,0.0,0.0,0.0,0.0,0.0,0.0,0.0,0.0,0.0,0.13793104887008667,0.0,-0.0,-0.0,0.0,0.0,0.9664110541343689,0.26425856351852417,0.1508452445268631,10.60939884185791,0.024902818724513054,-0.014208358712494373,0.0,0.0,-0.060012124478816986,-0.012074385769665241,-0.03510930389165878,-0.026282744482159615,-0.12704166769981384,0.001856940216384828,-4.381465259939432e-05,10.619607925415039,5.5288777351379395,5.090731143951416,1734.0,1706.0,0.0,2413757045,20294,951
827477062,2,320,27628,8780,410135471,410136,403948,544,12308,10067,2421,-125,-304,165,29.25,0.052835315465927124,-0.1509639173746109,0.9497718811035156,-3.2605950832366943,3.847839117050171,-5.510592460632324,0.5648338794708252,0.8968062996864319,2.280338764190674,1500,1500,1452,1500,2000,1000,1000,1000,1480,1494,1503,1732,1707,1,1,1,1,1,1,1,0,1,1,0,0,stabilized_mix,-0.027216942980885506,-0.05698806792497635,0.2855392098426819,-0.007012682035565376,0.018240543082356453,-0.5663807988166809,0.0,0.0,0.007012682035565376,-0.018240543082356453,0.0,0.0,0.0,0.0,0.0,0.0,0.0,0.0,0.0,0.0,0.0,0.1368878185749054,0.0,-0.0,-0.0,0.0,0.0,0.9653677940368652,0.2832321524620056,0.17790165543556213,10.612643241882324,0.026681849732995033,-0.0167614184319973,0.0,0.0,-0.031482893973588943,0.02667808346450329,-0.00480104424059391,0.009916665032505989,-0.12651601433753967,0.014426697976887226,-3.923126496374607e-05,10.613286972045898,5.502799987792969,5.110487461090088,1732.0,1707.0,0.0,2772924825,20294,951
827477062,2,320,27635,8786,410163705,410164,403976,538,2154,8762,4152,-262,-2,8,29.203125,-0.05070957541465759,-0.17749184370040894,0.9907630085945129,-2.1469945907592773,4.643659591674805,-2.1756930351257324,0.5813992619514465,0.9487022757530212,2.230144500732422,1500,1500,1452,1500,2000,1000,1000,1000,1480,1500,1506,1733,1706,1,1,1,1,1,1,1,0,1,1,0,0,stabilized_mix,-0.07218857854604721,0.11446715891361237,0.16033495962619781,-0.008417734876275063,0.015669429674744606,-0.5565428733825684,0.0,0.0,0.008417734876275063,-0.015669429674744606,0.0,0.0,0.0,0.0,0.0,0.0,0.0,0.0,0.0,0.0,0.0,0.13704648613929749,0.0,-0.0,-0.0,0.0,0.0,0.9655264616012573,0.30333206057548523,0.1866348385810852,10.61141586303711,0.028577664867043495,-0.017585525289177895,0.0,0.0,-0.037998661398887634,0.017568670213222504,-0.009420996531844139,-1.685507595539093e-05,-0.12388785183429718,0.005695951171219349,-4.1367136873304844e-05,10.611886978149414,5.512779235839844,5.09910774230957,1733.0,1706.0,0.0,1866449412,20294,951
827477062,2,320,27636,8786,410167736,410168,403980,536,246,5982,-1045,-61,-194,135,29.1875,0.07042751461267471,0.11113260686397552,0.9195597171783447,-2.3664896488189697,3.4904351234436035,-1.2163797616958618,0.6511302590370178,0.9583101868629456,2.231201171875,1500,1500,1452,1500,2000,1000,1000,1000,1480,1500,1500,1733,1706,1,1,1,1,1,1,1,0,1,1,0,0,stabilized_mix,-0.06158655881881714,-0.05517213046550751,0.1452600359916687,-0.008369180373847485,0.015056009404361248,-0.5554598569869995,0.0,0.0,0.008369180373847485,-0.015056009404361248,0.0,0.0,0.0,0.0,0.0,0.0,0.0,0.0,0.0,0.0,0.0,0.13701286911964417,0.0,-0.0,-0.0,0.0,0.0,0.965492844581604,0.30839163064956665,0.20961806178092957,10.611494064331055,0.029053859412670135,-0.019751297309994698,0.0,0.0,-0.028561720624566078,0.01936463825404644,0.0004921387881040573,-0.00038665905594825745,-0.12394317984580994,0.0031844747718423605,-4.22655139118433e-05,10.611495971679688,5.517075538635254,5.094419956207275,1733.0,1706.0,0.0,4231440387,20294,951
827477062,2,320,27637,8786,410171769,410172,403984,532,-6727,7871,86,-254,155,34,29.15625,-0.04640611261129379,0.02720312774181366,0.9896289110183716,-1.4485220909118652,5.846565246582031,1.0297229290008545,0.5795584917068481,0.9395381808280945,2.2255682945251465,1500,1500,1452,1500,2000,1000,1000,1000,1480,1504,1512,1734,1705,1,1,1,1,1,1,1,0,1,1,0,0,stabilized_mix,-0.12582091987133026,0.14360299706459045,0.10112293809652328,-0.008636408485472202,0.015147116966545582,-0.5544004440307617,0.0,0.0,0.008636408485472202,-0.015147116966545582,0.0,0.0,0.0,0.0,0.0,0.0,0.0,0.0,0.0,0.0,0.0,0.13701286911964417,0.0,-0.0,-0.0,0.0,0.0,0.965492844581604,0.3013327419757843,0.18737684190273285,10.611004829406738,0.02839050441980362,-0.01765355095267296,0.0,0.0,-0.04784379154443741,0.011853590607643127,-0.01945328712463379,-0.005799960345029831,-0.12364824116230011,-0.002695808419957757,-4.4220476411283016e-05,10.613190650939941,5.527697563171387,5.085493087768555,1734.0,1705.0,0.0,3938842557,20294,951
827477062,2,320,27638,8786,410175799,410176,403988,544,7123,9345,1237,-88,-164,101,29.25,0.029040873050689697,-0.10118115693330765,0.9728567004203796,-2.7116284370422363,2.9010610580444336,-2.2584447860717773,0.618924081325531,0.9731507897377014,2.225512981414795,1500,1500,1452,1500,2000,1000,1000,1000,1480,1498,1496,1733,1706,1,1,1,1,1,1,1,0,1,1,0,0,stabilized_mix,-0.04438556730747223,0.06062514707446098,0.108390673995018,-0.008465704508125782,0.014537779614329338,-0.5534325242042542,0.0,0.0,0.008465704508125782,-0.014537779614329338,0.0,0.0,0.0,0.0,0.0,0.0,0.0,0.0,0.0,0.0,0.0,0.13699102401733398,0.0,-0.0,-0.0,0.0,0.0,0.9654710292816162,0.31371477246284485,0.19910597801208496,10.6116943359375,0.02955451048910618,-0.01876036450266838,0.0,0.0,-0.02373850904405117,0.022188439965248108,0.005816001445055008,0.003428075462579727,-0.1236453428864479,0.005912594962865114,-4.1206483729183674e-05,10.611936569213867,5.512000560760498,5.099936008453369,1733.0,1706.0,0.0,270945130,20294,951
827477062,2,320,27639,8786,410179831,410180,403992,540,-1391,7294,-3322,-111,13,119,29.21875,0.045745447278022766,0.10650136321783066,0.9756317138671875,-2.3260273933410645,4.49702262878418,1.0197199583053589,0.6207245588302612,0.9534572958946228,2.226292133331299,1500,1500,1452,1500,2000,1000,1000,1000,1480,1500,1505,1734,1705,1,1,1,1,1,1,1,0,1,1,0,0,stabilized_mix,-0.1047808900475502,0.05003960058093071,0.06543676555156708,-0.008832142688333988,0.014746753498911858,-0.552560567855835,0.0,0.0,0.008832142688333988,-0.014746753498911858,0.0,0.0,0.0,0.0,0.0,0.0,0.0,0.0,0.0,0.0,0.0,0.13699102401733398,0.0,-0.0,-0.0,0.0,0.0,0.9654710292816162,0.3074263036251068,0.2004348635673523,10.611358642578125,0.02896333485841751,-0.018885882571339607,0.0,0.0,-0.03679894655942917,0.019033784046769142,-0.007835611701011658,0.0001479014754295349,-0.12368613481521606,-0.0026696205604821444,-4.422455094754696e-05,10.611684799194336,5.526965618133545,5.084719657897949,1734.0,1705.0,0.0,3103130513,20295,952
827477062,2,320,27640,8786,410183866,410184,403996,542,-40,7862,2053,-197,76,-1,29.234375,-0.04225544258952141,-0.11197364330291748,0.9919004440307617,-1.4533169269561768,3.5551986694335938,-0.3778536319732666,0.572792112827301,0.9580650925636292,2.2219395637512207,1500,1500,1452,1500,2000,1000,1000,1000,1480,1504,1500,1733,1706,1,1,1,1,1,1,1,0,1,1,0,0,stabilized_mix,-0.09391748160123825,0.18567198514938354,0.06106354296207428,-0.009057062678039074,0.014826140366494656,-0.551697850227356,0.0,0.0,0.009057062678039074,-0.014826140366494656,0.0,0.0,0.0,0.0,0.0,0.0,0.0,0.0,0.0,0.0,0.0,0.13699102401733398,0.0,-0.0,-0.0,0.0,0.0,0.9654710292816162,0.309023916721344,0.1851470172405243,10.611295700073242,0.02911393716931343,-0.017446337267756462,0.0,0.0,-0.02909221313893795,0.011892501264810562,2.1724030375480652e-05,-0.0055538360029459,-0.12345823645591736,0.0009892185917124152,-4.28641214966774e-05,10.611459732055664,5.520050525665283,5.091409206390381,1733.0,1706.0,0.0,48707204,20295,952
827477062,2,320,27641,8786,410187924,410188,404000,540,3817,7141,-113,-36,-121,96,29.21875,0.07131890952587128,-0.0059951841831207275,0.9564188718795776,-2.8403801918029785,2.672504425048828,0.013024210929870605,0.6355814933776855,0.9808198809623718,2.2277426719665527,1500,1500,1452,1500,2000,1000,1000,1000,1480,1498,1495,1733,1706,1,1,1,1,1,1,1,0,1,1,0,0,stabilized_mix,-0.03864695131778717,0.029840102419257164,0.0648190975189209,-0.008925992995500565,0.014195363037288189,-0.5508934259414673,0.0,0.0,0.008925992995500565,-0.014195363037288189,0.0,0.0,0.0,0.0,0.0,0.0,0.0,0.0,0.0,0.0,0.0,0.13697680830955505,0.0,-0.0,-0.0,0.0,0.0,0.9654568433761597,0.31735917925834656,0.20511046051979065,10.611677169799805,0.02989768795669079,-0.01932572014629841,0.0,0.0,-0.021868333220481873,0.023242013528943062,0.008029354736208916,0.003916293382644653,-0.1237620860338211,-3.409730561543256e-05,-4.332861863076687e-05,10.612100601196289,5.522693634033203,5.089407444000244,1733.0,1706.0,0.0,2554991938,20295,952
827477062,2,320,27642,8786,410191931,410192,404004,544,-8302,7634,-832,-207,121,88,29.25,-0.012540366500616074,0.13104405999183655,0.9703598618507385,-1.5196993350982666,4.293304443359375,2.040764570236206,0.6032637357711792,0.9548072218894958,2.229091167449951,1500,1500,1452,1500,2000,1000,1000,1000,1480,1504,1504,1734,1705,1,1,1,1,1,1,1,0,1,1,0,0,stabilized_mix,-0.10590043663978577,0.10434158891439438,0.04852679744362831,-0.009179470129311085,0.014461597427725792,-0.5501338839530945,0.0,0.0,0.009179470129311085,-0.014461597427725792,0.0,0.0,0.0,0.0,0.0,0.0,0.0,0.0,0.0,0.0,0.0,0.13697680830955505,0.0,-0.0,-0.0,0.0,0.0,0.9654568433761597,0.30877697467803955,0.19559112191200256,10.611129760742188,0.029091140255331993,-0.01843021623790264,0.0,0.0,-0.03513268753886223,0.012435904704034328,-0.006041547283530235,-0.005994311533868313,-0.12383269518613815,-0.0053427089005708694,-4.5211403630673885e-05,10.6115140914917,5.531814098358154,5.079699993133545,1734.0,1705.0,0.0,706596848,20295,952
827477062,2,320,27643,8786,410195965,410196,404008,526,3702,9899,3365,-68,-90,15,29.109375,-0.0279025100171566,-0.136489138007164,0.9939547777175903,-2.2261438369750977,2.001077175140381,-1.717747688293457,0.5982229709625244,0.9738603234291077,2.2277894020080566,1500,1500,1452,1500,2000,1000,1000,1000,1480,1500,1492,1733,1706,1,1,1,1,1,1,1,0,1,1,0,0,stabilized_mix,-0.0559600368142128,0.13785786926746368,0.04652412608265877,-0.009055853821337223,0.013939614407718182,-0.5493841767311096,0.0,0.0,0.009055853821337223,-0.013939614407718182,0.0,0.0,0.0,0.0,0.0,0.0,0.0,0.0,0.0,0.0,0.0,0.13696756958961487,0.0,-0.0,-0.0,0.0,0.0,0.9654475450515747,0.3150753974914551,0.19317355751991272,10.611684799194336,0.029682643711566925,-0.018200231716036797,0.0,0.0,-0.01637422665953636,0.018215881660580635,0.013308417052030563,1.56499445438385e-05,-0.1237645298242569,0.004497053101658821,-4.174362402409315e-05,10.612625122070312,5.515030384063721,5.097594261169434,1733.0,1706.0,0.0,3570815371,20295,952
827477062,2,320,27644,8786,410199998,410200,404012,544,1503,8556,-2283,-86,6,229,29.25,0.0629725307226181,0.12722651660442352,0.9647131562232971,-3.655441999435425,3.4585771560668945,2.221290349960327,0.6596590876579285,0.9719379544258118,2.2351737022399902,1500,1500,1452,1500,2000,1000,1000,1000,1480,1494,1499,1734,1705,1,1,1,1,1,1,1,0,1,1,0,0,stabilized_mix,-0.05982224643230438,-0.02202204242348671,0.04416439309716225,-0.009342027828097343,0.014045066200196743,-0.5486935973167419,0.0,0.0,0.009342027828097343,-0.014045066200196743,0.0,0.0,0.0,0.0,0.0,0.0,0.0,0.0,0.0,0.0,0.0,0.13696756958961487,0.0,-0.0,-0.0,0.0,0.0,0.9654475450515747,0.3150917887687683,0.2132701426744461,10.611738204956055,0.0296840388327837,-0.020094845443964005,0.0,0.0,-0.02830037847161293,0.029911259189248085,0.0013836603611707687,0.00981641374528408,-0.12415117025375366,-0.00581532483920455,-4.5488239265978336e-05,10.612259864807129,5.533571243286133,5.078689098358154,1734.0,1705.0,0.0,463195706,20295,952
827477062,2,320,27645,8786,410204032,410204,404016,544,-4220,8000,-327,-139,165,-27,29.25,-0.026945993304252625,-0.04556833207607269,1.0005563497543335,-0.764042854309082,2.4868788719177246,1.408493995666504,0.5734782218933105,0.9608520865440369,2.235614776611328,1500,1500,1452,1500,2000,1000,1000,1000,1480,1507,1494,1734,1705,1,1,1,1,1,1,1,0,1,1,0,0,stabilized_mix,-0.08346165716648102,0.2053895741701126,0.014906163327395916,-0.009480668231844902,0.014253710396587849,-0.5480011105537415,0.0,0.0,0.009480668231844902,-0.014253710396587849,0.0,0.0,0.0,0.0,0.0,0.0,0.0,0.0,0.0,0.0,0.0,0.13696756958961487,0.0,-0.0,-0.0,0.0,0.0,0.9654475450515747,0.3116198182106018,0.18624699115753174,10.611228942871094,0.029358549043536186,-0.017549363896250725,0.0,0.0,-0.020350273698568344,0.0062522063963115215,0.009008275344967842,-0.011297157034277916,-0.12417427450418472,-0.0036874287761747837,-4.475156310945749e-05,10.612337112426758,5.529926300048828,5.08241081237793,1734.0,1705.0,0.0,315926494,20295,952
827477062,2,320,27646,8786,410207058,410208,404019,540,4937,8357,-1768,-50,-118,262,29.21875,0.06666023284196854,0.090494304895401,0.9539978504180908,-4.485935688018799,2.8737740516662598,0.3486475944519043,0.6812707185745239,0.9782958626747131,2.2410950660705566,1500,1500,1452,1500,2000,1000,1000,1000,1480,1490,1496,1734,1706,1,1,1,1,1,1,1,0,1,1,0,0,stabilized_mix,-0.03618112951517105,-0.0628097727894783,0.0521615669131279,-0.009188676252961159,0.013500580564141273,-0.5474706888198853,0.0,0.0,0.009188676252961159,-0.013500580564141273,0.0,0.0,0.0,0.0,0.0,0.0,0.0,0.0,0.0,0.0,0.0,0.13591158390045166,0.0,-0.0,-0.0,0.0,0.0,0.9643915891647339,0.3157781958580017,0.21801161766052246,10.613289833068848,0.02974431775510311,-0.0205380916595459,0.0,0.0,-0.023511694744229317,0.036701541393995285,0.0062326230108737946,0.016163449734449387,-0.12446121871471405,-0.000912757299374789,-4.388089291751385e-05,10.614883422851562,5.526845932006836,5.088037014007568,1734.0,1706.0,0.0,562190914,20295,952
827477062,2,320,27653,8792,410235298,410236,404047,548,14964,11788,1464,82,-182,199,29.28125,0.03370888903737068,-0.23399963974952698,0.9996092915534973,-6.198052406311035,-0.37141382694244385,-1.802718997001648,0.7408398985862732,0.9536959528923035,2.2779970169067383,1500,1500,1452,1500,2000,1000,1000,1000,1480,1482,1480,1734,1706,1,1,1,1,1,1,1,0,1,1,0,0,stabilized_mix,-0.0026986347511410713,0.0068726688623428345,0.041790418326854706,-0.009765926748514175,0.011428573168814182,-0.5429407358169556,0.0,0.0,0.009765926748514175,-0.011428573168814182,0.0,0.0,0.0,0.0,0.0,0.0,0.0,0.0,0.0,0.0,0.0,0.1360228955745697,0.0,-0.0,-0.0,0.0,0.0,0.9645029306411743,0.30942267179489136,0.2397078424692154,10.613851547241211,0.029144467785954475,-0.02256890758872032,0.0,0.0,0.0030385495629161596,0.05070648714900017,0.03218301758170128,0.028137579560279846,-0.1263934075832367,0.004719507414847612,-4.2585888877511024e-05,10.623556137084961,5.524707317352295,5.098848819732666,1734.0,1706.0,0.0,1708035558,20295,952
827477062,2,320,27654,8792,410239318,410240,404051,544,-8291,5855,-5633,-35,192,169,29.25,0.11136758327484131,0.29796621203422546,0.9337388277053833,-1.645085096359253,1.7658205032348633,5.051126956939697,0.7415757775306702,0.9291539788246155,2.288456439971924,1500,1500,1452,1500,2000,1000,1000,1000,1480,1506,1491,1735,1704,1,1,1,1,1,1,1,0,1,1,0,0,stabilized_mix,-0.056811414659023285,-0.0231504887342453,-0.01243952102959156,-0.010027183219790459,0.01173191424459219,-0.5424867868423462,0.0,0.0,0.010027183219790459,-0.01173191424459219,0.0,0.0,0.0,0.0,0.0,0.0,0.0,0.0,0.0,0.0,0.0,0.1360228955745697,0.0,-0.0,-0.0,0.0,0.0,0.9645029306411743,0.3029770851135254,0.24174624681472778,10.612382888793945,0.02854163944721222,-0.022773439064621925,0.0,0.0,-0.014448239468038082,0.013460362330079079,0.014093399979174137,-0.009313076734542847,-0.12694105505943298,-0.013223819434642792,-4.9057649448513985e-05,10.613897323608398,5.552237033843994,5.061660289764404,1735.0,1704.0,0.0,2363839893,20295,952
827477062,2,320,27655,8792,410243352,410244,404055,528,2498,10419,4673,-51,177,-121,29.125,-0.07375878840684891,-0.3064228296279907,1.060932993888855,-2.5645909309387207,-0.07143324613571167,1.046523094177246,0.6873707175254822,0.9395877718925476,2.2913360595703125,1500,1500,1455,1500,2000,1000,1000,1000,1482,1500,1481,1736,1707,1,1,1,1,1,1,1,0,1,1,0,0,stabilized_mix,-0.029967283830046654,0.252330482006073,-0.025078976526856422,-0.00994508620351553,0.011490543372929096,-0.5418714880943298,0.0,0.0,0.00994508620351553,-0.011490543372929096,0.0,0.0,0.0,0.0,0.0,0.0,0.0,0.0,0.0,0.0,0.0,0.1360228955745697,0.0,-0.0,-0.0,0.0,0.0,0.9127229452133179,0.3065387010574341,0.22399550676345825,10.675185203552246,0.02870718203485012,-0.020970746874809265,0.0,0.0,0.0005810402799397707,0.0208604633808136,0.029288223013281822,-0.0001102834939956665,-0.12709182500839233,-0.0027397910598665476,-4.544109106063843e-05,10.679765701293945,5.567088603973389,5.112677574157715,1736.0,1707.0,0.0,1324908045,20295,952
827477062,2,320,27656,8792,410247382,410248,404059,554,4639,5738,309,39,-180,399,29.328125,0.10319721698760986,0.15875257551670074,0.8881022334098816,-5.650170803070068,0.35138773918151855,1.2823474407196045,0.832862913608551,0.962552011013031,2.306211471557617,1500,1500,1452,1500,2000,1000,1000,1000,1480,1487,1483,1734,1705,1,1,1,1,1,1,1,0,1,1,0,0,stabilized_mix,0.05249457806348801,-0.15124428272247314,0.038539107888936996,-0.00952465832233429,0.010875127278268337,-0.5413941740989685,0.0,0.0,0.00952465832233429,-0.010875127278268337,0.0,0.0,0.0,0.0,0.0,0.0,0.0,0.0,0.0,0.0,0.0,0.13669753074645996,0.0,-0.0,0.0,0.0,0.0,0.9651775360107422,0.31306779384613037,0.27194803953170776,10.612415313720703,0.029491592198610306,-0.02561078406870365,0.0,0.0,-0.002875104546546936,0.0462305061519146,0.02661648765206337,0.020619722083210945,-0.12787070870399475,-0.003357177833095193,-4.59298025816679e-05,10.61843204498291,5.538864612579346,5.079566955566406,1734.0,1705.0,0.0,1603290148,20295,952
827477062,2,320,27657,8792,410251412,410252,404063,540,-14047,5446,-997,-159,318,-131,29.21875,-0.0463215671479702,0.05469897389411926,1.0070271492004395,0.2629415988922119,1.6986987590789795,4.121579647064209,0.6993880867958069,0.9248767495155334,2.3077268600463867,1500,1500,1452,1500,2000,1000,1000,1000,1480,1515,1491,1735,1704,1,1,1,1,1,1,1,0,1,1,0,0,stabilized_mix,-0.053642116487026215,0.25457268953323364,-0.056604452431201935,-0.009412427432835102,0.011197343468666077,-0.5408714413642883,0.0,0.0,0.009412427432835102,-0.011197343468666077,0.0,0.0,0.0,0.0,0.0,0.0,0.0,0.0,0.0,0.0,0.0,0.13669753074645996,0.0,-0.0,0.0,0.0,0.0,0.9651775360107422,0.30179357528686523,0.22792422771453857,10.611227989196777,0.02843330055475235,-0.0214739628136158,0.0,0.0,-0.013900551944971085,-0.0021516666747629642,0.014532748609781265,-0.023625629022717476,-0.127950057387352,-0.010790269821882248,-4.855915904045105e-05,10.615311622619629,5.550451755523682,5.064859867095947,1735.0,1704.0,0.0,3294920747,20296,953
827477062,2,320,27658,8792,410255452,410256,404067,556,14335,11300,2303,52,-198,260,29.34375,0.04677295684814453,-0.2057466357946396,0.9742913842201233,-6.738853931427002,-0.7107411026954651,-1.5146934986114502,0.8108662962913513,0.9855602383613586,2.316175937652588,1500,1500,1452,1500,2000,1000,1000,1000,1480,1481,1477,1734,1706,1,1,1,1,1,1,1,0,1,1,0,0,stabilized_mix,0.10812292248010635,0.015206895768642426,0.04751153290271759,-0.00884187687188387,0.010505635291337967,-0.5402737259864807,0.0,0.0,0.00884187687188387,-0.010505635291337967,0.0,0.0,0.0,0.0,0.0,0.0,0.0,0.0,0.0,0.0,0.0,0.1371360421180725,0.0,-0.0,0.0,0.0,0.0,0.9656160473823547,0.31957924365997314,0.26545512676239014,10.61225700378418,0.030105063691735268,-0.024992670863866806,0.0,0.0,0.005815471988171339,0.05513908341526985,0.035920534282922745,0.030146412551403046,-0.12839244306087494,0.003965458367019892,-4.3549458496272564e-05,10.623934745788574,5.529714584350586,5.094220161437988,1734.0,1706.0,0.0,855804277,20296,953
827477062,2,320,27659,8792,410259480,410260,404071,544,-9950,5478,-6391,-28,146,130,29.25,0.09261466562747955,0.3152945041656494,0.9452881217002869,-0.8773503303527832,1.4012746810913086,4.901126861572266,0.7935390472412109,0.9541046023368835,2.328418731689453,1500,1500,1452,1500,2000,1000,1000,1000,1480,1511,1489,1735,1704,1,1,1,1,1,1,1,0,1,1,0,0,stabilized_mix,0.014977697283029556,0.04024319350719452,-0.037964269518852234,-0.008711764588952065,0.01105813030153513,-0.5398736000061035,0.0,0.0,0.008711764588952065,-0.01105813030153513,0.0,0.0,0.0,0.0,0.0,0.0,0.0,0.0,0.0,0.0,0.0,0.1371360421180725,0.0,-0.0,0.0,0.0,0.0,0.9656160473823547,0.3115783929824829,0.25894635915756226,10.610727310180664,0.029356034472584724,-0.02439546026289463,0.0,0.0,-0.011467253789305687,0.007179747801274061,0.017888780683279037,-0.017215711995959282,-0.12903347611427307,-0.012831120751798153,-4.965264815837145e-05,10.613998413085938,5.555262565612793,5.0587358474731445,1735.0,1704.0,0.0,2737152588,20296,953
827477062,2,320,27660,8792,410263514,410264,404075,556,5957,12442,3173,-45,101,-84,29.34375,-0.04842150956392288,-0.3431548476219177,1.084457516670227,-3.249039649963379,-0.445212721824646,-0.4929546117782593,0.7328054904937744,0.9759021401405334,2.327418327331543,1500,1500,1452,1500,2000,1000,1000,1000,1480,1497,1479,1734,1705,1,1,1,1,1,1,1,0,1,1,0,0,stabilized_mix,0.055836569517850876,0.2952004373073578,-0.02045496553182602,-0.008294622413814068,0.010997838340699673,-0.5392398834228516,0.0,0.0,0.008294622413814068,-0.010997838340699673,0.0,0.0,0.0,0.0,0.0,0.0,0.0,0.0,0.0,0.0,0.0,0.1371360421180725,0.0,-0.0,0.0,0.0,0.0,0.9656160473823547,0.3167562186717987,0.23908129334449768,10.611685752868652,0.029840894043445587,-0.02251356840133667,0.0,0.0,0.003643044736236334,0.026585934683680534,0.03348393738269806,0.0040723662823438644,-0.1289810985326767,0.001290552201680839,-4.469172563403845e-05,10.617725372314453,5.532320976257324,5.085403919219971,1734.0,1705.0,0.0,2683935096,20296,953
827477062,2,320,27661,8792,410267547,410268,404079,550,4741,5398,-2266,86,-119,385,29.296875,0.1349455565214157,0.1898578405380249,0.8795792460441589,-4.834233283996582,-0.3230372667312622,2.18853759765625,0.8795798420906067,0.9924342036247253,2.3430442810058594,1500,1500,1452,1500,2000,1000,1000,1000,1480,1492,1479,1735,1705,1,1,1,1,1,1,1,0,1,1,0,0,stabilized_mix,0.0943424254655838,-0.11045902967453003,0.027063701301813126,-0.007890117354691029,0.010797198861837387,-0.5388262271881104,0.0,0.0,0.007890117354691029,-0.010797198861837387,0.0,0.0,0.0,0.0,0.0,0.0,0.0,0.0,0.0,0.0,0.0,0.13707107305526733,0.0,-0.0,0.0,0.0,0.0,0.9655510783195496,0.32281678915023804,0.2872772514820099,10.611654281616211,0.03041158989071846,-0.027050474658608437,0.0,0.0,0.0026433265302330256,0.03955722227692604,0.03305491805076599,0.012506747618317604,-0.1297992765903473,-0.005729577969759703,-4.743505269289017e-05,10.618284225463867,5.546317100524902,5.071966648101807,1735.0,1705.0,0.0,380036267,20296,953
827477062,2,320,27662,8792,410271578,410272,404083,538,-12475,6881,818,-135,371,-196,29.203125,-0.07386933267116547,-0.013549238443374634,1.0453442335128784,0.5189394950866699,1.1062923669815063,4.569854736328125,0.7274134159088135,0.9528221487998962,2.346092700958252,1500,1500,1455,1500,2000,1000,1000,1000,1482,1517,1487,1737,1706,1,1,1,1,1,1,1,0,1,1,0,0,stabilized_mix,-0.021477334201335907,0.3188822269439697,-0.07512637972831726,-0.007601243909448385,0.011261319741606712,-0.538317084312439,0.0,0.0,0.007601243909448385,-0.011261319741606712,0.0,0.0,0.0,0.0,0.0,0.0,0.0,0.0,0.0,0.0,0.0,0.13707107305526733,0.0,-0.0,0.0,0.0,0.0,0.9137710928916931,0.3119325041770935,0.23764851689338684,10.672844886779785,0.02921842783689499,-0.022258423268795013,0.0,0.0,-0.009000590071082115,-0.004221995826810598,0.020217837765812874,-0.0264804195612669,-0.1299588829278946,-0.011963851749897003,-4.9672904424369335e-05,10.678771018981934,5.58774995803833,5.0910210609436035,1737.0,1706.0,0.0,2335625737,20296,953
827477062,2,320,27663,8792,410275611,410276,404087,532,13732,11246,3561,84,-275,300,29.15625,0.046055592596530914,-0.1636665314435959,0.9537960290908813,-6.661935329437256,-1.7473053932189941,-1.9696335792541504,0.864986002445221,1.003880262374878,2.3554625511169434,1500,1500,1455,1500,2000,1000,1000,1000,1482,1482,1471,1736,1708,1,1,1,1,1,1,1,0,1,1,0,0,stabilized_mix,0.11178132146596909,-0.0045756995677948,0.04869844391942024,-0.0070918845012784,0.010608147829771042,-0.5377832055091858,0.0,0.0,0.0070918845012784,-0.010608147829771042,0.0,0.0,0.0,0.0,0.0,0.0,0.0,0.0,0.0,0.0,0.0,0.13702884316444397,0.0,-0.0,0.0,0.0,0.0,0.9137288331985474,0.3264402151107788,0.2828524708747864,10.674421310424805,0.030572010204195976,-0.02646540477871895,0.0,0.0,0.014213654212653637,0.05419227108359337,0.04478566348552704,0.02772686630487442,-0.13044947385787964,0.005156489089131355,-4.3852487578988075e-05,10.689244270324707,5.563884735107422,5.125360012054443,1736.0,1708.0,0.0,2598580995,20296,953
827477062,2,320,27664,8792,410279644,410280,404091,542,-13131,4968,-4119,-9,216,48,29.234375,0.04144134372472763,0.3183439075946808,0.9586578607559204,0.097034752368927,0.8372840285301208,5.248985290527344,0.8279309272766113,0.9552603363990784,2.363980770111084,1500,1500,1455,1500,2000,1000,1000,1000,1482,1517,1486,1738,1706,1,1,1,1,1,1,1,0,1,1,0,0,stabilized_mix,-0.019791405647993088,0.07808279991149902,-0.0688246637582779,-0.007021367084234953,0.01122318860143423,-0.5374546051025391,0.0,0.0,0.007021367084234953,-0.01122318860143423,0.0,0.0,0.0,0.0,0.0,0.0,0.0,0.0,0.0,0.0,0.0,0.13702884316444397,0.0,-0.0,0.0,0.0,0.0,0.9137288331985474,0.31276291608810425,0.27055519819259644,10.672786712646484,0.029296325519680977,-0.025338172912597656,0.0,0.0,-0.00681202532723546,-0.0007894610753282905,0.022484300658106804,-0.026127634570002556,-0.1308954954147339,-0.01374181266874075,-5.062308628112078e-05,10.679130554199219,5.59268045425415,5.08644962310791,1738.0,1706.0,0.0,803159266,20296,953
827477062,2,320,27671,8798,410307880,410308,404119,530,-919,6324,-4396,139,-67,285,29.140625,0.11663328856229782,0.2657085061073303,0.9225488305091858,-2.8466238975524902,-1.9817463159561157,2.0965523719787598,0.9780157804489136,0.9690781235694885,2.410799503326416,1500,1500,1475,1500,2000,1000,1000,1000,1499,1505,1472,1750,1720,1,1,1,1,1,1,1,0,1,1,0,0,stabilized_mix,0.035549916326999664,-0.1254478543996811,-0.060222022235393524,-0.004739617463201284,0.009699651040136814,-0.5348614454269409,0.0,0.0,0.004739617463201284,-0.009699651040136814,0.0,0.0,0.0,0.0,0.0,0.0,0.0,0.0,0.0,0.0,0.0,0.1389748454093933,0.0,-0.0,0.0,0.0,0.0,0.5704748630523682,0.3216187357902527,0.3283168077468872,11.084986686706543,0.029005765914916992,-0.029580162838101387,0.0,0.0,0.015523661859333515,0.022298527881503105,0.04452942684292793,-0.007281634956598282,-0.13334693014621735,-0.005488761700689793,-4.859245382249355e-05,11.096281051635742,5.791102886199951,5.305178642272949,1750.0,1720.0,0.0,3765518235,20296,953
827477062,2,320,27672,8798,410311915,410312,404123,552,-5847,10117,1361,-71,325,-132,29.3125,-0.07134148478507996,-0.11843933165073395,1.0728882551193237,-1.0094807147979736,-0.4767841100692749,3.2930006980895996,0.8511351346969604,0.9362370371818542,2.4115138053894043,1500,1500,1475,1500,2000,1000,1000,1000,1499,1511,1480,1750,1719,1,1,1,1,1,1,1,0,1,1,0,0,stabilized_mix,-0.03780575096607208,0.24621659517288208,-0.11671426892280579,-0.004567940253764391,0.009738196618855,-0.5345754027366638,0.0,0.0,0.004567940253764391,-0.009738196618855,0.0,0.0,0.0,0.0,0.0,0.0,0.0,0.0,0.0,0.0,0.0,0.1389748454093933,0.0,-0.0,0.0,0.0,0.0,0.5704748630523682,0.31214475631713867,0.28467029333114624,11.084973335266113,0.028151830658316612,-0.025662049651145935,0.0,0.0,0.003734809113666415,0.007907599210739136,0.031886640936136246,-0.0177544504404068,-0.1333843171596527,-0.008621055632829666,-4.970189183950424e-05,11.09235954284668,5.794689178466797,5.297670364379883,1750.0,1719.0,0.0,2179889737,20296,953
827477062,2,320,27673,8798,410315949,410316,404127,534,11407,9360,1342,171,-197,306,29.171875,0.07211188971996307,-0.04733911156654358,0.9544271230697632,-5.378727912902832,-3.487374782562256,-0.6372501850128174,0.9874986410140991,0.9629117846488953,2.4226059913635254,1500,1500,1475,1500,2000,1000,1000,1000,1499,1492,1464,1749,1721,1,1,1,1,1,1,1,0,1,1,0,0,stabilized_mix,0.05939951539039612,-0.09238684922456741,-0.050675470381975174,-0.004380257334560156,0.009068261831998825,-0.5343984365463257,0.0,0.0,0.004380257334560156,-0.009068261831998825,0.0,0.0,0.0,0.0,0.0,0.0,0.0,0.0,0.0,0.0,0.0,0.1403663158416748,0.0,-0.0,0.0,0.0,0.0,0.5718663334846497,0.31632983684539795,0.33548420667648315,11.083840370178223,0.028531987220048904,-0.030211471021175385,0.0,0.0,0.027320565655827522,0.04213768243789673,0.055852554738521576,0.011926211416721344,-0.13396510481834412,0.0016683171270415187,-4.630384501069784e-05,11.101940155029297,5.78248929977417,5.319450855255127,1749.0,1721.0,0.0,1644456023,20296,953
827477062,2,320,27674,8798,410319982,410320,404131,556,-11762,5596,-3137,37,211,-45,29.34375,0.0043612197041511536,0.18942350149154663,1.000690221786499,0.11754781007766724,-0.87166428565979,4.546501636505127,0.9071841835975647,0.9024825692176819,2.4292845726013184,1500,1500,1477,1500,2000,1000,1000,1000,1501,1518,1478,1752,1720,1,1,1,1,1,1,1,0,1,1,0,0,stabilized_mix,-0.0786558985710144,0.11176704615354538,-0.14732612669467926,-0.00447504548355937,0.009409257210791111,-0.5343126058578491,0.0,0.0,0.00447504548355937,-0.009409257210791111,0.0,0.0,0.0,0.0,0.0,0.0,0.0,0.0,0.0,0.0,0.0,0.1403663158416748,0.0,-0.0,0.0,0.0,0.0,0.537346363067627,0.30101871490478516,0.3031490743160248,11.124479293823242,0.02705252729356289,-0.027228280901908875,0.0,0.0,0.006803789176046848,-0.0009175213053822517,0.03385631740093231,-0.02814580127596855,-0.13431480526924133,-0.011902714148163795,-5.1176175475120544e-05,11.135268211364746,5.823514938354492,5.311753273010254,1752.0,1720.0,0.0,2933358678,20296,953
827477062,2,320,27675,8798,410324013,410324,404135,540,8089,10741,4677,-15,-39,89,29.21875,-0.039146870374679565,-0.26120007038116455,1.0197592973709106,-4.351186275482178,-2.475468873977661,-1.3490941524505615,0.9200560450553894,0.9195240139961243,2.4294114112854004,1500,1500,1477,1500,2000,1000,1000,1000,1501,1496,1470,1750,1722,1,1,1,1,1,1,1,0,1,1,0,0,stabilized_mix,0.0010396838188171387,0.12784411013126373,-0.08872048556804657,-0.004414617549628019,0.009049991145730019,-0.5341364145278931,0.0,0.0,0.004414617549628019,-0.009049991145730019,0.0,0.0,0.0,0.0,0.0,0.0,0.0,0.0,0.0,0.0,0.0,0.1403663158416748,0.0,-0.0,0.0,0.0,0.0,0.537346363067627,0.3036686182022095,0.3123458921909332,11.125329971313477,0.027288470417261124,-0.028037363663315773,0.0,0.0,0.019320834428071976,0.03396065533161163,0.0466093048453331,0.00592329166829586,-0.1343214362859726,0.0035319204907864332,-4.57763671875e-05,11.13762092590332,5.79769229888916,5.33992862701416,1750.0,1722.0,0.0,983752366,20297,954
827477062,2,320,27676,8798,410328046,410328,404139,532,-3356,5628,-3412,144,-55,204,29.15625,0.09291556477546692,0.24727967381477356,0.9322910904884338,-2.2199394702911377,-2.532327890396118,2.9342384338378906,0.9876438975334167,0.8956595063209534,2.4438514709472656,1500,1500,1479,1500,2000,1000,1000,1000,1502,1508,1471,1753,1722,1,1,1,1,1,1,1,0,1,1,0,0,stabilized_mix,-0.030181262642145157,-0.06660514324903488,-0.12306755036115646,-0.004489728715270758,0.009084110148251057,-0.5341780185699463,0.0,0.0,0.004489728715270758,-0.009084110148251057,0.0,0.0,0.0,0.0,0.0,0.0,0.0,0.0,0.0,0.0,0.0,0.14302074909210205,0.0,-0.0,0.0,0.0,0.0,0.5054807662963867,0.2947363257408142,0.33534348011016846,11.163052558898926,0.02639671042561531,-0.029999570921063423,0.0,0.0,0.019697824493050575,0.017267897725105286,0.046094536781311035,-0.012731673195958138,-0.13507752120494843,-0.007681818213313818,-4.99658053740859e-05,11.175827980041504,5.837743282318115,5.338085174560547,1753.0,1722.0,0.0,1213411318,20297,954
827477062,2,320,27677,8798,410331139,410332,404142,554,5225,10450,4192,-36,53,41,29.328125,-0.048649922013282776,-0.24776294827461243,1.0308310985565186,-3.6276302337646484,-2.1502084732055664,-0.1402524709701538,0.9064456820487976,0.892450749874115,2.442692279815674,1500,1500,1480,1500,2000,1000,1000,1000,1503,1500,1473,1752,1723,1,1,1,1,1,1,1,0,1,1,0,0,stabilized_mix,-0.01106950268149376,0.17207272350788116,-0.11842536926269531,-0.004411752335727215,0.008984246291220188,-0.5340867638587952,0.0,0.0,0.004411752335727215,-0.008984246291220188,0.0,0.0,0.0,0.0,0.0,0.0,0.0,0.0,0.0,0.0,0.0,0.14302074909210205,0.0,-0.0,0.0,0.0,0.0,0.488220751285553,0.2943029999732971,0.3111053705215454,11.184206008911133,0.02630809135735035,-0.027783626690506935,0.0,0.0,0.016693858429789543,0.02816431038081646,0.04300194978713989,0.00038068369030952454,-0.13501682877540588,0.0003671801241580397,-4.712736699730158e-05,11.194555282592773,5.83291482925415,5.361640930175781,1752.0,1723.0,0.0,3684474134,20297,954
827477062,2,320,27678,8798,410335255,410336,404146,548,-117,6457,-3093,183,-108,235,29.28125,0.10507941991090775,0.20136016607284546,0.932415246963501,-2.840566635131836,-3.3671364784240723,1.6394455432891846,0.9849904179573059,0.8785070776939392,2.4554190635681152,1500,1500,1480,1500,2000,1000,1000,1000,1503,1505,1467,1753,1723,1,1,1,1,1,1,1,0,1,1,0,0,stabilized_mix,-0.004329949617385864,-0.07905876636505127,-0.1286097764968872,-0.0044323294423520565,0.008815149776637554,-0.5341797471046448,0.0,0.0,0.0044323294423520565,-0.008815149776637554,0.0,0.0,0.0,0.0,0.0,0.0,0.0,0.0,0.0,0.0,0.0,0.14649614691734314,0.0,-0.0,0.0,0.0,0.0,0.49169614911079407,0.2837695777416229,0.33885639905929565,11.179828643798828,0.025376835837960243,-0.030260153114795685,0.0,0.0,0.026152117177844048,0.02206231653690338,0.05152895301580429,-0.008197836577892303,-0.13568319380283356,-0.004292058292776346,-4.899129271507263e-05,11.195063591003418,5.8424882888793945,5.352575302124023,1753.0,1723.0,0.0,2089811878,20297,954
827477062,2,320,27679,8798,410339204,410340,404150,530,-6418,9692,110,-13,302,-64,29.140625,-0.03811457008123398,-0.044336721301078796,1.0595147609710693,-1.1542500257492065,-1.2817893028259277,3.3115739822387695,0.8913859724998474,0.8527345061302185,2.4565467834472656,1500,1500,1480,1500,2000,1000,1000,1000,1503,1512,1478,1753,1722,1,1,1,1,1,1,1,0,1,1,0,0,stabilized_mix,-0.05491719767451286,0.21382196247577667,-0.18328453600406647,-0.004409549757838249,0.008927074261009693,-0.5342035889625549,0.0,0.0,0.004409549757838249,-0.008927074261009693,0.0,0.0,0.0,0.0,0.0,0.0,0.0,0.0,0.0,0.0,0.0,0.14649614691734314,0.0,-0.0,0.0,0.0,0.0,0.49169614911079407,0.2819305658340454,0.3024521470069885,11.179706573486328,0.025212720036506653,-0.02703036367893219,0.0,0.0,0.009955601766705513,0.008965009823441505,0.03516831994056702,-0.018065353855490685,-0.13574224710464478,-0.008669680915772915,-5.0544156692922115e-05,11.18844985961914,5.846945762634277,5.341504096984863,1753.0,1722.0,0.0,631156726,20297,954
827477062,2,320,27680,8798,410343235,410344,404154,550,10285,9996,1252,183,-148,202,29.296875,0.066525898873806,-0.08821339905261993,0.9856489300727844,-4.161550998687744,-4.6152496337890625,-0.6067236661911011,0.9796974658966064,0.8753806948661804,2.4665064811706543,1500,1500,1482,1500,2000,1000,1000,1000,1505,1499,1462,1765,1736,1,1,1,1,1,1,1,0,1,1,0,0,stabilized_mix,0.05620240792632103,-0.019124045968055725,-0.13730494678020477,-0.004371593240648508,0.00870191678404808,-0.5343260169029236,0.0,0.0,0.004371593240648508,-0.00870191678404808,0.0,0.0,0.0,0.0,0.0,0.0,0.0,0.0,0.0,0.0,0.0,0.14649614691734314,0.0,-0.0,0.0,0.0,0.0,0.14649614691734314,0.2848370671272278,0.34801119565963745,11.594315528869629,0.024562017992138863,-0.02995426021516323,0.0,0.0,0.03456458821892738,0.031166741624474525,0.059126608073711395,0.0012124814093112946,-0.13626372814178467,0.0015883989399299026,-4.713633097708225e-05,11.614620208740234,6.042992115020752,5.571628570556641,1765.0,1736.0,0.0,1981820914,20297,954
827477062,2,320,27681,8798,410347241,410348,404158,538,-7628,5928,-3111,116,133,22,29.203125,0.047461576759815216,0.16919468343257904,1.0000892877578735,-0.7566356658935547,-2.314188003540039,4.218609809875488,0.9274771809577942,0.8360595107078552,2.474679946899414,1500,1500,1482,1500,2000,1000,1000,1000,1505,1514,1474,1766,1735,1,1,1,1,1,1,1,0,1,1,0,0,stabilized_mix,-0.022408585995435715,0.0713169127702713,-0.21000006794929504,-0.004227891564369202,0.00883469358086586,-0.5345213413238525,0.0,0.0,0.004227891564369202,-0.00883469358086586,0.0,0.0,0.0,0.0,0.0,0.0,0.0,0.0,0.0,0.0,0.0,0.1505051553249359,0.0,-0.0,0.0,0.0,0.0,0.1505051553249359,0.2766900658607483,0.3208739757537842,11.589061737060547,0.023870568722486496,-0.027657097205519676,0.0,0.0,0.017339304089546204,0.005669174250215292,0.0412098728120327,-0.021987922489643097,-0.13669168949127197,-0.011044294573366642,-5.17076114192605e-05,11.601714134216309,6.059394836425781,5.542318820953369,1766.0,1735.0,0.0,2477740416,20297,954
827477062,2,320,27682,8798,410351241,410352,404162,556,2851,9410,3546,-26,78,48,29.34375,-0.04520955681800842,-0.1720050722360611,1.0202858448028564,-2.8580758571624756,-2.8971872329711914,-0.16668462753295898,0.9274240136146545,0.8401445746421814,2.475325107574463,1500,1500,1482,1500,2000,1000,1000,1000,1505,1504,1471,1765,1736,1,1,1,1,1,1,1,0,1,1,0,0,stabilized_mix,0.018810421228408813,0.13396954536437988,-0.17641668021678925,-0.004035985097289085,0.00861215591430664,-0.5346750617027283,0.0,0.0,0.004035985097289085,-0.00861215591430664,0.0,0.0,0.0,0.0,0.0,0.0,0.0,0.0,0.0,0.0,0.0,0.1505051553249359,0.0,-0.0,0.0,0.0,0.0,0.1505051553249359,0.2751159369945526,0.3290358781814575,11.589361190795898,0.023734206333756447,-0.02835429087281227,0.0,0.0,0.021706927567720413,0.021413888782262802,0.04544113576412201,-0.006940402090549469,-0.13672547042369843,0.0004363793705124408,-4.770117811858654e-05,11.601616859436035,6.039314270019531,5.562302589416504,1765.0,1736.0,0.0,2828589805,20297,954
827477062,2,320,27689,8804,410379471,410380,404190,568,-5640,10158,-934,77,212,80,29.4375,-0.009742651134729385,0.08680780977010727,1.0488289594650269,-1.917229413986206,-3.1494317054748535,3.196066379547119,0.9555937647819519,0.7081977725028992,2.518263339996338,1500,1500,1485,1500,2000,1000,1000,1000,1507,1510,1473,1765,1734,1,1,1,1,1,1,1,0,1,1,0,0,stabilized_mix,-0.059854209423065186,0.06282678246498108,-0.3440666198730469,-0.00373294809833169,0.007238344755023718,-0.5382395386695862,0.0,0.0,0.00373294809833169,-0.007238344755023718,0.0,0.0,0.0,0.0,0.0,0.0,0.0,0.0,0.0,0.0,0.0,0.16675052046775818,0.0,-0.0,0.0,0.0,0.0,0.16675052046775818,0.21749842166900635,0.3418482542037964,11.569981575012207,0.018796296790242195,-0.029510971158742905,0.0,0.0,0.02363637275993824,0.014388738200068474,0.042432669550180435,-0.01512223295867443,-0.13897371292114258,-0.008367282338440418,-5.15693100169301e-05,11.581729888916016,6.04871129989624,5.533018589019775,1765.0,1734.0,0.0,3784069990,20297,954
827477062,2,320,27690,8804,410383502,410384,404194,552,3333,10724,3226,133,-81,58,29.3125,-9.3899667263031e-05,-0.10546019673347473,1.0615131855010986,-2.3220324516296387,-4.987236976623535,-1.0347981452941895,0.9592421650886536,0.715711772441864,2.5207533836364746,1500,1500,1485,1500,2000,1000,1000,1000,1507,1508,1465,1764,1735,1,1,1,1,1,1,1,0,1,1,0,0,stabilized_mix,0.012281693518161774,0.074098140001297,-0.3533993363380432,-0.0037072699051350355,0.007013494614511728,-0.5390577912330627,0.0,0.0,0.0037072699051350355,-0.007013494614511728,0.0,0.0,0.0,0.0,0.0,0.0,0.0,0.0,0.0,0.0,0.0,0.16675052046775818,0.0,-0.0,0.0,0.0,0.0,0.16675052046775818,0.20567092299461365,0.34553247690200806,11.570261001586914,0.017773952335119247,-0.02980952151119709,0.0,0.0,0.037428129464387894,0.017426349222660065,0.05520208179950714,-0.012383172288537025,-0.13910409808158875,0.0027090951334685087,-4.7738198190927505e-05,11.588800430297852,6.0330915451049805,5.555709362030029,1764.0,1735.0,0.0,1719249891,20297,954
827477062,2,320,27691,8804,410387534,410388,404198,544,1203,6321,-2588,149,-49,166,29.25,0.0650644302368164,0.08765766024589539,0.9956862330436707,-3.2580246925354004,-3.8809189796447754,1.805021047592163,1.0017210245132446,0.6919851899147034,2.5283031463623047,1500,1500,1485,1500,2000,1000,1000,1000,1507,1505,1470,1765,1734,1,1,1,1,1,1,1,0,1,1,0,0,stabilized_mix,-0.007195113226771355,-0.04768293723464012,-0.359368234872818,-0.003801543964073062,0.006657436024397612,-0.5399650931358337,0.0,0.0,0.003801543964073062,-0.006657436024397612,0.0,0.0,0.0,0.0,0.0,0.0,0.0,0.0,0.0,0.0,0.0,0.17417052388191223,0.0,-0.0,0.0,0.0,0.0,0.17417052388191223,0.2000233232975006,0.3727329671382904,11.561041831970215,0.017299769446253777,-0.032194532454013824,0.0,0.0,0.029148679226636887,0.024470264092087746,0.046448446810245514,-0.007724268361926079,-0.13949939608573914,-0.0047255344688892365,-5.047873128205538e-05,11.573868751525879,6.039328098297119,5.53454065322876,1765.0,1734.0,0.0,3524717436,20297,954
827477062,2,320,27692,8804,410391567,410392,404202,552,-5487,6078,-43,36,142,29,29.3125,-0.018628470599651337,0.025625385344028473,1.0075665712356567,-1.347031593322754,-3.7429890632629395,0.9607303142547607,0.9522240161895752,0.676219642162323,2.526852607727051,1500,1500,1487,1500,2000,1000,1000,1000,1509,1512,1471,1765,1734,1,1,1,1,1,1,1,0,1,1,0,0,stabilized_mix,-0.009268602356314659,0.08938997983932495,-0.3807409703731537,-0.0036713124718517065,0.006601387169212103,-0.5409023761749268,0.0,0.0,0.0036713124718517065,-0.006601387169212103,0.0,0.0,0.0,0.0,0.0,0.0,0.0,0.0,0.0,0.0,0.0,0.17417052388191223,0.0,-0.0,0.0,0.0,0.0,0.17417052388191223,0.19595074653625488,0.3378449082374573,11.561253547668457,0.016947295516729355,-0.029184220358729362,0.0,0.0,0.028112204745411873,0.010117055848240852,0.04505950212478638,-0.01906716451048851,-0.1394234448671341,-0.002515186322852969,-4.967849235981703e-05,11.575104713439941,6.035944938659668,5.539159774780273,1765.0,1734.0,0.0,418115191,20297,954
827477062,2,320,27693,8804,410395601,410396,404206,522,5334,9681,603,216,-152,49,29.078125,0.05747324973344803,-0.09829068928956985,1.0226629972457886,-2.8715484142303467,-5.441259384155273,-1.0190438032150269,0.9873372316360474,0.6856852173805237,2.531604766845703,1500,1500,1487,1500,2000,1000,1000,1000,1509,1506,1464,1764,1735,1,1,1,1,1,1,1,0,1,1,0,0,stabilized_mix,0.056858472526073456,0.015241850167512894,-0.37081778049468994,-0.0034330233465880156,0.006051251199096441,-0.5418627262115479,0.0,0.0,0.0034330233465880156,-0.006051251199096441,0.0,0.0,0.0,0.0,0.0,0.0,0.0,0.0,0.0,0.0,0.0,0.18214347958564758,0.0,-0.0,0.0,0.0,0.0,0.18214347958564758,0.17527827620506287,0.3677476942539215,11.551788330078125,0.015172095037996769,-0.031773969531059265,0.0,0.0,0.04090077430009842,0.021584808826446533,0.056072868406772614,-0.010189160704612732,-0.13967226445674896,0.0026678505819290876,-4.795158747583628e-05,11.570572853088379,6.0250444412231445,5.545528411865234,1764.0,1735.0,0.0,617865828,20298,955
827477062,2,320,27694,8804,410399634,410400,404210,548,-3887,8785,-1659,88,71,174,29.28125,0.046314142644405365,0.1676487773656845,1.0124202966690063,-2.5289430618286133,-3.550584554672241,2.030613660812378,1.008795976638794,0.6593605875968933,2.5345358848571777,1500,1500,1487,1500,2000,1000,1000,1000,1509,1508,1473,1764,1734,1,1,1,1,1,1,1,0,1,1,0,0,stabilized_mix,0.0232255756855011,-0.04905000701546669,-0.39938250184059143,-0.0033085166942328215,0.005984621122479439,-0.5429437160491943,0.0,0.0,0.0033085166942328215,-0.005984621122479439,0.0,0.0,0.0,0.0,0.0,0.0,0.0,0.0,0.0,0.0,0.0,0.18214347958564758,0.0,-0.0,0.0,0.0,0.0,0.18214347958564758,0.18653595447540283,0.371951162815094,11.551383972167969,0.016146961599588394,-0.03215907886624336,0.0,0.0,0.026689913123846054,0.019010186195373535,0.04283687472343445,-0.013148892670869827,-0.1398257464170456,-0.005316134542226791,-5.079968832433224e-05,11.562990188598633,6.035493850708008,5.527496814727783,1764.0,1734.0,0.0,3609048559,20298,955
827477062,2,320,27695,8804,410403668,410404,404214,538,-1736,9367,1892,101,47,-38,29.203125,-0.03243151679635048,-0.093920037150383,1.0683798789978027,-1.1468857526779175,-4.81059455871582,-0.1371922492980957,0.9493400454521179,0.6474838852882385,2.5330238342285156,1500,1500,1487,1500,2000,1000,1000,1000,1509,1513,1468,1764,1735,1,1,1,1,1,1,1,0,1,1,0,0,stabilized_mix,0.024096734821796417,0.13053368031978607,-0.43570831418037415,-0.003055244218558073,0.005819721147418022,-0.5440340042114258,0.0,0.0,0.003055244218558073,-0.005819721147418022,0.0,0.0,0.0,0.0,0.0,0.0,0.0,0.0,0.0,0.0,0.0,0.18214347958564758,0.0,-0.0,0.0,0.0,0.0,0.18214347958564758,0.16900396347045898,0.33632692694664,11.551912307739258,0.014628911390900612,-0.029068661853671074,0.0,0.0,0.036159809678792953,0.008620800450444221,0.050788722932338715,-0.020447861403226852,-0.13974657654762268,0.00035916847991757095,-4.878558684140444e-05,11.569245338439941,6.028550624847412,5.540694713592529,1764.0,1735.0,0.0,2941570791,20298,955
827477062,2,320,27696,8804,410407703,410408,404218,538,7226,7750,-617,177,-190,204,29.203125,0.06918369978666306,-0.014750763773918152,0.9968553781509399,-4.275274276733398,-4.533215045928955,-1.1144030094146729,1.027729868888855,0.65779048204422,2.5367484092712402,1500,1500,1487,1500,2000,1000,1000,1000,1509,1502,1469,1763,1734,1,1,1,1,1,1,1,0,1,1,0,0,stabilized_mix,0.08060622215270996,-0.06935727596282959,-0.4086986184120178,-0.002741733333095908,0.005300528835505247,-0.5451969504356384,0.0,0.0,0.002741733333095908,-0.005300528835505247,0.0,0.0,0.0,0.0,0.0,0.0,0.0,0.0,0.0,0.0,0.0,0.19467589259147644,0.0,-0.0,0.0,0.0,0.0,0.19467589259147644,0.16149085760116577,0.40959158539772034,11.536152839660645,0.013997760601341724,-0.035449087619781494,0.0,0.0,0.034121379256248474,0.03217986598610878,0.048119138926267624,-0.0032692216336727142,-0.13994160294532776,0.002917500212788582,-4.7958455979824066e-05,11.549583435058594,6.014583587646484,5.534999370574951,1763.0,1734.0,0.0,1941767502,20298,955
827477062,2,320,27697,8804,410411736,410412,404222,534,-8512,6121,-2165,75,182,33,29.171875,0.023305779322981834,0.14198346436023712,1.017217755317688,-0.6292216181755066,-3.7383182048797607,2.217434883117676,0.9781724214553833,0.6247944235801697,2.535670757293701,1500,1500,1487,1500,2000,1000,1000,1000,1509,1516,1473,1764,1733,1,1,1,1,1,1,1,0,1,1,0,0,stabilized_mix,0.020556485280394554,0.05442259460687637,-0.4702974855899811,-0.0025275941006839275,0.0053929612040519714,-0.5464691519737244,0.0,0.0,0.0025275941006839275,-0.0053929612040519714,0.0,0.0,0.0,0.0,0.0,0.0,0.0,0.0,0.0,0.0,0.0,0.19467589259147644,0.0,-0.0,0.0,0.0,0.0,0.19467589259147644,0.16085819900035858,0.34272727370262146,11.536690711975098,0.013942280784249306,-0.02967257983982563,0.0,0.0,0.028136905282735825,0.004735912661999464,0.04207918792963028,-0.02493666671216488,-0.13988517224788666,-0.00580523069947958,-5.099165719002485e-05,11.55050277709961,6.030209541320801,5.520293235778809,1764.0,1733.0,0.0,620373727,20298,955
827477062,2,320,27698,8804,410415769,410416,404226,544,5324,11050,2301,173,-135,-22,29.25,0.007076036185026169,-0.20265015959739685,1.0670440196990967,-2.504337787628174,-5.428109169006348,-2.6205074787139893,0.9761919379234314,0.6324142813682556,2.5337395668029785,1500,1500,1487,1500,2000,1000,1000,1000,1509,1509,1468,1762,1734,1,1,1,1,1,1,1,0,1,1,0,0,stabilized_mix,0.06923579424619675,0.10021305084228516,-0.4575389623641968,-0.002332643372938037,0.004697174299508333,-0.5477125644683838,0.0,0.0,0.002332643372938037,-0.004697174299508333,0.0,0.0,0.0,0.0,0.0,0.0,0.0,0.0,0.0,0.0,0.0,0.21577200293540955,0.0,-0.0,0.0,0.0,0.0,0.21577200293540955,0.1077253669500351,0.38170039653778076,11.511539459228516,0.009357759729027748,-0.033104028552770615,0.0,0.0,0.04094458743929863,0.0188903845846653,0.05030234903097153,-0.014213643968105316,-0.1397840529680252,0.0068604727275669575,-4.6523287892341614e-05,11.527283668518066,5.99625825881958,5.531025409698486,1762.0,1734.0,0.0,3798840985,20298,955
827477062,2,320,27699,8804,410419800,410420,404230,544,260,7413,-693,154,-38,274,29.25,0.06457069516181946,0.18351233005523682,0.9866564273834229,-3.4650657176971436,-4.051247596740723,0.9113137722015381,1.055201768875122,0.6221098303794861,2.535581111907959,1500,1500,1487,1500,2000,1000,1000,1000,1509,1507,1473,1763,1733,1,1,1,1,1,1,1,0,1,1,0,0,stabilized_mix,0.06467362493276596,-0.12223340570926666,-0.4700598418712616,-0.0021366302389651537,0.004565099254250526,-0.5491393804550171,0.0,0.0,0.0021366302389651537,-0.004565099254250526,0.0,0.0,0.0,0.0,0.0,0.0,0.0,0.0,0.0,0.0,0.0,0.21577200293540955,0.0,-0.0,0.0,0.0,0.0,0.21577200293540955,0.13080944120883942,0.42869675159454346,11.510550498962402,0.011363819241523743,-0.037193916738033295,0.0,0.0,0.030561452731490135,0.026139462366700172,0.04192527383565903,-0.011054454371333122,-0.1398804783821106,-0.002385813742876053,-4.979316145181656e-05,11.521378517150879,6.009655475616455,5.511723518371582,1763.0,1733.0,0.0,2143827056,20298,955
827477062,2,320,27700,8804,410423834,410424,404234,556,-7636,8362,-324,38,128,-104,29.34375,-0.010441342368721962,-0.012447357177734375,1.0808745622634888,0.09058248996734619,-4.036337375640869,0.6229467391967773,0.9560847878456116,0.5923052430152893,2.5314645767211914,1500,1500,1487,1500,2000,1000,1000,1000,1509,1518,1474,1763,1733,1,1,1,1,1,1,1,0,1,1,0,0,stabilized_mix,0.014412127435207367,0.1598316729068756,-0.5303332209587097,-0.001910630613565445,0.004571185447275639,-0.5505459308624268,0.0,0.0,0.001910630613565445,-0.004571185447275639,0.0,0.0,0.0,0.0,0.0,0.0,0.0,0.0,0.0,0.0,0.0,0.21577200293540955,0.0,-0.0,0.0,0.0,0.0,0.21577200293540955,0.12105350941419601,0.32393592596054077,11.511855125427246,0.010515164583921432,-0.028108326718211174,0.0,0.0,0.0304455254226923,-0.0006832509534433484,0.04096069186925888,-0.028791578486561775,-0.1396649181842804,-0.0016308707417920232,-4.945357795804739e-05,11.52629566192627,6.010415554046631,5.5158796310424805,1763.0,1733.0,0.0,1663483859,20298,955
827477062,2,320,27707,8810,410451055,410452,404261,542,-13501,5717,-4158,25,88,-66,29.234375,0.039283692836761475,0.21116818487644196,1.0309391021728516,1.3223332166671753,-2.5690064430236816,0.6487376689910889,0.9973236322402954,0.6066606640815735,2.496351718902588,1500,1500,1487,1500,2000,1000,1000,1000,1509,1523,1481,1760,1730,1,1,1,1,1,1,1,0,1,1,0,0,stabilized_mix,0.07636535167694092,0.11839713156223297,-0.5086472034454346,-0.001337419613264501,0.003377051092684269,-0.5601186156272888,0.0,0.0,0.001337419613264501,-0.003377051092684269,0.0,0.0,0.0,0.0,0.0,0.0,0.0,0.0,0.0,0.0,0.0,0.28840747475624084,0.0,-0.0,0.0,0.0,0.0,0.28840747475624084,0.11386857181787491,0.2913016080856323,11.425297737121582,0.00996602512896061,-0.025479592382907867,0.0,0.0,0.019524456933140755,-0.010049736127257347,0.029490482062101364,-0.035529330372810364,-0.13782642781734467,-0.00169839127920568,-4.883366636931896e-05,11.437485694885254,5.962911128997803,5.474574565887451,1760.0,1730.0,0.0,627681854,20298,955
827477062,2,320,27708,8810,410455155,410456,404265,536,10152,12846,3490,147,-253,-3,29.1875,-0.017128661274909973,-0.3170665502548218,1.0778435468673706,-3.540055274963379,-5.315823554992676,-7.613744258880615,1.0053343772888184,0.6451616883277893,2.4755539894104004,1500,1500,1487,1500,2000,1000,1000,1000,1509,1509,1472,1758,1733,1,1,1,1,1,1,1,0,1,1,0,0,stabilized_mix,0.16107936203479767,0.16259372234344482,-0.42561230063438416,-0.0006128304521553218,0.0030366601422429085,-0.5612829327583313,0.0,0.0,0.0006128304521553218,-0.0030366601422429085,0.0,0.0,0.0,0.0,0.0,0.0,0.0,0.0,0.0,0.0,0.0,0.28840747475624084,0.0,-0.0,0.0,0.0,0.0,0.28840747475624084,0.033757392317056656,0.46373140811920166,11.423628807067871,0.002955041127279401,-0.04053368419408798,0.0,0.0,0.040406178683042526,0.026908360421657562,0.04336122050881386,-0.01362532377243042,-0.13673746585845947,0.019932735711336136,-4.0881684981286526e-05,11.43543815612793,5.9221272468566895,5.513310432434082,1758.0,1733.0,0.0,1810881273,20298,955
827477062,2,320,27709,8810,410459183,410460,404269,542,-497,4878,-4384,145,-139,291,29.234375,0.14749068021774292,0.24995875358581543,0.937695324420929,-2.3235507011413574,-3.292128801345825,-0.447373628616333,1.0688204765319824,0.6366469264030457,2.471010684967041,1500,1500,1487,1500,2000,1000,1000,1000,1509,1513,1478,1759,1730,1,1,1,1,1,1,1,0,1,1,0,0,stabilized_mix,0.13997317850589752,-0.0995926782488823,-0.42797207832336426,-0.0012147561646997929,0.0031590962316840887,-0.5625899434089661,0.0,0.0,0.0012147561646997929,-0.0031590962316840887,0.0,0.0,0.0,0.0,0.0,0.0,0.0,0.0,0.0,0.0,0.0,0.3039974868297577,0.0,-0.0,0.0,0.0,0.0,0.3039974868297577,0.10064965486526489,0.4431663751602173,11.404509544372559,0.008825196884572506,-0.03881704807281494,0.0,0.0,0.025065796449780464,0.01769118197262287,0.033890992403030396,-0.02112586610019207,-0.1364995688199997,0.0011712214909493923,-4.736497066915035e-05,11.413609504699707,5.943629741668701,5.469980239868164,1759.0,1730.0,0.0,2266164747,20298,955
827477062,2,320,27710,8810,410463217,410464,404273,544,-9320,8625,1646,-48,184,-228,29.25,-0.07166699320077896,-0.07816755771636963,1.0915883779525757,1.213369369506836,-2.4034924507141113,-0.07073307037353516,0.945990264415741,0.6190311312675476,2.4595160484313965,1500,1500,1487,1500,2000,1000,1000,1000,1509,1521,1481,1759,1730,1,1,1,1,1,1,1,0,1,1,0,0,stabilized_mix,0.053750231862068176,0.290119469165802,-0.46264544129371643,-0.0006623800727538764,0.00337966438382864,-0.5636728405952454,0.0,0.0,0.0006623800727538764,-0.00337966438382864,0.0,0.0,0.0,0.0,0.0,0.0,0.0,0.0,0.0,0.0,0.0,0.3039974868297577,0.0,-0.0,0.0,0.0,0.0,0.3039974868297577,0.1255636066198349,0.27789753675460815,11.406535148620605,0.011007596738636494,-0.024347739294171333,0.0,0.0,0.01829659566283226,-0.009236779063940048,0.02930419147014618,-0.03358452022075653,-0.13589772582054138,0.00018517875287216157,-4.749943036586046e-05,11.41787338256836,5.9464335441589355,5.471439361572266,1759.0,1730.0,0.0,3984750636,20298,955
827477062,2,320,27711,8810,410467241,410468,404277,542,13625,10346,2353,240,-540,281,29.234375,0.06881533563137054,-0.12956342101097107,0.9626879692077637,-5.183917045593262,-5.548932075500488,-8.289938926696777,1.0613141059875488,0.6585491299629211,2.448683261871338,1500,1500,1487,1500,2000,1000,1000,1000,1509,1504,1470,1756,1732,1,1,1,1,1,1,1,0,1,1,0,0,stabilized_mix,0.17078836262226105,-0.030781105160713196,-0.3376951813697815,-0.0005980880232527852,0.0028499646577984095,-0.5647394061088562,0.0,0.0,0.0005980880232527852,-0.0028499646577984095,0.0,0.0,0.0,0.0,0.0,0.0,0.0,0.0,0.0,0.0,0.0,0.31133100390434265,0.0,-0.0,0.0,0.0,0.0,0.31133100390434265,0.05478048324584961,0.5173633098602295,11.395061492919922,0.004807350691407919,-0.0453210324048996,0.0,0.0,0.0422837994992733,0.039502326399087906,0.04709114879369736,-0.005818706005811691,-0.13533051311969757,0.02170301042497158,-3.976956941187382e-05,11.4079008102417,5.902798175811768,5.505102634429932,1756.0,1732.0,0.0,303115982,20299,956
827477062,2,320,27712,8810,410471241,410472,404281,524,-12711,5216,-5332,94,85,-32,29.09375,0.05684488266706467,0.28497499227523804,0.9942637085914612,1.8582651615142822,-2.625828742980957,-0.3768925666809082,0.9967838525772095,0.6081386208534241,2.430180072784424,1500,1500,1487,1500,2000,1000,1000,1000,1509,1525,1480,1759,1730,1,1,1,1,1,1,1,0,1,1,0,0,stabilized_mix,0.021701950579881668,0.08845639228820801,-0.43408554792404175,-0.00035683935857377946,0.003387264907360077,-0.565840482711792,0.0,0.0,0.00035683935857377946,-0.003387264907360077,0.0,0.0,0.0,0.0,0.0,0.0,0.0,0.0,0.0,0.0,0.0,0.31133100390434265,0.0,-0.0,0.0,0.0,0.0,0.31133100390434265,0.12445974349975586,0.2795755863189697,11.397788047790527,0.010919205844402313,-0.02451229654252529,0.0,0.0,0.020004471763968468,-0.014156907796859741,0.03092367760837078,-0.03866920620203018,-0.13436168432235718,0.0009867025073617697,-4.6681263484060764e-05,11.411770820617676,5.939291477203369,5.472478866577148,1759.0,1730.0,0.0,665811619,20299,956
827477062,2,320,27713,8810,410475240,410476,404285,540,6500,12745,4132,45,-23,-114,29.21875,-0.025872841477394104,-0.3383443355560303,1.1080868244171143,-1.833953857421875,-3.8733456134796143,-4.646539688110352,0.966623067855835,0.6489449143409729,2.412454605102539,1500,1500,1487,1500,2000,1000,1000,1000,1509,1512,1476,1757,1732,1,1,1,1,1,1,1,0,1,1,0,0,stabilized_mix,0.11701139807701111,0.275027871131897,-0.38696223497390747,0.00013942834630142897,0.0033114508260041475,-0.566714346408844,0.0,0.0,-0.00013942834630142897,-0.0033114508260041475,0.0,0.0,0.0,0.0,0.0,0.0,0.0,0.0,0.0,0.0,0.0,0.31133100390434265,-0.0,-0.0,0.0,0.0,0.0,0.31133100390434265,0.10144028812646866,0.38263440132141113,11.396556854248047,0.008900724351406097,-0.03353721275925636,0.0,0.0,0.029511675238609314,0.013973204419016838,0.03841239959001541,-0.019564008340239525,-0.13343358039855957,0.012164613232016563,-4.244409501552582e-05,11.407153129577637,5.915797233581543,5.491356372833252,1757.0,1732.0,0.0,3592355625,20299,956
827477062,2,320,27714,8810,410479274,410480,404289,530,4442,5048,-3144,214,-335,335,29.140625,0.15224996209144592,0.17935091257095337,0.911608874797821,-2.6135387420654297,-3.734955310821533,-2.5021865367889404,1.0603938102722168,0.6622146964073181,2.4120092391967773,1500,1500,1487,1500,2000,1000,1000,1000,1509,1510,1473,1758,1731,1,1,1,1,1,1,1,0,1,1,0,0,stabilized_mix,0.14772208034992218,-0.07825450599193573,-0.34162747859954834,0.00025216618087142706,0.003486502217128873,-0.567755937576294,0.0,0.0,-0.00025216618087142706,-0.003486502217128873,0.0,0.0,0.0,0.0,0.0,0.0,0.0,0.0,0.0,0.0,0.0,0.29719778895378113,-0.0,-0.0,0.0,0.0,0.0,0.29719778895378113,0.15433385968208313,0.408286988735199,11.41270637512207,0.013522161170840263,-0.03572810813784599,0.0,0.0,0.028416987508535385,0.01988481730222702,0.0419391468167305,-0.015843290835618973,-0.1334102600812912,0.006550709251314402,-4.440080374479294e-05,11.42418384552002,5.934095859527588,5.490087985992432,1758.0,1731.0,0.0,214393068,20299,956
827477062,2,320,27715,8810,410483304,410484,404293,538,-11984,7100,-813,12,125,-264,29.203125,-0.0411687046289444,0.004104524850845337,1.0708694458007812,2.682744026184082,-2.498504161834717,-3.1056900024414062,0.9187135696411133,0.6269316077232361,2.386418342590332,1500,1500,1487,1500,2000,1000,1000,1000,1509,1527,1479,1758,1732,1,1,1,1,1,1,1,0,1,1,0,0,stabilized_mix,0.018668528646230698,0.3174421489238739,-0.42074668407440186,0.0006509465165436268,0.004000694490969181,-0.5686375498771667,0.0,0.0,-0.0006509465165436268,-0.004000694490969181,0.0,0.0,0.0,0.0,0.0,0.0,0.0,0.0,0.0,0.0,0.0,0.29719778895378113,-0.0,-0.0,0.0,0.0,0.0,0.29719778895378113,0.1657898724079132,0.25988078117370605,11.414281845092773,0.014523752965033054,-0.02275131084024906,0.0,0.0,0.019006963819265366,-0.020408539101481438,0.033530715852975845,-0.0431598499417305,-0.13207033276557922,0.008130677975714207,-4.3378910049796104e-05,11.431346893310547,5.932568073272705,5.498778820037842,1758.0,1732.0,0.0,3017498176,20299,956
827477062,2,320,27716,8810,410487337,410488,404297,530,13657,12615,3019,194,-450,180,29.140625,0.07676302641630173,-0.21168570220470428,1.0082557201385498,-4.226583957672119,-4.9956159591674805,-9.185247421264648,1.007431149482727,0.68086177110672,2.3650903701782227,1500,1500,1487,1500,2000,1000,1000,1000,1509,1499,1464,1757,1735,1,1,1,1,1,1,1,0,1,1,0,0,stabilized_mix,0.17235073447227478,0.07765026390552521,-0.3016494810581207,0.00103003007825464,0.003802675986662507,-0.569471001625061,0.0,0.0,-0.00103003007825464,-0.003802675986662507,0.0,0.0,0.0,0.0,0.0,0.0,0.0,0.0,0.0,0.0,0.0,0.2691112458705902,-0.0,-0.0,0.0,0.0,0.0,0.2691112458705902,0.21398401260375977,0.3561524450778961,11.446646690368652,0.018691858276724815,-0.031054340302944183,0.0,0.0,0.03789588436484337,0.032062139362096786,0.056587740778923035,0.0010077990591526031,-0.1309536099433899,0.024046922102570534,-3.741728141903877e-05,11.465004920959473,5.919589042663574,5.545415878295898,1757.0,1735.0,0.0,1221325471,20299,956
827477062,2,320,27717,8810,410491367,410492,404301,552,-10339,5000,-5686,83,31,45,29.3125,0.08712705969810486,0.326790452003479,0.9633222222328186,1.891069769859314,-2.045646905899048,1.0250874757766724,0.9906244277954102,0.6503375172615051,2.354945659637451,1500,1500,1487,1500,2000,1000,1000,1000,1509,1527,1478,1760,1732,1,1,1,1,1,1,1,0,1,1,0,0,stabilized_mix,0.06639839708805084,0.0479407012462616,-0.3800307810306549,0.0013429968385025859,0.004445899743586779,-0.5704488754272461,0.0,0.0,-0.0013429968385025859,-0.004445899743586779,0.0,0.0,0.0,0.0,0.0,0.0,0.0,0.0,0.0,0.0,0.0,0.2691112458705902,-0.0,-0.0,0.0,0.0,0.0,0.2691112458705902,0.2138441801071167,0.3298323154449463,11.446568489074707,0.018679773434996605,-0.028790146112442017,0.0,0.0,0.015518033877015114,-0.014345429837703705,0.03419780731201172,-0.04313557595014572,-0.1304224282503128,-0.00268367282114923,-4.6587083488702774e-05,11.46392822265625,5.96489953994751,5.49902868270874,1760.0,1732.0,0.0,4085314209,20299,956
827477062,2,320,27718,8810,410495477,410496,404305,540,2861,11407,3996,-12,-106,-180,29.21875,-0.06455288082361221,-0.2959437668323517,1.1098867654800415,-0.3800849914550781,-2.8116488456726074,-6.441452980041504,0.9151785373687744,0.680965006351471,2.3317480087280273,1500,1500,1487,1500,2000,1000,1000,1000,1509,1515,1472,1759,1735,1,1,1,1,1,1,1,0,1,1,0,0,stabilized_mix,0.11195270717144012,0.3080980181694031,-0.3707541525363922,0.0017396429320797324,0.004379963036626577,-0.5712041854858398,0.0,0.0,-0.0017396429320797324,-0.004379963036626577,0.0,0.0,0.0,0.0,0.0,0.0,0.0,0.0,0.0,0.0,0.0,0.24175497889518738,-0.0,-0.0,-0.0,0.0,0.0,0.24175497889518738,0.2546357810497284,0.3087669909000397,11.479302406311035,0.0221785269677639,-0.026865866035223007,0.0,0.0,0.021268010139465332,0.0028750572819262743,0.04344653710722923,-0.023990808054804802,-0.1292077898979187,0.016863685101270676,-3.93204391002655e-05,11.493452072143555,5.943328380584717,5.550123691558838,1759.0,1735.0,0.0,1190110002,20299,956
827477062,2,320,27727,8818,410531692,410532,404341,554,-3338,4525,-6528,162,-338,132,29.328125,0.11767992377281189,0.25605085492134094,0.9149242639541626,0.9463489055633545,-3.234435558319092,-5.982549667358398,0.9462497234344482,0.6910561919212341,2.133556365966797,1500,1500,1487,1500,2000,1000,1000,1000,1509,1524,1467,1760,1738,1,1,1,1,1,1,1,0,1,1,0,0,stabilized_mix,0.023103173822164536,-0.027466408908367157,-0.27824151515960693,0.003464590525254607,0.005617471411824226,-0.5776877403259277,0.0,0.0,-0.003464590525254607,-0.005617471411824226,0.0,0.0,0.0,0.0,0.0,0.0,0.0,0.0,0.0,0.0,0.0,0.1806257665157318,-0.0,-0.0,-0.0,0.0,0.0,0.1806257665157318,0.31175360083580017,0.34827226400375366,11.551141738891602,0.02698243409395218,-0.030101709067821503,0.0,0.0,0.0243139136582613,-0.007113898638635874,0.05129634588956833,-0.03721560910344124,-0.11883050948381424,0.01566227898001671,-3.610888961702585e-05,11.574370384216309,5.967729568481445,5.606640815734863,1760.0,1738.0,0.0,1466632493,20299,956
827477062,2,320,27728,8818,410535724,410536,404345,536,-3819,9629,1430,-23,136,-237,29.1875,-0.036028485745191574,-0.13571318984031677,1.0852080583572388,2.0316483974456787,-1.5746581554412842,-4.393650531768799,0.8248146772384644,0.6967703700065613,2.100674629211426,1500,1500,1487,1500,2000,1000,1000,1000,1509,1528,1477,1761,1739,1,1,1,1,1,1,1,0,1,1,0,0,stabilized_mix,0.025253746658563614,0.2845410108566284,-0.3329932689666748,0.0036156673450022936,0.0056778560392558575,-0.57823246717453,0.0,0.0,-0.0036156673450022936,-0.0056778560392558575,0.0,0.0,0.0,0.0,0.0,0.0,0.0,0.0,0.0,0.0,0.0,0.16743940114974976,-0.0,-0.0,-0.0,0.0,0.0,0.16743940114974976,0.2753678262233734,0.33432990312576294,11.567444801330566,0.023800920695066452,-0.02887629345059395,0.0,0.0,0.011820344254374504,-0.015250790864229202,0.03562126308679581,-0.04412708431482315,-0.11710882186889648,0.011502550914883614,-3.6962213926017284e-05,11.586066246032715,5.97784423828125,5.608222007751465,1761.0,1739.0,0.0,2999304286,20299,956
827477062,2,320,27729,8818,410539754,410540,404349,534,10877,11199,535,175,-495,162,29.171875,0.12209801375865936,-0.05965520441532135,0.9912871718406677,-1.4698338508605957,-4.1478705406188965,-7.575509071350098,0.9233197569847107,0.7390099167823792,2.087249279022217,1500,1500,1487,1500,2000,1000,1000,1000,1509,1508,1461,1760,1740,1,1,1,1,1,1,1,0,1,1,0,0,stabilized_mix,0.12897050380706787,-0.009347133338451385,-0.23889581859111786,0.0037933706771582365,0.005603718105703592,-0.578771710395813,0.0,0.0,-0.0037933706771582365,-0.005603718105703592,0.0,0.0,0.0,0.0,0.0,0.0,0.0,0.0,0.0,0.0,0.0,0.16743940114974976,-0.0,-0.0,-0.0,0.0,0.0,0.16743940114974976,0.35244905948638916,0.28161174058914185,11.567682266235352,0.030459001660346985,-0.024293750524520874,0.0,0.0,0.031135808676481247,0.011033243499696255,0.06159481033682823,-0.01326050702482462,-0.11640587449073792,0.019832637161016464,-3.380060661584139e-05,11.590679168701172,5.9643425941467285,5.626336574554443,1760.0,1740.0,0.0,575515055,20299,956
827477062,2,320,27730,8818,410543783,410544,404353,548,-10757,4659,-1769,65,-76,-121,29.28125,-0.016754325479269028,0.1821245551109314,0.9861010909080505,3.2047648429870605,-1.7709901332855225,-3.7610347270965576,0.8476911783218384,0.690519392490387,2.0611724853515625,1500,1500,1487,1500,2000,1000,1000,1000,1509,1536,1476,1761,1739,1,1,1,1,1,1,1,0,1,1,0,0,stabilized_mix,-0.02081538364291191,0.13319812715053558,-0.3106454610824585,0.003938499838113785,0.0060827163979411125,-0.5793841481208801,0.0,0.0,-0.003938499838113785,-0.0060827163979411125,0.0,0.0,0.0,0.0,0.0,0.0,0.0,0.0,0.0,0.0,0.0,0.16743940114974976,-0.0,-0.0,-0.0,0.0,0.0,0.16743940114974976,0.2783854007720947,0.3713153600692749,11.566690444946289,0.02406320720911026,-0.032068733125925064,0.0,0.0,0.013294999487698078,-0.024058489128947258,0.037358205765485764,-0.05612722039222717,-0.11504049599170685,0.009846366010606289,-3.681797534227371e-05,11.593022346496582,5.980600833892822,5.612421035766602,1761.0,1739.0,0.0,214858038,20299,956
827477062,2,320,27731,8818,410547814,410548,404357,540,4770,9760,3996,-53,-304,-45,29.21875,-0.01785615086555481,-0.21099317073822021,1.0495368242263794,-0.2977413535118103,-2.373501777648926,-10.3233003616333,0.8322185277938843,0.722197949886322,2.0244216918945312,1500,1500,1487,1500,2000,1000,1000,1000,1509,1514,1472,1759,1741,1,1,1,1,1,1,1,0,1,1,0,0,stabilized_mix,0.05982737988233566,0.174319788813591,-0.2696533501148224,0.004036189056932926,0.00579403480514884,-0.5798090696334839,0.0,0.0,-0.004036189056932926,-0.00579403480514884,0.0,0.0,0.0,0.0,0.0,0.0,0.0,0.0,0.0,0.0,0.0,0.15536826848983765,-0.0,-0.0,-0.0,0.0,0.0,0.15536826848983765,0.3014656901359558,0.2811693251132965,11.582598686218262,0.02602159045636654,-0.024247098714113235,0.0,0.0,0.017793642356991768,0.0022321040742099285,0.04381523281335831,-0.02201499417424202,-0.11311623454093933,0.027026336640119553,-3.0131428502500057e-05,11.596535682678223,5.948925018310547,5.647610664367676,1759.0,1741.0,0.0,3497902009,20300,957
827477062,2,320,27732,8818,410551846,410552,404361,540,948,6580,-4875,194,-307,89,29.21875,0.1316777765750885,0.16381517052650452,0.9240792989730835,0.8754165172576904,-3.5625996589660645,-4.68963623046875,0.8937545418739319,0.7182493805885315,2.007506847381592,1500,1500,1487,1500,2000,1000,1000,1000,1509,1522,1465,1761,1740,1,1,1,1,1,1,1,0,1,1,0,0,stabilized_mix,0.04214935749769211,-0.04151761904358864,-0.23895443975925446,0.004009193275123835,0.005955761764198542,-0.580381453037262,0.0,0.0,-0.004009193275123835,-0.005955761764198542,0.0,0.0,0.0,0.0,0.0,0.0,0.0,0.0,0.0,0.0,0.0,0.15536826848983765,-0.0,-0.0,-0.0,0.0,0.0,0.15536826848983765,0.3325435221195221,0.3293590843677521,11.581355094909668,0.028705811128020287,-0.02838745154440403,0.0,0.0,0.02671092376112938,-0.006563517265021801,0.05541673302650452,-0.034950967878103256,-0.1122305691242218,0.01227743923664093,-3.49836191162467e-05,11.60624885559082,5.9780426025390625,5.628206729888916,1761.0,1740.0,0.0,1584556210,20300,957
827477062,2,320,27733,8818,410555880,410556,404365,538,-5758,8735,1003,17,-10,-194,29.203125,-0.03980803117156029,-0.03945052623748779,1.0561233758926392,2.6460301876068115,-1.2981958389282227,-4.8757734298706055,0.7814753651618958,0.7090771794319153,1.9794206619262695,1500,1500,1487,1500,2000,1000,1000,1000,1509,1531,1479,1761,1740,1,1,1,1,1,1,1,0,1,1,0,0,stabilized_mix,0.002012345939874649,0.2231130599975586,-0.31014108657836914,0.0037840178702026606,0.006158928852528334,-0.5808852910995483,0.0,0.0,-0.0037840178702026606,-0.006158928852528334,0.0,0.0,0.0,0.0,0.0,0.0,0.0,0.0,0.0,0.0,0.0,0.14752203226089478,-0.0,-0.0,-0.0,0.0,0.0,0.14752203226089478,0.2706667184829712,0.3308989405632019,11.59134578704834,0.023346515372395515,-0.028523722663521767,0.0,0.0,0.009724956005811691,-0.019821761175990105,0.033071473240852356,-0.04834548383951187,-0.11075997352600098,0.012764745391905308,-3.4298282116651535e-05,11.611254692077637,5.977118968963623,5.634136199951172,1761.0,1740.0,0.0,2907411706,20300,957
827477062,2,320,27734,8818,410559912,410560,404369,544,9071,10971,2140,103,-498,64,29.25,0.054161302745342255,-0.11977706849575043,1.020497441291809,-0.34169894456863403,-3.9576404094696045,-10.957293510437012,0.8338498473167419,0.7263558506965637,1.9486303329467773,1500,1500,1490,1500,2000,1000,1000,1000,1512,1514,1463,1759,1742,1,1,1,1,1,1,1,0,1,1,0,0,stabilized_mix,0.054777536541223526,0.05470936745405197,-0.2431829869747162,0.0038253513630479574,0.006057302933186293,-0.581338107585907,0.0,0.0,-0.0038253513630479574,-0.006057302933186293,0.0,0.0,0.0,0.0,0.0,0.0,0.0,0.0,0.0,0.0,0.0,0.14752203226089478,-0.0,-0.0,-0.0,0.0,0.0,0.14752203226089478,0.3358057737350464,0.281341016292572,11.591466903686523,0.02896198444068432,-0.02422497607767582,0.0,0.0,0.029646893963217735,0.0025596849154680967,0.058608878403902054,-0.021665291860699654,-0.1091478019952774,0.028686128556728363,-2.8161564841866493e-05,11.614129066467285,5.947872638702393,5.666256904602051,1759.0,1742.0,0.0,1964510178,20300,957
827477062,2,320,27735,8818,410563942,410564,404373,544,-6354,4250,-3156,110,-96,-52,29.25,0.03261846676468849,0.1696104109287262,0.9516434073448181,2.4671998023986816,-2.584066867828369,-3.3604204654693604,0.806475818157196,0.6841477751731873,1.924264907836914,1500,1500,1490,1500,2000,1000,1000,1000,1512,1530,1472,1761,1740,1,1,1,1,1,1,1,0,1,1,0,0,stabilized_mix,-0.056001242250204086,0.0693095326423645,-0.27703121304512024,0.003675078507512808,0.006404726300388575,-0.5819089412689209,0.0,0.0,-0.003675078507512808,-0.006404726300388575,0.0,0.0,0.0,0.0,0.0,0.0,0.0,0.0,0.0,0.0,0.0,0.14752203226089478,-0.0,-0.0,-0.0,0.0,0.0,0.14752203226089478,0.2928130030632019,0.33466288447380066,11.590930938720703,0.02525687962770462,-0.028836097568273544,0.0,0.0,0.019358277320861816,-0.01848278008401394,0.04461515694856644,-0.047318875789642334,-0.10787203162908554,0.008797560818493366,-3.467604983597994e-05,11.615477561950684,5.981119155883789,5.6343584060668945,1761.0,1740.0,0.0,1127980586,20300,957
827477062,2,320,27736,8818,410567970,410568,404377,536,648,8675,1816,-39,-148,-103,29.1875,-0.006855327636003494,-0.14358261227607727,1.0401263236999512,1.3486390113830566,-1.5979276895523071,-7.232804298400879,0.7520737648010254,0.7103986144065857,1.8952255249023438,1500,1500,1490,1500,2000,1000,1000,1000,1512,1522,1477,1760,1741,1,1,1,1,1,1,1,0,1,1,0,0,stabilized_mix,0.015204338356852531,0.1900942027568817,-0.2794221341609955,0.003631636267527938,0.006377654615789652,-0.5823456048965454,0.0,0.0,-0.003631636267527938,-0.006377654615789652,0.0,0.0,0.0,0.0,0.0,0.0,0.0,0.0,0.0,0.0,0.0,0.14242196083068848,-0.0,-0.0,-0.0,0.0,0.0,0.14242196083068848,0.27338728308677673,0.28781476616859436,11.598115921020508,0.023567333817481995,-0.02479490265250206,0.0,0.0,0.011963299475610256,-0.01009693555533886,0.035530634224414825,-0.03489183634519577,-0.10635153204202652,0.018935438245534897,-3.0595576390624046e-05,11.612509727478027,5.959232807159424,5.653277397155762,1760.0,1741.0,0.0,1616690006,20300,957
827477062,2,320,27737,8818,410572002,410572,404381,552,4292,9663,-2551,196,-432,19,29.3125,0.10845324397087097,0.03523881733417511,0.9751841425895691,1.1804821491241455,-4.0512518882751465,-7.880623817443848,0.7974014282226562,0.7105550169944763,1.873518943786621,1500,1500,1490,1500,2000,1000,1000,1000,1512,1522,1463,1760,1742,1,1,1,1,1,1,1,0,1,1,0,0,stabilized_mix,0.022199597209692,0.016004053875803947,-0.24037118256092072,0.0035242808517068624,0.006461672950536013,-0.5828608274459839,0.0,0.0,-0.0035242808517068624,-0.006461672950536013,0.0,0.0,0.0,0.0,0.0,0.0,0.0,0.0,0.0,0.0,0.0,0.14242196083068848,-0.0,-0.0,-0.0,0.0,0.0,0.14242196083068848,0.3241378664970398,0.3000190258026123,11.597216606140137,0.02794235199689865,-0.025820262730121613,0.0,0.0,0.030333099886775017,-0.008838671259582043,0.05827545374631882,-0.03465893492102623,-0.10521498322486877,0.020631425082683563,-2.9604299925267696e-05,11.623917579650879,5.959980487823486,5.663937568664551,1760.0,1742.0,0.0,1030682626,20300,957
827477062,2,320,27738,8818,410576037,410576,404385,550,-5480,8396,-431,85,-20,-99,29.296875,-0.010109679773449898,0.06149521470069885,1.0351788997650146,2.501268148422241,-2.0477349758148193,-5.046126365661621,0.7277796268463135,0.6815471053123474,1.8410491943359375,1500,1500,1490,1500,2000,1000,1000,1000,1512,1528,1475,1761,1741,1,1,1,1,1,1,1,0,1,1,0,0,stabilized_mix,-0.05226369947195053,0.14245446026325226,-0.30661600828170776,0.003196893259882927,0.006540616974234581,-0.5834103226661682,0.0,0.0,-0.003196893259882927,-0.006540616974234581,0.0,0.0,0.0,0.0,0.0,0.0,0.0,0.0,0.0,0.0,0.0,0.1373569369316101,-0.0,-0.0,-0.0,0.0,0.0,0.1373569369316101,0.2698129415512085,0.29751506447792053,11.603877067565918,0.023247776553034782,-0.025614608079195023,0.0,0.0,0.015323285944759846,-0.018717095255851746,0.0385710634291172,-0.04433170333504677,-0.10351486504077911,0.013210727833211422,-3.160641063004732e-05,11.623933792114258,5.969998836517334,5.653934955596924,1761.0,1741.0,0.0,1278456017,20300,957
827477062,2,320,27744,8823,410599227,410600,404408,540,1458,10661,1996,84,-280,-147,29.21875,-0.005116071552038193,-0.11767680197954178,1.0415802001953125,2.9702203273773193,-3.4707999229431152,-7.495734214782715,0.6128398776054382,0.6893752217292786,1.690007209777832,1500,1500,1492,1500,2000,1000,1000,1000,1513,1528,1468,1760,1743,1,1,1,1,1,1,1,0,1,1,0,0,stabilized_mix,-0.0039009880274534225,0.1616062968969345,-0.2981821298599243,0.0025270404294133186,0.006731285713613033,-0.5866670608520508,0.0,0.0,-0.0025270404294133186,-0.006731285713613033,0.0,0.0,0.0,0.0,0.0,0.0,0.0,0.0,0.0,0.0,0.0,0.12833717465400696,-0.0,-0.0,-0.0,0.0,0.0,0.12833717465400696,0.287134051322937,0.25731512904167175,11.61474895477295,0.024716468527913094,-0.022122133523225784,0.0,0.0,0.025947829708456993,-0.022205477580428123,0.05066429823637009,-0.04432760924100876,-0.09560632705688477,0.019623786211013794,-2.659391611814499e-05,11.641106605529785,5.953522682189941,5.6875834465026855,1760.0,1743.0,0.0,1565409372,20300,957
827477062,2,320,27745,8823,410603253,410604,404412,532,4278,6877,-697,133,-363,35,29.15625,0.05447671189904213,0.03452563285827637,0.9810675978660583,1.0262765884399414,-2.9103026390075684,-7.8899641036987305,0.6470931172370911,0.6864495873451233,1.6623764038085938,1500,1500,1492,1500,2000,1000,1000,1000,1513,1518,1471,1759,1743,1,1,1,1,1,1,1,0,1,1,0,0,stabilized_mix,0.0017156144604086876,-0.0069002415984869,-0.3045930862426758,0.0024410656187683344,0.006733945105224848,-0.5873465538024902,0.0,0.0,-0.0024410656187683344,-0.006733945105224848,0.0,0.0,0.0,0.0,0.0,0.0,0.0,0.0,0.0,0.0,0.0,0.12833717465400696,-0.0,-0.0,-0.0,0.0,0.0,0.12833717465400696,0.2773192226886749,0.23922300338745117,11.615403175354004,0.023870591074228287,-0.020570989698171616,0.0,0.0,0.021756306290626526,-0.0076720500364899635,0.04562689736485481,-0.028243038803339005,-0.0941595733165741,0.020655877888202667,-2.5726272724568844e-05,11.632143020629883,5.944703102111816,5.687440395355225,1759.0,1743.0,0.0,1869968743,20300,957
827477062,2,320,27746,8823,410607313,410608,404416,544,-7627,6936,-2901,15,-23,-134,29.25,0.02778405323624611,0.08834873884916306,1.0213466882705688,4.000514507293701,-2.30098557472229,-5.012753486633301,0.5777523517608643,0.6598427891731262,1.6318893432617188,1500,1500,1492,1500,2000,1000,1000,1000,1513,1533,1475,1760,1743,1,1,1,1,1,1,1,0,1,1,0,0,stabilized_mix,-0.0626140758395195,0.12205249071121216,-0.33914294838905334,0.0020603120792657137,0.006714947521686554,-0.5880340933799744,0.0,0.0,-0.0020603120792657137,-0.006714947521686554,0.0,0.0,0.0,0.0,0.0,0.0,0.0,0.0,0.0,0.0,0.0,0.1250518262386322,-0.0,-0.0,-0.0,0.0,0.0,0.1250518262386322,0.25605541467666626,0.2535981237888336,11.618996620178223,0.022034086287021637,-0.021805914118885994,0.0,0.0,0.017195964232087135,-0.029897060245275497,0.03923004865646362,-0.05170297622680664,-0.09256327897310257,0.013123358599841595,-2.780393697321415e-05,11.643502235412598,5.960770606994629,5.682731628417969,1760.0,1743.0,0.0,482861343,20300,957
827477062,2,320,27747,8823,410611314,410612,404420,540,6754,9785,1446,149,-303,-144,29.21875,0.018724016845226288,-0.1894877701997757,1.011208415031433,2.0016331672668457,-3.71392822265625,-7.803705215454102,0.5744739770889282,0.6780723929405212,1.6081748008728027,1500,1500,1492,1500,2000,1000,1000,1000,1513,1522,1467,1759,1744,1,1,1,1,1,1,1,0,1,1,0,0,stabilized_mix,-0.0027944897301495075,0.1104147806763649,-0.30772534012794495,0.0019929539412260056,0.006512337829917669,-0.5887260437011719,0.0,0.0,-0.0019929539412260056,-0.006512337829917669,0.0,0.0,0.0,0.0,0.0,0.0,0.0,0.0,0.0,0.0,0.0,0.1250518262386322,-0.0,-0.0,-0.0,0.0,0.0,0.1250518262386322,0.28088974952697754,0.22572655975818634,11.619224548339844,0.024169862270355225,-0.019398370757699013,0.0,0.0,0.02775477059185505,-0.014958521351218224,0.051924630999565125,-0.034356892108917236,-0.09132158756256104,0.020430054515600204,-2.4812063202261925e-05,11.641776084899902,5.944948196411133,5.696827411651611,1759.0,1744.0,0.0,2672668424,20300,957
827477062,2,320,27748,8823,410615347,410616,404424,556,-1854,7259,-1817,123,-234,75,29.34375,0.08322178572416306,0.18795977532863617,0.9803442358970642,1.9211628437042236,-2.7311129570007324,-5.180161476135254,0.6020991206169128,0.6638513207435608,1.585921287536621,1500,1500,1497,1500,2000,1000,1000,1000,1517,1522,1473,1760,1743,1,1,1,1,1,1,1,0,1,1,0,0,stabilized_mix,-0.024461783468723297,-0.05189152806997299,-0.33341094851493835,0.0017141570569947362,0.00639621214941144,-0.589520275592804,0.0,0.0,-0.0017141570569947362,-0.00639621214941144,0.0,0.0,0.0,0.0,0.0,0.0,0.0,0.0,0.0,0.0,0.0,0.12186634540557861,-0.0,-0.0,-0.0,0.0,0.0,0.12186634540557861,0.25956034660339355,0.23075629770755768,11.62333869934082,0.022327251732349396,-0.019832119345664978,0.0,0.0,0.02040281519293785,-0.014352071098983288,0.04273006692528725,-0.03418419137597084,-0.09015639871358871,0.013561631552875042,-2.680812031030655e-05,11.640759468078613,5.954420566558838,5.686338901519775,1760.0,1743.0,0.0,2703964897,20301,958
827477062,2,320,27749,8823,410619379,410620,404428,536,-5775,9721,270,13,13,-262,29.1875,-0.028802018612623215,-0.06421959400177002,1.0661112070083618,4.753996849060059,-2.7918715476989746,-5.121592044830322,0.500164270401001,0.6342765688896179,1.5561447143554688,1500,1500,1497,1500,2000,1000,1000,1000,1517,1535,1473,1760,1744,1,1,1,1,1,1,1,0,1,1,0,0,stabilized_mix,-0.08819948136806488,0.20856378972530365,-0.3595312833786011,0.001519521581940353,0.006474866531789303,-0.5902519226074219,0.0,0.0,-0.001519521581940353,-0.006474866531789303,0.0,0.0,0.0,0.0,0.0,0.0,0.0,0.0,0.0,0.0,0.0,0.12186634540557861,-0.0,-0.0,-0.0,0.0,0.0,0.12186634540557861,0.2502959370613098,0.23055893182754517,11.622978210449219,0.021531250327825546,-0.019816063344478607,0.0,0.0,0.02085736021399498,-0.03551589697599411,0.042388610541820526,-0.05533196032047272,-0.08859730511903763,0.013408297672867775,-2.6316149160265923e-05,11.651259422302246,5.957210063934326,5.694048881530762,1760.0,1744.0,0.0,2453849416,20301,958
827477062,2,320,27750,8823,410623412,410624,404432,540,11195,9453,1027,209,-459,52,29.21875,0.06027783453464508,-0.10918483138084412,0.989349365234375,0.12102341651916504,-4.081483364105225,-8.323144912719727,0.5681870579719543,0.6651403307914734,1.5360136032104492,1500,1500,1497,1500,2000,1000,1000,1000,1517,1511,1465,1758,1745,1,1,1,1,1,1,1,0,1,1,0,0,stabilized_mix,0.015479233115911484,-0.019542552530765533,-0.3046928346157074,0.0013801954919472337,0.006201682146638632,-0.5910079479217529,0.0,0.0,-0.0013801954919472337,-0.006201682146638632,0.0,0.0,0.0,0.0,0.0,0.0,0.0,0.0,0.0,0.0,0.0,0.12186634540557861,-0.0,-0.0,-0.0,0.0,0.0,0.12186634540557861,0.27584999799728394,0.1975555419921875,11.623662948608398,0.023727307096123695,-0.01696937531232834,0.0,0.0,0.03048992156982422,-0.0009040816803462803,0.054217226803302765,-0.017873456701636314,-0.08754324167966843,0.02178994193673134,-2.3013679310679436e-05,11.642627716064453,5.936382293701172,5.706245422363281,1758.0,1745.0,0.0,2269450377,20301,958
827477062,2,320,27751,8823,410627448,410628,404436,540,-10322,6191,-4091,52,-45,-88,29.21875,0.07423017919063568,0.24823078513145447,0.9910849928855896,4.648961544036865,-2.096186637878418,-3.523466110229492,0.5163062214851379,0.6340764164924622,1.510772705078125,1500,1500,1500,1500,2000,1000,1000,1000,1520,1535,1477,1760,1744,1,1,1,1,1,1,1,0,1,1,0,0,stabilized_mix,-0.05337929725646973,0.03069232404232025,-0.3528360426425934,0.0011162357404828072,0.006563108414411545,-0.5918105244636536,0.0,0.0,-0.0011162357404828072,-0.006563108414411545,0.0,0.0,0.0,0.0,0.0,0.0,0.0,0.0,0.0,0.0,0.0,0.11874577403068542,-0.0,-0.0,-0.0,0.0,0.0,0.11874577403068542,0.23972338438034058,0.22914284467697144,11.626904487609863,0.020615067332983017,-0.019692476838827133,0.0,0.0,0.015654785558581352,-0.034719474613666534,0.03626985102891922,-0.05441195145249367,-0.08622163534164429,0.009224412962794304,-2.694898284971714e-05,11.651801109313965,5.96064567565918,5.691155910491943,1760.0,1744.0,0.0,3961608245,20301,958
827477062,2,320,27752,8823,410631480,410632,404440,536,3356,11196,3917,108,-100,-263,29.1875,-0.06223302334547043,-0.2628737688064575,1.0631890296936035,3.0509750843048096,-4.265108108520508,-6.947911739349365,0.4606682062149048,0.6336401104927063,1.4819989204406738,1500,1500,1500,1500,2000,1000,1000,1000,1520,1525,1465,1759,1745,1,1,1,1,1,1,1,0,1,1,0,0,stabilized_mix,-0.04485207796096802,0.1996041089296341,-0.3251868188381195,0.0010771751403808594,0.006311042699962854,-0.5924685001373291,0.0,0.0,-0.0010771751403808594,-0.006311042699962854,0.0,0.0,0.0,0.0,0.0,0.0,0.0,0.0,0.0,0.0,0.0,0.11874577403068542,-0.0,-0.0,-0.0,0.0,0.0,0.11874577403068542,0.26301127672195435,0.19280685484409332,11.627108573913574,0.022616665810346603,-0.016556421294808388,0.0,0.0,0.03185221552848816,-0.02278495952486992,0.05446888133883476,-0.039341382682323456,-0.08471503853797913,0.01818959042429924,-2.328387927263975e-05,11.653395652770996,5.943117141723633,5.710278034210205,1759.0,1745.0,0.0,2692833768,20301,958
827477062,2,320,27753,8823,410635512,410636,404444,548,4704,6730,-867,186,-392,188,29.28125,0.12421108782291412,0.1536693423986435,0.9326027631759644,0.5495898723602295,-3.402360439300537,-5.3153862953186035,0.5690938234329224,0.6514179110527039,1.4687681198120117,1500,1500,1500,1500,2000,1000,1000,1000,1520,1514,1470,1759,1744,1,1,1,1,1,1,1,0,1,1,0,0,stabilized_mix,0.01984766498208046,-0.15425994992256165,-0.2838892340660095,0.0008093699580058455,0.005946040619164705,-0.5932104587554932,0.0,0.0,-0.0008093699580058455,-0.005946040619164705,0.0,0.0,0.0,0.0,0.0,0.0,0.0,0.0,0.0,0.0,0.0,0.1167173981666565,-0.0,-0.0,-0.0,0.0,0.0,0.1167173981666565,0.2552053928375244,0.20104211568832397,11.630046844482422,0.02194010466337204,-0.017265357077121735,0.0,0.0,0.02540271356701851,-0.0041033499874174595,0.04734281823039055,-0.021368706598877907,-0.08402227610349655,0.013915649615228176,-2.453732304275036e-05,11.645750999450684,5.945562362670898,5.700189113616943,1759.0,1744.0,0.0,934479654,20301,958
827477062,2,320,27754,8823,410639571,410640,404448,544,-13563,7229,-888,-13,110,-316,29.25,-0.047284774482250214,0.09212052822113037,1.0474393367767334,6.314642906188965,-2.220930576324463,-3.3898513317108154,0.4336458444595337,0.5969094634056091,1.4390735626220703,1500,1500,1500,1500,2000,1000,1000,1000,1520,1542,1477,1760,1744,1,1,1,1,1,1,1,0,1,1,0,0,stabilized_mix,-0.11547969281673431,0.17733275890350342,-0.3528926372528076,0.0006230325088836253,0.006140776444226503,-0.5938723087310791,0.0,0.0,-0.0006230325088836253,-0.006140776444226503,0.0,0.0,0.0,0.0,0.0,0.0,0.0,0.0,0.0,0.0,0.0,0.1167173981666565,-0.0,-0.0,-0.0,0.0,0.0,0.1167173981666565,0.2254987508058548,0.21056289970874786,11.629437446594238,0.01938791200518608,-0.018092339858412743,0.0,0.0,0.0165827888995409,-0.04714887961745262,0.03597070276737213,-0.06524121761322021,-0.0824674740433693,0.00887461006641388,-2.5757472030818462e-05,11.661775588989258,5.959675312042236,5.70210075378418,1760.0,1744.0,0.0,3723454470,20301,958
827477062,2,320,27755,8823,410643588,410644,404452,532,13996,12320,3727,195,-406,-25,29.15625,0.011899329721927643,-0.25835877656936646,1.0268083810806274,-0.0623052716255188,-4.715761184692383,-8.67691707611084,0.49590039253234863,0.6361809372901917,1.4173831939697266,1500,1500,1502,1500,2000,1000,1000,1000,1522,1509,1463,1758,1746,1,1,1,1,1,1,1,0,1,1,0,0,stabilized_mix,0.006705383770167828,0.015260875225067139,-0.2617013454437256,0.0005229961243458092,0.005569854285567999,-0.5944168567657471,0.0,0.0,-0.0005229961243458092,-0.005569854285567999,0.0,0.0,0.0,0.0,0.0,0.0,0.0,0.0,0.0,0.0,0.0,0.1167173981666565,-0.0,-0.0,-0.0,0.0,0.0,0.1167173981666565,0.262227326631546,0.1703610122203827,11.630224227905273,0.02254323661327362,-0.014622665010392666,0.0,0.0,0.03520829603075981,0.00046517676673829556,0.05775153264403343,-0.014157488010823727,-0.0813317596912384,0.022716116160154343,-2.051552291959524e-05,11.650813102722168,5.927984237670898,5.7228288650512695,1758.0,1746.0,0.0,3155787471,20301,958
827477062,2,320,27763,8830,410675832,410676,404484,548,12867,10239,1478,159,-508,158,29.28125,0.10382658988237381,-0.1172507256269455,0.9672170281410217,-0.9994640350341797,-4.302934169769287,-7.657960891723633,0.4993426203727722,0.6200265288352966,1.2780542373657227,1500,1500,1506,1500,2000,1000,1000,1000,1525,1504,1467,1758,1746,1,1,1,1,1,1,1,0,1,1,0,0,stabilized_mix,0.055686794221401215,-0.0981653556227684,-0.19671978056430817,-0.0017775808228179812,0.0037540863268077374,-0.5984417200088501,0.0,0.0,0.0017775808228179812,-0.0037540863268077374,0.0,0.0,0.0,0.0,0.0,0.0,0.0,0.0,0.0,0.0,0.0,0.1105709969997406,0.0,-0.0,-0.0,0.0,0.0,0.1105709969997406,0.23680387437343597,0.16549627482891083,11.638202667236328,0.020344309508800507,-0.014199580065906048,0.0,0.0,0.032104071229696274,0.007456973195075989,0.05244838073849678,-0.006742606870830059,-0.07403651624917984,0.02004849538207054,-1.8895836547017097e-05,11.654492378234863,5.921725273132324,5.732766628265381,1758.0,1746.0,0.0,2348566521,20301,958
827477062,2,320,27764,8830,410679861,410680,404488,552,-12715,4082,-4303,86,71,-153,29.3125,0.027743838727474213,0.2924739122390747,0.9620224237442017,5.833594799041748,-2.062898635864258,0.2729990482330322,0.4476686120033264,0.5674534440040588,1.2643623352050781,1500,1500,1507,1500,2000,1000,1000,1000,1526,1538,1479,1760,1744,1,1,1,1,1,1,1,0,1,1,0,0,stabilized_mix,-0.08632020652294159,0.002039507031440735,-0.2956444323062897,-0.0019588118884712458,0.003976982552558184,-0.5990031361579895,0.0,0.0,0.0019588118884712458,-0.003976982552558184,0.0,0.0,0.0,0.0,0.0,0.0,0.0,0.0,0.0,0.0,0.0,0.1105709969997406,0.0,-0.0,-0.0,0.0,0.0,0.1105709969997406,0.20665991306304932,0.1877104490995407,11.637592315673828,0.01775609515607357,-0.01611940562725067,0.0,0.0,0.015392034314572811,-0.04352656379342079,0.03314812853932381,-0.05964596942067146,-0.07331961393356323,-0.000714709865860641,-2.5912071578204632e-05,11.664732933044434,5.9619269371032715,5.702805995941162,1760.0,1744.0,0.0,3084325645,20301,958
827477062,2,320,27765,8830,410683893,410684,404492,544,5598,13098,3977,19,-112,-215,29.25,-0.01799265295267105,-0.29021766781806946,1.1132891178131104,1.8892582654953003,-3.2651519775390625,-6.5204362869262695,0.40077704191207886,0.6063514351844788,1.241037368774414,1500,1500,1507,1500,2000,1000,1000,1000,1526,1517,1472,1758,1746,1,1,1,1,1,1,1,0,1,1,0,0,stabilized_mix,0.0212864987552166,0.1687481850385666,-0.28432023525238037,-0.001870620995759964,0.003571919398382306,-0.5993615984916687,0.0,0.0,0.001870620995759964,-0.003571919398382306,0.0,0.0,0.0,0.0,0.0,0.0,0.0,0.0,0.0,0.0,0.0,0.1105709969997406,0.0,-0.0,-0.0,0.0,0.0,0.1105709969997406,0.2262597531080246,0.14862999320030212,11.638078689575195,0.019438883289694786,-0.012758067809045315,0.0,0.0,0.024361465126276016,-0.0140958521515131,0.04380034655332565,-0.02685391902923584,-0.07209832221269608,0.017070462927222252,-1.9259750843048096e-05,11.65345287322998,5.923025608062744,5.7304277420043945,1758.0,1746.0,0.0,4236742488,20301,958
827477062,2,320,27766,8830,410687925,410688,404496,560,5431,7585,-3353,230,-338,169,29.375,0.14178943634033203,0.1477900892496109,0.928068995475769,1.3507604598999023,-4.137664794921875,-3.3723297119140625,0.5079428553581238,0.6120930314064026,1.2356905937194824,1500,1500,1507,1500,2000,1000,1000,1000,1526,1516,1468,1759,1745,1,1,1,1,1,1,1,0,1,1,0,0,stabilized_mix,0.033902209252119064,-0.15311266481876373,-0.2391236275434494,-0.0020657118875533342,0.003281234996393323,-0.599951446056366,0.0,0.0,0.0020657118875533342,-0.003281234996393323,0.0,0.0,0.0,0.0,0.0,0.0,0.0,0.0,0.0,0.0,0.0,0.1089538037776947,0.0,-0.0,-0.0,0.0,0.0,0.1089538037776947,0.23168036341667175,0.18143442273139954,11.639911651611328,0.01990133337676525,-0.015565927140414715,0.0,0.0,0.030866466462612152,-0.01007650513201952,0.05076780170202255,-0.025642432272434235,-0.07181836664676666,0.008828738704323769,-2.2046384401619434e-05,11.658761024475098,5.93961238861084,5.719148635864258,1759.0,1745.0,0.0,2377264484,20301,958
827477062,2,320,27767,8830,410691957,410692,404500,540,-11323,6410,447,-25,218,-340,29.21875,-0.05388670042157173,0.0388350784778595,1.0647032260894775,5.913051605224609,-1.514275074005127,-0.6527316570281982,0.3759610056877136,0.5811497569084167,1.2160773277282715,1500,1500,1507,1500,2000,1000,1000,1000,1526,1537,1481,1759,1745,1,1,1,1,1,1,1,0,1,1,0,0,stabilized_mix,-0.0570145882666111,0.1832202970981598,-0.35841959714889526,-0.002010287018492818,0.0034250866156071424,-0.6005327105522156,0.0,0.0,0.002010287018492818,-0.0034250866156071424,0.0,0.0,0.0,0.0,0.0,0.0,0.0,0.0,0.0,0.0,0.0,0.1089538037776947,0.0,-0.0,-0.0,0.0,0.0,0.1089538037776947,0.2072916179895401,0.1606842577457428,11.639748573303223,0.01780705899000168,-0.013798065483570099,0.0,0.0,0.011296462267637253,-0.04411124810576439,0.02910352125763893,-0.05790931358933449,-0.07079141587018967,0.0017088475869968534,-2.4178880266845226e-05,11.66423225402832,5.953010559082031,5.711221694946289,1759.0,1745.0,0.0,2251909048,20302,959
827477062,2,320,27768,8830,410695989,410696,404504,544,10640,11689,3289,103,-393,27,29.25,0.050150513648986816,-0.19120092689990997,1.0347672700881958,0.23514488339424133,-4.293133735656738,-7.518697738647461,0.4414888024330139,0.625349223613739,1.2011337280273438,1500,1500,1507,1500,2000,1000,1000,1000,1526,1509,1467,1757,1747,1,1,1,1,1,1,1,0,1,1,0,0,stabilized_mix,0.06695827096700668,0.013911642134189606,-0.269896537065506,-0.002014587400481105,0.0030130373779684305,-0.6010607481002808,0.0,0.0,0.002014587400481105,-0.0030130373779684305,0.0,0.0,0.0,0.0,0.0,0.0,0.0,0.0,0.0,0.0,0.0,0.10790261626243591,0.0,-0.0,-0.0,0.0,0.0,0.10790261626243591,0.23398759961128235,0.1525450199842453,11.64140796661377,0.02009689062833786,-0.013085116632282734,0.0,0.0,0.032022129744291306,-0.0017539260443300009,0.052119020372629166,-0.014839042909443378,-0.07000897079706192,0.019683904945850372,-1.7613754607737064e-05,11.658520698547363,5.91732931137085,5.741191864013672,1757.0,1747.0,0.0,1310561870,20302,959
827477062,2,320,27769,8830,410700022,410700,404508,544,-6935,4401,-4003,135,-98,-54,29.25,0.04739464819431305,0.2586126923561096,0.9379111528396606,4.471871376037598,-2.5274386405944824,-0.4067424535751343,0.4446641802787781,0.5782021880149841,1.193021297454834,1500,1500,1508,1500,2000,1000,1000,1000,1527,1531,1477,1759,1745,1,1,1,1,1,1,1,0,1,1,0,0,stabilized_mix,-0.06539097428321838,-0.04004611819982529,-0.31954237818717957,-0.0021876597311347723,0.003190869465470314,-0.6018317937850952,0.0,0.0,0.0021876597311347723,-0.003190869465470314,0.0,0.0,0.0,0.0,0.0,0.0,0.0,0.0,0.0,0.0,0.0,0.10790261626243591,0.0,-0.0,-0.0,0.0,0.0,0.10790261626243591,0.2101646065711975,0.17364583909511566,11.641098976135254,0.018051711842417717,-0.014905359596014023,0.0,0.0,0.018852457404136658,-0.0333562046289444,0.036904171109199524,-0.04826156422495842,-0.0695842057466507,0.0010648493189364672,-2.3981789126992226e-05,11.662610054016113,5.95121431350708,5.711396217346191,1759.0,1745.0,0.0,1538393743,20302,959
827477062,2,320,27770,8830,410703048,410704,404511,540,7437,11792,4914,17,-240,-84,29.21875,0.0008943676948547363,-0.22600841522216797,1.0615568161010742,1.3259453773498535,-3.213989734649658,-6.68632173538208,0.39797019958496094,0.6116576790809631,1.175950050354004,1500,1500,1509,1500,2000,1000,1000,1000,1528,1514,1472,1757,1746,1,1,1,1,1,1,1,0,1,1,0,0,stabilized_mix,0.026461485773324966,0.09843137115240097,-0.30117517709732056,-0.0021103471517562866,0.0029348654206842184,-0.6022313237190247,0.0,0.0,0.0021103471517562866,-0.0029348654206842184,0.0,0.0,0.0,0.0,0.0,0.0,0.0,0.0,0.0,0.0,0.0,0.10790261626243591,0.0,-0.0,-0.0,0.0,0.0,0.10790261626243591,0.22429516911506653,0.14276927709579468,11.641422271728516,0.01926460675895214,-0.012251829728484154,0.0,0.0,0.023972852155566216,-0.00989010464400053,0.043237458914518356,-0.02214193344116211,-0.06869035959243774,0.017504749819636345,-1.7914921045303345e-05,11.655169486999512,5.917159080505371,5.738009929656982,1757.0,1746.0,0.0,3537967487,20302,959
827477062,2,320,27771,8830,410707149,410708,404515,532,-1186,5598,-5107,209,-227,15,29.15625,0.09317035973072052,0.19430160522460938,0.9159173369407654,3.2977476119995117,-3.3180041313171387,-1.781930923461914,0.4262288808822632,0.5750468373298645,1.1699838638305664,1500,1500,1509,1500,2000,1000,1000,1000,1528,1524,1473,1759,1745,1,1,1,1,1,1,1,0,1,1,0,0,stabilized_mix,-0.06322070211172104,-0.06712557375431061,-0.2932923138141632,-0.0023202968295663595,0.0029411111027002335,-0.603019118309021,0.0,0.0,0.0023202968295663595,-0.0029411111027002335,0.0,0.0,0.0,0.0,0.0,0.0,0.0,0.0,0.0,0.0,0.0,0.10721936821937561,0.0,-0.0,-0.0,0.0,0.0,0.10721936821937561,0.2105199694633484,0.1595674753189087,11.642143249511719,0.018080607056617737,-0.013692598789930344,0.0,0.0,0.024747153744101524,-0.024596072733402252,0.04282776266336441,-0.038288671523332596,-0.06837797164916992,0.004665084648877382,-2.229947131127119e-05,11.661375045776367,5.942184925079346,5.71919059753418,1759.0,1745.0,0.0,2836062612,20302,959
827477062,2,320,27772,8830,410711181,410712,404519,540,-4497,8705,794,-25,196,-255,29.21875,-0.04193601757287979,-0.07632263749837875,1.0694143772125244,4.342658042907715,-1.0417543649673462,-1.28822660446167,0.3348231911659241,0.5701209902763367,1.1523370742797852,1500,1500,1510,1500,2000,1000,1000,1000,1528,1528,1484,1759,1745,1,1,1,1,1,1,1,0,1,1,0,0,stabilized_mix,-0.09113029390573502,0.1908988058567047,-0.36185359954833984,-0.0024766058195382357,0.0029438002966344357,-0.6036708354949951,0.0,0.0,0.0024766058195382357,-0.0029438002966344357,0.0,0.0,0.0,0.0,0.0,0.0,0.0,0.0,0.0,0.0,0.0,0.10721936821937561,0.0,-0.0,-0.0,0.0,0.0,0.10721936821937561,0.19959810376167297,0.13249386847019196,11.642197608947754,0.017142686992883682,-0.011376463808119297,0.0,0.0,0.0077698323875665665,-0.032389331609010696,0.02491251938045025,-0.04376579448580742,-0.06745398789644241,0.0033725695684552193,-2.2428459487855434e-05,11.656973838806152,5.940629005432129,5.716344833374023,1759.0,1745.0,0.0,4128746030,20302,959
827477062,2,320,27773,8830,410715212,410716,404523,544,8578,10752,1350,139,-309,9,29.25,0.07827961444854736,-0.08216039091348648,1.0075430870056152,1.7673542499542236,-4.05331563949585,-5.348071575164795,0.3919452428817749,0.5810418725013733,1.1440744400024414,1500,1500,1510,1500,2000,1000,1000,1000,1528,1516,1469,1758,1746,1,1,1,1,1,1,1,0,1,1,0,0,stabilized_mix,-0.024838563054800034,-0.00290815532207489,-0.2819119691848755,-0.0028086837846785784,0.002762589603662491,-0.6043198108673096,0.0,0.0,0.0028086837846785784,-0.002762589603662491,0.0,0.0,0.0,0.0,0.0,0.0,0.0,0.0,0.0,0.0,0.0,0.10721936821937561,0.0,-0.0,-0.0,0.0,0.0,0.10721936821937561,0.2152768224477768,0.141494482755661,11.642376899719238,0.01848869025707245,-0.012138385325670242,0.0,0.0,0.030230827629566193,-0.013181451708078384,0.04871951788663864,-0.025319837033748627,-0.06702135503292084,0.014001218602061272,-1.8557067960500717e-05,11.659945487976074,5.922758102416992,5.737187385559082,1758.0,1746.0,0.0,344575013,20302,959
827477062,2,320,27774,8830,410719240,410720,404527,538,-6907,4333,-1850,89,8,-129,29.203125,0.013841371983289719,0.1541929692029953,0.961756706237793,4.433874130249023,-1.7120583057403564,0.14990364015102386,0.3471122980117798,0.5434934496879578,1.1352624893188477,1500,1500,1511,1500,2000,1000,1000,1000,1529,1528,1481,1759,1745,1,1,1,1,1,1,1,0,1,1,0,0,stabilized_mix,-0.11858032643795013,0.05559256672859192,-0.3229142129421234,-0.0032121583353728056,0.003006914397701621,-0.6050246953964233,0.0,0.0,0.0032121583353728056,-0.003006914397701621,0.0,0.0,0.0,0.0,0.0,0.0,0.0,0.0,0.0,0.0,0.0,0.10712525248527527,0.0,-0.0,-0.0,0.0,0.0,0.10712525248527527,0.19200018048286438,0.13365527987480164,11.6423978805542,0.016489967703819275,-0.011474629864096642,0.0,0.0,0.01276901550590992,-0.03306908905506134,0.029258983209729195,-0.04454372078180313,-0.06655996292829514,-0.0003924468473996967,-2.3433356545865536e-05,11.658947944641113,5.946640968322754,5.712307453155518,1759.0,1745.0,0.0,4222684310,20302,959
827477062,2,320,27781,8836,410747409,410748,404555,558,3060,11142,2108,107,-173,-213,29.359375,0.015853196382522583,-0.14456340670585632,1.0318801403045654,4.183895111083984,-3.2067148685455322,-4.327455997467041,0.20897424221038818,0.5801967978477478,1.0583610534667969,1500,1500,1515,1500,2000,1000,1000,1000,1533,1524,1474,1758,1747,1,1,1,1,1,1,1,0,1,1,0,0,stabilized_mix,0.012247507460415363,0.14416655898094177,-0.245394766330719,-0.0037219380028545856,0.0028955480083823204,-0.6085478663444519,0.0,0.0,0.0037219380028545856,-0.0028955480083823204,0.0,0.0,0.0,0.0,0.0,0.0,0.0,0.0,0.0,0.0,0.0,0.10586881637573242,0.0,-0.0,-0.0,0.0,0.0,0.10586881637573242,0.20574131608009338,0.08069697767496109,11.6441650390625,0.01766720972955227,-0.006924149580299854,0.0,0.0,0.023912956938147545,-0.03119993768632412,0.041580166667699814,-0.03812408819794655,-0.0625334084033966,0.01132925320416689,-1.7921440303325653e-05,11.662712097167969,5.920963287353516,5.741748809814453,1758.0,1747.0,0.0,3961122693,20302,959
827477062,2,320,27782,8836,410751445,410752,404559,552,2902,8067,-772,76,-142,41,29.3125,0.05878874659538269,0.08795437216758728,0.9806892275810242,2.304826259613037,-1.5568971633911133,-1.8265407085418701,0.25656723976135254,0.577807605266571,1.0506739616394043,1500,1500,1515,1500,2000,1000,1000,1000,1533,1516,1482,1758,1746,1,1,1,1,1,1,1,0,1,1,0,0,stabilized_mix,0.0015151482075452805,-0.04612891003489494,-0.24652154743671417,-0.003773793112486601,0.0028670048341155052,-0.6089940667152405,0.0,0.0,0.003773793112486601,-0.0028670048341155052,0.0,0.0,0.0,0.0,0.0,0.0,0.0,0.0,0.0,0.0,0.0,0.10586881637573242,0.0,-0.0,-0.0,0.0,0.0,0.10586881637573242,0.20143450796604156,0.09297877550125122,11.644172668457031,0.017297444865107536,-0.0079814987257123,0.0,0.0,0.011610009707510471,-0.01718742772936821,0.028907455503940582,-0.025168925523757935,-0.06213091313838959,0.004781872499734163,-2.0072213374078274e-05,11.652729988098145,5.926726341247559,5.726004123687744,1758.0,1746.0,0.0,645744781,20302,959
827477062,2,320,27783,8836,410755565,410756,404563,550,-8063,7620,-1043,-37,83,-233,29.296875,-0.011386848986148834,0.05604793131351471,1.0376278162002563,5.885998725891113,-1.2764642238616943,-0.9304713010787964,0.1615784764289856,0.5560527443885803,1.0382585525512695,1500,1500,1515,1500,2000,1000,1000,1000,1533,1532,1483,1758,1746,1,1,1,1,1,1,1,0,1,1,0,0,stabilized_mix,-0.05946895480155945,0.1573493480682373,-0.28245115280151367,-0.0038546023424714804,0.0031397754792124033,-0.6094064712524414,0.0,0.0,0.0038546023424714804,-0.0031397754792124033,0.0,0.0,0.0,0.0,0.0,0.0,0.0,0.0,0.0,0.0,0.0,0.10519739985466003,0.0,-0.0,-0.0,0.0,0.0,0.10519739985466003,0.19321651756763458,0.06745007634162903,11.644815444946289,0.016590971499681473,-0.00579024525359273,0.0,0.0,0.009518254548311234,-0.043890330940485,0.026109226047992706,-0.04968057572841644,-0.061480846256017685,0.0024359682574868202,-2.0665698684751987e-05,11.663175582885742,5.934916019439697,5.728259086608887,1758.0,1746.0,0.0,3638813774,20302,959
827477062,2,320,27784,8836,410759509,410760,404567,542,10361,9774,990,133,-266,-130,29.234375,0.026897134259343147,-0.21187159419059753,1.0063525438308716,2.363851547241211,-2.7862186431884766,-5.1243085861206055,0.18142050504684448,0.5805502533912659,1.0282063484191895,1500,1500,1515,1500,2000,1000,1000,1000,1533,1515,1476,1757,1747,1,1,1,1,1,1,1,0,1,1,0,0,stabilized_mix,0.002704911632463336,0.08093167096376419,-0.22523027658462524,-0.0038783459458500147,0.0028728730976581573,-0.6097436547279358,0.0,0.0,0.0038783459458500147,-0.0028728730976581573,0.0,0.0,0.0,0.0,0.0,0.0,0.0,0.0,0.0,0.0,0.0,0.10519739985466003,0.0,-0.0,-0.0,0.0,0.0,0.10519739985466003,0.20443974435329437,0.0667615458369255,11.645112991333008,0.017554037272930145,-0.005728735588490963,0.0,0.0,0.020775562152266502,-0.017626164481043816,0.0383296012878418,-0.023354899138212204,-0.060954511165618896,0.013415408320724964,-1.663865987211466e-05,11.656851768493652,5.911619186401367,5.745232582092285,1757.0,1747.0,0.0,1970701211,20302,959
827477062,2,320,27785,8836,410763540,410764,404571,542,-4999,6028,-4013,39,0,5,29.234375,0.105406753718853,0.24804261326789856,0.9597170352935791,4.152414321899414,-0.8111358880996704,0.23002229630947113,0.2037811279296875,0.5688167214393616,1.0227246284484863,1500,1500,1519,1500,2000,1000,1000,1000,1536,1524,1485,1758,1745,1,1,1,1,1,1,1,0,1,1,0,0,stabilized_mix,-0.03259585425257683,-0.049398377537727356,-0.2540172040462494,-0.004106785636395216,0.003074820153415203,-0.6102020144462585,0.0,0.0,0.004106785636395216,-0.003074820153415203,0.0,0.0,0.0,0.0,0.0,0.0,0.0,0.0,0.0,0.0,0.0,0.10519739985466003,0.0,-0.0,-0.0,0.0,0.0,0.10519739985466003,0.19672079384326935,0.0784253180027008,11.644865036010742,0.01689174398779869,-0.0067328824661672115,0.0,0.0,0.006048399489372969,-0.030963320285081863,0.022940143942832947,-0.03769620135426521,-0.0606674924492836,-0.0006021969602443278,-2.1444400772452354e-05,11.656210899353027,5.935327529907227,5.720883846282959,1758.0,1745.0,0.0,1200130105,20303,960
827477062,2,320,27786,8836,410767572,410768,404575,536,-5055,10242,2940,-50,101,-360,29.1875,-0.06295014917850494,-0.14021308720111847,1.0739446878433228,5.935464859008789,-1.2545888423919678,-1.887683391571045,0.09271005541086197,0.5558639168739319,1.008833408355713,1500,1500,1520,1500,2000,1000,1000,1000,1537,1529,1484,1771,1759,1,1,1,1,1,1,1,0,1,1,0,0,stabilized_mix,-0.07671079784631729,0.24333646893501282,-0.2762741446495056,-0.004063514526933432,0.003145109163597226,-0.6105439066886902,0.0,0.0,0.004063514526933432,-0.003145109163597226,0.0,0.0,0.0,0.0,0.0,0.0,0.0,0.0,0.0,0.0,0.0,0.09241094440221786,0.0,-0.0,-0.0,0.0,0.0,-0.25278905034065247,0.1971067190170288,0.04408230260014534,12.07442569732666,0.016322864219546318,-0.00364969321526587,0.0,0.0,0.00902227871119976,-0.04268443584442139,0.02534514293074608,-0.04633412882685661,-0.059940144419670105,0.004941943567246199,-1.92493898794055e-05,12.091280937194824,6.141887664794922,5.9493937492370605,1771.0,1759.0,0.012000000104308128,3817268330,20303,960
827477062,2,320,27787,8836,410771603,410772,404579,532,11080,8510,1504,116,-390,115,29.15625,0.0684342086315155,-0.02851589024066925,0.9556076526641846,0.7487640380859375,-1.8683621883392334,-4.3802571296691895,0.20939430594444275,0.5956037640571594,1.005112648010254,1500,1500,1520,1500,2000,1000,1000,1000,1537,1507,1480,1770,1760,1,1,1,1,1,1,1,0,1,1,0,0,stabilized_mix,0.02237720973789692,-0.10040184110403061,-0.20788922905921936,-0.004182511940598488,0.0028117613401263952,-0.6109395027160645,0.0,0.0,0.004182511940598488,-0.0028117613401263952,0.0,0.0,0.0,0.0,0.0,0.0,0.0,0.0,0.0,0.0,0.0,0.09241094440221786,0.0,-0.0,-0.0,0.0,0.0,-0.25278905034065247,0.21207931637763977,0.07455474883317947,12.074688911437988,0.017562152817845345,-0.006171421147882938,0.0,0.0,0.013435889966785908,-0.0053845616057515144,0.030998043715953827,-0.011555982753634453,-0.05974532663822174,0.01146748661994934,-1.689721830189228e-05,12.081298828125,6.12513542175293,5.956162929534912,1770.0,1760.0,0.012000000104308128,357817744,20303,960
827477062,2,320,27788,8836,410775680,410776,404583,530,-13355,4900,-5896,-63,149,-213,29.140625,0.05616246908903122,0.2539044916629791,0.9941021203994751,6.936859130859375,0.27039283514022827,1.2756884098052979,0.12856075167655945,0.558229386806488,0.9962291717529297,1500,1500,1520,1500,2000,1000,1000,1000,1537,1535,1491,1772,1759,1,1,1,1,1,1,1,0,1,1,0,0,stabilized_mix,-0.08681558817625046,0.06488101184368134,-0.28906115889549255,-0.004274067934602499,0.0031767706386744976,-0.6113972663879395,0.0,0.0,0.004274067934602499,-0.0031767706386744976,0.0,0.0,0.0,0.0,0.0,0.0,0.0,0.0,0.0,0.0,0.0,0.09154977649450302,0.0,-0.0,-0.0,0.0,0.0,-0.2536502182483673,0.19516877830028534,0.05859740823507309,12.075258255004883,0.016161294654011726,-0.004852155223488808,0.0,0.0,-0.0019443752244114876,-0.049882449209690094,0.014216919429600239,-0.05473460257053375,-0.05928019434213638,-0.0033397446386516094,-2.1916930563747883e-05,12.094590187072754,6.156879901885986,5.937710762023926,1772.0,1759.0,0.012000000104308128,3465883833,20303,960
827477062,2,320,27789,8836,410779669,410780,404587,562,8814,12206,2820,39,-128,-246,29.390625,-0.023633688688278198,-0.3284631073474884,1.0643064975738525,2.922987461090088,-1.8494808673858643,-5.217336654663086,0.09809207171201706,0.5985984206199646,0.9824967384338379,1500,1500,1520,1500,2000,1000,1000,1000,1537,1515,1480,1770,1760,1,1,1,1,1,1,1,0,1,1,0,0,stabilized_mix,0.005647588521242142,0.1664511114358902,-0.23875874280929565,-0.004177860915660858,0.0027845033910125494,-0.6116867065429688,0.0,0.0,0.004177860915660858,-0.0027845033910125494,0.0,0.0,0.0,0.0,0.0,0.0,0.0,0.0,0.0,0.0,0.0,0.09154977649450302,0.0,-0.0,-0.0,0.0,0.0,-0.2536502182483673,0.21300607919692993,0.03969772905111313,12.075642585754395,0.01763748750090599,-0.003285836661234498,0.0,0.0,0.013299058191478252,-0.021018320694565773,0.030936546623706818,-0.024304157122969627,-0.05856116861104965,0.013658955693244934,-1.571571920067072e-05,12.084993362426758,6.12107515335083,5.963918209075928,1770.0,1760.0,0.012000000104308128,3131105365,20303,960
827477062,2,320,27790,8836,410783705,410784,404591,556,2894,5628,-3261,82,-247,150,29.34375,0.158066064119339,0.21246767044067383,0.9131881594657898,2.445580005645752,-0.863721489906311,-1.0311627388000488,0.20453453063964844,0.6193974614143372,0.984224796295166,1500,1500,1520,1500,2000,1000,1000,1000,1537,1515,1485,1771,1759,1,1,1,1,1,1,1,0,1,1,0,0,stabilized_mix,0.03812592849135399,-0.16239432990550995,-0.22648979723453522,-0.004323096014559269,0.0027109035290777683,-0.6121771335601807,0.0,0.0,0.004323096014559269,-0.0027109035290777683,0.0,0.0,0.0,0.0,0.0,0.0,0.0,0.0,0.0,0.0,0.0,0.09154977649450302,0.0,-0.0,-0.0,0.0,0.0,-0.2536502182483673,0.2186426818370819,0.07634162902832031,12.075498580932617,0.018104327842593193,-0.006320073734968901,0.0,0.0,0.006210834253579378,-0.01758563704788685,0.024315161630511284,-0.023905711248517036,-0.058651648461818695,0.0026995777152478695,-1.9583269022405148e-05,12.082521438598633,6.139177322387695,5.943344593048096,1771.0,1759.0,0.012000000104308128,1132321309,20303,960
827477062,2,320,27791,8836,410787735,410788,404595,554,-12444,7607,1053,-131,271,-406,29.328125,-0.07431944459676743,0.007013887166976929,1.074203610420227,7.175621032714844,0.5633491277694702,0.2492067813873291,0.05795617774128914,0.5915208458900452,0.9683761596679688,1500,1500,1520,1500,2000,1000,1000,1000,1537,1534,1492,1771,1759,1,1,1,1,1,1,1,0,1,1,0,0,stabilized_mix,-0.06833907961845398,0.21736732125282288,-0.31393197178840637,-0.004256389569491148,0.0029012812301516533,-0.6125708222389221,0.0,0.0,0.004256389569491148,-0.0029012812301516533,0.0,0.0,0.0,0.0,0.0,0.0,0.0,0.0,0.0,0.0,0.0,0.09168999642133713,0.0,-0.0,-0.0,0.0,0.0,-0.2535099983215332,0.20643550157546997,0.031084660440683365,12.075064659118652,0.01709435135126114,-0.0025740608107298613,0.0,0.0,-0.004051067400723696,-0.05160019174218178,0.01304328441619873,-0.05417425185441971,-0.057821810245513916,-0.0006524218479171395,-2.0465929992496967e-05,12.093833923339844,6.149246692657471,5.944587230682373,1771.0,1759.0,0.012000000104308128,3105594702,20303,960
827477062,2,320,27792,8836,410791768,410792,404599,538,13817,11248,2625,108,-415,47,29.203125,0.0627874806523323,-0.19598935544490814,0.9923208951950073,0.15290683507919312,-2.1707565784454346,-6.273015975952148,0.15898701548576355,0.6562617421150208,0.9614243507385254,1500,1500,1520,1500,2000,1000,1000,1000,1537,1504,1478,1769,1761,1,1,1,1,1,1,1,0,1,1,0,0,stabilized_mix,0.08013031631708145,-0.043461874127388,-0.20565590262413025,-0.004152100067585707,0.002319267950952053,-0.6129348278045654,0.0,0.0,0.004152100067585707,-0.002319267950952053,0.0,0.0,0.0,0.0,0.0,0.0,0.0,0.0,0.0,0.0,0.0,0.09168999642133713,0.0,-0.0,-0.0,0.0,0.0,-0.2535099983215332,0.23286350071430206,0.05550284683704376,12.075516700744629,0.019281547516584396,-0.004593482706695795,0.0,0.0,0.015609418042004108,-0.0010995183838531375,0.03489096462726593,-0.005693001206964254,-0.0574578195810318,0.01642271876335144,-1.4362274669110775e-05,12.083066940307617,6.113344669342041,5.969721794128418,1769.0,1761.0,0.012000000104308128,2623569307,20303,960
827477062,2,320,27799,8842,410819984,410820,404627,544,-5448,9207,2816,-175,258,-374,29.25,-0.0739566907286644,-0.13857533037662506,1.1098036766052246,5.363063812255859,1.9392958879470825,-0.5458712577819824,0.059793632477521896,0.6900913119316101,0.9065780639648438,1500,1500,1520,1500,2000,1000,1000,1000,1537,1526,1496,1771,1759,1,1,1,1,1,1,1,0,1,1,0,0,stabilized_mix,-0.05670406296849251,0.22055938839912415,-0.3782736361026764,-0.004088497720658779,0.001118607702665031,-0.6168491840362549,0.0,0.0,0.004088497720658779,-0.001118607702665031,0.0,0.0,0.0,0.0,0.0,0.0,0.0,0.0,0.0,0.0,0.0,0.09332966059446335,0.0,-0.0,-0.0,0.0,0.0,-0.251870334148407,0.2413371205329895,0.02208496816456318,12.073068618774414,0.019987046718597412,-0.0018292400054633617,0.0,0.0,-0.013947864063084126,-0.038572393357753754,0.006039182655513287,-0.0404016338288784,-0.05458607152104378,0.0014290877152234316,-1.8604914657771587e-05,12.083148956298828,6.134599208831787,5.948550224304199,1771.0,1759.0,0.012000000104308128,68080908,20303,960
827477062,2,320,27800,8842,410824018,410824,404631,536,11610,9872,382,75,-426,122,29.1875,0.12270890176296234,-0.06651023030281067,0.9711101055145264,0.5941712856292725,-1.1563098430633545,-4.914064407348633,0.1723603904247284,0.7445465922355652,0.9061069488525391,1500,1500,1534,1500,2000,1000,1000,1000,1549,1506,1481,1780,1769,1,1,1,1,1,1,1,0,1,1,0,0,stabilized_mix,0.06395026296377182,-0.09064656496047974,-0.27420008182525635,-0.004159184172749519,0.000715704751200974,-0.6175276041030884,0.0,0.0,0.004159184172749519,-0.000715704751200974,0.0,0.0,0.0,0.0,0.0,0.0,0.0,0.0,0.0,0.0,0.0,0.08492965996265411,0.0,-0.0,-0.0,0.0,0.0,-0.501910388469696,0.2649262845516205,0.06100604683160782,12.373279571533203,0.02140789106488228,-0.004928278271108866,0.0,0.0,0.008114666678011417,-0.004169731866568327,0.02952255681157112,-0.009098010137677193,-0.05456140637397766,0.012864991091191769,-1.4593708328902721e-05,12.379185676574707,6.262561321258545,6.116624355316162,1780.0,1769.0,0.020400002598762512,181907959,20303,960
827477062,2,320,27801,8842,410828049,410828,404635,538,-11041,4095,-2846,-35,181,-216,29.203125,0.012991052120923996,0.22406184673309326,0.9734686613082886,6.336160182952881,2.0739400386810303,2.9446420669555664,0.1136566698551178,0.7148999571800232,0.9021873474121094,1500,1500,1534,1500,2000,1000,1000,1000,1549,1531,1496,1783,1768,1,1,1,1,1,1,1,0,1,1,0,0,stabilized_mix,-0.06130438297986984,0.03912338614463806,-0.37211987376213074,-0.004085184074938297,0.0009097040165215731,-0.6183645725250244,0.0,0.0,0.004085184074938297,-0.0009097040165215731,0.0,0.0,0.0,0.0,0.0,0.0,0.0,0.0,0.0,0.0,0.0,0.08444692194461823,0.0,-0.0,-0.0,0.0,0.0,-0.5023931264877319,0.25349751114845276,0.04305179417133331,12.373583793640137,0.02048412710428238,-0.003479256061837077,0.0,0.0,-0.014553987421095371,-0.0444643497467041,0.005930139683187008,-0.0479436069726944,-0.0543561726808548,-0.007709055207669735,-2.1722866222262383e-05,12.388035774230957,6.302631855010986,6.0854034423828125,1783.0,1768.0,0.020400002598762512,433683059,20303,960
827477062,2,320,27802,8842,410831142,410832,404638,534,10688,11183,2325,-21,-307,13,29.171875,0.07542406022548676,-0.16992716491222382,1.0158054828643799,0.9736847281455994,-0.360474556684494,-4.9448041915893555,0.1396617740392685,0.777675449848175,0.8950519561767578,1500,1500,1534,1500,2000,1000,1000,1000,1549,1507,1484,1780,1769,1,1,1,1,1,1,1,0,1,1,0,0,stabilized_mix,0.07492869347333908,0.0008653029799461365,-0.3008349537849426,-0.003954576328396797,0.00048884964780882,-0.6188398003578186,0.0,0.0,0.003954576328396797,-0.00048884964780882,0.0,0.0,0.0,0.0,0.0,0.0,0.0,0.0,0.0,0.0,0.0,0.08444692194461823,0.0,-0.0,-0.0,0.0,0.0,-0.5023931264877319,0.2766178846359253,0.04964756220579147,12.373711585998535,0.022351564839482307,-0.004011078737676144,0.0,0.0,0.0025296236854046583,-0.006832815241068602,0.024881187826395035,-0.010843893513083458,-0.05398256331682205,0.012945467606186867,-1.4362973161041737e-05,12.378270149230957,6.260950088500977,6.117320537567139,1780.0,1769.0,0.020400002598762512,4211236291,20303,960
827477062,2,320,27803,8842,410835142,410836,404642,538,-6774,4664,-4147,44,-21,-101,29.203125,0.07186903059482574,0.24394968152046204,0.9399706125259399,5.138370513916016,1.2032274007797241,1.604092001914978,0.1282130777835846,0.7628317475318909,0.8938708305358887,1500,1500,1534,1500,2000,1000,1000,1000,1549,1525,1491,1782,1768,1,1,1,1,1,1,1,0,1,1,0,0,stabilized_mix,-0.015345310792326927,-0.03716161102056503,-0.3552665412425995,-0.003958834335207939,0.0006409910856746137,-0.6197200417518616,0.0,0.0,0.003958834335207939,-0.0006409910856746137,0.0,0.0,0.0,0.0,0.0,0.0,0.0,0.0,0.0,0.0,0.0,0.08444692194461823,0.0,-0.0,-0.0,0.0,0.0,-0.5023931264877319,0.27083396911621094,0.047661714255809784,12.373571395874023,0.021884605288505554,-0.0038515294436365366,0.0,0.0,-0.008443721570074558,-0.036058831959962845,0.013440883718430996,-0.03991036117076874,-0.053920723497867584,-0.00419950345531106,-2.034206409007311e-05,12.384551048278809,6.293985843658447,6.090565204620361,1782.0,1768.0,0.020400002598762512,458252542,20304,961
827477062,2,320,27804,8842,410839191,410840,404646,562,-1086,10445,3698,-206,152,-244,29.390625,-0.05547657608985901,-0.1527951955795288,1.0993739366531372,3.8071742057800293,2.6994380950927734,-1.5657954216003418,0.07396991550922394,0.7967986464500427,0.8812932968139648,1500,1500,1534,1500,2000,1000,1000,1000,1549,1518,1498,1781,1769,1,1,1,1,1,1,1,0,1,1,0,0,stabilized_mix,0.01589900627732277,0.16625575721263885,-0.39046138525009155,-0.00360732595436275,0.0005597207928076386,-0.6204648613929749,0.0,0.0,0.00360732595436275,-0.0005597207928076386,0.0,0.0,0.0,0.0,0.0,0.0,0.0,0.0,0.0,0.0,0.0,0.08343316614627838,0.0,-0.0,-0.0,0.0,0.0,-0.5034068822860718,0.28137367963790894,0.02897283434867859,12.374652862548828,0.022733988240361214,-0.002341283718124032,0.0,0.0,-0.018941815942525864,-0.026714744046330452,0.00379217229783535,-0.02905602753162384,-0.05326216667890549,0.004099242854863405,-1.7206999473273754e-05,12.37996768951416,6.2760186195373535,6.103949069976807,1781.0,1769.0,0.020400002598762512,3121130667,20304,961
827477062,2,320,27805,8842,410843234,410844,404650,568,7734,9846,-2597,51,-306,56,29.4375,0.14131616055965424,0.015552029013633728,0.9805192351341248,1.990695834159851,-0.019583940505981445,-2.6111361980438232,0.14921706914901733,0.8284074664115906,0.8842263221740723,1500,1500,1534,1500,2000,1000,1000,1000,1549,1512,1485,1781,1769,1,1,1,1,1,1,1,0,1,1,0,0,stabilized_mix,0.0723528042435646,-0.08335845917463303,-0.32325294613838196,-0.0035842498764395714,0.0003467534261289984,-0.6213183403015137,0.0,0.0,0.0035842498764395714,-0.0003467534261289984,0.0,0.0,0.0,0.0,0.0,0.0,0.0,0.0,0.0,0.0,0.0,0.08343316614627838,0.0,-0.0,-0.0,0.0,0.0,-0.5034068822860718,0.29458749294281006,0.05434315279126167,12.374733924865723,0.02380106784403324,-0.004390173591673374,0.0,0.0,0.00013741859584115446,-0.013968518003821373,0.023938486352562904,-0.018358692526817322,-0.05341573432087898,0.006835938896983862,-1.630291808396578e-05,12.380366325378418,6.271697521209717,6.108668327331543,1781.0,1769.0,0.020400002598762512,158304449,20304,961
827477062,2,320,27806,8842,410847225,410848,404654,544,-7738,5141,-433,-35,189,-204,29.25,-0.017463669180870056,0.11660748720169067,1.0007961988449097,5.070550918579102,2.5149192810058594,2.4631032943725586,0.08270178735256195,0.8155497908592224,0.8797383308410645,1500,1500,1534,1500,2000,1000,1000,1000,1549,1524,1496,1783,1768,1,1,1,1,1,1,1,0,1,1,0,0,stabilized_mix,-0.03347096964716911,0.06998712569475174,-0.4053502380847931,-0.003369953716173768,0.0006779998657293618,-0.622234046459198,0.0,0.0,0.003369953716173768,-0.0006779998657293618,0.0,0.0,0.0,0.0,0.0,0.0,0.0,0.0,0.0,0.0,0.0,0.08277420699596405,0.0,-0.0,-0.0,0.0,0.0,-0.5040658116340637,0.2879211902618408,0.03390601649880409,12.375382423400879,0.02326144278049469,-0.0027397454250603914,0.0,0.0,-0.01764601655304432,-0.035577695816755295,0.005615426227450371,-0.03831744194030762,-0.0531807504594326,-0.006448389496654272,-2.0870240405201912e-05,12.384668350219727,6.296685695648193,6.087983131408691,1783.0,1768.0,0.020400002598762512,1809712677,20304,961
827477062,2,320,27807,8842,410851239,410852,404658,556,3655,10191,3656,-199,-89,-118,29.34375,-0.006238289177417755,-0.14787881076335907,1.0642246007919312,2.660733222961426,2.3111701011657715,-3.425264835357666,0.09074730426073074,0.8470095992088318,0.8731784820556641,1500,1500,1535,1500,2000,1000,1000,1000,1549,1514,1495,1781,1770,1,1,1,1,1,1,1,0,1,1,0,0,stabilized_mix,0.02534765563905239,0.07973061501979828,-0.38968273997306824,-0.0032883062958717346,0.00038295521517284214,-0.6230897903442383,0.0,0.0,0.0032883062958717346,-0.00038295521517284214,0.0,0.0,0.0,0.0,0.0,0.0,0.0,0.0,0.0,0.0,0.0,0.08217421174049377,0.0,-0.0,-0.0,0.0,0.0,-0.5219258069992065,0.2995242178440094,0.03439733758568764,12.396785736083984,0.024156741797924042,-0.002774602733552456,0.0,0.0,-0.016188407316803932,-0.01863689348101616,0.00796833448112011,-0.02141149714589119,-0.052837271243333817,0.008967322297394276,-1.535448245704174e-05,12.400022506713867,6.276783466339111,6.123239040374756,1781.0,1770.0,0.021000001579523087,3993480562,20304,961
827477062,2,320,27808,8842,410855267,410856,404662,524,874,8126,-4528,16,-145,-42,29.09375,0.10614601522684097,0.10293033719062805,0.9730381965637207,3.210383892059326,1.235060214996338,-0.26740562915802,0.1222212016582489,0.8510459065437317,0.8751740455627441,1500,1500,1535,1500,2000,1000,1000,1000,1549,1517,1490,1782,1769,1,1,1,1,1,1,1,0,1,1,0,0,stabilized_mix,-0.003935337066650391,-0.05391714349389076,-0.37829113006591797,-0.0033820513635873795,0.0003008342464454472,-0.6241093873977661,0.0,0.0,0.0033820513635873795,-0.0003008342464454472,0.0,0.0,0.0,0.0,0.0,0.0,0.0,0.0,0.0,0.0,0.0,0.08217421174049377,0.0,-0.0,-0.0,0.0,0.0,-0.5219258069992065,0.30191802978515625,0.046250224113464355,12.396815299987793,0.024349670857191086,-0.00373033806681633,0.0,0.0,-0.00865085981786251,-0.022486822679638863,0.015698811039328575,-0.026217160746455193,-0.052941761910915375,0.0007000662735663354,-1.8284539692103863e-05,12.402604103088379,6.292725086212158,6.109879493713379,1782.0,1769.0,0.021000001579523087,3226164669,20304,961
827477062,2,320,27809,8842,410859302,410860,404666,540,-4704,8422,-136,-95,201,-149,29.21875,-0.013975120149552822,0.037571296095848083,1.0538166761398315,3.843104362487793,3.319328546524048,1.6529442071914673,0.07375483959913254,0.8596735596656799,0.8710341453552246,1500,1500,1535,1500,2000,1000,1000,1000,1549,1519,1499,1783,1768,1,1,1,1,1,1,1,0,1,1,0,0,stabilized_mix,-0.043263424187898636,0.0735577940940857,-0.4517461359500885,-0.003268116619437933,0.0006289076991379261,-0.625171959400177,0.0,0.0,0.003268116619437933,-0.0006289076991379261,0.0,0.0,0.0,0.0,0.0,0.0,0.0,0.0,0.0,0.0,0.0,0.08174589276313782,0.0,-0.0,-0.0,0.0,0.0,-0.5223541259765625,0.3032096028327942,0.029677418991923332,12.397177696228027,0.02445307932794094,-0.0023938787635415792,0.0,0.0,-0.02324923686683178,-0.026917865499854088,0.0012038424611091614,-0.02931174449622631,-0.05272499844431877,-0.004327397793531418,-1.9968370907008648e-05,12.402514457702637,6.3010993003845215,6.101415634155273,1783.0,1768.0,0.021000001579523087,3002720403,20304,961
827477062,2,320,27810,8842,410863338,410864,404670,532,4163,10859,2221,-118,-134,-105,29.15625,0.045977942645549774,-0.09147314727306366,1.063354730606079,3.1212363243103027,1.9729912281036377,-2.410496234893799,0.07903704047203064,0.8917315602302551,0.8696436882019043,1500,1500,1535,1500,2000,1000,1000,1000,1549,1515,1493,1782,1770,1,1,1,1,1,1,1,0,1,1,0,0,stabilized_mix,0.02164381556212902,0.049905017018318176,-0.4374036192893982,-0.0033082056324929,0.0004239543923176825,-0.626268744468689,0.0,0.0,0.0033082056324929,-0.0004239543923176825,0.0,0.0,0.0,0.0,0.0,0.0,0.0,0.0,0.0,0.0,0.0,0.08174589276313782,0.0,-0.0,-0.0,0.0,0.0,-0.5223541259765625,0.3157363533973694,0.03070705011487007,12.397168159484863,0.02546292170882225,-0.002476767636835575,0.0,0.0,-0.013819234445691109,-0.02186177670955658,0.011643687263131142,-0.02433854341506958,-0.05265219509601593,0.0063106645829975605,-1.6219564713537693e-05,12.401681900024414,6.281938552856445,6.1197428703308105,1782.0,1770.0,0.021000001579523087,2982274896,20304,961
827477062,2,320,27817,8848,410891563,410892,404698,552,-1695,6771,-4108,-84,-9,78,29.3125,0.11175788938999176,0.2179555892944336,1.0005159378051758,2.307568073272705,3.5654962062835693,2.154757261276245,0.0964568704366684,0.9962463974952698,0.873441219329834,1500,1500,1535,1500,2000,1000,1000,1000,1549,1512,1498,1783,1768,1,1,1,1,1,1,1,0,1,1,0,0,stabilized_mix,-0.01176866888999939,-0.11657529324293137,-0.5365232229232788,-0.003331931307911873,-7.211254705907777e-05,-0.6359303593635559,0.0,0.0,0.003331931307911873,7.211254705907777e-05,0.0,0.0,0.0,0.0,0.0,0.0,0.0,0.0,0.0,0.0,0.0,0.0837746262550354,0.0,0.0,0.0,0.0,0.0,-0.5203253626823425,0.35556328296661377,0.03389348089694977,12.39423656463623,0.028679925948381424,-0.0027345907874405384,0.0,0.0,-0.024979369714856148,-0.016166500747203827,0.003700556233525276,-0.018901091068983078,-0.052851028740406036,-0.005641141906380653,-2.0472216419875622e-05,12.396535873413086,6.300629138946533,6.095906734466553,1783.0,1768.0,0.021000001579523087,4093921829,20304,961
827477062,2,320,27818,8848,410895687,410896,404702,540,-7193,10870,1935,-223,223,-320,29.21875,-0.06001170352101326,-0.05659329891204834,1.111818790435791,5.323139190673828,3.5567750930786133,0.9607927799224854,-0.011633582413196564,0.9808000922203064,0.8683333396911621,1500,1500,1536,1500,2000,1000,1000,1000,1550,1523,1498,1784,1769,1,1,1,1,1,1,1,0,1,1,0,0,stabilized_mix,-0.0903567224740982,0.17814908921718597,-0.569993257522583,-0.0031984078232198954,4.729921784019098e-05,-0.637453556060791,0.0,0.0,0.0031984078232198954,-4.729921784019098e-05,0.0,0.0,0.0,0.0,0.0,0.0,0.0,0.0,0.0,0.0,0.0,0.08323616534471512,0.0,-0.0,0.0,0.0,0.0,-0.5381238460540771,0.35033825039863586,-0.00532189104706049,12.415667533874512,0.028209945186972618,0.00042864077840931714,0.0,0.0,-0.024875260889530182,-0.03722880035638809,0.0033346842974424362,-0.03680016100406647,-0.05258357897400856,-0.002515349769964814,-1.928466372191906e-05,12.424148559570312,6.308497428894043,6.1156511306762695,1784.0,1769.0,0.02160000056028366,1056710892,20304,961
827477062,2,320,27819,8848,410899629,410900,404706,546,12516,10535,2807,-18,-300,75,29.265625,0.040352292358875275,-0.14159291982650757,1.0181219577789307,-0.3575935363769531,1.9355125427246094,-2.066087484359741,0.07670359313488007,1.0305054187774658,0.8746333122253418,1500,1500,1536,1500,2000,1000,1000,1000,1550,1500,1490,1782,1770,1,1,1,1,1,1,1,0,1,1,0,0,stabilized_mix,0.005295966286212206,-0.05340959131717682,-0.49812638759613037,-0.00332248373888433,-0.00043051093234680593,-0.6389122605323792,0.0,0.0,0.00332248373888433,0.00043051093234680593,0.0,0.0,0.0,0.0,0.0,0.0,0.0,0.0,0.0,0.0,0.0,0.08323616534471512,0.0,0.0,0.0,0.0,0.0,-0.5381238460540771,0.3676851689815521,0.027261991053819656,12.415583610534668,0.029606157913804054,-0.0021955010015517473,0.0,0.0,-0.01353661809116602,0.002500943373888731,0.01606953889131546,0.0003054423723369837,-0.052913445979356766,0.005409004166722298,-1.6626552678644657e-05,12.417187690734863,6.291726589202881,6.125461101531982,1782.0,1770.0,0.02160000056028366,2208537090,20304,961
827477062,2,320,27820,8848,410903661,410904,404710,536,-10040,4800,-6704,-181,186,-24,29.1875,0.09480475634336472,0.3034716248512268,0.978225827217102,4.23118782043457,4.780985355377197,5.037092685699463,0.06595519930124283,1.0096802711486816,0.8831324577331543,1500,1500,1537,1500,2000,1000,1000,1000,1551,1520,1503,1786,1769,1,1,1,1,1,1,1,0,1,1,0,0,stabilized_mix,-0.0888093113899231,-0.051549866795539856,-0.5436884164810181,-0.003657277673482895,-0.00025692934286780655,-0.6404940485954285,0.0,0.0,0.003657277673482895,0.00025692934286780655,0.0,0.0,0.0,0.0,0.0,0.0,0.0,0.0,0.0,0.0,0.0,0.08263616263866425,0.0,0.0,0.0,0.0,0.0,-0.55598384141922,0.3612673878669739,0.022944528609514236,12.436874389648438,0.02903991937637329,-0.0018448595656082034,0.0,0.0,-0.03338008373975754,-0.029541486874222755,-0.004340164363384247,-0.031386345624923706,-0.05335846543312073,-0.013187077827751637,-2.3290980607271194e-05,12.443120002746582,6.338014602661133,6.105104923248291,1786.0,1769.0,0.022200001403689384,3148983228,20304,961
827477062,2,320,27821,8848,410907694,410908,404714,554,1117,10984,4576,-150,155,-328,29.328125,-0.09482193738222122,-0.26210132241249084,1.1022577285766602,3.5623793601989746,2.6499438285827637,-0.919379472732544,-0.012345343828201294,1.0271625518798828,0.8780889511108398,1500,1500,1537,1500,2000,1000,1000,1000,1551,1516,1493,1784,1770,1,1,1,1,1,1,1,0,1,1,0,0,stabilized_mix,-0.0860094353556633,0.21459776163101196,-0.543997049331665,-0.0036199050955474377,-0.0003682479145936668,-0.6419059634208679,0.0,0.0,0.0036199050955474377,0.0003682479145936668,0.0,0.0,0.0,0.0,0.0,0.0,0.0,0.0,0.0,0.0,0.0,0.08232615888118744,0.0,0.0,0.0,0.0,0.0,-0.5562938451766968,0.36657196283340454,-0.004676680080592632,12.437373161315918,0.02946489490568638,0.0003759957035072148,0.0,0.0,-0.01850074902176857,-0.0248709749430418,0.010964145883917809,-0.02449497953057289,-0.05309438332915306,0.0024069298524409533,-1.7740647308528423e-05,12.441853523254395,6.309630393981934,6.132223606109619,1784.0,1770.0,0.022200001403689384,222233046,20305,962
827477062,2,320,27822,8848,410911725,410912,404718,540,9592,8371,249,22,-251,231,29.21875,0.1376567929983139,0.05564720928668976,0.9721043705940247,-0.7240543365478516,2.3142290115356445,-0.46648073196411133,0.12699365615844727,1.070897102355957,0.8885679244995117,1500,1500,1537,1500,2000,1000,1000,1000,1551,1499,1491,1784,1770,1,1,1,1,1,1,1,0,1,1,0,0,stabilized_mix,-0.00022343173623085022,-0.17145004868507385,-0.48555758595466614,-0.003994809929281473,-0.0007380821625702083,-0.6434020400047302,0.0,0.0,0.003994809929281473,0.0007380821625702083,0.0,0.0,0.0,0.0,0.0,0.0,0.0,0.0,0.0,0.0,0.0,0.08232615888118744,0.0,0.0,0.0,0.0,0.0,-0.5562938451766968,0.382153183221817,0.045299869030714035,12.437143325805664,0.030717099085450172,-0.0036419027019292116,0.0,0.0,-0.016157234087586403,0.005055123940110207,0.01455986499786377,0.001413221238180995,-0.053643062710762024,0.0012212437577545643,-1.834763679653406e-05,12.43847370147705,6.310975074768066,6.127498626708984,1784.0,1770.0,0.022200001403689384,3232410559,20305,962
827477062,2,320,27823,8848,410915795,410916,404722,540,-15743,5335,-3536,-273,377,-229,29.21875,-0.019887737929821014,0.2269575297832489,1.0463876724243164,5.914889812469482,5.760865211486816,6.052078723907471,0.036142684519290924,1.0289263725280762,0.893373966217041,1500,1500,1537,1500,2000,1000,1000,1000,1551,1527,1507,1787,1769,1,1,1,1,1,1,1,0,1,1,0,0,stabilized_mix,-0.15736110508441925,0.06969092786312103,-0.5783631205558777,-0.0040606968104839325,-0.0005444409907795489,-0.6449398994445801,0.0,0.0,0.0040606968104839325,0.0005444409907795489,0.0,0.0,0.0,0.0,0.0,0.0,0.0,0.0,0.0,0.0,0.0,0.08142466843128204,0.0,0.0,-0.0,0.0,0.0,-0.5571953654289246,0.36508846282958984,0.015339642763137817,12.43822956085205,0.029343700036406517,-0.0012331922771409154,0.0,0.0,-0.040217071771621704,-0.041292328387498856,-0.010873371735215187,-0.0425255224108696,-0.053894709795713425,-0.015844305977225304,-2.4408684112131596e-05,12.450221061706543,6.347153663635254,6.103066921234131,1787.0,1769.0,0.022200001403689384,3633228237,20305,962
827477062,2,320,27824,8848,410919789,410920,404726,560,9969,13033,4147,-154,-201,-118,29.375,-0.021583162248134613,-0.3015281558036804,1.0950531959533691,0.13871324062347412,3.0537567138671875,-3.8459813594818115,0.04912787303328514,1.095719337463379,0.8933811187744141,1500,1500,1537,1500,2000,1000,1000,1000,1551,1502,1494,1783,1771,1,1,1,1,1,1,1,0,1,1,0,0,stabilized_mix,-0.014952557161450386,0.09373708069324493,-0.5091338753700256,-0.004120359197258949,-0.0010866482043638825,-0.646291971206665,0.0,0.0,0.004120359197258949,0.0010866482043638825,0.0,0.0,0.0,0.0,0.0,0.0,0.0,0.0,0.0,0.0,0.0,0.08142466843128204,0.0,0.0,-0.0,0.0,0.0,-0.5571953654289246,0.38995563983917236,0.01726207137107849,12.43811321258545,0.03134140372276306,-0.001387766096740961,0.0,0.0,-0.021318724378943443,-0.0009683775715529919,0.010022679343819618,-0.002356143668293953,-0.05389507859945297,0.010068755596876144,-1.5339232049882412e-05,12.438773155212402,6.296082973480225,6.142690658569336,1783.0,1771.0,0.022200001403689384,3640412241,20305,962
827477062,2,320,27825,8848,410923832,410924,404730,544,1855,5990,-6118,-25,-103,200,29.25,0.16037306189537048,0.24220487475395203,0.9336143732070923,1.1019625663757324,3.592566728591919,2.512946844100952,0.15153387188911438,1.1050994396209717,0.9058651924133301,1500,1500,1537,1500,2000,1000,1000,1000,1551,1508,1496,1785,1769,1,1,1,1,1,1,1,0,1,1,0,0,stabilized_mix,-0.03728710114955902,-0.18967460095882416,-0.4979785680770874,-0.0044831628911197186,-0.0012191733112558722,-0.6478697061538696,0.0,0.0,0.0044831628911197186,0.0012191733112558722,0.0,0.0,0.0,0.0,0.0,0.0,0.0,0.0,0.0,0.0,0.0,0.08142466843128204,0.0,0.0,-0.0,0.0,0.0,-0.5571953654289246,0.39298221468925476,0.0546422153711319,12.437987327575684,0.03158481419086456,-0.004393050447106361,0.0,0.0,-0.025080490857362747,-0.0076930406503379345,0.006504323333501816,-0.012086091563105583,-0.05454874411225319,-0.006578879430890083,-2.1394691430032253e-05,12.43915843963623,6.326552391052246,6.112605571746826,1785.0,1769.0,0.022200001403689384,2511690780,20305,962
827477062,2,320,27826,8848,410927851,410928,404734,544,-11790,7746,1811,-312,465,-379,29.25,-0.0914977565407753,-0.008834034204483032,1.107357144355774,5.474366188049316,5.659107208251953,4.649118423461914,0.02316388487815857,1.0943975448608398,0.9053282737731934,1500,1500,1537,1500,2000,1000,1000,1000,1551,1525,1505,1786,1769,1,1,1,1,1,1,1,0,1,1,0,0,stabilized_mix,-0.11973254382610321,0.19290751218795776,-0.5957086086273193,-0.004319620784372091,-0.0010128261055797338,-0.6493416428565979,0.0,0.0,0.004319620784372091,0.0010128261055797338,0.0,0.0,0.0,0.0,0.0,0.0,0.0,0.0,0.0,0.0,0.0,0.08153869211673737,0.0,0.0,-0.0,0.0,0.0,-0.5570813417434692,0.38908642530441284,0.009863493032753468,12.437847137451172,0.03127225860953331,-0.0007929955027066171,0.0,0.0,-0.0395079031586647,-0.0382181741297245,-0.008235644549131393,-0.03901116922497749,-0.0545206293463707,-0.012171364389359951,-2.3342203348875046e-05,12.44774055480957,6.340580940246582,6.10715913772583,1786.0,1769.0,0.022200001403689384,1714314273,20305,962
827477062,2,320,27827,8848,410931885,410932,404738,540,13573,12568,4636,-92,-377,142,29.21875,0.046134985983371735,-0.194610595703125,1.0379445552825928,-2.1380653381347656,2.7531685829162598,-3.543809175491333,0.13545848429203033,1.169229507446289,0.9133176803588867,1500,1500,1537,1500,2000,1000,1000,1000,1551,1493,1491,1783,1771,1,1,1,1,1,1,1,0,1,1,0,0,stabilized_mix,0.038500674068927765,-0.061098210513591766,-0.47867661714553833,-0.004398199263960123,-0.001651138300076127,-0.6507525444030762,0.0,0.0,0.004398199263960123,0.001651138300076127,0.0,0.0,0.0,0.0,0.0,0.0,0.0,0.0,0.0,0.0,0.0,0.08153869211673737,0.0,0.0,-0.0,0.0,0.0,-0.5570813417434692,0.4166221618652344,0.04753832519054413,12.43756103515625,0.033484574407339096,-0.0038217506371438503,0.0,0.0,-0.019221127033233643,0.014926809817552567,0.014263447374105453,0.011105058714747429,-0.05493895709514618,0.00927767064422369,-1.598149538040161e-05,12.439593315124512,6.299704074859619,6.139889240264893,1783.0,1771.0,0.022200001403689384,1233191767,20305,962
827477062,2,320,27828,8848,410935919,410936,404742,558,-9374,3704,-5864,-101,123,4,29.359375,0.0805092453956604,0.332419216632843,0.9438254833221436,3.833867073059082,4.633816719055176,5.049731731414795,0.14977896213531494,1.144484281539917,0.9231719970703125,1500,1500,1537,1500,2000,1000,1000,1000,1551,1520,1500,1786,1768,1,1,1,1,1,1,1,0,1,1,0,0,stabilized_mix,-0.08315111696720123,-0.09886151552200317,-0.5422636866569519,-0.004394908435642719,-0.0014993237564340234,-0.6523863673210144,0.0,0.0,0.004394908435642719,0.0014993237564340234,0.0,0.0,0.0,0.0,0.0,0.0,0.0,0.0,0.0,0.0,0.0,0.08231280744075775,0.0,0.0,0.0,0.0,0.0,-0.5563071966171265,0.4087999165058136,0.053337909281253815,12.43671989440918,0.03285856544971466,-0.0042887176387012005,0.0,0.0,-0.032352983951568604,-0.0267677903175354,0.0005055814981460571,-0.031056508421897888,-0.05545492842793465,-0.013220167718827724,-2.403627149760723e-05,12.442721366882324,6.3415422439575195,6.101179122924805,1786.0,1768.0,0.022200001403689384,566531920,20305,962
827477062,2,320,27834,8853,410959167,410960,404765,544,242,12332,3698,-308,237,-221,29.25,-0.047585420310497284,-0.21091125905513763,1.152155876159668,1.448248267173767,5.887643814086914,1.1026203632354736,0.13755230605602264,1.300558090209961,0.9563217163085938,1500,1500,1537,1500,2000,1000,1000,1000,1551,1509,1502,1785,1769,1,1,1,1,1,1,1,0,1,1,0,0,stabilized_mix,-0.0018523596227169037,0.20088182389736176,-0.5430705547332764,-0.0041575501672923565,-0.0022994272876530886,-0.6606339812278748,0.0,0.0,0.0041575501672923565,0.0022994272876530886,0.0,0.0,0.0,0.0,0.0,0.0,0.0,0.0,0.0,0.0,0.0,0.08186553418636322,0.0,0.0,-0.0,0.0,0.0,-0.556754469871521,0.46327146887779236,0.04931129142642021,12.436429977416992,0.037233948707580566,-0.003965017385780811,0.0,0.0,-0.04110806807875633,-0.010111802257597446,-0.003874119371175766,-0.014076819643378258,-0.05719064176082611,-0.0028866534121334553,-2.1027051843702793e-05,12.437755584716797,6.324012756347656,6.113742351531982,1785.0,1769.0,0.022200001403689384,397428885,20305,962
827477062,2,320,27835,8853,410963214,410964,404769,558,8557,9630,-1740,-73,-283,218,29.359375,0.11593311280012131,0.026219338178634644,0.967850923538208,-1.1282072067260742,3.289980888366699,0.13806962966918945,0.2343791127204895,1.3255178928375244,0.9725842475891113,1500,1500,1544,1500,2000,1000,1000,1000,1557,1499,1490,1790,1775,1,1,1,1,1,1,1,0,1,1,0,0,stabilized_mix,0.027640659362077713,-0.0872822254896164,-0.4268963634967804,-0.004253427963703871,-0.0024222012143582106,-0.6619678735733032,0.0,0.0,0.004253427963703871,0.0024222012143582106,0.0,0.0,0.0,0.0,0.0,0.0,0.0,0.0,0.0,0.0,0.0,0.0776655375957489,0.0,0.0,-0.0,0.0,0.0,-0.6817744970321655,0.4759637713432312,0.08410626649856567,12.586313247680664,0.037797968834638596,-0.006681497674435377,0.0,0.0,-0.02269740030169487,0.007783440873026848,0.015100568532943726,0.0011019431985914707,-0.058042146265506744,-0.0003614654706325382,-2.0441249944269657e-05,12.587756156921387,6.396084308624268,6.191671848297119,1790.0,1775.0,0.026400001719594002,437756899,20305,962
827477062,2,320,27836,8853,410967244,410968,404773,538,-11300,3927,-1343,-192,349,-163,29.203125,-0.028565824031829834,0.16374166309833527,0.9942597150802612,3.509273052215576,6.31101655960083,5.803731918334961,0.16539175808429718,1.312122106552124,0.978032112121582,1500,1500,1544,1500,2000,1000,1000,1000,1557,1518,1504,1793,1773,1,1,1,1,1,1,1,0,1,1,0,0,stabilized_mix,-0.08322617411613464,0.10327326506376266,-0.5044348835945129,-0.004031830001622438,-0.002104549901559949,-0.663259744644165,0.0,0.0,0.004031830001622438,0.002104549901559949,0.0,0.0,0.0,0.0,0.0,0.0,0.0,0.0,0.0,0.0,0.0,0.07797524333000183,0.0,0.0,0.0,0.0,0.0,-0.6814647912979126,0.4715310335159302,0.05976942181587219,12.586012840270996,0.03744717314839363,-0.004748752806335688,0.0,0.0,-0.04354040324687958,-0.024210862815380096,-0.006093230098485947,-0.028959615156054497,-0.05832739546895027,-0.015194134786725044,-2.57325591519475e-05,12.59152603149414,6.4244256019592285,6.167099952697754,1793.0,1773.0,0.026400001719594002,3955553620,20305,962
827477062,2,320,27837,8853,410971239,410972,404777,536,5980,12697,3159,-286,46,-49,29.1875,0.0016348734498023987,-0.20657041668891907,1.0891413688659668,-0.43871498107910156,5.49772834777832,0.20859616994857788,0.1876135766506195,1.3576648235321045,0.9853739738464355,1500,1500,1544,1500,2000,1000,1000,1000,1557,1501,1499,1790,1774,1,1,1,1,1,1,1,0,1,1,0,0,stabilized_mix,0.0011886991560459137,0.11760688573122025,-0.4376418888568878,-0.004055637866258621,-0.0023385921958833933,-0.6643012762069702,0.0,0.0,0.004055637866258621,0.0023385921958833933,0.0,0.0,0.0,0.0,0.0,0.0,0.0,0.0,0.0,0.0,0.0,0.07797524333000183,0.0,0.0,0.0,0.0,0.0,-0.6814647912979126,0.48809581995010376,0.06744661927223206,12.58565902709961,0.03876247629523277,-0.005358952563256025,0.0,0.0,-0.037930503487586975,0.0030268284026533365,0.0008319728076457977,-0.002332124160602689,-0.05871181935071945,-0.0005461035179905593,-2.0740320906043053e-05,12.585698127746582,6.39655065536499,6.189147472381592,1790.0,1774.0,0.026400001719594002,2124135279,20305,962
827477062,2,320,27838,8853,410975241,410976,404781,552,1364,7976,-3359,-47,-105,108,29.3125,0.09619292616844177,0.14492174983024597,0.9426637291908264,0.5637329816818237,4.0661420822143555,2.674717903137207,0.2434021532535553,1.3640472888946533,1.0022077560424805,1500,1500,1545,1500,2000,1000,1000,1000,1558,1507,1493,1792,1774,1,1,1,1,1,1,1,0,1,1,0,0,stabilized_mix,-0.03042490780353546,-0.0658753514289856,-0.3876979351043701,-0.004252951126545668,-0.002275964943692088,-0.6654297113418579,0.0,0.0,0.004252951126545668,0.002275964943692088,0.0,0.0,0.0,0.0,0.0,0.0,0.0,0.0,0.0,0.0,0.0,0.07737524062395096,0.0,0.0,0.0,0.0,0.0,-0.6993247866630554,0.49072107672691345,0.08776283264160156,12.607159614562988,0.03890436142683029,-0.006960823200643063,0.0,0.0,-0.028005709871649742,-0.0038827324751764536,0.01089865155518055,-0.010843555442988873,-0.05959323048591614,-0.007002395112067461,-2.3308442905545235e-05,12.608649253845215,6.420866966247559,6.187782287597656,1792.0,1774.0,0.027000002562999725,2482106463,20306,963
827477062,2,320,27839,8853,410979277,410980,404785,540,-6439,7161,152,-210,379,-134,29.21875,-0.0376298613846302,0.008271753787994385,1.0464438199996948,1.875074028968811,6.5918803215026855,5.217982769012451,0.17901702225208282,1.3649287223815918,1.0085954666137695,1500,1500,1545,1500,2000,1000,1000,1000,1558,1511,1504,1793,1773,1,1,1,1,1,1,1,0,1,1,0,0,stabilized_mix,-0.095990851521492,0.14299258589744568,-0.4455915093421936,-0.003847522661089897,-0.0021395478397607803,-0.6664191484451294,0.0,0.0,0.003847522661089897,0.0021395478397607803,0.0,0.0,0.0,0.0,0.0,0.0,0.0,0.0,0.0,0.0,0.0,0.07792655378580093,0.0,0.0,0.0,0.0,0.0,-0.6987734436988831,0.49248939752578735,0.06434379518032074,12.60639476776123,0.03904677554965019,-0.005103912204504013,0.0,0.0,-0.0454045832157135,-0.012915428727865219,-0.006357807666063309,-0.018019340932369232,-0.05992769077420235,-0.01366064790636301,-2.5755958631634712e-05,12.608696937561035,6.433128356933594,6.175568580627441,1793.0,1773.0,0.027000002562999725,968584800,20306,963
827477062,2,320,27840,8853,410983309,410984,404789,552,7621,10434,1464,-259,-52,51,29.3125,0.05510539188981056,-0.13070270419120789,1.0249022245407104,-0.8060604333877563,5.447875499725342,0.5162311792373657,0.2273837774991989,1.399876356124878,1.0210394859313965,1500,1500,1545,1500,2000,1000,1000,1000,1558,1501,1498,1792,1775,1,1,1,1,1,1,1,0,1,1,0,0,stabilized_mix,-0.022831838577985764,0.03575921058654785,-0.3635074198246002,-0.00408034585416317,-0.002357872435823083,-0.667289137840271,0.0,0.0,0.00408034585416317,0.002357872435823083,0.0,0.0,0.0,0.0,0.0,0.0,0.0,0.0,0.0,0.0,0.0,0.07792655378580093,0.0,0.0,0.0,0.0,0.0,-0.6987734436988831,0.5049583911895752,0.08204205334186554,12.606122016906738,0.040035199373960495,-0.00650799972936511,0.0,0.0,-0.037525538355112076,0.005552229471504688,0.002509661018848419,-0.0009557702578604221,-0.06057925522327423,-0.0013514901511371136,-2.1675718016922474e-05,12.606167793273926,6.411462306976318,6.194705009460449,1792.0,1775.0,0.027000002562999725,1745046496,20306,963
827477062,2,320,27841,8853,410987341,410988,404793,534,-2968,5064,-2528,-82,110,15,29.171875,0.038229577243328094,0.142570361495018,0.9409103989601135,0.879476010799408,4.938508987426758,5.147245407104492,0.23902641236782074,1.3901431560516357,1.0376172065734863,1500,1500,1545,1500,2000,1000,1000,1000,1558,1508,1496,1793,1773,1,1,1,1,1,1,1,0,1,1,0,0,stabilized_mix,-0.09837562590837479,-0.0089174285531044,-0.36411717534065247,-0.004121146164834499,-0.002201386261731386,-0.6682060956954956,0.0,0.0,0.004121146164834499,0.002201386261731386,0.0,0.0,0.0,0.0,0.0,0.0,0.0,0.0,0.0,0.0,0.0,0.07863489538431168,0.0,0.0,0.0,0.0,0.0,-0.6980651021003723,0.5022867918014526,0.08602845668792725,12.605406761169434,0.039825860410928726,-0.006824505515396595,0.0,0.0,-0.034018900245428085,-0.006058267317712307,0.005806960165500641,-0.012882772833108902,-0.06144726276397705,-0.013475458137691021,-2.6222900487482548e-05,12.60666561126709,6.434447288513184,6.172218322753906,1793.0,1773.0,0.027000002562999725,241636417,20306,963
827477062,2,320,27842,8853,410991385,410992,404797,544,-3387,8624,637,-300,235,-47,29.25,-0.01313974428921938,-0.02705637365579605,1.0571271181106567,0.5290136337280273,7.329502105712891,3.745349645614624,0.20974275469779968,1.4120287895202637,1.0486268997192383,1500,1500,1545,1500,2000,1000,1000,1000,1558,1506,1506,1793,1773,1,1,1,1,1,1,1,0,1,1,0,0,stabilized_mix,-0.08552154153585434,0.10762478411197662,-0.3904862403869629,-0.004351742099970579,-0.0022566476836800575,-0.6689770221710205,0.0,0.0,0.004351742099970579,0.0022566476836800575,0.0,0.0,0.0,0.0,0.0,0.0,0.0,0.0,0.0,0.0,0.0,0.07863489538431168,0.0,0.0,0.0,0.0,0.0,-0.6980651021003723,0.5114359259605408,0.0755542665719986,12.605023384094238,0.04055173322558403,-0.005993613041937351,0.0,0.0,-0.050490785390138626,-0.003644219134002924,-0.009939052164554596,-0.009637832641601562,-0.06202372908592224,-0.009805303066968918,-2.5140121579170227e-05,12.606231689453125,6.428816318511963,6.177414894104004,1793.0,1773.0,0.027000002562999725,1353233448,20306,963
827477062,2,320,27843,8853,410995402,410996,404801,540,5049,11011,-693,-206,-54,15,29.21875,0.07290742546319962,-0.06703052669763565,1.02279531955719,-0.1386408507823944,5.2179646492004395,1.231326699256897,0.23836511373519897,1.4392187595367432,1.0624451637268066,1500,1500,1545,1500,2000,1000,1000,1000,1558,1504,1497,1792,1774,1,1,1,1,1,1,1,0,1,1,0,0,stabilized_mix,-0.041151031851768494,0.04179443046450615,-0.3271344006061554,-0.004629532806575298,-0.0023584964219480753,-0.6696982383728027,0.0,0.0,0.004629532806575298,0.0023584964219480753,0.0,0.0,0.0,0.0,0.0,0.0,0.0,0.0,0.0,0.0,0.0,0.07863489538431168,0.0,0.0,0.0,0.0,0.0,-0.6980651021003723,0.5202555060386658,0.08593161404132843,12.60500717163086,0.04125030338764191,-0.00681705866008997,0.0,0.0,-0.035945069044828415,0.0009550572140142322,0.005305234342813492,-0.005862001329660416,-0.06274725496768951,-0.0032236056867986917,-2.308981493115425e-05,12.605401039123535,6.418149948120117,6.187251567840576,1792.0,1774.0,0.027000002562999725,1365449647,20306,963
827477062,2,320,27844,8853,410999433,411000,404805,540,-551,5765,-2015,-125,144,33,29.21875,0.032339658588171005,0.07603219896554947,0.9680237770080566,-0.18944936990737915,5.524576187133789,5.6972856521606445,0.24950549006462097,1.4336395263671875,1.0802345275878906,1500,1500,1545,1500,2000,1000,1000,1000,1558,1504,1498,1794,1772,1,1,1,1,1,1,1,0,1,1,0,0,stabilized_mix,-0.10013642907142639,0.00864078477025032,-0.3348938226699829,-0.004798893351107836,-0.0022633494809269905,-0.670432984828949,0.0,0.0,0.004798893351107836,0.0022633494809269905,0.0,0.0,0.0,0.0,0.0,0.0,0.0,0.0,0.0,0.0,0.0,0.07944533973932266,0.0,0.0,0.0,0.0,0.0,-0.6972546577453613,0.5194737911224365,0.09055258333683014,12.603968620300293,0.04119178280234337,-0.00718429172411561,0.0,0.0,-0.03806036710739136,0.0013051702408120036,0.003131415694952011,-0.005879121366888285,-0.06367870420217514,-0.014915459789335728,-2.750800922513008e-05,12.604248046875,6.439663887023926,6.164583683013916,1794.0,1772.0,0.027000002562999725,2452427089,20306,963
827477062,2,320,27845,8853,411003467,411004,404809,530,-4762,7125,1056,-350,204,-13,29.140625,-0.009434441104531288,0.03383452445268631,1.0161463022232056,0.43088534474372864,7.7056498527526855,3.874335765838623,0.22712649405002594,1.4642925262451172,1.0932588577270508,1500,1500,1545,1500,2000,1000,1000,1000,1558,1506,1507,1793,1773,1,1,1,1,1,1,1,0,1,1,0,0,stabilized_mix,-0.06197459623217583,0.08158621191978455,-0.33238595724105835,-0.004963296465575695,-0.002246496034786105,-0.6710434556007385,0.0,0.0,0.004963296465575695,0.002246496034786105,0.0,0.0,0.0,0.0,0.0,0.0,0.0,0.0,0.0,0.0,0.0,0.07944533973932266,0.0,0.0,0.0,0.0,0.0,-0.6972546577453613,0.5322140455245972,0.08183754980564117,12.603556632995605,0.04220221936702728,-0.006492734886705875,0.0,0.0,-0.05308813229203224,-0.002968587912619114,-0.010885912925004959,-0.00946132279932499,-0.06436065584421158,-0.010142987594008446,-2.607621718198061e-05,12.604867935180664,6.432815074920654,6.17205286026001,1793.0,1773.0,0.027000002562999725,4125298749,20306,963
827477062,2,320,27852,8859,411031701,411032,404837,538,11217,9585,2854,-97,-179,204,29.203125,0.05568530410528183,-0.09690861403942108,0.9772619009017944,-3.821256637573242,5.127464294433594,2.440743923187256,0.3101407587528229,1.6179766654968262,1.2184391021728516,1500,1500,1545,1500,2000,1000,1000,1000,1558,1489,1493,1794,1773,1,1,1,1,1,1,1,0,1,1,0,0,stabilized_mix,0.025276873260736465,-0.027330033481121063,-0.22934694588184357,-0.00457247206941247,-0.0021533200051635504,-0.6745133399963379,0.0,0.0,0.00457247206941247,0.0021533200051635504,0.0,0.0,0.0,0.0,0.0,0.0,0.0,0.0,0.0,0.0,0.0,0.07758135348558426,0.0,0.0,-0.0,0.0,0.0,-0.6991186738014221,0.5803145170211792,0.1105840727686882,12.605120658874512,0.04600551351904869,-0.008772221393883228,0.0,0.0,-0.035321321338415146,0.026323307305574417,0.010684192180633545,0.017551086843013763,-0.07091507315635681,-0.006389853078871965,-2.7056783437728882e-05,12.607782363891602,6.439175128936768,6.168607234954834,1794.0,1773.0,0.027000002562999725,2205429886,20306,963
827477062,2,320,27853,8859,411035823,411036,404841,538,-10282,4422,-5031,-256,272,60,29.203125,0.056889090687036514,0.2723407745361328,0.9593333601951599,0.883624792098999,7.5739545822143555,6.974614143371582,0.299421489238739,1.5909223556518555,1.236156940460205,1500,1500,1545,1500,2000,1000,1000,1000,1558,1509,1505,1796,1771,1,1,1,1,1,1,1,0,1,1,0,0,stabilized_mix,-0.09507192671298981,0.010299652814865112,-0.27136990427970886,-0.004693125374615192,-0.0017721188487485051,-0.6749439835548401,0.0,0.0,0.004693125374615192,0.0017721188487485051,0.0,0.0,0.0,0.0,0.0,0.0,0.0,0.0,0.0,0.0,0.0,0.07631052285432816,0.0,0.0,-0.0,0.0,0.0,-0.7003895044326782,0.5665572881698608,0.1088871955871582,12.606864929199219,0.04491015896201134,-0.00863669253885746,0.0,0.0,-0.0521671287715435,-0.0060861422680318356,-0.0072569698095321655,-0.014722835272550583,-0.07184277474880219,-0.018259497359395027,-3.153574652969837e-05,12.608563423156738,6.461960315704346,6.146602630615234,1796.0,1771.0,0.027000002562999725,850083678,20306,963
827477062,2,320,27854,8859,411039768,411040,404845,544,2164,10701,4114,-278,221,-189,29.25,-0.07183936983346939,-0.26227501034736633,1.0671789646148682,-0.4128391742706299,5.801765441894531,2.056536912918091,0.2355523556470871,1.6146466732025146,1.2439584732055664,1500,1500,1545,1500,2000,1000,1000,1000,1558,1502,1496,1794,1773,1,1,1,1,1,1,1,0,1,1,0,0,stabilized_mix,-0.06784629076719284,0.23631998896598816,-0.2546815872192383,-0.0047513823956251144,-0.0018644167575985193,-0.6751716136932373,0.0,0.0,0.0047513823956251144,0.0018644167575985193,0.0,0.0,0.0,0.0,0.0,0.0,0.0,0.0,0.0,0.0,0.0,0.07631052285432816,0.0,0.0,-0.0,0.0,0.0,-0.7003895044326782,0.5765300989151001,0.0845835953950882,12.606877326965332,0.045699555426836014,-0.0067091104574501514,0.0,0.0,-0.03996077552437782,0.002843509428203106,0.005738779902458191,-0.0038656010292470455,-0.07225126773118973,-0.005384000949561596,-2.7172383852303028e-05,12.607178688049316,6.439451217651367,6.167727470397949,1794.0,1773.0,0.027000002562999725,219746200,20306,963
827477062,2,320,27855,8859,411043798,411044,404849,544,9294,8468,-543,-98,-126,343,29.25,0.13823078572750092,0.05551499128341675,0.9319483041763306,-4.24558687210083,5.711850166320801,4.280505180358887,0.37691551446914673,1.6651091575622559,1.2728652954101562,1500,1500,1545,1500,2000,1000,1000,1000,1558,1488,1495,1795,1772,1,1,1,1,1,1,1,0,1,1,0,0,stabilized_mix,0.01881144940853119,-0.11885257810354233,-0.1808100938796997,-0.005003286059945822,-0.002019513165578246,-0.6754498481750488,0.0,0.0,0.005003286059945822,0.002019513165578246,0.0,0.0,0.0,0.0,0.0,0.0,0.0,0.0,0.0,0.0,0.0,0.07631052285432816,0.0,0.0,-0.0,0.0,0.0,-0.7003895044326782,0.5946625471115112,0.132826030254364,12.60623836517334,0.04713714122772217,-0.010535821318626404,0.0,0.0,-0.039343465119600296,0.029243778437376022,0.007793676108121872,0.01870795711874962,-0.07376483082771301,-0.011206336319446564,-2.9739923775196075e-05,12.6088285446167,6.453114032745361,6.155714511871338,1795.0,1772.0,0.027000002562999725,2526150230,20306,963
827477062,2,320,27856,8859,411047831,411048,404853,540,-15303,5175,-2578,-357,441,-107,29.21875,-0.03921820968389511,0.2120453417301178,0.9998749494552612,2.114433526992798,8.367523193359375,8.260710716247559,0.2857976257801056,1.6187028884887695,1.2885828018188477,1500,1500,1545,1500,2000,1000,1000,1000,1558,1515,1508,1796,1771,1,1,1,1,1,1,1,0,1,1,0,0,stabilized_mix,-0.153074711561203,0.12441128492355347,-0.25411924719810486,-0.004962082952260971,-0.0015773222548887134,-0.6756837964057922,0.0,0.0,0.004962082952260971,0.0015773222548887134,0.0,0.0,0.0,0.0,0.0,0.0,0.0,0.0,0.0,0.0,0.0,0.07653448730707169,0.0,0.0,-0.0,0.0,0.0,-0.7001655101776123,0.5779456496238708,0.10457774251699448,12.60630989074707,0.0458136647939682,-0.00829489715397358,0.0,0.0,-0.05763552337884903,-0.01456422545015812,-0.011821858584880829,-0.0228591226041317,-0.07458779215812683,-0.021626491099596024,-3.3674994483590126e-05,12.610485076904297,6.4736175537109375,6.136867523193359,1796.0,1771.0,0.027000002562999725,3191283504,20307,964
827477062,2,320,27857,8859,411051866,411052,404857,552,9467,12447,4270,-216,-69,-15,29.3125,-0.029429078102111816,-0.30430424213409424,1.0522125959396362,-3.4027199745178223,5.316019058227539,-0.691888689994812,0.30282217264175415,1.680366039276123,1.2994613647460938,1500,1500,1545,1500,2000,1000,1000,1000,1558,1490,1493,1793,1773,1,1,1,1,1,1,1,0,1,1,0,0,stabilized_mix,-0.03002946265041828,0.15938220918178558,-0.1770118921995163,-0.005052251275628805,-0.0018604070646688342,-0.6757029294967651,0.0,0.0,0.005052251275628805,0.0018604070646688342,0.0,0.0,0.0,0.0,0.0,0.0,0.0,0.0,0.0,0.0,0.0,0.07653448730707169,0.0,0.0,-0.0,0.0,0.0,-0.7001655101776123,0.6018754839897156,0.10717837512493134,12.60599422454834,0.04770895093679428,-0.00850144773721695,0.0,0.0,-0.036617670208215714,0.023438531905412674,0.011091280728578568,0.014937084168195724,-0.07515738904476166,0.001811360358260572,-2.5671091862022877e-05,12.608176231384277,6.432443618774414,6.1757330894470215,1793.0,1773.0,0.027000002562999725,3399680246,20307,964
827477062,2,320,27858,8859,411055917,411056,404861,552,3037,5496,-6101,-115,26,336,29.3125,0.16611818969249725,0.21602419018745422,0.8895629644393921,-2.987039566040039,6.508884429931641,6.521346092224121,0.4223867654800415,1.6956291198730469,1.3276042938232422,1500,1500,1545,1500,2000,1000,1000,1000,1558,1495,1498,1796,1771,1,1,1,1,1,1,1,0,1,1,0,0,stabilized_mix,-0.03774018585681915,-0.13788177073001862,-0.15108321607112885,-0.00512151001021266,-0.0017464510165154934,-0.6758747696876526,0.0,0.0,0.00512151001021266,0.0017464510165154934,0.0,0.0,0.0,0.0,0.0,0.0,0.0,0.0,0.0,0.0,0.0,0.07773006707429886,0.0,0.0,0.0,0.0,0.0,-0.6989699602127075,0.610378086566925,0.15294834971427917,12.604072570800781,0.0483892485499382,-0.01213416364043951,0.0,0.0,-0.04484117031097412,0.02057838998734951,0.003548078238964081,0.00844422634691,-0.07663094997406006,-0.01707284525036812,-3.279629163444042e-05,12.604601860046387,6.466282367706299,6.138319492340088,1796.0,1771.0,0.027000002562999725,2364662666,20307,964
827477062,2,320,27859,8859,411059931,411060,404865,540,-12661,6989,1642,-386,546,-253,29.21875,-0.08698862791061401,0.013797104358673096,1.0592163801193237,1.8074102401733398,8.19676399230957,7.548971652984619,0.2982059717178345,1.6789448261260986,1.340322494506836,1500,1500,1545,1500,2000,1000,1000,1000,1558,1513,1505,1796,1770,1,1,1,1,1,1,1,0,1,1,0,0,stabilized_mix,-0.13102750480175018,0.23221580684185028,-0.23820775747299194,-0.005266925320029259,-0.0014904130948707461,-0.675907552242279,0.0,0.0,0.005266925320029259,0.0014904130948707461,0.0,0.0,0.0,0.0,0.0,0.0,0.0,0.0,0.0,0.0,0.0,0.07773006707429886,0.0,0.0,0.0,0.0,0.0,-0.6989699602127075,0.6045665740966797,0.10791197419166565,12.604296684265137,0.04792838543653488,-0.008561001159250736,0.0,0.0,-0.05646835267543793,-0.012451435439288616,-0.008539967238903046,-0.021012436598539352,-0.07729687541723251,-0.0197631623595953,-3.397103864699602e-05,12.607540130615234,6.473625183105469,6.133914947509766,1796.0,1770.0,0.027000002562999725,3876966848,20307,964
827477062,2,320,27860,8859,411063965,411064,404869,538,13332,12099,4904,-167,-271,243,29.203125,0.02696075290441513,-0.231157124042511,0.9996183514595032,-6.0477399826049805,5.215409755706787,-0.9647984504699707,0.4051859378814697,1.7463724613189697,1.3583612442016602,1500,1500,1545,1500,2000,1000,1000,1000,1558,1481,1491,1794,1773,1,1,1,1,1,1,1,0,1,1,0,0,stabilized_mix,0.006303375121206045,0.02133813500404358,-0.11219359934329987,-0.005407857708632946,-0.0019092471338808537,-0.6758169531822205,0.0,0.0,0.005407857708632946,0.0019092471338808537,0.0,0.0,0.0,0.0,0.0,0.0,0.0,0.0,0.0,0.0,0.0,0.07773006707429886,0.0,0.0,0.0,0.0,0.0,-0.6989699602127075,0.6287504434585571,0.14624756574630737,12.603748321533203,0.04984466731548309,-0.011601854115724564,0.0,0.0,-0.0359310545027256,0.04166531562805176,0.013913612812757492,0.030063461512327194,-0.07824138551950455,0.002525836694985628,-2.650043461471796e-05,12.610666275024414,6.437835693359375,6.172831058502197,1794.0,1773.0,0.027000002562999725,3725903074,20307,964
827477062,2,320,27861,8859,411067997,411068,404873,544,-7294,3203,-6747,-201,250,193,29.25,0.09691876173019409,0.3256797194480896,0.8963057994842529,-0.7386419773101807,7.503122329711914,8.86612606048584,0.44886064529418945,1.7192487716674805,1.3826603889465332,1500,1500,1545,1500,2000,1000,1000,1000,1558,1505,1501,1797,1770,1,1,1,1,1,1,1,0,1,1,0,0,stabilized_mix,-0.11014142632484436,-0.07459887117147446,-0.15721581876277924,-0.0055063036270439625,-0.0015822594286873937,-0.6759000420570374,0.0,0.0,0.0055063036270439625,0.0015822594286873937,0.0,0.0,0.0,0.0,0.0,0.0,0.0,0.0,0.0,0.0,0.0,0.07955718785524368,0.0,0.0,0.0,0.0,0.0,-0.6971428394317627,0.6250158548355103,0.163373202085495,12.601399421691895,0.04955831170082092,-0.012963931076228619,0.0,0.0,-0.05170166864991188,0.00508975051343441,-0.0021433569490909576,-0.007874180562794209,-0.07951368391513824,-0.023211464285850525,-3.5953824408352375e-05,12.601819038391113,6.480678558349609,6.121140480041504,1797.0,1770.0,0.027000002562999725,4268128127,20307,964
827477062,2,320,27862,8859,411072030,411072,404877,534,-3161,10238,3092,-368,405,-225,29.171875,-0.07640589773654938,-0.1940547525882721,1.1049654483795166,-0.7135136127471924,7.609312057495117,4.574196815490723,0.35685425996780396,1.7458183765411377,1.3939814567565918,1500,1500,1545,1500,2000,1000,1000,1000,1558,1503,1501,1796,1771,1,1,1,1,1,1,1,0,1,1,0,0,stabilized_mix,-0.09024657309055328,0.2569323480129242,-0.19688108563423157,-0.005597988609224558,-0.0015944017795845866,-0.6757285594940186,0.0,0.0,0.005597988609224558,0.0015944017795845866,0.0,0.0,0.0,0.0,0.0,0.0,0.0,0.0,0.0,0.0,0.0,0.07955718785524368,0.0,0.0,0.0,0.0,0.0,-0.6971428394317627,0.6348364353179932,0.12965647876262665,12.601333618164062,0.05033595860004425,-0.01028872188180685,0.0,0.0,-0.05243366211652756,0.004916624631732702,-0.002097703516483307,-0.005372097250074148,-0.0801064521074295,-0.011975220404565334,-3.222853410989046e-05,12.601543426513672,6.461914539337158,6.139628887176514,1796.0,1771.0,0.027000002562999725,2900739438,20307,964
827477062,2,320,27863,8859,411075054,411076,404880,560,2603,5436,-5623,-100,-25,372,29.375,0.14888498187065125,0.22487981617450714,0.8761478066444397,-3.5634078979492188,6.326218605041504,6.348823547363281,0.5183069109916687,1.7745561599731445,1.4194083213806152,1500,1500,1545,1500,2000,1000,1000,1000,1558,1494,1495,1796,1770,1,1,1,1,1,1,1,0,1,1,0,0,stabilized_mix,-0.043834373354911804,-0.14447669684886932,-0.09701931476593018,-0.005872925743460655,-0.0017541744746267796,-0.6756894588470459,0.0,0.0,0.005872925743460655,0.0017541744746267796,0.0,0.0,0.0,0.0,0.0,0.0,0.0,0.0,0.0,0.0,0.0,0.07955718785524368,0.0,0.0,0.0,0.0,0.0,-0.6971428394317627,0.6438668966293335,0.19067265093326569,12.600893020629883,0.051052525639534,-0.015130101703107357,0.0,0.0,-0.043593745678663254,0.02455531619489193,0.007458779960870743,0.009425214491784573,-0.08143779635429382,-0.01662118174135685,-3.4320633858442307e-05,12.60180377960205,6.47250509262085,6.129298686981201,1796.0,1770.0,0.027000002562999725,4007318638,20307,964
827477062,2,320,27869,8864,411099252,411100,404904,544,-11561,3346,-2992,-225,447,14,29.25,0.009648390114307404,0.2285449206829071,0.9325147271156311,-0.7723309993743896,8.119588851928711,10.598000526428223,0.5600007772445679,1.8427908420562744,1.5499649047851562,1500,1500,1545,1500,2000,1000,1000,1000,1558,1507,1501,1798,1768,1,1,1,1,1,1,1,0,1,1,0,0,stabilized_mix,-0.10909929126501083,0.050577521324157715,-0.09654073417186737,-0.00604192866012454,-0.001706231152638793,-0.6740595698356628,0.0,0.0,0.00604192866012454,0.001706231152638793,0.0,0.0,0.0,0.0,0.0,0.0,0.0,0.0,0.0,0.0,0.0,0.08590183407068253,0.0,0.0,0.0,0.0,0.0,-0.6907981634140015,0.6829153299331665,0.20551785826683044,12.592083930969238,0.05418062582612038,-0.016319720074534416,0.0,0.0,-0.05599093437194824,0.005325828213244677,-0.0018103085458278656,-0.010993892326951027,-0.08827372640371323,-0.027745502069592476,-4.0606711991131306e-05,12.592864990234375,6.4994659423828125,6.093398571014404,1798.0,1768.0,0.027000002562999725,3157176802,20307,964
827477062,2,320,27870,8864,411103283,411104,404908,552,3916,12537,3536,-373,176,34,29.3125,-0.027179010212421417,-0.23461270332336426,1.0769258737564087,-4.668218612670898,7.908796310424805,3.2236320972442627,0.5650330185890198,1.8868024349212646,1.5695128440856934,1500,1500,1545,1500,2000,1000,1000,1000,1558,1490,1499,1796,1770,1,1,1,1,1,1,1,0,1,1,0,0,stabilized_mix,-0.03501054272055626,0.17053169012069702,-0.05902837589383125,-0.006109515205025673,-0.0019288703333586454,-0.6734875440597534,0.0,0.0,0.006109515205025673,0.0019288703333586454,0.0,0.0,0.0,0.0,0.0,0.0,0.0,0.0,0.0,0.0,0.0,0.08590183407068253,0.0,0.0,0.0,0.0,0.0,-0.6907981634140015,0.6985964179039001,0.21586084365844727,12.591526985168457,0.05542464926838875,-0.01714165508747101,0.0,0.0,-0.054539769887924194,0.03219245746731758,0.0008848793804645538,0.015050802379846573,-0.08929724991321564,-0.008439449593424797,-3.420782741159201e-05,12.592958450317383,6.467518329620361,6.1254401206970215,1796.0,1770.0,0.027000002562999725,402389771,20307,964
827477062,2,320,27871,8864,411107317,411108,404912,548,5155,7475,-3025,-173,-60,354,29.28125,0.1079595759510994,0.10794775187969208,0.8938443660736084,-5.2542266845703125,6.246058464050293,5.373106002807617,0.6676579713821411,1.9018669128417969,1.599970817565918,1500,1500,1545,1500,2000,1000,1000,1000,1558,1490,1492,1797,1769,1,1,1,1,1,1,1,0,1,1,0,0,stabilized_mix,-0.027109187096357346,-0.09119438380002975,0.02247505448758602,-0.0061463769525289536,-0.001881282776594162,-0.6729998588562012,0.0,0.0,0.0061463769525289536,0.001881282776594162,0.0,0.0,0.0,0.0,0.0,0.0,0.0,0.0,0.0,0.0,0.0,0.08696884661912918,0.0,0.0,0.0,0.0,0.0,-0.6897311806678772,0.6990683078765869,0.2543244957923889,12.590208053588867,0.05546780675649643,-0.020195886492729187,0.0,0.0,-0.04307789355516434,0.03623741492629051,0.012389913201332092,0.016041528433561325,-0.09089203178882599,-0.014066758565604687,-3.673555329442024e-05,12.592795372009277,6.480075836181641,6.112720012664795,1797.0,1769.0,0.027000002562999725,3748821376,20307,964
827477062,2,320,27872,8864,411111350,411112,404916,528,-9557,4250,-834,-287,487,-20,29.125,-0.027612054720520973,0.07701849937438965,0.9777036309242249,-1.9130855798721313,8.743425369262695,9.27151870727539,0.594133198261261,1.901524543762207,1.6211156845092773,1500,1500,1545,1500,2000,1000,1000,1000,1558,1503,1503,1798,1768,1,1,1,1,1,1,1,0,1,1,0,0,stabilized_mix,-0.09009314328432083,0.15527039766311646,-0.052138786762952805,-0.006240311078727245,-0.0016551760490983725,-0.6723935008049011,0.0,0.0,0.006240311078727245,0.0016551760490983725,0.0,0.0,0.0,0.0,0.0,0.0,0.0,0.0,0.0,0.0,0.0,0.08696884661912918,0.0,0.0,0.0,0.0,0.0,-0.6897311806678772,0.7050492167472839,0.2203439623117447,12.590071678161621,0.055941980332136154,-0.01749945431947708,0.0,0.0,-0.06030241400003433,0.013194335624575615,-0.004360433667898178,-0.004305118694901466,-0.09199917316436768,-0.024272780865430832,-4.0695187635719776e-05,12.590307235717773,6.498629570007324,6.091677665710449,1798.0,1768.0,0.027000002562999725,2259868546,20307,964
827477062,2,320,27873,8864,411115384,411116,404920,550,7919,11574,1967,-352,35,174,29.296875,0.035357311367988586,-0.18878111243247986,1.0125784873962402,-5.829676151275635,7.894273281097412,2.7997217178344727,0.6450525522232056,1.9486901760101318,1.6444973945617676,1500,1500,1545,1500,2000,1000,1000,1000,1558,1487,1498,1796,1770,1,1,1,1,1,1,1,0,1,1,0,0,stabilized_mix,0.0018784389831125736,0.09901430457830429,0.03852679580450058,-0.006304913200438023,-0.0018140965839847922,-0.6715891361236572,0.0,0.0,0.006304913200438023,0.0018140965839847922,0.0,0.0,0.0,0.0,0.0,0.0,0.0,0.0,0.0,0.0,0.0,0.08696884661912918,0.0,0.0,0.0,0.0,0.0,-0.6897311806678772,0.7202161550521851,0.2471083104610443,12.58950424194336,0.0571453794836998,-0.019625529646873474,0.0,0.0,-0.054448362439870834,0.04020842909812927,0.0026970170438289642,0.0205828994512558,-0.093223437666893,-0.007329654414206743,-3.519363235682249e-05,12.592217445373535,6.472076892852783,6.120140552520752,1796.0,1770.0,0.027000002562999725,270907212,20308,965
827477062,2,320,27874,8864,411119417,411120,404924,554,-1141,6191,-3550,-151,79,219,29.328125,0.07447908818721771,0.15919055044651031,0.8944064378738403,-3.914447784423828,6.614667892456055,6.570725440979004,0.6932361125946045,1.9475853443145752,1.6724767684936523,1500,1500,1545,1500,2000,1000,1000,1000,1558,1496,1493,1798,1768,1,1,1,1,1,1,1,0,1,1,0,0,stabilized_mix,-0.046028293669223785,-0.012996368110179901,0.06321702897548676,-0.006269087083637714,-0.0015497906133532524,-0.6708509922027588,0.0,0.0,0.006269087083637714,0.0015497906133532524,0.0,0.0,0.0,0.0,0.0,0.0,0.0,0.0,0.0,0.0,0.0,0.08731240779161453,0.0,0.0,0.0,0.0,0.0,-0.6893876194953918,0.7140195369720459,0.2589309811592102,12.589492797851562,0.05665481835603714,-0.02056307904422283,0.0,0.0,-0.04562271386384964,0.026998743414878845,0.0110321044921875,0.0064356643706560135,-0.09468843787908554,-0.017202118411660194,-3.9161648601293564e-05,12.590518951416016,6.491067409515381,6.099451065063477,1798.0,1768.0,0.027000002562999725,3371986062,20308,965
827477062,2,320,27875,8864,411123478,411124,404928,556,-5229,7672,1187,-341,444,40,29.34375,-0.037470314651727676,-0.040605396032333374,1.0189828872680664,-3.358069896697998,9.223812103271484,7.739558219909668,0.6255166530609131,1.958796739578247,1.6918635368347168,1500,1500,1545,1500,2000,1000,1000,1000,1558,1497,1504,1798,1768,1,1,1,1,1,1,1,0,1,1,0,0,stabilized_mix,-0.0691119134426117,0.20922216773033142,0.023058418184518814,-0.006321815308183432,-0.0013017392484471202,-0.6699174046516418,0.0,0.0,0.006321815308183432,0.0013017392484471202,0.0,0.0,0.0,0.0,0.0,0.0,0.0,0.0,0.0,0.0,0.0,0.08731240779161453,0.0,0.0,0.0,0.0,0.0,-0.6893876194953918,0.7236689925193787,0.23364485800266266,12.58908748626709,0.05742064118385315,-0.018556829541921616,0.0,0.0,-0.06362055987119675,0.02316203899681568,-0.006199918687343597,0.004605209454894066,-0.09570351988077164,-0.020262116566300392,-4.058796912431717e-05,12.589462280273438,6.497670650482178,6.091791152954102,1798.0,1768.0,0.027000002562999725,2004766792,20308,965
827477062,2,320,27876,8864,411127484,411128,404932,544,7539,10615,958,-287,4,216,29.25,0.05354100465774536,-0.11073864996433258,0.9719839692115784,-5.389008045196533,7.072403430938721,3.723747730255127,0.6757609844207764,1.984405279159546,1.7177505493164062,1500,1500,1545,1500,2000,1000,1000,1000,1558,1489,1494,1797,1769,1,1,1,1,1,1,1,0,1,1,0,0,stabilized_mix,-0.02537710964679718,0.10724960267543793,0.12298926711082458,-0.006163501646369696,-0.001137416111305356,-0.6688606142997742,0.0,0.0,0.006163501646369696,0.001137416111305356,0.0,0.0,0.0,0.0,0.0,0.0,0.0,0.0,0.0,0.0,0.0,0.08718571811914444,0.0,0.0,0.0,0.0,0.0,-0.6895142793655396,0.7250261306762695,0.2525619864463806,12.589446067810059,0.05752645060420036,-0.02005794830620289,0.0,0.0,-0.048779990524053574,0.03716922551393509,0.00874646008014679,0.0171112772077322,-0.097058966755867,-0.009748749434947968,-3.738270606845617e-05,12.591771125793457,6.482799053192139,6.108972072601318,1797.0,1769.0,0.027000002562999725,1708081282,20308,965
827477062,2,320,27877,8864,411131517,411132,404936,546,-2471,5453,-2260,-153,166,147,29.265625,0.037068743258714676,0.10402843356132507,0.9064721465110779,-3.802633285522461,7.185644149780273,7.262637138366699,0.6749423742294312,1.9743525981903076,1.7444615364074707,1500,1500,1545,1500,2000,1000,1000,1000,1558,1496,1495,1799,1768,1,1,1,1,1,1,1,0,1,1,0,0,stabilized_mix,-0.08883590251207352,0.11312463879585266,0.12472828477621078,-0.00642654113471508,-0.000650404894258827,-0.6677922606468201,0.0,0.0,0.00642654113471508,0.000650404894258827,0.0,0.0,0.0,0.0,0.0,0.0,0.0,0.0,0.0,0.0,0.0,0.08718571811914444,0.0,0.0,0.0,0.0,0.0,-0.6895142793655396,0.7215378880500793,0.2503189146518707,12.589570045471191,0.05724972486495972,-0.019879832863807678,0.0,0.0,-0.049560546875,0.026227373629808426,0.007689177989959717,0.006347540766000748,-0.09845754504203796,-0.0190135408192873,-4.1114864870905876e-05,12.590195655822754,6.500671863555908,6.0895233154296875,1799.0,1768.0,0.027000002562999725,3565841097,20308,965
827477062,2,320,27878,8864,411135551,411136,404940,548,-3136,8445,1510,-384,313,111,29.28125,-0.015582475811243057,-0.04416434466838837,0.9935513734817505,-4.050759315490723,9.68094253540039,5.466543197631836,0.6383903622627258,2.000109910964966,1.761368751525879,1500,1500,1545,1500,2000,1000,1000,1000,1558,1494,1505,1798,1768,1,1,1,1,1,1,1,0,1,1,0,0,stabilized_mix,-0.06291469931602478,0.22256460785865784,0.12808848917484283,-0.0065577682107687,-0.00023900120868347585,-0.6665274500846863,0.0,0.0,0.0065577682107687,0.00023900120868347585,0.0,0.0,0.0,0.0,0.0,0.0,0.0,0.0,0.0,0.0,0.0,0.08718571811914444,0.0,0.0,0.0,0.0,0.0,-0.6895142793655396,0.7350679636001587,0.23726648092269897,12.58898639678955,0.05832354351878166,-0.01884424313902855,0.0,0.0,-0.06677412241697311,0.027940036728978157,-0.008450578898191452,0.009095793589949608,-0.09934280812740326,-0.014311376959085464,-3.97789990529418e-05,12.589956283569336,6.493873119354248,6.096083164215088,1798.0,1768.0,0.027000002562999725,4246884002,20308,965
827477062,2,320,27879,8864,411139583,411140,404944,542,3960,9441,-772,-275,71,163,29.234375,0.06766913086175919,-0.054372478276491165,0.9446289539337158,-4.52602481842041,7.580860137939453,4.406997203826904,0.6739131808280945,2.0232224464416504,1.7852959632873535,1500,1500,1545,1500,2000,1000,1000,1000,1558,1493,1496,1798,1768,1,1,1,1,1,1,1,0,1,1,0,0,stabilized_mix,-0.03414696827530861,0.1409153938293457,0.1961267590522766,-0.006281762383878231,8.799064380582422e-05,-0.6651820540428162,0.0,0.0,0.006281762383878231,-8.799064380582422e-05,0.0,0.0,0.0,0.0,0.0,0.0,0.0,0.0,0.0,0.0,0.0,0.08640337735414505,0.0,-0.0,0.0,0.0,0.0,-0.6902966499328613,0.734959602355957,0.2475038766860962,12.590336799621582,0.05830872431397438,-0.01965535245835781,0.0,0.0,-0.052283234894275665,0.031214823946356773,0.006025489419698715,0.011559471487998962,-0.1005956381559372,-0.011537492275238037,-3.9246631786227226e-05,12.59140682220459,6.491936683654785,6.099470138549805,1798.0,1768.0,0.027000002562999725,3727392316,20308,965
827477062,2,320,27880,8864,411143617,411144,404948,554,-562,5934,-1875,-193,204,188,29.328125,0.03051680698990822,0.06511104851961136,0.9237099289894104,-4.722357273101807,8.285643577575684,7.087705612182617,0.6843858361244202,2.0240485668182373,1.8104581832885742,1500,1500,1545,1500,2000,1000,1000,1000,1558,1492,1499,1799,1767,1,1,1,1,1,1,1,0,1,1,0,0,stabilized_mix,-0.07350414246320724,0.11719843745231628,0.19393302500247955,-0.006475099828094244,0.0005263172788545489,-0.6637793779373169,0.0,0.0,0.006475099828094244,-0.0005263172788545489,0.0,0.0,0.0,0.0,0.0,0.0,0.0,0.0,0.0,0.0,0.0,0.08640337735414505,0.0,-0.0,0.0,0.0,0.0,-0.6902966499328613,0.7360159158706665,0.2519400715827942,12.590197563171387,0.05839298292994499,-0.02000812441110611,0.0,0.0,-0.05714457109570503,0.03256923705339432,0.0012484118342399597,0.012561112642288208,-0.10191312432289124,-0.018555570393800735,-4.216399975121021e-05,12.591200828552246,6.506420612335205,6.084780693054199,1799.0,1767.0,0.027000002562999725,3521826907,20308,965
827477062,2,320,27888,8871,411175880,411176,404980,558,8951,8197,2116,-203,-169,341,29.359375,0.05108490586280823,-0.0375475138425827,0.9055171012878418,-7.141161918640137,7.752285003662109,2.11108136177063,0.7162022590637207,2.1854684352874756,1.9675517082214355,1500,1500,1545,1500,2000,1000,1000,1000,1558,1482,1494,1798,1768,1,1,1,1,1,1,1,0,1,1,0,0,stabilized_mix,-0.001590491272509098,0.05788399279117584,0.3817043900489807,-0.0054112384095788,0.0037831771187484264,-0.6492359042167664,0.0,0.0,0.0054112384095788,-0.0037831771187484264,0.0,0.0,0.0,0.0,0.0,0.0,0.0,0.0,0.0,0.0,0.0,0.08782482892274857,0.0,-0.0,0.0,0.0,0.0,-0.6888751983642578,0.7945934534072876,0.2658511996269226,12.587800025939941,0.06304045021533966,-0.02111564576625824,0.0,0.0,-0.05347628518939018,0.04926067218184471,0.009564165025949478,0.02814502641558647,-0.11013852059841156,-0.005526797845959663,-4.048284608870745e-05,12.593363761901855,6.499096393585205,6.094267845153809,1798.0,1768.0,0.027000002562999725,3781483614,20308,965
827477062,2,320,27889,8871,411179914,411180,404984,544,-11544,4119,-4094,-407,324,121,29.25,0.016604840755462646,0.21621520817279816,0.9091591835021973,-2.136991262435913,10.428953170776367,7.5671515464782715,0.660993218421936,2.149446487426758,1.9846835136413574,1500,1500,1545,1500,2000,1000,1000,1000,1558,1503,1506,1800,1766,1,1,1,1,1,1,1,0,1,1,0,0,stabilized_mix,-0.12544763088226318,0.17546197772026062,0.3438957929611206,-0.005527556408196688,0.00428604194894433,-0.6471762657165527,0.0,0.0,0.005527556408196688,-0.00428604194894433,0.0,0.0,0.0,0.0,0.0,0.0,0.0,0.0,0.0,0.0,0.0,0.08996877819299698,0.0,-0.0,0.0,0.0,0.0,-0.686731219291687,0.7919859290122986,0.2427377700805664,12.584651947021484,0.06284979730844498,-0.019285205751657486,0.0,0.0,-0.0719582810997963,0.014744933694601059,-0.009108483791351318,-0.004540272057056427,-0.1110355406999588,-0.019810756668448448,-4.579615779221058e-05,12.585304260253906,6.521633148193359,6.063671588897705,1800.0,1766.0,0.027000002562999725,1633091095,20308,965
827477062,2,320,27890,8871,411183947,411184,404988,544,5877,10367,3109,-314,116,-29,29.25,-0.04862260818481445,-0.289845734834671,0.9845277667045593,-4.373940467834473,7.923096179962158,2.0430760383605957,0.6226709485054016,2.1870269775390625,1.9984493255615234,1500,1500,1545,1500,2000,1000,1000,1000,1558,1493,1494,1798,1768,1,1,1,1,1,1,1,0,1,1,0,0,stabilized_mix,-0.0651661679148674,0.31347280740737915,0.3862096071243286,-0.005623538047075272,0.004545732866972685,-0.6449189186096191,0.0,0.0,0.005623538047075272,-0.004545732866972685,0.0,0.0,0.0,0.0,0.0,0.0,0.0,0.0,0.0,0.0,0.0,0.08996877819299698,0.0,-0.0,0.0,0.0,0.0,-0.686731219291687,0.8005613088607788,0.23202362656593323,12.585053443908691,0.06352648138999939,-0.01843363232910633,0.0,0.0,-0.054666485637426376,0.030178600922226906,0.008859995752573013,0.011744968593120575,-0.11175631731748581,-0.005348760634660721,-4.098680801689625e-05,12.58641529083252,6.498141765594482,6.088273525238037,1798.0,1768.0,0.027000002562999725,1045750060,20308,965
827477062,2,320,27891,8871,411188006,411188,404992,544,6216,7203,-1975,-172,-56,422,29.25,0.1380353569984436,0.11564221978187561,0.8652185797691345,-6.7149810791015625,8.078173637390137,4.567176818847656,0.7500061988830566,2.2190921306610107,2.024905204772949,1500,1500,1545,1500,2000,1000,1000,1000,1558,1485,1494,1799,1767,1,1,1,1,1,1,1,0,1,1,0,0,stabilized_mix,-0.016723699867725372,-0.011425472795963287,0.4380050301551819,-0.005491090472787619,0.004766827914863825,-0.6427037119865417,0.0,0.0,0.005491090472787619,-0.004766827914863825,0.0,0.0,0.0,0.0,0.0,0.0,0.0,0.0,0.0,0.0,0.0,0.09066236764192581,0.0,-0.0,0.0,0.0,0.0,-0.6860376596450806,0.8119553327560425,0.2819552719593048,12.583823204040527,0.06443442404270172,-0.02240157313644886,0.0,0.0,-0.05574190989136696,0.046335458755493164,0.008692514151334763,0.023933885619044304,-0.11314154416322708,-0.011956841684877872,-4.378438461571932e-05,12.58790397644043,6.512874126434326,6.075030326843262,1799.0,1767.0,0.027000002562999725,3165130385,20308,965
827477062,2,320,27892,8871,411192011,411192,404996,544,-14050,5395,119,-448,499,-58,29.25,-0.07535436749458313,0.10423648357391357,0.962688148021698,-0.8657349348068237,10.136509895324707,8.24852180480957,0.6324588060379028,2.171804904937744,2.0394797325134277,1500,1500,1545,1500,2000,1000,1000,1000,1558,1508,1504,1801,1766,1,1,1,1,1,1,1,0,1,1,0,0,stabilized_mix,-0.16646885871887207,0.27977505326271057,0.369253933429718,-0.005763998255133629,0.005475196056067944,-0.6404256820678711,0.0,0.0,0.005763998255133629,-0.005475196056067944,0.0,0.0,0.0,0.0,0.0,0.0,0.0,0.0,0.0,0.0,0.0,0.09066236764192581,0.0,-0.0,0.0,0.0,0.0,-0.6860376596450806,0.7989951968193054,0.23024827241897583,12.583669662475586,0.0634094849228859,-0.018294954672455788,0.0,0.0,-0.06994592398405075,0.005973913706839085,-0.006536439061164856,-0.012321040965616703,-0.113904669880867,-0.0215945802628994,-4.742469172924757e-05,12.584893226623535,6.52957010269165,6.055323123931885,1801.0,1766.0,0.027000002562999725,893355326,20309,966
827477062,2,320,27893,8871,411196045,411196,405000,546,12103,11000,4890,-260,-139,177,29.265625,-0.013616174459457397,-0.2884874641895294,0.9645535945892334,-7.11211633682251,7.221822738647461,0.14771056175231934,0.693775475025177,2.2431838512420654,2.0565667152404785,1500,1500,1545,1500,2000,1000,1000,1000,1558,1482,1490,1798,1768,1,1,1,1,1,1,1,0,1,1,0,0,stabilized_mix,-0.019844111055135727,0.18564511835575104,0.46830448508262634,-0.00569772208109498,0.0051518636755645275,-0.6379265785217285,0.0,0.0,0.00569772208109498,-0.0051518636755645275,0.0,0.0,0.0,0.0,0.0,0.0,0.0,0.0,0.0,0.0,0.0,0.09111318737268448,0.0,-0.0,0.0,0.0,0.0,-0.6855868101119995,0.8175904750823975,0.26050740480422974,12.583513259887695,0.06488195061683655,-0.020696980878710747,0.0,0.0,-0.049834053963422775,0.049077026546001434,0.015047896653413773,0.028380045667290688,-0.11479933559894562,-0.0003867053601425141,-4.0315091609954834e-05,12.590007781982422,6.496579170227051,6.093428611755371,1798.0,1768.0,0.027000002562999725,3366171388,20309,966
827477062,2,320,27894,8871,411199135,411200,405003,532,-14140,3407,-4632,-379,432,107,29.15625,0.008230619132518768,0.27500835061073303,0.8925865888595581,-1.5719281435012817,10.220462799072266,9.883790969848633,0.7046672701835632,2.19990873336792,2.078451156616211,1500,1500,1544,1500,2000,1000,1000,1000,1557,1506,1504,1801,1764,1,1,1,1,1,1,1,0,1,1,0,0,stabilized_mix,-0.15174272656440735,0.14427976310253143,0.42120361328125,-0.006042814347893,0.0057627675123512745,-0.636158287525177,0.0,0.0,0.006042814347893,-0.0057627675123512745,0.0,0.0,0.0,0.0,0.0,0.0,0.0,0.0,0.0,0.0,0.0,0.09171319007873535,0.0,-0.0,0.0,0.0,0.0,-0.6677268147468567,0.8069862127304077,0.2571960985660553,12.56135368347168,0.06415540724992752,-0.02047189697623253,0.0,0.0,-0.07065052539110184,0.010866195894777775,-0.006495118141174316,-0.009605701081454754,-0.11594520509243011,-0.025875704362988472,-4.963728133589029e-05,12.562198638916016,6.529285430908203,6.032912731170654,1801.0,1764.0,0.026400001719594002,2257095069,20309,966
827477062,2,320,27895,8871,411203167,411204,405007,550,6304,11907,3513,-299,138,-41,29.296875,-0.04840797930955887,-0.31999471783638,1.012906551361084,-4.9106879234313965,7.703316688537598,1.9837297201156616,0.6874147653579712,2.256344795227051,2.0941996574401855,1500,1500,1545,1500,2000,1000,1000,1000,1558,1491,1492,1799,1767,1,1,1,1,1,1,1,0,1,1,0,0,stabilized_mix,-0.05332719162106514,0.30708691477775574,0.46291595697402954,-0.006127987522631884,0.005867258179932833,-0.6335472464561462,0.0,0.0,0.006127987522631884,-0.005867258179932833,0.0,0.0,0.0,0.0,0.0,0.0,0.0,0.0,0.0,0.0,0.0,0.09111318737268448,0.0,-0.0,0.0,0.0,0.0,-0.6855868101119995,0.8232792019844055,0.2550874948501587,12.583135604858398,0.06533407419919968,-0.020267892628908157,0.0,0.0,-0.05315819010138512,0.03388712555170059,0.01217588409781456,0.013619232922792435,-0.11676979064941406,-0.005193392280489206,-4.268705379217863e-05,12.585235595703125,6.5060529708862305,6.0791826248168945,1799.0,1767.0,0.027000002562999725,1813353173,20309,966
827477062,2,320,27896,8871,411207164,411208,405011,544,8267,6601,-3772,-120,-102,465,29.25,0.16420230269432068,0.10096584260463715,0.8326343894004822,-6.979910850524902,7.395511627197266,4.561599254608154,0.8090394735336304,2.2793333530426025,2.1225552558898926,1500,1500,1545,1500,2000,1000,1000,1000,1558,1485,1491,1800,1766,1,1,1,1,1,1,1,0,1,1,0,0,stabilized_mix,-0.017556920647621155,-0.03864327818155289,0.5302232503890991,-0.006268402095884085,0.005988428834825754,-0.631081759929657,0.0,0.0,0.006268402095884085,-0.005988428834825754,0.0,0.0,0.0,0.0,0.0,0.0,0.0,0.0,0.0,0.0,0.0,0.09140623360872269,0.0,-0.0,0.0,0.0,0.0,-0.6852937936782837,0.8298959732055664,0.3011486828327179,12.582563400268555,0.06586064398288727,-0.023926613852381706,0.0,0.0,-0.051036443561315536,0.048168379813432693,0.014824200421571732,0.024241765961050987,-0.11825448274612427,-0.011942238546907902,-4.5568798668682575e-05,12.58764362335205,6.521665573120117,6.065977573394775,1800.0,1766.0,0.027000002562999725,2433192409,20309,966
827477062,2,320,27897,8871,411212177,411212,405016,540,-11871,2405,-5986,-319,327,187,29.21875,0.05027540773153305,0.32278120517730713,0.8541184067726135,-2.1909589767456055,9.720091819763184,9.206578254699707,0.7605316042900085,2.249297857284546,2.1443748474121094,1500,1500,1545,1500,2000,1000,1000,1000,1558,1504,1501,1802,1765,1,1,1,1,1,1,1,0,1,1,0,0,stabilized_mix,-0.14269450306892395,0.08240456879138947,0.4692741632461548,-0.0066224089823663235,0.0066595422104001045,-0.6278967261314392,0.0,0.0,0.0066224089823663235,-0.0066595422104001045,0.0,0.0,0.0,0.0,0.0,0.0,0.0,0.0,0.0,0.0,0.0,0.09140623360872269,0.0,-0.0,0.0,0.0,0.0,-0.6852937936782837,0.8229806423187256,0.27799415588378906,12.581992149353027,0.06531636416912079,-0.022090977057814598,0.0,0.0,-0.06708142161369324,0.015120499767363071,-0.0017650574445724487,-0.006970477290451527,-0.11939695477485657,-0.024102767929434776,-5.022494588047266e-05,12.582317352294922,6.542283535003662,6.04003381729126,1802.0,1765.0,0.027000002562999725,2742092379,20309,966
827477062,2,320,27898,8871,411215237,411216,405019,540,11882,12621,4416,-279,-151,210,29.21875,-0.005075402557849884,-0.2930818796157837,0.9742941856384277,-7.750941753387451,7.3638916015625,-0.3281909227371216,0.7539235353469849,2.306196928024292,2.1523637771606445,1500,1500,1545,1500,2000,1000,1000,1000,1558,1480,1490,1799,1768,1,1,1,1,1,1,1,0,1,1,0,0,stabilized_mix,-0.03429017961025238,0.18322771787643433,0.5334742069244385,-0.006677622906863689,0.006571045145392418,-0.6257523894309998,0.0,0.0,0.006677622906863689,-0.006571045145392418,0.0,0.0,0.0,0.0,0.0,0.0,0.0,0.0,0.0,0.0,0.0,0.09140623360872269,0.0,-0.0,0.0,0.0,0.0,-0.6852937936782837,0.8389550447463989,0.28151917457580566,12.582627296447754,0.06657712161540985,-0.02236713096499443,0.0,0.0,-0.050817977637052536,0.053488995879888535,0.015759143978357315,0.031121864914894104,-0.11981526017189026,0.0008592018275521696,-4.163465928286314e-05,12.590286254882812,6.503316402435303,6.08696985244751,1799.0,1768.0,0.027000002562999725,4256924392,20309,966
827477062,2,320,27899,8871,411219238,411220,405023,540,-2482,4347,-7418,-181,70,351,29.21875,0.12578576803207397,0.2839762568473816,0.8220850825309753,-4.33213472366333,8.385262489318848,7.280055046081543,0.8176470398902893,2.2815206050872803,2.1786293983459473,1500,1500,1545,1500,2000,1000,1000,1000,1558,1496,1495,1801,1765,1,1,1,1,1,1,1,0,1,1,0,0,stabilized_mix,-0.11644291877746582,-0.019259348511695862,0.5241345167160034,-0.0069448743015527725,0.006764266174286604,-0.6232409477233887,0.0,0.0,0.0069448743015527725,-0.006764266174286604,0.0,0.0,0.0,0.0,0.0,0.0,0.0,0.0,0.0,0.0,0.0,0.09194669872522354,0.0,-0.0,0.0,0.0,0.0,-0.6847532987594604,0.8320207595825195,0.30091771483421326,12.581376075744629,0.06603499501943588,-0.023912357166409492,0.0,0.0,-0.05787217617034912,0.02989889122545719,0.008162818849086761,0.005986534059047699,-0.12119051814079285,-0.019059140235185623,-4.908733535557985e-05,12.58202075958252,6.536447048187256,6.045573711395264,1801.0,1765.0,0.027000002562999725,2278389217,20309,966
827477062,2,320,27906,8877,411247468,411248,405051,538,8730,12717,4695,-326,6,154,29.203125,-0.022187575697898865,-0.27323341369628906,0.999245822429657,-7.008575439453125,7.216671943664551,1.2938193082809448,0.8363872766494751,2.303154945373535,2.3144021034240723,1500,1500,1545,1500,2000,1000,1000,1000,1558,1485,1489,1800,1766,1,1,1,1,1,1,1,0,1,1,0,0,stabilized_mix,-0.1028112918138504,0.19930113852024078,0.5582601428031921,-0.0085164038464427,0.007750252727419138,-0.6039290428161621,0.0,0.0,0.0085164038464427,-0.007750252727419138,0.0,0.0,0.0,0.0,0.0,0.0,0.0,0.0,0.0,0.0,0.0,0.0939776673913002,0.0,-0.0,0.0,0.0,0.0,-0.6827223300933838,0.8375687599182129,0.3102319836616516,12.579170227050781,0.06648564338684082,-0.024653935804963112,0.0,0.0,-0.04981570318341255,0.04837924242019653,0.01666994020342827,0.02372530661523342,-0.1282995641231537,-0.003387211123481393,-4.609033931046724e-05,12.584460258483887,6.522682189941406,6.061778545379639,1800.0,1766.0,0.027000002562999725,4205039461,20309,966
827477062,2,320,27907,8877,411251500,411252,405055,536,438,5281,-4030,-126,-18,360,29.1875,0.09521166980266571,0.20509912073612213,0.8254064321517944,-5.193296432495117,6.505364418029785,6.40730094909668,0.9204500317573547,2.2881152629852295,2.344273090362549,1500,1500,1545,1500,2000,1000,1000,1000,1558,1494,1487,1802,1764,1,1,1,1,1,1,1,0,1,1,0,0,stabilized_mix,-0.13521291315555573,-0.01743239164352417,0.582219660282135,-0.009107347577810287,0.008129452355206013,-0.601211428642273,0.0,0.0,0.009107347577810287,-0.008129452355206013,0.0,0.0,0.0,0.0,0.0,0.0,0.0,0.0,0.0,0.0,0.0,0.0939776673913002,0.0,-0.0,0.0,0.0,0.0,-0.6827223300933838,0.8320077657699585,0.3391960561275482,12.57886791229248,0.06604709476232529,-0.026952993124723434,0.0,0.0,-0.04490672051906586,0.03584947809576988,0.02114037424325943,0.008896484971046448,-0.12986360490322113,-0.01677427627146244,-5.132320802658796e-05,12.58217716217041,6.547704696655273,6.034472942352295,1802.0,1764.0,0.027000002562999725,880882031,20309,966
827477062,2,320,27908,8877,411255532,411256,405059,542,-7956,5451,1156,-369,489,-65,29.234375,-0.07480418682098389,-0.050998613238334656,0.9763501286506653,-2.6329970359802246,8.965548515319824,6.984882831573486,0.8032787442207336,2.275003433227539,2.3570785522460938,1500,1500,1545,1500,2000,1000,1000,1000,1558,1503,1497,1802,1764,1,1,1,1,1,1,1,0,1,1,0,0,stabilized_mix,-0.17562977969646454,0.30351942777633667,0.48906123638153076,-0.00946896430104971,0.00857800804078579,-0.5983809232711792,0.0,0.0,0.00946896430104971,-0.00857800804078579,0.0,0.0,0.0,0.0,0.0,0.0,0.0,0.0,0.0,0.0,0.0,0.0939776673913002,0.0,-0.0,0.0,0.0,0.0,-0.6827223300933838,0.830809473991394,0.29382193088531494,12.578356742858887,0.06595491617918015,-0.02335488609969616,0.0,0.0,-0.06189196556806564,0.018176395446062088,0.004062950611114502,-0.005178490653634071,-0.1305340975522995,-0.018286380916833878,-5.208712536841631e-05,12.578628540039062,6.549749851226807,6.028878211975098,1802.0,1764.0,0.027000002562999725,2183094588,20309,966
827477062,2,320,27909,8877,411259562,411260,405063,550,11302,10821,1807,-255,-144,316,29.296875,0.05570724233984947,-0.1736426055431366,0.9270339012145996,-7.72074031829834,6.466820240020752,0.9000720977783203,0.8937113285064697,2.316113233566284,2.378206729888916,1500,1500,1545,1500,2000,1000,1000,1000,1558,1483,1486,1801,1766,1,1,1,1,1,1,1,0,1,1,0,0,stabilized_mix,-0.0599687397480011,0.10820266604423523,0.6007151007652283,-0.00953747145831585,0.008335341699421406,-0.595466673374176,0.0,0.0,0.00953747145831585,-0.008335341699421406,0.0,0.0,0.0,0.0,0.0,0.0,0.0,0.0,0.0,0.0,0.0,0.09466812759637833,0.0,-0.0,0.0,0.0,0.0,-0.6820318698883057,0.8412289619445801,0.33182868361473083,12.578265190124512,0.06678012013435364,-0.02636853978037834,0.0,0.0,-0.04464279115200043,0.05329905077815056,0.02213732898235321,0.026930510997772217,-0.13164037466049194,-0.0023563832510262728,-4.6898843720555305e-05,12.585911750793457,6.5274505615234375,6.058461666107178,1801.0,1766.0,0.027000002562999725,1993417894,20309,966
827477062,2,320,27910,8877,411263595,411264,405067,548,-7262,4032,-3696,-171,189,187,29.28125,0.03636620566248894,0.2298765331506729,0.8439522981643677,-3.494133710861206,7.138257026672363,7.768890380859375,0.9019038677215576,2.274374008178711,2.403073310852051,1500,1500,1545,1500,2000,1000,1000,1000,1558,1501,1490,1803,1764,1,1,1,1,1,1,1,0,1,1,0,0,stabilized_mix,-0.16087228059768677,0.08441281318664551,0.5548074245452881,-0.010025839321315289,0.008914373815059662,-0.5927466154098511,0.0,0.0,0.010025839321315289,-0.008914373815059662,0.0,0.0,0.0,0.0,0.0,0.0,0.0,0.0,0.0,0.0,0.0,0.09466812759637833,0.0,-0.0,0.0,0.0,0.0,-0.6820318698883057,0.8283630609512329,0.33074405789375305,12.577738761901855,0.06576448678970337,-0.026286358013749123,0.0,0.0,-0.04928002506494522,0.024122275412082672,0.016484461724758148,-0.0021640826016664505,-0.13294237852096558,-0.020338907837867737,-5.364848766475916e-05,12.579476356506348,6.557981014251709,6.021495819091797,1803.0,1764.0,0.027000002562999725,1851878593,20310,967
827477062,2,320,27911,8877,411267629,411268,405071,544,-717,9576,2811,-368,288,21,29.25,-0.0617830753326416,-0.1763688176870346,1.0167187452316284,-4.5770368576049805,8.397866249084473,3.844444751739502,0.8321102857589722,2.2862870693206787,2.4141550064086914,1500,1500,1545,1500,2000,1000,1000,1000,1558,1495,1495,1802,1765,1,1,1,1,1,1,1,0,1,1,0,0,stabilized_mix,-0.131391242146492,0.29199427366256714,0.5117694139480591,-0.009712832979857922,0.008898177184164524,-0.5898446440696716,0.0,0.0,0.009712832979857922,-0.008898177184164524,0.0,0.0,0.0,0.0,0.0,0.0,0.0,0.0,0.0,0.0,0.0,0.09511692076921463,0.0,-0.0,0.0,0.0,0.0,-0.6815831065177917,0.8329402804374695,0.3057074248790741,12.577286720275879,0.0661291852593422,-0.024300716817378998,0.0,0.0,-0.057978007942438126,0.03159939497709274,0.008151177316904068,0.007298678159713745,-0.1335226148366928,-0.010064732283353806,-5.0255563110113144e-05,12.578039169311523,6.540297508239746,6.037741661071777,1802.0,1765.0,0.027000002562999725,3021337018,20310,967
827477062,2,320,27912,8877,411271660,411272,405075,558,8712,8919,-1851,-199,-152,351,29.359375,0.08557374775409698,-0.018264517188072205,0.8829513192176819,-6.809261322021484,5.823858261108398,1.990180492401123,0.935676097869873,2.2903010845184326,2.4359402656555176,1500,1500,1545,1500,2000,1000,1000,1000,1558,1488,1484,1801,1765,1,1,1,1,1,1,1,0,1,1,0,0,stabilized_mix,-0.09818598628044128,0.039741791784763336,0.6047399044036865,-0.010197767056524754,0.009067609906196594,-0.5870017409324646,0.0,0.0,0.010197767056524754,-0.009067609906196594,0.0,0.0,0.0,0.0,0.0,0.0,0.0,0.0,0.0,0.0,0.0,0.09511692076921463,0.0,-0.0,0.0,0.0,0.0,-0.6815831065177917,0.8307507038116455,0.345334529876709,12.577882766723633,0.06595274060964584,-0.02743970789015293,0.0,0.0,-0.04020541161298752,0.0470082126557827,0.025747328996658325,0.01956850476562977,-0.13466328382492065,-0.005210280418395996,-4.895578604191542e-05,12.58446216583252,6.5370097160339355,6.047451972961426,1801.0,1765.0,0.027000002562999725,474944479,20310,967
827477062,2,320,27913,8877,411275690,411276,405079,544,-9151,4137,-1995,-194,354,73,29.25,-0.02413075417280197,0.13773970305919647,0.8917208909988403,-3.0771749019622803,7.386841297149658,7.929839134216309,0.8754801750183105,2.2463085651397705,2.454986095428467,1500,1500,1545,1500,2000,1000,1000,1000,1558,1503,1491,1803,1763,1,1,1,1,1,1,1,0,1,1,0,0,stabilized_mix,-0.1959596574306488,0.1814548373222351,0.5282061696052551,-0.010686864145100117,0.00964098796248436,-0.58424973487854,0.0,0.0,0.010686864145100117,-0.00964098796248436,0.0,0.0,0.0,0.0,0.0,0.0,0.0,0.0,0.0,0.0,0.0,0.09511692076921463,0.0,-0.0,0.0,0.0,0.0,-0.6815831065177917,0.8181226253509521,0.3205174207687378,12.577386856079102,0.06495559960603714,-0.025475632399320602,0.0,0.0,-0.05099758878350258,0.021244332194328308,0.013958010822534561,-0.004231300204992294,-0.13566052913665771,-0.020760271698236465,-5.47473318874836e-05,12.57872486114502,6.563098907470703,6.015625476837158,1803.0,1763.0,0.027000002562999725,3825822501,20310,967
827477062,2,320,27914,8877,411279725,411280,405083,536,4027,10924,3282,-334,139,129,29.1875,-0.02496027946472168,-0.19692924618721008,0.9910792112350464,-5.691031455993652,7.417081356048584,2.304363250732422,0.8653727769851685,2.2668163776397705,2.4682865142822266,1500,1500,1545,1500,2000,1000,1000,1000,1558,1491,1491,1802,1765,1,1,1,1,1,1,1,0,1,1,0,0,stabilized_mix,-0.12389829009771347,0.23196689784526825,0.5472114086151123,-0.010611618869006634,0.009489164687693119,-0.5813436508178711,0.0,0.0,0.010611618869006634,-0.009489164687693119,0.0,0.0,0.0,0.0,0.0,0.0,0.0,0.0,0.0,0.0,0.0,0.09470865875482559,0.0,-0.0,0.0,0.0,0.0,-0.6819913387298584,0.8212947845458984,0.316274493932724,12.578377723693848,0.06520162522792816,-0.025136539712548256,0.0,0.0,-0.051202330738306046,0.039286889135837555,0.013999294489622116,0.014150349423289299,-0.13635693490505219,-0.0060328091494739056,-4.983635153621435e-05,12.580870628356934,6.53961706161499,6.041253566741943,1802.0,1765.0,0.027000002562999725,2955103570,20310,967
827477062,2,320,27915,8877,411283757,411284,405087,580,1965,7354,-2743,-137,-43,277,29.53125,0.07980012893676758,0.09391932189464569,0.8707230091094971,-5.3400373458862305,5.488828659057617,4.170273303985596,0.9283998012542725,2.2525861263275146,2.491508960723877,1500,1500,1545,1500,2000,1000,1000,1000,1558,1494,1483,1803,1764,1,1,1,1,1,1,1,0,1,1,0,0,stabilized_mix,-0.13425332307815552,0.06251348555088043,0.578477680683136,-0.011183775961399078,0.009871873073279858,-0.5785884261131287,0.0,0.0,0.011183775961399078,-0.009871873073279858,0.0,0.0,0.0,0.0,0.0,0.0,0.0,0.0,0.0,0.0,0.0,0.09470865875482559,0.0,-0.0,0.0,0.0,0.0,-0.6819913387298584,0.8149287700653076,0.3391222059726715,12.57867431640625,0.06469612568616867,-0.026943882927298546,0.0,0.0,-0.03789013251662254,0.03686300292611122,0.026805993169546127,0.009919119998812675,-0.13757285475730896,-0.01091775018721819,-5.197175778448582e-05,12.583813667297363,6.551765441894531,6.032047748565674,1803.0,1764.0,0.027000002562999725,2423046661,20310,967
827477062,2,320,27916,8877,411287791,411288,405091,560,-6263,5935,13,-240,309,75,29.375,-0.046799615025520325,0.01657862961292267,0.9454599618911743,-3.8647823333740234,7.8672356605529785,5.360960483551025,0.8480770587921143,2.2308664321899414,2.502880096435547,1500,1500,1545,1500,2000,1000,1000,1000,1558,1499,1494,1803,1764,1,1,1,1,1,1,1,0,1,1,0,0,stabilized_mix,-0.17727549374103546,0.25082239508628845,0.5035069584846497,-0.01109769195318222,0.009950144216418266,-0.575837254524231,0.0,0.0,0.01109769195318222,-0.009950144216418266,0.0,0.0,0.0,0.0,0.0,0.0,0.0,0.0,0.0,0.0,0.0,0.09374327212572098,0.0,-0.0,0.0,0.0,0.0,-0.6829567551612854,0.8049756288528442,0.30697768926620483,12.57961368560791,0.06390336155891418,-0.024396825581789017,0.0,0.0,-0.054304540157318115,0.026677124202251434,0.00959882140159607,0.0022802986204624176,-0.13816824555397034,-0.01403496228158474,-5.3271069191396236e-05,12.580225944519043,6.556468486785889,6.0237579345703125,1803.0,1764.0,0.027000002562999725,1676788630,20310,967
827477062,2,320,27917,8877,411291822,411292,405095,536,6694,9950,1148,-299,25,181,29.1875,0.03561675548553467,-0.1574597805738449,0.9489178657531738,-5.540696620941162,6.682441711425781,2.1252050399780273,0.8685470819473267,2.2532482147216797,2.5186262130737305,1500,1500,1544,1500,2000,1000,1000,1000,1557,1492,1488,1801,1764,1,1,1,1,1,1,1,0,1,1,0,0,stabilized_mix,-0.09299087524414062,0.19812247157096863,0.5549224019050598,-0.011497635394334793,0.010207763873040676,-0.5730258226394653,0.0,0.0,0.011497635394334793,-0.010207763873040676,0.0,0.0,0.0,0.0,0.0,0.0,0.0,0.0,0.0,0.0,0.0,0.09434327483177185,0.0,-0.0,0.0,0.0,0.0,-0.6650967597961426,0.8111592531204224,0.3137302100658417,12.558555603027344,0.06450057774782181,-0.024972017854452133,0.0,0.0,-0.046203698962926865,0.038309451192617416,0.018296878784894943,0.013337433338165283,-0.13899272680282593,-0.005563774146139622,-5.059479735791683e-05,12.561775207519531,6.53386116027832,6.027913570404053,1801.0,1764.0,0.026400001719594002,1526021539,20310,967
827477062,2,320,27924,8883,411320056,411320,405123,538,-1513,6444,-1298,-131,173,165,29.203125,0.011630374938249588,0.06285583227872849,0.909307599067688,-3.5473952293395996,6.122262954711914,4.623991966247559,0.7409144639968872,2.2270731925964355,2.6016478538513184,1500,1500,1545,1500,2000,1000,1000,1000,1558,1498,1486,1803,1764,1,1,1,1,1,1,1,0,1,1,0,0,stabilized_mix,-0.09319618344306946,0.2326580435037613,0.4738582372665405,-0.011691158637404442,0.013113710097968578,-0.5548272132873535,0.0,0.0,0.011691158637404442,-0.013113710097968578,0.0,0.0,0.0,0.0,0.0,0.0,0.0,0.0,0.0,0.0,0.0,0.09434852749109268,0.0,-0.0,0.0,0.0,0.0,-0.6823514699935913,0.8035000562667847,0.26840853691101074,12.579760551452637,0.06378579139709473,-0.021328357979655266,0.0,0.0,-0.04225916415452957,0.024486035108566284,0.021526627242565155,0.0031576771289110184,-0.14333972334861755,-0.01210558321326971,-5.44058857485652e-05,12.582738876342773,6.563398838043213,6.0193400382995605,1803.0,1764.0,0.027000002562999725,1937558752,20310,967
827477062,2,320,27925,8883,411323153,411324,405126,564,2568,9296,1574,-265,11,25,29.40625,0.014082051813602448,-0.14421287178993225,0.9563705325126648,-2.2258872985839844,5.98015832901001,1.208533763885498,0.6746195554733276,2.2380824089050293,2.607631206512451,1500,1500,1545,1500,2000,1000,1000,1000,1558,1503,1486,1802,1764,1,1,1,1,1,1,1,0,1,1,0,0,stabilized_mix,-0.05416129156947136,0.3473779559135437,0.47459638118743896,-0.011780265718698502,0.013726589269936085,-0.5528935790061951,0.0,0.0,0.011780265718698502,-0.013726589269936085,0.0,0.0,0.0,0.0,0.0,0.0,0.0,0.0,0.0,0.0,0.0,0.09434852749109268,0.0,-0.0,0.0,0.0,0.0,-0.6823514699935913,0.8064625859260559,0.24333658814430237,12.579530715942383,0.0640215054154396,-0.019336439669132233,0.0,0.0,-0.041279036551713943,0.015364556573331356,0.022742468863725662,-0.003971883095800877,-0.143653005361557,-0.0031639342196285725,-5.138595588505268e-05,12.582883834838867,6.5483717918396,6.034512519836426,1802.0,1764.0,0.027000002562999725,1498751561,20310,967
827477062,2,320,27926,8883,411327177,411328,405130,536,4141,6378,-1211,-108,-35,153,29.1875,0.0373845174908638,-0.0062247514724731445,0.906521737575531,-3.4653215408325195,5.552650451660156,2.312891960144043,0.6808507442474365,2.2212202548980713,2.61915922164917,1500,1500,1545,1500,2000,1000,1000,1000,1558,1497,1484,1803,1764,1,1,1,1,1,1,1,0,1,1,0,0,stabilized_mix,-0.08091799914836884,0.23910139501094818,0.4713449478149414,-0.011493668891489506,0.013997803442180157,-0.5504834055900574,0.0,0.0,0.011493668891489506,-0.013997803442180157,0.0,0.0,0.0,0.0,0.0,0.0,0.0,0.0,0.0,0.0,0.0,0.09315920621156693,0.0,-0.0,-0.0,0.0,0.0,-0.6835408210754395,0.7975538969039917,0.24424731731414795,12.581755638122559,0.06330501288175583,-0.019404321908950806,0.0,0.0,-0.03832131251692772,0.023915724828839302,0.02498370036482811,0.004511402919888496,-0.1442566066980362,-0.006055137608200312,-5.2609131671488285e-05,12.585811614990234,6.5559515953063965,6.029860496520996,1803.0,1764.0,0.027000002562999725,1649947345,20310,967
827477062,2,320,27927,8883,411331213,411332,405134,556,-5343,6284,-1223,-296,188,38,29.34375,-0.0037029385566711426,0.02057107537984848,0.9465509057044983,-0.9038612842559814,6.916168689727783,3.03743577003479,0.5896893739700317,2.199125051498413,2.62514591217041,1500,1500,1545,1500,2000,1000,1000,1000,1558,1507,1490,1803,1764,1,1,1,1,1,1,1,0,1,1,0,0,stabilized_mix,-0.11860507726669312,0.3666110634803772,0.4405843913555145,-0.011745039373636246,0.015078933909535408,-0.5480496883392334,0.0,0.0,0.011745039373636246,-0.015078933909535408,0.0,0.0,0.0,0.0,0.0,0.0,0.0,0.0,0.0,0.0,0.0,0.09315920621156693,0.0,-0.0,-0.0,0.0,0.0,-0.6835408210754395,0.7895742654800415,0.21229305863380432,12.581071853637695,0.06267669796943665,-0.016870521008968353,0.0,0.0,-0.047734152525663376,0.0062382882460951805,0.01494254544377327,-0.010632232762873173,-0.14457006752490997,-0.007951988838613033,-5.338271148502827e-05,12.5831880569458,6.558507442474365,6.0246806144714355,1803.0,1764.0,0.027000002562999725,4048855401,20310,967
827477062,2,320,27928,8883,411335237,411336,405138,544,5181,9015,1825,-200,-11,-18,29.25,0.006859183311462402,-0.18324145674705505,0.9475787878036499,-1.7005572319030762,5.311809062957764,0.790438711643219,0.5640146136283875,2.213670253753662,2.6344194412231445,1500,1500,1545,1500,2000,1000,1000,1000,1558,1503,1483,1802,1765,1,1,1,1,1,1,1,0,1,1,0,0,stabilized_mix,-0.0626484677195549,0.3706766366958618,0.46157875657081604,-0.011924026533961296,0.015913326293230057,-0.5456376671791077,0.0,0.0,0.011924026533961296,-0.015913326293230057,0.0,0.0,0.0,0.0,0.0,0.0,0.0,0.0,0.0,0.0,0.0,0.09315920621156693,0.0,-0.0,-0.0,0.0,0.0,-0.6835408210754395,0.7944622039794922,0.20237858593463898,12.581639289855957,0.06306084990501404,-0.016078241169452667,0.0,0.0,-0.03665950149297714,0.011736411601305008,0.026401348412036896,-0.004341829568147659,-0.1450556218624115,-0.002069363836199045,-5.149375647306442e-05,12.58614444732666,6.550540924072266,6.035603046417236,1802.0,1765.0,0.027000002562999725,2882487227,20311,968
827477062,2,320,27929,8883,411339237,411340,405142,536,1054,7738,-1083,-134,-9,197,29.1875,0.05080021917819977,0.08399321138858795,0.927754282951355,-2.6997971534729004,5.567298889160156,2.928769588470459,0.5732152462005615,2.192639112472534,2.646578788757324,1500,1500,1544,1500,2000,1000,1000,1000,1557,1498,1485,1803,1763,1,1,1,1,1,1,1,0,1,1,0,0,stabilized_mix,-0.09081405401229858,0.22352471947669983,0.44667860865592957,-0.011852416209876537,0.01638753153383732,-0.543319821357727,0.0,0.0,0.011852416209876537,-0.01638753153383732,0.0,0.0,0.0,0.0,0.0,0.0,0.0,0.0,0.0,0.0,0.0,0.0919361412525177,0.0,-0.0,-0.0,0.0,0.0,-0.667503833770752,0.7829180359840393,0.20371410250663757,12.563065528869629,0.06223854050040245,-0.016209322959184647,0.0,0.0,-0.03847956657409668,0.018660221248865128,0.02375897392630577,0.002450898289680481,-0.14569228887557983,-0.007667500991374254,-5.3675961680710316e-05,12.566649436950684,6.551704406738281,6.014944553375244,1803.0,1763.0,0.026400001719594002,3194263170,20311,968
827477062,2,320,27930,8883,411343246,411344,405146,552,-6032,8097,850,-296,161,-73,29.3125,-0.04218490794301033,-0.009551763534545898,0.9796968698501587,0.6849996447563171,6.40779447555542,2.121689796447754,0.47364234924316406,2.166853666305542,2.6487064361572266,1500,1500,1545,1500,2000,1000,1000,1000,1558,1512,1489,1803,1764,1,1,1,1,1,1,1,0,1,1,0,0,stabilized_mix,-0.1336764693260193,0.38754233717918396,0.4173882305622101,-0.012109076604247093,0.01739340089261532,-0.5409755706787109,0.0,0.0,0.012109076604247093,-0.01739340089261532,0.0,0.0,0.0,0.0,0.0,0.0,0.0,0.0,0.0,0.0,0.0,0.09133613854646683,0.0,-0.0,-0.0,0.0,0.0,-0.6853638887405396,0.7734129428863525,0.17125234007835388,12.583456039428711,0.06138546019792557,-0.013606478460133076,0.0,0.0,-0.0442170687019825,-0.004726848565042019,0.01716839149594307,-0.018333327025175095,-0.14580368995666504,-0.005554571282118559,-5.297537427395582e-05,12.58742618560791,6.558589458465576,6.028835773468018,1803.0,1764.0,0.027000002562999725,3377199155,20311,968
827477062,2,320,27931,8883,411347280,411348,405150,544,8726,8208,1425,-124,-134,28,29.25,0.0064127519726753235,-0.1795995533466339,0.9328770041465759,-2.2381865978240967,4.408136367797852,-0.48926520347595215,0.49417394399642944,2.1788618564605713,2.65582275390625,1500,1500,1545,1500,2000,1000,1000,1000,1558,1499,1480,1802,1765,1,1,1,1,1,1,1,0,1,1,0,0,stabilized_mix,-0.07343944162130356,0.27705445885658264,0.45736974477767944,-0.011815406382083893,0.017298243939876556,-0.5386239886283875,0.0,0.0,0.011815406382083893,-0.017298243939876556,0.0,0.0,0.0,0.0,0.0,0.0,0.0,0.0,0.0,0.0,0.0,0.089101143181324,0.0,-0.0,-0.0,0.0,0.0,-0.6875988841056824,0.7754602432250977,0.1736762374639511,12.587681770324707,0.061526935547590256,-0.013789762742817402,0.0,0.0,-0.030408186838030815,0.015439449809491634,0.03111874870955944,0.0016496870666742325,-0.1461763083934784,0.00128089333884418,-5.071342457085848e-05,12.593796730041504,6.5504655838012695,6.043331146240234,1802.0,1765.0,0.027000002562999725,2242049250,20311,968
827477062,2,320,27932,8883,411351313,411352,405154,570,-3925,5775,-3819,-201,95,172,29.453125,0.08784463256597519,0.18016761541366577,0.9083578586578369,-1.1422260999679565,6.429882526397705,3.748991012573242,0.48722076416015625,2.1611452102661133,2.6655807495117188,1500,1500,1545,1500,2000,1000,1000,1000,1558,1504,1489,1804,1764,1,1,1,1,1,1,1,0,1,1,0,0,stabilized_mix,-0.09183061122894287,0.16417914628982544,0.4261248707771301,-0.012159396894276142,0.018161188811063766,-0.5363669395446777,0.0,0.0,0.012159396894276142,-0.018161188811063766,0.0,0.0,0.0,0.0,0.0,0.0,0.0,0.0,0.0,0.0,0.0,0.089101143181324,0.0,-0.0,-0.0,0.0,0.0,-0.6875988841056824,0.7673631906509399,0.17377328872680664,12.587060928344727,0.06088908761739731,-0.01380294468253851,0.0,0.0,-0.044356778264045715,0.007879688404500484,0.016532309353351593,-0.005923256278038025,-0.14668723940849304,-0.009814836084842682,-5.477573722600937e-05,12.589001655578613,6.5683794021606445,6.020622253417969,1804.0,1764.0,0.027000002562999725,1563825194,20311,968
827477062,2,320,27933,8883,411355345,411356,405158,544,-4104,9789,2442,-253,193,-175,29.25,-0.06303966045379639,-0.12395567446947098,1.008931040763855,1.3793470859527588,5.43234920501709,1.7048821449279785,0.38398754596710205,2.143484115600586,2.6675667762756348,1500,1500,1545,1500,2000,1000,1000,1000,1558,1513,1485,1803,1764,1,1,1,1,1,1,1,0,1,1,0,0,stabilized_mix,-0.12168437242507935,0.3883568048477173,0.38480669260025024,-0.012340099550783634,0.018838949501514435,-0.5341025590896606,0.0,0.0,0.012340099550783634,-0.018838949501514435,0.0,0.0,0.0,0.0,0.0,0.0,0.0,0.0,0.0,0.0,0.0,0.089101143181324,0.0,-0.0,-0.0,0.0,0.0,-0.6875988841056824,0.7619010806083679,0.14062969386577606,12.586490631103516,0.06045946478843689,-0.01116964966058731,0.0,0.0,-0.037476956844329834,-0.009515907615423203,0.022982507944107056,-0.020685557276010513,-0.1467912197113037,-0.004463371355086565,-5.293905269354582e-05,12.592509269714355,6.560949802398682,6.031559467315674,1803.0,1764.0,0.027000002562999725,1961886651,20311,968
827477062,2,320,27934,8883,411359377,411360,405162,550,10661,9445,1866,-63,-212,158,29.296875,0.04201652854681015,-0.10259565711021423,0.9442552924156189,-3.08834171295166,3.937836170196533,-0.7088816165924072,0.45175594091415405,2.157078742980957,2.675654411315918,1500,1500,1545,1500,2000,1000,1000,1000,1558,1494,1478,1803,1765,1,1,1,1,1,1,1,0,1,1,0,0,stabilized_mix,-0.047948360443115234,0.1387832760810852,0.4191949665546417,-0.012195821851491928,0.018607214093208313,-0.531928539276123,0.0,0.0,0.012195821851491928,-0.018607214093208313,0.0,0.0,0.0,0.0,0.0,0.0,0.0,0.0,0.0,0.0,0.0,0.0883483961224556,0.0,-0.0,-0.0,0.0,0.0,-0.6883516311645508,0.7684594392776489,0.1570277214050293,12.589301109313965,0.06096503138542175,-0.012465338222682476,0.0,0.0,-0.02716047316789627,0.02130124717950821,0.03380455821752548,0.008835908956825733,-0.14721469581127167,0.0018558477750048041,-5.08755911141634e-05,12.596989631652832,6.552872657775879,6.044116497039795,1803.0,1765.0,0.027000002562999725,4207133881,20311,968
827477062,2,320,27935,8883,411363411,411364,405166,554,-9820,5699,-5465,-249,242,39,29.328125,0.05336342751979828,0.21827474236488342,0.939464271068573,1.2600929737091064,6.430354118347168,5.759102821350098,0.39184725284576416,2.109787940979004,2.6860485076904297,1500,1500,1545,1500,2000,1000,1000,1000,1558,1513,1490,1805,1763,1,1,1,1,1,1,1,0,1,1,0,0,stabilized_mix,-0.14119380712509155,0.1835765391588211,0.351161926984787,-0.012567028403282166,0.01939987763762474,-0.5298975110054016,0.0,0.0,0.012567028403282166,-0.01939987763762474,0.0,0.0,0.0,0.0,0.0,0.0,0.0,0.0,0.0,0.0,0.0,0.0883483961224556,0.0,-0.0,-0.0,0.0,0.0,-0.6883516311645508,0.7500460743904114,0.143976092338562,12.587475776672363,0.05951632559299469,-0.01143623050302267,0.0,0.0,-0.044358570128679276,-0.008692510426044464,0.015157755464315414,-0.02012874186038971,-0.14775893092155457,-0.015077296644449234,-5.699263419955969e-05,12.591472625732422,6.580699443817139,6.010772705078125,1805.0,1763.0,0.027000002562999725,3492928795,20311,968
827477062,2,320,27941,8888,411387612,411388,405190,550,-10985,8546,3227,-245,438,-297,29.296875,-0.13927841186523438,-0.049996525049209595,1.0461666584014893,4.011470794677734,4.15609073638916,4.124465465545654,0.21777507662773132,1.9782435894012451,2.7299532890319824,1500,1500,1545,1500,2000,1000,1000,1000,1558,1522,1482,1805,1763,1,1,1,1,1,1,1,0,1,1,0,0,stabilized_mix,-0.24110859632492065,0.3310675323009491,0.12046754360198975,-0.013591787777841091,0.019550856202840805,-0.5199600458145142,0.0,0.0,0.013591787777841091,-0.019550856202840805,0.0,0.0,0.0,0.0,0.0,0.0,0.0,0.0,0.0,0.0,0.0,0.08971259742975235,0.0,-0.0,-0.0,0.0,0.0,-0.6869874000549316,0.7112704515457153,0.0807640478014946,12.586039543151855,0.05645260587334633,-0.006414391100406647,0.0,0.0,-0.028673270717263222,-0.027675524353981018,0.027779335156083107,-0.034089915454387665,-0.15005776286125183,-0.010797824710607529,-5.629949737340212e-05,12.598217010498047,6.580605983734131,6.017611026763916,1805.0,1763.0,0.027000002562999725,833487124,20311,968
827477062,2,320,27942,8888,411391642,411392,405194,544,13974,11639,4500,-11,-303,146,29.25,0.014038696885108948,-0.2070569545030594,0.9879642128944397,-2.9961514472961426,1.4746538400650024,-1.993046760559082,0.3175808787345886,2.005190372467041,2.7409415245056152,1500,1500,1545,1500,2000,1000,1000,1000,1558,1493,1470,1803,1765,1,1,1,1,1,1,1,0,1,1,0,0,stabilized_mix,-0.10554935038089752,0.049731187522411346,0.16986118257045746,-0.014095542952418327,0.019265376031398773,-0.518799901008606,0.0,0.0,0.014095542952418327,-0.019265376031398773,0.0,0.0,0.0,0.0,0.0,0.0,0.0,0.0,0.0,0.0,0.0,0.08971259742975235,0.0,-0.0,-0.0,0.0,0.0,-0.6869874000549316,0.7193506956100464,0.11249992251396179,12.589348793029785,0.0570775642991066,-0.00892605260014534,0.0,0.0,-0.010171104222536087,0.020665304735302925,0.04690646007657051,0.011739252135157585,-0.15063311159610748,0.005217784084379673,-5.089538171887398e-05,12.604079246520996,6.556516170501709,6.047562599182129,1803.0,1765.0,0.027000002562999725,2663610334,20311,968
827477062,2,320,27943,8888,411395676,411396,405198,540,-8997,4786,-7565,-96,233,71,29.21875,0.0718286857008934,0.32002705335617065,0.9299608469009399,2.284161329269409,3.93107271194458,7.614109992980957,0.3139381408691406,1.9332129955291748,2.75886869430542,1500,1500,1545,1500,2000,1000,1000,1000,1558,1516,1482,1806,1762,1,1,1,1,1,1,1,0,1,1,0,0,stabilized_mix,-0.23052625358104706,-0.010316520929336548,0.0665002167224884,-0.014837448485195637,0.019618673250079155,-0.5180088877677917,0.0,0.0,0.014837448485195637,-0.019618673250079155,0.0,0.0,0.0,0.0,0.0,0.0,0.0,0.0,0.0,0.0,0.0,0.08971259742975235,0.0,-0.0,-0.0,0.0,0.0,-0.6869874000549316,0.6966769695281982,0.11576808989048004,12.586957931518555,0.05529269948601723,-0.00919355545192957,0.0,0.0,-0.027118870988488197,-0.015757499262690544,0.02817382849752903,-0.024951055645942688,-0.15157178044319153,-0.01993369311094284,-6.002688314765692e-05,12.59587574005127,6.598072528839111,5.997803688049316,1806.0,1762.0,0.027000002562999725,3885127993,20311,968
827477062,2,320,27944,8888,411399711,411400,405202,552,-915,11134,4689,-137,297,-315,29.3125,-0.14279335737228394,-0.2480388581752777,1.0984327793121338,2.447873115539551,1.670891284942627,2.1374807357788086,0.20829567313194275,1.902087688446045,2.763296127319336,1500,1500,1545,1500,2000,1000,1000,1000,1558,1515,1473,1804,1764,1,1,1,1,1,1,1,0,1,1,0,0,stabilized_mix,-0.24628138542175293,0.2777814269065857,-0.01854376122355461,-0.014747408218681812,0.018895523622632027,-0.5172437429428101,0.0,0.0,0.014747408218681812,-0.018895523622632027,0.0,0.0,0.0,0.0,0.0,0.0,0.0,0.0,0.0,0.0,0.0,0.089095838367939,0.0,-0.0,-0.0,0.0,0.0,-0.6876041889190674,0.6836574077606201,0.07678757607936859,12.588639259338379,0.0542541965842247,-0.006094108801335096,0.0,0.0,-0.011525259353220463,-0.01688462309539318,0.04272893816232681,-0.022978732362389565,-0.15180359780788422,-0.005595911759883165,-5.508982576429844e-05,12.603466987609863,6.577182292938232,6.026284217834473,1804.0,1764.0,0.027000002562999725,3849801323,20311,968
827477062,2,320,27945,8888,411403744,411404,405206,568,12111,9490,2151,79,-256,292,29.4375,0.07463423907756805,-0.022019147872924805,0.9539246559143066,-3.0305371284484863,-0.05509984493255615,1.5446176528930664,0.3504352569580078,1.8984992504119873,2.7863516807556152,1500,1500,1545,1500,2000,1000,1000,1000,1558,1493,1465,1805,1764,1,1,1,1,1,1,1,0,1,1,0,0,stabilized_mix,-0.1622440069913864,-0.12893329560756683,0.0194212906062603,-0.015579288825392723,0.018439415842294693,-0.5167816281318665,0.0,0.0,0.015579288825392723,-0.018439415842294693,0.0,0.0,0.0,0.0,0.0,0.0,0.0,0.0,0.0,0.0,0.0,0.089095838367939,0.0,-0.0,-0.0,0.0,0.0,-0.6876041889190674,0.683066725730896,0.12470611929893494,12.591217994689941,0.054196327924728394,-0.009889145381748676,0.0,0.0,0.000379982782760635,0.020899366587400436,0.05457631126046181,0.01101022120565176,-0.1530107855796814,-0.004043799825012684,-5.496910307556391e-05,12.610757827758789,6.580224514007568,6.030533313751221,1805.0,1764.0,0.027000002562999725,4091121252,20312,969
827477062,2,320,27946,8888,411407775,411408,405210,552,-16624,4073,-3768,-179,463,-114,29.3125,-0.06597773730754852,0.29014331102371216,0.9916930198669434,3.930551528930664,3.1297943592071533,8.968080520629883,0.2793726325035095,1.7878994941711426,2.801626682281494,1500,1500,1545,1500,2000,1000,1000,1000,1558,1523,1481,1807,1762,1,1,1,1,1,1,1,0,1,1,0,0,stabilized_mix,-0.3662591576576233,0.018649503588676453,-0.1398128718137741,-0.016040852293372154,0.017786340788006783,-0.5166455507278442,0.0,0.0,0.016040852293372154,-0.017786340788006783,0.0,0.0,0.0,0.0,0.0,0.0,0.0,0.0,0.0,0.0,0.0,0.08764494210481644,0.0,-0.0,-0.0,0.0,0.0,-0.6890550851821899,0.642957866191864,0.10709428787231445,12.590147018432617,0.05102400854229927,-0.008502308279275894,0.0,0.0,-0.021585708484053612,-0.027108406648039818,0.02943830005824566,-0.03561071306467056,-0.15381059050559998,-0.023478379473090172,-6.205111276358366e-05,12.603594779968262,6.612052917480469,5.991541862487793,1807.0,1762.0,0.027000002562999725,966249006,20312,969
827477062,2,320,27947,8888,411411804,411412,405214,540,8270,12914,4707,-36,7,-140,29.21875,-0.09393226355314255,-0.32454928755760193,1.1046136617660522,-0.9274296760559082,-0.5199878811836243,0.13341422379016876,0.2772464156150818,1.7888062000274658,2.813544273376465,1500,1500,1545,1500,2000,1000,1000,1000,1558,1501,1465,1804,1764,1,1,1,1,1,1,1,0,1,1,0,0,stabilized_mix,-0.2557673454284668,0.08693940937519073,-0.15427625179290771,-0.016815807670354843,0.01695971004664898,-0.5165300369262695,0.0,0.0,0.016815807670354843,-0.01695971004664898,0.0,0.0,0.0,0.0,0.0,0.0,0.0,0.0,0.0,0.0,0.0,0.08764494210481644,0.0,-0.0,-0.0,0.0,0.0,-0.6890550851821899,0.6436415910720825,0.09870974719524384,12.593087196350098,0.05106627196073532,-0.007826544344425201,0.0,0.0,0.0035854384768754244,0.006394845433533192,0.054651711136102676,-0.0014316989108920097,-0.15443459153175354,-0.00034927763044834137,-5.4174335673451424e-05,12.611929893493652,6.576836585998535,6.035093307495117,1804.0,1764.0,0.027000002562999725,392530730,20312,969
827477062,2,320,27948,8888,411415838,411416,405218,544,5164,6837,-5431,152,-47,322,29.25,0.1457618921995163,0.22178754210472107,0.9250614643096924,-2.0121676921844482,-0.5776287317276001,5.597740650177002,0.42106568813323975,1.7412362098693848,2.841568946838379,1500,1500,1545,1500,2000,1000,1000,1000,1558,1499,1466,1807,1763,1,1,1,1,1,1,1,0,1,1,0,0,stabilized_mix,-0.2642490863800049,-0.3133525848388672,-0.16281059384346008,-0.018025485798716545,0.01627875119447708,-0.5168505907058716,0.0,0.0,0.018025485798716545,-0.01627875119447708,0.0,0.0,0.0,0.0,0.0,0.0,0.0,0.0,0.0,0.0,0.0,0.08764494210481644,0.0,-0.0,-0.0,0.0,0.0,-0.6890550851821899,0.6286087036132812,0.151058629155159,12.593637466430664,0.04987339302897453,-0.011976873502135277,0.0,0.0,0.003982711583375931,0.013873763382434845,0.053856104612350464,0.0018968898802995682,-0.1559019535779953,-0.014654850587248802,-5.96948666498065e-05,12.611946105957031,6.604447364807129,6.007498741149902,1807.0,1763.0,0.027000002562999725,288864445,20312,969
827477062,2,320,27949,8888,411419871,411420,405222,544,-14329,6437,1021,-129,592,-275,29.25,-0.14675739407539368,0.0750294029712677,1.0755298137664795,3.4919726848602295,1.1333518028259277,7.8998613357543945,0.3064939081668854,1.6310076713562012,2.851902484893799,1500,1500,1545,1500,2000,1000,1000,1000,1558,1521,1475,1807,1762,1,1,1,1,1,1,1,0,1,1,0,0,stabilized_mix,-0.4424040615558624,0.02786867693066597,-0.3304322063922882,-0.018476147204637527,0.014924753457307816,-0.5173372030258179,0.0,0.0,0.018476147204637527,-0.014924753457307816,0.0,0.0,0.0,0.0,0.0,0.0,0.0,0.0,0.0,0.0,0.0,0.08775187283754349,0.0,-0.0,-0.0,0.0,0.0,-0.6889481544494629,0.5880715847015381,0.11570242047309875,12.591887474060059,0.046668507158756256,-0.009181455709040165,0.0,0.0,-0.007815471850335598,-0.024080267176032066,0.038853034377098083,-0.033261723816394806,-0.1564430147409439,-0.02068179100751877,-6.199372000992298e-05,12.60837173461914,6.614154815673828,5.994217395782471,1807.0,1762.0,0.027000002562999725,2624461566,20312,969
827477062,2,320,27950,8888,411423905,411424,405226,544,13683,13106,6346,95,-220,151,29.25,-0.04029998928308487,-0.24180352687835693,1.061224102973938,-4.561740875244141,-2.7942965030670166,-0.05045056343078613,0.4219335913658142,1.6268420219421387,2.872410774230957,1500,1500,1545,1500,2000,1000,1000,1000,1558,1487,1458,1805,1765,1,1,1,1,1,1,1,0,1,1,0,0,stabilized_mix,-0.29857662320137024,-0.19852642714977264,-0.27216029167175293,-0.01966763287782669,0.013431630097329617,-0.5179073214530945,0.0,0.0,0.01966763287782669,-0.013431630097329617,0.0,0.0,0.0,0.0,0.0,0.0,0.0,0.0,0.0,0.0,0.0,0.08775187283754349,0.0,-0.0,-0.0,0.0,0.0,-0.6889481544494629,0.5870445966720581,0.14798976480960846,12.595769882202148,0.04657278582453728,-0.011723173782229424,0.0,0.0,0.01926322840154171,0.031447578221559525,0.06583601236343384,0.0197244044393301,-0.15751682221889496,0.000132079265313223,-5.5084703490138054e-05,12.625572204589844,6.588209629058838,6.037362575531006,1805.0,1765.0,0.027000002562999725,2370990902,20312,969
827477062,2,320,27951,8888,411427937,411428,405230,562,-6645,4477,-6808,95,226,215,29.390625,0.07652410864830017,0.36864593625068665,0.9423323273658752,-0.4591991901397705,-0.8758426904678345,9.154816627502441,0.49871671199798584,1.535576343536377,2.9004459381103516,1500,1500,1545,1500,2000,1000,1000,1000,1558,1507,1468,1808,1761,1,1,1,1,1,1,1,0,1,1,0,0,stabilized_mix,-0.40044260025024414,-0.37784892320632935,-0.3616112172603607,-0.02051279880106449,0.011806670576334,-0.5189250707626343,0.0,0.0,0.02051279880106449,-0.011806670576334,0.0,0.0,0.0,0.0,0.0,0.0,0.0,0.0,0.0,0.0,0.0,0.08852136880159378,0.0,-0.0,-0.0,0.0,0.0,-0.6881786584854126,0.5547632575035095,0.18283754587173462,12.593295097351074,0.04402381181716919,-0.014499436132609844,0.0,0.0,0.006039041560143232,0.0031662341207265854,0.05006285384297371,-0.011333202011883259,-0.15898475050926208,-0.023967254906892776,-6.403320003300905e-05,12.609902381896973,6.62511682510376,5.984785079956055,1808.0,1761.0,0.027000002562999725,2163211668,20312,969
827477062,2,320,27952,8888,411431969,411432,405234,556,-5074,9827,3380,-49,466,-249,29.34375,-0.1531480997800827,-0.15208885073661804,1.1459076404571533,0.2778303623199463,-1.6852595806121826,5.101929187774658,0.4174373149871826,1.4714999198913574,2.911625385284424,1500,1500,1545,1500,2000,1000,1000,1000,1558,1509,1466,1807,1763,1,1,1,1,1,1,1,0,1,1,0,0,stabilized_mix,-0.42661580443382263,-0.03593304008245468,-0.47661903500556946,-0.021700900048017502,0.010511280968785286,-0.519942581653595,0.0,0.0,0.021700900048017502,-0.010511280968785286,0.0,0.0,0.0,0.0,0.0,0.0,0.0,0.0,0.0,0.0,0.0,0.08852136880159378,0.0,-0.0,-0.0,0.0,0.0,-0.6881786584854126,0.5307579040527344,0.15234369039535522,12.59399127960205,0.04211881756782532,-0.012078488245606422,0.0,0.0,0.011619426310062408,-0.0019155681366100907,0.053738243877887726,-0.013994056731462479,-0.1595700979232788,-0.013356820680201054,-6.052444223314524e-05,12.613432884216309,6.609338760375977,6.004094123840332,1807.0,1763.0,0.027000002562999725,1037524799,20312,969
827477062,2,320,27958,8893,411455189,411456,405257,544,13335,10842,1410,313,-166,491,29.25,0.08536410331726074,-0.03717312216758728,1.0192066431045532,-8.947747230529785,-7.182191371917725,5.48703670501709,0.8493265509605408,1.1901118755340576,3.103628158569336,1500,1500,1545,1500,2000,1000,1000,1000,1558,1476,1447,1810,1763,1,1,1,1,1,1,1,0,1,1,0,0,stabilized_mix,-0.20899635553359985,-0.5200229287147522,-0.6570034623146057,-0.02713145688176155,-0.0003910624363925308,-0.5303161144256592,0.0,0.0,0.02713145688176155,0.0003910624363925308,0.0,0.0,0.0,0.0,0.0,0.0,0.0,0.0,0.0,0.0,0.0,0.08749166876077652,0.0,0.0,-0.0,0.0,0.0,-0.6892083287239075,0.4325094223022461,0.30276408791542053,12.599220275878906,0.03431479632854462,-0.02394145540893078,0.0,0.0,0.0494987927377224,0.061666786670684814,0.08381359279155731,0.03772532939910889,-0.16962334513664246,-0.014365029521286488,-6.439595017582178e-05,12.652605056762695,6.648282527923584,6.0043230056762695,1810.0,1763.0,0.027000002562999725,2356649572,20312,969
827477062,2,320,27959,8893,411459201,411460,405261,544,-14616,3524,-4844,180,608,77,29.25,-0.009611256420612335,0.3209099769592285,1.016770362854004,-1.84812593460083,-4.606293201446533,13.760932922363281,0.8277626037597656,1.084233045578003,3.1365694999694824,1500,1500,1545,1500,2000,1000,1000,1000,1558,1507,1460,1812,1759,1,1,1,1,1,1,1,0,1,1,0,0,stabilized_mix,-0.35488948225975037,-0.36077356338500977,-0.8179813623428345,-0.02738971821963787,-0.0018821206176653504,-0.5329389572143555,0.0,0.0,0.02738971821963787,0.0018821206176653504,0.0,0.0,0.0,0.0,0.0,0.0,0.0,0.0,0.0,0.0,0.0,0.08695224672555923,0.0,0.0,-0.0,0.0,0.0,-0.6897477507591248,0.39318686723709106,0.3039488196372986,12.59871768951416,0.03119835816323757,-0.024072948843240738,0.0,0.0,0.031747277826070786,0.012737566605210304,0.06294563412666321,-0.011335382238030434,-0.17134815454483032,-0.03602604195475578,-7.258099503815174e-05,12.624528884887695,6.675168991088867,5.94935941696167,1812.0,1759.0,0.027000002562999725,2311226764,20312,969
827477062,2,320,27960,8893,411463230,411464,405265,568,4997,14159,5360,123,307,30,29.4375,-0.10376271605491638,-0.27513033151626587,1.1969280242919922,-6.331417083740234,-6.585461616516113,6.06587028503418,0.856163740158081,1.0580246448516846,3.167757034301758,1500,1500,1545,1500,2000,1000,1000,1000,1558,1488,1452,1810,1762,1,1,1,1,1,1,1,0,1,1,0,0,stabilized_mix,-0.2592993676662445,-0.17840354144573212,-0.8487981557846069,-0.028108112514019012,-0.003783451160416007,-0.5355550646781921,0.0,0.0,0.028108112514019012,0.003783451160416007,0.0,0.0,0.0,0.0,0.0,0.0,0.0,0.0,0.0,0.0,0.0,0.08695224672555923,0.0,0.0,-0.0,0.0,0.0,-0.6897477507591248,0.3849567770957947,0.30668336153030396,12.599729537963867,0.03054327890276909,-0.024265579879283905,0.0,0.0,0.04538436606526375,0.0436335951089859,0.07592764496803284,0.019368015229701996,-0.1729811280965805,-0.015880411490797997,-6.61015510559082e-05,12.638505935668945,6.649760723114014,5.988745212554932,1810.0,1762.0,0.027000002562999725,1394180962,20312,969
827477062,2,320,27961,8893,411467262,411468,405269,544,6424,8121,-3059,373,42,507,29.25,0.1139051616191864,0.165383443236351,0.9849908351898193,-7.848358154296875,-8.207136154174805,9.91305923461914,0.9984319806098938,1.0010724067687988,3.2173256874084473,1500,1500,1545,1500,2000,1000,1000,1000,1558,1484,1446,1812,1761,1,1,1,1,1,1,1,0,1,1,0,0,stabilized_mix,-0.22297336161136627,-0.5022839307785034,-0.8126881718635559,-0.028170675039291382,-0.005307796876877546,-0.5385430455207825,0.0,0.0,0.028170675039291382,0.005307796876877546,0.0,0.0,0.0,0.0,0.0,0.0,0.0,0.0,0.0,0.0,0.0,0.086601622402668,0.0,0.0,-0.0,0.0,0.0,-0.6900984048843384,0.36527156829833984,0.3589667081832886,12.600554466247559,0.02898041531443596,-0.028376394882798195,0.0,0.0,0.056556593626737595,0.05408420413732529,0.08553700894117355,0.025707809254527092,-0.17557653784751892,-0.025952329859137535,-7.053511217236519e-05,12.650973320007324,6.678162097930908,5.972811222076416,1812.0,1761.0,0.027000002562999725,1508486983,20312,969
827477062,2,320,27962,8893,411471293,411472,405273,544,-13839,4625,-120,123,714,-49,29.25,-0.11655037850141525,0.12635447084903717,1.0986807346343994,-2.3953089714050293,-5.7187418937683105,13.340364456176758,0.9270334243774414,0.896827757358551,3.2504944801330566,1500,1500,1545,1500,2000,1000,1000,1000,1558,1507,1458,1813,1759,1,1,1,1,1,1,1,0,1,1,0,0,stabilized_mix,-0.3611276149749756,-0.150954008102417,-0.967939555644989,-0.02898847497999668,-0.006451329682022333,-0.5416193008422852,0.0,0.0,0.02898847497999668,0.006451329682022333,0.0,0.0,0.0,0.0,0.0,0.0,0.0,0.0,0.0,0.0,0.0,0.086601622402668,0.0,0.0,-0.0,0.0,0.0,-0.6900984048843384,0.32543468475341797,0.3395580053329468,12.600159645080566,0.02582208253443241,-0.026884909719228745,0.0,0.0,0.03940993919968605,0.016506947576999664,0.06523202359676361,-0.01037796214222908,-0.17731325328350067,-0.03492499515414238,-7.428333628922701e-05,12.627695083618164,6.6852641105651855,5.94243049621582,1813.0,1759.0,0.027000002562999725,2831790060,20313,970
827477062,2,320,27963,8893,411475326,411476,405277,554,11524,14496,4831,295,79,261,29.328125,-0.03626728802919388,-0.24904179573059082,1.1448187828063965,-8.8524169921875,-9.937541007995605,5.848867416381836,1.0191383361816406,0.8614881634712219,3.2913384437561035,1500,1500,1545,1500,2000,1000,1000,1000,1558,1479,1440,1812,1762,1,1,1,1,1,1,1,0,1,1,0,0,stabilized_mix,-0.23939149081707,-0.22522304952144623,-0.8963276147842407,-0.02983175404369831,-0.008093183860182762,-0.5446600914001465,0.0,0.0,0.02983175404369831,0.008093183860182762,0.0,0.0,0.0,0.0,0.0,0.0,0.0,0.0,0.0,0.0,0.0,0.086601622402668,0.0,0.0,-0.0,0.0,0.0,-0.6900984048843384,0.31629857420921326,0.36354881525039673,12.601823806762695,0.025094158947467804,-0.028714817017316818,0.0,0.0,0.068474180996418,0.06099718064069748,0.0935683399438858,0.03228236362338066,-0.1794518232345581,-0.015312299132347107,-6.816745735704899e-05,12.663788795471191,6.672731399536133,5.9910569190979,1812.0,1762.0,0.027000002562999725,275130917,20313,970
