t_us,run_id,gap,gx,gy,gz,omega_sp,alpha_ff,tilt_x,tilt_y,thrust,angle,erpm,torque,angle_sp,offset_us,erpm_lower,servo_tilt
2739036137,10,0,0.001,-0.006,-0.001,0.0,0.0,0.0,0.0,0.0,-0.002,0.0,0.0,0.0,0.0,0.0,0.0
2739041128,10,0,0.001,-0.003,0.004,0.0,0.0,0.0,0.0,0.0,-0.002,0.0,0.0,0.0,4991.0,0.0,0.0
2739045179,10,0,-0.003,-0.005,0.002,0.0,0.0,0.0,0.0,0.0,-0.002,0.0,0.0,0.0,9042.0,0.0,0.0
2739049566,10,0,0.001,-0.005,0.001,0.0,0.0,0.0,0.0,0.0,-0.002,0.0,0.0,0.0,13429.0,0.0,0.0
2739054139,10,0,-0.001,-0.007,-0.001,0.0,0.0,0.0,0.0,0.0,-0.002,0.0,0.0,0.0,18002.0,0.0,0.0
2739056140,10,0,0.001,-0.007,0.002,0.0,0.0,0.0,0.0,0.0,-0.002,0.0,0.0,0.0,20003.0,0.0,0.0
2739060187,10,0,0.004,-0.003,0.001,0.0,0.0,0.0,0.0,0.0,-0.002,0.0,0.0,0.0,24050.0,0.0,0.0
2739064568,10,0,-0.001,-0.004,0.001,0.0,0.0,0.0,0.0,0.0,-0.002,0.0,0.0,0.0,0.0,0.0,0.0
2739069150,10,0,-0.001,-0.004,0.002,0.0,0.0,0.0,0.0,0.0,-0.002,0.0,0.0,0.0,4582.0,0.0,0.0
2739073152,10,0,0.002,-0.003,0.001,0.0,0.0,0.0,0.0,0.0,-0.002,0.0,0.0,0.0,8584.0,0.0,0.0
2739077575,10,0,0.004,-0.008,-0.003,0.0,0.0,0.0,0.0,0.0,-0.002,0.0,0.0,0.0,13007.0,0.0,0.0
2739080201,10,0,-0.001,-0.004,-0.004,0.0,0.0,0.0,0.0,0.0,-0.002,0.0,0.0,0.0,15633.0,0.0,0.0
2739085204,10,0,0.001,-0.004,0.006,0.0,0.0,0.0,0.0,0.0,-0.002,0.0,0.0,0.0,20636.0,0.0,0.0
2739090209,10,0,-0.003,-0.007,-0.003,0.0,0.0,0.0,0.0,0.0,-0.002,0.0,0.0,0.0,25641.0,0.0,0.0
2739092565,10,0,-0.001,-0.006,-0.001,0.0,0.0,0.0,0.0,0.0,-0.002,0.0,0.0,0.0,0.0,0.0,0.0
2739097566,10,0,0.0,-0.002,0.002,0.0,0.0,0.0,0.0,0.0,-0.0019,0.0,0.0,0.0,5001.0,0.0,0.0
2739100217,10,0,-0.003,-0.001,-0.001,0.0,0.0,0.0,0.0,0.0,-0.0019,0.0,0.0,0.0,7652.0,0.0,0.0
2739105221,10,0,0.0,-0.008,0.002,0.0,0.0,0.0,0.0,0.0,-0.0019,0.0,0.0,0.0,12656.0,0.0,0.0
2739110216,10,0,-0.003,-0.004,-0.005,0.0,0.0,0.0,0.0,0.0,-0.0019,0.0,0.0,0.0,17651.0,0.0,0.0
2739112567,10,0,-0.002,-0.005,-0.004,0.0,0.0,0.0,0.0,0.0,-0.0019,0.0,0.0,0.0,20002.0,0.0,0.0
2739117182,10,0,0.0,-0.005,0.0,0.0,0.0,0.0,0.0,0.0,-0.0019,0.0,0.0,0.0,24617.0,0.0,0.0
2739121564,10,0,0.001,-0.004,-0.003,0.0,0.0,0.0,0.0,0.0,-0.0019,0.0,0.0,0.0,0.0,0.0,0.0
2739124190,10,0,0.004,-0.001,-0.001,0.0,0.0,0.0,0.0,0.0,-0.0019,0.0,0.0,0.0,2626.0,0.0,0.0
2739128566,10,0,0.005,-0.001,-0.001,0.0,0.0,0.0,0.0,0.0,-0.0019,0.0,0.0,0.0,7002.0,0.0,0.0
2739133195,10,0,-0.005,-0.006,0.0,0.0,0.0,0.0,0.0,0.0,-0.0019,0.0,0.0,0.0,11631.0,0.0,0.0
2739137565,10,0,-0.007,-0.007,0.0,0.0,0.0,0.0,0.0,0.0,-0.0019,0.0,0.0,0.0,16001.0,0.0,0.0
2739142198,10,0,-0.004,-0.007,-0.002,0.0,0.0,0.0,0.0,0.0,-0.0019,0.0,0.0,0.0,20634.0,0.0,0.0
2739144201,10,0,-0.002,-0.006,-0.002,0.0,0.0,0.0,0.0,0.0,-0.0019,0.0,0.0,0.0,22637.0,0.0,0.0
2739149203,10,0,-0.005,-0.003,0.001,0.0,0.0,0.0,0.0,0.0,-0.0019,0.0,0.0,0.0,0.0,0.0,0.0
2739153565,10,0,-0.004,-0.004,0.002,0.0,0.0,0.0,0.0,0.0,-0.0019,0.0,0.0,0.0,4362.0,0.0,0.0
2739156211,10,0,-0.002,-0.007,-0.001,0.0,0.0,0.0,0.0,0.0,-0.0019,0.0,0.0,0.0,7008.0,0.0,0.0
2739161205,10,0,-0.007,-0.005,-0.002,0.0,0.0,0.0,0.0,0.0,-0.002,0.0,0.0,0.0,12002.0,0.0,0.0
2739165266,10,0,-0.003,-0.002,0.006,0.0,0.0,0.0,0.0,0.0,-0.002,0.0,0.0,0.0,16063.0,0.0,0.0
2739170264,10,0,0.002,-0.007,-0.002,0.0,0.0,0.0,0.0,0.0,-0.002,0.0,0.0,0.0,21061.0,0.0,0.0
2739172566,10,0,0.001,-0.005,-0.004,0.0,0.0,0.0,0.0,0.0,-0.002,0.0,0.0,0.0,23363.0,0.0,0.0
2739177564,10,0,0.003,-0.006,0.001,0.0,0.0,0.0,0.0,0.0,-0.002,0.0,0.0,0.0,0.0,0.0,0.0
2739182226,10,0,0.003,-0.002,-0.001,0.0,0.0,0.0,0.0,0.0,-0.002,0.0,0.0,0.0,4662.0,0.0,0.0
2739184228,10,0,0.002,-0.004,0.0,0.0,0.0,0.0,0.0,0.0,-0.002,0.0,0.0,0.0,6664.0,0.0,0.0
2739188232,10,0,-0.001,-0.001,-0.002,0.0,0.0,0.0,0.0,0.0,-0.0019,0.0,0.0,0.0,10668.0,0.0,0.0
2739192607,10,0,-0.001,-0.006,0.0,0.0,0.0,0.0,0.0,0.0,-0.0019,0.0,0.0,0.0,15043.0,0.0,0.0
2739197566,10,0,-0.001,-0.004,-0.001,0.0,0.0,0.0,0.0,0.0,-0.0019,0.0,0.0,0.0,20002.0,0.0,0.0
2739200285,10,0,0.0,-0.006,-0.001,0.0,0.0,0.0,0.0,0.0,-0.0019,0.0,0.0,0.0,22721.0,0.0,0.0
2739205290,10,0,0.002,-0.005,0.0,0.0,0.0,0.0,0.0,0.0,-0.0019,0.0,0.0,0.0,0.0,0.0,0.0
2739209566,10,0,0.002,-0.005,0.002,0.0,0.0,0.0,0.0,0.0,-0.0019,0.0,0.0,0.0,4276.0,0.0,0.0
2739212250,10,0,0.005,-0.006,0.002,0.0,0.0,0.0,0.0,0.0,-0.0019,0.0,0.0,0.0,6960.0,0.0,0.0
2739216259,10,0,0.003,-0.005,-0.007,0.0,0.0,0.0,0.0,0.0,-0.0019,0.0,0.0,0.0,10969.0,0.0,0.0
2739220566,10,0,0.0,-0.002,-0.001,0.0,0.0,0.0,0.0,0.0,-0.0019,0.0,0.0,0.0,15276.0,0.0,0.0
2739225304,10,0,0.0,-0.007,0.003,0.0,0.0,0.0,0.0,0.0,-0.0019,0.0,0.0,0.0,20014.0,0.0,0.0
2739230304,10,0,0.001,-0.004,0.0,0.0,0.0,0.0,0.0,0.0,-0.0019,0.0,0.0,0.0,25014.0,0.0,0.0
2739232567,10,0,0.001,-0.005,-0.001,0.0,0.0,0.0,0.0,0.0,-0.0019,0.0,0.0,0.0,0.0,0.0,0.0
2739237567,10,0,0.004,-0.008,0.001,0.0,0.0,0.0,0.0,0.0,-0.0019,0.0,0.0,0.0,5000.0,0.0,0.0
2739242572,10,0,-0.001,-0.006,-0.003,0.0,0.0,0.0,0.0,0.0,-0.0019,0.0,0.0,0.0,10005.0,0.0,0.0
2739245317,10,0,-0.003,-0.007,-0.001,0.0,0.0,0.0,0.0,0.0,-0.0019,0.0,0.0,0.0,12750.0,0.0,0.0
2739250319,10,0,-0.004,-0.004,0.0,0.0,0.0,0.0,0.0,0.0,-0.0019,0.0,0.0,0.0,17752.0,0.0,0.0
2739252566,10,0,-0.005,-0.005,-0.002,0.0,0.0,0.0,0.0,0.0,-0.0019,0.0,0.0,0.0,19999.0,0.0,0.0
2739257563,10,0,0.001,-0.01,0.0,0.0,0.0,0.0,0.0,0.0,-0.0019,0.0,0.0,0.0,24996.0,0.0,0.0
2739262282,10,0,0.003,-0.002,0.002,0.0,0.0,0.0,0.0,0.0,-0.0019,0.0,0.0,0.0,0.0,0.0,0.0
2739264285,10,0,0.004,0.0,-0.001,0.0,0.0,0.0,0.0,0.0,-0.0019,0.0,0.0,0.0,2003.0,0.0,0.0
2739268285,10,0,0.005,-0.004,-0.001,0.0,0.0,0.0,0.0,0.0,-0.0019,0.0,0.0,0.0,6003.0,0.0,0.0
2739272566,10,0,0.002,-0.003,-0.002,0.0,0.0,0.0,0.0,0.0,-0.0019,0.0,0.0,0.0,10284.0,0.0,0.0
2739277306,10,0,0.002,-0.005,-0.003,0.0,0.0,0.0,0.0,0.0,-0.0019,0.0,0.0,0.0,15024.0,0.0,0.0
2739281566,10,0,0.002,-0.005,0.0,0.0,0.0,0.0,0.0,0.0,-0.0019,0.0,0.0,0.0,19284.0,0.0,0.0
2739286300,10,0,0.0,-0.004,0.0,0.0,0.0,0.0,0.0,0.0,-0.0019,0.0,0.0,0.0,24018.0,0.0,0.0
2739288302,10,0,-0.003,-0.005,0.001,0.0,0.0,0.0,0.0,0.0,-0.0019,0.0,0.0,0.0,0.0,0.0,0.0
2739292566,10,0,0.001,-0.002,0.003,0.0,0.0,0.0,0.0,0.0,-0.0019,0.0,0.0,0.0,4264.0,0.0,0.0
2739297308,10,0,-0.004,-0.004,-0.002,0.0,0.0,0.0,0.0,0.0,-0.0019,0.0,0.0,0.0,9006.0,0.0,0.0
2739301345,10,0,-0.004,-0.005,0.004,0.0,0.0,0.0,0.0,0.0,-0.0019,0.0,0.0,0.0,13043.0,0.0,0.0
2739306571,10,0,0.0,-0.005,-0.001,0.0,0.0,0.0,0.0,0.0,-0.0019,0.0,0.0,0.0,18269.0,0.0,0.0
2739309315,10,0,0.001,-0.007,-0.004,0.0,0.0,0.0,0.0,0.0,-0.0019,0.0,0.0,0.0,21013.0,0.0,0.0
2739313332,10,0,0.0,-0.004,-0.001,0.0,0.0,0.0,0.0,0.0,-0.0019,0.0,0.0,0.0,25030.0,0.0,0.0
2739317566,10,0,0.001,-0.007,0.001,0.0,0.0,0.0,0.0,0.0,-0.0019,0.0,0.0,0.0,0.0,0.0,0.0
2739320371,10,0,-0.005,-0.006,0.003,0.0,0.0,0.0,0.0,0.0,-0.0019,0.0,0.0,0.0,2805.0,0.0,0.0
2739325409,10,0,-0.002,-0.007,0.005,0.0,0.0,0.0,0.0,0.0,-0.0019,0.0,0.0,0.0,7843.0,0.0,0.0
2739330376,10,0,-0.003,-0.006,-0.002,0.0,0.0,0.0,0.0,0.0,-0.0019,0.0,0.0,0.0,12810.0,0.0,0.0
2739332565,10,0,-0.002,-0.004,-0.002,0.0,0.0,0.0,0.0,0.0,-0.0019,0.0,0.0,0.0,14999.0,0.0,0.0
2739337529,10,0,0.0,-0.005,0.002,0.0,0.0,0.0,0.0,0.0,-0.0019,0.0,0.0,0.0,19963.0,0.0,0.0
2739340420,10,0,0.004,-0.005,0.0,0.0,0.0,0.0,0.0,0.0,-0.0019,0.0,0.0,0.0,22854.0,0.0,0.0
2739344566,10,0,0.004,-0.008,-0.003,0.0,0.0,0.0,0.0,0.0,-0.0019,0.0,0.0,0.0,0.0,0.0,0.0
2739349343,10,0,0.0,-0.004,-0.001,0.0,0.0,0.0,0.0,0.0,-0.0019,0.0,0.0,0.0,4777.0,0.0,0.0
2739353380,10,0,0.0,-0.006,0.004,0.0,0.0,0.0,0.0,0.0,-0.0019,0.0,0.0,0.0,8814.0,0.0,0.0
2739357565,10,0,-0.002,-0.011,-0.001,0.0,0.0,0.0,0.0,0.0,-0.0019,0.0,0.0,0.0,12999.0,0.0,0.0
2739362352,10,0,0.001,-0.005,-0.001,0.0,0.0,0.0,0.0,0.0,-0.0019,0.0,0.0,0.0,17786.0,0.0,0.0
2739364529,10,0,0.0,-0.001,-0.002,0.0,0.0,0.0,0.0,0.0,-0.0019,0.0,0.0,0.0,19963.0,0.0,0.0
2739368566,10,0,0.002,0.0,0.0,0.0,0.0,0.0,0.0,0.0,-0.0019,0.0,0.0,0.0,24000.0,0.0,0.0
2739373362,10,0,-0.001,-0.006,-0.003,0.0,0.0,0.0,0.0,0.0,-0.0019,0.0,0.0,0.0,0.0,0.0,0.0
2739377530,10,0,-0.003,-0.002,0.004,0.0,0.0,0.0,0.0,0.0,-0.0019,0.0,0.0,0.0,4168.0,0.0,0.0
2739382362,10,0,-0.003,-0.003,0.001,0.0,0.0,0.0,0.0,0.0,-0.0019,0.0,0.0,0.0,9000.0,0.0,0.0
2739384404,10,0,-0.001,-0.005,-0.005,0.0,0.0,0.0,0.0,0.0,-0.0019,0.0,0.0,0.0,11042.0,0.0,0.0
2739388408,10,0,0.005,-0.008,-0.001,0.0,0.0,0.0,0.0,0.0,-0.0019,0.0,0.0,0.0,15046.0,0.0,0.0
2739392566,10,0,0.0,-0.005,0.001,0.0,0.0,0.0,0.0,0.0,-0.0019,0.0,0.0,0.0,19204.0,0.0,0.0
2739397529,10,0,-0.003,-0.004,-0.002,0.0,0.0,0.0,0.0,0.0,-0.0019,0.0,0.0,0.0,24167.0,0.0,0.0
2739401566,10,0,0.0,-0.003,-0.005,0.0,0.0,0.0,0.0,0.0,-0.0019,0.0,0.0,0.0,0.0,0.0,0.0
2739404383,10,0,0.004,-0.006,0.003,0.0,0.0,0.0,0.0,0.0,-0.0019,0.0,0.0,0.0,2817.0,0.0,0.0
2739408528,10,0,0.002,-0.002,0.001,0.0,0.0,0.0,0.0,0.0,-0.0019,0.0,0.0,0.0,6962.0,0.0,0.0
2739413433,10,0,0.003,-0.003,-0.001,0.0,0.0,0.0,0.0,0.0,-0.0019,0.0,0.0,0.0,11867.0,0.0,0.0
2739417564,10,0,0.0,-0.004,-0.004,0.0,0.0,0.0,0.0,0.0,-0.0018000000000000002,0.0,0.0,0.0,15998.0,0.0,0.0
2739420437,10,0,0.0,-0.005,0.002,0.0,0.0,0.0,0.0,0.0,-0.0018000000000000002,0.0,0.0,0.0,18871.0,0.0,0.0
2739424565,10,0,0.004,-0.006,-0.001,0.0,0.0,0.0,0.0,0.0,-0.0018000000000000002,0.0,0.0,0.0,22999.0,0.0,0.0
2739429529,10,0,-0.004,-0.005,0.0,0.0,0.0,0.0,0.0,0.0,-0.0018000000000000002,0.0,0.0,0.0,0.0,0.0,0.0
2739433565,10,0,-0.003,-0.008,0.003,0.0,0.0,0.0,0.0,0.0,-0.0018000000000000002,0.0,0.0,0.0,4036.0,0.0,0.0
2739436442,10,0,0.003,-0.006,0.001,0.0,0.0,0.0,0.0,0.0,-0.0018000000000000002,0.0,0.0,0.0,6913.0,0.0,0.0
2739441450,10,0,0.002,-0.008,0.001,0.0,0.0,0.0,0.0,0.0,-0.0018000000000000002,0.0,0.0,0.0,11921.0,0.0,0.0
2739445494,10,0,0.003,-0.005,0.001,0.0,0.0,0.0,0.0,0.0,-0.0018000000000000002,0.0,0.0,0.0,15965.0,0.0,0.0
2739449565,10,0,-0.002,-0.003,0.002,0.0,0.0,0.0,0.0,0.0,-0.0018000000000000002,0.0,0.0,0.0,20036.0,0.0,0.0
2739452407,10,0,-0.003,-0.006,-0.002,0.0,0.0,0.0,0.0,0.0,-0.0018000000000000002,0.0,0.0,0.0,22878.0,0.0,0.0
2739456458,10,0,0.001,-0.009000000000000001,0.0,0.0,0.0,0.0,0.0,0.0,-0.0018000000000000002,0.0,0.0,0.0,0.0,0.0,0.0
2739461461,10,0,0.0,-0.007,0.002,0.0,0.0,0.0,0.0,0.0,-0.0018000000000000002,0.0,0.0,0.0,5003.0,0.0,0.0
2739466574,10,0,0.002,-0.002,-0.002,0.0,0.0,0.0,0.0,0.0,-0.0018000000000000002,0.0,0.0,0.0,10116.0,0.0,0.0
2739469463,10,0,-0.002,-0.008,0.002,0.0,0.0,0.0,0.0,0.0,-0.0018000000000000002,0.0,0.0,0.0,13005.0,0.0,0.0
2739473565,10,0,-0.003,-0.006,-0.001,0.0,0.0,0.0,0.0,0.0,-0.0019,0.0,0.0,0.0,17107.0,0.0,0.0
2739476429,10,0,0.001,-0.005,0.002,0.0,0.0,0.0,0.0,0.0,-0.0019,0.0,0.0,0.0,19971.0,0.0,0.0
2739480521,10,0,0.001,-0.007,0.001,0.0,0.0,0.0,0.0,0.0,-0.0019,0.0,0.0,0.0,24063.0,0.0,0.0
2739484528,10,0,-0.003,-0.009000000000000001,-0.003,0.0,0.0,0.0,0.0,0.0,-0.0019,0.0,0.0,0.0,0.0,0.0,0.0
2739489478,10,0,-0.002,-0.008,0.0,0.0,0.0,0.0,0.0,0.0,-0.0019,0.0,0.0,0.0,4950.0,0.0,0.0
2739493483,10,0,0.002,-0.005,0.002,0.0,0.0,0.0,0.0,0.0,-0.0019,0.0,0.0,0.0,8955.0,0.0,0.0
2739498570,10,0,0.001,-0.001,0.002,0.0,0.0,0.0,0.0,0.0,-0.0019,0.0,0.0,0.0,14042.0,0.0,0.0
2739501489,10,0,-0.001,-0.003,0.0,0.0,0.0,0.0,0.0,0.0,-0.0019,0.0,0.0,0.0,16961.0,0.0,0.0
2739505539,10,0,-0.004,-0.006,-0.004,0.0,0.0,0.0,0.0,0.0,-0.0019,0.0,0.0,0.0,21011.0,0.0,0.0
2739508490,10,0,-0.001,-0.007,0.0,0.0,0.0,0.0,0.0,0.0,-0.0019,0.0,0.0,0.0,23962.0,0.0,0.0
2739513500,10,0,0.0,-0.005,-0.001,0.0,0.0,0.0,0.0,0.0,-0.0019,0.0,0.0,0.0,0.0,0.0,0.0
2739518500,10,0,0.0,-0.006,0.0,0.0,0.0,0.0,0.0,0.0,-0.002,0.0,0.0,0.0,5000.0,0.0,0.0
2739520552,10,0,0.001,-0.005,-0.005,0.0,0.0,0.0,0.0,0.0,-0.002,0.0,0.0,0.0,7052.0,0.0,0.0
2739525555,10,0,-0.002,-0.005,0.0,0.0,0.0,0.0,0.0,0.0,-0.002,0.0,0.0,0.0,12055.0,0.0,0.0
2739528504,10,0,-0.003,-0.004,0.004,0.0,0.0,0.0,0.0,0.0,-0.002,0.0,0.0,0.0,15004.0,0.0,0.0
2739533513,10,0,-0.004,-0.003,0.003,0.0,0.0,0.0,0.0,0.0,-0.0019,0.0,0.0,0.0,20013.0,0.0,0.0
2739538516,10,0,0.002,-0.007,0.0,0.0,0.0,0.0,0.0,0.0,-0.0019,0.0,0.0,0.0,25016.0,0.0,0.0
2739540563,10,0,0.0,-0.005,0.001,0.0,0.0,0.0023,0.0,0.0,-0.0019,0.0,0.0,0.0,0.0,0.0,0.0023
2739545569,10,0,-0.002,-0.004,0.002,0.0,0.0,0.0082,0.0,0.0,-0.0019,0.0,0.0,0.0,5006.0,0.0,0.0082
2739548479,10,0,-0.002,-0.005,0.002,0.0,0.0,0.0117,0.0,0.0,-0.0019,0.0,0.0,0.0,7916.0,0.0,0.0117
2739553546,10,0,0.0,-0.008,0.0,0.0,0.0,0.0175,0.0,0.0,-0.0019,0.0,0.0,0.0,12983.0,0.0,0.0175
2739558530,10,0,-0.002,-0.007,0.002,0.0,0.0,0.0233,0.0,0.0,-0.0019,0.0,0.0,0.0,17967.0,0.0,0.0233
2739560576,10,0,-0.002,-0.006,0.0,0.0,0.0,0.0257,0.0,0.0,-0.0019,0.0,0.0,0.0,20013.0,0.0,0.0257
2739565580,10,0,0.0,-0.003,0.0,0.0,0.0,0.0315,0.0,0.0,-0.0019,0.0,0.0,0.0,25017.0,0.0,0.0315
2739568539,10,0,0.002,-0.003,-0.001,0.0,0.0,0.035,0.0,0.0,-0.0019,0.0,0.0,0.0,0.0,0.0,0.035
2739573545,10,0,-0.002,-0.004,0.002,0.0,0.0,0.0408,0.0,0.0,-0.0019,0.0,0.0,0.0,5006.0,0.0,0.0408
2739578543,10,0,-0.001,-0.01,-0.001,0.0,0.0,0.046700000000000005,0.0,0.0,-0.0019,0.0,0.0,0.0,10004.0,0.0,0.046700000000000005
2739580595,10,0,0.0,-0.007,0.0,0.0,0.0,0.049,0.0,0.0,-0.0019,0.0,0.0,0.0,12056.0,0.0,0.049
2739586551,10,0,0.0,-0.005,0.003,0.0,0.0,0.056,0.0,0.0,-0.0019,0.0,0.0,0.0,18012.0,0.0,0.056
2739588552,10,0,0.0,-0.006,0.001,0.0,0.0,0.058300000000000005,0.0,0.0,-0.0019,0.0,0.0,0.0,20013.0,0.0,0.058300000000000005
2739593558,10,0,0.002,-0.007,-0.003,0.0,0.0,0.06420000000000001,0.0,0.0,-0.0019,0.0,0.0,0.0,25019.0,0.0,0.06420000000000001
2739598558,10,0,0.002,-0.004,0.003,0.0,0.0,0.07,0.0,0.0,-0.0019,0.0,0.0,0.0,0.0,0.0,0.07
2739600608,10,0,0.001,-0.004,0.006,0.0,0.0,0.0723,0.0,0.0,-0.0019,0.0,0.0,0.0,2050.0,0.0,0.0723
2739605611,10,0,0.0,-0.007,-0.001,0.0,0.0,0.0782,0.0,0.0,-0.0019,0.0,0.0,0.0,7053.0,0.0,0.0782
2739608567,10,0,0.001,-0.007,0.002,0.0,0.0,0.08170000000000001,0.0,0.0,-0.0019,0.0,0.0,0.0,10009.0,0.0,0.08170000000000001
2739613573,10,0,0.0,-0.004,-0.004,0.0,0.0,0.08750000000000001,0.0,0.0,-0.0019,0.0,0.0,0.0,15015.0,0.0,0.08750000000000001
2739618573,10,0,0.001,-0.005,0.001,0.0,0.0,0.09330000000000001,0.0,0.0,-0.0019,0.0,0.0,0.0,20015.0,0.0,0.09330000000000001
2739620621,10,0,0.001,-0.004,0.0,0.0,0.0,0.09570000000000001,0.0,0.0,-0.0019,0.0,0.0,0.0,22063.0,0.0,0.09570000000000001
2739625625,10,0,-0.003,0.006,0.0,0.0,0.0,0.1015,0.0,0.0,-0.0019,0.0,0.0,0.0,0.0,0.0,0.1015
2739630625,10,0,0.001,0.013000000000000001,0.004,0.0,0.0,0.1073,0.0,0.0,-0.0017000000000000001,0.0,0.0,0.0,5000.0,0.0,0.1073
2739633588,10,0,0.0,0.034,0.001,0.0,0.0,0.11080000000000001,0.0,0.0,-0.0016,0.0,0.0,0.0,7963.0,0.0,0.11080000000000001
2739638587,10,0,-0.004,0.038,0.0,0.0,0.0,0.11670000000000001,0.0,0.0,-0.0012000000000000001,0.0,0.0,0.0,12962.0,0.0,0.11670000000000001
2739640631,10,0,-0.008,0.05,0.002,0.0,0.0,0.11900000000000001,0.0,0.0,-0.001,0.0,0.0,0.0,15006.0,0.0,0.11900000000000001
2739645639,10,0,-0.003,0.068,-0.001,0.0,0.0,0.12480000000000001,0.0,0.0,-0.0006000000000000001,0.0,0.0,0.0,20014.0,0.0,0.12480000000000001
2739648595,10,0,0.001,0.074,0.0,0.0,0.0,0.1283,0.0,0.0,-0.00030000000000000003,0.0,0.0,0.0,22970.0,0.0,0.1283
2739653597,10,0,0.001,0.095,0.003,0.0,0.0,0.1342,0.0,0.0,0.0002,0.0,0.0,0.0,0.0,0.0,0.1342
2739658574,10,0,-0.001,0.09,0.002,0.0,0.0,0.14,0.0,0.0,0.0005,0.0,0.0,0.0,4977.0,0.0,0.14
2739660645,10,0,-0.001,0.098,-0.003,0.0,0.0,0.1423,0.0,0.0,0.0008,0.0,0.0,0.0,7048.0,0.0,0.1423
2739665655,10,0,-0.007,0.098,-0.003,0.0,0.0,0.1482,0.0,0.0,0.0012000000000000001,0.0,0.0,0.0,12058.0,0.0,0.1482
2739668604,10,0,-0.004,0.097,0.001,0.0,0.0,0.1517,0.0,0.0,0.0014,0.0,0.0,0.0,15007.0,0.0,0.1517
2739673614,10,0,0.002,0.093,-0.003,0.0,0.0,0.1575,0.0,0.0,0.0018000000000000002,0.0,0.0,0.0,20017.0,0.0,0.1575
2739678616,10,0,0.002,0.09,-0.003,0.0,0.0,0.1633,0.0,0.0,0.0021000000000000003,0.0,0.0,0.0,25019.0,0.0,0.1633
2739680663,10,0,0.001,0.08700000000000001,-0.008,0.0,0.0,0.16570000000000001,0.0,0.0,0.0023,0.0,0.0,0.0,0.0,0.0,0.16570000000000001
2739685669,10,0,0.0,0.082,0.0,0.0,0.0,0.1715,0.0,0.0,0.0026000000000000003,0.0,0.0,0.0,5006.0,0.0,0.1715
2739688622,10,0,0.003,0.084,-0.001,0.0,0.0,0.17500000000000002,0.0,0.0,0.0029000000000000002,0.0,0.0,0.0,7959.0,0.0,0.17500000000000002
2739694630,10,0,0.003,0.08700000000000001,-0.007,0.0,0.0,0.17500000000000002,0.0,0.0,0.0034000000000000002,0.0,0.0,0.0,13967.0,0.0,0.17500000000000002
2739697629,10,0,-0.001,0.091,-0.008,0.0,0.0,0.17500000000000002,0.0,0.0,0.0037,0.0,0.0,0.0,16966.0,0.0,0.17500000000000002
2739701871,10,0,0.001,0.093,0.003,0.0,0.0,0.17500000000000002,0.0,0.0,0.004200000000000001,0.0,0.0,0.0,21208.0,0.0,0.17500000000000002
2739704628,10,0,0.001,0.10200000000000001,0.008,0.0,0.0,0.17500000000000002,0.0,0.0,0.0046,0.0,0.0,0.0,23965.0,0.0,0.17500000000000002
2739708636,10,0,0.009000000000000001,0.106,-0.008,0.0,0.0,0.17500000000000002,0.0,0.0,0.005200000000000001,0.0,0.0,0.0,0.0,0.0,0.17500000000000002
2739713643,10,0,0.003,0.108,0.003,0.0,0.0,0.17500000000000002,0.0,0.0,0.0059,0.0,0.0,0.0,5007.0,0.0,0.17500000000000002
2739718643,10,0,0.001,0.10300000000000001,0.004,0.0,0.0,0.17500000000000002,0.0,0.0,0.006500000000000001,0.0,0.0,0.0,10007.0,0.0,0.17500000000000002
2739720683,10,0,0.004,0.10200000000000001,-0.002,0.0,0.0,0.17500000000000002,0.0,0.0,0.0067,0.0,0.0,0.0,12047.0,0.0,0.17500000000000002
2739726647,10,0,0.001,0.093,0.007,0.0,0.0,0.17500000000000002,0.0,0.0,0.0073,0.0,0.0,0.0,18011.0,0.0,0.17500000000000002
2739729652,10,0,0.002,0.089,0.012,0.0,0.0,0.17500000000000002,0.0,0.0,0.0076,0.0,0.0,0.0,21016.0,0.0,0.17500000000000002
2739733655,10,0,0.004,0.077,-0.005,0.0,0.0,0.17500000000000002,0.0,0.0,0.008,0.0,0.0,0.0,25019.0,0.0,0.17500000000000002
2739738658,10,0,0.005,0.061,-0.002,0.0,0.0,0.17500000000000002,0.0,0.0,0.0083,0.0,0.0,0.0,0.0,0.0,0.17500000000000002
2739740740,10,0,0.008,0.058,0.003,0.0,0.0,0.17500000000000002,0.0,0.0,0.008400000000000001,0.0,0.0,0.0,2082.0,0.0,0.17500000000000002
2739745745,10,0,0.003,0.043000000000000003,-0.004,0.0,0.0,0.17500000000000002,0.0,0.0,0.0086,0.0,0.0,0.0,7087.0,0.0,0.17500000000000002
2739748663,10,0,-0.002,0.036000000000000004,-0.009000000000000001,0.0,0.0,0.17500000000000002,0.0,0.0,0.008700000000000001,0.0,0.0,0.0,10005.0,0.0,0.17500000000000002
2739753667,10,0,-0.001,0.03,0.004,0.0,0.0,0.17500000000000002,0.0,0.0,0.0088,0.0,0.0,0.0,15009.0,0.0,0.17500000000000002
2739758671,10,0,0.004,0.023,-0.004,0.0,0.0,0.17500000000000002,0.0,0.0,0.009000000000000001,0.0,0.0,0.0,20013.0,0.0,0.17500000000000002
2739760751,10,0,0.005,0.026000000000000002,-0.006,0.0,0.0,0.17500000000000002,0.0,0.0,0.009000000000000001,0.0,0.0,0.0,22093.0,0.0,0.17500000000000002
2739765758,10,0,0.004,0.022,0.004,0.0,0.0,0.17500000000000002,0.0,0.0,0.0092,0.0,0.0,0.0,0.0,0.0,0.17500000000000002
2739768674,10,0,0.0,0.022,0.003,0.0,0.0,0.17500000000000002,0.0,0.0,0.009300000000000001,0.0,0.0,0.0,2916.0,0.0,0.17500000000000002
2739773680,10,0,0.0,0.021,0.003,0.0,0.0,0.17500000000000002,0.0,0.0,0.0095,0.0,0.0,0.0,7922.0,0.0,0.17500000000000002
2739778670,10,0,0.003,0.015,0.003,0.0,0.0,0.17500000000000002,0.0,0.0,0.009600000000000001,0.0,0.0,0.0,12912.0,0.0,0.17500000000000002
2739780769,10,0,0.0,0.014,0.004,0.0,0.0,0.17500000000000002,0.0,0.0,0.009600000000000001,0.0,0.0,0.0,15011.0,0.0,0.17500000000000002
2739785766,10,0,-0.006,0.011,-0.001,0.0,0.0,0.17500000000000002,0.0,0.0,0.0097,0.0,0.0,0.0,20008.0,0.0,0.17500000000000002
2739790571,10,0,-0.002,0.01,0.002,0.0,0.0,0.1703,0.0,0.0,0.0097,0.0,0.0,0.0,24813.0,0.0,0.1703
2739792572,10,0,-0.003,0.009000000000000001,0.004,0.0,0.0,0.16570000000000001,0.0,0.0,0.0097,0.0,0.0,0.0,0.0,0.0,0.16570000000000001
2739796730,10,0,0.001,0.006,-0.005,0.0,0.0,0.1563,0.0,0.0,0.0098,0.0,0.0,0.0,4158.0,0.0,0.1563
2739800782,10,0,-0.006,0.003,-0.002,0.0,0.0,0.14700000000000002,0.0,0.0,0.0098,0.0,0.0,0.0,8210.0,0.0,0.14700000000000002
2739805572,10,0,-0.005,0.003,-0.005,0.0,0.0,0.1353,0.0,0.0,0.0099,0.0,0.0,0.0,13000.0,0.0,0.1353
2739809740,10,0,0.001,0.002,-0.007,0.0,0.0,0.126,0.0,0.0,0.0099,0.0,0.0,0.0,17168.0,0.0,0.126
2739813747,10,0,0.001,0.003,-0.001,0.0,0.0,0.11670000000000001,0.0,0.0,0.01,0.0,0.0,0.0,21175.0,0.0,0.11670000000000001
2739818570,10,0,-0.003,0.0,0.004,0.0,0.0,0.10500000000000001,0.0,0.0,0.01,0.0,0.0,0.0,25998.0,0.0,0.10500000000000001
2739820746,10,0,-0.01,0.002,0.0,0.0,0.0,0.1003,0.0,0.0,0.01,0.0,0.0,0.0,0.0,0.0,0.1003
2739824748,10,0,-0.006,-0.002,0.002,0.0,0.0,0.091,0.0,0.0,0.01,0.0,0.0,0.0,4002.0,0.0,0.091
2739829570,10,0,-0.005,-0.002,0.005,0.0,0.0,0.07930000000000001,0.0,0.0,0.01,0.0,0.0,0.0,8824.0,0.0,0.07930000000000001
2739833570,10,0,-0.003,0.003,0.005,0.0,0.0,0.07,0.0,0.0,0.01,0.0,0.0,0.0,12824.0,0.0,0.07
2739837571,10,0,0.003,0.001,0.001,0.0,0.0,0.060700000000000004,0.0,0.0,0.010100000000000001,0.0,0.0,0.0,16825.0,0.0,0.060700000000000004
2739841765,10,0,-0.003,0.0,0.004,0.0,0.0,0.051300000000000005,0.0,0.0,0.010100000000000001,0.0,0.0,0.0,21019.0,0.0,0.051300000000000005
2739845814,10,0,-0.001,0.002,0.004,0.0,0.0,0.042,0.0,0.0,0.010100000000000001,0.0,0.0,0.0,25068.0,0.0,0.042
2739848569,10,0,-0.002,0.002,0.001,0.0,0.0,0.035,0.0,0.0,0.010100000000000001,0.0,0.0,0.0,0.0,0.0,0.035
2739852726,10,0,0.0,0.0,0.0,0.0,0.0,0.0257,0.0,0.0,0.0102,0.0,0.0,0.0,4157.0,0.0,0.0257
2739856763,10,0,-0.002,-0.004,-0.001,0.0,0.0,0.016300000000000002,0.0,0.0,0.0102,0.0,0.0,0.0,8194.0,0.0,0.016300000000000002
2739860813,10,0,0.002,-0.004,-0.009000000000000001,0.0,0.0,0.007,0.0,0.0,0.010100000000000001,0.0,0.0,0.0,12244.0,0.0,0.007
2739865575,10,0,-0.001,-0.002,-0.002,0.0,0.0,-0.0047,0.0,0.0,0.010100000000000001,0.0,0.0,0.0,17006.0,0.0,-0.0047
2739869792,10,0,0.0,0.002,0.0,0.0,0.0,-0.014,0.0,0.0,0.0102,0.0,0.0,0.0,21223.0,0.0,-0.014
2739872570,10,0,0.001,-0.002,-0.002,0.0,0.0,-0.021,0.0,0.0,0.0102,0.0,0.0,0.0,24001.0,0.0,-0.021
2739876570,10,0,0.003,-0.021,0.0,0.0,0.0,-0.0303,0.0,0.0,0.0102,0.0,0.0,0.0,0.0,0.0,-0.0303
2739880575,10,0,0.011,-0.035,0.003,0.0,0.0,-0.0397,0.0,0.0,0.0099,0.0,0.0,0.0,4005.0,0.0,-0.0397
2739885579,10,0,0.011,-0.075,0.0,0.0,0.0,-0.051300000000000005,0.0,0.0,0.0094,0.0,0.0,0.0,9009.0,0.0,-0.051300000000000005
2739889794,10,0,0.0,-0.12,-0.005,0.0,0.0,-0.060700000000000004,0.0,0.0,0.0086,0.0,0.0,0.0,13224.0,0.0,-0.060700000000000004
2739892570,10,0,-0.006,-0.138,-0.002,0.0,0.0,-0.06770000000000001,0.0,0.0,0.0082,0.0,0.0,0.0,16000.0,0.0,-0.06770000000000001
2739896798,10,0,-0.001,-0.178,-0.002,0.0,0.0,-0.077,0.0,0.0,0.007200000000000001,0.0,0.0,0.0,20228.0,0.0,-0.077
2739900814,10,0,-0.006,-0.203,-0.003,0.0,0.0,-0.0863,0.0,0.0,0.0064,0.0,0.0,0.0,24244.0,0.0,-0.0863
2739905576,10,0,-0.012,-0.212,0.007,0.0,0.0,-0.098,0.0,0.0,0.0056,0.0,0.0,0.0,0.0,0.0,-0.098
2739910575,10,0,-0.015,-0.209,0.007,0.0,0.0,-0.1097,0.0,0.0,0.0048000000000000004,0.0,0.0,0.0,4999.0,0.0,-0.1097
2739912814,10,0,0.002,-0.20400000000000001,0.008,0.0,0.0,-0.1143,0.0,0.0,0.0045000000000000005,0.0,0.0,0.0,7238.0,0.0,-0.1143
2739917575,10,0,0.012,-0.194,0.013000000000000001,0.0,0.0,-0.126,0.0,0.0,0.0037,0.0,0.0,0.0,11999.0,0.0,-0.126
2739921815,10,0,0.012,-0.184,0.011,0.0,0.0,-0.1353,0.0,0.0,0.0028,0.0,0.0,0.0,16239.0,0.0,-0.1353
2739924575,10,0,0.002,-0.17300000000000001,0.007,0.0,0.0,-0.1423,0.0,0.0,0.0026000000000000003,0.0,0.0,0.0,18999.0,0.0,-0.1423
2739928810,10,0,0.003,-0.166,0.01,0.0,0.0,-0.1517,0.0,0.0,0.0021000000000000003,0.0,0.0,0.0,23234.0,0.0,-0.1517
2739933577,10,0,0.008,-0.168,0.012,0.0,0.0,-0.1633,0.0,0.0,0.0016,0.0,0.0,0.0,0.0,0.0,-0.1633
2739937815,10,0,0.014,-0.17400000000000002,0.004,0.0,0.0,-0.17270000000000002,0.0,0.0,0.0008,0.0,0.0,0.0,4238.0,0.0,-0.17270000000000002
2739942575,10,0,0.001,-0.186,0.004,0.0,0.0,-0.17500000000000002,0.0,0.0,0.0,0.0,0.0,0.0,8998.0,0.0,-0.17500000000000002
2739944812,10,0,-0.004,-0.201,-0.002,0.0,0.0,-0.17500000000000002,0.0,0.0,-0.0006000000000000001,0.0,0.0,0.0,11235.0,0.0,-0.17500000000000002
2739949576,10,0,-0.006,-0.211,-0.01,0.0,0.0,-0.17500000000000002,0.0,0.0,-0.0017000000000000001,0.0,0.0,0.0,15999.0,0.0,-0.17500000000000002
2739953577,10,0,0.009000000000000001,-0.227,-0.008,0.0,0.0,-0.17500000000000002,0.0,0.0,-0.0027,0.0,0.0,0.0,20000.0,0.0,-0.17500000000000002
2739957814,10,0,0.0,-0.23,-0.016,0.0,0.0,-0.17500000000000002,0.0,0.0,-0.0041,0.0,0.0,0.0,24237.0,0.0,-0.17500000000000002
2739962575,10,0,0.0,-0.231,-0.018000000000000002,0.0,0.0,-0.17500000000000002,0.0,0.0,-0.0051,0.0,0.0,0.0,0.0,0.0,-0.17500000000000002
2739964575,10,0,-0.004,-0.233,-0.014,0.0,0.0,-0.17500000000000002,0.0,0.0,-0.0056,0.0,0.0,0.0,2000.0,0.0,-0.17500000000000002
2739968815,10,0,-0.005,-0.20400000000000001,0.0,0.0,0.0,-0.17500000000000002,0.0,0.0,-0.0068000000000000005,0.0,0.0,0.0,6240.0,0.0,-0.17500000000000002
2739973576,10,0,0.001,-0.182,0.004,0.0,0.0,-0.17500000000000002,0.0,0.0,-0.007500000000000001,0.0,0.0,0.0,11001.0,0.0,-0.17500000000000002
2739978582,10,0,-0.001,-0.153,0.011,0.0,0.0,-0.17500000000000002,0.0,0.0,-0.0082,0.0,0.0,0.0,16007.0,0.0,-0.17500000000000002
2739980828,10,0,-0.005,-0.14,0.015,0.0,0.0,-0.17500000000000002,0.0,0.0,-0.0086,0.0,0.0,0.0,18253.0,0.0,-0.17500000000000002
2739985831,10,0,-0.01,-0.114,0.008,0.0,0.0,-0.17500000000000002,0.0,0.0,-0.0091,0.0,0.0,0.0,23256.0,0.0,-0.17500000000000002
2739988574,10,0,-0.003,-0.112,0.006,0.0,0.0,-0.17500000000000002,0.0,0.0,-0.009300000000000001,0.0,0.0,0.0,0.0,0.0,-0.17500000000000002
2739993575,10,0,0.007,-0.092,0.009000000000000001,0.0,0.0,-0.17500000000000002,0.0,0.0,-0.0099,0.0,0.0,0.0,5001.0,0.0,-0.17500000000000002
2739998571,10,0,0.003,-0.099,0.001,0.0,0.0,-0.17500000000000002,0.0,0.0,-0.010400000000000001,0.0,0.0,0.0,9997.0,0.0,-0.17500000000000002
2740000842,10,0,-0.011,-0.099,-0.003,0.0,0.0,-0.17500000000000002,0.0,0.0,-0.010700000000000001,0.0,0.0,0.0,12268.0,0.0,-0.17500000000000002
2740005845,10,0,-0.01,-0.1,-0.01,0.0,0.0,-0.17500000000000002,0.0,0.0,-0.011300000000000001,0.0,0.0,0.0,17271.0,0.0,-0.17500000000000002
2740008565,10,0,-0.007,-0.10300000000000001,-0.007,0.0,0.0,-0.17500000000000002,0.0,0.0,-0.0115,0.0,0.0,0.0,19991.0,0.0,-0.17500000000000002
2740013816,10,0,-0.004,-0.085,-0.013000000000000001,0.0,0.0,-0.17500000000000002,0.0,0.0,-0.012,0.0,0.0,0.0,25242.0,0.0,-0.17500000000000002
2740018568,10,0,-0.016,-0.08600000000000001,-0.012,0.0,0.0,-0.17500000000000002,0.0,0.0,-0.0122,0.0,0.0,0.0,0.0,0.0,-0.17500000000000002
2740020856,10,0,-0.021,-0.075,-0.012,0.0,0.0,-0.17500000000000002,0.0,0.0,-0.0123,0.0,0.0,0.0,2288.0,0.0,-0.17500000000000002
2740025569,10,0,-0.011,-0.059000000000000004,-0.003,0.0,0.0,-0.17500000000000002,0.0,0.0,-0.012400000000000001,0.0,0.0,0.0,7001.0,0.0,-0.17500000000000002
2740029817,10,0,0.0,-0.044,0.004,0.0,0.0,-0.17500000000000002,0.0,0.0,-0.012400000000000001,0.0,0.0,0.0,11249.0,0.0,-0.17500000000000002
2740032565,10,0,0.006,-0.04,0.005,0.0,0.0,-0.17500000000000002,0.0,0.0,-0.0123,0.0,0.0,0.0,13997.0,0.0,-0.17500000000000002
2740036820,10,0,-0.004,-0.035,0.006,0.0,0.0,-0.17500000000000002,0.0,0.0,-0.012400000000000001,0.0,0.0,0.0,18252.0,0.0,-0.17500000000000002
2740040870,10,0,-0.003,-0.033,0.005,0.0,0.0,-0.1703,0.0,0.0,-0.012400000000000001,0.0,0.0,0.0,22302.0,0.0,-0.1703
2740045873,10,0,0.004,-0.033,0.009000000000000001,0.0,0.0,-0.1587,0.0,0.0,-0.0125,0.0,0.0,0.0,0.0,0.0,-0.1587
2740048564,10,0,0.008,-0.031,0.012,0.0,0.0,-0.1517,0.0,0.0,-0.0126,0.0,0.0,0.0,2691.0,0.0,-0.1517
2740052570,10,0,-0.001,-0.037,0.011,0.0,0.0,-0.1423,0.0,0.0,-0.0128,0.0,0.0,0.0,6697.0,0.0,-0.1423
2740057568,10,0,-0.003,-0.035,-0.002,0.0,0.0,-0.1307,0.0,0.0,-0.0129,0.0,0.0,0.0,11695.0,0.0,-0.1307
2740061838,10,0,0.006,-0.026000000000000002,-0.001,0.0,0.0,-0.1213,0.0,0.0,-0.013000000000000001,0.0,0.0,0.0,15965.0,0.0,-0.1213
2740065887,10,0,0.014,-0.018000000000000002,-0.002,0.0,0.0,-0.112,0.0,0.0,-0.0131,0.0,0.0,0.0,20014.0,0.0,-0.112
2740068568,10,0,0.013000000000000001,-0.007,-0.007,0.0,0.0,-0.10500000000000001,0.0,0.0,-0.0131,0.0,0.0,0.0,22695.0,0.0,-0.10500000000000001
2740072569,10,0,0.015,0.004,-0.011,0.0,0.0,-0.09570000000000001,0.0,0.0,-0.013000000000000001,0.0,0.0,0.0,0.0,0.0,-0.09570000000000001
2740077845,10,0,0.019,0.011,-0.011,0.0,0.0,-0.084,0.0,0.0,-0.013000000000000001,0.0,0.0,0.0,5276.0,0.0,-0.084
2740082567,10,0,0.024,0.012,-0.008,0.0,0.0,-0.0723,0.0,0.0,-0.013000000000000001,0.0,0.0,0.0,9998.0,0.0,-0.0723
2740084568,10,0,0.026000000000000002,0.013000000000000001,-0.006,0.0,0.0,-0.06770000000000001,0.0,0.0,-0.013000000000000001,0.0,0.0,0.0,11999.0,0.0,-0.06770000000000001
2740088857,10,0,0.014,0.016,0.0,0.0,0.0,-0.058300000000000005,0.0,0.0,-0.0131,0.0,0.0,0.0,16288.0,0.0,-0.058300000000000005
2740093568,10,0,0.008,0.022,0.0,0.0,0.0,-0.046700000000000005,0.0,0.0,-0.013000000000000001,0.0,0.0,0.0,20999.0,0.0,-0.046700000000000005
2740097568,10,0,0.011,0.013000000000000001,0.005,0.0,0.0,-0.0373,0.0,0.0,-0.013000000000000001,0.0,0.0,0.0,24999.0,0.0,-0.0373
2740101867,10,0,0.012,0.02,0.004,0.0,0.0,-0.028,0.0,0.0,-0.0129,0.0,0.0,0.0,0.0,0.0,-0.028
2740104568,10,0,0.016,0.021,0.001,0.0,0.0,-0.021,0.0,0.0,-0.0129,0.0,0.0,0.0,2701.0,0.0,-0.021
2740109872,10,0,0.005,0.027,0.001,0.0,0.0,-0.009300000000000001,0.0,0.0,-0.0128,0.0,0.0,0.0,8005.0,0.0,-0.009300000000000001
2740113875,10,0,0.008,0.033,-0.002,0.0,0.0,0.0,0.0,0.0,-0.0126,0.0,0.0,0.0,12008.0,0.0,0.0
2740118568,10,0,0.009000000000000001,0.041,-0.003,0.0,0.0,0.0117,0.0,0.0,-0.0123,0.0,0.0,0.0,16701.0,0.0,0.0117
2740120568,10,0,0.008,0.046,-0.006,0.0,0.0,0.016300000000000002,0.0,0.0,-0.012100000000000001,0.0,0.0,0.0,18701.0,0.0,0.016300000000000002
2740124883,10,0,0.005,0.09,-0.003,0.0,0.0,0.0257,0.0,0.0,-0.0115,0.0,0.0,0.0,23016.0,0.0,0.0257
2740129569,10,0,-0.005,0.116,-0.008,0.0,0.0,0.0373,0.0,0.0,-0.0109,0.0,0.0,0.0,0.0,0.0,0.0373
2740133890,10,0,-0.005,0.157,-0.001,0.0,0.0,0.046700000000000005,0.0,0.0,-0.0102,0.0,0.0,0.0,4321.0,0.0,0.046700000000000005
2740138568,10,0,-0.004,0.19,-0.002,0.0,0.0,0.058300000000000005,0.0,0.0,-0.0092,0.0,0.0,0.0,8999.0,0.0,0.058300000000000005
2740140938,10,0,-0.009000000000000001,0.2,-0.004,0.0,0.0,0.063,0.0,0.0,-0.0085,0.0,0.0,0.0,11369.0,0.0,0.063
2740145943,10,0,-0.012,0.214,-0.005,0.0,0.0,0.0747,0.0,0.0,-0.0074,0.0,0.0,0.0,16374.0,0.0,0.0747
2740148567,10,0,-0.011,0.217,-0.001,0.0,0.0,0.08170000000000001,0.0,0.0,-0.007,0.0,0.0,0.0,18998.0,0.0,0.08170000000000001
2740152568,10,0,-0.009000000000000001,0.199,0.004,0.0,0.0,0.091,0.0,0.0,-0.0063,0.0,0.0,0.0,22999.0,0.0,0.091
2740156902,10,0,-0.01,0.185,-0.004,0.0,0.0,0.1003,0.0,0.0,-0.0057,0.0,0.0,0.0,0.0,0.0,0.1003
2740160956,10,0,-0.016,0.166,-0.005,0.0,0.0,0.1097,0.0,0.0,-0.0053,0.0,0.0,0.0,4054.0,0.0,0.1097
2740165567,10,0,-0.015,0.161,-0.004,0.0,0.0,0.1213,0.0,0.0,-0.0049,0.0,0.0,0.0,8665.0,0.0,0.1213
2740169569,10,0,-0.012,0.161,-0.011,0.0,0.0,0.1307,0.0,0.0,-0.0044,0.0,0.0,0.0,12667.0,0.0,0.1307
2740173916,10,0,-0.013000000000000001,0.163,0.003,0.0,0.0,0.14,0.0,0.0,-0.0037,0.0,0.0,0.0,17014.0,0.0,0.14
2740178565,10,0,-0.013000000000000001,0.186,-0.001,0.0,0.0,0.1517,0.0,0.0,-0.003,0.0,0.0,0.0,21663.0,0.0,0.1517
2740180568,10,0,-0.013000000000000001,0.191,-0.001,0.0,0.0,0.1563,0.0,0.0,-0.0025,0.0,0.0,0.0,23666.0,0.0,0.1563
2740184925,10,0,-0.003,0.209,0.012,0.0,0.0,0.16570000000000001,0.0,0.0,-0.0013000000000000002,0.0,0.0,0.0,0.0,0.0,0.16570000000000001
2740188926,10,0,-0.007,0.22,0.012,0.0,0.0,0.17500000000000002,0.0,0.0,-0.00030000000000000003,0.0,0.0,0.0,4001.0,0.0,0.17500000000000002
2740193568,10,0,-0.01,0.225,-0.003,0.0,0.0,0.17500000000000002,0.0,0.0,0.0006000000000000001,0.0,0.0,0.0,8643.0,0.0,0.17500000000000002
2740197934,10,0,-0.008,0.226,0.003,0.0,0.0,0.17500000000000002,0.0,0.0,0.0018000000000000002,0.0,0.0,0.0,13009.0,0.0,0.17500000000000002
2740202566,10,0,-0.003,0.219,0.0,0.0,0.0,0.17500000000000002,0.0,0.0,0.0027,0.0,0.0,0.0,17641.0,0.0,0.17500000000000002
2740204567,10,0,-0.006,0.212,-0.002,0.0,0.0,0.17500000000000002,0.0,0.0,0.0031000000000000003,0.0,0.0,0.0,19642.0,0.0,0.17500000000000002
2740208567,10,0,-0.007,0.199,-0.003,0.0,0.0,0.17500000000000002,0.0,0.0,0.0039000000000000003,0.0,0.0,0.0,23642.0,0.0,0.17500000000000002
2740213569,10,0,-0.012,0.196,-0.005,0.0,0.0,0.17500000000000002,0.0,0.0,0.0051,0.0,0.0,0.0,0.0,0.0,0.17500000000000002
2740218566,10,0,-0.001,0.183,-0.015,0.0,0.0,0.17500000000000002,0.0,0.0,0.0061,0.0,0.0,0.0,4997.0,0.0,0.17500000000000002
2740220590,10,0,0.0,0.188,-0.012,0.0,0.0,0.17500000000000002,0.0,0.0,0.006500000000000001,0.0,0.0,0.0,7021.0,0.0,0.17500000000000002
2740224952,10,0,0.004,0.177,-0.001,0.0,0.0,0.17500000000000002,0.0,0.0,0.007500000000000001,0.0,0.0,0.0,11383.0,0.0,0.17500000000000002
2740229525,10,0,0.008,0.169,-0.01,0.0,0.0,0.17500000000000002,0.0,0.0,0.008400000000000001,0.0,0.0,0.0,15956.0,0.0,0.17500000000000002
2740233567,10,0,0.014,0.153,-0.012,0.0,0.0,0.17500000000000002,0.0,0.0,0.0091,0.0,0.0,0.0,19998.0,0.0,0.17500000000000002
2740237575,10,0,0.017,0.147,0.003,0.0,0.0,0.17500000000000002,0.0,0.0,0.0098,0.0,0.0,0.0,24006.0,0.0,0.17500000000000002
2740242568,10,0,0.024,0.127,-0.001,0.0,0.0,0.17500000000000002,0.0,0.0,0.0105,0.0,0.0,0.0,0.0,0.0,0.17500000000000002
2740244568,10,0,0.017,0.12,0.0,0.0,0.0,0.17500000000000002,0.0,0.0,0.010700000000000001,0.0,0.0,0.0,2000.0,0.0,0.17500000000000002
2740248983,10,0,0.01,0.105,0.013000000000000001,0.0,0.0,0.17500000000000002,0.0,0.0,0.0112,0.0,0.0,0.0,6415.0,0.0,0.17500000000000002
2740253567,10,0,0.01,0.08,0.005,0.0,0.0,0.17500000000000002,0.0,0.0,0.011600000000000001,0.0,0.0,0.0,10999.0,0.0,0.17500000000000002
2740257593,10,0,0.016,0.077,0.009000000000000001,0.0,0.0,0.17500000000000002,0.0,0.0,0.0118,0.0,0.0,0.0,15025.0,0.0,0.17500000000000002
2740262567,10,0,0.013000000000000001,0.06,0.011,0.0,0.0,0.17500000000000002,0.0,0.0,0.0122,0.0,0.0,0.0,19999.0,0.0,0.17500000000000002
2740264567,10,0,0.012,0.058,0.01,0.0,0.0,0.17500000000000002,0.0,0.0,0.0123,0.0,0.0,0.0,21999.0,0.0,0.17500000000000002
2740269983,10,0,0.012,0.053,-0.007,0.0,0.0,0.17500000000000002,0.0,0.0,0.0126,0.0,0.0,0.0,0.0,0.0,0.17500000000000002
2740273989,10,0,0.026000000000000002,0.047,0.002,0.0,0.0,0.17500000000000002,0.0,0.0,0.0128,0.0,0.0,0.0,4006.0,0.0,0.17500000000000002
2740278566,10,0,0.02,0.042,-0.005,0.0,0.0,0.17500000000000002,0.0,0.0,0.013000000000000001,0.0,0.0,0.0,8583.0,0.0,0.17500000000000002
2740281036,10,0,0.014,0.044,-0.011,0.0,0.0,0.17500000000000002,0.0,0.0,0.0131,0.0,0.0,0.0,11053.0,0.0,0.17500000000000002
2740286040,10,0,0.009000000000000001,0.031,-0.003,0.0,0.0,0.17500000000000002,0.0,0.0,0.013300000000000001,0.0,0.0,0.0,16057.0,0.0,0.17500000000000002
2740288567,10,0,0.007,0.026000000000000002,0.002,0.0,0.0,0.17500000000000002,0.0,0.0,0.0134,0.0,0.0,0.0,18584.0,0.0,0.17500000000000002
2740292567,10,0,0.003,0.024,-0.001,0.0,0.0,0.16570000000000001,0.0,0.0,0.0134,0.0,0.0,0.0,22584.0,0.0,0.16570000000000001
2740296567,10,0,0.008,0.012,-0.001,0.0,0.0,0.1563,0.0,0.0,0.0134,0.0,0.0,0.0,0.0,0.0,0.1563
2740301054,10,0,0.004,-0.002,0.004,0.0,0.0,0.14700000000000002,0.0,0.0,0.013300000000000001,0.0,0.0,0.0,4487.0,0.0,0.14700000000000002
2740306057,10,0,0.007,-0.018000000000000002,0.001,0.0,0.0,0.1353,0.0,0.0,0.0131,0.0,0.0,0.0,9490.0,0.0,0.1353
2740308565,10,0,0.001,-0.021,0.0,0.0,0.0,0.1283,0.0,0.0,0.0131,0.0,0.0,0.0,11998.0,0.0,0.1283
2740312568,10,0,0.001,-0.021,0.005,0.0,0.0,0.11900000000000001,0.0,0.0,0.013000000000000001,0.0,0.0,0.0,16001.0,0.0,0.11900000000000001
2740317016,10,0,-0.005,-0.023,0.001,0.0,0.0,0.1097,0.0,0.0,0.013000000000000001,0.0,0.0,0.0,20449.0,0.0,0.1097
2740321067,10,0,-0.011,-0.023,0.0,0.0,0.0,0.1003,0.0,0.0,0.013000000000000001,0.0,0.0,0.0,24500.0,0.0,0.1003
2740325569,10,0,-0.013000000000000001,-0.019,0.004,0.0,0.0,0.0887,0.0,0.0,0.013000000000000001,0.0,0.0,0.0,0.0,0.0,0.0887
2740330028,10,0,-0.023,-0.024,-0.001,0.0,0.0,0.07930000000000001,0.0,0.0,0.013000000000000001,0.0,0.0,0.0,4459.0,0.0,0.07930000000000001
2740332140,10,0,-0.016,-0.026000000000000002,-0.004,0.0,0.0,0.0723,0.0,0.0,0.013000000000000001,0.0,0.0,0.0,6571.0,0.0,0.0723
2740337030,10,0,-0.012,-0.024,0.0,0.0,0.0,0.063,0.0,0.0,0.0129,0.0,0.0,0.0,11461.0,0.0,0.063
2740341081,10,0,-0.019,-0.03,-0.002,0.0,0.0,0.053700000000000005,0.0,0.0,0.0129,0.0,0.0,0.0,15512.0,0.0,0.053700000000000005
2740345567,10,0,-0.022,-0.037,-0.005,0.0,0.0,0.042,0.0,0.0,0.012700000000000001,0.0,0.0,0.0,19998.0,0.0,0.042
2740350056,10,0,-0.014,-0.034,0.004,0.0,0.0,0.0327,0.0,0.0,0.0126,0.0,0.0,0.0,24487.0,0.0,0.0327
2740352567,10,0,-0.013000000000000001,-0.036000000000000004,0.003,0.0,0.0,0.0257,0.0,0.0,0.0126,0.0,0.0,0.0,0.0,0.0,0.0257
2740357045,10,0,-0.022,-0.03,0.0,0.0,0.0,0.016300000000000002,0.0,0.0,0.0125,0.0,0.0,0.0,4478.0,0.0,0.016300000000000002
2740361094,10,0,-0.019,-0.041,0.0,0.0,0.0,0.007,0.0,0.0,0.012400000000000001,0.0,0.0,0.0,8527.0,0.0,0.007
2740366097,10,0,-0.017,-0.06,0.006,0.0,0.0,-0.007,0.0,0.0,0.012,0.0,0.0,0.0,13530.0,0.0,-0.007
2740368567,10,0,-0.009000000000000001,-0.066,0.003,0.0,0.0,-0.0117,0.0,0.0,0.0118,0.0,0.0,0.0,16000.0,0.0,-0.0117
2740372567,10,0,-0.003,-0.091,0.0,0.0,0.0,-0.021,0.0,0.0,0.011300000000000001,0.0,0.0,0.0,20000.0,0.0,-0.021
2740377593,10,0,-0.008,-0.131,0.002,0.0,0.0,-0.0327,0.0,0.0,0.0105,0.0,0.0,0.0,25026.0,0.0,-0.0327
2740382063,10,0,-0.013000000000000001,-0.17200000000000001,-0.005,0.0,0.0,-0.042,0.0,0.0,0.0095,0.0,0.0,0.0,0.0,0.0,-0.042
2740386113,10,0,0.001,-0.196,0.0,0.0,0.0,-0.053700000000000005,0.0,0.0,0.0086,0.0,0.0,0.0,4050.0,0.0,-0.053700000000000005
2740388567,10,0,0.001,-0.201,0.002,0.0,0.0,-0.058300000000000005,0.0,0.0,0.0082,0.0,0.0,0.0,6504.0,0.0,-0.058300000000000005
2740393072,10,0,-0.011,-0.211,0.006,0.0,0.0,-0.06770000000000001,0.0,0.0,0.0071,0.0,0.0,0.0,11009.0,0.0,-0.06770000000000001
2740397592,10,0,-0.012,-0.22,0.007,0.0,0.0,-0.07930000000000001,0.0,0.0,0.0064,0.0,0.0,0.0,15529.0,0.0,-0.07930000000000001
2740402078,10,0,-0.001,-0.20800000000000002,0.011,0.0,0.0,-0.0887,0.0,0.0,0.0057,0.0,0.0,0.0,20015.0,0.0,-0.0887
2740404566,10,0,0.008,-0.202,0.013000000000000001,0.0,0.0,-0.09570000000000001,0.0,0.0,0.0053,0.0,0.0,0.0,22503.0,0.0,-0.09570000000000001
2740408568,10,0,0.016,-0.194,0.01,0.0,0.0,-0.10500000000000001,0.0,0.0,0.0047,0.0,0.0,0.0,0.0,0.0,-0.10500000000000001
2740412568,10,0,0.005,-0.17,0.006,0.0,0.0,-0.1143,0.0,0.0,0.004200000000000001,0.0,0.0,0.0,4000.0,0.0,-0.1143
2740417593,10,0,0.01,-0.17500000000000002,0.003,0.0,0.0,-0.126,0.0,0.0,0.0037,0.0,0.0,0.0,9025.0,0.0,-0.126
2740422091,10,0,0.022,-0.182,-0.003,0.0,0.0,-0.1353,0.0,0.0,0.0029000000000000002,0.0,0.0,0.0,13523.0,0.0,-0.1353
2740426143,10,0,0.02,-0.182,-0.003,0.0,0.0,-0.14700000000000002,0.0,0.0,0.0022,0.0,0.0,0.0,17575.0,0.0,-0.14700000000000002
2740428208,10,0,0.023,-0.194,-0.003,0.0,0.0,-0.1517,0.0,0.0,0.0018000000000000002,0.0,0.0,0.0,19640.0,0.0,-0.1517
2740432568,10,0,0.012,-0.20400000000000001,-0.004,0.0,0.0,-0.161,0.0,0.0,0.001,0.0,0.0,0.0,24000.0,0.0,-0.161
2740437104,10,0,0.018000000000000002,-0.212,-0.006,0.0,0.0,-0.17270000000000002,0.0,0.0,-0.0002,0.0,0.0,0.0,0.0,0.0,-0.17270000000000002
2740441150,10,0,0.022,-0.227,-0.003,0.0,0.0,-0.17500000000000002,0.0,0.0,-0.0012000000000000001,0.0,0.0,0.0,4046.0,0.0,-0.17500000000000002
2740446156,10,0,0.016,-0.225,-0.003,0.0,0.0,-0.17500000000000002,0.0,0.0,-0.0025,0.0,0.0,0.0,9052.0,0.0,-0.17500000000000002
2740448568,10,0,0.009000000000000001,-0.23,0.0,0.0,0.0,-0.17500000000000002,0.0,0.0,-0.0029000000000000002,0.0,0.0,0.0,11464.0,0.0,-0.17500000000000002
2740452580,10,0,0.006,-0.232,0.001,0.0,0.0,-0.17500000000000002,0.0,0.0,-0.0039000000000000003,0.0,0.0,0.0,15476.0,0.0,-0.17500000000000002
2740457125,10,0,0.018000000000000002,-0.216,0.001,0.0,0.0,-0.17500000000000002,0.0,0.0,-0.0051,0.0,0.0,0.0,20021.0,0.0,-0.17500000000000002
2740462120,10,0,0.018000000000000002,-0.213,0.017,0.0,0.0,-0.17500000000000002,0.0,0.0,-0.006200000000000001,0.0,0.0,0.0,25016.0,0.0,-0.17500000000000002
2740466169,10,0,0.004,-0.203,0.013000000000000001,0.0,0.0,-0.17500000000000002,0.0,0.0,-0.0071,0.0,0.0,0.0,0.0,0.0,-0.17500000000000002
2740468567,10,0,0.003,-0.196,0.006,0.0,0.0,-0.17500000000000002,0.0,0.0,-0.007500000000000001,0.0,0.0,0.0,2398.0,0.0,-0.17500000000000002
2740473569,10,0,-0.003,-0.17300000000000001,0.004,0.0,0.0,-0.17500000000000002,0.0,0.0,-0.008400000000000001,0.0,0.0,0.0,7400.0,0.0,-0.17500000000000002
2740476176,10,0,-0.006,-0.169,0.008,0.0,0.0,-0.17500000000000002,0.0,0.0,-0.0088,0.0,0.0,0.0,10007.0,0.0,-0.17500000000000002
2740480567,10,0,-0.001,-0.166,0.001,0.0,0.0,-0.17500000000000002,0.0,0.0,-0.0095,0.0,0.0,0.0,14398.0,0.0,-0.17500000000000002
2740485137,10,0,-0.012,-0.145,-0.002,0.0,0.0,-0.17500000000000002,0.0,0.0,-0.0102,0.0,0.0,0.0,18968.0,0.0,-0.17500000000000002
2740489569,10,0,-0.014,-0.149,-0.007,0.0,0.0,-0.17500000000000002,0.0,0.0,-0.0108,0.0,0.0,0.0,23400.0,0.0,-0.17500000000000002
2740492247,10,0,-0.015,-0.133,-0.011,0.0,0.0,-0.17500000000000002,0.0,0.0,-0.0112,0.0,0.0,0.0,0.0,0.0,-0.17500000000000002
2740497145,10,0,-0.004,-0.132,-0.009000000000000001,0.0,0.0,-0.17500000000000002,0.0,0.0,-0.0118,0.0,0.0,0.0,4898.0,0.0,-0.17500000000000002
2740501192,10,0,-0.014,-0.126,-0.012,0.0,0.0,-0.17500000000000002,0.0,0.0,-0.0122,0.0,0.0,0.0,8945.0,0.0,-0.17500000000000002
2740506197,10,0,-0.02,-0.11800000000000001,-0.019,0.0,0.0,-0.17500000000000002,0.0,0.0,-0.0128,0.0,0.0,0.0,13950.0,0.0,-0.17500000000000002
2740508567,10,0,-0.022,-0.113,-0.016,0.0,0.0,-0.17500000000000002,0.0,0.0,-0.013000000000000001,0.0,0.0,0.0,16320.0,0.0,-0.17500000000000002
2740513531,10,0,-0.017,-0.1,0.007,0.0,0.0,-0.17500000000000002,0.0,0.0,-0.013300000000000001,0.0,0.0,0.0,21284.0,0.0,-0.17500000000000002
2740517592,10,0,-0.022,-0.08600000000000001,0.004,0.0,0.0,-0.17500000000000002,0.0,0.0,-0.0135,0.0,0.0,0.0,25345.0,0.0,-0.17500000000000002
2740520162,10,0,-0.021,-0.074,0.006,0.0,0.0,-0.17500000000000002,0.0,0.0,-0.013600000000000001,0.0,0.0,0.0,0.0,0.0,-0.17500000000000002
2740524307,10,0,-0.023,-0.069,0.012,0.0,0.0,-0.17500000000000002,0.0,0.0,-0.0137,0.0,0.0,0.0,4145.0,0.0,-0.17500000000000002
2740528568,10,0,-0.023,-0.06,0.007,0.0,0.0,-0.17500000000000002,0.0,0.0,-0.013900000000000001,0.0,0.0,0.0,8406.0,0.0,-0.17500000000000002
2740533532,10,0,-0.014,-0.049,0.007,0.0,0.0,-0.17500000000000002,0.0,0.0,-0.014100000000000001,0.0,0.0,0.0,13370.0,0.0,-0.17500000000000002
2740537592,10,0,-0.016,-0.054,0.009000000000000001,0.0,0.0,-0.17500000000000002,0.0,0.0,-0.0143,0.0,0.0,0.0,17430.0,0.0,-0.17500000000000002
2740540175,10,0,-0.014,-0.052000000000000005,0.004,0.0,0.0,-0.1703,0.0,0.0,-0.014400000000000001,0.0,0.0,0.0,20013.0,0.0,-0.1703
2740544181,10,0,-0.014,-0.056,-0.009000000000000001,0.0,0.0,-0.161,0.0,0.0,-0.014700000000000001,0.0,0.0,0.0,24019.0,0.0,-0.161
2740548567,10,0,-0.012,-0.054,0.001,0.0,0.0,-0.1517,0.0,0.0,-0.0149,0.0,0.0,0.0,0.0,0.0,-0.1517
2740552569,10,0,-0.01,-0.047,-0.001,0.0,0.0,-0.1423,0.0,0.0,-0.0151,0.0,0.0,0.0,4002.0,0.0,-0.1423
2740557591,10,0,-0.004,-0.035,-0.01,0.0,0.0,-0.1307,0.0,0.0,-0.015300000000000001,0.0,0.0,0.0,9024.0,0.0,-0.1307
2740560191,10,0,-0.004,-0.033,-0.005,0.0,0.0,-0.1237,0.0,0.0,-0.0154,0.0,0.0,0.0,11624.0,0.0,-0.1237
2740564230,10,0,0.0,-0.017,-0.004,0.0,0.0,-0.1143,0.0,0.0,-0.0154,0.0,0.0,0.0,15663.0,0.0,-0.1143
2740568566,10,0,0.009000000000000001,-0.006,-0.003,0.0,0.0,-0.10500000000000001,0.0,0.0,-0.0154,0.0,0.0,0.0,19999.0,0.0,-0.10500000000000001
2740573199,10,0,0.019,0.0,-0.006,0.0,0.0,-0.09330000000000001,0.0,0.0,-0.0154,0.0,0.0,0.0,24632.0,0.0,-0.09330000000000001
2740577251,10,0,0.018000000000000002,0.01,0.0,0.0,0.0,-0.084,0.0,0.0,-0.0154,0.0,0.0,0.0,0.0,0.0,-0.084
2740581567,10,0,0.016,0.005,0.0,0.0,0.0,-0.0747,0.0,0.0,-0.0154,0.0,0.0,0.0,4316.0,0.0,-0.0747
2740584242,10,0,0.014,0.006,0.007,0.0,0.0,-0.06770000000000001,0.0,0.0,-0.0155,0.0,0.0,0.0,6991.0,0.0,-0.06770000000000001
2740588353,10,0,0.019,0.007,0.006,0.0,0.0,-0.058300000000000005,0.0,0.0,-0.0155,0.0,0.0,0.0,11102.0,0.0,-0.058300000000000005
2740593213,10,0,0.018000000000000002,0.003,0.004,0.0,0.0,-0.046700000000000005,0.0,0.0,-0.0154,0.0,0.0,0.0,15962.0,0.0,-0.046700000000000005
2740597696,10,0,0.015,0.006,0.0,0.0,0.0,-0.0373,0.0,0.0,-0.0154,0.0,0.0,0.0,20445.0,0.0,-0.0373
2740600255,10,0,0.02,0.007,0.003,0.0,0.0,-0.0303,0.0,0.0,-0.0154,0.0,0.0,0.0,23004.0,0.0,-0.0303
2740604568,10,0,0.023,0.005,-0.004,0.0,0.0,-0.021,0.0,0.0,-0.0154,0.0,0.0,0.0,0.0,0.0,-0.021
2740609531,10,0,0.024,0.011,-0.005,0.0,0.0,-0.009300000000000001,0.0,0.0,-0.015300000000000001,0.0,0.0,0.0,4963.0,0.0,-0.009300000000000001
2740612262,10,0,0.021,0.012,-0.008,0.0,0.0,-0.0023,0.0,0.0,-0.0152,0.0,0.0,0.0,7694.0,0.0,-0.0023
2740616283,10,0,0.026000000000000002,0.02,-0.004,0.0,0.0,0.007,0.0,0.0,-0.015000000000000001,0.0,0.0,0.0,11715.0,0.0,0.007
2740621316,10,0,0.012,0.034,-0.01,0.0,0.0,0.0187,0.0,0.0,-0.014700000000000001,0.0,0.0,0.0,16748.0,0.0,0.0187
2740625567,10,0,0.015,0.07200000000000001,-0.003,0.0,0.0,0.028,0.0,0.0,-0.0142,0.0,0.0,0.0,20999.0,0.0,0.028
2740630275,10,0,0.005,0.107,0.002,0.0,0.0,0.0397,0.0,0.0,-0.0135,0.0,0.0,0.0,25707.0,0.0,0.0397
2740632277,10,0,-0.001,0.123,0.001,0.0,0.0,0.0443,0.0,0.0,-0.013300000000000001,0.0,0.0,0.0,0.0,0.0,0.0443
2740636288,10,0,-0.003,0.163,0.006,0.0,0.0,0.053700000000000005,0.0,0.0,-0.0125,0.0,0.0,0.0,4011.0,0.0,0.053700000000000005
2740640566,10,0,0.001,0.185,0.009000000000000001,0.0,0.0,0.063,0.0,0.0,-0.0115,0.0,0.0,0.0,8289.0,0.0,0.063
2740645287,10,0,-0.003,0.211,0.002,0.0,0.0,0.0747,0.0,0.0,-0.010400000000000001,0.0,0.0,0.0,13010.0,0.0,0.0747
2740649568,10,0,-0.011,0.218,-0.002,0.0,0.0,0.084,0.0,0.0,-0.0097,0.0,0.0,0.0,17291.0,0.0,0.084
2740654254,10,0,-0.009000000000000001,0.20400000000000001,-0.002,0.0,0.0,0.09570000000000001,0.0,0.0,-0.0089,0.0,0.0,0.0,21977.0,0.0,0.09570000000000001
2740656341,10,0,-0.007,0.2,-0.007,0.0,0.0,0.1003,0.0,0.0,-0.0086,0.0,0.0,0.0,24064.0,0.0,0.1003
2740660530,10,0,-0.012,0.181,-0.014,0.0,0.0,0.1097,0.0,0.0,-0.0082,0.0,0.0,0.0,0.0,0.0,0.1097
2740664567,10,0,-0.009000000000000001,0.171,-0.019,0.0,0.0,0.11900000000000001,0.0,0.0,-0.0078000000000000005,0.0,0.0,0.0,4037.0,0.0,0.11900000000000001
2740669302,10,0,-0.012,0.164,-0.02,0.0,0.0,0.1307,0.0,0.0,-0.007200000000000001,0.0,0.0,0.0,8772.0,0.0,0.1307
2740673531,10,0,-0.017,0.166,-0.014,0.0,0.0,0.14,0.0,0.0,-0.0068000000000000005,0.0,0.0,0.0,13001.0,0.0,0.14
2740678283,10,0,-0.023,0.177,-0.007,0.0,0.0,0.1517,0.0,0.0,-0.0059,0.0,0.0,0.0,17753.0,0.0,0.1517
2740680566,10,0,-0.025,0.171,-0.004,0.0,0.0,0.1563,0.0,0.0,-0.0055000000000000005,0.0,0.0,0.0,20036.0,0.0,0.1563
2740686362,10,0,-0.024,0.20500000000000002,0.009000000000000001,0.0,0.0,0.1703,0.0,0.0,-0.004200000000000001,0.0,0.0,0.0,25832.0,0.0,0.1703
2740688530,10,0,-0.025,0.20400000000000001,0.014,0.0,0.0,0.17500000000000002,0.0,0.0,-0.0037,0.0,0.0,0.0,0.0,0.0,0.17500000000000002
2740692530,10,0,-0.012,0.21,0.013000000000000001,0.0,0.0,0.17500000000000002,0.0,0.0,-0.0027,0.0,0.0,0.0,4000.0,0.0,0.17500000000000002
2740697280,10,0,-0.018000000000000002,0.221,0.013000000000000001,0.0,0.0,0.17500000000000002,0.0,0.0,-0.0014,0.0,0.0,0.0,8750.0,0.0,0.17500000000000002
2740701332,10,0,-0.018000000000000002,0.215,0.008,0.0,0.0,0.17500000000000002,0.0,0.0,-0.0004,0.0,0.0,0.0,12802.0,0.0,0.17500000000000002
2740705530,10,0,-0.014,0.20800000000000002,0.002,0.0,0.0,0.17500000000000002,0.0,0.0,0.0006000000000000001,0.0,0.0,0.0,17000.0,0.0,0.17500000000000002
2740710292,10,0,-0.016,0.203,-0.001,0.0,0.0,0.17500000000000002,0.0,0.0,0.0018000000000000002,0.0,0.0,0.0,21762.0,0.0,0.17500000000000002
2740712332,10,0,-0.02,0.203,-0.002,0.0,0.0,0.17500000000000002,0.0,0.0,0.0023,0.0,0.0,0.0,23802.0,0.0,0.17500000000000002
2740716663,10,0,-0.01,0.181,-0.015,0.0,0.0,0.17500000000000002,0.0,0.0,0.0032,0.0,0.0,0.0,0.0,0.0,0.17500000000000002
2740721385,10,0,-0.011,0.194,-0.016,0.0,0.0,0.17500000000000002,0.0,0.0,0.0043,0.0,0.0,0.0,4722.0,0.0,0.17500000000000002
2740725530,10,0,0.006,0.168,-0.009000000000000001,0.0,0.0,0.17500000000000002,0.0,0.0,0.0051,0.0,0.0,0.0,8867.0,0.0,0.17500000000000002
2740730345,10,0,0.003,0.155,-0.019,0.0,0.0,0.17500000000000002,0.0,0.0,0.006,0.0,0.0,0.0,13682.0,0.0,0.17500000000000002
2740732347,10,0,0.006,0.147,-0.019,0.0,0.0,0.17500000000000002,0.0,0.0,0.0063,0.0,0.0,0.0,15684.0,0.0,0.17500000000000002
2740736396,10,0,0.008,0.127,-0.007,0.0,0.0,0.17500000000000002,0.0,0.0,0.006900000000000001,0.0,0.0,0.0,19733.0,0.0,0.17500000000000002
2740740566,10,0,0.011,0.12,-0.003,0.0,0.0,0.17500000000000002,0.0,0.0,0.0073,0.0,0.0,0.0,23903.0,0.0,0.17500000000000002
2740745356,10,0,0.008,0.1,0.008,0.0,0.0,0.17500000000000002,0.0,0.0,0.0078000000000000005,0.0,0.0,0.0,0.0,0.0,0.17500000000000002
2740750360,10,0,0.014,0.08700000000000001,0.018000000000000002,0.0,0.0,0.17500000000000002,0.0,0.0,0.0082,0.0,0.0,0.0,5004.0,0.0,0.17500000000000002
2740752375,10,0,0.015,0.075,0.018000000000000002,0.0,0.0,0.17500000000000002,0.0,0.0,0.0083,0.0,0.0,0.0,7019.0,0.0,0.17500000000000002
2740756528,10,0,0.012,0.076,0.015,0.0,0.0,0.17500000000000002,0.0,0.0,0.0085,0.0,0.0,0.0,11172.0,0.0,0.17500000000000002
2740760529,10,0,0.018000000000000002,0.065,0.022,0.0,0.0,0.17500000000000002,0.0,0.0,0.0088,0.0,0.0,0.0,15173.0,0.0,0.17500000000000002
2740764529,10,0,0.016,0.06,0.015,0.0,0.0,0.17500000000000002,0.0,0.0,0.009000000000000001,0.0,0.0,0.0,19173.0,0.0,0.17500000000000002
2740769372,10,0,0.023,0.053,-0.004,0.0,0.0,0.17500000000000002,0.0,0.0,0.0092,0.0,0.0,0.0,24016.0,0.0,0.17500000000000002
2740773554,10,0,0.029,0.055,0.0,0.0,0.0,0.17500000000000002,0.0,0.0,0.009300000000000001,0.0,0.0,0.0,0.0,0.0,0.17500000000000002
2740776424,10,0,0.029,0.052000000000000005,-0.006,0.0,0.0,0.17500000000000002,0.0,0.0,0.0094,0.0,0.0,0.0,2870.0,0.0,0.17500000000000002
2740780564,10,0,0.026000000000000002,0.041,-0.016,0.0,0.0,0.17500000000000002,0.0,0.0,0.009600000000000001,0.0,0.0,0.0,7010.0,0.0,0.17500000000000002
2740785529,10,0,0.028,0.043000000000000003,-0.011,0.0,0.0,0.17500000000000002,0.0,0.0,0.0098,0.0,0.0,0.0,11975.0,0.0,0.17500000000000002
2740789529,10,0,0.016,0.03,-0.014,0.0,0.0,0.17270000000000002,0.0,0.0,0.0099,0.0,0.0,0.0,15975.0,0.0,0.17270000000000002
2740792389,10,0,0.018000000000000002,0.029,-0.018000000000000002,0.0,0.0,0.16570000000000001,0.0,0.0,0.0099,0.0,0.0,0.0,18835.0,0.0,0.16570000000000001
2740796440,10,0,0.016,0.021,-0.011,0.0,0.0,0.1563,0.0,0.0,0.01,0.0,0.0,0.0,22886.0,0.0,0.1563
2740800530,10,0,0.017,0.008,0.004,0.0,0.0,0.14700000000000002,0.0,0.0,0.01,0.0,0.0,0.0,0.0,0.0,0.14700000000000002
2740805403,10,0,0.01,-0.009000000000000001,-0.001,0.0,0.0,0.1353,0.0,0.0,0.01,0.0,0.0,0.0,4873.0,0.0,0.1353
2740809529,10,0,0.005,-0.015,0.005,0.0,0.0,0.126,0.0,0.0,0.01,0.0,0.0,0.0,8999.0,0.0,0.126
2740814406,10,0,0.001,-0.018000000000000002,0.011,0.0,0.0,0.1143,0.0,0.0,0.01,0.0,0.0,0.0,13876.0,0.0,0.1143
2740816453,10,0,0.004,-0.018000000000000002,0.01,0.0,0.0,0.1097,0.0,0.0,0.010100000000000001,0.0,0.0,0.0,15923.0,0.0,0.1097
2740820529,10,0,0.001,-0.02,0.006,0.0,0.0,0.1003,0.0,0.0,0.0102,0.0,0.0,0.0,19999.0,0.0,0.1003
2740825412,10,0,-0.003,-0.027,0.009000000000000001,0.0,0.0,0.0887,0.0,0.0,0.0102,0.0,0.0,0.0,24882.0,0.0,0.0887
2740829528,10,0,-0.004,-0.026000000000000002,0.0,0.0,0.0,0.07930000000000001,0.0,0.0,0.0103,0.0,0.0,0.0,0.0,0.0,0.07930000000000001
2740833554,10,0,-0.007,-0.032,0.001,0.0,0.0,0.07,0.0,0.0,0.0102,0.0,0.0,0.0,4026.0,0.0,0.07
2740836467,10,0,-0.01,-0.031,0.003,0.0,0.0,0.063,0.0,0.0,0.0102,0.0,0.0,0.0,6939.0,0.0,0.063
2740840529,10,0,-0.014,-0.037,-0.003,0.0,0.0,0.053700000000000005,0.0,0.0,0.0102,0.0,0.0,0.0,11001.0,0.0,0.053700000000000005
2740846474,10,0,-0.017,-0.042,-0.011,0.0,0.0,0.0397,0.0,0.0,0.01,0.0,0.0,0.0,16946.0,0.0,0.0397
2740848528,10,0,-0.02,-0.044,-0.008,0.0,0.0,0.035,0.0,0.0,0.0099,0.0,0.0,0.0,19000.0,0.0,0.035
2740853431,10,0,-0.023,-0.04,-0.001,0.0,0.0,0.0233,0.0,0.0,0.0097,0.0,0.0,0.0,23903.0,0.0,0.0233
2740857528,10,0,-0.023,-0.037,-0.001,0.0,0.0,0.014,0.0,0.0,0.009600000000000001,0.0,0.0,0.0,0.0,0.0,0.014
2740862437,10,0,-0.02,-0.05,0.001,0.0,0.0,0.0023,0.0,0.0,0.0094,0.0,0.0,0.0,4909.0,0.0,0.0023
2740864441,10,0,-0.025,-0.058,0.003,0.0,0.0,-0.0023,0.0,0.0,0.0092,0.0,0.0,0.0,6913.0,0.0,-0.0023
2740868528,10,0,-0.02,-0.062,0.009000000000000001,0.0,0.0,-0.0117,0.0,0.0,0.0088,0.0,0.0,0.0,11000.0,0.0,-0.0117
2740873445,10,0,-0.009000000000000001,-0.089,0.008,0.0,0.0,-0.0233,0.0,0.0,0.0082,0.0,0.0,0.0,15917.0,0.0,-0.0233
2740878447,10,0,-0.022,-0.13,0.005,0.0,0.0,-0.035,0.0,0.0,0.0073,0.0,0.0,0.0,20919.0,0.0,-0.035
2740880451,10,0,-0.023,-0.14200000000000002,0.005,0.0,0.0,-0.0397,0.0,0.0,0.006900000000000001,0.0,0.0,0.0,22923.0,0.0,-0.0397
2740884528,10,0,-0.017,-0.17,0.002,0.0,0.0,-0.049,0.0,0.0,0.006,0.0,0.0,0.0,0.0,0.0,-0.049
2740889528,10,0,-0.015,-0.193,0.002,0.0,0.0,-0.060700000000000004,0.0,0.0,0.0048000000000000004,0.0,0.0,0.0,5000.0,0.0,-0.060700000000000004
2740892462,10,0,-0.019,-0.196,0.002,0.0,0.0,-0.06770000000000001,0.0,0.0,0.004200000000000001,0.0,0.0,0.0,7934.0,0.0,-0.06770000000000001
2740896513,10,0,-0.023,-0.20700000000000002,0.005,0.0,0.0,-0.077,0.0,0.0,0.0035,0.0,0.0,0.0,11985.0,0.0,-0.077
2740900528,10,0,-0.016,-0.203,0.006,0.0,0.0,-0.0863,0.0,0.0,0.0029000000000000002,0.0,0.0,0.0,16000.0,0.0,-0.0863
2740904528,10,0,-0.006,-0.193,0.004,0.0,0.0,-0.09570000000000001,0.0,0.0,0.0024000000000000002,0.0,0.0,0.0,20000.0,0.0,-0.09570000000000001
2740910471,10,0,0.007,-0.17200000000000001,0.007,0.0,0.0,-0.1097,0.0,0.0,0.0018000000000000002,0.0,0.0,0.0,25943.0,0.0,-0.1097
2740912477,10,0,0.004,-0.165,0.008,0.0,0.0,-0.1143,0.0,0.0,0.0016,0.0,0.0,0.0,0.0,0.0,-0.1143
2740916526,10,0,-0.001,-0.161,-0.004,0.0,0.0,-0.1237,0.0,0.0,0.0013000000000000002,0.0,0.0,0.0,4049.0,0.0,-0.1237
2740921529,10,0,0.013000000000000001,-0.165,-0.004,0.0,0.0,-0.1353,0.0,0.0,0.0007,0.0,0.0,0.0,9052.0,0.0,-0.1353
2740924482,10,0,0.021,-0.166,0.003,0.0,0.0,-0.1423,0.0,0.0,0.00030000000000000003,0.0,0.0,0.0,12005.0,0.0,-0.1423
2740929486,10,0,0.022,-0.183,-0.001,0.0,0.0,-0.154,0.0,0.0,-0.0004,0.0,0.0,0.0,17009.0,0.0,-0.154
2740933554,10,0,0.005,-0.191,-0.004,0.0,0.0,-0.1633,0.0,0.0,-0.0012000000000000001,0.0,0.0,0.0,21077.0,0.0,-0.1633
2740936540,10,0,0.009000000000000001,-0.203,0.001,0.0,0.0,-0.1703,0.0,0.0,-0.0018000000000000002,0.0,0.0,0.0,24063.0,0.0,-0.1703
2740942497,10,0,0.026000000000000002,-0.218,-0.001,0.0,0.0,-0.17500000000000002,0.0,0.0,-0.0032,0.0,0.0,0.0,0.0,0.0,-0.17500000000000002
2740944504,10,0,0.029,-0.223,0.0,0.0,0.0,-0.17500000000000002,0.0,0.0,-0.0037,0.0,0.0,0.0,2007.0,0.0,-0.17500000000000002
2740949501,10,0,0.017,-0.24,0.005,0.0,0.0,-0.17500000000000002,0.0,0.0,-0.005,0.0,0.0,0.0,7004.0,0.0,-0.17500000000000002
2740954510,10,0,0.015,-0.23700000000000002,-0.002,0.0,0.0,-0.17500000000000002,0.0,0.0,-0.0063,0.0,0.0,0.0,12013.0,0.0,-0.17500000000000002
2740956572,10,0,0.017,-0.23500000000000001,-0.002,0.0,0.0,-0.17500000000000002,0.0,0.0,-0.0068000000000000005,0.0,0.0,0.0,14075.0,0.0,-0.17500000000000002
2740961557,10,0,0.024,-0.233,0.009000000000000001,0.0,0.0,-0.17500000000000002,0.0,0.0,-0.008,0.0,0.0,0.0,19060.0,0.0,-0.17500000000000002
2740964518,10,0,0.026000000000000002,-0.223,0.005,0.0,0.0,-0.17500000000000002,0.0,0.0,-0.0086,0.0,0.0,0.0,22021.0,0.0,-0.17500000000000002
2740969517,10,0,0.011,-0.197,0.001,0.0,0.0,-0.17500000000000002,0.0,0.0,-0.009600000000000001,0.0,0.0,0.0,0.0,0.0,-0.17500000000000002
2740974532,10,0,0.001,-0.17500000000000002,0.006,0.0,0.0,-0.17500000000000002,0.0,0.0,-0.010400000000000001,0.0,0.0,0.0,5015.0,0.0,-0.17500000000000002
2740976572,10,0,0.004,-0.17200000000000001,0.003,0.0,0.0,-0.17500000000000002,0.0,0.0,-0.0108,0.0,0.0,0.0,7055.0,0.0,-0.17500000000000002
2740981575,10,0,0.007,-0.14,0.004,0.0,0.0,-0.17500000000000002,0.0,0.0,-0.0115,0.0,0.0,0.0,12058.0,0.0,-0.17500000000000002
2740984534,10,0,0.003,-0.135,0.001,0.0,0.0,-0.17500000000000002,0.0,0.0,-0.0119,0.0,0.0,0.0,15017.0,0.0,-0.17500000000000002
2740989529,10,0,-0.002,-0.128,-0.002,0.0,0.0,-0.17500000000000002,0.0,0.0,-0.0126,0.0,0.0,0.0,20012.0,0.0,-0.17500000000000002
2740994544,10,0,0.006,-0.123,-0.006,0.0,0.0,-0.17500000000000002,0.0,0.0,-0.013300000000000001,0.0,0.0,0.0,25027.0,0.0,-0.17500000000000002
2740996586,10,0,0.006,-0.12,-0.007,0.0,0.0,-0.17500000000000002,0.0,0.0,-0.013600000000000001,0.0,0.0,0.0,0.0,0.0,-0.17500000000000002
2741001586,10,0,-0.007,-0.11,-0.009000000000000001,0.0,0.0,-0.17500000000000002,0.0,0.0,-0.0142,0.0,0.0,0.0,5000.0,0.0,-0.17500000000000002
2741004652,10,0,-0.013000000000000001,-0.111,-0.009000000000000001,0.0,0.0,-0.17500000000000002,0.0,0.0,-0.0145,0.0,0.0,0.0,8066.0,0.0,-0.17500000000000002
2741009548,10,0,-0.014,-0.08700000000000001,-0.001,0.0,0.0,-0.17500000000000002,0.0,0.0,-0.0149,0.0,0.0,0.0,12962.0,0.0,-0.17500000000000002
2741014558,10,0,-0.022,-0.076,0.001,0.0,0.0,-0.17500000000000002,0.0,0.0,-0.0152,0.0,0.0,0.0,17972.0,0.0,-0.17500000000000002
2741016597,10,0,-0.025,-0.064,0.002,0.0,0.0,-0.17500000000000002,0.0,0.0,-0.0152,0.0,0.0,0.0,20011.0,0.0,-0.17500000000000002
2741021601,10,0,-0.02,-0.046,0.014,0.0,0.0,-0.17500000000000002,0.0,0.0,-0.0152,0.0,0.0,0.0,25015.0,0.0,-0.17500000000000002
2741024559,10,0,-0.02,-0.034,0.011,0.0,0.0,-0.17500000000000002,0.0,0.0,-0.0152,0.0,0.0,0.0,0.0,0.0,-0.17500000000000002
2741029560,10,0,-0.025,-0.016,0.0,0.0,0.0,-0.17500000000000002,0.0,0.0,-0.0152,0.0,0.0,0.0,5001.0,0.0,-0.17500000000000002
2741034568,10,0,-0.012,-0.022,0.006,0.0,0.0,-0.17500000000000002,0.0,0.0,-0.0152,0.0,0.0,0.0,10009.0,0.0,-0.17500000000000002
2741036722,10,0,-0.017,-0.024,0.006,0.0,0.0,-0.17500000000000002,0.0,0.0,-0.0152,0.0,0.0,0.0,12163.0,0.0,-0.17500000000000002
2741041616,10,0,-0.017,-0.032,-0.007,0.0,0.0,-0.168,0.0,0.0,-0.0154,0.0,0.0,0.0,17057.0,0.0,-0.168
2741044572,10,0,-0.022,-0.032,-0.004,0.0,0.0,-0.161,0.0,0.0,-0.0155,0.0,0.0,0.0,20013.0,0.0,-0.161
2741049574,10,0,-0.023,-0.035,0.0,0.0,0.0,-0.14930000000000002,0.0,0.0,-0.015700000000000002,0.0,0.0,0.0,25015.0,0.0,-0.14930000000000002
2741054581,10,0,-0.015,-0.029,-0.001,0.0,0.0,-0.13770000000000002,0.0,0.0,-0.0159,0.0,0.0,0.0,0.0,0.0,-0.13770000000000002
2741056627,10,0,-0.013000000000000001,-0.028,-0.002,0.0,0.0,-0.133,0.0,0.0,-0.0159,0.0,0.0,0.0,2046.0,0.0,-0.133
2741061628,10,0,-0.012,-0.013000000000000001,-0.003,0.0,0.0,-0.1213,0.0,0.0,-0.0158,0.0,0.0,0.0,7047.0,0.0,-0.1213
2741064586,10,0,-0.006,-0.005,-0.004,0.0,0.0,-0.1143,0.0,0.0,-0.0158,0.0,0.0,0.0,10005.0,0.0,-0.1143
2741068723,10,0,-0.002,0.002,-0.006,0.0,0.0,-0.10500000000000001,0.0,0.0,-0.015700000000000002,0.0,0.0,0.0,14142.0,0.0,-0.10500000000000001
2741074594,10,0,0.011,0.01,0.0,0.0,0.0,-0.091,0.0,0.0,-0.015600000000000001,0.0,0.0,0.0,20013.0,0.0,-0.091
2741076642,10,0,0.007,0.015,0.003,0.0,0.0,-0.0863,0.0,0.0,-0.015600000000000001,0.0,0.0,0.0,22061.0,0.0,-0.0863
2741081644,10,0,0.006,0.014,0.0,0.0,0.0,-0.0747,0.0,0.0,-0.015600000000000001,0.0,0.0,0.0,0.0,0.0,-0.0747
2741084597,10,0,0.01,0.012,0.0,0.0,0.0,-0.06770000000000001,0.0,0.0,-0.015600000000000001,0.0,0.0,0.0,2953.0,0.0,-0.06770000000000001
2741089603,10,0,0.014,0.012,0.006,0.0,0.0,-0.056,0.0,0.0,-0.0155,0.0,0.0,0.0,7959.0,0.0,-0.056
2741094609,10,0,0.003,0.009000000000000001,-0.002,0.0,0.0,-0.0443,0.0,0.0,-0.0155,0.0,0.0,0.0,12965.0,0.0,-0.0443
2741096656,10,0,0.004,0.013000000000000001,-0.003,0.0,0.0,-0.0397,0.0,0.0,-0.0155,0.0,0.0,0.0,15012.0,0.0,-0.0397
2741101654,10,0,0.021,0.021,-0.002,0.0,0.0,-0.028,0.0,0.0,-0.0154,0.0,0.0,0.0,20010.0,0.0,-0.028
2741104613,10,0,0.025,0.019,-0.004,0.0,0.0,-0.021,0.0,0.0,-0.0154,0.0,0.0,0.0,22969.0,0.0,-0.021
2741109613,10,0,0.02,0.016,-0.006,0.0,0.0,-0.009300000000000001,0.0,0.0,-0.015300000000000001,0.0,0.0,0.0,0.0,0.0,-0.009300000000000001
2741114622,10,0,0.023,0.024,-0.009000000000000001,0.0,0.0,0.0023,0.0,0.0,-0.0151,0.0,0.0,0.0,5009.0,0.0,0.0023
2741116668,10,0,0.022,0.029,-0.006,0.0,0.0,0.007,0.0,0.0,-0.015000000000000001,0.0,0.0,0.0,7055.0,0.0,0.007
2741121668,10,0,0.021,0.048,-0.004,0.0,0.0,0.0187,0.0,0.0,-0.014700000000000001,0.0,0.0,0.0,12055.0,0.0,0.0187
2741124627,10,0,0.017,0.079,-0.004,0.0,0.0,0.0257,0.0,0.0,-0.0143,0.0,0.0,0.0,15014.0,0.0,0.0257
2741129631,10,0,0.015,0.115,0.003,0.0,0.0,0.0373,0.0,0.0,-0.013600000000000001,0.0,0.0,0.0,20018.0,0.0,0.0373
2741132745,10,0,0.015,0.14300000000000002,0.002,0.0,0.0,0.0443,0.0,0.0,-0.0132,0.0,0.0,0.0,23132.0,0.0,0.0443
2741137635,10,0,0.009000000000000001,0.183,0.002,0.0,0.0,0.056,0.0,0.0,-0.012,0.0,0.0,0.0,0.0,0.0,0.056
2741141678,10,0,0.005,0.20500000000000002,-0.002,0.0,0.0,0.0653,0.0,0.0,-0.011000000000000001,0.0,0.0,0.0,4043.0,0.0,0.0653
2741144641,10,0,0.001,0.212,0.002,0.0,0.0,0.0723,0.0,0.0,-0.010400000000000001,0.0,0.0,0.0,7006.0,0.0,0.0723
2741149644,10,0,0.003,0.227,-0.001,0.0,0.0,0.084,0.0,0.0,-0.0094,0.0,0.0,0.0,12009.0,0.0,0.084
2741154647,10,0,0.001,0.20400000000000001,-0.004,0.0,0.0,0.09570000000000001,0.0,0.0,-0.0085,0.0,0.0,0.0,17012.0,0.0,0.09570000000000001
2741156731,10,0,0.003,0.202,-0.006,0.0,0.0,0.1003,0.0,0.0,-0.0083,0.0,0.0,0.0,19096.0,0.0,0.1003
2741161731,10,0,-0.005,0.179,-0.01,0.0,0.0,0.112,0.0,0.0,-0.0077,0.0,0.0,0.0,24096.0,0.0,0.112
2741164747,10,0,0.007,0.17300000000000001,-0.013000000000000001,0.0,0.0,0.11900000000000001,0.0,0.0,-0.0074,0.0,0.0,0.0,0.0,0.0,0.11900000000000001
2741169659,10,0,-0.005,0.17300000000000001,-0.017,0.0,0.0,0.1307,0.0,0.0,-0.0067,0.0,0.0,0.0,4912.0,0.0,0.1307
2741174664,10,0,-0.007,0.177,-0.003,0.0,0.0,0.1423,0.0,0.0,-0.006,0.0,0.0,0.0,9917.0,0.0,0.1423
2741176745,10,0,-0.007,0.186,-0.002,0.0,0.0,0.14700000000000002,0.0,0.0,-0.0056,0.0,0.0,0.0,11998.0,0.0,0.14700000000000002
2741181751,10,0,-0.012,0.187,0.003,0.0,0.0,0.1587,0.0,0.0,-0.0045000000000000005,0.0,0.0,0.0,17004.0,0.0,0.1587
2741184672,10,0,-0.007,0.20800000000000002,0.012,0.0,0.0,0.16570000000000001,0.0,0.0,-0.0038,0.0,0.0,0.0,19925.0,0.0,0.16570000000000001
2741189672,10,0,-0.014,0.215,0.014,0.0,0.0,0.17500000000000002,0.0,0.0,-0.0025,0.0,0.0,0.0,24925.0,0.0,0.17500000000000002
2741194678,10,0,-0.015,0.226,0.013000000000000001,0.0,0.0,0.17500000000000002,0.0,0.0,-0.0013000000000000002,0.0,0.0,0.0,0.0,0.0,0.17500000000000002
2741196748,10,0,-0.016,0.227,0.015,0.0,0.0,0.17500000000000002,0.0,0.0,-0.0008,0.0,0.0,0.0,2070.0,0.0,0.17500000000000002
2741201767,10,0,-0.011,0.221,0.007,0.0,0.0,0.17500000000000002,0.0,0.0,0.0004,0.0,0.0,0.0,7089.0,0.0,0.17500000000000002
2741204675,10,0,-0.018000000000000002,0.216,0.001,0.0,0.0,0.17500000000000002,0.0,0.0,0.0011,0.0,0.0,0.0,9997.0,0.0,0.17500000000000002
2741209674,10,0,-0.023,0.2,-0.008,0.0,0.0,0.17500000000000002,0.0,0.0,0.0023,0.0,0.0,0.0,14996.0,0.0,0.17500000000000002
2741214686,10,0,-0.022,0.198,-0.012,0.0,0.0,0.17500000000000002,0.0,0.0,0.0034000000000000002,0.0,0.0,0.0,20008.0,0.0,0.17500000000000002
2741216765,10,0,-0.02,0.183,-0.017,0.0,0.0,0.17500000000000002,0.0,0.0,0.0039000000000000003,0.0,0.0,0.0,22087.0,0.0,0.17500000000000002
2741221570,10,0,-0.017,0.188,-0.012,0.0,0.0,0.17500000000000002,0.0,0.0,0.0047,0.0,0.0,0.0,0.0,0.0,0.17500000000000002
2741225731,10,0,-0.009000000000000001,0.17300000000000001,-0.012,0.0,0.0,0.17500000000000002,0.0,0.0,0.0057,0.0,0.0,0.0,4161.0,0.0,0.17500000000000002
2741228679,10,0,-0.006,0.166,-0.015,0.0,0.0,0.17500000000000002,0.0,0.0,0.0061,0.0,0.0,0.0,7109.0,0.0,0.17500000000000002
2741232738,10,0,-0.003,0.161,-0.019,0.0,0.0,0.17500000000000002,0.0,0.0,0.007,0.0,0.0,0.0,11168.0,0.0,0.17500000000000002
2741236786,10,0,-0.003,0.14,-0.002,0.0,0.0,0.17500000000000002,0.0,0.0,0.0076,0.0,0.0,0.0,15216.0,0.0,0.17500000000000002
2741241793,10,0,0.001,0.136,0.0,0.0,0.0,0.17500000000000002,0.0,0.0,0.0083,0.0,0.0,0.0,20223.0,0.0,0.17500000000000002
2741244571,10,0,0.0,0.125,-0.002,0.0,0.0,0.17500000000000002,0.0,0.0,0.0085,0.0,0.0,0.0,23001.0,0.0,0.17500000000000002
2741248572,10,0,0.001,0.114,0.01,0.0,0.0,0.17500000000000002,0.0,0.0,0.0089,0.0,0.0,0.0,0.0,0.0,0.17500000000000002
2741252763,10,0,0.005,0.097,0.016,0.0,0.0,0.17500000000000002,0.0,0.0,0.0094,0.0,0.0,0.0,4191.0,0.0,0.17500000000000002
2741257569,10,0,-0.001,0.092,0.014,0.0,0.0,0.17500000000000002,0.0,0.0,0.0097,0.0,0.0,0.0,8997.0,0.0,0.17500000000000002
2741261801,10,0,0.008,0.08600000000000001,0.017,0.0,0.0,0.17500000000000002,0.0,0.0,0.010100000000000001,0.0,0.0,0.0,13229.0,0.0,0.17500000000000002
2741264570,10,0,0.009000000000000001,0.082,0.014,0.0,0.0,0.17500000000000002,0.0,0.0,0.0103,0.0,0.0,0.0,15998.0,0.0,0.17500000000000002
2741268571,10,0,0.016,0.08,0.0,0.0,0.0,0.17500000000000002,0.0,0.0,0.0106,0.0,0.0,0.0,19999.0,0.0,0.17500000000000002
2741272571,10,0,0.019,0.064,-0.008,0.0,0.0,0.17500000000000002,0.0,0.0,0.0108,0.0,0.0,0.0,23999.0,0.0,0.17500000000000002
2741276814,10,0,0.022,0.067,-0.001,0.0,0.0,0.17500000000000002,0.0,0.0,0.0111,0.0,0.0,0.0,0.0,0.0,0.17500000000000002
2741281576,10,0,0.024,0.049,-0.017,0.0,0.0,0.17500000000000002,0.0,0.0,0.011300000000000001,0.0,0.0,0.0,4762.0,0.0,0.17500000000000002
2741285767,10,0,0.019,0.05,-0.012,0.0,0.0,0.17500000000000002,0.0,0.0,0.0115,0.0,0.0,0.0,8953.0,0.0,0.17500000000000002
2741289771,10,0,0.02,0.042,-0.006,0.0,0.0,0.17270000000000002,0.0,0.0,0.0117,0.0,0.0,0.0,12957.0,0.0,0.17270000000000002
2741292597,10,0,0.02,0.038,-0.008,0.0,0.0,0.16570000000000001,0.0,0.0,0.0117,0.0,0.0,0.0,15783.0,0.0,0.16570000000000001
2741296815,10,0,0.018000000000000002,0.026000000000000002,-0.004,0.0,0.0,0.1563,0.0,0.0,0.0119,0.0,0.0,0.0,20001.0,0.0,0.1563
2741301573,10,0,0.017,0.013000000000000001,0.006,0.0,0.0,0.1447,0.0,0.0,0.012,0.0,0.0,0.0,24759.0,0.0,0.1447
2741305785,10,0,0.017,0.0,0.002,0.0,0.0,0.1353,0.0,0.0,0.012,0.0,0.0,0.0,0.0,0.0,0.1353
2741308570,10,0,0.018000000000000002,-0.007,0.001,0.0,0.0,0.1283,0.0,0.0,0.012,0.0,0.0,0.0,2785.0,0.0,0.1283
2741312594,10,0,0.016,-0.01,0.013000000000000001,0.0,0.0,0.11900000000000001,0.0,0.0,0.012,0.0,0.0,0.0,6809.0,0.0,0.11900000000000001
2741316815,10,0,0.011,-0.013000000000000001,0.016,0.0,0.0,0.1097,0.0,0.0,0.012100000000000001,0.0,0.0,0.0,11030.0,0.0,0.1097
2741321575,10,0,0.01,-0.018000000000000002,0.006,0.0,0.0,0.098,0.0,0.0,0.012100000000000001,0.0,0.0,0.0,15790.0,0.0,0.098
2741324571,10,0,0.011,-0.02,0.004,0.0,0.0,0.091,0.0,0.0,0.0122,0.0,0.0,0.0,18786.0,0.0,0.091
2741328802,10,0,0.001,-0.025,0.009000000000000001,0.0,0.0,0.08170000000000001,0.0,0.0,0.0122,0.0,0.0,0.0,23017.0,0.0,0.08170000000000001
2741332830,10,0,-0.007,-0.021,0.001,0.0,0.0,0.0723,0.0,0.0,0.0122,0.0,0.0,0.0,0.0,0.0,0.0723
2741337570,10,0,-0.002,-0.022,0.001,0.0,0.0,0.060700000000000004,0.0,0.0,0.012100000000000001,0.0,0.0,0.0,4740.0,0.0,0.060700000000000004
2741341778,10,0,-0.007,-0.026000000000000002,-0.005,0.0,0.0,0.051300000000000005,0.0,0.0,0.012100000000000001,0.0,0.0,0.0,8948.0,0.0,0.051300000000000005
2741346575,10,0,-0.013000000000000001,-0.031,-0.011,0.0,0.0,0.0397,0.0,0.0,0.012,0.0,0.0,0.0,13745.0,0.0,0.0397
2741348576,10,0,-0.019,-0.032,-0.011,0.0,0.0,0.035,0.0,0.0,0.0119,0.0,0.0,0.0,15746.0,0.0,0.035
2741352842,10,0,-0.014,-0.031,-0.007,0.0,0.0,0.0257,0.0,0.0,0.0118,0.0,0.0,0.0,20012.0,0.0,0.0257
2741357810,10,0,-0.018000000000000002,-0.029,-0.003,0.0,0.0,0.014,0.0,0.0,0.011600000000000001,0.0,0.0,0.0,24980.0,0.0,0.014
2741362574,10,0,-0.02,-0.03,0.001,0.0,0.0,0.0023,0.0,0.0,0.0115,0.0,0.0,0.0,0.0,0.0,0.0023
2741364575,10,0,-0.019,-0.037,0.003,0.0,0.0,-0.0023,0.0,0.0,0.0114,0.0,0.0,0.0,2001.0,0.0,-0.0023
2741368813,10,0,-0.019,-0.049,0.004,0.0,0.0,-0.0117,0.0,0.0,0.011000000000000001,0.0,0.0,0.0,6239.0,0.0,-0.0117
2741372838,10,0,-0.012,-0.064,0.003,0.0,0.0,-0.021,0.0,0.0,0.0106,0.0,0.0,0.0,10264.0,0.0,-0.021
2741377585,10,0,-0.016,-0.1,0.009000000000000001,0.0,0.0,-0.0327,0.0,0.0,0.01,0.0,0.0,0.0,15011.0,0.0,-0.0327
2741382575,10,0,-0.023,-0.131,-0.002,0.0,0.0,-0.0443,0.0,0.0,0.0092,0.0,0.0,0.0,20001.0,0.0,-0.0443
2741384576,10,0,-0.025,-0.148,-0.005,0.0,0.0,-0.049,0.0,0.0,0.0088,0.0,0.0,0.0,22002.0,0.0,-0.049
2741388939,10,0,-0.024,-0.177,0.0,0.0,0.0,-0.058300000000000005,0.0,0.0,0.0077,0.0,0.0,0.0,0.0,0.0,-0.058300000000000005
2741393575,10,0,-0.025,-0.189,0.0,0.0,0.0,-0.07,0.0,0.0,0.006900000000000001,0.0,0.0,0.0,4636.0,0.0,-0.07
2741398576,10,0,-0.025,-0.20800000000000002,-0.004,0.0,0.0,-0.08170000000000001,0.0,0.0,0.006,0.0,0.0,0.0,9637.0,0.0,-0.08170000000000001
2741400813,10,0,-0.027,-0.20700000000000002,0.002,0.0,0.0,-0.0863,0.0,0.0,0.0056,0.0,0.0,0.0,11874.0,0.0,-0.0863
2741405575,10,0,-0.012,-0.193,0.005,0.0,0.0,-0.098,0.0,0.0,0.0051,0.0,0.0,0.0,16636.0,0.0,-0.098
2741409814,10,0,-0.008,-0.183,0.011,0.0,0.0,-0.1073,0.0,0.0,0.0045000000000000005,0.0,0.0,0.0,20875.0,0.0,-0.1073
2741414575,10,0,-0.013000000000000001,-0.17,0.01,0.0,0.0,-0.11900000000000001,0.0,0.0,0.0041,0.0,0.0,0.0,25636.0,0.0,-0.11900000000000001
2741416832,10,0,-0.011,-0.168,0.005,0.0,0.0,-0.1237,0.0,0.0,0.0039000000000000003,0.0,0.0,0.0,0.0,0.0,-0.1237
2741421834,10,0,0.0,-0.179,-0.002,0.0,0.0,-0.1353,0.0,0.0,0.0033,0.0,0.0,0.0,5002.0,0.0,-0.1353
2741424575,10,0,0.006,-0.177,-0.001,0.0,0.0,-0.1423,0.0,0.0,0.003,0.0,0.0,0.0,7743.0,0.0,-0.1423
2741429575,10,0,0.018000000000000002,-0.185,0.003,0.0,0.0,-0.154,0.0,0.0,0.0022,0.0,0.0,0.0,12743.0,0.0,-0.154
2741434577,10,0,0.002,-0.194,0.001,0.0,0.0,-0.16570000000000001,0.0,0.0,0.0013000000000000002,0.0,0.0,0.0,17745.0,0.0,-0.16570000000000001
2741436844,10,0,0.008,-0.20500000000000002,0.002,0.0,0.0,-0.1703,0.0,0.0,0.0007,0.0,0.0,0.0,20012.0,0.0,-0.1703
2741441851,10,0,0.021,-0.22,-0.005,0.0,0.0,-0.17500000000000002,0.0,0.0,-0.0005,0.0,0.0,0.0,25019.0,0.0,-0.17500000000000002
2741444569,10,0,0.022,-0.221,-0.005,0.0,0.0,-0.17500000000000002,0.0,0.0,-0.001,0.0,0.0,0.0,0.0,0.0,-0.17500000000000002
2741448819,10,0,0.014,-0.23500000000000001,0.006,0.0,0.0,-0.17500000000000002,0.0,0.0,-0.0022,0.0,0.0,0.0,4250.0,0.0,-0.17500000000000002
2741453812,10,0,0.014,-0.231,-0.005,0.0,0.0,-0.17500000000000002,0.0,0.0,-0.0035,0.0,0.0,0.0,9243.0,0.0,-0.17500000000000002
2741456569,10,0,0.019,-0.228,-0.007,0.0,0.0,-0.17500000000000002,0.0,0.0,-0.004,0.0,0.0,0.0,12000.0,0.0,-0.17500000000000002
2741460815,10,0,0.018000000000000002,-0.227,0.007,0.0,0.0,-0.17500000000000002,0.0,0.0,-0.0053,0.0,0.0,0.0,16246.0,0.0,-0.17500000000000002
2741464818,10,0,0.028,-0.216,0.006,0.0,0.0,-0.17500000000000002,0.0,0.0,-0.006200000000000001,0.0,0.0,0.0,20249.0,0.0,-0.17500000000000002
2741469524,10,0,0.022,-0.197,0.0,0.0,0.0,-0.17500000000000002,0.0,0.0,-0.0071,0.0,0.0,0.0,24955.0,0.0,-0.17500000000000002
2741473570,10,0,0.012,-0.177,0.002,0.0,0.0,-0.17500000000000002,0.0,0.0,-0.0078000000000000005,0.0,0.0,0.0,0.0,0.0,-0.17500000000000002
2741477829,10,0,0.015,-0.167,0.008,0.0,0.0,-0.17500000000000002,0.0,0.0,-0.0086,0.0,0.0,0.0,4259.0,0.0,-0.17500000000000002
2741480570,10,0,0.014,-0.153,0.006,0.0,0.0,-0.17500000000000002,0.0,0.0,-0.0089,0.0,0.0,0.0,7000.0,0.0,-0.17500000000000002
2741484570,10,0,0.012,-0.135,0.005,0.0,0.0,-0.17500000000000002,0.0,0.0,-0.0094,0.0,0.0,0.0,11000.0,0.0,-0.17500000000000002
2741488571,10,0,0.007,-0.136,0.002,0.0,0.0,-0.17500000000000002,0.0,0.0,-0.010100000000000001,0.0,0.0,0.0,15001.0,0.0,-0.17500000000000002
2741492838,10,0,0.008,-0.117,-0.006,0.0,0.0,-0.17500000000000002,0.0,0.0,-0.010700000000000001,0.0,0.0,0.0,19268.0,0.0,-0.17500000000000002
2741496888,10,0,0.013000000000000001,-0.116,-0.006,0.0,0.0,-0.17500000000000002,0.0,0.0,-0.0112,0.0,0.0,0.0,23318.0,0.0,-0.17500000000000002
2741501570,10,0,0.002,-0.107,-0.006,0.0,0.0,-0.17500000000000002,0.0,0.0,-0.0117,0.0,0.0,0.0,0.0,0.0,-0.17500000000000002
2741505570,10,0,0.002,-0.10200000000000001,-0.011,0.0,0.0,-0.17500000000000002,0.0,0.0,-0.012100000000000001,0.0,0.0,0.0,4000.0,0.0,-0.17500000000000002
2741510571,10,0,-0.006,-0.085,-0.008,0.0,0.0,-0.17500000000000002,0.0,0.0,-0.012400000000000001,0.0,0.0,0.0,9001.0,0.0,-0.17500000000000002
2741512594,10,0,-0.009000000000000001,-0.079,-0.007,0.0,0.0,-0.17500000000000002,0.0,0.0,-0.0125,0.0,0.0,0.0,11024.0,0.0,-0.17500000000000002
2741516986,10,0,-0.014,-0.061,0.0,0.0,0.0,-0.17500000000000002,0.0,0.0,-0.0126,0.0,0.0,0.0,15416.0,0.0,-0.17500000000000002
2741521903,10,0,-0.017,-0.048,0.005,0.0,0.0,-0.17500000000000002,0.0,0.0,-0.0126,0.0,0.0,0.0,20333.0,0.0,-0.17500000000000002
2741524570,10,0,-0.018000000000000002,-0.044,0.01,0.0,0.0,-0.17500000000000002,0.0,0.0,-0.0126,0.0,0.0,0.0,23000.0,0.0,-0.17500000000000002
2741528570,10,0,-0.018000000000000002,-0.026000000000000002,0.011,0.0,0.0,-0.17500000000000002,0.0,0.0,-0.0126,0.0,0.0,0.0,0.0,0.0,-0.17500000000000002
2741533572,10,0,-0.011,-0.033,-0.001,0.0,0.0,-0.17500000000000002,0.0,0.0,-0.0126,0.0,0.0,0.0,5002.0,0.0,-0.17500000000000002
2741537874,10,0,-0.012,-0.035,0.006,0.0,0.0,-0.17500000000000002,0.0,0.0,-0.0128,0.0,0.0,0.0,9304.0,0.0,-0.17500000000000002
2741540569,10,0,-0.016,-0.037,0.001,0.0,0.0,-0.1703,0.0,0.0,-0.0128,0.0,0.0,0.0,11999.0,0.0,-0.1703
2741545570,10,0,-0.021,-0.042,-0.006,0.0,0.0,-0.1587,0.0,0.0,-0.0131,0.0,0.0,0.0,17000.0,0.0,-0.1587
2741548572,10,0,-0.02,-0.043000000000000003,-0.003,0.0,0.0,-0.1517,0.0,0.0,-0.0132,0.0,0.0,0.0,20002.0,0.0,-0.1517
2741552882,10,0,-0.017,-0.038,0.003,0.0,0.0,-0.1423,0.0,0.0,-0.0134,0.0,0.0,0.0,24312.0,0.0,-0.1423
2741556927,10,0,-0.018000000000000002,-0.031,0.002,0.0,0.0,-0.133,0.0,0.0,-0.0135,0.0,0.0,0.0,0.0,0.0,-0.133
2741561932,10,0,-0.016,-0.021,0.001,0.0,0.0,-0.1213,0.0,0.0,-0.0135,0.0,0.0,0.0,5005.0,0.0,-0.1213
2741564570,10,0,-0.01,-0.015,0.005,0.0,0.0,-0.1143,0.0,0.0,-0.0135,0.0,0.0,0.0,7643.0,0.0,-0.1143
2741569567,10,0,0.0,-0.005,-0.003,0.0,0.0,-0.1027,0.0,0.0,-0.0134,0.0,0.0,0.0,12640.0,0.0,-0.1027
2741573571,10,0,-0.002,0.01,-0.004,0.0,0.0,-0.09330000000000001,0.0,0.0,-0.0134,0.0,0.0,0.0,16644.0,0.0,-0.09330000000000001
2741577894,10,0,-0.006,0.007,-0.003,0.0,0.0,-0.084,0.0,0.0,-0.0134,0.0,0.0,0.0,20967.0,0.0,-0.084
2741580571,10,0,-0.005,0.007,-0.001,0.0,0.0,-0.077,0.0,0.0,-0.0134,0.0,0.0,0.0,23644.0,0.0,-0.077
2741585568,10,0,0.001,0.008,0.0,0.0,0.0,-0.0653,0.0,0.0,-0.0135,0.0,0.0,0.0,0.0,0.0,-0.0653
2741589904,10,0,0.009000000000000001,0.008,0.0,0.0,0.0,-0.056,0.0,0.0,-0.0135,0.0,0.0,0.0,4336.0,0.0,-0.056
2741594569,10,0,0.0,0.009000000000000001,0.003,0.0,0.0,-0.0443,0.0,0.0,-0.0135,0.0,0.0,0.0,9001.0,0.0,-0.0443
2741596571,10,0,-0.001,0.012,0.002,0.0,0.0,-0.0397,0.0,0.0,-0.0134,0.0,0.0,0.0,11003.0,0.0,-0.0397
2741600571,10,0,0.009000000000000001,0.015,0.004,0.0,0.0,-0.0303,0.0,0.0,-0.0134,0.0,0.0,0.0,15003.0,0.0,-0.0303
2741604916,10,0,0.012,0.017,-0.001,0.0,0.0,-0.021,0.0,0.0,-0.0134,0.0,0.0,0.0,19348.0,0.0,-0.021
2741609570,10,0,0.014,0.022,-0.008,0.0,0.0,-0.009300000000000001,0.0,0.0,-0.013300000000000001,0.0,0.0,0.0,24002.0,0.0,-0.009300000000000001
2741613923,10,0,0.021,0.026000000000000002,-0.004,0.0,0.0,0.0,0.0,0.0,-0.0131,0.0,0.0,0.0,0.0,0.0,0.0
2741617925,10,0,0.015,0.03,-0.001,0.0,0.0,0.009300000000000001,0.0,0.0,-0.0129,0.0,0.0,0.0,4002.0,0.0,0.009300000000000001
2741620571,10,0,0.012,0.039,-0.005,0.0,0.0,0.016300000000000002,0.0,0.0,-0.012700000000000001,0.0,0.0,0.0,6648.0,0.0,0.016300000000000002
2741624929,10,0,0.015,0.08600000000000001,-0.003,0.0,0.0,0.0257,0.0,0.0,-0.012100000000000001,0.0,0.0,0.0,11006.0,0.0,0.0257
2741629567,10,0,0.014,0.114,0.001,0.0,0.0,0.0373,0.0,0.0,-0.0114,0.0,0.0,0.0,15644.0,0.0,0.0373
2741633571,10,0,0.013000000000000001,0.145,0.004,0.0,0.0,0.046700000000000005,0.0,0.0,-0.0109,0.0,0.0,0.0,19648.0,0.0,0.046700000000000005
2741637938,10,0,0.015,0.189,0.0,0.0,0.0,0.056,0.0,0.0,-0.0097,0.0,0.0,0.0,24015.0,0.0,0.056
2741641985,10,0,0.008,0.20600000000000002,-0.002,0.0,0.0,0.0653,0.0,0.0,-0.0088,0.0,0.0,0.0,0.0,0.0,0.0653
2741644571,10,0,0.006,0.211,-0.002,0.0,0.0,0.0723,0.0,0.0,-0.0085,0.0,0.0,0.0,2586.0,0.0,0.0723
2741649568,10,0,0.007,0.231,-0.003,0.0,0.0,0.084,0.0,0.0,-0.0073,0.0,0.0,0.0,7583.0,0.0,0.084
2741654572,10,0,0.005,0.209,0.0,0.0,0.0,0.09570000000000001,0.0,0.0,-0.0064,0.0,0.0,0.0,12587.0,0.0,0.09570000000000001
2741656997,10,0,0.012,0.202,-0.011,0.0,0.0,0.1003,0.0,0.0,-0.006,0.0,0.0,0.0,15012.0,0.0,0.1003
2741662003,10,0,0.002,0.178,-0.011,0.0,0.0,0.112,0.0,0.0,-0.0054,0.0,0.0,0.0,20018.0,0.0,0.112
2741664569,10,0,0.005,0.179,-0.009000000000000001,0.0,0.0,0.11900000000000001,0.0,0.0,-0.005200000000000001,0.0,0.0,0.0,22584.0,0.0,0.11900000000000001
2741669571,10,0,0.007,0.162,-0.012,0.0,0.0,0.1307,0.0,0.0,-0.0046,0.0,0.0,0.0,0.0,0.0,0.1307
2741674569,10,0,0.001,0.17500000000000002,-0.009000000000000001,0.0,0.0,0.1423,0.0,0.0,-0.004,0.0,0.0,0.0,4998.0,0.0,0.1423
2741676572,10,0,0.001,0.18,-0.006,0.0,0.0,0.14700000000000002,0.0,0.0,-0.0038,0.0,0.0,0.0,7001.0,0.0,0.14700000000000002
2741680967,10,0,-0.008,0.176,0.001,0.0,0.0,0.1563,0.0,0.0,-0.0027,0.0,0.0,0.0,11396.0,0.0,0.1563
2741684970,10,0,-0.008,0.198,0.007,0.0,0.0,0.16570000000000001,0.0,0.0,-0.0018000000000000002,0.0,0.0,0.0,15399.0,0.0,0.16570000000000001
2741689524,10,0,-0.007,0.196,0.019,0.0,0.0,0.17500000000000002,0.0,0.0,-0.0008,0.0,0.0,0.0,19953.0,0.0,0.17500000000000002
2741693571,10,0,-0.004,0.209,0.008,0.0,0.0,0.17500000000000002,0.0,0.0,0.0001,0.0,0.0,0.0,24000.0,0.0,0.17500000000000002
2741697982,10,0,-0.016,0.209,0.007,0.0,0.0,0.17500000000000002,0.0,0.0,0.0013000000000000002,0.0,0.0,0.0,0.0,0.0,0.17500000000000002
2741700534,10,0,-0.012,0.209,0.008,0.0,0.0,0.17500000000000002,0.0,0.0,0.0018000000000000002,0.0,0.0,0.0,2552.0,0.0,0.17500000000000002
2741704984,10,0,-0.013000000000000001,0.20700000000000002,-0.001,0.0,0.0,0.17500000000000002,0.0,0.0,0.003,0.0,0.0,0.0,7002.0,0.0,0.17500000000000002
2741709095,10,0,-0.017,0.196,-0.007,0.0,0.0,0.17500000000000002,0.0,0.0,0.004,0.0,0.0,0.0,11113.0,0.0,0.17500000000000002
2741713572,10,0,-0.022,0.2,-0.008,0.0,0.0,0.17500000000000002,0.0,0.0,0.0049,0.0,0.0,0.0,15590.0,0.0,0.17500000000000002
2741717994,10,0,-0.016,0.181,-0.014,0.0,0.0,0.17500000000000002,0.0,0.0,0.006,0.0,0.0,0.0,20012.0,0.0,0.17500000000000002
2741722045,10,0,-0.014,0.189,-0.006,0.0,0.0,0.17500000000000002,0.0,0.0,0.0068000000000000005,0.0,0.0,0.0,24063.0,0.0,0.17500000000000002
2741724533,10,0,-0.008,0.176,-0.004,0.0,0.0,0.17500000000000002,0.0,0.0,0.007200000000000001,0.0,0.0,0.0,0.0,0.0,0.17500000000000002
2741729035,10,0,-0.004,0.156,-0.011,0.0,0.0,0.17500000000000002,0.0,0.0,0.0081,0.0,0.0,0.0,4502.0,0.0,0.17500000000000002
2741733572,10,0,-0.001,0.14200000000000002,-0.011,0.0,0.0,0.17500000000000002,0.0,0.0,0.0088,0.0,0.0,0.0,9039.0,0.0,0.17500000000000002
2741738015,10,0,-0.009000000000000001,0.12,0.002,0.0,0.0,0.17500000000000002,0.0,0.0,0.0094,0.0,0.0,0.0,13482.0,0.0,0.17500000000000002
2741740571,10,0,-0.007,0.122,0.004,0.0,0.0,0.17500000000000002,0.0,0.0,0.0095,0.0,0.0,0.0,16038.0,0.0,0.17500000000000002
2741745570,10,0,-0.003,0.10300000000000001,0.003,0.0,0.0,0.17500000000000002,0.0,0.0,0.010100000000000001,0.0,0.0,0.0,21037.0,0.0,0.17500000000000002
2741750018,10,0,-0.002,0.092,0.014,0.0,0.0,0.17500000000000002,0.0,0.0,0.0105,0.0,0.0,0.0,25485.0,0.0,0.17500000000000002
2741754534,10,0,-0.006,0.079,0.017,0.0,0.0,0.17500000000000002,0.0,0.0,0.0108,0.0,0.0,0.0,0.0,0.0,0.17500000000000002
2741756571,10,0,-0.007,0.078,0.017,0.0,0.0,0.17500000000000002,0.0,0.0,0.011000000000000001,0.0,0.0,0.0,2037.0,0.0,0.17500000000000002
2741761024,10,0,0.004,0.075,0.011,0.0,0.0,0.17500000000000002,0.0,0.0,0.011300000000000001,0.0,0.0,0.0,6490.0,0.0,0.17500000000000002
2741765044,10,0,0.006,0.073,0.011,0.0,0.0,0.17500000000000002,0.0,0.0,0.011600000000000001,0.0,0.0,0.0,10510.0,0.0,0.17500000000000002
2741769533,10,0,0.012,0.068,0.0,0.0,0.0,0.17500000000000002,0.0,0.0,0.0119,0.0,0.0,0.0,14999.0,0.0,0.17500000000000002
2741774034,10,0,0.011,0.058,-0.008,0.0,0.0,0.17500000000000002,0.0,0.0,0.012100000000000001,0.0,0.0,0.0,19500.0,0.0,0.17500000000000002
2741778038,10,0,0.015,0.062,-0.006,0.0,0.0,0.17500000000000002,0.0,0.0,0.0123,0.0,0.0,0.0,23504.0,0.0,0.17500000000000002
2741780533,10,0,0.014,0.049,-0.01,0.0,0.0,0.17500000000000002,0.0,0.0,0.012400000000000001,0.0,0.0,0.0,0.0,0.0,0.17500000000000002
2741785077,10,0,0.016,0.041,-0.011,0.0,0.0,0.17500000000000002,0.0,0.0,0.0125,0.0,0.0,0.0,4544.0,0.0,0.17500000000000002
2741789570,10,0,0.016,0.032,-0.006,0.0,0.0,0.17270000000000002,0.0,0.0,0.0126,0.0,0.0,0.0,9037.0,0.0,0.17270000000000002
2741794051,10,0,0.006,0.017,-0.007,0.0,0.0,0.1633,0.0,0.0,0.0126,0.0,0.0,0.0,13518.0,0.0,0.1633
2741796534,10,0,0.01,0.016,-0.005,0.0,0.0,0.1563,0.0,0.0,0.012700000000000001,0.0,0.0,0.0,16001.0,0.0,0.1563
2741800570,10,0,0.013000000000000001,0.001,0.002,0.0,0.0,0.14700000000000002,0.0,0.0,0.012700000000000001,0.0,0.0,0.0,20037.0,0.0,0.14700000000000002
2741804571,10,0,0.016,-0.004,-0.001,0.0,0.0,0.13770000000000002,0.0,0.0,0.012700000000000001,0.0,0.0,0.0,24038.0,0.0,0.13770000000000002
2741809533,10,0,0.015,-0.018000000000000002,0.0,0.0,0.0,0.126,0.0,0.0,0.0126,0.0,0.0,0.0,0.0,0.0,0.126
2741813571,10,0,0.017,-0.015,0.01,0.0,0.0,0.11670000000000001,0.0,0.0,0.0126,0.0,0.0,0.0,4038.0,0.0,0.11670000000000001
2741818533,10,0,0.014,-0.019,0.002,0.0,0.0,0.10500000000000001,0.0,0.0,0.012700000000000001,0.0,0.0,0.0,9000.0,0.0,0.10500000000000001
2741820533,10,0,0.013000000000000001,-0.023,0.0,0.0,0.0,0.1003,0.0,0.0,0.0128,0.0,0.0,0.0,11000.0,0.0,0.1003
2741825569,10,0,0.005,-0.024,0.011,0.0,0.0,0.0887,0.0,0.0,0.0128,0.0,0.0,0.0,16036.0,0.0,0.0887
2741830072,10,0,0.005,-0.026000000000000002,0.002,0.0,0.0,0.07930000000000001,0.0,0.0,0.0128,0.0,0.0,0.0,20539.0,0.0,0.07930000000000001
2741832158,10,0,0.003,-0.026000000000000002,-0.001,0.0,0.0,0.0723,0.0,0.0,0.012700000000000001,0.0,0.0,0.0,22625.0,0.0,0.0723
2741836571,10,0,0.002,-0.029,-0.001,0.0,0.0,0.063,0.0,0.0,0.012700000000000001,0.0,0.0,0.0,0.0,0.0,0.063
2741841081,10,0,0.001,-0.035,-0.004,0.0,0.0,0.053700000000000005,0.0,0.0,0.012700000000000001,0.0,0.0,0.0,4510.0,0.0,0.053700000000000005
2741845123,10,0,-0.007,-0.041,-0.001,0.0,0.0,0.042,0.0,0.0,0.0126,0.0,0.0,0.0,8552.0,0.0,0.042
2741849568,10,0,-0.008,-0.037,-0.002,0.0,0.0,0.0327,0.0,0.0,0.0125,0.0,0.0,0.0,12997.0,0.0,0.0327
2741854087,10,0,-0.013000000000000001,-0.035,-0.005,0.0,0.0,0.0233,0.0,0.0,0.0123,0.0,0.0,0.0,17516.0,0.0,0.0233
2741858131,10,0,-0.008,-0.038,-0.001,0.0,0.0,0.0117,0.0,0.0,0.012100000000000001,0.0,0.0,0.0,21560.0,0.0,0.0117
2741862181,10,0,-0.011,-0.042,0.004,0.0,0.0,0.0023,0.0,0.0,0.0119,0.0,0.0,0.0,25610.0,0.0,0.0023
2741864569,10,0,-0.011,-0.049,0.001,0.0,0.0,-0.0023,0.0,0.0,0.0118,0.0,0.0,0.0,0.0,0.0,-0.0023
2741869210,10,0,-0.013000000000000001,-0.062,0.002,0.0,0.0,-0.014,0.0,0.0,0.0114,0.0,0.0,0.0,4641.0,0.0,-0.014
2741874144,10,0,-0.004,-0.085,0.005,0.0,0.0,-0.0257,0.0,0.0,0.010700000000000001,0.0,0.0,0.0,9575.0,0.0,-0.0257
2741876144,10,0,-0.006,-0.10300000000000001,0.007,0.0,0.0,-0.0303,0.0,0.0,0.0105,0.0,0.0,0.0,11575.0,0.0,-0.0303
2741880569,10,0,-0.018000000000000002,-0.138,0.003,0.0,0.0,-0.0397,0.0,0.0,0.0097,0.0,0.0,0.0,16000.0,0.0,-0.0397
2741885568,10,0,-0.019,-0.17300000000000001,0.003,0.0,0.0,-0.051300000000000005,0.0,0.0,0.0086,0.0,0.0,0.0,20999.0,0.0,-0.051300000000000005
2741888151,10,0,-0.019,-0.191,0.001,0.0,0.0,-0.058300000000000005,0.0,0.0,0.0079,0.0,0.0,0.0,23582.0,0.0,-0.058300000000000005
2741892202,10,0,-0.013000000000000001,-0.201,0.005,0.0,0.0,-0.06770000000000001,0.0,0.0,0.007,0.0,0.0,0.0,0.0,0.0,-0.06770000000000001
2741897169,10,0,-0.027,-0.216,0.005,0.0,0.0,-0.07930000000000001,0.0,0.0,0.0061,0.0,0.0,0.0,4967.0,0.0,-0.07930000000000001
2741902222,10,0,-0.023,-0.215,0.009000000000000001,0.0,0.0,-0.091,0.0,0.0,0.0053,0.0,0.0,0.0,10020.0,0.0,-0.091
2741904532,10,0,-0.012,-0.209,0.007,0.0,0.0,-0.09570000000000001,0.0,0.0,0.005,0.0,0.0,0.0,12330.0,0.0,-0.09570000000000001
2741908592,10,0,-0.003,-0.197,0.009000000000000001,0.0,0.0,-0.10500000000000001,0.0,0.0,0.0046,0.0,0.0,0.0,16390.0,0.0,-0.10500000000000001
2741913171,10,0,-0.008,-0.182,0.004,0.0,0.0,-0.11670000000000001,0.0,0.0,0.004,0.0,0.0,0.0,20969.0,0.0,-0.11670000000000001
2741917220,10,0,-0.012,-0.178,-0.004,0.0,0.0,-0.126,0.0,0.0,0.0036000000000000003,0.0,0.0,0.0,25018.0,0.0,-0.126
2741922183,10,0,0.003,-0.185,-0.006,0.0,0.0,-0.13770000000000002,0.0,0.0,0.003,0.0,0.0,0.0,0.0,0.0,-0.13770000000000002
2741924532,10,0,0.003,-0.181,-0.003,0.0,0.0,-0.1423,0.0,0.0,0.0027,0.0,0.0,0.0,2349.0,0.0,-0.1423
2741928556,10,0,0.009000000000000001,-0.187,0.0,0.0,0.0,-0.1517,0.0,0.0,0.0021000000000000003,0.0,0.0,0.0,6373.0,0.0,-0.1517
2741933293,10,0,-0.002,-0.202,-0.003,0.0,0.0,-0.1633,0.0,0.0,0.0012000000000000001,0.0,0.0,0.0,11110.0,0.0,-0.1633
2741938186,10,0,0.002,-0.22,-0.003,0.0,0.0,-0.17500000000000002,0.0,0.0,0.0,0.0,0.0,0.0,16003.0,0.0,-0.17500000000000002
2741940190,10,0,0.004,-0.221,-0.005,0.0,0.0,-0.17500000000000002,0.0,0.0,-0.0005,0.0,0.0,0.0,18007.0,0.0,-0.17500000000000002
2741944531,10,0,0.015,-0.234,0.0,0.0,0.0,-0.17500000000000002,0.0,0.0,-0.0015,0.0,0.0,0.0,22348.0,0.0,-0.17500000000000002
2741948557,10,0,0.014,-0.244,0.005,0.0,0.0,-0.17500000000000002,0.0,0.0,-0.0026000000000000003,0.0,0.0,0.0,0.0,0.0,-0.17500000000000002
2741953197,10,0,0.006,-0.246,-0.007,0.0,0.0,-0.17500000000000002,0.0,0.0,-0.0039000000000000003,0.0,0.0,0.0,4640.0,0.0,-0.17500000000000002
2741958202,10,0,0.015,-0.246,0.006,0.0,0.0,-0.17500000000000002,0.0,0.0,-0.005200000000000001,0.0,0.0,0.0,9645.0,0.0,-0.17500000000000002
2741960204,10,0,0.019,-0.244,0.007,0.0,0.0,-0.17500000000000002,0.0,0.0,-0.0057,0.0,0.0,0.0,11647.0,0.0,-0.17500000000000002
2741964572,10,0,0.021,-0.229,0.004,0.0,0.0,-0.17500000000000002,0.0,0.0,-0.006500000000000001,0.0,0.0,0.0,16015.0,0.0,-0.17500000000000002
2741969569,10,0,0.013000000000000001,-0.199,0.003,0.0,0.0,-0.17500000000000002,0.0,0.0,-0.0078000000000000005,0.0,0.0,0.0,21012.0,0.0,-0.17500000000000002
2741972217,10,0,0.004,-0.189,0.011,0.0,0.0,-0.17500000000000002,0.0,0.0,-0.0083,0.0,0.0,0.0,23660.0,0.0,-0.17500000000000002
2741976532,10,0,0.005,-0.177,0.004,0.0,0.0,-0.17500000000000002,0.0,0.0,-0.009000000000000001,0.0,0.0,0.0,0.0,0.0,-0.17500000000000002
2741981218,10,0,0.004,-0.147,-0.002,0.0,0.0,-0.17500000000000002,0.0,0.0,-0.0097,0.0,0.0,0.0,4686.0,0.0,-0.17500000000000002
2741985222,10,0,0.006,-0.147,0.005,0.0,0.0,-0.17500000000000002,0.0,0.0,-0.010400000000000001,0.0,0.0,0.0,8690.0,0.0,-0.17500000000000002
2741989531,10,0,0.002,-0.128,-0.005,0.0,0.0,-0.17500000000000002,0.0,0.0,-0.011000000000000001,0.0,0.0,0.0,12999.0,0.0,-0.17500000000000002
2741994230,10,0,0.001,-0.132,-0.008,0.0,0.0,-0.17500000000000002,0.0,0.0,-0.0117,0.0,0.0,0.0,17698.0,0.0,-0.17500000000000002
2741996571,10,0,0.001,-0.133,-0.005,0.0,0.0,-0.17500000000000002,0.0,0.0,-0.0118,0.0,0.0,0.0,20039.0,0.0,-0.17500000000000002
2742001233,10,0,0.006,-0.115,-0.007,0.0,0.0,-0.17500000000000002,0.0,0.0,-0.0126,0.0,0.0,0.0,24701.0,0.0,-0.17500000000000002
2742005237,10,0,-0.003,-0.108,-0.01,0.0,0.0,-0.17500000000000002,0.0,0.0,-0.013000000000000001,0.0,0.0,0.0,0.0,0.0,-0.17500000000000002
2742009532,10,0,-0.01,-0.097,-0.005,0.0,0.0,-0.17500000000000002,0.0,0.0,-0.013300000000000001,0.0,0.0,0.0,4295.0,0.0,-0.17500000000000002
2742012286,10,0,-0.014,-0.08700000000000001,0.0,0.0,0.0,-0.17500000000000002,0.0,0.0,-0.0134,0.0,0.0,0.0,7049.0,0.0,-0.17500000000000002
2742017290,10,0,-0.006,-0.066,0.005,0.0,0.0,-0.17500000000000002,0.0,0.0,-0.0135,0.0,0.0,0.0,12053.0,0.0,-0.17500000000000002
2742022293,10,0,-0.011,-0.054,0.009000000000000001,0.0,0.0,-0.17500000000000002,0.0,0.0,-0.013600000000000001,0.0,0.0,0.0,17056.0,0.0,-0.17500000000000002
2742024531,10,0,-0.014,-0.041,0.013000000000000001,0.0,0.0,-0.17500000000000002,0.0,0.0,-0.013600000000000001,0.0,0.0,0.0,19294.0,0.0,-0.17500000000000002
2742029362,10,0,-0.007,-0.039,0.006,0.0,0.0,-0.17500000000000002,0.0,0.0,-0.0137,0.0,0.0,0.0,24125.0,0.0,-0.17500000000000002
2742033532,10,0,-0.011,-0.043000000000000003,0.004,0.0,0.0,-0.17500000000000002,0.0,0.0,-0.013800000000000002,0.0,0.0,0.0,0.0,0.0,-0.17500000000000002
2742036259,10,0,-0.008,-0.043000000000000003,0.006,0.0,0.0,-0.17500000000000002,0.0,0.0,-0.013900000000000001,0.0,0.0,0.0,2727.0,0.0,-0.17500000000000002
2742040531,10,0,-0.013000000000000001,-0.046,-0.001,0.0,0.0,-0.1703,0.0,0.0,-0.014,0.0,0.0,0.0,6999.0,0.0,-0.1703
2742045266,10,0,-0.015,-0.046,-0.007,0.0,0.0,-0.1587,0.0,0.0,-0.0143,0.0,0.0,0.0,11734.0,0.0,-0.1587
2742049531,10,0,-0.017,-0.044,-0.001,0.0,0.0,-0.14930000000000002,0.0,0.0,-0.014400000000000001,0.0,0.0,0.0,15999.0,0.0,-0.14930000000000002
2742053532,10,0,-0.015,-0.039,-0.001,0.0,0.0,-0.14,0.0,0.0,-0.0145,0.0,0.0,0.0,20000.0,0.0,-0.14
2742056272,10,0,-0.014,-0.033,0.0,0.0,0.0,-0.133,0.0,0.0,-0.0146,0.0,0.0,0.0,22740.0,0.0,-0.133
2742060568,10,0,-0.012,-0.024,0.001,0.0,0.0,-0.1237,0.0,0.0,-0.0146,0.0,0.0,0.0,0.0,0.0,-0.1237
2742065279,10,0,-0.002,-0.009000000000000001,0.003,0.0,0.0,-0.112,0.0,0.0,-0.0146,0.0,0.0,0.0,4711.0,0.0,-0.112
2742069531,10,0,0.006,-0.004,0.0,0.0,0.0,-0.1027,0.0,0.0,-0.0146,0.0,0.0,0.0,8963.0,0.0,-0.1027
2742072328,10,0,0.004,-0.002,0.0,0.0,0.0,-0.09570000000000001,0.0,0.0,-0.0146,0.0,0.0,0.0,11760.0,0.0,-0.09570000000000001
2742077345,10,0,0.002,0.002,-0.006,0.0,0.0,-0.084,0.0,0.0,-0.014700000000000001,0.0,0.0,0.0,16777.0,0.0,-0.084
2742082336,10,0,0.001,0.001,-0.001,0.0,0.0,-0.0723,0.0,0.0,-0.0148,0.0,0.0,0.0,21768.0,0.0,-0.0723
2742084531,10,0,0.003,0.001,-0.002,0.0,0.0,-0.06770000000000001,0.0,0.0,-0.0148,0.0,0.0,0.0,23963.0,0.0,-0.06770000000000001
2742089531,10,0,0.004,0.006,0.0,0.0,0.0,-0.056,0.0,0.0,-0.0148,0.0,0.0,0.0,0.0,0.0,-0.056
2742092571,10,0,0.006,0.005,0.001,0.0,0.0,-0.049,0.0,0.0,-0.0148,0.0,0.0,0.0,3040.0,0.0,-0.049
2742097346,10,0,0.007,0.013000000000000001,0.003,0.0,0.0,-0.0373,0.0,0.0,-0.0148,0.0,0.0,0.0,7815.0,0.0,-0.0373
2742101531,10,0,0.007,0.012,0.0,0.0,0.0,-0.028,0.0,0.0,-0.0148,0.0,0.0,0.0,12000.0,0.0,-0.028
2742104301,10,0,0.009000000000000001,0.015,-0.003,0.0,0.0,-0.021,0.0,0.0,-0.0148,0.0,0.0,0.0,14770.0,0.0,-0.021
2742108307,10,0,0.012,0.016,-0.009000000000000001,0.0,0.0,-0.0117,0.0,0.0,-0.014700000000000001,0.0,0.0,0.0,18776.0,0.0,-0.0117
2742112530,10,0,0.014,0.021,-0.007,0.0,0.0,-0.0023,0.0,0.0,-0.0146,0.0,0.0,0.0,22999.0,0.0,-0.0023
2742117362,10,0,0.01,0.035,-0.004,0.0,0.0,0.009300000000000001,0.0,0.0,-0.0143,0.0,0.0,0.0,0.0,0.0,0.009300000000000001
2742121530,10,0,0.008,0.054,-0.008,0.0,0.0,0.0187,0.0,0.0,-0.013900000000000001,0.0,0.0,0.0,4168.0,0.0,0.0187
2742126321,10,0,0.008,0.11,0.0,0.0,0.0,0.0303,0.0,0.0,-0.0131,0.0,0.0,0.0,8959.0,0.0,0.0303
2742128554,10,0,0.012,0.123,0.003,0.0,0.0,0.035,0.0,0.0,-0.0128,0.0,0.0,0.0,11192.0,0.0,0.035
2742133327,10,0,0.009000000000000001,0.161,-0.002,0.0,0.0,0.046700000000000005,0.0,0.0,-0.012,0.0,0.0,0.0,15965.0,0.0,0.046700000000000005
2742137375,10,0,0.004,0.188,0.004,0.0,0.0,0.056,0.0,0.0,-0.011000000000000001,0.0,0.0,0.0,20013.0,0.0,0.056
2742141530,10,0,0.0,0.202,-0.002,0.0,0.0,0.0653,0.0,0.0,-0.010100000000000001,0.0,0.0,0.0,24168.0,0.0,0.0653
2742144333,10,0,0.0,0.223,-0.005,0.0,0.0,0.0723,0.0,0.0,-0.0095,0.0,0.0,0.0,0.0,0.0,0.0723
2742148336,10,0,0.001,0.221,0.003,0.0,0.0,0.08170000000000001,0.0,0.0,-0.008700000000000001,0.0,0.0,0.0,4003.0,0.0,0.08170000000000001
2742152398,10,0,0.003,0.2,-0.003,0.0,0.0,0.091,0.0,0.0,-0.008,0.0,0.0,0.0,8065.0,0.0,0.091
2742156571,10,0,0.004,0.197,-0.006,0.0,0.0,0.1003,0.0,0.0,-0.0076,0.0,0.0,0.0,12238.0,0.0,0.1003
2742161347,10,0,0.006,0.17,-0.009000000000000001,0.0,0.0,0.112,0.0,0.0,-0.006900000000000001,0.0,0.0,0.0,17014.0,0.0,0.112
2742166343,10,0,0.005,0.168,-0.008,0.0,0.0,0.1237,0.0,0.0,-0.0064,0.0,0.0,0.0,22010.0,0.0,0.1237
2742168349,10,0,0.003,0.16,-0.01,0.0,0.0,0.1283,0.0,0.0,-0.0061,0.0,0.0,0.0,24016.0,0.0,0.1283
2742172399,10,0,-0.003,0.163,-0.008,0.0,0.0,0.13770000000000002,0.0,0.0,-0.0056,0.0,0.0,0.0,0.0,0.0,0.13770000000000002
2742176531,10,0,-0.007,0.181,0.003,0.0,0.0,0.14700000000000002,0.0,0.0,-0.0049,0.0,0.0,0.0,4132.0,0.0,0.14700000000000002
2742181366,10,0,-0.005,0.18,0.006,0.0,0.0,0.1587,0.0,0.0,-0.0039000000000000003,0.0,0.0,0.0,8967.0,0.0,0.1587
2742185529,10,0,-0.009000000000000001,0.194,0.012,0.0,0.0,0.168,0.0,0.0,-0.0029000000000000002,0.0,0.0,0.0,13130.0,0.0,0.168
2742189530,10,0,-0.003,0.196,0.017,0.0,0.0,0.17500000000000002,0.0,0.0,-0.002,0.0,0.0,0.0,17131.0,0.0,0.17500000000000002
2742194370,10,0,-0.007,0.21,0.006,0.0,0.0,0.17500000000000002,0.0,0.0,-0.0009000000000000001,0.0,0.0,0.0,21971.0,0.0,0.17500000000000002
2742196370,10,0,-0.009000000000000001,0.21,0.009000000000000001,0.0,0.0,0.17500000000000002,0.0,0.0,-0.0004,0.0,0.0,0.0,23971.0,0.0,0.17500000000000002
2742200528,10,0,-0.006,0.20700000000000002,0.006,0.0,0.0,0.17500000000000002,0.0,0.0,0.0005,0.0,0.0,0.0,0.0,0.0,0.17500000000000002
2742204530,10,0,-0.012,0.201,-0.004,0.0,0.0,0.17500000000000002,0.0,0.0,0.0014,0.0,0.0,0.0,4002.0,0.0,0.17500000000000002
2742209530,10,0,-0.009000000000000001,0.199,-0.008,0.0,0.0,0.17500000000000002,0.0,0.0,0.0026000000000000003,0.0,0.0,0.0,9002.0,0.0,0.17500000000000002
2742212427,10,0,-0.009000000000000001,0.195,-0.009000000000000001,0.0,0.0,0.17500000000000002,0.0,0.0,0.0033,0.0,0.0,0.0,11899.0,0.0,0.17500000000000002
2742217430,10,0,-0.009000000000000001,0.182,-0.019,0.0,0.0,0.17500000000000002,0.0,0.0,0.0044,0.0,0.0,0.0,16902.0,0.0,0.17500000000000002
2742222436,10,0,-0.005,0.185,-0.006,0.0,0.0,0.17500000000000002,0.0,0.0,0.0054,0.0,0.0,0.0,21908.0,0.0,0.17500000000000002
2742224529,10,0,0.001,0.17500000000000002,-0.003,0.0,0.0,0.17500000000000002,0.0,0.0,0.0058000000000000005,0.0,0.0,0.0,24001.0,0.0,0.17500000000000002
2742228554,10,0,0.004,0.166,-0.008,0.0,0.0,0.17500000000000002,0.0,0.0,0.006500000000000001,0.0,0.0,0.0,0.0,0.0,0.17500000000000002
2742233396,10,0,0.012,0.147,-0.008,0.0,0.0,0.17500000000000002,0.0,0.0,0.0074,0.0,0.0,0.0,4842.0,0.0,0.17500000000000002
2742237447,10,0,0.0,0.135,0.004,0.0,0.0,0.17500000000000002,0.0,0.0,0.0079,0.0,0.0,0.0,8893.0,0.0,0.17500000000000002
2742242449,10,0,0.004,0.121,-0.002,0.0,0.0,0.17500000000000002,0.0,0.0,0.0085,0.0,0.0,0.0,13895.0,0.0,0.17500000000000002
2742244529,10,0,0.003,0.111,-0.003,0.0,0.0,0.17500000000000002,0.0,0.0,0.0086,0.0,0.0,0.0,15975.0,0.0,0.17500000000000002
2742248553,10,0,0.0,0.10400000000000001,0.008,0.0,0.0,0.17500000000000002,0.0,0.0,0.009000000000000001,0.0,0.0,0.0,19999.0,0.0,0.17500000000000002
2742253514,10,0,-0.004,0.088,0.012,0.0,0.0,0.17500000000000002,0.0,0.0,0.0094,0.0,0.0,0.0,24960.0,0.0,0.17500000000000002
2742258411,10,0,0.004,0.082,0.011,0.0,0.0,0.17500000000000002,0.0,0.0,0.0097,0.0,0.0,0.0,0.0,0.0,0.17500000000000002
2742260413,10,0,0.006,0.075,0.012,0.0,0.0,0.17500000000000002,0.0,0.0,0.0099,0.0,0.0,0.0,2002.0,0.0,0.17500000000000002
2742264528,10,0,0.008,0.069,0.01,0.0,0.0,0.17500000000000002,0.0,0.0,0.010100000000000001,0.0,0.0,0.0,6117.0,0.0,0.17500000000000002
2742268764,10,0,0.013000000000000001,0.066,0.001,0.0,0.0,0.17500000000000002,0.0,0.0,0.010400000000000001,0.0,0.0,0.0,10353.0,0.0,0.17500000000000002
2742273424,10,0,0.011,0.06,-0.004,0.0,0.0,0.17500000000000002,0.0,0.0,0.010700000000000001,0.0,0.0,0.0,15013.0,0.0,0.17500000000000002
2742277477,10,0,0.011,0.051000000000000004,-0.013000000000000001,0.0,0.0,0.17500000000000002,0.0,0.0,0.0109,0.0,0.0,0.0,19066.0,0.0,0.17500000000000002
2742281528,10,0,0.011,0.047,-0.012,0.0,0.0,0.17500000000000002,0.0,0.0,0.011000000000000001,0.0,0.0,0.0,23117.0,0.0,0.17500000000000002
2742285542,10,0,0.015,0.043000000000000003,-0.003,0.0,0.0,0.17500000000000002,0.0,0.0,0.0112,0.0,0.0,0.0,0.0,0.0,0.17500000000000002
2742288435,10,0,0.013000000000000001,0.031,-0.005,0.0,0.0,0.17500000000000002,0.0,0.0,0.011300000000000001,0.0,0.0,0.0,2893.0,0.0,0.17500000000000002
2742292484,10,0,0.007,0.021,-0.008,0.0,0.0,0.16570000000000001,0.0,0.0,0.0114,0.0,0.0,0.0,6942.0,0.0,0.16570000000000001
2742296527,10,0,0.006,0.011,-0.001,0.0,0.0,0.1563,0.0,0.0,0.0114,0.0,0.0,0.0,10985.0,0.0,0.1563
2742300529,10,0,0.007,-0.001,0.003,0.0,0.0,0.14700000000000002,0.0,0.0,0.0114,0.0,0.0,0.0,14987.0,0.0,0.14700000000000002
2742305446,10,0,0.015,-0.016,0.0,0.0,0.0,0.1353,0.0,0.0,0.0114,0.0,0.0,0.0,19904.0,0.0,0.1353
2742309528,10,0,0.006,-0.014,0.007,0.0,0.0,0.126,0.0,0.0,0.0114,0.0,0.0,0.0,23986.0,0.0,0.126
2742312497,10,0,0.005,-0.019,0.011,0.0,0.0,0.11900000000000001,0.0,0.0,0.0114,0.0,0.0,0.0,0.0,0.0,0.11900000000000001
2742316571,10,0,0.001,-0.023,0.008,0.0,0.0,0.1097,0.0,0.0,0.0114,0.0,0.0,0.0,4074.0,0.0,0.1097
2742321459,10,0,0.006,-0.025,0.006,0.0,0.0,0.098,0.0,0.0,0.0115,0.0,0.0,0.0,8962.0,0.0,0.098
2742325528,10,0,-0.003,-0.029,0.008,0.0,0.0,0.0887,0.0,0.0,0.0115,0.0,0.0,0.0,13031.0,0.0,0.0887
2742328462,10,0,-0.002,-0.03,0.006,0.0,0.0,0.08170000000000001,0.0,0.0,0.0115,0.0,0.0,0.0,15965.0,0.0,0.08170000000000001
2742332515,10,0,-0.005,-0.031,0.003,0.0,0.0,0.0723,0.0,0.0,0.0114,0.0,0.0,0.0,20018.0,0.0,0.0723
2742336528,10,0,0.0,-0.026000000000000002,0.01,0.0,0.0,0.063,0.0,0.0,0.011300000000000001,0.0,0.0,0.0,24031.0,0.0,0.063
2742340529,10,0,-0.004,-0.03,-0.003,0.0,0.0,0.053700000000000005,0.0,0.0,0.011300000000000001,0.0,0.0,0.0,0.0,0.0,0.053700000000000005
2742345528,10,0,-0.017,-0.037,-0.003,0.0,0.0,0.042,0.0,0.0,0.0111,0.0,0.0,0.0,4999.0,0.0,0.042
2742348574,10,0,-0.017,-0.036000000000000004,0.0,0.0,0.0,0.035,0.0,0.0,0.0111,0.0,0.0,0.0,8045.0,0.0,0.035
2742353481,10,0,-0.011,-0.03,-0.009000000000000001,0.0,0.0,0.0233,0.0,0.0,0.0108,0.0,0.0,0.0,12952.0,0.0,0.0233
2742357533,10,0,-0.009000000000000001,-0.035,-0.003,0.0,0.0,0.014,0.0,0.0,0.010700000000000001,0.0,0.0,0.0,17004.0,0.0,0.014
2742360483,10,0,-0.013000000000000001,-0.038,0.003,0.0,0.0,0.007,0.0,0.0,0.0106,0.0,0.0,0.0,19954.0,0.0,0.007
2742365487,10,0,-0.009000000000000001,-0.053,-0.003,0.0,0.0,-0.0047,0.0,0.0,0.0102,0.0,0.0,0.0,24958.0,0.0,-0.0047
2742370491,10,0,0.0,-0.064,0.003,0.0,0.0,-0.016300000000000002,0.0,0.0,0.0097,0.0,0.0,0.0,0.0,0.0,-0.016300000000000002
2742372560,10,0,0.0,-0.075,0.007,0.0,0.0,-0.021,0.0,0.0,0.0095,0.0,0.0,0.0,2069.0,0.0,-0.021
2742377552,10,0,-0.011,-0.117,0.002,0.0,0.0,-0.0327,0.0,0.0,0.008700000000000001,0.0,0.0,0.0,7061.0,0.0,-0.0327
2742380576,10,0,-0.015,-0.13,0.0,0.0,0.0,-0.0397,0.0,0.0,0.008400000000000001,0.0,0.0,0.0,10085.0,0.0,-0.0397
2742385509,10,0,-0.009000000000000001,-0.171,0.002,0.0,0.0,-0.051300000000000005,0.0,0.0,0.007200000000000001,0.0,0.0,0.0,15018.0,0.0,-0.051300000000000005
2742390511,10,0,-0.009000000000000001,-0.187,0.003,0.0,0.0,-0.063,0.0,0.0,0.0061,0.0,0.0,0.0,20020.0,0.0,-0.063
2742392559,10,0,-0.013000000000000001,-0.19,0.004,0.0,0.0,-0.06770000000000001,0.0,0.0,0.0057,0.0,0.0,0.0,22068.0,0.0,-0.06770000000000001
2742397564,10,0,-0.024,-0.202,0.007,0.0,0.0,-0.07930000000000001,0.0,0.0,0.0049,0.0,0.0,0.0,0.0,0.0,-0.07930000000000001
2742400516,10,0,-0.017,-0.201,0.008,0.0,0.0,-0.0863,0.0,0.0,0.0045000000000000005,0.0,0.0,0.0,2952.0,0.0,-0.0863
2742405521,10,0,0.001,-0.189,0.011,0.0,0.0,-0.098,0.0,0.0,0.0037,0.0,0.0,0.0,7957.0,0.0,-0.098
2742410523,10,0,0.001,-0.178,0.008,0.0,0.0,-0.1097,0.0,0.0,0.0032,0.0,0.0,0.0,12959.0,0.0,-0.1097
2742412573,10,0,-0.001,-0.17500000000000002,0.007,0.0,0.0,-0.1143,0.0,0.0,0.0031000000000000003,0.0,0.0,0.0,15009.0,0.0,-0.1143
2742417579,10,0,-0.002,-0.17200000000000001,-0.001,0.0,0.0,-0.126,0.0,0.0,0.0024000000000000002,0.0,0.0,0.0,20015.0,0.0,-0.126
2742420530,10,0,0.003,-0.179,-0.002,0.0,0.0,-0.133,0.0,0.0,0.002,0.0,0.0,0.0,22966.0,0.0,-0.133
2742425537,10,0,0.015,-0.185,-0.002,0.0,0.0,-0.1447,0.0,0.0,0.0013000000000000002,0.0,0.0,0.0,0.0,0.0,-0.1447
2742430538,10,0,0.009000000000000001,-0.201,-0.009000000000000001,0.0,0.0,-0.1563,0.0,0.0,0.0004,0.0,0.0,0.0,5001.0,0.0,-0.1563
2742432587,10,0,-0.001,-0.20400000000000001,-0.005,0.0,0.0,-0.161,0.0,0.0,0.0,0.0,0.0,0.0,7050.0,0.0,-0.161
2742437592,10,0,0.008,-0.216,-0.003,0.0,0.0,-0.17270000000000002,0.0,0.0,-0.0011,0.0,0.0,0.0,12055.0,0.0,-0.17270000000000002
2742440547,10,0,0.013000000000000001,-0.218,-0.004,0.0,0.0,-0.17500000000000002,0.0,0.0,-0.0018000000000000002,0.0,0.0,0.0,15010.0,0.0,-0.17500000000000002
2742445650,10,0,0.012,-0.228,0.006,0.0,0.0,-0.17500000000000002,0.0,0.0,-0.0031000000000000003,0.0,0.0,0.0,20113.0,0.0,-0.17500000000000002
2742448558,10,0,0.009000000000000001,-0.234,0.007,0.0,0.0,-0.17500000000000002,0.0,0.0,-0.0038,0.0,0.0,0.0,23021.0,0.0,-0.17500000000000002
2742454557,10,0,0.008,-0.232,-0.001,0.0,0.0,-0.17500000000000002,0.0,0.0,-0.0053,0.0,0.0,0.0,0.0,0.0,-0.17500000000000002
2742456558,10,0,0.01,-0.231,0.001,0.0,0.0,-0.17500000000000002,0.0,0.0,-0.0058000000000000005,0.0,0.0,0.0,2001.0,0.0,-0.17500000000000002
2742461562,10,0,0.014,-0.218,0.008,0.0,0.0,-0.17500000000000002,0.0,0.0,-0.007,0.0,0.0,0.0,7005.0,0.0,-0.17500000000000002
2742465565,10,0,0.009000000000000001,-0.20500000000000002,0.007,0.0,0.0,-0.17500000000000002,0.0,0.0,-0.0079,0.0,0.0,0.0,11008.0,0.0,-0.17500000000000002
2742470568,10,0,0.001,-0.186,0.007,0.0,0.0,-0.17500000000000002,0.0,0.0,-0.009000000000000001,0.0,0.0,0.0,16011.0,0.0,-0.17500000000000002
2742472619,10,0,-0.002,-0.176,0.01,0.0,0.0,-0.17500000000000002,0.0,0.0,-0.009300000000000001,0.0,0.0,0.0,18062.0,0.0,-0.17500000000000002
2742477728,10,0,0.002,-0.171,0.001,0.0,0.0,-0.17500000000000002,0.0,0.0,-0.0102,0.0,0.0,0.0,23171.0,0.0,-0.17500000000000002
2742480572,10,0,0.0,-0.147,-0.003,0.0,0.0,-0.17500000000000002,0.0,0.0,-0.0106,0.0,0.0,0.0,0.0,0.0,-0.17500000000000002
2742485578,10,0,0.004,-0.14100000000000001,-0.001,0.0,0.0,-0.17500000000000002,0.0,0.0,-0.011300000000000001,0.0,0.0,0.0,5006.0,0.0,-0.17500000000000002
2742490581,10,0,-0.004,-0.122,-0.007,0.0,0.0,-0.17500000000000002,0.0,0.0,-0.012,0.0,0.0,0.0,10009.0,0.0,-0.17500000000000002
2742492628,10,0,-0.001,-0.11800000000000001,-0.006,0.0,0.0,-0.17500000000000002,0.0,0.0,-0.0123,0.0,0.0,0.0,12056.0,0.0,-0.17500000000000002
2742497634,10,0,0.0,-0.11800000000000001,-0.008,0.0,0.0,-0.17500000000000002,0.0,0.0,-0.0129,0.0,0.0,0.0,17062.0,0.0,-0.17500000000000002
2742500586,10,0,-0.001,-0.107,-0.011,0.0,0.0,-0.17500000000000002,0.0,0.0,-0.0132,0.0,0.0,0.0,20014.0,0.0,-0.17500000000000002
2742505591,10,0,-0.006,-0.097,-0.008,0.0,0.0,-0.17500000000000002,0.0,0.0,-0.013600000000000001,0.0,0.0,0.0,25019.0,0.0,-0.17500000000000002
2742509732,10,0,-0.011,-0.08,0.001,0.0,0.0,-0.17500000000000002,0.0,0.0,-0.013900000000000001,0.0,0.0,0.0,0.0,0.0,-0.17500000000000002
2742512642,10,0,-0.014,-0.073,0.001,0.0,0.0,-0.17500000000000002,0.0,0.0,-0.014,0.0,0.0,0.0,2910.0,0.0,-0.17500000000000002
2742517648,10,0,-0.016,-0.055,0.002,0.0,0.0,-0.17500000000000002,0.0,0.0,-0.014,0.0,0.0,0.0,7916.0,0.0,-0.17500000000000002
2742520603,10,0,-0.013000000000000001,-0.051000000000000004,0.01,0.0,0.0,-0.17500000000000002,0.0,0.0,-0.014,0.0,0.0,0.0,10871.0,0.0,-0.17500000000000002
2742525605,10,0,-0.015,-0.034,0.011,0.0,0.0,-0.17500000000000002,0.0,0.0,-0.014,0.0,0.0,0.0,15873.0,0.0,-0.17500000000000002
2742530609,10,0,-0.009000000000000001,-0.025,0.002,0.0,0.0,-0.17500000000000002,0.0,0.0,-0.014100000000000001,0.0,0.0,0.0,20877.0,0.0,-0.17500000000000002
2742532658,10,0,-0.007,-0.029,0.003,0.0,0.0,-0.17500000000000002,0.0,0.0,-0.014100000000000001,0.0,0.0,0.0,22926.0,0.0,-0.17500000000000002
2742537660,10,0,-0.003,-0.037,0.007,0.0,0.0,-0.17500000000000002,0.0,0.0,-0.0142,0.0,0.0,0.0,0.0,0.0,-0.17500000000000002
2742540573,10,0,-0.001,-0.039,0.002,0.0,0.0,-0.1703,0.0,0.0,-0.0143,0.0,0.0,0.0,2913.0,0.0,-0.1703
2742545620,10,0,-0.013000000000000001,-0.04,-0.009000000000000001,0.0,0.0,-0.1587,0.0,0.0,-0.0146,0.0,0.0,0.0,7960.0,0.0,-0.1587
2742550625,10,0,-0.008,-0.038,-0.007,0.0,0.0,-0.14700000000000002,0.0,0.0,-0.0148,0.0,0.0,0.0,12965.0,0.0,-0.14700000000000002
2742552675,10,0,-0.007,-0.034,-0.005,0.0,0.0,-0.1423,0.0,0.0,-0.0149,0.0,0.0,0.0,15015.0,0.0,-0.1423
2742557675,10,0,-0.008,-0.024,-0.002,0.0,0.0,-0.1307,0.0,0.0,-0.015000000000000001,0.0,0.0,0.0,20015.0,0.0,-0.1307
2742560629,10,0,-0.007,-0.015,-0.002,0.0,0.0,-0.1237,0.0,0.0,-0.0149,0.0,0.0,0.0,22969.0,0.0,-0.1237
2742565635,10,0,0.0,-0.003,0.004,0.0,0.0,-0.112,0.0,0.0,-0.0149,0.0,0.0,0.0,0.0,0.0,-0.112
2742570638,10,0,0.004,0.004,0.001,0.0,0.0,-0.1003,0.0,0.0,-0.0148,0.0,0.0,0.0,5003.0,0.0,-0.1003
2742573749,10,0,0.005,0.012,0.004,0.0,0.0,-0.09330000000000001,0.0,0.0,-0.0148,0.0,0.0,0.0,8114.0,0.0,-0.09330000000000001
2742576642,10,0,0.006,0.016,0.001,0.0,0.0,-0.0863,0.0,0.0,-0.0148,0.0,0.0,0.0,11007.0,0.0,-0.0863
2742581646,10,0,0.007,0.01,0.001,0.0,0.0,-0.0747,0.0,0.0,-0.0149,0.0,0.0,0.0,16011.0,0.0,-0.0747
2742584648,10,0,0.005,0.014,0.003,0.0,0.0,-0.06770000000000001,0.0,0.0,-0.0149,0.0,0.0,0.0,19013.0,0.0,-0.06770000000000001
2742589652,10,0,0.015,0.016,0.001,0.0,0.0,-0.056,0.0,0.0,-0.0148,0.0,0.0,0.0,24017.0,0.0,-0.056
2742593654,10,0,0.008,0.017,0.003,0.0,0.0,-0.046700000000000005,0.0,0.0,-0.0148,0.0,0.0,0.0,0.0,0.0,-0.046700000000000005
2742597738,10,0,0.008,0.02,-0.001,0.0,0.0,-0.0373,0.0,0.0,-0.014700000000000001,0.0,0.0,0.0,4084.0,0.0,-0.0373
2742600612,10,0,0.009000000000000001,0.021,-0.003,0.0,0.0,-0.0303,0.0,0.0,-0.0146,0.0,0.0,0.0,6958.0,0.0,-0.0303
2742605746,10,0,0.013000000000000001,0.02,-0.002,0.0,0.0,-0.0187,0.0,0.0,-0.0146,0.0,0.0,0.0,12092.0,0.0,-0.0187
2742610664,10,0,0.011,0.017,-0.01,0.0,0.0,-0.007,0.0,0.0,-0.0145,0.0,0.0,0.0,17010.0,0.0,-0.007
2742612749,10,0,0.01,0.021,-0.009000000000000001,0.0,0.0,-0.0023,0.0,0.0,-0.014400000000000001,0.0,0.0,0.0,19095.0,0.0,-0.0023
2742617756,10,0,0.007,0.033,-0.005,0.0,0.0,0.009300000000000001,0.0,0.0,-0.014100000000000001,0.0,0.0,0.0,24102.0,0.0,0.009300000000000001
2742620672,10,0,0.001,0.047,-0.005,0.0,0.0,0.016300000000000002,0.0,0.0,-0.013800000000000002,0.0,0.0,0.0,0.0,0.0,0.016300000000000002
2742625677,10,0,0.003,0.093,0.0,0.0,0.0,0.028,0.0,0.0,-0.0132,0.0,0.0,0.0,5005.0,0.0,0.028
2742630632,10,0,0.007,0.121,0.005,0.0,0.0,0.0397,0.0,0.0,-0.012400000000000001,0.0,0.0,0.0,9960.0,0.0,0.0397
2742632762,10,0,0.003,0.137,0.005,0.0,0.0,0.0443,0.0,0.0,-0.0122,0.0,0.0,0.0,12090.0,0.0,0.0443
2742637755,10,0,0.002,0.177,0.001,0.0,0.0,0.056,0.0,0.0,-0.0112,0.0,0.0,0.0,17083.0,0.0,0.056
2742640678,10,0,-0.001,0.196,0.0,0.0,0.0,0.063,0.0,0.0,-0.010400000000000001,0.0,0.0,0.0,20006.0,0.0,0.063
2742645680,10,0,-0.003,0.224,0.0,0.0,0.0,0.0747,0.0,0.0,-0.009300000000000001,0.0,0.0,0.0,25008.0,0.0,0.0747
2742650570,10,0,-0.003,0.23,0.002,0.0,0.0,0.0863,0.0,0.0,-0.008400000000000001,0.0,0.0,0.0,0.0,0.0,0.0863
2742652573,10,0,-0.003,0.22,0.001,0.0,0.0,0.091,0.0,0.0,-0.008,0.0,0.0,0.0,2003.0,0.0,0.091
2742656731,10,0,-0.006,0.211,-0.008,0.0,0.0,0.1003,0.0,0.0,-0.007200000000000001,0.0,0.0,0.0,6161.0,0.0,0.1003
2742660735,10,0,-0.004,0.19,-0.01,0.0,0.0,0.1097,0.0,0.0,-0.0068000000000000005,0.0,0.0,0.0,10165.0,0.0,0.1097
2742665572,10,0,-0.003,0.182,-0.013000000000000001,0.0,0.0,0.1213,0.0,0.0,-0.0063,0.0,0.0,0.0,15002.0,0.0,0.1213
2742669886,10,0,-0.003,0.162,-0.015,0.0,0.0,0.1307,0.0,0.0,-0.0058000000000000005,0.0,0.0,0.0,19316.0,0.0,0.1307
2742672569,10,0,-0.01,0.164,-0.014,0.0,0.0,0.13770000000000002,0.0,0.0,-0.0056,0.0,0.0,0.0,21999.0,0.0,0.13770000000000002
2742676742,10,0,-0.008,0.183,-0.005,0.0,0.0,0.14700000000000002,0.0,0.0,-0.0049,0.0,0.0,0.0,0.0,0.0,0.14700000000000002
2742681571,10,0,-0.014,0.17500000000000002,-0.004,0.0,0.0,0.1587,0.0,0.0,-0.0041,0.0,0.0,0.0,4829.0,0.0,0.1587
2742686570,10,0,-0.006,0.202,0.01,0.0,0.0,0.1703,0.0,0.0,-0.003,0.0,0.0,0.0,9828.0,0.0,0.1703
2742688749,10,0,-0.013000000000000001,0.197,0.018000000000000002,0.0,0.0,0.17500000000000002,0.0,0.0,-0.0023,0.0,0.0,0.0,12007.0,0.0,0.17500000000000002
2742693571,10,0,-0.006,0.213,0.015,0.0,0.0,0.17500000000000002,0.0,0.0,-0.0014,0.0,0.0,0.0,16829.0,0.0,0.17500000000000002
2742697808,10,0,-0.012,0.223,0.014,0.0,0.0,0.17500000000000002,0.0,0.0,-0.0001,0.0,0.0,0.0,21066.0,0.0,0.17500000000000002
2742700570,10,0,-0.007,0.222,0.014,0.0,0.0,0.17500000000000002,0.0,0.0,0.0004,0.0,0.0,0.0,23828.0,0.0,0.17500000000000002
2742705572,10,0,-0.004,0.222,0.002,0.0,0.0,0.17500000000000002,0.0,0.0,0.0017000000000000001,0.0,0.0,0.0,0.0,0.0,0.17500000000000002
2742709765,10,0,0.0,0.213,-0.004,0.0,0.0,0.17500000000000002,0.0,0.0,0.003,0.0,0.0,0.0,4193.0,0.0,0.17500000000000002
2742714572,10,0,-0.008,0.212,-0.012,0.0,0.0,0.17500000000000002,0.0,0.0,0.004,0.0,0.0,0.0,9000.0,0.0,0.17500000000000002
2742716572,10,0,-0.009000000000000001,0.202,-0.019,0.0,0.0,0.17500000000000002,0.0,0.0,0.0045000000000000005,0.0,0.0,0.0,11000.0,0.0,0.17500000000000002
2742720768,10,0,-0.012,0.202,-0.019,0.0,0.0,0.17500000000000002,0.0,0.0,0.0055000000000000005,0.0,0.0,0.0,15196.0,0.0,0.17500000000000002
2742725571,10,0,-0.001,0.181,-0.005,0.0,0.0,0.17500000000000002,0.0,0.0,0.0064,0.0,0.0,0.0,19999.0,0.0,0.17500000000000002
2742729784,10,0,0.004,0.169,-0.013000000000000001,0.0,0.0,0.17500000000000002,0.0,0.0,0.0074,0.0,0.0,0.0,24212.0,0.0,0.17500000000000002
2742733934,10,0,0.006,0.152,-0.01,0.0,0.0,0.17500000000000002,0.0,0.0,0.0081,0.0,0.0,0.0,0.0,0.0,0.17500000000000002
2742736572,10,0,0.006,0.14100000000000001,-0.004,0.0,0.0,0.17500000000000002,0.0,0.0,0.008400000000000001,0.0,0.0,0.0,2638.0,0.0,0.17500000000000002
2742740572,10,0,0.006,0.135,0.002,0.0,0.0,0.17500000000000002,0.0,0.0,0.0089,0.0,0.0,0.0,6638.0,0.0,0.17500000000000002
2742744594,10,0,0.006,0.122,-0.002,0.0,0.0,0.17500000000000002,0.0,0.0,0.0094,0.0,0.0,0.0,10660.0,0.0,0.17500000000000002
2742748787,10,0,0.008,0.107,0.01,0.0,0.0,0.17500000000000002,0.0,0.0,0.0099,0.0,0.0,0.0,14853.0,0.0,0.17500000000000002
2742753786,10,0,0.006,0.083,0.014,0.0,0.0,0.17500000000000002,0.0,0.0,0.0103,0.0,0.0,0.0,19852.0,0.0,0.17500000000000002
2742757813,10,0,0.009000000000000001,0.082,0.01,0.0,0.0,0.17500000000000002,0.0,0.0,0.0106,0.0,0.0,0.0,23879.0,0.0,0.17500000000000002
2742760571,10,0,0.011,0.078,0.013000000000000001,0.0,0.0,0.17500000000000002,0.0,0.0,0.0108,0.0,0.0,0.0,0.0,0.0,0.17500000000000002
2742764593,10,0,0.009000000000000001,0.073,0.018000000000000002,0.0,0.0,0.17500000000000002,0.0,0.0,0.011000000000000001,0.0,0.0,0.0,4022.0,0.0,0.17500000000000002
2742768808,10,0,0.011,0.061,0.005,0.0,0.0,0.17500000000000002,0.0,0.0,0.011300000000000001,0.0,0.0,0.0,8237.0,0.0,0.17500000000000002
2742772813,10,0,0.013000000000000001,0.053,0.0,0.0,0.0,0.17500000000000002,0.0,0.0,0.0115,0.0,0.0,0.0,12242.0,0.0,0.17500000000000002
2742776816,10,0,0.017,0.056,-0.009000000000000001,0.0,0.0,0.17500000000000002,0.0,0.0,0.011600000000000001,0.0,0.0,0.0,16245.0,0.0,0.17500000000000002
2742781782,10,0,0.009000000000000001,0.041,-0.008,0.0,0.0,0.17500000000000002,0.0,0.0,0.0118,0.0,0.0,0.0,21211.0,0.0,0.17500000000000002
2742786578,10,0,0.013000000000000001,0.042,-0.001,0.0,0.0,0.17500000000000002,0.0,0.0,0.012,0.0,0.0,0.0,26007.0,0.0,0.17500000000000002
2742788813,10,0,0.014,0.032,-0.006,0.0,0.0,0.17500000000000002,0.0,0.0,0.012100000000000001,0.0,0.0,0.0,0.0,0.0,0.17500000000000002
2742793577,10,0,0.013000000000000001,0.027,-0.014,0.0,0.0,0.1633,0.0,0.0,0.012100000000000001,0.0,0.0,0.0,4764.0,0.0,0.1633
2742797938,10,0,0.009000000000000001,0.012,0.003,0.0,0.0,0.154,0.0,0.0,0.0122,0.0,0.0,0.0,9125.0,0.0,0.154
2742800577,10,0,0.009000000000000001,0.006,0.004,0.0,0.0,0.14700000000000002,0.0,0.0,0.0122,0.0,0.0,0.0,11764.0,0.0,0.14700000000000002
2742804601,10,0,0.012,-0.004,-0.004,0.0,0.0,0.13770000000000002,0.0,0.0,0.0122,0.0,0.0,0.0,15788.0,0.0,0.13770000000000002
2742809575,10,0,0.004,-0.01,0.0,0.0,0.0,0.126,0.0,0.0,0.012100000000000001,0.0,0.0,0.0,20762.0,0.0,0.126
2742813577,10,0,0.004,-0.012,0.008,0.0,0.0,0.11670000000000001,0.0,0.0,0.0122,0.0,0.0,0.0,24764.0,0.0,0.11670000000000001
2742817846,10,0,0.006,-0.015,0.002,0.0,0.0,0.1073,0.0,0.0,0.0123,0.0,0.0,0.0,0.0,0.0,0.1073
2742820575,10,0,0.008,-0.014,0.003,0.0,0.0,0.1003,0.0,0.0,0.0123,0.0,0.0,0.0,2729.0,0.0,0.1003
2742825061,10,0,-0.004,-0.019,0.013000000000000001,0.0,0.0,0.091,0.0,0.0,0.012400000000000001,0.0,0.0,0.0,7215.0,0.0,0.091
2742829930,10,0,-0.013000000000000001,-0.02,0.0,0.0,0.0,0.07930000000000001,0.0,0.0,0.012400000000000001,0.0,0.0,0.0,12084.0,0.0,0.07930000000000001
2742832570,10,0,-0.012,-0.022,-0.001,0.0,0.0,0.0723,0.0,0.0,0.012400000000000001,0.0,0.0,0.0,14724.0,0.0,0.0723
2742836577,10,0,-0.007,-0.024,0.008,0.0,0.0,0.063,0.0,0.0,0.0123,0.0,0.0,0.0,18731.0,0.0,0.063
2742840577,10,0,-0.01,-0.027,0.0,0.0,0.0,0.053700000000000005,0.0,0.0,0.0123,0.0,0.0,0.0,22731.0,0.0,0.053700000000000005
2742845599,10,0,-0.012,-0.027,-0.007,0.0,0.0,0.042,0.0,0.0,0.0123,0.0,0.0,0.0,0.0,0.0,0.042
2742850577,10,0,-0.012,-0.03,0.001,0.0,0.0,0.0303,0.0,0.0,0.012100000000000001,0.0,0.0,0.0,4978.0,0.0,0.0303
2742852827,10,0,-0.01,-0.028,-0.001,0.0,0.0,0.0257,0.0,0.0,0.012,0.0,0.0,0.0,7228.0,0.0,0.0257
2742857837,10,0,-0.01,-0.031,-0.009000000000000001,0.0,0.0,0.014,0.0,0.0,0.0119,0.0,0.0,0.0,12238.0,0.0,0.014
2742860577,10,0,-0.013000000000000001,-0.03,-0.004,0.0,0.0,0.007,0.0,0.0,0.0118,0.0,0.0,0.0,14978.0,0.0,0.007
2742864577,10,0,-0.016,-0.041,0.0,0.0,0.0,-0.0023,0.0,0.0,0.011600000000000001,0.0,0.0,0.0,18978.0,0.0,-0.0023
2742868811,10,0,-0.011,-0.053,-0.002,0.0,0.0,-0.0117,0.0,0.0,0.0112,0.0,0.0,0.0,23212.0,0.0,-0.0117
2742872846,10,0,-0.001,-0.067,0.002,0.0,0.0,-0.021,0.0,0.0,0.0108,0.0,0.0,0.0,0.0,0.0,-0.021
2742877595,10,0,-0.005,-0.10400000000000001,0.008,0.0,0.0,-0.0327,0.0,0.0,0.0103,0.0,0.0,0.0,4749.0,0.0,-0.0327
2742882596,10,0,-0.012,-0.137,0.0,0.0,0.0,-0.0443,0.0,0.0,0.0094,0.0,0.0,0.0,9750.0,0.0,-0.0443
2742884813,10,0,-0.011,-0.158,0.0,0.0,0.0,-0.049,0.0,0.0,0.0088,0.0,0.0,0.0,11967.0,0.0,-0.049
2742888814,10,0,-0.01,-0.181,0.005,0.0,0.0,-0.058300000000000005,0.0,0.0,0.0079,0.0,0.0,0.0,15968.0,0.0,-0.058300000000000005
2742893571,10,0,-0.01,-0.19,0.005,0.0,0.0,-0.07,0.0,0.0,0.007200000000000001,0.0,0.0,0.0,20725.0,0.0,-0.07
2742897571,10,0,-0.015,-0.198,0.004,0.0,0.0,-0.07930000000000001,0.0,0.0,0.0063,0.0,0.0,0.0,24725.0,0.0,-0.07930000000000001
2742901572,10,0,-0.013000000000000001,-0.201,0.006,0.0,0.0,-0.0887,0.0,0.0,0.0058000000000000005,0.0,0.0,0.0,0.0,0.0,-0.0887
2742905826,10,0,-0.002,-0.189,0.009000000000000001,0.0,0.0,-0.098,0.0,0.0,0.005200000000000001,0.0,0.0,0.0,4254.0,0.0,-0.098
2742910571,10,0,0.006,-0.182,0.009000000000000001,0.0,0.0,-0.1097,0.0,0.0,0.0048000000000000004,0.0,0.0,0.0,8999.0,0.0,-0.1097
2742912571,10,0,0.008,-0.178,0.009000000000000001,0.0,0.0,-0.1143,0.0,0.0,0.0045000000000000005,0.0,0.0,0.0,10999.0,0.0,-0.1143
2742916571,10,0,0.001,-0.17500000000000002,0.002,0.0,0.0,-0.1237,0.0,0.0,0.0041,0.0,0.0,0.0,14999.0,0.0,-0.1237
2742920832,10,0,0.006,-0.18,0.0,0.0,0.0,-0.133,0.0,0.0,0.0035,0.0,0.0,0.0,19260.0,0.0,-0.133
2742925571,10,0,0.012,-0.182,-0.002,0.0,0.0,-0.1447,0.0,0.0,0.0031000000000000003,0.0,0.0,0.0,23999.0,0.0,-0.1447
2742929839,10,0,0.025,-0.199,-0.002,0.0,0.0,-0.154,0.0,0.0,0.0021000000000000003,0.0,0.0,0.0,0.0,0.0,-0.154
2742933881,10,0,0.004,-0.21,-0.005,0.0,0.0,-0.1633,0.0,0.0,0.0013000000000000002,0.0,0.0,0.0,4042.0,0.0,-0.1633
2742936571,10,0,0.003,-0.216,-0.005,0.0,0.0,-0.1703,0.0,0.0,0.0008,0.0,0.0,0.0,6732.0,0.0,-0.1703
2742940571,10,0,0.01,-0.226,-0.006,0.0,0.0,-0.17500000000000002,0.0,0.0,-0.0002,0.0,0.0,0.0,10732.0,0.0,-0.17500000000000002
2742944850,10,0,0.016,-0.232,0.0,0.0,0.0,-0.17500000000000002,0.0,0.0,-0.0014,0.0,0.0,0.0,15011.0,0.0,-0.17500000000000002
2742948853,10,0,0.014,-0.244,0.001,0.0,0.0,-0.17500000000000002,0.0,0.0,-0.0024000000000000002,0.0,0.0,0.0,19014.0,0.0,-0.17500000000000002
2742952903,10,0,0.007,-0.23900000000000002,0.002,0.0,0.0,-0.17500000000000002,0.0,0.0,-0.0035,0.0,0.0,0.0,23064.0,0.0,-0.17500000000000002
2742957762,10,0,0.014,-0.24,0.001,0.0,0.0,-0.17500000000000002,0.0,0.0,-0.0044,0.0,0.0,0.0,0.0,0.0,-0.17500000000000002
2742961861,10,0,0.016,-0.227,0.009000000000000001,0.0,0.0,-0.17500000000000002,0.0,0.0,-0.0057,0.0,0.0,0.0,4099.0,0.0,-0.17500000000000002
2742965866,10,0,0.013000000000000001,-0.215,0.007,0.0,0.0,-0.17500000000000002,0.0,0.0,-0.0066,0.0,0.0,0.0,8104.0,0.0,-0.17500000000000002
2742970570,10,0,0.006,-0.195,0.005,0.0,0.0,-0.17500000000000002,0.0,0.0,-0.0074,0.0,0.0,0.0,12808.0,0.0,-0.17500000000000002
2742972571,10,0,0.0,-0.185,0.011,0.0,0.0,-0.17500000000000002,0.0,0.0,-0.0078000000000000005,0.0,0.0,0.0,14809.0,0.0,-0.17500000000000002
2742976572,10,0,-0.002,-0.18,0.008,0.0,0.0,-0.17500000000000002,0.0,0.0,-0.0085,0.0,0.0,0.0,18810.0,0.0,-0.17500000000000002
2742980875,10,0,0.004,-0.148,0.002,0.0,0.0,-0.17500000000000002,0.0,0.0,-0.009300000000000001,0.0,0.0,0.0,23113.0,0.0,-0.17500000000000002
2742985532,10,0,0.002,-0.146,-0.001,0.0,0.0,-0.17500000000000002,0.0,0.0,-0.0099,0.0,0.0,0.0,0.0,0.0,-0.17500000000000002
2742989571,10,0,-0.008,-0.134,-0.003,0.0,0.0,-0.17500000000000002,0.0,0.0,-0.010400000000000001,0.0,0.0,0.0,4039.0,0.0,-0.17500000000000002
2742993571,10,0,-0.008,-0.124,-0.008,0.0,0.0,-0.17500000000000002,0.0,0.0,-0.0111,0.0,0.0,0.0,8039.0,0.0,-0.17500000000000002
2742997974,10,0,-0.003,-0.11800000000000001,-0.01,0.0,0.0,-0.17500000000000002,0.0,0.0,-0.0117,0.0,0.0,0.0,12442.0,0.0,-0.17500000000000002
2743000533,10,0,-0.001,-0.111,-0.009000000000000001,0.0,0.0,-0.17500000000000002,0.0,0.0,-0.012,0.0,0.0,0.0,15001.0,0.0,-0.17500000000000002
2743004892,10,0,-0.008,-0.10200000000000001,-0.011,0.0,0.0,-0.17500000000000002,0.0,0.0,-0.0125,0.0,0.0,0.0,19360.0,0.0,-0.17500000000000002
2743008932,10,0,-0.011,-0.089,-0.004,0.0,0.0,-0.17500000000000002,0.0,0.0,-0.0128,0.0,0.0,0.0,23400.0,0.0,-0.17500000000000002
2743013571,10,0,-0.02,-0.082,-0.002,0.0,0.0,-0.17500000000000002,0.0,0.0,-0.013000000000000001,0.0,0.0,0.0,0.0,0.0,-0.17500000000000002
2743017984,10,0,-0.017,-0.056,0.006,0.0,0.0,-0.17500000000000002,0.0,0.0,-0.0131,0.0,0.0,0.0,4413.0,0.0,-0.17500000000000002
2743020533,10,0,-0.018000000000000002,-0.052000000000000005,0.012,0.0,0.0,-0.17500000000000002,0.0,0.0,-0.0131,0.0,0.0,0.0,6962.0,0.0,-0.17500000000000002
2743024912,10,0,-0.015,-0.04,0.009000000000000001,0.0,0.0,-0.17500000000000002,0.0,0.0,-0.0131,0.0,0.0,0.0,11341.0,0.0,-0.17500000000000002
2743029948,10,0,-0.015,-0.031,0.006,0.0,0.0,-0.17500000000000002,0.0,0.0,-0.0131,0.0,0.0,0.0,16377.0,0.0,-0.17500000000000002
2743034572,10,0,-0.013000000000000001,-0.034,-0.001,0.0,0.0,-0.17500000000000002,0.0,0.0,-0.0132,0.0,0.0,0.0,21001.0,0.0,-0.17500000000000002
2743036914,10,0,-0.01,-0.04,0.002,0.0,0.0,-0.17500000000000002,0.0,0.0,-0.013300000000000001,0.0,0.0,0.0,23343.0,0.0,-0.17500000000000002
2743040955,10,0,-0.013000000000000001,-0.039,-0.003,0.0,0.0,-0.1703,0.0,0.0,-0.0134,0.0,0.0,0.0,0.0,0.0,-0.1703
2743045571,10,0,-0.011,-0.04,-0.004,0.0,0.0,-0.1587,0.0,0.0,-0.0135,0.0,0.0,0.0,4616.0,0.0,-0.1587
2743049924,10,0,-0.007,-0.029,-0.003,0.0,0.0,-0.14930000000000002,0.0,0.0,-0.0137,0.0,0.0,0.0,8969.0,0.0,-0.14930000000000002
2743054083,10,0,-0.01,-0.023,-0.001,0.0,0.0,-0.14,0.0,0.0,-0.0137,0.0,0.0,0.0,13128.0,0.0,-0.14
2743056571,10,0,-0.01,-0.025,-0.005,0.0,0.0,-0.133,0.0,0.0,-0.0137,0.0,0.0,0.0,15616.0,0.0,-0.133
2743060931,10,0,0.001,-0.015,0.001,0.0,0.0,-0.1237,0.0,0.0,-0.0137,0.0,0.0,0.0,19976.0,0.0,-0.1237
2743065533,10,0,0.003,-0.003,-0.006,0.0,0.0,-0.112,0.0,0.0,-0.0137,0.0,0.0,0.0,24578.0,0.0,-0.112
2743069571,10,0,0.011,-0.001,-0.007,0.0,0.0,-0.1027,0.0,0.0,-0.013600000000000001,0.0,0.0,0.0,0.0,0.0,-0.1027
2743073978,10,0,0.01,0.003,-0.001,0.0,0.0,-0.09330000000000001,0.0,0.0,-0.0137,0.0,0.0,0.0,4407.0,0.0,-0.09330000000000001
2743078026,10,0,0.008,0.006,-0.001,0.0,0.0,-0.084,0.0,0.0,-0.0137,0.0,0.0,0.0,8455.0,0.0,-0.084
2743080524,10,0,0.006,0.008,0.002,0.0,0.0,-0.077,0.0,0.0,-0.013800000000000002,0.0,0.0,0.0,10953.0,0.0,-0.077
2743085570,10,0,0.008,0.007,0.004,0.0,0.0,-0.0653,0.0,0.0,-0.013800000000000002,0.0,0.0,0.0,15999.0,0.0,-0.0653
2743090534,10,0,0.013000000000000001,0.008,0.005,0.0,0.0,-0.053700000000000005,0.0,0.0,-0.013800000000000002,0.0,0.0,0.0,20963.0,0.0,-0.053700000000000005
2743092572,10,0,0.009000000000000001,0.01,0.005,0.0,0.0,-0.049,0.0,0.0,-0.013800000000000002,0.0,0.0,0.0,23001.0,0.0,-0.049
2743096995,10,0,0.011,0.013000000000000001,0.0,0.0,0.0,-0.0397,0.0,0.0,-0.0137,0.0,0.0,0.0,0.0,0.0,-0.0397
2743100998,10,0,0.013000000000000001,0.012,0.002,0.0,0.0,-0.0303,0.0,0.0,-0.0137,0.0,0.0,0.0,4003.0,0.0,-0.0303
2743105571,10,0,0.015,0.013000000000000001,-0.008,0.0,0.0,-0.0187,0.0,0.0,-0.0137,0.0,0.0,0.0,8576.0,0.0,-0.0187
2743110525,10,0,0.021,0.016,-0.01,0.0,0.0,-0.007,0.0,0.0,-0.0137,0.0,0.0,0.0,13530.0,0.0,-0.007
2743112533,10,0,0.023,0.021,-0.007,0.0,0.0,-0.0023,0.0,0.0,-0.013600000000000001,0.0,0.0,0.0,15538.0,0.0,-0.0023
2743116571,10,0,0.015,0.031,-0.002,0.0,0.0,0.007,0.0,0.0,-0.0134,0.0,0.0,0.0,19576.0,0.0,0.007
2743121012,10,0,0.008,0.053,-0.008,0.0,0.0,0.016300000000000002,0.0,0.0,-0.013000000000000001,0.0,0.0,0.0,24017.0,0.0,0.016300000000000002
2743125533,10,0,0.009000000000000001,0.09,-0.005,0.0,0.0,0.028,0.0,0.0,-0.012400000000000001,0.0,0.0,0.0,0.0,0.0,0.028
2743130019,10,0,0.013000000000000001,0.132,0.004,0.0,0.0,0.0373,0.0,0.0,-0.0117,0.0,0.0,0.0,4486.0,0.0,0.0373
2743134021,10,0,0.01,0.165,0.0,0.0,0.0,0.046700000000000005,0.0,0.0,-0.0109,0.0,0.0,0.0,8488.0,0.0,0.046700000000000005
2743138069,10,0,0.003,0.194,-0.002,0.0,0.0,0.056,0.0,0.0,-0.0099,0.0,0.0,0.0,12536.0,0.0,0.056
2743140533,10,0,-0.005,0.203,-0.001,0.0,0.0,0.063,0.0,0.0,-0.0094,0.0,0.0,0.0,15000.0,0.0,0.063
2743144571,10,0,-0.006,0.22,-0.002,0.0,0.0,0.0723,0.0,0.0,-0.0085,0.0,0.0,0.0,19038.0,0.0,0.0723
2743149570,10,0,0.0,0.231,0.003,0.0,0.0,0.084,0.0,0.0,-0.0076,0.0,0.0,0.0,24037.0,0.0,0.084
2743154534,10,0,-0.003,0.20700000000000002,-0.002,0.0,0.0,0.09570000000000001,0.0,0.0,-0.0066,0.0,0.0,0.0,0.0,0.0,0.09570000000000001
2743156571,10,0,-0.003,0.20600000000000002,-0.008,0.0,0.0,0.1003,0.0,0.0,-0.0063,0.0,0.0,0.0,2037.0,0.0,0.1003
2743161041,10,0,-0.005,0.177,-0.012,0.0,0.0,0.1097,0.0,0.0,-0.0058000000000000005,0.0,0.0,0.0,6507.0,0.0,0.1097
2743165533,10,0,0.001,0.17500000000000002,-0.011,0.0,0.0,0.1213,0.0,0.0,-0.0053,0.0,0.0,0.0,10999.0,0.0,0.1213
2743170047,10,0,-0.014,0.156,-0.011,0.0,0.0,0.1307,0.0,0.0,-0.0047,0.0,0.0,0.0,15513.0,0.0,0.1307
2743174049,10,0,-0.008,0.177,-0.01,0.0,0.0,0.14,0.0,0.0,-0.004200000000000001,0.0,0.0,0.0,19515.0,0.0,0.14
2743178101,10,0,-0.014,0.17500000000000002,-0.003,0.0,0.0,0.1517,0.0,0.0,-0.0034000000000000002,0.0,0.0,0.0,23567.0,0.0,0.1517
2743180547,10,0,-0.015,0.177,0.0,0.0,0.0,0.1563,0.0,0.0,-0.003,0.0,0.0,0.0,0.0,0.0,0.1563
2743185057,10,0,-0.015,0.2,0.011,0.0,0.0,0.16570000000000001,0.0,0.0,-0.0018000000000000002,0.0,0.0,0.0,4510.0,0.0,0.16570000000000001
2743189060,10,0,-0.015,0.202,0.021,0.0,0.0,0.17500000000000002,0.0,0.0,-0.0009000000000000001,0.0,0.0,0.0,8513.0,0.0,0.17500000000000002
2743193108,10,0,-0.014,0.217,0.009000000000000001,0.0,0.0,0.17500000000000002,0.0,0.0,0.0001,0.0,0.0,0.0,12561.0,0.0,0.17500000000000002
2743198117,10,0,-0.015,0.211,0.005,0.0,0.0,0.17500000000000002,0.0,0.0,0.0013000000000000002,0.0,0.0,0.0,17570.0,0.0,0.17500000000000002
2743200524,10,0,-0.011,0.212,0.006,0.0,0.0,0.17500000000000002,0.0,0.0,0.0017000000000000001,0.0,0.0,0.0,19977.0,0.0,0.17500000000000002
2743205071,10,0,-0.012,0.202,-0.003,0.0,0.0,0.17500000000000002,0.0,0.0,0.0029000000000000002,0.0,0.0,0.0,24524.0,0.0,0.17500000000000002
2743209073,10,0,-0.02,0.195,-0.005,0.0,0.0,0.17500000000000002,0.0,0.0,0.0038,0.0,0.0,0.0,0.0,0.0,0.17500000000000002
2743213571,10,0,-0.017,0.196,-0.011,0.0,0.0,0.17500000000000002,0.0,0.0,0.0045000000000000005,0.0,0.0,0.0,4498.0,0.0,0.17500000000000002
2743218128,10,0,-0.009000000000000001,0.176,-0.015,0.0,0.0,0.17500000000000002,0.0,0.0,0.0058000000000000005,0.0,0.0,0.0,9055.0,0.0,0.17500000000000002
2743220533,10,0,-0.01,0.183,-0.009000000000000001,0.0,0.0,0.17500000000000002,0.0,0.0,0.006200000000000001,0.0,0.0,0.0,11460.0,0.0,0.17500000000000002
2743225086,10,0,-0.004,0.16,-0.006,0.0,0.0,0.17500000000000002,0.0,0.0,0.0071,0.0,0.0,0.0,16013.0,0.0,0.17500000000000002
2743229532,10,0,-0.007,0.155,-0.014,0.0,0.0,0.17500000000000002,0.0,0.0,0.0078000000000000005,0.0,0.0,0.0,20459.0,0.0,0.17500000000000002
2743233533,10,0,0.01,0.14200000000000002,-0.012,0.0,0.0,0.17500000000000002,0.0,0.0,0.0085,0.0,0.0,0.0,24460.0,0.0,0.17500000000000002
2743238143,10,0,0.003,0.126,-0.001,0.0,0.0,0.17500000000000002,0.0,0.0,0.0091,0.0,0.0,0.0,0.0,0.0,0.17500000000000002
2743240531,10,0,0.006,0.123,-0.001,0.0,0.0,0.17500000000000002,0.0,0.0,0.009300000000000001,0.0,0.0,0.0,2388.0,0.0,0.17500000000000002
2743245571,10,0,0.008,0.108,-0.004,0.0,0.0,0.17500000000000002,0.0,0.0,0.0097,0.0,0.0,0.0,7428.0,0.0,0.17500000000000002
2743248151,10,0,0.007,0.105,0.01,0.0,0.0,0.17500000000000002,0.0,0.0,0.010100000000000001,0.0,0.0,0.0,10008.0,0.0,0.17500000000000002
2743252534,10,0,0.01,0.084,0.018000000000000002,0.0,0.0,0.17500000000000002,0.0,0.0,0.010400000000000001,0.0,0.0,0.0,14391.0,0.0,0.17500000000000002
2743257533,10,0,0.007,0.082,0.009000000000000001,0.0,0.0,0.17500000000000002,0.0,0.0,0.0108,0.0,0.0,0.0,19390.0,0.0,0.17500000000000002
2743262115,10,0,0.014,0.07100000000000001,0.014,0.0,0.0,0.17500000000000002,0.0,0.0,0.0111,0.0,0.0,0.0,23972.0,0.0,0.17500000000000002
2743264533,10,0,0.014,0.069,0.011,0.0,0.0,0.17500000000000002,0.0,0.0,0.0112,0.0,0.0,0.0,0.0,0.0,0.17500000000000002
2743269118,10,0,0.012,0.064,0.0,0.0,0.0,0.17500000000000002,0.0,0.0,0.0115,0.0,0.0,0.0,4585.0,0.0,0.17500000000000002
2743273167,10,0,0.02,0.053,-0.005,0.0,0.0,0.17500000000000002,0.0,0.0,0.0117,0.0,0.0,0.0,8634.0,0.0,0.17500000000000002
2743277571,10,0,0.021,0.055,0.001,0.0,0.0,0.17500000000000002,0.0,0.0,0.0118,0.0,0.0,0.0,13038.0,0.0,0.17500000000000002
2743282131,10,0,0.017,0.039,-0.015,0.0,0.0,0.17500000000000002,0.0,0.0,0.012,0.0,0.0,0.0,17598.0,0.0,0.17500000000000002
2743284531,10,0,0.018000000000000002,0.036000000000000004,-0.011,0.0,0.0,0.17500000000000002,0.0,0.0,0.012100000000000001,0.0,0.0,0.0,19998.0,0.0,0.17500000000000002
2743289133,10,0,0.012,0.03,-0.003,0.0,0.0,0.17270000000000002,0.0,0.0,0.0122,0.0,0.0,0.0,24600.0,0.0,0.17270000000000002
2743293180,10,0,0.017,0.022,-0.007,0.0,0.0,0.1633,0.0,0.0,0.0123,0.0,0.0,0.0,0.0,0.0,0.1633
2743297530,10,0,0.009000000000000001,0.018000000000000002,-0.005,0.0,0.0,0.154,0.0,0.0,0.012400000000000001,0.0,0.0,0.0,4350.0,0.0,0.154
2743301531,10,0,0.009000000000000001,0.003,0.002,0.0,0.0,0.1447,0.0,0.0,0.012400000000000001,0.0,0.0,0.0,8351.0,0.0,0.1447
2743305532,10,0,0.01,-0.008,0.001,0.0,0.0,0.1353,0.0,0.0,0.012400000000000001,0.0,0.0,0.0,12352.0,0.0,0.1353
2743308194,10,0,0.01,-0.015,0.004,0.0,0.0,0.1283,0.0,0.0,0.0123,0.0,0.0,0.0,15014.0,0.0,0.1283
2743312531,10,0,0.01,-0.017,0.01,0.0,0.0,0.11900000000000001,0.0,0.0,0.0123,0.0,0.0,0.0,19351.0,0.0,0.11900000000000001
2743316532,10,0,0.007,-0.019,0.006,0.0,0.0,0.1097,0.0,0.0,0.012400000000000001,0.0,0.0,0.0,23352.0,0.0,0.1097
2743321153,10,0,-0.003,-0.024,0.004,0.0,0.0,0.098,0.0,0.0,0.012400000000000001,0.0,0.0,0.0,0.0,0.0,0.098
2743325530,10,0,-0.006,-0.025,0.004,0.0,0.0,0.0887,0.0,0.0,0.0125,0.0,0.0,0.0,4377.0,0.0,0.0887
2743330160,10,0,-0.01,-0.027,0.002,0.0,0.0,0.077,0.0,0.0,0.012400000000000001,0.0,0.0,0.0,9007.0,0.0,0.077
2743332164,10,0,-0.01,-0.026000000000000002,0.003,0.0,0.0,0.0723,0.0,0.0,0.012400000000000001,0.0,0.0,0.0,11011.0,0.0,0.0723
2743336167,10,0,-0.007,-0.03,0.005,0.0,0.0,0.063,0.0,0.0,0.012400000000000001,0.0,0.0,0.0,15014.0,0.0,0.063
2743340531,10,0,-0.012,-0.035,0.003,0.0,0.0,0.053700000000000005,0.0,0.0,0.0123,0.0,0.0,0.0,19378.0,0.0,0.053700000000000005
2743345174,10,0,-0.016,-0.039,-0.008,0.0,0.0,0.042,0.0,0.0,0.0122,0.0,0.0,0.0,24021.0,0.0,0.042
2743349530,10,0,-0.012,-0.036000000000000004,-0.006,0.0,0.0,0.0327,0.0,0.0,0.012100000000000001,0.0,0.0,0.0,0.0,0.0,0.0327
2743353532,10,0,-0.012,-0.04,-0.005,0.0,0.0,0.0233,0.0,0.0,0.0119,0.0,0.0,0.0,4002.0,0.0,0.0233
2743356181,10,0,-0.016,-0.039,-0.008,0.0,0.0,0.016300000000000002,0.0,0.0,0.0118,0.0,0.0,0.0,6651.0,0.0,0.016300000000000002
2743360530,10,0,-0.015,-0.038,-0.001,0.0,0.0,0.007,0.0,0.0,0.011600000000000001,0.0,0.0,0.0,11000.0,0.0,0.007
2743364532,10,0,-0.017,-0.054,0.0,0.0,0.0,-0.0023,0.0,0.0,0.0114,0.0,0.0,0.0,15002.0,0.0,-0.0023
2743369190,10,0,-0.019,-0.064,0.0,0.0,0.0,-0.014,0.0,0.0,0.0109,0.0,0.0,0.0,19660.0,0.0,-0.014
2743373571,10,0,-0.013000000000000001,-0.082,0.003,0.0,0.0,-0.0233,0.0,0.0,0.0106,0.0,0.0,0.0,24041.0,0.0,-0.0233
2743376194,10,0,-0.012,-0.109,0.009000000000000001,0.0,0.0,-0.0303,0.0,0.0,0.01,0.0,0.0,0.0,0.0,0.0,-0.0303
2743380529,10,0,-0.018000000000000002,-0.138,0.007,0.0,0.0,-0.0397,0.0,0.0,0.0092,0.0,0.0,0.0,4335.0,0.0,-0.0397
2743385202,10,0,-0.016,-0.169,-0.001,0.0,0.0,-0.051300000000000005,0.0,0.0,0.0082,0.0,0.0,0.0,9008.0,0.0,-0.051300000000000005
2743390206,10,0,-0.01,-0.19,0.009000000000000001,0.0,0.0,-0.063,0.0,0.0,0.0071,0.0,0.0,0.0,14012.0,0.0,-0.063
2743392207,10,0,-0.012,-0.198,0.006,0.0,0.0,-0.06770000000000001,0.0,0.0,0.0067,0.0,0.0,0.0,16013.0,0.0,-0.06770000000000001
2743396209,10,0,-0.019,-0.209,0.002,0.0,0.0,-0.077,0.0,0.0,0.0059,0.0,0.0,0.0,20015.0,0.0,-0.077
2743400556,10,0,-0.017,-0.20500000000000002,0.004,0.0,0.0,-0.0863,0.0,0.0,0.0053,0.0,0.0,0.0,24362.0,0.0,-0.0863
2743405571,10,0,-0.004,-0.195,0.006,0.0,0.0,-0.098,0.0,0.0,0.0048000000000000004,0.0,0.0,0.0,0.0,0.0,-0.098
2743408265,10,0,0.003,-0.188,0.005,0.0,0.0,-0.10500000000000001,0.0,0.0,0.0043,0.0,0.0,0.0,2694.0,0.0,-0.10500000000000001
2743412532,10,0,-0.001,-0.181,0.008,0.0,0.0,-0.1143,0.0,0.0,0.0039000000000000003,0.0,0.0,0.0,6961.0,0.0,-0.1143
2743417225,10,0,0.002,-0.17400000000000002,-0.001,0.0,0.0,-0.126,0.0,0.0,0.0034000000000000002,0.0,0.0,0.0,11654.0,0.0,-0.126
2743421226,10,0,0.013000000000000001,-0.181,-0.006,0.0,0.0,-0.1353,0.0,0.0,0.0028,0.0,0.0,0.0,15655.0,0.0,-0.1353
2743425528,10,0,0.015,-0.182,-0.001,0.0,0.0,-0.1447,0.0,0.0,0.0023,0.0,0.0,0.0,19957.0,0.0,-0.1447
2743429529,10,0,0.021,-0.192,0.0,0.0,0.0,-0.154,0.0,0.0,0.0016,0.0,0.0,0.0,23958.0,0.0,-0.154
2743434193,10,0,0.004,-0.203,-0.005,0.0,0.0,-0.16570000000000001,0.0,0.0,0.0006000000000000001,0.0,0.0,0.0,0.0,0.0,-0.16570000000000001
2743436238,10,0,0.007,-0.213,-0.003,0.0,0.0,-0.1703,0.0,0.0,0.0001,0.0,0.0,0.0,2045.0,0.0,-0.1703
2743440555,10,0,0.013000000000000001,-0.223,-0.003,0.0,0.0,-0.17500000000000002,0.0,0.0,-0.0008,0.0,0.0,0.0,6362.0,0.0,-0.17500000000000002
2743445528,10,0,0.019,-0.229,0.002,0.0,0.0,-0.17500000000000002,0.0,0.0,-0.0021000000000000003,0.0,0.0,0.0,11335.0,0.0,-0.17500000000000002
2743449530,10,0,0.016,-0.23800000000000002,0.006,0.0,0.0,-0.17500000000000002,0.0,0.0,-0.0031000000000000003,0.0,0.0,0.0,15337.0,0.0,-0.17500000000000002
2743453532,10,0,0.014,-0.23700000000000002,-0.001,0.0,0.0,-0.17500000000000002,0.0,0.0,-0.0041,0.0,0.0,0.0,19339.0,0.0,-0.17500000000000002
2743458299,10,0,0.012,-0.23700000000000002,0.006,0.0,0.0,-0.17500000000000002,0.0,0.0,-0.0054,0.0,0.0,0.0,24106.0,0.0,-0.17500000000000002
2743460554,10,0,0.017,-0.23500000000000001,0.009000000000000001,0.0,0.0,-0.17500000000000002,0.0,0.0,-0.0059,0.0,0.0,0.0,0.0,0.0,-0.17500000000000002
2743465528,10,0,0.022,-0.214,0.005,0.0,0.0,-0.17500000000000002,0.0,0.0,-0.0071,0.0,0.0,0.0,4974.0,0.0,-0.17500000000000002
2743469571,10,0,0.015,-0.202,0.001,0.0,0.0,-0.17500000000000002,0.0,0.0,-0.0077,0.0,0.0,0.0,9017.0,0.0,-0.17500000000000002
2743472262,10,0,0.006,-0.184,0.005,0.0,0.0,-0.17500000000000002,0.0,0.0,-0.008400000000000001,0.0,0.0,0.0,11708.0,0.0,-0.17500000000000002
2743476264,10,0,0.006,-0.18,0.005,0.0,0.0,-0.17500000000000002,0.0,0.0,-0.0091,0.0,0.0,0.0,15710.0,0.0,-0.17500000000000002
2743480552,10,0,0.004,-0.157,-0.004,0.0,0.0,-0.17500000000000002,0.0,0.0,-0.0098,0.0,0.0,0.0,19998.0,0.0,-0.17500000000000002
2743485527,10,0,0.001,-0.152,0.001,0.0,0.0,-0.17500000000000002,0.0,0.0,-0.0105,0.0,0.0,0.0,24973.0,0.0,-0.17500000000000002
2743489528,10,0,-0.004,-0.135,-0.008,0.0,0.0,-0.17500000000000002,0.0,0.0,-0.0111,0.0,0.0,0.0,0.0,0.0,-0.17500000000000002
2743493530,10,0,0.005,-0.131,-0.01,0.0,0.0,-0.17500000000000002,0.0,0.0,-0.0117,0.0,0.0,0.0,4002.0,0.0,-0.17500000000000002
2743496281,10,0,0.005,-0.131,-0.004,0.0,0.0,-0.17500000000000002,0.0,0.0,-0.012100000000000001,0.0,0.0,0.0,6753.0,0.0,-0.17500000000000002
2743500552,10,0,-0.001,-0.11800000000000001,-0.008,0.0,0.0,-0.17500000000000002,0.0,0.0,-0.0126,0.0,0.0,0.0,11024.0,0.0,-0.17500000000000002
2743505529,10,0,-0.008,-0.11,-0.008,0.0,0.0,-0.17500000000000002,0.0,0.0,-0.0131,0.0,0.0,0.0,16001.0,0.0,-0.17500000000000002
2743510290,10,0,-0.015,-0.093,0.0,0.0,0.0,-0.17500000000000002,0.0,0.0,-0.0134,0.0,0.0,0.0,20762.0,0.0,-0.17500000000000002
2743512291,10,0,-0.017,-0.09,-0.004,0.0,0.0,-0.17500000000000002,0.0,0.0,-0.0135,0.0,0.0,0.0,22763.0,0.0,-0.17500000000000002
2743516295,10,0,-0.011,-0.07,-0.001,0.0,0.0,-0.17500000000000002,0.0,0.0,-0.0137,0.0,0.0,0.0,0.0,0.0,-0.17500000000000002
2743520552,10,0,-0.02,-0.063,0.008,0.0,0.0,-0.17500000000000002,0.0,0.0,-0.013800000000000002,0.0,0.0,0.0,4257.0,0.0,-0.17500000000000002
2743525529,10,0,-0.025,-0.049,0.013000000000000001,0.0,0.0,-0.17500000000000002,0.0,0.0,-0.013900000000000001,0.0,0.0,0.0,9234.0,0.0,-0.17500000000000002
2743528345,10,0,-0.021,-0.044,0.004,0.0,0.0,-0.17500000000000002,0.0,0.0,-0.014,0.0,0.0,0.0,12050.0,0.0,-0.17500000000000002
2743532529,10,0,-0.013000000000000001,-0.049,0.001,0.0,0.0,-0.17500000000000002,0.0,0.0,-0.014100000000000001,0.0,0.0,0.0,16234.0,0.0,-0.17500000000000002
2743536530,10,0,-0.014,-0.045,0.001,0.0,0.0,-0.17500000000000002,0.0,0.0,-0.0142,0.0,0.0,0.0,20235.0,0.0,-0.17500000000000002
2743541310,10,0,-0.017,-0.047,-0.004,0.0,0.0,-0.168,0.0,0.0,-0.014400000000000001,0.0,0.0,0.0,25015.0,0.0,-0.168
2743545528,10,0,-0.015,-0.045,-0.008,0.0,0.0,-0.1587,0.0,0.0,-0.0146,0.0,0.0,0.0,0.0,0.0,-0.1587
2743549529,10,0,-0.015,-0.038,-0.003,0.0,0.0,-0.14930000000000002,0.0,0.0,-0.0148,0.0,0.0,0.0,4001.0,0.0,-0.14930000000000002
2743552334,10,0,-0.012,-0.035,0.0,0.0,0.0,-0.1423,0.0,0.0,-0.0149,0.0,0.0,0.0,6806.0,0.0,-0.1423
2743556528,10,0,-0.011,-0.033,-0.003,0.0,0.0,-0.133,0.0,0.0,-0.0149,0.0,0.0,0.0,11000.0,0.0,-0.133
2743560552,10,0,-0.005,-0.017,0.002,0.0,0.0,-0.1237,0.0,0.0,-0.015000000000000001,0.0,0.0,0.0,15024.0,0.0,-0.1237
2743565572,10,0,-0.005,-0.003,0.002,0.0,0.0,-0.112,0.0,0.0,-0.015000000000000001,0.0,0.0,0.0,20044.0,0.0,-0.112
2743568376,10,0,0.002,0.0,-0.001,0.0,0.0,-0.10500000000000001,0.0,0.0,-0.0149,0.0,0.0,0.0,22848.0,0.0,-0.10500000000000001
2743572528,10,0,0.006,0.001,-0.003,0.0,0.0,-0.09570000000000001,0.0,0.0,-0.0149,0.0,0.0,0.0,0.0,0.0,-0.09570000000000001
2743576529,10,0,0.003,0.006,0.0,0.0,0.0,-0.0863,0.0,0.0,-0.015000000000000001,0.0,0.0,0.0,4001.0,0.0,-0.0863
2743580551,10,0,0.005,0.01,-0.001,0.0,0.0,-0.077,0.0,0.0,-0.015000000000000001,0.0,0.0,0.0,8023.0,0.0,-0.077
2743585528,10,0,0.008,0.011,0.0,0.0,0.0,-0.0653,0.0,0.0,-0.015000000000000001,0.0,0.0,0.0,13000.0,0.0,-0.0653
2743589529,10,0,0.014,0.01,0.001,0.0,0.0,-0.056,0.0,0.0,-0.015000000000000001,0.0,0.0,0.0,17001.0,0.0,-0.056
2743592347,10,0,0.012,0.009000000000000001,0.004,0.0,0.0,-0.049,0.0,0.0,-0.015000000000000001,0.0,0.0,0.0,19819.0,0.0,-0.049
2743596349,10,0,0.017,0.012,-0.001,0.0,0.0,-0.0397,0.0,0.0,-0.0149,0.0,0.0,0.0,23821.0,0.0,-0.0397
2743600659,10,0,0.018000000000000002,0.017,0.0,0.0,0.0,-0.0303,0.0,0.0,-0.0149,0.0,0.0,0.0,0.0,0.0,-0.0303
2743605526,10,0,0.016,0.012,-0.005,0.0,0.0,-0.0187,0.0,0.0,-0.0149,0.0,0.0,0.0,4867.0,0.0,-0.0187
2743609527,10,0,0.014,0.02,-0.008,0.0,0.0,-0.009300000000000001,0.0,0.0,-0.0148,0.0,0.0,0.0,8868.0,0.0,-0.009300000000000001
2743613529,10,0,0.02,0.029,-0.006,0.0,0.0,0.0,0.0,0.0,-0.0146,0.0,0.0,0.0,12870.0,0.0,0.0
2743616364,10,0,0.014,0.034,-0.006,0.0,0.0,0.007,0.0,0.0,-0.0143,0.0,0.0,0.0,15705.0,0.0,0.007
2743620527,10,0,0.017,0.056,-0.005,0.0,0.0,0.016300000000000002,0.0,0.0,-0.013900000000000001,0.0,0.0,0.0,19868.0,0.0,0.016300000000000002
2743624528,10,0,0.012,0.101,-0.001,0.0,0.0,0.0257,0.0,0.0,-0.013300000000000001,0.0,0.0,0.0,23869.0,0.0,0.0257
2743629572,10,0,0.016,0.131,0.003,0.0,0.0,0.0373,0.0,0.0,-0.012700000000000001,0.0,0.0,0.0,0.0,0.0,0.0373
2743632375,10,0,0.012,0.165,0.001,0.0,0.0,0.0443,0.0,0.0,-0.012100000000000001,0.0,0.0,0.0,2803.0,0.0,0.0443
2743636376,10,0,0.013000000000000001,0.19,0.001,0.0,0.0,0.053700000000000005,0.0,0.0,-0.0111,0.0,0.0,0.0,6804.0,0.0,0.053700000000000005
2743640525,10,0,0.002,0.20500000000000002,-0.002,0.0,0.0,0.063,0.0,0.0,-0.0102,0.0,0.0,0.0,10953.0,0.0,0.063
2743644527,10,0,-0.002,0.228,-0.002,0.0,0.0,0.0723,0.0,0.0,-0.009300000000000001,0.0,0.0,0.0,14955.0,0.0,0.0723
2743649388,10,0,0.006,0.213,0.0,0.0,0.0,0.084,0.0,0.0,-0.0083,0.0,0.0,0.0,19816.0,0.0,0.084
2743653435,10,0,0.004,0.20400000000000001,-0.003,0.0,0.0,0.09330000000000001,0.0,0.0,-0.0077,0.0,0.0,0.0,23863.0,0.0,0.09330000000000001
2743658440,10,0,-0.006,0.18,-0.009000000000000001,0.0,0.0,0.10500000000000001,0.0,0.0,-0.0071,0.0,0.0,0.0,0.0,0.0,0.10500000000000001
2743660526,10,0,-0.003,0.169,-0.011,0.0,0.0,0.1097,0.0,0.0,-0.007,0.0,0.0,0.0,2086.0,0.0,0.1097
2743665528,10,0,0.001,0.164,-0.013000000000000001,0.0,0.0,0.1213,0.0,0.0,-0.006500000000000001,0.0,0.0,0.0,7088.0,0.0,0.1213
2743668447,10,0,-0.004,0.155,-0.009000000000000001,0.0,0.0,0.1283,0.0,0.0,-0.006200000000000001,0.0,0.0,0.0,10007.0,0.0,0.1283
2743672526,10,0,-0.01,0.161,-0.006,0.0,0.0,0.13770000000000002,0.0,0.0,-0.0057,0.0,0.0,0.0,14086.0,0.0,0.13770000000000002
2743676528,10,0,-0.014,0.17,-0.007,0.0,0.0,0.14700000000000002,0.0,0.0,-0.005,0.0,0.0,0.0,18088.0,0.0,0.14700000000000002
2743681409,10,0,-0.009000000000000001,0.182,0.004,0.0,0.0,0.1587,0.0,0.0,-0.004,0.0,0.0,0.0,22969.0,0.0,0.1587
2743685529,10,0,-0.016,0.192,0.018000000000000002,0.0,0.0,0.168,0.0,0.0,-0.003,0.0,0.0,0.0,0.0,0.0,0.168
2743688461,10,0,-0.014,0.199,0.02,0.0,0.0,0.17500000000000002,0.0,0.0,-0.0023,0.0,0.0,0.0,2932.0,0.0,0.17500000000000002
2743692526,10,0,-0.01,0.218,0.009000000000000001,0.0,0.0,0.17500000000000002,0.0,0.0,-0.0013000000000000002,0.0,0.0,0.0,6997.0,0.0,0.17500000000000002
2743697418,10,0,-0.014,0.212,0.007,0.0,0.0,0.17500000000000002,0.0,0.0,-0.0001,0.0,0.0,0.0,11889.0,0.0,0.17500000000000002
2743701422,10,0,-0.017,0.215,0.003,0.0,0.0,0.17500000000000002,0.0,0.0,0.0009000000000000001,0.0,0.0,0.0,15893.0,0.0,0.17500000000000002
2743705526,10,0,-0.017,0.198,-0.006,0.0,0.0,0.17500000000000002,0.0,0.0,0.0018000000000000002,0.0,0.0,0.0,19997.0,0.0,0.17500000000000002
2743709528,10,0,-0.018000000000000002,0.193,-0.005,0.0,0.0,0.17500000000000002,0.0,0.0,0.0027,0.0,0.0,0.0,23999.0,0.0,0.17500000000000002
2743712431,10,0,-0.02,0.193,-0.012,0.0,0.0,0.17500000000000002,0.0,0.0,0.0033,0.0,0.0,0.0,0.0,0.0,0.17500000000000002
2743716435,10,0,-0.012,0.17400000000000002,-0.016,0.0,0.0,0.17500000000000002,0.0,0.0,0.0041,0.0,0.0,0.0,4004.0,0.0,0.17500000000000002
2743720527,10,0,-0.01,0.17200000000000001,-0.009000000000000001,0.0,0.0,0.17500000000000002,0.0,0.0,0.0049,0.0,0.0,0.0,8096.0,0.0,0.17500000000000002
2743725571,10,0,-0.007,0.166,-0.003,0.0,0.0,0.17500000000000002,0.0,0.0,0.0057,0.0,0.0,0.0,13140.0,0.0,0.17500000000000002
2743728485,10,0,0.0,0.157,-0.009000000000000001,0.0,0.0,0.17500000000000002,0.0,0.0,0.0064,0.0,0.0,0.0,16054.0,0.0,0.17500000000000002
2743732527,10,0,-0.001,0.145,-0.009000000000000001,0.0,0.0,0.17500000000000002,0.0,0.0,0.0071,0.0,0.0,0.0,20096.0,0.0,0.17500000000000002
2743737449,10,0,0.002,0.14,0.002,0.0,0.0,0.17500000000000002,0.0,0.0,0.0078000000000000005,0.0,0.0,0.0,25018.0,0.0,0.17500000000000002
2743741452,10,0,0.006,0.129,-0.002,0.0,0.0,0.17500000000000002,0.0,0.0,0.0083,0.0,0.0,0.0,0.0,0.0,0.17500000000000002
2743745527,10,0,0.004,0.114,0.003,0.0,0.0,0.17500000000000002,0.0,0.0,0.008700000000000001,0.0,0.0,0.0,4075.0,0.0,0.17500000000000002
2743748505,10,0,-0.001,0.107,0.014,0.0,0.0,0.17500000000000002,0.0,0.0,0.009000000000000001,0.0,0.0,0.0,7053.0,0.0,0.17500000000000002
2743752526,10,0,-0.001,0.096,0.017,0.0,0.0,0.17500000000000002,0.0,0.0,0.009300000000000001,0.0,0.0,0.0,11074.0,0.0,0.17500000000000002
2743757571,10,0,0.004,0.089,0.007,0.0,0.0,0.17500000000000002,0.0,0.0,0.009600000000000001,0.0,0.0,0.0,16119.0,0.0,0.17500000000000002
2743760466,10,0,0.014,0.082,0.011,0.0,0.0,0.17500000000000002,0.0,0.0,0.0099,0.0,0.0,0.0,19014.0,0.0,0.17500000000000002
2743764468,10,0,0.014,0.074,0.007,0.0,0.0,0.17500000000000002,0.0,0.0,0.0102,0.0,0.0,0.0,23016.0,0.0,0.17500000000000002
2743768518,10,0,0.014,0.07200000000000001,-0.004,0.0,0.0,0.17500000000000002,0.0,0.0,0.010400000000000001,0.0,0.0,0.0,0.0,0.0,0.17500000000000002
2743773523,10,0,0.021,0.061,-0.008,0.0,0.0,0.17500000000000002,0.0,0.0,0.010700000000000001,0.0,0.0,0.0,5005.0,0.0,0.17500000000000002
2743777525,10,0,0.023,0.063,-0.007,0.0,0.0,0.17500000000000002,0.0,0.0,0.0109,0.0,0.0,0.0,9007.0,0.0,0.17500000000000002
2743781525,10,0,0.022,0.055,-0.018000000000000002,0.0,0.0,0.17500000000000002,0.0,0.0,0.0111,0.0,0.0,0.0,13007.0,0.0,0.17500000000000002
2743786484,10,0,0.016,0.05,-0.006,0.0,0.0,0.17500000000000002,0.0,0.0,0.011300000000000001,0.0,0.0,0.0,17966.0,0.0,0.17500000000000002
2743788534,10,0,0.02,0.042,-0.003,0.0,0.0,0.17500000000000002,0.0,0.0,0.0114,0.0,0.0,0.0,20016.0,0.0,0.17500000000000002
2743793537,10,0,0.014,0.028,-0.007,0.0,0.0,0.1633,0.0,0.0,0.0115,0.0,0.0,0.0,25019.0,0.0,0.1633
2743796491,10,0,0.013000000000000001,0.018000000000000002,-0.004,0.0,0.0,0.1563,0.0,0.0,0.011600000000000001,0.0,0.0,0.0,0.0,0.0,0.1563
2743801495,10,0,0.018000000000000002,0.001,0.005,0.0,0.0,0.1447,0.0,0.0,0.011600000000000001,0.0,0.0,0.0,5004.0,0.0,0.1447
2743806499,10,0,0.023,-0.014,-0.002,0.0,0.0,0.133,0.0,0.0,0.011600000000000001,0.0,0.0,0.0,10008.0,0.0,0.133
2743808549,10,0,0.018000000000000002,-0.017,-0.001,0.0,0.0,0.1283,0.0,0.0,0.0115,0.0,0.0,0.0,12058.0,0.0,0.1283
2743813552,10,0,0.009000000000000001,-0.017,0.009000000000000001,0.0,0.0,0.11670000000000001,0.0,0.0,0.011600000000000001,0.0,0.0,0.0,17061.0,0.0,0.11670000000000001
2743816506,10,0,0.007,-0.023,0.004,0.0,0.0,0.1097,0.0,0.0,0.0117,0.0,0.0,0.0,20015.0,0.0,0.1097
2743821571,10,0,0.009000000000000001,-0.021,0.005,0.0,0.0,0.098,0.0,0.0,0.0118,0.0,0.0,0.0,25080.0,0.0,0.098
2743824512,10,0,0.001,-0.025,0.009000000000000001,0.0,0.0,0.091,0.0,0.0,0.0118,0.0,0.0,0.0,0.0,0.0,0.091
2743828559,10,0,-0.007,-0.025,0.005,0.0,0.0,0.08170000000000001,0.0,0.0,0.0118,0.0,0.0,0.0,4047.0,0.0,0.08170000000000001
2743833565,10,0,-0.003,-0.031,-0.002,0.0,0.0,0.07,0.0,0.0,0.0117,0.0,0.0,0.0,9053.0,0.0,0.07
2743836522,10,0,-0.002,-0.034,0.004,0.0,0.0,0.063,0.0,0.0,0.0117,0.0,0.0,0.0,12010.0,0.0,0.063
2743841525,10,0,-0.006,-0.04,0.003,0.0,0.0,0.051300000000000005,0.0,0.0,0.011600000000000001,0.0,0.0,0.0,17013.0,0.0,0.051300000000000005
2743846530,10,0,-0.014,-0.038,-0.005,0.0,0.0,0.0397,0.0,0.0,0.0114,0.0,0.0,0.0,22018.0,0.0,0.0397
2743848577,10,0,-0.012,-0.035,-0.004,0.0,0.0,0.035,0.0,0.0,0.011300000000000001,0.0,0.0,0.0,24065.0,0.0,0.035
2743853574,10,0,-0.014,-0.038,0.002,0.0,0.0,0.0233,0.0,0.0,0.0112,0.0,0.0,0.0,0.0,0.0,0.0233
2743856535,10,0,-0.016,-0.035,-0.002,0.0,0.0,0.016300000000000002,0.0,0.0,0.011000000000000001,0.0,0.0,0.0,2961.0,0.0,0.016300000000000002
2743861540,10,0,-0.018000000000000002,-0.038,-0.001,0.0,0.0,0.0047,0.0,0.0,0.0108,0.0,0.0,0.0,7966.0,0.0,0.0047
2743866542,10,0,-0.016,-0.055,0.0,0.0,0.0,-0.007,0.0,0.0,0.010400000000000001,0.0,0.0,0.0,12968.0,0.0,-0.007
2743868591,10,0,-0.015,-0.058,-0.001,0.0,0.0,-0.0117,0.0,0.0,0.0102,0.0,0.0,0.0,15017.0,0.0,-0.0117
2743873593,10,0,-0.014,-0.078,0.005,0.0,0.0,-0.0233,0.0,0.0,0.009600000000000001,0.0,0.0,0.0,20019.0,0.0,-0.0233
2743876551,10,0,-0.015,-0.101,0.006,0.0,0.0,-0.0303,0.0,0.0,0.0092,0.0,0.0,0.0,22977.0,0.0,-0.0303
2743881554,10,0,-0.02,-0.14,-0.001,0.0,0.0,-0.042,0.0,0.0,0.0083,0.0,0.0,0.0,0.0,0.0,-0.042
2743886450,10,0,-0.017,-0.164,-0.001,0.0,0.0,-0.053700000000000005,0.0,0.0,0.007500000000000001,0.0,0.0,0.0,4896.0,0.0,-0.053700000000000005
2743888618,10,0,-0.015,-0.178,0.003,0.0,0.0,-0.058300000000000005,0.0,0.0,0.0068000000000000005,0.0,0.0,0.0,7064.0,0.0,-0.058300000000000005
2743893608,10,0,-0.02,-0.188,0.002,0.0,0.0,-0.07,0.0,0.0,0.0058000000000000005,0.0,0.0,0.0,12054.0,0.0,-0.07
2743896571,10,0,-0.023,-0.195,0.004,0.0,0.0,-0.077,0.0,0.0,0.0054,0.0,0.0,0.0,15017.0,0.0,-0.077
2743901568,10,0,-0.018000000000000002,-0.197,0.005,0.0,0.0,-0.0887,0.0,0.0,0.0047,0.0,0.0,0.0,20014.0,0.0,-0.0887
2743905571,10,0,-0.007,-0.191,0.008,0.0,0.0,-0.098,0.0,0.0,0.004200000000000001,0.0,0.0,0.0,24017.0,0.0,-0.098
2743908617,10,0,-0.001,-0.185,0.011,0.0,0.0,-0.10500000000000001,0.0,0.0,0.0039000000000000003,0.0,0.0,0.0,0.0,0.0,-0.10500000000000001
2743913622,10,0,-0.009000000000000001,-0.176,0.003,0.0,0.0,-0.11670000000000001,0.0,0.0,0.0034000000000000002,0.0,0.0,0.0,5005.0,0.0,-0.11670000000000001
2743916604,10,0,-0.006,-0.176,0.003,0.0,0.0,-0.1237,0.0,0.0,0.003,0.0,0.0,0.0,7987.0,0.0,-0.1237
2743921582,10,0,0.012,-0.186,0.001,0.0,0.0,-0.1353,0.0,0.0,0.0024000000000000002,0.0,0.0,0.0,12965.0,0.0,-0.1353
2743926585,10,0,0.013000000000000001,-0.192,-0.004,0.0,0.0,-0.14700000000000002,0.0,0.0,0.0017000000000000001,0.0,0.0,0.0,17968.0,0.0,-0.14700000000000002
2743928628,10,0,0.011,-0.2,-0.003,0.0,0.0,-0.1517,0.0,0.0,0.0014,0.0,0.0,0.0,20011.0,0.0,-0.1517
2743933635,10,0,0.009000000000000001,-0.209,0.0,0.0,0.0,-0.1633,0.0,0.0,0.0004,0.0,0.0,0.0,25018.0,0.0,-0.1633
2743936616,10,0,0.011,-0.216,-0.008,0.0,0.0,-0.1703,0.0,0.0,-0.0002,0.0,0.0,0.0,0.0,0.0,-0.1703
2743941596,10,0,0.014,-0.219,-0.003,0.0,0.0,-0.17500000000000002,0.0,0.0,-0.0014,0.0,0.0,0.0,4980.0,0.0,-0.17500000000000002
2743946598,10,0,0.021,-0.23600000000000002,0.004,0.0,0.0,-0.17500000000000002,0.0,0.0,-0.0026000000000000003,0.0,0.0,0.0,9982.0,0.0,-0.17500000000000002
2743948646,10,0,0.02,-0.23700000000000002,0.006,0.0,0.0,-0.17500000000000002,0.0,0.0,-0.0031000000000000003,0.0,0.0,0.0,12030.0,0.0,-0.17500000000000002
2743953646,10,0,0.015,-0.23500000000000001,-0.002,0.0,0.0,-0.17500000000000002,0.0,0.0,-0.0044,0.0,0.0,0.0,17030.0,0.0,-0.17500000000000002
2743956631,10,0,0.014,-0.23900000000000002,0.0,0.0,0.0,-0.17500000000000002,0.0,0.0,-0.005200000000000001,0.0,0.0,0.0,20015.0,0.0,-0.17500000000000002
2743961609,10,0,0.021,-0.228,0.008,0.0,0.0,-0.17500000000000002,0.0,0.0,-0.006500000000000001,0.0,0.0,0.0,24993.0,0.0,-0.17500000000000002
2743966567,10,0,0.018000000000000002,-0.21,0.002,0.0,0.0,-0.17500000000000002,0.0,0.0,-0.0076,0.0,0.0,0.0,0.0,0.0,-0.17500000000000002
2743968660,10,0,0.016,-0.203,0.003,0.0,0.0,-0.17500000000000002,0.0,0.0,-0.0081,0.0,0.0,0.0,2093.0,0.0,-0.17500000000000002
2743973662,10,0,0.007,-0.181,0.008,0.0,0.0,-0.17500000000000002,0.0,0.0,-0.009000000000000001,0.0,0.0,0.0,7095.0,0.0,-0.17500000000000002
2743976645,10,0,0.006,-0.17400000000000002,0.004,0.0,0.0,-0.17500000000000002,0.0,0.0,-0.0095,0.0,0.0,0.0,10078.0,0.0,-0.17500000000000002
2743981572,10,0,0.006,-0.14100000000000001,0.005,0.0,0.0,-0.17500000000000002,0.0,0.0,-0.010100000000000001,0.0,0.0,0.0,15005.0,0.0,-0.17500000000000002
2743986625,10,0,0.003,-0.136,-0.001,0.0,0.0,-0.17500000000000002,0.0,0.0,-0.011000000000000001,0.0,0.0,0.0,20058.0,0.0,-0.17500000000000002
2743988677,10,0,0.002,-0.123,-0.005,0.0,0.0,-0.17500000000000002,0.0,0.0,-0.011300000000000001,0.0,0.0,0.0,22110.0,0.0,-0.17500000000000002
2743993678,10,0,0.008,-0.115,-0.004,0.0,0.0,-0.17500000000000002,0.0,0.0,-0.0119,0.0,0.0,0.0,0.0,0.0,-0.17500000000000002
2743996659,10,0,0.006,-0.115,-0.004,0.0,0.0,-0.17500000000000002,0.0,0.0,-0.0123,0.0,0.0,0.0,2981.0,0.0,-0.17500000000000002
2744001637,10,0,0.003,-0.10400000000000001,-0.01,0.0,0.0,-0.17500000000000002,0.0,0.0,-0.0129,0.0,0.0,0.0,7959.0,0.0,-0.17500000000000002
2744006639,10,0,-0.002,-0.09,-0.009000000000000001,0.0,0.0,-0.17500000000000002,0.0,0.0,-0.013300000000000001,0.0,0.0,0.0,12961.0,0.0,-0.17500000000000002
2744008678,10,0,-0.004,-0.084,-0.005,0.0,0.0,-0.17500000000000002,0.0,0.0,-0.0134,0.0,0.0,0.0,15000.0,0.0,-0.17500000000000002
2744014751,10,0,-0.019,-0.068,-0.004,0.0,0.0,-0.17500000000000002,0.0,0.0,-0.0137,0.0,0.0,0.0,21073.0,0.0,-0.17500000000000002
2744017648,10,0,-0.018000000000000002,-0.054,-0.003,0.0,0.0,-0.17500000000000002,0.0,0.0,-0.0137,0.0,0.0,0.0,23970.0,0.0,-0.17500000000000002
2744021651,10,0,-0.018000000000000002,-0.05,0.015,0.0,0.0,-0.17500000000000002,0.0,0.0,-0.0137,0.0,0.0,0.0,0.0,0.0,-0.17500000000000002
2744026654,10,0,-0.021,-0.028,0.009000000000000001,0.0,0.0,-0.17500000000000002,0.0,0.0,-0.0137,0.0,0.0,0.0,5003.0,0.0,-0.17500000000000002
2744028732,10,0,-0.017,-0.024,0.007,0.0,0.0,-0.17500000000000002,0.0,0.0,-0.0137,0.0,0.0,0.0,7081.0,0.0,-0.17500000000000002
2744033739,10,0,-0.013000000000000001,-0.031,0.004,0.0,0.0,-0.17500000000000002,0.0,0.0,-0.0137,0.0,0.0,0.0,12088.0,0.0,-0.17500000000000002
2744036685,10,0,-0.017,-0.031,0.002,0.0,0.0,-0.17500000000000002,0.0,0.0,-0.0137,0.0,0.0,0.0,15034.0,0.0,-0.17500000000000002
2744041664,10,0,-0.012,-0.036000000000000004,-0.009000000000000001,0.0,0.0,-0.168,0.0,0.0,-0.013800000000000002,0.0,0.0,0.0,20013.0,0.0,-0.168
2744046602,10,0,-0.016,-0.037,-0.004,0.0,0.0,-0.1563,0.0,0.0,-0.014,0.0,0.0,0.0,24951.0,0.0,-0.1563
2744048747,10,0,-0.014,-0.036000000000000004,0.001,0.0,0.0,-0.1517,0.0,0.0,-0.014100000000000001,0.0,0.0,0.0,0.0,0.0,-0.1517
2744053746,10,0,-0.022,-0.031,-0.003,0.0,0.0,-0.14,0.0,0.0,-0.0142,0.0,0.0,0.0,4999.0,0.0,-0.14
2744056699,10,0,-0.021,-0.028,-0.001,0.0,0.0,-0.133,0.0,0.0,-0.0142,0.0,0.0,0.0,7952.0,0.0,-0.133
2744061679,10,0,-0.01,-0.018000000000000002,0.003,0.0,0.0,-0.1213,0.0,0.0,-0.0142,0.0,0.0,0.0,12932.0,0.0,-0.1213
2744066678,10,0,-0.006,-0.007,-0.003,0.0,0.0,-0.1097,0.0,0.0,-0.0142,0.0,0.0,0.0,17931.0,0.0,-0.1097
2744068764,10,0,-0.001,-0.006,-0.004,0.0,0.0,-0.10500000000000001,0.0,0.0,-0.0142,0.0,0.0,0.0,20017.0,0.0,-0.10500000000000001
2744073764,10,0,0.006,0.001,-0.002,0.0,0.0,-0.09330000000000001,0.0,0.0,-0.0142,0.0,0.0,0.0,25017.0,0.0,-0.09330000000000001
2744076707,10,0,0.006,0.003,-0.002,0.0,0.0,-0.0863,0.0,0.0,-0.0142,0.0,0.0,0.0,0.0,0.0,-0.0863
2744080726,10,0,0.008,0.006,-0.003,0.0,0.0,-0.077,0.0,0.0,-0.0143,0.0,0.0,0.0,4019.0,0.0,-0.077
2744084728,10,0,0.002,0.011,-0.001,0.0,0.0,-0.06770000000000001,0.0,0.0,-0.014400000000000001,0.0,0.0,0.0,8021.0,0.0,-0.06770000000000001
2744088774,10,0,0.009000000000000001,0.012,0.001,0.0,0.0,-0.058300000000000005,0.0,0.0,-0.014400000000000001,0.0,0.0,0.0,12067.0,0.0,-0.058300000000000005
2744093572,10,0,0.012,0.011,0.005,0.0,0.0,-0.046700000000000005,0.0,0.0,-0.0143,0.0,0.0,0.0,16865.0,0.0,-0.046700000000000005
2744097737,10,0,0.011,0.016,0.003,0.0,0.0,-0.0373,0.0,0.0,-0.0143,0.0,0.0,0.0,21030.0,0.0,-0.0373
2744101740,10,0,0.009000000000000001,0.019,0.0,0.0,0.0,-0.028,0.0,0.0,-0.0143,0.0,0.0,0.0,25033.0,0.0,-0.028
2744106572,10,0,0.015,0.018000000000000002,-0.004,0.0,0.0,-0.016300000000000002,0.0,0.0,-0.0143,0.0,0.0,0.0,0.0,0.0,-0.016300000000000002
2744108572,10,0,0.017,0.021,-0.005,0.0,0.0,-0.0117,0.0,0.0,-0.0142,0.0,0.0,0.0,2000.0,0.0,-0.0117
2744112747,10,0,0.017,0.032,-0.007,0.0,0.0,-0.0023,0.0,0.0,-0.014,0.0,0.0,0.0,6175.0,0.0,-0.0023
2744116772,10,0,0.02,0.039,-0.006,0.0,0.0,0.007,0.0,0.0,-0.0137,0.0,0.0,0.0,10200.0,0.0,0.007
2744121572,10,0,0.013000000000000001,0.062,-0.011,0.0,0.0,0.0187,0.0,0.0,-0.013300000000000001,0.0,0.0,0.0,15000.0,0.0,0.0187
2744125757,10,0,0.014,0.10300000000000001,-0.002,0.0,0.0,0.028,0.0,0.0,-0.0126,0.0,0.0,0.0,19185.0,0.0,0.028
2744129760,10,0,0.013000000000000001,0.133,0.002,0.0,0.0,0.0373,0.0,0.0,-0.0118,0.0,0.0,0.0,23188.0,0.0,0.0373
2744133807,10,0,0.006,0.163,0.003,0.0,0.0,0.046700000000000005,0.0,0.0,-0.0112,0.0,0.0,0.0,0.0,0.0,0.046700000000000005
2744136595,10,0,0.003,0.176,0.004,0.0,0.0,0.053700000000000005,0.0,0.0,-0.010700000000000001,0.0,0.0,0.0,2788.0,0.0,0.053700000000000005
2744141571,10,0,0.006,0.20400000000000001,-0.002,0.0,0.0,0.0653,0.0,0.0,-0.0094,0.0,0.0,0.0,7764.0,0.0,0.0653
2744145766,10,0,0.006,0.225,0.0,0.0,0.0,0.0747,0.0,0.0,-0.0083,0.0,0.0,0.0,11959.0,0.0,0.0747
2744149766,10,0,0.002,0.219,0.0,0.0,0.0,0.084,0.0,0.0,-0.007500000000000001,0.0,0.0,0.0,15959.0,0.0,0.084
2744152573,10,0,0.001,0.211,-0.001,0.0,0.0,0.091,0.0,0.0,-0.0071,0.0,0.0,0.0,18766.0,0.0,0.091
2744156804,10,0,0.002,0.201,-0.01,0.0,0.0,0.1003,0.0,0.0,-0.0064,0.0,0.0,0.0,22997.0,0.0,0.1003
2744161572,10,0,0.008,0.186,-0.01,0.0,0.0,0.112,0.0,0.0,-0.0059,0.0,0.0,0.0,0.0,0.0,0.112
2744165784,10,0,0.007,0.184,-0.012,0.0,0.0,0.1213,0.0,0.0,-0.005200000000000001,0.0,0.0,0.0,4212.0,0.0,0.1213
2744169785,10,0,-0.008,0.17400000000000002,-0.006,0.0,0.0,0.1307,0.0,0.0,-0.0047,0.0,0.0,0.0,8213.0,0.0,0.1307
2744174714,10,0,-0.009000000000000001,0.187,-0.005,0.0,0.0,0.1423,0.0,0.0,-0.0041,0.0,0.0,0.0,13142.0,0.0,0.1423
2744176813,10,0,-0.008,0.194,-0.005,0.0,0.0,0.14700000000000002,0.0,0.0,-0.0035,0.0,0.0,0.0,15241.0,0.0,0.14700000000000002
2744181787,10,0,-0.007,0.196,0.005,0.0,0.0,0.1587,0.0,0.0,-0.0024000000000000002,0.0,0.0,0.0,20215.0,0.0,0.1587
2744186533,10,0,-0.013000000000000001,0.218,0.016,0.0,0.0,0.1703,0.0,0.0,-0.0015,0.0,0.0,0.0,24961.0,0.0,0.1703
2744188577,10,0,-0.015,0.214,0.016,0.0,0.0,0.17500000000000002,0.0,0.0,-0.001,0.0,0.0,0.0,0.0,0.0,0.17500000000000002
2744193577,10,0,-0.011,0.212,0.003,0.0,0.0,0.17500000000000002,0.0,0.0,0.0001,0.0,0.0,0.0,5000.0,0.0,0.17500000000000002
2744197806,10,0,-0.005,0.212,0.01,0.0,0.0,0.17500000000000002,0.0,0.0,0.0012000000000000001,0.0,0.0,0.0,9229.0,0.0,0.17500000000000002
2744201808,10,0,-0.013000000000000001,0.20400000000000001,0.003,0.0,0.0,0.17500000000000002,0.0,0.0,0.0021000000000000003,0.0,0.0,0.0,13231.0,0.0,0.17500000000000002
2744206678,10,0,-0.017,0.198,-0.002,0.0,0.0,0.17500000000000002,0.0,0.0,0.003,0.0,0.0,0.0,18101.0,0.0,0.17500000000000002
2744208815,10,0,-0.014,0.193,-0.005,0.0,0.0,0.17500000000000002,0.0,0.0,0.0037,0.0,0.0,0.0,20238.0,0.0,0.17500000000000002
2744213577,10,0,-0.016,0.195,-0.013000000000000001,0.0,0.0,0.17500000000000002,0.0,0.0,0.0046,0.0,0.0,0.0,25000.0,0.0,0.17500000000000002
2744217815,10,0,-0.01,0.182,-0.012,0.0,0.0,0.17500000000000002,0.0,0.0,0.0057,0.0,0.0,0.0,0.0,0.0,0.17500000000000002
2744220576,10,0,-0.013000000000000001,0.191,-0.009000000000000001,0.0,0.0,0.17500000000000002,0.0,0.0,0.0061,0.0,0.0,0.0,2761.0,0.0,0.17500000000000002
2744224813,10,0,-0.01,0.177,-0.006,0.0,0.0,0.17500000000000002,0.0,0.0,0.007200000000000001,0.0,0.0,0.0,6998.0,0.0,0.17500000000000002
2744229577,10,0,-0.006,0.171,-0.01,0.0,0.0,0.17500000000000002,0.0,0.0,0.008,0.0,0.0,0.0,11762.0,0.0,0.17500000000000002
2744233813,10,0,0.004,0.153,-0.007,0.0,0.0,0.17500000000000002,0.0,0.0,0.009000000000000001,0.0,0.0,0.0,15998.0,0.0,0.17500000000000002
2744238681,10,0,-0.001,0.145,0.001,0.0,0.0,0.17500000000000002,0.0,0.0,0.0095,0.0,0.0,0.0,20866.0,0.0,0.17500000000000002
2744240813,10,0,0.002,0.133,-0.004,0.0,0.0,0.17500000000000002,0.0,0.0,0.0099,0.0,0.0,0.0,22998.0,0.0,0.17500000000000002
2744245577,10,0,0.001,0.114,-0.005,0.0,0.0,0.17500000000000002,0.0,0.0,0.0103,0.0,0.0,0.0,0.0,0.0,0.17500000000000002
2744249813,10,0,-0.001,0.098,0.012,0.0,0.0,0.17500000000000002,0.0,0.0,0.010700000000000001,0.0,0.0,0.0,4236.0,0.0,0.17500000000000002
2744254578,10,0,-0.001,0.081,0.005,0.0,0.0,0.17500000000000002,0.0,0.0,0.011000000000000001,0.0,0.0,0.0,9001.0,0.0,0.17500000000000002
2744256601,10,0,0.002,0.082,0.008,0.0,0.0,0.17500000000000002,0.0,0.0,0.0112,0.0,0.0,0.0,11024.0,0.0,0.17500000000000002
2744260813,10,0,0.006,0.07200000000000001,0.017,0.0,0.0,0.17500000000000002,0.0,0.0,0.0115,0.0,0.0,0.0,15236.0,0.0,0.17500000000000002
2744264813,10,0,0.011,0.07,0.008,0.0,0.0,0.17500000000000002,0.0,0.0,0.0118,0.0,0.0,0.0,19236.0,0.0,0.17500000000000002
2744268821,10,0,0.016,0.058,0.002,0.0,0.0,0.17500000000000002,0.0,0.0,0.012,0.0,0.0,0.0,23244.0,0.0,0.17500000000000002
2744273532,10,0,0.017,0.056,0.001,0.0,0.0,0.17500000000000002,0.0,0.0,0.0122,0.0,0.0,0.0,0.0,0.0,0.17500000000000002
2744277586,10,0,0.015,0.064,-0.002,0.0,0.0,0.17500000000000002,0.0,0.0,0.012400000000000001,0.0,0.0,0.0,4054.0,0.0,0.17500000000000002
2744281813,10,0,0.014,0.049,-0.007,0.0,0.0,0.17500000000000002,0.0,0.0,0.012700000000000001,0.0,0.0,0.0,8281.0,0.0,0.17500000000000002
2744286532,10,0,0.02,0.045,-0.006,0.0,0.0,0.17500000000000002,0.0,0.0,0.0129,0.0,0.0,0.0,13000.0,0.0,0.17500000000000002
2744288571,10,0,0.02,0.037,-0.005,0.0,0.0,0.17500000000000002,0.0,0.0,0.0129,0.0,0.0,0.0,15039.0,0.0,0.17500000000000002
2744292830,10,0,0.011,0.027,-0.004,0.0,0.0,0.16570000000000001,0.0,0.0,0.013000000000000001,0.0,0.0,0.0,19298.0,0.0,0.16570000000000001
2744296839,10,0,0.009000000000000001,0.012,-0.004,0.0,0.0,0.1563,0.0,0.0,0.013000000000000001,0.0,0.0,0.0,23307.0,0.0,0.1563
2744301534,10,0,0.013000000000000001,-0.002,-0.001,0.0,0.0,0.1447,0.0,0.0,0.013000000000000001,0.0,0.0,0.0,0.0,0.0,0.1447
2744305577,10,0,0.014,-0.008,-0.001,0.0,0.0,0.1353,0.0,0.0,0.0129,0.0,0.0,0.0,4043.0,0.0,0.1353
2744310533,10,0,0.011,-0.012,0.004,0.0,0.0,0.1237,0.0,0.0,0.0129,0.0,0.0,0.0,8999.0,0.0,0.1237
2744312533,10,0,0.011,-0.012,0.006,0.0,0.0,0.11900000000000001,0.0,0.0,0.013000000000000001,0.0,0.0,0.0,10999.0,0.0,0.11900000000000001
2744316601,10,0,0.01,-0.018000000000000002,0.002,0.0,0.0,0.1097,0.0,0.0,0.013000000000000001,0.0,0.0,0.0,15067.0,0.0,0.1097
2744321532,10,0,0.008,-0.018000000000000002,-0.001,0.0,0.0,0.098,0.0,0.0,0.0131,0.0,0.0,0.0,19998.0,0.0,0.098
2744325572,10,0,0.0,-0.022,0.012,0.0,0.0,0.0887,0.0,0.0,0.0131,0.0,0.0,0.0,24038.0,0.0,0.0887
2744329856,10,0,-0.005,-0.022,0.001,0.0,0.0,0.07930000000000001,0.0,0.0,0.0131,0.0,0.0,0.0,0.0,0.0,0.07930000000000001
2744334571,10,0,-0.006,-0.026000000000000002,-0.001,0.0,0.0,0.06770000000000001,0.0,0.0,0.0131,0.0,0.0,0.0,4715.0,0.0,0.06770000000000001
2744336602,10,0,-0.005,-0.029,0.004,0.0,0.0,0.063,0.0,0.0,0.013000000000000001,0.0,0.0,0.0,6746.0,0.0,0.063
2744341531,10,0,0.0,-0.033,0.0,0.0,0.0,0.051300000000000005,0.0,0.0,0.013000000000000001,0.0,0.0,0.0,11675.0,0.0,0.051300000000000005
2744345533,10,0,-0.007,-0.031,-0.007,0.0,0.0,0.042,0.0,0.0,0.0129,0.0,0.0,0.0,15677.0,0.0,0.042
2744349570,10,0,-0.009000000000000001,-0.032,-0.002,0.0,0.0,0.0327,0.0,0.0,0.0128,0.0,0.0,0.0,19714.0,0.0,0.0327
2744353918,10,0,-0.009000000000000001,-0.032,-0.005,0.0,0.0,0.0233,0.0,0.0,0.0126,0.0,0.0,0.0,24062.0,0.0,0.0233
2744356557,10,0,-0.01,-0.032,-0.012,0.0,0.0,0.016300000000000002,0.0,0.0,0.0126,0.0,0.0,0.0,0.0,0.0,0.016300000000000002
2744361571,10,0,-0.015,-0.044,-0.004,0.0,0.0,0.0047,0.0,0.0,0.012400000000000001,0.0,0.0,0.0,5014.0,0.0,0.0047
2744366571,10,0,-0.015,-0.054,0.001,0.0,0.0,-0.007,0.0,0.0,0.012100000000000001,0.0,0.0,0.0,10014.0,0.0,-0.007
2744368929,10,0,-0.011,-0.065,-0.002,0.0,0.0,-0.0117,0.0,0.0,0.0117,0.0,0.0,0.0,12372.0,0.0,-0.0117
2744373533,10,0,-0.008,-0.085,0.005,0.0,0.0,-0.0233,0.0,0.0,0.0112,0.0,0.0,0.0,16976.0,0.0,-0.0233
2744377887,10,0,-0.011,-0.125,0.005,0.0,0.0,-0.0327,0.0,0.0,0.010400000000000001,0.0,0.0,0.0,21330.0,0.0,-0.0327
2744382532,10,0,-0.014,-0.151,-0.001,0.0,0.0,-0.0443,0.0,0.0,0.0097,0.0,0.0,0.0,25975.0,0.0,-0.0443
2744384533,10,0,-0.013000000000000001,-0.163,0.003,0.0,0.0,-0.049,0.0,0.0,0.009300000000000001,0.0,0.0,0.0,0.0,0.0,-0.049
2744388943,10,0,-0.018000000000000002,-0.182,0.005,0.0,0.0,-0.058300000000000005,0.0,0.0,0.0082,0.0,0.0,0.0,4410.0,0.0,-0.058300000000000005
2744393946,10,0,-0.02,-0.196,0.008,0.0,0.0,-0.07,0.0,0.0,0.007200000000000001,0.0,0.0,0.0,9413.0,0.0,-0.07
2744396810,10,0,-0.024,-0.2,0.006,0.0,0.0,-0.077,0.0,0.0,0.006900000000000001,0.0,0.0,0.0,12277.0,0.0,-0.077
2744401532,10,0,-0.019,-0.198,0.013000000000000001,0.0,0.0,-0.0887,0.0,0.0,0.006200000000000001,0.0,0.0,0.0,16999.0,0.0,-0.0887
2744405534,10,0,-0.002,-0.191,0.007,0.0,0.0,-0.098,0.0,0.0,0.0058000000000000005,0.0,0.0,0.0,21001.0,0.0,-0.098
2744409913,10,0,-0.004,-0.18,0.006,0.0,0.0,-0.1073,0.0,0.0,0.005200000000000001,0.0,0.0,0.0,25380.0,0.0,-0.1073
2744413961,10,0,-0.012,-0.171,0.003,0.0,0.0,-0.11670000000000001,0.0,0.0,0.0047,0.0,0.0,0.0,0.0,0.0,-0.11670000000000001
2744416531,10,0,-0.011,-0.17400000000000002,0.0,0.0,0.0,-0.1237,0.0,0.0,0.0045000000000000005,0.0,0.0,0.0,2570.0,0.0,-0.1237
2744420533,10,0,0.002,-0.182,0.0,0.0,0.0,-0.133,0.0,0.0,0.004,0.0,0.0,0.0,6572.0,0.0,-0.133
2744425572,10,0,0.012,-0.185,-0.004,0.0,0.0,-0.1447,0.0,0.0,0.0032,0.0,0.0,0.0,11611.0,0.0,-0.1447
2744430571,10,0,0.012,-0.195,-0.005,0.0,0.0,-0.1563,0.0,0.0,0.0025,0.0,0.0,0.0,16610.0,0.0,-0.1563
2744432928,10,0,0.0,-0.202,0.001,0.0,0.0,-0.161,0.0,0.0,0.0018000000000000002,0.0,0.0,0.0,18967.0,0.0,-0.161
2744436931,10,0,0.007,-0.21,0.001,0.0,0.0,-0.1703,0.0,0.0,0.0009000000000000001,0.0,0.0,0.0,22970.0,0.0,-0.1703
2744441531,10,0,0.018000000000000002,-0.217,-0.002,0.0,0.0,-0.17500000000000002,0.0,0.0,0.0,0.0,0.0,0.0,0.0,0.0,-0.17500000000000002
2744445533,10,0,0.017,-0.224,0.001,0.0,0.0,-0.17500000000000002,0.0,0.0,-0.001,0.0,0.0,0.0,4002.0,0.0,-0.17500000000000002
2744449533,10,0,0.006,-0.231,0.004,0.0,0.0,-0.17500000000000002,0.0,0.0,-0.002,0.0,0.0,0.0,8002.0,0.0,-0.17500000000000002
2744453986,10,0,0.013000000000000001,-0.228,0.0,0.0,0.0,-0.17500000000000002,0.0,0.0,-0.0032,0.0,0.0,0.0,12455.0,0.0,-0.17500000000000002
2744456532,10,0,0.016,-0.23,0.003,0.0,0.0,-0.17500000000000002,0.0,0.0,-0.0037,0.0,0.0,0.0,15001.0,0.0,-0.17500000000000002
2744460949,10,0,0.017,-0.219,0.011,0.0,0.0,-0.17500000000000002,0.0,0.0,-0.005,0.0,0.0,0.0,19418.0,0.0,-0.17500000000000002
2744465533,10,0,0.018000000000000002,-0.209,0.007,0.0,0.0,-0.17500000000000002,0.0,0.0,-0.0058000000000000005,0.0,0.0,0.0,24002.0,0.0,-0.17500000000000002
2744469953,10,0,0.011,-0.185,0.003,0.0,0.0,-0.17500000000000002,0.0,0.0,-0.0068000000000000005,0.0,0.0,0.0,0.0,0.0,-0.17500000000000002
2744474004,10,0,0.007,-0.17400000000000002,0.007,0.0,0.0,-0.17500000000000002,0.0,0.0,-0.007500000000000001,0.0,0.0,0.0,4051.0,0.0,-0.17500000000000002
2744476532,10,0,0.004,-0.17300000000000001,0.004,0.0,0.0,-0.17500000000000002,0.0,0.0,-0.0078000000000000005,0.0,0.0,0.0,6579.0,0.0,-0.17500000000000002
2744480533,10,0,0.003,-0.147,0.001,0.0,0.0,-0.17500000000000002,0.0,0.0,-0.008400000000000001,0.0,0.0,0.0,10580.0,0.0,-0.17500000000000002
2744484967,10,0,0.002,-0.133,0.002,0.0,0.0,-0.17500000000000002,0.0,0.0,-0.0091,0.0,0.0,0.0,15014.0,0.0,-0.17500000000000002
2744489015,10,0,0.004,-0.125,-0.005,0.0,0.0,-0.17500000000000002,0.0,0.0,-0.009600000000000001,0.0,0.0,0.0,19062.0,0.0,-0.17500000000000002
2744493532,10,0,0.004,-0.12,-0.011,0.0,0.0,-0.17500000000000002,0.0,0.0,-0.010100000000000001,0.0,0.0,0.0,23579.0,0.0,-0.17500000000000002
2744497972,10,0,0.007,-0.117,-0.006,0.0,0.0,-0.17500000000000002,0.0,0.0,-0.010700000000000001,0.0,0.0,0.0,0.0,0.0,-0.17500000000000002
2744501980,10,0,0.001,-0.108,-0.01,0.0,0.0,-0.17500000000000002,0.0,0.0,-0.0112,0.0,0.0,0.0,4008.0,0.0,-0.17500000000000002
2744506531,10,0,-0.009000000000000001,-0.101,-0.012,0.0,0.0,-0.17500000000000002,0.0,0.0,-0.011600000000000001,0.0,0.0,0.0,8559.0,0.0,-0.17500000000000002
2744508531,10,0,-0.006,-0.092,-0.007,0.0,0.0,-0.17500000000000002,0.0,0.0,-0.0117,0.0,0.0,0.0,10559.0,0.0,-0.17500000000000002
2744512985,10,0,-0.013000000000000001,-0.082,0.005,0.0,0.0,-0.17500000000000002,0.0,0.0,-0.012,0.0,0.0,0.0,15013.0,0.0,-0.17500000000000002
2744516989,10,0,-0.011,-0.064,0.001,0.0,0.0,-0.17500000000000002,0.0,0.0,-0.012100000000000001,0.0,0.0,0.0,19017.0,0.0,-0.17500000000000002
2744521532,10,0,-0.015,-0.056,0.011,0.0,0.0,-0.17500000000000002,0.0,0.0,-0.012100000000000001,0.0,0.0,0.0,23560.0,0.0,-0.17500000000000002
2744526571,10,0,-0.013000000000000001,-0.045,0.01,0.0,0.0,-0.17500000000000002,0.0,0.0,-0.0122,0.0,0.0,0.0,0.0,0.0,-0.17500000000000002
2744529040,10,0,-0.012,-0.032,0.006,0.0,0.0,-0.17500000000000002,0.0,0.0,-0.0122,0.0,0.0,0.0,2469.0,0.0,-0.17500000000000002
2744533532,10,0,-0.006,-0.035,0.004,0.0,0.0,-0.17500000000000002,0.0,0.0,-0.0122,0.0,0.0,0.0,6961.0,0.0,-0.17500000000000002
2744537567,10,0,-0.005,-0.037,0.004,0.0,0.0,-0.17500000000000002,0.0,0.0,-0.0123,0.0,0.0,0.0,10996.0,0.0,-0.17500000000000002
2744542005,10,0,-0.011,-0.044,-0.005,0.0,0.0,-0.168,0.0,0.0,-0.0126,0.0,0.0,0.0,15434.0,0.0,-0.168
2744546529,10,0,-0.011,-0.043000000000000003,-0.003,0.0,0.0,-0.1563,0.0,0.0,-0.0128,0.0,0.0,0.0,19958.0,0.0,-0.1563
2744548530,10,0,-0.014,-0.042,0.001,0.0,0.0,-0.1517,0.0,0.0,-0.0129,0.0,0.0,0.0,21959.0,0.0,-0.1517
2744552533,10,0,-0.017,-0.037,-0.003,0.0,0.0,-0.1423,0.0,0.0,-0.013000000000000001,0.0,0.0,0.0,0.0,0.0,-0.1423
2744557017,10,0,-0.012,-0.031,-0.001,0.0,0.0,-0.133,0.0,0.0,-0.0131,0.0,0.0,0.0,4484.0,0.0,-0.133
2744561531,10,0,-0.007,-0.023,-0.002,0.0,0.0,-0.1213,0.0,0.0,-0.0131,0.0,0.0,0.0,8998.0,0.0,-0.1213
2744565533,10,0,0.001,-0.009000000000000001,-0.002,0.0,0.0,-0.112,0.0,0.0,-0.0131,0.0,0.0,0.0,13000.0,0.0,-0.112
2744570025,10,0,0.004,0.003,0.001,0.0,0.0,-0.1027,0.0,0.0,-0.0131,0.0,0.0,0.0,17492.0,0.0,-0.1027
2744574073,10,0,0.004,0.005,-0.001,0.0,0.0,-0.09330000000000001,0.0,0.0,-0.0131,0.0,0.0,0.0,21540.0,0.0,-0.09330000000000001
2744576529,10,0,0.006,0.006,0.001,0.0,0.0,-0.0863,0.0,0.0,-0.0131,0.0,0.0,0.0,23996.0,0.0,-0.0863
2744580531,10,0,0.006,0.009000000000000001,0.0,0.0,0.0,-0.077,0.0,0.0,-0.0131,0.0,0.0,0.0,0.0,0.0,-0.077
2744585035,10,0,0.006,0.008,0.002,0.0,0.0,-0.06770000000000001,0.0,0.0,-0.0132,0.0,0.0,0.0,4504.0,0.0,-0.06770000000000001
2744589085,10,0,0.006,0.01,0.003,0.0,0.0,-0.058300000000000005,0.0,0.0,-0.0131,0.0,0.0,0.0,8554.0,0.0,-0.058300000000000005
2744593536,10,0,0.008,0.007,0.003,0.0,0.0,-0.046700000000000005,0.0,0.0,-0.0131,0.0,0.0,0.0,13005.0,0.0,-0.046700000000000005
2744598043,10,0,0.005,0.012,0.0,0.0,0.0,-0.0373,0.0,0.0,-0.0131,0.0,0.0,0.0,17512.0,0.0,-0.0373
2744602566,10,0,0.009000000000000001,0.014,0.0,0.0,0.0,-0.0257,0.0,0.0,-0.0131,0.0,0.0,0.0,22035.0,0.0,-0.0257
2744605049,10,0,0.013000000000000001,0.014,-0.007,0.0,0.0,-0.021,0.0,0.0,-0.0131,0.0,0.0,0.0,24518.0,0.0,-0.021
2744609101,10,0,0.012,0.017,-0.01,0.0,0.0,-0.009300000000000001,0.0,0.0,-0.013000000000000001,0.0,0.0,0.0,0.0,0.0,-0.009300000000000001
2744613531,10,0,0.017,0.024,-0.005,0.0,0.0,0.0,0.0,0.0,-0.0128,0.0,0.0,0.0,4430.0,0.0,0.0
2744618060,10,0,0.013000000000000001,0.033,-0.009000000000000001,0.0,0.0,0.009300000000000001,0.0,0.0,-0.0125,0.0,0.0,0.0,8959.0,0.0,0.009300000000000001
2744622577,10,0,0.009000000000000001,0.051000000000000004,-0.011,0.0,0.0,0.021,0.0,0.0,-0.0122,0.0,0.0,0.0,13476.0,0.0,0.021
2744625028,10,0,0.016,0.089,-0.002,0.0,0.0,0.0257,0.0,0.0,-0.0117,0.0,0.0,0.0,15927.0,0.0,0.0257
2744629113,10,0,0.009000000000000001,0.116,0.003,0.0,0.0,0.0373,0.0,0.0,-0.011000000000000001,0.0,0.0,0.0,20012.0,0.0,0.0373
2744633531,10,0,0.006,0.15,0.006,0.0,0.0,0.046700000000000005,0.0,0.0,-0.010400000000000001,0.0,0.0,0.0,24430.0,0.0,0.046700000000000005
2744637565,10,0,0.005,0.181,0.005,0.0,0.0,0.056,0.0,0.0,-0.0094,0.0,0.0,0.0,0.0,0.0,0.056
2744642076,10,0,0.003,0.20700000000000002,-0.001,0.0,0.0,0.0653,0.0,0.0,-0.0082,0.0,0.0,0.0,4511.0,0.0,0.0653
2744646530,10,0,0.002,0.221,-0.005,0.0,0.0,0.077,0.0,0.0,-0.0074,0.0,0.0,0.0,8965.0,0.0,0.077
2744649132,10,0,0.004,0.222,-0.003,0.0,0.0,0.084,0.0,0.0,-0.0068000000000000005,0.0,0.0,0.0,11567.0,0.0,0.084
2744653530,10,0,-0.001,0.20700000000000002,-0.001,0.0,0.0,0.09330000000000001,0.0,0.0,-0.0061,0.0,0.0,0.0,15965.0,0.0,0.09330000000000001
2744658085,10,0,0.003,0.195,-0.014,0.0,0.0,0.1027,0.0,0.0,-0.0054,0.0,0.0,0.0,20520.0,0.0,0.1027
2744662090,10,0,0.001,0.18,-0.015,0.0,0.0,0.112,0.0,0.0,-0.005,0.0,0.0,0.0,24525.0,0.0,0.112
2744664140,10,0,0.004,0.181,-0.016,0.0,0.0,0.11900000000000001,0.0,0.0,-0.0048000000000000004,0.0,0.0,0.0,0.0,0.0,0.11900000000000001
2744668530,10,0,0.006,0.166,-0.014,0.0,0.0,0.1283,0.0,0.0,-0.0043,0.0,0.0,0.0,4390.0,0.0,0.1283
2744673101,10,0,0.003,0.17,-0.006,0.0,0.0,0.14,0.0,0.0,-0.0037,0.0,0.0,0.0,8961.0,0.0,0.14
2744678103,10,0,-0.01,0.17200000000000001,-0.003,0.0,0.0,0.1517,0.0,0.0,-0.0028,0.0,0.0,0.0,13963.0,0.0,0.1517
2744682106,10,0,-0.009000000000000001,0.18,0.004,0.0,0.0,0.161,0.0,0.0,-0.002,0.0,0.0,0.0,17966.0,0.0,0.161
2744684153,10,0,-0.01,0.194,0.009000000000000001,0.0,0.0,0.16570000000000001,0.0,0.0,-0.0015,0.0,0.0,0.0,20013.0,0.0,0.16570000000000001
2744689156,10,0,-0.007,0.192,0.017,0.0,0.0,0.17500000000000002,0.0,0.0,-0.0004,0.0,0.0,0.0,25016.0,0.0,0.17500000000000002
2744694161,10,0,-0.009000000000000001,0.20800000000000002,0.011,0.0,0.0,0.17500000000000002,0.0,0.0,0.0007,0.0,0.0,0.0,0.0,0.0,0.17500000000000002
2744696545,10,0,-0.011,0.20800000000000002,0.011,0.0,0.0,0.17500000000000002,0.0,0.0,0.0012000000000000001,0.0,0.0,0.0,2384.0,0.0,0.17500000000000002
2744701530,10,0,-0.004,0.201,0.01,0.0,0.0,0.17500000000000002,0.0,0.0,0.0024000000000000002,0.0,0.0,0.0,7369.0,0.0,0.17500000000000002
2744705531,10,0,-0.009000000000000001,0.194,0.002,0.0,0.0,0.17500000000000002,0.0,0.0,0.0033,0.0,0.0,0.0,11370.0,0.0,0.17500000000000002
2744710127,10,0,-0.01,0.189,-0.01,0.0,0.0,0.17500000000000002,0.0,0.0,0.0044,0.0,0.0,0.0,15966.0,0.0,0.17500000000000002
2744714173,10,0,-0.018000000000000002,0.184,-0.011,0.0,0.0,0.17500000000000002,0.0,0.0,0.0053,0.0,0.0,0.0,20012.0,0.0,0.17500000000000002
2744716526,10,0,-0.014,0.17500000000000002,-0.011,0.0,0.0,0.17500000000000002,0.0,0.0,0.0057,0.0,0.0,0.0,22365.0,0.0,0.17500000000000002
2744721134,10,0,-0.01,0.181,-0.012,0.0,0.0,0.17500000000000002,0.0,0.0,0.0068000000000000005,0.0,0.0,0.0,0.0,0.0,0.17500000000000002
2744725137,10,0,-0.006,0.169,-0.009000000000000001,0.0,0.0,0.17500000000000002,0.0,0.0,0.0076,0.0,0.0,0.0,4003.0,0.0,0.17500000000000002
2744729184,10,0,-0.007,0.156,-0.012,0.0,0.0,0.17500000000000002,0.0,0.0,0.008400000000000001,0.0,0.0,0.0,8050.0,0.0,0.17500000000000002
2744733528,10,0,0.003,0.149,-0.009000000000000001,0.0,0.0,0.17500000000000002,0.0,0.0,0.009000000000000001,0.0,0.0,0.0,12394.0,0.0,0.17500000000000002
2744738146,10,0,0.003,0.132,-0.002,0.0,0.0,0.17500000000000002,0.0,0.0,0.0097,0.0,0.0,0.0,17012.0,0.0,0.17500000000000002
2744740528,10,0,0.003,0.131,0.0,0.0,0.0,0.17500000000000002,0.0,0.0,0.0099,0.0,0.0,0.0,19394.0,0.0,0.17500000000000002
2744745151,10,0,-0.001,0.108,0.002,0.0,0.0,0.17500000000000002,0.0,0.0,0.010400000000000001,0.0,0.0,0.0,24017.0,0.0,0.17500000000000002
2744749198,10,0,-0.005,0.098,0.014,0.0,0.0,0.17500000000000002,0.0,0.0,0.010700000000000001,0.0,0.0,0.0,0.0,0.0,0.17500000000000002
2744753564,10,0,0.0,0.085,0.013000000000000001,0.0,0.0,0.17500000000000002,0.0,0.0,0.011000000000000001,0.0,0.0,0.0,4366.0,0.0,0.17500000000000002
2744756161,10,0,-0.001,0.079,0.009000000000000001,0.0,0.0,0.17500000000000002,0.0,0.0,0.0112,0.0,0.0,0.0,6963.0,0.0,0.17500000000000002
2744760528,10,0,0.002,0.076,0.012,0.0,0.0,0.17500000000000002,0.0,0.0,0.0115,0.0,0.0,0.0,11330.0,0.0,0.17500000000000002
2744765128,10,0,0.005,0.069,0.012,0.0,0.0,0.17500000000000002,0.0,0.0,0.0117,0.0,0.0,0.0,15930.0,0.0,0.17500000000000002
2744769214,10,0,0.013000000000000001,0.073,-0.002,0.0,0.0,0.17500000000000002,0.0,0.0,0.012,0.0,0.0,0.0,20016.0,0.0,0.17500000000000002
2744773529,10,0,0.016,0.062,-0.005,0.0,0.0,0.17500000000000002,0.0,0.0,0.0122,0.0,0.0,0.0,24331.0,0.0,0.17500000000000002
2744777565,10,0,0.017,0.063,-0.012,0.0,0.0,0.17500000000000002,0.0,0.0,0.012400000000000001,0.0,0.0,0.0,0.0,0.0,0.17500000000000002
2744780178,10,0,0.016,0.06,-0.018000000000000002,0.0,0.0,0.17500000000000002,0.0,0.0,0.0126,0.0,0.0,0.0,2613.0,0.0,0.17500000000000002
2744785179,10,0,0.011,0.049,-0.012,0.0,0.0,0.17500000000000002,0.0,0.0,0.0128,0.0,0.0,0.0,7614.0,0.0,0.17500000000000002
2744789228,10,0,0.013000000000000001,0.046,-0.004,0.0,0.0,0.17270000000000002,0.0,0.0,0.0129,0.0,0.0,0.0,11663.0,0.0,0.17270000000000002
2744794233,10,0,0.011,0.024,-0.008,0.0,0.0,0.161,0.0,0.0,0.013000000000000001,0.0,0.0,0.0,16668.0,0.0,0.161
2744796527,10,0,0.009000000000000001,0.018000000000000002,-0.008,0.0,0.0,0.1563,0.0,0.0,0.0131,0.0,0.0,0.0,18962.0,0.0,0.1563
2744801160,10,0,0.006,0.004,0.002,0.0,0.0,0.1447,0.0,0.0,0.0131,0.0,0.0,0.0,23595.0,0.0,0.1447
2744805564,10,0,0.007,-0.005,0.0,0.0,0.0,0.1353,0.0,0.0,0.0131,0.0,0.0,0.0,0.0,0.0,0.1353
2744808198,10,0,0.011,-0.014,0.0,0.0,0.0,0.1283,0.0,0.0,0.0131,0.0,0.0,0.0,2634.0,0.0,0.1283
2744812198,10,0,0.012,-0.016,0.006,0.0,0.0,0.11900000000000001,0.0,0.0,0.0131,0.0,0.0,0.0,6634.0,0.0,0.11900000000000001
2744817168,10,0,0.009000000000000001,-0.021,0.01,0.0,0.0,0.1073,0.0,0.0,0.0132,0.0,0.0,0.0,11604.0,0.0,0.1073
2744821528,10,0,0.007,-0.02,0.008,0.0,0.0,0.098,0.0,0.0,0.013300000000000001,0.0,0.0,0.0,15964.0,0.0,0.098
2744825528,10,0,-0.002,-0.031,0.008,0.0,0.0,0.0887,0.0,0.0,0.013300000000000001,0.0,0.0,0.0,19964.0,0.0,0.0887
2744830175,10,0,0.0,-0.027,0.007,0.0,0.0,0.077,0.0,0.0,0.013300000000000001,0.0,0.0,0.0,24611.0,0.0,0.077
2744832215,10,0,0.002,-0.029,0.004,0.0,0.0,0.0723,0.0,0.0,0.013300000000000001,0.0,0.0,0.0,0.0,0.0,0.0723
2744836528,10,0,-0.001,-0.034,0.003,0.0,0.0,0.063,0.0,0.0,0.0132,0.0,0.0,0.0,4313.0,0.0,0.063
2744841183,10,0,-0.004,-0.039,0.003,0.0,0.0,0.051300000000000005,0.0,0.0,0.0132,0.0,0.0,0.0,8968.0,0.0,0.051300000000000005
2744845222,10,0,-0.005,-0.044,-0.004,0.0,0.0,0.042,0.0,0.0,0.013000000000000001,0.0,0.0,0.0,13007.0,0.0,0.042
2744849529,10,0,-0.009000000000000001,-0.042,-0.007,0.0,0.0,0.0327,0.0,0.0,0.0129,0.0,0.0,0.0,17314.0,0.0,0.0327
2744853564,10,0,-0.012,-0.045,0.0,0.0,0.0,0.0233,0.0,0.0,0.012700000000000001,0.0,0.0,0.0,21349.0,0.0,0.0233
2744856233,10,0,-0.01,-0.043000000000000003,-0.003,0.0,0.0,0.016300000000000002,0.0,0.0,0.0126,0.0,0.0,0.0,24018.0,0.0,0.016300000000000002
2744860527,10,0,-0.007,-0.036000000000000004,0.0,0.0,0.0,0.007,0.0,0.0,0.012400000000000001,0.0,0.0,0.0,0.0,0.0,0.007
2744865200,10,0,-0.01,-0.06,0.002,0.0,0.0,-0.0047,0.0,0.0,0.012100000000000001,0.0,0.0,0.0,4673.0,0.0,-0.0047
2744869286,10,0,-0.013000000000000001,-0.067,0.003,0.0,0.0,-0.014,0.0,0.0,0.011600000000000001,0.0,0.0,0.0,8759.0,0.0,-0.014
2744873528,10,0,-0.007,-0.082,0.006,0.0,0.0,-0.0233,0.0,0.0,0.0111,0.0,0.0,0.0,13001.0,0.0,-0.0233
2744877564,10,0,-0.012,-0.109,0.007,0.0,0.0,-0.0327,0.0,0.0,0.0105,0.0,0.0,0.0,17037.0,0.0,-0.0327
2744880250,10,0,-0.012,-0.131,0.003,0.0,0.0,-0.0397,0.0,0.0,0.01,0.0,0.0,0.0,19723.0,0.0,-0.0397
2744884528,10,0,-0.015,-0.157,0.004,0.0,0.0,-0.049,0.0,0.0,0.0091,0.0,0.0,0.0,24001.0,0.0,-0.049
2744889298,10,0,-0.012,-0.182,0.004,0.0,0.0,-0.060700000000000004,0.0,0.0,0.008,0.0,0.0,0.0,0.0,0.0,-0.060700000000000004
2744894304,10,0,-0.018000000000000002,-0.194,0.006,0.0,0.0,-0.0723,0.0,0.0,0.007,0.0,0.0,0.0,5006.0,0.0,-0.0723
2744896527,10,0,-0.015,-0.199,0.007,0.0,0.0,-0.077,0.0,0.0,0.0067,0.0,0.0,0.0,7229.0,0.0,-0.077
2744901261,10,0,-0.021,-0.201,0.002,0.0,0.0,-0.0887,0.0,0.0,0.0059,0.0,0.0,0.0,11963.0,0.0,-0.0887
2744905529,10,0,-0.007,-0.189,0.01,0.0,0.0,-0.098,0.0,0.0,0.0054,0.0,0.0,0.0,16231.0,0.0,-0.098
2744910572,10,0,-0.003,-0.182,0.006,0.0,0.0,-0.1097,0.0,0.0,0.005,0.0,0.0,0.0,21274.0,0.0,-0.1097
2744912765,10,0,-0.006,-0.17300000000000001,0.002,0.0,0.0,-0.1143,0.0,0.0,0.0047,0.0,0.0,0.0,23467.0,0.0,-0.1143
2744917272,10,0,-0.007,-0.17500000000000002,-0.006,0.0,0.0,-0.126,0.0,0.0,0.004200000000000001,0.0,0.0,0.0,0.0,0.0,-0.126
2744921562,10,0,0.002,-0.177,-0.002,0.0,0.0,-0.1353,0.0,0.0,0.0037,0.0,0.0,0.0,4290.0,0.0,-0.1353
2744924323,10,0,0.008,-0.182,0.003,0.0,0.0,-0.1423,0.0,0.0,0.0033,0.0,0.0,0.0,7051.0,0.0,-0.1423
2744929324,10,0,0.015,-0.191,-0.002,0.0,0.0,-0.154,0.0,0.0,0.0025,0.0,0.0,0.0,12052.0,0.0,-0.154
2744933550,10,0,0.005,-0.198,-0.002,0.0,0.0,-0.1633,0.0,0.0,0.0018000000000000002,0.0,0.0,0.0,16278.0,0.0,-0.1633
2744936243,10,0,0.002,-0.209,-0.003,0.0,0.0,-0.1703,0.0,0.0,0.0011,0.0,0.0,0.0,18971.0,0.0,-0.1703
2744940527,10,0,0.01,-0.219,0.001,0.0,0.0,-0.17500000000000002,0.0,0.0,0.0002,0.0,0.0,0.0,23255.0,0.0,-0.17500000000000002
2744945256,10,0,0.012,-0.227,-0.002,0.0,0.0,-0.17500000000000002,0.0,0.0,-0.001,0.0,0.0,0.0,0.0,0.0,-0.17500000000000002
2744949343,10,0,0.013000000000000001,-0.243,0.01,0.0,0.0,-0.17500000000000002,0.0,0.0,-0.002,0.0,0.0,0.0,4087.0,0.0,-0.17500000000000002
2744953529,10,0,0.005,-0.23600000000000002,0.0,0.0,0.0,-0.17500000000000002,0.0,0.0,-0.003,0.0,0.0,0.0,8273.0,0.0,-0.17500000000000002
2744958303,10,0,0.009000000000000001,-0.23,0.003,0.0,0.0,-0.17500000000000002,0.0,0.0,-0.004200000000000001,0.0,0.0,0.0,13047.0,0.0,-0.17500000000000002
2744960304,10,0,0.012,-0.23,0.008,0.0,0.0,-0.17500000000000002,0.0,0.0,-0.0047,0.0,0.0,0.0,15048.0,0.0,-0.17500000000000002
2744964350,10,0,0.015,-0.217,0.007,0.0,0.0,-0.17500000000000002,0.0,0.0,-0.0057,0.0,0.0,0.0,19094.0,0.0,-0.17500000000000002
2744968563,10,0,0.008,-0.209,-0.006,0.0,0.0,-0.17500000000000002,0.0,0.0,-0.0066,0.0,0.0,0.0,23307.0,0.0,-0.17500000000000002
2744973526,10,0,0.001,-0.18,0.009000000000000001,0.0,0.0,-0.17500000000000002,0.0,0.0,-0.007500000000000001,0.0,0.0,0.0,0.0,0.0,-0.17500000000000002
2744977528,10,0,0.001,-0.176,0.003,0.0,0.0,-0.17500000000000002,0.0,0.0,-0.0082,0.0,0.0,0.0,4002.0,0.0,-0.17500000000000002
2744981562,10,0,0.005,-0.152,0.002,0.0,0.0,-0.17500000000000002,0.0,0.0,-0.0088,0.0,0.0,0.0,8036.0,0.0,-0.17500000000000002
2744986322,10,0,0.004,-0.145,0.004,0.0,0.0,-0.17500000000000002,0.0,0.0,-0.009600000000000001,0.0,0.0,0.0,12796.0,0.0,-0.17500000000000002
2744988324,10,0,0.001,-0.14400000000000002,0.002,0.0,0.0,-0.17500000000000002,0.0,0.0,-0.0099,0.0,0.0,0.0,14798.0,0.0,-0.17500000000000002
2744992325,10,0,-0.004,-0.11900000000000001,-0.007,0.0,0.0,-0.17500000000000002,0.0,0.0,-0.0105,0.0,0.0,0.0,18799.0,0.0,-0.17500000000000002
2744996525,10,0,0.007,-0.128,-0.002,0.0,0.0,-0.17500000000000002,0.0,0.0,-0.011000000000000001,0.0,0.0,0.0,22999.0,0.0,-0.17500000000000002
2745001293,10,0,0.005,-0.109,-0.009000000000000001,0.0,0.0,-0.17500000000000002,0.0,0.0,-0.011600000000000001,0.0,0.0,0.0,0.0,0.0,-0.17500000000000002
2745005297,10,0,0.0,-0.10300000000000001,-0.012,0.0,0.0,-0.17500000000000002,0.0,0.0,-0.012,0.0,0.0,0.0,4004.0,0.0,-0.17500000000000002
2745009526,10,0,-0.007,-0.091,-0.001,0.0,0.0,-0.17500000000000002,0.0,0.0,-0.0123,0.0,0.0,0.0,8233.0,0.0,-0.17500000000000002
2745013566,10,0,-0.015,-0.078,0.002,0.0,0.0,-0.17500000000000002,0.0,0.0,-0.0125,0.0,0.0,0.0,12273.0,0.0,-0.17500000000000002
2745016307,10,0,-0.014,-0.065,-0.001,0.0,0.0,-0.17500000000000002,0.0,0.0,-0.0126,0.0,0.0,0.0,15014.0,0.0,-0.17500000000000002
2745020347,10,0,-0.009000000000000001,-0.055,0.002,0.0,0.0,-0.17500000000000002,0.0,0.0,-0.0126,0.0,0.0,0.0,19054.0,0.0,-0.17500000000000002
2745024525,10,0,-0.014,-0.046,0.009000000000000001,0.0,0.0,-0.17500000000000002,0.0,0.0,-0.0126,0.0,0.0,0.0,23232.0,0.0,-0.17500000000000002
2745029394,10,0,-0.011,-0.023,0.002,0.0,0.0,-0.17500000000000002,0.0,0.0,-0.012700000000000001,0.0,0.0,0.0,0.0,0.0,-0.17500000000000002
2745033526,10,0,-0.007,-0.031,0.002,0.0,0.0,-0.17500000000000002,0.0,0.0,-0.012700000000000001,0.0,0.0,0.0,4132.0,0.0,-0.17500000000000002
2745037563,10,0,-0.004,-0.035,0.006,0.0,0.0,-0.17500000000000002,0.0,0.0,-0.012700000000000001,0.0,0.0,0.0,8169.0,0.0,-0.17500000000000002
2745040361,10,0,-0.005,-0.039,0.002,0.0,0.0,-0.1703,0.0,0.0,-0.0129,0.0,0.0,0.0,10967.0,0.0,-0.1703
2745044407,10,0,-0.008,-0.043000000000000003,-0.007,0.0,0.0,-0.161,0.0,0.0,-0.013000000000000001,0.0,0.0,0.0,15013.0,0.0,-0.161
2745048562,10,0,-0.012,-0.044,-0.003,0.0,0.0,-0.1517,0.0,0.0,-0.0132,0.0,0.0,0.0,19168.0,0.0,-0.1517
2745053370,10,0,-0.012,-0.041,-0.002,0.0,0.0,-0.14,0.0,0.0,-0.0134,0.0,0.0,0.0,23976.0,0.0,-0.14
2745057372,10,0,-0.015,-0.033,-0.003,0.0,0.0,-0.1307,0.0,0.0,-0.0135,0.0,0.0,0.0,0.0,0.0,-0.1307
2745061526,10,0,-0.009000000000000001,-0.03,0.002,0.0,0.0,-0.1213,0.0,0.0,-0.013600000000000001,0.0,0.0,0.0,4154.0,0.0,-0.1213
2745066376,10,0,0.0,-0.015,0.004,0.0,0.0,-0.1097,0.0,0.0,-0.013600000000000001,0.0,0.0,0.0,9004.0,0.0,-0.1097
2745068378,10,0,0.002,-0.01,0.003,0.0,0.0,-0.10500000000000001,0.0,0.0,-0.013600000000000001,0.0,0.0,0.0,11006.0,0.0,-0.10500000000000001
2745073381,10,0,-0.003,0.001,-0.001,0.0,0.0,-0.09330000000000001,0.0,0.0,-0.013600000000000001,0.0,0.0,0.0,16009.0,0.0,-0.09330000000000001
2745078383,10,0,0.011,0.005,0.001,0.0,0.0,-0.08170000000000001,0.0,0.0,-0.013600000000000001,0.0,0.0,0.0,21011.0,0.0,-0.08170000000000001
2745080388,10,0,0.012,0.005,-0.002,0.0,0.0,-0.077,0.0,0.0,-0.013600000000000001,0.0,0.0,0.0,23016.0,0.0,-0.077
2745084435,10,0,0.007,0.01,-0.001,0.0,0.0,-0.06770000000000001,0.0,0.0,-0.013600000000000001,0.0,0.0,0.0,0.0,0.0,-0.06770000000000001
2745088526,10,0,0.004,0.007,0.005,0.0,0.0,-0.058300000000000005,0.0,0.0,-0.0137,0.0,0.0,0.0,4091.0,0.0,-0.058300000000000005
2745092562,10,0,0.007,0.005,-0.001,0.0,0.0,-0.049,0.0,0.0,-0.0137,0.0,0.0,0.0,8127.0,0.0,-0.049
2745097398,10,0,0.003,0.013000000000000001,-0.002,0.0,0.0,-0.0373,0.0,0.0,-0.0137,0.0,0.0,0.0,12963.0,0.0,-0.0373
2745101525,10,0,0.004,0.015,0.002,0.0,0.0,-0.028,0.0,0.0,-0.013600000000000001,0.0,0.0,0.0,17090.0,0.0,-0.028
2745104452,10,0,0.012,0.013000000000000001,-0.001,0.0,0.0,-0.021,0.0,0.0,-0.013600000000000001,0.0,0.0,0.0,20017.0,0.0,-0.021
2745108563,10,0,0.012,0.017,-0.007,0.0,0.0,-0.0117,0.0,0.0,-0.013600000000000001,0.0,0.0,0.0,24128.0,0.0,-0.0117
2745113410,10,0,0.012,0.027,-0.004,0.0,0.0,0.0,0.0,0.0,-0.0134,0.0,0.0,0.0,0.0,0.0,0.0
2745117563,10,0,0.012,0.031,-0.006,0.0,0.0,0.009300000000000001,0.0,0.0,-0.0132,0.0,0.0,0.0,4153.0,0.0,0.009300000000000001
2745120414,10,0,0.011,0.043000000000000003,-0.007,0.0,0.0,0.016300000000000002,0.0,0.0,-0.0129,0.0,0.0,0.0,7004.0,0.0,0.016300000000000002
2745124463,10,0,0.005,0.082,-0.002,0.0,0.0,0.0257,0.0,0.0,-0.012400000000000001,0.0,0.0,0.0,11053.0,0.0,0.0257
2745128525,10,0,0.01,0.11,0.003,0.0,0.0,0.035,0.0,0.0,-0.0118,0.0,0.0,0.0,15115.0,0.0,0.035
2745133423,10,0,0.005,0.145,0.005,0.0,0.0,0.046700000000000005,0.0,0.0,-0.0109,0.0,0.0,0.0,20013.0,0.0,0.046700000000000005
2745138427,10,0,0.002,0.184,0.001,0.0,0.0,0.058300000000000005,0.0,0.0,-0.0097,0.0,0.0,0.0,25017.0,0.0,0.058300000000000005
2745140428,10,0,-0.002,0.19,0.001,0.0,0.0,0.063,0.0,0.0,-0.0092,0.0,0.0,0.0,0.0,0.0,0.063
2745145432,10,0,0.0,0.214,0.003,0.0,0.0,0.0747,0.0,0.0,-0.0081,0.0,0.0,0.0,5004.0,0.0,0.0747
2745149482,10,0,0.005,0.216,0.0,0.0,0.0,0.084,0.0,0.0,-0.0073,0.0,0.0,0.0,9054.0,0.0,0.084
2745153526,10,0,-0.003,0.202,-0.007,0.0,0.0,0.09330000000000001,0.0,0.0,-0.0066,0.0,0.0,0.0,13098.0,0.0,0.09330000000000001
2745157563,10,0,0.002,0.197,-0.008,0.0,0.0,0.1027,0.0,0.0,-0.0061,0.0,0.0,0.0,17135.0,0.0,0.1027
2745160442,10,0,0.004,0.181,-0.01,0.0,0.0,0.1097,0.0,0.0,-0.0057,0.0,0.0,0.0,20014.0,0.0,0.1097
2745164492,10,0,0.005,0.177,-0.015,0.0,0.0,0.11900000000000001,0.0,0.0,-0.005200000000000001,0.0,0.0,0.0,24064.0,0.0,0.11900000000000001
2745169496,10,0,-0.003,0.171,-0.016,0.0,0.0,0.1307,0.0,0.0,-0.0046,0.0,0.0,0.0,0.0,0.0,0.1307
2745173525,10,0,-0.005,0.17500000000000002,-0.014,0.0,0.0,0.14,0.0,0.0,-0.004,0.0,0.0,0.0,4029.0,0.0,0.14
2745177564,10,0,-0.005,0.195,-0.002,0.0,0.0,0.14930000000000002,0.0,0.0,-0.0033,0.0,0.0,0.0,8068.0,0.0,0.14930000000000002
2745180457,10,0,-0.009000000000000001,0.188,0.002,0.0,0.0,0.1563,0.0,0.0,-0.0026000000000000003,0.0,0.0,0.0,10961.0,0.0,0.1563
2745185422,10,0,-0.003,0.20700000000000002,0.015,0.0,0.0,0.168,0.0,0.0,-0.0015,0.0,0.0,0.0,15926.0,0.0,0.168
2745189511,10,0,-0.01,0.20500000000000002,0.014,0.0,0.0,0.17500000000000002,0.0,0.0,-0.0006000000000000001,0.0,0.0,0.0,20015.0,0.0,0.17500000000000002
2745194514,10,0,-0.009000000000000001,0.213,0.011,0.0,0.0,0.17500000000000002,0.0,0.0,0.0005,0.0,0.0,0.0,25018.0,0.0,0.17500000000000002
2745196525,10,0,-0.009000000000000001,0.217,0.012,0.0,0.0,0.17500000000000002,0.0,0.0,0.0009000000000000001,0.0,0.0,0.0,0.0,0.0,0.17500000000000002
2745201471,10,0,-0.007,0.20600000000000002,0.011,0.0,0.0,0.17500000000000002,0.0,0.0,0.002,0.0,0.0,0.0,4946.0,0.0,0.17500000000000002
2745206438,10,0,-0.012,0.199,0.0,0.0,0.0,0.17500000000000002,0.0,0.0,0.0032,0.0,0.0,0.0,9913.0,0.0,0.17500000000000002
2745208475,10,0,-0.008,0.194,-0.006,0.0,0.0,0.17500000000000002,0.0,0.0,0.0036000000000000003,0.0,0.0,0.0,11950.0,0.0,0.17500000000000002
2745212479,10,0,-0.007,0.199,-0.007,0.0,0.0,0.17500000000000002,0.0,0.0,0.0045000000000000005,0.0,0.0,0.0,15954.0,0.0,0.17500000000000002
2745216562,10,0,-0.006,0.186,-0.015,0.0,0.0,0.17500000000000002,0.0,0.0,0.0054,0.0,0.0,0.0,20037.0,0.0,0.17500000000000002
2745222485,10,0,-0.008,0.191,-0.006,0.0,0.0,0.17500000000000002,0.0,0.0,0.0067,0.0,0.0,0.0,25960.0,0.0,0.17500000000000002
2745224535,10,0,-0.002,0.182,-0.006,0.0,0.0,0.17500000000000002,0.0,0.0,0.0071,0.0,0.0,0.0,0.0,0.0,0.17500000000000002
2745229540,10,0,0.001,0.163,-0.018000000000000002,0.0,0.0,0.17500000000000002,0.0,0.0,0.0081,0.0,0.0,0.0,5005.0,0.0,0.17500000000000002
2745234542,10,0,0.004,0.151,-0.009000000000000001,0.0,0.0,0.17500000000000002,0.0,0.0,0.009000000000000001,0.0,0.0,0.0,10007.0,0.0,0.17500000000000002
2745236562,10,0,0.006,0.14100000000000001,-0.003,0.0,0.0,0.17500000000000002,0.0,0.0,0.009300000000000001,0.0,0.0,0.0,12027.0,0.0,0.17500000000000002
2745241498,10,0,0.007,0.131,-0.004,0.0,0.0,0.17500000000000002,0.0,0.0,0.0099,0.0,0.0,0.0,16963.0,0.0,0.17500000000000002
2745245563,10,0,0.005,0.11,0.005,0.0,0.0,0.17500000000000002,0.0,0.0,0.0103,0.0,0.0,0.0,21028.0,0.0,0.17500000000000002
2745248467,10,0,0.004,0.106,0.015,0.0,0.0,0.17500000000000002,0.0,0.0,0.0106,0.0,0.0,0.0,23932.0,0.0,0.17500000000000002
2745253507,10,0,0.004,0.083,0.013000000000000001,0.0,0.0,0.17500000000000002,0.0,0.0,0.011000000000000001,0.0,0.0,0.0,0.0,0.0,0.17500000000000002
2745258474,10,0,0.007,0.077,0.01,0.0,0.0,0.17500000000000002,0.0,0.0,0.0114,0.0,0.0,0.0,4967.0,0.0,0.17500000000000002
2745260475,10,0,0.014,0.073,0.014,0.0,0.0,0.17500000000000002,0.0,0.0,0.0115,0.0,0.0,0.0,6968.0,0.0,0.17500000000000002
2745265518,10,0,0.006,0.063,0.01,0.0,0.0,0.17500000000000002,0.0,0.0,0.0118,0.0,0.0,0.0,12011.0,0.0,0.17500000000000002
2745270548,10,0,0.017,0.063,-0.001,0.0,0.0,0.17500000000000002,0.0,0.0,0.012100000000000001,0.0,0.0,0.0,17041.0,0.0,0.17500000000000002
2745272560,10,0,0.021,0.058,-0.003,0.0,0.0,0.17500000000000002,0.0,0.0,0.0122,0.0,0.0,0.0,19053.0,0.0,0.17500000000000002
2745277482,10,0,0.016,0.049,-0.006,0.0,0.0,0.17500000000000002,0.0,0.0,0.0125,0.0,0.0,0.0,23975.0,0.0,0.17500000000000002
2745282530,10,0,0.011,0.046,-0.014,0.0,0.0,0.17500000000000002,0.0,0.0,0.012700000000000001,0.0,0.0,0.0,0.0,0.0,0.17500000000000002
2745284579,10,0,0.008,0.045,-0.013000000000000001,0.0,0.0,0.17500000000000002,0.0,0.0,0.0128,0.0,0.0,0.0,2049.0,0.0,0.17500000000000002
2745289582,10,0,0.01,0.036000000000000004,-0.012,0.0,0.0,0.17270000000000002,0.0,0.0,0.013000000000000001,0.0,0.0,0.0,7052.0,0.0,0.17270000000000002
2745292537,10,0,0.011,0.028,-0.013000000000000001,0.0,0.0,0.16570000000000001,0.0,0.0,0.013000000000000001,0.0,0.0,0.0,10007.0,0.0,0.16570000000000001
2745297510,10,0,0.006,0.01,-0.004,0.0,0.0,0.154,0.0,0.0,0.013000000000000001,0.0,0.0,0.0,14980.0,0.0,0.154
2745302548,10,0,0.009000000000000001,-0.002,0.001,0.0,0.0,0.1423,0.0,0.0,0.013000000000000001,0.0,0.0,0.0,20018.0,0.0,0.1423
2745304628,10,0,0.012,-0.004,-0.004,0.0,0.0,0.13770000000000002,0.0,0.0,0.013000000000000001,0.0,0.0,0.0,22098.0,0.0,0.13770000000000002
2745309596,10,0,0.012,-0.015,0.001,0.0,0.0,0.126,0.0,0.0,0.0129,0.0,0.0,0.0,0.0,0.0,0.126
2745312543,10,0,0.014,-0.014,0.01,0.0,0.0,0.11900000000000001,0.0,0.0,0.0129,0.0,0.0,0.0,2947.0,0.0,0.11900000000000001
2745317555,10,0,0.01,-0.013000000000000001,0.007,0.0,0.0,0.1073,0.0,0.0,0.013000000000000001,0.0,0.0,0.0,7959.0,0.0,0.1073
2745322559,10,0,0.005,-0.017,0.007,0.0,0.0,0.09570000000000001,0.0,0.0,0.013000000000000001,0.0,0.0,0.0,12963.0,0.0,0.09570000000000001
2745324605,10,0,0.0,-0.019,0.009000000000000001,0.0,0.0,0.091,0.0,0.0,0.013000000000000001,0.0,0.0,0.0,15009.0,0.0,0.091
2745329649,10,0,-0.007,-0.022,0.009000000000000001,0.0,0.0,0.07930000000000001,0.0,0.0,0.013000000000000001,0.0,0.0,0.0,20053.0,0.0,0.07930000000000001
2745332565,10,0,-0.008,-0.022,0.003,0.0,0.0,0.0723,0.0,0.0,0.013000000000000001,0.0,0.0,0.0,22969.0,0.0,0.0723
2745337536,10,0,-0.008,-0.025,0.005,0.0,0.0,0.060700000000000004,0.0,0.0,0.0129,0.0,0.0,0.0,0.0,0.0,0.060700000000000004
2745342609,10,0,-0.006,-0.032,-0.003,0.0,0.0,0.049,0.0,0.0,0.0128,0.0,0.0,0.0,5073.0,0.0,0.049
2745344620,10,0,-0.009000000000000001,-0.033,-0.004,0.0,0.0,0.0443,0.0,0.0,0.0128,0.0,0.0,0.0,7084.0,0.0,0.0443
2745349623,10,0,-0.008,-0.03,-0.006,0.0,0.0,0.0327,0.0,0.0,0.0126,0.0,0.0,0.0,12087.0,0.0,0.0327
2745352619,10,0,-0.01,-0.034,-0.005,0.0,0.0,0.0257,0.0,0.0,0.0126,0.0,0.0,0.0,15083.0,0.0,0.0257
2745357544,10,0,-0.008,-0.033,-0.006,0.0,0.0,0.014,0.0,0.0,0.012400000000000001,0.0,0.0,0.0,20008.0,0.0,0.014
2745361587,10,0,-0.011,-0.042,-0.001,0.0,0.0,0.0047,0.0,0.0,0.0122,0.0,0.0,0.0,24051.0,0.0,0.0047
2745365589,10,0,-0.01,-0.052000000000000005,0.004,0.0,0.0,-0.0047,0.0,0.0,0.012,0.0,0.0,0.0,0.0,0.0,-0.0047
2745369599,10,0,-0.007,-0.062,-0.001,0.0,0.0,-0.014,0.0,0.0,0.011600000000000001,0.0,0.0,0.0,4010.0,0.0,-0.014
2745372592,10,0,-0.009000000000000001,-0.08,0.008,0.0,0.0,-0.021,0.0,0.0,0.011300000000000001,0.0,0.0,0.0,7003.0,0.0,-0.021
2745377600,10,0,-0.014,-0.121,0.007,0.0,0.0,-0.0327,0.0,0.0,0.0105,0.0,0.0,0.0,12011.0,0.0,-0.0327
2745382599,10,0,-0.012,-0.156,0.001,0.0,0.0,-0.0443,0.0,0.0,0.0095,0.0,0.0,0.0,17010.0,0.0,-0.0443
2745384684,10,0,-0.009000000000000001,-0.168,0.002,0.0,0.0,-0.049,0.0,0.0,0.0091,0.0,0.0,0.0,19095.0,0.0,-0.049
2745389650,10,0,-0.015,-0.195,0.006,0.0,0.0,-0.060700000000000004,0.0,0.0,0.008,0.0,0.0,0.0,24061.0,0.0,-0.060700000000000004
2745394653,10,0,-0.017,-0.20600000000000002,0.006,0.0,0.0,-0.0723,0.0,0.0,0.007,0.0,0.0,0.0,0.0,0.0,-0.0723
2745397610,10,0,-0.021,-0.213,0.006,0.0,0.0,-0.07930000000000001,0.0,0.0,0.006500000000000001,0.0,0.0,0.0,2957.0,0.0,-0.07930000000000001
2745402618,10,0,-0.011,-0.214,0.0,0.0,0.0,-0.091,0.0,0.0,0.0057,0.0,0.0,0.0,7965.0,0.0,-0.091
2745404680,10,0,-0.007,-0.20800000000000002,0.002,0.0,0.0,-0.09570000000000001,0.0,0.0,0.0054,0.0,0.0,0.0,10027.0,0.0,-0.09570000000000001
2745409666,10,0,0.002,-0.191,0.009000000000000001,0.0,0.0,-0.1073,0.0,0.0,0.0048000000000000004,0.0,0.0,0.0,15013.0,0.0,-0.1073
2745412621,10,0,-0.003,-0.185,0.004,0.0,0.0,-0.1143,0.0,0.0,0.0045000000000000005,0.0,0.0,0.0,17968.0,0.0,-0.1143
2745417625,10,0,-0.003,-0.18,-0.009000000000000001,0.0,0.0,-0.126,0.0,0.0,0.0039000000000000003,0.0,0.0,0.0,22972.0,0.0,-0.126
2745422609,10,0,0.005,-0.179,-0.003,0.0,0.0,-0.13770000000000002,0.0,0.0,0.0034000000000000002,0.0,0.0,0.0,0.0,0.0,-0.13770000000000002
2745424675,10,0,0.01,-0.182,-0.001,0.0,0.0,-0.1423,0.0,0.0,0.003,0.0,0.0,0.0,2066.0,0.0,-0.1423
2745429680,10,0,0.011,-0.187,0.0,0.0,0.0,-0.154,0.0,0.0,0.0021000000000000003,0.0,0.0,0.0,7071.0,0.0,-0.154
2745432636,10,0,0.001,-0.195,-0.002,0.0,0.0,-0.161,0.0,0.0,0.0016,0.0,0.0,0.0,10027.0,0.0,-0.161
2745437640,10,0,0.013000000000000001,-0.212,0.0,0.0,0.0,-0.17270000000000002,0.0,0.0,0.0005,0.0,0.0,0.0,15031.0,0.0,-0.17270000000000002
2745442678,10,0,0.01,-0.213,-0.001,0.0,0.0,-0.17500000000000002,0.0,0.0,-0.0008,0.0,0.0,0.0,20069.0,0.0,-0.17500000000000002
2745444682,10,0,0.014,-0.224,-0.001,0.0,0.0,-0.17500000000000002,0.0,0.0,-0.0013000000000000002,0.0,0.0,0.0,22073.0,0.0,-0.17500000000000002
2745449685,10,0,0.008,-0.23800000000000002,0.009000000000000001,0.0,0.0,-0.17500000000000002,0.0,0.0,-0.0026000000000000003,0.0,0.0,0.0,0.0,0.0,-0.17500000000000002
2745452689,10,0,0.004,-0.23700000000000002,0.0,0.0,0.0,-0.17500000000000002,0.0,0.0,-0.0034000000000000002,0.0,0.0,0.0,3004.0,0.0,-0.17500000000000002
2745458655,10,0,0.011,-0.23600000000000002,0.007,0.0,0.0,-0.17500000000000002,0.0,0.0,-0.005,0.0,0.0,0.0,8970.0,0.0,-0.17500000000000002
2745461656,10,0,0.013000000000000001,-0.221,0.014,0.0,0.0,-0.17500000000000002,0.0,0.0,-0.0057,0.0,0.0,0.0,11971.0,0.0,-0.17500000000000002
2745465658,10,0,0.012,-0.21,0.004,0.0,0.0,-0.17500000000000002,0.0,0.0,-0.0066,0.0,0.0,0.0,15973.0,0.0,-0.17500000000000002
2745469705,10,0,0.008,-0.189,0.007,0.0,0.0,-0.17500000000000002,0.0,0.0,-0.0074,0.0,0.0,0.0,20020.0,0.0,-0.17500000000000002
2745472663,10,0,0.001,-0.176,0.013000000000000001,0.0,0.0,-0.17500000000000002,0.0,0.0,-0.0078000000000000005,0.0,0.0,0.0,22978.0,0.0,-0.17500000000000002
2745477669,10,0,0.006,-0.157,0.005,0.0,0.0,-0.17500000000000002,0.0,0.0,-0.0086,0.0,0.0,0.0,0.0,0.0,-0.17500000000000002
2745482671,10,0,0.005,-0.136,0.002,0.0,0.0,-0.17500000000000002,0.0,0.0,-0.0092,0.0,0.0,0.0,5002.0,0.0,-0.17500000000000002
2745484787,10,0,0.001,-0.136,0.005,0.0,0.0,-0.17500000000000002,0.0,0.0,-0.0095,0.0,0.0,0.0,7118.0,0.0,-0.17500000000000002
2745489786,10,0,0.002,-0.11800000000000001,-0.007,0.0,0.0,-0.17500000000000002,0.0,0.0,-0.0102,0.0,0.0,0.0,12117.0,0.0,-0.17500000000000002
2745492714,10,0,0.002,-0.11900000000000001,-0.012,0.0,0.0,-0.17500000000000002,0.0,0.0,-0.0106,0.0,0.0,0.0,15045.0,0.0,-0.17500000000000002
2745497641,10,0,-0.003,-0.11800000000000001,-0.005,0.0,0.0,-0.17500000000000002,0.0,0.0,-0.0112,0.0,0.0,0.0,19972.0,0.0,-0.17500000000000002
2745502677,10,0,-0.004,-0.115,-0.015,0.0,0.0,-0.17500000000000002,0.0,0.0,-0.0118,0.0,0.0,0.0,25008.0,0.0,-0.17500000000000002
2745504766,10,0,-0.007,-0.109,-0.014,0.0,0.0,-0.17500000000000002,0.0,0.0,-0.012,0.0,0.0,0.0,0.0,0.0,-0.17500000000000002
2745509765,10,0,-0.008,-0.08700000000000001,0.001,0.0,0.0,-0.17500000000000002,0.0,0.0,-0.0123,0.0,0.0,0.0,4999.0,0.0,-0.17500000000000002
2745512683,10,0,-0.017,-0.08600000000000001,0.001,0.0,0.0,-0.17500000000000002,0.0,0.0,-0.0125,0.0,0.0,0.0,7917.0,0.0,-0.17500000000000002
2745517535,10,0,-0.014,-0.067,-0.002,0.0,0.0,-0.17500000000000002,0.0,0.0,-0.0126,0.0,0.0,0.0,12769.0,0.0,-0.17500000000000002
2745522573,10,0,-0.013000000000000001,-0.052000000000000005,0.012,0.0,0.0,-0.17500000000000002,0.0,0.0,-0.0126,0.0,0.0,0.0,17807.0,0.0,-0.17500000000000002
2745524779,10,0,-0.013000000000000001,-0.039,0.013000000000000001,0.0,0.0,-0.17500000000000002,0.0,0.0,-0.0126,0.0,0.0,0.0,20013.0,0.0,-0.17500000000000002
2745529783,10,0,-0.012,-0.027,0.005,0.0,0.0,-0.17500000000000002,0.0,0.0,-0.0126,0.0,0.0,0.0,25017.0,0.0,-0.17500000000000002
2745532572,10,0,-0.007,-0.028,0.006,0.0,0.0,-0.17500000000000002,0.0,0.0,-0.012700000000000001,0.0,0.0,0.0,0.0,0.0,-0.17500000000000002
2745536572,10,0,-0.009000000000000001,-0.034,0.0,0.0,0.0,-0.17500000000000002,0.0,0.0,-0.012700000000000001,0.0,0.0,0.0,4000.0,0.0,-0.17500000000000002
2745541534,10,0,-0.011,-0.044,-0.003,0.0,0.0,-0.168,0.0,0.0,-0.0129,0.0,0.0,0.0,8962.0,0.0,-0.168
2745545572,10,0,-0.012,-0.04,-0.004,0.0,0.0,-0.1587,0.0,0.0,-0.0132,0.0,0.0,0.0,13000.0,0.0,-0.1587
2745549750,10,0,-0.008,-0.036000000000000004,-0.001,0.0,0.0,-0.14930000000000002,0.0,0.0,-0.0134,0.0,0.0,0.0,17178.0,0.0,-0.14930000000000002
2745554534,10,0,-0.01,-0.034,-0.006,0.0,0.0,-0.13770000000000002,0.0,0.0,-0.0135,0.0,0.0,0.0,21962.0,0.0,-0.13770000000000002
2745556572,10,0,-0.007,-0.032,-0.005,0.0,0.0,-0.133,0.0,0.0,-0.0135,0.0,0.0,0.0,24000.0,0.0,-0.133
2745560797,10,0,-0.003,-0.02,0.0,0.0,0.0,-0.1237,0.0,0.0,-0.013600000000000001,0.0,0.0,0.0,0.0,0.0,-0.1237
2745564844,10,0,0.0,-0.006,0.0,0.0,0.0,-0.1143,0.0,0.0,-0.0135,0.0,0.0,0.0,4047.0,0.0,-0.1143
2745569534,10,0,0.002,0.001,-0.001,0.0,0.0,-0.1027,0.0,0.0,-0.0135,0.0,0.0,0.0,8737.0,0.0,-0.1027
2745573765,10,0,0.008,0.005,0.001,0.0,0.0,-0.09330000000000001,0.0,0.0,-0.0135,0.0,0.0,0.0,12968.0,0.0,-0.09330000000000001
2745578572,10,0,0.008,0.007,0.001,0.0,0.0,-0.08170000000000001,0.0,0.0,-0.0135,0.0,0.0,0.0,17775.0,0.0,-0.08170000000000001
2745580804,10,0,0.012,0.009000000000000001,-0.002,0.0,0.0,-0.077,0.0,0.0,-0.0135,0.0,0.0,0.0,20007.0,0.0,-0.077
2745585769,10,0,0.008,0.012,0.006,0.0,0.0,-0.0653,0.0,0.0,-0.013600000000000001,0.0,0.0,0.0,24972.0,0.0,-0.0653
2745588595,10,0,0.007,0.013000000000000001,0.007,0.0,0.0,-0.058300000000000005,0.0,0.0,-0.0135,0.0,0.0,0.0,0.0,0.0,-0.058300000000000005
2745592781,10,0,0.003,0.009000000000000001,0.004,0.0,0.0,-0.049,0.0,0.0,-0.0135,0.0,0.0,0.0,4186.0,0.0,-0.049
2745597531,10,0,0.013000000000000001,0.017,0.006,0.0,0.0,-0.0373,0.0,0.0,-0.0134,0.0,0.0,0.0,8936.0,0.0,-0.0373
2745601822,10,0,0.009000000000000001,0.018000000000000002,0.002,0.0,0.0,-0.028,0.0,0.0,-0.0134,0.0,0.0,0.0,13227.0,0.0,-0.028
2745604539,10,0,0.013000000000000001,0.015,-0.002,0.0,0.0,-0.021,0.0,0.0,-0.013300000000000001,0.0,0.0,0.0,15944.0,0.0,-0.021
2745608595,10,0,0.015,0.019,-0.003,0.0,0.0,-0.0117,0.0,0.0,-0.013300000000000001,0.0,0.0,0.0,20000.0,0.0,-0.0117
2745612785,10,0,0.013000000000000001,0.027,-0.007,0.0,0.0,-0.0023,0.0,0.0,-0.0131,0.0,0.0,0.0,24190.0,0.0,-0.0023
2745617752,10,0,0.009000000000000001,0.034,-0.002,0.0,0.0,0.009300000000000001,0.0,0.0,-0.012700000000000001,0.0,0.0,0.0,0.0,0.0,0.009300000000000001
2745622570,10,0,0.009000000000000001,0.066,-0.005,0.0,0.0,0.021,0.0,0.0,-0.0123,0.0,0.0,0.0,4818.0,0.0,0.021
2745624812,10,0,0.009000000000000001,0.097,-0.002,0.0,0.0,0.0257,0.0,0.0,-0.0119,0.0,0.0,0.0,7060.0,0.0,0.0257
2745629775,10,0,0.01,0.126,0.004,0.0,0.0,0.0373,0.0,0.0,-0.0109,0.0,0.0,0.0,12023.0,0.0,0.0373
2745634575,10,0,0.002,0.158,0.004,0.0,0.0,0.049,0.0,0.0,-0.01,0.0,0.0,0.0,16823.0,0.0,0.049
2745636811,10,0,0.003,0.176,0.003,0.0,0.0,0.053700000000000005,0.0,0.0,-0.009300000000000001,0.0,0.0,0.0,19059.0,0.0,0.053700000000000005
2745640812,10,0,-0.001,0.198,0.001,0.0,0.0,0.063,0.0,0.0,-0.0083,0.0,0.0,0.0,23060.0,0.0,0.063
2745645851,10,0,-0.001,0.223,0.0,0.0,0.0,0.0747,0.0,0.0,-0.0073,0.0,0.0,0.0,0.0,0.0,0.0747
2745650540,10,0,0.002,0.211,-0.002,0.0,0.0,0.0863,0.0,0.0,-0.006500000000000001,0.0,0.0,0.0,4689.0,0.0,0.0863
2745652578,10,0,-0.001,0.20400000000000001,-0.003,0.0,0.0,0.091,0.0,0.0,-0.006200000000000001,0.0,0.0,0.0,6727.0,0.0,0.091
2745656851,10,0,-0.002,0.2,-0.007,0.0,0.0,0.1003,0.0,0.0,-0.0055000000000000005,0.0,0.0,0.0,11000.0,0.0,0.1003
2745661538,10,0,0.002,0.179,-0.01,0.0,0.0,0.112,0.0,0.0,-0.0051,0.0,0.0,0.0,15687.0,0.0,0.112
2745665775,10,0,0.001,0.179,-0.016,0.0,0.0,0.1213,0.0,0.0,-0.0045000000000000005,0.0,0.0,0.0,19924.0,0.0,0.1213
2745670575,10,0,-0.005,0.17,-0.014,0.0,0.0,0.133,0.0,0.0,-0.004,0.0,0.0,0.0,24724.0,0.0,0.133
2745672822,10,0,-0.006,0.176,-0.009000000000000001,0.0,0.0,0.13770000000000002,0.0,0.0,-0.0035,0.0,0.0,0.0,0.0,0.0,0.13770000000000002
2745677576,10,0,-0.008,0.196,-0.005,0.0,0.0,0.14930000000000002,0.0,0.0,-0.0028,0.0,0.0,0.0,4754.0,0.0,0.14930000000000002
2745681852,10,0,-0.004,0.2,0.003,0.0,0.0,0.1587,0.0,0.0,-0.0016,0.0,0.0,0.0,9030.0,0.0,0.1587
2745684533,10,0,-0.006,0.212,0.006,0.0,0.0,0.16570000000000001,0.0,0.0,-0.0012000000000000001,0.0,0.0,0.0,11711.0,0.0,0.16570000000000001
2745688813,10,0,-0.01,0.219,0.015,0.0,0.0,0.17500000000000002,0.0,0.0,0.0001,0.0,0.0,0.0,15991.0,0.0,0.17500000000000002
2745693574,10,0,-0.012,0.219,0.01,0.0,0.0,0.17500000000000002,0.0,0.0,0.001,0.0,0.0,0.0,20752.0,0.0,0.17500000000000002
2745697773,10,0,-0.006,0.221,0.008,0.0,0.0,0.17500000000000002,0.0,0.0,0.0022,0.0,0.0,0.0,24951.0,0.0,0.17500000000000002
2745702576,10,0,-0.008,0.211,0.002,0.0,0.0,0.17500000000000002,0.0,0.0,0.0032,0.0,0.0,0.0,0.0,0.0,0.17500000000000002
2745704861,10,0,-0.015,0.202,-0.002,0.0,0.0,0.17500000000000002,0.0,0.0,0.0039000000000000003,0.0,0.0,0.0,2285.0,0.0,0.17500000000000002
2745709863,10,0,-0.012,0.192,-0.006,0.0,0.0,0.17500000000000002,0.0,0.0,0.005,0.0,0.0,0.0,7287.0,0.0,0.17500000000000002
2745714569,10,0,-0.014,0.184,-0.009000000000000001,0.0,0.0,0.17500000000000002,0.0,0.0,0.0058000000000000005,0.0,0.0,0.0,11993.0,0.0,0.17500000000000002
2745716576,10,0,-0.01,0.17400000000000002,-0.013000000000000001,0.0,0.0,0.17500000000000002,0.0,0.0,0.0063,0.0,0.0,0.0,14000.0,0.0,0.17500000000000002
2745721532,10,0,-0.006,0.18,-0.008,0.0,0.0,0.17500000000000002,0.0,0.0,0.0073,0.0,0.0,0.0,18956.0,0.0,0.17500000000000002
2745725813,10,0,0.001,0.157,-0.011,0.0,0.0,0.17500000000000002,0.0,0.0,0.0083,0.0,0.0,0.0,23237.0,0.0,0.17500000000000002
2745729841,10,0,-0.005,0.153,-0.013000000000000001,0.0,0.0,0.17500000000000002,0.0,0.0,0.009000000000000001,0.0,0.0,0.0,0.0,0.0,0.17500000000000002
2745732576,10,0,-0.001,0.147,-0.011,0.0,0.0,0.17500000000000002,0.0,0.0,0.0094,0.0,0.0,0.0,2735.0,0.0,0.17500000000000002
2745737574,10,0,0.004,0.129,-0.002,0.0,0.0,0.17500000000000002,0.0,0.0,0.010100000000000001,0.0,0.0,0.0,7733.0,0.0,0.17500000000000002
2745742569,10,0,0.009000000000000001,0.11900000000000001,-0.003,0.0,0.0,0.17500000000000002,0.0,0.0,0.010700000000000001,0.0,0.0,0.0,12728.0,0.0,0.17500000000000002
2745744889,10,0,0.008,0.106,0.002,0.0,0.0,0.17500000000000002,0.0,0.0,0.011000000000000001,0.0,0.0,0.0,15048.0,0.0,0.17500000000000002
2745749569,10,0,0.003,0.097,0.013000000000000001,0.0,0.0,0.17500000000000002,0.0,0.0,0.0114,0.0,0.0,0.0,19728.0,0.0,0.17500000000000002
2745753569,10,0,0.0,0.084,0.014,0.0,0.0,0.17500000000000002,0.0,0.0,0.0117,0.0,0.0,0.0,23728.0,0.0,0.17500000000000002
2745758568,10,0,0.004,0.079,0.016,0.0,0.0,0.17500000000000002,0.0,0.0,0.012,0.0,0.0,0.0,0.0,0.0,0.17500000000000002
2745760569,10,0,0.004,0.07200000000000001,0.017,0.0,0.0,0.17500000000000002,0.0,0.0,0.012100000000000001,0.0,0.0,0.0,2001.0,0.0,0.17500000000000002
2745764569,10,0,0.007,0.065,0.011,0.0,0.0,0.17500000000000002,0.0,0.0,0.0123,0.0,0.0,0.0,6001.0,0.0,0.17500000000000002
2745768858,10,0,0.011,0.068,0.001,0.0,0.0,0.17500000000000002,0.0,0.0,0.0126,0.0,0.0,0.0,10290.0,0.0,0.17500000000000002
2745773568,10,0,0.019,0.057,-0.002,0.0,0.0,0.17500000000000002,0.0,0.0,0.0128,0.0,0.0,0.0,15000.0,0.0,0.17500000000000002
2745777836,10,0,0.017,0.053,-0.009000000000000001,0.0,0.0,0.17500000000000002,0.0,0.0,0.013000000000000001,0.0,0.0,0.0,19268.0,0.0,0.17500000000000002
2745782569,10,0,0.011,0.049,-0.012,0.0,0.0,0.17500000000000002,0.0,0.0,0.0131,0.0,0.0,0.0,24001.0,0.0,0.17500000000000002
2745784569,10,0,0.012,0.049,-0.012,0.0,0.0,0.17500000000000002,0.0,0.0,0.0132,0.0,0.0,0.0,0.0,0.0,0.17500000000000002
2745788838,10,0,0.016,0.042,-0.002,0.0,0.0,0.17500000000000002,0.0,0.0,0.0134,0.0,0.0,0.0,4269.0,0.0,0.17500000000000002
2745792841,10,0,0.016,0.031,-0.008,0.0,0.0,0.16570000000000001,0.0,0.0,0.0135,0.0,0.0,0.0,8272.0,0.0,0.16570000000000001
2745797529,10,0,0.006,0.02,-0.011,0.0,0.0,0.154,0.0,0.0,0.0135,0.0,0.0,0.0,12960.0,0.0,0.154
2745801569,10,0,0.006,0.01,0.0,0.0,0.0,0.1447,0.0,0.0,0.0135,0.0,0.0,0.0,17000.0,0.0,0.1447
2745805849,10,0,0.012,-0.002,0.002,0.0,0.0,0.1353,0.0,0.0,0.0135,0.0,0.0,0.0,21280.0,0.0,0.1353
2745810567,10,0,0.014,-0.007,0.001,0.0,0.0,0.1237,0.0,0.0,0.0135,0.0,0.0,0.0,25998.0,0.0,0.1237
2745812568,10,0,0.012,-0.007,0.002,0.0,0.0,0.11900000000000001,0.0,0.0,0.0135,0.0,0.0,0.0,0.0,0.0,0.11900000000000001
2745816893,10,0,0.004,-0.016,0.006,0.0,0.0,0.1097,0.0,0.0,0.013600000000000001,0.0,0.0,0.0,4325.0,0.0,0.1097
2745821568,10,0,-0.003,-0.02,0.006,0.0,0.0,0.098,0.0,0.0,0.0137,0.0,0.0,0.0,9000.0,0.0,0.098
2745825863,10,0,0.003,-0.022,0.006,0.0,0.0,0.0887,0.0,0.0,0.013800000000000002,0.0,0.0,0.0,13295.0,0.0,0.0887
2745828569,10,0,-0.002,-0.023,0.003,0.0,0.0,0.08170000000000001,0.0,0.0,0.013800000000000002,0.0,0.0,0.0,16001.0,0.0,0.08170000000000001
2745832907,10,0,-0.01,-0.023,0.004,0.0,0.0,0.0723,0.0,0.0,0.013800000000000002,0.0,0.0,0.0,20339.0,0.0,0.0723
2745837568,10,0,-0.004,-0.029,0.002,0.0,0.0,0.060700000000000004,0.0,0.0,0.013800000000000002,0.0,0.0,0.0,25000.0,0.0,0.060700000000000004
2745841875,10,0,-0.006,-0.036000000000000004,-0.001,0.0,0.0,0.051300000000000005,0.0,0.0,0.0137,0.0,0.0,0.0,0.0,0.0,0.051300000000000005
2745845915,10,0,-0.013000000000000001,-0.04,-0.001,0.0,0.0,0.042,0.0,0.0,0.013600000000000001,0.0,0.0,0.0,4040.0,0.0,0.042
2745848568,10,0,-0.015,-0.038,-0.003,0.0,0.0,0.035,0.0,0.0,0.013600000000000001,0.0,0.0,0.0,6693.0,0.0,0.035
2745853568,10,0,-0.012,-0.042,-0.004,0.0,0.0,0.0233,0.0,0.0,0.0134,0.0,0.0,0.0,11693.0,0.0,0.0233
2745858568,10,0,-0.014,-0.041,0.0,0.0,0.0,0.0117,0.0,0.0,0.0132,0.0,0.0,0.0,16693.0,0.0,0.0117
2745860895,10,0,-0.011,-0.048,0.002,0.0,0.0,0.007,0.0,0.0,0.0131,0.0,0.0,0.0,19020.0,0.0,0.007
2745865892,10,0,-0.011,-0.064,0.0,0.0,0.0,-0.0047,0.0,0.0,0.012700000000000001,0.0,0.0,0.0,24017.0,0.0,-0.0047
2745869942,10,0,-0.006,-0.076,0.006,0.0,0.0,-0.014,0.0,0.0,0.0122,0.0,0.0,0.0,0.0,0.0,-0.014
2745874568,10,0,-0.012,-0.101,0.006,0.0,0.0,-0.0257,0.0,0.0,0.011600000000000001,0.0,0.0,0.0,4626.0,0.0,-0.0257
2745876570,10,0,-0.011,-0.116,0.007,0.0,0.0,-0.0303,0.0,0.0,0.011300000000000001,0.0,0.0,0.0,6628.0,0.0,-0.0303
2745881567,10,0,-0.01,-0.151,0.002,0.0,0.0,-0.042,0.0,0.0,0.0103,0.0,0.0,0.0,11625.0,0.0,-0.042
2745885567,10,0,-0.008,-0.179,0.001,0.0,0.0,-0.051300000000000005,0.0,0.0,0.0094,0.0,0.0,0.0,15625.0,0.0,-0.051300000000000005
2745889993,10,0,-0.011,-0.193,0.007,0.0,0.0,-0.060700000000000004,0.0,0.0,0.0082,0.0,0.0,0.0,20051.0,0.0,-0.060700000000000004
2745892531,10,0,-0.012,-0.195,0.009000000000000001,0.0,0.0,-0.06770000000000001,0.0,0.0,0.0079,0.0,0.0,0.0,22589.0,0.0,-0.06770000000000001
2745896914,10,0,-0.016,-0.202,0.001,0.0,0.0,-0.077,0.0,0.0,0.007,0.0,0.0,0.0,0.0,0.0,-0.077
2745900917,10,0,-0.009000000000000001,-0.195,0.005,0.0,0.0,-0.0863,0.0,0.0,0.0064,0.0,0.0,0.0,4003.0,0.0,-0.0863
2745905957,10,0,0.001,-0.184,0.01,0.0,0.0,-0.098,0.0,0.0,0.0059,0.0,0.0,0.0,9043.0,0.0,-0.098
2745908567,10,0,0.003,-0.18,0.008,0.0,0.0,-0.10500000000000001,0.0,0.0,0.0056,0.0,0.0,0.0,11653.0,0.0,-0.10500000000000001
2745912924,10,0,-0.005,-0.166,0.0,0.0,0.0,-0.1143,0.0,0.0,0.0051,0.0,0.0,0.0,16010.0,0.0,-0.1143
2745917568,10,0,-0.003,-0.168,-0.006,0.0,0.0,-0.126,0.0,0.0,0.0046,0.0,0.0,0.0,20654.0,0.0,-0.126
2745921931,10,0,0.011,-0.17200000000000001,-0.007,0.0,0.0,-0.1353,0.0,0.0,0.004,0.0,0.0,0.0,25017.0,0.0,-0.1353
2745925934,10,0,0.014,-0.181,0.001,0.0,0.0,-0.1447,0.0,0.0,0.0034000000000000002,0.0,0.0,0.0,0.0,0.0,-0.1447
2745930021,10,0,0.006,-0.195,0.002,0.0,0.0,-0.154,0.0,0.0,0.0026000000000000003,0.0,0.0,0.0,4087.0,0.0,-0.154
2745932530,10,0,-0.004,-0.198,-0.002,0.0,0.0,-0.161,0.0,0.0,0.0022,0.0,0.0,0.0,6596.0,0.0,-0.161
2745936943,10,0,0.007,-0.217,-0.003,0.0,0.0,-0.1703,0.0,0.0,0.0011,0.0,0.0,0.0,11009.0,0.0,-0.1703
2745940945,10,0,0.014,-0.219,-0.003,0.0,0.0,-0.17500000000000002,0.0,0.0,0.0002,0.0,0.0,0.0,15011.0,0.0,-0.17500000000000002
2745945030,10,0,0.009000000000000001,-0.23,0.005,0.0,0.0,-0.17500000000000002,0.0,0.0,-0.0007,0.0,0.0,0.0,19096.0,0.0,-0.17500000000000002
2745949567,10,0,0.005,-0.23600000000000002,0.005,0.0,0.0,-0.17500000000000002,0.0,0.0,-0.0017000000000000001,0.0,0.0,0.0,23633.0,0.0,-0.17500000000000002
2745954567,10,0,0.011,-0.232,-0.003,0.0,0.0,-0.17500000000000002,0.0,0.0,-0.0029000000000000002,0.0,0.0,0.0,0.0,0.0,-0.17500000000000002
2745956567,10,0,0.013000000000000001,-0.23600000000000002,-0.003,0.0,0.0,-0.17500000000000002,0.0,0.0,-0.0034000000000000002,0.0,0.0,0.0,2000.0,0.0,-0.17500000000000002
2745960997,10,0,0.021,-0.23,0.009000000000000001,0.0,0.0,-0.17500000000000002,0.0,0.0,-0.0047,0.0,0.0,0.0,6430.0,0.0,-0.17500000000000002
2745965008,10,0,0.018000000000000002,-0.217,0.005,0.0,0.0,-0.17500000000000002,0.0,0.0,-0.0056,0.0,0.0,0.0,10441.0,0.0,-0.17500000000000002
2745970017,10,0,0.004,-0.197,0.0,0.0,0.0,-0.17500000000000002,0.0,0.0,-0.0066,0.0,0.0,0.0,15450.0,0.0,-0.17500000000000002
2745972567,10,0,-0.003,-0.192,0.002,0.0,0.0,-0.17500000000000002,0.0,0.0,-0.007,0.0,0.0,0.0,18000.0,0.0,-0.17500000000000002
2745977567,10,0,-0.001,-0.179,0.002,0.0,0.0,-0.17500000000000002,0.0,0.0,-0.0079,0.0,0.0,0.0,23000.0,0.0,-0.17500000000000002
2745982567,10,0,0.001,-0.152,0.002,0.0,0.0,-0.17500000000000002,0.0,0.0,-0.0086,0.0,0.0,0.0,0.0,0.0,-0.17500000000000002
2745984575,10,0,0.001,-0.154,0.002,0.0,0.0,-0.17500000000000002,0.0,0.0,-0.0089,0.0,0.0,0.0,2008.0,0.0,-0.17500000000000002
2745989016,10,0,-0.006,-0.134,-0.004,0.0,0.0,-0.17500000000000002,0.0,0.0,-0.0097,0.0,0.0,0.0,6449.0,0.0,-0.17500000000000002
2745993566,10,0,0.007,-0.131,-0.007,0.0,0.0,-0.17500000000000002,0.0,0.0,-0.0102,0.0,0.0,0.0,10999.0,0.0,-0.17500000000000002
2745998023,10,0,0.006,-0.122,-0.008,0.0,0.0,-0.17500000000000002,0.0,0.0,-0.0109,0.0,0.0,0.0,15456.0,0.0,-0.17500000000000002
2746002568,10,0,0.001,-0.111,-0.009000000000000001,0.0,0.0,-0.17500000000000002,0.0,0.0,-0.0114,0.0,0.0,0.0,20001.0,0.0,-0.17500000000000002
2746004590,10,0,-0.007,-0.10400000000000001,-0.007,0.0,0.0,-0.17500000000000002,0.0,0.0,-0.011600000000000001,0.0,0.0,0.0,22023.0,0.0,-0.17500000000000002
2746008992,10,0,-0.012,-0.089,-0.001,0.0,0.0,-0.17500000000000002,0.0,0.0,-0.0119,0.0,0.0,0.0,0.0,0.0,-0.17500000000000002
2746012996,10,0,-0.014,-0.075,-0.001,0.0,0.0,-0.17500000000000002,0.0,0.0,-0.012100000000000001,0.0,0.0,0.0,4004.0,0.0,-0.17500000000000002
2746017527,10,0,-0.015,-0.059000000000000004,0.003,0.0,0.0,-0.17500000000000002,0.0,0.0,-0.0122,0.0,0.0,0.0,8535.0,0.0,-0.17500000000000002
2746021566,10,0,-0.017,-0.055,0.015,0.0,0.0,-0.17500000000000002,0.0,0.0,-0.0123,0.0,0.0,0.0,12574.0,0.0,-0.17500000000000002
2746025566,10,0,-0.018000000000000002,-0.036000000000000004,0.009000000000000001,0.0,0.0,-0.17500000000000002,0.0,0.0,-0.012400000000000001,0.0,0.0,0.0,16574.0,0.0,-0.17500000000000002
2746030055,10,0,-0.011,-0.034,0.005,0.0,0.0,-0.17500000000000002,0.0,0.0,-0.0125,0.0,0.0,0.0,21063.0,0.0,-0.17500000000000002
2746034566,10,0,-0.01,-0.037,0.006,0.0,0.0,-0.17500000000000002,0.0,0.0,-0.0126,0.0,0.0,0.0,25574.0,0.0,-0.17500000000000002
2746036566,10,0,-0.008,-0.038,0.003,0.0,0.0,-0.17500000000000002,0.0,0.0,-0.012700000000000001,0.0,0.0,0.0,0.0,0.0,-0.17500000000000002
2746041565,10,0,-0.011,-0.035,-0.005,0.0,0.0,-0.168,0.0,0.0,-0.0128,0.0,0.0,0.0,4999.0,0.0,-0.168
2746045566,10,0,-0.014,-0.038,-0.01,0.0,0.0,-0.1587,0.0,0.0,-0.013000000000000001,0.0,0.0,0.0,9000.0,0.0,-0.1587
2746050069,10,0,-0.017,-0.033,-0.009000000000000001,0.0,0.0,-0.14930000000000002,0.0,0.0,-0.0131,0.0,0.0,0.0,13503.0,0.0,-0.14930000000000002
2746052568,10,0,-0.012,-0.028,-0.007,0.0,0.0,-0.1423,0.0,0.0,-0.0131,0.0,0.0,0.0,16002.0,0.0,-0.1423
2746057566,10,0,-0.011,-0.022,0.001,0.0,0.0,-0.1307,0.0,0.0,-0.0131,0.0,0.0,0.0,21000.0,0.0,-0.1307
2746062565,10,0,-0.002,-0.006,0.001,0.0,0.0,-0.11900000000000001,0.0,0.0,-0.0131,0.0,0.0,0.0,25999.0,0.0,-0.11900000000000001
2746064590,10,0,0.0,-0.005,0.001,0.0,0.0,-0.1143,0.0,0.0,-0.013000000000000001,0.0,0.0,0.0,0.0,0.0,-0.1143
2746069035,10,0,0.007,0.0,0.002,0.0,0.0,-0.10500000000000001,0.0,0.0,-0.013000000000000001,0.0,0.0,0.0,4445.0,0.0,-0.10500000000000001
2746073075,10,0,0.002,0.003,-0.003,0.0,0.0,-0.09570000000000001,0.0,0.0,-0.013000000000000001,0.0,0.0,0.0,8485.0,0.0,-0.09570000000000001
2746077567,10,0,0.005,0.004,-0.004,0.0,0.0,-0.084,0.0,0.0,-0.013000000000000001,0.0,0.0,0.0,12977.0,0.0,-0.084
2746082566,10,0,0.005,0.0,0.002,0.0,0.0,-0.0723,0.0,0.0,-0.0131,0.0,0.0,0.0,17976.0,0.0,-0.0723
2746084590,10,0,0.007,0.002,0.005,0.0,0.0,-0.06770000000000001,0.0,0.0,-0.0131,0.0,0.0,0.0,20000.0,0.0,-0.06770000000000001
2746089052,10,0,0.008,0.007,-0.002,0.0,0.0,-0.058300000000000005,0.0,0.0,-0.0131,0.0,0.0,0.0,24462.0,0.0,-0.058300000000000005
2746093089,10,0,0.008,0.006,0.0,0.0,0.0,-0.049,0.0,0.0,-0.0131,0.0,0.0,0.0,0.0,0.0,-0.049
2746098057,10,0,0.01,0.01,0.001,0.0,0.0,-0.0373,0.0,0.0,-0.013000000000000001,0.0,0.0,0.0,4968.0,0.0,-0.0373
2746102539,10,0,0.011,0.008,0.001,0.0,0.0,-0.0257,0.0,0.0,-0.013000000000000001,0.0,0.0,0.0,9450.0,0.0,-0.0257
2746104590,10,0,0.01,0.011,-0.002,0.0,0.0,-0.021,0.0,0.0,-0.013000000000000001,0.0,0.0,0.0,11501.0,0.0,-0.021
2746109065,10,0,0.016,0.015,-0.006,0.0,0.0,-0.0117,0.0,0.0,-0.013000000000000001,0.0,0.0,0.0,15976.0,0.0,-0.0117
2746113066,10,0,0.016,0.024,-0.004,0.0,0.0,-0.0023,0.0,0.0,-0.0129,0.0,0.0,0.0,19977.0,0.0,-0.0023
2746117566,10,0,0.011,0.033,-0.006,0.0,0.0,0.009300000000000001,0.0,0.0,-0.012700000000000001,0.0,0.0,0.0,24477.0,0.0,0.009300000000000001
2746120156,10,0,0.007,0.045,-0.002,0.0,0.0,0.016300000000000002,0.0,0.0,-0.012400000000000001,0.0,0.0,0.0,0.0,0.0,0.016300000000000002
2746124590,10,0,0.009000000000000001,0.081,-0.003,0.0,0.0,0.0257,0.0,0.0,-0.0119,0.0,0.0,0.0,4434.0,0.0,0.0257
2746130124,10,0,0.007,0.128,0.004,0.0,0.0,0.0397,0.0,0.0,-0.0108,0.0,0.0,0.0,9968.0,0.0,0.0397
2746132565,10,0,0.005,0.148,0.007,0.0,0.0,0.0443,0.0,0.0,-0.010400000000000001,0.0,0.0,0.0,12409.0,0.0,0.0443
2746136565,10,0,0.002,0.186,0.0,0.0,0.0,0.053700000000000005,0.0,0.0,-0.0094,0.0,0.0,0.0,16409.0,0.0,0.053700000000000005
2746141086,10,0,-0.004,0.209,-0.003,0.0,0.0,0.063,0.0,0.0,-0.0082,0.0,0.0,0.0,20930.0,0.0,0.063
2746145174,10,0,-0.002,0.229,-0.002,0.0,0.0,0.0747,0.0,0.0,-0.0073,0.0,0.0,0.0,25018.0,0.0,0.0747
2746149564,10,0,0.0,0.23,0.0,0.0,0.0,0.084,0.0,0.0,-0.0064,0.0,0.0,0.0,0.0,0.0,0.084
2746153565,10,0,0.003,0.214,-0.003,0.0,0.0,0.09330000000000001,0.0,0.0,-0.0057,0.0,0.0,0.0,4001.0,0.0,0.09330000000000001
2746158105,10,0,-0.002,0.203,-0.017,0.0,0.0,0.10500000000000001,0.0,0.0,-0.005,0.0,0.0,0.0,8541.0,0.0,0.10500000000000001
2746160246,10,0,0.001,0.192,-0.016,0.0,0.0,0.1097,0.0,0.0,-0.0048000000000000004,0.0,0.0,0.0,10682.0,0.0,0.1097
2746164589,10,0,0.005,0.19,-0.007,0.0,0.0,0.11900000000000001,0.0,0.0,-0.0043,0.0,0.0,0.0,15025.0,0.0,0.11900000000000001
2746169109,10,0,-0.004,0.17200000000000001,-0.01,0.0,0.0,0.1307,0.0,0.0,-0.0036000000000000003,0.0,0.0,0.0,19545.0,0.0,0.1307
2746173149,10,0,-0.006,0.177,-0.009000000000000001,0.0,0.0,0.14,0.0,0.0,-0.003,0.0,0.0,0.0,23585.0,0.0,0.14
2746177566,10,0,-0.005,0.192,0.001,0.0,0.0,0.14930000000000002,0.0,0.0,-0.0023,0.0,0.0,0.0,0.0,0.0,0.14930000000000002
2746180162,10,0,-0.009000000000000001,0.187,0.006,0.0,0.0,0.1563,0.0,0.0,-0.0016,0.0,0.0,0.0,2596.0,0.0,0.1563
2746184589,10,0,-0.012,0.20700000000000002,0.01,0.0,0.0,0.16570000000000001,0.0,0.0,-0.0007,0.0,0.0,0.0,7023.0,0.0,0.16570000000000001
2746189159,10,0,-0.015,0.20700000000000002,0.013000000000000001,0.0,0.0,0.17500000000000002,0.0,0.0,0.0006000000000000001,0.0,0.0,0.0,11593.0,0.0,0.17500000000000002
2746194126,10,0,-0.011,0.214,0.011,0.0,0.0,0.17500000000000002,0.0,0.0,0.0018000000000000002,0.0,0.0,0.0,16560.0,0.0,0.17500000000000002
2746198129,10,0,-0.004,0.209,0.008,0.0,0.0,0.17500000000000002,0.0,0.0,0.0027,0.0,0.0,0.0,20563.0,0.0,0.17500000000000002
2746200213,10,0,-0.005,0.20500000000000002,0.001,0.0,0.0,0.17500000000000002,0.0,0.0,0.0032,0.0,0.0,0.0,22647.0,0.0,0.17500000000000002
2746204588,10,0,-0.012,0.2,-0.002,0.0,0.0,0.17500000000000002,0.0,0.0,0.0041,0.0,0.0,0.0,0.0,0.0,0.17500000000000002
2746209525,10,0,-0.014,0.188,-0.009000000000000001,0.0,0.0,0.17500000000000002,0.0,0.0,0.005200000000000001,0.0,0.0,0.0,4937.0,0.0,0.17500000000000002
2746213565,10,0,-0.013000000000000001,0.185,-0.015,0.0,0.0,0.17500000000000002,0.0,0.0,0.0061,0.0,0.0,0.0,8977.0,0.0,0.17500000000000002
2746216141,10,0,-0.009000000000000001,0.168,-0.015,0.0,0.0,0.17500000000000002,0.0,0.0,0.0067,0.0,0.0,0.0,11553.0,0.0,0.17500000000000002
2746220191,10,0,-0.013000000000000001,0.177,-0.009000000000000001,0.0,0.0,0.17500000000000002,0.0,0.0,0.007500000000000001,0.0,0.0,0.0,15603.0,0.0,0.17500000000000002
2746225231,10,0,-0.003,0.157,-0.01,0.0,0.0,0.17500000000000002,0.0,0.0,0.0085,0.0,0.0,0.0,20643.0,0.0,0.17500000000000002
2746230198,10,0,-0.003,0.157,-0.01,0.0,0.0,0.17500000000000002,0.0,0.0,0.0094,0.0,0.0,0.0,25610.0,0.0,0.17500000000000002
2746232565,10,0,0.001,0.15,-0.01,0.0,0.0,0.17500000000000002,0.0,0.0,0.0097,0.0,0.0,0.0,0.0,0.0,0.17500000000000002
2746237565,10,0,0.006,0.127,0.0,0.0,0.0,0.17500000000000002,0.0,0.0,0.010400000000000001,0.0,0.0,0.0,5000.0,0.0,0.17500000000000002
2746240205,10,0,0.011,0.127,-0.001,0.0,0.0,0.17500000000000002,0.0,0.0,0.010700000000000001,0.0,0.0,0.0,7640.0,0.0,0.17500000000000002
2746244588,10,0,0.004,0.114,0.0,0.0,0.0,0.17500000000000002,0.0,0.0,0.0111,0.0,0.0,0.0,12023.0,0.0,0.17500000000000002
2746249564,10,0,0.004,0.1,0.01,0.0,0.0,0.17500000000000002,0.0,0.0,0.011600000000000001,0.0,0.0,0.0,16999.0,0.0,0.17500000000000002
2746254167,10,0,0.004,0.08600000000000001,0.011,0.0,0.0,0.17500000000000002,0.0,0.0,0.0119,0.0,0.0,0.0,21602.0,0.0,0.17500000000000002
2746256279,10,0,0.006,0.08600000000000001,0.013000000000000001,0.0,0.0,0.17500000000000002,0.0,0.0,0.012,0.0,0.0,0.0,23714.0,0.0,0.17500000000000002
2746261173,10,0,0.009000000000000001,0.076,0.014,0.0,0.0,0.17500000000000002,0.0,0.0,0.012400000000000001,0.0,0.0,0.0,0.0,0.0,0.17500000000000002
2746265261,10,0,0.01,0.07200000000000001,0.01,0.0,0.0,0.17500000000000002,0.0,0.0,0.0126,0.0,0.0,0.0,4088.0,0.0,0.17500000000000002
2746269564,10,0,0.016,0.07100000000000001,-0.001,0.0,0.0,0.17500000000000002,0.0,0.0,0.0128,0.0,0.0,0.0,8391.0,0.0,0.17500000000000002
2746274182,10,0,0.019,0.061,-0.007,0.0,0.0,0.17500000000000002,0.0,0.0,0.0131,0.0,0.0,0.0,13009.0,0.0,0.17500000000000002
2746276185,10,0,0.016,0.061,-0.007,0.0,0.0,0.17500000000000002,0.0,0.0,0.0132,0.0,0.0,0.0,15012.0,0.0,0.17500000000000002
2746281187,10,0,0.013000000000000001,0.055,-0.009000000000000001,0.0,0.0,0.17500000000000002,0.0,0.0,0.0134,0.0,0.0,0.0,20014.0,0.0,0.17500000000000002
2746285237,10,0,0.014,0.047,-0.009000000000000001,0.0,0.0,0.17500000000000002,0.0,0.0,0.013600000000000001,0.0,0.0,0.0,24064.0,0.0,0.17500000000000002
2746290239,10,0,0.012,0.034,-0.009000000000000001,0.0,0.0,0.1703,0.0,0.0,0.013800000000000002,0.0,0.0,0.0,0.0,0.0,0.1703
2746292564,10,0,0.015,0.032,-0.009000000000000001,0.0,0.0,0.16570000000000001,0.0,0.0,0.013800000000000002,0.0,0.0,0.0,2325.0,0.0,0.16570000000000001
2746297524,10,0,0.007,0.015,0.009000000000000001,0.0,0.0,0.154,0.0,0.0,0.013900000000000001,0.0,0.0,0.0,7285.0,0.0,0.154
2746301564,10,0,0.002,0.006,0.002,0.0,0.0,0.1447,0.0,0.0,0.013900000000000001,0.0,0.0,0.0,11325.0,0.0,0.1447
2746306205,10,0,0.014,-0.011,0.001,0.0,0.0,0.133,0.0,0.0,0.013900000000000001,0.0,0.0,0.0,15966.0,0.0,0.133
2746308207,10,0,0.017,-0.015,0.004,0.0,0.0,0.1283,0.0,0.0,0.013900000000000001,0.0,0.0,0.0,17968.0,0.0,0.1283
2746312565,10,0,0.011,-0.015,0.009000000000000001,0.0,0.0,0.11900000000000001,0.0,0.0,0.014,0.0,0.0,0.0,22326.0,0.0,0.11900000000000001
2746317212,10,0,0.005,-0.023,0.007,0.0,0.0,0.1073,0.0,0.0,0.014100000000000001,0.0,0.0,0.0,0.0,0.0,0.1073
2746322216,10,0,-0.001,-0.024,0.008,0.0,0.0,0.09570000000000001,0.0,0.0,0.0142,0.0,0.0,0.0,5004.0,0.0,0.09570000000000001
2746324219,10,0,0.0,-0.025,0.009000000000000001,0.0,0.0,0.091,0.0,0.0,0.0142,0.0,0.0,0.0,7007.0,0.0,0.091
2746328566,10,0,-0.006,-0.027,0.006,0.0,0.0,0.08170000000000001,0.0,0.0,0.0142,0.0,0.0,0.0,11354.0,0.0,0.08170000000000001
2746333226,10,0,-0.006,-0.032,0.002,0.0,0.0,0.07,0.0,0.0,0.0142,0.0,0.0,0.0,16014.0,0.0,0.07
2746337524,10,0,-0.005,-0.034,0.002,0.0,0.0,0.060700000000000004,0.0,0.0,0.014100000000000001,0.0,0.0,0.0,20312.0,0.0,0.060700000000000004
2746341563,10,0,-0.01,-0.045,-0.003,0.0,0.0,0.051300000000000005,0.0,0.0,0.014,0.0,0.0,0.0,24351.0,0.0,0.051300000000000005
2746344230,10,0,-0.012,-0.044,-0.003,0.0,0.0,0.0443,0.0,0.0,0.013900000000000001,0.0,0.0,0.0,0.0,0.0,0.0443
2746348235,10,0,-0.011,-0.036000000000000004,-0.003,0.0,0.0,0.035,0.0,0.0,0.0137,0.0,0.0,0.0,4005.0,0.0,0.035
2746352381,10,0,-0.008,-0.043000000000000003,-0.006,0.0,0.0,0.0257,0.0,0.0,0.013600000000000001,0.0,0.0,0.0,8151.0,0.0,0.0257
2746356565,10,0,-0.011,-0.038,-0.009000000000000001,0.0,0.0,0.016300000000000002,0.0,0.0,0.0134,0.0,0.0,0.0,12335.0,0.0,0.016300000000000002
2746361243,10,0,-0.013000000000000001,-0.045,0.004,0.0,0.0,0.0047,0.0,0.0,0.0132,0.0,0.0,0.0,17013.0,0.0,0.0047
2746365329,10,0,-0.014,-0.052000000000000005,0.001,0.0,0.0,-0.0047,0.0,0.0,0.0129,0.0,0.0,0.0,21099.0,0.0,-0.0047
2746370294,10,0,-0.009000000000000001,-0.067,-0.001,0.0,0.0,-0.016300000000000002,0.0,0.0,0.0123,0.0,0.0,0.0,26064.0,0.0,-0.016300000000000002
2746372564,10,0,-0.01,-0.078,0.003,0.0,0.0,-0.021,0.0,0.0,0.012100000000000001,0.0,0.0,0.0,0.0,0.0,-0.021
2746377525,10,0,-0.013000000000000001,-0.107,0.007,0.0,0.0,-0.0327,0.0,0.0,0.011300000000000001,0.0,0.0,0.0,4961.0,0.0,-0.0327
2746382257,10,0,-0.017,-0.14100000000000001,0.001,0.0,0.0,-0.0443,0.0,0.0,0.010400000000000001,0.0,0.0,0.0,9693.0,0.0,-0.0443
2746384407,10,0,-0.014,-0.152,0.002,0.0,0.0,-0.049,0.0,0.0,0.01,0.0,0.0,0.0,11843.0,0.0,-0.049
2746388563,10,0,-0.015,-0.17200000000000001,0.004,0.0,0.0,-0.058300000000000005,0.0,0.0,0.0091,0.0,0.0,0.0,15999.0,0.0,-0.058300000000000005
2746393564,10,0,-0.012,-0.184,0.004,0.0,0.0,-0.07,0.0,0.0,0.0081,0.0,0.0,0.0,21000.0,0.0,-0.07
2746396267,10,0,-0.017,-0.194,0.005,0.0,0.0,-0.077,0.0,0.0,0.0076,0.0,0.0,0.0,23703.0,0.0,-0.077
2746400318,10,0,-0.016,-0.197,0.003,0.0,0.0,-0.0863,0.0,0.0,0.007,0.0,0.0,0.0,0.0,0.0,-0.0863
2746404590,10,0,-0.005,-0.189,0.003,0.0,0.0,-0.09570000000000001,0.0,0.0,0.006500000000000001,0.0,0.0,0.0,4272.0,0.0,-0.09570000000000001
2746409274,10,0,0.0,-0.179,0.008,0.0,0.0,-0.1073,0.0,0.0,0.006,0.0,0.0,0.0,8956.0,0.0,-0.1073
2746413280,10,0,-0.004,-0.17200000000000001,0.004,0.0,0.0,-0.11670000000000001,0.0,0.0,0.0056,0.0,0.0,0.0,12962.0,0.0,-0.11670000000000001
2746418282,10,0,-0.003,-0.171,0.004,0.0,0.0,-0.1283,0.0,0.0,0.0051,0.0,0.0,0.0,17964.0,0.0,-0.1283
2746420331,10,0,0.007,-0.17500000000000002,0.001,0.0,0.0,-0.133,0.0,0.0,0.0048000000000000004,0.0,0.0,0.0,20013.0,0.0,-0.133
2746424589,10,0,0.011,-0.179,-0.003,0.0,0.0,-0.1423,0.0,0.0,0.0043,0.0,0.0,0.0,24271.0,0.0,-0.1423
2746429328,10,0,0.019,-0.192,0.003,0.0,0.0,-0.154,0.0,0.0,0.0036000000000000003,0.0,0.0,0.0,0.0,0.0,-0.154
2746433594,10,0,0.008,-0.199,0.0,0.0,0.0,-0.1633,0.0,0.0,0.0028,0.0,0.0,0.0,4266.0,0.0,-0.1633
2746436293,10,0,0.009000000000000001,-0.20600000000000002,0.001,0.0,0.0,-0.1703,0.0,0.0,0.0022,0.0,0.0,0.0,6965.0,0.0,-0.1703
2746440382,10,0,0.013000000000000001,-0.217,0.003,0.0,0.0,-0.17500000000000002,0.0,0.0,0.0013000000000000002,0.0,0.0,0.0,11054.0,0.0,-0.17500000000000002
2746444800,10,0,0.013000000000000001,-0.224,-0.004,0.0,0.0,-0.17500000000000002,0.0,0.0,0.0004,0.0,0.0,0.0,15472.0,0.0,-0.17500000000000002
2746450389,10,0,0.007,-0.241,0.003,0.0,0.0,-0.17500000000000002,0.0,0.0,-0.0011,0.0,0.0,0.0,21061.0,0.0,-0.17500000000000002
2746452566,10,0,0.005,-0.23800000000000002,0.0,0.0,0.0,-0.17500000000000002,0.0,0.0,-0.0016,0.0,0.0,0.0,23238.0,0.0,-0.17500000000000002
2746457564,10,0,0.015,-0.23800000000000002,-0.002,0.0,0.0,-0.17500000000000002,0.0,0.0,-0.0029000000000000002,0.0,0.0,0.0,0.0,0.0,-0.17500000000000002
2746460358,10,0,0.02,-0.23700000000000002,0.006,0.0,0.0,-0.17500000000000002,0.0,0.0,-0.0037,0.0,0.0,0.0,2794.0,0.0,-0.17500000000000002
2746464566,10,0,0.019,-0.225,0.007,0.0,0.0,-0.17500000000000002,0.0,0.0,-0.0047,0.0,0.0,0.0,7002.0,0.0,-0.17500000000000002
2746469315,10,0,0.006,-0.202,-0.002,0.0,0.0,-0.17500000000000002,0.0,0.0,-0.0059,0.0,0.0,0.0,11751.0,0.0,-0.17500000000000002
2746473319,10,0,0.002,-0.191,0.006,0.0,0.0,-0.17500000000000002,0.0,0.0,-0.0066,0.0,0.0,0.0,15755.0,0.0,-0.17500000000000002
2746477373,10,0,0.003,-0.181,0.007,0.0,0.0,-0.17500000000000002,0.0,0.0,-0.0073,0.0,0.0,0.0,19809.0,0.0,-0.17500000000000002
2746482331,10,0,0.002,-0.145,0.001,0.0,0.0,-0.17500000000000002,0.0,0.0,-0.0081,0.0,0.0,0.0,24767.0,0.0,-0.17500000000000002
2746484563,10,0,0.001,-0.14400000000000002,0.002,0.0,0.0,-0.17500000000000002,0.0,0.0,-0.008400000000000001,0.0,0.0,0.0,0.0,0.0,-0.17500000000000002
2746489333,10,0,-0.001,-0.132,0.001,0.0,0.0,-0.17500000000000002,0.0,0.0,-0.0092,0.0,0.0,0.0,4770.0,0.0,-0.17500000000000002
2746493564,10,0,-0.001,-0.12,-0.002,0.0,0.0,-0.17500000000000002,0.0,0.0,-0.0097,0.0,0.0,0.0,9001.0,0.0,-0.17500000000000002
2746497564,10,0,0.0,-0.121,-0.006,0.0,0.0,-0.17500000000000002,0.0,0.0,-0.0102,0.0,0.0,0.0,13001.0,0.0,-0.17500000000000002
2746500385,10,0,-0.003,-0.11,-0.01,0.0,0.0,-0.17500000000000002,0.0,0.0,-0.0106,0.0,0.0,0.0,15822.0,0.0,-0.17500000000000002
2746505395,10,0,-0.006,-0.101,-0.009000000000000001,0.0,0.0,-0.17500000000000002,0.0,0.0,-0.0111,0.0,0.0,0.0,20832.0,0.0,-0.17500000000000002
2746509565,10,0,-0.011,-0.089,-0.005,0.0,0.0,-0.17500000000000002,0.0,0.0,-0.0114,0.0,0.0,0.0,25002.0,0.0,-0.17500000000000002
2746514347,10,0,-0.014,-0.069,-0.004,0.0,0.0,-0.17500000000000002,0.0,0.0,-0.011600000000000001,0.0,0.0,0.0,0.0,0.0,-0.17500000000000002
2746516367,10,0,-0.015,-0.059000000000000004,-0.001,0.0,0.0,-0.17500000000000002,0.0,0.0,-0.011600000000000001,0.0,0.0,0.0,2020.0,0.0,-0.17500000000000002
2746521353,10,0,-0.022,-0.051000000000000004,0.007,0.0,0.0,-0.17500000000000002,0.0,0.0,-0.011600000000000001,0.0,0.0,0.0,7006.0,0.0,-0.17500000000000002
2746525442,10,0,-0.014,-0.035,0.005,0.0,0.0,-0.17500000000000002,0.0,0.0,-0.0117,0.0,0.0,0.0,11095.0,0.0,-0.17500000000000002
2746529565,10,0,-0.01,-0.023,0.003,0.0,0.0,-0.17500000000000002,0.0,0.0,-0.0117,0.0,0.0,0.0,15218.0,0.0,-0.17500000000000002
2746532360,10,0,-0.01,-0.028,0.002,0.0,0.0,-0.17500000000000002,0.0,0.0,-0.0117,0.0,0.0,0.0,18013.0,0.0,-0.17500000000000002
2746536364,10,0,-0.008,-0.035,0.004,0.0,0.0,-0.17500000000000002,0.0,0.0,-0.0117,0.0,0.0,0.0,22017.0,0.0,-0.17500000000000002
2746540412,10,0,-0.008,-0.037,-0.003,0.0,0.0,-0.1703,0.0,0.0,-0.0119,0.0,0.0,0.0,0.0,0.0,-0.1703
2746545417,10,0,-0.015,-0.039,-0.002,0.0,0.0,-0.1587,0.0,0.0,-0.012100000000000001,0.0,0.0,0.0,5005.0,0.0,-0.1587
2746550417,10,0,-0.015,-0.039,-0.004,0.0,0.0,-0.14700000000000002,0.0,0.0,-0.0123,0.0,0.0,0.0,10005.0,0.0,-0.14700000000000002
2746552565,10,0,-0.013000000000000001,-0.036000000000000004,-0.002,0.0,0.0,-0.1423,0.0,0.0,-0.0123,0.0,0.0,0.0,12153.0,0.0,-0.1423
2746557378,10,0,-0.01,-0.031,0.001,0.0,0.0,-0.1307,0.0,0.0,-0.012400000000000001,0.0,0.0,0.0,16966.0,0.0,-0.1307
2746561384,10,0,-0.007,-0.02,0.003,0.0,0.0,-0.1213,0.0,0.0,-0.012400000000000001,0.0,0.0,0.0,20972.0,0.0,-0.1213
2746566384,10,0,-0.002,-0.007,-0.005,0.0,0.0,-0.1097,0.0,0.0,-0.012400000000000001,0.0,0.0,0.0,25972.0,0.0,-0.1097
2746568387,10,0,-0.001,-0.001,-0.005,0.0,0.0,-0.10500000000000001,0.0,0.0,-0.0123,0.0,0.0,0.0,0.0,0.0,-0.10500000000000001
2746572528,10,0,0.008,0.003,0.0,0.0,0.0,-0.09570000000000001,0.0,0.0,-0.0123,0.0,0.0,0.0,4141.0,0.0,-0.09570000000000001
2746577436,10,0,0.003,0.003,-0.004,0.0,0.0,-0.084,0.0,0.0,-0.0123,0.0,0.0,0.0,9049.0,0.0,-0.084
2746581563,10,0,0.004,0.004,-0.002,0.0,0.0,-0.0747,0.0,0.0,-0.012400000000000001,0.0,0.0,0.0,13176.0,0.0,-0.0747
2746586397,10,0,0.002,0.006,0.005,0.0,0.0,-0.063,0.0,0.0,-0.0125,0.0,0.0,0.0,18010.0,0.0,-0.063
2746588397,10,0,0.004,0.006,0.005,0.0,0.0,-0.058300000000000005,0.0,0.0,-0.0125,0.0,0.0,0.0,20010.0,0.0,-0.058300000000000005
2746592528,10,0,0.006,0.01,-0.001,0.0,0.0,-0.049,0.0,0.0,-0.0125,0.0,0.0,0.0,24141.0,0.0,-0.049
2746597442,10,0,0.01,0.012,0.001,0.0,0.0,-0.0373,0.0,0.0,-0.012400000000000001,0.0,0.0,0.0,0.0,0.0,-0.0373
2746601565,10,0,0.013000000000000001,0.017,0.003,0.0,0.0,-0.028,0.0,0.0,-0.012400000000000001,0.0,0.0,0.0,4123.0,0.0,-0.028
2746604409,10,0,0.012,0.017,-0.002,0.0,0.0,-0.021,0.0,0.0,-0.012400000000000001,0.0,0.0,0.0,6967.0,0.0,-0.021
2746608520,10,0,0.014,0.019,-0.008,0.0,0.0,-0.0117,0.0,0.0,-0.012400000000000001,0.0,0.0,0.0,11078.0,0.0,-0.0117
2746613564,10,0,0.019,0.032,-0.004,0.0,0.0,0.0,0.0,0.0,-0.0122,0.0,0.0,0.0,16122.0,0.0,0.0
2746616419,10,0,0.011,0.036000000000000004,-0.005,0.0,0.0,0.007,0.0,0.0,-0.012,0.0,0.0,0.0,18977.0,0.0,0.007
2746620468,10,0,0.01,0.055,-0.007,0.0,0.0,0.016300000000000002,0.0,0.0,-0.011600000000000001,0.0,0.0,0.0,23026.0,0.0,0.016300000000000002
2746625511,10,0,0.006,0.105,0.002,0.0,0.0,0.028,0.0,0.0,-0.0109,0.0,0.0,0.0,0.0,0.0,0.028
2746630475,10,0,0.007,0.135,0.003,0.0,0.0,0.0397,0.0,0.0,-0.0098,0.0,0.0,0.0,4964.0,0.0,0.0397
2746632563,10,0,0.003,0.153,0.003,0.0,0.0,0.0443,0.0,0.0,-0.0094,0.0,0.0,0.0,7052.0,0.0,0.0443
2746637564,10,0,0.007,0.185,0.001,0.0,0.0,0.056,0.0,0.0,-0.0082,0.0,0.0,0.0,12053.0,0.0,0.056
2746642438,10,0,0.001,0.20800000000000002,-0.003,0.0,0.0,0.06770000000000001,0.0,0.0,-0.007,0.0,0.0,0.0,16927.0,0.0,0.06770000000000001
2746644441,10,0,0.003,0.215,-0.008,0.0,0.0,0.0723,0.0,0.0,-0.0066,0.0,0.0,0.0,18930.0,0.0,0.0723
2746648528,10,0,0.004,0.216,0.001,0.0,0.0,0.08170000000000001,0.0,0.0,-0.0058000000000000005,0.0,0.0,0.0,23017.0,0.0,0.08170000000000001
2746653442,10,0,0.001,0.199,-0.005,0.0,0.0,0.09330000000000001,0.0,0.0,-0.005,0.0,0.0,0.0,0.0,0.0,0.09330000000000001
2746657562,10,0,-0.001,0.189,-0.011,0.0,0.0,0.1027,0.0,0.0,-0.0045000000000000005,0.0,0.0,0.0,4120.0,0.0,0.1027
2746660536,10,0,0.001,0.17200000000000001,-0.013000000000000001,0.0,0.0,0.1097,0.0,0.0,-0.004200000000000001,0.0,0.0,0.0,7094.0,0.0,0.1097
2746665530,10,0,0.002,0.171,-0.01,0.0,0.0,0.1213,0.0,0.0,-0.0036000000000000003,0.0,0.0,0.0,12088.0,0.0,0.1213
2746670501,10,0,-0.012,0.166,-0.007,0.0,0.0,0.133,0.0,0.0,-0.0029000000000000002,0.0,0.0,0.0,17059.0,0.0,0.133
2746672605,10,0,-0.013000000000000001,0.167,-0.005,0.0,0.0,0.13770000000000002,0.0,0.0,-0.0026000000000000003,0.0,0.0,0.0,19163.0,0.0,0.13770000000000002
2746678506,10,0,-0.007,0.188,-0.002,0.0,0.0,0.1517,0.0,0.0,-0.0014,0.0,0.0,0.0,25064.0,0.0,0.1517
2746680553,10,0,-0.004,0.187,0.0,0.0,0.0,0.1563,0.0,0.0,-0.001,0.0,0.0,0.0,0.0,0.0,0.1563
2746686509,10,0,-0.009000000000000001,0.20500000000000002,0.017,0.0,0.0,0.1703,0.0,0.0,0.0004,0.0,0.0,0.0,5956.0,0.0,0.1703
2746688510,10,0,-0.01,0.20500000000000002,0.017,0.0,0.0,0.17500000000000002,0.0,0.0,0.0008,0.0,0.0,0.0,7957.0,0.0,0.17500000000000002
2746693521,10,0,-0.018000000000000002,0.209,0.009000000000000001,0.0,0.0,0.17500000000000002,0.0,0.0,0.0019,0.0,0.0,0.0,12968.0,0.0,0.17500000000000002
2746698515,10,0,-0.006,0.20700000000000002,0.009000000000000001,0.0,0.0,0.17500000000000002,0.0,0.0,0.003,0.0,0.0,0.0,17962.0,0.0,0.17500000000000002
2746700570,10,0,-0.003,0.202,0.006,0.0,0.0,0.17500000000000002,0.0,0.0,0.0034000000000000002,0.0,0.0,0.0,20017.0,0.0,0.17500000000000002
2746706522,10,0,-0.015,0.19,-0.004,0.0,0.0,0.17500000000000002,0.0,0.0,0.0047,0.0,0.0,0.0,25969.0,0.0,0.17500000000000002
2746708525,10,0,-0.015,0.187,-0.006,0.0,0.0,0.17500000000000002,0.0,0.0,0.005200000000000001,0.0,0.0,0.0,0.0,0.0,0.17500000000000002
2746713536,10,0,-0.012,0.187,-0.007,0.0,0.0,0.17500000000000002,0.0,0.0,0.006200000000000001,0.0,0.0,0.0,5011.0,0.0,0.17500000000000002
2746718550,10,0,-0.012,0.17300000000000001,-0.017,0.0,0.0,0.17500000000000002,0.0,0.0,0.0073,0.0,0.0,0.0,10025.0,0.0,0.17500000000000002
2746720606,10,0,-0.014,0.181,-0.014,0.0,0.0,0.17500000000000002,0.0,0.0,0.0077,0.0,0.0,0.0,12081.0,0.0,0.17500000000000002
2746725584,10,0,-0.003,0.17300000000000001,-0.006,0.0,0.0,0.17500000000000002,0.0,0.0,0.008700000000000001,0.0,0.0,0.0,17059.0,0.0,0.17500000000000002
2746728535,10,0,-0.004,0.167,-0.011,0.0,0.0,0.17500000000000002,0.0,0.0,0.009300000000000001,0.0,0.0,0.0,20010.0,0.0,0.17500000000000002
2746733544,10,0,0.01,0.154,-0.011,0.0,0.0,0.17500000000000002,0.0,0.0,0.0102,0.0,0.0,0.0,25019.0,0.0,0.17500000000000002
2746738546,10,0,0.002,0.139,-0.001,0.0,0.0,0.17500000000000002,0.0,0.0,0.0109,0.0,0.0,0.0,0.0,0.0,0.17500000000000002
2746740621,10,0,0.005,0.139,-0.001,0.0,0.0,0.17500000000000002,0.0,0.0,0.0111,0.0,0.0,0.0,2075.0,0.0,0.17500000000000002
2746745635,10,0,0.003,0.113,0.006,0.0,0.0,0.17500000000000002,0.0,0.0,0.011600000000000001,0.0,0.0,0.0,7089.0,0.0,0.17500000000000002
2746748553,10,0,0.002,0.107,0.013000000000000001,0.0,0.0,0.17500000000000002,0.0,0.0,0.0119,0.0,0.0,0.0,10007.0,0.0,0.17500000000000002
2746753555,10,0,0.008,0.092,0.009000000000000001,0.0,0.0,0.17500000000000002,0.0,0.0,0.0123,0.0,0.0,0.0,15009.0,0.0,0.17500000000000002
2746758560,10,0,0.008,0.08,0.01,0.0,0.0,0.17500000000000002,0.0,0.0,0.012700000000000001,0.0,0.0,0.0,20014.0,0.0,0.17500000000000002
2746760634,10,0,0.005,0.075,0.012,0.0,0.0,0.17500000000000002,0.0,0.0,0.0128,0.0,0.0,0.0,22088.0,0.0,0.17500000000000002
2746765573,10,0,0.01,0.069,0.009000000000000001,0.0,0.0,0.17500000000000002,0.0,0.0,0.0131,0.0,0.0,0.0,0.0,0.0,0.17500000000000002
2746770612,10,0,0.018000000000000002,0.065,-0.001,0.0,0.0,0.17500000000000002,0.0,0.0,0.0134,0.0,0.0,0.0,5039.0,0.0,0.17500000000000002
2746773570,10,0,0.023,0.057,-0.004,0.0,0.0,0.17500000000000002,0.0,0.0,0.013600000000000001,0.0,0.0,0.0,7997.0,0.0,0.17500000000000002
2746778572,10,0,0.014,0.054,-0.002,0.0,0.0,0.17500000000000002,0.0,0.0,0.013800000000000002,0.0,0.0,0.0,12999.0,0.0,0.17500000000000002
2746780647,10,0,0.009000000000000001,0.052000000000000005,-0.01,0.0,0.0,0.17500000000000002,0.0,0.0,0.013900000000000001,0.0,0.0,0.0,15074.0,0.0,0.17500000000000002
2746785626,10,0,0.013000000000000001,0.037,-0.009000000000000001,0.0,0.0,0.17500000000000002,0.0,0.0,0.014100000000000001,0.0,0.0,0.0,20053.0,0.0,0.17500000000000002
2746788581,10,0,0.015,0.033,-0.007,0.0,0.0,0.17500000000000002,0.0,0.0,0.0142,0.0,0.0,0.0,23008.0,0.0,0.17500000000000002
2746793592,10,0,0.012,0.019,-0.003,0.0,0.0,0.1633,0.0,0.0,0.0143,0.0,0.0,0.0,0.0,0.0,0.1633
2746798587,10,0,0.01,0.006,-0.002,0.0,0.0,0.1517,0.0,0.0,0.0143,0.0,0.0,0.0,4995.0,0.0,0.1517
2746800748,10,0,0.012,0.002,0.0,0.0,0.0,0.14700000000000002,0.0,0.0,0.0143,0.0,0.0,0.0,7156.0,0.0,0.14700000000000002
2746805676,10,0,0.009000000000000001,-0.011,0.001,0.0,0.0,0.1353,0.0,0.0,0.0143,0.0,0.0,0.0,12084.0,0.0,0.1353
2746808592,10,0,0.012,-0.016,-0.002,0.0,0.0,0.1283,0.0,0.0,0.0143,0.0,0.0,0.0,15000.0,0.0,0.1283
2746813601,10,0,0.017,-0.017,0.006,0.0,0.0,0.11670000000000001,0.0,0.0,0.0143,0.0,0.0,0.0,20009.0,0.0,0.11670000000000001
2746818603,10,0,0.009000000000000001,-0.022,0.009000000000000001,0.0,0.0,0.10500000000000001,0.0,0.0,0.0143,0.0,0.0,0.0,25011.0,0.0,0.10500000000000001
2746820675,10,0,0.008,-0.024,0.004,0.0,0.0,0.1003,0.0,0.0,0.0143,0.0,0.0,0.0,0.0,0.0,0.1003
2746825655,10,0,0.004,-0.025,0.009000000000000001,0.0,0.0,0.0887,0.0,0.0,0.0143,0.0,0.0,0.0,4980.0,0.0,0.0887
2746828607,10,0,-0.003,-0.026000000000000002,0.008,0.0,0.0,0.08170000000000001,0.0,0.0,0.0143,0.0,0.0,0.0,7932.0,0.0,0.08170000000000001
2746832737,10,0,-0.011,-0.024,0.002,0.0,0.0,0.0723,0.0,0.0,0.0142,0.0,0.0,0.0,12062.0,0.0,0.0723
2746838615,10,0,-0.011,-0.03,0.002,0.0,0.0,0.058300000000000005,0.0,0.0,0.014100000000000001,0.0,0.0,0.0,17940.0,0.0,0.058300000000000005
2746840689,10,0,-0.007,-0.032,0.003,0.0,0.0,0.053700000000000005,0.0,0.0,0.014100000000000001,0.0,0.0,0.0,20014.0,0.0,0.053700000000000005
2746845704,10,0,-0.011,-0.035,-0.003,0.0,0.0,0.042,0.0,0.0,0.013900000000000001,0.0,0.0,0.0,25029.0,0.0,0.042
2746848622,10,0,-0.013000000000000001,-0.031,-0.006,0.0,0.0,0.035,0.0,0.0,0.013800000000000002,0.0,0.0,0.0,0.0,0.0,0.035
2746853624,10,0,-0.011,-0.032,-0.004,0.0,0.0,0.0233,0.0,0.0,0.013600000000000001,0.0,0.0,0.0,5002.0,0.0,0.0233
2746858630,10,0,-0.012,-0.031,-0.008,0.0,0.0,0.0117,0.0,0.0,0.0135,0.0,0.0,0.0,10008.0,0.0,0.0117
2746860703,10,0,-0.01,-0.034,-0.003,0.0,0.0,0.007,0.0,0.0,0.0134,0.0,0.0,0.0,12081.0,0.0,0.007
2746865676,10,0,-0.016,-0.049,0.002,0.0,0.0,-0.0047,0.0,0.0,0.0131,0.0,0.0,0.0,17054.0,0.0,-0.0047
2746868637,10,0,-0.015,-0.059000000000000004,0.001,0.0,0.0,-0.0117,0.0,0.0,0.0128,0.0,0.0,0.0,20015.0,0.0,-0.0117
2746873641,10,0,-0.007,-0.08600000000000001,0.002,0.0,0.0,-0.0233,0.0,0.0,0.0122,0.0,0.0,0.0,25019.0,0.0,-0.0233
2746878642,10,0,-0.019,-0.121,0.004,0.0,0.0,-0.035,0.0,0.0,0.0114,0.0,0.0,0.0,0.0,0.0,-0.035
2746880708,10,0,-0.021,-0.135,0.002,0.0,0.0,-0.0397,0.0,0.0,0.011000000000000001,0.0,0.0,0.0,2066.0,0.0,-0.0397
2746885765,10,0,-0.012,-0.17200000000000001,0.003,0.0,0.0,-0.051300000000000005,0.0,0.0,0.01,0.0,0.0,0.0,7123.0,0.0,-0.051300000000000005
2746888649,10,0,-0.011,-0.184,0.005,0.0,0.0,-0.058300000000000005,0.0,0.0,0.0094,0.0,0.0,0.0,10007.0,0.0,-0.058300000000000005
2746893653,10,0,-0.017,-0.194,0.006,0.0,0.0,-0.07,0.0,0.0,0.008400000000000001,0.0,0.0,0.0,15011.0,0.0,-0.07
2746896676,10,0,-0.017,-0.2,0.006,0.0,0.0,-0.077,0.0,0.0,0.008,0.0,0.0,0.0,18034.0,0.0,-0.077
2746902658,10,0,-0.012,-0.198,0.01,0.0,0.0,-0.091,0.0,0.0,0.0071,0.0,0.0,0.0,24016.0,0.0,-0.091
2746904661,10,0,-0.007,-0.194,0.01,0.0,0.0,-0.09570000000000001,0.0,0.0,0.0068000000000000005,0.0,0.0,0.0,0.0,0.0,-0.09570000000000001
2746908664,10,0,-0.001,-0.187,0.011,0.0,0.0,-0.10500000000000001,0.0,0.0,0.0064,0.0,0.0,0.0,4003.0,0.0,-0.10500000000000001
2746913669,10,0,-0.006,-0.177,0.004,0.0,0.0,-0.11670000000000001,0.0,0.0,0.0059,0.0,0.0,0.0,9008.0,0.0,-0.11670000000000001
2746918670,10,0,0.004,-0.182,-0.003,0.0,0.0,-0.1283,0.0,0.0,0.0053,0.0,0.0,0.0,14009.0,0.0,-0.1283
2746920793,10,0,0.01,-0.187,-0.004,0.0,0.0,-0.133,0.0,0.0,0.005,0.0,0.0,0.0,16132.0,0.0,-0.133
2746925757,10,0,0.012,-0.19,0.0,0.0,0.0,-0.1447,0.0,0.0,0.004200000000000001,0.0,0.0,0.0,21096.0,0.0,-0.1447
2746928747,10,0,0.018000000000000002,-0.198,-0.001,0.0,0.0,-0.1517,0.0,0.0,0.0037,0.0,0.0,0.0,24086.0,0.0,-0.1517
2746933678,10,0,0.003,-0.20800000000000002,-0.005,0.0,0.0,-0.1633,0.0,0.0,0.0027,0.0,0.0,0.0,0.0,0.0,-0.1633
2746938677,10,0,0.012,-0.223,0.002,0.0,0.0,-0.17500000000000002,0.0,0.0,0.0015,0.0,0.0,0.0,4999.0,0.0,-0.17500000000000002
2746940790,10,0,0.011,-0.222,0.003,0.0,0.0,-0.17500000000000002,0.0,0.0,0.001,0.0,0.0,0.0,7112.0,0.0,-0.17500000000000002
2746945763,10,0,0.016,-0.232,0.006,0.0,0.0,-0.17500000000000002,0.0,0.0,-0.0002,0.0,0.0,0.0,12085.0,0.0,-0.17500000000000002
2746948569,10,0,0.011,-0.23500000000000001,0.01,0.0,0.0,-0.17500000000000002,0.0,0.0,-0.0007,0.0,0.0,0.0,14891.0,0.0,-0.17500000000000002
2746952572,10,0,0.011,-0.233,0.002,0.0,0.0,-0.17500000000000002,0.0,0.0,-0.0018000000000000002,0.0,0.0,0.0,18894.0,0.0,-0.17500000000000002
2746957571,10,0,0.015,-0.232,0.004,0.0,0.0,-0.17500000000000002,0.0,0.0,-0.003,0.0,0.0,0.0,23893.0,0.0,-0.17500000000000002
2746961698,10,0,0.016,-0.223,0.011,0.0,0.0,-0.17500000000000002,0.0,0.0,-0.0043,0.0,0.0,0.0,0.0,0.0,-0.17500000000000002
2746965822,10,0,0.013000000000000001,-0.209,0.005,0.0,0.0,-0.17500000000000002,0.0,0.0,-0.0053,0.0,0.0,0.0,4124.0,0.0,-0.17500000000000002
2746968530,10,0,0.01,-0.203,0.005,0.0,0.0,-0.17500000000000002,0.0,0.0,-0.0057,0.0,0.0,0.0,6832.0,0.0,-0.17500000000000002
2746972571,10,0,0.003,-0.186,0.006,0.0,0.0,-0.17500000000000002,0.0,0.0,-0.006500000000000001,0.0,0.0,0.0,10873.0,0.0,-0.17500000000000002
2746976745,10,0,0.006,-0.176,0.003,0.0,0.0,-0.17500000000000002,0.0,0.0,-0.0073,0.0,0.0,0.0,15047.0,0.0,-0.17500000000000002
2746981589,10,0,0.007,-0.152,-0.001,0.0,0.0,-0.17500000000000002,0.0,0.0,-0.008,0.0,0.0,0.0,19891.0,0.0,-0.17500000000000002
2746985791,10,0,0.002,-0.145,-0.001,0.0,0.0,-0.17500000000000002,0.0,0.0,-0.008700000000000001,0.0,0.0,0.0,24093.0,0.0,-0.17500000000000002
2746988569,10,0,-0.006,-0.135,-0.002,0.0,0.0,-0.17500000000000002,0.0,0.0,-0.009000000000000001,0.0,0.0,0.0,0.0,0.0,-0.17500000000000002
2746992677,10,0,-0.001,-0.11800000000000001,-0.01,0.0,0.0,-0.17500000000000002,0.0,0.0,-0.0095,0.0,0.0,0.0,4108.0,0.0,-0.17500000000000002
2746997571,10,0,0.003,-0.11800000000000001,-0.006,0.0,0.0,-0.17500000000000002,0.0,0.0,-0.010100000000000001,0.0,0.0,0.0,9002.0,0.0,-0.17500000000000002
2747001594,10,0,0.005,-0.105,-0.01,0.0,0.0,-0.17500000000000002,0.0,0.0,-0.0106,0.0,0.0,0.0,13025.0,0.0,-0.17500000000000002
2747005813,10,0,-0.004,-0.094,-0.008,0.0,0.0,-0.17500000000000002,0.0,0.0,-0.011000000000000001,0.0,0.0,0.0,17244.0,0.0,-0.17500000000000002
2747008570,10,0,-0.002,-0.08600000000000001,-0.006,0.0,0.0,-0.17500000000000002,0.0,0.0,-0.0111,0.0,0.0,0.0,20001.0,0.0,-0.17500000000000002
2747012763,10,0,-0.018000000000000002,-0.08,-0.004,0.0,0.0,-0.17500000000000002,0.0,0.0,-0.011300000000000001,0.0,0.0,0.0,24194.0,0.0,-0.17500000000000002
2747017571,10,0,-0.016,-0.069,-0.001,0.0,0.0,-0.17500000000000002,0.0,0.0,-0.0115,0.0,0.0,0.0,0.0,0.0,-0.17500000000000002
2747021586,10,0,-0.016,-0.061,0.01,0.0,0.0,-0.17500000000000002,0.0,0.0,-0.0115,0.0,0.0,0.0,4015.0,0.0,-0.17500000000000002
2747024676,10,0,-0.017,-0.05,0.014,0.0,0.0,-0.17500000000000002,0.0,0.0,-0.011600000000000001,0.0,0.0,0.0,7105.0,0.0,-0.17500000000000002
2747028782,10,0,-0.018000000000000002,-0.042,0.001,0.0,0.0,-0.17500000000000002,0.0,0.0,-0.0117,0.0,0.0,0.0,11211.0,0.0,-0.17500000000000002
2747033571,10,0,-0.011,-0.05,0.007,0.0,0.0,-0.17500000000000002,0.0,0.0,-0.0118,0.0,0.0,0.0,16000.0,0.0,-0.17500000000000002
2747037788,10,0,-0.006,-0.045,0.0,0.0,0.0,-0.17500000000000002,0.0,0.0,-0.012,0.0,0.0,0.0,20217.0,0.0,-0.17500000000000002
2747041823,10,0,-0.011,-0.049,-0.001,0.0,0.0,-0.168,0.0,0.0,-0.012100000000000001,0.0,0.0,0.0,24252.0,0.0,-0.168
2747044570,10,0,-0.014,-0.048,-0.001,0.0,0.0,-0.161,0.0,0.0,-0.0122,0.0,0.0,0.0,0.0,0.0,-0.161
2747049570,10,0,-0.015,-0.041,-0.005,0.0,0.0,-0.14930000000000002,0.0,0.0,-0.012400000000000001,0.0,0.0,0.0,5000.0,0.0,-0.14930000000000002
2747053571,10,0,-0.014,-0.034,-0.005,0.0,0.0,-0.14,0.0,0.0,-0.0125,0.0,0.0,0.0,9001.0,0.0,-0.14
2747057762,10,0,-0.011,-0.027,0.003,0.0,0.0,-0.1307,0.0,0.0,-0.0126,0.0,0.0,0.0,13192.0,0.0,-0.1307
2747061806,10,0,-0.002,-0.011,-0.002,0.0,0.0,-0.1213,0.0,0.0,-0.0126,0.0,0.0,0.0,17236.0,0.0,-0.1213
2747065849,10,0,-0.003,-0.005,0.0,0.0,0.0,-0.112,0.0,0.0,-0.0126,0.0,0.0,0.0,21279.0,0.0,-0.112
2747068570,10,0,-0.005,-0.005,0.001,0.0,0.0,-0.10500000000000001,0.0,0.0,-0.0126,0.0,0.0,0.0,24000.0,0.0,-0.10500000000000001
2747072575,10,0,0.001,0.002,-0.002,0.0,0.0,-0.09570000000000001,0.0,0.0,-0.012700000000000001,0.0,0.0,0.0,0.0,0.0,-0.09570000000000001
2747076812,10,0,0.007,0.005,-0.007,0.0,0.0,-0.0863,0.0,0.0,-0.012700000000000001,0.0,0.0,0.0,4237.0,0.0,-0.0863
2747081576,10,0,0.007,0.006,0.003,0.0,0.0,-0.0747,0.0,0.0,-0.0128,0.0,0.0,0.0,9001.0,0.0,-0.0747
2747085576,10,0,0.003,0.009000000000000001,0.004,0.0,0.0,-0.0653,0.0,0.0,-0.0128,0.0,0.0,0.0,13001.0,0.0,-0.0653
2747088577,10,0,0.003,0.01,0.003,0.0,0.0,-0.058300000000000005,0.0,0.0,-0.0128,0.0,0.0,0.0,16002.0,0.0,-0.058300000000000005
2747093575,10,0,0.008,0.011,0.006,0.0,0.0,-0.046700000000000005,0.0,0.0,-0.0128,0.0,0.0,0.0,21000.0,0.0,-0.046700000000000005
2747097576,10,0,0.007,0.015,0.004,0.0,0.0,-0.0373,0.0,0.0,-0.0128,0.0,0.0,0.0,25001.0,0.0,-0.0373
2747102572,10,0,0.009000000000000001,0.017,0.0,0.0,0.0,-0.0257,0.0,0.0,-0.012700000000000001,0.0,0.0,0.0,0.0,0.0,-0.0257
2747104575,10,0,0.012,0.016,-0.002,0.0,0.0,-0.021,0.0,0.0,-0.012700000000000001,0.0,0.0,0.0,2003.0,0.0,-0.021
2747108809,10,0,0.015,0.02,-0.006,0.0,0.0,-0.0117,0.0,0.0,-0.0126,0.0,0.0,0.0,6237.0,0.0,-0.0117
2747112813,10,0,0.012,0.033,-0.006,0.0,0.0,-0.0023,0.0,0.0,-0.012400000000000001,0.0,0.0,0.0,10241.0,0.0,-0.0023
2747116815,10,0,0.008,0.037,-0.008,0.0,0.0,0.007,0.0,0.0,-0.012100000000000001,0.0,0.0,0.0,14243.0,0.0,0.007
2747120947,10,0,0.014,0.061,-0.003,0.0,0.0,0.016300000000000002,0.0,0.0,-0.0117,0.0,0.0,0.0,18375.0,0.0,0.016300000000000002
2747125815,10,0,0.01,0.106,-0.002,0.0,0.0,0.028,0.0,0.0,-0.0109,0.0,0.0,0.0,23243.0,0.0,0.028
2747130569,10,0,0.01,0.135,0.004,0.0,0.0,0.0397,0.0,0.0,-0.0103,0.0,0.0,0.0,0.0,0.0,0.0397
2747132575,10,0,0.009000000000000001,0.152,0.003,0.0,0.0,0.0443,0.0,0.0,-0.01,0.0,0.0,0.0,2006.0,0.0,0.0443
2747136575,10,0,0.01,0.18,0.0,0.0,0.0,0.053700000000000005,0.0,0.0,-0.009000000000000001,0.0,0.0,0.0,6006.0,0.0,0.053700000000000005
2747140828,10,0,-0.001,0.202,-0.002,0.0,0.0,0.063,0.0,0.0,-0.0078000000000000005,0.0,0.0,0.0,10259.0,0.0,0.063
2747145831,10,0,0.0,0.223,-0.004,0.0,0.0,0.0747,0.0,0.0,-0.0068000000000000005,0.0,0.0,0.0,15262.0,0.0,0.0747
2747148574,10,0,0.006,0.217,-0.001,0.0,0.0,0.08170000000000001,0.0,0.0,-0.0064,0.0,0.0,0.0,18005.0,0.0,0.08170000000000001
2747152941,10,0,-0.003,0.197,0.0,0.0,0.0,0.091,0.0,0.0,-0.0056,0.0,0.0,0.0,22372.0,0.0,0.091
2747157576,10,0,-0.002,0.195,-0.014,0.0,0.0,0.1027,0.0,0.0,-0.0051,0.0,0.0,0.0,0.0,0.0,0.1027
2747162571,10,0,0.003,0.17400000000000002,-0.006,0.0,0.0,0.1143,0.0,0.0,-0.0045000000000000005,0.0,0.0,0.0,4995.0,0.0,0.1143
2747164574,10,0,0.003,0.17400000000000002,-0.004,0.0,0.0,0.11900000000000001,0.0,0.0,-0.0043,0.0,0.0,0.0,6998.0,0.0,0.11900000000000001
2747168575,10,0,-0.002,0.169,-0.01,0.0,0.0,0.1283,0.0,0.0,-0.0038,0.0,0.0,0.0,10999.0,0.0,0.1283
2747173570,10,0,-0.01,0.17200000000000001,-0.005,0.0,0.0,0.14,0.0,0.0,-0.0031000000000000003,0.0,0.0,0.0,15994.0,0.0,0.14
2747178600,10,0,-0.01,0.186,-0.001,0.0,0.0,0.1517,0.0,0.0,-0.0021000000000000003,0.0,0.0,0.0,21024.0,0.0,0.1517
2747180854,10,0,-0.005,0.191,0.003,0.0,0.0,0.1563,0.0,0.0,-0.0015,0.0,0.0,0.0,23278.0,0.0,0.1563
2747185859,10,0,-0.008,0.21,0.014,0.0,0.0,0.168,0.0,0.0,-0.00030000000000000003,0.0,0.0,0.0,0.0,0.0,0.168
2747188571,10,0,-0.011,0.20800000000000002,0.011,0.0,0.0,0.17500000000000002,0.0,0.0,0.0001,0.0,0.0,0.0,2712.0,0.0,0.17500000000000002
2747193569,10,0,-0.013000000000000001,0.219,0.008,0.0,0.0,0.17500000000000002,0.0,0.0,0.0012000000000000001,0.0,0.0,0.0,7710.0,0.0,0.17500000000000002
2747198598,10,0,-0.006,0.213,0.008,0.0,0.0,0.17500000000000002,0.0,0.0,0.0024000000000000002,0.0,0.0,0.0,12739.0,0.0,0.17500000000000002
2747200869,10,0,-0.009000000000000001,0.20800000000000002,0.006,0.0,0.0,0.17500000000000002,0.0,0.0,0.0031000000000000003,0.0,0.0,0.0,15010.0,0.0,0.17500000000000002
2747205872,10,0,-0.011,0.195,-0.007,0.0,0.0,0.17500000000000002,0.0,0.0,0.004200000000000001,0.0,0.0,0.0,20013.0,0.0,0.17500000000000002
2747208568,10,0,-0.013000000000000001,0.192,-0.011,0.0,0.0,0.17500000000000002,0.0,0.0,0.0046,0.0,0.0,0.0,22709.0,0.0,0.17500000000000002
2747212829,10,0,-0.02,0.186,-0.01,0.0,0.0,0.17500000000000002,0.0,0.0,0.0057,0.0,0.0,0.0,0.0,0.0,0.17500000000000002
2747216943,10,0,-0.009000000000000001,0.17400000000000002,-0.015,0.0,0.0,0.17500000000000002,0.0,0.0,0.0066,0.0,0.0,0.0,4114.0,0.0,0.17500000000000002
2747221836,10,0,-0.01,0.181,-0.004,0.0,0.0,0.17500000000000002,0.0,0.0,0.0076,0.0,0.0,0.0,9007.0,0.0,0.17500000000000002
2747225888,10,0,-0.002,0.164,-0.007,0.0,0.0,0.17500000000000002,0.0,0.0,0.008400000000000001,0.0,0.0,0.0,13059.0,0.0,0.17500000000000002
2747228565,10,0,-0.003,0.159,-0.012,0.0,0.0,0.17500000000000002,0.0,0.0,0.0088,0.0,0.0,0.0,15736.0,0.0,0.17500000000000002
2747232568,10,0,-0.003,0.15,-0.013000000000000001,0.0,0.0,0.17500000000000002,0.0,0.0,0.0095,0.0,0.0,0.0,19739.0,0.0,0.17500000000000002
2747236849,10,0,0.003,0.129,0.004,0.0,0.0,0.17500000000000002,0.0,0.0,0.0102,0.0,0.0,0.0,24020.0,0.0,0.17500000000000002
2747240897,10,0,0.006,0.123,-0.005,0.0,0.0,0.17500000000000002,0.0,0.0,0.010700000000000001,0.0,0.0,0.0,0.0,0.0,0.17500000000000002
2747245568,10,0,0.003,0.10300000000000001,-0.001,0.0,0.0,0.17500000000000002,0.0,0.0,0.0111,0.0,0.0,0.0,4671.0,0.0,0.17500000000000002
2747249858,10,0,0.001,0.093,0.012,0.0,0.0,0.17500000000000002,0.0,0.0,0.0115,0.0,0.0,0.0,8961.0,0.0,0.17500000000000002
2747254569,10,0,0.001,0.08,0.011,0.0,0.0,0.17500000000000002,0.0,0.0,0.0118,0.0,0.0,0.0,13672.0,0.0,0.17500000000000002
2747256862,10,0,0.005,0.077,0.01,0.0,0.0,0.17500000000000002,0.0,0.0,0.012,0.0,0.0,0.0,15965.0,0.0,0.17500000000000002
2747260911,10,0,0.005,0.068,0.012,0.0,0.0,0.17500000000000002,0.0,0.0,0.0123,0.0,0.0,0.0,20014.0,0.0,0.17500000000000002
2747265568,10,0,0.004,0.07,0.006,0.0,0.0,0.17500000000000002,0.0,0.0,0.0125,0.0,0.0,0.0,24671.0,0.0,0.17500000000000002
2747269569,10,0,0.017,0.066,0.0,0.0,0.0,0.17500000000000002,0.0,0.0,0.012700000000000001,0.0,0.0,0.0,0.0,0.0,0.17500000000000002
2747273874,10,0,0.019,0.053,-0.001,0.0,0.0,0.17500000000000002,0.0,0.0,0.013000000000000001,0.0,0.0,0.0,4305.0,0.0,0.17500000000000002
2747278589,10,0,0.018000000000000002,0.049,-0.003,0.0,0.0,0.17500000000000002,0.0,0.0,0.0131,0.0,0.0,0.0,9020.0,0.0,0.17500000000000002
2747280745,10,0,0.015,0.049,-0.009000000000000001,0.0,0.0,0.17500000000000002,0.0,0.0,0.0132,0.0,0.0,0.0,11176.0,0.0,0.17500000000000002
2747284882,10,0,0.013000000000000001,0.041,-0.009000000000000001,0.0,0.0,0.17500000000000002,0.0,0.0,0.013300000000000001,0.0,0.0,0.0,15313.0,0.0,0.17500000000000002
2747288885,10,0,0.012,0.032,-0.006,0.0,0.0,0.17500000000000002,0.0,0.0,0.0134,0.0,0.0,0.0,19316.0,0.0,0.17500000000000002
2747293568,10,0,0.011,0.016,-0.007,0.0,0.0,0.1633,0.0,0.0,0.0134,0.0,0.0,0.0,23999.0,0.0,0.1633
2747297568,10,0,0.014,0.013000000000000001,-0.003,0.0,0.0,0.154,0.0,0.0,0.0134,0.0,0.0,0.0,0.0,0.0,0.154
2747301895,10,0,0.008,-0.006,-0.002,0.0,0.0,0.1447,0.0,0.0,0.0134,0.0,0.0,0.0,4327.0,0.0,0.1447
2747304565,10,0,0.011,-0.01,-0.001,0.0,0.0,0.13770000000000002,0.0,0.0,0.0134,0.0,0.0,0.0,6997.0,0.0,0.13770000000000002
2747308566,10,0,0.015,-0.012,0.002,0.0,0.0,0.1283,0.0,0.0,0.013300000000000001,0.0,0.0,0.0,10998.0,0.0,0.1283
2747312571,10,0,0.012,-0.012,0.006,0.0,0.0,0.11900000000000001,0.0,0.0,0.0134,0.0,0.0,0.0,15003.0,0.0,0.11900000000000001
2747316905,10,0,0.008,-0.017,0.006,0.0,0.0,0.1097,0.0,0.0,0.0135,0.0,0.0,0.0,19337.0,0.0,0.1097
2747320955,10,0,-0.003,-0.02,0.002,0.0,0.0,0.1003,0.0,0.0,0.0135,0.0,0.0,0.0,23387.0,0.0,0.1003
2747325567,10,0,0.004,-0.023,0.003,0.0,0.0,0.0887,0.0,0.0,0.013600000000000001,0.0,0.0,0.0,0.0,0.0,0.0887
2747329913,10,0,-0.002,-0.023,0.003,0.0,0.0,0.07930000000000001,0.0,0.0,0.0135,0.0,0.0,0.0,4346.0,0.0,0.07930000000000001
2747333918,10,0,-0.002,-0.025,0.003,0.0,0.0,0.07,0.0,0.0,0.0135,0.0,0.0,0.0,8351.0,0.0,0.07
2747338592,10,0,-0.008,-0.03,0.003,0.0,0.0,0.058300000000000005,0.0,0.0,0.0135,0.0,0.0,0.0,13025.0,0.0,0.058300000000000005
2747340968,10,0,-0.005,-0.032,0.002,0.0,0.0,0.053700000000000005,0.0,0.0,0.0135,0.0,0.0,0.0,15401.0,0.0,0.053700000000000005
2747345973,10,0,-0.008,-0.037,-0.005,0.0,0.0,0.042,0.0,0.0,0.013300000000000001,0.0,0.0,0.0,20406.0,0.0,0.042
2747348567,10,0,-0.009000000000000001,-0.037,-0.004,0.0,0.0,0.035,0.0,0.0,0.013300000000000001,0.0,0.0,0.0,23000.0,0.0,0.035
2747352568,10,0,-0.015,-0.03,-0.003,0.0,0.0,0.0257,0.0,0.0,0.0131,0.0,0.0,0.0,0.0,0.0,0.0257
2747356934,10,0,-0.017,-0.038,-0.003,0.0,0.0,0.016300000000000002,0.0,0.0,0.013000000000000001,0.0,0.0,0.0,4366.0,0.0,0.016300000000000002
2747360983,10,0,-0.008,-0.041,-0.003,0.0,0.0,0.007,0.0,0.0,0.0128,0.0,0.0,0.0,8415.0,0.0,0.007
2747365567,10,0,-0.008,-0.055,-0.002,0.0,0.0,-0.0047,0.0,0.0,0.0126,0.0,0.0,0.0,12999.0,0.0,-0.0047
2747369942,10,0,-0.013000000000000001,-0.063,0.006,0.0,0.0,-0.014,0.0,0.0,0.012100000000000001,0.0,0.0,0.0,17374.0,0.0,-0.014
2747373946,10,0,-0.009000000000000001,-0.08600000000000001,0.007,0.0,0.0,-0.0233,0.0,0.0,0.011600000000000001,0.0,0.0,0.0,21378.0,0.0,-0.0233
2747376571,10,0,-0.009000000000000001,-0.094,0.008,0.0,0.0,-0.0303,0.0,0.0,0.0114,0.0,0.0,0.0,24003.0,0.0,-0.0303
2747380998,10,0,-0.012,-0.14400000000000002,0.0,0.0,0.0,-0.0397,0.0,0.0,0.010400000000000001,0.0,0.0,0.0,0.0,0.0,-0.0397
2747385567,10,0,-0.016,-0.167,0.0,0.0,0.0,-0.051300000000000005,0.0,0.0,0.0095,0.0,0.0,0.0,4569.0,0.0,-0.051300000000000005
2747389568,10,0,-0.012,-0.186,0.007,0.0,0.0,-0.060700000000000004,0.0,0.0,0.0086,0.0,0.0,0.0,8570.0,0.0,-0.060700000000000004
2747393958,10,0,-0.013000000000000001,-0.201,0.006,0.0,0.0,-0.07,0.0,0.0,0.0076,0.0,0.0,0.0,12960.0,0.0,-0.07
2747398592,10,0,-0.021,-0.21,0.007,0.0,0.0,-0.08170000000000001,0.0,0.0,0.006900000000000001,0.0,0.0,0.0,17594.0,0.0,-0.08170000000000001
2747401011,10,0,-0.019,-0.20500000000000002,0.003,0.0,0.0,-0.0863,0.0,0.0,0.0064,0.0,0.0,0.0,20013.0,0.0,-0.0863
2747405567,10,0,-0.002,-0.197,0.01,0.0,0.0,-0.098,0.0,0.0,0.0059,0.0,0.0,0.0,24569.0,0.0,-0.098
2747409972,10,0,-0.002,-0.186,0.006,0.0,0.0,-0.1073,0.0,0.0,0.0053,0.0,0.0,0.0,0.0,0.0,-0.1073
2747413974,10,0,-0.009000000000000001,-0.17500000000000002,0.003,0.0,0.0,-0.11670000000000001,0.0,0.0,0.0049,0.0,0.0,0.0,4002.0,0.0,-0.11670000000000001
2747418591,10,0,-0.001,-0.17400000000000002,0.0,0.0,0.0,-0.1283,0.0,0.0,0.0045000000000000005,0.0,0.0,0.0,8619.0,0.0,-0.1283
2747421025,10,0,0.014,-0.179,0.003,0.0,0.0,-0.133,0.0,0.0,0.0041,0.0,0.0,0.0,11053.0,0.0,-0.133
2747425583,10,0,0.016,-0.183,0.0,0.0,0.0,-0.1447,0.0,0.0,0.0035,0.0,0.0,0.0,15611.0,0.0,-0.1447
2747429983,10,0,0.012,-0.191,-0.005,0.0,0.0,-0.154,0.0,0.0,0.0027,0.0,0.0,0.0,20011.0,0.0,-0.154
2747433986,10,0,0.002,-0.203,-0.002,0.0,0.0,-0.1633,0.0,0.0,0.0019,0.0,0.0,0.0,24014.0,0.0,-0.1633
2747438590,10,0,0.008,-0.214,-0.006,0.0,0.0,-0.17500000000000002,0.0,0.0,0.001,0.0,0.0,0.0,0.0,0.0,-0.17500000000000002
2747440858,10,0,0.011,-0.216,-0.005,0.0,0.0,-0.17500000000000002,0.0,0.0,0.0005,0.0,0.0,0.0,2268.0,0.0,-0.17500000000000002
2747444995,10,0,0.014,-0.23500000000000001,0.0,0.0,0.0,-0.17500000000000002,0.0,0.0,-0.0007,0.0,0.0,0.0,6405.0,0.0,-0.17500000000000002
2747449567,10,0,0.01,-0.241,0.005,0.0,0.0,-0.17500000000000002,0.0,0.0,-0.0018000000000000002,0.0,0.0,0.0,10977.0,0.0,-0.17500000000000002
2747454568,10,0,0.012,-0.24,-0.007,0.0,0.0,-0.17500000000000002,0.0,0.0,-0.0031000000000000003,0.0,0.0,0.0,15978.0,0.0,-0.17500000000000002
2747457010,10,0,0.016,-0.245,0.0,0.0,0.0,-0.17500000000000002,0.0,0.0,-0.0039000000000000003,0.0,0.0,0.0,18420.0,0.0,-0.17500000000000002
2747461566,10,0,0.014,-0.23700000000000002,0.007,0.0,0.0,-0.17500000000000002,0.0,0.0,-0.0049,0.0,0.0,0.0,22976.0,0.0,-0.17500000000000002
2747465567,10,0,0.02,-0.221,0.0,0.0,0.0,-0.17500000000000002,0.0,0.0,-0.0059,0.0,0.0,0.0,0.0,0.0,-0.17500000000000002
2747470013,10,0,0.009000000000000001,-0.194,0.007,0.0,0.0,-0.17500000000000002,0.0,0.0,-0.006900000000000001,0.0,0.0,0.0,4446.0,0.0,-0.17500000000000002
2747472572,10,0,0.006,-0.191,0.008,0.0,0.0,-0.17500000000000002,0.0,0.0,-0.0071,0.0,0.0,0.0,7005.0,0.0,-0.17500000000000002
2747477018,10,0,0.003,-0.17400000000000002,0.0,0.0,0.0,-0.17500000000000002,0.0,0.0,-0.0081,0.0,0.0,0.0,11451.0,0.0,-0.17500000000000002
2747481070,10,0,-0.001,-0.146,-0.002,0.0,0.0,-0.17500000000000002,0.0,0.0,-0.008700000000000001,0.0,0.0,0.0,15503.0,0.0,-0.17500000000000002
2747485566,10,0,0.001,-0.14400000000000002,0.005,0.0,0.0,-0.17500000000000002,0.0,0.0,-0.009300000000000001,0.0,0.0,0.0,19999.0,0.0,-0.17500000000000002
2747489568,10,0,0.002,-0.126,-0.003,0.0,0.0,-0.17500000000000002,0.0,0.0,-0.0099,0.0,0.0,0.0,24001.0,0.0,-0.17500000000000002
2747494031,10,0,0.001,-0.125,-0.008,0.0,0.0,-0.17500000000000002,0.0,0.0,-0.0105,0.0,0.0,0.0,0.0,0.0,-0.17500000000000002
2747498566,10,0,0.0,-0.121,-0.008,0.0,0.0,-0.17500000000000002,0.0,0.0,-0.011000000000000001,0.0,0.0,0.0,4535.0,0.0,-0.17500000000000002
2747500566,10,0,0.001,-0.117,-0.01,0.0,0.0,-0.17500000000000002,0.0,0.0,-0.011300000000000001,0.0,0.0,0.0,6535.0,0.0,-0.17500000000000002
2747504899,10,0,-0.002,-0.107,-0.012,0.0,0.0,-0.17500000000000002,0.0,0.0,-0.0117,0.0,0.0,0.0,10868.0,0.0,-0.17500000000000002
2747509039,10,0,-0.009000000000000001,-0.08600000000000001,-0.003,0.0,0.0,-0.17500000000000002,0.0,0.0,-0.012100000000000001,0.0,0.0,0.0,15008.0,0.0,-0.17500000000000002
2747513565,10,0,-0.019,-0.074,-0.002,0.0,0.0,-0.17500000000000002,0.0,0.0,-0.0123,0.0,0.0,0.0,19534.0,0.0,-0.17500000000000002
2747517566,10,0,-0.013000000000000001,-0.061,0.003,0.0,0.0,-0.17500000000000002,0.0,0.0,-0.012400000000000001,0.0,0.0,0.0,23535.0,0.0,-0.17500000000000002
2747522049,10,0,-0.015,-0.047,0.012,0.0,0.0,-0.17500000000000002,0.0,0.0,-0.012400000000000001,0.0,0.0,0.0,0.0,0.0,-0.17500000000000002
2747526101,10,0,-0.017,-0.03,0.01,0.0,0.0,-0.17500000000000002,0.0,0.0,-0.0125,0.0,0.0,0.0,4052.0,0.0,-0.17500000000000002
2747528568,10,0,-0.013000000000000001,-0.03,0.008,0.0,0.0,-0.17500000000000002,0.0,0.0,-0.0125,0.0,0.0,0.0,6519.0,0.0,-0.17500000000000002
2747533565,10,0,-0.012,-0.037,0.007,0.0,0.0,-0.17500000000000002,0.0,0.0,-0.0126,0.0,0.0,0.0,11516.0,0.0,-0.17500000000000002
2747537567,10,0,-0.005,-0.036000000000000004,-0.001,0.0,0.0,-0.17500000000000002,0.0,0.0,-0.012700000000000001,0.0,0.0,0.0,15518.0,0.0,-0.17500000000000002
2747539567,10,0,-0.008,-0.039,-0.003,0.0,0.0,0.0,0.0,0.0,-0.0128,0.0,0.0,0.0,17518.0,0.0,0.0
