t_us,run_id,gap,gx,gy,gz,omega_sp,alpha_ff,tilt_x,tilt_y,thrust,angle,erpm,torque,angle_sp,offset_us,erpm_lower,servo_tilt
66164571,2,0,0.003,-0.005,0.001,0.0,0.0,0.0,0.0,0.0,-0.0041,0.0,0.0,0.0,0.0,0.0,0.0
66168879,2,0,0.005,-0.004,0.001,0.0,0.0,0.0,0.0,0.0,-0.0041,0.0,0.0,0.0,4308.0,0.0,0.0
66172884,2,0,0.006,-0.005,0.001,0.0,0.0,0.0,0.0,0.0,-0.0041,0.0,0.0,0.0,8313.0,0.0,0.0
66176931,2,0,0.001,-0.008,0.002,0.0,0.0,0.0,0.0,0.0,-0.004,0.0,0.0,0.0,12360.0,0.0,0.0
66181570,2,0,0.004,-0.006,0.002,0.0,0.0,0.0,0.0,0.0,-0.004,0.0,0.0,0.0,16999.0,0.0,0.0
66185892,2,0,0.004,-0.006,0.001,0.0,0.0,0.0,0.0,0.0,-0.004,0.0,0.0,0.0,21321.0,0.0,0.0
66190571,2,0,0.002,-0.006,-0.001,0.0,0.0,0.0,0.0,0.0,-0.004,0.0,0.0,0.0,26000.0,0.0,0.0
66192898,2,0,0.0,-0.008,0.0,0.0,0.0,0.0,0.0,0.0,-0.004,0.0,0.0,0.0,0.0,0.0,0.0
66197571,2,0,0.0,-0.011,0.001,0.0,0.0,0.0,0.0,0.0,-0.0041,0.0,0.0,0.0,4673.0,0.0,0.0
66201951,2,0,-0.002,-0.007,0.003,0.0,0.0,0.0,0.0,0.0,-0.0041,0.0,0.0,0.0,9053.0,0.0,0.0
66206952,2,0,0.0,-0.006,-0.001,0.0,0.0,0.0,0.0,0.0,-0.0041,0.0,0.0,0.0,14054.0,0.0,0.0
66209569,2,0,0.002,-0.009000000000000001,-0.003,0.0,0.0,0.0,0.0,0.0,-0.0041,0.0,0.0,0.0,16671.0,0.0,0.0
66213911,2,0,0.0,-0.009000000000000001,0.0,0.0,0.0,0.0,0.0,0.0,-0.0041,0.0,0.0,0.0,21013.0,0.0,0.0
66217912,2,0,-0.001,-0.005,-0.001,0.0,0.0,0.0,0.0,0.0,-0.0041,0.0,0.0,0.0,25014.0,0.0,0.0
66221963,2,0,-0.005,-0.007,0.0,0.0,0.0,0.0,0.0,0.0,-0.004200000000000001,0.0,0.0,0.0,0.0,0.0,0.0
66226969,2,0,-0.006,-0.007,-0.001,0.0,0.0,0.0,0.0,0.0,-0.004200000000000001,0.0,0.0,0.0,5006.0,0.0,0.0
66229571,2,0,-0.005,-0.005,-0.001,0.0,0.0,0.0,0.0,0.0,-0.004200000000000001,0.0,0.0,0.0,7608.0,0.0,0.0
66234572,2,0,-0.002,-0.006,0.002,0.0,0.0,0.0,0.0,0.0,-0.004200000000000001,0.0,0.0,0.0,12609.0,0.0,0.0
66236975,2,0,-0.007,-0.001,0.002,0.0,0.0,0.0,0.0,0.0,-0.004200000000000001,0.0,0.0,0.0,15012.0,0.0,0.0
66241570,2,0,0.0,-0.001,0.001,0.0,0.0,0.0,0.0,0.0,-0.004200000000000001,0.0,0.0,0.0,19607.0,0.0,0.0
66245570,2,0,-0.001,-0.004,-0.003,0.0,0.0,0.0,0.0,0.0,-0.004200000000000001,0.0,0.0,0.0,23607.0,0.0,0.0
66249936,2,0,-0.008,-0.003,-0.003,0.0,0.0,0.0,0.0,0.0,-0.004200000000000001,0.0,0.0,0.0,0.0,0.0,0.0
66254571,2,0,-0.002,-0.004,0.001,0.0,0.0,0.0,0.0,0.0,-0.004200000000000001,0.0,0.0,0.0,4635.0,0.0,0.0
66256992,2,0,-0.003,-0.003,0.005,0.0,0.0,0.0,0.0,0.0,-0.004200000000000001,0.0,0.0,0.0,7056.0,0.0,0.0
66261571,2,0,-0.007,-0.003,0.0,0.0,0.0,0.0,0.0,0.0,-0.0041,0.0,0.0,0.0,11635.0,0.0,0.0
66265949,2,0,-0.006,-0.001,0.0,0.0,0.0,0.0,0.0,0.0,-0.0041,0.0,0.0,0.0,16013.0,0.0,0.0
66268571,2,0,-0.004,-0.003,-0.002,0.0,0.0,0.0,0.0,0.0,-0.0041,0.0,0.0,0.0,18635.0,0.0,0.0
66272950,2,0,0.0,-0.002,0.001,0.0,0.0,0.0,0.0,0.0,-0.0041,0.0,0.0,0.0,23014.0,0.0,0.0
66277002,2,0,-0.001,-0.003,0.002,0.0,0.0,0.0,0.0,0.0,-0.004,0.0,0.0,0.0,0.0,0.0,0.0
66282002,2,0,-0.004,-0.001,-0.002,0.0,0.0,0.0,0.0,0.0,-0.004,0.0,0.0,0.0,5000.0,0.0,0.0
66287008,2,0,-0.001,-0.007,-0.001,0.0,0.0,0.0,0.0,0.0,-0.004,0.0,0.0,0.0,10006.0,0.0,0.0
66289568,2,0,-0.002,-0.009000000000000001,0.001,0.0,0.0,0.0,0.0,0.0,-0.004,0.0,0.0,0.0,12566.0,0.0,0.0
66293571,2,0,-0.002,-0.006,0.003,0.0,0.0,0.0,0.0,0.0,-0.004,0.0,0.0,0.0,16569.0,0.0,0.0
66297966,2,0,0.001,-0.007,-0.001,0.0,0.0,0.0,0.0,0.0,-0.004,0.0,0.0,0.0,20964.0,0.0,0.0
66302017,2,0,0.005,-0.007,-0.003,0.0,0.0,0.0,0.0,0.0,-0.004,0.0,0.0,0.0,25015.0,0.0,0.0
66307022,2,0,0.001,-0.008,-0.002,0.0,0.0,0.0,0.0,0.0,-0.004,0.0,0.0,0.0,0.0,0.0,0.0
66309570,2,0,0.002,-0.011,-0.005,0.0,0.0,0.0,0.0,0.0,-0.004,0.0,0.0,0.0,2548.0,0.0,0.0
66314570,2,0,0.005,-0.006,0.002,0.0,0.0,0.0,0.0,0.0,-0.004,0.0,0.0,0.0,7548.0,0.0,0.0
66317031,2,0,0.005,-0.006,-0.002,0.0,0.0,0.0,0.0,0.0,-0.004,0.0,0.0,0.0,10009.0,0.0,0.0
66322030,2,0,0.002,-0.007,-0.002,0.0,0.0,0.0,0.0,0.0,-0.004,0.0,0.0,0.0,15008.0,0.0,0.0
66327036,2,0,0.003,-0.006,0.003,0.0,0.0,0.0,0.0,0.0,-0.004,0.0,0.0,0.0,20014.0,0.0,0.0
66329566,2,0,0.004,-0.005,0.002,0.0,0.0,0.0,0.0,0.0,-0.004,0.0,0.0,0.0,22544.0,0.0,0.0
66333992,2,0,0.01,-0.002,-0.001,0.0,0.0,0.0,0.0,0.0,-0.0041,0.0,0.0,0.0,0.0,0.0,0.0
66337997,2,0,0.01,-0.002,-0.001,0.0,0.0,0.0,0.0,0.0,-0.0041,0.0,0.0,0.0,4005.0,0.0,0.0
66342044,2,0,0.008,-0.003,-0.001,0.0,0.0,0.0,0.0,0.0,-0.0041,0.0,0.0,0.0,8052.0,0.0,0.0
66344573,2,0,0.006,-0.003,-0.001,0.0,0.0,0.0,0.0,0.0,-0.0041,0.0,0.0,0.0,10581.0,0.0,0.0
66349568,2,0,0.007,-0.002,-0.001,0.0,0.0,0.0,0.0,0.0,-0.0041,0.0,0.0,0.0,15576.0,0.0,0.0
66354571,2,0,0.009000000000000001,-0.001,0.003,0.0,0.0,0.0,0.0,0.0,-0.0041,0.0,0.0,0.0,20579.0,0.0,0.0
66357571,2,0,0.011,-0.002,0.002,0.0,0.0,0.0,0.0,0.0,-0.0041,0.0,0.0,0.0,23579.0,0.0,0.0
66362059,2,0,0.004,0.0,-0.003,0.0,0.0,0.0,0.0,0.0,-0.0041,0.0,0.0,0.0,0.0,0.0,0.0
66366570,2,0,0.001,0.003,0.002,0.0,0.0,0.0,0.0,0.0,-0.004,0.0,0.0,0.0,4511.0,0.0,0.0
66371017,2,0,0.001,-0.002,0.002,0.0,0.0,0.0,0.0,0.0,-0.004,0.0,0.0,0.0,8958.0,0.0,0.0
66373021,2,0,0.001,-0.002,0.004,0.0,0.0,0.0,0.0,0.0,-0.004,0.0,0.0,0.0,10962.0,0.0,0.0
66377107,2,0,0.001,-0.001,0.003,0.0,0.0,0.0,0.0,0.0,-0.004,0.0,0.0,0.0,15048.0,0.0,0.0
66382069,2,0,-0.002,-0.001,0.002,0.0,0.0,0.0,0.0,0.0,-0.004,0.0,0.0,0.0,20010.0,0.0,0.0
66387117,2,0,-0.002,-0.001,0.001,0.0,0.0,0.0,0.0,0.0,-0.004,0.0,0.0,0.0,25058.0,0.0,0.0
66389608,2,0,-0.003,-0.001,0.001,0.0,0.0,0.0,0.0,0.0,-0.004,0.0,0.0,0.0,0.0,0.0,0.0
66394569,2,0,-0.007,-0.001,0.004,0.0,0.0,0.0,0.0,0.0,-0.0039000000000000003,0.0,0.0,0.0,4961.0,0.0,0.0
66398570,2,0,-0.006,0.002,-0.002,0.0,0.0,0.0,0.0,0.0,-0.0039000000000000003,0.0,0.0,0.0,8962.0,0.0,0.0
66401039,2,0,-0.003,0.001,0.0,0.0,0.0,0.0,0.0,0.0,-0.0039000000000000003,0.0,0.0,0.0,11431.0,0.0,0.0
66405078,2,0,-0.007,-0.002,0.002,0.0,0.0,0.0,0.0,0.0,-0.0038,0.0,0.0,0.0,15470.0,0.0,0.0
66409569,2,0,-0.005,0.0,0.003,0.0,0.0,0.0,0.0,0.0,-0.0038,0.0,0.0,0.0,19961.0,0.0,0.0
66414047,2,0,-0.007,-0.002,0.001,0.0,0.0,0.0,0.0,0.0,-0.0038,0.0,0.0,0.0,24439.0,0.0,0.0
66418086,2,0,-0.002,-0.003,-0.004,0.0,0.0,0.0,0.0,0.0,-0.0037,0.0,0.0,0.0,0.0,0.0,0.0
66420571,2,0,-0.004,-0.003,-0.003,0.0,0.0,0.0,0.0,0.0,-0.0037,0.0,0.0,0.0,2485.0,0.0,0.0
66425055,2,0,-0.004,-0.004,-0.002,0.0,0.0,0.0,0.0,0.0,-0.0037,0.0,0.0,0.0,6969.0,0.0,0.0
66429533,2,0,-0.004,-0.005,-0.001,0.0,0.0,0.0,0.0,0.0,-0.0037,0.0,0.0,0.0,11447.0,0.0,0.0
66433570,2,0,-0.004,-0.002,0.001,0.0,0.0,0.0,0.0,0.0,-0.0037,0.0,0.0,0.0,15484.0,0.0,0.0
66438064,2,0,-0.007,-0.004,-0.002,0.0,0.0,0.0,0.0,0.0,-0.0036000000000000003,0.0,0.0,0.0,19978.0,0.0,0.0
66442113,2,0,-0.001,-0.007,0.0,0.0,0.0,0.0,0.0,0.0,-0.0036000000000000003,0.0,0.0,0.0,24027.0,0.0,0.0
66446570,2,0,0.0,-0.006,0.001,0.0,0.0,0.0,0.0,0.0,-0.0036000000000000003,0.0,0.0,0.0,0.0,0.0,0.0
66449071,2,0,-0.002,-0.005,-0.003,0.0,0.0,0.0,0.0,0.0,-0.0037,0.0,0.0,0.0,2501.0,0.0,0.0
66453572,2,0,-0.001,-0.006,-0.005,0.0,0.0,0.0,0.0,0.0,-0.0037,0.0,0.0,0.0,7002.0,0.0,0.0
66458569,2,0,0.004,-0.003,0.0,0.0,0.0,0.0,0.0,0.0,-0.0037,0.0,0.0,0.0,11999.0,0.0,0.0
66461083,2,0,-0.002,-0.002,0.002,0.0,0.0,0.0,0.0,0.0,-0.0037,0.0,0.0,0.0,14513.0,0.0,0.0
66465123,2,0,-0.002,-0.002,-0.004,0.0,0.0,0.0,0.0,0.0,-0.0036000000000000003,0.0,0.0,0.0,18553.0,0.0,0.0
66469569,2,0,0.004,-0.006,-0.002,0.0,0.0,0.0,0.0,0.0,-0.0036000000000000003,0.0,0.0,0.0,22999.0,0.0,0.0
66474088,2,0,0.005,-0.005,-0.001,0.0,0.0,0.0,0.0,0.0,-0.0037,0.0,0.0,0.0,0.0,0.0,0.0
66478131,2,0,0.001,-0.001,-0.004,0.0,0.0,0.0,0.0,0.0,-0.0037,0.0,0.0,0.0,4043.0,0.0,0.0
66482532,2,0,0.0,-0.007,-0.003,0.0,0.0,0.0,0.0,0.0,-0.0037,0.0,0.0,0.0,8444.0,0.0,0.0
66486568,2,0,0.004,-0.005,0.001,0.0,0.0,0.0,0.0,0.0,-0.0037,0.0,0.0,0.0,12480.0,0.0,0.0
66491141,2,0,0.005,-0.004,-0.001,0.0,0.0,0.0,0.0,0.0,-0.0037,0.0,0.0,0.0,17053.0,0.0,0.0
66493141,2,0,0.004,-0.004,-0.001,0.0,0.0,0.0,0.0,0.0,-0.0037,0.0,0.0,0.0,19053.0,0.0,0.0
66497191,2,0,0.002,-0.005,-0.004,0.0,0.0,0.0,0.0,0.0,-0.0037,0.0,0.0,0.0,23103.0,0.0,0.0
66501570,2,0,0.002,-0.004,-0.003,0.0,0.0,0.0,0.0,0.0,-0.0037,0.0,0.0,0.0,0.0,0.0,0.0
66506533,2,0,0.001,-0.001,0.0,0.0,0.0,0.0,0.0,0.0,-0.0037,0.0,0.0,0.0,4963.0,0.0,0.0
66511152,2,0,0.004,-0.002,0.0,0.0,0.0,0.0,0.0,0.0,-0.0037,0.0,0.0,0.0,9582.0,0.0,0.0
66513154,2,0,0.003,-0.001,0.0,0.0,0.0,0.0,0.0,0.0,-0.0037,0.0,0.0,0.0,11584.0,0.0,0.0
66517573,2,0,0.002,0.0,0.004,0.0,0.0,0.0,0.0,0.0,-0.0037,0.0,0.0,0.0,16003.0,0.0,0.0
66522171,2,0,0.007,-0.003,0.003,0.0,0.0,0.0,0.0,0.0,-0.0036000000000000003,0.0,0.0,0.0,20601.0,0.0,0.0
66526533,2,0,0.009000000000000001,-0.004,0.003,0.0,0.0,0.0,0.0,0.0,-0.0036000000000000003,0.0,0.0,0.0,24963.0,0.0,0.0
66529166,2,0,0.005,-0.001,0.003,0.0,0.0,0.0,0.0,0.0,-0.0036000000000000003,0.0,0.0,0.0,0.0,0.0,0.0
66533168,2,0,0.006,-0.002,0.002,0.0,0.0,0.0,0.0,0.0,-0.0036000000000000003,0.0,0.0,0.0,4002.0,0.0,0.0
66537182,2,0,0.0,-0.003,0.001,0.0,0.0,0.0,0.0,0.0,-0.0036000000000000003,0.0,0.0,0.0,8016.0,0.0,0.0
66541533,2,0,-0.003,-0.002,0.001,0.0,0.0,0.0,0.0,0.0,-0.0036000000000000003,0.0,0.0,0.0,12367.0,0.0,0.0
66546175,2,0,0.001,-0.004,0.001,0.0,0.0,0.0,0.0,0.0,-0.0036000000000000003,0.0,0.0,0.0,17009.0,0.0,0.0
66551180,2,0,-0.005,-0.005,0.004,0.0,0.0,0.0,0.0,0.0,-0.0036000000000000003,0.0,0.0,0.0,22014.0,0.0,0.0
66553182,2,0,-0.005,-0.005,0.002,0.0,0.0,0.0,0.0,0.0,-0.0036000000000000003,0.0,0.0,0.0,24016.0,0.0,0.0
66557232,2,0,-0.003,-0.004,-0.003,0.0,0.0,0.0,0.0,0.0,-0.0035,0.0,0.0,0.0,0.0,0.0,0.0
66561568,2,0,-0.004,-0.004,0.0,0.0,0.0,0.0,0.0,0.0,-0.0035,0.0,0.0,0.0,4336.0,0.0,0.0
66566192,2,0,-0.005,-0.004,0.003,0.0,0.0,0.0,0.0,0.0,-0.0035,0.0,0.0,0.0,8960.0,0.0,0.0
66570568,2,0,-0.004,-0.005,0.001,0.0,0.0,0.0,0.0,0.0,-0.0035,0.0,0.0,0.0,13336.0,0.0,0.0
66573195,2,0,-0.004,-0.006,0.0,0.0,0.0,0.0,0.0,0.0,-0.0035,0.0,0.0,0.0,15963.0,0.0,0.0
66577246,2,0,-0.001,-0.006,-0.001,0.0,0.0,0.0,0.0,0.0,-0.0035,0.0,0.0,0.0,20014.0,0.0,0.0
66581572,2,0,-0.004,-0.003,-0.001,0.0,0.0,0.0,0.0,0.0,-0.0035,0.0,0.0,0.0,24340.0,0.0,0.0
66586532,2,0,-0.004,-0.007,-0.002,0.0,0.0,0.0,0.0,0.0,-0.0035,0.0,0.0,0.0,0.0,0.0,0.0
66590532,2,0,-0.002,-0.007,-0.003,0.0,0.0,0.0,0.0,0.0,-0.0035,0.0,0.0,0.0,4000.0,0.0,0.0
66593211,2,0,-0.002,-0.006,0.003,0.0,0.0,0.0,0.0,0.0,-0.0035,0.0,0.0,0.0,6679.0,0.0,0.0
66598193,2,0,-0.005,-0.004,-0.001,0.0,0.0,0.0,0.0,0.0,-0.0035,0.0,0.0,0.0,11661.0,0.0,0.0
66603215,2,0,-0.006,-0.008,-0.007,0.0,0.0,0.0,0.0,0.0,-0.0035,0.0,0.0,0.0,16683.0,0.0,0.0
66605224,2,0,-0.003,-0.008,-0.007,0.0,0.0,0.0,0.0,0.0,-0.0035,0.0,0.0,0.0,18692.0,0.0,0.0
66609531,2,0,-0.005,-0.007,-0.001,0.0,0.0,0.0,0.0,0.0,-0.0035,0.0,0.0,0.0,22999.0,0.0,0.0
66613607,2,0,-0.001,-0.005,-0.005,0.0,0.0,0.0,0.0,0.0,-0.0035,0.0,0.0,0.0,0.0,0.0,0.0
66618531,2,0,-0.003,-0.01,-0.003,0.0,0.0,0.0,0.0,0.0,-0.0035,0.0,0.0,0.0,4924.0,0.0,0.0
66622591,2,0,-0.004,-0.009000000000000001,-0.004,0.0,0.0,0.0,0.0,0.0,-0.0036000000000000003,0.0,0.0,0.0,8984.0,0.0,0.0
66625233,2,0,0.0,-0.009000000000000001,0.0,0.0,0.0,0.0,0.0,0.0,-0.0036000000000000003,0.0,0.0,0.0,11626.0,0.0,0.0
66629531,2,0,0.005,-0.008,-0.002,0.0,0.0,0.0,0.0,0.0,-0.0036000000000000003,0.0,0.0,0.0,15924.0,0.0,0.0
66634239,2,0,0.002,-0.012,-0.005,0.0,0.0,0.0,0.0,0.0,-0.0036000000000000003,0.0,0.0,0.0,20632.0,0.0,0.0
66638531,2,0,-0.003,-0.008,0.002,0.0,0.0,0.0,0.0,0.0,-0.0037,0.0,0.0,0.0,24924.0,0.0,0.0
66642554,2,0,0.001,-0.01,0.002,0.0,0.0,0.0,0.0,0.0,-0.0037,0.0,0.0,0.0,0.0,0.0,0.0
66645608,2,0,0.006,-0.01,-0.002,0.0,0.0,0.0,0.0,0.0,-0.0037,0.0,0.0,0.0,3054.0,0.0,0.0
66650251,2,0,0.007,-0.005,0.001,0.0,0.0,0.0,0.0,0.0,-0.0037,0.0,0.0,0.0,7697.0,0.0,0.0
66654530,2,0,0.006,-0.007,0.0,0.0,0.0,0.0,0.0,0.0,-0.0037,0.0,0.0,0.0,11976.0,0.0,0.0
66658531,2,0,0.007,-0.007,0.0,0.0,0.0,0.0,0.0,0.0,-0.0038,0.0,0.0,0.0,15977.0,0.0,0.0
66662554,2,0,0.005,-0.007,0.002,0.0,0.0,0.0,0.0,0.0,-0.0038,0.0,0.0,0.0,20000.0,0.0,0.0
66665267,2,0,0.004,-0.008,0.001,0.0,0.0,0.0,0.0,0.0,-0.0038,0.0,0.0,0.0,22713.0,0.0,0.0
66669531,2,0,0.006,-0.006,-0.003,0.0,0.0,0.0047,0.0,0.0,-0.0038,0.0,0.0,0.0,0.0,0.0,0.0047
66673531,2,0,0.003,-0.006,0.0,0.0,0.0,0.009300000000000001,0.0,0.0,-0.0038,0.0,0.0,0.0,4000.0,0.0,0.009300000000000001
66677571,2,0,0.003,-0.007,0.005,0.0,0.0,0.014,0.0,0.0,-0.0038,0.0,0.0,0.0,8040.0,0.0,0.014
66682314,2,0,0.006,-0.005,0.001,0.0,0.0,0.0198,0.0,0.0,-0.0039000000000000003,0.0,0.0,0.0,12783.0,0.0,0.0198
66686531,2,0,0.003,-0.005,0.001,0.0,0.0,0.0245,0.0,0.0,-0.0039000000000000003,0.0,0.0,0.0,17000.0,0.0,0.0245
66690531,2,0,0.004,-0.006,0.005,0.0,0.0,0.0292,0.0,0.0,-0.0039000000000000003,0.0,0.0,0.0,21000.0,0.0,0.0292
66693280,2,0,0.005,-0.008,0.003,0.0,0.0,0.0327,0.0,0.0,-0.0039000000000000003,0.0,0.0,0.0,23749.0,0.0,0.0327
66697327,2,0,0.009000000000000001,-0.006,0.0,0.0,0.0,0.0373,0.0,0.0,-0.0039000000000000003,0.0,0.0,0.0,0.0,0.0,0.0373
66701531,2,0,0.002,-0.008,-0.001,0.0,0.0,0.042,0.0,0.0,-0.0039000000000000003,0.0,0.0,0.0,4204.0,0.0,0.042
66706531,2,0,0.001,-0.007,0.005,0.0,0.0,0.0478,0.0,0.0,-0.0039000000000000003,0.0,0.0,0.0,9204.0,0.0,0.0478
66709572,2,0,-0.001,-0.009000000000000001,0.005,0.0,0.0,0.051300000000000005,0.0,0.0,-0.0039000000000000003,0.0,0.0,0.0,12245.0,0.0,0.051300000000000005
66714531,2,0,-0.004,-0.006,-0.005,0.0,0.0,0.0572,0.0,0.0,-0.0039000000000000003,0.0,0.0,0.0,17204.0,0.0,0.0572
66719297,2,0,-0.003,-0.004,0.006,0.0,0.0,0.063,0.0,0.0,-0.0039000000000000003,0.0,0.0,0.0,21970.0,0.0,0.063
66721299,2,0,-0.003,0.001,0.009000000000000001,0.0,0.0,0.0653,0.0,0.0,-0.0038,0.0,0.0,0.0,23972.0,0.0,0.0653
66725301,2,0,-0.006,0.005,-0.003,0.0,0.0,0.07,0.0,0.0,-0.0037,0.0,0.0,0.0,0.0,0.0,0.07
66729530,2,0,-0.009000000000000001,0.019,0.0,0.0,0.0,0.0747,0.0,0.0,-0.0036000000000000003,0.0,0.0,0.0,4229.0,0.0,0.0747
66734302,2,0,-0.004,0.025,0.001,0.0,0.0,0.0805,0.0,0.0,-0.0033,0.0,0.0,0.0,9001.0,0.0,0.0805
66738310,2,0,-0.003,0.04,-0.001,0.0,0.0,0.0852,0.0,0.0,-0.0031000000000000003,0.0,0.0,0.0,13009.0,0.0,0.0852
66742418,2,0,-0.001,0.048,0.0,0.0,0.0,0.0898,0.0,0.0,-0.0029000000000000002,0.0,0.0,0.0,17117.0,0.0,0.0898
66746530,2,0,-0.009000000000000001,0.049,-0.002,0.0,0.0,0.0945,0.0,0.0,-0.0026000000000000003,0.0,0.0,0.0,21229.0,0.0,0.0945
66750530,2,0,-0.004,0.052000000000000005,-0.002,0.0,0.0,0.09920000000000001,0.0,0.0,-0.0025,0.0,0.0,0.0,25229.0,0.0,0.09920000000000001
66754530,2,0,-0.001,0.049,-0.001,0.0,0.0,0.1038,0.0,0.0,-0.0023,0.0,0.0,0.0,0.0,0.0,0.1038
66757374,2,0,-0.004,0.049,-0.006,0.0,0.0,0.1073,0.0,0.0,-0.0022,0.0,0.0,0.0,2844.0,0.0,0.1073
66761530,2,0,-0.012,0.055,-0.004,0.0,0.0,0.112,0.0,0.0,-0.002,0.0,0.0,0.0,7000.0,0.0,0.112
66765530,2,0,-0.014,0.06,0.0,0.0,0.0,0.11670000000000001,0.0,0.0,-0.0018000000000000002,0.0,0.0,0.0,11000.0,0.0,0.11670000000000001
66770333,2,0,-0.01,0.068,-0.003,0.0,0.0,0.12250000000000001,0.0,0.0,-0.0015,0.0,0.0,0.0,15803.0,0.0,0.12250000000000001
66774446,2,0,-0.002,0.077,0.001,0.0,0.0,0.1272,0.0,0.0,-0.0011,0.0,0.0,0.0,19916.0,0.0,0.1272
66778529,2,0,-0.006,0.083,-0.001,0.0,0.0,0.1318,0.0,0.0,-0.0008,0.0,0.0,0.0,23999.0,0.0,0.1318
66782529,2,0,-0.004,0.094,-0.014,0.0,0.0,0.1365,0.0,0.0,-0.0004,0.0,0.0,0.0,0.0,0.0,0.1365
66787389,2,0,0.005,0.1,-0.007,0.0,0.0,0.1423,0.0,0.0,0.0001,0.0,0.0,0.0,4860.0,0.0,0.1423
66789530,2,0,0.005,0.10300000000000001,-0.005,0.0,0.0,0.1447,0.0,0.0,0.0004,0.0,0.0,0.0,7001.0,0.0,0.1447
66794348,2,0,0.003,0.109,-0.006,0.0,0.0,0.1505,0.0,0.0,0.001,0.0,0.0,0.0,11819.0,0.0,0.1505
66798350,2,0,-0.005,0.108,-0.006,0.0,0.0,0.1552,0.0,0.0,0.0014,0.0,0.0,0.0,15821.0,0.0,0.1552
66802399,2,0,-0.004,0.107,0.001,0.0,0.0,0.1598,0.0,0.0,0.0018000000000000002,0.0,0.0,0.0,19870.0,0.0,0.1598
66807402,2,0,0.007,0.10300000000000001,-0.003,0.0,0.0,0.16570000000000001,0.0,0.0,0.0023,0.0,0.0,0.0,24873.0,0.0,0.16570000000000001
66809529,2,0,0.008,0.1,0.0,0.0,0.0,0.168,0.0,0.0,0.0025,0.0,0.0,0.0,0.0,0.0,0.168
66813529,2,0,0.003,0.08600000000000001,0.004,0.0,0.0,0.17270000000000002,0.0,0.0,0.0028,0.0,0.0,0.0,4000.0,0.0,0.17270000000000002
66817553,2,0,0.009000000000000001,0.083,0.002,0.0,0.0,0.17500000000000002,0.0,0.0,0.0032,0.0,0.0,0.0,8024.0,0.0,0.17500000000000002
66822411,2,0,0.007,0.082,0.003,0.0,0.0,0.17500000000000002,0.0,0.0,0.0036000000000000003,0.0,0.0,0.0,12882.0,0.0,0.17500000000000002
66826529,2,0,0.006,0.084,0.01,0.0,0.0,0.17500000000000002,0.0,0.0,0.004,0.0,0.0,0.0,17000.0,0.0,0.17500000000000002
66829371,2,0,0.01,0.088,0.01,0.0,0.0,0.17500000000000002,0.0,0.0,0.0044,0.0,0.0,0.0,19842.0,0.0,0.17500000000000002
66833376,2,0,0.014,0.09,0.007,0.0,0.0,0.17500000000000002,0.0,0.0,0.0049,0.0,0.0,0.0,23847.0,0.0,0.17500000000000002
66837596,2,0,0.013000000000000001,0.091,0.005,0.0,0.0,0.17500000000000002,0.0,0.0,0.005200000000000001,0.0,0.0,0.0,0.0,0.0,0.17500000000000002
66842426,2,0,0.005,0.093,0.002,0.0,0.0,0.17500000000000002,0.0,0.0,0.006,0.0,0.0,0.0,4830.0,0.0,0.17500000000000002
66846529,2,0,0.014,0.08600000000000001,-0.004,0.0,0.0,0.17500000000000002,0.0,0.0,0.0064,0.0,0.0,0.0,8933.0,0.0,0.17500000000000002
66850529,2,0,0.011,0.08700000000000001,-0.004,0.0,0.0,0.17500000000000002,0.0,0.0,0.0068000000000000005,0.0,0.0,0.0,12933.0,0.0,0.17500000000000002
66853389,2,0,0.007,0.084,-0.007,0.0,0.0,0.17500000000000002,0.0,0.0,0.007,0.0,0.0,0.0,15793.0,0.0,0.17500000000000002
66857438,2,0,0.004,0.078,-0.009000000000000001,0.0,0.0,0.17500000000000002,0.0,0.0,0.0073,0.0,0.0,0.0,19842.0,0.0,0.17500000000000002
66861529,2,0,0.002,0.068,-0.012,0.0,0.0,0.17500000000000002,0.0,0.0,0.0076,0.0,0.0,0.0,23933.0,0.0,0.17500000000000002
66865529,2,0,0.006,0.064,-0.005,0.0,0.0,0.17500000000000002,0.0,0.0,0.0078000000000000005,0.0,0.0,0.0,0.0,0.0,0.17500000000000002
66870508,2,0,0.004,0.055,-0.003,0.0,0.0,0.17500000000000002,0.0,0.0,0.008,0.0,0.0,0.0,4979.0,0.0,0.17500000000000002
66875404,2,0,-0.001,0.05,-0.004,0.0,0.0,0.17500000000000002,0.0,0.0,0.0082,0.0,0.0,0.0,9875.0,0.0,0.17500000000000002
66877452,2,0,0.001,0.043000000000000003,-0.003,0.0,0.0,0.17500000000000002,0.0,0.0,0.0082,0.0,0.0,0.0,11923.0,0.0,0.17500000000000002
66881529,2,0,-0.001,0.036000000000000004,0.003,0.0,0.0,0.17500000000000002,0.0,0.0,0.0083,0.0,0.0,0.0,16000.0,0.0,0.17500000000000002
66885529,2,0,0.004,0.037,0.003,0.0,0.0,0.17500000000000002,0.0,0.0,0.0085,0.0,0.0,0.0,20000.0,0.0,0.17500000000000002
66890415,2,0,-0.003,0.029,0.007,0.0,0.0,0.17500000000000002,0.0,0.0,0.0086,0.0,0.0,0.0,24886.0,0.0,0.17500000000000002
66894529,2,0,-0.005,0.03,0.007,0.0,0.0,0.17500000000000002,0.0,0.0,0.0088,0.0,0.0,0.0,0.0,0.0,0.17500000000000002
66897466,2,0,-0.006,0.03,0.002,0.0,0.0,0.17500000000000002,0.0,0.0,0.0089,0.0,0.0,0.0,2937.0,0.0,0.17500000000000002
66901572,2,0,-0.006,0.032,0.005,0.0,0.0,0.17500000000000002,0.0,0.0,0.009000000000000001,0.0,0.0,0.0,7043.0,0.0,0.17500000000000002
66906424,2,0,-0.005,0.028,-0.001,0.0,0.0,0.17500000000000002,0.0,0.0,0.0092,0.0,0.0,0.0,11895.0,0.0,0.17500000000000002
66910428,2,0,-0.006,0.025,-0.007,0.0,0.0,0.17500000000000002,0.0,0.0,0.0094,0.0,0.0,0.0,15899.0,0.0,0.17500000000000002
66914529,2,0,-0.008,0.019,-0.007,0.0,0.0,0.17500000000000002,0.0,0.0,0.0095,0.0,0.0,0.0,20000.0,0.0,0.17500000000000002
66918529,2,0,0.001,0.018000000000000002,-0.009000000000000001,0.0,0.0,0.168,0.0,0.0,0.009600000000000001,0.0,0.0,0.0,24000.0,0.0,0.168
66921436,2,0,0.004,0.016,-0.008,0.0,0.0,0.161,0.0,0.0,0.009600000000000001,0.0,0.0,0.0,0.0,0.0,0.161
66925438,2,0,-0.005,0.007,-0.01,0.0,0.0,0.1517,0.0,0.0,0.0097,0.0,0.0,0.0,4002.0,0.0,0.1517
66929528,2,0,-0.012,0.005,-0.008,0.0,0.0,0.1423,0.0,0.0,0.0098,0.0,0.0,0.0,8092.0,0.0,0.1423
66933573,2,0,-0.011,0.003,-0.006,0.0,0.0,0.133,0.0,0.0,0.0099,0.0,0.0,0.0,12137.0,0.0,0.133
66938451,2,0,-0.005,0.003,0.0,0.0,0.0,0.1213,0.0,0.0,0.01,0.0,0.0,0.0,17015.0,0.0,0.1213
66942497,2,0,-0.004,0.001,0.008,0.0,0.0,0.112,0.0,0.0,0.010100000000000001,0.0,0.0,0.0,21061.0,0.0,0.112
66947498,2,0,-0.003,0.0,0.006,0.0,0.0,0.1003,0.0,0.0,0.010100000000000001,0.0,0.0,0.0,26062.0,0.0,0.1003
66949528,2,0,-0.006,-0.003,0.007,0.0,0.0,0.09570000000000001,0.0,0.0,0.010100000000000001,0.0,0.0,0.0,0.0,0.0,0.09570000000000001
66954458,2,0,-0.007,-0.008,0.007,0.0,0.0,0.084,0.0,0.0,0.010100000000000001,0.0,0.0,0.0,4930.0,0.0,0.084
66958461,2,0,-0.006,-0.005,0.01,0.0,0.0,0.0747,0.0,0.0,0.010100000000000001,0.0,0.0,0.0,8933.0,0.0,0.0747
66962513,2,0,-0.008,-0.005,0.004,0.0,0.0,0.0653,0.0,0.0,0.010100000000000001,0.0,0.0,0.0,12985.0,0.0,0.0653
66966574,2,0,-0.006,-0.003,0.001,0.0,0.0,0.056,0.0,0.0,0.010100000000000001,0.0,0.0,0.0,17046.0,0.0,0.056
66969470,2,0,-0.004,0.0,0.002,0.0,0.0,0.049,0.0,0.0,0.010100000000000001,0.0,0.0,0.0,19942.0,0.0,0.049
66973474,2,0,0.003,-0.001,-0.003,0.0,0.0,0.0397,0.0,0.0,0.010100000000000001,0.0,0.0,0.0,23946.0,0.0,0.0397
66977548,2,0,-0.001,-0.002,-0.005,0.0,0.0,0.0303,0.0,0.0,0.010100000000000001,0.0,0.0,0.0,0.0,0.0,0.0303
66982523,2,0,0.006,-0.007,-0.007,0.0,0.0,0.0187,0.0,0.0,0.01,0.0,0.0,0.0,4975.0,0.0,0.0187
66987532,2,0,-0.002,-0.001,-0.009000000000000001,0.0,0.0,0.007,0.0,0.0,0.01,0.0,0.0,0.0,9984.0,0.0,0.007
66990495,2,0,0.004,-0.006,-0.006,0.0,0.0,0.0,0.0,0.0,0.01,0.0,0.0,0.0,12947.0,0.0,0.0
66995486,2,0,0.009000000000000001,-0.005,0.0,0.0,0.0,-0.0117,0.0,0.0,0.0099,0.0,0.0,0.0,17938.0,0.0,-0.0117
66997596,2,0,0.009000000000000001,-0.007,0.001,0.0,0.0,-0.016300000000000002,0.0,0.0,0.0099,0.0,0.0,0.0,20048.0,0.0,-0.016300000000000002
67002544,2,0,0.006,-0.026000000000000002,0.007,0.0,0.0,-0.028,0.0,0.0,0.0097,0.0,0.0,0.0,24996.0,0.0,-0.028
67005498,2,0,0.011,-0.038,0.007,0.0,0.0,-0.035,0.0,0.0,0.0095,0.0,0.0,0.0,0.0,0.0,-0.035
67010500,2,0,0.014,-0.084,0.003,0.0,0.0,-0.046700000000000005,0.0,0.0,0.0089,0.0,0.0,0.0,5002.0,0.0,-0.046700000000000005
67015509,2,0,0.009000000000000001,-0.124,-0.001,0.0,0.0,-0.058300000000000005,0.0,0.0,0.0081,0.0,0.0,0.0,10011.0,0.0,-0.058300000000000005
67017579,2,0,0.006,-0.14,-0.001,0.0,0.0,-0.063,0.0,0.0,0.0077,0.0,0.0,0.0,12081.0,0.0,-0.063
67022556,2,0,0.001,-0.178,-0.006,0.0,0.0,-0.0747,0.0,0.0,0.0068000000000000005,0.0,0.0,0.0,17058.0,0.0,-0.0747
67025510,2,0,-0.004,-0.191,-0.002,0.0,0.0,-0.08170000000000001,0.0,0.0,0.0063,0.0,0.0,0.0,20012.0,0.0,-0.08170000000000001
67029575,2,0,-0.008,-0.194,0.002,0.0,0.0,-0.091,0.0,0.0,0.0058000000000000005,0.0,0.0,0.0,24077.0,0.0,-0.091
67035521,2,0,-0.002,-0.189,0.008,0.0,0.0,-0.10500000000000001,0.0,0.0,0.0049,0.0,0.0,0.0,0.0,0.0,-0.10500000000000001
67037596,2,0,-0.002,-0.182,0.01,0.0,0.0,-0.1097,0.0,0.0,0.0045000000000000005,0.0,0.0,0.0,2075.0,0.0,-0.1097
67042570,2,0,0.005,-0.18,0.008,0.0,0.0,-0.1213,0.0,0.0,0.0036000000000000003,0.0,0.0,0.0,7049.0,0.0,-0.1213
67045525,2,0,0.014,-0.176,0.005,0.0,0.0,-0.1283,0.0,0.0,0.0031000000000000003,0.0,0.0,0.0,10004.0,0.0,-0.1283
67050536,2,0,0.019,-0.17200000000000001,0.007,0.0,0.0,-0.14,0.0,0.0,0.0026000000000000003,0.0,0.0,0.0,15015.0,0.0,-0.14
67052574,2,0,0.013000000000000001,-0.171,0.009000000000000001,0.0,0.0,-0.1447,0.0,0.0,0.0023,0.0,0.0,0.0,17053.0,0.0,-0.1447
67057607,2,0,0.011,-0.18,0.006,0.0,0.0,-0.1563,0.0,0.0,0.0016,0.0,0.0,0.0,22086.0,0.0,-0.1563
67062718,2,0,0.007,-0.202,-0.003,0.0,0.0,-0.168,0.0,0.0,0.0006000000000000001,0.0,0.0,0.0,0.0,0.0,-0.168
67065543,2,0,0.004,-0.209,-0.002,0.0,0.0,-0.17500000000000002,0.0,0.0,0.0,0.0,0.0,0.0,2825.0,0.0,-0.17500000000000002
67070544,2,0,0.001,-0.221,0.004,0.0,0.0,-0.17500000000000002,0.0,0.0,-0.0012000000000000001,0.0,0.0,0.0,7826.0,0.0,-0.17500000000000002
67072593,2,0,0.001,-0.233,-0.002,0.0,0.0,-0.17500000000000002,0.0,0.0,-0.0017000000000000001,0.0,0.0,0.0,9875.0,0.0,-0.17500000000000002
67077621,2,0,-0.008,-0.227,0.0,0.0,0.0,-0.17500000000000002,0.0,0.0,-0.0031000000000000003,0.0,0.0,0.0,14903.0,0.0,-0.17500000000000002
67082598,2,0,0.0,-0.234,0.004,0.0,0.0,-0.17500000000000002,0.0,0.0,-0.0043,0.0,0.0,0.0,19880.0,0.0,-0.17500000000000002
67085554,2,0,-0.002,-0.225,-0.004,0.0,0.0,-0.17500000000000002,0.0,0.0,-0.005,0.0,0.0,0.0,22836.0,0.0,-0.17500000000000002
67090558,2,0,0.002,-0.21,-0.009000000000000001,0.0,0.0,-0.17500000000000002,0.0,0.0,-0.0061,0.0,0.0,0.0,0.0,0.0,-0.17500000000000002
67092604,2,0,-0.001,-0.201,-0.004,0.0,0.0,-0.17500000000000002,0.0,0.0,-0.0066,0.0,0.0,0.0,2046.0,0.0,-0.17500000000000002
67097634,2,0,0.002,-0.169,0.003,0.0,0.0,-0.17500000000000002,0.0,0.0,-0.007500000000000001,0.0,0.0,0.0,7076.0,0.0,-0.17500000000000002
67102613,2,0,-0.011,-0.161,0.001,0.0,0.0,-0.17500000000000002,0.0,0.0,-0.0083,0.0,0.0,0.0,12055.0,0.0,-0.17500000000000002
67105566,2,0,-0.012,-0.145,0.006,0.0,0.0,-0.17500000000000002,0.0,0.0,-0.008700000000000001,0.0,0.0,0.0,15008.0,0.0,-0.17500000000000002
67110570,2,0,-0.01,-0.123,0.014,0.0,0.0,-0.17500000000000002,0.0,0.0,-0.0094,0.0,0.0,0.0,20012.0,0.0,-0.17500000000000002
67112618,2,0,-0.012,-0.127,0.009000000000000001,0.0,0.0,-0.17500000000000002,0.0,0.0,-0.0097,0.0,0.0,0.0,22060.0,0.0,-0.17500000000000002
67117646,2,0,-0.013000000000000001,-0.109,-0.001,0.0,0.0,-0.17500000000000002,0.0,0.0,-0.010400000000000001,0.0,0.0,0.0,0.0,0.0,-0.17500000000000002
67120578,2,0,-0.017,-0.113,0.004,0.0,0.0,-0.17500000000000002,0.0,0.0,-0.010700000000000001,0.0,0.0,0.0,2932.0,0.0,-0.17500000000000002
67125575,2,0,-0.01,-0.1,0.004,0.0,0.0,-0.17500000000000002,0.0,0.0,-0.0112,0.0,0.0,0.0,7929.0,0.0,-0.17500000000000002
67130584,2,0,-0.005,-0.096,-0.013000000000000001,0.0,0.0,-0.17500000000000002,0.0,0.0,-0.0117,0.0,0.0,0.0,12938.0,0.0,-0.17500000000000002
67132631,2,0,-0.009000000000000001,-0.089,-0.009000000000000001,0.0,0.0,-0.17500000000000002,0.0,0.0,-0.0119,0.0,0.0,0.0,14985.0,0.0,-0.17500000000000002
67137660,2,0,-0.021,-0.07,-0.005,0.0,0.0,-0.17500000000000002,0.0,0.0,-0.012100000000000001,0.0,0.0,0.0,20014.0,0.0,-0.17500000000000002
67140588,2,0,-0.017,-0.065,-0.009000000000000001,0.0,0.0,-0.17500000000000002,0.0,0.0,-0.0122,0.0,0.0,0.0,22942.0,0.0,-0.17500000000000002
67145593,2,0,-0.018000000000000002,-0.039,-0.005,0.0,0.0,-0.17500000000000002,0.0,0.0,-0.012100000000000001,0.0,0.0,0.0,0.0,0.0,-0.17500000000000002
67150598,2,0,-0.001,-0.024,0.005,0.0,0.0,-0.17500000000000002,0.0,0.0,-0.012100000000000001,0.0,0.0,0.0,5005.0,0.0,-0.17500000000000002
67152601,2,0,-0.001,-0.018000000000000002,0.001,0.0,0.0,-0.17500000000000002,0.0,0.0,-0.012,0.0,0.0,0.0,7008.0,0.0,-0.17500000000000002
67156605,2,0,-0.003,-0.019,-0.003,0.0,0.0,-0.17500000000000002,0.0,0.0,-0.012,0.0,0.0,0.0,11012.0,0.0,-0.17500000000000002
67161605,2,0,0.0,-0.017,0.006,0.0,0.0,-0.17500000000000002,0.0,0.0,-0.012,0.0,0.0,0.0,16012.0,0.0,-0.17500000000000002
67165612,2,0,0.009000000000000001,-0.027,-0.002,0.0,0.0,-0.17500000000000002,0.0,0.0,-0.012100000000000001,0.0,0.0,0.0,20019.0,0.0,-0.17500000000000002
67170611,2,0,0.002,-0.032,-0.005,0.0,0.0,-0.1633,0.0,0.0,-0.0123,0.0,0.0,0.0,25018.0,0.0,-0.1633
67172659,2,0,-0.004,-0.033,0.0,0.0,0.0,-0.1587,0.0,0.0,-0.012400000000000001,0.0,0.0,0.0,0.0,0.0,-0.1587
67177688,2,0,-0.012,-0.033,0.002,0.0,0.0,-0.14700000000000002,0.0,0.0,-0.0126,0.0,0.0,0.0,5029.0,0.0,-0.14700000000000002
67180617,2,0,-0.008,-0.029,0.003,0.0,0.0,-0.14,0.0,0.0,-0.0126,0.0,0.0,0.0,7958.0,0.0,-0.14
67185620,2,0,0.012,-0.027,0.007,0.0,0.0,-0.1283,0.0,0.0,-0.012700000000000001,0.0,0.0,0.0,12961.0,0.0,-0.1283
67190730,2,0,0.015,-0.008,-0.002,0.0,0.0,-0.11670000000000001,0.0,0.0,-0.0126,0.0,0.0,0.0,18071.0,0.0,-0.11670000000000001
67193625,2,0,0.013000000000000001,-0.004,-0.006,0.0,0.0,-0.1097,0.0,0.0,-0.0126,0.0,0.0,0.0,20966.0,0.0,-0.1097
67197700,2,0,0.012,0.006,-0.004,0.0,0.0,-0.1003,0.0,0.0,-0.0125,0.0,0.0,0.0,25041.0,0.0,-0.1003
67200631,2,0,0.019,0.01,-0.006,0.0,0.0,-0.09330000000000001,0.0,0.0,-0.0125,0.0,0.0,0.0,0.0,0.0,-0.09330000000000001
67205636,2,0,0.028,0.015,-0.008,0.0,0.0,-0.08170000000000001,0.0,0.0,-0.0125,0.0,0.0,0.0,5005.0,0.0,-0.08170000000000001
67210638,2,0,0.014,0.013000000000000001,-0.002,0.0,0.0,-0.07,0.0,0.0,-0.0125,0.0,0.0,0.0,10007.0,0.0,-0.07
67212679,2,0,0.008,0.012,0.001,0.0,0.0,-0.0653,0.0,0.0,-0.0125,0.0,0.0,0.0,12048.0,0.0,-0.0653
67217708,2,0,0.01,0.014,-0.002,0.0,0.0,-0.053700000000000005,0.0,0.0,-0.0125,0.0,0.0,0.0,17077.0,0.0,-0.053700000000000005
67220643,2,0,0.017,0.013000000000000001,0.002,0.0,0.0,-0.046700000000000005,0.0,0.0,-0.0125,0.0,0.0,0.0,20012.0,0.0,-0.046700000000000005
67225648,2,0,0.014,0.018000000000000002,0.004,0.0,0.0,-0.035,0.0,0.0,-0.012400000000000001,0.0,0.0,0.0,25017.0,0.0,-0.035
67230652,2,0,0.013000000000000001,0.016,0.003,0.0,0.0,-0.0233,0.0,0.0,-0.0123,0.0,0.0,0.0,0.0,0.0,-0.0233
67232736,2,0,0.011,0.013000000000000001,0.0,0.0,0.0,-0.0187,0.0,0.0,-0.0123,0.0,0.0,0.0,2084.0,0.0,-0.0187
67237770,2,0,0.014,0.017,-0.003,0.0,0.0,-0.007,0.0,0.0,-0.0122,0.0,0.0,0.0,7118.0,0.0,-0.007
67240662,2,0,0.021,0.024,-0.002,0.0,0.0,0.0,0.0,0.0,-0.012100000000000001,0.0,0.0,0.0,10010.0,0.0,0.0
67245661,2,0,0.011,0.033,-0.002,0.0,0.0,0.0117,0.0,0.0,-0.0118,0.0,0.0,0.0,15009.0,0.0,0.0117
67250665,2,0,-0.005,0.06,-0.001,0.0,0.0,0.0233,0.0,0.0,-0.011300000000000001,0.0,0.0,0.0,20013.0,0.0,0.0233
67252748,2,0,-0.007,0.078,-0.002,0.0,0.0,0.028,0.0,0.0,-0.011000000000000001,0.0,0.0,0.0,22096.0,0.0,0.028
67257809,2,0,0.001,0.114,0.001,0.0,0.0,0.0397,0.0,0.0,-0.0105,0.0,0.0,0.0,0.0,0.0,0.0397
67260673,2,0,0.004,0.15,0.004,0.0,0.0,0.046700000000000005,0.0,0.0,-0.01,0.0,0.0,0.0,2864.0,0.0,0.046700000000000005
67265678,2,0,-0.011,0.187,0.0,0.0,0.0,0.058300000000000005,0.0,0.0,-0.0089,0.0,0.0,0.0,7869.0,0.0,0.058300000000000005
67270675,2,0,-0.016,0.209,-0.004,0.0,0.0,0.07,0.0,0.0,-0.0077,0.0,0.0,0.0,12866.0,0.0,0.07
67272763,2,0,-0.014,0.215,0.001,0.0,0.0,0.0747,0.0,0.0,-0.007200000000000001,0.0,0.0,0.0,14954.0,0.0,0.0747
67277764,2,0,-0.002,0.20800000000000002,0.003,0.0,0.0,0.0863,0.0,0.0,-0.0063,0.0,0.0,0.0,19955.0,0.0,0.0863
67280633,2,0,-0.004,0.201,0.002,0.0,0.0,0.09330000000000001,0.0,0.0,-0.0059,0.0,0.0,0.0,22824.0,0.0,0.09330000000000001
67285570,2,0,-0.019,0.186,-0.008,0.0,0.0,0.10500000000000001,0.0,0.0,-0.0054,0.0,0.0,0.0,0.0,0.0,0.10500000000000001
67289573,2,0,-0.023,0.166,-0.008,0.0,0.0,0.1143,0.0,0.0,-0.0051,0.0,0.0,0.0,4003.0,0.0,0.1143
67294571,2,0,-0.013000000000000001,0.156,-0.013000000000000001,0.0,0.0,0.126,0.0,0.0,-0.0046,0.0,0.0,0.0,9001.0,0.0,0.126
67296577,2,0,-0.015,0.149,-0.011,0.0,0.0,0.1307,0.0,0.0,-0.0044,0.0,0.0,0.0,11007.0,0.0,0.1307
67301572,2,0,-0.011,0.157,0.004,0.0,0.0,0.1423,0.0,0.0,-0.0039000000000000003,0.0,0.0,0.0,16002.0,0.0,0.1423
67305753,2,0,-0.02,0.17,0.001,0.0,0.0,0.1517,0.0,0.0,-0.003,0.0,0.0,0.0,20183.0,0.0,0.1517
67310571,2,0,-0.018000000000000002,0.18,0.001,0.0,0.0,0.1633,0.0,0.0,-0.0022,0.0,0.0,0.0,25001.0,0.0,0.1633
67312571,2,0,-0.016,0.191,0.011,0.0,0.0,0.168,0.0,0.0,-0.0017000000000000001,0.0,0.0,0.0,0.0,0.0,0.168
67316743,2,0,-0.003,0.197,0.007,0.0,0.0,0.17500000000000002,0.0,0.0,-0.0006000000000000001,0.0,0.0,0.0,4172.0,0.0,0.17500000000000002
67321571,2,0,-0.014,0.20500000000000002,0.005,0.0,0.0,0.17500000000000002,0.0,0.0,0.00030000000000000003,0.0,0.0,0.0,9000.0,0.0,0.17500000000000002
67325571,2,0,-0.025,0.2,0.008,0.0,0.0,0.17500000000000002,0.0,0.0,0.0011,0.0,0.0,0.0,13000.0,0.0,0.17500000000000002
67329571,2,0,-0.009000000000000001,0.201,0.002,0.0,0.0,0.17500000000000002,0.0,0.0,0.002,0.0,0.0,0.0,17000.0,0.0,0.17500000000000002
67333595,2,0,-0.011,0.188,-0.005,0.0,0.0,0.17500000000000002,0.0,0.0,0.0029000000000000002,0.0,0.0,0.0,21024.0,0.0,0.17500000000000002
67337805,2,0,-0.004,0.188,-0.004,0.0,0.0,0.17500000000000002,0.0,0.0,0.004,0.0,0.0,0.0,25234.0,0.0,0.17500000000000002
67342574,2,0,-0.015,0.181,-0.018000000000000002,0.0,0.0,0.17500000000000002,0.0,0.0,0.0049,0.0,0.0,0.0,0.0,0.0,0.17500000000000002
67344762,2,0,-0.012,0.17300000000000001,-0.022,0.0,0.0,0.17500000000000002,0.0,0.0,0.0055000000000000005,0.0,0.0,0.0,2188.0,0.0,0.17500000000000002
67348763,2,0,-0.008,0.182,-0.009000000000000001,0.0,0.0,0.17500000000000002,0.0,0.0,0.0064,0.0,0.0,0.0,6189.0,0.0,0.17500000000000002
67353596,2,0,0.014,0.16,-0.006,0.0,0.0,0.17500000000000002,0.0,0.0,0.007200000000000001,0.0,0.0,0.0,11022.0,0.0,0.17500000000000002
67357810,2,0,0.007,0.159,-0.013000000000000001,0.0,0.0,0.17500000000000002,0.0,0.0,0.0081,0.0,0.0,0.0,15236.0,0.0,0.17500000000000002
67362575,2,0,0.014,0.133,-0.011,0.0,0.0,0.17500000000000002,0.0,0.0,0.008700000000000001,0.0,0.0,0.0,20001.0,0.0,0.17500000000000002
67364775,2,0,0.009000000000000001,0.126,-0.004,0.0,0.0,0.17500000000000002,0.0,0.0,0.0091,0.0,0.0,0.0,22201.0,0.0,0.17500000000000002
67369572,2,0,0.02,0.117,0.004,0.0,0.0,0.17500000000000002,0.0,0.0,0.0095,0.0,0.0,0.0,0.0,0.0,0.17500000000000002
67373808,2,0,0.009000000000000001,0.096,0.01,0.0,0.0,0.17500000000000002,0.0,0.0,0.01,0.0,0.0,0.0,4236.0,0.0,0.17500000000000002
67378572,2,0,0.014,0.085,0.018000000000000002,0.0,0.0,0.17500000000000002,0.0,0.0,0.0103,0.0,0.0,0.0,9000.0,0.0,0.17500000000000002
67380783,2,0,0.013000000000000001,0.075,0.02,0.0,0.0,0.17500000000000002,0.0,0.0,0.0106,0.0,0.0,0.0,11211.0,0.0,0.17500000000000002
67385571,2,0,0.007,0.07200000000000001,0.011,0.0,0.0,0.17500000000000002,0.0,0.0,0.0108,0.0,0.0,0.0,15999.0,0.0,0.17500000000000002
67389788,2,0,0.015,0.061,0.016,0.0,0.0,0.17500000000000002,0.0,0.0,0.0111,0.0,0.0,0.0,20216.0,0.0,0.17500000000000002
67393820,2,0,0.024,0.058,-0.002,0.0,0.0,0.17500000000000002,0.0,0.0,0.011300000000000001,0.0,0.0,0.0,24248.0,0.0,0.17500000000000002
67396572,2,0,0.026000000000000002,0.056,-0.005,0.0,0.0,0.17500000000000002,0.0,0.0,0.0114,0.0,0.0,0.0,0.0,0.0,0.17500000000000002
67400802,2,0,0.021,0.053,-0.005,0.0,0.0,0.17500000000000002,0.0,0.0,0.0117,0.0,0.0,0.0,4230.0,0.0,0.17500000000000002
67405577,2,0,0.02,0.039,-0.009000000000000001,0.0,0.0,0.17500000000000002,0.0,0.0,0.0118,0.0,0.0,0.0,9005.0,0.0,0.17500000000000002
67410574,2,0,0.018000000000000002,0.039,-0.017,0.0,0.0,0.17500000000000002,0.0,0.0,0.012,0.0,0.0,0.0,14002.0,0.0,0.17500000000000002
67412575,2,0,0.017,0.037,-0.015,0.0,0.0,0.17500000000000002,0.0,0.0,0.012,0.0,0.0,0.0,16003.0,0.0,0.17500000000000002
67416588,2,0,0.013000000000000001,0.027,-0.005,0.0,0.0,0.17270000000000002,0.0,0.0,0.012100000000000001,0.0,0.0,0.0,20016.0,0.0,0.17270000000000002
67420811,2,0,0.008,0.023,-0.006,0.0,0.0,0.1633,0.0,0.0,0.0122,0.0,0.0,0.0,24239.0,0.0,0.1633
67425577,2,0,0.006,0.007,0.0,0.0,0.0,0.1517,0.0,0.0,0.0123,0.0,0.0,0.0,0.0,0.0,0.1517
67429811,2,0,0.003,0.001,0.01,0.0,0.0,0.1423,0.0,0.0,0.0123,0.0,0.0,0.0,4234.0,0.0,0.1423
67433835,2,0,0.005,-0.006,0.004,0.0,0.0,0.133,0.0,0.0,0.0123,0.0,0.0,0.0,8258.0,0.0,0.133
67436578,2,0,0.003,-0.012,-0.001,0.0,0.0,0.126,0.0,0.0,0.0123,0.0,0.0,0.0,11001.0,0.0,0.126
67440821,2,0,0.001,-0.014,0.011,0.0,0.0,0.11670000000000001,0.0,0.0,0.0122,0.0,0.0,0.0,15244.0,0.0,0.11670000000000001
67445577,2,0,-0.004,-0.022,0.01,0.0,0.0,0.10500000000000001,0.0,0.0,0.0122,0.0,0.0,0.0,20000.0,0.0,0.10500000000000001
67449812,2,0,-0.003,-0.028,0.0,0.0,0.0,0.09570000000000001,0.0,0.0,0.0122,0.0,0.0,0.0,24235.0,0.0,0.09570000000000001
67452571,2,0,-0.006,-0.029,0.004,0.0,0.0,0.0887,0.0,0.0,0.0122,0.0,0.0,0.0,0.0,0.0,0.0887
67456812,2,0,-0.016,-0.03,-0.004,0.0,0.0,0.07930000000000001,0.0,0.0,0.0122,0.0,0.0,0.0,4241.0,0.0,0.07930000000000001
67461812,2,0,-0.017,-0.03,-0.006,0.0,0.0,0.06770000000000001,0.0,0.0,0.012100000000000001,0.0,0.0,0.0,9241.0,0.0,0.06770000000000001
67464578,2,0,-0.015,-0.033,-0.005,0.0,0.0,0.060700000000000004,0.0,0.0,0.012100000000000001,0.0,0.0,0.0,12007.0,0.0,0.060700000000000004
67468809,2,0,-0.015,-0.033,-0.005,0.0,0.0,0.051300000000000005,0.0,0.0,0.012,0.0,0.0,0.0,16238.0,0.0,0.051300000000000005
67472815,2,0,-0.012,-0.038,-0.007,0.0,0.0,0.042,0.0,0.0,0.0119,0.0,0.0,0.0,20244.0,0.0,0.042
67478575,2,0,-0.016,-0.041,-0.003,0.0,0.0,0.028,0.0,0.0,0.0117,0.0,0.0,0.0,26004.0,0.0,0.028
67480577,2,0,-0.017,-0.04,-0.001,0.0,0.0,0.0233,0.0,0.0,0.011600000000000001,0.0,0.0,0.0,0.0,0.0,0.0233
67485576,2,0,-0.019,-0.042,-0.002,0.0,0.0,0.0117,0.0,0.0,0.0114,0.0,0.0,0.0,4999.0,0.0,0.0117
67490578,2,0,-0.018000000000000002,-0.039,0.005,0.0,0.0,0.0,0.0,0.0,0.0112,0.0,0.0,0.0,10001.0,0.0,0.0
67492829,2,0,-0.017,-0.05,0.006,0.0,0.0,-0.0047,0.0,0.0,0.011000000000000001,0.0,0.0,0.0,12252.0,0.0,-0.0047
67497836,2,0,-0.013000000000000001,-0.06,0.006,0.0,0.0,-0.016300000000000002,0.0,0.0,0.0106,0.0,0.0,0.0,17259.0,0.0,-0.016300000000000002
67500577,2,0,-0.016,-0.069,0.005,0.0,0.0,-0.0233,0.0,0.0,0.010400000000000001,0.0,0.0,0.0,20000.0,0.0,-0.0233
67505576,2,0,-0.007,-0.10300000000000001,0.006,0.0,0.0,-0.035,0.0,0.0,0.0098,0.0,0.0,0.0,24999.0,0.0,-0.035
67510574,2,0,-0.01,-0.134,0.003,0.0,0.0,-0.046700000000000005,0.0,0.0,0.009000000000000001,0.0,0.0,0.0,0.0,0.0,-0.046700000000000005
67512841,2,0,-0.009000000000000001,-0.164,-0.002,0.0,0.0,-0.051300000000000005,0.0,0.0,0.0082,0.0,0.0,0.0,2267.0,0.0,-0.051300000000000005
67517846,2,0,-0.016,-0.188,-0.007,0.0,0.0,-0.063,0.0,0.0,0.007,0.0,0.0,0.0,7272.0,0.0,-0.063
67520571,2,0,-0.015,-0.195,-0.007,0.0,0.0,-0.07,0.0,0.0,0.0066,0.0,0.0,0.0,9997.0,0.0,-0.07
67525572,2,0,-0.011,-0.211,0.001,0.0,0.0,-0.08170000000000001,0.0,0.0,0.0057,0.0,0.0,0.0,14998.0,0.0,-0.08170000000000001
67530572,2,0,-0.007,-0.20600000000000002,0.001,0.0,0.0,-0.09330000000000001,0.0,0.0,0.005,0.0,0.0,0.0,19998.0,0.0,-0.09330000000000001
67532858,2,0,-0.004,-0.2,0.003,0.0,0.0,-0.098,0.0,0.0,0.0046,0.0,0.0,0.0,22284.0,0.0,-0.098
67537859,2,0,0.01,-0.186,0.009000000000000001,0.0,0.0,-0.1097,0.0,0.0,0.004,0.0,0.0,0.0,0.0,0.0,-0.1097
67540582,2,0,0.006,-0.18,0.007,0.0,0.0,-0.11670000000000001,0.0,0.0,0.0038,0.0,0.0,0.0,2723.0,0.0,-0.11670000000000001
67544819,2,0,0.013000000000000001,-0.189,0.002,0.0,0.0,-0.126,0.0,0.0,0.0033,0.0,0.0,0.0,6960.0,0.0,-0.126
67549571,2,0,0.023,-0.184,0.0,0.0,0.0,-0.13770000000000002,0.0,0.0,0.0027,0.0,0.0,0.0,11712.0,0.0,-0.13770000000000002
67553595,2,0,0.019,-0.188,0.002,0.0,0.0,-0.14700000000000002,0.0,0.0,0.002,0.0,0.0,0.0,15736.0,0.0,-0.14700000000000002
67557875,2,0,0.015,-0.20600000000000002,0.001,0.0,0.0,-0.1563,0.0,0.0,0.0011,0.0,0.0,0.0,20016.0,0.0,-0.1563
67560572,2,0,0.011,-0.212,0.001,0.0,0.0,-0.1633,0.0,0.0,0.0007,0.0,0.0,0.0,22713.0,0.0,-0.1633
67565573,2,0,0.018000000000000002,-0.223,-0.001,0.0,0.0,-0.17500000000000002,0.0,0.0,-0.0005,0.0,0.0,0.0,0.0,0.0,-0.17500000000000002
67570571,2,0,0.018000000000000002,-0.23800000000000002,0.008,0.0,0.0,-0.17500000000000002,0.0,0.0,-0.0017000000000000001,0.0,0.0,0.0,4998.0,0.0,-0.17500000000000002
67572571,2,0,0.015,-0.242,0.007,0.0,0.0,-0.17500000000000002,0.0,0.0,-0.0022,0.0,0.0,0.0,6998.0,0.0,-0.17500000000000002
67576571,2,0,0.011,-0.242,0.0,0.0,0.0,-0.17500000000000002,0.0,0.0,-0.0032,0.0,0.0,0.0,10998.0,0.0,-0.17500000000000002
67580844,2,0,0.01,-0.23600000000000002,0.002,0.0,0.0,-0.17500000000000002,0.0,0.0,-0.0044,0.0,0.0,0.0,15271.0,0.0,-0.17500000000000002
67585572,2,0,0.016,-0.231,-0.001,0.0,0.0,-0.17500000000000002,0.0,0.0,-0.0054,0.0,0.0,0.0,19999.0,0.0,-0.17500000000000002
67590572,2,0,0.014,-0.218,-0.001,0.0,0.0,-0.17500000000000002,0.0,0.0,-0.006500000000000001,0.0,0.0,0.0,24999.0,0.0,-0.17500000000000002
67592898,2,0,0.012,-0.20800000000000002,-0.004,0.0,0.0,-0.17500000000000002,0.0,0.0,-0.007200000000000001,0.0,0.0,0.0,0.0,0.0,-0.17500000000000002
67597571,2,0,0.003,-0.184,0.001,0.0,0.0,-0.17500000000000002,0.0,0.0,-0.008,0.0,0.0,0.0,4673.0,0.0,-0.17500000000000002
67601858,2,0,0.001,-0.177,0.004,0.0,0.0,-0.17500000000000002,0.0,0.0,-0.0089,0.0,0.0,0.0,8960.0,0.0,-0.17500000000000002
67606571,2,0,-0.002,-0.17200000000000001,0.009000000000000001,0.0,0.0,-0.17500000000000002,0.0,0.0,-0.0095,0.0,0.0,0.0,13673.0,0.0,-0.17500000000000002
67608572,2,0,-0.002,-0.154,0.006,0.0,0.0,-0.17500000000000002,0.0,0.0,-0.01,0.0,0.0,0.0,15674.0,0.0,-0.17500000000000002
67612911,2,0,-0.012,-0.14300000000000002,0.0,0.0,0.0,-0.17500000000000002,0.0,0.0,-0.0108,0.0,0.0,0.0,20013.0,0.0,-0.17500000000000002
67617914,2,0,-0.012,-0.135,-0.006,0.0,0.0,-0.17500000000000002,0.0,0.0,-0.0115,0.0,0.0,0.0,25016.0,0.0,-0.17500000000000002
67620571,2,0,-0.012,-0.128,-0.006,0.0,0.0,-0.17500000000000002,0.0,0.0,-0.0118,0.0,0.0,0.0,0.0,0.0,-0.17500000000000002
67625571,2,0,0.001,-0.11900000000000001,-0.006,0.0,0.0,-0.17500000000000002,0.0,0.0,-0.012400000000000001,0.0,0.0,0.0,5000.0,0.0,-0.17500000000000002
67629571,2,0,-0.004,-0.116,-0.007,0.0,0.0,-0.17500000000000002,0.0,0.0,-0.0129,0.0,0.0,0.0,9000.0,0.0,-0.17500000000000002
67633593,2,0,-0.01,-0.109,-0.012,0.0,0.0,-0.17500000000000002,0.0,0.0,-0.013300000000000001,0.0,0.0,0.0,13022.0,0.0,-0.17500000000000002
67638571,2,0,-0.023,-0.089,-0.003,0.0,0.0,-0.17500000000000002,0.0,0.0,-0.013600000000000001,0.0,0.0,0.0,18000.0,0.0,-0.17500000000000002
67640573,2,0,-0.022,-0.084,-0.001,0.0,0.0,-0.17500000000000002,0.0,0.0,-0.0137,0.0,0.0,0.0,20002.0,0.0,-0.17500000000000002
67645534,2,0,-0.02,-0.07,0.002,0.0,0.0,-0.17500000000000002,0.0,0.0,-0.013900000000000001,0.0,0.0,0.0,24963.0,0.0,-0.17500000000000002
67649534,2,0,-0.015,-0.058,0.007,0.0,0.0,-0.17500000000000002,0.0,0.0,-0.013900000000000001,0.0,0.0,0.0,0.0,0.0,-0.17500000000000002
67653595,2,0,-0.017,-0.047,0.007,0.0,0.0,-0.17500000000000002,0.0,0.0,-0.014,0.0,0.0,0.0,4061.0,0.0,-0.17500000000000002
67657980,2,0,-0.019,-0.045,0.003,0.0,0.0,-0.17500000000000002,0.0,0.0,-0.014100000000000001,0.0,0.0,0.0,8446.0,0.0,-0.17500000000000002
67660571,2,0,-0.021,-0.043000000000000003,0.006,0.0,0.0,-0.17500000000000002,0.0,0.0,-0.014100000000000001,0.0,0.0,0.0,11037.0,0.0,-0.17500000000000002
67664900,2,0,-0.004,-0.049,0.006,0.0,0.0,-0.17500000000000002,0.0,0.0,-0.0143,0.0,0.0,0.0,15366.0,0.0,-0.17500000000000002
67668940,2,0,-0.002,-0.057,-0.005,0.0,0.0,-0.168,0.0,0.0,-0.0145,0.0,0.0,0.0,19406.0,0.0,-0.168
67673595,2,0,-0.016,-0.055,-0.003,0.0,0.0,-0.1563,0.0,0.0,-0.014700000000000001,0.0,0.0,0.0,24061.0,0.0,-0.1563
67677955,2,0,-0.02,-0.049,-0.002,0.0,0.0,-0.14700000000000002,0.0,0.0,-0.0149,0.0,0.0,0.0,0.0,0.0,-0.14700000000000002
67680571,2,0,-0.016,-0.047,0.001,0.0,0.0,-0.14,0.0,0.0,-0.015000000000000001,0.0,0.0,0.0,2616.0,0.0,-0.14
67685533,2,0,0.004,-0.039,0.002,0.0,0.0,-0.1283,0.0,0.0,-0.0151,0.0,0.0,0.0,7578.0,0.0,-0.1283
67689571,2,0,0.002,-0.027,0.005,0.0,0.0,-0.11900000000000001,0.0,0.0,-0.0151,0.0,0.0,0.0,11616.0,0.0,-0.11900000000000001
67693961,2,0,0.005,-0.016,-0.003,0.0,0.0,-0.1097,0.0,0.0,-0.0151,0.0,0.0,0.0,16006.0,0.0,-0.1097
67698534,2,0,0.014,-0.013000000000000001,-0.006,0.0,0.0,-0.098,0.0,0.0,-0.0151,0.0,0.0,0.0,20579.0,0.0,-0.098
67700571,2,0,0.018000000000000002,-0.007,-0.004,0.0,0.0,-0.09330000000000001,0.0,0.0,-0.0152,0.0,0.0,0.0,22616.0,0.0,-0.09330000000000001
67704928,2,0,0.019,-0.002,-0.001,0.0,0.0,-0.084,0.0,0.0,-0.015300000000000001,0.0,0.0,0.0,0.0,0.0,-0.084
67708970,2,0,0.011,-0.002,-0.004,0.0,0.0,-0.0747,0.0,0.0,-0.015300000000000001,0.0,0.0,0.0,4042.0,0.0,-0.0747
67713017,2,0,0.004,-0.003,-0.001,0.0,0.0,-0.0653,0.0,0.0,-0.0154,0.0,0.0,0.0,8089.0,0.0,-0.0653
67717571,2,0,0.009000000000000001,-0.001,0.004,0.0,0.0,-0.053700000000000005,0.0,0.0,-0.0155,0.0,0.0,0.0,12643.0,0.0,-0.053700000000000005
67721977,2,0,0.019,0.005,0.006,0.0,0.0,-0.0443,0.0,0.0,-0.0155,0.0,0.0,0.0,17049.0,0.0,-0.0443
67725980,2,0,0.014,0.007,0.004,0.0,0.0,-0.035,0.0,0.0,-0.0155,0.0,0.0,0.0,21052.0,0.0,-0.035
67730571,2,0,0.016,0.005,0.0,0.0,0.0,-0.0233,0.0,0.0,-0.0155,0.0,0.0,0.0,25643.0,0.0,-0.0233
67732994,2,0,0.017,0.004,-0.005,0.0,0.0,-0.0187,0.0,0.0,-0.0155,0.0,0.0,0.0,0.0,0.0,-0.0187
67737532,2,0,0.02,0.009000000000000001,-0.011,0.0,0.0,-0.007,0.0,0.0,-0.0155,0.0,0.0,0.0,4538.0,0.0,-0.007
67741534,2,0,0.019,0.02,-0.007,0.0,0.0,0.0023,0.0,0.0,-0.0154,0.0,0.0,0.0,8540.0,0.0,0.0023
67745571,2,0,0.013000000000000001,0.032,-0.002,0.0,0.0,0.0117,0.0,0.0,-0.0152,0.0,0.0,0.0,12577.0,0.0,0.0117
67750534,2,0,0.004,0.062,-0.01,0.0,0.0,0.0233,0.0,0.0,-0.0146,0.0,0.0,0.0,17540.0,0.0,0.0233
67754534,2,0,0.007,0.099,-0.001,0.0,0.0,0.0327,0.0,0.0,-0.014100000000000001,0.0,0.0,0.0,21540.0,0.0,0.0327
67756572,2,0,0.009000000000000001,0.113,0.002,0.0,0.0,0.0373,0.0,0.0,-0.013900000000000001,0.0,0.0,0.0,23578.0,0.0,0.0373
67761005,2,0,0.008,0.161,0.007,0.0,0.0,0.046700000000000005,0.0,0.0,-0.0131,0.0,0.0,0.0,0.0,0.0,0.046700000000000005
67765535,2,0,0.001,0.193,0.001,0.0,0.0,0.058300000000000005,0.0,0.0,-0.012,0.0,0.0,0.0,4530.0,0.0,0.058300000000000005
67770010,2,0,-0.002,0.212,-0.007,0.0,0.0,0.06770000000000001,0.0,0.0,-0.0108,0.0,0.0,0.0,9005.0,0.0,0.06770000000000001
67774058,2,0,0.007,0.218,-0.002,0.0,0.0,0.077,0.0,0.0,-0.01,0.0,0.0,0.0,13053.0,0.0,0.077
67779016,2,0,0.007,0.203,-0.006,0.0,0.0,0.0887,0.0,0.0,-0.0092,0.0,0.0,0.0,18011.0,0.0,0.0887
67781571,2,0,0.002,0.198,-0.008,0.0,0.0,0.09570000000000001,0.0,0.0,-0.0089,0.0,0.0,0.0,20566.0,0.0,0.09570000000000001
67786023,2,0,-0.013000000000000001,0.17200000000000001,-0.009000000000000001,0.0,0.0,0.10500000000000001,0.0,0.0,-0.008400000000000001,0.0,0.0,0.0,25018.0,0.0,0.10500000000000001
67790572,2,0,-0.009000000000000001,0.161,-0.015,0.0,0.0,0.11670000000000001,0.0,0.0,-0.008,0.0,0.0,0.0,0.0,0.0,0.11670000000000001
67793033,2,0,-0.005,0.158,-0.015,0.0,0.0,0.1213,0.0,0.0,-0.0077,0.0,0.0,0.0,2461.0,0.0,0.1213
67797571,2,0,-0.002,0.14400000000000002,-0.002,0.0,0.0,0.133,0.0,0.0,-0.007200000000000001,0.0,0.0,0.0,6999.0,0.0,0.133
67802533,2,0,-0.014,0.169,-0.002,0.0,0.0,0.1447,0.0,0.0,-0.0066,0.0,0.0,0.0,11961.0,0.0,0.1447
67806534,2,0,-0.025,0.171,-0.003,0.0,0.0,0.154,0.0,0.0,-0.0058000000000000005,0.0,0.0,0.0,15962.0,0.0,0.154
67810571,2,0,-0.015,0.186,0.012,0.0,0.0,0.1633,0.0,0.0,-0.0049,0.0,0.0,0.0,19999.0,0.0,0.1633
67812571,2,0,-0.011,0.191,0.018000000000000002,0.0,0.0,0.168,0.0,0.0,-0.0044,0.0,0.0,0.0,21999.0,0.0,0.168
67817043,2,0,-0.008,0.198,0.01,0.0,0.0,0.17500000000000002,0.0,0.0,-0.0033,0.0,0.0,0.0,0.0,0.0,0.17500000000000002
67821045,2,0,-0.02,0.202,0.009000000000000001,0.0,0.0,0.17500000000000002,0.0,0.0,-0.0024000000000000002,0.0,0.0,0.0,4002.0,0.0,0.17500000000000002
67825530,2,0,-0.024,0.20400000000000001,0.016,0.0,0.0,0.17500000000000002,0.0,0.0,-0.0015,0.0,0.0,0.0,8487.0,0.0,0.17500000000000002
67829531,2,0,-0.009000000000000001,0.193,0.004,0.0,0.0,0.17500000000000002,0.0,0.0,-0.0006000000000000001,0.0,0.0,0.0,12488.0,0.0,0.17500000000000002
67834054,2,0,-0.015,0.181,0.001,0.0,0.0,0.17500000000000002,0.0,0.0,0.0004,0.0,0.0,0.0,17011.0,0.0,0.17500000000000002
67838106,2,0,-0.02,0.185,-0.003,0.0,0.0,0.17500000000000002,0.0,0.0,0.0013000000000000002,0.0,0.0,0.0,21063.0,0.0,0.17500000000000002
67842532,2,0,-0.022,0.17,-0.021,0.0,0.0,0.17500000000000002,0.0,0.0,0.0021000000000000003,0.0,0.0,0.0,25489.0,0.0,0.17500000000000002
67846534,2,0,-0.013000000000000001,0.167,-0.015,0.0,0.0,0.17500000000000002,0.0,0.0,0.0029000000000000002,0.0,0.0,0.0,0.0,0.0,0.17500000000000002
67851067,2,0,0.003,0.161,-0.008,0.0,0.0,0.17500000000000002,0.0,0.0,0.0039000000000000003,0.0,0.0,0.0,4533.0,0.0,0.17500000000000002
67853116,2,0,0.006,0.151,-0.009000000000000001,0.0,0.0,0.17500000000000002,0.0,0.0,0.004200000000000001,0.0,0.0,0.0,6582.0,0.0,0.17500000000000002
67858119,2,0,0.002,0.145,-0.013000000000000001,0.0,0.0,0.17500000000000002,0.0,0.0,0.0051,0.0,0.0,0.0,11585.0,0.0,0.17500000000000002
67862607,2,0,0.005,0.127,-0.011,0.0,0.0,0.17500000000000002,0.0,0.0,0.0055000000000000005,0.0,0.0,0.0,16073.0,0.0,0.17500000000000002
67865077,2,0,0.003,0.121,0.002,0.0,0.0,0.17500000000000002,0.0,0.0,0.006,0.0,0.0,0.0,18543.0,0.0,0.17500000000000002
67869079,2,0,0.008,0.106,0.006,0.0,0.0,0.17500000000000002,0.0,0.0,0.0064,0.0,0.0,0.0,22545.0,0.0,0.17500000000000002
67873089,2,0,0.005,0.094,0.014,0.0,0.0,0.17500000000000002,0.0,0.0,0.0067,0.0,0.0,0.0,0.0,0.0,0.17500000000000002
67877531,2,0,0.003,0.088,0.025,0.0,0.0,0.17500000000000002,0.0,0.0,0.0071,0.0,0.0,0.0,4442.0,0.0,0.17500000000000002
67881532,2,0,0.004,0.07,0.021,0.0,0.0,0.17500000000000002,0.0,0.0,0.0074,0.0,0.0,0.0,8443.0,0.0,0.17500000000000002
67886090,2,0,0.019,0.073,0.017,0.0,0.0,0.17500000000000002,0.0,0.0,0.0077,0.0,0.0,0.0,13001.0,0.0,0.17500000000000002
67890532,2,0,0.024,0.069,0.014,0.0,0.0,0.17500000000000002,0.0,0.0,0.0079,0.0,0.0,0.0,17443.0,0.0,0.17500000000000002
67893142,2,0,0.021,0.065,0.003,0.0,0.0,0.17500000000000002,0.0,0.0,0.0081,0.0,0.0,0.0,20053.0,0.0,0.17500000000000002
67897532,2,0,0.022,0.055,-0.01,0.0,0.0,0.17500000000000002,0.0,0.0,0.0083,0.0,0.0,0.0,24443.0,0.0,0.17500000000000002
67902105,2,0,0.03,0.052000000000000005,-0.011,0.0,0.0,0.17500000000000002,0.0,0.0,0.0085,0.0,0.0,0.0,0.0,0.0,0.17500000000000002
67906107,2,0,0.023,0.047,-0.021,0.0,0.0,0.17500000000000002,0.0,0.0,0.008700000000000001,0.0,0.0,0.0,4002.0,0.0,0.17500000000000002
67910533,2,0,0.019,0.048,-0.016,0.0,0.0,0.17500000000000002,0.0,0.0,0.0088,0.0,0.0,0.0,8428.0,0.0,0.17500000000000002
67915113,2,0,0.015,0.04,-0.003,0.0,0.0,0.17500000000000002,0.0,0.0,0.009000000000000001,0.0,0.0,0.0,13008.0,0.0,0.17500000000000002
67917113,2,0,0.016,0.036000000000000004,-0.002,0.0,0.0,0.1703,0.0,0.0,0.0091,0.0,0.0,0.0,15008.0,0.0,0.1703
67921533,2,0,0.021,0.025,-0.008,0.0,0.0,0.161,0.0,0.0,0.0092,0.0,0.0,0.0,19428.0,0.0,0.161
67926572,2,0,0.015,0.014,0.003,0.0,0.0,0.14930000000000002,0.0,0.0,0.0092,0.0,0.0,0.0,24467.0,0.0,0.14930000000000002
67929122,2,0,0.013000000000000001,0.006,0.005,0.0,0.0,0.1423,0.0,0.0,0.0092,0.0,0.0,0.0,0.0,0.0,0.1423
67933170,2,0,0.016,-0.006,0.0,0.0,0.0,0.133,0.0,0.0,0.0092,0.0,0.0,0.0,4048.0,0.0,0.133
67938176,2,0,0.009000000000000001,-0.011,0.009000000000000001,0.0,0.0,0.1213,0.0,0.0,0.0091,0.0,0.0,0.0,9054.0,0.0,0.1213
67943177,2,0,0.004,-0.017,0.012,0.0,0.0,0.1097,0.0,0.0,0.0091,0.0,0.0,0.0,14055.0,0.0,0.1097
67945529,2,0,0.007,-0.019,0.009000000000000001,0.0,0.0,0.10500000000000001,0.0,0.0,0.0092,0.0,0.0,0.0,16407.0,0.0,0.10500000000000001
67949530,2,0,0.005,-0.017,0.004,0.0,0.0,0.09570000000000001,0.0,0.0,0.0092,0.0,0.0,0.0,20408.0,0.0,0.09570000000000001
67954139,2,0,-0.004,-0.024,0.004,0.0,0.0,0.084,0.0,0.0,0.009300000000000001,0.0,0.0,0.0,25017.0,0.0,0.084
67958572,2,0,-0.007,-0.022,0.001,0.0,0.0,0.0747,0.0,0.0,0.009300000000000001,0.0,0.0,0.0,0.0,0.0,0.0747
67961145,2,0,-0.011,-0.021,-0.007,0.0,0.0,0.06770000000000001,0.0,0.0,0.0092,0.0,0.0,0.0,2573.0,0.0,0.06770000000000001
67965532,2,0,-0.009000000000000001,-0.024,-0.006,0.0,0.0,0.058300000000000005,0.0,0.0,0.0092,0.0,0.0,0.0,6960.0,0.0,0.058300000000000005
67970152,2,0,-0.018000000000000002,-0.032,-0.009000000000000001,0.0,0.0,0.046700000000000005,0.0,0.0,0.0092,0.0,0.0,0.0,11580.0,0.0,0.046700000000000005
67974156,2,0,-0.013000000000000001,-0.037,-0.01,0.0,0.0,0.0373,0.0,0.0,0.0091,0.0,0.0,0.0,15584.0,0.0,0.0373
67978202,2,0,-0.019,-0.035,-0.002,0.0,0.0,0.028,0.0,0.0,0.009000000000000001,0.0,0.0,0.0,19630.0,0.0,0.028
67982532,2,0,-0.024,-0.036000000000000004,-0.003,0.0,0.0,0.0187,0.0,0.0,0.0088,0.0,0.0,0.0,23960.0,0.0,0.0187
67985162,2,0,-0.023,-0.033,0.0,0.0,0.0,0.0117,0.0,0.0,0.008700000000000001,0.0,0.0,0.0,0.0,0.0,0.0117
67989165,2,0,-0.023,-0.039,0.001,0.0,0.0,0.0023,0.0,0.0,0.0086,0.0,0.0,0.0,4003.0,0.0,0.0023
67993529,2,0,-0.02,-0.053,0.007,0.0,0.0,-0.007,0.0,0.0,0.008400000000000001,0.0,0.0,0.0,8367.0,0.0,-0.007
67998218,2,0,-0.019,-0.062,0.007,0.0,0.0,-0.0187,0.0,0.0,0.0079,0.0,0.0,0.0,13056.0,0.0,-0.0187
68002531,2,0,-0.021,-0.08600000000000001,0.007,0.0,0.0,-0.028,0.0,0.0,0.007500000000000001,0.0,0.0,0.0,17369.0,0.0,-0.028
68007177,2,0,-0.01,-0.125,-0.001,0.0,0.0,-0.0397,0.0,0.0,0.0066,0.0,0.0,0.0,22015.0,0.0,-0.0397
68009179,2,0,-0.011,-0.138,-0.005,0.0,0.0,-0.0443,0.0,0.0,0.006200000000000001,0.0,0.0,0.0,24017.0,0.0,-0.0443
68013228,2,0,-0.019,-0.17200000000000001,-0.001,0.0,0.0,-0.053700000000000005,0.0,0.0,0.0054,0.0,0.0,0.0,0.0,0.0,-0.053700000000000005
68018230,2,0,-0.028,-0.196,0.0,0.0,0.0,-0.0653,0.0,0.0,0.004200000000000001,0.0,0.0,0.0,5002.0,0.0,-0.0653
68022572,2,0,-0.026000000000000002,-0.20700000000000002,-0.002,0.0,0.0,-0.0747,0.0,0.0,0.0036000000000000003,0.0,0.0,0.0,9344.0,0.0,-0.0747
68025189,2,0,-0.023,-0.214,0.003,0.0,0.0,-0.08170000000000001,0.0,0.0,0.0029000000000000002,0.0,0.0,0.0,11961.0,0.0,-0.08170000000000001
68029192,2,0,-0.019,-0.20600000000000002,0.004,0.0,0.0,-0.091,0.0,0.0,0.0023,0.0,0.0,0.0,15964.0,0.0,-0.091
68034197,2,0,-0.007,-0.191,0.01,0.0,0.0,-0.1027,0.0,0.0,0.0017000000000000001,0.0,0.0,0.0,20969.0,0.0,-0.1027
68038247,2,0,-0.004,-0.17300000000000001,0.008,0.0,0.0,-0.112,0.0,0.0,0.001,0.0,0.0,0.0,25019.0,0.0,-0.112
68042531,2,0,0.003,-0.17400000000000002,-0.001,0.0,0.0,-0.1213,0.0,0.0,0.0005,0.0,0.0,0.0,0.0,0.0,-0.1213
68047205,2,0,0.016,-0.178,0.003,0.0,0.0,-0.133,0.0,0.0,-0.0002,0.0,0.0,0.0,4674.0,0.0,-0.133
68049532,2,0,0.014,-0.17400000000000002,0.0,0.0,0.0,-0.13770000000000002,0.0,0.0,-0.0004,0.0,0.0,0.0,7001.0,0.0,-0.13770000000000002
68054572,2,0,0.016,-0.179,-0.003,0.0,0.0,-0.14930000000000002,0.0,0.0,-0.0011,0.0,0.0,0.0,12041.0,0.0,-0.14930000000000002
68057212,2,0,0.008,-0.192,0.0,0.0,0.0,-0.1563,0.0,0.0,-0.0018000000000000002,0.0,0.0,0.0,14681.0,0.0,-0.1563
68061528,2,0,0.012,-0.20800000000000002,0.005,0.0,0.0,-0.16570000000000001,0.0,0.0,-0.0026000000000000003,0.0,0.0,0.0,18997.0,0.0,-0.16570000000000001
68065528,2,0,0.017,-0.224,0.001,0.0,0.0,-0.17500000000000002,0.0,0.0,-0.0036000000000000003,0.0,0.0,0.0,22997.0,0.0,-0.17500000000000002
68069530,2,0,0.018000000000000002,-0.229,0.006,0.0,0.0,-0.17500000000000002,0.0,0.0,-0.0046,0.0,0.0,0.0,0.0,0.0,-0.17500000000000002
68074225,2,0,0.014,-0.242,0.003,0.0,0.0,-0.17500000000000002,0.0,0.0,-0.0059,0.0,0.0,0.0,4695.0,0.0,-0.17500000000000002
68078273,2,0,0.019,-0.233,0.001,0.0,0.0,-0.17500000000000002,0.0,0.0,-0.006900000000000001,0.0,0.0,0.0,8743.0,0.0,-0.17500000000000002
68082530,2,0,0.025,-0.233,-0.005,0.0,0.0,-0.17500000000000002,0.0,0.0,-0.0078000000000000005,0.0,0.0,0.0,13000.0,0.0,-0.17500000000000002
68086573,2,0,0.031,-0.224,0.002,0.0,0.0,-0.17500000000000002,0.0,0.0,-0.0085,0.0,0.0,0.0,17043.0,0.0,-0.17500000000000002
68089235,2,0,0.029,-0.209,0.003,0.0,0.0,-0.17500000000000002,0.0,0.0,-0.009300000000000001,0.0,0.0,0.0,19705.0,0.0,-0.17500000000000002
68093283,2,0,0.028,-0.191,-0.003,0.0,0.0,-0.17500000000000002,0.0,0.0,-0.0102,0.0,0.0,0.0,23753.0,0.0,-0.17500000000000002
68098287,2,0,0.013000000000000001,-0.168,0.003,0.0,0.0,-0.17500000000000002,0.0,0.0,-0.0111,0.0,0.0,0.0,0.0,0.0,-0.17500000000000002
68102529,2,0,0.008,-0.163,0.003,0.0,0.0,-0.17500000000000002,0.0,0.0,-0.0117,0.0,0.0,0.0,4242.0,0.0,-0.17500000000000002
68106530,2,0,0.013000000000000001,-0.14400000000000002,0.0,0.0,0.0,-0.17500000000000002,0.0,0.0,-0.0123,0.0,0.0,0.0,8243.0,0.0,-0.17500000000000002
68111249,2,0,0.013000000000000001,-0.134,-0.001,0.0,0.0,-0.17500000000000002,0.0,0.0,-0.013000000000000001,0.0,0.0,0.0,12962.0,0.0,-0.17500000000000002
68113298,2,0,0.004,-0.133,-0.005,0.0,0.0,-0.17500000000000002,0.0,0.0,-0.013300000000000001,0.0,0.0,0.0,15011.0,0.0,-0.17500000000000002
68118572,2,0,-0.004,-0.11800000000000001,-0.01,0.0,0.0,-0.17500000000000002,0.0,0.0,-0.013900000000000001,0.0,0.0,0.0,20285.0,0.0,-0.17500000000000002
68121256,2,0,0.008,-0.116,-0.001,0.0,0.0,-0.17500000000000002,0.0,0.0,-0.014400000000000001,0.0,0.0,0.0,22969.0,0.0,-0.17500000000000002
68125527,2,0,0.007,-0.108,-0.003,0.0,0.0,-0.17500000000000002,0.0,0.0,-0.0149,0.0,0.0,0.0,0.0,0.0,-0.17500000000000002
68129528,2,0,0.006,-0.10400000000000001,-0.011,0.0,0.0,-0.17500000000000002,0.0,0.0,-0.0152,0.0,0.0,0.0,4001.0,0.0,-0.17500000000000002
68134265,2,0,-0.009000000000000001,-0.084,-0.004,0.0,0.0,-0.17500000000000002,0.0,0.0,-0.015600000000000001,0.0,0.0,0.0,8738.0,0.0,-0.17500000000000002
68138314,2,0,-0.022,-0.064,-0.003,0.0,0.0,-0.17500000000000002,0.0,0.0,-0.0158,0.0,0.0,0.0,12787.0,0.0,-0.17500000000000002
68142529,2,0,-0.016,-0.051000000000000004,0.001,0.0,0.0,-0.17500000000000002,0.0,0.0,-0.0158,0.0,0.0,0.0,17002.0,0.0,-0.17500000000000002
68146529,2,0,-0.014,-0.03,0.009000000000000001,0.0,0.0,-0.17500000000000002,0.0,0.0,-0.0158,0.0,0.0,0.0,21002.0,0.0,-0.17500000000000002
68150572,2,0,-0.015,-0.026000000000000002,0.01,0.0,0.0,-0.17500000000000002,0.0,0.0,-0.015700000000000002,0.0,0.0,0.0,25045.0,0.0,-0.17500000000000002
68153324,2,0,-0.025,-0.013000000000000001,0.005,0.0,0.0,-0.17500000000000002,0.0,0.0,-0.015600000000000001,0.0,0.0,0.0,0.0,0.0,-0.17500000000000002
68157530,2,0,-0.021,-0.01,0.005,0.0,0.0,-0.17500000000000002,0.0,0.0,-0.015600000000000001,0.0,0.0,0.0,4206.0,0.0,-0.17500000000000002
68162285,2,0,-0.01,-0.016,0.006,0.0,0.0,-0.17500000000000002,0.0,0.0,-0.015700000000000002,0.0,0.0,0.0,8961.0,0.0,-0.17500000000000002
68166290,2,0,-0.011,-0.021,-0.004,0.0,0.0,-0.17270000000000002,0.0,0.0,-0.015700000000000002,0.0,0.0,0.0,12966.0,0.0,-0.17270000000000002
68170530,2,0,-0.021,-0.033,-0.008,0.0,0.0,-0.1633,0.0,0.0,-0.0159,0.0,0.0,0.0,17206.0,0.0,-0.1633
68175294,2,0,-0.036000000000000004,-0.03,-0.002,0.0,0.0,-0.1517,0.0,0.0,-0.0161,0.0,0.0,0.0,21970.0,0.0,-0.1517
68177531,2,0,-0.033,-0.03,-0.006,0.0,0.0,-0.14700000000000002,0.0,0.0,-0.0161,0.0,0.0,0.0,24207.0,0.0,-0.14700000000000002
68182572,2,0,-0.022,-0.027,-0.004,0.0,0.0,-0.1353,0.0,0.0,-0.0162,0.0,0.0,0.0,0.0,0.0,-0.1353
68185299,2,0,-0.014,-0.019,0.004,0.0,0.0,-0.1283,0.0,0.0,-0.0162,0.0,0.0,0.0,2727.0,0.0,-0.1283
68189302,2,0,-0.017,-0.013000000000000001,0.007,0.0,0.0,-0.11900000000000001,0.0,0.0,-0.0162,0.0,0.0,0.0,6730.0,0.0,-0.11900000000000001
68193348,2,0,-0.012,-0.004,0.0,0.0,0.0,-0.1097,0.0,0.0,-0.0161,0.0,0.0,0.0,10776.0,0.0,-0.1097
68197528,2,0,-0.001,0.006,0.003,0.0,0.0,-0.1003,0.0,0.0,-0.016,0.0,0.0,0.0,14956.0,0.0,-0.1003
68201529,2,0,0.003,0.01,0.0,0.0,0.0,-0.091,0.0,0.0,-0.016,0.0,0.0,0.0,18957.0,0.0,-0.091
68206317,2,0,0.002,0.008,-0.006,0.0,0.0,-0.07930000000000001,0.0,0.0,-0.016,0.0,0.0,0.0,23745.0,0.0,-0.07930000000000001
68210528,2,0,-0.002,0.007,-0.005,0.0,0.0,-0.07,0.0,0.0,-0.016,0.0,0.0,0.0,0.0,0.0,-0.07
68214588,2,0,-0.003,0.011,0.004,0.0,0.0,-0.060700000000000004,0.0,0.0,-0.016,0.0,0.0,0.0,4060.0,0.0,-0.060700000000000004
68217323,2,0,0.001,0.012,0.001,0.0,0.0,-0.053700000000000005,0.0,0.0,-0.016,0.0,0.0,0.0,6795.0,0.0,-0.053700000000000005
68222327,2,0,0.006,0.015,0.001,0.0,0.0,-0.042,0.0,0.0,-0.0159,0.0,0.0,0.0,11799.0,0.0,-0.042
68226329,2,0,0.006,0.018000000000000002,0.004,0.0,0.0,-0.0327,0.0,0.0,-0.0159,0.0,0.0,0.0,15801.0,0.0,-0.0327
68230529,2,0,0.009000000000000001,0.015,-0.006,0.0,0.0,-0.0233,0.0,0.0,-0.0158,0.0,0.0,0.0,20001.0,0.0,-0.0233
68235337,2,0,0.014,0.015,-0.008,0.0,0.0,-0.0117,0.0,0.0,-0.015700000000000002,0.0,0.0,0.0,24809.0,0.0,-0.0117
68237341,2,0,0.016,0.012,-0.007,0.0,0.0,-0.007,0.0,0.0,-0.015700000000000002,0.0,0.0,0.0,0.0,0.0,-0.007
68241528,2,0,0.013000000000000001,0.015,-0.007,0.0,0.0,0.0023,0.0,0.0,-0.015700000000000002,0.0,0.0,0.0,4187.0,0.0,0.0023
68245529,2,0,0.016,0.026000000000000002,-0.006,0.0,0.0,0.0117,0.0,0.0,-0.0155,0.0,0.0,0.0,8188.0,0.0,0.0117
68250527,2,0,0.012,0.046,0.001,0.0,0.0,0.0233,0.0,0.0,-0.0151,0.0,0.0,0.0,13186.0,0.0,0.0233
68254528,2,0,0.013000000000000001,0.079,0.002,0.0,0.0,0.0327,0.0,0.0,-0.0146,0.0,0.0,0.0,17187.0,0.0,0.0327
68259347,2,0,0.019,0.117,-0.003,0.0,0.0,0.0443,0.0,0.0,-0.0137,0.0,0.0,0.0,22006.0,0.0,0.0443
68261352,2,0,0.021,0.139,0.006,0.0,0.0,0.049,0.0,0.0,-0.0132,0.0,0.0,0.0,24011.0,0.0,0.049
68265528,2,0,0.015,0.177,0.002,0.0,0.0,0.058300000000000005,0.0,0.0,-0.0122,0.0,0.0,0.0,0.0,0.0,0.058300000000000005
68270361,2,0,0.011,0.20700000000000002,-0.002,0.0,0.0,0.07,0.0,0.0,-0.011000000000000001,0.0,0.0,0.0,4833.0,0.0,0.07
68274527,2,0,0.01,0.223,-0.003,0.0,0.0,0.07930000000000001,0.0,0.0,-0.01,0.0,0.0,0.0,8999.0,0.0,0.07930000000000001
68278571,2,0,0.013000000000000001,0.223,-0.001,0.0,0.0,0.0887,0.0,0.0,-0.0094,0.0,0.0,0.0,13043.0,0.0,0.0887
68281365,2,0,0.013000000000000001,0.215,-0.007,0.0,0.0,0.09570000000000001,0.0,0.0,-0.008700000000000001,0.0,0.0,0.0,15837.0,0.0,0.09570000000000001
68285526,2,0,0.011,0.209,-0.009000000000000001,0.0,0.0,0.10500000000000001,0.0,0.0,-0.0082,0.0,0.0,0.0,19998.0,0.0,0.10500000000000001
68289528,2,0,-0.001,0.191,-0.008,0.0,0.0,0.1143,0.0,0.0,-0.0077,0.0,0.0,0.0,24000.0,0.0,0.1143
68293769,2,0,0.009000000000000001,0.182,-0.013000000000000001,0.0,0.0,0.1237,0.0,0.0,-0.007200000000000001,0.0,0.0,0.0,0.0,0.0,0.1237
68298425,2,0,0.005,0.168,-0.006,0.0,0.0,0.1353,0.0,0.0,-0.0066,0.0,0.0,0.0,4656.0,0.0,0.1353
68302528,2,0,0.008,0.187,-0.004,0.0,0.0,0.1447,0.0,0.0,-0.006,0.0,0.0,0.0,8759.0,0.0,0.1447
68305337,2,0,-0.005,0.198,-0.005,0.0,0.0,0.1517,0.0,0.0,-0.0054,0.0,0.0,0.0,11568.0,0.0,0.1517
68309529,2,0,-0.011,0.191,0.005,0.0,0.0,0.161,0.0,0.0,-0.0046,0.0,0.0,0.0,15760.0,0.0,0.161
68314389,2,0,-0.004,0.217,0.017,0.0,0.0,0.17270000000000002,0.0,0.0,-0.0033,0.0,0.0,0.0,20620.0,0.0,0.17270000000000002
68318439,2,0,0.0,0.211,0.013000000000000001,0.0,0.0,0.17500000000000002,0.0,0.0,-0.0024000000000000002,0.0,0.0,0.0,24670.0,0.0,0.17500000000000002
68322528,2,0,-0.017,0.225,0.012,0.0,0.0,0.17500000000000002,0.0,0.0,-0.0014,0.0,0.0,0.0,0.0,0.0,0.17500000000000002
68327398,2,0,-0.012,0.22,0.015,0.0,0.0,0.17500000000000002,0.0,0.0,-0.0002,0.0,0.0,0.0,4870.0,0.0,0.17500000000000002
68329398,2,0,-0.009000000000000001,0.216,0.01,0.0,0.0,0.17500000000000002,0.0,0.0,0.00030000000000000003,0.0,0.0,0.0,6870.0,0.0,0.17500000000000002
68333448,2,0,-0.011,0.203,-0.005,0.0,0.0,0.17500000000000002,0.0,0.0,0.0013000000000000002,0.0,0.0,0.0,10920.0,0.0,0.17500000000000002
68337528,2,0,-0.011,0.199,-0.006,0.0,0.0,0.17500000000000002,0.0,0.0,0.0022,0.0,0.0,0.0,15000.0,0.0,0.17500000000000002
68342572,2,0,-0.016,0.194,-0.016,0.0,0.0,0.17500000000000002,0.0,0.0,0.0031000000000000003,0.0,0.0,0.0,20044.0,0.0,0.17500000000000002
68345408,2,0,-0.023,0.182,-0.018000000000000002,0.0,0.0,0.17500000000000002,0.0,0.0,0.0039000000000000003,0.0,0.0,0.0,22880.0,0.0,0.17500000000000002
68349412,2,0,-0.013000000000000001,0.185,-0.017,0.0,0.0,0.17500000000000002,0.0,0.0,0.0048000000000000004,0.0,0.0,0.0,0.0,0.0,0.17500000000000002
68353463,2,0,-0.003,0.158,-0.016,0.0,0.0,0.17500000000000002,0.0,0.0,0.0056,0.0,0.0,0.0,4051.0,0.0,0.17500000000000002
68357526,2,0,-0.015,0.148,-0.02,0.0,0.0,0.17500000000000002,0.0,0.0,0.0063,0.0,0.0,0.0,8114.0,0.0,0.17500000000000002
68362423,2,0,-0.009000000000000001,0.129,-0.017,0.0,0.0,0.17500000000000002,0.0,0.0,0.007,0.0,0.0,0.0,13011.0,0.0,0.17500000000000002
68366426,2,0,-0.004,0.122,-0.002,0.0,0.0,0.17500000000000002,0.0,0.0,0.007500000000000001,0.0,0.0,0.0,17014.0,0.0,0.17500000000000002
68370527,2,0,-0.008,0.112,-0.002,0.0,0.0,0.17500000000000002,0.0,0.0,0.008,0.0,0.0,0.0,21115.0,0.0,0.17500000000000002
68374571,2,0,-0.012,0.098,0.007,0.0,0.0,0.17500000000000002,0.0,0.0,0.0083,0.0,0.0,0.0,25159.0,0.0,0.17500000000000002
68377435,2,0,-0.009000000000000001,0.096,0.02,0.0,0.0,0.17500000000000002,0.0,0.0,0.008700000000000001,0.0,0.0,0.0,0.0,0.0,0.17500000000000002
68381435,2,0,-0.005,0.082,0.018000000000000002,0.0,0.0,0.17500000000000002,0.0,0.0,0.0091,0.0,0.0,0.0,4000.0,0.0,0.17500000000000002
68385525,2,0,-0.006,0.081,0.019,0.0,0.0,0.17500000000000002,0.0,0.0,0.009300000000000001,0.0,0.0,0.0,8090.0,0.0,0.17500000000000002
68389527,2,0,-0.002,0.079,0.013000000000000001,0.0,0.0,0.17500000000000002,0.0,0.0,0.009600000000000001,0.0,0.0,0.0,12092.0,0.0,0.17500000000000002
68394445,2,0,0.011,0.066,0.004,0.0,0.0,0.17500000000000002,0.0,0.0,0.0099,0.0,0.0,0.0,17010.0,0.0,0.17500000000000002
68398496,2,0,0.008,0.062,-0.009000000000000001,0.0,0.0,0.17500000000000002,0.0,0.0,0.010100000000000001,0.0,0.0,0.0,21061.0,0.0,0.17500000000000002
68402527,2,0,0.014,0.061,-0.013000000000000001,0.0,0.0,0.17500000000000002,0.0,0.0,0.0103,0.0,0.0,0.0,25092.0,0.0,0.17500000000000002
68406571,2,0,0.014,0.055,-0.013000000000000001,0.0,0.0,0.17500000000000002,0.0,0.0,0.010400000000000001,0.0,0.0,0.0,0.0,0.0,0.17500000000000002
68409455,2,0,0.017,0.053,-0.021,0.0,0.0,0.17500000000000002,0.0,0.0,0.0105,0.0,0.0,0.0,2884.0,0.0,0.17500000000000002
68413457,2,0,0.01,0.049,-0.014,0.0,0.0,0.17500000000000002,0.0,0.0,0.0106,0.0,0.0,0.0,6886.0,0.0,0.17500000000000002
68417462,2,0,0.017,0.041,-0.01,0.0,0.0,0.1703,0.0,0.0,0.0108,0.0,0.0,0.0,10891.0,0.0,0.1703
68421462,2,0,0.019,0.036000000000000004,-0.015,0.0,0.0,0.161,0.0,0.0,0.0109,0.0,0.0,0.0,14891.0,0.0,0.161
68425525,2,0,0.013000000000000001,0.026000000000000002,-0.001,0.0,0.0,0.1517,0.0,0.0,0.011000000000000001,0.0,0.0,0.0,18954.0,0.0,0.1517
68431469,2,0,0.023,0.018000000000000002,0.009000000000000001,0.0,0.0,0.13770000000000002,0.0,0.0,0.0111,0.0,0.0,0.0,24898.0,0.0,0.13770000000000002
68433471,2,0,0.022,0.013000000000000001,0.006,0.0,0.0,0.133,0.0,0.0,0.0111,0.0,0.0,0.0,0.0,0.0,0.133
68437478,2,0,0.013000000000000001,0.005,0.012,0.0,0.0,0.1237,0.0,0.0,0.0111,0.0,0.0,0.0,4007.0,0.0,0.1237
68442477,2,0,0.015,0.0,0.021,0.0,0.0,0.112,0.0,0.0,0.0112,0.0,0.0,0.0,9006.0,0.0,0.112
68446481,2,0,0.016,-0.006,0.01,0.0,0.0,0.1027,0.0,0.0,0.011300000000000001,0.0,0.0,0.0,13010.0,0.0,0.1027
68451484,2,0,0.007,-0.015,0.011,0.0,0.0,0.091,0.0,0.0,0.0114,0.0,0.0,0.0,18013.0,0.0,0.091
68453533,2,0,0.011,-0.012,0.008,0.0,0.0,0.0863,0.0,0.0,0.0115,0.0,0.0,0.0,20062.0,0.0,0.0863
68458539,2,0,0.008,-0.009000000000000001,0.002,0.0,0.0,0.0747,0.0,0.0,0.011600000000000001,0.0,0.0,0.0,25068.0,0.0,0.0747
68461492,2,0,0.007,-0.012,-0.001,0.0,0.0,0.06770000000000001,0.0,0.0,0.011600000000000001,0.0,0.0,0.0,0.0,0.0,0.06770000000000001
68466495,2,0,0.006,-0.02,-0.005,0.0,0.0,0.056,0.0,0.0,0.011600000000000001,0.0,0.0,0.0,5003.0,0.0,0.056
68470572,2,0,0.001,-0.025,-0.004,0.0,0.0,0.046700000000000005,0.0,0.0,0.011600000000000001,0.0,0.0,0.0,9080.0,0.0,0.046700000000000005
68473547,2,0,-0.002,-0.034,-0.006,0.0,0.0,0.0397,0.0,0.0,0.011600000000000001,0.0,0.0,0.0,12055.0,0.0,0.0397
68478552,2,0,-0.007,-0.036000000000000004,-0.008,0.0,0.0,0.028,0.0,0.0,0.0114,0.0,0.0,0.0,17060.0,0.0,0.028
68481508,2,0,-0.006,-0.037,0.001,0.0,0.0,0.021,0.0,0.0,0.011300000000000001,0.0,0.0,0.0,20016.0,0.0,0.021
68486511,2,0,-0.01,-0.029,0.001,0.0,0.0,0.009300000000000001,0.0,0.0,0.0112,0.0,0.0,0.0,25019.0,0.0,0.009300000000000001
68488585,2,0,-0.008,-0.029,0.005,0.0,0.0,0.0047,0.0,0.0,0.0112,0.0,0.0,0.0,0.0,0.0,0.0047
68493560,2,0,-0.01,-0.053,0.009000000000000001,0.0,0.0,-0.007,0.0,0.0,0.0109,0.0,0.0,0.0,4975.0,0.0,-0.007
68498566,2,0,-0.008,-0.062,0.005,0.0,0.0,-0.0187,0.0,0.0,0.0105,0.0,0.0,0.0,9981.0,0.0,-0.0187
68501521,2,0,-0.003,-0.076,0.01,0.0,0.0,-0.0257,0.0,0.0,0.010100000000000001,0.0,0.0,0.0,12936.0,0.0,-0.0257
68506525,2,0,-0.007,-0.12,0.008,0.0,0.0,-0.0373,0.0,0.0,0.009300000000000001,0.0,0.0,0.0,17940.0,0.0,-0.0373
68508598,2,0,-0.014,-0.134,0.003,0.0,0.0,-0.042,0.0,0.0,0.0089,0.0,0.0,0.0,20013.0,0.0,-0.042
68513575,2,0,-0.019,-0.166,-0.003,0.0,0.0,-0.053700000000000005,0.0,0.0,0.0079,0.0,0.0,0.0,24990.0,0.0,-0.053700000000000005
68518583,2,0,-0.025,-0.188,-0.004,0.0,0.0,-0.0653,0.0,0.0,0.0068000000000000005,0.0,0.0,0.0,0.0,0.0,-0.0653
68521535,2,0,-0.023,-0.2,-0.005,0.0,0.0,-0.0723,0.0,0.0,0.006200000000000001,0.0,0.0,0.0,2952.0,0.0,-0.0723
68526538,2,0,-0.022,-0.202,-0.006,0.0,0.0,-0.084,0.0,0.0,0.0053,0.0,0.0,0.0,7955.0,0.0,-0.084
68528612,2,0,-0.02,-0.2,-0.002,0.0,0.0,-0.0887,0.0,0.0,0.005,0.0,0.0,0.0,10029.0,0.0,-0.0887
68533590,2,0,-0.01,-0.191,-0.001,0.0,0.0,-0.1003,0.0,0.0,0.0043,0.0,0.0,0.0,15007.0,0.0,-0.1003
68538592,2,0,-0.01,-0.17300000000000001,0.003,0.0,0.0,-0.112,0.0,0.0,0.0038,0.0,0.0,0.0,20009.0,0.0,-0.112
68541551,2,0,-0.011,-0.17400000000000002,0.003,0.0,0.0,-0.11900000000000001,0.0,0.0,0.0035,0.0,0.0,0.0,22968.0,0.0,-0.11900000000000001
68546553,2,0,0.002,-0.179,-0.001,0.0,0.0,-0.1307,0.0,0.0,0.0028,0.0,0.0,0.0,0.0,0.0,-0.1307
68548625,2,0,0.005,-0.17400000000000002,-0.002,0.0,0.0,-0.1353,0.0,0.0,0.0025,0.0,0.0,0.0,2072.0,0.0,-0.1353
68553603,2,0,0.001,-0.181,0.002,0.0,0.0,-0.14700000000000002,0.0,0.0,0.0018000000000000002,0.0,0.0,0.0,7050.0,0.0,-0.14700000000000002
68558607,2,0,-0.005,-0.194,0.003,0.0,0.0,-0.1587,0.0,0.0,0.0009000000000000001,0.0,0.0,0.0,12054.0,0.0,-0.1587
68561516,2,0,-0.005,-0.201,0.002,0.0,0.0,-0.16570000000000001,0.0,0.0,0.00030000000000000003,0.0,0.0,0.0,14963.0,0.0,-0.16570000000000001
68566573,2,0,0.006,-0.20800000000000002,0.002,0.0,0.0,-0.17500000000000002,0.0,0.0,-0.0005,0.0,0.0,0.0,20020.0,0.0,-0.17500000000000002
68568636,2,0,0.006,-0.214,-0.002,0.0,0.0,-0.17500000000000002,0.0,0.0,-0.0011,0.0,0.0,0.0,22083.0,0.0,-0.17500000000000002
68573617,2,0,0.008,-0.214,0.004,0.0,0.0,-0.17500000000000002,0.0,0.0,-0.0022,0.0,0.0,0.0,0.0,0.0,-0.17500000000000002
68576572,2,0,0.01,-0.215,0.002,0.0,0.0,-0.17500000000000002,0.0,0.0,-0.0029000000000000002,0.0,0.0,0.0,2955.0,0.0,-0.17500000000000002
68581576,2,0,0.006,-0.21,-0.008,0.0,0.0,-0.17500000000000002,0.0,0.0,-0.004,0.0,0.0,0.0,7959.0,0.0,-0.17500000000000002
68586578,2,0,0.014,-0.215,-0.002,0.0,0.0,-0.17500000000000002,0.0,0.0,-0.0051,0.0,0.0,0.0,12961.0,0.0,-0.17500000000000002
68588651,2,0,0.015,-0.213,-0.004,0.0,0.0,-0.17500000000000002,0.0,0.0,-0.0055000000000000005,0.0,0.0,0.0,15034.0,0.0,-0.17500000000000002
68593630,2,0,0.01,-0.197,-0.002,0.0,0.0,-0.17500000000000002,0.0,0.0,-0.0066,0.0,0.0,0.0,20013.0,0.0,-0.17500000000000002
68596586,2,0,0.0,-0.186,-0.002,0.0,0.0,-0.17500000000000002,0.0,0.0,-0.007200000000000001,0.0,0.0,0.0,22969.0,0.0,-0.17500000000000002
68602590,2,0,0.006,-0.177,0.006,0.0,0.0,-0.17500000000000002,0.0,0.0,-0.0083,0.0,0.0,0.0,0.0,0.0,-0.17500000000000002
68604593,2,0,0.007,-0.17400000000000002,0.006,0.0,0.0,-0.17500000000000002,0.0,0.0,-0.008700000000000001,0.0,0.0,0.0,2003.0,0.0,-0.17500000000000002
68608664,2,0,0.004,-0.147,0.008,0.0,0.0,-0.17500000000000002,0.0,0.0,-0.009300000000000001,0.0,0.0,0.0,6074.0,0.0,-0.17500000000000002
68613644,2,0,0.001,-0.14,0.004,0.0,0.0,-0.17500000000000002,0.0,0.0,-0.01,0.0,0.0,0.0,11054.0,0.0,-0.17500000000000002
68616600,2,0,-0.001,-0.124,0.0,0.0,0.0,-0.17500000000000002,0.0,0.0,-0.0105,0.0,0.0,0.0,14010.0,0.0,-0.17500000000000002
68621604,2,0,0.015,-0.111,0.004,0.0,0.0,-0.17500000000000002,0.0,0.0,-0.011000000000000001,0.0,0.0,0.0,19014.0,0.0,-0.17500000000000002
68626607,2,0,0.012,-0.099,0.005,0.0,0.0,-0.17500000000000002,0.0,0.0,-0.0115,0.0,0.0,0.0,24017.0,0.0,-0.17500000000000002
68628678,2,0,0.011,-0.093,0.001,0.0,0.0,-0.17500000000000002,0.0,0.0,-0.0117,0.0,0.0,0.0,0.0,0.0,-0.17500000000000002
68634612,2,0,-0.009000000000000001,-0.084,0.0,0.0,0.0,-0.17500000000000002,0.0,0.0,-0.0122,0.0,0.0,0.0,5934.0,0.0,-0.17500000000000002
68636613,2,0,-0.011,-0.07100000000000001,0.0,0.0,0.0,-0.17500000000000002,0.0,0.0,-0.0123,0.0,0.0,0.0,7935.0,0.0,-0.17500000000000002
68641617,2,0,-0.009000000000000001,-0.057,0.001,0.0,0.0,-0.17500000000000002,0.0,0.0,-0.0125,0.0,0.0,0.0,12939.0,0.0,-0.17500000000000002
68646620,2,0,-0.004,-0.037,0.007,0.0,0.0,-0.17500000000000002,0.0,0.0,-0.0125,0.0,0.0,0.0,17942.0,0.0,-0.17500000000000002
68648691,2,0,-0.008,-0.034,0.008,0.0,0.0,-0.17500000000000002,0.0,0.0,-0.0125,0.0,0.0,0.0,20013.0,0.0,-0.17500000000000002
68653671,2,0,-0.009000000000000001,-0.026000000000000002,-0.003,0.0,0.0,-0.17500000000000002,0.0,0.0,-0.0125,0.0,0.0,0.0,24993.0,0.0,-0.17500000000000002
68656627,2,0,-0.006,-0.02,-0.003,0.0,0.0,-0.17500000000000002,0.0,0.0,-0.0125,0.0,0.0,0.0,0.0,0.0,-0.17500000000000002
68661630,2,0,-0.002,-0.021,0.006,0.0,0.0,-0.17500000000000002,0.0,0.0,-0.0126,0.0,0.0,0.0,5003.0,0.0,-0.17500000000000002
68666633,2,0,0.005,-0.031,-0.006,0.0,0.0,-0.17270000000000002,0.0,0.0,-0.012700000000000001,0.0,0.0,0.0,10006.0,0.0,-0.17270000000000002
68668675,2,0,0.002,-0.032,-0.009000000000000001,0.0,0.0,-0.168,0.0,0.0,-0.012700000000000001,0.0,0.0,0.0,12048.0,0.0,-0.168
68673675,2,0,-0.017,-0.03,-0.003,0.0,0.0,-0.1563,0.0,0.0,-0.0129,0.0,0.0,0.0,17048.0,0.0,-0.1563
68676640,2,0,-0.019,-0.031,-0.004,0.0,0.0,-0.14930000000000002,0.0,0.0,-0.0129,0.0,0.0,0.0,20013.0,0.0,-0.14930000000000002
68681644,2,0,-0.014,-0.027,0.001,0.0,0.0,-0.13770000000000002,0.0,0.0,-0.013000000000000001,0.0,0.0,0.0,25017.0,0.0,-0.13770000000000002
68686647,2,0,-0.009000000000000001,-0.026000000000000002,0.003,0.0,0.0,-0.126,0.0,0.0,-0.013000000000000001,0.0,0.0,0.0,0.0,0.0,-0.126
68688752,2,0,-0.011,-0.023,0.002,0.0,0.0,-0.1213,0.0,0.0,-0.013000000000000001,0.0,0.0,0.0,2105.0,0.0,-0.1213
68693732,2,0,-0.006,-0.012,-0.006,0.0,0.0,-0.1097,0.0,0.0,-0.013000000000000001,0.0,0.0,0.0,7085.0,0.0,-0.1097
68698572,2,0,0.0,-0.01,-0.001,0.0,0.0,-0.098,0.0,0.0,-0.013000000000000001,0.0,0.0,0.0,11925.0,0.0,-0.098
68700656,2,0,0.004,-0.004,-0.003,0.0,0.0,-0.09330000000000001,0.0,0.0,-0.013000000000000001,0.0,0.0,0.0,14009.0,0.0,-0.09330000000000001
68704661,2,0,0.001,0.0,-0.008,0.0,0.0,-0.084,0.0,0.0,-0.013000000000000001,0.0,0.0,0.0,18014.0,0.0,-0.084
68708768,2,0,-0.001,0.0,-0.003,0.0,0.0,-0.0747,0.0,0.0,-0.013000000000000001,0.0,0.0,0.0,22121.0,0.0,-0.0747
68713746,2,0,-0.001,0.002,-0.002,0.0,0.0,-0.063,0.0,0.0,-0.013000000000000001,0.0,0.0,0.0,0.0,0.0,-0.063
68716669,2,0,0.001,0.002,0.001,0.0,0.0,-0.056,0.0,0.0,-0.013000000000000001,0.0,0.0,0.0,2923.0,0.0,-0.056
68721686,2,0,0.0,0.006,0.003,0.0,0.0,-0.0443,0.0,0.0,-0.013000000000000001,0.0,0.0,0.0,7940.0,0.0,-0.0443
68726572,2,0,0.001,0.005,0.0,0.0,0.0,-0.0327,0.0,0.0,-0.013000000000000001,0.0,0.0,0.0,12826.0,0.0,-0.0327
68728596,2,0,-0.002,0.004,-0.001,0.0,0.0,-0.028,0.0,0.0,-0.013000000000000001,0.0,0.0,0.0,14850.0,0.0,-0.028
68732676,2,0,0.006,0.007,-0.001,0.0,0.0,-0.0187,0.0,0.0,-0.013000000000000001,0.0,0.0,0.0,18930.0,0.0,-0.0187
68737676,2,0,0.014,0.015,0.003,0.0,0.0,-0.007,0.0,0.0,-0.013000000000000001,0.0,0.0,0.0,23930.0,0.0,-0.007
68740678,2,0,0.011,0.025,0.0,0.0,0.0,0.0,0.0,0.0,-0.0129,0.0,0.0,0.0,0.0,0.0,0.0
68744680,2,0,0.004,0.037,-0.004,0.0,0.0,0.009300000000000001,0.0,0.0,-0.012700000000000001,0.0,0.0,0.0,4002.0,0.0,0.009300000000000001
68748784,2,0,-0.003,0.066,0.001,0.0,0.0,0.0187,0.0,0.0,-0.0123,0.0,0.0,0.0,8106.0,0.0,0.0187
68753572,2,0,0.007,0.10400000000000001,0.0,0.0,0.0,0.0303,0.0,0.0,-0.0117,0.0,0.0,0.0,12894.0,0.0,0.0303
68757572,2,0,0.013000000000000001,0.137,0.004,0.0,0.0,0.0397,0.0,0.0,-0.0108,0.0,0.0,0.0,16894.0,0.0,0.0397
68761732,2,0,0.01,0.181,0.005,0.0,0.0,0.049,0.0,0.0,-0.0097,0.0,0.0,0.0,21054.0,0.0,0.049
68766572,2,0,0.006,0.203,-0.005,0.0,0.0,0.060700000000000004,0.0,0.0,-0.008700000000000001,0.0,0.0,0.0,25894.0,0.0,0.060700000000000004
68768595,2,0,0.005,0.211,-0.008,0.0,0.0,0.0653,0.0,0.0,-0.0083,0.0,0.0,0.0,0.0,0.0,0.0653
68772741,2,0,0.011,0.219,-0.001,0.0,0.0,0.0747,0.0,0.0,-0.007200000000000001,0.0,0.0,0.0,4146.0,0.0,0.0747
68776743,2,0,0.011,0.20400000000000001,-0.003,0.0,0.0,0.084,0.0,0.0,-0.0066,0.0,0.0,0.0,8148.0,0.0,0.084
68781572,2,0,0.004,0.20400000000000001,-0.01,0.0,0.0,0.09570000000000001,0.0,0.0,-0.006,0.0,0.0,0.0,12977.0,0.0,0.09570000000000001
68786572,2,0,-0.003,0.17500000000000002,-0.01,0.0,0.0,0.1073,0.0,0.0,-0.0055000000000000005,0.0,0.0,0.0,17977.0,0.0,0.1073
68788806,2,0,0.005,0.168,-0.008,0.0,0.0,0.112,0.0,0.0,-0.0053,0.0,0.0,0.0,20211.0,0.0,0.112
68793801,2,0,0.007,0.167,-0.008,0.0,0.0,0.1237,0.0,0.0,-0.0044,0.0,0.0,0.0,25206.0,0.0,0.1237
68796572,2,0,0.004,0.158,-0.005,0.0,0.0,0.1307,0.0,0.0,-0.0041,0.0,0.0,0.0,0.0,0.0,0.1307
68801572,2,0,0.004,0.178,0.002,0.0,0.0,0.1423,0.0,0.0,-0.0033,0.0,0.0,0.0,5000.0,0.0,0.1423
68805760,2,0,-0.006,0.187,-0.003,0.0,0.0,0.1517,0.0,0.0,-0.0022,0.0,0.0,0.0,9188.0,0.0,0.1517
68809785,2,0,0.0,0.195,0.01,0.0,0.0,0.161,0.0,0.0,-0.0013000000000000002,0.0,0.0,0.0,13213.0,0.0,0.161
68812572,2,0,0.0,0.201,0.014,0.0,0.0,0.168,0.0,0.0,-0.0008,0.0,0.0,0.0,16000.0,0.0,0.168
68816764,2,0,-0.005,0.197,0.001,0.0,0.0,0.17500000000000002,0.0,0.0,0.0004,0.0,0.0,0.0,20192.0,0.0,0.17500000000000002
68821551,2,0,-0.011,0.2,0.004,0.0,0.0,0.17500000000000002,0.0,0.0,0.0013000000000000002,0.0,0.0,0.0,24979.0,0.0,0.17500000000000002
68825776,2,0,-0.006,0.192,0.005,0.0,0.0,0.17500000000000002,0.0,0.0,0.0023,0.0,0.0,0.0,0.0,0.0,0.17500000000000002
68829780,2,0,-0.011,0.18,-0.008,0.0,0.0,0.17500000000000002,0.0,0.0,0.0032,0.0,0.0,0.0,4004.0,0.0,0.17500000000000002
68833810,2,0,-0.007,0.17400000000000002,-0.006,0.0,0.0,0.17500000000000002,0.0,0.0,0.004,0.0,0.0,0.0,8034.0,0.0,0.17500000000000002
68836572,2,0,-0.008,0.171,-0.005,0.0,0.0,0.17500000000000002,0.0,0.0,0.0044,0.0,0.0,0.0,10796.0,0.0,0.17500000000000002
68840787,2,0,-0.028,0.169,-0.015,0.0,0.0,0.17500000000000002,0.0,0.0,0.0055000000000000005,0.0,0.0,0.0,15011.0,0.0,0.17500000000000002
68845783,2,0,-0.009000000000000001,0.166,-0.015,0.0,0.0,0.17500000000000002,0.0,0.0,0.0064,0.0,0.0,0.0,20007.0,0.0,0.17500000000000002
68850572,2,0,-0.002,0.165,-0.006,0.0,0.0,0.17500000000000002,0.0,0.0,0.007200000000000001,0.0,0.0,0.0,24796.0,0.0,0.17500000000000002
68852784,2,0,0.002,0.158,-0.008,0.0,0.0,0.17500000000000002,0.0,0.0,0.0077,0.0,0.0,0.0,0.0,0.0,0.17500000000000002
68857795,2,0,-0.007,0.147,-0.013000000000000001,0.0,0.0,0.17500000000000002,0.0,0.0,0.0085,0.0,0.0,0.0,5011.0,0.0,0.17500000000000002
68861801,2,0,0.004,0.13,-0.001,0.0,0.0,0.17500000000000002,0.0,0.0,0.009000000000000001,0.0,0.0,0.0,9017.0,0.0,0.17500000000000002
68866557,2,0,0.005,0.125,0.008,0.0,0.0,0.17500000000000002,0.0,0.0,0.0094,0.0,0.0,0.0,13773.0,0.0,0.17500000000000002
68868811,2,0,0.003,0.11800000000000001,0.002,0.0,0.0,0.17500000000000002,0.0,0.0,0.0097,0.0,0.0,0.0,16027.0,0.0,0.17500000000000002
68873577,2,0,-0.007,0.10300000000000001,0.013000000000000001,0.0,0.0,0.17500000000000002,0.0,0.0,0.01,0.0,0.0,0.0,20793.0,0.0,0.17500000000000002
68877812,2,0,-0.009000000000000001,0.089,0.023,0.0,0.0,0.17500000000000002,0.0,0.0,0.010400000000000001,0.0,0.0,0.0,25028.0,0.0,0.17500000000000002
68882540,2,0,-0.003,0.08600000000000001,0.014,0.0,0.0,0.17500000000000002,0.0,0.0,0.010700000000000001,0.0,0.0,0.0,0.0,0.0,0.17500000000000002
68884577,2,0,0.003,0.08600000000000001,0.014,0.0,0.0,0.17500000000000002,0.0,0.0,0.0108,0.0,0.0,0.0,2037.0,0.0,0.17500000000000002
68888808,2,0,0.004,0.079,0.018000000000000002,0.0,0.0,0.17500000000000002,0.0,0.0,0.0111,0.0,0.0,0.0,6268.0,0.0,0.17500000000000002
68893577,2,0,0.015,0.079,0.003,0.0,0.0,0.17500000000000002,0.0,0.0,0.0114,0.0,0.0,0.0,11037.0,0.0,0.17500000000000002
68897578,2,0,0.015,0.068,-0.006,0.0,0.0,0.17500000000000002,0.0,0.0,0.0117,0.0,0.0,0.0,15038.0,0.0,0.17500000000000002
68902539,2,0,0.014,0.069,-0.003,0.0,0.0,0.17500000000000002,0.0,0.0,0.012,0.0,0.0,0.0,19999.0,0.0,0.17500000000000002
68906564,2,0,0.017,0.055,-0.018000000000000002,0.0,0.0,0.17500000000000002,0.0,0.0,0.0123,0.0,0.0,0.0,24024.0,0.0,0.17500000000000002
68908576,2,0,0.014,0.051000000000000004,-0.015,0.0,0.0,0.17500000000000002,0.0,0.0,0.0123,0.0,0.0,0.0,0.0,0.0,0.17500000000000002
68912810,2,0,0.01,0.051000000000000004,-0.001,0.0,0.0,0.17500000000000002,0.0,0.0,0.0126,0.0,0.0,0.0,4234.0,0.0,0.17500000000000002
68916811,2,0,0.014,0.035,-0.003,0.0,0.0,0.17270000000000002,0.0,0.0,0.0128,0.0,0.0,0.0,8235.0,0.0,0.17270000000000002
68921813,2,0,0.003,0.022,0.004,0.0,0.0,0.161,0.0,0.0,0.0129,0.0,0.0,0.0,13237.0,0.0,0.161
68926600,2,0,0.007,0.002,0.01,0.0,0.0,0.14930000000000002,0.0,0.0,0.0129,0.0,0.0,0.0,18024.0,0.0,0.14930000000000002
68928811,2,0,0.012,-0.004,0.006,0.0,0.0,0.1447,0.0,0.0,0.0129,0.0,0.0,0.0,20235.0,0.0,0.1447
68933533,2,0,0.015,-0.015,-0.001,0.0,0.0,0.133,0.0,0.0,0.0129,0.0,0.0,0.0,24957.0,0.0,0.133
68937534,2,0,0.008,-0.017,0.008,0.0,0.0,0.1237,0.0,0.0,0.0129,0.0,0.0,0.0,0.0,0.0,0.1237
68941577,2,0,0.003,-0.022,0.011,0.0,0.0,0.1143,0.0,0.0,0.013000000000000001,0.0,0.0,0.0,4043.0,0.0,0.1143
68946562,2,0,0.003,-0.031,0.005,0.0,0.0,0.1027,0.0,0.0,0.0131,0.0,0.0,0.0,9028.0,0.0,0.1027
68948571,2,0,0.005,-0.032,0.006,0.0,0.0,0.098,0.0,0.0,0.0131,0.0,0.0,0.0,11037.0,0.0,0.098
68952822,2,0,0.005,-0.03,0.003,0.0,0.0,0.0887,0.0,0.0,0.013000000000000001,0.0,0.0,0.0,15288.0,0.0,0.0887
68957534,2,0,-0.001,-0.031,0.0,0.0,0.0,0.077,0.0,0.0,0.013000000000000001,0.0,0.0,0.0,20000.0,0.0,0.077
68961578,2,0,-0.006,-0.037,-0.008,0.0,0.0,0.06770000000000001,0.0,0.0,0.0129,0.0,0.0,0.0,24044.0,0.0,0.06770000000000001
68966557,2,0,0.007,-0.04,-0.007,0.0,0.0,0.056,0.0,0.0,0.0128,0.0,0.0,0.0,0.0,0.0,0.056
68968876,2,0,0.004,-0.046,-0.01,0.0,0.0,0.051300000000000005,0.0,0.0,0.012700000000000001,0.0,0.0,0.0,2319.0,0.0,0.051300000000000005
68973840,2,0,-0.009000000000000001,-0.04,-0.005,0.0,0.0,0.0397,0.0,0.0,0.012400000000000001,0.0,0.0,0.0,7283.0,0.0,0.0397
68978883,2,0,-0.011,-0.04,-0.003,0.0,0.0,0.028,0.0,0.0,0.0122,0.0,0.0,0.0,12326.0,0.0,0.028
68981533,2,0,-0.01,-0.04,-0.004,0.0,0.0,0.021,0.0,0.0,0.012100000000000001,0.0,0.0,0.0,14976.0,0.0,0.021
68985840,2,0,-0.009000000000000001,-0.04,0.003,0.0,0.0,0.0117,0.0,0.0,0.0118,0.0,0.0,0.0,19283.0,0.0,0.0117
68988571,2,0,-0.008,-0.044,0.006,0.0,0.0,0.0047,0.0,0.0,0.0117,0.0,0.0,0.0,22014.0,0.0,0.0047
68993533,2,0,-0.006,-0.055,-0.001,0.0,0.0,-0.007,0.0,0.0,0.0114,0.0,0.0,0.0,0.0,0.0,-0.007
68997534,2,0,-0.007,-0.061,0.002,0.0,0.0,-0.016300000000000002,0.0,0.0,0.0109,0.0,0.0,0.0,4001.0,0.0,-0.016300000000000002
69001572,2,0,-0.004,-0.088,0.004,0.0,0.0,-0.0257,0.0,0.0,0.010400000000000001,0.0,0.0,0.0,8039.0,0.0,-0.0257
69006557,2,0,-0.007,-0.117,0.0,0.0,0.0,-0.0373,0.0,0.0,0.009600000000000001,0.0,0.0,0.0,13024.0,0.0,-0.0373
69008903,2,0,-0.012,-0.14100000000000001,-0.002,0.0,0.0,-0.042,0.0,0.0,0.0091,0.0,0.0,0.0,15370.0,0.0,-0.042
69013571,2,0,-0.018000000000000002,-0.167,0.002,0.0,0.0,-0.053700000000000005,0.0,0.0,0.0082,0.0,0.0,0.0,20038.0,0.0,-0.053700000000000005
69017865,2,0,-0.018000000000000002,-0.183,-0.001,0.0,0.0,-0.063,0.0,0.0,0.0073,0.0,0.0,0.0,24332.0,0.0,-0.063
69021866,2,0,-0.018000000000000002,-0.194,-0.003,0.0,0.0,-0.0723,0.0,0.0,0.0066,0.0,0.0,0.0,0.0,0.0,-0.0723
69026557,2,0,-0.016,-0.192,0.009000000000000001,0.0,0.0,-0.084,0.0,0.0,0.0061,0.0,0.0,0.0,4691.0,0.0,-0.084
69028571,2,0,-0.015,-0.191,0.011,0.0,0.0,-0.0887,0.0,0.0,0.0058000000000000005,0.0,0.0,0.0,6705.0,0.0,-0.0887
69032875,2,0,-0.007,-0.189,0.009000000000000001,0.0,0.0,-0.098,0.0,0.0,0.0053,0.0,0.0,0.0,11009.0,0.0,-0.098
69036877,2,0,-0.004,-0.179,0.008,0.0,0.0,-0.1073,0.0,0.0,0.0049,0.0,0.0,0.0,15011.0,0.0,-0.1073
69041571,2,0,0.002,-0.182,0.009000000000000001,0.0,0.0,-0.11900000000000001,0.0,0.0,0.0045000000000000005,0.0,0.0,0.0,19705.0,0.0,-0.11900000000000001
69045884,2,0,0.003,-0.188,0.001,0.0,0.0,-0.1283,0.0,0.0,0.0038,0.0,0.0,0.0,24018.0,0.0,-0.1283
69050533,2,0,0.009000000000000001,-0.198,0.0,0.0,0.0,-0.14,0.0,0.0,0.0032,0.0,0.0,0.0,0.0,0.0,-0.14
69054571,2,0,0.011,-0.212,0.005,0.0,0.0,-0.14930000000000002,0.0,0.0,0.0024000000000000002,0.0,0.0,0.0,4038.0,0.0,-0.14930000000000002
69056891,2,0,-0.002,-0.218,0.002,0.0,0.0,-0.154,0.0,0.0,0.0018000000000000002,0.0,0.0,0.0,6358.0,0.0,-0.154
69061533,2,0,-0.004,-0.228,0.002,0.0,0.0,-0.16570000000000001,0.0,0.0,0.0009000000000000001,0.0,0.0,0.0,11000.0,0.0,-0.16570000000000001
69065572,2,0,0.01,-0.23500000000000001,0.005,0.0,0.0,-0.17500000000000002,0.0,0.0,0.0,0.0,0.0,0.0,15039.0,0.0,-0.17500000000000002
69069899,2,0,0.006,-0.23900000000000002,0.001,0.0,0.0,-0.17500000000000002,0.0,0.0,-0.0013000000000000002,0.0,0.0,0.0,19366.0,0.0,-0.17500000000000002
69073908,2,0,0.011,-0.23800000000000002,0.001,0.0,0.0,-0.17500000000000002,0.0,0.0,-0.0023,0.0,0.0,0.0,23375.0,0.0,-0.17500000000000002
69079574,2,0,0.01,-0.234,0.002,0.0,0.0,-0.17500000000000002,0.0,0.0,-0.0032,0.0,0.0,0.0,0.0,0.0,-0.17500000000000002
69081908,2,0,0.017,-0.227,0.002,0.0,0.0,-0.17500000000000002,0.0,0.0,-0.004200000000000001,0.0,0.0,0.0,2334.0,0.0,-0.17500000000000002
69086557,2,0,0.017,-0.219,0.003,0.0,0.0,-0.17500000000000002,0.0,0.0,-0.0051,0.0,0.0,0.0,6983.0,0.0,-0.17500000000000002
69088957,2,0,0.017,-0.21,0.005,0.0,0.0,-0.17500000000000002,0.0,0.0,-0.0059,0.0,0.0,0.0,9383.0,0.0,-0.17500000000000002
69093962,2,0,0.011,-0.193,0.004,0.0,0.0,-0.17500000000000002,0.0,0.0,-0.007,0.0,0.0,0.0,14388.0,0.0,-0.17500000000000002
69098964,2,0,0.0,-0.17400000000000002,0.006,0.0,0.0,-0.17500000000000002,0.0,0.0,-0.008,0.0,0.0,0.0,19390.0,0.0,-0.17500000000000002
69101531,2,0,0.001,-0.176,0.003,0.0,0.0,-0.17500000000000002,0.0,0.0,-0.008400000000000001,0.0,0.0,0.0,21957.0,0.0,-0.17500000000000002
69105532,2,0,0.003,-0.162,0.0,0.0,0.0,-0.17500000000000002,0.0,0.0,-0.0091,0.0,0.0,0.0,0.0,0.0,-0.17500000000000002
69109533,2,0,0.003,-0.137,0.005,0.0,0.0,-0.17500000000000002,0.0,0.0,-0.0098,0.0,0.0,0.0,4001.0,0.0,-0.17500000000000002
69113936,2,0,-0.004,-0.132,-0.008,0.0,0.0,-0.17500000000000002,0.0,0.0,-0.0105,0.0,0.0,0.0,8404.0,0.0,-0.17500000000000002
69118982,2,0,0.002,-0.111,-0.007,0.0,0.0,-0.17500000000000002,0.0,0.0,-0.0112,0.0,0.0,0.0,13450.0,0.0,-0.17500000000000002
69121532,2,0,0.005,-0.111,-0.006,0.0,0.0,-0.17500000000000002,0.0,0.0,-0.0114,0.0,0.0,0.0,16000.0,0.0,-0.17500000000000002
69125939,2,0,0.008,-0.099,-0.013000000000000001,0.0,0.0,-0.17500000000000002,0.0,0.0,-0.0118,0.0,0.0,0.0,20407.0,0.0,-0.17500000000000002
69130532,2,0,0.006,-0.08700000000000001,-0.012,0.0,0.0,-0.17500000000000002,0.0,0.0,-0.012100000000000001,0.0,0.0,0.0,25000.0,0.0,-0.17500000000000002
69134908,2,0,-0.012,-0.069,-0.005,0.0,0.0,-0.17500000000000002,0.0,0.0,-0.012400000000000001,0.0,0.0,0.0,0.0,0.0,-0.17500000000000002
69136948,2,0,-0.012,-0.062,-0.007,0.0,0.0,-0.17500000000000002,0.0,0.0,-0.012400000000000001,0.0,0.0,0.0,2040.0,0.0,-0.17500000000000002
69141532,2,0,-0.012,-0.055,-0.009000000000000001,0.0,0.0,-0.17500000000000002,0.0,0.0,-0.012400000000000001,0.0,0.0,0.0,6624.0,0.0,-0.17500000000000002
69145950,2,0,-0.007,-0.038,0.012,0.0,0.0,-0.17500000000000002,0.0,0.0,-0.0123,0.0,0.0,0.0,11042.0,0.0,-0.17500000000000002
69149954,2,0,-0.009000000000000001,-0.032,0.007,0.0,0.0,-0.17500000000000002,0.0,0.0,-0.0123,0.0,0.0,0.0,15046.0,0.0,-0.17500000000000002
69154003,2,0,-0.012,-0.03,0.0,0.0,0.0,-0.17500000000000002,0.0,0.0,-0.0123,0.0,0.0,0.0,19095.0,0.0,-0.17500000000000002
69159005,2,0,-0.007,-0.034,0.006,0.0,0.0,-0.17500000000000002,0.0,0.0,-0.0123,0.0,0.0,0.0,24097.0,0.0,-0.17500000000000002
69161568,2,0,-0.006,-0.035,0.006,0.0,0.0,-0.17500000000000002,0.0,0.0,-0.012400000000000001,0.0,0.0,0.0,0.0,0.0,-0.17500000000000002
69166556,2,0,0.001,-0.048,-0.005,0.0,0.0,-0.17270000000000002,0.0,0.0,-0.0126,0.0,0.0,0.0,4988.0,0.0,-0.17270000000000002
69169012,2,0,-0.008,-0.051000000000000004,-0.006,0.0,0.0,-0.168,0.0,0.0,-0.012700000000000001,0.0,0.0,0.0,7444.0,0.0,-0.168
69174018,2,0,-0.019,-0.056,-0.007,0.0,0.0,-0.1563,0.0,0.0,-0.013000000000000001,0.0,0.0,0.0,12450.0,0.0,-0.1563
69178531,2,0,-0.012,-0.054,-0.004,0.0,0.0,-0.1447,0.0,0.0,-0.0132,0.0,0.0,0.0,16963.0,0.0,-0.1447
69182532,2,0,-0.002,-0.044,-0.001,0.0,0.0,-0.1353,0.0,0.0,-0.013300000000000001,0.0,0.0,0.0,20964.0,0.0,-0.1353
69184944,2,0,-0.005,-0.042,0.004,0.0,0.0,-0.1307,0.0,0.0,-0.0134,0.0,0.0,0.0,23376.0,0.0,-0.1307
69189028,2,0,-0.008,-0.031,0.006,0.0,0.0,-0.1213,0.0,0.0,-0.0134,0.0,0.0,0.0,0.0,0.0,-0.1213
69193533,2,0,-0.006,-0.021,0.0,0.0,0.0,-0.1097,0.0,0.0,-0.0135,0.0,0.0,0.0,4505.0,0.0,-0.1097
69197991,2,0,0.006,-0.01,-0.002,0.0,0.0,-0.1003,0.0,0.0,-0.013600000000000001,0.0,0.0,0.0,8963.0,0.0,-0.1003
69202993,2,0,0.008,-0.002,0.002,0.0,0.0,-0.0887,0.0,0.0,-0.0137,0.0,0.0,0.0,13965.0,0.0,-0.0887
69204993,2,0,0.006,0.0,0.0,0.0,0.0,-0.084,0.0,0.0,-0.0137,0.0,0.0,0.0,15965.0,0.0,-0.084
69209955,2,0,-0.003,-0.001,0.003,0.0,0.0,-0.0723,0.0,0.0,-0.013800000000000002,0.0,0.0,0.0,20927.0,0.0,-0.0723
69214047,2,0,0.0,0.007,0.002,0.0,0.0,-0.063,0.0,0.0,-0.013900000000000001,0.0,0.0,0.0,25019.0,0.0,-0.063
69218531,2,0,0.005,0.007,0.004,0.0,0.0,-0.051300000000000005,0.0,0.0,-0.013900000000000001,0.0,0.0,0.0,0.0,0.0,-0.051300000000000005
69222532,2,0,0.004,0.014,0.002,0.0,0.0,-0.042,0.0,0.0,-0.014,0.0,0.0,0.0,4001.0,0.0,-0.042
69224971,2,0,0.005,0.018000000000000002,-0.001,0.0,0.0,-0.0373,0.0,0.0,-0.014,0.0,0.0,0.0,6440.0,0.0,-0.0373
69229057,2,0,0.0,0.017,-0.006,0.0,0.0,-0.028,0.0,0.0,-0.013900000000000001,0.0,0.0,0.0,10526.0,0.0,-0.028
69234059,2,0,0.011,0.018000000000000002,-0.004,0.0,0.0,-0.016300000000000002,0.0,0.0,-0.013900000000000001,0.0,0.0,0.0,15528.0,0.0,-0.016300000000000002
69239573,2,0,0.011,0.021,-0.005,0.0,0.0,-0.0023,0.0,0.0,-0.013800000000000002,0.0,0.0,0.0,21042.0,0.0,-0.0023
69242020,2,0,0.001,0.033,-0.006,0.0,0.0,0.0023,0.0,0.0,-0.0137,0.0,0.0,0.0,23489.0,0.0,0.0023
69246554,2,0,0.001,0.044,-0.003,0.0,0.0,0.014,0.0,0.0,-0.013300000000000001,0.0,0.0,0.0,0.0,0.0,0.014
69249070,2,0,0.0,0.061,-0.002,0.0,0.0,0.0187,0.0,0.0,-0.013000000000000001,0.0,0.0,0.0,2516.0,0.0,0.0187
69253567,2,0,0.005,0.092,-0.005,0.0,0.0,0.0303,0.0,0.0,-0.012400000000000001,0.0,0.0,0.0,7013.0,0.0,0.0303
69258032,2,0,0.009000000000000001,0.127,0.005,0.0,0.0,0.0397,0.0,0.0,-0.0118,0.0,0.0,0.0,11478.0,0.0,0.0397
69262032,2,0,0.003,0.165,-0.001,0.0,0.0,0.049,0.0,0.0,-0.0112,0.0,0.0,0.0,15478.0,0.0,0.049
69266553,2,0,0.003,0.188,-0.007,0.0,0.0,0.060700000000000004,0.0,0.0,-0.0103,0.0,0.0,0.0,19999.0,0.0,0.060700000000000004
69269084,2,0,0.007,0.197,-0.004,0.0,0.0,0.0653,0.0,0.0,-0.0095,0.0,0.0,0.0,22530.0,0.0,0.0653
69274085,2,0,0.011,0.209,-0.001,0.0,0.0,0.077,0.0,0.0,-0.008400000000000001,0.0,0.0,0.0,0.0,0.0,0.077
69279091,2,0,0.004,0.192,-0.001,0.0,0.0,0.0887,0.0,0.0,-0.0076,0.0,0.0,0.0,5006.0,0.0,0.0887
69281530,2,0,-0.002,0.19,-0.003,0.0,0.0,0.09570000000000001,0.0,0.0,-0.0074,0.0,0.0,0.0,7445.0,0.0,0.09570000000000001
69286560,2,0,-0.01,0.163,-0.008,0.0,0.0,0.1073,0.0,0.0,-0.0068000000000000005,0.0,0.0,0.0,12475.0,0.0,0.1073
69289096,2,0,-0.003,0.154,-0.007,0.0,0.0,0.112,0.0,0.0,-0.006500000000000001,0.0,0.0,0.0,15011.0,0.0,0.112
69294104,2,0,0.005,0.151,-0.013000000000000001,0.0,0.0,0.126,0.0,0.0,-0.006,0.0,0.0,0.0,20019.0,0.0,0.126
69299106,2,0,0.002,0.14,0.002,0.0,0.0,0.13770000000000002,0.0,0.0,-0.0054,0.0,0.0,0.0,25021.0,0.0,0.13770000000000002
69301532,2,0,0.001,0.153,-0.001,0.0,0.0,0.1423,0.0,0.0,-0.0051,0.0,0.0,0.0,0.0,0.0,0.1423
69306063,2,0,-0.005,0.165,0.0,0.0,0.0,0.1517,0.0,0.0,-0.0043,0.0,0.0,0.0,4531.0,0.0,0.1517
69310530,2,0,-0.002,0.17300000000000001,0.014,0.0,0.0,0.1633,0.0,0.0,-0.0035,0.0,0.0,0.0,8998.0,0.0,0.1633
69315034,2,0,0.001,0.185,0.017,0.0,0.0,0.17270000000000002,0.0,0.0,-0.0025,0.0,0.0,0.0,13502.0,0.0,0.17270000000000002
69317076,2,0,-0.004,0.187,0.011,0.0,0.0,0.17500000000000002,0.0,0.0,-0.0021000000000000003,0.0,0.0,0.0,15544.0,0.0,0.17500000000000002
69321530,2,0,-0.017,0.196,0.009000000000000001,0.0,0.0,0.17500000000000002,0.0,0.0,-0.0013000000000000002,0.0,0.0,0.0,19998.0,0.0,0.17500000000000002
69325531,2,0,-0.013000000000000001,0.199,0.011,0.0,0.0,0.17500000000000002,0.0,0.0,-0.0005,0.0,0.0,0.0,23999.0,0.0,0.17500000000000002
69330038,2,0,-0.003,0.194,0.003,0.0,0.0,0.17500000000000002,0.0,0.0,0.0006000000000000001,0.0,0.0,0.0,0.0,0.0,0.17500000000000002
69334128,2,0,-0.007,0.189,-0.002,0.0,0.0,0.17500000000000002,0.0,0.0,0.0015,0.0,0.0,0.0,4090.0,0.0,0.17500000000000002
69338565,2,0,-0.012,0.196,-0.003,0.0,0.0,0.17500000000000002,0.0,0.0,0.0024000000000000002,0.0,0.0,0.0,8527.0,0.0,0.17500000000000002
69341090,2,0,-0.018000000000000002,0.194,-0.011,0.0,0.0,0.17500000000000002,0.0,0.0,0.003,0.0,0.0,0.0,11052.0,0.0,0.17500000000000002
69345090,2,0,-0.012,0.188,-0.018000000000000002,0.0,0.0,0.17500000000000002,0.0,0.0,0.0039000000000000003,0.0,0.0,0.0,15052.0,0.0,0.17500000000000002
69349141,2,0,0.003,0.188,-0.006,0.0,0.0,0.17500000000000002,0.0,0.0,0.0047,0.0,0.0,0.0,19103.0,0.0,0.17500000000000002
69353529,2,0,0.009000000000000001,0.177,-0.008,0.0,0.0,0.17500000000000002,0.0,0.0,0.0055000000000000005,0.0,0.0,0.0,23491.0,0.0,0.17500000000000002
69357530,2,0,0.001,0.159,-0.016,0.0,0.0,0.17500000000000002,0.0,0.0,0.006200000000000001,0.0,0.0,0.0,0.0,0.0,0.17500000000000002
69361566,2,0,0.003,0.147,-0.009000000000000001,0.0,0.0,0.17500000000000002,0.0,0.0,0.0068000000000000005,0.0,0.0,0.0,4036.0,0.0,0.17500000000000002
69366530,2,0,0.002,0.126,-0.003,0.0,0.0,0.17500000000000002,0.0,0.0,0.0074,0.0,0.0,0.0,9000.0,0.0,0.17500000000000002
69371070,2,0,0.001,0.112,-0.004,0.0,0.0,0.17500000000000002,0.0,0.0,0.0079,0.0,0.0,0.0,13540.0,0.0,0.17500000000000002
69373113,2,0,-0.001,0.105,0.004,0.0,0.0,0.17500000000000002,0.0,0.0,0.0081,0.0,0.0,0.0,15583.0,0.0,0.17500000000000002
69377116,2,0,-0.004,0.092,0.017,0.0,0.0,0.17500000000000002,0.0,0.0,0.0085,0.0,0.0,0.0,19586.0,0.0,0.17500000000000002
69381554,2,0,0.002,0.08,0.016,0.0,0.0,0.17500000000000002,0.0,0.0,0.0089,0.0,0.0,0.0,24024.0,0.0,0.17500000000000002
69386530,2,0,0.006,0.077,0.014,0.0,0.0,0.17500000000000002,0.0,0.0,0.009300000000000001,0.0,0.0,0.0,0.0,0.0,0.17500000000000002
69389169,2,0,0.005,0.074,0.012,0.0,0.0,0.17500000000000002,0.0,0.0,0.009600000000000001,0.0,0.0,0.0,2639.0,0.0,0.17500000000000002
69393529,2,0,0.013000000000000001,0.069,0.002,0.0,0.0,0.17500000000000002,0.0,0.0,0.0099,0.0,0.0,0.0,6999.0,0.0,0.17500000000000002
69397530,2,0,0.02,0.061,-0.012,0.0,0.0,0.17500000000000002,0.0,0.0,0.010100000000000001,0.0,0.0,0.0,11000.0,0.0,0.17500000000000002
69401590,2,0,0.015,0.058,-0.011,0.0,0.0,0.17500000000000002,0.0,0.0,0.010400000000000001,0.0,0.0,0.0,15060.0,0.0,0.17500000000000002
69406529,2,0,0.012,0.038,-0.015,0.0,0.0,0.17500000000000002,0.0,0.0,0.0106,0.0,0.0,0.0,19999.0,0.0,0.17500000000000002
69410530,2,0,0.007,0.034,-0.014,0.0,0.0,0.17500000000000002,0.0,0.0,0.010700000000000001,0.0,0.0,0.0,24000.0,0.0,0.17500000000000002
69413103,2,0,0.007,0.029,-0.009000000000000001,0.0,0.0,0.17500000000000002,0.0,0.0,0.0108,0.0,0.0,0.0,0.0,0.0,0.17500000000000002
69417144,2,0,0.004,0.015,-0.009000000000000001,0.0,0.0,0.1703,0.0,0.0,0.0108,0.0,0.0,0.0,4041.0,0.0,0.1703
69421554,2,0,0.006,0.011,-0.006,0.0,0.0,0.161,0.0,0.0,0.0108,0.0,0.0,0.0,8451.0,0.0,0.161
69426149,2,0,0.006,-0.002,0.005,0.0,0.0,0.14930000000000002,0.0,0.0,0.0108,0.0,0.0,0.0,13046.0,0.0,0.14930000000000002
69431572,2,0,0.012,-0.008,0.0,0.0,0.0,0.13770000000000002,0.0,0.0,0.0108,0.0,0.0,0.0,18469.0,0.0,0.13770000000000002
69434201,2,0,0.01,-0.016,-0.003,0.0,0.0,0.1307,0.0,0.0,0.010700000000000001,0.0,0.0,0.0,21098.0,0.0,0.1307
69439203,2,0,0.003,-0.019,0.013000000000000001,0.0,0.0,0.11900000000000001,0.0,0.0,0.0106,0.0,0.0,0.0,26100.0,0.0,0.11900000000000001
69441590,2,0,0.001,-0.021,0.012,0.0,0.0,0.1143,0.0,0.0,0.0106,0.0,0.0,0.0,0.0,0.0,0.1143
69446528,2,0,0.003,-0.023,0.003,0.0,0.0,0.1027,0.0,0.0,0.0106,0.0,0.0,0.0,4938.0,0.0,0.1027
69450529,2,0,0.002,-0.022,0.012,0.0,0.0,0.09330000000000001,0.0,0.0,0.0106,0.0,0.0,0.0,8939.0,0.0,0.09330000000000001
69453131,2,0,0.006,-0.026000000000000002,0.014,0.0,0.0,0.0863,0.0,0.0,0.0106,0.0,0.0,0.0,11541.0,0.0,0.0863
69457137,2,0,0.0,-0.024,-0.002,0.0,0.0,0.077,0.0,0.0,0.0106,0.0,0.0,0.0,15547.0,0.0,0.077
69461589,2,0,-0.01,-0.023,-0.003,0.0,0.0,0.06770000000000001,0.0,0.0,0.0105,0.0,0.0,0.0,19999.0,0.0,0.06770000000000001
69466177,2,0,-0.001,-0.025,0.0,0.0,0.0,0.056,0.0,0.0,0.010400000000000001,0.0,0.0,0.0,24587.0,0.0,0.056
69470525,2,0,-0.004,-0.03,-0.003,0.0,0.0,0.046700000000000005,0.0,0.0,0.010400000000000001,0.0,0.0,0.0,0.0,0.0,0.046700000000000005
69475185,2,0,-0.009000000000000001,-0.036000000000000004,-0.005,0.0,0.0,0.035,0.0,0.0,0.0102,0.0,0.0,0.0,4660.0,0.0,0.035
69477187,2,0,-0.011,-0.034,0.001,0.0,0.0,0.0303,0.0,0.0,0.010100000000000001,0.0,0.0,0.0,6662.0,0.0,0.0303
69481553,2,0,-0.015,-0.031,0.003,0.0,0.0,0.021,0.0,0.0,0.01,0.0,0.0,0.0,11028.0,0.0,0.021
69486527,2,0,-0.006,-0.03,0.003,0.0,0.0,0.009300000000000001,0.0,0.0,0.0099,0.0,0.0,0.0,16002.0,0.0,0.009300000000000001
69489238,2,0,-0.003,-0.027,0.009000000000000001,0.0,0.0,0.0023,0.0,0.0,0.0098,0.0,0.0,0.0,18713.0,0.0,0.0023
69493528,2,0,-0.008,-0.043000000000000003,0.005,0.0,0.0,-0.007,0.0,0.0,0.0097,0.0,0.0,0.0,23003.0,0.0,-0.007
69498199,2,0,-0.012,-0.058,0.005,0.0,0.0,-0.0187,0.0,0.0,0.009300000000000001,0.0,0.0,0.0,0.0,0.0,-0.0187
69502202,2,0,0.001,-0.075,0.009000000000000001,0.0,0.0,-0.028,0.0,0.0,0.0089,0.0,0.0,0.0,4003.0,0.0,-0.028
69506525,2,0,-0.006,-0.108,0.008,0.0,0.0,-0.0373,0.0,0.0,0.0083,0.0,0.0,0.0,8326.0,0.0,-0.0373
69511170,2,0,-0.006,-0.147,0.003,0.0,0.0,-0.049,0.0,0.0,0.0073,0.0,0.0,0.0,12971.0,0.0,-0.049
69513210,2,0,-0.009000000000000001,-0.162,0.003,0.0,0.0,-0.053700000000000005,0.0,0.0,0.006900000000000001,0.0,0.0,0.0,15011.0,0.0,-0.053700000000000005
69517529,2,0,-0.011,-0.185,-0.002,0.0,0.0,-0.063,0.0,0.0,0.0061,0.0,0.0,0.0,19330.0,0.0,-0.063
69521588,2,0,-0.014,-0.199,-0.001,0.0,0.0,-0.0723,0.0,0.0,0.005200000000000001,0.0,0.0,0.0,23389.0,0.0,-0.0723
69526527,2,0,-0.012,-0.215,-0.002,0.0,0.0,-0.084,0.0,0.0,0.0043,0.0,0.0,0.0,0.0,0.0,-0.084
69530527,2,0,-0.019,-0.21,0.002,0.0,0.0,-0.09330000000000001,0.0,0.0,0.0037,0.0,0.0,0.0,4000.0,0.0,-0.09330000000000001
69535189,2,0,-0.004,-0.197,0.004,0.0,0.0,-0.10500000000000001,0.0,0.0,0.0031000000000000003,0.0,0.0,0.0,8662.0,0.0,-0.10500000000000001
69537192,2,0,0.006,-0.192,0.004,0.0,0.0,-0.1097,0.0,0.0,0.0029000000000000002,0.0,0.0,0.0,10665.0,0.0,-0.1097
69541552,2,0,0.015,-0.183,0.007,0.0,0.0,-0.11900000000000001,0.0,0.0,0.0023,0.0,0.0,0.0,15025.0,0.0,-0.11900000000000001
69546528,2,0,0.014,-0.186,0.004,0.0,0.0,-0.1307,0.0,0.0,0.0017000000000000001,0.0,0.0,0.0,20001.0,0.0,-0.1307
69549245,2,0,0.011,-0.184,-0.004,0.0,0.0,-0.13770000000000002,0.0,0.0,0.0013000000000000002,0.0,0.0,0.0,22718.0,0.0,-0.13770000000000002
69554283,2,0,0.007,-0.189,-0.002,0.0,0.0,-0.14930000000000002,0.0,0.0,0.0004,0.0,0.0,0.0,0.0,0.0,-0.14930000000000002
69559572,2,0,0.01,-0.201,0.003,0.0,0.0,-0.161,0.0,0.0,-0.00030000000000000003,0.0,0.0,0.0,5289.0,0.0,-0.161
69561588,2,0,0.005,-0.209,0.002,0.0,0.0,-0.16570000000000001,0.0,0.0,-0.0009000000000000001,0.0,0.0,0.0,7305.0,0.0,-0.16570000000000001
69566527,2,0,0.01,-0.222,-0.002,0.0,0.0,-0.17500000000000002,0.0,0.0,-0.0021000000000000003,0.0,0.0,0.0,12244.0,0.0,-0.17500000000000002
69570528,2,0,0.008,-0.233,0.0,0.0,0.0,-0.17500000000000002,0.0,0.0,-0.0031000000000000003,0.0,0.0,0.0,16245.0,0.0,-0.17500000000000002
69573216,2,0,0.012,-0.23700000000000002,0.0,0.0,0.0,-0.17500000000000002,0.0,0.0,-0.0039000000000000003,0.0,0.0,0.0,18933.0,0.0,-0.17500000000000002
69577257,2,0,0.011,-0.23600000000000002,0.003,0.0,0.0,-0.17500000000000002,0.0,0.0,-0.0049,0.0,0.0,0.0,22974.0,0.0,-0.17500000000000002
69581552,2,0,0.01,-0.23500000000000001,0.0,0.0,0.0,-0.17500000000000002,0.0,0.0,-0.0059,0.0,0.0,0.0,0.0,0.0,-0.17500000000000002
69586527,2,0,0.013000000000000001,-0.225,0.002,0.0,0.0,-0.17500000000000002,0.0,0.0,-0.0071,0.0,0.0,0.0,4975.0,0.0,-0.17500000000000002
69589271,2,0,0.014,-0.218,0.004,0.0,0.0,-0.17500000000000002,0.0,0.0,-0.0078000000000000005,0.0,0.0,0.0,7719.0,0.0,-0.17500000000000002
69594312,2,0,0.006,-0.195,0.008,0.0,0.0,-0.17500000000000002,0.0,0.0,-0.0089,0.0,0.0,0.0,12760.0,0.0,-0.17500000000000002
69598563,2,0,0.002,-0.17200000000000001,0.006,0.0,0.0,-0.17500000000000002,0.0,0.0,-0.009600000000000001,0.0,0.0,0.0,17011.0,0.0,-0.17500000000000002
69601270,2,0,0.0,-0.17,0.011,0.0,0.0,-0.17500000000000002,0.0,0.0,-0.01,0.0,0.0,0.0,19718.0,0.0,-0.17500000000000002
69605563,2,0,-0.004,-0.154,0.003,0.0,0.0,-0.17500000000000002,0.0,0.0,-0.0106,0.0,0.0,0.0,24011.0,0.0,-0.17500000000000002
69610276,2,0,0.0,-0.134,0.005,0.0,0.0,-0.17500000000000002,0.0,0.0,-0.011300000000000001,0.0,0.0,0.0,0.0,0.0,-0.17500000000000002
69614324,2,0,-0.006,-0.133,-0.006,0.0,0.0,-0.17500000000000002,0.0,0.0,-0.0119,0.0,0.0,0.0,4048.0,0.0,-0.17500000000000002
69619291,2,0,-0.006,-0.11900000000000001,-0.009000000000000001,0.0,0.0,-0.17500000000000002,0.0,0.0,-0.0126,0.0,0.0,0.0,9015.0,0.0,-0.17500000000000002
69621587,2,0,-0.003,-0.11800000000000001,-0.006,0.0,0.0,-0.17500000000000002,0.0,0.0,-0.0128,0.0,0.0,0.0,11311.0,0.0,-0.17500000000000002
69626288,2,0,-0.003,-0.11,-0.012,0.0,0.0,-0.17500000000000002,0.0,0.0,-0.0134,0.0,0.0,0.0,16012.0,0.0,-0.17500000000000002
69630292,2,0,-0.005,-0.108,-0.007,0.0,0.0,-0.17500000000000002,0.0,0.0,-0.013800000000000002,0.0,0.0,0.0,20016.0,0.0,-0.17500000000000002
69634338,2,0,-0.019,-0.09,0.002,0.0,0.0,-0.17500000000000002,0.0,0.0,-0.0142,0.0,0.0,0.0,24062.0,0.0,-0.17500000000000002
69639306,2,0,-0.025,-0.075,-0.005,0.0,0.0,-0.17500000000000002,0.0,0.0,-0.014400000000000001,0.0,0.0,0.0,0.0,0.0,-0.17500000000000002
69641586,2,0,-0.022,-0.068,-0.002,0.0,0.0,-0.17500000000000002,0.0,0.0,-0.014400000000000001,0.0,0.0,0.0,2280.0,0.0,-0.17500000000000002
69646527,2,0,-0.008,-0.045,0.013000000000000001,0.0,0.0,-0.17500000000000002,0.0,0.0,-0.014400000000000001,0.0,0.0,0.0,7221.0,0.0,-0.17500000000000002
69649311,2,0,-0.009000000000000001,-0.042,0.016,0.0,0.0,-0.17500000000000002,0.0,0.0,-0.014400000000000001,0.0,0.0,0.0,10005.0,0.0,-0.17500000000000002
69654352,2,0,-0.014,-0.031,0.005,0.0,0.0,-0.17500000000000002,0.0,0.0,-0.014400000000000001,0.0,0.0,0.0,15046.0,0.0,-0.17500000000000002
69658524,2,0,-0.01,-0.032,0.002,0.0,0.0,-0.17500000000000002,0.0,0.0,-0.0145,0.0,0.0,0.0,19218.0,0.0,-0.17500000000000002
69663276,2,0,-0.001,-0.037,-0.001,0.0,0.0,-0.17500000000000002,0.0,0.0,-0.014700000000000001,0.0,0.0,0.0,23970.0,0.0,-0.17500000000000002
69665328,2,0,0.0,-0.041,-0.005,0.0,0.0,-0.17500000000000002,0.0,0.0,-0.0148,0.0,0.0,0.0,0.0,0.0,-0.17500000000000002
69669527,2,0,-0.012,-0.044,-0.007,0.0,0.0,-0.16570000000000001,0.0,0.0,-0.015000000000000001,0.0,0.0,0.0,4199.0,0.0,-0.16570000000000001
69674367,2,0,-0.023,-0.043000000000000003,-0.001,0.0,0.0,-0.154,0.0,0.0,-0.0152,0.0,0.0,0.0,9039.0,0.0,-0.154
69678525,2,0,-0.017,-0.037,0.004,0.0,0.0,-0.1447,0.0,0.0,-0.015300000000000001,0.0,0.0,0.0,13197.0,0.0,-0.1447
69681325,2,0,-0.008,-0.029,0.003,0.0,0.0,-0.13770000000000002,0.0,0.0,-0.0154,0.0,0.0,0.0,15997.0,0.0,-0.13770000000000002
69685327,2,0,0.001,-0.027,0.011,0.0,0.0,-0.1283,0.0,0.0,-0.0154,0.0,0.0,0.0,19999.0,0.0,-0.1283
69690330,2,0,0.0,-0.009000000000000001,-0.001,0.0,0.0,-0.11670000000000001,0.0,0.0,-0.0154,0.0,0.0,0.0,25002.0,0.0,-0.11670000000000001
69694379,2,0,0.007,0.002,-0.009000000000000001,0.0,0.0,-0.1073,0.0,0.0,-0.0154,0.0,0.0,0.0,0.0,0.0,-0.1073
69698563,2,0,0.013000000000000001,0.005,-0.004,0.0,0.0,-0.098,0.0,0.0,-0.015300000000000001,0.0,0.0,0.0,4184.0,0.0,-0.098
69701347,2,0,0.009000000000000001,0.007,0.001,0.0,0.0,-0.091,0.0,0.0,-0.015300000000000001,0.0,0.0,0.0,6968.0,0.0,-0.091
69705526,2,0,0.009000000000000001,0.01,-0.003,0.0,0.0,-0.08170000000000001,0.0,0.0,-0.0154,0.0,0.0,0.0,11147.0,0.0,-0.08170000000000001
69710345,2,0,0.004,0.011,0.004,0.0,0.0,-0.07,0.0,0.0,-0.0154,0.0,0.0,0.0,15966.0,0.0,-0.07
69714348,2,0,0.003,0.009000000000000001,0.006,0.0,0.0,-0.060700000000000004,0.0,0.0,-0.0154,0.0,0.0,0.0,19969.0,0.0,-0.060700000000000004
69719571,2,0,0.008,0.011,0.005,0.0,0.0,-0.049,0.0,0.0,-0.015300000000000001,0.0,0.0,0.0,25192.0,0.0,-0.049
69722353,2,0,0.016,0.018000000000000002,0.007,0.0,0.0,-0.042,0.0,0.0,-0.015300000000000001,0.0,0.0,0.0,0.0,0.0,-0.042
69726562,2,0,0.016,0.016,0.003,0.0,0.0,-0.0327,0.0,0.0,-0.0152,0.0,0.0,0.0,4209.0,0.0,-0.0327
69731341,2,0,0.012,0.016,-0.009000000000000001,0.0,0.0,-0.021,0.0,0.0,-0.0151,0.0,0.0,0.0,8988.0,0.0,-0.021
69733562,2,0,0.01,0.014,-0.01,0.0,0.0,-0.016300000000000002,0.0,0.0,-0.0151,0.0,0.0,0.0,11209.0,0.0,-0.016300000000000002
69738364,2,0,0.012,0.022,-0.004,0.0,0.0,-0.0047,0.0,0.0,-0.015000000000000001,0.0,0.0,0.0,16011.0,0.0,-0.0047
69742525,2,0,0.008,0.034,-0.003,0.0,0.0,0.0047,0.0,0.0,-0.0148,0.0,0.0,0.0,20172.0,0.0,0.0047
69746562,2,0,0.006,0.047,-0.009000000000000001,0.0,0.0,0.014,0.0,0.0,-0.014400000000000001,0.0,0.0,0.0,24209.0,0.0,0.014
69749417,2,0,-0.002,0.074,-0.006,0.0,0.0,0.021,0.0,0.0,-0.014,0.0,0.0,0.0,0.0,0.0,0.021
69754420,2,0,0.012,0.111,0.004,0.0,0.0,0.0327,0.0,0.0,-0.0131,0.0,0.0,0.0,5003.0,0.0,0.0327
69759424,2,0,0.006,0.154,0.002,0.0,0.0,0.0443,0.0,0.0,-0.012,0.0,0.0,0.0,10007.0,0.0,0.0443
69761548,2,0,0.002,0.17400000000000002,0.003,0.0,0.0,0.049,0.0,0.0,-0.011600000000000001,0.0,0.0,0.0,12131.0,0.0,0.049
69766524,2,0,-0.001,0.194,-0.007,0.0,0.0,0.060700000000000004,0.0,0.0,-0.0103,0.0,0.0,0.0,17107.0,0.0,0.060700000000000004
69771349,2,0,0.001,0.211,-0.008,0.0,0.0,0.0723,0.0,0.0,-0.009300000000000001,0.0,0.0,0.0,21932.0,0.0,0.0723
69773387,2,0,0.006,0.21,-0.002,0.0,0.0,0.077,0.0,0.0,-0.0089,0.0,0.0,0.0,23970.0,0.0,0.077
69777393,2,0,0.003,0.195,0.003,0.0,0.0,0.0863,0.0,0.0,-0.0083,0.0,0.0,0.0,0.0,0.0,0.0863
69781681,2,0,-0.005,0.191,-0.005,0.0,0.0,0.09570000000000001,0.0,0.0,-0.0078000000000000005,0.0,0.0,0.0,4288.0,0.0,0.09570000000000001
69786396,2,0,-0.007,0.165,-0.008,0.0,0.0,0.1073,0.0,0.0,-0.0073,0.0,0.0,0.0,9003.0,0.0,0.1073
69790410,2,0,-0.003,0.164,-0.007,0.0,0.0,0.11670000000000001,0.0,0.0,-0.006900000000000001,0.0,0.0,0.0,13017.0,0.0,0.11670000000000001
69795365,2,0,0.0,0.159,-0.003,0.0,0.0,0.1283,0.0,0.0,-0.006200000000000001,0.0,0.0,0.0,17972.0,0.0,0.1283
69797408,2,0,-0.001,0.159,0.0,0.0,0.0,0.133,0.0,0.0,-0.006,0.0,0.0,0.0,20015.0,0.0,0.133
69801764,2,0,-0.009000000000000001,0.177,-0.001,0.0,0.0,0.1423,0.0,0.0,-0.0053,0.0,0.0,0.0,24371.0,0.0,0.1423
69806562,2,0,-0.009000000000000001,0.193,0.001,0.0,0.0,0.154,0.0,0.0,-0.0043,0.0,0.0,0.0,0.0,0.0,0.154
69809459,2,0,-0.003,0.197,0.009000000000000001,0.0,0.0,0.161,0.0,0.0,-0.0036000000000000003,0.0,0.0,0.0,2897.0,0.0,0.161
69813525,2,0,-0.004,0.20500000000000002,0.015,0.0,0.0,0.1703,0.0,0.0,-0.0026000000000000003,0.0,0.0,0.0,6963.0,0.0,0.1703
69818381,2,0,-0.011,0.20700000000000002,0.004,0.0,0.0,0.17500000000000002,0.0,0.0,-0.0015,0.0,0.0,0.0,11819.0,0.0,0.17500000000000002
69822423,2,0,-0.016,0.21,0.006,0.0,0.0,0.17500000000000002,0.0,0.0,-0.0006000000000000001,0.0,0.0,0.0,15861.0,0.0,0.17500000000000002
69826525,2,0,-0.007,0.20700000000000002,0.007,0.0,0.0,0.17500000000000002,0.0,0.0,0.0002,0.0,0.0,0.0,19963.0,0.0,0.17500000000000002
69830562,2,0,-0.021,0.191,-0.003,0.0,0.0,0.17500000000000002,0.0,0.0,0.0011,0.0,0.0,0.0,24000.0,0.0,0.17500000000000002
69835392,2,0,-0.007,0.184,-0.008,0.0,0.0,0.17500000000000002,0.0,0.0,0.0022,0.0,0.0,0.0,0.0,0.0,0.17500000000000002
69837434,2,0,-0.008,0.179,-0.009000000000000001,0.0,0.0,0.17500000000000002,0.0,0.0,0.0026000000000000003,0.0,0.0,0.0,2042.0,0.0,0.17500000000000002
69841524,2,0,-0.022,0.178,-0.013000000000000001,0.0,0.0,0.17500000000000002,0.0,0.0,0.0034000000000000002,0.0,0.0,0.0,6132.0,0.0,0.17500000000000002
69846438,2,0,-0.004,0.17300000000000001,-0.014,0.0,0.0,0.17500000000000002,0.0,0.0,0.0045000000000000005,0.0,0.0,0.0,11046.0,0.0,0.17500000000000002
69851402,2,0,0.005,0.17200000000000001,-0.005,0.0,0.0,0.17500000000000002,0.0,0.0,0.0055000000000000005,0.0,0.0,0.0,16010.0,0.0,0.17500000000000002
69853405,2,0,0.006,0.169,-0.008,0.0,0.0,0.17500000000000002,0.0,0.0,0.0059,0.0,0.0,0.0,18013.0,0.0,0.17500000000000002
69857410,2,0,-0.002,0.152,-0.015,0.0,0.0,0.17500000000000002,0.0,0.0,0.0067,0.0,0.0,0.0,22018.0,0.0,0.17500000000000002
69861524,2,0,0.008,0.14,-0.005,0.0,0.0,0.17500000000000002,0.0,0.0,0.0073,0.0,0.0,0.0,0.0,0.0,0.17500000000000002
69865563,2,0,0.006,0.127,0.004,0.0,0.0,0.17500000000000002,0.0,0.0,0.0078000000000000005,0.0,0.0,0.0,4039.0,0.0,0.17500000000000002
69870455,2,0,0.007,0.117,0.0,0.0,0.0,0.17500000000000002,0.0,0.0,0.0083,0.0,0.0,0.0,8931.0,0.0,0.17500000000000002
69874505,2,0,-0.008,0.10200000000000001,0.015,0.0,0.0,0.17500000000000002,0.0,0.0,0.008700000000000001,0.0,0.0,0.0,12981.0,0.0,0.17500000000000002
69879595,2,0,-0.006,0.092,0.017,0.0,0.0,0.17500000000000002,0.0,0.0,0.009000000000000001,0.0,0.0,0.0,18071.0,0.0,0.17500000000000002
69882425,2,0,0.005,0.081,0.012,0.0,0.0,0.17500000000000002,0.0,0.0,0.009300000000000001,0.0,0.0,0.0,20901.0,0.0,0.17500000000000002
69886524,2,0,0.006,0.078,0.015,0.0,0.0,0.17500000000000002,0.0,0.0,0.009600000000000001,0.0,0.0,0.0,25000.0,0.0,0.17500000000000002
69890525,2,0,0.009000000000000001,0.074,0.014,0.0,0.0,0.17500000000000002,0.0,0.0,0.0098,0.0,0.0,0.0,0.0,0.0,0.17500000000000002
69895432,2,0,0.021,0.07100000000000001,-0.003,0.0,0.0,0.17500000000000002,0.0,0.0,0.010100000000000001,0.0,0.0,0.0,4907.0,0.0,0.17500000000000002
69897437,2,0,0.024,0.068,-0.009000000000000001,0.0,0.0,0.17500000000000002,0.0,0.0,0.0103,0.0,0.0,0.0,6912.0,0.0,0.17500000000000002
69902476,2,0,0.018000000000000002,0.062,-0.011,0.0,0.0,0.17500000000000002,0.0,0.0,0.0106,0.0,0.0,0.0,11951.0,0.0,0.17500000000000002
69906561,2,0,0.017,0.067,-0.012,0.0,0.0,0.17500000000000002,0.0,0.0,0.0108,0.0,0.0,0.0,16036.0,0.0,0.17500000000000002
69911571,2,0,0.012,0.054,-0.014,0.0,0.0,0.17500000000000002,0.0,0.0,0.011000000000000001,0.0,0.0,0.0,21046.0,0.0,0.17500000000000002
69914532,2,0,0.018000000000000002,0.051000000000000004,-0.005,0.0,0.0,0.17500000000000002,0.0,0.0,0.0112,0.0,0.0,0.0,24007.0,0.0,0.17500000000000002
69919562,2,0,0.014,0.038,-0.001,0.0,0.0,0.16570000000000001,0.0,0.0,0.011300000000000001,0.0,0.0,0.0,0.0,0.0,0.16570000000000001
69922490,2,0,0.012,0.033,-0.001,0.0,0.0,0.1587,0.0,0.0,0.0114,0.0,0.0,0.0,2928.0,0.0,0.1587
69926563,2,0,0.009000000000000001,0.018000000000000002,0.006,0.0,0.0,0.14930000000000002,0.0,0.0,0.0115,0.0,0.0,0.0,7001.0,0.0,0.14930000000000002
69929544,2,0,0.011,0.005,0.006,0.0,0.0,0.1423,0.0,0.0,0.0115,0.0,0.0,0.0,9982.0,0.0,0.1423
69933563,2,0,0.013000000000000001,0.003,0.005,0.0,0.0,0.133,0.0,0.0,0.0115,0.0,0.0,0.0,14001.0,0.0,0.133
69938505,2,0,0.01,-0.009000000000000001,0.002,0.0,0.0,0.1213,0.0,0.0,0.0115,0.0,0.0,0.0,18943.0,0.0,0.1213
69943572,2,0,0.005,-0.007,0.012,0.0,0.0,0.1097,0.0,0.0,0.011600000000000001,0.0,0.0,0.0,24010.0,0.0,0.1097
69946468,2,0,0.001,-0.016,0.008,0.0,0.0,0.1027,0.0,0.0,0.0117,0.0,0.0,0.0,0.0,0.0,0.1027
69951511,2,0,0.002,-0.018000000000000002,0.008,0.0,0.0,0.091,0.0,0.0,0.0118,0.0,0.0,0.0,5043.0,0.0,0.091
69953563,2,0,0.0,-0.018000000000000002,0.007,0.0,0.0,0.0863,0.0,0.0,0.0118,0.0,0.0,0.0,7095.0,0.0,0.0863
69958556,2,0,-0.002,-0.022,-0.007,0.0,0.0,0.0747,0.0,0.0,0.0118,0.0,0.0,0.0,12088.0,0.0,0.0747
69961518,2,0,-0.005,-0.023,-0.004,0.0,0.0,0.06770000000000001,0.0,0.0,0.0118,0.0,0.0,0.0,15050.0,0.0,0.06770000000000001
69965564,2,0,-0.003,-0.027,-0.002,0.0,0.0,0.058300000000000005,0.0,0.0,0.0118,0.0,0.0,0.0,19096.0,0.0,0.058300000000000005
69970517,2,0,-0.004,-0.037,-0.005,0.0,0.0,0.046700000000000005,0.0,0.0,0.0118,0.0,0.0,0.0,24049.0,0.0,0.046700000000000005
69974573,2,0,-0.008,-0.037,-0.01,0.0,0.0,0.0373,0.0,0.0,0.011600000000000001,0.0,0.0,0.0,0.0,0.0,0.0373
69976643,2,0,-0.012,-0.036000000000000004,-0.009000000000000001,0.0,0.0,0.0327,0.0,0.0,0.011600000000000001,0.0,0.0,0.0,2070.0,0.0,0.0327
69982533,2,0,-0.014,-0.037,0.0,0.0,0.0,0.0187,0.0,0.0,0.011300000000000001,0.0,0.0,0.0,7960.0,0.0,0.0187
69987537,2,0,-0.013000000000000001,-0.033,-0.001,0.0,0.0,0.007,0.0,0.0,0.0112,0.0,0.0,0.0,12964.0,0.0,0.007
69989621,2,0,-0.011,-0.037,0.0,0.0,0.0,0.0023,0.0,0.0,0.0111,0.0,0.0,0.0,15048.0,0.0,0.0023
69994588,2,0,-0.012,-0.056,0.002,0.0,0.0,-0.009300000000000001,0.0,0.0,0.010700000000000001,0.0,0.0,0.0,20015.0,0.0,-0.009300000000000001
69997546,2,0,-0.013000000000000001,-0.058,0.0,0.0,0.0,-0.016300000000000002,0.0,0.0,0.0105,0.0,0.0,0.0,22973.0,0.0,-0.016300000000000002
70002584,2,0,-0.006,-0.08700000000000001,0.002,0.0,0.0,-0.028,0.0,0.0,0.0098,0.0,0.0,0.0,0.0,0.0,-0.028
70004594,2,0,-0.007,-0.10200000000000001,-0.001,0.0,0.0,-0.0327,0.0,0.0,0.0095,0.0,0.0,0.0,2010.0,0.0,-0.0327
70009560,2,0,-0.011,-0.135,-0.003,0.0,0.0,-0.0443,0.0,0.0,0.0086,0.0,0.0,0.0,6976.0,0.0,-0.0443
70014637,2,0,-0.017,-0.166,-0.002,0.0,0.0,-0.056,0.0,0.0,0.0076,0.0,0.0,0.0,12053.0,0.0,-0.056
70017560,2,0,-0.023,-0.18,0.0,0.0,0.0,-0.063,0.0,0.0,0.006900000000000001,0.0,0.0,0.0,14976.0,0.0,-0.063
70022562,2,0,-0.018000000000000002,-0.199,-0.001,0.0,0.0,-0.0747,0.0,0.0,0.0059,0.0,0.0,0.0,19978.0,0.0,-0.0747
70024644,2,0,-0.013000000000000001,-0.201,-0.003,0.0,0.0,-0.07930000000000001,0.0,0.0,0.0056,0.0,0.0,0.0,22060.0,0.0,-0.07930000000000001
70029573,2,0,-0.017,-0.198,0.002,0.0,0.0,-0.091,0.0,0.0,0.0048000000000000004,0.0,0.0,0.0,0.0,0.0,-0.091
70034634,2,0,-0.008,-0.185,0.009000000000000001,0.0,0.0,-0.1027,0.0,0.0,0.0043,0.0,0.0,0.0,5061.0,0.0,-0.1027
70037574,2,0,-0.003,-0.179,0.011,0.0,0.0,-0.1097,0.0,0.0,0.004,0.0,0.0,0.0,8001.0,0.0,-0.1097
70042614,2,0,0.004,-0.17200000000000001,0.011,0.0,0.0,-0.1213,0.0,0.0,0.0035,0.0,0.0,0.0,13041.0,0.0,-0.1213
70044622,2,0,0.004,-0.17500000000000002,0.008,0.0,0.0,-0.126,0.0,0.0,0.0033,0.0,0.0,0.0,15049.0,0.0,-0.126
70049626,2,0,0.005,-0.17400000000000002,0.007,0.0,0.0,-0.13770000000000002,0.0,0.0,0.0026000000000000003,0.0,0.0,0.0,20053.0,0.0,-0.13770000000000002
70052582,2,0,0.007,-0.181,0.012,0.0,0.0,-0.1447,0.0,0.0,0.0022,0.0,0.0,0.0,23009.0,0.0,-0.1447
70057587,2,0,0.006,-0.193,0.007,0.0,0.0,-0.1563,0.0,0.0,0.0013000000000000002,0.0,0.0,0.0,0.0,0.0,-0.1563
70062589,2,0,0.007,-0.211,0.001,0.0,0.0,-0.168,0.0,0.0,0.00030000000000000003,0.0,0.0,0.0,5002.0,0.0,-0.168
70064636,2,0,0.012,-0.215,0.003,0.0,0.0,-0.17270000000000002,0.0,0.0,-0.0001,0.0,0.0,0.0,7049.0,0.0,-0.17270000000000002
70069638,2,0,0.011,-0.224,0.001,0.0,0.0,-0.17500000000000002,0.0,0.0,-0.0013000000000000002,0.0,0.0,0.0,12051.0,0.0,-0.17500000000000002
70072725,2,0,0.011,-0.229,-0.001,0.0,0.0,-0.17500000000000002,0.0,0.0,-0.002,0.0,0.0,0.0,15138.0,0.0,-0.17500000000000002
70077601,2,0,0.015,-0.226,0.005,0.0,0.0,-0.17500000000000002,0.0,0.0,-0.0032,0.0,0.0,0.0,20014.0,0.0,-0.17500000000000002
70082602,2,0,0.008,-0.223,-0.006,0.0,0.0,-0.17500000000000002,0.0,0.0,-0.0044,0.0,0.0,0.0,25015.0,0.0,-0.17500000000000002
70084650,2,0,0.012,-0.222,-0.003,0.0,0.0,-0.17500000000000002,0.0,0.0,-0.0048000000000000004,0.0,0.0,0.0,0.0,0.0,-0.17500000000000002
70089653,2,0,0.017,-0.211,0.005,0.0,0.0,-0.17500000000000002,0.0,0.0,-0.006,0.0,0.0,0.0,5003.0,0.0,-0.17500000000000002
70092646,2,0,0.016,-0.201,0.007,0.0,0.0,-0.17500000000000002,0.0,0.0,-0.0066,0.0,0.0,0.0,7996.0,0.0,-0.17500000000000002
70097614,2,0,0.007,-0.17500000000000002,0.006,0.0,0.0,-0.17500000000000002,0.0,0.0,-0.0076,0.0,0.0,0.0,12964.0,0.0,-0.17500000000000002
70102615,2,0,0.0,-0.17200000000000001,-0.001,0.0,0.0,-0.17500000000000002,0.0,0.0,-0.0085,0.0,0.0,0.0,17965.0,0.0,-0.17500000000000002
70104740,2,0,0.001,-0.168,-0.002,0.0,0.0,-0.17500000000000002,0.0,0.0,-0.0088,0.0,0.0,0.0,20090.0,0.0,-0.17500000000000002
70109665,2,0,0.006,-0.135,0.007,0.0,0.0,-0.17500000000000002,0.0,0.0,-0.009600000000000001,0.0,0.0,0.0,25015.0,0.0,-0.17500000000000002
70112623,2,0,0.0,-0.135,-0.001,0.0,0.0,-0.17500000000000002,0.0,0.0,-0.01,0.0,0.0,0.0,0.0,0.0,-0.17500000000000002
70117630,2,0,-0.001,-0.12,-0.01,0.0,0.0,-0.17500000000000002,0.0,0.0,-0.0108,0.0,0.0,0.0,5007.0,0.0,-0.17500000000000002
70122630,2,0,0.002,-0.117,-0.009000000000000001,0.0,0.0,-0.17500000000000002,0.0,0.0,-0.0114,0.0,0.0,0.0,10007.0,0.0,-0.17500000000000002
70124713,2,0,0.002,-0.114,-0.007,0.0,0.0,-0.17500000000000002,0.0,0.0,-0.011600000000000001,0.0,0.0,0.0,12090.0,0.0,-0.17500000000000002
70129674,2,0,0.008,-0.105,-0.016,0.0,0.0,-0.17500000000000002,0.0,0.0,-0.012100000000000001,0.0,0.0,0.0,17051.0,0.0,-0.17500000000000002
70132636,2,0,-0.005,-0.096,-0.016,0.0,0.0,-0.17500000000000002,0.0,0.0,-0.012400000000000001,0.0,0.0,0.0,20013.0,0.0,-0.17500000000000002
70136789,2,0,-0.021,-0.075,-0.005,0.0,0.0,-0.17500000000000002,0.0,0.0,-0.0126,0.0,0.0,0.0,24166.0,0.0,-0.17500000000000002
70142643,2,0,-0.016,-0.063,-0.003,0.0,0.0,-0.17500000000000002,0.0,0.0,-0.0128,0.0,0.0,0.0,0.0,0.0,-0.17500000000000002
70144761,2,0,-0.012,-0.052000000000000005,0.003,0.0,0.0,-0.17500000000000002,0.0,0.0,-0.0128,0.0,0.0,0.0,2118.0,0.0,-0.17500000000000002
70149691,2,0,-0.009000000000000001,-0.043000000000000003,0.013000000000000001,0.0,0.0,-0.17500000000000002,0.0,0.0,-0.0128,0.0,0.0,0.0,7048.0,0.0,-0.17500000000000002
70152651,2,0,-0.015,-0.034,0.004,0.0,0.0,-0.17500000000000002,0.0,0.0,-0.0128,0.0,0.0,0.0,10008.0,0.0,-0.17500000000000002
70157655,2,0,-0.009000000000000001,-0.03,0.0,0.0,0.0,-0.17500000000000002,0.0,0.0,-0.0128,0.0,0.0,0.0,15012.0,0.0,-0.17500000000000002
70162658,2,0,-0.005,-0.037,-0.001,0.0,0.0,-0.17500000000000002,0.0,0.0,-0.0129,0.0,0.0,0.0,20015.0,0.0,-0.17500000000000002
70164776,2,0,-0.001,-0.04,-0.003,0.0,0.0,-0.17500000000000002,0.0,0.0,-0.013000000000000001,0.0,0.0,0.0,22133.0,0.0,-0.17500000000000002
70169741,2,0,-0.015,-0.046,-0.005,0.0,0.0,-0.16570000000000001,0.0,0.0,-0.0132,0.0,0.0,0.0,0.0,0.0,-0.16570000000000001
70172664,2,0,-0.023,-0.042,-0.001,0.0,0.0,-0.1587,0.0,0.0,-0.013300000000000001,0.0,0.0,0.0,2923.0,0.0,-0.1587
70177668,2,0,-0.014,-0.04,0.001,0.0,0.0,-0.14700000000000002,0.0,0.0,-0.0135,0.0,0.0,0.0,7927.0,0.0,-0.14700000000000002
70182706,2,0,-0.003,-0.026000000000000002,0.008,0.0,0.0,-0.1353,0.0,0.0,-0.0135,0.0,0.0,0.0,12965.0,0.0,-0.1353
70184746,2,0,0.001,-0.024,0.009000000000000001,0.0,0.0,-0.1307,0.0,0.0,-0.0135,0.0,0.0,0.0,15005.0,0.0,-0.1307
70189793,2,0,0.001,-0.019,0.001,0.0,0.0,-0.11900000000000001,0.0,0.0,-0.013600000000000001,0.0,0.0,0.0,20052.0,0.0,-0.11900000000000001
70192713,2,0,0.003,-0.007,-0.001,0.0,0.0,-0.112,0.0,0.0,-0.013600000000000001,0.0,0.0,0.0,22972.0,0.0,-0.112
70197677,2,0,0.005,-0.002,0.001,0.0,0.0,-0.1003,0.0,0.0,-0.013600000000000001,0.0,0.0,0.0,0.0,0.0,-0.1003
70202676,2,0,0.009000000000000001,0.005,-0.003,0.0,0.0,-0.0887,0.0,0.0,-0.013600000000000001,0.0,0.0,0.0,4999.0,0.0,-0.0887
70204798,2,0,0.005,0.004,-0.003,0.0,0.0,-0.084,0.0,0.0,-0.013600000000000001,0.0,0.0,0.0,7121.0,0.0,-0.084
70209724,2,0,-0.006,0.008,0.0,0.0,0.0,-0.0723,0.0,0.0,-0.0137,0.0,0.0,0.0,12047.0,0.0,-0.0723
70213762,2,0,-0.002,0.011,0.009000000000000001,0.0,0.0,-0.063,0.0,0.0,-0.0137,0.0,0.0,0.0,16085.0,0.0,-0.063
70216572,2,0,0.005,0.011,0.01,0.0,0.0,-0.056,0.0,0.0,-0.013800000000000002,0.0,0.0,0.0,18895.0,0.0,-0.056
70220730,2,0,0.008,0.011,0.009000000000000001,0.0,0.0,-0.046700000000000005,0.0,0.0,-0.013800000000000002,0.0,0.0,0.0,23053.0,0.0,-0.046700000000000005
70224817,2,0,0.007,0.019,0.01,0.0,0.0,-0.0373,0.0,0.0,-0.0137,0.0,0.0,0.0,0.0,0.0,-0.0373
70229570,2,0,0.004,0.019,-0.003,0.0,0.0,-0.0257,0.0,0.0,-0.0137,0.0,0.0,0.0,4753.0,0.0,-0.0257
70233739,2,0,0.014,0.016,-0.008,0.0,0.0,-0.016300000000000002,0.0,0.0,-0.013600000000000001,0.0,0.0,0.0,8922.0,0.0,-0.016300000000000002
70237760,2,0,0.015,0.023,-0.002,0.0,0.0,-0.007,0.0,0.0,-0.0135,0.0,0.0,0.0,12943.0,0.0,-0.007
70242533,2,0,0.008,0.039,-0.003,0.0,0.0,0.0047,0.0,0.0,-0.013300000000000001,0.0,0.0,0.0,17716.0,0.0,0.0047
70244571,2,0,0.006,0.045,-0.004,0.0,0.0,0.009300000000000001,0.0,0.0,-0.0131,0.0,0.0,0.0,19754.0,0.0,0.009300000000000001
70248572,2,0,0.001,0.062,-0.009000000000000001,0.0,0.0,0.0187,0.0,0.0,-0.012700000000000001,0.0,0.0,0.0,23755.0,0.0,0.0187
70252747,2,0,0.004,0.11,-0.001,0.0,0.0,0.028,0.0,0.0,-0.0119,0.0,0.0,0.0,0.0,0.0,0.028
70257533,2,0,0.012,0.135,0.0,0.0,0.0,0.0397,0.0,0.0,-0.0114,0.0,0.0,0.0,4786.0,0.0,0.0397
70261759,2,0,0.004,0.184,-0.006,0.0,0.0,0.049,0.0,0.0,-0.010100000000000001,0.0,0.0,0.0,9012.0,0.0,0.049
70264841,2,0,0.006,0.196,-0.009000000000000001,0.0,0.0,0.056,0.0,0.0,-0.009300000000000001,0.0,0.0,0.0,12094.0,0.0,0.056
70269575,2,0,0.005,0.212,-0.005,0.0,0.0,0.06770000000000001,0.0,0.0,-0.008400000000000001,0.0,0.0,0.0,16828.0,0.0,0.06770000000000001
70273762,2,0,0.004,0.217,-0.006,0.0,0.0,0.077,0.0,0.0,-0.0073,0.0,0.0,0.0,21015.0,0.0,0.077
70276572,2,0,0.004,0.20800000000000002,-0.003,0.0,0.0,0.084,0.0,0.0,-0.007,0.0,0.0,0.0,23825.0,0.0,0.084
70281570,2,0,-0.006,0.20400000000000001,-0.005,0.0,0.0,0.09570000000000001,0.0,0.0,-0.0063,0.0,0.0,0.0,0.0,0.0,0.09570000000000001
70285736,2,0,-0.006,0.17,-0.008,0.0,0.0,0.10500000000000001,0.0,0.0,-0.0057,0.0,0.0,0.0,4166.0,0.0,0.10500000000000001
70289811,2,0,0.003,0.163,-0.008,0.0,0.0,0.1143,0.0,0.0,-0.0053,0.0,0.0,0.0,8241.0,0.0,0.1143
70292571,2,0,0.004,0.165,-0.005,0.0,0.0,0.1213,0.0,0.0,-0.0051,0.0,0.0,0.0,11001.0,0.0,0.1213
70296674,2,0,-0.002,0.152,-0.002,0.0,0.0,0.1307,0.0,0.0,-0.0046,0.0,0.0,0.0,15104.0,0.0,0.1307
70301535,2,0,-0.006,0.166,-0.004,0.0,0.0,0.1423,0.0,0.0,-0.0039000000000000003,0.0,0.0,0.0,19965.0,0.0,0.1423
70305783,2,0,-0.012,0.17300000000000001,0.002,0.0,0.0,0.1517,0.0,0.0,-0.0029000000000000002,0.0,0.0,0.0,24213.0,0.0,0.1517
70309809,2,0,-0.008,0.188,0.01,0.0,0.0,0.161,0.0,0.0,-0.002,0.0,0.0,0.0,0.0,0.0,0.161
70314578,2,0,-0.009000000000000001,0.199,0.011,0.0,0.0,0.17270000000000002,0.0,0.0,-0.0011,0.0,0.0,0.0,4769.0,0.0,0.17270000000000002
70316790,2,0,-0.01,0.203,0.004,0.0,0.0,0.17500000000000002,0.0,0.0,-0.0004,0.0,0.0,0.0,6981.0,0.0,0.17500000000000002
70321570,2,0,-0.016,0.20800000000000002,0.005,0.0,0.0,0.17500000000000002,0.0,0.0,0.0005,0.0,0.0,0.0,11761.0,0.0,0.17500000000000002
70325801,2,0,-0.008,0.211,0.008,0.0,0.0,0.17500000000000002,0.0,0.0,0.0016,0.0,0.0,0.0,15992.0,0.0,0.17500000000000002
70328674,2,0,-0.007,0.20800000000000002,0.005,0.0,0.0,0.17500000000000002,0.0,0.0,0.0021000000000000003,0.0,0.0,0.0,18865.0,0.0,0.17500000000000002
70332843,2,0,-0.013000000000000001,0.194,-0.004,0.0,0.0,0.17500000000000002,0.0,0.0,0.0032,0.0,0.0,0.0,23034.0,0.0,0.17500000000000002
70337538,2,0,-0.017,0.194,-0.005,0.0,0.0,0.17500000000000002,0.0,0.0,0.0041,0.0,0.0,0.0,0.0,0.0,0.17500000000000002
70341867,2,0,-0.02,0.185,-0.013000000000000001,0.0,0.0,0.17500000000000002,0.0,0.0,0.005200000000000001,0.0,0.0,0.0,4329.0,0.0,0.17500000000000002
70346576,2,0,-0.011,0.183,-0.005,0.0,0.0,0.17500000000000002,0.0,0.0,0.006,0.0,0.0,0.0,9038.0,0.0,0.17500000000000002
70348576,2,0,-0.008,0.182,-0.002,0.0,0.0,0.17500000000000002,0.0,0.0,0.0064,0.0,0.0,0.0,11038.0,0.0,0.17500000000000002
70352848,2,0,0.004,0.165,-0.01,0.0,0.0,0.17500000000000002,0.0,0.0,0.0073,0.0,0.0,0.0,15310.0,0.0,0.17500000000000002
70357575,2,0,-0.004,0.15,-0.013000000000000001,0.0,0.0,0.17500000000000002,0.0,0.0,0.008,0.0,0.0,0.0,20037.0,0.0,0.17500000000000002
70360575,2,0,-0.006,0.14400000000000002,-0.009000000000000001,0.0,0.0,0.17500000000000002,0.0,0.0,0.0083,0.0,0.0,0.0,23037.0,0.0,0.17500000000000002
70364813,2,0,0.003,0.126,0.007,0.0,0.0,0.17500000000000002,0.0,0.0,0.009000000000000001,0.0,0.0,0.0,0.0,0.0,0.17500000000000002
70369575,2,0,0.004,0.116,0.002,0.0,0.0,0.17500000000000002,0.0,0.0,0.0095,0.0,0.0,0.0,4762.0,0.0,0.17500000000000002
70373811,2,0,-0.006,0.106,0.013000000000000001,0.0,0.0,0.17500000000000002,0.0,0.0,0.01,0.0,0.0,0.0,8998.0,0.0,0.17500000000000002
70376576,2,0,-0.001,0.10300000000000001,0.02,0.0,0.0,0.17500000000000002,0.0,0.0,0.0102,0.0,0.0,0.0,11763.0,0.0,0.17500000000000002
70380577,2,0,0.005,0.08700000000000001,0.017,0.0,0.0,0.17500000000000002,0.0,0.0,0.0106,0.0,0.0,0.0,15764.0,0.0,0.17500000000000002
70384812,2,0,0.009000000000000001,0.082,0.013000000000000001,0.0,0.0,0.17500000000000002,0.0,0.0,0.011000000000000001,0.0,0.0,0.0,19999.0,0.0,0.17500000000000002
70389813,2,0,0.011,0.074,0.008,0.0,0.0,0.17500000000000002,0.0,0.0,0.011300000000000001,0.0,0.0,0.0,25000.0,0.0,0.17500000000000002
70392680,2,0,0.012,0.073,0.006,0.0,0.0,0.17500000000000002,0.0,0.0,0.0115,0.0,0.0,0.0,0.0,0.0,0.17500000000000002
70397576,2,0,0.014,0.063,-0.01,0.0,0.0,0.17500000000000002,0.0,0.0,0.0118,0.0,0.0,0.0,4896.0,0.0,0.17500000000000002
70402576,2,0,0.023,0.057,-0.012,0.0,0.0,0.17500000000000002,0.0,0.0,0.012,0.0,0.0,0.0,9896.0,0.0,0.17500000000000002
70404857,2,0,0.023,0.049,-0.018000000000000002,0.0,0.0,0.17500000000000002,0.0,0.0,0.0122,0.0,0.0,0.0,12177.0,0.0,0.17500000000000002
70409824,2,0,0.012,0.038,-0.015,0.0,0.0,0.17500000000000002,0.0,0.0,0.0123,0.0,0.0,0.0,17144.0,0.0,0.17500000000000002
70412576,2,0,0.013000000000000001,0.039,-0.01,0.0,0.0,0.17500000000000002,0.0,0.0,0.012400000000000001,0.0,0.0,0.0,19896.0,0.0,0.17500000000000002
70416820,2,0,0.013000000000000001,0.022,-0.007,0.0,0.0,0.17270000000000002,0.0,0.0,0.0125,0.0,0.0,0.0,24140.0,0.0,0.17270000000000002
70421575,2,0,0.02,0.019,-0.006,0.0,0.0,0.161,0.0,0.0,0.0125,0.0,0.0,0.0,0.0,0.0,0.161
70425827,2,0,0.013000000000000001,-0.002,0.005,0.0,0.0,0.1517,0.0,0.0,0.0125,0.0,0.0,0.0,4252.0,0.0,0.1517
70428575,2,0,0.011,-0.006,0.003,0.0,0.0,0.1447,0.0,0.0,0.0125,0.0,0.0,0.0,7000.0,0.0,0.1447
70432819,2,0,0.013000000000000001,-0.014,0.0,0.0,0.0,0.1353,0.0,0.0,0.0125,0.0,0.0,0.0,11244.0,0.0,0.1353
70437533,2,0,0.011,-0.015,0.016,0.0,0.0,0.1237,0.0,0.0,0.0125,0.0,0.0,0.0,15958.0,0.0,0.1237
70441569,2,0,0.0,-0.017,0.011,0.0,0.0,0.1143,0.0,0.0,0.0125,0.0,0.0,0.0,19994.0,0.0,0.1143
70446569,2,0,0.004,-0.021,0.003,0.0,0.0,0.1027,0.0,0.0,0.0126,0.0,0.0,0.0,24994.0,0.0,0.1027
70450810,2,0,-0.001,-0.022,0.013000000000000001,0.0,0.0,0.09330000000000001,0.0,0.0,0.0126,0.0,0.0,0.0,0.0,0.0,0.09330000000000001
70452812,2,0,0.001,-0.023,0.011,0.0,0.0,0.0887,0.0,0.0,0.0126,0.0,0.0,0.0,2002.0,0.0,0.0887
70456971,2,0,-0.002,-0.024,-0.003,0.0,0.0,0.07930000000000001,0.0,0.0,0.0125,0.0,0.0,0.0,6161.0,0.0,0.07930000000000001
70461569,2,0,-0.005,-0.027,-0.003,0.0,0.0,0.06770000000000001,0.0,0.0,0.0125,0.0,0.0,0.0,10759.0,0.0,0.06770000000000001
70465855,2,0,-0.009000000000000001,-0.03,-0.003,0.0,0.0,0.058300000000000005,0.0,0.0,0.012400000000000001,0.0,0.0,0.0,15045.0,0.0,0.058300000000000005
70470568,2,0,-0.007,-0.036000000000000004,-0.007,0.0,0.0,0.046700000000000005,0.0,0.0,0.0123,0.0,0.0,0.0,19758.0,0.0,0.046700000000000005
70474593,2,0,-0.013000000000000001,-0.036000000000000004,0.003,0.0,0.0,0.0373,0.0,0.0,0.012100000000000001,0.0,0.0,0.0,23783.0,0.0,0.0373
70476863,2,0,-0.019,-0.032,0.005,0.0,0.0,0.0327,0.0,0.0,0.012,0.0,0.0,0.0,0.0,0.0,0.0327
70481568,2,0,-0.014,-0.03,-0.001,0.0,0.0,0.021,0.0,0.0,0.0119,0.0,0.0,0.0,4705.0,0.0,0.021
70485831,2,0,-0.017,-0.031,0.004,0.0,0.0,0.0117,0.0,0.0,0.0117,0.0,0.0,0.0,8968.0,0.0,0.0117
70488571,2,0,-0.018000000000000002,-0.035,0.006,0.0,0.0,0.0047,0.0,0.0,0.0117,0.0,0.0,0.0,11708.0,0.0,0.0047
70492878,2,0,-0.015,-0.051000000000000004,0.002,0.0,0.0,-0.0047,0.0,0.0,0.011300000000000001,0.0,0.0,0.0,16015.0,0.0,-0.0047
70497569,2,0,-0.011,-0.059000000000000004,0.01,0.0,0.0,-0.016300000000000002,0.0,0.0,0.011000000000000001,0.0,0.0,0.0,20706.0,0.0,-0.016300000000000002
70502570,2,0,-0.012,-0.09,0.007,0.0,0.0,-0.028,0.0,0.0,0.010400000000000001,0.0,0.0,0.0,25707.0,0.0,-0.028
70504927,2,0,-0.015,-0.111,0.002,0.0,0.0,-0.0327,0.0,0.0,0.0099,0.0,0.0,0.0,0.0,0.0,-0.0327
70509568,2,0,-0.014,-0.14100000000000001,-0.001,0.0,0.0,-0.0443,0.0,0.0,0.0092,0.0,0.0,0.0,4641.0,0.0,-0.0443
70513851,2,0,-0.016,-0.176,-0.004,0.0,0.0,-0.053700000000000005,0.0,0.0,0.0081,0.0,0.0,0.0,8924.0,0.0,-0.053700000000000005
70517891,2,0,-0.016,-0.187,-0.005,0.0,0.0,-0.063,0.0,0.0,0.0073,0.0,0.0,0.0,12964.0,0.0,-0.063
70520572,2,0,-0.017,-0.19,-0.005,0.0,0.0,-0.07,0.0,0.0,0.0071,0.0,0.0,0.0,15645.0,0.0,-0.07
70524906,2,0,-0.016,-0.20500000000000002,0.002,0.0,0.0,-0.07930000000000001,0.0,0.0,0.0061,0.0,0.0,0.0,19979.0,0.0,-0.07930000000000001
70529946,2,0,-0.008,-0.197,0.003,0.0,0.0,-0.091,0.0,0.0,0.0055000000000000005,0.0,0.0,0.0,25019.0,0.0,-0.091
70534592,2,0,-0.003,-0.188,0.006,0.0,0.0,-0.1027,0.0,0.0,0.005,0.0,0.0,0.0,0.0,0.0,-0.1027
70536866,2,0,0.002,-0.182,0.009000000000000001,0.0,0.0,-0.1073,0.0,0.0,0.0047,0.0,0.0,0.0,2274.0,0.0,-0.1073
70540871,2,0,0.006,-0.179,0.004,0.0,0.0,-0.11670000000000001,0.0,0.0,0.0044,0.0,0.0,0.0,6279.0,0.0,-0.11670000000000001
70544920,2,0,0.011,-0.184,0.004,0.0,0.0,-0.126,0.0,0.0,0.0039000000000000003,0.0,0.0,0.0,10328.0,0.0,-0.126
70549959,2,0,0.009000000000000001,-0.184,-0.001,0.0,0.0,-0.13770000000000002,0.0,0.0,0.0031000000000000003,0.0,0.0,0.0,15367.0,0.0,-0.13770000000000002
70552573,2,0,0.011,-0.187,-0.001,0.0,0.0,-0.1447,0.0,0.0,0.003,0.0,0.0,0.0,17981.0,0.0,-0.1447
70556881,2,0,0.011,-0.212,-0.002,0.0,0.0,-0.154,0.0,0.0,0.0018000000000000002,0.0,0.0,0.0,22289.0,0.0,-0.154
70560922,2,0,0.008,-0.223,0.0,0.0,0.0,-0.1633,0.0,0.0,0.0009000000000000001,0.0,0.0,0.0,0.0,0.0,-0.1633
70564934,2,0,0.014,-0.231,-0.005,0.0,0.0,-0.17270000000000002,0.0,0.0,-0.0001,0.0,0.0,0.0,4012.0,0.0,-0.17270000000000002
70569567,2,0,0.014,-0.23,-0.004,0.0,0.0,-0.17500000000000002,0.0,0.0,-0.0011,0.0,0.0,0.0,8645.0,0.0,-0.17500000000000002
70573568,2,0,0.019,-0.23600000000000002,-0.001,0.0,0.0,-0.17500000000000002,0.0,0.0,-0.002,0.0,0.0,0.0,12646.0,0.0,-0.17500000000000002
70577895,2,0,0.021,-0.224,-0.002,0.0,0.0,-0.17500000000000002,0.0,0.0,-0.0032,0.0,0.0,0.0,16973.0,0.0,-0.17500000000000002
70582568,2,0,0.017,-0.219,-0.003,0.0,0.0,-0.17500000000000002,0.0,0.0,-0.0041,0.0,0.0,0.0,21646.0,0.0,-0.17500000000000002
70584571,2,0,0.018000000000000002,-0.219,-0.003,0.0,0.0,-0.17500000000000002,0.0,0.0,-0.0044,0.0,0.0,0.0,23649.0,0.0,-0.17500000000000002
70588941,2,0,0.025,-0.203,0.007,0.0,0.0,-0.17500000000000002,0.0,0.0,-0.0058000000000000005,0.0,0.0,0.0,0.0,0.0,-0.17500000000000002
70593567,2,0,0.018000000000000002,-0.189,0.007,0.0,0.0,-0.17500000000000002,0.0,0.0,-0.0066,0.0,0.0,0.0,4626.0,0.0,-0.17500000000000002
70597910,2,0,0.008,-0.169,0.011,0.0,0.0,-0.17500000000000002,0.0,0.0,-0.0076,0.0,0.0,0.0,8969.0,0.0,-0.17500000000000002
70602568,2,0,0.003,-0.168,0.006,0.0,0.0,-0.17500000000000002,0.0,0.0,-0.0083,0.0,0.0,0.0,13627.0,0.0,-0.17500000000000002
70604960,2,0,0.011,-0.163,0.005,0.0,0.0,-0.17500000000000002,0.0,0.0,-0.0089,0.0,0.0,0.0,16019.0,0.0,-0.17500000000000002
70609970,2,0,0.001,-0.138,0.008,0.0,0.0,-0.17500000000000002,0.0,0.0,-0.0097,0.0,0.0,0.0,21029.0,0.0,-0.17500000000000002
70614591,2,0,-0.004,-0.14,0.0,0.0,0.0,-0.17500000000000002,0.0,0.0,-0.0103,0.0,0.0,0.0,25650.0,0.0,-0.17500000000000002
70616789,2,0,-0.006,-0.129,-0.005,0.0,0.0,-0.17500000000000002,0.0,0.0,-0.0106,0.0,0.0,0.0,0.0,0.0,-0.17500000000000002
70620963,2,0,0.003,-0.114,-0.008,0.0,0.0,-0.17500000000000002,0.0,0.0,-0.0112,0.0,0.0,0.0,4174.0,0.0,-0.17500000000000002
70625566,2,0,0.002,-0.111,-0.003,0.0,0.0,-0.17500000000000002,0.0,0.0,-0.011600000000000001,0.0,0.0,0.0,8777.0,0.0,-0.17500000000000002
70629567,2,0,0.002,-0.099,-0.011,0.0,0.0,-0.17500000000000002,0.0,0.0,-0.012,0.0,0.0,0.0,12778.0,0.0,-0.17500000000000002
70633934,2,0,-0.013000000000000001,-0.082,-0.011,0.0,0.0,-0.17500000000000002,0.0,0.0,-0.0123,0.0,0.0,0.0,17145.0,0.0,-0.17500000000000002
70637937,2,0,-0.022,-0.068,-0.002,0.0,0.0,-0.17500000000000002,0.0,0.0,-0.0125,0.0,0.0,0.0,21148.0,0.0,-0.17500000000000002
70642568,2,0,-0.019,-0.065,-0.004,0.0,0.0,-0.17500000000000002,0.0,0.0,-0.0125,0.0,0.0,0.0,25779.0,0.0,-0.17500000000000002
70644987,2,0,-0.015,-0.055,0.003,0.0,0.0,-0.17500000000000002,0.0,0.0,-0.0125,0.0,0.0,0.0,0.0,0.0,-0.17500000000000002
70650030,2,0,-0.016,-0.045,0.016,0.0,0.0,-0.17500000000000002,0.0,0.0,-0.0125,0.0,0.0,0.0,5043.0,0.0,-0.17500000000000002
70654591,2,0,-0.023,-0.043000000000000003,0.001,0.0,0.0,-0.17500000000000002,0.0,0.0,-0.0126,0.0,0.0,0.0,9604.0,0.0,-0.17500000000000002
70656950,2,0,-0.024,-0.041,0.001,0.0,0.0,-0.17500000000000002,0.0,0.0,-0.0126,0.0,0.0,0.0,11963.0,0.0,-0.17500000000000002
70660953,2,0,-0.015,-0.043000000000000003,0.005,0.0,0.0,-0.17500000000000002,0.0,0.0,-0.012700000000000001,0.0,0.0,0.0,15966.0,0.0,-0.17500000000000002
70665003,2,0,-0.01,-0.049,0.0,0.0,0.0,-0.17500000000000002,0.0,0.0,-0.0129,0.0,0.0,0.0,20016.0,0.0,-0.17500000000000002
70669566,2,0,-0.016,-0.053,-0.007,0.0,0.0,-0.16570000000000001,0.0,0.0,-0.0131,0.0,0.0,0.0,24579.0,0.0,-0.16570000000000001
70673567,2,0,-0.024,-0.052000000000000005,-0.004,0.0,0.0,-0.1563,0.0,0.0,-0.013300000000000001,0.0,0.0,0.0,0.0,0.0,-0.1563
70677966,2,0,-0.023,-0.048,-0.007,0.0,0.0,-0.14700000000000002,0.0,0.0,-0.0134,0.0,0.0,0.0,4399.0,0.0,-0.14700000000000002
70680571,2,0,-0.02,-0.046,-0.007,0.0,0.0,-0.14,0.0,0.0,-0.0135,0.0,0.0,0.0,7004.0,0.0,-0.14
70685016,2,0,-0.004,-0.032,0.003,0.0,0.0,-0.1307,0.0,0.0,-0.013600000000000001,0.0,0.0,0.0,11449.0,0.0,-0.1307
70689567,2,0,-0.004,-0.024,0.001,0.0,0.0,-0.11900000000000001,0.0,0.0,-0.013600000000000001,0.0,0.0,0.0,16000.0,0.0,-0.11900000000000001
70693976,2,0,-0.002,-0.01,-0.011,0.0,0.0,-0.1097,0.0,0.0,-0.013600000000000001,0.0,0.0,0.0,20409.0,0.0,-0.1097
70697979,2,0,0.002,-0.005,-0.007,0.0,0.0,-0.1003,0.0,0.0,-0.0137,0.0,0.0,0.0,24412.0,0.0,-0.1003
70702567,2,0,0.007,0.0,-0.002,0.0,0.0,-0.0887,0.0,0.0,-0.013800000000000002,0.0,0.0,0.0,0.0,0.0,-0.0887
70706986,2,0,-0.004,0.001,-0.005,0.0,0.0,-0.07930000000000001,0.0,0.0,-0.013900000000000001,0.0,0.0,0.0,4419.0,0.0,-0.07930000000000001
70708992,2,0,-0.002,0.003,-0.001,0.0,0.0,-0.0747,0.0,0.0,-0.013900000000000001,0.0,0.0,0.0,6425.0,0.0,-0.0747
70713991,2,0,0.004,0.007,0.006,0.0,0.0,-0.063,0.0,0.0,-0.014,0.0,0.0,0.0,11424.0,0.0,-0.063
70718568,2,0,0.011,0.01,0.003,0.0,0.0,-0.051300000000000005,0.0,0.0,-0.014,0.0,0.0,0.0,16001.0,0.0,-0.051300000000000005
70720994,2,0,0.017,0.016,0.003,0.0,0.0,-0.046700000000000005,0.0,0.0,-0.014,0.0,0.0,0.0,18427.0,0.0,-0.046700000000000005
70725081,2,0,0.014,0.018000000000000002,0.009000000000000001,0.0,0.0,-0.0373,0.0,0.0,-0.014,0.0,0.0,0.0,22514.0,0.0,-0.0373
70729566,2,0,0.013000000000000001,0.015,-0.002,0.0,0.0,-0.0257,0.0,0.0,-0.014,0.0,0.0,0.0,0.0,0.0,-0.0257
70734004,2,0,0.021,0.017,-0.007,0.0,0.0,-0.016300000000000002,0.0,0.0,-0.013900000000000001,0.0,0.0,0.0,4438.0,0.0,-0.016300000000000002
70738007,2,0,0.021,0.022,0.0,0.0,0.0,-0.007,0.0,0.0,-0.013800000000000002,0.0,0.0,0.0,8441.0,0.0,-0.007
70742566,2,0,0.016,0.04,0.0,0.0,0.0,0.0047,0.0,0.0,-0.013600000000000001,0.0,0.0,0.0,13000.0,0.0,0.0047
70744571,2,0,0.014,0.044,-0.001,0.0,0.0,0.009300000000000001,0.0,0.0,-0.0135,0.0,0.0,0.0,15005.0,0.0,0.009300000000000001
70749016,2,0,0.005,0.073,-0.004,0.0,0.0,0.0187,0.0,0.0,-0.0128,0.0,0.0,0.0,19450.0,0.0,0.0187
70753566,2,0,0.021,0.107,0.004,0.0,0.0,0.0303,0.0,0.0,-0.0122,0.0,0.0,0.0,24000.0,0.0,0.0303
70758022,2,0,0.019,0.14200000000000002,-0.001,0.0,0.0,0.0397,0.0,0.0,-0.0115,0.0,0.0,0.0,0.0,0.0,0.0397
70762566,2,0,0.009000000000000001,0.183,0.003,0.0,0.0,0.051300000000000005,0.0,0.0,-0.0105,0.0,0.0,0.0,4544.0,0.0,0.051300000000000005
70766567,2,0,0.007,0.194,-0.005,0.0,0.0,0.060700000000000004,0.0,0.0,-0.0095,0.0,0.0,0.0,8545.0,0.0,0.060700000000000004
70771029,2,0,0.01,0.215,-0.001,0.0,0.0,0.07,0.0,0.0,-0.0083,0.0,0.0,0.0,13007.0,0.0,0.07
70773068,2,0,0.013000000000000001,0.218,0.003,0.0,0.0,0.0747,0.0,0.0,-0.0079,0.0,0.0,0.0,15046.0,0.0,0.0747
70777138,2,0,0.011,0.20400000000000001,0.0,0.0,0.0,0.0863,0.0,0.0,-0.007200000000000001,0.0,0.0,0.0,19116.0,0.0,0.0863
70781565,2,0,0.004,0.196,-0.006,0.0,0.0,0.09570000000000001,0.0,0.0,-0.0067,0.0,0.0,0.0,23543.0,0.0,0.09570000000000001
70786039,2,0,-0.001,0.167,-0.005,0.0,0.0,0.10500000000000001,0.0,0.0,-0.0061,0.0,0.0,0.0,0.0,0.0,0.10500000000000001
70790089,2,0,0.001,0.163,-0.005,0.0,0.0,0.1143,0.0,0.0,-0.0057,0.0,0.0,0.0,4050.0,0.0,0.1143
70794590,2,0,0.004,0.156,-0.003,0.0,0.0,0.126,0.0,0.0,-0.005200000000000001,0.0,0.0,0.0,8551.0,0.0,0.126
70797047,2,0,0.0,0.148,-0.005,0.0,0.0,0.1307,0.0,0.0,-0.0048000000000000004,0.0,0.0,0.0,11008.0,0.0,0.1307
70801050,2,0,-0.007,0.171,-0.006,0.0,0.0,0.14,0.0,0.0,-0.004200000000000001,0.0,0.0,0.0,15011.0,0.0,0.14
70805138,2,0,-0.013000000000000001,0.182,-0.005,0.0,0.0,0.1517,0.0,0.0,-0.0035,0.0,0.0,0.0,19099.0,0.0,0.1517
70809563,2,0,-0.01,0.191,0.004,0.0,0.0,0.161,0.0,0.0,-0.0026000000000000003,0.0,0.0,0.0,23524.0,0.0,0.161
70813565,2,0,-0.01,0.199,0.01,0.0,0.0,0.1703,0.0,0.0,-0.0016,0.0,0.0,0.0,0.0,0.0,0.1703
70817565,2,0,-0.011,0.2,0.001,0.0,0.0,0.17500000000000002,0.0,0.0,-0.0007,0.0,0.0,0.0,4000.0,0.0,0.17500000000000002
70822565,2,0,-0.02,0.213,0.006,0.0,0.0,0.17500000000000002,0.0,0.0,0.00030000000000000003,0.0,0.0,0.0,9000.0,0.0,0.17500000000000002
70826565,2,0,-0.009000000000000001,0.199,0.003,0.0,0.0,0.17500000000000002,0.0,0.0,0.0011,0.0,0.0,0.0,13000.0,0.0,0.17500000000000002
70831109,2,0,-0.019,0.183,-0.003,0.0,0.0,0.17500000000000002,0.0,0.0,0.0021000000000000003,0.0,0.0,0.0,17544.0,0.0,0.17500000000000002
70833565,2,0,-0.018000000000000002,0.179,-0.008,0.0,0.0,0.17500000000000002,0.0,0.0,0.0025,0.0,0.0,0.0,20000.0,0.0,0.17500000000000002
70838076,2,0,-0.018000000000000002,0.17500000000000002,-0.009000000000000001,0.0,0.0,0.17500000000000002,0.0,0.0,0.0035,0.0,0.0,0.0,24511.0,0.0,0.17500000000000002
70840571,2,0,-0.022,0.176,-0.009000000000000001,0.0,0.0,0.17500000000000002,0.0,0.0,0.0037,0.0,0.0,0.0,0.0,0.0,0.17500000000000002
70845129,2,0,-0.014,0.165,-0.016,0.0,0.0,0.17500000000000002,0.0,0.0,0.0049,0.0,0.0,0.0,4558.0,0.0,0.17500000000000002
70850133,2,0,-0.007,0.169,-0.003,0.0,0.0,0.17500000000000002,0.0,0.0,0.0059,0.0,0.0,0.0,9562.0,0.0,0.17500000000000002
70854589,2,0,-0.002,0.161,-0.012,0.0,0.0,0.17500000000000002,0.0,0.0,0.0067,0.0,0.0,0.0,14018.0,0.0,0.17500000000000002
70857089,2,0,-0.01,0.153,-0.014,0.0,0.0,0.17500000000000002,0.0,0.0,0.007200000000000001,0.0,0.0,0.0,16518.0,0.0,0.17500000000000002
70861564,2,0,0.003,0.14,-0.004,0.0,0.0,0.17500000000000002,0.0,0.0,0.0078000000000000005,0.0,0.0,0.0,20993.0,0.0,0.17500000000000002
70866095,2,0,0.004,0.131,0.006,0.0,0.0,0.17500000000000002,0.0,0.0,0.0085,0.0,0.0,0.0,25524.0,0.0,0.17500000000000002
70870146,2,0,-0.002,0.112,-0.001,0.0,0.0,0.17500000000000002,0.0,0.0,0.0089,0.0,0.0,0.0,0.0,0.0,0.17500000000000002
70872571,2,0,-0.004,0.108,-0.001,0.0,0.0,0.17500000000000002,0.0,0.0,0.009000000000000001,0.0,0.0,0.0,2425.0,0.0,0.17500000000000002
70877105,2,0,-0.005,0.093,0.015,0.0,0.0,0.17500000000000002,0.0,0.0,0.0095,0.0,0.0,0.0,6959.0,0.0,0.17500000000000002
70881145,2,0,0.002,0.078,0.017,0.0,0.0,0.17500000000000002,0.0,0.0,0.0098,0.0,0.0,0.0,10999.0,0.0,0.17500000000000002
70886111,2,0,0.004,0.07200000000000001,0.011,0.0,0.0,0.17500000000000002,0.0,0.0,0.010100000000000001,0.0,0.0,0.0,15965.0,0.0,0.17500000000000002
70890220,2,0,0.005,0.063,0.009000000000000001,0.0,0.0,0.17500000000000002,0.0,0.0,0.0103,0.0,0.0,0.0,20074.0,0.0,0.17500000000000002
70895163,2,0,0.01,0.067,-0.008,0.0,0.0,0.17500000000000002,0.0,0.0,0.0106,0.0,0.0,0.0,25017.0,0.0,0.17500000000000002
70897564,2,0,0.013000000000000001,0.056,-0.012,0.0,0.0,0.17500000000000002,0.0,0.0,0.010700000000000001,0.0,0.0,0.0,0.0,0.0,0.17500000000000002
70901564,2,0,0.025,0.047,-0.006,0.0,0.0,0.17500000000000002,0.0,0.0,0.0109,0.0,0.0,0.0,4000.0,0.0,0.17500000000000002
70904571,2,0,0.026000000000000002,0.054,-0.005,0.0,0.0,0.17500000000000002,0.0,0.0,0.011000000000000001,0.0,0.0,0.0,7007.0,0.0,0.17500000000000002
70909564,2,0,0.017,0.038,-0.015,0.0,0.0,0.17500000000000002,0.0,0.0,0.0112,0.0,0.0,0.0,12000.0,0.0,0.17500000000000002
70913564,2,0,0.013000000000000001,0.04,-0.003,0.0,0.0,0.17500000000000002,0.0,0.0,0.0114,0.0,0.0,0.0,16000.0,0.0,0.17500000000000002
70918135,2,0,0.019,0.025,-0.003,0.0,0.0,0.168,0.0,0.0,0.0115,0.0,0.0,0.0,20571.0,0.0,0.168
70922565,2,0,0.021,0.022,0.001,0.0,0.0,0.1587,0.0,0.0,0.011600000000000001,0.0,0.0,0.0,25001.0,0.0,0.1587
70926565,2,0,0.011,0.01,0.01,0.0,0.0,0.14930000000000002,0.0,0.0,0.011600000000000001,0.0,0.0,0.0,0.0,0.0,0.14930000000000002
70931142,2,0,0.009000000000000001,-0.002,0.003,0.0,0.0,0.13770000000000002,0.0,0.0,0.0117,0.0,0.0,0.0,4577.0,0.0,0.13770000000000002
70933145,2,0,0.01,-0.002,0.001,0.0,0.0,0.133,0.0,0.0,0.0117,0.0,0.0,0.0,6580.0,0.0,0.133
70937286,2,0,0.02,-0.012,0.009000000000000001,0.0,0.0,0.1237,0.0,0.0,0.011600000000000001,0.0,0.0,0.0,10721.0,0.0,0.1237
70942149,2,0,0.01,-0.016,0.007,0.0,0.0,0.112,0.0,0.0,0.0117,0.0,0.0,0.0,15584.0,0.0,0.112
70946564,2,0,0.008,-0.021,0.002,0.0,0.0,0.1027,0.0,0.0,0.0117,0.0,0.0,0.0,19999.0,0.0,0.1027
70951154,2,0,0.003,-0.026000000000000002,0.008,0.0,0.0,0.091,0.0,0.0,0.0117,0.0,0.0,0.0,24589.0,0.0,0.091
70953158,2,0,0.006,-0.025,0.004,0.0,0.0,0.0863,0.0,0.0,0.0118,0.0,0.0,0.0,0.0,0.0,0.0863
70957565,2,0,0.007,-0.027,-0.001,0.0,0.0,0.077,0.0,0.0,0.0117,0.0,0.0,0.0,4407.0,0.0,0.077
70962564,2,0,-0.003,-0.028,0.001,0.0,0.0,0.0653,0.0,0.0,0.0117,0.0,0.0,0.0,9406.0,0.0,0.0653
70966566,2,0,0.002,-0.029,-0.006,0.0,0.0,0.056,0.0,0.0,0.011600000000000001,0.0,0.0,0.0,13408.0,0.0,0.056
70968572,2,0,0.002,-0.029,-0.007,0.0,0.0,0.051300000000000005,0.0,0.0,0.011600000000000001,0.0,0.0,0.0,15414.0,0.0,0.051300000000000005
70973173,2,0,-0.004,-0.037,-0.001,0.0,0.0,0.0397,0.0,0.0,0.0115,0.0,0.0,0.0,20015.0,0.0,0.0397
70977565,2,0,-0.011,-0.038,0.003,0.0,0.0,0.0303,0.0,0.0,0.011300000000000001,0.0,0.0,0.0,24407.0,0.0,0.0303
70982565,2,0,-0.019,-0.038,-0.001,0.0,0.0,0.0187,0.0,0.0,0.0111,0.0,0.0,0.0,0.0,0.0,0.0187
70987181,2,0,-0.021,-0.039,0.008,0.0,0.0,0.007,0.0,0.0,0.0109,0.0,0.0,0.0,4616.0,0.0,0.007
70989182,2,0,-0.021,-0.039,0.008,0.0,0.0,0.0023,0.0,0.0,0.0108,0.0,0.0,0.0,6617.0,0.0,0.0023
70993566,2,0,-0.011,-0.05,0.0,0.0,0.0,-0.007,0.0,0.0,0.0106,0.0,0.0,0.0,11001.0,0.0,-0.007
70998566,2,0,-0.014,-0.062,0.003,0.0,0.0,-0.0187,0.0,0.0,0.0102,0.0,0.0,0.0,16001.0,0.0,-0.0187
71000571,2,0,-0.013000000000000001,-0.066,0.004,0.0,0.0,-0.0233,0.0,0.0,0.010100000000000001,0.0,0.0,0.0,18006.0,0.0,-0.0233
71005240,2,0,-0.014,-0.106,0.005,0.0,0.0,-0.035,0.0,0.0,0.0092,0.0,0.0,0.0,22675.0,0.0,-0.035
71009565,2,0,-0.015,-0.135,-0.001,0.0,0.0,-0.0443,0.0,0.0,0.0085,0.0,0.0,0.0,0.0,0.0,-0.0443
71014199,2,0,-0.02,-0.167,0.001,0.0,0.0,-0.056,0.0,0.0,0.0074,0.0,0.0,0.0,4634.0,0.0,-0.056
71018205,2,0,-0.03,-0.186,0.002,0.0,0.0,-0.0653,0.0,0.0,0.0066,0.0,0.0,0.0,8640.0,0.0,-0.0653
71022565,2,0,-0.023,-0.202,0.004,0.0,0.0,-0.0747,0.0,0.0,0.0058000000000000005,0.0,0.0,0.0,13000.0,0.0,-0.0747
71025253,2,0,-0.021,-0.20700000000000002,0.007,0.0,0.0,-0.08170000000000001,0.0,0.0,0.005200000000000001,0.0,0.0,0.0,15688.0,0.0,-0.08170000000000001
71030257,2,0,-0.024,-0.201,0.008,0.0,0.0,-0.09330000000000001,0.0,0.0,0.0045000000000000005,0.0,0.0,0.0,20692.0,0.0,-0.09330000000000001
71032595,2,0,-0.022,-0.198,0.01,0.0,0.0,-0.098,0.0,0.0,0.0043,0.0,0.0,0.0,23030.0,0.0,-0.098
71037565,2,0,-0.006,-0.181,0.014,0.0,0.0,-0.1097,0.0,0.0,0.0036000000000000003,0.0,0.0,0.0,0.0,0.0,-0.1097
71042562,2,0,0.0,-0.18,0.008,0.0,0.0,-0.1213,0.0,0.0,0.0031000000000000003,0.0,0.0,0.0,4997.0,0.0,-0.1213
71046563,2,0,0.007,-0.183,0.002,0.0,0.0,-0.1307,0.0,0.0,0.0026000000000000003,0.0,0.0,0.0,8998.0,0.0,-0.1307
71050565,2,0,0.011,-0.181,0.001,0.0,0.0,-0.14,0.0,0.0,0.0021000000000000003,0.0,0.0,0.0,13000.0,0.0,-0.14
71052589,2,0,0.016,-0.184,0.0,0.0,0.0,-0.1447,0.0,0.0,0.0018000000000000002,0.0,0.0,0.0,15024.0,0.0,-0.1447
71057564,2,0,0.006,-0.192,0.0,0.0,0.0,-0.1563,0.0,0.0,0.0009000000000000001,0.0,0.0,0.0,19999.0,0.0,-0.1563
71062565,2,0,0.006,-0.20700000000000002,0.003,0.0,0.0,-0.168,0.0,0.0,0.0,0.0,0.0,0.0,25000.0,0.0,-0.168
71064572,2,0,0.008,-0.209,0.004,0.0,0.0,-0.17270000000000002,0.0,0.0,-0.00030000000000000003,0.0,0.0,0.0,0.0,0.0,-0.17270000000000002
71069238,2,0,0.016,-0.215,-0.003,0.0,0.0,-0.17500000000000002,0.0,0.0,-0.0016,0.0,0.0,0.0,4666.0,0.0,-0.17500000000000002
71073240,2,0,0.011,-0.224,0.002,0.0,0.0,-0.17500000000000002,0.0,0.0,-0.0025,0.0,0.0,0.0,8668.0,0.0,-0.17500000000000002
71077565,2,0,0.01,-0.222,-0.001,0.0,0.0,-0.17500000000000002,0.0,0.0,-0.0034000000000000002,0.0,0.0,0.0,12993.0,0.0,-0.17500000000000002
71082564,2,0,0.016,-0.213,-0.005,0.0,0.0,-0.17500000000000002,0.0,0.0,-0.0046,0.0,0.0,0.0,17992.0,0.0,-0.17500000000000002
71087250,2,0,0.02,-0.213,0.003,0.0,0.0,-0.17500000000000002,0.0,0.0,-0.0057,0.0,0.0,0.0,22678.0,0.0,-0.17500000000000002
71089566,2,0,0.017,-0.21,0.004,0.0,0.0,-0.17500000000000002,0.0,0.0,-0.0061,0.0,0.0,0.0,24994.0,0.0,-0.17500000000000002
71094253,2,0,0.016,-0.188,0.0,0.0,0.0,-0.17500000000000002,0.0,0.0,-0.007200000000000001,0.0,0.0,0.0,0.0,0.0,-0.17500000000000002
71096571,2,0,0.012,-0.184,0.0,0.0,0.0,-0.17500000000000002,0.0,0.0,-0.0074,0.0,0.0,0.0,2318.0,0.0,-0.17500000000000002
71101565,2,0,0.005,-0.17200000000000001,0.004,0.0,0.0,-0.17500000000000002,0.0,0.0,-0.0085,0.0,0.0,0.0,7312.0,0.0,-0.17500000000000002
71106261,2,0,0.008,-0.161,0.0,0.0,0.0,-0.17500000000000002,0.0,0.0,-0.009300000000000001,0.0,0.0,0.0,12008.0,0.0,-0.17500000000000002
71110309,2,0,0.008,-0.14,0.001,0.0,0.0,-0.17500000000000002,0.0,0.0,-0.0099,0.0,0.0,0.0,16056.0,0.0,-0.17500000000000002
71112587,2,0,0.006,-0.14200000000000002,0.001,0.0,0.0,-0.17500000000000002,0.0,0.0,-0.0102,0.0,0.0,0.0,18334.0,0.0,-0.17500000000000002
71117565,2,0,-0.003,-0.127,-0.013000000000000001,0.0,0.0,-0.17500000000000002,0.0,0.0,-0.011000000000000001,0.0,0.0,0.0,23312.0,0.0,-0.17500000000000002
71122566,2,0,0.009000000000000001,-0.122,-0.012,0.0,0.0,-0.17500000000000002,0.0,0.0,-0.011600000000000001,0.0,0.0,0.0,0.0,0.0,-0.17500000000000002
71125320,2,0,0.011,-0.12,-0.009000000000000001,0.0,0.0,-0.17500000000000002,0.0,0.0,-0.0119,0.0,0.0,0.0,2754.0,0.0,-0.17500000000000002
71129563,2,0,0.003,-0.10400000000000001,-0.012,0.0,0.0,-0.17500000000000002,0.0,0.0,-0.0123,0.0,0.0,0.0,6997.0,0.0,-0.17500000000000002
71133565,2,0,-0.013000000000000001,-0.095,-0.012,0.0,0.0,-0.17500000000000002,0.0,0.0,-0.0126,0.0,0.0,0.0,10999.0,0.0,-0.17500000000000002
71138285,2,0,-0.016,-0.075,0.002,0.0,0.0,-0.17500000000000002,0.0,0.0,-0.0129,0.0,0.0,0.0,15719.0,0.0,-0.17500000000000002
71142565,2,0,-0.012,-0.069,-0.002,0.0,0.0,-0.17500000000000002,0.0,0.0,-0.013000000000000001,0.0,0.0,0.0,19999.0,0.0,-0.17500000000000002
71146566,2,0,-0.006,-0.05,0.008,0.0,0.0,-0.17500000000000002,0.0,0.0,-0.0131,0.0,0.0,0.0,24000.0,0.0,-0.17500000000000002
71151290,2,0,-0.013000000000000001,-0.045,0.01,0.0,0.0,-0.17500000000000002,0.0,0.0,-0.0131,0.0,0.0,0.0,0.0,0.0,-0.17500000000000002
71153293,2,0,-0.012,-0.041,0.005,0.0,0.0,-0.17500000000000002,0.0,0.0,-0.0131,0.0,0.0,0.0,2003.0,0.0,-0.17500000000000002
71157563,2,0,-0.013000000000000001,-0.037,0.003,0.0,0.0,-0.17500000000000002,0.0,0.0,-0.0132,0.0,0.0,0.0,6273.0,0.0,-0.17500000000000002
71161565,2,0,-0.007,-0.044,0.008,0.0,0.0,-0.17500000000000002,0.0,0.0,-0.0134,0.0,0.0,0.0,10275.0,0.0,-0.17500000000000002
71166305,2,0,-0.006,-0.046,-0.003,0.0,0.0,-0.17270000000000002,0.0,0.0,-0.013600000000000001,0.0,0.0,0.0,15015.0,0.0,-0.17270000000000002
71171304,2,0,-0.013000000000000001,-0.043000000000000003,-0.003,0.0,0.0,-0.161,0.0,0.0,-0.013900000000000001,0.0,0.0,0.0,20014.0,0.0,-0.161
71173306,2,0,-0.018000000000000002,-0.041,-0.002,0.0,0.0,-0.1563,0.0,0.0,-0.013900000000000001,0.0,0.0,0.0,22016.0,0.0,-0.1563
71177564,2,0,-0.021,-0.045,0.0,0.0,0.0,-0.14700000000000002,0.0,0.0,-0.014100000000000001,0.0,0.0,0.0,0.0,0.0,-0.14700000000000002
71182566,2,0,-0.009000000000000001,-0.028,0.009000000000000001,0.0,0.0,-0.1353,0.0,0.0,-0.0142,0.0,0.0,0.0,5002.0,0.0,-0.1353
71187315,2,0,-0.006,-0.019,0.006,0.0,0.0,-0.1237,0.0,0.0,-0.0142,0.0,0.0,0.0,9751.0,0.0,-0.1237
71189317,2,0,-0.007,-0.013000000000000001,0.002,0.0,0.0,-0.11900000000000001,0.0,0.0,-0.0142,0.0,0.0,0.0,11753.0,0.0,-0.11900000000000001
71193466,2,0,-0.003,-0.002,-0.005,0.0,0.0,-0.1097,0.0,0.0,-0.014100000000000001,0.0,0.0,0.0,15902.0,0.0,-0.1097
71197565,2,0,0.005,0.002,-0.002,0.0,0.0,-0.1003,0.0,0.0,-0.014100000000000001,0.0,0.0,0.0,20001.0,0.0,-0.1003
71202563,2,0,0.008,0.01,0.002,0.0,0.0,-0.0887,0.0,0.0,-0.0142,0.0,0.0,0.0,24999.0,0.0,-0.0887
71207330,2,0,0.001,0.006,-0.005,0.0,0.0,-0.077,0.0,0.0,-0.0142,0.0,0.0,0.0,0.0,0.0,-0.077
71209333,2,0,-0.002,0.008,-0.001,0.0,0.0,-0.0723,0.0,0.0,-0.0142,0.0,0.0,0.0,2003.0,0.0,-0.0723
71213336,2,0,0.004,0.014,0.005,0.0,0.0,-0.063,0.0,0.0,-0.0142,0.0,0.0,0.0,6006.0,0.0,-0.063
71217566,2,0,0.011,0.012,0.003,0.0,0.0,-0.053700000000000005,0.0,0.0,-0.0142,0.0,0.0,0.0,10236.0,0.0,-0.053700000000000005
71222564,2,0,0.012,0.017,0.001,0.0,0.0,-0.042,0.0,0.0,-0.0142,0.0,0.0,0.0,15234.0,0.0,-0.042
71224571,2,0,0.011,0.017,0.002,0.0,0.0,-0.0373,0.0,0.0,-0.014100000000000001,0.0,0.0,0.0,17241.0,0.0,-0.0373
71229565,2,0,0.005,0.016,-0.007,0.0,0.0,-0.0257,0.0,0.0,-0.014100000000000001,0.0,0.0,0.0,22235.0,0.0,-0.0257
71234347,2,0,0.014,0.018000000000000002,-0.01,0.0,0.0,-0.014,0.0,0.0,-0.014,0.0,0.0,0.0,0.0,0.0,-0.014
71238353,2,0,0.013000000000000001,0.026000000000000002,-0.005,0.0,0.0,-0.0047,0.0,0.0,-0.013900000000000001,0.0,0.0,0.0,4006.0,0.0,-0.0047
71242565,2,0,0.007,0.033,-0.005,0.0,0.0,0.0047,0.0,0.0,-0.013600000000000001,0.0,0.0,0.0,8218.0,0.0,0.0047
71246565,2,0,0.007,0.053,-0.008,0.0,0.0,0.014,0.0,0.0,-0.013300000000000001,0.0,0.0,0.0,12218.0,0.0,0.014
71251352,2,0,0.012,0.096,-0.003,0.0,0.0,0.0257,0.0,0.0,-0.0125,0.0,0.0,0.0,17005.0,0.0,0.0257
71253359,2,0,0.015,0.107,-0.004,0.0,0.0,0.0303,0.0,0.0,-0.0122,0.0,0.0,0.0,19012.0,0.0,0.0303
71257467,2,0,0.008,0.133,-0.003,0.0,0.0,0.0397,0.0,0.0,-0.011600000000000001,0.0,0.0,0.0,23120.0,0.0,0.0397
71261563,2,0,0.006,0.17500000000000002,-0.003,0.0,0.0,0.049,0.0,0.0,-0.0106,0.0,0.0,0.0,0.0,0.0,0.049
71265565,2,0,0.011,0.19,-0.009000000000000001,0.0,0.0,0.058300000000000005,0.0,0.0,-0.009600000000000001,0.0,0.0,0.0,4002.0,0.0,0.058300000000000005
71270419,2,0,0.01,0.21,-0.007,0.0,0.0,0.07,0.0,0.0,-0.0085,0.0,0.0,0.0,8856.0,0.0,0.07
71272587,2,0,0.012,0.211,-0.008,0.0,0.0,0.0747,0.0,0.0,-0.0081,0.0,0.0,0.0,11024.0,0.0,0.0747
71277565,2,0,0.005,0.192,-0.006,0.0,0.0,0.0863,0.0,0.0,-0.0073,0.0,0.0,0.0,16002.0,0.0,0.0863
71282565,2,0,-0.004,0.188,-0.012,0.0,0.0,0.098,0.0,0.0,-0.0067,0.0,0.0,0.0,21002.0,0.0,0.098
71287383,2,0,-0.001,0.16,-0.006,0.0,0.0,0.1097,0.0,0.0,-0.006200000000000001,0.0,0.0,0.0,25820.0,0.0,0.1097
71289529,2,0,0.004,0.162,-0.007,0.0,0.0,0.1143,0.0,0.0,-0.006,0.0,0.0,0.0,0.0,0.0,0.1143
71293565,2,0,0.005,0.165,-0.006,0.0,0.0,0.1237,0.0,0.0,-0.0055000000000000005,0.0,0.0,0.0,4036.0,0.0,0.1237
71298393,2,0,-0.009000000000000001,0.164,-0.004,0.0,0.0,0.1353,0.0,0.0,-0.0048000000000000004,0.0,0.0,0.0,8864.0,0.0,0.1353
71302528,2,0,-0.009000000000000001,0.191,-0.002,0.0,0.0,0.1447,0.0,0.0,-0.0041,0.0,0.0,0.0,12999.0,0.0,0.1447
71306565,2,0,-0.001,0.201,0.0,0.0,0.0,0.154,0.0,0.0,-0.0032,0.0,0.0,0.0,17036.0,0.0,0.154
71309398,2,0,0.001,0.201,0.01,0.0,0.0,0.161,0.0,0.0,-0.0025,0.0,0.0,0.0,19869.0,0.0,0.161
71313439,2,0,-0.005,0.214,0.019,0.0,0.0,0.1703,0.0,0.0,-0.0016,0.0,0.0,0.0,23910.0,0.0,0.1703
71317565,2,0,-0.01,0.212,0.006,0.0,0.0,0.17500000000000002,0.0,0.0,-0.0007,0.0,0.0,0.0,0.0,0.0,0.17500000000000002
71320572,2,0,-0.011,0.20800000000000002,0.004,0.0,0.0,0.17500000000000002,0.0,0.0,-0.0002,0.0,0.0,0.0,3007.0,0.0,0.17500000000000002
71325492,2,0,-0.012,0.20400000000000001,0.01,0.0,0.0,0.17500000000000002,0.0,0.0,0.001,0.0,0.0,0.0,7927.0,0.0,0.17500000000000002
71329565,2,0,-0.016,0.195,-0.002,0.0,0.0,0.17500000000000002,0.0,0.0,0.0018000000000000002,0.0,0.0,0.0,12000.0,0.0,0.17500000000000002
71334417,2,0,-0.011,0.182,-0.006,0.0,0.0,0.17500000000000002,0.0,0.0,0.0029000000000000002,0.0,0.0,0.0,16852.0,0.0,0.17500000000000002
71338456,2,0,-0.025,0.184,-0.01,0.0,0.0,0.17500000000000002,0.0,0.0,0.0037,0.0,0.0,0.0,20891.0,0.0,0.17500000000000002
71342565,2,0,-0.019,0.182,-0.011,0.0,0.0,0.17500000000000002,0.0,0.0,0.0046,0.0,0.0,0.0,25000.0,0.0,0.17500000000000002
71347425,2,0,-0.005,0.184,-0.004,0.0,0.0,0.17500000000000002,0.0,0.0,0.0057,0.0,0.0,0.0,0.0,0.0,0.17500000000000002
71349443,2,0,0.0,0.186,-0.003,0.0,0.0,0.17500000000000002,0.0,0.0,0.006200000000000001,0.0,0.0,0.0,2018.0,0.0,0.17500000000000002
71353572,2,0,-0.001,0.17200000000000001,-0.009000000000000001,0.0,0.0,0.17500000000000002,0.0,0.0,0.007,0.0,0.0,0.0,6147.0,0.0,0.17500000000000002
71358473,2,0,0.004,0.158,-0.011,0.0,0.0,0.17500000000000002,0.0,0.0,0.008,0.0,0.0,0.0,11048.0,0.0,0.17500000000000002
71362564,2,0,0.004,0.14400000000000002,0.0,0.0,0.0,0.17500000000000002,0.0,0.0,0.0086,0.0,0.0,0.0,15139.0,0.0,0.17500000000000002
71367475,2,0,0.001,0.126,-0.002,0.0,0.0,0.17500000000000002,0.0,0.0,0.0092,0.0,0.0,0.0,20050.0,0.0,0.17500000000000002
71369477,2,0,-0.002,0.12,0.002,0.0,0.0,0.17500000000000002,0.0,0.0,0.0094,0.0,0.0,0.0,22052.0,0.0,0.17500000000000002
71373618,2,0,-0.014,0.10300000000000001,0.009000000000000001,0.0,0.0,0.17500000000000002,0.0,0.0,0.0097,0.0,0.0,0.0,0.0,0.0,0.17500000000000002
71378485,2,0,-0.001,0.08600000000000001,0.018000000000000002,0.0,0.0,0.17500000000000002,0.0,0.0,0.0102,0.0,0.0,0.0,4867.0,0.0,0.17500000000000002
71382569,2,0,0.006,0.07200000000000001,0.015,0.0,0.0,0.17500000000000002,0.0,0.0,0.010400000000000001,0.0,0.0,0.0,8951.0,0.0,0.17500000000000002
71384572,2,0,0.007,0.07,0.015,0.0,0.0,0.17500000000000002,0.0,0.0,0.0105,0.0,0.0,0.0,10954.0,0.0,0.17500000000000002
71389490,2,0,0.002,0.057,0.01,0.0,0.0,0.17500000000000002,0.0,0.0,0.0108,0.0,0.0,0.0,15872.0,0.0,0.17500000000000002
71393497,2,0,0.009000000000000001,0.062,-0.003,0.0,0.0,0.17500000000000002,0.0,0.0,0.011000000000000001,0.0,0.0,0.0,19879.0,0.0,0.17500000000000002
71398497,2,0,0.02,0.055,-0.01,0.0,0.0,0.17500000000000002,0.0,0.0,0.011300000000000001,0.0,0.0,0.0,24879.0,0.0,0.17500000000000002
71403504,2,0,0.019,0.059000000000000004,-0.014,0.0,0.0,0.17500000000000002,0.0,0.0,0.011600000000000001,0.0,0.0,0.0,0.0,0.0,0.17500000000000002
71405554,2,0,0.017,0.052000000000000005,-0.015,0.0,0.0,0.17500000000000002,0.0,0.0,0.0117,0.0,0.0,0.0,2050.0,0.0,0.17500000000000002
71410581,2,0,0.012,0.049,-0.008,0.0,0.0,0.17500000000000002,0.0,0.0,0.0119,0.0,0.0,0.0,7077.0,0.0,0.17500000000000002
71413511,2,0,0.015,0.047,-0.003,0.0,0.0,0.17500000000000002,0.0,0.0,0.012,0.0,0.0,0.0,10007.0,0.0,0.17500000000000002
71417639,2,0,0.022,0.037,-0.003,0.0,0.0,0.1703,0.0,0.0,0.0122,0.0,0.0,0.0,14135.0,0.0,0.1703
71423518,2,0,0.008,0.025,0.0,0.0,0.0,0.1563,0.0,0.0,0.0123,0.0,0.0,0.0,20014.0,0.0,0.1563
71425568,2,0,0.006,0.015,0.004,0.0,0.0,0.1517,0.0,0.0,0.0123,0.0,0.0,0.0,22064.0,0.0,0.1517
71430806,2,0,0.014,-0.004,-0.002,0.0,0.0,0.14,0.0,0.0,0.0122,0.0,0.0,0.0,0.0,0.0,0.14
71433527,2,0,0.018000000000000002,-0.007,-0.001,0.0,0.0,0.133,0.0,0.0,0.0122,0.0,0.0,0.0,2721.0,0.0,0.133
71438531,2,0,0.01,-0.01,0.012,0.0,0.0,0.1213,0.0,0.0,0.0122,0.0,0.0,0.0,7725.0,0.0,0.1213
71440581,2,0,0.007,-0.011,0.012,0.0,0.0,0.11670000000000001,0.0,0.0,0.0122,0.0,0.0,0.0,9775.0,0.0,0.11670000000000001
71445581,2,0,0.007,-0.019,-0.003,0.0,0.0,0.10500000000000001,0.0,0.0,0.0123,0.0,0.0,0.0,14775.0,0.0,0.10500000000000001
71448573,2,0,0.008,-0.019,0.003,0.0,0.0,0.098,0.0,0.0,0.0123,0.0,0.0,0.0,17767.0,0.0,0.098
71454538,2,0,0.001,-0.021,0.003,0.0,0.0,0.084,0.0,0.0,0.0123,0.0,0.0,0.0,23732.0,0.0,0.084
71458545,2,0,-0.001,-0.018000000000000002,-0.005,0.0,0.0,0.0747,0.0,0.0,0.0123,0.0,0.0,0.0,0.0,0.0,0.0747
71460588,2,0,-0.002,-0.02,-0.002,0.0,0.0,0.07,0.0,0.0,0.0123,0.0,0.0,0.0,2043.0,0.0,0.07
71465599,2,0,-0.001,-0.028,-0.001,0.0,0.0,0.058300000000000005,0.0,0.0,0.0123,0.0,0.0,0.0,7054.0,0.0,0.058300000000000005
71470600,2,0,-0.003,-0.031,-0.004,0.0,0.0,0.046700000000000005,0.0,0.0,0.0122,0.0,0.0,0.0,12055.0,0.0,0.046700000000000005
71473553,2,0,-0.012,-0.032,0.003,0.0,0.0,0.0397,0.0,0.0,0.012100000000000001,0.0,0.0,0.0,15008.0,0.0,0.0397
71478558,2,0,-0.019,-0.034,0.001,0.0,0.0,0.028,0.0,0.0,0.012,0.0,0.0,0.0,20013.0,0.0,0.028
71480574,2,0,-0.02,-0.035,-0.001,0.0,0.0,0.0233,0.0,0.0,0.0119,0.0,0.0,0.0,22029.0,0.0,0.0233
71485608,2,0,-0.014,-0.031,0.0,0.0,0.0,0.0117,0.0,0.0,0.0118,0.0,0.0,0.0,0.0,0.0,0.0117
71488588,2,0,-0.01,-0.041,0.004,0.0,0.0,0.0047,0.0,0.0,0.0117,0.0,0.0,0.0,2980.0,0.0,0.0047
71493567,2,0,-0.013000000000000001,-0.053,0.0,0.0,0.0,-0.007,0.0,0.0,0.011300000000000001,0.0,0.0,0.0,7959.0,0.0,-0.007
71498569,2,0,-0.006,-0.07100000000000001,0.003,0.0,0.0,-0.0187,0.0,0.0,0.0108,0.0,0.0,0.0,12961.0,0.0,-0.0187
71500618,2,0,-0.005,-0.085,0.005,0.0,0.0,-0.0233,0.0,0.0,0.0105,0.0,0.0,0.0,15010.0,0.0,-0.0233
71505622,2,0,-0.008,-0.117,-0.001,0.0,0.0,-0.035,0.0,0.0,0.0098,0.0,0.0,0.0,20014.0,0.0,-0.035
71510624,2,0,-0.014,-0.155,0.0,0.0,0.0,-0.046700000000000005,0.0,0.0,0.0088,0.0,0.0,0.0,25016.0,0.0,-0.046700000000000005
71513446,2,0,-0.019,-0.166,0.002,0.0,0.0,-0.053700000000000005,0.0,0.0,0.008400000000000001,0.0,0.0,0.0,0.0,0.0,-0.053700000000000005
71518586,2,0,-0.024,-0.191,0.003,0.0,0.0,-0.0653,0.0,0.0,0.0071,0.0,0.0,0.0,5140.0,0.0,-0.0653
71520632,2,0,-0.025,-0.197,0.004,0.0,0.0,-0.07,0.0,0.0,0.0067,0.0,0.0,0.0,7186.0,0.0,-0.07
71525635,2,0,-0.027,-0.202,0.005,0.0,0.0,-0.08170000000000001,0.0,0.0,0.0059,0.0,0.0,0.0,12189.0,0.0,-0.08170000000000001
71528616,2,0,-0.018000000000000002,-0.2,0.009000000000000001,0.0,0.0,-0.0887,0.0,0.0,0.0055000000000000005,0.0,0.0,0.0,15170.0,0.0,-0.0887
71533594,2,0,-0.006,-0.192,0.005,0.0,0.0,-0.1003,0.0,0.0,0.0048000000000000004,0.0,0.0,0.0,20148.0,0.0,-0.1003
71538599,2,0,-0.006,-0.181,0.005,0.0,0.0,-0.112,0.0,0.0,0.0043,0.0,0.0,0.0,25153.0,0.0,-0.112
71540651,2,0,-0.007,-0.181,0.002,0.0,0.0,-0.11670000000000001,0.0,0.0,0.0041,0.0,0.0,0.0,0.0,0.0,-0.11670000000000001
71545742,2,0,0.004,-0.181,0.002,0.0,0.0,-0.1283,0.0,0.0,0.0034000000000000002,0.0,0.0,0.0,5091.0,0.0,-0.1283
71548628,2,0,0.01,-0.184,-0.004,0.0,0.0,-0.1353,0.0,0.0,0.003,0.0,0.0,0.0,7977.0,0.0,-0.1353
71553608,2,0,0.014,-0.196,-0.003,0.0,0.0,-0.14700000000000002,0.0,0.0,0.0022,0.0,0.0,0.0,12957.0,0.0,-0.14700000000000002
71558609,2,0,-0.002,-0.20500000000000002,-0.004,0.0,0.0,-0.1587,0.0,0.0,0.0012000000000000001,0.0,0.0,0.0,17958.0,0.0,-0.1587
71560658,2,0,0.001,-0.211,-0.003,0.0,0.0,-0.1633,0.0,0.0,0.0008,0.0,0.0,0.0,20007.0,0.0,-0.1633
71565663,2,0,0.013000000000000001,-0.222,-0.002,0.0,0.0,-0.17500000000000002,0.0,0.0,-0.0004,0.0,0.0,0.0,25012.0,0.0,-0.17500000000000002
71568642,2,0,0.017,-0.221,-0.003,0.0,0.0,-0.17500000000000002,0.0,0.0,-0.0011,0.0,0.0,0.0,0.0,0.0,-0.17500000000000002
71573623,2,0,0.013000000000000001,-0.227,0.003,0.0,0.0,-0.17500000000000002,0.0,0.0,-0.0022,0.0,0.0,0.0,4981.0,0.0,-0.17500000000000002
71577735,2,0,0.009000000000000001,-0.223,0.004,0.0,0.0,-0.17500000000000002,0.0,0.0,-0.0032,0.0,0.0,0.0,9093.0,0.0,-0.17500000000000002
71580672,2,0,0.016,-0.223,0.0,0.0,0.0,-0.17500000000000002,0.0,0.0,-0.0038,0.0,0.0,0.0,12030.0,0.0,-0.17500000000000002
71585677,2,0,0.022,-0.215,0.009000000000000001,0.0,0.0,-0.17500000000000002,0.0,0.0,-0.005,0.0,0.0,0.0,17035.0,0.0,-0.17500000000000002
71588655,2,0,0.022,-0.212,0.012,0.0,0.0,-0.17500000000000002,0.0,0.0,-0.0057,0.0,0.0,0.0,20013.0,0.0,-0.17500000000000002
71593635,2,0,0.014,-0.195,0.003,0.0,0.0,-0.17500000000000002,0.0,0.0,-0.0068000000000000005,0.0,0.0,0.0,24993.0,0.0,-0.17500000000000002
71598640,2,0,0.005,-0.17400000000000002,0.008,0.0,0.0,-0.17500000000000002,0.0,0.0,-0.0077,0.0,0.0,0.0,0.0,0.0,-0.17500000000000002
71600679,2,0,0.003,-0.176,0.007,0.0,0.0,-0.17500000000000002,0.0,0.0,-0.008,0.0,0.0,0.0,2039.0,0.0,-0.17500000000000002
71605683,2,0,0.013000000000000001,-0.157,0.001,0.0,0.0,-0.17500000000000002,0.0,0.0,-0.0089,0.0,0.0,0.0,7043.0,0.0,-0.17500000000000002
71608592,2,0,0.01,-0.14400000000000002,0.004,0.0,0.0,-0.17500000000000002,0.0,0.0,-0.0092,0.0,0.0,0.0,9952.0,0.0,-0.17500000000000002
71613648,2,0,0.001,-0.138,-0.005,0.0,0.0,-0.17500000000000002,0.0,0.0,-0.010100000000000001,0.0,0.0,0.0,15008.0,0.0,-0.17500000000000002
71618660,2,0,0.011,-0.113,-0.01,0.0,0.0,-0.17500000000000002,0.0,0.0,-0.0108,0.0,0.0,0.0,20020.0,0.0,-0.17500000000000002
71620731,2,0,0.011,-0.115,-0.006,0.0,0.0,-0.17500000000000002,0.0,0.0,-0.011000000000000001,0.0,0.0,0.0,22091.0,0.0,-0.17500000000000002
71625738,2,0,0.012,-0.10300000000000001,-0.009000000000000001,0.0,0.0,-0.17500000000000002,0.0,0.0,-0.0115,0.0,0.0,0.0,0.0,0.0,-0.17500000000000002
71628690,2,0,0.006,-0.097,-0.014,0.0,0.0,-0.17500000000000002,0.0,0.0,-0.0118,0.0,0.0,0.0,2952.0,0.0,-0.17500000000000002
71633663,2,0,-0.013000000000000001,-0.081,-0.001,0.0,0.0,-0.17500000000000002,0.0,0.0,-0.0122,0.0,0.0,0.0,7925.0,0.0,-0.17500000000000002
71638665,2,0,-0.02,-0.056,0.001,0.0,0.0,-0.17500000000000002,0.0,0.0,-0.0123,0.0,0.0,0.0,12927.0,0.0,-0.17500000000000002
71641675,2,0,-0.014,-0.051000000000000004,0.0,0.0,0.0,-0.17500000000000002,0.0,0.0,-0.0123,0.0,0.0,0.0,15937.0,0.0,-0.17500000000000002
71644667,2,0,-0.007,-0.035,0.009000000000000001,0.0,0.0,-0.17500000000000002,0.0,0.0,-0.0123,0.0,0.0,0.0,18929.0,0.0,-0.17500000000000002
71648698,2,0,-0.01,-0.029,0.015,0.0,0.0,-0.17500000000000002,0.0,0.0,-0.0122,0.0,0.0,0.0,22960.0,0.0,-0.17500000000000002
71653675,2,0,-0.012,-0.014,0.004,0.0,0.0,-0.17500000000000002,0.0,0.0,-0.0122,0.0,0.0,0.0,0.0,0.0,-0.17500000000000002
71658681,2,0,-0.007,-0.021,0.003,0.0,0.0,-0.17500000000000002,0.0,0.0,-0.0123,0.0,0.0,0.0,5006.0,0.0,-0.17500000000000002
71660762,2,0,-0.005,-0.02,0.004,0.0,0.0,-0.17500000000000002,0.0,0.0,-0.0123,0.0,0.0,0.0,7087.0,0.0,-0.17500000000000002
71665767,2,0,-0.006,-0.025,-0.006,0.0,0.0,-0.17500000000000002,0.0,0.0,-0.012400000000000001,0.0,0.0,0.0,12092.0,0.0,-0.17500000000000002
71668709,2,0,-0.011,-0.03,-0.01,0.0,0.0,-0.168,0.0,0.0,-0.0126,0.0,0.0,0.0,15034.0,0.0,-0.168
71673754,2,0,-0.026000000000000002,-0.035,-0.007,0.0,0.0,-0.1563,0.0,0.0,-0.012700000000000001,0.0,0.0,0.0,20079.0,0.0,-0.1563
71678572,2,0,-0.017,-0.032,-0.004,0.0,0.0,-0.1447,0.0,0.0,-0.0128,0.0,0.0,0.0,24897.0,0.0,-0.1447
71680772,2,0,-0.01,-0.024,0.0,0.0,0.0,-0.14,0.0,0.0,-0.0129,0.0,0.0,0.0,0.0,0.0,-0.14
71685780,2,0,-0.013000000000000001,-0.017,0.005,0.0,0.0,-0.1283,0.0,0.0,-0.0129,0.0,0.0,0.0,5008.0,0.0,-0.1283
71688595,2,0,-0.011,-0.013000000000000001,0.004,0.0,0.0,-0.1213,0.0,0.0,-0.0128,0.0,0.0,0.0,7823.0,0.0,-0.1213
71693571,2,0,-0.003,-0.002,-0.009000000000000001,0.0,0.0,-0.1097,0.0,0.0,-0.0128,0.0,0.0,0.0,12799.0,0.0,-0.1097
71697572,2,0,0.009000000000000001,0.002,0.0,0.0,0.0,-0.1003,0.0,0.0,-0.012700000000000001,0.0,0.0,0.0,16800.0,0.0,-0.1003
71701743,2,0,0.009000000000000001,0.006,-0.005,0.0,0.0,-0.091,0.0,0.0,-0.012700000000000001,0.0,0.0,0.0,20971.0,0.0,-0.091
71705856,2,0,-0.004,0.009000000000000001,0.002,0.0,0.0,-0.08170000000000001,0.0,0.0,-0.012700000000000001,0.0,0.0,0.0,25084.0,0.0,-0.08170000000000001
71708594,2,0,-0.007,0.009000000000000001,0.003,0.0,0.0,-0.0747,0.0,0.0,-0.012700000000000001,0.0,0.0,0.0,0.0,0.0,-0.0747
71713571,2,0,0.002,0.007,0.001,0.0,0.0,-0.063,0.0,0.0,-0.012700000000000001,0.0,0.0,0.0,4977.0,0.0,-0.063
71717572,2,0,0.008,0.008,0.005,0.0,0.0,-0.053700000000000005,0.0,0.0,-0.012700000000000001,0.0,0.0,0.0,8978.0,0.0,-0.053700000000000005
71722571,2,0,0.004,0.01,0.009000000000000001,0.0,0.0,-0.042,0.0,0.0,-0.012700000000000001,0.0,0.0,0.0,13977.0,0.0,-0.042
71724756,2,0,0.001,0.012,0.005,0.0,0.0,-0.0373,0.0,0.0,-0.0126,0.0,0.0,0.0,16162.0,0.0,-0.0373
71728786,2,0,0.005,0.012,-0.004,0.0,0.0,-0.028,0.0,0.0,-0.0126,0.0,0.0,0.0,20192.0,0.0,-0.028
71733572,2,0,0.01,0.01,-0.007,0.0,0.0,-0.016300000000000002,0.0,0.0,-0.0126,0.0,0.0,0.0,24978.0,0.0,-0.016300000000000002
71737837,2,0,0.008,0.012,-0.002,0.0,0.0,-0.007,0.0,0.0,-0.0125,0.0,0.0,0.0,0.0,0.0,-0.007
71740577,2,0,0.005,0.016,-0.002,0.0,0.0,0.0,0.0,0.0,-0.0125,0.0,0.0,0.0,2740.0,0.0,0.0
71745576,2,0,0.008,0.028,-0.005,0.0,0.0,0.0117,0.0,0.0,-0.0122,0.0,0.0,0.0,7739.0,0.0,0.0117
71750575,2,0,0.006,0.065,0.004,0.0,0.0,0.0233,0.0,0.0,-0.0117,0.0,0.0,0.0,12738.0,0.0,0.0233
71752586,2,0,0.01,0.079,0.004,0.0,0.0,0.028,0.0,0.0,-0.0114,0.0,0.0,0.0,14749.0,0.0,0.028
71756785,2,0,0.011,0.113,0.003,0.0,0.0,0.0373,0.0,0.0,-0.0105,0.0,0.0,0.0,18948.0,0.0,0.0373
71761571,2,0,0.004,0.15,0.004,0.0,0.0,0.049,0.0,0.0,-0.0097,0.0,0.0,0.0,23734.0,0.0,0.049
71765817,2,0,0.002,0.182,0.001,0.0,0.0,0.058300000000000005,0.0,0.0,-0.0085,0.0,0.0,0.0,0.0,0.0,0.058300000000000005
71768594,2,0,0.005,0.19,-0.002,0.0,0.0,0.0653,0.0,0.0,-0.0081,0.0,0.0,0.0,2777.0,0.0,0.0653
71772783,2,0,0.011,0.20700000000000002,-0.001,0.0,0.0,0.0747,0.0,0.0,-0.0071,0.0,0.0,0.0,6966.0,0.0,0.0747
71776784,2,0,0.008,0.199,-0.001,0.0,0.0,0.084,0.0,0.0,-0.0064,0.0,0.0,0.0,10967.0,0.0,0.084
71780808,2,0,-0.004,0.194,-0.007,0.0,0.0,0.09330000000000001,0.0,0.0,-0.0059,0.0,0.0,0.0,14991.0,0.0,0.09330000000000001
71785576,2,0,-0.005,0.18,-0.009000000000000001,0.0,0.0,0.10500000000000001,0.0,0.0,-0.0054,0.0,0.0,0.0,19759.0,0.0,0.10500000000000001
71790575,2,0,0.008,0.176,-0.008,0.0,0.0,0.11670000000000001,0.0,0.0,-0.0048000000000000004,0.0,0.0,0.0,24758.0,0.0,0.11670000000000001
71792801,2,0,0.007,0.18,-0.012,0.0,0.0,0.1213,0.0,0.0,-0.0044,0.0,0.0,0.0,0.0,0.0,0.1213
71796806,2,0,0.001,0.164,-0.011,0.0,0.0,0.1307,0.0,0.0,-0.0038,0.0,0.0,0.0,4005.0,0.0,0.1307
71801574,2,0,0.0,0.177,-0.006,0.0,0.0,0.1423,0.0,0.0,-0.0034000000000000002,0.0,0.0,0.0,8773.0,0.0,0.1423
71805813,2,0,-0.009000000000000001,0.196,-0.001,0.0,0.0,0.1517,0.0,0.0,-0.0022,0.0,0.0,0.0,13012.0,0.0,0.1517
71808598,2,0,-0.008,0.194,0.002,0.0,0.0,0.1587,0.0,0.0,-0.0017000000000000001,0.0,0.0,0.0,15797.0,0.0,0.1587
71813575,2,0,0.001,0.21,0.015,0.0,0.0,0.1703,0.0,0.0,-0.0006000000000000001,0.0,0.0,0.0,20774.0,0.0,0.1703
71817577,2,0,-0.002,0.20400000000000001,0.012,0.0,0.0,0.17500000000000002,0.0,0.0,0.00030000000000000003,0.0,0.0,0.0,24776.0,0.0,0.17500000000000002
71822574,2,0,-0.011,0.21,0.007,0.0,0.0,0.17500000000000002,0.0,0.0,0.0014,0.0,0.0,0.0,0.0,0.0,0.17500000000000002
71824576,2,0,-0.009000000000000001,0.20800000000000002,0.008,0.0,0.0,0.17500000000000002,0.0,0.0,0.0018000000000000002,0.0,0.0,0.0,2002.0,0.0,0.17500000000000002
71828595,2,0,-0.008,0.198,0.007,0.0,0.0,0.17500000000000002,0.0,0.0,0.0027,0.0,0.0,0.0,6021.0,0.0,0.17500000000000002
71833575,2,0,-0.012,0.199,-0.002,0.0,0.0,0.17500000000000002,0.0,0.0,0.0036000000000000003,0.0,0.0,0.0,11001.0,0.0,0.17500000000000002
71837576,2,0,-0.01,0.185,-0.005,0.0,0.0,0.17500000000000002,0.0,0.0,0.0048000000000000004,0.0,0.0,0.0,15002.0,0.0,0.17500000000000002
71841812,2,0,-0.019,0.19,-0.014,0.0,0.0,0.17500000000000002,0.0,0.0,0.0059,0.0,0.0,0.0,19238.0,0.0,0.17500000000000002
71844574,2,0,-0.011,0.182,-0.016,0.0,0.0,0.17500000000000002,0.0,0.0,0.0064,0.0,0.0,0.0,22000.0,0.0,0.17500000000000002
71848598,2,0,-0.007,0.185,-0.008,0.0,0.0,0.17500000000000002,0.0,0.0,0.007200000000000001,0.0,0.0,0.0,0.0,0.0,0.17500000000000002
71853575,2,0,0.004,0.17300000000000001,-0.012,0.0,0.0,0.17500000000000002,0.0,0.0,0.0083,0.0,0.0,0.0,4977.0,0.0,0.17500000000000002
71857577,2,0,0.004,0.155,-0.015,0.0,0.0,0.17500000000000002,0.0,0.0,0.009000000000000001,0.0,0.0,0.0,8979.0,0.0,0.17500000000000002
71861811,2,0,0.004,0.136,-0.007,0.0,0.0,0.17500000000000002,0.0,0.0,0.0097,0.0,0.0,0.0,13213.0,0.0,0.17500000000000002
71864575,2,0,0.0,0.128,-0.005,0.0,0.0,0.17500000000000002,0.0,0.0,0.01,0.0,0.0,0.0,15977.0,0.0,0.17500000000000002
71868833,2,0,0.0,0.116,-0.002,0.0,0.0,0.17500000000000002,0.0,0.0,0.0105,0.0,0.0,0.0,20235.0,0.0,0.17500000000000002
71873812,2,0,-0.012,0.095,0.012,0.0,0.0,0.17500000000000002,0.0,0.0,0.0109,0.0,0.0,0.0,25214.0,0.0,0.17500000000000002
71878575,2,0,-0.007,0.084,0.022,0.0,0.0,0.17500000000000002,0.0,0.0,0.011300000000000001,0.0,0.0,0.0,0.0,0.0,0.17500000000000002
71880831,2,0,-0.005,0.075,0.019,0.0,0.0,0.17500000000000002,0.0,0.0,0.0115,0.0,0.0,0.0,2256.0,0.0,0.17500000000000002
71885835,2,0,0.004,0.075,0.018000000000000002,0.0,0.0,0.17500000000000002,0.0,0.0,0.0118,0.0,0.0,0.0,7260.0,0.0,0.17500000000000002
71888597,2,0,0.005,0.07100000000000001,0.016,0.0,0.0,0.17500000000000002,0.0,0.0,0.012,0.0,0.0,0.0,10022.0,0.0,0.17500000000000002
71893575,2,0,0.013000000000000001,0.07200000000000001,0.007,0.0,0.0,0.17500000000000002,0.0,0.0,0.0123,0.0,0.0,0.0,15000.0,0.0,0.17500000000000002
71897936,2,0,0.014,0.062,-0.004,0.0,0.0,0.17500000000000002,0.0,0.0,0.0126,0.0,0.0,0.0,19361.0,0.0,0.17500000000000002
71902569,2,0,0.009000000000000001,0.064,-0.01,0.0,0.0,0.17500000000000002,0.0,0.0,0.0128,0.0,0.0,0.0,23994.0,0.0,0.17500000000000002
71904810,2,0,0.011,0.059000000000000004,-0.015,0.0,0.0,0.17500000000000002,0.0,0.0,0.013000000000000001,0.0,0.0,0.0,0.0,0.0,0.17500000000000002
71908833,2,0,0.011,0.048,-0.012,0.0,0.0,0.17500000000000002,0.0,0.0,0.0131,0.0,0.0,0.0,4023.0,0.0,0.17500000000000002
71913569,2,0,0.015,0.046,-0.006,0.0,0.0,0.17500000000000002,0.0,0.0,0.0132,0.0,0.0,0.0,8759.0,0.0,0.17500000000000002
71917811,2,0,0.014,0.025,-0.009000000000000001,0.0,0.0,0.1703,0.0,0.0,0.013300000000000001,0.0,0.0,0.0,13001.0,0.0,0.1703
71921813,2,0,0.01,0.022,-0.001,0.0,0.0,0.161,0.0,0.0,0.013300000000000001,0.0,0.0,0.0,17003.0,0.0,0.161
71925868,2,0,0.009000000000000001,0.003,0.0,0.0,0.0,0.1517,0.0,0.0,0.013300000000000001,0.0,0.0,0.0,21058.0,0.0,0.1517
71928811,2,0,0.009000000000000001,-0.002,-0.001,0.0,0.0,0.1447,0.0,0.0,0.013300000000000001,0.0,0.0,0.0,24001.0,0.0,0.1447
71933569,2,0,0.01,-0.012,-0.002,0.0,0.0,0.133,0.0,0.0,0.013300000000000001,0.0,0.0,0.0,0.0,0.0,0.133
71937827,2,0,0.005,-0.009000000000000001,0.009000000000000001,0.0,0.0,0.1237,0.0,0.0,0.013300000000000001,0.0,0.0,0.0,4258.0,0.0,0.1237
71941828,2,0,0.001,-0.013000000000000001,0.007,0.0,0.0,0.1143,0.0,0.0,0.0134,0.0,0.0,0.0,8259.0,0.0,0.1143
71945877,2,0,0.004,-0.018000000000000002,0.007,0.0,0.0,0.10500000000000001,0.0,0.0,0.0134,0.0,0.0,0.0,12308.0,0.0,0.10500000000000001
71950880,2,0,0.008,-0.021,0.013000000000000001,0.0,0.0,0.09330000000000001,0.0,0.0,0.0135,0.0,0.0,0.0,17311.0,0.0,0.09330000000000001
71953568,2,0,0.011,-0.02,0.005,0.0,0.0,0.0863,0.0,0.0,0.0135,0.0,0.0,0.0,19999.0,0.0,0.0863
71957569,2,0,0.001,-0.02,-0.001,0.0,0.0,0.077,0.0,0.0,0.0135,0.0,0.0,0.0,24000.0,0.0,0.077
71961572,2,0,-0.001,-0.028,0.004,0.0,0.0,0.06770000000000001,0.0,0.0,0.0135,0.0,0.0,0.0,0.0,0.0,0.06770000000000001
71965893,2,0,-0.001,-0.03,-0.003,0.0,0.0,0.058300000000000005,0.0,0.0,0.0134,0.0,0.0,0.0,4321.0,0.0,0.058300000000000005
71970567,2,0,-0.005,-0.035,-0.005,0.0,0.0,0.046700000000000005,0.0,0.0,0.013300000000000001,0.0,0.0,0.0,8995.0,0.0,0.046700000000000005
71974568,2,0,-0.013000000000000001,-0.031,0.001,0.0,0.0,0.0373,0.0,0.0,0.0132,0.0,0.0,0.0,12996.0,0.0,0.0373
71976852,2,0,-0.012,-0.033,0.0,0.0,0.0,0.0327,0.0,0.0,0.0131,0.0,0.0,0.0,15280.0,0.0,0.0327
71980901,2,0,-0.006,-0.039,-0.005,0.0,0.0,0.0233,0.0,0.0,0.013000000000000001,0.0,0.0,0.0,19329.0,0.0,0.0233
71985568,2,0,-0.009000000000000001,-0.035,-0.006,0.0,0.0,0.0117,0.0,0.0,0.0129,0.0,0.0,0.0,23996.0,0.0,0.0117
71989569,2,0,-0.003,-0.047,0.0,0.0,0.0,0.0023,0.0,0.0,0.012700000000000001,0.0,0.0,0.0,0.0,0.0,0.0023
71993982,2,0,-0.007,-0.058,0.001,0.0,0.0,-0.007,0.0,0.0,0.0123,0.0,0.0,0.0,4413.0,0.0,-0.007
71998568,2,0,-0.007,-0.066,0.007,0.0,0.0,-0.0187,0.0,0.0,0.0118,0.0,0.0,0.0,8999.0,0.0,-0.0187
72000915,2,0,-0.002,-0.08600000000000001,0.007,0.0,0.0,-0.0233,0.0,0.0,0.0115,0.0,0.0,0.0,11346.0,0.0,-0.0233
72005568,2,0,-0.003,-0.116,0.004,0.0,0.0,-0.035,0.0,0.0,0.0109,0.0,0.0,0.0,15999.0,0.0,-0.035
72009874,2,0,-0.014,-0.152,0.004,0.0,0.0,-0.0443,0.0,0.0,0.0099,0.0,0.0,0.0,20305.0,0.0,-0.0443
72013882,2,0,-0.019,-0.17200000000000001,0.006,0.0,0.0,-0.053700000000000005,0.0,0.0,0.009000000000000001,0.0,0.0,0.0,24313.0,0.0,-0.053700000000000005
72018567,2,0,-0.017,-0.183,0.004,0.0,0.0,-0.0653,0.0,0.0,0.0082,0.0,0.0,0.0,0.0,0.0,-0.0653
72020928,2,0,-0.017,-0.192,0.002,0.0,0.0,-0.07,0.0,0.0,0.0076,0.0,0.0,0.0,2361.0,0.0,-0.07
72025573,2,0,-0.021,-0.199,0.002,0.0,0.0,-0.08170000000000001,0.0,0.0,0.007200000000000001,0.0,0.0,0.0,7006.0,0.0,-0.08170000000000001
72029889,2,0,-0.009000000000000001,-0.199,0.006,0.0,0.0,-0.091,0.0,0.0,0.0063,0.0,0.0,0.0,11322.0,0.0,-0.091
72033891,2,0,-0.007,-0.191,0.003,0.0,0.0,-0.1003,0.0,0.0,0.0058000000000000005,0.0,0.0,0.0,15324.0,0.0,-0.1003
72038567,2,0,-0.006,-0.177,0.006,0.0,0.0,-0.112,0.0,0.0,0.0054,0.0,0.0,0.0,20000.0,0.0,-0.112
72040943,2,0,-0.001,-0.179,0.001,0.0,0.0,-0.11670000000000001,0.0,0.0,0.0051,0.0,0.0,0.0,22376.0,0.0,-0.11670000000000001
72045573,2,0,0.001,-0.186,-0.001,0.0,0.0,-0.1283,0.0,0.0,0.0045000000000000005,0.0,0.0,0.0,0.0,0.0,-0.1283
72049903,2,0,0.005,-0.19,-0.001,0.0,0.0,-0.13770000000000002,0.0,0.0,0.0038,0.0,0.0,0.0,4330.0,0.0,-0.13770000000000002
72053905,2,0,0.014,-0.199,0.0,0.0,0.0,-0.14700000000000002,0.0,0.0,0.0031000000000000003,0.0,0.0,0.0,8332.0,0.0,-0.14700000000000002
72058010,2,0,0.001,-0.21,0.002,0.0,0.0,-0.1563,0.0,0.0,0.0023,0.0,0.0,0.0,12437.0,0.0,-0.1563
72062567,2,0,0.001,-0.219,0.001,0.0,0.0,-0.168,0.0,0.0,0.0014,0.0,0.0,0.0,16994.0,0.0,-0.168
72064918,2,0,0.005,-0.227,0.002,0.0,0.0,-0.17270000000000002,0.0,0.0,0.0007,0.0,0.0,0.0,19345.0,0.0,-0.17270000000000002
72069916,2,0,0.004,-0.229,-0.006,0.0,0.0,-0.17500000000000002,0.0,0.0,-0.0005,0.0,0.0,0.0,24343.0,0.0,-0.17500000000000002
72073920,2,0,0.009000000000000001,-0.231,0.004,0.0,0.0,-0.17500000000000002,0.0,0.0,-0.0014,0.0,0.0,0.0,0.0,0.0,-0.17500000000000002
72078568,2,0,0.014,-0.225,0.003,0.0,0.0,-0.17500000000000002,0.0,0.0,-0.0023,0.0,0.0,0.0,4648.0,0.0,-0.17500000000000002
72080969,2,0,0.016,-0.222,-0.005,0.0,0.0,-0.17500000000000002,0.0,0.0,-0.003,0.0,0.0,0.0,7049.0,0.0,-0.17500000000000002
72085974,2,0,0.017,-0.219,0.007,0.0,0.0,-0.17500000000000002,0.0,0.0,-0.004200000000000001,0.0,0.0,0.0,12054.0,0.0,-0.17500000000000002
72090990,2,0,0.018000000000000002,-0.203,0.006,0.0,0.0,-0.17500000000000002,0.0,0.0,-0.0054,0.0,0.0,0.0,17070.0,0.0,-0.17500000000000002
72093568,2,0,0.01,-0.198,0.002,0.0,0.0,-0.17500000000000002,0.0,0.0,-0.0058000000000000005,0.0,0.0,0.0,19648.0,0.0,-0.17500000000000002
72098567,2,0,0.0,-0.182,0.001,0.0,0.0,-0.17500000000000002,0.0,0.0,-0.0068000000000000005,0.0,0.0,0.0,24647.0,0.0,-0.17500000000000002
72100985,2,0,0.001,-0.179,0.004,0.0,0.0,-0.17500000000000002,0.0,0.0,-0.0074,0.0,0.0,0.0,0.0,0.0,-0.17500000000000002
72105568,2,0,0.005,-0.171,-0.001,0.0,0.0,-0.17500000000000002,0.0,0.0,-0.0081,0.0,0.0,0.0,4583.0,0.0,-0.17500000000000002
72109942,2,0,0.003,-0.148,0.0,0.0,0.0,-0.17500000000000002,0.0,0.0,-0.009000000000000001,0.0,0.0,0.0,8957.0,0.0,-0.17500000000000002
72113954,2,0,-0.002,-0.14300000000000002,0.0,0.0,0.0,-0.17500000000000002,0.0,0.0,-0.009600000000000001,0.0,0.0,0.0,12969.0,0.0,-0.17500000000000002
72118567,2,0,0.003,-0.121,-0.01,0.0,0.0,-0.17500000000000002,0.0,0.0,-0.0102,0.0,0.0,0.0,17582.0,0.0,-0.17500000000000002
72121571,2,0,0.008,-0.12,-0.011,0.0,0.0,-0.17500000000000002,0.0,0.0,-0.010400000000000001,0.0,0.0,0.0,20586.0,0.0,-0.17500000000000002
72126002,2,0,0.0,-0.108,-0.007,0.0,0.0,-0.17500000000000002,0.0,0.0,-0.011000000000000001,0.0,0.0,0.0,25017.0,0.0,-0.17500000000000002
72130567,2,0,-0.003,-0.095,-0.012,0.0,0.0,-0.17500000000000002,0.0,0.0,-0.0114,0.0,0.0,0.0,0.0,0.0,-0.17500000000000002
72132960,2,0,-0.012,-0.08600000000000001,-0.006,0.0,0.0,-0.17500000000000002,0.0,0.0,-0.011600000000000001,0.0,0.0,0.0,2393.0,0.0,-0.17500000000000002
72136962,2,0,-0.02,-0.066,0.001,0.0,0.0,-0.17500000000000002,0.0,0.0,-0.0118,0.0,0.0,0.0,6395.0,0.0,-0.17500000000000002
72141013,2,0,-0.01,-0.06,0.0,0.0,0.0,-0.17500000000000002,0.0,0.0,-0.0118,0.0,0.0,0.0,10446.0,0.0,-0.17500000000000002
72146016,2,0,-0.003,-0.041,0.011,0.0,0.0,-0.17500000000000002,0.0,0.0,-0.0118,0.0,0.0,0.0,15449.0,0.0,-0.17500000000000002
72150525,2,0,-0.012,-0.036000000000000004,0.008,0.0,0.0,-0.17500000000000002,0.0,0.0,-0.0118,0.0,0.0,0.0,19958.0,0.0,-0.17500000000000002
72154974,2,0,-0.006,-0.032,0.002,0.0,0.0,-0.17500000000000002,0.0,0.0,-0.0119,0.0,0.0,0.0,24407.0,0.0,-0.17500000000000002
72156991,2,0,-0.005,-0.033,0.003,0.0,0.0,-0.17500000000000002,0.0,0.0,-0.0119,0.0,0.0,0.0,0.0,0.0,-0.17500000000000002
72161979,2,0,-0.002,-0.044,0.002,0.0,0.0,-0.17500000000000002,0.0,0.0,-0.012100000000000001,0.0,0.0,0.0,4988.0,0.0,-0.17500000000000002
72166031,2,0,-0.004,-0.043000000000000003,-0.005,0.0,0.0,-0.17500000000000002,0.0,0.0,-0.0123,0.0,0.0,0.0,9040.0,0.0,-0.17500000000000002
72171031,2,0,-0.023,-0.049,-0.008,0.0,0.0,-0.1633,0.0,0.0,-0.0125,0.0,0.0,0.0,14040.0,0.0,-0.1633
72173567,2,0,-0.023,-0.047,-0.005,0.0,0.0,-0.1563,0.0,0.0,-0.0126,0.0,0.0,0.0,16576.0,0.0,-0.1563
72177568,2,0,-0.012,-0.042,-0.002,0.0,0.0,-0.14700000000000002,0.0,0.0,-0.012700000000000001,0.0,0.0,0.0,20577.0,0.0,-0.14700000000000002
72181991,2,0,0.0,-0.029,0.007,0.0,0.0,-0.13770000000000002,0.0,0.0,-0.012700000000000001,0.0,0.0,0.0,25000.0,0.0,-0.13770000000000002
72186103,2,0,-0.004,-0.024,0.004,0.0,0.0,-0.126,0.0,0.0,-0.012700000000000001,0.0,0.0,0.0,0.0,0.0,-0.126
72190567,2,0,-0.003,-0.014,-0.001,0.0,0.0,-0.11670000000000001,0.0,0.0,-0.012700000000000001,0.0,0.0,0.0,4464.0,0.0,-0.11670000000000001
72192999,2,0,-0.004,-0.005,-0.005,0.0,0.0,-0.112,0.0,0.0,-0.012700000000000001,0.0,0.0,0.0,6896.0,0.0,-0.112
72197004,2,0,0.007,-0.004,0.001,0.0,0.0,-0.1027,0.0,0.0,-0.012700000000000001,0.0,0.0,0.0,10901.0,0.0,-0.1027
72201054,2,0,0.011,-0.001,0.002,0.0,0.0,-0.09330000000000001,0.0,0.0,-0.0128,0.0,0.0,0.0,14951.0,0.0,-0.09330000000000001
72205568,2,0,0.0,0.0,-0.006,0.0,0.0,-0.08170000000000001,0.0,0.0,-0.0128,0.0,0.0,0.0,19465.0,0.0,-0.08170000000000001
72210012,2,0,-0.005,0.005,0.005,0.0,0.0,-0.0723,0.0,0.0,-0.0129,0.0,0.0,0.0,23909.0,0.0,-0.0723
72214016,2,0,0.008,0.005,0.006,0.0,0.0,-0.063,0.0,0.0,-0.0129,0.0,0.0,0.0,0.0,0.0,-0.063
72218122,2,0,0.016,0.006,0.001,0.0,0.0,-0.051300000000000005,0.0,0.0,-0.0129,0.0,0.0,0.0,4106.0,0.0,-0.051300000000000005
72222566,2,0,0.007,0.011,0.006,0.0,0.0,-0.042,0.0,0.0,-0.013000000000000001,0.0,0.0,0.0,8550.0,0.0,-0.042
72226589,2,0,0.012,0.01,-0.002,0.0,0.0,-0.0327,0.0,0.0,-0.0129,0.0,0.0,0.0,12573.0,0.0,-0.0327
72229024,2,0,0.008,0.014,-0.009000000000000001,0.0,0.0,-0.028,0.0,0.0,-0.0129,0.0,0.0,0.0,15008.0,0.0,-0.028
72233568,2,0,0.013000000000000001,0.015,-0.012,0.0,0.0,-0.016300000000000002,0.0,0.0,-0.0129,0.0,0.0,0.0,19552.0,0.0,-0.016300000000000002
72238567,2,0,0.012,0.02,-0.002,0.0,0.0,-0.0047,0.0,0.0,-0.0128,0.0,0.0,0.0,24551.0,0.0,-0.0047
72241080,2,0,0.005,0.034,-0.003,0.0,0.0,0.0,0.0,0.0,-0.012700000000000001,0.0,0.0,0.0,0.0,0.0,0.0
72246083,2,0,0.004,0.05,-0.002,0.0,0.0,0.0117,0.0,0.0,-0.0122,0.0,0.0,0.0,5003.0,0.0,0.0117
72251087,2,0,0.007,0.092,-0.002,0.0,0.0,0.0233,0.0,0.0,-0.011600000000000001,0.0,0.0,0.0,10007.0,0.0,0.0233
72253565,2,0,0.009000000000000001,0.108,0.0,0.0,0.0,0.0303,0.0,0.0,-0.0112,0.0,0.0,0.0,12485.0,0.0,0.0303
72257569,2,0,0.007,0.133,0.004,0.0,0.0,0.0397,0.0,0.0,-0.010400000000000001,0.0,0.0,0.0,16489.0,0.0,0.0397
72262047,2,0,0.001,0.178,-0.005,0.0,0.0,0.049,0.0,0.0,-0.0092,0.0,0.0,0.0,20967.0,0.0,0.049
72266101,2,0,0.005,0.19,-0.007,0.0,0.0,0.060700000000000004,0.0,0.0,-0.0083,0.0,0.0,0.0,25021.0,0.0,0.060700000000000004
72270567,2,0,0.0,0.209,-0.009000000000000001,0.0,0.0,0.07,0.0,0.0,-0.0074,0.0,0.0,0.0,0.0,0.0,0.07
72274567,2,0,0.006,0.20800000000000002,-0.005,0.0,0.0,0.07930000000000001,0.0,0.0,-0.0067,0.0,0.0,0.0,4000.0,0.0,0.07930000000000001
72277057,2,0,0.007,0.191,-0.002,0.0,0.0,0.084,0.0,0.0,-0.006200000000000001,0.0,0.0,0.0,6490.0,0.0,0.084
72281571,2,0,-0.003,0.189,-0.006,0.0,0.0,0.09570000000000001,0.0,0.0,-0.0058000000000000005,0.0,0.0,0.0,11004.0,0.0,0.09570000000000001
72286113,2,0,-0.001,0.165,-0.01,0.0,0.0,0.1073,0.0,0.0,-0.0051,0.0,0.0,0.0,15546.0,0.0,0.1073
72290574,2,0,0.004,0.161,-0.006,0.0,0.0,0.11670000000000001,0.0,0.0,-0.0047,0.0,0.0,0.0,20007.0,0.0,0.11670000000000001
72293066,2,0,0.005,0.163,-0.006,0.0,0.0,0.1213,0.0,0.0,-0.0043,0.0,0.0,0.0,22499.0,0.0,0.1213
72297071,2,0,0.0,0.155,-0.002,0.0,0.0,0.1307,0.0,0.0,-0.0037,0.0,0.0,0.0,0.0,0.0,0.1307
72301121,2,0,-0.003,0.168,0.0,0.0,0.0,0.1423,0.0,0.0,-0.0031000000000000003,0.0,0.0,0.0,4050.0,0.0,0.1423
72305567,2,0,-0.01,0.181,0.0,0.0,0.0,0.1517,0.0,0.0,-0.0024000000000000002,0.0,0.0,0.0,8496.0,0.0,0.1517
72309568,2,0,-0.007,0.186,0.004,0.0,0.0,0.161,0.0,0.0,-0.0015,0.0,0.0,0.0,12497.0,0.0,0.161
72314190,2,0,-0.006,0.195,0.017,0.0,0.0,0.17270000000000002,0.0,0.0,-0.0004,0.0,0.0,0.0,17119.0,0.0,0.17270000000000002
72318567,2,0,-0.008,0.196,0.007,0.0,0.0,0.17500000000000002,0.0,0.0,0.0005,0.0,0.0,0.0,21496.0,0.0,0.17500000000000002
72321136,2,0,-0.013000000000000001,0.202,0.005,0.0,0.0,0.17500000000000002,0.0,0.0,0.0011,0.0,0.0,0.0,24065.0,0.0,0.17500000000000002
72325568,2,0,-0.011,0.198,0.005,0.0,0.0,0.17500000000000002,0.0,0.0,0.0019,0.0,0.0,0.0,0.0,0.0,0.17500000000000002
72329568,2,0,-0.01,0.188,0.0,0.0,0.0,0.17500000000000002,0.0,0.0,0.0028,0.0,0.0,0.0,4000.0,0.0,0.17500000000000002
72334101,2,0,-0.011,0.182,-0.005,0.0,0.0,0.17500000000000002,0.0,0.0,0.0038,0.0,0.0,0.0,8533.0,0.0,0.17500000000000002
72338568,2,0,-0.016,0.18,-0.009000000000000001,0.0,0.0,0.17500000000000002,0.0,0.0,0.0047,0.0,0.0,0.0,13000.0,0.0,0.17500000000000002
72343105,2,0,-0.016,0.178,-0.016,0.0,0.0,0.17500000000000002,0.0,0.0,0.0057,0.0,0.0,0.0,17537.0,0.0,0.17500000000000002
72345571,2,0,-0.011,0.177,-0.016,0.0,0.0,0.17500000000000002,0.0,0.0,0.0059,0.0,0.0,0.0,20003.0,0.0,0.17500000000000002
72350109,2,0,-0.004,0.17500000000000002,-0.009000000000000001,0.0,0.0,0.17500000000000002,0.0,0.0,0.0071,0.0,0.0,0.0,24541.0,0.0,0.17500000000000002
72354113,2,0,0.006,0.164,-0.008,0.0,0.0,0.17500000000000002,0.0,0.0,0.0079,0.0,0.0,0.0,0.0,0.0,0.17500000000000002
72358565,2,0,0.001,0.146,-0.014,0.0,0.0,0.17500000000000002,0.0,0.0,0.0085,0.0,0.0,0.0,4452.0,0.0,0.17500000000000002
72362565,2,0,0.008,0.138,-0.002,0.0,0.0,0.17500000000000002,0.0,0.0,0.0091,0.0,0.0,0.0,8452.0,0.0,0.17500000000000002
72366674,2,0,0.006,0.127,0.007,0.0,0.0,0.17500000000000002,0.0,0.0,0.0095,0.0,0.0,0.0,12561.0,0.0,0.17500000000000002
72369125,2,0,0.005,0.11800000000000001,0.002,0.0,0.0,0.17500000000000002,0.0,0.0,0.0098,0.0,0.0,0.0,15012.0,0.0,0.17500000000000002
72373568,2,0,-0.006,0.10300000000000001,0.007,0.0,0.0,0.17500000000000002,0.0,0.0,0.0102,0.0,0.0,0.0,19455.0,0.0,0.17500000000000002
72377571,2,0,-0.005,0.097,0.019,0.0,0.0,0.17500000000000002,0.0,0.0,0.010400000000000001,0.0,0.0,0.0,23458.0,0.0,0.17500000000000002
72382131,2,0,-0.001,0.079,0.01,0.0,0.0,0.17500000000000002,0.0,0.0,0.0109,0.0,0.0,0.0,0.0,0.0,0.17500000000000002
72386182,2,0,0.005,0.077,0.013000000000000001,0.0,0.0,0.17500000000000002,0.0,0.0,0.0112,0.0,0.0,0.0,4051.0,0.0,0.17500000000000002
72390575,2,0,0.005,0.076,0.009000000000000001,0.0,0.0,0.17500000000000002,0.0,0.0,0.0114,0.0,0.0,0.0,8444.0,0.0,0.17500000000000002
72393137,2,0,0.011,0.073,0.0,0.0,0.0,0.17500000000000002,0.0,0.0,0.011600000000000001,0.0,0.0,0.0,11006.0,0.0,0.17500000000000002
72397140,2,0,0.014,0.07,-0.011,0.0,0.0,0.17500000000000002,0.0,0.0,0.0119,0.0,0.0,0.0,15009.0,0.0,0.17500000000000002
72401191,2,0,0.017,0.061,-0.009000000000000001,0.0,0.0,0.17500000000000002,0.0,0.0,0.0122,0.0,0.0,0.0,19060.0,0.0,0.17500000000000002
72405567,2,0,0.019,0.063,-0.01,0.0,0.0,0.17500000000000002,0.0,0.0,0.012400000000000001,0.0,0.0,0.0,23436.0,0.0,0.17500000000000002
72410257,2,0,0.009000000000000001,0.048,-0.013000000000000001,0.0,0.0,0.17500000000000002,0.0,0.0,0.012700000000000001,0.0,0.0,0.0,0.0,0.0,0.17500000000000002
72414568,2,0,0.012,0.047,-0.002,0.0,0.0,0.17500000000000002,0.0,0.0,0.0128,0.0,0.0,0.0,4311.0,0.0,0.17500000000000002
72417156,2,0,0.017,0.033,-0.004,0.0,0.0,0.1703,0.0,0.0,0.0129,0.0,0.0,0.0,6899.0,0.0,0.1703
72421202,2,0,0.011,0.018000000000000002,-0.004,0.0,0.0,0.161,0.0,0.0,0.0129,0.0,0.0,0.0,10945.0,0.0,0.161
72425568,2,0,0.011,0.009000000000000001,0.004,0.0,0.0,0.1517,0.0,0.0,0.0129,0.0,0.0,0.0,15311.0,0.0,0.1517
72430166,2,0,0.012,-0.01,0.0,0.0,0.0,0.14,0.0,0.0,0.0129,0.0,0.0,0.0,19909.0,0.0,0.14
72434568,2,0,0.006,-0.015,-0.002,0.0,0.0,0.1307,0.0,0.0,0.0129,0.0,0.0,0.0,24311.0,0.0,0.1307
72437168,2,0,0.01,-0.018000000000000002,0.006,0.0,0.0,0.1237,0.0,0.0,0.0129,0.0,0.0,0.0,0.0,0.0,0.1237
72441571,2,0,0.006,-0.02,0.012,0.0,0.0,0.1143,0.0,0.0,0.0129,0.0,0.0,0.0,4403.0,0.0,0.1143
72446221,2,0,0.004,-0.025,0.002,0.0,0.0,0.1027,0.0,0.0,0.013000000000000001,0.0,0.0,0.0,9053.0,0.0,0.1027
72450568,2,0,0.003,-0.026000000000000002,0.011,0.0,0.0,0.09330000000000001,0.0,0.0,0.013000000000000001,0.0,0.0,0.0,13400.0,0.0,0.09330000000000001
72453180,2,0,-0.001,-0.024,0.007,0.0,0.0,0.0863,0.0,0.0,0.013000000000000001,0.0,0.0,0.0,16012.0,0.0,0.0863
72457183,2,0,-0.001,-0.031,-0.002,0.0,0.0,0.077,0.0,0.0,0.0129,0.0,0.0,0.0,20015.0,0.0,0.077
72461249,2,0,-0.003,-0.031,0.001,0.0,0.0,0.06770000000000001,0.0,0.0,0.0129,0.0,0.0,0.0,24081.0,0.0,0.06770000000000001
72465624,2,0,0.002,-0.036000000000000004,-0.002,0.0,0.0,0.058300000000000005,0.0,0.0,0.0128,0.0,0.0,0.0,0.0,0.0,0.058300000000000005
72470191,2,0,-0.005,-0.04,-0.004,0.0,0.0,0.046700000000000005,0.0,0.0,0.0126,0.0,0.0,0.0,4567.0,0.0,0.046700000000000005
72474299,2,0,-0.011,-0.036000000000000004,-0.002,0.0,0.0,0.0373,0.0,0.0,0.0125,0.0,0.0,0.0,8675.0,0.0,0.0373
72478567,2,0,-0.013000000000000001,-0.036000000000000004,-0.001,0.0,0.0,0.028,0.0,0.0,0.0123,0.0,0.0,0.0,12943.0,0.0,0.028
72483199,2,0,-0.009000000000000001,-0.038,-0.002,0.0,0.0,0.016300000000000002,0.0,0.0,0.012100000000000001,0.0,0.0,0.0,17575.0,0.0,0.016300000000000002
72485202,2,0,-0.007,-0.037,0.0,0.0,0.0,0.0117,0.0,0.0,0.012100000000000001,0.0,0.0,0.0,19578.0,0.0,0.0117
72489531,2,0,-0.012,-0.037,0.004,0.0,0.0,0.0023,0.0,0.0,0.0119,0.0,0.0,0.0,23907.0,0.0,0.0023
72493568,2,0,-0.011,-0.048,0.004,0.0,0.0,-0.007,0.0,0.0,0.0117,0.0,0.0,0.0,0.0,0.0,-0.007
72498212,2,0,-0.014,-0.056,0.002,0.0,0.0,-0.0187,0.0,0.0,0.011300000000000001,0.0,0.0,0.0,4644.0,0.0,-0.0187
72502255,2,0,-0.004,-0.077,0.012,0.0,0.0,-0.028,0.0,0.0,0.0108,0.0,0.0,0.0,8687.0,0.0,-0.028
72507217,2,0,-0.002,-0.113,0.001,0.0,0.0,-0.0397,0.0,0.0,0.01,0.0,0.0,0.0,13649.0,0.0,-0.0397
72509220,2,0,-0.008,-0.128,0.0,0.0,0.0,-0.0443,0.0,0.0,0.0097,0.0,0.0,0.0,15652.0,0.0,-0.0443
72513531,2,0,-0.018000000000000002,-0.161,0.0,0.0,0.0,-0.053700000000000005,0.0,0.0,0.0088,0.0,0.0,0.0,19963.0,0.0,-0.053700000000000005
72518261,2,0,-0.018000000000000002,-0.191,-0.002,0.0,0.0,-0.0653,0.0,0.0,0.0077,0.0,0.0,0.0,24693.0,0.0,-0.0653
72522591,2,0,-0.023,-0.20400000000000001,0.002,0.0,0.0,-0.0747,0.0,0.0,0.006900000000000001,0.0,0.0,0.0,0.0,0.0,-0.0747
72525231,2,0,-0.021,-0.209,0.004,0.0,0.0,-0.08170000000000001,0.0,0.0,0.0064,0.0,0.0,0.0,2640.0,0.0,-0.08170000000000001
72530269,2,0,-0.017,-0.20700000000000002,0.006,0.0,0.0,-0.09330000000000001,0.0,0.0,0.0056,0.0,0.0,0.0,7678.0,0.0,-0.09330000000000001
72534530,2,0,-0.006,-0.199,0.008,0.0,0.0,-0.1027,0.0,0.0,0.0051,0.0,0.0,0.0,11939.0,0.0,-0.1027
72539242,2,0,-0.001,-0.19,0.006,0.0,0.0,-0.1143,0.0,0.0,0.004200000000000001,0.0,0.0,0.0,16651.0,0.0,-0.1143
72541288,2,0,-0.002,-0.19,0.005,0.0,0.0,-0.11900000000000001,0.0,0.0,0.0038,0.0,0.0,0.0,18697.0,0.0,-0.11900000000000001
72545531,2,0,0.002,-0.193,0.002,0.0,0.0,-0.1283,0.0,0.0,0.0034000000000000002,0.0,0.0,0.0,22940.0,0.0,-0.1283
72550285,2,0,0.003,-0.186,0.002,0.0,0.0,-0.14,0.0,0.0,0.0027,0.0,0.0,0.0,0.0,0.0,-0.14
72555252,2,0,0.015,-0.194,-0.001,0.0,0.0,-0.1517,0.0,0.0,0.0019,0.0,0.0,0.0,4967.0,0.0,-0.1517
72557530,2,0,0.008,-0.2,-0.003,0.0,0.0,-0.1563,0.0,0.0,0.0016,0.0,0.0,0.0,7245.0,0.0,-0.1563
72562293,2,0,0.008,-0.213,0.002,0.0,0.0,-0.168,0.0,0.0,0.0006000000000000001,0.0,0.0,0.0,12008.0,0.0,-0.168
72566341,2,0,0.008,-0.219,-0.001,0.0,0.0,-0.17500000000000002,0.0,0.0,-0.0004,0.0,0.0,0.0,16056.0,0.0,-0.17500000000000002
72571313,2,0,0.011,-0.228,-0.007,0.0,0.0,-0.17500000000000002,0.0,0.0,-0.0016,0.0,0.0,0.0,21028.0,0.0,-0.17500000000000002
72573529,2,0,0.009000000000000001,-0.232,-0.002,0.0,0.0,-0.17500000000000002,0.0,0.0,-0.0021000000000000003,0.0,0.0,0.0,23244.0,0.0,-0.17500000000000002
72578302,2,0,0.011,-0.23600000000000002,0.005,0.0,0.0,-0.17500000000000002,0.0,0.0,-0.0034000000000000002,0.0,0.0,0.0,0.0,0.0,-0.17500000000000002
72582590,2,0,0.013000000000000001,-0.231,-0.005,0.0,0.0,-0.17500000000000002,0.0,0.0,-0.0044,0.0,0.0,0.0,4288.0,0.0,-0.17500000000000002
72585270,2,0,0.016,-0.234,-0.005,0.0,0.0,-0.17500000000000002,0.0,0.0,-0.0051,0.0,0.0,0.0,6968.0,0.0,-0.17500000000000002
72589531,2,0,0.016,-0.22,0.004,0.0,0.0,-0.17500000000000002,0.0,0.0,-0.0061,0.0,0.0,0.0,11229.0,0.0,-0.17500000000000002
72594313,2,0,0.014,-0.2,0.004,0.0,0.0,-0.17500000000000002,0.0,0.0,-0.0073,0.0,0.0,0.0,16011.0,0.0,-0.17500000000000002
72598566,2,0,0.004,-0.183,0.004,0.0,0.0,-0.17500000000000002,0.0,0.0,-0.008,0.0,0.0,0.0,20264.0,0.0,-0.17500000000000002
72601571,2,0,0.001,-0.18,0.009000000000000001,0.0,0.0,-0.17500000000000002,0.0,0.0,-0.008400000000000001,0.0,0.0,0.0,23269.0,0.0,-0.17500000000000002
72606370,2,0,0.007,-0.148,0.011,0.0,0.0,-0.17500000000000002,0.0,0.0,-0.0094,0.0,0.0,0.0,0.0,0.0,-0.17500000000000002
72611372,2,0,-0.001,-0.138,0.003,0.0,0.0,-0.17500000000000002,0.0,0.0,-0.010100000000000001,0.0,0.0,0.0,5002.0,0.0,-0.17500000000000002
72613530,2,0,-0.002,-0.135,0.002,0.0,0.0,-0.17500000000000002,0.0,0.0,-0.010400000000000001,0.0,0.0,0.0,7160.0,0.0,-0.17500000000000002
72617567,2,0,0.002,-0.11800000000000001,-0.007,0.0,0.0,-0.17500000000000002,0.0,0.0,-0.011000000000000001,0.0,0.0,0.0,11197.0,0.0,-0.17500000000000002
72622334,2,0,0.007,-0.114,-0.01,0.0,0.0,-0.17500000000000002,0.0,0.0,-0.011600000000000001,0.0,0.0,0.0,15964.0,0.0,-0.17500000000000002
72626381,2,0,0.005,-0.108,-0.01,0.0,0.0,-0.17500000000000002,0.0,0.0,-0.012,0.0,0.0,0.0,20011.0,0.0,-0.17500000000000002
72630567,2,0,-0.002,-0.096,-0.012,0.0,0.0,-0.17500000000000002,0.0,0.0,-0.012400000000000001,0.0,0.0,0.0,24197.0,0.0,-0.17500000000000002
72633532,2,0,-0.009000000000000001,-0.09,-0.009000000000000001,0.0,0.0,-0.17500000000000002,0.0,0.0,-0.0125,0.0,0.0,0.0,0.0,0.0,-0.17500000000000002
72638530,2,0,-0.016,-0.068,0.0,0.0,0.0,-0.17500000000000002,0.0,0.0,-0.0128,0.0,0.0,0.0,4998.0,0.0,-0.17500000000000002
72642589,2,0,-0.013000000000000001,-0.058,0.002,0.0,0.0,-0.17500000000000002,0.0,0.0,-0.0128,0.0,0.0,0.0,9057.0,0.0,-0.17500000000000002
72645307,2,0,-0.008,-0.045,0.004,0.0,0.0,-0.17500000000000002,0.0,0.0,-0.0128,0.0,0.0,0.0,11775.0,0.0,-0.17500000000000002
72649349,2,0,-0.008,-0.04,0.014,0.0,0.0,-0.17500000000000002,0.0,0.0,-0.0128,0.0,0.0,0.0,15817.0,0.0,-0.17500000000000002
72653529,2,0,-0.011,-0.031,0.003,0.0,0.0,-0.17500000000000002,0.0,0.0,-0.0128,0.0,0.0,0.0,19997.0,0.0,-0.17500000000000002
72658357,2,0,-0.008,-0.037,0.006,0.0,0.0,-0.17500000000000002,0.0,0.0,-0.0129,0.0,0.0,0.0,24825.0,0.0,-0.17500000000000002
72662364,2,0,0.0,-0.041,0.008,0.0,0.0,-0.17500000000000002,0.0,0.0,-0.013000000000000001,0.0,0.0,0.0,0.0,0.0,-0.17500000000000002
72667365,2,0,-0.01,-0.046,-0.001,0.0,0.0,-0.1703,0.0,0.0,-0.0132,0.0,0.0,0.0,5001.0,0.0,-0.1703
72669365,2,0,-0.017,-0.048,-0.001,0.0,0.0,-0.16570000000000001,0.0,0.0,-0.013300000000000001,0.0,0.0,0.0,7001.0,0.0,-0.16570000000000001
72673529,2,0,-0.024,-0.046,-0.002,0.0,0.0,-0.1563,0.0,0.0,-0.0135,0.0,0.0,0.0,11165.0,0.0,-0.1563
72678369,2,0,-0.023,-0.041,0.003,0.0,0.0,-0.1447,0.0,0.0,-0.013600000000000001,0.0,0.0,0.0,16005.0,0.0,-0.1447
72682553,2,0,-0.006,-0.03,0.006,0.0,0.0,-0.1353,0.0,0.0,-0.0137,0.0,0.0,0.0,20189.0,0.0,-0.1353
72685373,2,0,-0.007,-0.021,0.008,0.0,0.0,-0.1283,0.0,0.0,-0.0137,0.0,0.0,0.0,23009.0,0.0,-0.1283
72689377,2,0,-0.006,-0.015,0.0,0.0,0.0,-0.11900000000000001,0.0,0.0,-0.0137,0.0,0.0,0.0,0.0,0.0,-0.11900000000000001
72693567,2,0,-0.006,-0.008,-0.005,0.0,0.0,-0.1097,0.0,0.0,-0.0137,0.0,0.0,0.0,4190.0,0.0,-0.1097
72698491,2,0,0.007,0.003,-0.006,0.0,0.0,-0.098,0.0,0.0,-0.0137,0.0,0.0,0.0,9114.0,0.0,-0.098
72702552,2,0,0.011,0.004,-0.01,0.0,0.0,-0.0887,0.0,0.0,-0.0137,0.0,0.0,0.0,13175.0,0.0,-0.0887
72707391,2,0,0.001,0.005,-0.004,0.0,0.0,-0.077,0.0,0.0,-0.013800000000000002,0.0,0.0,0.0,18014.0,0.0,-0.077
72709391,2,0,0.001,0.004,-0.001,0.0,0.0,-0.0723,0.0,0.0,-0.013800000000000002,0.0,0.0,0.0,20014.0,0.0,-0.0723
72713529,2,0,-0.001,0.007,0.004,0.0,0.0,-0.063,0.0,0.0,-0.013900000000000001,0.0,0.0,0.0,24152.0,0.0,-0.063
72718397,2,0,0.006,0.012,0.002,0.0,0.0,-0.051300000000000005,0.0,0.0,-0.013900000000000001,0.0,0.0,0.0,0.0,0.0,-0.051300000000000005
72722401,2,0,0.011,0.015,0.002,0.0,0.0,-0.042,0.0,0.0,-0.013900000000000001,0.0,0.0,0.0,4004.0,0.0,-0.042
72726450,2,0,0.01,0.015,-0.003,0.0,0.0,-0.0327,0.0,0.0,-0.013900000000000001,0.0,0.0,0.0,8053.0,0.0,-0.0327
72731455,2,0,0.015,0.015,-0.008,0.0,0.0,-0.021,0.0,0.0,-0.013800000000000002,0.0,0.0,0.0,13058.0,0.0,-0.021
72733529,2,0,0.017,0.017,-0.01,0.0,0.0,-0.016300000000000002,0.0,0.0,-0.013800000000000002,0.0,0.0,0.0,15132.0,0.0,-0.016300000000000002
72738566,2,0,0.012,0.027,-0.005,0.0,0.0,-0.0047,0.0,0.0,-0.0137,0.0,0.0,0.0,20169.0,0.0,-0.0047
72741459,2,0,0.008,0.035,-0.003,0.0,0.0,0.0023,0.0,0.0,-0.0135,0.0,0.0,0.0,23062.0,0.0,0.0023
72745529,2,0,0.007,0.049,-0.009000000000000001,0.0,0.0,0.0117,0.0,0.0,-0.0131,0.0,0.0,0.0,0.0,0.0,0.0117
72750421,2,0,0.004,0.093,0.002,0.0,0.0,0.0233,0.0,0.0,-0.012400000000000001,0.0,0.0,0.0,4892.0,0.0,0.0233
72754529,2,0,0.012,0.117,0.005,0.0,0.0,0.0327,0.0,0.0,-0.0117,0.0,0.0,0.0,9000.0,0.0,0.0327
72757424,2,0,0.012,0.139,0.002,0.0,0.0,0.0397,0.0,0.0,-0.011000000000000001,0.0,0.0,0.0,11895.0,0.0,0.0397
72761572,2,0,0.009000000000000001,0.171,-0.002,0.0,0.0,0.049,0.0,0.0,-0.0103,0.0,0.0,0.0,16043.0,0.0,0.049
72766479,2,0,0.005,0.194,-0.001,0.0,0.0,0.060700000000000004,0.0,0.0,-0.0088,0.0,0.0,0.0,20950.0,0.0,0.060700000000000004
72771480,2,0,0.003,0.212,-0.008,0.0,0.0,0.0723,0.0,0.0,-0.0077,0.0,0.0,0.0,25951.0,0.0,0.0723
72773528,2,0,0.003,0.212,-0.005,0.0,0.0,0.077,0.0,0.0,-0.0073,0.0,0.0,0.0,0.0,0.0,0.077
72777529,2,0,-0.001,0.195,-0.005,0.0,0.0,0.0863,0.0,0.0,-0.0067,0.0,0.0,0.0,4001.0,0.0,0.0863
72782445,2,0,-0.002,0.19,-0.002,0.0,0.0,0.098,0.0,0.0,-0.006,0.0,0.0,0.0,8917.0,0.0,0.098
72786533,2,0,-0.001,0.168,-0.005,0.0,0.0,0.1073,0.0,0.0,-0.0056,0.0,0.0,0.0,13005.0,0.0,0.1073
72789404,2,0,0.007,0.161,-0.005,0.0,0.0,0.1143,0.0,0.0,-0.0053,0.0,0.0,0.0,15876.0,0.0,0.1143
72793571,2,0,0.004,0.161,-0.009000000000000001,0.0,0.0,0.1237,0.0,0.0,-0.0049,0.0,0.0,0.0,20043.0,0.0,0.1237
72798529,2,0,-0.006,0.152,0.001,0.0,0.0,0.1353,0.0,0.0,-0.0041,0.0,0.0,0.0,25001.0,0.0,0.1353
72801501,2,0,-0.004,0.17300000000000001,0.0,0.0,0.0,0.1423,0.0,0.0,-0.0037,0.0,0.0,0.0,0.0,0.0,0.1423
72805528,2,0,-0.009000000000000001,0.178,-0.002,0.0,0.0,0.1517,0.0,0.0,-0.0029000000000000002,0.0,0.0,0.0,4027.0,0.0,0.1517
72809528,2,0,-0.006,0.184,0.009000000000000001,0.0,0.0,0.161,0.0,0.0,-0.0021000000000000003,0.0,0.0,0.0,8027.0,0.0,0.161
72814528,2,0,-0.011,0.198,0.012,0.0,0.0,0.17270000000000002,0.0,0.0,-0.001,0.0,0.0,0.0,13027.0,0.0,0.17270000000000002
72817464,2,0,-0.014,0.195,-0.001,0.0,0.0,0.17500000000000002,0.0,0.0,-0.00030000000000000003,0.0,0.0,0.0,15963.0,0.0,0.17500000000000002
72821518,2,0,-0.014,0.201,0.001,0.0,0.0,0.17500000000000002,0.0,0.0,0.0005,0.0,0.0,0.0,20017.0,0.0,0.17500000000000002
72825571,2,0,-0.01,0.202,0.004,0.0,0.0,0.17500000000000002,0.0,0.0,0.0011,0.0,0.0,0.0,24070.0,0.0,0.17500000000000002
72830477,2,0,-0.018000000000000002,0.192,-0.002,0.0,0.0,0.17500000000000002,0.0,0.0,0.0024000000000000002,0.0,0.0,0.0,0.0,0.0,0.17500000000000002
72834528,2,0,-0.011,0.192,-0.008,0.0,0.0,0.17500000000000002,0.0,0.0,0.0033,0.0,0.0,0.0,4051.0,0.0,0.17500000000000002
72838528,2,0,-0.012,0.191,-0.009000000000000001,0.0,0.0,0.17500000000000002,0.0,0.0,0.004200000000000001,0.0,0.0,0.0,8051.0,0.0,0.17500000000000002
72842554,2,0,-0.018000000000000002,0.191,-0.015,0.0,0.0,0.17500000000000002,0.0,0.0,0.0051,0.0,0.0,0.0,12077.0,0.0,0.17500000000000002
72845485,2,0,-0.007,0.188,-0.011,0.0,0.0,0.17500000000000002,0.0,0.0,0.0058000000000000005,0.0,0.0,0.0,15008.0,0.0,0.17500000000000002
72849494,2,0,-0.005,0.185,-0.004,0.0,0.0,0.17500000000000002,0.0,0.0,0.0066,0.0,0.0,0.0,19017.0,0.0,0.17500000000000002
72854492,2,0,0.007,0.17,-0.01,0.0,0.0,0.17500000000000002,0.0,0.0,0.0076,0.0,0.0,0.0,24015.0,0.0,0.17500000000000002
72858602,2,0,0.001,0.154,-0.008,0.0,0.0,0.17500000000000002,0.0,0.0,0.0083,0.0,0.0,0.0,0.0,0.0,0.17500000000000002
72861548,2,0,0.007,0.14400000000000002,-0.003,0.0,0.0,0.17500000000000002,0.0,0.0,0.008700000000000001,0.0,0.0,0.0,2946.0,0.0,0.17500000000000002
72866553,2,0,0.001,0.13,-0.008,0.0,0.0,0.17500000000000002,0.0,0.0,0.0092,0.0,0.0,0.0,7951.0,0.0,0.17500000000000002
72869500,2,0,0.003,0.11900000000000001,-0.004,0.0,0.0,0.17500000000000002,0.0,0.0,0.0095,0.0,0.0,0.0,10898.0,0.0,0.17500000000000002
72874512,2,0,-0.003,0.10400000000000001,0.013000000000000001,0.0,0.0,0.17500000000000002,0.0,0.0,0.01,0.0,0.0,0.0,15910.0,0.0,0.17500000000000002
72879513,2,0,-0.001,0.083,0.014,0.0,0.0,0.17500000000000002,0.0,0.0,0.0105,0.0,0.0,0.0,20911.0,0.0,0.17500000000000002
72881561,2,0,0.002,0.08,0.012,0.0,0.0,0.17500000000000002,0.0,0.0,0.010700000000000001,0.0,0.0,0.0,22959.0,0.0,0.17500000000000002
72886566,2,0,0.006,0.083,0.012,0.0,0.0,0.17500000000000002,0.0,0.0,0.011000000000000001,0.0,0.0,0.0,0.0,0.0,0.17500000000000002
72889574,2,0,0.007,0.079,0.01,0.0,0.0,0.17500000000000002,0.0,0.0,0.0112,0.0,0.0,0.0,3008.0,0.0,0.17500000000000002
72894526,2,0,0.017,0.07200000000000001,-0.005,0.0,0.0,0.17500000000000002,0.0,0.0,0.011600000000000001,0.0,0.0,0.0,7960.0,0.0,0.17500000000000002
72896572,2,0,0.017,0.067,-0.008,0.0,0.0,0.17500000000000002,0.0,0.0,0.0118,0.0,0.0,0.0,10006.0,0.0,0.17500000000000002
72901576,2,0,0.012,0.06,-0.004,0.0,0.0,0.17500000000000002,0.0,0.0,0.012100000000000001,0.0,0.0,0.0,15010.0,0.0,0.17500000000000002
72906581,2,0,0.013000000000000001,0.044,-0.012,0.0,0.0,0.17500000000000002,0.0,0.0,0.0123,0.0,0.0,0.0,20015.0,0.0,0.17500000000000002
72909534,2,0,0.012,0.033,-0.007,0.0,0.0,0.17500000000000002,0.0,0.0,0.012400000000000001,0.0,0.0,0.0,22968.0,0.0,0.17500000000000002
72914539,2,0,0.012,0.025,-0.006,0.0,0.0,0.17500000000000002,0.0,0.0,0.012400000000000001,0.0,0.0,0.0,0.0,0.0,0.17500000000000002
72916582,2,0,0.011,0.019,-0.009000000000000001,0.0,0.0,0.17270000000000002,0.0,0.0,0.012400000000000001,0.0,0.0,0.0,2043.0,0.0,0.17270000000000002
72921573,2,0,0.014,0.013000000000000001,-0.002,0.0,0.0,0.161,0.0,0.0,0.0125,0.0,0.0,0.0,7034.0,0.0,0.161
72926596,2,0,0.01,-0.01,0.001,0.0,0.0,0.14930000000000002,0.0,0.0,0.0125,0.0,0.0,0.0,12057.0,0.0,0.14930000000000002
72929550,2,0,0.008,-0.011,-0.001,0.0,0.0,0.1423,0.0,0.0,0.0125,0.0,0.0,0.0,15011.0,0.0,0.1423
72934554,2,0,0.011,-0.017,0.004,0.0,0.0,0.1307,0.0,0.0,0.0125,0.0,0.0,0.0,20015.0,0.0,0.1307
72936601,2,0,0.009000000000000001,-0.019,0.009000000000000001,0.0,0.0,0.126,0.0,0.0,0.012400000000000001,0.0,0.0,0.0,22062.0,0.0,0.126
72941604,2,0,0.002,-0.018000000000000002,0.007,0.0,0.0,0.1143,0.0,0.0,0.0125,0.0,0.0,0.0,0.0,0.0,0.1143
72946609,2,0,0.005,-0.023,0.005,0.0,0.0,0.1027,0.0,0.0,0.0125,0.0,0.0,0.0,5005.0,0.0,0.1027
72949562,2,0,0.001,-0.023,0.013000000000000001,0.0,0.0,0.09570000000000001,0.0,0.0,0.0125,0.0,0.0,0.0,7958.0,0.0,0.09570000000000001
72954447,2,0,-0.002,-0.027,0.004,0.0,0.0,0.084,0.0,0.0,0.0125,0.0,0.0,0.0,12843.0,0.0,0.084
72956614,2,0,-0.001,-0.027,-0.002,0.0,0.0,0.07930000000000001,0.0,0.0,0.012400000000000001,0.0,0.0,0.0,15010.0,0.0,0.07930000000000001
72961616,2,0,-0.006,-0.026000000000000002,0.002,0.0,0.0,0.06770000000000001,0.0,0.0,0.012400000000000001,0.0,0.0,0.0,20012.0,0.0,0.06770000000000001
72964575,2,0,-0.003,-0.022,-0.001,0.0,0.0,0.060700000000000004,0.0,0.0,0.0123,0.0,0.0,0.0,22971.0,0.0,0.060700000000000004
72969576,2,0,-0.006,-0.025,-0.009000000000000001,0.0,0.0,0.049,0.0,0.0,0.0122,0.0,0.0,0.0,0.0,0.0,0.049
72974580,2,0,-0.007,-0.032,-0.004,0.0,0.0,0.0373,0.0,0.0,0.012100000000000001,0.0,0.0,0.0,5004.0,0.0,0.0373
72976628,2,0,-0.011,-0.033,-0.006,0.0,0.0,0.0327,0.0,0.0,0.012,0.0,0.0,0.0,7052.0,0.0,0.0327
72981631,2,0,-0.013000000000000001,-0.025,-0.001,0.0,0.0,0.021,0.0,0.0,0.0118,0.0,0.0,0.0,12055.0,0.0,0.021
72986448,2,0,-0.015,-0.026000000000000002,0.001,0.0,0.0,0.009300000000000001,0.0,0.0,0.0117,0.0,0.0,0.0,16872.0,0.0,0.009300000000000001
72988589,2,0,-0.014,-0.029,0.001,0.0,0.0,0.0047,0.0,0.0,0.011600000000000001,0.0,0.0,0.0,19013.0,0.0,0.0047
72992592,2,0,-0.011,-0.038,0.006,0.0,0.0,-0.0047,0.0,0.0,0.0114,0.0,0.0,0.0,23016.0,0.0,-0.0047
72996642,2,0,-0.012,-0.048,0.005,0.0,0.0,-0.014,0.0,0.0,0.0111,0.0,0.0,0.0,0.0,0.0,-0.014
73001645,2,0,-0.006,-0.067,0.008,0.0,0.0,-0.0257,0.0,0.0,0.0106,0.0,0.0,0.0,5003.0,0.0,-0.0257
73004601,2,0,-0.01,-0.089,0.003,0.0,0.0,-0.0327,0.0,0.0,0.0103,0.0,0.0,0.0,7959.0,0.0,-0.0327
73009603,2,0,-0.012,-0.13,-0.003,0.0,0.0,-0.0443,0.0,0.0,0.0094,0.0,0.0,0.0,12961.0,0.0,-0.0443
73014608,2,0,-0.017,-0.164,-0.002,0.0,0.0,-0.056,0.0,0.0,0.008400000000000001,0.0,0.0,0.0,17966.0,0.0,-0.056
73016655,2,0,-0.017,-0.17500000000000002,0.0,0.0,0.0,-0.060700000000000004,0.0,0.0,0.0079,0.0,0.0,0.0,20013.0,0.0,-0.060700000000000004
73021657,2,0,-0.018000000000000002,-0.198,-0.002,0.0,0.0,-0.0723,0.0,0.0,0.006900000000000001,0.0,0.0,0.0,25015.0,0.0,-0.0723
73024615,2,0,-0.017,-0.21,0.0,0.0,0.0,-0.07930000000000001,0.0,0.0,0.0064,0.0,0.0,0.0,0.0,0.0,-0.07930000000000001
73029616,2,0,-0.018000000000000002,-0.21,0.002,0.0,0.0,-0.091,0.0,0.0,0.0056,0.0,0.0,0.0,5001.0,0.0,-0.091
73034620,2,0,-0.011,-0.194,0.008,0.0,0.0,-0.1027,0.0,0.0,0.0049,0.0,0.0,0.0,10005.0,0.0,-0.1027
73036676,2,0,-0.004,-0.19,0.013000000000000001,0.0,0.0,-0.1073,0.0,0.0,0.0045000000000000005,0.0,0.0,0.0,12061.0,0.0,-0.1073
73041672,2,0,0.006,-0.181,0.009000000000000001,0.0,0.0,-0.11900000000000001,0.0,0.0,0.0036000000000000003,0.0,0.0,0.0,17057.0,0.0,-0.11900000000000001
73044623,2,0,0.005,-0.181,0.005,0.0,0.0,-0.126,0.0,0.0,0.0032,0.0,0.0,0.0,20008.0,0.0,-0.126
73049573,2,0,0.006,-0.181,0.005,0.0,0.0,-0.13770000000000002,0.0,0.0,0.0027,0.0,0.0,0.0,24958.0,0.0,-0.13770000000000002
73054635,2,0,0.014,-0.185,0.002,0.0,0.0,-0.14930000000000002,0.0,0.0,0.0018000000000000002,0.0,0.0,0.0,0.0,0.0,-0.14930000000000002
73056676,2,0,0.018000000000000002,-0.192,0.0,0.0,0.0,-0.154,0.0,0.0,0.0014,0.0,0.0,0.0,2041.0,0.0,-0.154
73061676,2,0,0.009000000000000001,-0.20800000000000002,0.0,0.0,0.0,-0.16570000000000001,0.0,0.0,0.0004,0.0,0.0,0.0,7041.0,0.0,-0.16570000000000001
73064642,2,0,0.007,-0.217,0.0,0.0,0.0,-0.17270000000000002,0.0,0.0,-0.00030000000000000003,0.0,0.0,0.0,10007.0,0.0,-0.17270000000000002
73069645,2,0,0.01,-0.229,-0.005,0.0,0.0,-0.17500000000000002,0.0,0.0,-0.0015,0.0,0.0,0.0,15010.0,0.0,-0.17500000000000002
73074649,2,0,0.013000000000000001,-0.23900000000000002,0.0,0.0,0.0,-0.17500000000000002,0.0,0.0,-0.0029000000000000002,0.0,0.0,0.0,20014.0,0.0,-0.17500000000000002
73076739,2,0,0.016,-0.241,0.002,0.0,0.0,-0.17500000000000002,0.0,0.0,-0.0034000000000000002,0.0,0.0,0.0,22104.0,0.0,-0.17500000000000002
73082672,2,0,0.012,-0.24,-0.008,0.0,0.0,-0.17500000000000002,0.0,0.0,-0.0047,0.0,0.0,0.0,0.0,0.0,-0.17500000000000002
73085655,2,0,0.015,-0.227,-0.005,0.0,0.0,-0.17500000000000002,0.0,0.0,-0.0057,0.0,0.0,0.0,2983.0,0.0,-0.17500000000000002
73088657,2,0,0.017,-0.218,-0.001,0.0,0.0,-0.17500000000000002,0.0,0.0,-0.0064,0.0,0.0,0.0,5985.0,0.0,-0.17500000000000002
73093660,2,0,0.017,-0.194,0.002,0.0,0.0,-0.17500000000000002,0.0,0.0,-0.0074,0.0,0.0,0.0,10988.0,0.0,-0.17500000000000002
73098665,2,0,0.007,-0.164,0.011,0.0,0.0,-0.17500000000000002,0.0,0.0,-0.0083,0.0,0.0,0.0,15993.0,0.0,-0.17500000000000002
73100692,2,0,0.005,-0.159,0.015,0.0,0.0,-0.17500000000000002,0.0,0.0,-0.0086,0.0,0.0,0.0,18020.0,0.0,-0.17500000000000002
73105670,2,0,0.004,-0.147,0.003,0.0,0.0,-0.17500000000000002,0.0,0.0,-0.0094,0.0,0.0,0.0,22998.0,0.0,-0.17500000000000002
73108672,2,0,0.003,-0.129,0.005,0.0,0.0,-0.17500000000000002,0.0,0.0,-0.0098,0.0,0.0,0.0,0.0,0.0,-0.17500000000000002
73112674,2,0,0.001,-0.124,0.005,0.0,0.0,-0.17500000000000002,0.0,0.0,-0.010400000000000001,0.0,0.0,0.0,4002.0,0.0,-0.17500000000000002
73116763,2,0,0.0,-0.12,-0.003,0.0,0.0,-0.17500000000000002,0.0,0.0,-0.011000000000000001,0.0,0.0,0.0,8091.0,0.0,-0.17500000000000002
73121759,2,0,0.0,-0.11800000000000001,-0.013000000000000001,0.0,0.0,-0.17500000000000002,0.0,0.0,-0.0117,0.0,0.0,0.0,13087.0,0.0,-0.17500000000000002
73124675,2,0,0.002,-0.114,-0.01,0.0,0.0,-0.17500000000000002,0.0,0.0,-0.012,0.0,0.0,0.0,16003.0,0.0,-0.17500000000000002
73129679,2,0,-0.005,-0.11,-0.009000000000000001,0.0,0.0,-0.17500000000000002,0.0,0.0,-0.0126,0.0,0.0,0.0,21007.0,0.0,-0.17500000000000002
73134678,2,0,-0.015,-0.089,-0.011,0.0,0.0,-0.17500000000000002,0.0,0.0,-0.013000000000000001,0.0,0.0,0.0,26006.0,0.0,-0.17500000000000002
73136765,2,0,-0.018000000000000002,-0.08,-0.008,0.0,0.0,-0.17500000000000002,0.0,0.0,-0.0131,0.0,0.0,0.0,0.0,0.0,-0.17500000000000002
73141769,2,0,-0.017,-0.073,-0.003,0.0,0.0,-0.17500000000000002,0.0,0.0,-0.0132,0.0,0.0,0.0,5004.0,0.0,-0.17500000000000002
73144571,2,0,-0.015,-0.061,-0.005,0.0,0.0,-0.17500000000000002,0.0,0.0,-0.0132,0.0,0.0,0.0,7806.0,0.0,-0.17500000000000002
73149570,2,0,-0.006,-0.044,0.01,0.0,0.0,-0.17500000000000002,0.0,0.0,-0.0131,0.0,0.0,0.0,12805.0,0.0,-0.17500000000000002
73153734,2,0,-0.016,-0.035,0.007,0.0,0.0,-0.17500000000000002,0.0,0.0,-0.0131,0.0,0.0,0.0,16969.0,0.0,-0.17500000000000002
73157738,2,0,-0.015,-0.035,0.004,0.0,0.0,-0.17500000000000002,0.0,0.0,-0.0131,0.0,0.0,0.0,20973.0,0.0,-0.17500000000000002
73161783,2,0,-0.013000000000000001,-0.04,0.008,0.0,0.0,-0.17500000000000002,0.0,0.0,-0.0132,0.0,0.0,0.0,25018.0,0.0,-0.17500000000000002
73164572,2,0,-0.011,-0.045,0.006,0.0,0.0,-0.17500000000000002,0.0,0.0,-0.013300000000000001,0.0,0.0,0.0,0.0,0.0,-0.17500000000000002
73168588,2,0,-0.006,-0.05,0.002,0.0,0.0,-0.168,0.0,0.0,-0.0135,0.0,0.0,0.0,4016.0,0.0,-0.168
73173528,2,0,-0.024,-0.047,0.002,0.0,0.0,-0.1563,0.0,0.0,-0.013800000000000002,0.0,0.0,0.0,8956.0,0.0,-0.1563
73178675,2,0,-0.019,-0.046,0.002,0.0,0.0,-0.1447,0.0,0.0,-0.013900000000000001,0.0,0.0,0.0,14103.0,0.0,-0.1447
73180781,2,0,-0.014,-0.037,-0.001,0.0,0.0,-0.14,0.0,0.0,-0.014,0.0,0.0,0.0,16209.0,0.0,-0.14
73185570,2,0,-0.006,-0.028,0.003,0.0,0.0,-0.1283,0.0,0.0,-0.014,0.0,0.0,0.0,20998.0,0.0,-0.1283
73189570,2,0,-0.004,-0.019,0.003,0.0,0.0,-0.11900000000000001,0.0,0.0,-0.014,0.0,0.0,0.0,24998.0,0.0,-0.11900000000000001
73193761,2,0,-0.005,-0.004,-0.009000000000000001,0.0,0.0,-0.1097,0.0,0.0,-0.014,0.0,0.0,0.0,0.0,0.0,-0.1097
73196576,2,0,0.0,0.001,-0.012,0.0,0.0,-0.1027,0.0,0.0,-0.014,0.0,0.0,0.0,2815.0,0.0,-0.1027
73200790,2,0,0.012,0.001,-0.003,0.0,0.0,-0.09330000000000001,0.0,0.0,-0.014100000000000001,0.0,0.0,0.0,7029.0,0.0,-0.09330000000000001
73205760,2,0,0.006,0.007,-0.007,0.0,0.0,-0.08170000000000001,0.0,0.0,-0.0142,0.0,0.0,0.0,11999.0,0.0,-0.08170000000000001
73210673,2,0,0.003,0.012,0.001,0.0,0.0,-0.07,0.0,0.0,-0.0142,0.0,0.0,0.0,16912.0,0.0,-0.07
73212732,2,0,0.001,0.009000000000000001,0.001,0.0,0.0,-0.0653,0.0,0.0,-0.0143,0.0,0.0,0.0,18971.0,0.0,-0.0653
73216812,2,0,0.003,0.012,0.004,0.0,0.0,-0.056,0.0,0.0,-0.0143,0.0,0.0,0.0,23051.0,0.0,-0.056
73221572,2,0,0.007,0.017,0.007,0.0,0.0,-0.0443,0.0,0.0,-0.0143,0.0,0.0,0.0,0.0,0.0,-0.0443
73225787,2,0,0.014,0.02,0.006,0.0,0.0,-0.035,0.0,0.0,-0.0142,0.0,0.0,0.0,4215.0,0.0,-0.035
73230570,2,0,0.015,0.022,-0.005,0.0,0.0,-0.0233,0.0,0.0,-0.0142,0.0,0.0,0.0,8998.0,0.0,-0.0233
73232782,2,0,0.015,0.021,-0.007,0.0,0.0,-0.0187,0.0,0.0,-0.014100000000000001,0.0,0.0,0.0,11210.0,0.0,-0.0187
73236811,2,0,0.02,0.028,-0.006,0.0,0.0,-0.009300000000000001,0.0,0.0,-0.014,0.0,0.0,0.0,15239.0,0.0,-0.009300000000000001
73241575,2,0,0.013000000000000001,0.039,-0.006,0.0,0.0,0.0023,0.0,0.0,-0.0137,0.0,0.0,0.0,20003.0,0.0,0.0023
73245797,2,0,0.004,0.054,-0.012,0.0,0.0,0.0117,0.0,0.0,-0.013300000000000001,0.0,0.0,0.0,24225.0,0.0,0.0117
73250569,2,0,0.01,0.092,-0.003,0.0,0.0,0.0233,0.0,0.0,-0.012700000000000001,0.0,0.0,0.0,0.0,0.0,0.0233
73254804,2,0,0.012,0.125,0.001,0.0,0.0,0.0327,0.0,0.0,-0.012,0.0,0.0,0.0,4235.0,0.0,0.0327
73256811,2,0,0.01,0.136,-0.002,0.0,0.0,0.0373,0.0,0.0,-0.0117,0.0,0.0,0.0,6242.0,0.0,0.0373
73261575,2,0,0.008,0.177,-0.001,0.0,0.0,0.049,0.0,0.0,-0.0109,0.0,0.0,0.0,11006.0,0.0,0.049
73265775,2,0,0.009000000000000001,0.199,-0.002,0.0,0.0,0.058300000000000005,0.0,0.0,-0.009600000000000001,0.0,0.0,0.0,15206.0,0.0,0.058300000000000005
73270575,2,0,0.002,0.212,-0.004,0.0,0.0,0.07,0.0,0.0,-0.008700000000000001,0.0,0.0,0.0,20006.0,0.0,0.07
73272575,2,0,0.003,0.215,-0.004,0.0,0.0,0.0747,0.0,0.0,-0.0083,0.0,0.0,0.0,22006.0,0.0,0.0747
73276575,2,0,0.004,0.198,-0.004,0.0,0.0,0.084,0.0,0.0,-0.0076,0.0,0.0,0.0,0.0,0.0,0.084
73280599,2,0,-0.003,0.194,-0.004,0.0,0.0,0.09330000000000001,0.0,0.0,-0.0071,0.0,0.0,0.0,4024.0,0.0,0.09330000000000001
73285575,2,0,-0.005,0.171,-0.003,0.0,0.0,0.10500000000000001,0.0,0.0,-0.006500000000000001,0.0,0.0,0.0,9000.0,0.0,0.10500000000000001
73289575,2,0,0.003,0.161,-0.007,0.0,0.0,0.1143,0.0,0.0,-0.0061,0.0,0.0,0.0,13000.0,0.0,0.1143
73294576,2,0,0.002,0.158,-0.004,0.0,0.0,0.126,0.0,0.0,-0.0055000000000000005,0.0,0.0,0.0,18001.0,0.0,0.126
73296576,2,0,-0.004,0.151,-0.002,0.0,0.0,0.1307,0.0,0.0,-0.0053,0.0,0.0,0.0,20001.0,0.0,0.1307
73300832,2,0,-0.008,0.17500000000000002,-0.006,0.0,0.0,0.14,0.0,0.0,-0.0045000000000000005,0.0,0.0,0.0,24257.0,0.0,0.14
73305574,2,0,-0.013000000000000001,0.179,-0.003,0.0,0.0,0.1517,0.0,0.0,-0.0038,0.0,0.0,0.0,0.0,0.0,0.1517
73309810,2,0,-0.002,0.192,0.006,0.0,0.0,0.161,0.0,0.0,-0.0027,0.0,0.0,0.0,4236.0,0.0,0.161
73312576,2,0,0.0,0.196,0.008,0.0,0.0,0.168,0.0,0.0,-0.0022,0.0,0.0,0.0,7002.0,0.0,0.168
73316818,2,0,-0.009000000000000001,0.2,0.004,0.0,0.0,0.17500000000000002,0.0,0.0,-0.0011,0.0,0.0,0.0,11244.0,0.0,0.17500000000000002
73321816,2,0,-0.02,0.201,0.01,0.0,0.0,0.17500000000000002,0.0,0.0,-0.0001,0.0,0.0,0.0,16242.0,0.0,0.17500000000000002
73324575,2,0,-0.017,0.2,0.011,0.0,0.0,0.17500000000000002,0.0,0.0,0.0002,0.0,0.0,0.0,19001.0,0.0,0.17500000000000002
73329574,2,0,-0.012,0.189,-0.003,0.0,0.0,0.17500000000000002,0.0,0.0,0.0013000000000000002,0.0,0.0,0.0,24000.0,0.0,0.17500000000000002
73334575,2,0,-0.016,0.183,-0.002,0.0,0.0,0.17500000000000002,0.0,0.0,0.0023,0.0,0.0,0.0,0.0,0.0,0.17500000000000002
73336833,2,0,-0.016,0.178,-0.005,0.0,0.0,0.17500000000000002,0.0,0.0,0.003,0.0,0.0,0.0,2258.0,0.0,0.17500000000000002
73341568,2,0,-0.028,0.181,-0.012,0.0,0.0,0.17500000000000002,0.0,0.0,0.0038,0.0,0.0,0.0,6993.0,0.0,0.17500000000000002
73345807,2,0,-0.011,0.179,-0.008,0.0,0.0,0.17500000000000002,0.0,0.0,0.0049,0.0,0.0,0.0,11232.0,0.0,0.17500000000000002
73350575,2,0,-0.002,0.183,0.0,0.0,0.0,0.17500000000000002,0.0,0.0,0.0058000000000000005,0.0,0.0,0.0,16000.0,0.0,0.17500000000000002
73352809,2,0,0.003,0.179,-0.008,0.0,0.0,0.17500000000000002,0.0,0.0,0.006500000000000001,0.0,0.0,0.0,18234.0,0.0,0.17500000000000002
73356841,2,0,-0.002,0.161,-0.011,0.0,0.0,0.17500000000000002,0.0,0.0,0.0073,0.0,0.0,0.0,22266.0,0.0,0.17500000000000002
73361569,2,0,0.003,0.15,-0.007,0.0,0.0,0.17500000000000002,0.0,0.0,0.0079,0.0,0.0,0.0,0.0,0.0,0.17500000000000002
73365813,2,0,0.004,0.134,-0.002,0.0,0.0,0.17500000000000002,0.0,0.0,0.0085,0.0,0.0,0.0,4244.0,0.0,0.17500000000000002
73370592,2,0,0.0,0.124,0.002,0.0,0.0,0.17500000000000002,0.0,0.0,0.0088,0.0,0.0,0.0,9023.0,0.0,0.17500000000000002
73372810,2,0,-0.005,0.11,0.01,0.0,0.0,0.17500000000000002,0.0,0.0,0.0092,0.0,0.0,0.0,11241.0,0.0,0.17500000000000002
73376854,2,0,-0.005,0.093,0.014,0.0,0.0,0.17500000000000002,0.0,0.0,0.009600000000000001,0.0,0.0,0.0,15285.0,0.0,0.17500000000000002
73381569,2,0,-0.001,0.077,0.013000000000000001,0.0,0.0,0.17500000000000002,0.0,0.0,0.0099,0.0,0.0,0.0,20000.0,0.0,0.17500000000000002
73385813,2,0,0.006,0.07200000000000001,0.015,0.0,0.0,0.17500000000000002,0.0,0.0,0.0102,0.0,0.0,0.0,24244.0,0.0,0.17500000000000002
73389821,2,0,0.008,0.067,0.009000000000000001,0.0,0.0,0.17500000000000002,0.0,0.0,0.0105,0.0,0.0,0.0,0.0,0.0,0.17500000000000002
73394571,2,0,0.012,0.073,0.0,0.0,0.0,0.17500000000000002,0.0,0.0,0.0108,0.0,0.0,0.0,4750.0,0.0,0.17500000000000002
73396867,2,0,0.019,0.067,-0.007,0.0,0.0,0.17500000000000002,0.0,0.0,0.011000000000000001,0.0,0.0,0.0,7046.0,0.0,0.17500000000000002
73401622,2,0,0.017,0.057,-0.005,0.0,0.0,0.17500000000000002,0.0,0.0,0.011300000000000001,0.0,0.0,0.0,11801.0,0.0,0.17500000000000002
73406570,2,0,0.019,0.061,-0.014,0.0,0.0,0.17500000000000002,0.0,0.0,0.011600000000000001,0.0,0.0,0.0,16749.0,0.0,0.17500000000000002
73410831,2,0,0.014,0.051000000000000004,-0.01,0.0,0.0,0.17500000000000002,0.0,0.0,0.0118,0.0,0.0,0.0,21010.0,0.0,0.17500000000000002
73412834,2,0,0.014,0.052000000000000005,-0.004,0.0,0.0,0.17500000000000002,0.0,0.0,0.0118,0.0,0.0,0.0,23013.0,0.0,0.17500000000000002
73416883,2,0,0.016,0.035,-0.006,0.0,0.0,0.17270000000000002,0.0,0.0,0.0119,0.0,0.0,0.0,0.0,0.0,0.17270000000000002
73421569,2,0,0.015,0.022,-0.007,0.0,0.0,0.161,0.0,0.0,0.012,0.0,0.0,0.0,4686.0,0.0,0.161
73425841,2,0,0.015,0.001,0.006,0.0,0.0,0.1517,0.0,0.0,0.012,0.0,0.0,0.0,8958.0,0.0,0.1517
73429845,2,0,0.011,-0.006,0.004,0.0,0.0,0.1423,0.0,0.0,0.0119,0.0,0.0,0.0,12962.0,0.0,0.1423
73434572,2,0,0.015,-0.008,-0.003,0.0,0.0,0.1307,0.0,0.0,0.0118,0.0,0.0,0.0,17689.0,0.0,0.1307
73436894,2,0,0.013000000000000001,-0.013000000000000001,0.01,0.0,0.0,0.126,0.0,0.0,0.0118,0.0,0.0,0.0,20011.0,0.0,0.126
73441900,2,0,0.008,-0.015,0.007,0.0,0.0,0.1143,0.0,0.0,0.0119,0.0,0.0,0.0,25017.0,0.0,0.1143
73446571,2,0,0.007,-0.019,-0.001,0.0,0.0,0.1027,0.0,0.0,0.012,0.0,0.0,0.0,0.0,0.0,0.1027
73448856,2,0,0.001,-0.02,0.002,0.0,0.0,0.098,0.0,0.0,0.012,0.0,0.0,0.0,2285.0,0.0,0.098
73452859,2,0,0.002,-0.022,0.003,0.0,0.0,0.0887,0.0,0.0,0.012,0.0,0.0,0.0,6288.0,0.0,0.0887
73456910,2,0,0.004,-0.019,0.001,0.0,0.0,0.07930000000000001,0.0,0.0,0.012,0.0,0.0,0.0,10339.0,0.0,0.07930000000000001
73461570,2,0,-0.004,-0.022,0.0,0.0,0.0,0.06770000000000001,0.0,0.0,0.0119,0.0,0.0,0.0,14999.0,0.0,0.06770000000000001
73465570,2,0,-0.003,-0.025,-0.003,0.0,0.0,0.058300000000000005,0.0,0.0,0.0119,0.0,0.0,0.0,18999.0,0.0,0.058300000000000005
73470571,2,0,-0.007,-0.034,-0.007,0.0,0.0,0.046700000000000005,0.0,0.0,0.0119,0.0,0.0,0.0,24000.0,0.0,0.046700000000000005
73472874,2,0,-0.005,-0.034,0.0,0.0,0.0,0.042,0.0,0.0,0.0118,0.0,0.0,0.0,0.0,0.0,0.042
73476921,2,0,-0.014,-0.035,0.001,0.0,0.0,0.0327,0.0,0.0,0.0117,0.0,0.0,0.0,4047.0,0.0,0.0327
73481569,2,0,-0.014,-0.034,-0.006,0.0,0.0,0.021,0.0,0.0,0.0115,0.0,0.0,0.0,8695.0,0.0,0.021
73485881,2,0,-0.016,-0.035,-0.001,0.0,0.0,0.0117,0.0,0.0,0.0114,0.0,0.0,0.0,13007.0,0.0,0.0117
73490573,2,0,-0.011,-0.046,0.006,0.0,0.0,0.0,0.0,0.0,0.0112,0.0,0.0,0.0,17699.0,0.0,0.0
73492887,2,0,-0.012,-0.056,-0.001,0.0,0.0,-0.0047,0.0,0.0,0.011000000000000001,0.0,0.0,0.0,20013.0,0.0,-0.0047
73496970,2,0,-0.012,-0.063,-0.001,0.0,0.0,-0.014,0.0,0.0,0.0106,0.0,0.0,0.0,24096.0,0.0,-0.014
73501567,2,0,-0.004,-0.08600000000000001,0.004,0.0,0.0,-0.0257,0.0,0.0,0.010100000000000001,0.0,0.0,0.0,0.0,0.0,-0.0257
73505895,2,0,-0.014,-0.126,0.001,0.0,0.0,-0.035,0.0,0.0,0.009300000000000001,0.0,0.0,0.0,4328.0,0.0,-0.035
73509900,2,0,-0.014,-0.159,-0.006,0.0,0.0,-0.0443,0.0,0.0,0.0085,0.0,0.0,0.0,8333.0,0.0,-0.0443
73514572,2,0,-0.019,-0.182,0.002,0.0,0.0,-0.056,0.0,0.0,0.0076,0.0,0.0,0.0,13005.0,0.0,-0.056
73516953,2,0,-0.02,-0.197,0.003,0.0,0.0,-0.060700000000000004,0.0,0.0,0.006900000000000001,0.0,0.0,0.0,15386.0,0.0,-0.060700000000000004
73521569,2,0,-0.027,-0.21,-0.001,0.0,0.0,-0.0723,0.0,0.0,0.0061,0.0,0.0,0.0,20002.0,0.0,-0.0723
73526571,2,0,-0.025,-0.215,0.006,0.0,0.0,-0.084,0.0,0.0,0.005200000000000001,0.0,0.0,0.0,25004.0,0.0,-0.084
73528913,2,0,-0.019,-0.21,0.01,0.0,0.0,-0.0887,0.0,0.0,0.0047,0.0,0.0,0.0,0.0,0.0,-0.0887
73533570,2,0,-0.008,-0.201,0.009000000000000001,0.0,0.0,-0.1003,0.0,0.0,0.004200000000000001,0.0,0.0,0.0,4657.0,0.0,-0.1003
73537916,2,0,-0.002,-0.19,0.01,0.0,0.0,-0.1097,0.0,0.0,0.0037,0.0,0.0,0.0,9003.0,0.0,-0.1097
73541968,2,0,0.002,-0.187,-0.001,0.0,0.0,-0.11900000000000001,0.0,0.0,0.0032,0.0,0.0,0.0,13055.0,0.0,-0.11900000000000001
73546568,2,0,0.009000000000000001,-0.185,-0.002,0.0,0.0,-0.1307,0.0,0.0,0.0027,0.0,0.0,0.0,17655.0,0.0,-0.1307
73548571,2,0,0.009000000000000001,-0.185,0.001,0.0,0.0,-0.1353,0.0,0.0,0.0024000000000000002,0.0,0.0,0.0,19658.0,0.0,-0.1353
73552928,2,0,0.011,-0.195,0.0,0.0,0.0,-0.1447,0.0,0.0,0.0016,0.0,0.0,0.0,24015.0,0.0,-0.1447
73556975,2,0,0.009000000000000001,-0.20600000000000002,-0.002,0.0,0.0,-0.154,0.0,0.0,0.0009000000000000001,0.0,0.0,0.0,0.0,0.0,-0.154
73561569,2,0,0.008,-0.211,0.001,0.0,0.0,-0.16570000000000001,0.0,0.0,0.0,0.0,0.0,0.0,4594.0,0.0,-0.16570000000000001
73565937,2,0,0.012,-0.226,-0.003,0.0,0.0,-0.17500000000000002,0.0,0.0,-0.0012000000000000001,0.0,0.0,0.0,8962.0,0.0,-0.17500000000000002
73569939,2,0,0.015,-0.225,-0.002,0.0,0.0,-0.17500000000000002,0.0,0.0,-0.0021000000000000003,0.0,0.0,0.0,12964.0,0.0,-0.17500000000000002
73574569,2,0,0.014,-0.227,0.001,0.0,0.0,-0.17500000000000002,0.0,0.0,-0.0031000000000000003,0.0,0.0,0.0,17594.0,0.0,-0.17500000000000002
73578946,2,0,0.017,-0.226,-0.002,0.0,0.0,-0.17500000000000002,0.0,0.0,-0.0043,0.0,0.0,0.0,21971.0,0.0,-0.17500000000000002
73580951,2,0,0.016,-0.223,-0.004,0.0,0.0,-0.17500000000000002,0.0,0.0,-0.0047,0.0,0.0,0.0,23976.0,0.0,-0.17500000000000002
73585570,2,0,0.018000000000000002,-0.216,0.001,0.0,0.0,-0.17500000000000002,0.0,0.0,-0.0057,0.0,0.0,0.0,0.0,0.0,-0.17500000000000002
73589954,2,0,0.024,-0.199,0.006,0.0,0.0,-0.17500000000000002,0.0,0.0,-0.0068000000000000005,0.0,0.0,0.0,4384.0,0.0,-0.17500000000000002
73594571,2,0,0.02,-0.188,0.003,0.0,0.0,-0.17500000000000002,0.0,0.0,-0.0074,0.0,0.0,0.0,9001.0,0.0,-0.17500000000000002
73596571,2,0,0.006,-0.17400000000000002,0.005,0.0,0.0,-0.17500000000000002,0.0,0.0,-0.008,0.0,0.0,0.0,11001.0,0.0,-0.17500000000000002
73600961,2,0,0.006,-0.166,0.003,0.0,0.0,-0.17500000000000002,0.0,0.0,-0.0089,0.0,0.0,0.0,15391.0,0.0,-0.17500000000000002
73604966,2,0,0.01,-0.157,0.003,0.0,0.0,-0.17500000000000002,0.0,0.0,-0.009600000000000001,0.0,0.0,0.0,19396.0,0.0,-0.17500000000000002
73609569,2,0,0.01,-0.136,0.007,0.0,0.0,-0.17500000000000002,0.0,0.0,-0.0102,0.0,0.0,0.0,23999.0,0.0,-0.17500000000000002
73613971,2,0,-0.004,-0.133,-0.007,0.0,0.0,-0.17500000000000002,0.0,0.0,-0.011000000000000001,0.0,0.0,0.0,0.0,0.0,-0.17500000000000002
73617971,2,0,-0.003,-0.117,-0.009000000000000001,0.0,0.0,-0.17500000000000002,0.0,0.0,-0.0115,0.0,0.0,0.0,4000.0,0.0,-0.17500000000000002
73622023,2,0,0.012,-0.11800000000000001,-0.009000000000000001,0.0,0.0,-0.17500000000000002,0.0,0.0,-0.0119,0.0,0.0,0.0,8052.0,0.0,-0.17500000000000002
73626571,2,0,0.009000000000000001,-0.114,-0.008,0.0,0.0,-0.17500000000000002,0.0,0.0,-0.0122,0.0,0.0,0.0,12600.0,0.0,-0.17500000000000002
73628571,2,0,0.007,-0.105,-0.01,0.0,0.0,-0.17500000000000002,0.0,0.0,-0.0125,0.0,0.0,0.0,14600.0,0.0,-0.17500000000000002
73632983,2,0,-0.014,-0.084,-0.011,0.0,0.0,-0.17500000000000002,0.0,0.0,-0.0129,0.0,0.0,0.0,19012.0,0.0,-0.17500000000000002
73637034,2,0,-0.02,-0.07,0.0,0.0,0.0,-0.17500000000000002,0.0,0.0,-0.013000000000000001,0.0,0.0,0.0,23063.0,0.0,-0.17500000000000002
73642036,2,0,-0.015,-0.062,0.002,0.0,0.0,-0.17500000000000002,0.0,0.0,-0.0131,0.0,0.0,0.0,0.0,0.0,-0.17500000000000002
73647039,2,0,-0.007,-0.046,0.015,0.0,0.0,-0.17500000000000002,0.0,0.0,-0.0131,0.0,0.0,0.0,5003.0,0.0,-0.17500000000000002
73649567,2,0,-0.011,-0.046,0.012,0.0,0.0,-0.17500000000000002,0.0,0.0,-0.0131,0.0,0.0,0.0,7531.0,0.0,-0.17500000000000002
73653570,2,0,-0.017,-0.04,0.001,0.0,0.0,-0.17500000000000002,0.0,0.0,-0.0131,0.0,0.0,0.0,11534.0,0.0,-0.17500000000000002
73658572,2,0,-0.015,-0.041,0.002,0.0,0.0,-0.17500000000000002,0.0,0.0,-0.0132,0.0,0.0,0.0,16536.0,0.0,-0.17500000000000002
73661005,2,0,-0.002,-0.047,0.006,0.0,0.0,-0.17500000000000002,0.0,0.0,-0.0134,0.0,0.0,0.0,18969.0,0.0,-0.17500000000000002
73665569,2,0,0.0,-0.052000000000000005,-0.002,0.0,0.0,-0.17500000000000002,0.0,0.0,-0.013600000000000001,0.0,0.0,0.0,23533.0,0.0,-0.17500000000000002
73670009,2,0,-0.018000000000000002,-0.05,-0.003,0.0,0.0,-0.16570000000000001,0.0,0.0,-0.013800000000000002,0.0,0.0,0.0,0.0,0.0,-0.16570000000000001
73674569,2,0,-0.025,-0.047,-0.002,0.0,0.0,-0.154,0.0,0.0,-0.014,0.0,0.0,0.0,4560.0,0.0,-0.154
73677096,2,0,-0.021,-0.046,0.0,0.0,0.0,-0.14930000000000002,0.0,0.0,-0.014100000000000001,0.0,0.0,0.0,7087.0,0.0,-0.14930000000000002
73682064,2,0,-0.006,-0.032,0.003,0.0,0.0,-0.13770000000000002,0.0,0.0,-0.014100000000000001,0.0,0.0,0.0,12055.0,0.0,-0.13770000000000002
73684571,2,0,-0.005,-0.03,0.006,0.0,0.0,-0.1307,0.0,0.0,-0.014100000000000001,0.0,0.0,0.0,14562.0,0.0,-0.1307
73689570,2,0,-0.01,-0.016,0.001,0.0,0.0,-0.11900000000000001,0.0,0.0,-0.0142,0.0,0.0,0.0,19561.0,0.0,-0.11900000000000001
73694569,2,0,-0.004,-0.003,-0.004,0.0,0.0,-0.1073,0.0,0.0,-0.0142,0.0,0.0,0.0,24560.0,0.0,-0.1073
73697075,2,0,0.005,-0.001,-0.002,0.0,0.0,-0.1027,0.0,0.0,-0.0142,0.0,0.0,0.0,0.0,0.0,-0.1027
73701570,2,0,0.007,0.005,0.0,0.0,0.0,-0.091,0.0,0.0,-0.0142,0.0,0.0,0.0,4495.0,0.0,-0.091
73706032,2,0,0.003,0.005,-0.004,0.0,0.0,-0.08170000000000001,0.0,0.0,-0.0143,0.0,0.0,0.0,8957.0,0.0,-0.08170000000000001
73710533,2,0,-0.004,0.009000000000000001,0.003,0.0,0.0,-0.07,0.0,0.0,-0.014400000000000001,0.0,0.0,0.0,13458.0,0.0,-0.07
73714570,2,0,0.0,0.012,0.007,0.0,0.0,-0.060700000000000004,0.0,0.0,-0.014400000000000001,0.0,0.0,0.0,17495.0,0.0,-0.060700000000000004
73719043,2,0,0.011,0.011,0.004,0.0,0.0,-0.051300000000000005,0.0,0.0,-0.014400000000000001,0.0,0.0,0.0,21968.0,0.0,-0.051300000000000005
73721047,2,0,0.006,0.016,0.005,0.0,0.0,-0.046700000000000005,0.0,0.0,-0.014400000000000001,0.0,0.0,0.0,23972.0,0.0,-0.046700000000000005
73725570,2,0,0.002,0.021,0.003,0.0,0.0,-0.035,0.0,0.0,-0.0143,0.0,0.0,0.0,0.0,0.0,-0.035
73730049,2,0,0.007,0.017,-0.006,0.0,0.0,-0.0257,0.0,0.0,-0.0143,0.0,0.0,0.0,4479.0,0.0,-0.0257
73734533,2,0,0.017,0.017,-0.011,0.0,0.0,-0.014,0.0,0.0,-0.0142,0.0,0.0,0.0,8963.0,0.0,-0.014
73738534,2,0,0.013000000000000001,0.026000000000000002,-0.001,0.0,0.0,-0.0047,0.0,0.0,-0.014100000000000001,0.0,0.0,0.0,12964.0,0.0,-0.0047
73740580,2,0,0.01,0.032,-0.001,0.0,0.0,0.0,0.0,0.0,-0.014,0.0,0.0,0.0,15010.0,0.0,0.0
73745061,2,0,0.004,0.048,-0.006,0.0,0.0,0.009300000000000001,0.0,0.0,-0.013600000000000001,0.0,0.0,0.0,19491.0,0.0,0.009300000000000001
73749569,2,0,0.005,0.08,-0.003,0.0,0.0,0.021,0.0,0.0,-0.0131,0.0,0.0,0.0,23999.0,0.0,0.021
73754572,2,0,0.008,0.114,0.001,0.0,0.0,0.0327,0.0,0.0,-0.0125,0.0,0.0,0.0,0.0,0.0,0.0327
73757116,2,0,0.01,0.14,0.004,0.0,0.0,0.0397,0.0,0.0,-0.012,0.0,0.0,0.0,2544.0,0.0,0.0397
73762116,2,0,0.006,0.185,-0.002,0.0,0.0,0.051300000000000005,0.0,0.0,-0.010700000000000001,0.0,0.0,0.0,7544.0,0.0,0.051300000000000005
73766534,2,0,0.007,0.197,-0.007,0.0,0.0,0.060700000000000004,0.0,0.0,-0.0097,0.0,0.0,0.0,11962.0,0.0,0.060700000000000004
73771078,2,0,0.006,0.222,-0.004,0.0,0.0,0.07,0.0,0.0,-0.0086,0.0,0.0,0.0,16506.0,0.0,0.07
73773079,2,0,0.011,0.216,-0.002,0.0,0.0,0.0747,0.0,0.0,-0.0082,0.0,0.0,0.0,18507.0,0.0,0.0747
73777132,2,0,0.008,0.194,-0.004,0.0,0.0,0.0863,0.0,0.0,-0.0076,0.0,0.0,0.0,22560.0,0.0,0.0863
73781569,2,0,-0.006,0.195,-0.005,0.0,0.0,0.09570000000000001,0.0,0.0,-0.0071,0.0,0.0,0.0,0.0,0.0,0.09570000000000001
73786534,2,0,0.003,0.168,-0.007,0.0,0.0,0.1073,0.0,0.0,-0.0067,0.0,0.0,0.0,4965.0,0.0,0.1073
73790578,2,0,0.005,0.166,-0.007,0.0,0.0,0.11670000000000001,0.0,0.0,-0.0061,0.0,0.0,0.0,9009.0,0.0,0.11670000000000001
73793131,2,0,0.006,0.16,-0.004,0.0,0.0,0.1237,0.0,0.0,-0.0058000000000000005,0.0,0.0,0.0,11562.0,0.0,0.1237
73797181,2,0,0.0,0.149,0.001,0.0,0.0,0.133,0.0,0.0,-0.005200000000000001,0.0,0.0,0.0,15612.0,0.0,0.133
73801568,2,0,-0.003,0.17300000000000001,-0.005,0.0,0.0,0.1423,0.0,0.0,-0.0046,0.0,0.0,0.0,19999.0,0.0,0.1423
73806139,2,0,-0.011,0.17500000000000002,-0.002,0.0,0.0,0.154,0.0,0.0,-0.0037,0.0,0.0,0.0,24570.0,0.0,0.154
73810532,2,0,-0.002,0.188,0.01,0.0,0.0,0.1633,0.0,0.0,-0.0028,0.0,0.0,0.0,0.0,0.0,0.1633
73815147,2,0,0.0,0.199,0.009000000000000001,0.0,0.0,0.17500000000000002,0.0,0.0,-0.0017000000000000001,0.0,0.0,0.0,4615.0,0.0,0.17500000000000002
73817194,2,0,-0.005,0.2,0.005,0.0,0.0,0.17500000000000002,0.0,0.0,-0.0012000000000000001,0.0,0.0,0.0,6662.0,0.0,0.17500000000000002
73821567,2,0,-0.017,0.201,0.007,0.0,0.0,0.17500000000000002,0.0,0.0,-0.0004,0.0,0.0,0.0,11035.0,0.0,0.17500000000000002
73826153,2,0,-0.005,0.192,0.002,0.0,0.0,0.17500000000000002,0.0,0.0,0.0006000000000000001,0.0,0.0,0.0,15621.0,0.0,0.17500000000000002
73830568,2,0,-0.014,0.184,-0.002,0.0,0.0,0.17500000000000002,0.0,0.0,0.0015,0.0,0.0,0.0,20036.0,0.0,0.17500000000000002
73833158,2,0,-0.012,0.183,-0.005,0.0,0.0,0.17500000000000002,0.0,0.0,0.0021000000000000003,0.0,0.0,0.0,22626.0,0.0,0.17500000000000002
73837207,2,0,-0.018000000000000002,0.18,-0.007,0.0,0.0,0.17500000000000002,0.0,0.0,0.003,0.0,0.0,0.0,0.0,0.0,0.17500000000000002
73842176,2,0,-0.022,0.181,-0.015,0.0,0.0,0.17500000000000002,0.0,0.0,0.0041,0.0,0.0,0.0,4969.0,0.0,0.17500000000000002
73846533,2,0,-0.007,0.177,-0.006,0.0,0.0,0.17500000000000002,0.0,0.0,0.0049,0.0,0.0,0.0,9326.0,0.0,0.17500000000000002
73850571,2,0,-0.004,0.177,-0.004,0.0,0.0,0.17500000000000002,0.0,0.0,0.0056,0.0,0.0,0.0,13364.0,0.0,0.17500000000000002
73853141,2,0,0.004,0.167,-0.01,0.0,0.0,0.17500000000000002,0.0,0.0,0.0064,0.0,0.0,0.0,15934.0,0.0,0.17500000000000002
73858176,2,0,0.001,0.152,-0.01,0.0,0.0,0.17500000000000002,0.0,0.0,0.007200000000000001,0.0,0.0,0.0,20969.0,0.0,0.17500000000000002
73862225,2,0,0.003,0.14,-0.003,0.0,0.0,0.17500000000000002,0.0,0.0,0.0078000000000000005,0.0,0.0,0.0,25018.0,0.0,0.17500000000000002
73866569,2,0,0.0,0.127,0.006,0.0,0.0,0.17500000000000002,0.0,0.0,0.0082,0.0,0.0,0.0,0.0,0.0,0.17500000000000002
73869183,2,0,0.0,0.116,0.004,0.0,0.0,0.17500000000000002,0.0,0.0,0.0085,0.0,0.0,0.0,2614.0,0.0,0.17500000000000002
73873193,2,0,-0.005,0.10300000000000001,0.008,0.0,0.0,0.17500000000000002,0.0,0.0,0.0089,0.0,0.0,0.0,6624.0,0.0,0.17500000000000002
73878189,2,0,-0.007,0.08700000000000001,0.021,0.0,0.0,0.17500000000000002,0.0,0.0,0.009300000000000001,0.0,0.0,0.0,11620.0,0.0,0.17500000000000002
73883302,2,0,0.007,0.075,0.01,0.0,0.0,0.17500000000000002,0.0,0.0,0.009600000000000001,0.0,0.0,0.0,16733.0,0.0,0.17500000000000002
73885567,2,0,0.009000000000000001,0.074,0.01,0.0,0.0,0.17500000000000002,0.0,0.0,0.0097,0.0,0.0,0.0,18998.0,0.0,0.17500000000000002
73890198,2,0,0.0,0.064,0.013000000000000001,0.0,0.0,0.17500000000000002,0.0,0.0,0.01,0.0,0.0,0.0,23629.0,0.0,0.17500000000000002
73894531,2,0,0.011,0.067,-0.005,0.0,0.0,0.17500000000000002,0.0,0.0,0.0103,0.0,0.0,0.0,0.0,0.0,0.17500000000000002
73899203,2,0,0.026000000000000002,0.056,-0.01,0.0,0.0,0.17500000000000002,0.0,0.0,0.0106,0.0,0.0,0.0,4672.0,0.0,0.17500000000000002
73901208,2,0,0.02,0.056,-0.014,0.0,0.0,0.17500000000000002,0.0,0.0,0.010700000000000001,0.0,0.0,0.0,6677.0,0.0,0.17500000000000002
73905210,2,0,0.016,0.06,-0.012,0.0,0.0,0.17500000000000002,0.0,0.0,0.0109,0.0,0.0,0.0,10679.0,0.0,0.17500000000000002
73909532,2,0,0.012,0.044,-0.009000000000000001,0.0,0.0,0.17500000000000002,0.0,0.0,0.0111,0.0,0.0,0.0,15001.0,0.0,0.17500000000000002
73914572,2,0,0.012,0.042,-0.007,0.0,0.0,0.17500000000000002,0.0,0.0,0.0112,0.0,0.0,0.0,20041.0,0.0,0.17500000000000002
73917228,2,0,0.017,0.03,-0.005,0.0,0.0,0.1703,0.0,0.0,0.011300000000000001,0.0,0.0,0.0,22697.0,0.0,0.1703
73921531,2,0,0.009000000000000001,0.021,-0.002,0.0,0.0,0.161,0.0,0.0,0.0114,0.0,0.0,0.0,0.0,0.0,0.161
73926224,2,0,0.01,-0.001,0.004,0.0,0.0,0.14930000000000002,0.0,0.0,0.0114,0.0,0.0,0.0,4693.0,0.0,0.14930000000000002
73930531,2,0,0.011,-0.011,0.0,0.0,0.0,0.14,0.0,0.0,0.0114,0.0,0.0,0.0,9000.0,0.0,0.14
73934531,2,0,0.01,-0.011,-0.001,0.0,0.0,0.1307,0.0,0.0,0.011300000000000001,0.0,0.0,0.0,13000.0,0.0,0.1307
73939232,2,0,0.006,-0.017,0.008,0.0,0.0,0.11900000000000001,0.0,0.0,0.0114,0.0,0.0,0.0,17701.0,0.0,0.11900000000000001
73941233,2,0,0.004,-0.018000000000000002,0.008,0.0,0.0,0.1143,0.0,0.0,0.0114,0.0,0.0,0.0,19702.0,0.0,0.1143
73945236,2,0,0.006,-0.025,0.004,0.0,0.0,0.10500000000000001,0.0,0.0,0.0115,0.0,0.0,0.0,23705.0,0.0,0.10500000000000001
73949531,2,0,0.004,-0.025,0.005,0.0,0.0,0.09570000000000001,0.0,0.0,0.0115,0.0,0.0,0.0,0.0,0.0,0.09570000000000001
73953532,2,0,0.007,-0.024,0.005,0.0,0.0,0.0863,0.0,0.0,0.0115,0.0,0.0,0.0,4001.0,0.0,0.0863
73958245,2,0,-0.002,-0.023,-0.006,0.0,0.0,0.0747,0.0,0.0,0.0114,0.0,0.0,0.0,8714.0,0.0,0.0747
73962531,2,0,-0.001,-0.027,-0.002,0.0,0.0,0.0653,0.0,0.0,0.0114,0.0,0.0,0.0,13000.0,0.0,0.0653
73967300,2,0,-0.001,-0.036000000000000004,-0.001,0.0,0.0,0.053700000000000005,0.0,0.0,0.011300000000000001,0.0,0.0,0.0,17769.0,0.0,0.053700000000000005
73969567,2,0,-0.002,-0.036000000000000004,-0.003,0.0,0.0,0.049,0.0,0.0,0.011300000000000001,0.0,0.0,0.0,20036.0,0.0,0.049
73974531,2,0,-0.006,-0.034,0.001,0.0,0.0,0.0373,0.0,0.0,0.0111,0.0,0.0,0.0,25000.0,0.0,0.0373
73977304,2,0,-0.012,-0.035,0.0,0.0,0.0,0.0303,0.0,0.0,0.011000000000000001,0.0,0.0,0.0,0.0,0.0,0.0303
73981530,2,0,-0.01,-0.041,-0.001,0.0,0.0,0.021,0.0,0.0,0.0108,0.0,0.0,0.0,4226.0,0.0,0.021
73985531,2,0,-0.012,-0.033,-0.001,0.0,0.0,0.0117,0.0,0.0,0.010700000000000001,0.0,0.0,0.0,8227.0,0.0,0.0117
73990531,2,0,-0.006,-0.05,0.001,0.0,0.0,0.0,0.0,0.0,0.0105,0.0,0.0,0.0,13227.0,0.0,0.0
73993268,2,0,-0.012,-0.057,0.001,0.0,0.0,-0.007,0.0,0.0,0.0103,0.0,0.0,0.0,15964.0,0.0,-0.007
73997319,2,0,-0.01,-0.059000000000000004,0.003,0.0,0.0,-0.016300000000000002,0.0,0.0,0.0099,0.0,0.0,0.0,20015.0,0.0,-0.016300000000000002
74001531,2,0,-0.006,-0.08,0.006,0.0,0.0,-0.0257,0.0,0.0,0.0094,0.0,0.0,0.0,24227.0,0.0,-0.0257
74006279,2,0,-0.007,-0.116,0.002,0.0,0.0,-0.0373,0.0,0.0,0.008700000000000001,0.0,0.0,0.0,0.0,0.0,-0.0373
74010607,2,0,-0.011,-0.134,-0.002,0.0,0.0,-0.046700000000000005,0.0,0.0,0.0082,0.0,0.0,0.0,4328.0,0.0,-0.046700000000000005
74013283,2,0,-0.016,-0.16,0.0,0.0,0.0,-0.053700000000000005,0.0,0.0,0.0073,0.0,0.0,0.0,7004.0,0.0,-0.053700000000000005
74017336,2,0,-0.024,-0.17300000000000001,0.003,0.0,0.0,-0.063,0.0,0.0,0.006500000000000001,0.0,0.0,0.0,11057.0,0.0,-0.063
74022337,2,0,-0.019,-0.19,0.002,0.0,0.0,-0.0747,0.0,0.0,0.0056,0.0,0.0,0.0,16058.0,0.0,-0.0747
74026530,2,0,-0.019,-0.201,0.003,0.0,0.0,-0.084,0.0,0.0,0.0049,0.0,0.0,0.0,20251.0,0.0,-0.084
74030530,2,0,-0.018000000000000002,-0.198,-0.001,0.0,0.0,-0.09330000000000001,0.0,0.0,0.0044,0.0,0.0,0.0,24251.0,0.0,-0.09330000000000001
74033297,2,0,-0.009000000000000001,-0.188,0.008,0.0,0.0,-0.1003,0.0,0.0,0.004,0.0,0.0,0.0,0.0,0.0,-0.1003
74037346,2,0,-0.001,-0.178,0.011,0.0,0.0,-0.1097,0.0,0.0,0.0036000000000000003,0.0,0.0,0.0,4049.0,0.0,-0.1097
74042571,2,0,0.003,-0.17500000000000002,0.009000000000000001,0.0,0.0,-0.1213,0.0,0.0,0.0032,0.0,0.0,0.0,9274.0,0.0,-0.1213
74045304,2,0,0.001,-0.181,-0.001,0.0,0.0,-0.1283,0.0,0.0,0.0027,0.0,0.0,0.0,12007.0,0.0,-0.1283
74049531,2,0,0.007,-0.183,0.001,0.0,0.0,-0.13770000000000002,0.0,0.0,0.0022,0.0,0.0,0.0,16234.0,0.0,-0.13770000000000002
74054531,2,0,0.017,-0.192,0.004,0.0,0.0,-0.14930000000000002,0.0,0.0,0.0014,0.0,0.0,0.0,21234.0,0.0,-0.14930000000000002
74057361,2,0,0.009000000000000001,-0.201,0.0,0.0,0.0,-0.1563,0.0,0.0,0.0008,0.0,0.0,0.0,24064.0,0.0,-0.1563
74061530,2,0,0.002,-0.21,0.002,0.0,0.0,-0.16570000000000001,0.0,0.0,0.0,0.0,0.0,0.0,0.0,0.0,-0.16570000000000001
74065531,2,0,0.012,-0.222,0.001,0.0,0.0,-0.17500000000000002,0.0,0.0,-0.0009000000000000001,0.0,0.0,0.0,4001.0,0.0,-0.17500000000000002
74070530,2,0,0.008,-0.222,-0.007,0.0,0.0,-0.17500000000000002,0.0,0.0,-0.002,0.0,0.0,0.0,9000.0,0.0,-0.17500000000000002
74073324,2,0,0.012,-0.225,0.001,0.0,0.0,-0.17500000000000002,0.0,0.0,-0.0028,0.0,0.0,0.0,11794.0,0.0,-0.17500000000000002
74077529,2,0,0.01,-0.226,0.004,0.0,0.0,-0.17500000000000002,0.0,0.0,-0.0037,0.0,0.0,0.0,15999.0,0.0,-0.17500000000000002
74081530,2,0,0.008,-0.226,-0.005,0.0,0.0,-0.17500000000000002,0.0,0.0,-0.0046,0.0,0.0,0.0,20000.0,0.0,-0.17500000000000002
74085530,2,0,0.019,-0.227,-0.003,0.0,0.0,-0.17500000000000002,0.0,0.0,-0.0056,0.0,0.0,0.0,24000.0,0.0,-0.17500000000000002
74090356,2,0,0.018000000000000002,-0.217,0.014,0.0,0.0,-0.17500000000000002,0.0,0.0,-0.0068000000000000005,0.0,0.0,0.0,0.0,0.0,-0.17500000000000002
74094554,2,0,0.006,-0.203,0.003,0.0,0.0,-0.17500000000000002,0.0,0.0,-0.0077,0.0,0.0,0.0,4198.0,0.0,-0.17500000000000002
74097387,2,0,0.002,-0.187,0.002,0.0,0.0,-0.17500000000000002,0.0,0.0,-0.0083,0.0,0.0,0.0,7031.0,0.0,-0.17500000000000002
74101530,2,0,-0.001,-0.182,0.008,0.0,0.0,-0.17500000000000002,0.0,0.0,-0.009000000000000001,0.0,0.0,0.0,11174.0,0.0,-0.17500000000000002
74106571,2,0,0.006,-0.17400000000000002,0.003,0.0,0.0,-0.17500000000000002,0.0,0.0,-0.0098,0.0,0.0,0.0,16215.0,0.0,-0.17500000000000002
74109349,2,0,0.006,-0.14300000000000002,0.004,0.0,0.0,-0.17500000000000002,0.0,0.0,-0.010400000000000001,0.0,0.0,0.0,18993.0,0.0,-0.17500000000000002
74113530,2,0,0.001,-0.148,0.003,0.0,0.0,-0.17500000000000002,0.0,0.0,-0.011000000000000001,0.0,0.0,0.0,23174.0,0.0,-0.17500000000000002
74118355,2,0,0.001,-0.121,-0.008,0.0,0.0,-0.17500000000000002,0.0,0.0,-0.0117,0.0,0.0,0.0,0.0,0.0,-0.17500000000000002
74122401,2,0,0.012,-0.125,-0.012,0.0,0.0,-0.17500000000000002,0.0,0.0,-0.0122,0.0,0.0,0.0,4046.0,0.0,-0.17500000000000002
74126529,2,0,0.014,-0.111,-0.009000000000000001,0.0,0.0,-0.17500000000000002,0.0,0.0,-0.0126,0.0,0.0,0.0,8174.0,0.0,-0.17500000000000002
74130530,2,0,0.004,-0.099,-0.007,0.0,0.0,-0.17500000000000002,0.0,0.0,-0.013000000000000001,0.0,0.0,0.0,12175.0,0.0,-0.17500000000000002
74133367,2,0,-0.013000000000000001,-0.088,-0.009000000000000001,0.0,0.0,-0.17500000000000002,0.0,0.0,-0.0132,0.0,0.0,0.0,15012.0,0.0,-0.17500000000000002
74137415,2,0,-0.02,-0.075,-0.002,0.0,0.0,-0.17500000000000002,0.0,0.0,-0.0134,0.0,0.0,0.0,19060.0,0.0,-0.17500000000000002
74141529,2,0,-0.012,-0.068,0.0,0.0,0.0,-0.17500000000000002,0.0,0.0,-0.0135,0.0,0.0,0.0,23174.0,0.0,-0.17500000000000002
74145530,2,0,-0.004,-0.051000000000000004,0.008,0.0,0.0,-0.17500000000000002,0.0,0.0,-0.013600000000000001,0.0,0.0,0.0,0.0,0.0,-0.17500000000000002
74150376,2,0,-0.008,-0.046,0.014,0.0,0.0,-0.17500000000000002,0.0,0.0,-0.0137,0.0,0.0,0.0,4846.0,0.0,-0.17500000000000002
74154553,2,0,-0.018000000000000002,-0.044,-0.001,0.0,0.0,-0.17500000000000002,0.0,0.0,-0.0137,0.0,0.0,0.0,9023.0,0.0,-0.17500000000000002
74157429,2,0,-0.017,-0.042,-0.004,0.0,0.0,-0.17500000000000002,0.0,0.0,-0.013800000000000002,0.0,0.0,0.0,11899.0,0.0,-0.17500000000000002
74161529,2,0,-0.003,-0.045,0.003,0.0,0.0,-0.17500000000000002,0.0,0.0,-0.014,0.0,0.0,0.0,15999.0,0.0,-0.17500000000000002
74165530,2,0,0.0,-0.048,-0.003,0.0,0.0,-0.17500000000000002,0.0,0.0,-0.014100000000000001,0.0,0.0,0.0,20000.0,0.0,-0.17500000000000002
74170571,2,0,-0.024,-0.042,-0.008,0.0,0.0,-0.1633,0.0,0.0,-0.0143,0.0,0.0,0.0,25041.0,0.0,-0.1633
74173393,2,0,-0.027,-0.044,-0.005,0.0,0.0,-0.1563,0.0,0.0,-0.014400000000000001,0.0,0.0,0.0,0.0,0.0,-0.1563
74177443,2,0,-0.018000000000000002,-0.034,-0.002,0.0,0.0,-0.14700000000000002,0.0,0.0,-0.0145,0.0,0.0,0.0,4050.0,0.0,-0.14700000000000002
74181529,2,0,-0.005,-0.023,0.002,0.0,0.0,-0.13770000000000002,0.0,0.0,-0.0145,0.0,0.0,0.0,8136.0,0.0,-0.13770000000000002
74185529,2,0,0.0,-0.017,0.003,0.0,0.0,-0.1283,0.0,0.0,-0.0145,0.0,0.0,0.0,12136.0,0.0,-0.1283
74190414,2,0,-0.004,-0.007,-0.004,0.0,0.0,-0.11670000000000001,0.0,0.0,-0.0145,0.0,0.0,0.0,17021.0,0.0,-0.11670000000000001
74194552,2,0,-0.001,0.0,-0.007,0.0,0.0,-0.1073,0.0,0.0,-0.0145,0.0,0.0,0.0,21159.0,0.0,-0.1073
74197455,2,0,0.006,0.0,-0.002,0.0,0.0,-0.1003,0.0,0.0,-0.0145,0.0,0.0,0.0,24062.0,0.0,-0.1003
74201529,2,0,0.001,0.002,-0.002,0.0,0.0,-0.091,0.0,0.0,-0.0146,0.0,0.0,0.0,0.0,0.0,-0.091
74206529,2,0,0.0,0.006,-0.004,0.0,0.0,-0.07930000000000001,0.0,0.0,-0.0146,0.0,0.0,0.0,5000.0,0.0,-0.07930000000000001
74211420,2,0,-0.002,0.007,0.001,0.0,0.0,-0.06770000000000001,0.0,0.0,-0.014700000000000001,0.0,0.0,0.0,9891.0,0.0,-0.06770000000000001
74213420,2,0,0.003,0.01,0.002,0.0,0.0,-0.063,0.0,0.0,-0.014700000000000001,0.0,0.0,0.0,11891.0,0.0,-0.063
74217471,2,0,0.014,0.014,0.004,0.0,0.0,-0.053700000000000005,0.0,0.0,-0.014700000000000001,0.0,0.0,0.0,15942.0,0.0,-0.053700000000000005
74221529,2,0,0.012,0.017,0.001,0.0,0.0,-0.0443,0.0,0.0,-0.0146,0.0,0.0,0.0,20000.0,0.0,-0.0443
74226429,2,0,0.004,0.014,-0.002,0.0,0.0,-0.0327,0.0,0.0,-0.0146,0.0,0.0,0.0,24900.0,0.0,-0.0327
74230431,2,0,0.011,0.014,-0.007,0.0,0.0,-0.0233,0.0,0.0,-0.0145,0.0,0.0,0.0,0.0,0.0,-0.0233
74234595,2,0,0.01,0.021,-0.008,0.0,0.0,-0.014,0.0,0.0,-0.0145,0.0,0.0,0.0,4164.0,0.0,-0.014
74237483,2,0,0.011,0.029,-0.004,0.0,0.0,-0.007,0.0,0.0,-0.014400000000000001,0.0,0.0,0.0,7052.0,0.0,-0.007
74241529,2,0,0.005,0.04,0.0,0.0,0.0,0.0023,0.0,0.0,-0.014100000000000001,0.0,0.0,0.0,11098.0,0.0,0.0023
74246529,2,0,-0.002,0.061,-0.009000000000000001,0.0,0.0,0.014,0.0,0.0,-0.013600000000000001,0.0,0.0,0.0,16098.0,0.0,0.014
74251446,2,0,0.016,0.107,0.005,0.0,0.0,0.0257,0.0,0.0,-0.0128,0.0,0.0,0.0,21015.0,0.0,0.0257
74253453,2,0,0.018000000000000002,0.11900000000000001,0.009000000000000001,0.0,0.0,0.0303,0.0,0.0,-0.012400000000000001,0.0,0.0,0.0,23022.0,0.0,0.0303
74258455,2,0,0.009000000000000001,0.156,-0.005,0.0,0.0,0.042,0.0,0.0,-0.011300000000000001,0.0,0.0,0.0,0.0,0.0,0.042
74263457,2,0,-0.002,0.184,-0.009000000000000001,0.0,0.0,0.053700000000000005,0.0,0.0,-0.010100000000000001,0.0,0.0,0.0,5002.0,0.0,0.053700000000000005
74265458,2,0,0.001,0.188,-0.006,0.0,0.0,0.058300000000000005,0.0,0.0,-0.009600000000000001,0.0,0.0,0.0,7003.0,0.0,0.058300000000000005
74270459,2,0,0.008,0.203,-0.006,0.0,0.0,0.07,0.0,0.0,-0.0086,0.0,0.0,0.0,12004.0,0.0,0.07
74274552,2,0,0.014,0.191,-0.001,0.0,0.0,0.07930000000000001,0.0,0.0,-0.0079,0.0,0.0,0.0,16097.0,0.0,0.07930000000000001
74277514,2,0,0.001,0.181,-0.001,0.0,0.0,0.0863,0.0,0.0,-0.007500000000000001,0.0,0.0,0.0,19059.0,0.0,0.0863
74281528,2,0,-0.005,0.178,-0.002,0.0,0.0,0.09570000000000001,0.0,0.0,-0.0071,0.0,0.0,0.0,23073.0,0.0,0.09570000000000001
74286527,2,0,0.002,0.154,-0.003,0.0,0.0,0.1073,0.0,0.0,-0.0066,0.0,0.0,0.0,0.0,0.0,0.1073
74290528,2,0,0.001,0.16,0.005,0.0,0.0,0.11670000000000001,0.0,0.0,-0.0061,0.0,0.0,0.0,4001.0,0.0,0.11670000000000001
74293480,2,0,0.003,0.16,-0.003,0.0,0.0,0.1237,0.0,0.0,-0.0057,0.0,0.0,0.0,6953.0,0.0,0.1237
74297530,2,0,-0.008,0.162,-0.002,0.0,0.0,0.133,0.0,0.0,-0.005,0.0,0.0,0.0,11003.0,0.0,0.133
74302530,2,0,-0.003,0.193,0.001,0.0,0.0,0.1447,0.0,0.0,-0.0041,0.0,0.0,0.0,16003.0,0.0,0.1447
74305485,2,0,0.001,0.20400000000000001,0.0,0.0,0.0,0.1517,0.0,0.0,-0.0034000000000000002,0.0,0.0,0.0,18958.0,0.0,0.1517
74310487,2,0,-0.001,0.20800000000000002,0.012,0.0,0.0,0.1633,0.0,0.0,-0.0023,0.0,0.0,0.0,23960.0,0.0,0.1633
74314555,2,0,-0.006,0.21,0.008,0.0,0.0,0.17270000000000002,0.0,0.0,-0.0013000000000000002,0.0,0.0,0.0,0.0,0.0,0.17270000000000002
74317546,2,0,-0.005,0.20800000000000002,-0.001,0.0,0.0,0.17500000000000002,0.0,0.0,-0.0007,0.0,0.0,0.0,2991.0,0.0,0.17500000000000002
74322548,2,0,-0.009000000000000001,0.199,0.005,0.0,0.0,0.17500000000000002,0.0,0.0,0.00030000000000000003,0.0,0.0,0.0,7993.0,0.0,0.17500000000000002
74325500,2,0,-0.009000000000000001,0.192,0.011,0.0,0.0,0.17500000000000002,0.0,0.0,0.0008,0.0,0.0,0.0,10945.0,0.0,0.17500000000000002
74330574,2,0,-0.013000000000000001,0.177,-0.001,0.0,0.0,0.17500000000000002,0.0,0.0,0.0015,0.0,0.0,0.0,16019.0,0.0,0.17500000000000002
74333507,2,0,-0.017,0.178,-0.011,0.0,0.0,0.17500000000000002,0.0,0.0,0.0023,0.0,0.0,0.0,18952.0,0.0,0.17500000000000002
74337564,2,0,-0.02,0.17,-0.01,0.0,0.0,0.17500000000000002,0.0,0.0,0.0031000000000000003,0.0,0.0,0.0,23009.0,0.0,0.17500000000000002
74342561,2,0,-0.017,0.179,-0.007,0.0,0.0,0.17500000000000002,0.0,0.0,0.004200000000000001,0.0,0.0,0.0,0.0,0.0,0.17500000000000002
74345518,2,0,-0.007,0.17400000000000002,-0.008,0.0,0.0,0.17500000000000002,0.0,0.0,0.0049,0.0,0.0,0.0,2957.0,0.0,0.17500000000000002
74350519,2,0,-0.002,0.189,-0.001,0.0,0.0,0.17500000000000002,0.0,0.0,0.006,0.0,0.0,0.0,7958.0,0.0,0.17500000000000002
74355523,2,0,0.0,0.176,-0.013000000000000001,0.0,0.0,0.17500000000000002,0.0,0.0,0.0071,0.0,0.0,0.0,12962.0,0.0,0.17500000000000002
74357574,2,0,-0.003,0.171,-0.009000000000000001,0.0,0.0,0.17500000000000002,0.0,0.0,0.007500000000000001,0.0,0.0,0.0,15013.0,0.0,0.17500000000000002
74362571,2,0,0.005,0.164,-0.001,0.0,0.0,0.17500000000000002,0.0,0.0,0.0082,0.0,0.0,0.0,20010.0,0.0,0.17500000000000002
74365530,2,0,0.008,0.147,0.002,0.0,0.0,0.17500000000000002,0.0,0.0,0.008700000000000001,0.0,0.0,0.0,22969.0,0.0,0.17500000000000002
74370534,2,0,-0.002,0.126,-0.001,0.0,0.0,0.17500000000000002,0.0,0.0,0.009300000000000001,0.0,0.0,0.0,0.0,0.0,0.17500000000000002
74372582,2,0,-0.015,0.121,0.004,0.0,0.0,0.17500000000000002,0.0,0.0,0.0095,0.0,0.0,0.0,2048.0,0.0,0.17500000000000002
74377586,2,0,-0.004,0.092,0.015,0.0,0.0,0.17500000000000002,0.0,0.0,0.0099,0.0,0.0,0.0,7052.0,0.0,0.17500000000000002
74382589,2,0,0.008,0.079,0.002,0.0,0.0,0.17500000000000002,0.0,0.0,0.0102,0.0,0.0,0.0,12055.0,0.0,0.17500000000000002
74385545,2,0,0.011,0.074,0.006,0.0,0.0,0.17500000000000002,0.0,0.0,0.010400000000000001,0.0,0.0,0.0,15011.0,0.0,0.17500000000000002
74390550,2,0,-0.003,0.07200000000000001,0.006,0.0,0.0,0.17500000000000002,0.0,0.0,0.010700000000000001,0.0,0.0,0.0,20016.0,0.0,0.17500000000000002
74392595,2,0,0.003,0.07200000000000001,0.001,0.0,0.0,0.17500000000000002,0.0,0.0,0.0109,0.0,0.0,0.0,22061.0,0.0,0.17500000000000002
74397600,2,0,0.021,0.064,-0.006,0.0,0.0,0.17500000000000002,0.0,0.0,0.011300000000000001,0.0,0.0,0.0,0.0,0.0,0.17500000000000002
74402601,2,0,0.016,0.07,-0.001,0.0,0.0,0.17500000000000002,0.0,0.0,0.011600000000000001,0.0,0.0,0.0,5001.0,0.0,0.17500000000000002
74405559,2,0,0.013000000000000001,0.063,-0.006,0.0,0.0,0.17500000000000002,0.0,0.0,0.0118,0.0,0.0,0.0,7959.0,0.0,0.17500000000000002
74410561,2,0,0.011,0.049,-0.003,0.0,0.0,0.17500000000000002,0.0,0.0,0.012100000000000001,0.0,0.0,0.0,12961.0,0.0,0.17500000000000002
74412608,2,0,0.012,0.05,-0.001,0.0,0.0,0.17500000000000002,0.0,0.0,0.0122,0.0,0.0,0.0,15008.0,0.0,0.17500000000000002
74417614,2,0,0.015,0.031,0.0,0.0,0.0,0.1703,0.0,0.0,0.0123,0.0,0.0,0.0,20014.0,0.0,0.1703
74420572,2,0,0.014,0.021,-0.002,0.0,0.0,0.1633,0.0,0.0,0.0123,0.0,0.0,0.0,22972.0,0.0,0.1633
74425578,2,0,0.009000000000000001,0.008,0.007,0.0,0.0,0.1517,0.0,0.0,0.0123,0.0,0.0,0.0,0.0,0.0,0.1517
74430572,2,0,0.007,-0.011,-0.002,0.0,0.0,0.14,0.0,0.0,0.0123,0.0,0.0,0.0,4994.0,0.0,0.14
74432622,2,0,0.01,-0.013000000000000001,-0.001,0.0,0.0,0.1353,0.0,0.0,0.0122,0.0,0.0,0.0,7044.0,0.0,0.1353
74437625,2,0,0.014,-0.019,0.003,0.0,0.0,0.1237,0.0,0.0,0.0123,0.0,0.0,0.0,12047.0,0.0,0.1237
74440585,2,0,0.01,-0.022,0.005,0.0,0.0,0.11670000000000001,0.0,0.0,0.0123,0.0,0.0,0.0,15007.0,0.0,0.11670000000000001
74445587,2,0,0.01,-0.022,0.001,0.0,0.0,0.10500000000000001,0.0,0.0,0.012400000000000001,0.0,0.0,0.0,20009.0,0.0,0.10500000000000001
74450589,2,0,-0.002,-0.02,0.007,0.0,0.0,0.09330000000000001,0.0,0.0,0.012400000000000001,0.0,0.0,0.0,25011.0,0.0,0.09330000000000001
74452665,2,0,-0.001,-0.02,0.004,0.0,0.0,0.0887,0.0,0.0,0.012400000000000001,0.0,0.0,0.0,0.0,0.0,0.0887
74457640,2,0,0.003,-0.027,-0.002,0.0,0.0,0.077,0.0,0.0,0.012400000000000001,0.0,0.0,0.0,4975.0,0.0,0.077
74462641,2,0,0.005,-0.03,0.007,0.0,0.0,0.0653,0.0,0.0,0.0123,0.0,0.0,0.0,9976.0,0.0,0.0653
74465602,2,0,0.001,-0.032,0.004,0.0,0.0,0.058300000000000005,0.0,0.0,0.0122,0.0,0.0,0.0,12937.0,0.0,0.058300000000000005
74470603,2,0,-0.006,-0.038,0.004,0.0,0.0,0.046700000000000005,0.0,0.0,0.012100000000000001,0.0,0.0,0.0,17938.0,0.0,0.046700000000000005
74472650,2,0,-0.006,-0.034,0.004,0.0,0.0,0.042,0.0,0.0,0.012,0.0,0.0,0.0,19985.0,0.0,0.042
74477653,2,0,-0.017,-0.031,0.004,0.0,0.0,0.0303,0.0,0.0,0.0118,0.0,0.0,0.0,24988.0,0.0,0.0303
74480609,2,0,-0.014,-0.038,-0.005,0.0,0.0,0.0233,0.0,0.0,0.0117,0.0,0.0,0.0,0.0,0.0,0.0233
74485613,2,0,-0.013000000000000001,-0.035,-0.001,0.0,0.0,0.0117,0.0,0.0,0.0115,0.0,0.0,0.0,5004.0,0.0,0.0117
74490574,2,0,-0.009000000000000001,-0.045,-0.001,0.0,0.0,0.0,0.0,0.0,0.011300000000000001,0.0,0.0,0.0,9965.0,0.0,0.0
74492661,2,0,-0.008,-0.051000000000000004,-0.004,0.0,0.0,-0.0047,0.0,0.0,0.0111,0.0,0.0,0.0,12052.0,0.0,-0.0047
74497666,2,0,-0.012,-0.066,0.003,0.0,0.0,-0.016300000000000002,0.0,0.0,0.0106,0.0,0.0,0.0,17057.0,0.0,-0.016300000000000002
74500623,2,0,-0.007,-0.08700000000000001,0.006,0.0,0.0,-0.0233,0.0,0.0,0.0102,0.0,0.0,0.0,20014.0,0.0,-0.0233
74505627,2,0,-0.012,-0.114,-0.005,0.0,0.0,-0.035,0.0,0.0,0.0095,0.0,0.0,0.0,25018.0,0.0,-0.035
74510628,2,0,-0.014,-0.154,0.002,0.0,0.0,-0.046700000000000005,0.0,0.0,0.0086,0.0,0.0,0.0,0.0,0.0,-0.046700000000000005
74512675,2,0,-0.014,-0.165,0.005,0.0,0.0,-0.051300000000000005,0.0,0.0,0.0081,0.0,0.0,0.0,2047.0,0.0,-0.051300000000000005
74517676,2,0,-0.02,-0.183,0.007,0.0,0.0,-0.063,0.0,0.0,0.0071,0.0,0.0,0.0,7048.0,0.0,-0.063
74520638,2,0,-0.024,-0.19,0.005,0.0,0.0,-0.07,0.0,0.0,0.006500000000000001,0.0,0.0,0.0,10010.0,0.0,-0.07
74526641,2,0,-0.018000000000000002,-0.197,0.01,0.0,0.0,-0.084,0.0,0.0,0.0056,0.0,0.0,0.0,16013.0,0.0,-0.084
74529642,2,0,-0.012,-0.196,0.009000000000000001,0.0,0.0,-0.091,0.0,0.0,0.005200000000000001,0.0,0.0,0.0,19014.0,0.0,-0.091
74534653,2,0,-0.006,-0.185,0.01,0.0,0.0,-0.1027,0.0,0.0,0.0046,0.0,0.0,0.0,24025.0,0.0,-0.1027
74537573,2,0,-0.008,-0.178,0.009000000000000001,0.0,0.0,-0.1097,0.0,0.0,0.0044,0.0,0.0,0.0,0.0,0.0,-0.1097
74541654,2,0,-0.001,-0.181,0.006,0.0,0.0,-0.11900000000000001,0.0,0.0,0.0039000000000000003,0.0,0.0,0.0,4081.0,0.0,-0.11900000000000001
74544654,2,0,0.004,-0.185,-0.007,0.0,0.0,-0.126,0.0,0.0,0.0035,0.0,0.0,0.0,7081.0,0.0,-0.126
74549658,2,0,0.009000000000000001,-0.19,-0.005,0.0,0.0,-0.13770000000000002,0.0,0.0,0.0027,0.0,0.0,0.0,12085.0,0.0,-0.13770000000000002
74554573,2,0,0.009000000000000001,-0.202,0.002,0.0,0.0,-0.14930000000000002,0.0,0.0,0.002,0.0,0.0,0.0,17000.0,0.0,-0.14930000000000002
74556656,2,0,0.003,-0.20800000000000002,-0.004,0.0,0.0,-0.154,0.0,0.0,0.0015,0.0,0.0,0.0,19083.0,0.0,-0.154
74560666,2,0,0.001,-0.215,-0.007,0.0,0.0,-0.1633,0.0,0.0,0.0006000000000000001,0.0,0.0,0.0,23093.0,0.0,-0.1633
74565672,2,0,0.01,-0.227,0.001,0.0,0.0,-0.17500000000000002,0.0,0.0,-0.0005,0.0,0.0,0.0,0.0,0.0,-0.17500000000000002
74570672,2,0,0.01,-0.225,-0.001,0.0,0.0,-0.17500000000000002,0.0,0.0,-0.0017000000000000001,0.0,0.0,0.0,5000.0,0.0,-0.17500000000000002
74572749,2,0,0.01,-0.229,0.004,0.0,0.0,-0.17500000000000002,0.0,0.0,-0.0021000000000000003,0.0,0.0,0.0,7077.0,0.0,-0.17500000000000002
74577761,2,0,0.007,-0.222,0.006,0.0,0.0,-0.17500000000000002,0.0,0.0,-0.0033,0.0,0.0,0.0,12089.0,0.0,-0.17500000000000002
74580676,2,0,0.013000000000000001,-0.22,0.0,0.0,0.0,-0.17500000000000002,0.0,0.0,-0.004,0.0,0.0,0.0,15004.0,0.0,-0.17500000000000002
74585674,2,0,0.021,-0.217,0.01,0.0,0.0,-0.17500000000000002,0.0,0.0,-0.0051,0.0,0.0,0.0,20002.0,0.0,-0.17500000000000002
74590677,2,0,0.017,-0.201,0.009000000000000001,0.0,0.0,-0.17500000000000002,0.0,0.0,-0.0063,0.0,0.0,0.0,25005.0,0.0,-0.17500000000000002
74592757,2,0,0.014,-0.196,0.007,0.0,0.0,-0.17500000000000002,0.0,0.0,-0.0068000000000000005,0.0,0.0,0.0,0.0,0.0,-0.17500000000000002
74597760,2,0,0.009000000000000001,-0.178,0.004,0.0,0.0,-0.17500000000000002,0.0,0.0,-0.0078000000000000005,0.0,0.0,0.0,5003.0,0.0,-0.17500000000000002
74600572,2,0,0.007,-0.177,0.006,0.0,0.0,-0.17500000000000002,0.0,0.0,-0.0081,0.0,0.0,0.0,7815.0,0.0,-0.17500000000000002
74605573,2,0,0.009000000000000001,-0.17300000000000001,-0.001,0.0,0.0,-0.17500000000000002,0.0,0.0,-0.0091,0.0,0.0,0.0,12816.0,0.0,-0.17500000000000002
74610570,2,0,0.003,-0.14300000000000002,-0.001,0.0,0.0,-0.17500000000000002,0.0,0.0,-0.0099,0.0,0.0,0.0,17813.0,0.0,-0.17500000000000002
74614570,2,0,-0.005,-0.14300000000000002,-0.003,0.0,0.0,-0.17500000000000002,0.0,0.0,-0.0106,0.0,0.0,0.0,21813.0,0.0,-0.17500000000000002
74616572,2,0,-0.006,-0.131,-0.01,0.0,0.0,-0.17500000000000002,0.0,0.0,-0.0108,0.0,0.0,0.0,23815.0,0.0,-0.17500000000000002
74621743,2,0,0.013000000000000001,-0.116,-0.007,0.0,0.0,-0.17500000000000002,0.0,0.0,-0.0115,0.0,0.0,0.0,0.0,0.0,-0.17500000000000002
74626568,2,0,0.012,-0.112,-0.005,0.0,0.0,-0.17500000000000002,0.0,0.0,-0.0119,0.0,0.0,0.0,4825.0,0.0,-0.17500000000000002
74628572,2,0,0.008,-0.10300000000000001,-0.007,0.0,0.0,-0.17500000000000002,0.0,0.0,-0.012100000000000001,0.0,0.0,0.0,6829.0,0.0,-0.17500000000000002
74632784,2,0,-0.015,-0.083,-0.008,0.0,0.0,-0.17500000000000002,0.0,0.0,-0.0125,0.0,0.0,0.0,11041.0,0.0,-0.17500000000000002
74637792,2,0,-0.02,-0.063,-0.001,0.0,0.0,-0.17500000000000002,0.0,0.0,-0.0126,0.0,0.0,0.0,16049.0,0.0,-0.17500000000000002
74640575,2,0,-0.019,-0.061,0.001,0.0,0.0,-0.17500000000000002,0.0,0.0,-0.012700000000000001,0.0,0.0,0.0,18832.0,0.0,-0.17500000000000002
74645573,2,0,-0.005,-0.044,0.009000000000000001,0.0,0.0,-0.17500000000000002,0.0,0.0,-0.012700000000000001,0.0,0.0,0.0,23830.0,0.0,-0.17500000000000002
74650569,2,0,-0.011,-0.035,0.013000000000000001,0.0,0.0,-0.17500000000000002,0.0,0.0,-0.0126,0.0,0.0,0.0,0.0,0.0,-0.17500000000000002
74654572,2,0,-0.013000000000000001,-0.025,0.007,0.0,0.0,-0.17500000000000002,0.0,0.0,-0.012700000000000001,0.0,0.0,0.0,4003.0,0.0,-0.17500000000000002
74656573,2,0,-0.013000000000000001,-0.028,0.005,0.0,0.0,-0.17500000000000002,0.0,0.0,-0.012700000000000001,0.0,0.0,0.0,6004.0,0.0,-0.17500000000000002
74660762,2,0,-0.003,-0.033,0.001,0.0,0.0,-0.17500000000000002,0.0,0.0,-0.0128,0.0,0.0,0.0,10193.0,0.0,-0.17500000000000002
74665573,2,0,-0.002,-0.043000000000000003,0.0,0.0,0.0,0.0,0.0,0.0,-0.013000000000000001,0.0,0.0,0.0,15004.0,0.0,0.0
