t_us,run_id,gap,gx,gy,gz,omega_sp,alpha_ff,tilt_x,tilt_y,thrust,angle,erpm,torque,angle_sp,offset_us,erpm_lower,servo_tilt
2293021569,9,0,-0.002,-0.004,0.0,0.0,0.0,0.0,0.0,0.0,0.0151,0.0,0.0,0.0,0.0,0.0,0.0
2293025690,9,0,0.009000000000000001,-0.007,-0.004,0.0,0.0,0.0,0.0,0.0,0.0151,0.0,0.0,0.0,4121.0,0.0,0.0
2293030680,9,0,0.007,-0.007,-0.004,0.0,0.0,0.0,0.0,0.0,0.0151,0.0,0.0,0.0,9111.0,0.0,0.0
2293034733,9,0,0.009000000000000001,-0.006,0.004,0.0,0.0,0.0,0.0,0.0,0.0151,0.0,0.0,0.0,13164.0,0.0,0.0
2293038786,9,0,0.011,-0.007,-0.003,0.0,0.0,0.0,0.0,0.0,0.0151,0.0,0.0,0.0,17217.0,0.0,0.0
2293041681,9,0,0.008,-0.007,-0.003,0.0,0.0,0.0,0.0,0.0,0.0151,0.0,0.0,0.0,20112.0,0.0,0.0
2293046574,9,0,0.009000000000000001,-0.009000000000000001,0.001,0.0,0.0,0.0,0.0,0.0,0.0151,0.0,0.0,0.0,25005.0,0.0,0.0
2293051572,9,0,0.009000000000000001,-0.009000000000000001,0.0,0.0,0.0,0.0,0.0,0.0,0.0152,0.0,0.0,0.0,0.0,0.0,0.0
2293053572,9,0,0.007,-0.009000000000000001,-0.001,0.0,0.0,0.0,0.0,0.0,0.0152,0.0,0.0,0.0,2000.0,0.0,0.0
2293057572,9,0,0.006,-0.011,0.004,0.0,0.0,0.0,0.0,0.0,0.0152,0.0,0.0,0.0,6000.0,0.0,0.0
2293061572,9,0,0.009000000000000001,-0.007,-0.001,0.0,0.0,0.0,0.0,0.0,0.0152,0.0,0.0,0.0,10000.0,0.0,0.0
2293066576,9,0,0.003,-0.009000000000000001,0.001,0.0,0.0,0.0,0.0,0.0,0.0152,0.0,0.0,0.0,15004.0,0.0,0.0
2293071573,9,0,0.004,-0.007,0.003,0.0,0.0,0.0,0.0,0.0,0.0152,0.0,0.0,0.0,20001.0,0.0,0.0
2293073873,9,0,0.001,-0.009000000000000001,0.001,0.0,0.0,0.0,0.0,0.0,0.0152,0.0,0.0,0.0,22301.0,0.0,0.0
2293078814,9,0,-0.002,-0.006,-0.001,0.0,0.0,0.0,0.0,0.0,0.015300000000000001,0.0,0.0,0.0,0.0,0.0,0.0
2293083575,9,0,0.003,-0.01,-0.003,0.0,0.0,0.0,0.0,0.0,0.015300000000000001,0.0,0.0,0.0,4761.0,0.0,0.0
2293085588,9,0,0.004,-0.008,0.0,0.0,0.0,0.0,0.0,0.0,0.015300000000000001,0.0,0.0,0.0,6774.0,0.0,0.0
2293090574,9,0,-0.003,-0.009000000000000001,0.001,0.0,0.0,0.0,0.0,0.0,0.015300000000000001,0.0,0.0,0.0,11760.0,0.0,0.0
2293094769,9,0,-0.001,-0.009000000000000001,0.002,0.0,0.0,0.0,0.0,0.0,0.015300000000000001,0.0,0.0,0.0,15955.0,0.0,0.0
2293098818,9,0,0.002,-0.009000000000000001,0.003,0.0,0.0,0.0,0.0,0.0,0.015300000000000001,0.0,0.0,0.0,20004.0,0.0,0.0
2293101572,9,0,0.0,-0.012,0.0,0.0,0.0,0.0,0.0,0.0,0.015300000000000001,0.0,0.0,0.0,22758.0,0.0,0.0
2293105680,9,0,-0.001,-0.009000000000000001,-0.002,0.0,0.0,0.0,0.0,0.0,0.015300000000000001,0.0,0.0,0.0,0.0,0.0,0.0
2293110573,9,0,0.005,-0.003,0.003,0.0,0.0,0.0,0.0,0.0,0.015300000000000001,0.0,0.0,0.0,4893.0,0.0,0.0
2293114790,9,0,-0.009000000000000001,-0.005,0.0,0.0,0.0,0.0,0.0,0.0,0.015300000000000001,0.0,0.0,0.0,9110.0,0.0,0.0
2293118821,9,0,-0.004,-0.006,0.003,0.0,0.0,0.0,0.0,0.0,0.015300000000000001,0.0,0.0,0.0,13141.0,0.0,0.0
2293121572,9,0,-0.003,-0.006,0.001,0.0,0.0,0.0,0.0,0.0,0.015300000000000001,0.0,0.0,0.0,15892.0,0.0,0.0
2293125785,9,0,-0.005,-0.007,0.003,0.0,0.0,0.0,0.0,0.0,0.015300000000000001,0.0,0.0,0.0,20105.0,0.0,0.0
2293130680,9,0,-0.005,-0.004,0.0,0.0,0.0,0.0,0.0,0.0,0.0152,0.0,0.0,0.0,25000.0,0.0,0.0
2293134808,9,0,-0.005,-0.006,-0.003,0.0,0.0,0.0,0.0,0.0,0.0152,0.0,0.0,0.0,0.0,0.0,0.0
2293137609,9,0,-0.005,-0.007,-0.002,0.0,0.0,0.0,0.0,0.0,0.0152,0.0,0.0,0.0,2801.0,0.0,0.0
2293141814,9,0,-0.001,-0.006,-0.001,0.0,0.0,0.0,0.0,0.0,0.0152,0.0,0.0,0.0,7006.0,0.0,0.0
2293146575,9,0,-0.004,-0.005,-0.001,0.0,0.0,0.0,0.0,0.0,0.0151,0.0,0.0,0.0,11767.0,0.0,0.0
2293150579,9,0,-0.002,-0.005,0.0,0.0,0.0,0.0,0.0,0.0,0.0151,0.0,0.0,0.0,15771.0,0.0,0.0
2293154818,9,0,0.001,-0.002,-0.003,0.0,0.0,0.0,0.0,0.0,0.0151,0.0,0.0,0.0,20010.0,0.0,0.0
2293157578,9,0,-0.001,-0.004,-0.005,0.0,0.0,0.0,0.0,0.0,0.0151,0.0,0.0,0.0,22770.0,0.0,0.0
2293161816,9,0,0.0,-0.002,0.0,0.0,0.0,0.0,0.0,0.0,0.0151,0.0,0.0,0.0,0.0,0.0,0.0
2293166581,9,0,0.001,0.0,0.004,0.0,0.0,0.0,0.0,0.0,0.015000000000000001,0.0,0.0,0.0,4765.0,0.0,0.0
2293169578,9,0,0.002,0.0,0.002,0.0,0.0,0.0,0.0,0.0,0.015000000000000001,0.0,0.0,0.0,7762.0,0.0,0.0
2293173822,9,0,-0.004,0.001,0.0,0.0,0.0,0.0,0.0,0.0,0.015000000000000001,0.0,0.0,0.0,12006.0,0.0,0.0
2293178579,9,0,0.001,0.0,-0.002,0.0,0.0,0.0,0.0,0.0,0.015000000000000001,0.0,0.0,0.0,16763.0,0.0,0.0
2293182816,9,0,0.001,-0.001,0.0,0.0,0.0,0.0,0.0,0.0,0.0149,0.0,0.0,0.0,21000.0,0.0,0.0
2293186893,9,0,-0.001,0.001,0.0,0.0,0.0,0.0,0.0,0.0,0.0149,0.0,0.0,0.0,25077.0,0.0,0.0
2293189576,9,0,-0.002,0.003,0.001,0.0,0.0,0.0,0.0,0.0,0.0149,0.0,0.0,0.0,0.0,0.0,0.0
2293193814,9,0,-0.004,0.004,0.0,0.0,0.0,0.0,0.0,0.0,0.0149,0.0,0.0,0.0,4238.0,0.0,0.0
2293197817,9,0,-0.006,0.001,0.001,0.0,0.0,0.0,0.0,0.0,0.0148,0.0,0.0,0.0,8241.0,0.0,0.0
2293202814,9,0,-0.001,0.005,0.0,0.0,0.0,0.0,0.0,0.0,0.0148,0.0,0.0,0.0,13238.0,0.0,0.0
2293207578,9,0,0.001,0.001,0.001,0.0,0.0,0.0,0.0,0.0,0.0148,0.0,0.0,0.0,18002.0,0.0,0.0
2293209814,9,0,-0.001,0.0,-0.001,0.0,0.0,0.0,0.0,0.0,0.014700000000000001,0.0,0.0,0.0,20238.0,0.0,0.0
2293213829,9,0,-0.005,0.001,0.001,0.0,0.0,0.0,0.0,0.0,0.014700000000000001,0.0,0.0,0.0,24253.0,0.0,0.0
2293218842,9,0,-0.001,0.002,-0.001,0.0,0.0,0.0,0.0,0.0,0.014700000000000001,0.0,0.0,0.0,0.0,0.0,0.0
2293221579,9,0,0.0,-0.001,-0.001,0.0,0.0,0.0,0.0,0.0,0.014700000000000001,0.0,0.0,0.0,2737.0,0.0,0.0
2293226580,9,0,-0.006,0.002,0.0,0.0,0.0,0.0,0.0,0.0,0.0146,0.0,0.0,0.0,7738.0,0.0,0.0
2293230948,9,0,-0.005,0.002,0.001,0.0,0.0,0.0,0.0,0.0,0.0145,0.0,0.0,0.0,12106.0,0.0,0.0
2293233573,9,0,-0.005,0.001,0.0,0.0,0.0,0.0,0.0,0.0,0.0145,0.0,0.0,0.0,14731.0,0.0,0.0
2293237576,9,0,-0.008,-0.001,-0.005,0.0,0.0,0.0,0.0,0.0,0.0145,0.0,0.0,0.0,18734.0,0.0,0.0
2293241581,9,0,-0.009000000000000001,-0.002,0.004,0.0,0.0,0.0,0.0,0.0,0.014400000000000001,0.0,0.0,0.0,22739.0,0.0,0.0
2293246582,9,0,-0.009000000000000001,0.0,0.001,0.0,0.0,0.0,0.0,0.0,0.014400000000000001,0.0,0.0,0.0,0.0,0.0,0.0
2293251573,9,0,-0.007,0.001,0.0,0.0,0.0,0.0,0.0,0.0,0.0143,0.0,0.0,0.0,4991.0,0.0,0.0
2293253573,9,0,-0.006,-0.001,0.001,0.0,0.0,0.0,0.0,0.0,0.0143,0.0,0.0,0.0,6991.0,0.0,0.0
2293257573,9,0,-0.004,-0.003,0.002,0.0,0.0,0.0,0.0,0.0,0.0142,0.0,0.0,0.0,10991.0,0.0,0.0
2293261815,9,0,-0.006,-0.006,-0.002,0.0,0.0,0.0,0.0,0.0,0.0142,0.0,0.0,0.0,15233.0,0.0,0.0
2293265939,9,0,-0.009000000000000001,-0.005,0.003,0.0,0.0,0.0,0.0,0.0,0.0142,0.0,0.0,0.0,19357.0,0.0,0.0
2293270822,9,0,-0.008,-0.004,0.0,0.0,0.0,0.0,0.0,0.0,0.014100000000000001,0.0,0.0,0.0,24240.0,0.0,0.0
2293275571,9,0,-0.008,-0.003,0.0,0.0,0.0,0.0,0.0,0.0,0.014100000000000001,0.0,0.0,0.0,0.0,0.0,0.0
2293277571,9,0,-0.009000000000000001,-0.005,0.0,0.0,0.0,0.0,0.0,0.0,0.014100000000000001,0.0,0.0,0.0,2000.0,0.0,0.0
2293281826,9,0,-0.008,-0.002,-0.001,0.0,0.0,0.0,0.0,0.0,0.014,0.0,0.0,0.0,6255.0,0.0,0.0
2293286573,9,0,-0.005,-0.001,0.002,0.0,0.0,0.0,0.0,0.0,0.014,0.0,0.0,0.0,11002.0,0.0,0.0
2293291575,9,0,-0.008,-0.003,0.0,0.0,0.0,0.0,0.0,0.0,0.013900000000000001,0.0,0.0,0.0,16004.0,0.0,0.0
2293293884,9,0,-0.001,-0.004,0.0,0.0,0.0,0.0,0.0,0.0,0.013900000000000001,0.0,0.0,0.0,18313.0,0.0,0.0
2293298572,9,0,-0.003,-0.003,0.005,0.0,0.0,0.0,0.0,0.0,0.013900000000000001,0.0,0.0,0.0,23001.0,0.0,0.0
2293302574,9,0,-0.002,-0.002,0.0,0.0,0.0,0.0,0.0,0.0,0.013900000000000001,0.0,0.0,0.0,0.0,0.0,0.0
2293306846,9,0,-0.004,0.001,0.0,0.0,0.0,0.0,0.0,0.0,0.013900000000000001,0.0,0.0,0.0,4272.0,0.0,0.0
2293311572,9,0,-0.002,0.001,0.001,0.0,0.0,0.0,0.0,0.0,0.013900000000000001,0.0,0.0,0.0,8998.0,0.0,0.0
2293313899,9,0,-0.001,-0.002,0.003,0.0,0.0,0.0,0.0,0.0,0.013900000000000001,0.0,0.0,0.0,11325.0,0.0,0.0
2293318901,9,0,-0.001,0.001,-0.004,0.0,0.0,0.0,0.0,0.0,0.013800000000000002,0.0,0.0,0.0,16327.0,0.0,0.0
2293321573,9,0,-0.003,0.002,-0.001,0.0,0.0,0.0,0.0,0.0,0.013800000000000002,0.0,0.0,0.0,18999.0,0.0,0.0
2293326571,9,0,-0.007,0.001,0.001,0.0,0.0,0.0,0.0,0.0,0.013800000000000002,0.0,0.0,0.0,23997.0,0.0,0.0
2293330793,9,0,-0.005,0.002,0.0,0.0,0.0,0.0,0.0,0.0,0.0137,0.0,0.0,0.0,0.0,0.0,0.0
2293334865,9,0,-0.001,0.002,0.001,0.0,0.0,0.0,0.0,0.0,0.0137,0.0,0.0,0.0,4072.0,0.0,0.0
2293338919,9,0,0.004,0.0,0.0,0.0,0.0,0.0,0.0,0.0,0.0137,0.0,0.0,0.0,8126.0,0.0,0.0
2293341574,9,0,0.001,0.001,-0.002,0.0,0.0,0.0,0.0,0.0,0.0137,0.0,0.0,0.0,10781.0,0.0,0.0
2293346573,9,0,-0.001,-0.002,0.001,0.0,0.0,0.0,0.0,0.0,0.0137,0.0,0.0,0.0,15780.0,0.0,0.0
2293350879,9,0,0.003,-0.002,-0.001,0.0,0.0,0.0,0.0,0.0,0.013600000000000001,0.0,0.0,0.0,20086.0,0.0,0.0
2293354884,9,0,0.003,-0.003,0.001,0.0,0.0,0.0,0.0,0.0,0.013600000000000001,0.0,0.0,0.0,24091.0,0.0,0.0
2293357577,9,0,0.003,0.0,0.002,0.0,0.0,0.0,0.0,0.0,0.013600000000000001,0.0,0.0,0.0,0.0,0.0,0.0
2293362001,9,0,-0.003,-0.003,0.001,0.0,0.0,0.0,0.0,0.0,0.013600000000000001,0.0,0.0,0.0,4424.0,0.0,0.0
2293366582,9,0,-0.003,-0.003,-0.002,0.0,0.0,0.0,0.0,0.0,0.013600000000000001,0.0,0.0,0.0,9005.0,0.0,0.0
2293371573,9,0,0.002,-0.004,-0.001,0.0,0.0,0.0,0.0,0.0,0.0135,0.0,0.0,0.0,13996.0,0.0,0.0
2293373941,9,0,-0.001,-0.004,-0.002,0.0,0.0,0.0,0.0,0.0,0.0135,0.0,0.0,0.0,16364.0,0.0,0.0
2293378572,9,0,0.001,-0.008,0.003,0.0,0.0,0.0,0.0,0.0,0.0135,0.0,0.0,0.0,20995.0,0.0,0.0
2293382902,9,0,0.003,-0.007,-0.001,0.0,0.0,0.0,0.0,0.0,0.0135,0.0,0.0,0.0,25325.0,0.0,0.0
2293386904,9,0,0.003,-0.008,-0.002,0.0,0.0,0.0,0.0,0.0,0.0135,0.0,0.0,0.0,0.0,0.0,0.0
2293391574,9,0,0.005,-0.009000000000000001,0.003,0.0,0.0,0.0,0.0,0.0,0.0135,0.0,0.0,0.0,4670.0,0.0,0.0
2293393574,9,0,0.004,-0.009000000000000001,0.003,0.0,0.0,0.0,0.0,0.0,0.0135,0.0,0.0,0.0,6670.0,0.0,0.0
2293397911,9,0,0.001,-0.011,0.001,0.0,0.0,0.0,0.0,0.0,0.0135,0.0,0.0,0.0,11007.0,0.0,0.0
2293401913,9,0,0.004,-0.01,-0.003,0.0,0.0,0.0,0.0,0.0,0.0135,0.0,0.0,0.0,15009.0,0.0,0.0
2293406571,9,0,0.006,-0.011,0.002,0.0,0.0,0.0,0.0,0.0,0.013600000000000001,0.0,0.0,0.0,19667.0,0.0,0.0
2293410573,9,0,0.003,-0.011,-0.001,0.0,0.0,0.0,0.0,0.0,0.013600000000000001,0.0,0.0,0.0,23669.0,0.0,0.0
2293414925,9,0,0.003,-0.013000000000000001,-0.001,0.0,0.0,0.0,0.0,0.0,0.013600000000000001,0.0,0.0,0.0,0.0,0.0,0.0
2293417573,9,0,0.001,-0.013000000000000001,-0.001,0.0,0.0,0.0,0.0,0.0,0.0137,0.0,0.0,0.0,2648.0,0.0,0.0
2293421928,9,0,-0.003,-0.009000000000000001,0.002,0.0,0.0,0.0,0.0,0.0,0.0137,0.0,0.0,0.0,7003.0,0.0,0.0
2293426037,9,0,0.004,-0.012,0.0,0.0,0.0,0.0,0.0,0.0,0.0137,0.0,0.0,0.0,11112.0,0.0,0.0
2293430682,9,0,0.002,-0.011,0.0,0.0,0.0,0.0,0.0,0.0,0.0137,0.0,0.0,0.0,15757.0,0.0,0.0
2293435571,9,0,0.005,-0.013000000000000001,-0.001,0.0,0.0,0.0,0.0,0.0,0.013800000000000002,0.0,0.0,0.0,20646.0,0.0,0.0
2293437574,9,0,0.003,-0.011,0.001,0.0,0.0,0.0,0.0,0.0,0.013800000000000002,0.0,0.0,0.0,22649.0,0.0,0.0
2293442574,9,0,0.006,-0.01,0.004,0.0,0.0,0.0,0.0,0.0,0.013800000000000002,0.0,0.0,0.0,0.0,0.0,0.0
2293446982,9,0,0.005,-0.007,0.001,0.0,0.0,0.0,0.0,0.0,0.013900000000000001,0.0,0.0,0.0,4408.0,0.0,0.0
2293451573,9,0,0.003,-0.011,0.004,0.0,0.0,0.0,0.0,0.0,0.013900000000000001,0.0,0.0,0.0,8999.0,0.0,0.0
2293454034,9,0,-0.002,-0.012,-0.001,0.0,0.0,0.0,0.0,0.0,0.013900000000000001,0.0,0.0,0.0,11460.0,0.0,0.0
2293458536,9,0,0.003,-0.009000000000000001,-0.003,0.0,0.0,0.0,0.0,0.0,0.013900000000000001,0.0,0.0,0.0,15962.0,0.0,0.0
2293463572,9,0,0.004,-0.009000000000000001,0.003,0.0,0.0,0.0,0.0,0.0,0.013900000000000001,0.0,0.0,0.0,20998.0,0.0,0.0
2293465573,9,0,0.003,-0.009000000000000001,0.002,0.0,0.0,0.0,0.0,0.0,0.013900000000000001,0.0,0.0,0.0,22999.0,0.0,0.0
2293469962,9,0,0.006,-0.006,-0.002,0.0,0.0,0.0,0.0,0.0,0.013900000000000001,0.0,0.0,0.0,0.0,0.0,0.0
2293474050,9,0,0.006,-0.009000000000000001,-0.001,0.0,0.0,0.0,0.0,0.0,0.014,0.0,0.0,0.0,4088.0,0.0,0.0
2293478535,9,0,0.012,-0.006,0.003,0.0,0.0,0.0,0.0,0.0,0.014,0.0,0.0,0.0,8573.0,0.0,0.0
2293483009,9,0,0.013000000000000001,-0.01,0.0,0.0,0.0,0.0,0.0,0.0,0.014,0.0,0.0,0.0,13047.0,0.0,0.0
2293487013,9,0,0.01,-0.008,0.001,0.0,0.0,0.0,0.0,0.0,0.014,0.0,0.0,0.0,17051.0,0.0,0.0
2293489611,9,0,0.009000000000000001,-0.007,0.001,0.0,0.0,0.0,0.0,0.0,0.014,0.0,0.0,0.0,19649.0,0.0,0.0
2293494063,9,0,0.008,-0.007,0.0,0.0,0.0,0.0,0.0,0.0,0.014,0.0,0.0,0.0,24101.0,0.0,0.0
2293498535,9,0,0.01,-0.01,0.002,0.0,0.0,0.0,0.0,0.0,0.014100000000000001,0.0,0.0,0.0,0.0,0.0,0.0
2293502535,9,0,0.013000000000000001,-0.01,0.003,0.0,0.0,0.0,0.0,0.0,0.014100000000000001,0.0,0.0,0.0,4000.0,0.0,0.0
2293506535,9,0,0.008,-0.009000000000000001,0.003,0.0,0.0,0.0,0.0,0.0,0.014100000000000001,0.0,0.0,0.0,8000.0,0.0,0.0
2293510535,9,0,0.012,-0.011,-0.001,0.0,0.0,0.0,0.0,0.0,0.0142,0.0,0.0,0.0,12000.0,0.0,0.0
2293515032,9,0,0.008,-0.013000000000000001,-0.001,0.0,0.0,0.0,0.0,0.0,0.0142,0.0,0.0,0.0,16497.0,0.0,0.0
2293519084,9,0,0.008,-0.01,0.002,0.0,0.0,0.0,0.0,0.0,0.0142,0.0,0.0,0.0,20549.0,0.0,0.0
2293521638,9,0,0.008,-0.01,0.002,0.0,0.0,0.0,0.0,0.0,0.0142,0.0,0.0,0.0,23103.0,0.0,0.0
2293526535,9,0,0.008,-0.016,-0.002,0.0,0.0,-0.0012000000000000001,0.0012000000000000001,0.0,0.0143,0.0,0.0,0.0,0.0,0.0,0.0017000000000000001
2293530680,9,0,0.006,-0.014,0.002,0.0,0.0,-0.0022,0.0022,0.0,0.0143,0.0,0.0,0.0,4145.0,0.0,0.0031000000000000003
2293535047,9,0,0.01,-0.016,0.001,0.0,0.0,-0.0032,0.0032,0.0,0.014400000000000001,0.0,0.0,0.0,8512.0,0.0,0.0045000000000000005
2293539096,9,0,0.013000000000000001,-0.015,0.0,0.0,0.0,-0.004200000000000001,0.004200000000000001,0.0,0.014400000000000001,0.0,0.0,0.0,12561.0,0.0,0.0059
2293544098,9,0,0.009000000000000001,-0.016,-0.002,0.0,0.0,-0.0054,0.0054,0.0,0.0145,0.0,0.0,0.0,17563.0,0.0,0.0076
2293546534,9,0,0.009000000000000001,-0.018000000000000002,-0.001,0.0,0.0,-0.0061,0.0061,0.0,0.0145,0.0,0.0,0.0,19999.0,0.0,0.008700000000000001
2293551058,9,0,0.002,-0.014,0.002,0.0,0.0,-0.0071,0.0071,0.0,0.0146,0.0,0.0,0.0,24523.0,0.0,0.010100000000000001
2293553574,9,0,0.002,-0.013000000000000001,0.002,0.0,0.0,-0.0078000000000000005,0.0078000000000000005,0.0,0.0146,0.0,0.0,0.0,0.0,0.0,0.0111
2293558069,9,0,0.007,-0.017,-0.003,0.0,0.0,-0.0088,0.0088,0.0,0.014700000000000001,0.0,0.0,0.0,4495.0,0.0,0.0125
2293562572,9,0,0.002,-0.015,-0.001,0.0,0.0,-0.010100000000000001,0.010100000000000001,0.0,0.014700000000000001,0.0,0.0,0.0,8998.0,0.0,0.0142
2293567032,9,0,0.002,-0.014,0.002,0.0,0.0,-0.011000000000000001,0.011000000000000001,0.0,0.0148,0.0,0.0,0.0,13458.0,0.0,0.015600000000000001
2293571562,9,0,0.007,-0.014,0.0,0.0,0.0,-0.0123,0.0123,0.0,0.0148,0.0,0.0,0.0,17988.0,0.0,0.0173
2293574122,9,0,0.006,-0.015,-0.005,0.0,0.0,-0.013000000000000001,0.013000000000000001,0.0,0.0148,0.0,0.0,0.0,20548.0,0.0,0.0184
2293578534,9,0,0.006,-0.015,-0.001,0.0,0.0,-0.014,0.014,0.0,0.0149,0.0,0.0,0.0,24960.0,0.0,0.0198
2293583082,9,0,0.016,-0.019,0.003,0.0,0.0,-0.015000000000000001,0.015000000000000001,0.0,0.0149,0.0,0.0,0.0,0.0,0.0,0.0211
2293585610,9,0,0.018000000000000002,-0.019,0.003,0.0,0.0,-0.015700000000000002,0.015700000000000002,0.0,0.015000000000000001,0.0,0.0,0.0,2528.0,0.0,0.0222
2293590049,9,0,0.037,-0.01,0.006,0.0,0.0,-0.0167,0.0167,0.0,0.0152,0.0,0.0,0.0,6967.0,0.0,0.0236
2293594096,9,0,0.037,-0.01,0.001,0.0,0.0,-0.0176,0.0176,0.0,0.015300000000000001,0.0,0.0,0.0,11014.0,0.0,0.025
2293598541,9,0,0.041,-0.014,-0.002,0.0,0.0,-0.0189,0.0189,0.0,0.0155,0.0,0.0,0.0,15459.0,0.0,0.0267
2293603096,9,0,0.05,-0.018000000000000002,-0.002,0.0,0.0,-0.0199,0.0199,0.0,0.015700000000000002,0.0,0.0,0.0,20014.0,0.0,0.0281
2293607571,9,0,0.045,-0.024,0.003,0.0,0.0,-0.0211,0.0211,0.0,0.0159,0.0,0.0,0.0,24489.0,0.0,0.0298
2293610103,9,0,0.032,-0.036000000000000004,0.003,0.0,0.0,-0.0218,0.0218,0.0,0.0161,0.0,0.0,0.0,0.0,0.0,0.0309
2293614152,9,0,0.023,-0.051000000000000004,0.001,0.0,0.0,-0.0228,0.0228,0.0,0.016300000000000002,0.0,0.0,0.0,4049.0,0.0,0.0322
2293618573,9,0,0.029,-0.063,0.008,0.0,0.0,-0.0238,0.0238,0.0,0.0165,0.0,0.0,0.0,8470.0,0.0,0.033600000000000005
2293623113,9,0,0.037,-0.07100000000000001,-0.004,0.0,0.0,-0.025,0.025,0.0,0.0167,0.0,0.0,0.0,13010.0,0.0,0.0354
2293627115,9,0,0.037,-0.078,-0.014,0.0,0.0,-0.026000000000000002,0.026000000000000002,0.0,0.016900000000000002,0.0,0.0,0.0,17012.0,0.0,0.0367
2293631598,9,0,0.034,-0.077,-0.014,0.0,0.0,-0.027,0.027,0.0,0.0171,0.0,0.0,0.0,21495.0,0.0,0.0381
2293634166,9,0,0.038,-0.074,-0.014,0.0,0.0,-0.027700000000000002,0.027700000000000002,0.0,0.0172,0.0,0.0,0.0,24063.0,0.0,0.0392
2293638536,9,0,0.035,-0.066,-0.013000000000000001,0.0,0.0,-0.0287,0.0287,0.0,0.017400000000000002,0.0,0.0,0.0,0.0,0.0,0.040600000000000004
2293643572,9,0,0.035,-0.055,-0.004,0.0,0.0,-0.029900000000000003,0.029900000000000003,0.0,0.0177,0.0,0.0,0.0,5036.0,0.0,0.042300000000000004
2293646129,9,0,0.025,-0.051000000000000004,0.011,0.0,0.0,-0.030600000000000002,0.030600000000000002,0.0,0.0179,0.0,0.0,0.0,7593.0,0.0,0.043300000000000005
2293650239,9,0,0.01,-0.047,0.015,0.0,0.0,-0.0316,0.0316,0.0,0.0182,0.0,0.0,0.0,11703.0,0.0,0.044700000000000004
2293654534,9,0,0.01,-0.041,0.019,0.0,0.0,-0.032600000000000004,0.032600000000000004,0.0,0.0183,0.0,0.0,0.0,15998.0,0.0,0.0461
2293658572,9,0,0.022,-0.042,0.021,0.0,0.0,-0.033600000000000005,0.033600000000000005,0.0,0.0184,0.0,0.0,0.0,20036.0,0.0,0.0475
2293663143,9,0,0.024,-0.036000000000000004,0.006,0.0,0.0,-0.034800000000000005,0.034800000000000005,0.0,0.018500000000000003,0.0,0.0,0.0,24607.0,0.0,0.0492
2293667143,9,0,0.029,-0.036000000000000004,0.001,0.0,0.0,-0.0358,0.0358,0.0,0.0187,0.0,0.0,0.0,0.0,0.0,0.0506
2293671599,9,0,0.039,-0.038,-0.002,0.0,0.0,-0.0368,0.0368,0.0,0.0189,0.0,0.0,0.0,4456.0,0.0,0.052000000000000005
2293674196,9,0,0.044,-0.039,-0.011,0.0,0.0,-0.0368,0.0368,0.0,0.019,0.0,0.0,0.0,7053.0,0.0,0.052000000000000005
2293678535,9,0,0.039,-0.03,-0.019,0.0,0.0,-0.0368,0.0368,0.0,0.0193,0.0,0.0,0.0,11392.0,0.0,0.052000000000000005
2293683162,9,0,0.027,-0.018000000000000002,-0.017,0.0,0.0,-0.0368,0.0368,0.0,0.0195,0.0,0.0,0.0,16019.0,0.0,0.052000000000000005
2293685571,9,0,0.02,-0.018000000000000002,-0.013000000000000001,0.0,0.0,-0.0368,0.0368,0.0,0.0196,0.0,0.0,0.0,18428.0,0.0,0.052000000000000005
2293690535,9,0,0.01,0.001,-0.012,0.0,0.0,-0.0368,0.0368,0.0,0.019700000000000002,0.0,0.0,0.0,23392.0,0.0,0.052000000000000005
2293695166,9,0,0.004,0.013000000000000001,0.003,0.0,0.0,-0.0368,0.0368,0.0,0.019700000000000002,0.0,0.0,0.0,0.0,0.0,0.052000000000000005
2293699216,9,0,0.007,0.018000000000000002,0.017,0.0,0.0,-0.0368,0.0368,0.0,0.0196,0.0,0.0,0.0,4050.0,0.0,0.052000000000000005
2293703535,9,0,0.01,0.021,0.02,0.0,0.0,-0.0368,0.0368,0.0,0.0196,0.0,0.0,0.0,8369.0,0.0,0.052000000000000005
2293705571,9,0,0.01,0.022,0.015,0.0,0.0,-0.0368,0.0368,0.0,0.0195,0.0,0.0,0.0,10405.0,0.0,0.052000000000000005
2293710176,9,0,0.011,0.027,0.006,0.0,0.0,-0.0368,0.0368,0.0,0.0195,0.0,0.0,0.0,15010.0,0.0,0.052000000000000005
2293714284,9,0,0.015,0.012,0.004,0.0,0.0,-0.0368,0.0368,0.0,0.0194,0.0,0.0,0.0,19118.0,0.0,0.052000000000000005
2293719232,9,0,0.002,0.011,-0.008,0.0,0.0,-0.0368,0.0368,0.0,0.0194,0.0,0.0,0.0,24066.0,0.0,0.052000000000000005
2293723533,9,0,-0.004,0.01,-0.017,0.0,0.0,-0.0368,0.0368,0.0,0.0193,0.0,0.0,0.0,0.0,0.0,0.052000000000000005
2293728189,9,0,-0.01,0.009000000000000001,-0.003,0.0,0.0,-0.0368,0.0368,0.0,0.019200000000000002,0.0,0.0,0.0,4656.0,0.0,0.052000000000000005
2293730677,9,0,-0.01,0.009000000000000001,0.002,0.0,0.0,-0.0368,0.0368,0.0,0.019200000000000002,0.0,0.0,0.0,7144.0,0.0,0.052000000000000005
2293735195,9,0,-0.012,0.011,-0.001,0.0,0.0,-0.0368,0.0368,0.0,0.019100000000000002,0.0,0.0,0.0,11662.0,0.0,0.052000000000000005
2293739246,9,0,-0.014,0.02,-0.002,0.0,0.0,-0.0368,0.0368,0.0,0.0189,0.0,0.0,0.0,15713.0,0.0,0.052000000000000005
2293744248,9,0,-0.013000000000000001,0.016,0.012,0.0,0.0,-0.0368,0.0368,0.0,0.0187,0.0,0.0,0.0,20715.0,0.0,0.052000000000000005
2293746309,9,0,-0.015,0.015,0.009000000000000001,0.0,0.0,-0.0368,0.0368,0.0,0.018600000000000002,0.0,0.0,0.0,22776.0,0.0,0.052000000000000005
2293750533,9,0,-0.026000000000000002,0.009000000000000001,-0.003,0.0,0.0,-0.0368,0.0368,0.0,0.018500000000000003,0.0,0.0,0.0,0.0,0.0,0.052000000000000005
2293754533,9,0,-0.014,0.009000000000000001,-0.001,0.0,0.0,-0.0368,0.0368,0.0,0.0183,0.0,0.0,0.0,4000.0,0.0,0.052000000000000005
2293759260,9,0,-0.019,0.009000000000000001,0.001,0.0,0.0,-0.0368,0.0368,0.0,0.0181,0.0,0.0,0.0,8727.0,0.0,0.052000000000000005
2293763533,9,0,-0.023,0.008,-0.002,0.0,0.0,-0.0368,0.0368,0.0,0.018000000000000002,0.0,0.0,0.0,13000.0,0.0,0.052000000000000005
2293767534,9,0,-0.023,0.003,-0.003,0.0,0.0,-0.0368,0.0368,0.0,0.0179,0.0,0.0,0.0,17001.0,0.0,0.052000000000000005
2293770221,9,0,-0.026000000000000002,0.0,0.003,0.0,0.0,-0.0368,0.0368,0.0,0.0178,0.0,0.0,0.0,19688.0,0.0,0.052000000000000005
2293775224,9,0,-0.034,-0.001,0.0,0.0,0.0,-0.0368,0.0368,0.0,0.0177,0.0,0.0,0.0,24691.0,0.0,0.052000000000000005
2293777574,9,0,-0.033,-0.001,-0.002,0.0,0.0,-0.0368,0.0368,0.0,0.0177,0.0,0.0,0.0,0.0,0.0,0.052000000000000005
2293783231,9,0,-0.041,0.001,0.005,0.0,0.0,-0.0368,0.0368,0.0,0.0175,0.0,0.0,0.0,5657.0,0.0,0.052000000000000005
2293787233,9,0,-0.043000000000000003,-0.002,0.002,0.0,0.0,-0.0368,0.0368,0.0,0.017400000000000002,0.0,0.0,0.0,9659.0,0.0,0.052000000000000005
2293791534,9,0,-0.038,-0.002,0.003,0.0,0.0,-0.0368,0.0368,0.0,0.0173,0.0,0.0,0.0,13960.0,0.0,0.052000000000000005
2293794283,9,0,-0.026000000000000002,0.002,-0.001,0.0,0.0,-0.0368,0.0368,0.0,0.0172,0.0,0.0,0.0,16709.0,0.0,0.052000000000000005
2293798532,9,0,-0.03,0.005,-0.004,0.0,0.0,-0.0368,0.0368,0.0,0.0171,0.0,0.0,0.0,20958.0,0.0,0.052000000000000005
2293803243,9,0,-0.038,0.005,-0.006,0.0,0.0,-0.0368,0.0368,0.0,0.017,0.0,0.0,0.0,25669.0,0.0,0.052000000000000005
2293807247,9,0,-0.033,0.007,-0.003,0.0,0.0,-0.0368,0.0368,0.0,0.016900000000000002,0.0,0.0,0.0,0.0,0.0,0.052000000000000005
2293809583,9,0,-0.033,0.007,0.0,0.0,0.0,-0.0368,0.0368,0.0,0.016800000000000002,0.0,0.0,0.0,2336.0,0.0,0.052000000000000005
2293814297,9,0,-0.031,0.015,0.004,0.0,0.0,-0.0368,0.0368,0.0,0.0167,0.0,0.0,0.0,7050.0,0.0,0.052000000000000005
2293819305,9,0,-0.034,0.017,0.002,0.0,0.0,-0.0368,0.0368,0.0,0.0165,0.0,0.0,0.0,12058.0,0.0,0.052000000000000005
2293823533,9,0,-0.027,0.022,0.004,0.0,0.0,-0.0368,0.0368,0.0,0.016300000000000002,0.0,0.0,0.0,16286.0,0.0,0.052000000000000005
2293827533,9,0,-0.025,0.023,0.005,0.0,0.0,-0.0368,0.0368,0.0,0.0162,0.0,0.0,0.0,20286.0,0.0,0.052000000000000005
2293832264,9,0,-0.022,0.025,0.001,0.0,0.0,-0.0368,0.0368,0.0,0.0159,0.0,0.0,0.0,25017.0,0.0,0.052000000000000005
2293834309,9,0,-0.022,0.027,0.002,0.0,0.0,-0.0368,0.0368,0.0,0.0159,0.0,0.0,0.0,0.0,0.0,0.052000000000000005
2293838533,9,0,-0.016,0.03,0.006,0.0,0.0,-0.0368,0.0368,0.0,0.015700000000000002,0.0,0.0,0.0,4224.0,0.0,0.052000000000000005
2293841576,9,0,-0.013000000000000001,0.03,0.003,0.0,0.0,-0.0368,0.0368,0.0,0.015600000000000001,0.0,0.0,0.0,7267.0,0.0,0.052000000000000005
2293846532,9,0,-0.012,0.03,-0.001,0.0,0.0,-0.0368,0.0368,0.0,0.015300000000000001,0.0,0.0,0.0,12223.0,0.0,0.052000000000000005
2293850533,9,0,-0.005,0.029,0.004,0.0,0.0,-0.0368,0.0368,0.0,0.0152,0.0,0.0,0.0,16224.0,0.0,0.052000000000000005
2293855282,9,0,-0.006,0.026000000000000002,-0.001,0.0,0.0,-0.0368,0.0368,0.0,0.015000000000000001,0.0,0.0,0.0,20973.0,0.0,0.052000000000000005
2293859333,9,0,-0.004,0.03,0.001,0.0,0.0,-0.0368,0.0368,0.0,0.0149,0.0,0.0,0.0,25024.0,0.0,0.052000000000000005
2293863531,9,0,-0.007,0.027,-0.001,0.0,0.0,-0.0368,0.0368,0.0,0.0148,0.0,0.0,0.0,0.0,0.0,0.052000000000000005
2293868288,9,0,-0.007,0.025,-0.002,0.0,0.0,-0.0368,0.0368,0.0,0.0146,0.0,0.0,0.0,4757.0,0.0,0.052000000000000005
2293870291,9,0,-0.006,0.022,0.0,0.0,0.0,-0.0368,0.0368,0.0,0.0145,0.0,0.0,0.0,6760.0,0.0,0.052000000000000005
2293874402,9,0,0.003,0.02,-0.005,0.0,0.0,-0.0368,0.0368,0.0,0.014400000000000001,0.0,0.0,0.0,10871.0,0.0,0.052000000000000005
2293878531,9,0,-0.005,0.017,-0.004,0.0,0.0,-0.0368,0.0368,0.0,0.0143,0.0,0.0,0.0,15000.0,0.0,0.052000000000000005
2293883302,9,0,-0.002,0.015,-0.001,0.0,0.0,-0.0368,0.0368,0.0,0.0142,0.0,0.0,0.0,19771.0,0.0,0.052000000000000005
2293887530,9,0,-0.003,0.01,0.002,0.0,0.0,-0.0368,0.0368,0.0,0.014100000000000001,0.0,0.0,0.0,23999.0,0.0,0.052000000000000005
2293892304,9,0,0.0,0.01,-0.003,0.0,0.0,-0.0368,0.0368,0.0,0.014100000000000001,0.0,0.0,0.0,0.0,0.0,0.052000000000000005
2293894371,9,0,-0.004,0.007,-0.003,0.0,0.0,-0.0368,0.0368,0.0,0.014100000000000001,0.0,0.0,0.0,2067.0,0.0,0.052000000000000005
2293898531,9,0,-0.011,0.003,-0.002,0.0,0.0,-0.0368,0.0368,0.0,0.014100000000000001,0.0,0.0,0.0,6227.0,0.0,0.052000000000000005
2293902532,9,0,-0.016,0.002,0.0,0.0,0.0,-0.0368,0.0368,0.0,0.014,0.0,0.0,0.0,10228.0,0.0,0.052000000000000005
2293905575,9,0,-0.016,0.002,0.002,0.0,0.0,-0.0368,0.0368,0.0,0.014,0.0,0.0,0.0,13271.0,0.0,0.052000000000000005
2293910321,9,0,-0.012,-0.004,-0.003,0.0,0.0,-0.0368,0.0368,0.0,0.014,0.0,0.0,0.0,18017.0,0.0,0.052000000000000005
2293914369,9,0,-0.018000000000000002,-0.001,-0.002,0.0,0.0,-0.0368,0.0368,0.0,0.013900000000000001,0.0,0.0,0.0,22065.0,0.0,0.052000000000000005
2293918531,9,0,-0.014,-0.003,0.0,0.0,0.0,-0.0368,0.0368,0.0,0.013900000000000001,0.0,0.0,0.0,0.0,0.0,0.052000000000000005
2293922531,9,0,-0.019,-0.01,-0.004,0.0,0.0,-0.0368,0.0368,0.0,0.013900000000000001,0.0,0.0,0.0,4000.0,0.0,0.052000000000000005
2293927335,9,0,-0.02,-0.011,0.0,0.0,0.0,-0.0368,0.0368,0.0,0.013900000000000001,0.0,0.0,0.0,8804.0,0.0,0.052000000000000005
2293931531,9,0,-0.021,-0.012,-0.001,0.0,0.0,-0.0368,0.0368,0.0,0.013900000000000001,0.0,0.0,0.0,13000.0,0.0,0.052000000000000005
2293935531,9,0,-0.02,-0.012,0.005,0.0,0.0,-0.0368,0.0368,0.0,0.013800000000000002,0.0,0.0,0.0,17000.0,0.0,0.052000000000000005
2293937574,9,0,-0.021,-0.012,0.004,0.0,0.0,-0.0368,0.0368,0.0,0.013800000000000002,0.0,0.0,0.0,19043.0,0.0,0.052000000000000005
2293942345,9,0,-0.02,-0.015,0.002,0.0,0.0,-0.0368,0.0368,0.0,0.013800000000000002,0.0,0.0,0.0,23814.0,0.0,0.052000000000000005
2293946530,9,0,-0.02,-0.015,0.004,0.0,0.0,-0.0368,0.0368,0.0,0.013800000000000002,0.0,0.0,0.0,0.0,0.0,0.052000000000000005
2293951531,9,0,-0.014,-0.016,0.002,0.0,0.0,-0.0368,0.0368,0.0,0.0137,0.0,0.0,0.0,5001.0,0.0,0.052000000000000005
2293954398,9,0,-0.015,-0.013000000000000001,0.0,0.0,0.0,-0.0368,0.0368,0.0,0.0137,0.0,0.0,0.0,7868.0,0.0,0.052000000000000005
2293959403,9,0,-0.003,-0.013000000000000001,0.0,0.0,0.0,-0.0368,0.0368,0.0,0.0137,0.0,0.0,0.0,12873.0,0.0,0.052000000000000005
2293963530,9,0,0.0,-0.016,0.0,0.0,0.0,-0.0368,0.0368,0.0,0.013600000000000001,0.0,0.0,0.0,17000.0,0.0,0.052000000000000005
2293967530,9,0,-0.001,-0.015,0.0,0.0,0.0,-0.0368,0.0368,0.0,0.013600000000000001,0.0,0.0,0.0,21000.0,0.0,0.052000000000000005
2293969603,9,0,0.001,-0.013000000000000001,0.0,0.0,0.0,-0.0368,0.0368,0.0,0.013600000000000001,0.0,0.0,0.0,23073.0,0.0,0.052000000000000005
2293974413,9,0,0.007,-0.015,-0.001,0.0,0.0,-0.0368,0.0368,0.0,0.013600000000000001,0.0,0.0,0.0,0.0,0.0,0.052000000000000005
2293978529,9,0,0.009000000000000001,-0.013000000000000001,0.002,0.0,0.0,-0.0368,0.0368,0.0,0.013600000000000001,0.0,0.0,0.0,4116.0,0.0,0.052000000000000005
2293983375,9,0,0.017,-0.016,0.002,0.0,0.0,-0.0368,0.0368,0.0,0.0137,0.0,0.0,0.0,8962.0,0.0,0.052000000000000005
2293987378,9,0,0.02,-0.011,0.004,0.0,0.0,-0.0368,0.0368,0.0,0.0137,0.0,0.0,0.0,12965.0,0.0,0.052000000000000005
2293991530,9,0,0.023,-0.011,0.004,0.0,0.0,-0.0368,0.0368,0.0,0.013800000000000002,0.0,0.0,0.0,17117.0,0.0,0.052000000000000005
2293994427,9,0,0.024,-0.013000000000000001,0.002,0.0,0.0,-0.0368,0.0368,0.0,0.013800000000000002,0.0,0.0,0.0,20014.0,0.0,0.052000000000000005
2293998528,9,0,0.03,-0.009000000000000001,0.0,0.0,0.0,-0.0368,0.0368,0.0,0.013900000000000001,0.0,0.0,0.0,24115.0,0.0,0.052000000000000005
2294001575,9,0,0.031,-0.012,-0.002,0.0,0.0,-0.0368,0.0368,0.0,0.014,0.0,0.0,0.0,0.0,0.0,0.052000000000000005
2294006528,9,0,0.034,-0.007,-0.002,0.0,0.0,-0.0368,0.0368,0.0,0.014100000000000001,0.0,0.0,0.0,4953.0,0.0,0.052000000000000005
2294011392,9,0,0.031,-0.015,-0.001,0.0,0.0,-0.0368,0.0368,0.0,0.0143,0.0,0.0,0.0,9817.0,0.0,0.052000000000000005
2294015397,9,0,0.034,-0.014,0.001,0.0,0.0,-0.0368,0.0368,0.0,0.014400000000000001,0.0,0.0,0.0,13822.0,0.0,0.052000000000000005
2294019449,9,0,0.03,-0.011,-0.004,0.0,0.0,-0.0368,0.0368,0.0,0.0146,0.0,0.0,0.0,17874.0,0.0,0.052000000000000005
2294023529,9,0,0.03,-0.013000000000000001,0.004,0.0,0.0,-0.0368,0.0368,0.0,0.014700000000000001,0.0,0.0,0.0,21954.0,0.0,0.052000000000000005
2294027529,9,0,0.033,-0.016,0.001,0.0,0.0,-0.0368,0.0368,0.0,0.0148,0.0,0.0,0.0,25954.0,0.0,0.052000000000000005
2294032409,9,0,0.032,-0.016,-0.003,0.0,0.0,-0.0368,0.0368,0.0,0.015000000000000001,0.0,0.0,0.0,0.0,0.0,0.052000000000000005
2294034519,9,0,0.033,-0.015,-0.002,0.0,0.0,-0.0368,0.0368,0.0,0.0151,0.0,0.0,0.0,2110.0,0.0,0.052000000000000005
2294038529,9,0,0.029,-0.019,0.001,0.0,0.0,-0.0368,0.0368,0.0,0.0152,0.0,0.0,0.0,6120.0,0.0,0.052000000000000005
2294043528,9,0,0.025,-0.02,0.0,0.0,0.0,-0.0368,0.0368,0.0,0.0154,0.0,0.0,0.0,11119.0,0.0,0.052000000000000005
2294047529,9,0,0.022,-0.02,0.001,0.0,0.0,-0.0368,0.0368,0.0,0.015600000000000001,0.0,0.0,0.0,15120.0,0.0,0.052000000000000005
2294052422,9,0,0.027,-0.022,-0.001,0.0,0.0,-0.0368,0.0368,0.0,0.015700000000000002,0.0,0.0,0.0,20013.0,0.0,0.052000000000000005
2294054471,9,0,0.023,-0.022,-0.002,0.0,0.0,-0.0368,0.0368,0.0,0.0158,0.0,0.0,0.0,22062.0,0.0,0.052000000000000005
2294058528,9,0,0.018000000000000002,-0.028,-0.001,0.0,0.0,-0.0368,0.0368,0.0,0.0159,0.0,0.0,0.0,0.0,0.0,0.052000000000000005
2294062528,9,0,0.017,-0.034,-0.002,0.0,0.0,-0.0368,0.0368,0.0,0.016,0.0,0.0,0.0,4000.0,0.0,0.052000000000000005
2294066542,9,0,0.011,-0.031,0.002,0.0,0.0,-0.0368,0.0368,0.0,0.0161,0.0,0.0,0.0,8014.0,0.0,0.052000000000000005
2294071528,9,0,0.011,-0.035,-0.002,0.0,0.0,-0.0368,0.0368,0.0,0.016300000000000002,0.0,0.0,0.0,13000.0,0.0,0.052000000000000005
2294074442,9,0,0.012,-0.037,0.0,0.0,0.0,-0.0368,0.0368,0.0,0.016300000000000002,0.0,0.0,0.0,15914.0,0.0,0.052000000000000005
2294078531,9,0,0.014,-0.04,0.0,0.0,0.0,-0.0368,0.0368,0.0,0.0164,0.0,0.0,0.0,20003.0,0.0,0.052000000000000005
2294083446,9,0,0.016,-0.042,0.003,0.0,0.0,-0.0368,0.0368,0.0,0.0166,0.0,0.0,0.0,24918.0,0.0,0.052000000000000005
2294087530,9,0,0.017,-0.042,0.0,0.0,0.0,-0.0368,0.0368,0.0,0.0167,0.0,0.0,0.0,0.0,0.0,0.052000000000000005
2294092451,9,0,0.017,-0.044,0.001,0.0,0.0,-0.0368,0.0368,0.0,0.016800000000000002,0.0,0.0,0.0,4921.0,0.0,0.052000000000000005
2294094499,9,0,0.015,-0.045,0.003,0.0,0.0,-0.0368,0.0368,0.0,0.016900000000000002,0.0,0.0,0.0,6969.0,0.0,0.052000000000000005
2294098565,9,0,0.013000000000000001,-0.048,0.003,0.0,0.0,-0.0368,0.0368,0.0,0.017,0.0,0.0,0.0,11035.0,0.0,0.052000000000000005
2294103461,9,0,0.023,-0.044,0.001,0.0,0.0,-0.0368,0.0368,0.0,0.0172,0.0,0.0,0.0,15931.0,0.0,0.052000000000000005
2294107529,9,0,0.024,-0.046,-0.002,0.0,0.0,-0.0368,0.0368,0.0,0.0173,0.0,0.0,0.0,19999.0,0.0,0.052000000000000005
2294112467,9,0,0.025,-0.042,-0.001,0.0,0.0,-0.0368,0.0368,0.0,0.0175,0.0,0.0,0.0,24937.0,0.0,0.052000000000000005
2294114517,9,0,0.031,-0.042,-0.003,0.0,0.0,-0.0368,0.0368,0.0,0.0176,0.0,0.0,0.0,0.0,0.0,0.052000000000000005
2294119523,9,0,0.026000000000000002,-0.039,-0.003,0.0,0.0,-0.0368,0.0368,0.0,0.0178,0.0,0.0,0.0,5006.0,0.0,0.052000000000000005
2294123529,9,0,0.033,-0.035,-0.003,0.0,0.0,-0.0368,0.0368,0.0,0.0179,0.0,0.0,0.0,9012.0,0.0,0.052000000000000005
2294127529,9,0,0.031,-0.034,0.001,0.0,0.0,-0.0368,0.0368,0.0,0.0181,0.0,0.0,0.0,13012.0,0.0,0.052000000000000005
2294129603,9,0,0.032,-0.034,0.002,0.0,0.0,-0.0368,0.0368,0.0,0.0182,0.0,0.0,0.0,15086.0,0.0,0.052000000000000005
2294134531,9,0,0.035,-0.031,0.004,0.0,0.0,-0.0368,0.0368,0.0,0.0184,0.0,0.0,0.0,20014.0,0.0,0.052000000000000005
2294139536,9,0,0.034,-0.027,0.001,0.0,0.0,-0.0368,0.0368,0.0,0.0187,0.0,0.0,0.0,25019.0,0.0,0.052000000000000005
2294142483,9,0,0.032,-0.026000000000000002,0.003,0.0,0.0,-0.0368,0.0368,0.0,0.0188,0.0,0.0,0.0,0.0,0.0,0.052000000000000005
2294147493,9,0,0.035,-0.026000000000000002,-0.003,0.0,0.0,-0.0368,0.0368,0.0,0.019,0.0,0.0,0.0,5010.0,0.0,0.052000000000000005
2294149574,9,0,0.033,-0.024,-0.004,0.0,0.0,-0.0368,0.0368,0.0,0.019100000000000002,0.0,0.0,0.0,7091.0,0.0,0.052000000000000005
2294154547,9,0,0.029,-0.016,0.003,0.0,0.0,-0.0368,0.0368,0.0,0.0193,0.0,0.0,0.0,12064.0,0.0,0.052000000000000005
2294159553,9,0,0.025,-0.017,-0.001,0.0,0.0,-0.0368,0.0368,0.0,0.0194,0.0,0.0,0.0,17070.0,0.0,0.052000000000000005
2294161575,9,0,0.026000000000000002,-0.016,-0.001,0.0,0.0,-0.0368,0.0368,0.0,0.0195,0.0,0.0,0.0,19092.0,0.0,0.052000000000000005
2294167511,9,0,0.027,-0.007,-0.003,0.0,0.0,-0.0368,0.0368,0.0,0.019700000000000002,0.0,0.0,0.0,25028.0,0.0,0.052000000000000005
2294169591,9,0,0.026000000000000002,-0.008,0.0,0.0,0.0,-0.0368,0.0368,0.0,0.019700000000000002,0.0,0.0,0.0,0.0,0.0,0.052000000000000005
2294174561,9,0,0.019,-0.01,0.002,0.0,0.0,-0.0368,0.0368,0.0,0.0198,0.0,0.0,0.0,4970.0,0.0,0.052000000000000005
2294179567,9,0,0.024,-0.008,-0.003,0.0,0.0,-0.0368,0.0368,0.0,0.0199,0.0,0.0,0.0,9976.0,0.0,0.052000000000000005
2294181655,9,0,0.022,-0.011,0.0,0.0,0.0,-0.0368,0.0368,0.0,0.0199,0.0,0.0,0.0,12064.0,0.0,0.052000000000000005
2294187524,9,0,0.019,-0.012,0.002,0.0,0.0,-0.0368,0.0368,0.0,0.02,0.0,0.0,0.0,17933.0,0.0,0.052000000000000005
2294189714,9,0,0.016,-0.013000000000000001,0.0,0.0,0.0,-0.0368,0.0368,0.0,0.0201,0.0,0.0,0.0,20123.0,0.0,0.052000000000000005
2294194529,9,0,0.015,-0.014,-0.001,0.0,0.0,-0.0368,0.0368,0.0,0.0201,0.0,0.0,0.0,24938.0,0.0,0.052000000000000005
2294198548,9,0,0.016,-0.012,0.0,0.0,0.0,-0.0368,0.0368,0.0,0.0201,0.0,0.0,0.0,0.0,0.0,0.052000000000000005
2294203535,9,0,0.013000000000000001,-0.017,-0.008,0.0,0.0,-0.0368,0.0368,0.0,0.020200000000000003,0.0,0.0,0.0,4987.0,0.0,0.052000000000000005
2294207543,9,0,0.014,-0.016,-0.008,0.0,0.0,-0.0368,0.0368,0.0,0.020200000000000003,0.0,0.0,0.0,8995.0,0.0,0.052000000000000005
2294209589,9,0,0.012,-0.021,-0.005,0.0,0.0,-0.0368,0.0368,0.0,0.020200000000000003,0.0,0.0,0.0,11041.0,0.0,0.052000000000000005
2294214592,9,0,0.005,-0.02,-0.002,0.0,0.0,-0.0368,0.0368,0.0,0.020300000000000002,0.0,0.0,0.0,16044.0,0.0,0.052000000000000005
2294219596,9,0,0.0,-0.021,0.0,0.0,0.0,-0.0368,0.0368,0.0,0.020300000000000002,0.0,0.0,0.0,21048.0,0.0,0.052000000000000005
2294222550,9,0,0.008,-0.02,0.0,0.0,0.0,-0.0368,0.0368,0.0,0.020300000000000002,0.0,0.0,0.0,24002.0,0.0,0.052000000000000005
2294226651,9,0,0.006,-0.023,0.001,0.0,0.0,-0.0368,0.0368,0.0,0.020300000000000002,0.0,0.0,0.0,0.0,0.0,0.052000000000000005
2294229602,9,0,-0.001,-0.026000000000000002,0.004,0.0,0.0,-0.0368,0.0368,0.0,0.020300000000000002,0.0,0.0,0.0,2951.0,0.0,0.052000000000000005
2294234605,9,0,0.003,-0.024,0.004,0.0,0.0,-0.0368,0.0368,0.0,0.0204,0.0,0.0,0.0,7954.0,0.0,0.052000000000000005
2294239609,9,0,0.0,-0.027,0.005,0.0,0.0,-0.0368,0.0368,0.0,0.0204,0.0,0.0,0.0,12958.0,0.0,0.052000000000000005
2294242560,9,0,-0.002,-0.024,0.005,0.0,0.0,-0.0368,0.0368,0.0,0.0205,0.0,0.0,0.0,15909.0,0.0,0.052000000000000005
2294247597,9,0,-0.004,-0.022,0.004,0.0,0.0,-0.0368,0.0368,0.0,0.0205,0.0,0.0,0.0,20946.0,0.0,0.052000000000000005
2294249617,9,0,-0.002,-0.023,0.005,0.0,0.0,-0.0368,0.0368,0.0,0.0206,0.0,0.0,0.0,22966.0,0.0,0.052000000000000005
2294254620,9,0,0.001,-0.022,0.001,0.0,0.0,-0.0368,0.0368,0.0,0.0206,0.0,0.0,0.0,0.0,0.0,0.052000000000000005
2294257575,9,0,-0.001,-0.018000000000000002,-0.002,0.0,0.0,-0.0368,0.0368,0.0,0.0207,0.0,0.0,0.0,2955.0,0.0,0.052000000000000005
2294262578,9,0,-0.003,-0.018000000000000002,-0.001,0.0,0.0,-0.0368,0.0368,0.0,0.0207,0.0,0.0,0.0,7958.0,0.0,0.052000000000000005
2294267610,9,0,-0.001,-0.014,-0.001,0.0,0.0,-0.0368,0.0368,0.0,0.020800000000000003,0.0,0.0,0.0,12990.0,0.0,0.052000000000000005
2294269630,9,0,-0.001,-0.013000000000000001,-0.003,0.0,0.0,-0.0368,0.0368,0.0,0.020800000000000003,0.0,0.0,0.0,15010.0,0.0,0.052000000000000005
2294274633,9,0,-0.004,-0.011,0.001,0.0,0.0,-0.0368,0.0368,0.0,0.020800000000000003,0.0,0.0,0.0,20013.0,0.0,0.052000000000000005
2294277589,9,0,0.0,-0.009000000000000001,0.004,0.0,0.0,-0.0368,0.0368,0.0,0.020800000000000003,0.0,0.0,0.0,22969.0,0.0,0.052000000000000005
2294281780,9,0,0.002,-0.008,0.001,0.0,0.0,-0.0368,0.0368,0.0,0.020900000000000002,0.0,0.0,0.0,0.0,0.0,0.052000000000000005
2294287841,9,0,0.0,-0.003,0.001,0.0,0.0,-0.0368,0.0368,0.0,0.020900000000000002,0.0,0.0,0.0,6061.0,0.0,0.052000000000000005
2294290738,9,0,-0.002,-0.001,0.002,0.0,0.0,-0.0368,0.0368,0.0,0.020900000000000002,0.0,0.0,0.0,8958.0,0.0,0.052000000000000005
2294293598,9,0,-0.004,0.0,-0.003,0.0,0.0,-0.0368,0.0368,0.0,0.020900000000000002,0.0,0.0,0.0,11818.0,0.0,0.052000000000000005
2294297603,9,0,-0.001,0.0,0.001,0.0,0.0,-0.0368,0.0368,0.0,0.020800000000000003,0.0,0.0,0.0,15823.0,0.0,0.052000000000000005
2294302607,9,0,0.002,0.003,0.003,0.0,0.0,-0.0368,0.0368,0.0,0.020800000000000003,0.0,0.0,0.0,20827.0,0.0,0.052000000000000005
2294307611,9,0,0.003,0.008,-0.002,0.0,0.0,-0.0368,0.0368,0.0,0.020800000000000003,0.0,0.0,0.0,25831.0,0.0,0.052000000000000005
2294309664,9,0,0.003,0.01,-0.002,0.0,0.0,-0.0368,0.0368,0.0,0.0207,0.0,0.0,0.0,0.0,0.0,0.052000000000000005
2294314662,9,0,0.001,0.008,-0.002,0.0,0.0,-0.0368,0.0368,0.0,0.0207,0.0,0.0,0.0,4998.0,0.0,0.052000000000000005
2294317614,9,0,0.005,0.006,-0.001,0.0,0.0,-0.0368,0.0368,0.0,0.0206,0.0,0.0,0.0,7950.0,0.0,0.052000000000000005
2294322740,9,0,0.007,0.011,-0.002,0.0,0.0,-0.0368,0.0368,0.0,0.0206,0.0,0.0,0.0,13076.0,0.0,0.052000000000000005
2294325632,9,0,0.006,0.009000000000000001,-0.003,0.0,0.0,-0.0368,0.0368,0.0,0.0205,0.0,0.0,0.0,15968.0,0.0,0.052000000000000005
2294330634,9,0,-0.002,0.01,0.001,0.0,0.0,-0.0368,0.0368,0.0,0.0204,0.0,0.0,0.0,20970.0,0.0,0.052000000000000005
2294333629,9,0,-0.001,0.012,0.004,0.0,0.0,-0.0368,0.0368,0.0,0.0204,0.0,0.0,0.0,23965.0,0.0,0.052000000000000005
2294337633,9,0,0.002,0.009000000000000001,0.003,0.0,0.0,-0.0368,0.0368,0.0,0.020300000000000002,0.0,0.0,0.0,0.0,0.0,0.052000000000000005
2294342632,9,0,0.002,0.004,0.007,0.0,0.0,-0.0368,0.0368,0.0,0.020300000000000002,0.0,0.0,0.0,4999.0,0.0,0.052000000000000005
2294347639,9,0,0.003,0.004,-0.002,0.0,0.0,-0.0368,0.0368,0.0,0.020200000000000003,0.0,0.0,0.0,10006.0,0.0,0.052000000000000005
2294349680,9,0,0.0,0.004,-0.004,0.0,0.0,-0.0368,0.0368,0.0,0.020200000000000003,0.0,0.0,0.0,12047.0,0.0,0.052000000000000005
2294354751,9,0,-0.009000000000000001,0.003,-0.002,0.0,0.0,-0.0368,0.0368,0.0,0.0201,0.0,0.0,0.0,17118.0,0.0,0.052000000000000005
2294357646,9,0,-0.006,0.001,0.0,0.0,0.0,-0.0368,0.0368,0.0,0.0201,0.0,0.0,0.0,20013.0,0.0,0.052000000000000005
2294362649,9,0,-0.001,-0.002,-0.001,0.0,0.0,-0.0368,0.0368,0.0,0.0201,0.0,0.0,0.0,25016.0,0.0,0.052000000000000005
2294367650,9,0,-0.004,0.0,-0.002,0.0,0.0,-0.0368,0.0368,0.0,0.0201,0.0,0.0,0.0,0.0,0.0,0.052000000000000005
2294369742,9,0,-0.007,0.001,0.002,0.0,0.0,-0.0368,0.0368,0.0,0.0201,0.0,0.0,0.0,2092.0,0.0,0.052000000000000005
2294374740,9,0,-0.017,-0.002,-0.002,0.0,0.0,-0.0368,0.0368,0.0,0.02,0.0,0.0,0.0,7090.0,0.0,0.052000000000000005
2294377661,9,0,-0.014,-0.005,0.0,0.0,0.0,-0.0368,0.0368,0.0,0.02,0.0,0.0,0.0,10011.0,0.0,0.052000000000000005
2294381771,9,0,-0.015,-0.002,0.002,0.0,0.0,-0.0368,0.0368,0.0,0.02,0.0,0.0,0.0,14121.0,0.0,0.052000000000000005
2294386770,9,0,-0.017,-0.005,0.005,0.0,0.0,-0.0368,0.0368,0.0,0.0199,0.0,0.0,0.0,19120.0,0.0,0.052000000000000005
2294389575,9,0,-0.019,-0.006,0.004,0.0,0.0,-0.0368,0.0368,0.0,0.0199,0.0,0.0,0.0,21925.0,0.0,0.052000000000000005
2294394574,9,0,-0.02,-0.003,-0.001,0.0,0.0,-0.0368,0.0368,0.0,0.0198,0.0,0.0,0.0,0.0,0.0,0.052000000000000005
2294398675,9,0,-0.026000000000000002,-0.004,0.003,0.0,0.0,-0.0368,0.0368,0.0,0.0198,0.0,0.0,0.0,4101.0,0.0,0.052000000000000005
2294402679,9,0,-0.023,-0.005,-0.003,0.0,0.0,-0.0368,0.0368,0.0,0.019700000000000002,0.0,0.0,0.0,8105.0,0.0,0.052000000000000005
2294407681,9,0,-0.021,-0.001,0.001,0.0,0.0,-0.0368,0.0368,0.0,0.0196,0.0,0.0,0.0,13107.0,0.0,0.052000000000000005
2294409766,9,0,-0.02,-0.001,0.0,0.0,0.0,-0.0368,0.0368,0.0,0.0196,0.0,0.0,0.0,15192.0,0.0,0.052000000000000005
2294414768,9,0,-0.018000000000000002,0.001,0.005,0.0,0.0,-0.0368,0.0368,0.0,0.0195,0.0,0.0,0.0,20194.0,0.0,0.052000000000000005
2294417575,9,0,-0.017,0.003,0.006,0.0,0.0,-0.0368,0.0368,0.0,0.0194,0.0,0.0,0.0,23001.0,0.0,0.052000000000000005
2294421685,9,0,-0.02,0.0,-0.004,0.0,0.0,-0.0368,0.0368,0.0,0.0193,0.0,0.0,0.0,0.0,0.0,0.052000000000000005
2294425715,9,0,-0.018000000000000002,0.004,0.005,0.0,0.0,-0.0368,0.0368,0.0,0.019200000000000002,0.0,0.0,0.0,4030.0,0.0,0.052000000000000005
2294429773,9,0,-0.016,0.001,0.003,0.0,0.0,-0.0368,0.0368,0.0,0.019100000000000002,0.0,0.0,0.0,8088.0,0.0,0.052000000000000005
2294434574,9,0,-0.017,0.002,0.003,0.0,0.0,-0.0368,0.0368,0.0,0.019,0.0,0.0,0.0,12889.0,0.0,0.052000000000000005
2294438575,9,0,-0.013000000000000001,0.002,-0.002,0.0,0.0,-0.0368,0.0368,0.0,0.0189,0.0,0.0,0.0,16890.0,0.0,0.052000000000000005
2294443575,9,0,-0.005,0.006,-0.002,0.0,0.0,-0.0368,0.0368,0.0,0.0188,0.0,0.0,0.0,21890.0,0.0,0.052000000000000005
2294445602,9,0,-0.006,0.006,0.0,0.0,0.0,-0.0368,0.0368,0.0,0.0187,0.0,0.0,0.0,23917.0,0.0,0.052000000000000005
2294450573,9,0,-0.01,0.004,0.004,0.0,0.0,-0.0368,0.0368,0.0,0.0187,0.0,0.0,0.0,0.0,0.0,0.052000000000000005
2294454786,9,0,0.005,0.007,-0.001,0.0,0.0,-0.0368,0.0368,0.0,0.018600000000000002,0.0,0.0,0.0,4213.0,0.0,0.052000000000000005
2294457573,9,0,0.006,0.007,-0.002,0.0,0.0,-0.0368,0.0368,0.0,0.018600000000000002,0.0,0.0,0.0,7000.0,0.0,0.052000000000000005
2294461575,9,0,0.0,0.009000000000000001,0.002,0.0,0.0,-0.0368,0.0368,0.0,0.018500000000000003,0.0,0.0,0.0,11002.0,0.0,0.052000000000000005
2294465780,9,0,0.002,0.01,0.0,0.0,0.0,-0.0368,0.0368,0.0,0.0184,0.0,0.0,0.0,15207.0,0.0,0.052000000000000005
2294470760,9,0,0.005,0.008,0.0,0.0,0.0,-0.0368,0.0368,0.0,0.0184,0.0,0.0,0.0,20187.0,0.0,0.052000000000000005
2294474809,9,0,0.007,0.005,-0.003,0.0,0.0,-0.0368,0.0368,0.0,0.0184,0.0,0.0,0.0,24236.0,0.0,0.052000000000000005
2294477574,9,0,0.006,0.007,-0.004,0.0,0.0,-0.0368,0.0368,0.0,0.0184,0.0,0.0,0.0,0.0,0.0,0.052000000000000005
2294481681,9,0,0.006,0.014,0.003,0.0,0.0,-0.0368,0.0368,0.0,0.0183,0.0,0.0,0.0,4107.0,0.0,0.052000000000000005
2294485796,9,0,0.003,0.006,0.002,0.0,0.0,-0.0368,0.0368,0.0,0.0183,0.0,0.0,0.0,8222.0,0.0,0.052000000000000005
2294490768,9,0,0.001,0.009000000000000001,0.004,0.0,0.0,-0.0368,0.0368,0.0,0.0183,0.0,0.0,0.0,13194.0,0.0,0.052000000000000005
2294493574,9,0,-0.002,0.009000000000000001,0.002,0.0,0.0,-0.0368,0.0368,0.0,0.0183,0.0,0.0,0.0,16000.0,0.0,0.052000000000000005
2294497574,9,0,-0.001,0.003,-0.003,0.0,0.0,-0.0368,0.0368,0.0,0.0183,0.0,0.0,0.0,20000.0,0.0,0.052000000000000005
2294501587,9,0,0.001,0.006,0.002,0.0,0.0,-0.0368,0.0368,0.0,0.0183,0.0,0.0,0.0,24013.0,0.0,0.052000000000000005
2294505815,9,0,-0.002,0.005,-0.003,0.0,0.0,-0.0368,0.0368,0.0,0.0183,0.0,0.0,0.0,0.0,0.0,0.052000000000000005
2294510574,9,0,-0.01,0.004,0.001,0.0,0.0,-0.0368,0.0368,0.0,0.0183,0.0,0.0,0.0,4759.0,0.0,0.052000000000000005
2294514578,9,0,-0.011,0.006,0.0,0.0,0.0,-0.0368,0.0368,0.0,0.0182,0.0,0.0,0.0,8763.0,0.0,0.052000000000000005
2294518792,9,0,-0.01,0.002,-0.001,0.0,0.0,-0.0368,0.0368,0.0,0.0182,0.0,0.0,0.0,12977.0,0.0,0.052000000000000005
2294521574,9,0,-0.012,0.0,0.002,0.0,0.0,-0.0368,0.0368,0.0,0.0182,0.0,0.0,0.0,15759.0,0.0,0.052000000000000005
2294525601,9,0,-0.012,-0.001,0.001,0.0,0.0,-0.034800000000000005,0.034800000000000005,0.0,0.0181,0.0,0.0,0.0,19786.0,0.0,0.0492
2294529816,9,0,-0.014,-0.002,0.0,0.0,0.0,-0.0328,0.0328,0.0,0.018000000000000002,0.0,0.0,0.0,24001.0,0.0,0.0465
2294534579,9,0,-0.014,-0.006,0.002,0.0,0.0,-0.0304,0.0304,0.0,0.018000000000000002,0.0,0.0,0.0,0.0,0.0,0.043000000000000003
2294538810,9,0,-0.013000000000000001,-0.007,-0.001,0.0,0.0,-0.0284,0.0284,0.0,0.0179,0.0,0.0,0.0,4231.0,0.0,0.0402
2294543576,9,0,-0.016,-0.009000000000000001,-0.003,0.0,0.0,-0.026000000000000002,0.026000000000000002,0.0,0.0179,0.0,0.0,0.0,8997.0,0.0,0.0367
2294545605,9,0,-0.014,-0.012,-0.001,0.0,0.0,-0.025,0.025,0.0,0.0178,0.0,0.0,0.0,11026.0,0.0,0.0354
2294549816,9,0,-0.01,-0.014,-0.001,0.0,0.0,-0.023,0.023,0.0,0.0178,0.0,0.0,0.0,15237.0,0.0,0.032600000000000004
2294553817,9,0,-0.015,-0.013000000000000001,0.0,0.0,0.0,-0.0211,0.0211,0.0,0.0177,0.0,0.0,0.0,19238.0,0.0,0.0298
2294558580,9,0,-0.008,-0.013000000000000001,0.004,0.0,0.0,-0.018600000000000002,0.018600000000000002,0.0,0.0177,0.0,0.0,0.0,24001.0,0.0,0.0263
2294562816,9,0,-0.013000000000000001,-0.01,0.0,0.0,0.0,-0.0167,0.0167,0.0,0.0176,0.0,0.0,0.0,0.0,0.0,0.0236
2294565607,9,0,-0.012,-0.011,0.0,0.0,0.0,-0.0152,0.0152,0.0,0.0176,0.0,0.0,0.0,2791.0,0.0,0.021500000000000002
2294570579,9,0,-0.017,-0.015,-0.001,0.0,0.0,-0.012700000000000001,0.012700000000000001,0.0,0.0175,0.0,0.0,0.0,7763.0,0.0,0.018000000000000002
2294574816,9,0,-0.006,-0.012,0.004,0.0,0.0,-0.0108,0.0108,0.0,0.0175,0.0,0.0,0.0,12000.0,0.0,0.015300000000000001
2294578941,9,0,-0.005,-0.01,0.001,0.0,0.0,-0.0088,0.0088,0.0,0.017400000000000002,0.0,0.0,0.0,16125.0,0.0,0.0125
2294581646,9,0,-0.009000000000000001,-0.009000000000000001,-0.001,0.0,0.0,-0.0074,0.0074,0.0,0.017400000000000002,0.0,0.0,0.0,18830.0,0.0,0.010400000000000001
2294585844,9,0,-0.01,-0.01,0.002,0.0,0.0,-0.0054,0.0054,0.0,0.017400000000000002,0.0,0.0,0.0,23028.0,0.0,0.0076
2294590814,9,0,-0.008,-0.006,0.003,0.0,0.0,-0.0029000000000000002,0.0029000000000000002,0.0,0.0173,0.0,0.0,0.0,0.0,0.0,0.004200000000000001
2294595579,9,0,-0.002,-0.005,-0.005,0.0,0.0,-0.0005,0.0005,0.0,0.0173,0.0,0.0,0.0,4765.0,0.0,0.0007
2294597579,9,0,-0.009000000000000001,0.001,-0.003,0.0,0.0,0.0005,-0.0005,0.0,0.0173,0.0,0.0,0.0,6765.0,0.0,-0.0007
2294601821,9,0,-0.057,0.009000000000000001,-0.007,0.0,0.0,0.0025,-0.0025,0.0,0.0171,0.0,0.0,0.0,11007.0,0.0,-0.0035
2294606580,9,0,-0.049,-0.001,-0.005,0.0,0.0,0.0049,-0.0049,0.0,0.016900000000000002,0.0,0.0,0.0,15766.0,0.0,-0.006900000000000001
2294610937,9,0,-0.026000000000000002,0.02,0.011,0.0,0.0,0.006900000000000001,-0.006900000000000001,0.0,0.0166,0.0,0.0,0.0,20123.0,0.0,-0.0097
2294613580,9,0,-0.018000000000000002,0.031,0.013000000000000001,0.0,0.0,0.0083,-0.0083,0.0,0.0166,0.0,0.0,0.0,22766.0,0.0,-0.0118
2294617581,9,0,-0.015,0.038,0.003,0.0,0.0,0.0103,-0.0103,0.0,0.0164,0.0,0.0,0.0,0.0,0.0,-0.0146
2294622579,9,0,-0.024,0.044,0.001,0.0,0.0,0.012700000000000001,-0.012700000000000001,0.0,0.0162,0.0,0.0,0.0,4998.0,0.0,-0.018000000000000002
2294627579,9,0,-0.011,0.07,-0.009000000000000001,0.0,0.0,0.0152,-0.0152,0.0,0.0159,0.0,0.0,0.0,9998.0,0.0,-0.021500000000000002
2294629837,9,0,0.007,0.073,-0.024,0.0,0.0,0.0162,-0.0162,0.0,0.0158,0.0,0.0,0.0,12256.0,0.0,-0.0229
2294634573,9,0,-0.01,0.076,-0.015,0.0,0.0,0.018600000000000002,-0.018600000000000002,0.0,0.015700000000000002,0.0,0.0,0.0,16992.0,0.0,-0.0263
2294638579,9,0,-0.035,0.075,0.009000000000000001,0.0,0.0,0.0206,-0.0206,0.0,0.0155,0.0,0.0,0.0,20998.0,0.0,-0.0291
2294642934,9,0,-0.026000000000000002,0.066,0.002,0.0,0.0,0.022600000000000002,-0.022600000000000002,0.0,0.015300000000000001,0.0,0.0,0.0,25353.0,0.0,-0.031900000000000005
2294645607,9,0,-0.017,0.067,0.01,0.0,0.0,0.024,-0.024,0.0,0.0152,0.0,0.0,0.0,0.0,0.0,-0.034
2294649890,9,0,0.002,0.057,0.027,0.0,0.0,0.026000000000000002,-0.026000000000000002,0.0,0.0149,0.0,0.0,0.0,4283.0,0.0,-0.0367
2294654573,9,0,-0.006,0.044,0.015,0.0,0.0,0.0284,-0.0284,0.0,0.014700000000000001,0.0,0.0,0.0,8966.0,0.0,-0.0402
2294658573,9,0,-0.025,0.034,-0.01,0.0,0.0,0.0304,-0.0304,0.0,0.014400000000000001,0.0,0.0,0.0,12966.0,0.0,-0.043000000000000003
2294662814,9,0,-0.013000000000000001,0.026000000000000002,-0.011,0.0,0.0,0.0324,-0.0324,0.0,0.0142,0.0,0.0,0.0,17207.0,0.0,-0.0458
2294667574,9,0,-0.013000000000000001,0.024,-0.023,0.0,0.0,0.034800000000000005,-0.034800000000000005,0.0,0.014,0.0,0.0,0.0,21967.0,0.0,-0.0492
2294669866,9,0,-0.017,0.022,-0.021,0.0,0.0,0.0358,-0.0358,0.0,0.013900000000000001,0.0,0.0,0.0,24259.0,0.0,-0.0506
2294674573,9,0,-0.023,0.014,-0.012,0.0,0.0,0.0368,-0.0368,0.0,0.013800000000000002,0.0,0.0,0.0,0.0,0.0,-0.052000000000000005
2294678573,9,0,-0.034,0.005,0.005,0.0,0.0,0.0368,-0.0368,0.0,0.0137,0.0,0.0,0.0,4000.0,0.0,-0.052000000000000005
2294681686,9,0,-0.029,0.012,0.009000000000000001,0.0,0.0,0.0368,-0.0368,0.0,0.013600000000000001,0.0,0.0,0.0,7113.0,0.0,-0.052000000000000005
2294685845,9,0,-0.023,0.01,0.008,0.0,0.0,0.0368,-0.0368,0.0,0.0134,0.0,0.0,0.0,11272.0,0.0,-0.052000000000000005
2294690872,9,0,-0.031,0.003,0.017,0.0,0.0,0.0368,-0.0368,0.0,0.0132,0.0,0.0,0.0,16299.0,0.0,-0.052000000000000005
2294693574,9,0,-0.028,0.003,0.014,0.0,0.0,0.0368,-0.0368,0.0,0.013000000000000001,0.0,0.0,0.0,19001.0,0.0,-0.052000000000000005
2294697840,9,0,-0.007,-0.008,-0.008,0.0,0.0,0.0368,-0.0368,0.0,0.0128,0.0,0.0,0.0,23267.0,0.0,-0.052000000000000005
2294702535,9,0,-0.009000000000000001,-0.01,-0.007,0.0,0.0,0.0368,-0.0368,0.0,0.012700000000000001,0.0,0.0,0.0,0.0,0.0,-0.052000000000000005
2294706574,9,0,-0.016,-0.012,0.005,0.0,0.0,0.0368,-0.0368,0.0,0.012700000000000001,0.0,0.0,0.0,4039.0,0.0,-0.052000000000000005
2294710849,9,0,-0.019,-0.029,-0.006,0.0,0.0,0.0368,-0.0368,0.0,0.012700000000000001,0.0,0.0,0.0,8314.0,0.0,-0.052000000000000005
2294714899,9,0,-0.023,-0.03,0.003,0.0,0.0,0.0368,-0.0368,0.0,0.012700000000000001,0.0,0.0,0.0,12364.0,0.0,-0.052000000000000005
2294717574,9,0,-0.027,-0.032,0.012,0.0,0.0,0.0368,-0.0368,0.0,0.0128,0.0,0.0,0.0,15039.0,0.0,-0.052000000000000005
2294722572,9,0,-0.026000000000000002,-0.043000000000000003,0.004,0.0,0.0,0.0368,-0.0368,0.0,0.0129,0.0,0.0,0.0,20037.0,0.0,-0.052000000000000005
2294727535,9,0,-0.026000000000000002,-0.045,0.003,0.0,0.0,0.0368,-0.0368,0.0,0.013000000000000001,0.0,0.0,0.0,25000.0,0.0,-0.052000000000000005
2294731685,9,0,-0.02,-0.038,0.009000000000000001,0.0,0.0,0.0368,-0.0368,0.0,0.0131,0.0,0.0,0.0,0.0,0.0,-0.052000000000000005
2294733866,9,0,-0.011,-0.039,-0.007,0.0,0.0,0.0368,-0.0368,0.0,0.0132,0.0,0.0,0.0,2181.0,0.0,-0.052000000000000005
2294738575,9,0,-0.007,-0.04,-0.015,0.0,0.0,0.0368,-0.0368,0.0,0.0132,0.0,0.0,0.0,6890.0,0.0,-0.052000000000000005
2294743575,9,0,-0.001,-0.034,-0.002,0.0,0.0,0.0368,-0.0368,0.0,0.0134,0.0,0.0,0.0,11890.0,0.0,-0.052000000000000005
2294745601,9,0,0.004,-0.033,-0.001,0.0,0.0,0.0368,-0.0368,0.0,0.0134,0.0,0.0,0.0,13916.0,0.0,-0.052000000000000005
2294749962,9,0,0.008,-0.024,-0.005,0.0,0.0,0.0368,-0.0368,0.0,0.0135,0.0,0.0,0.0,18277.0,0.0,-0.052000000000000005
2294754966,9,0,0.013000000000000001,-0.021,0.003,0.0,0.0,0.0368,-0.0368,0.0,0.0137,0.0,0.0,0.0,23281.0,0.0,-0.052000000000000005
2294759573,9,0,0.014,-0.018000000000000002,0.005,0.0,0.0,0.0368,-0.0368,0.0,0.013800000000000002,0.0,0.0,0.0,0.0,0.0,-0.052000000000000005
2294761573,9,0,0.015,-0.015,0.007,0.0,0.0,0.0368,-0.0368,0.0,0.013800000000000002,0.0,0.0,0.0,2000.0,0.0,-0.052000000000000005
2294765929,9,0,0.026000000000000002,-0.008,0.003,0.0,0.0,0.0368,-0.0368,0.0,0.013900000000000001,0.0,0.0,0.0,6356.0,0.0,-0.052000000000000005
2294770574,9,0,0.026000000000000002,-0.007,0.005,0.0,0.0,0.0368,-0.0368,0.0,0.014,0.0,0.0,0.0,11001.0,0.0,-0.052000000000000005
2294774982,9,0,0.033,-0.004,0.003,0.0,0.0,0.0368,-0.0368,0.0,0.014100000000000001,0.0,0.0,0.0,15409.0,0.0,-0.052000000000000005
2294779535,9,0,0.048,0.001,0.001,0.0,0.0,0.0368,-0.0368,0.0,0.0142,0.0,0.0,0.0,19962.0,0.0,-0.052000000000000005
2294781687,9,0,0.051000000000000004,0.0,0.001,0.0,0.0,0.0368,-0.0368,0.0,0.0142,0.0,0.0,0.0,22114.0,0.0,-0.052000000000000005
2294785904,9,0,0.053,-0.002,-0.003,0.0,0.0,0.0368,-0.0368,0.0,0.0143,0.0,0.0,0.0,0.0,0.0,-0.052000000000000005
2294789991,9,0,0.055,-0.003,-0.004,0.0,0.0,0.0368,-0.0368,0.0,0.014400000000000001,0.0,0.0,0.0,4087.0,0.0,-0.052000000000000005
2294794536,9,0,0.055,-0.011,-0.009000000000000001,0.0,0.0,0.0368,-0.0368,0.0,0.0145,0.0,0.0,0.0,8632.0,0.0,-0.052000000000000005
2294798573,9,0,0.054,-0.009000000000000001,-0.008,0.0,0.0,0.0368,-0.0368,0.0,0.014700000000000001,0.0,0.0,0.0,12669.0,0.0,-0.052000000000000005
2294803060,9,0,0.049,-0.011,-0.003,0.0,0.0,0.0368,-0.0368,0.0,0.0148,0.0,0.0,0.0,17156.0,0.0,-0.052000000000000005
2294807958,9,0,0.045,-0.016,0.002,0.0,0.0,0.0368,-0.0368,0.0,0.015000000000000001,0.0,0.0,0.0,22054.0,0.0,-0.052000000000000005
2294810004,9,0,0.046,-0.017,0.005,0.0,0.0,0.0368,-0.0368,0.0,0.015000000000000001,0.0,0.0,0.0,24100.0,0.0,-0.052000000000000005
2294814573,9,0,0.053,-0.017,0.004,0.0,0.0,0.0368,-0.0368,0.0,0.0151,0.0,0.0,0.0,0.0,0.0,-0.052000000000000005
2294818967,9,0,0.055,-0.019,-0.001,0.0,0.0,0.0368,-0.0368,0.0,0.015300000000000001,0.0,0.0,0.0,4394.0,0.0,-0.052000000000000005
2294823574,9,0,0.053,-0.025,-0.001,0.0,0.0,0.0368,-0.0368,0.0,0.0155,0.0,0.0,0.0,9001.0,0.0,-0.052000000000000005
2294825973,9,0,0.046,-0.03,0.0,0.0,0.0,0.0368,-0.0368,0.0,0.015700000000000002,0.0,0.0,0.0,11400.0,0.0,-0.052000000000000005
2294830021,9,0,0.036000000000000004,-0.031,0.0,0.0,0.0,0.0368,-0.0368,0.0,0.0159,0.0,0.0,0.0,15448.0,0.0,-0.052000000000000005
2294834611,9,0,0.036000000000000004,-0.036000000000000004,-0.002,0.0,0.0,0.0368,-0.0368,0.0,0.0161,0.0,0.0,0.0,20038.0,0.0,-0.052000000000000005
2294838981,9,0,0.018000000000000002,-0.042,0.002,0.0,0.0,0.0368,-0.0368,0.0,0.0164,0.0,0.0,0.0,24408.0,0.0,-0.052000000000000005
2294843534,9,0,0.021,-0.045,0.002,0.0,0.0,0.0368,-0.0368,0.0,0.0166,0.0,0.0,0.0,0.0,0.0,-0.052000000000000005
2294845824,9,0,0.015,-0.045,0.001,0.0,0.0,0.0368,-0.0368,0.0,0.0167,0.0,0.0,0.0,2290.0,0.0,-0.052000000000000005
2294850033,9,0,0.009000000000000001,-0.049,-0.001,0.0,0.0,0.0368,-0.0368,0.0,0.016900000000000002,0.0,0.0,0.0,6499.0,0.0,-0.052000000000000005
2294855037,9,0,0.006,-0.051000000000000004,-0.001,0.0,0.0,0.0368,-0.0368,0.0,0.0171,0.0,0.0,0.0,11503.0,0.0,-0.052000000000000005
2294857572,9,0,0.004,-0.05,-0.003,0.0,0.0,0.0368,-0.0368,0.0,0.0172,0.0,0.0,0.0,14038.0,0.0,-0.052000000000000005
2294862534,9,0,0.0,-0.051000000000000004,0.0,0.0,0.0,0.0368,-0.0368,0.0,0.017400000000000002,0.0,0.0,0.0,19000.0,0.0,-0.052000000000000005
2294866603,9,0,-0.007,-0.053,-0.001,0.0,0.0,0.0368,-0.0368,0.0,0.0175,0.0,0.0,0.0,23069.0,0.0,-0.052000000000000005
2294871002,9,0,-0.011,-0.045,0.005,0.0,0.0,0.0368,-0.0368,0.0,0.0176,0.0,0.0,0.0,0.0,0.0,-0.052000000000000005
2294875533,9,0,-0.01,-0.044,0.004,0.0,0.0,0.0368,-0.0368,0.0,0.0177,0.0,0.0,0.0,4531.0,0.0,-0.052000000000000005
2294879533,9,0,-0.006,-0.046,0.009000000000000001,0.0,0.0,0.0368,-0.0368,0.0,0.0178,0.0,0.0,0.0,8531.0,0.0,-0.052000000000000005
2294881681,9,0,-0.01,-0.043000000000000003,0.005,0.0,0.0,0.0368,-0.0368,0.0,0.0179,0.0,0.0,0.0,10679.0,0.0,-0.052000000000000005
2294886013,9,0,-0.008,-0.034,-0.001,0.0,0.0,0.0368,-0.0368,0.0,0.0179,0.0,0.0,0.0,15011.0,0.0,-0.052000000000000005
2294890065,9,0,-0.009000000000000001,-0.034,-0.001,0.0,0.0,0.0368,-0.0368,0.0,0.0179,0.0,0.0,0.0,19063.0,0.0,-0.052000000000000005
2294894535,9,0,0.001,-0.034,0.0,0.0,0.0,0.0368,-0.0368,0.0,0.0179,0.0,0.0,0.0,23533.0,0.0,-0.052000000000000005
2294899089,9,0,0.01,-0.025,-0.007,0.0,0.0,0.0368,-0.0368,0.0,0.018000000000000002,0.0,0.0,0.0,0.0,0.0,-0.052000000000000005
2294903562,9,0,0.01,-0.019,-0.006,0.0,0.0,0.0368,-0.0368,0.0,0.018000000000000002,0.0,0.0,0.0,4473.0,0.0,-0.052000000000000005
2294906029,9,0,0.013000000000000001,-0.019,-0.002,0.0,0.0,0.0368,-0.0368,0.0,0.018000000000000002,0.0,0.0,0.0,6940.0,0.0,-0.052000000000000005
2294910077,9,0,0.016,-0.015,0.002,0.0,0.0,0.0368,-0.0368,0.0,0.0181,0.0,0.0,0.0,10988.0,0.0,-0.052000000000000005
2294914572,9,0,0.014,-0.012,-0.002,0.0,0.0,0.0368,-0.0368,0.0,0.0181,0.0,0.0,0.0,15483.0,0.0,-0.052000000000000005
2294919040,9,0,0.019,-0.011,-0.002,0.0,0.0,0.0368,-0.0368,0.0,0.0181,0.0,0.0,0.0,19951.0,0.0,-0.052000000000000005
2294923040,9,0,0.027,-0.003,0.002,0.0,0.0,0.0368,-0.0368,0.0,0.0181,0.0,0.0,0.0,23951.0,0.0,-0.052000000000000005
2294927532,9,0,0.028,0.001,-0.004,0.0,0.0,0.0368,-0.0368,0.0,0.0182,0.0,0.0,0.0,0.0,0.0,-0.052000000000000005
2294931790,9,0,0.033,0.002,0.002,0.0,0.0,0.0368,-0.0368,0.0,0.0182,0.0,0.0,0.0,4258.0,0.0,-0.052000000000000005
2294934050,9,0,0.034,0.006,0.004,0.0,0.0,0.0368,-0.0368,0.0,0.0182,0.0,0.0,0.0,6518.0,0.0,-0.052000000000000005
2294938536,9,0,0.034,0.006,0.001,0.0,0.0,0.0368,-0.0368,0.0,0.0183,0.0,0.0,0.0,11004.0,0.0,-0.052000000000000005
2294943562,9,0,0.029,0.012,0.0,0.0,0.0,0.0368,-0.0368,0.0,0.0183,0.0,0.0,0.0,16030.0,0.0,-0.052000000000000005
2294946057,9,0,0.029,0.01,0.003,0.0,0.0,0.0368,-0.0368,0.0,0.0184,0.0,0.0,0.0,18525.0,0.0,-0.052000000000000005
2294950110,9,0,0.021,0.018000000000000002,-0.005,0.0,0.0,0.0368,-0.0368,0.0,0.0184,0.0,0.0,0.0,22578.0,0.0,-0.052000000000000005
2294955113,9,0,0.022,0.018000000000000002,-0.003,0.0,0.0,0.0368,-0.0368,0.0,0.0184,0.0,0.0,0.0,0.0,0.0,-0.052000000000000005
2294959533,9,0,0.012,0.018000000000000002,-0.004,0.0,0.0,0.0368,-0.0368,0.0,0.0184,0.0,0.0,0.0,4420.0,0.0,-0.052000000000000005
2294963562,9,0,0.009000000000000001,0.02,0.001,0.0,0.0,0.0368,-0.0368,0.0,0.0184,0.0,0.0,0.0,8449.0,0.0,-0.052000000000000005
2294966075,9,0,0.005,0.015,0.003,0.0,0.0,0.0368,-0.0368,0.0,0.0184,0.0,0.0,0.0,10962.0,0.0,-0.052000000000000005
2294971035,9,0,0.003,0.017,0.003,0.0,0.0,0.0368,-0.0368,0.0,0.0184,0.0,0.0,0.0,15922.0,0.0,-0.052000000000000005
2294975127,9,0,-0.007,0.016,0.001,0.0,0.0,0.0368,-0.0368,0.0,0.0184,0.0,0.0,0.0,20014.0,0.0,-0.052000000000000005
2294979532,9,0,-0.013000000000000001,0.015,0.002,0.0,0.0,0.0368,-0.0368,0.0,0.0183,0.0,0.0,0.0,24419.0,0.0,-0.052000000000000005
2294981681,9,0,-0.013000000000000001,0.014,0.005,0.0,0.0,0.0368,-0.0368,0.0,0.0183,0.0,0.0,0.0,0.0,0.0,-0.052000000000000005
2294986088,9,0,-0.022,0.013000000000000001,0.002,0.0,0.0,0.0368,-0.0368,0.0,0.0181,0.0,0.0,0.0,4407.0,0.0,-0.052000000000000005
2294990138,9,0,-0.025,0.009000000000000001,0.002,0.0,0.0,0.0368,-0.0368,0.0,0.018000000000000002,0.0,0.0,0.0,8457.0,0.0,-0.052000000000000005
2294994574,9,0,-0.022,0.007,0.003,0.0,0.0,0.0368,-0.0368,0.0,0.018000000000000002,0.0,0.0,0.0,12893.0,0.0,-0.052000000000000005
2294999097,9,0,-0.038,0.003,-0.003,0.0,0.0,0.0368,-0.0368,0.0,0.0178,0.0,0.0,0.0,17416.0,0.0,-0.052000000000000005
2295003102,9,0,-0.038,0.002,0.003,0.0,0.0,0.0368,-0.0368,0.0,0.0176,0.0,0.0,0.0,21421.0,0.0,-0.052000000000000005
2295007534,9,0,-0.041,-0.001,0.001,0.0,0.0,0.0368,-0.0368,0.0,0.017400000000000002,0.0,0.0,0.0,25853.0,0.0,-0.052000000000000005
2295010154,9,0,-0.04,-0.002,0.001,0.0,0.0,0.0368,-0.0368,0.0,0.0173,0.0,0.0,0.0,0.0,0.0,-0.052000000000000005
2295015157,9,0,-0.039,-0.007,0.002,0.0,0.0,0.0368,-0.0368,0.0,0.0171,0.0,0.0,0.0,5003.0,0.0,-0.052000000000000005
2295019531,9,0,-0.042,-0.003,0.003,0.0,0.0,0.0368,-0.0368,0.0,0.016900000000000002,0.0,0.0,0.0,9377.0,0.0,-0.052000000000000005
2295023560,9,0,-0.041,-0.005,0.002,0.0,0.0,0.0368,-0.0368,0.0,0.016800000000000002,0.0,0.0,0.0,13406.0,0.0,-0.052000000000000005
2295026574,9,0,-0.039,-0.005,0.002,0.0,0.0,0.0368,-0.0368,0.0,0.0167,0.0,0.0,0.0,16420.0,0.0,-0.052000000000000005
2295031681,9,0,-0.039,-0.008,0.0,0.0,0.0,0.0368,-0.0368,0.0,0.0164,0.0,0.0,0.0,21527.0,0.0,-0.052000000000000005
2295034124,9,0,-0.038,-0.006,0.002,0.0,0.0,0.0368,-0.0368,0.0,0.016300000000000002,0.0,0.0,0.0,23970.0,0.0,-0.052000000000000005
2295038129,9,0,-0.037,-0.004,0.003,0.0,0.0,0.0368,-0.0368,0.0,0.0162,0.0,0.0,0.0,0.0,0.0,-0.052000000000000005
2295042531,9,0,-0.039,-0.001,-0.003,0.0,0.0,0.0368,-0.0368,0.0,0.016,0.0,0.0,0.0,4402.0,0.0,-0.052000000000000005
2295046531,9,0,-0.035,-0.002,-0.001,0.0,0.0,0.0368,-0.0368,0.0,0.0159,0.0,0.0,0.0,8402.0,0.0,-0.052000000000000005
2295050531,9,0,-0.029,0.002,-0.001,0.0,0.0,0.0368,-0.0368,0.0,0.015700000000000002,0.0,0.0,0.0,12402.0,0.0,-0.052000000000000005
2295055183,9,0,-0.023,0.007,-0.002,0.0,0.0,0.0368,-0.0368,0.0,0.015600000000000001,0.0,0.0,0.0,17054.0,0.0,-0.052000000000000005
2295059530,9,0,-0.023,0.012,-0.002,0.0,0.0,0.0368,-0.0368,0.0,0.0155,0.0,0.0,0.0,21401.0,0.0,-0.052000000000000005
2295063559,9,0,-0.017,0.019,0.0,0.0,0.0,0.0368,-0.0368,0.0,0.0154,0.0,0.0,0.0,25430.0,0.0,-0.052000000000000005
2295066148,9,0,-0.015,0.021,-0.002,0.0,0.0,0.0368,-0.0368,0.0,0.015300000000000001,0.0,0.0,0.0,0.0,0.0,-0.052000000000000005
2295070197,9,0,-0.019,0.024,-0.002,0.0,0.0,0.0368,-0.0368,0.0,0.0152,0.0,0.0,0.0,4049.0,0.0,-0.052000000000000005
2295075200,9,0,-0.018000000000000002,0.031,0.0,0.0,0.0,0.0368,-0.0368,0.0,0.0151,0.0,0.0,0.0,9052.0,0.0,-0.052000000000000005
2295079530,9,0,-0.02,0.033,0.003,0.0,0.0,0.0368,-0.0368,0.0,0.0149,0.0,0.0,0.0,13382.0,0.0,-0.052000000000000005
2295081684,9,0,-0.022,0.033,0.002,0.0,0.0,0.0368,-0.0368,0.0,0.0149,0.0,0.0,0.0,15536.0,0.0,-0.052000000000000005
2295086162,9,0,-0.008,0.041,-0.001,0.0,0.0,0.0368,-0.0368,0.0,0.014700000000000001,0.0,0.0,0.0,20014.0,0.0,-0.052000000000000005
2295090576,9,0,-0.012,0.043000000000000003,0.005,0.0,0.0,0.0368,-0.0368,0.0,0.0146,0.0,0.0,0.0,24428.0,0.0,-0.052000000000000005
2295095214,9,0,-0.016,0.045,-0.003,0.0,0.0,0.0368,-0.0368,0.0,0.014400000000000001,0.0,0.0,0.0,0.0,0.0,-0.052000000000000005
2295099530,9,0,-0.016,0.048,-0.003,0.0,0.0,0.0368,-0.0368,0.0,0.0143,0.0,0.0,0.0,4316.0,0.0,-0.052000000000000005
2295103559,9,0,-0.009000000000000001,0.049,0.004,0.0,0.0,0.0368,-0.0368,0.0,0.014100000000000001,0.0,0.0,0.0,8345.0,0.0,-0.052000000000000005
2295106177,9,0,-0.009000000000000001,0.05,0.002,0.0,0.0,0.0368,-0.0368,0.0,0.014,0.0,0.0,0.0,10963.0,0.0,-0.052000000000000005
2295110226,9,0,-0.02,0.048,-0.001,0.0,0.0,0.0368,-0.0368,0.0,0.013800000000000002,0.0,0.0,0.0,15012.0,0.0,-0.052000000000000005
2295114532,9,0,-0.021,0.046,-0.002,0.0,0.0,0.0368,-0.0368,0.0,0.013600000000000001,0.0,0.0,0.0,19318.0,0.0,-0.052000000000000005
2295119185,9,0,-0.022,0.042,0.001,0.0,0.0,0.0368,-0.0368,0.0,0.013300000000000001,0.0,0.0,0.0,23971.0,0.0,-0.052000000000000005
2295123294,9,0,-0.022,0.038,0.0,0.0,0.0,0.0368,-0.0368,0.0,0.0131,0.0,0.0,0.0,0.0,0.0,-0.052000000000000005
2295128193,9,0,-0.02,0.037,0.002,0.0,0.0,0.0368,-0.0368,0.0,0.0129,0.0,0.0,0.0,4899.0,0.0,-0.052000000000000005
2295130241,9,0,-0.02,0.036000000000000004,0.001,0.0,0.0,0.0368,-0.0368,0.0,0.012700000000000001,0.0,0.0,0.0,6947.0,0.0,-0.052000000000000005
2295134531,9,0,-0.025,0.026000000000000002,-0.001,0.0,0.0,0.0368,-0.0368,0.0,0.0125,0.0,0.0,0.0,11237.0,0.0,-0.052000000000000005
2295138533,9,0,-0.027,0.023,0.002,0.0,0.0,0.0368,-0.0368,0.0,0.0123,0.0,0.0,0.0,15239.0,0.0,-0.052000000000000005
2295143559,9,0,-0.032,0.018000000000000002,0.003,0.0,0.0,0.0368,-0.0368,0.0,0.012100000000000001,0.0,0.0,0.0,20265.0,0.0,-0.052000000000000005
2295146204,9,0,-0.034,0.013000000000000001,0.0,0.0,0.0,0.0368,-0.0368,0.0,0.0119,0.0,0.0,0.0,22910.0,0.0,-0.052000000000000005
2295150253,9,0,-0.027,0.01,0.0,0.0,0.0,0.0368,-0.0368,0.0,0.0117,0.0,0.0,0.0,0.0,0.0,-0.052000000000000005
2295154578,9,0,-0.031,0.004,-0.001,0.0,0.0,0.0368,-0.0368,0.0,0.011600000000000001,0.0,0.0,0.0,4325.0,0.0,-0.052000000000000005
2295159215,9,0,-0.033,0.0,0.001,0.0,0.0,0.0368,-0.0368,0.0,0.0114,0.0,0.0,0.0,8962.0,0.0,-0.052000000000000005
2295163217,9,0,-0.033,-0.004,0.001,0.0,0.0,0.0368,-0.0368,0.0,0.011300000000000001,0.0,0.0,0.0,12964.0,0.0,-0.052000000000000005
2295167529,9,0,-0.033,-0.011,0.0,0.0,0.0,0.0368,-0.0368,0.0,0.0112,0.0,0.0,0.0,17276.0,0.0,-0.052000000000000005
2295171529,9,0,-0.034,-0.007,0.004,0.0,0.0,0.0368,-0.0368,0.0,0.011000000000000001,0.0,0.0,0.0,21276.0,0.0,-0.052000000000000005
2295176228,9,0,-0.027,-0.008,0.003,0.0,0.0,0.0368,-0.0368,0.0,0.0109,0.0,0.0,0.0,25975.0,0.0,-0.052000000000000005
2295178532,9,0,-0.023,-0.009000000000000001,0.003,0.0,0.0,0.0368,-0.0368,0.0,0.0109,0.0,0.0,0.0,0.0,0.0,-0.052000000000000005
2295183234,9,0,-0.026000000000000002,-0.009000000000000001,-0.001,0.0,0.0,0.0368,-0.0368,0.0,0.0108,0.0,0.0,0.0,4702.0,0.0,-0.052000000000000005
2295187340,9,0,-0.029,-0.011,-0.004,0.0,0.0,0.0368,-0.0368,0.0,0.0108,0.0,0.0,0.0,8808.0,0.0,-0.052000000000000005
2295192238,9,0,-0.031,-0.011,0.003,0.0,0.0,0.0368,-0.0368,0.0,0.010700000000000001,0.0,0.0,0.0,13706.0,0.0,-0.052000000000000005
2295194242,9,0,-0.028,-0.008,0.001,0.0,0.0,0.0368,-0.0368,0.0,0.010700000000000001,0.0,0.0,0.0,15710.0,0.0,-0.052000000000000005
2295198531,9,0,-0.026000000000000002,-0.003,-0.001,0.0,0.0,0.0368,-0.0368,0.0,0.010700000000000001,0.0,0.0,0.0,19999.0,0.0,-0.052000000000000005
2295202531,9,0,-0.024,-0.001,0.002,0.0,0.0,0.0368,-0.0368,0.0,0.0106,0.0,0.0,0.0,23999.0,0.0,-0.052000000000000005
2295207250,9,0,-0.018000000000000002,0.003,-0.002,0.0,0.0,0.0368,-0.0368,0.0,0.0106,0.0,0.0,0.0,0.0,0.0,-0.052000000000000005
2295211529,9,0,-0.018000000000000002,0.006,0.0,0.0,0.0,0.0368,-0.0368,0.0,0.0105,0.0,0.0,0.0,4279.0,0.0,-0.052000000000000005
2295215531,9,0,-0.017,0.008,-0.005,0.0,0.0,0.0368,-0.0368,0.0,0.0105,0.0,0.0,0.0,8281.0,0.0,-0.052000000000000005
2295220310,9,0,-0.008,0.013000000000000001,-0.002,0.0,0.0,0.0368,-0.0368,0.0,0.010400000000000001,0.0,0.0,0.0,13060.0,0.0,-0.052000000000000005
2295222529,9,0,-0.008,0.014,0.0,0.0,0.0,0.0368,-0.0368,0.0,0.010400000000000001,0.0,0.0,0.0,15279.0,0.0,-0.052000000000000005
2295227220,9,0,-0.003,0.017,0.001,0.0,0.0,0.0368,-0.0368,0.0,0.0103,0.0,0.0,0.0,19970.0,0.0,-0.052000000000000005
2295231680,9,0,-0.001,0.02,0.001,0.0,0.0,0.0368,-0.0368,0.0,0.0103,0.0,0.0,0.0,24430.0,0.0,-0.052000000000000005
2295234270,9,0,-0.002,0.022,0.002,0.0,0.0,0.0368,-0.0368,0.0,0.0102,0.0,0.0,0.0,0.0,0.0,-0.052000000000000005
2295238274,9,0,0.002,0.022,0.001,0.0,0.0,0.0368,-0.0368,0.0,0.010100000000000001,0.0,0.0,0.0,4004.0,0.0,-0.052000000000000005
2295242530,9,0,0.004,0.02,-0.002,0.0,0.0,0.0368,-0.0368,0.0,0.010100000000000001,0.0,0.0,0.0,8260.0,0.0,-0.052000000000000005
2295246531,9,0,0.008,0.019,-0.005,0.0,0.0,0.0368,-0.0368,0.0,0.01,0.0,0.0,0.0,12261.0,0.0,-0.052000000000000005
2295250575,9,0,0.005,0.017,-0.003,0.0,0.0,0.0368,-0.0368,0.0,0.0099,0.0,0.0,0.0,16305.0,0.0,-0.052000000000000005
2295255329,9,0,0.014,0.017,0.001,0.0,0.0,0.0368,-0.0368,0.0,0.0098,0.0,0.0,0.0,21059.0,0.0,-0.052000000000000005
2295259530,9,0,0.014,0.017,0.0,0.0,0.0,0.0368,-0.0368,0.0,0.0098,0.0,0.0,0.0,25260.0,0.0,-0.052000000000000005
2295264290,9,0,0.018000000000000002,0.018000000000000002,-0.003,0.0,0.0,0.0368,-0.0368,0.0,0.0097,0.0,0.0,0.0,0.0,0.0,-0.052000000000000005
2295266294,9,0,0.014,0.016,-0.004,0.0,0.0,0.0368,-0.0368,0.0,0.0097,0.0,0.0,0.0,2004.0,0.0,-0.052000000000000005
2295270530,9,0,0.012,0.009000000000000001,-0.001,0.0,0.0,0.0368,-0.0368,0.0,0.009600000000000001,0.0,0.0,0.0,6240.0,0.0,-0.052000000000000005
2295275344,9,0,0.013000000000000001,0.004,0.006,0.0,0.0,0.0368,-0.0368,0.0,0.009600000000000001,0.0,0.0,0.0,11054.0,0.0,-0.052000000000000005
2295279527,9,0,0.012,0.0,0.001,0.0,0.0,0.0368,-0.0368,0.0,0.009600000000000001,0.0,0.0,0.0,15237.0,0.0,-0.052000000000000005
2295281681,9,0,0.009000000000000001,-0.002,0.0,0.0,0.0,0.0368,-0.0368,0.0,0.009600000000000001,0.0,0.0,0.0,17391.0,0.0,-0.052000000000000005
2295286308,9,0,0.008,-0.004,-0.003,0.0,0.0,0.0368,-0.0368,0.0,0.009600000000000001,0.0,0.0,0.0,22018.0,0.0,-0.052000000000000005
2295290354,9,0,0.013000000000000001,-0.007,0.001,0.0,0.0,0.0368,-0.0368,0.0,0.009600000000000001,0.0,0.0,0.0,0.0,0.0,-0.052000000000000005
2295294529,9,0,0.008,-0.015,-0.002,0.0,0.0,0.0368,-0.0368,0.0,0.009600000000000001,0.0,0.0,0.0,4175.0,0.0,-0.052000000000000005
2295298530,9,0,0.006,-0.018000000000000002,-0.006,0.0,0.0,0.0368,-0.0368,0.0,0.0097,0.0,0.0,0.0,8176.0,0.0,-0.052000000000000005
2295303320,9,0,0.002,-0.021,0.004,0.0,0.0,0.0368,-0.0368,0.0,0.0098,0.0,0.0,0.0,12966.0,0.0,-0.052000000000000005
2295307529,9,0,-0.005,-0.02,0.004,0.0,0.0,0.0368,-0.0368,0.0,0.0098,0.0,0.0,0.0,17175.0,0.0,-0.052000000000000005
2295312325,9,0,-0.003,-0.023,0.001,0.0,0.0,0.0368,-0.0368,0.0,0.0099,0.0,0.0,0.0,21971.0,0.0,-0.052000000000000005
2295314575,9,0,-0.003,-0.023,0.001,0.0,0.0,0.0368,-0.0368,0.0,0.0099,0.0,0.0,0.0,24221.0,0.0,-0.052000000000000005
2295319331,9,0,-0.007,-0.027,-0.001,0.0,0.0,0.0368,-0.0368,0.0,0.01,0.0,0.0,0.0,0.0,0.0,-0.052000000000000005
2295323332,9,0,-0.008,-0.028,-0.002,0.0,0.0,0.0368,-0.0368,0.0,0.010100000000000001,0.0,0.0,0.0,4001.0,0.0,-0.052000000000000005
2295327529,9,0,-0.014,-0.031,-0.003,0.0,0.0,0.0368,-0.0368,0.0,0.010100000000000001,0.0,0.0,0.0,8198.0,0.0,-0.052000000000000005
2295330386,9,0,-0.008,-0.032,0.0,0.0,0.0,0.0368,-0.0368,0.0,0.0102,0.0,0.0,0.0,11055.0,0.0,-0.052000000000000005
2295334528,9,0,-0.009000000000000001,-0.031,0.0,0.0,0.0,0.0368,-0.0368,0.0,0.0103,0.0,0.0,0.0,15197.0,0.0,-0.052000000000000005
2295338530,9,0,-0.008,-0.028,-0.001,0.0,0.0,0.0368,-0.0368,0.0,0.0103,0.0,0.0,0.0,19199.0,0.0,-0.052000000000000005
2295343349,9,0,-0.004,-0.029,0.002,0.0,0.0,0.0368,-0.0368,0.0,0.010400000000000001,0.0,0.0,0.0,24018.0,0.0,-0.052000000000000005
2295347457,9,0,-0.008,-0.028,-0.001,0.0,0.0,0.0368,-0.0368,0.0,0.010400000000000001,0.0,0.0,0.0,0.0,0.0,-0.052000000000000005
2295352355,9,0,-0.004,-0.027,0.004,0.0,0.0,0.0368,-0.0368,0.0,0.0105,0.0,0.0,0.0,4898.0,0.0,-0.052000000000000005
2295354564,9,0,-0.001,-0.026000000000000002,0.0,0.0,0.0,0.0368,-0.0368,0.0,0.0105,0.0,0.0,0.0,7107.0,0.0,-0.052000000000000005
2295359357,9,0,0.008,-0.022,0.0,0.0,0.0,0.0368,-0.0368,0.0,0.0106,0.0,0.0,0.0,11900.0,0.0,-0.052000000000000005
2295363363,9,0,0.006,-0.02,0.0,0.0,0.0,0.0368,-0.0368,0.0,0.0106,0.0,0.0,0.0,15906.0,0.0,-0.052000000000000005
2295367528,9,0,0.015,-0.017,-0.004,0.0,0.0,0.0368,-0.0368,0.0,0.0106,0.0,0.0,0.0,20071.0,0.0,-0.052000000000000005
2295371529,9,0,0.013000000000000001,-0.017,-0.001,0.0,0.0,0.0368,-0.0368,0.0,0.010700000000000001,0.0,0.0,0.0,24072.0,0.0,-0.052000000000000005
2295374372,9,0,0.013000000000000001,-0.019,0.002,0.0,0.0,0.0368,-0.0368,0.0,0.010700000000000001,0.0,0.0,0.0,0.0,0.0,-0.052000000000000005
2295378574,9,0,0.018000000000000002,-0.018000000000000002,0.002,0.0,0.0,0.0368,-0.0368,0.0,0.010700000000000001,0.0,0.0,0.0,4202.0,0.0,-0.052000000000000005
2295381681,9,0,0.023,-0.01,-0.003,0.0,0.0,0.0368,-0.0368,0.0,0.0108,0.0,0.0,0.0,7309.0,0.0,-0.052000000000000005
2295386530,9,0,0.03,-0.009000000000000001,0.002,0.0,0.0,0.0368,-0.0368,0.0,0.0109,0.0,0.0,0.0,12158.0,0.0,-0.052000000000000005
2295391390,9,0,0.032,-0.01,0.0,0.0,0.0,0.0368,-0.0368,0.0,0.0109,0.0,0.0,0.0,17018.0,0.0,-0.052000000000000005
2295395528,9,0,0.036000000000000004,-0.008,0.003,0.0,0.0,0.0368,-0.0368,0.0,0.011000000000000001,0.0,0.0,0.0,21156.0,0.0,-0.052000000000000005
2295400437,9,0,0.033,-0.01,0.001,0.0,0.0,0.0368,-0.0368,0.0,0.0111,0.0,0.0,0.0,26065.0,0.0,-0.052000000000000005
2295402554,9,0,0.033,-0.008,-0.001,0.0,0.0,0.0368,-0.0368,0.0,0.0112,0.0,0.0,0.0,0.0,0.0,-0.052000000000000005
2295407527,9,0,0.037,-0.004,0.002,0.0,0.0,0.0368,-0.0368,0.0,0.011300000000000001,0.0,0.0,0.0,4973.0,0.0,-0.052000000000000005
2295412398,9,0,0.031,-0.01,-0.001,0.0,0.0,0.0368,-0.0368,0.0,0.0114,0.0,0.0,0.0,9844.0,0.0,-0.052000000000000005
2295414400,9,0,0.028,-0.009000000000000001,-0.003,0.0,0.0,0.0368,-0.0368,0.0,0.0115,0.0,0.0,0.0,11846.0,0.0,-0.052000000000000005
2295418526,9,0,0.032,-0.01,-0.002,0.0,0.0,0.0368,-0.0368,0.0,0.011600000000000001,0.0,0.0,0.0,15972.0,0.0,-0.052000000000000005
2295422528,9,0,0.033,-0.011,0.0,0.0,0.0,0.0368,-0.0368,0.0,0.0117,0.0,0.0,0.0,19974.0,0.0,-0.052000000000000005
2295427409,9,0,0.029,-0.006,-0.002,0.0,0.0,0.0368,-0.0368,0.0,0.0118,0.0,0.0,0.0,24855.0,0.0,-0.052000000000000005
2295431680,9,0,0.03,-0.01,0.001,0.0,0.0,0.0368,-0.0368,0.0,0.012,0.0,0.0,0.0,0.0,0.0,-0.052000000000000005
2295434412,9,0,0.023,-0.013000000000000001,0.001,0.0,0.0,0.0368,-0.0368,0.0,0.012100000000000001,0.0,0.0,0.0,2732.0,0.0,-0.052000000000000005
2295438417,9,0,0.013000000000000001,-0.014,0.001,0.0,0.0,0.0368,-0.0368,0.0,0.012100000000000001,0.0,0.0,0.0,6737.0,0.0,-0.052000000000000005
2295442576,9,0,0.009000000000000001,-0.018000000000000002,-0.004,0.0,0.0,0.0368,-0.0368,0.0,0.0122,0.0,0.0,0.0,10896.0,0.0,-0.052000000000000005
2295447527,9,0,0.015,-0.017,0.001,0.0,0.0,0.0368,-0.0368,0.0,0.0123,0.0,0.0,0.0,15847.0,0.0,-0.052000000000000005
2295450471,9,0,0.008,-0.018000000000000002,0.001,0.0,0.0,0.0368,-0.0368,0.0,0.012400000000000001,0.0,0.0,0.0,18791.0,0.0,-0.052000000000000005
2295454526,9,0,0.005,-0.021,0.002,0.0,0.0,0.0368,-0.0368,0.0,0.0125,0.0,0.0,0.0,22846.0,0.0,-0.052000000000000005
2295458527,9,0,0.005,-0.025,-0.002,0.0,0.0,0.0368,-0.0368,0.0,0.0125,0.0,0.0,0.0,0.0,0.0,-0.052000000000000005
2295462529,9,0,0.0,-0.027,0.0,0.0,0.0,0.0368,-0.0368,0.0,0.0126,0.0,0.0,0.0,4002.0,0.0,-0.052000000000000005
2295467526,9,0,0.002,-0.027,-0.005,0.0,0.0,0.0368,-0.0368,0.0,0.0126,0.0,0.0,0.0,8999.0,0.0,-0.052000000000000005
2295471526,9,0,-0.003,-0.027,-0.001,0.0,0.0,0.0368,-0.0368,0.0,0.012700000000000001,0.0,0.0,0.0,12999.0,0.0,-0.052000000000000005
2295475548,9,0,-0.004,-0.033,0.001,0.0,0.0,0.0368,-0.0368,0.0,0.012700000000000001,0.0,0.0,0.0,17021.0,0.0,-0.052000000000000005
2295478446,9,0,-0.004,-0.032,0.001,0.0,0.0,0.0368,-0.0368,0.0,0.012700000000000001,0.0,0.0,0.0,19919.0,0.0,-0.052000000000000005
2295482526,9,0,-0.004,-0.031,0.003,0.0,0.0,0.0368,-0.0368,0.0,0.0128,0.0,0.0,0.0,23999.0,0.0,-0.052000000000000005
2295487526,9,0,-0.001,-0.034,-0.001,0.0,0.0,0.0368,-0.0368,0.0,0.0128,0.0,0.0,0.0,0.0,0.0,-0.052000000000000005
2295490500,9,0,0.0,-0.034,0.0,0.0,0.0,0.0368,-0.0368,0.0,0.0129,0.0,0.0,0.0,2974.0,0.0,-0.052000000000000005
2295494526,9,0,0.0,-0.034,0.0,0.0,0.0,0.0368,-0.0368,0.0,0.0129,0.0,0.0,0.0,7000.0,0.0,-0.052000000000000005
2295498526,9,0,0.003,-0.03,-0.001,0.0,0.0,0.0368,-0.0368,0.0,0.0129,0.0,0.0,0.0,11000.0,0.0,-0.052000000000000005
2295503463,9,0,0.002,-0.032,-0.003,0.0,0.0,0.0368,-0.0368,0.0,0.013000000000000001,0.0,0.0,0.0,15937.0,0.0,-0.052000000000000005
2295507573,9,0,0.008,-0.029,0.0,0.0,0.0,0.0368,-0.0368,0.0,0.013000000000000001,0.0,0.0,0.0,20047.0,0.0,-0.052000000000000005
2295510516,9,0,0.004,-0.026000000000000002,0.002,0.0,0.0,0.0368,-0.0368,0.0,0.0131,0.0,0.0,0.0,22990.0,0.0,-0.052000000000000005
2295514526,9,0,0.01,-0.025,-0.002,0.0,0.0,0.0368,-0.0368,0.0,0.0131,0.0,0.0,0.0,0.0,0.0,-0.052000000000000005
2295518527,9,0,0.012,-0.019,0.0,0.0,0.0,0.0368,-0.0368,0.0,0.0132,0.0,0.0,0.0,4001.0,0.0,-0.052000000000000005
2295523527,9,0,0.018000000000000002,-0.016,0.004,0.0,0.0,0.0358,-0.0358,0.0,0.0132,0.0,0.0,0.0,9001.0,0.0,-0.0506
2295526481,9,0,0.019,-0.014,0.005,0.0,0.0,0.034300000000000004,-0.034300000000000004,0.0,0.013300000000000001,0.0,0.0,0.0,11955.0,0.0,-0.0485
2295530533,9,0,0.017,-0.011,0.0,0.0,0.0,0.0324,-0.0324,0.0,0.0134,0.0,0.0,0.0,16007.0,0.0,-0.0458
2295535534,9,0,0.017,-0.009000000000000001,0.0,0.0,0.0,0.029900000000000003,-0.029900000000000003,0.0,0.0135,0.0,0.0,0.0,21008.0,0.0,-0.042300000000000004
2295538574,9,0,0.019,-0.008,0.0,0.0,0.0,0.0284,-0.0284,0.0,0.0135,0.0,0.0,0.0,24048.0,0.0,-0.0402
2295543492,9,0,0.018000000000000002,-0.001,0.0,0.0,0.0,0.026000000000000002,-0.026000000000000002,0.0,0.013600000000000001,0.0,0.0,0.0,0.0,0.0,-0.0367
2295548494,9,0,0.021,0.002,0.001,0.0,0.0,0.0235,-0.0235,0.0,0.0137,0.0,0.0,0.0,5002.0,0.0,-0.0333
2295550546,9,0,0.021,0.003,-0.001,0.0,0.0,0.022600000000000002,-0.022600000000000002,0.0,0.0137,0.0,0.0,0.0,7054.0,0.0,-0.031900000000000005
2295555548,9,0,0.017,0.008,0.001,0.0,0.0,0.0201,-0.0201,0.0,0.013800000000000002,0.0,0.0,0.0,12056.0,0.0,-0.0284
2295558506,9,0,0.016,0.006,0.001,0.0,0.0,0.018600000000000002,-0.018600000000000002,0.0,0.013800000000000002,0.0,0.0,0.0,15014.0,0.0,-0.0263
2295563509,9,0,0.019,0.01,0.002,0.0,0.0,0.0162,-0.0162,0.0,0.013900000000000001,0.0,0.0,0.0,20017.0,0.0,-0.0229
2295568511,9,0,0.019,0.012,0.0,0.0,0.0,0.0137,-0.0137,0.0,0.013900000000000001,0.0,0.0,0.0,25019.0,0.0,-0.0194
2295570575,9,0,0.02,0.013000000000000001,-0.001,0.0,0.0,0.012700000000000001,-0.012700000000000001,0.0,0.013900000000000001,0.0,0.0,0.0,0.0,0.0,-0.018000000000000002
2295575564,9,0,0.014,0.009000000000000001,0.001,0.0,0.0,0.0103,-0.0103,0.0,0.014,0.0,0.0,0.0,4989.0,0.0,-0.0146
2295578520,9,0,0.015,0.008,0.003,0.0,0.0,0.0088,-0.0088,0.0,0.014,0.0,0.0,0.0,7945.0,0.0,-0.0125
2295582650,9,0,0.014,0.006,-0.002,0.0,0.0,0.006900000000000001,-0.006900000000000001,0.0,0.014,0.0,0.0,0.0,12075.0,0.0,-0.0097
2295585571,9,0,0.007,0.008,0.001,0.0,0.0,0.0054,-0.0054,0.0,0.013900000000000001,0.0,0.0,0.0,14996.0,0.0,-0.0076
2295590575,9,0,0.004,-0.005,0.001,0.0,0.0,0.0029000000000000002,-0.0029000000000000002,0.0,0.013900000000000001,0.0,0.0,0.0,20000.0,0.0,-0.004200000000000001
2295595577,9,0,0.034,-0.006,0.006,0.0,0.0,0.0005,-0.0005,0.0,0.013900000000000001,0.0,0.0,0.0,25002.0,0.0,-0.0007
2295598535,9,0,0.053,-0.002,0.012,0.0,0.0,-0.001,0.001,0.0,0.014,0.0,0.0,0.0,0.0,0.0,0.0014
2295602612,9,0,0.051000000000000004,0.001,0.005,0.0,0.0,-0.0029000000000000002,0.0029000000000000002,0.0,0.0142,0.0,0.0,0.0,4077.0,0.0,0.004200000000000001
2295605585,9,0,0.046,-0.009000000000000001,-0.012,0.0,0.0,-0.0044,0.0044,0.0,0.0143,0.0,0.0,0.0,7050.0,0.0,0.006200000000000001
2295610589,9,0,0.038,-0.023,-0.008,0.0,0.0,-0.006900000000000001,0.006900000000000001,0.0,0.0145,0.0,0.0,0.0,12054.0,0.0,0.0097
2295615593,9,0,0.027,-0.019,-0.015,0.0,0.0,-0.009300000000000001,0.009300000000000001,0.0,0.0146,0.0,0.0,0.0,17058.0,0.0,0.0132
2295618546,9,0,0.025,-0.032,-0.013000000000000001,0.0,0.0,-0.0108,0.0108,0.0,0.0146,0.0,0.0,0.0,20011.0,0.0,0.015300000000000001
2295623552,9,0,0.0,-0.054,0.019,0.0,0.0,-0.0132,0.0132,0.0,0.0148,0.0,0.0,0.0,25017.0,0.0,0.0187
2295625600,9,0,0.0,-0.062,0.025,0.0,0.0,-0.0142,0.0142,0.0,0.0148,0.0,0.0,0.0,0.0,0.0,0.0201
2295630602,9,0,0.025,-0.082,0.018000000000000002,0.0,0.0,-0.0167,0.0167,0.0,0.0151,0.0,0.0,0.0,5002.0,0.0,0.0236
2295635416,9,0,0.032,-0.092,0.008,0.0,0.0,-0.019100000000000002,0.019100000000000002,0.0,0.015300000000000001,0.0,0.0,0.0,9816.0,0.0,0.027
2295639594,9,0,0.026000000000000002,-0.112,0.0,0.0,0.0,-0.0211,0.0211,0.0,0.015700000000000002,0.0,0.0,0.0,13994.0,0.0,0.0298
2295642561,9,0,0.009000000000000001,-0.11800000000000001,-0.02,0.0,0.0,-0.022600000000000002,0.022600000000000002,0.0,0.016,0.0,0.0,0.0,16961.0,0.0,0.031900000000000005
2295646569,9,0,-0.004,-0.114,-0.041,0.0,0.0,-0.0245,0.0245,0.0,0.016300000000000002,0.0,0.0,0.0,20969.0,0.0,0.0347
2295650617,9,0,-0.005,-0.10400000000000001,-0.032,0.0,0.0,-0.026500000000000003,0.026500000000000003,0.0,0.0166,0.0,0.0,0.0,25017.0,0.0,0.0374
2295653574,9,0,-0.002,-0.1,-0.017,0.0,0.0,-0.0279,0.0279,0.0,0.0167,0.0,0.0,0.0,0.0,0.0,0.0395
2295658578,9,0,0.0,-0.082,-0.006,0.0,0.0,-0.0304,0.0304,0.0,0.017,0.0,0.0,0.0,5004.0,0.0,0.043000000000000003
2295663580,9,0,0.008,-0.064,0.017,0.0,0.0,-0.0328,0.0328,0.0,0.0172,0.0,0.0,0.0,10006.0,0.0,0.0465
2295665628,9,0,0.01,-0.057,0.027,0.0,0.0,-0.033800000000000004,0.033800000000000004,0.0,0.0172,0.0,0.0,0.0,12054.0,0.0,0.0478
2295670631,9,0,0.019,-0.043000000000000003,0.021,0.0,0.0,-0.0363,0.0363,0.0,0.017400000000000002,0.0,0.0,0.0,17057.0,0.0,0.051300000000000005
2295673587,9,0,0.014,-0.032,0.003,0.0,0.0,-0.0368,0.0368,0.0,0.0176,0.0,0.0,0.0,20013.0,0.0,0.052000000000000005
2295678592,9,0,0.018000000000000002,-0.027,0.004,0.0,0.0,-0.0368,0.0368,0.0,0.0177,0.0,0.0,0.0,25018.0,0.0,0.052000000000000005
2295682770,9,0,0.03,-0.029,0.015,0.0,0.0,-0.0368,0.0368,0.0,0.0179,0.0,0.0,0.0,0.0,0.0,0.052000000000000005
2295685641,9,0,0.036000000000000004,-0.021,0.0,0.0,0.0,-0.0368,0.0368,0.0,0.0181,0.0,0.0,0.0,2871.0,0.0,0.052000000000000005
2295690645,9,0,0.034,-0.016,-0.008,0.0,0.0,-0.0368,0.0368,0.0,0.0184,0.0,0.0,0.0,7875.0,0.0,0.052000000000000005
2295693598,9,0,0.032,-0.015,0.001,0.0,0.0,-0.0368,0.0368,0.0,0.018600000000000002,0.0,0.0,0.0,10828.0,0.0,0.052000000000000005
2295698575,9,0,0.036000000000000004,-0.005,0.009000000000000001,0.0,0.0,-0.0368,0.0368,0.0,0.0188,0.0,0.0,0.0,15805.0,0.0,0.052000000000000005
2295703608,9,0,0.037,0.013000000000000001,-0.006,0.0,0.0,-0.0368,0.0368,0.0,0.0189,0.0,0.0,0.0,20838.0,0.0,0.052000000000000005
2295705657,9,0,0.036000000000000004,0.016,-0.003,0.0,0.0,-0.0368,0.0368,0.0,0.0189,0.0,0.0,0.0,22887.0,0.0,0.052000000000000005
2295710660,9,0,0.035,0.028,-0.001,0.0,0.0,-0.0368,0.0368,0.0,0.0188,0.0,0.0,0.0,0.0,0.0,0.052000000000000005
2295713623,9,0,0.033,0.034,-0.004,0.0,0.0,-0.0368,0.0368,0.0,0.0188,0.0,0.0,0.0,2963.0,0.0,0.052000000000000005
2295718579,9,0,0.046,0.044,-0.003,0.0,0.0,-0.0368,0.0368,0.0,0.0187,0.0,0.0,0.0,7919.0,0.0,0.052000000000000005
2295723623,9,0,0.043000000000000003,0.049,0.012,0.0,0.0,-0.0368,0.0368,0.0,0.0187,0.0,0.0,0.0,12963.0,0.0,0.052000000000000005
2295725671,9,0,0.037,0.051000000000000004,0.008,0.0,0.0,-0.0368,0.0368,0.0,0.0187,0.0,0.0,0.0,15011.0,0.0,0.052000000000000005
2295731784,9,0,0.024,0.042,0.0,0.0,0.0,-0.0368,0.0368,0.0,0.018500000000000003,0.0,0.0,0.0,21124.0,0.0,0.052000000000000005
2295734631,9,0,0.021,0.039,0.003,0.0,0.0,-0.0368,0.0368,0.0,0.0184,0.0,0.0,0.0,23971.0,0.0,0.052000000000000005
2295738634,9,0,0.017,0.043000000000000003,0.002,0.0,0.0,-0.0368,0.0368,0.0,0.0182,0.0,0.0,0.0,0.0,0.0,0.052000000000000005
2295743674,9,0,0.02,0.035,-0.004,0.0,0.0,-0.0368,0.0368,0.0,0.018000000000000002,0.0,0.0,0.0,5040.0,0.0,0.052000000000000005
2295745718,9,0,0.016,0.03,-0.005,0.0,0.0,-0.0368,0.0368,0.0,0.018000000000000002,0.0,0.0,0.0,7084.0,0.0,0.052000000000000005
2295750680,9,0,0.007,0.025,0.001,0.0,0.0,-0.0368,0.0368,0.0,0.0178,0.0,0.0,0.0,12046.0,0.0,0.052000000000000005
2295753643,9,0,0.008,0.019,-0.004,0.0,0.0,-0.0368,0.0368,0.0,0.0177,0.0,0.0,0.0,15009.0,0.0,0.052000000000000005
2295758610,9,0,-0.01,0.01,-0.015,0.0,0.0,-0.0368,0.0368,0.0,0.0176,0.0,0.0,0.0,19976.0,0.0,0.052000000000000005
2295763721,9,0,-0.022,-0.005,-0.004,0.0,0.0,-0.0368,0.0368,0.0,0.0175,0.0,0.0,0.0,25087.0,0.0,0.052000000000000005
2295765770,9,0,-0.025,-0.009000000000000001,-0.004,0.0,0.0,-0.0368,0.0368,0.0,0.017400000000000002,0.0,0.0,0.0,0.0,0.0,0.052000000000000005
2295770736,9,0,-0.032,-0.009000000000000001,-0.008,0.0,0.0,-0.0368,0.0368,0.0,0.0173,0.0,0.0,0.0,4966.0,0.0,0.052000000000000005
2295773659,9,0,-0.033,-0.012,-0.006,0.0,0.0,-0.0368,0.0368,0.0,0.0173,0.0,0.0,0.0,7889.0,0.0,0.052000000000000005
2295778662,9,0,-0.04,-0.02,0.002,0.0,0.0,-0.0368,0.0368,0.0,0.0172,0.0,0.0,0.0,12892.0,0.0,0.052000000000000005
2295782769,9,0,-0.045,-0.02,0.002,0.0,0.0,-0.0368,0.0368,0.0,0.0171,0.0,0.0,0.0,16999.0,0.0,0.052000000000000005
2295785573,9,0,-0.047,-0.021,-0.001,0.0,0.0,-0.0368,0.0368,0.0,0.0171,0.0,0.0,0.0,19803.0,0.0,0.052000000000000005
2295789671,9,0,-0.054,-0.018000000000000002,0.005,0.0,0.0,-0.0368,0.0368,0.0,0.017,0.0,0.0,0.0,23901.0,0.0,0.052000000000000005
2295794575,9,0,-0.054,-0.025,0.01,0.0,0.0,-0.0368,0.0368,0.0,0.016900000000000002,0.0,0.0,0.0,0.0,0.0,0.052000000000000005
2295798676,9,0,-0.06,-0.022,0.006,0.0,0.0,-0.0368,0.0368,0.0,0.016800000000000002,0.0,0.0,0.0,4101.0,0.0,0.052000000000000005
2295803680,9,0,-0.061,-0.02,0.005,0.0,0.0,-0.0368,0.0368,0.0,0.0167,0.0,0.0,0.0,9105.0,0.0,0.052000000000000005
2295805764,9,0,-0.06,-0.016,0.007,0.0,0.0,-0.0368,0.0368,0.0,0.0166,0.0,0.0,0.0,11189.0,0.0,0.052000000000000005
2295810767,9,0,-0.063,-0.017,0.004,0.0,0.0,-0.0368,0.0368,0.0,0.0165,0.0,0.0,0.0,16192.0,0.0,0.052000000000000005
2295813681,9,0,-0.058,-0.012,0.002,0.0,0.0,-0.0368,0.0368,0.0,0.0164,0.0,0.0,0.0,19106.0,0.0,0.052000000000000005
2295818644,9,0,-0.049,-0.003,-0.001,0.0,0.0,-0.0368,0.0368,0.0,0.016300000000000002,0.0,0.0,0.0,24069.0,0.0,0.052000000000000005
2295823685,9,0,-0.046,0.004,-0.001,0.0,0.0,-0.0368,0.0368,0.0,0.0161,0.0,0.0,0.0,0.0,0.0,0.052000000000000005
2295825768,9,0,-0.045,0.007,-0.002,0.0,0.0,-0.0368,0.0368,0.0,0.016,0.0,0.0,0.0,2083.0,0.0,0.052000000000000005
2295830574,9,0,-0.039,0.009000000000000001,-0.001,0.0,0.0,-0.0368,0.0368,0.0,0.0159,0.0,0.0,0.0,6889.0,0.0,0.052000000000000005
2295834737,9,0,-0.035,0.012,0.006,0.0,0.0,-0.0368,0.0368,0.0,0.015700000000000002,0.0,0.0,0.0,11052.0,0.0,0.052000000000000005
2295838741,9,0,-0.032,0.015,0.003,0.0,0.0,-0.0368,0.0368,0.0,0.0155,0.0,0.0,0.0,15056.0,0.0,0.052000000000000005
2295843575,9,0,-0.02,0.023,0.006,0.0,0.0,-0.0368,0.0368,0.0,0.0154,0.0,0.0,0.0,19890.0,0.0,0.052000000000000005
2295845788,9,0,-0.015,0.026000000000000002,0.005,0.0,0.0,-0.0368,0.0368,0.0,0.0152,0.0,0.0,0.0,22103.0,0.0,0.052000000000000005
2295850573,9,0,-0.004,0.033,0.0,0.0,0.0,-0.0368,0.0368,0.0,0.0151,0.0,0.0,0.0,0.0,0.0,0.052000000000000005
2295854751,9,0,0.005,0.034,0.002,0.0,0.0,-0.0368,0.0368,0.0,0.0148,0.0,0.0,0.0,4178.0,0.0,0.052000000000000005
2295857574,9,0,0.006,0.034,0.0,0.0,0.0,-0.0368,0.0368,0.0,0.0148,0.0,0.0,0.0,7001.0,0.0,0.052000000000000005
2295861754,9,0,0.01,0.038,-0.001,0.0,0.0,-0.0368,0.0368,0.0,0.0146,0.0,0.0,0.0,11181.0,0.0,0.052000000000000005
2295866734,9,0,0.018000000000000002,0.042,0.001,0.0,0.0,-0.0368,0.0368,0.0,0.0145,0.0,0.0,0.0,16161.0,0.0,0.052000000000000005
2295870807,9,0,0.017,0.038,0.001,0.0,0.0,-0.0368,0.0368,0.0,0.014400000000000001,0.0,0.0,0.0,20234.0,0.0,0.052000000000000005
2295873574,9,0,0.019,0.04,0.002,0.0,0.0,-0.0368,0.0368,0.0,0.0143,0.0,0.0,0.0,23001.0,0.0,0.052000000000000005
2295877574,9,0,0.025,0.04,0.001,0.0,0.0,-0.0368,0.0368,0.0,0.0142,0.0,0.0,0.0,0.0,0.0,0.052000000000000005
2295882680,9,0,0.024,0.036000000000000004,-0.005,0.0,0.0,-0.0368,0.0368,0.0,0.014100000000000001,0.0,0.0,0.0,5106.0,0.0,0.052000000000000005
2295886769,9,0,0.023,0.035,-0.002,0.0,0.0,-0.0368,0.0368,0.0,0.014100000000000001,0.0,0.0,0.0,9195.0,0.0,0.052000000000000005
2295889574,9,0,0.024,0.031,-0.004,0.0,0.0,-0.0368,0.0368,0.0,0.014100000000000001,0.0,0.0,0.0,12000.0,0.0,0.052000000000000005
2295894536,9,0,0.023,0.023,-0.001,0.0,0.0,-0.0368,0.0368,0.0,0.014100000000000001,0.0,0.0,0.0,16962.0,0.0,0.052000000000000005
2295898785,9,0,0.019,0.019,0.001,0.0,0.0,-0.0368,0.0368,0.0,0.014100000000000001,0.0,0.0,0.0,21211.0,0.0,0.052000000000000005
2295903536,9,0,0.01,0.014,-0.004,0.0,0.0,-0.0368,0.0368,0.0,0.014100000000000001,0.0,0.0,0.0,25962.0,0.0,0.052000000000000005
2295907788,9,0,0.001,0.012,-0.001,0.0,0.0,-0.0368,0.0368,0.0,0.014,0.0,0.0,0.0,0.0,0.0,0.052000000000000005
2295910541,9,0,0.001,0.009000000000000001,-0.002,0.0,0.0,-0.0368,0.0368,0.0,0.014,0.0,0.0,0.0,2753.0,0.0,0.052000000000000005
2295915542,9,0,-0.001,0.002,-0.003,0.0,0.0,-0.0368,0.0368,0.0,0.014,0.0,0.0,0.0,7754.0,0.0,0.052000000000000005
2295917612,9,0,-0.005,0.0,0.0,0.0,0.0,-0.0368,0.0368,0.0,0.014,0.0,0.0,0.0,9824.0,0.0,0.052000000000000005
2295922536,9,0,-0.014,-0.01,0.0,0.0,0.0,-0.0368,0.0368,0.0,0.014100000000000001,0.0,0.0,0.0,14748.0,0.0,0.052000000000000005
2295926796,9,0,-0.016,-0.015,-0.001,0.0,0.0,-0.0368,0.0368,0.0,0.014100000000000001,0.0,0.0,0.0,19008.0,0.0,0.052000000000000005
2295930816,9,0,-0.018000000000000002,-0.019,0.004,0.0,0.0,-0.0368,0.0368,0.0,0.014100000000000001,0.0,0.0,0.0,23028.0,0.0,0.052000000000000005
2295935535,9,0,-0.024,-0.024,-0.005,0.0,0.0,-0.0368,0.0368,0.0,0.014100000000000001,0.0,0.0,0.0,0.0,0.0,0.052000000000000005
2295939819,9,0,-0.022,-0.027,-0.002,0.0,0.0,-0.0368,0.0368,0.0,0.014100000000000001,0.0,0.0,0.0,4284.0,0.0,0.052000000000000005
2295941827,9,0,-0.027,-0.034,0.002,0.0,0.0,-0.0368,0.0368,0.0,0.014100000000000001,0.0,0.0,0.0,6292.0,0.0,0.052000000000000005
2295946540,9,0,-0.031,-0.032,-0.002,0.0,0.0,-0.0368,0.0368,0.0,0.014100000000000001,0.0,0.0,0.0,11005.0,0.0,0.052000000000000005
2295950823,9,0,-0.023,-0.036000000000000004,0.001,0.0,0.0,-0.0368,0.0368,0.0,0.014,0.0,0.0,0.0,15288.0,0.0,0.052000000000000005
2295955724,9,0,-0.028,-0.039,0.005,0.0,0.0,-0.0368,0.0368,0.0,0.014,0.0,0.0,0.0,20189.0,0.0,0.052000000000000005
2295957855,9,0,-0.025,-0.038,0.005,0.0,0.0,-0.0368,0.0368,0.0,0.014,0.0,0.0,0.0,22320.0,0.0,0.052000000000000005
2295962817,9,0,-0.017,-0.043000000000000003,0.002,0.0,0.0,-0.0368,0.0368,0.0,0.014,0.0,0.0,0.0,0.0,0.0,0.052000000000000005
2295966820,9,0,-0.016,-0.04,0.0,0.0,0.0,-0.0368,0.0368,0.0,0.014,0.0,0.0,0.0,4003.0,0.0,0.052000000000000005
2295971541,9,0,-0.016,-0.044,0.001,0.0,0.0,-0.0368,0.0368,0.0,0.014,0.0,0.0,0.0,8724.0,0.0,0.052000000000000005
2295975839,9,0,-0.006,-0.041,0.001,0.0,0.0,-0.0368,0.0368,0.0,0.014100000000000001,0.0,0.0,0.0,13022.0,0.0,0.052000000000000005
2295977852,9,0,-0.003,-0.041,-0.001,0.0,0.0,-0.0368,0.0368,0.0,0.014100000000000001,0.0,0.0,0.0,15035.0,0.0,0.052000000000000005
2295982685,9,0,0.005,-0.038,0.003,0.0,0.0,-0.0368,0.0368,0.0,0.0142,0.0,0.0,0.0,19868.0,0.0,0.052000000000000005
2295987685,9,0,0.012,-0.034,0.0,0.0,0.0,-0.0368,0.0368,0.0,0.0143,0.0,0.0,0.0,24868.0,0.0,0.052000000000000005
2295989817,9,0,0.014,-0.027,0.0,0.0,0.0,-0.0368,0.0368,0.0,0.0143,0.0,0.0,0.0,0.0,0.0,0.052000000000000005
2295994533,9,0,0.021,-0.026000000000000002,-0.001,0.0,0.0,-0.0368,0.0368,0.0,0.014400000000000001,0.0,0.0,0.0,4716.0,0.0,0.052000000000000005
2295998778,9,0,0.025,-0.024,-0.003,0.0,0.0,-0.0368,0.0368,0.0,0.0145,0.0,0.0,0.0,8961.0,0.0,0.052000000000000005
2296003578,9,0,0.032,-0.019,0.001,0.0,0.0,-0.0368,0.0368,0.0,0.014700000000000001,0.0,0.0,0.0,13761.0,0.0,0.052000000000000005
2296005861,9,0,0.041,-0.016,0.0,0.0,0.0,-0.0368,0.0368,0.0,0.0148,0.0,0.0,0.0,16044.0,0.0,0.052000000000000005
2296010866,9,0,0.043000000000000003,-0.01,-0.003,0.0,0.0,-0.0368,0.0368,0.0,0.015000000000000001,0.0,0.0,0.0,21049.0,0.0,0.052000000000000005
2296015535,9,0,0.044,-0.008,-0.002,0.0,0.0,-0.0368,0.0368,0.0,0.0152,0.0,0.0,0.0,25718.0,0.0,0.052000000000000005
2296017625,9,0,0.042,-0.005,-0.002,0.0,0.0,-0.0368,0.0368,0.0,0.0152,0.0,0.0,0.0,0.0,0.0,0.052000000000000005
2296021856,9,0,0.048,-0.001,0.004,0.0,0.0,-0.0368,0.0368,0.0,0.0154,0.0,0.0,0.0,4231.0,0.0,0.052000000000000005
2296026533,9,0,0.054,0.0,0.001,0.0,0.0,-0.0368,0.0368,0.0,0.015600000000000001,0.0,0.0,0.0,8908.0,0.0,0.052000000000000005
2296030534,9,0,0.047,-0.002,-0.006,0.0,0.0,-0.0368,0.0368,0.0,0.0158,0.0,0.0,0.0,12909.0,0.0,0.052000000000000005
2296034837,9,0,0.044,0.003,-0.003,0.0,0.0,-0.0368,0.0368,0.0,0.016,0.0,0.0,0.0,17212.0,0.0,0.052000000000000005
2296037606,9,0,0.045,0.003,-0.001,0.0,0.0,-0.0368,0.0368,0.0,0.016,0.0,0.0,0.0,19981.0,0.0,0.052000000000000005
2296042533,9,0,0.047,0.005,-0.002,0.0,0.0,-0.0368,0.0368,0.0,0.0162,0.0,0.0,0.0,24908.0,0.0,0.052000000000000005
2296046533,9,0,0.039,0.001,0.001,0.0,0.0,-0.0368,0.0368,0.0,0.016300000000000002,0.0,0.0,0.0,0.0,0.0,0.052000000000000005
2296050533,9,0,0.039,-0.004,-0.002,0.0,0.0,-0.0368,0.0368,0.0,0.0164,0.0,0.0,0.0,4000.0,0.0,0.052000000000000005
2296054814,9,0,0.038,-0.007,-0.002,0.0,0.0,-0.0368,0.0368,0.0,0.0166,0.0,0.0,0.0,8281.0,0.0,0.052000000000000005
2296058816,9,0,0.033,-0.012,0.0,0.0,0.0,-0.0368,0.0368,0.0,0.0167,0.0,0.0,0.0,12283.0,0.0,0.052000000000000005
2296063571,9,0,0.029,-0.016,0.002,0.0,0.0,-0.0368,0.0368,0.0,0.016800000000000002,0.0,0.0,0.0,17038.0,0.0,0.052000000000000005
2296065571,9,0,0.028,-0.017,0.004,0.0,0.0,-0.0368,0.0368,0.0,0.016800000000000002,0.0,0.0,0.0,19038.0,0.0,0.052000000000000005
2296069861,9,0,0.026000000000000002,-0.025,0.001,0.0,0.0,-0.0368,0.0368,0.0,0.017,0.0,0.0,0.0,23328.0,0.0,0.052000000000000005
2296073865,9,0,0.022,-0.03,-0.002,0.0,0.0,-0.0368,0.0368,0.0,0.0171,0.0,0.0,0.0,0.0,0.0,0.052000000000000005
2296078533,9,0,0.017,-0.037,-0.001,0.0,0.0,-0.0368,0.0368,0.0,0.0171,0.0,0.0,0.0,4668.0,0.0,0.052000000000000005
2296082686,9,0,0.014,-0.045,-0.002,0.0,0.0,-0.0368,0.0368,0.0,0.0172,0.0,0.0,0.0,8821.0,0.0,0.052000000000000005
2296086836,9,0,0.005,-0.047,-0.001,0.0,0.0,-0.0368,0.0368,0.0,0.017400000000000002,0.0,0.0,0.0,12971.0,0.0,0.052000000000000005
2296090924,9,0,0.007,-0.054,-0.004,0.0,0.0,-0.0368,0.0368,0.0,0.017400000000000002,0.0,0.0,0.0,17059.0,0.0,0.052000000000000005
2296093572,9,0,0.01,-0.056,-0.001,0.0,0.0,-0.0368,0.0368,0.0,0.0175,0.0,0.0,0.0,19707.0,0.0,0.052000000000000005
2296098533,9,0,0.004,-0.055,-0.001,0.0,0.0,-0.0368,0.0368,0.0,0.0176,0.0,0.0,0.0,24668.0,0.0,0.052000000000000005
2296102849,9,0,0.009000000000000001,-0.062,-0.003,0.0,0.0,-0.0368,0.0368,0.0,0.0178,0.0,0.0,0.0,0.0,0.0,0.052000000000000005
2296106888,9,0,0.006,-0.065,0.001,0.0,0.0,-0.0368,0.0368,0.0,0.0179,0.0,0.0,0.0,4039.0,0.0,0.052000000000000005
2296110935,9,0,0.009000000000000001,-0.063,-0.001,0.0,0.0,-0.0368,0.0368,0.0,0.0181,0.0,0.0,0.0,8086.0,0.0,0.052000000000000005
2296113570,9,0,0.01,-0.066,0.001,0.0,0.0,-0.0368,0.0368,0.0,0.0182,0.0,0.0,0.0,10721.0,0.0,0.052000000000000005
2296117894,9,0,0.01,-0.06,0.001,0.0,0.0,-0.0368,0.0368,0.0,0.0184,0.0,0.0,0.0,15045.0,0.0,0.052000000000000005
2296121899,9,0,0.011,-0.06,0.001,0.0,0.0,-0.0368,0.0368,0.0,0.018600000000000002,0.0,0.0,0.0,19050.0,0.0,0.052000000000000005
2296126532,9,0,0.011,-0.057,0.001,0.0,0.0,-0.0368,0.0368,0.0,0.0188,0.0,0.0,0.0,23683.0,0.0,0.052000000000000005
2296130533,9,0,0.011,-0.055,-0.001,0.0,0.0,-0.0368,0.0368,0.0,0.019,0.0,0.0,0.0,0.0,0.0,0.052000000000000005
2296134872,9,0,0.015,-0.047,-0.005,0.0,0.0,-0.0368,0.0368,0.0,0.019200000000000002,0.0,0.0,0.0,4339.0,0.0,0.052000000000000005
2296138917,9,0,0.014,-0.043000000000000003,0.001,0.0,0.0,-0.0368,0.0368,0.0,0.0194,0.0,0.0,0.0,8384.0,0.0,0.052000000000000005
2296143536,9,0,0.018000000000000002,-0.037,-0.003,0.0,0.0,-0.0368,0.0368,0.0,0.0196,0.0,0.0,0.0,13003.0,0.0,0.052000000000000005
2296145959,9,0,0.019,-0.03,-0.002,0.0,0.0,-0.0368,0.0368,0.0,0.019700000000000002,0.0,0.0,0.0,15426.0,0.0,0.052000000000000005
2296150532,9,0,0.029,-0.021,-0.003,0.0,0.0,-0.0368,0.0368,0.0,0.0199,0.0,0.0,0.0,19999.0,0.0,0.052000000000000005
2296154533,9,0,0.028,-0.02,-0.002,0.0,0.0,-0.0368,0.0368,0.0,0.02,0.0,0.0,0.0,24000.0,0.0,0.052000000000000005
2296158534,9,0,0.022,-0.013000000000000001,0.002,0.0,0.0,-0.0368,0.0368,0.0,0.020200000000000003,0.0,0.0,0.0,0.0,0.0,0.052000000000000005
2296162892,9,0,0.03,-0.005,0.001,0.0,0.0,-0.0368,0.0368,0.0,0.020300000000000002,0.0,0.0,0.0,4358.0,0.0,0.052000000000000005
2296166929,9,0,0.034,0.001,0.003,0.0,0.0,-0.0368,0.0368,0.0,0.0204,0.0,0.0,0.0,8395.0,0.0,0.052000000000000005
2296170981,9,0,0.034,0.004,0.003,0.0,0.0,-0.0368,0.0368,0.0,0.0205,0.0,0.0,0.0,12447.0,0.0,0.052000000000000005
2296175570,9,0,0.035,0.006,0.001,0.0,0.0,-0.0368,0.0368,0.0,0.0206,0.0,0.0,0.0,17036.0,0.0,0.052000000000000005
2296177598,9,0,0.038,0.006,0.003,0.0,0.0,-0.0368,0.0368,0.0,0.0206,0.0,0.0,0.0,19064.0,0.0,0.052000000000000005
2296182687,9,0,0.038,0.007,0.004,0.0,0.0,-0.0368,0.0368,0.0,0.0207,0.0,0.0,0.0,24153.0,0.0,0.052000000000000005
2296187534,9,0,0.036000000000000004,0.008,-0.004,0.0,0.0,-0.0368,0.0368,0.0,0.020800000000000003,0.0,0.0,0.0,0.0,0.0,0.052000000000000005
2296189570,9,0,0.032,0.01,-0.002,0.0,0.0,-0.0368,0.0368,0.0,0.020800000000000003,0.0,0.0,0.0,2036.0,0.0,0.052000000000000005
2296193952,9,0,0.034,0.005,0.003,0.0,0.0,-0.0368,0.0368,0.0,0.020800000000000003,0.0,0.0,0.0,6418.0,0.0,0.052000000000000005
2296198533,9,0,0.029,0.004,-0.003,0.0,0.0,-0.0368,0.0368,0.0,0.020800000000000003,0.0,0.0,0.0,10999.0,0.0,0.052000000000000005
2296203569,9,0,0.028,0.004,-0.005,0.0,0.0,-0.0368,0.0368,0.0,0.020800000000000003,0.0,0.0,0.0,16035.0,0.0,0.052000000000000005
2296206006,9,0,0.031,-0.003,-0.005,0.0,0.0,-0.0368,0.0368,0.0,0.020800000000000003,0.0,0.0,0.0,18472.0,0.0,0.052000000000000005
2296210534,9,0,0.024,-0.004,-0.001,0.0,0.0,-0.0368,0.0368,0.0,0.020900000000000002,0.0,0.0,0.0,23000.0,0.0,0.052000000000000005
2296214929,9,0,0.021,-0.008,-0.002,0.0,0.0,-0.0368,0.0368,0.0,0.020900000000000002,0.0,0.0,0.0,0.0,0.0,0.052000000000000005
2296218969,9,0,0.024,-0.014,-0.002,0.0,0.0,-0.0368,0.0368,0.0,0.020900000000000002,0.0,0.0,0.0,4040.0,0.0,0.052000000000000005
2296223532,9,0,0.024,-0.017,-0.003,0.0,0.0,-0.0368,0.0368,0.0,0.020900000000000002,0.0,0.0,0.0,8603.0,0.0,0.052000000000000005
2296227533,9,0,0.015,-0.022,0.0,0.0,0.0,-0.0368,0.0368,0.0,0.021,0.0,0.0,0.0,12604.0,0.0,0.052000000000000005
2296231569,9,0,0.007,-0.023,-0.002,0.0,0.0,-0.0368,0.0368,0.0,0.021,0.0,0.0,0.0,16640.0,0.0,0.052000000000000005
2296233980,9,0,0.011,-0.025,-0.005,0.0,0.0,-0.0368,0.0368,0.0,0.0211,0.0,0.0,0.0,19051.0,0.0,0.052000000000000005
2296238592,9,0,0.005,-0.03,-0.001,0.0,0.0,-0.0368,0.0368,0.0,0.0212,0.0,0.0,0.0,23663.0,0.0,0.052000000000000005
2296243575,9,0,0.0,-0.031,-0.001,0.0,0.0,-0.0368,0.0368,0.0,0.0212,0.0,0.0,0.0,0.0,0.0,0.052000000000000005
2296246035,9,0,-0.003,-0.033,-0.002,0.0,0.0,-0.0368,0.0368,0.0,0.0213,0.0,0.0,0.0,2460.0,0.0,0.052000000000000005
2296250533,9,0,-0.007,-0.038,-0.001,0.0,0.0,-0.0368,0.0368,0.0,0.021400000000000002,0.0,0.0,0.0,6958.0,0.0,0.052000000000000005
2296255569,9,0,-0.008,-0.039,0.001,0.0,0.0,-0.0368,0.0368,0.0,0.021500000000000002,0.0,0.0,0.0,11994.0,0.0,0.052000000000000005
2296257998,9,0,-0.01,-0.034,0.003,0.0,0.0,-0.0368,0.0368,0.0,0.0216,0.0,0.0,0.0,14423.0,0.0,0.052000000000000005
2296261999,9,0,-0.014,-0.036000000000000004,0.006,0.0,0.0,-0.0368,0.0368,0.0,0.0216,0.0,0.0,0.0,18424.0,0.0,0.052000000000000005
2296266047,9,0,-0.019,-0.035,0.001,0.0,0.0,-0.0368,0.0368,0.0,0.0217,0.0,0.0,0.0,22472.0,0.0,0.052000000000000005
2296270531,9,0,-0.018000000000000002,-0.031,0.004,0.0,0.0,-0.0368,0.0368,0.0,0.0218,0.0,0.0,0.0,0.0,0.0,0.052000000000000005
2296274533,9,0,-0.016,-0.027,0.006,0.0,0.0,-0.0368,0.0368,0.0,0.0218,0.0,0.0,0.0,4002.0,0.0,0.052000000000000005
2296278976,9,0,-0.022,-0.022,0.006,0.0,0.0,-0.0368,0.0368,0.0,0.0218,0.0,0.0,0.0,8445.0,0.0,0.052000000000000005
2296283569,9,0,-0.021,-0.018000000000000002,-0.003,0.0,0.0,-0.0368,0.0368,0.0,0.0218,0.0,0.0,0.0,13038.0,0.0,0.052000000000000005
2296286063,9,0,-0.024,-0.017,-0.001,0.0,0.0,-0.0368,0.0368,0.0,0.0218,0.0,0.0,0.0,15532.0,0.0,0.052000000000000005
2296291032,9,0,-0.013000000000000001,-0.012,0.002,0.0,0.0,-0.0368,0.0368,0.0,0.0218,0.0,0.0,0.0,20501.0,0.0,0.052000000000000005
2296293570,9,0,-0.012,-0.01,-0.003,0.0,0.0,-0.0368,0.0368,0.0,0.0218,0.0,0.0,0.0,23039.0,0.0,0.052000000000000005
2296298532,9,0,-0.009000000000000001,-0.008,-0.001,0.0,0.0,-0.0368,0.0368,0.0,0.0218,0.0,0.0,0.0,0.0,0.0,0.052000000000000005
2296303569,9,0,-0.004,0.0,0.002,0.0,0.0,-0.0368,0.0368,0.0,0.0217,0.0,0.0,0.0,5037.0,0.0,0.052000000000000005
2296305569,9,0,-0.004,0.002,0.002,0.0,0.0,-0.0368,0.0368,0.0,0.0217,0.0,0.0,0.0,7037.0,0.0,0.052000000000000005
2296310033,9,0,-0.002,0.006,-0.002,0.0,0.0,-0.0368,0.0368,0.0,0.0216,0.0,0.0,0.0,11501.0,0.0,0.052000000000000005
2296314568,9,0,0.001,0.013000000000000001,0.001,0.0,0.0,-0.0368,0.0368,0.0,0.021500000000000002,0.0,0.0,0.0,16036.0,0.0,0.052000000000000005
2296319042,9,0,0.004,0.01,0.001,0.0,0.0,-0.0368,0.0368,0.0,0.021400000000000002,0.0,0.0,0.0,20510.0,0.0,0.052000000000000005
2296323531,9,0,0.008,0.011,0.003,0.0,0.0,-0.0368,0.0368,0.0,0.021400000000000002,0.0,0.0,0.0,24999.0,0.0,0.052000000000000005
2296327533,9,0,0.01,0.022,-0.001,0.0,0.0,-0.0368,0.0368,0.0,0.0213,0.0,0.0,0.0,0.0,0.0,0.052000000000000005
2296332679,9,0,0.018000000000000002,0.02,-0.002,0.0,0.0,-0.0368,0.0368,0.0,0.0212,0.0,0.0,0.0,5146.0,0.0,0.052000000000000005
2296335053,9,0,0.018000000000000002,0.02,-0.001,0.0,0.0,-0.0368,0.0368,0.0,0.0211,0.0,0.0,0.0,7520.0,0.0,0.052000000000000005
2296339575,9,0,0.016,0.02,0.001,0.0,0.0,-0.0368,0.0368,0.0,0.0211,0.0,0.0,0.0,12042.0,0.0,0.052000000000000005
2296342053,9,0,0.015,0.018000000000000002,-0.003,0.0,0.0,-0.0368,0.0368,0.0,0.021,0.0,0.0,0.0,14520.0,0.0,0.052000000000000005
2296347062,9,0,0.018000000000000002,0.019,-0.002,0.0,0.0,-0.0368,0.0368,0.0,0.021,0.0,0.0,0.0,19529.0,0.0,0.052000000000000005
2296351113,9,0,0.015,0.02,-0.002,0.0,0.0,-0.0368,0.0368,0.0,0.020900000000000002,0.0,0.0,0.0,23580.0,0.0,0.052000000000000005
2296355562,9,0,0.014,0.015,-0.004,0.0,0.0,-0.0368,0.0368,0.0,0.020900000000000002,0.0,0.0,0.0,0.0,0.0,0.052000000000000005
2296358066,9,0,0.009000000000000001,0.015,-0.004,0.0,0.0,-0.0368,0.0368,0.0,0.020900000000000002,0.0,0.0,0.0,2504.0,0.0,0.052000000000000005
2296362074,9,0,0.009000000000000001,0.019,0.001,0.0,0.0,-0.0368,0.0368,0.0,0.020900000000000002,0.0,0.0,0.0,6512.0,0.0,0.052000000000000005
2296366123,9,0,0.006,0.011,-0.005,0.0,0.0,-0.0368,0.0368,0.0,0.020800000000000003,0.0,0.0,0.0,10561.0,0.0,0.052000000000000005
2296370567,9,0,0.003,0.011,0.003,0.0,0.0,-0.0368,0.0368,0.0,0.020800000000000003,0.0,0.0,0.0,15005.0,0.0,0.052000000000000005
2296375083,9,0,0.0,0.008,0.001,0.0,0.0,-0.0368,0.0368,0.0,0.020800000000000003,0.0,0.0,0.0,19521.0,0.0,0.052000000000000005
2296379085,9,0,-0.009000000000000001,0.005,0.001,0.0,0.0,-0.0368,0.0368,0.0,0.020800000000000003,0.0,0.0,0.0,23523.0,0.0,0.052000000000000005
2296383532,9,0,-0.015,0.002,0.0,0.0,0.0,-0.0368,0.0368,0.0,0.0207,0.0,0.0,0.0,0.0,0.0,0.052000000000000005
2296386139,9,0,-0.012,-0.001,-0.002,0.0,0.0,-0.0368,0.0368,0.0,0.0207,0.0,0.0,0.0,2607.0,0.0,0.052000000000000005
2296391106,9,0,-0.018000000000000002,-0.003,-0.001,0.0,0.0,-0.0368,0.0368,0.0,0.0207,0.0,0.0,0.0,7574.0,0.0,0.052000000000000005
2296395596,9,0,-0.027,-0.005,0.0,0.0,0.0,-0.0368,0.0368,0.0,0.0206,0.0,0.0,0.0,12064.0,0.0,0.052000000000000005
2296398062,9,0,-0.03,-0.005,0.001,0.0,0.0,-0.0368,0.0368,0.0,0.0206,0.0,0.0,0.0,14530.0,0.0,0.052000000000000005
2296402066,9,0,-0.026000000000000002,-0.008,-0.002,0.0,0.0,-0.0368,0.0368,0.0,0.0205,0.0,0.0,0.0,18534.0,0.0,0.052000000000000005
2296406529,9,0,-0.026000000000000002,-0.013000000000000001,-0.001,0.0,0.0,-0.0368,0.0368,0.0,0.0205,0.0,0.0,0.0,22997.0,0.0,0.052000000000000005
2296410566,9,0,-0.033,-0.009000000000000001,0.001,0.0,0.0,-0.0368,0.0368,0.0,0.0204,0.0,0.0,0.0,0.0,0.0,0.052000000000000005
2296415075,9,0,-0.037,-0.011,0.004,0.0,0.0,-0.0368,0.0368,0.0,0.020300000000000002,0.0,0.0,0.0,4509.0,0.0,0.052000000000000005
2296419567,9,0,-0.03,-0.015,0.004,0.0,0.0,-0.0368,0.0368,0.0,0.020200000000000003,0.0,0.0,0.0,9001.0,0.0,0.052000000000000005
2296421585,9,0,-0.032,-0.015,0.003,0.0,0.0,-0.0368,0.0368,0.0,0.0201,0.0,0.0,0.0,11019.0,0.0,0.052000000000000005
2296426132,9,0,-0.037,-0.014,-0.001,0.0,0.0,-0.0368,0.0368,0.0,0.02,0.0,0.0,0.0,15566.0,0.0,0.052000000000000005
2296430566,9,0,-0.027,-0.013000000000000001,0.003,0.0,0.0,-0.0368,0.0368,0.0,0.0199,0.0,0.0,0.0,20000.0,0.0,0.052000000000000005
2296435603,9,0,-0.023,-0.007,0.006,0.0,0.0,-0.0368,0.0368,0.0,0.0198,0.0,0.0,0.0,25037.0,0.0,0.052000000000000005
2296438091,9,0,-0.024,-0.006,0.001,0.0,0.0,-0.0368,0.0368,0.0,0.019700000000000002,0.0,0.0,0.0,0.0,0.0,0.052000000000000005
2296442097,9,0,-0.018000000000000002,-0.012,0.001,0.0,0.0,-0.0368,0.0368,0.0,0.0196,0.0,0.0,0.0,4006.0,0.0,0.052000000000000005
2296446183,9,0,-0.014,-0.009000000000000001,0.001,0.0,0.0,-0.0368,0.0368,0.0,0.0196,0.0,0.0,0.0,8092.0,0.0,0.052000000000000005
2296450565,9,0,-0.014,-0.001,0.001,0.0,0.0,-0.0368,0.0368,0.0,0.0195,0.0,0.0,0.0,12474.0,0.0,0.052000000000000005
2296455107,9,0,-0.002,-0.002,0.0,0.0,0.0,-0.0368,0.0368,0.0,0.0194,0.0,0.0,0.0,17016.0,0.0,0.052000000000000005
2296459566,9,0,-0.003,-0.001,-0.001,0.0,0.0,-0.0368,0.0368,0.0,0.0194,0.0,0.0,0.0,21475.0,0.0,0.052000000000000005
2296463566,9,0,-0.003,0.005,-0.003,0.0,0.0,-0.0368,0.0368,0.0,0.0193,0.0,0.0,0.0,25475.0,0.0,0.052000000000000005
2296467575,9,0,0.003,0.006,-0.003,0.0,0.0,-0.0368,0.0368,0.0,0.0193,0.0,0.0,0.0,0.0,0.0,0.052000000000000005
2296470117,9,0,0.008,0.01,-0.003,0.0,0.0,-0.0368,0.0368,0.0,0.0193,0.0,0.0,0.0,2542.0,0.0,0.052000000000000005
2296474120,9,0,0.004,0.012,-0.002,0.0,0.0,-0.0368,0.0368,0.0,0.019200000000000002,0.0,0.0,0.0,6545.0,0.0,0.052000000000000005
2296478565,9,0,0.006,0.012,0.0,0.0,0.0,-0.0368,0.0368,0.0,0.019200000000000002,0.0,0.0,0.0,10990.0,0.0,0.052000000000000005
2296482681,9,0,0.004,0.014,0.0,0.0,0.0,-0.0368,0.0368,0.0,0.019200000000000002,0.0,0.0,0.0,15106.0,0.0,0.052000000000000005
2296487131,9,0,0.01,0.018000000000000002,0.002,0.0,0.0,-0.0368,0.0368,0.0,0.019200000000000002,0.0,0.0,0.0,19556.0,0.0,0.052000000000000005
2296491566,9,0,0.012,0.021,-0.001,0.0,0.0,-0.0368,0.0368,0.0,0.019200000000000002,0.0,0.0,0.0,23991.0,0.0,0.052000000000000005
2296493574,9,0,0.011,0.021,-0.003,0.0,0.0,-0.0368,0.0368,0.0,0.019200000000000002,0.0,0.0,0.0,0.0,0.0,0.052000000000000005
2296498565,9,0,0.014,0.023,-0.001,0.0,0.0,-0.0368,0.0368,0.0,0.019200000000000002,0.0,0.0,0.0,4991.0,0.0,0.052000000000000005
2296503566,9,0,0.008,0.018000000000000002,0.002,0.0,0.0,-0.0368,0.0368,0.0,0.019100000000000002,0.0,0.0,0.0,9992.0,0.0,0.052000000000000005
2296508136,9,0,0.008,0.017,-0.001,0.0,0.0,-0.0368,0.0368,0.0,0.019100000000000002,0.0,0.0,0.0,14562.0,0.0,0.052000000000000005
2296510181,9,0,0.006,0.018000000000000002,-0.003,0.0,0.0,-0.0368,0.0368,0.0,0.019100000000000002,0.0,0.0,0.0,16607.0,0.0,0.052000000000000005
2296514184,9,0,0.009000000000000001,0.019,0.0,0.0,0.0,-0.0368,0.0368,0.0,0.019100000000000002,0.0,0.0,0.0,20610.0,0.0,0.052000000000000005
2296518565,9,0,0.002,0.016,0.002,0.0,0.0,-0.0368,0.0368,0.0,0.019,0.0,0.0,0.0,24991.0,0.0,0.052000000000000005
2296523570,9,0,-0.003,0.014,0.005,0.0,0.0,-0.0358,0.0358,0.0,0.019,0.0,0.0,0.0,0.0,0.0,0.0506
2296526237,9,0,-0.006,0.01,0.0,0.0,0.0,-0.034300000000000004,0.034300000000000004,0.0,0.0189,0.0,0.0,0.0,2667.0,0.0,0.0485
2296531575,9,0,-0.007,0.004,0.001,0.0,0.0,-0.031900000000000005,0.031900000000000005,0.0,0.0188,0.0,0.0,0.0,8005.0,0.0,0.0451
2296534165,9,0,-0.006,-0.001,-0.002,0.0,0.0,-0.0304,0.0304,0.0,0.0187,0.0,0.0,0.0,10595.0,0.0,0.043000000000000003
2296538565,9,0,-0.008,-0.005,0.002,0.0,0.0,-0.0284,0.0284,0.0,0.0187,0.0,0.0,0.0,14995.0,0.0,0.0402
2296543566,9,0,-0.013000000000000001,-0.009000000000000001,0.001,0.0,0.0,-0.026000000000000002,0.026000000000000002,0.0,0.018600000000000002,0.0,0.0,0.0,19996.0,0.0,0.0367
2296546255,9,0,-0.012,-0.008,0.002,0.0,0.0,-0.0245,0.0245,0.0,0.018600000000000002,0.0,0.0,0.0,22685.0,0.0,0.0347
2296550564,9,0,-0.012,-0.016,-0.002,0.0,0.0,-0.022600000000000002,0.022600000000000002,0.0,0.018500000000000003,0.0,0.0,0.0,0.0,0.0,0.031900000000000005
2296554564,9,0,-0.011,-0.022,-0.003,0.0,0.0,-0.0206,0.0206,0.0,0.018500000000000003,0.0,0.0,0.0,4000.0,0.0,0.0291
2296559181,9,0,-0.019,-0.025,-0.003,0.0,0.0,-0.0181,0.0181,0.0,0.0184,0.0,0.0,0.0,8617.0,0.0,0.0257
2296563581,9,0,-0.021,-0.025,-0.001,0.0,0.0,-0.0162,0.0162,0.0,0.0184,0.0,0.0,0.0,13017.0,0.0,0.0229
2296566285,9,0,-0.023,-0.028,0.003,0.0,0.0,-0.014700000000000001,0.014700000000000001,0.0,0.0184,0.0,0.0,0.0,15721.0,0.0,0.020800000000000003
2296570564,9,0,-0.02,-0.032,-0.001,0.0,0.0,-0.012700000000000001,0.012700000000000001,0.0,0.0183,0.0,0.0,0.0,20000.0,0.0,0.018000000000000002
2296574564,9,0,-0.018000000000000002,-0.028,0.002,0.0,0.0,-0.0108,0.0108,0.0,0.0183,0.0,0.0,0.0,24000.0,0.0,0.015300000000000001
2296579197,9,0,-0.025,-0.028,0.001,0.0,0.0,-0.0083,0.0083,0.0,0.0182,0.0,0.0,0.0,0.0,0.0,0.0118
2296583280,9,0,-0.024,-0.026000000000000002,-0.001,0.0,0.0,-0.0064,0.0064,0.0,0.0182,0.0,0.0,0.0,4083.0,0.0,0.009000000000000001
2296587565,9,0,-0.021,-0.025,-0.002,0.0,0.0,-0.0044,0.0044,0.0,0.0182,0.0,0.0,0.0,8368.0,0.0,0.006200000000000001
2296591565,9,0,-0.019,-0.023,-0.003,0.0,0.0,-0.0025,0.0025,0.0,0.0182,0.0,0.0,0.0,12368.0,0.0,0.0035
2296593594,9,0,-0.014,-0.021,-0.001,0.0,0.0,-0.0015,0.0015,0.0,0.0182,0.0,0.0,0.0,14397.0,0.0,0.0021000000000000003
2296598209,9,0,-0.019,-0.011,0.001,0.0,0.0,0.001,-0.001,0.0,0.0183,0.0,0.0,0.0,19012.0,0.0,-0.0014
2296602213,9,0,-0.062,0.0,-0.006,0.0,0.0,0.0029000000000000002,-0.0029000000000000002,0.0,0.0182,0.0,0.0,0.0,23016.0,0.0,-0.004200000000000001
2296606261,9,0,-0.05,-0.013000000000000001,-0.01,0.0,0.0,0.0049,-0.0049,0.0,0.0179,0.0,0.0,0.0,0.0,0.0,-0.006900000000000001
2296610529,9,0,-0.034,-0.001,0.004,0.0,0.0,0.006900000000000001,-0.006900000000000001,0.0,0.0178,0.0,0.0,0.0,4268.0,0.0,-0.0097
2296615222,9,0,-0.022,0.03,0.006,0.0,0.0,0.009300000000000001,-0.009300000000000001,0.0,0.0176,0.0,0.0,0.0,8961.0,0.0,-0.0132
2296619225,9,0,-0.019,0.027,-0.002,0.0,0.0,0.011300000000000001,-0.011300000000000001,0.0,0.017400000000000002,0.0,0.0,0.0,12964.0,0.0,-0.0159
2296623546,9,0,-0.02,0.04,0.003,0.0,0.0,0.0132,-0.0132,0.0,0.0173,0.0,0.0,0.0,17285.0,0.0,-0.0187
2296626310,9,0,-0.014,0.058,-0.002,0.0,0.0,0.014700000000000001,-0.014700000000000001,0.0,0.0172,0.0,0.0,0.0,20049.0,0.0,-0.020800000000000003
2296630565,9,0,0.009000000000000001,0.07200000000000001,-0.02,0.0,0.0,0.0167,-0.0167,0.0,0.017,0.0,0.0,0.0,24304.0,0.0,-0.0236
2296635235,9,0,-0.007,0.081,-0.008,0.0,0.0,0.019100000000000002,-0.019100000000000002,0.0,0.016900000000000002,0.0,0.0,0.0,0.0,0.0,-0.027
2296639239,9,0,-0.026000000000000002,0.082,0.006,0.0,0.0,0.0211,-0.0211,0.0,0.0167,0.0,0.0,0.0,4004.0,0.0,-0.0298
2296643528,9,0,-0.028,0.083,0.011,0.0,0.0,0.023,-0.023,0.0,0.0164,0.0,0.0,0.0,8293.0,0.0,-0.032600000000000004
2296647565,9,0,-0.007,0.085,0.018000000000000002,0.0,0.0,0.025,-0.025,0.0,0.0162,0.0,0.0,0.0,12330.0,0.0,-0.0354
2296650247,9,0,0.008,0.078,0.029,0.0,0.0,0.026500000000000003,-0.026500000000000003,0.0,0.016,0.0,0.0,0.0,15012.0,0.0,-0.0374
2296654288,9,0,0.003,0.065,0.015,0.0,0.0,0.0284,-0.0284,0.0,0.015700000000000002,0.0,0.0,0.0,19053.0,0.0,-0.0402
2296658564,9,0,-0.009000000000000001,0.054,0.004,0.0,0.0,0.0304,-0.0304,0.0,0.0154,0.0,0.0,0.0,23329.0,0.0,-0.043000000000000003
2296663529,9,0,0.002,0.051000000000000004,-0.013000000000000001,0.0,0.0,0.0328,-0.0328,0.0,0.0151,0.0,0.0,0.0,0.0,0.0,-0.0465
2296667565,9,0,0.003,0.043000000000000003,-0.024,0.0,0.0,0.034800000000000005,-0.034800000000000005,0.0,0.015000000000000001,0.0,0.0,0.0,4036.0,0.0,-0.0492
2296670261,9,0,-0.005,0.037,-0.029,0.0,0.0,0.0363,-0.0363,0.0,0.0149,0.0,0.0,0.0,6732.0,0.0,-0.051300000000000005
2296674528,9,0,-0.02,0.027,-0.027,0.0,0.0,0.0368,-0.0368,0.0,0.014700000000000001,0.0,0.0,0.0,10999.0,0.0,-0.052000000000000005
2296679268,9,0,-0.019,0.025,-0.01,0.0,0.0,0.0368,-0.0368,0.0,0.0145,0.0,0.0,0.0,15739.0,0.0,-0.052000000000000005
2296683406,9,0,-0.016,0.02,-0.001,0.0,0.0,0.0368,-0.0368,0.0,0.014400000000000001,0.0,0.0,0.0,19877.0,0.0,-0.052000000000000005
2296688311,9,0,-0.016,0.019,0.0,0.0,0.0,0.0368,-0.0368,0.0,0.0142,0.0,0.0,0.0,24782.0,0.0,-0.052000000000000005
2296690311,9,0,-0.023,0.014,0.006,0.0,0.0,0.0368,-0.0368,0.0,0.014100000000000001,0.0,0.0,0.0,0.0,0.0,-0.052000000000000005
2296694563,9,0,-0.018000000000000002,0.002,0.009000000000000001,0.0,0.0,0.0368,-0.0368,0.0,0.013900000000000001,0.0,0.0,0.0,4252.0,0.0,-0.052000000000000005
2296699319,9,0,-0.017,0.0,-0.006,0.0,0.0,0.0368,-0.0368,0.0,0.0137,0.0,0.0,0.0,9008.0,0.0,-0.052000000000000005
2296703565,9,0,-0.02,-0.013000000000000001,0.001,0.0,0.0,0.0368,-0.0368,0.0,0.0135,0.0,0.0,0.0,13254.0,0.0,-0.052000000000000005
2296706371,9,0,-0.021,-0.023,0.004,0.0,0.0,0.0368,-0.0368,0.0,0.0135,0.0,0.0,0.0,16060.0,0.0,-0.052000000000000005
2296710527,9,0,-0.024,-0.034,0.005,0.0,0.0,0.0368,-0.0368,0.0,0.0135,0.0,0.0,0.0,20216.0,0.0,-0.052000000000000005
2296715292,9,0,-0.036000000000000004,-0.045,0.002,0.0,0.0,0.0368,-0.0368,0.0,0.0135,0.0,0.0,0.0,24981.0,0.0,-0.052000000000000005
2296720333,9,0,-0.032,-0.052000000000000005,0.014,0.0,0.0,0.0368,-0.0368,0.0,0.013600000000000001,0.0,0.0,0.0,0.0,0.0,-0.052000000000000005
2296722335,9,0,-0.033,-0.055,0.014,0.0,0.0,0.0368,-0.0368,0.0,0.0137,0.0,0.0,0.0,2002.0,0.0,-0.052000000000000005
2296726527,9,0,-0.035,-0.056,0.011,0.0,0.0,0.0368,-0.0368,0.0,0.013800000000000002,0.0,0.0,0.0,6194.0,0.0,-0.052000000000000005
2296731350,9,0,-0.041,-0.054,-0.001,0.0,0.0,0.0368,-0.0368,0.0,0.013900000000000001,0.0,0.0,0.0,11017.0,0.0,-0.052000000000000005
2296735563,9,0,-0.035,-0.053,-0.004,0.0,0.0,0.0368,-0.0368,0.0,0.014,0.0,0.0,0.0,15230.0,0.0,-0.052000000000000005
2296738347,9,0,-0.023,-0.047,-0.004,0.0,0.0,0.0368,-0.0368,0.0,0.014,0.0,0.0,0.0,18014.0,0.0,-0.052000000000000005
2296742564,9,0,-0.018000000000000002,-0.042,-0.008,0.0,0.0,0.0368,-0.0368,0.0,0.014100000000000001,0.0,0.0,0.0,22231.0,0.0,-0.052000000000000005
2296747353,9,0,-0.013000000000000001,-0.037,-0.007,0.0,0.0,0.0368,-0.0368,0.0,0.0142,0.0,0.0,0.0,0.0,0.0,-0.052000000000000005
2296751364,9,0,-0.003,-0.034,-0.001,0.0,0.0,0.0368,-0.0368,0.0,0.0143,0.0,0.0,0.0,4011.0,0.0,-0.052000000000000005
2296753592,9,0,0.002,-0.031,0.001,0.0,0.0,0.0368,-0.0368,0.0,0.0143,0.0,0.0,0.0,6239.0,0.0,-0.052000000000000005
2296758322,9,0,0.004,-0.02,-0.003,0.0,0.0,0.0368,-0.0368,0.0,0.0145,0.0,0.0,0.0,10969.0,0.0,-0.052000000000000005
2296762526,9,0,0.002,-0.018000000000000002,0.001,0.0,0.0,0.0368,-0.0368,0.0,0.0146,0.0,0.0,0.0,15173.0,0.0,-0.052000000000000005
2296767365,9,0,0.01,-0.01,0.011,0.0,0.0,0.0368,-0.0368,0.0,0.0146,0.0,0.0,0.0,20012.0,0.0,-0.052000000000000005
2296771380,9,0,0.015,-0.004,0.006,0.0,0.0,0.0368,-0.0368,0.0,0.014700000000000001,0.0,0.0,0.0,24027.0,0.0,-0.052000000000000005
2296773593,9,0,0.021,-0.004,0.003,0.0,0.0,0.0368,-0.0368,0.0,0.014700000000000001,0.0,0.0,0.0,0.0,0.0,-0.052000000000000005
2296778526,9,0,0.027,0.006,0.013000000000000001,0.0,0.0,0.0368,-0.0368,0.0,0.014700000000000001,0.0,0.0,0.0,4933.0,0.0,-0.052000000000000005
2296782681,9,0,0.035,0.009000000000000001,0.005,0.0,0.0,0.0368,-0.0368,0.0,0.014700000000000001,0.0,0.0,0.0,9088.0,0.0,-0.052000000000000005
2296787574,9,0,0.044,0.007,-0.005,0.0,0.0,0.0368,-0.0368,0.0,0.0148,0.0,0.0,0.0,13981.0,0.0,-0.052000000000000005
2296790383,9,0,0.051000000000000004,0.01,-0.006,0.0,0.0,0.0368,-0.0368,0.0,0.0148,0.0,0.0,0.0,16790.0,0.0,-0.052000000000000005
2296794565,9,0,0.059000000000000004,0.009000000000000001,-0.004,0.0,0.0,0.0368,-0.0368,0.0,0.0149,0.0,0.0,0.0,20972.0,0.0,-0.052000000000000005
2296799354,9,0,0.054,0.012,-0.006,0.0,0.0,0.0368,-0.0368,0.0,0.015000000000000001,0.0,0.0,0.0,25761.0,0.0,-0.052000000000000005
2296803526,9,0,0.05,0.007,-0.005,0.0,0.0,0.0368,-0.0368,0.0,0.0151,0.0,0.0,0.0,0.0,0.0,-0.052000000000000005
2296807565,9,0,0.048,0.004,0.001,0.0,0.0,0.0368,-0.0368,0.0,0.0151,0.0,0.0,0.0,4039.0,0.0,-0.052000000000000005
2296812399,9,0,0.056,0.002,0.006,0.0,0.0,0.0368,-0.0368,0.0,0.0152,0.0,0.0,0.0,8873.0,0.0,-0.052000000000000005
2296814402,9,0,0.057,0.001,0.008,0.0,0.0,0.0368,-0.0368,0.0,0.015300000000000001,0.0,0.0,0.0,10876.0,0.0,-0.052000000000000005
2296818564,9,0,0.055,-0.007,0.0,0.0,0.0,0.0368,-0.0368,0.0,0.0154,0.0,0.0,0.0,15038.0,0.0,-0.052000000000000005
2296823563,9,0,0.056,-0.013000000000000001,-0.003,0.0,0.0,0.0368,-0.0368,0.0,0.015600000000000001,0.0,0.0,0.0,20037.0,0.0,-0.052000000000000005
2296826470,9,0,0.053,-0.015,-0.003,0.0,0.0,0.0368,-0.0368,0.0,0.015700000000000002,0.0,0.0,0.0,22944.0,0.0,-0.052000000000000005
2296830526,9,0,0.048,-0.019,-0.008,0.0,0.0,0.0368,-0.0368,0.0,0.0158,0.0,0.0,0.0,0.0,0.0,-0.052000000000000005
2296835377,9,0,0.036000000000000004,-0.024,-0.003,0.0,0.0,0.0368,-0.0368,0.0,0.0161,0.0,0.0,0.0,4851.0,0.0,-0.052000000000000005
2296839381,9,0,0.027,-0.022,-0.002,0.0,0.0,0.0368,-0.0368,0.0,0.0162,0.0,0.0,0.0,8855.0,0.0,-0.052000000000000005
2296843526,9,0,0.024,-0.029,0.001,0.0,0.0,0.0368,-0.0368,0.0,0.016300000000000002,0.0,0.0,0.0,13000.0,0.0,-0.052000000000000005
2296847565,9,0,0.013000000000000001,-0.03,0.007,0.0,0.0,0.0368,-0.0368,0.0,0.0165,0.0,0.0,0.0,17039.0,0.0,-0.052000000000000005
2296851574,9,0,0.009000000000000001,-0.033,0.003,0.0,0.0,0.0368,-0.0368,0.0,0.0166,0.0,0.0,0.0,21048.0,0.0,-0.052000000000000005
2296853592,9,0,0.008,-0.038,-0.003,0.0,0.0,0.0368,-0.0368,0.0,0.0167,0.0,0.0,0.0,23066.0,0.0,-0.052000000000000005
2296858564,9,0,-0.002,-0.042,0.002,0.0,0.0,0.0368,-0.0368,0.0,0.016900000000000002,0.0,0.0,0.0,0.0,0.0,-0.052000000000000005
2296863437,9,0,-0.005,-0.045,0.004,0.0,0.0,0.0368,-0.0368,0.0,0.017,0.0,0.0,0.0,4873.0,0.0,-0.052000000000000005
2296867565,9,0,-0.013000000000000001,-0.047,0.002,0.0,0.0,0.0368,-0.0368,0.0,0.0171,0.0,0.0,0.0,9001.0,0.0,-0.052000000000000005
2296870403,9,0,-0.013000000000000001,-0.047,0.002,0.0,0.0,0.0368,-0.0368,0.0,0.0172,0.0,0.0,0.0,11839.0,0.0,-0.052000000000000005
2296874444,9,0,-0.015,-0.049,-0.001,0.0,0.0,0.0368,-0.0368,0.0,0.0173,0.0,0.0,0.0,15880.0,0.0,-0.052000000000000005
2296878564,9,0,-0.018000000000000002,-0.047,0.0,0.0,0.0,0.0368,-0.0368,0.0,0.017400000000000002,0.0,0.0,0.0,20000.0,0.0,-0.052000000000000005
2296882681,9,0,-0.017,-0.046,-0.001,0.0,0.0,0.0368,-0.0368,0.0,0.0175,0.0,0.0,0.0,24117.0,0.0,-0.052000000000000005
2296887416,9,0,-0.023,-0.045,0.002,0.0,0.0,0.0368,-0.0368,0.0,0.0175,0.0,0.0,0.0,0.0,0.0,-0.052000000000000005
2296891506,9,0,-0.019,-0.044,0.0,0.0,0.0,0.0368,-0.0368,0.0,0.0176,0.0,0.0,0.0,4090.0,0.0,-0.052000000000000005
2296893592,9,0,-0.018000000000000002,-0.042,0.002,0.0,0.0,0.0368,-0.0368,0.0,0.0176,0.0,0.0,0.0,6176.0,0.0,-0.052000000000000005
2296898526,9,0,-0.016,-0.037,0.001,0.0,0.0,0.0368,-0.0368,0.0,0.0176,0.0,0.0,0.0,11110.0,0.0,-0.052000000000000005
2296903426,9,0,-0.009000000000000001,-0.028,0.0,0.0,0.0,0.0368,-0.0368,0.0,0.0176,0.0,0.0,0.0,16010.0,0.0,-0.052000000000000005
2296907468,9,0,-0.005,-0.024,0.001,0.0,0.0,0.0368,-0.0368,0.0,0.0176,0.0,0.0,0.0,20052.0,0.0,-0.052000000000000005
2296912432,9,0,0.002,-0.02,0.001,0.0,0.0,0.0368,-0.0368,0.0,0.0176,0.0,0.0,0.0,25016.0,0.0,-0.052000000000000005
2296914435,9,0,0.004,-0.017,0.001,0.0,0.0,0.0368,-0.0368,0.0,0.0176,0.0,0.0,0.0,0.0,0.0,-0.052000000000000005
2296919440,9,0,0.008,-0.012,-0.004,0.0,0.0,0.0368,-0.0368,0.0,0.0176,0.0,0.0,0.0,5005.0,0.0,-0.052000000000000005
2296923565,9,0,0.009000000000000001,-0.005,0.0,0.0,0.0,0.0368,-0.0368,0.0,0.0175,0.0,0.0,0.0,9130.0,0.0,-0.052000000000000005
2296927566,9,0,0.015,0.001,-0.002,0.0,0.0,0.0368,-0.0368,0.0,0.0175,0.0,0.0,0.0,13131.0,0.0,-0.052000000000000005
2296930484,9,0,0.018000000000000002,0.005,0.0,0.0,0.0,0.0368,-0.0368,0.0,0.0175,0.0,0.0,0.0,16049.0,0.0,-0.052000000000000005
2296935447,9,0,0.023,0.007,-0.003,0.0,0.0,0.0368,-0.0368,0.0,0.0175,0.0,0.0,0.0,21012.0,0.0,-0.052000000000000005
2296939566,9,0,0.029,0.011,-0.002,0.0,0.0,0.0368,-0.0368,0.0,0.0175,0.0,0.0,0.0,25131.0,0.0,-0.052000000000000005
2296942490,9,0,0.028,0.014,0.002,0.0,0.0,0.0368,-0.0368,0.0,0.0176,0.0,0.0,0.0,0.0,0.0,-0.052000000000000005
2296947611,9,0,0.026000000000000002,0.017,-0.002,0.0,0.0,0.0368,-0.0368,0.0,0.0176,0.0,0.0,0.0,5121.0,0.0,-0.052000000000000005
2296950459,9,0,0.032,0.019,0.0,0.0,0.0,0.0368,-0.0368,0.0,0.0176,0.0,0.0,0.0,7969.0,0.0,-0.052000000000000005
2296954568,9,0,0.029,0.022,-0.003,0.0,0.0,0.0368,-0.0368,0.0,0.0176,0.0,0.0,0.0,12078.0,0.0,-0.052000000000000005
2296959464,9,0,0.029,0.026000000000000002,-0.001,0.0,0.0,0.0368,-0.0368,0.0,0.0176,0.0,0.0,0.0,16974.0,0.0,-0.052000000000000005
2296964511,9,0,0.019,0.026000000000000002,-0.002,0.0,0.0,0.0368,-0.0368,0.0,0.0176,0.0,0.0,0.0,22021.0,0.0,-0.052000000000000005
2296966558,9,0,0.018000000000000002,0.026000000000000002,-0.001,0.0,0.0,0.0368,-0.0368,0.0,0.0176,0.0,0.0,0.0,24068.0,0.0,-0.052000000000000005
2296971563,9,0,0.016,0.028,0.004,0.0,0.0,0.0368,-0.0368,0.0,0.0176,0.0,0.0,0.0,0.0,0.0,-0.052000000000000005
2296974547,9,0,0.014,0.027,0.001,0.0,0.0,0.0368,-0.0368,0.0,0.0176,0.0,0.0,0.0,2984.0,0.0,-0.052000000000000005
2296979612,9,0,0.011,0.027,-0.002,0.0,0.0,0.0368,-0.0368,0.0,0.0176,0.0,0.0,0.0,8049.0,0.0,-0.052000000000000005
2296982718,9,0,0.005,0.024,0.0,0.0,0.0,0.0368,-0.0368,0.0,0.0175,0.0,0.0,0.0,11155.0,0.0,-0.052000000000000005
2296987526,9,0,-0.005,0.021,0.002,0.0,0.0,0.0368,-0.0368,0.0,0.0175,0.0,0.0,0.0,15963.0,0.0,-0.052000000000000005
2296991589,9,0,-0.015,0.018000000000000002,0.004,0.0,0.0,0.0368,-0.0368,0.0,0.017400000000000002,0.0,0.0,0.0,20026.0,0.0,-0.052000000000000005
2296994532,9,0,-0.016,0.014,0.0,0.0,0.0,0.0368,-0.0368,0.0,0.0173,0.0,0.0,0.0,22969.0,0.0,-0.052000000000000005
2296999534,9,0,-0.026000000000000002,0.01,0.002,0.0,0.0,0.0368,-0.0368,0.0,0.0172,0.0,0.0,0.0,0.0,0.0,-0.052000000000000005
2297001583,9,0,-0.03,0.008,0.001,0.0,0.0,0.0368,-0.0368,0.0,0.0171,0.0,0.0,0.0,2049.0,0.0,-0.052000000000000005
2297006589,9,0,-0.032,0.001,0.0,0.0,0.0,0.0368,-0.0368,0.0,0.016900000000000002,0.0,0.0,0.0,7055.0,0.0,-0.052000000000000005
2297011640,9,0,-0.039,-0.001,0.004,0.0,0.0,0.0368,-0.0368,0.0,0.016800000000000002,0.0,0.0,0.0,12106.0,0.0,-0.052000000000000005
2297014547,9,0,-0.034,-0.007,-0.001,0.0,0.0,0.0368,-0.0368,0.0,0.0166,0.0,0.0,0.0,15013.0,0.0,-0.052000000000000005
2297019549,9,0,-0.037,-0.008,0.001,0.0,0.0,0.0368,-0.0368,0.0,0.0164,0.0,0.0,0.0,20015.0,0.0,-0.052000000000000005
2297021597,9,0,-0.04,-0.008,0.005,0.0,0.0,0.0368,-0.0368,0.0,0.0164,0.0,0.0,0.0,22063.0,0.0,-0.052000000000000005
2297026641,9,0,-0.044,-0.014,-0.001,0.0,0.0,0.0368,-0.0368,0.0,0.0162,0.0,0.0,0.0,0.0,0.0,-0.052000000000000005
2297029594,9,0,-0.038,-0.014,-0.006,0.0,0.0,0.0368,-0.0368,0.0,0.0161,0.0,0.0,0.0,2953.0,0.0,-0.052000000000000005
2297033651,9,0,-0.037,-0.015,0.0,0.0,0.0,0.0368,-0.0368,0.0,0.0159,0.0,0.0,0.0,7010.0,0.0,-0.052000000000000005
2297039525,9,0,-0.047,-0.016,0.002,0.0,0.0,0.0368,-0.0368,0.0,0.015700000000000002,0.0,0.0,0.0,12884.0,0.0,-0.052000000000000005
2297041616,9,0,-0.043000000000000003,-0.019,0.0,0.0,0.0,0.0368,-0.0368,0.0,0.015600000000000001,0.0,0.0,0.0,14975.0,0.0,-0.052000000000000005
2297046617,9,0,-0.037,-0.017,-0.003,0.0,0.0,0.0368,-0.0368,0.0,0.0155,0.0,0.0,0.0,19976.0,0.0,-0.052000000000000005
2297049571,9,0,-0.04,-0.013000000000000001,0.002,0.0,0.0,0.0368,-0.0368,0.0,0.0154,0.0,0.0,0.0,22930.0,0.0,-0.052000000000000005
2297054576,9,0,-0.035,-0.008,0.0,0.0,0.0,0.0368,-0.0368,0.0,0.015300000000000001,0.0,0.0,0.0,0.0,0.0,-0.052000000000000005
2297059538,9,0,-0.032,-0.005,-0.001,0.0,0.0,0.0368,-0.0368,0.0,0.0152,0.0,0.0,0.0,4962.0,0.0,-0.052000000000000005
2297061625,9,0,-0.033,-0.004,-0.002,0.0,0.0,0.0368,-0.0368,0.0,0.0151,0.0,0.0,0.0,7049.0,0.0,-0.052000000000000005
2297066634,9,0,-0.023,0.003,-0.001,0.0,0.0,0.0368,-0.0368,0.0,0.015000000000000001,0.0,0.0,0.0,12058.0,0.0,-0.052000000000000005
2297069585,9,0,-0.022,0.006,-0.003,0.0,0.0,0.0368,-0.0368,0.0,0.015000000000000001,0.0,0.0,0.0,15009.0,0.0,-0.052000000000000005
2297074589,9,0,-0.02,0.013000000000000001,-0.003,0.0,0.0,0.0368,-0.0368,0.0,0.0149,0.0,0.0,0.0,20013.0,0.0,-0.052000000000000005
2297079594,9,0,-0.01,0.022,-0.002,0.0,0.0,0.0368,-0.0368,0.0,0.0148,0.0,0.0,0.0,25018.0,0.0,-0.052000000000000005
2297081641,9,0,-0.011,0.024,-0.002,0.0,0.0,0.0368,-0.0368,0.0,0.0148,0.0,0.0,0.0,0.0,0.0,-0.052000000000000005
2297086645,9,0,-0.015,0.03,0.004,0.0,0.0,0.0368,-0.0368,0.0,0.014700000000000001,0.0,0.0,0.0,5004.0,0.0,-0.052000000000000005
2297089600,9,0,-0.014,0.03,0.001,0.0,0.0,0.0368,-0.0368,0.0,0.0146,0.0,0.0,0.0,7959.0,0.0,-0.052000000000000005
2297094605,9,0,-0.007,0.038,-0.001,0.0,0.0,0.0368,-0.0368,0.0,0.0145,0.0,0.0,0.0,12964.0,0.0,-0.052000000000000005
2297099607,9,0,-0.007,0.044,0.003,0.0,0.0,0.0368,-0.0368,0.0,0.014400000000000001,0.0,0.0,0.0,17966.0,0.0,-0.052000000000000005
2297101655,9,0,-0.009000000000000001,0.045,0.0,0.0,0.0,0.0368,-0.0368,0.0,0.0143,0.0,0.0,0.0,20014.0,0.0,-0.052000000000000005
2297106667,9,0,-0.004,0.048,0.001,0.0,0.0,0.0368,-0.0368,0.0,0.014100000000000001,0.0,0.0,0.0,25026.0,0.0,-0.052000000000000005
2297111690,9,0,-0.005,0.049,0.002,0.0,0.0,0.0368,-0.0368,0.0,0.013900000000000001,0.0,0.0,0.0,0.0,0.0,-0.052000000000000005
2297114618,9,0,-0.007,0.048,0.001,0.0,0.0,0.0368,-0.0368,0.0,0.013800000000000002,0.0,0.0,0.0,2928.0,0.0,-0.052000000000000005
2297119621,9,0,-0.012,0.048,0.002,0.0,0.0,0.0368,-0.0368,0.0,0.013600000000000001,0.0,0.0,0.0,7931.0,0.0,-0.052000000000000005
2297121705,9,0,-0.013000000000000001,0.046,0.0,0.0,0.0,0.0368,-0.0368,0.0,0.0135,0.0,0.0,0.0,10015.0,0.0,-0.052000000000000005
2297126676,9,0,-0.009000000000000001,0.042,-0.001,0.0,0.0,0.0368,-0.0368,0.0,0.013300000000000001,0.0,0.0,0.0,14986.0,0.0,-0.052000000000000005
2297129645,9,0,-0.005,0.043000000000000003,0.006,0.0,0.0,0.0368,-0.0368,0.0,0.0131,0.0,0.0,0.0,17955.0,0.0,-0.052000000000000005
2297133808,9,0,-0.012,0.034,0.0,0.0,0.0,0.0368,-0.0368,0.0,0.0129,0.0,0.0,0.0,22118.0,0.0,-0.052000000000000005
2297139612,9,0,-0.012,0.029,0.004,0.0,0.0,0.0368,-0.0368,0.0,0.012700000000000001,0.0,0.0,0.0,0.0,0.0,-0.052000000000000005
2297141682,9,0,-0.012,0.024,0.001,0.0,0.0,0.0368,-0.0368,0.0,0.0126,0.0,0.0,0.0,2070.0,0.0,-0.052000000000000005
2297146684,9,0,-0.013000000000000001,0.02,-0.001,0.0,0.0,0.0368,-0.0368,0.0,0.012400000000000001,0.0,0.0,0.0,7072.0,0.0,-0.052000000000000005
2297149602,9,0,-0.019,0.015,-0.003,0.0,0.0,0.0368,-0.0368,0.0,0.0122,0.0,0.0,0.0,9990.0,0.0,-0.052000000000000005
2297154646,9,0,-0.018000000000000002,0.005,-0.003,0.0,0.0,0.0368,-0.0368,0.0,0.012,0.0,0.0,0.0,15034.0,0.0,-0.052000000000000005
2297159651,9,0,-0.022,-0.001,0.001,0.0,0.0,0.0368,-0.0368,0.0,0.0119,0.0,0.0,0.0,20039.0,0.0,-0.052000000000000005
2297161769,9,0,-0.023,-0.005,0.002,0.0,0.0,0.0368,-0.0368,0.0,0.0118,0.0,0.0,0.0,22157.0,0.0,-0.052000000000000005
2297166778,9,0,-0.021,-0.009000000000000001,0.001,0.0,0.0,0.0368,-0.0368,0.0,0.0117,0.0,0.0,0.0,0.0,0.0,-0.052000000000000005
2297169656,9,0,-0.027,-0.011,-0.001,0.0,0.0,0.0368,-0.0368,0.0,0.011600000000000001,0.0,0.0,0.0,2878.0,0.0,-0.052000000000000005
2297175660,9,0,-0.026000000000000002,-0.016,0.001,0.0,0.0,0.0368,-0.0368,0.0,0.0115,0.0,0.0,0.0,8882.0,0.0,-0.052000000000000005
2297178665,9,0,-0.027,-0.021,0.003,0.0,0.0,0.0368,-0.0368,0.0,0.0115,0.0,0.0,0.0,11887.0,0.0,-0.052000000000000005
2297183574,9,0,-0.03,-0.022,0.0,0.0,0.0,0.0368,-0.0368,0.0,0.0114,0.0,0.0,0.0,16796.0,0.0,-0.052000000000000005
2297185669,9,0,-0.031,-0.023,0.0,0.0,0.0,0.0368,-0.0368,0.0,0.0114,0.0,0.0,0.0,18891.0,0.0,-0.052000000000000005
2297191563,9,0,-0.028,-0.02,0.002,0.0,0.0,0.0368,-0.0368,0.0,0.0114,0.0,0.0,0.0,24785.0,0.0,-0.052000000000000005
2297193673,9,0,-0.029,-0.021,0.001,0.0,0.0,0.0368,-0.0368,0.0,0.0114,0.0,0.0,0.0,0.0,0.0,-0.052000000000000005
2297198678,9,0,-0.028,-0.02,-0.003,0.0,0.0,0.0368,-0.0368,0.0,0.0114,0.0,0.0,0.0,5005.0,0.0,-0.052000000000000005
2297203535,9,0,-0.031,-0.021,0.004,0.0,0.0,0.0368,-0.0368,0.0,0.0114,0.0,0.0,0.0,9862.0,0.0,-0.052000000000000005
2297205649,9,0,-0.025,-0.017,0.003,0.0,0.0,0.0368,-0.0368,0.0,0.0114,0.0,0.0,0.0,11976.0,0.0,-0.052000000000000005
2297210718,9,0,-0.026000000000000002,-0.011,0.0,0.0,0.0,0.0368,-0.0368,0.0,0.0114,0.0,0.0,0.0,17045.0,0.0,-0.052000000000000005
2297213640,9,0,-0.024,-0.007,0.0,0.0,0.0,0.0368,-0.0368,0.0,0.0114,0.0,0.0,0.0,19967.0,0.0,-0.052000000000000005
2297217764,9,0,-0.018000000000000002,-0.006,0.002,0.0,0.0,0.0368,-0.0368,0.0,0.0114,0.0,0.0,0.0,24091.0,0.0,-0.052000000000000005
2297222688,9,0,-0.011,-0.002,0.001,0.0,0.0,0.0368,-0.0368,0.0,0.011300000000000001,0.0,0.0,0.0,0.0,0.0,-0.052000000000000005
2297226773,9,0,-0.013000000000000001,0.004,-0.003,0.0,0.0,0.0368,-0.0368,0.0,0.011300000000000001,0.0,0.0,0.0,4085.0,0.0,-0.052000000000000005
2297229573,9,0,-0.013000000000000001,0.008,-0.003,0.0,0.0,0.0368,-0.0368,0.0,0.011300000000000001,0.0,0.0,0.0,6885.0,0.0,-0.052000000000000005
2297233680,9,0,-0.011,0.012,0.005,0.0,0.0,0.0368,-0.0368,0.0,0.0112,0.0,0.0,0.0,10992.0,0.0,-0.052000000000000005
2297238741,9,0,-0.003,0.012,-0.002,0.0,0.0,0.0368,-0.0368,0.0,0.0111,0.0,0.0,0.0,16053.0,0.0,-0.052000000000000005
2297242744,9,0,0.0,0.017,0.001,0.0,0.0,0.0368,-0.0368,0.0,0.0111,0.0,0.0,0.0,20056.0,0.0,-0.052000000000000005
2297246829,9,0,0.006,0.019,0.001,0.0,0.0,0.0368,-0.0368,0.0,0.011000000000000001,0.0,0.0,0.0,24141.0,0.0,-0.052000000000000005
2297251713,9,0,0.013000000000000001,0.02,-0.001,0.0,0.0,0.0368,-0.0368,0.0,0.0109,0.0,0.0,0.0,0.0,0.0,-0.052000000000000005
2297254574,9,0,0.014,0.019,0.001,0.0,0.0,0.0368,-0.0368,0.0,0.0109,0.0,0.0,0.0,2861.0,0.0,-0.052000000000000005
2297258753,9,0,0.015,0.02,-0.001,0.0,0.0,0.0368,-0.0368,0.0,0.0108,0.0,0.0,0.0,7040.0,0.0,-0.052000000000000005
2297263573,9,0,0.017,0.017,0.0,0.0,0.0,0.0368,-0.0368,0.0,0.010700000000000001,0.0,0.0,0.0,11860.0,0.0,-0.052000000000000005
2297265760,9,0,0.019,0.018000000000000002,-0.001,0.0,0.0,0.0368,-0.0368,0.0,0.010700000000000001,0.0,0.0,0.0,14047.0,0.0,-0.052000000000000005
2297270767,9,0,0.024,0.014,-0.001,0.0,0.0,0.0368,-0.0368,0.0,0.0106,0.0,0.0,0.0,19054.0,0.0,-0.052000000000000005
2297273572,9,0,0.028,0.013000000000000001,-0.001,0.0,0.0,0.0368,-0.0368,0.0,0.0106,0.0,0.0,0.0,21859.0,0.0,-0.052000000000000005
2297277719,9,0,0.024,0.011,0.0,0.0,0.0,0.0368,-0.0368,0.0,0.0106,0.0,0.0,0.0,0.0,0.0,-0.052000000000000005
2297281778,9,0,0.022,0.005,0.0,0.0,0.0,0.0368,-0.0368,0.0,0.0106,0.0,0.0,0.0,4059.0,0.0,-0.052000000000000005
2297286580,9,0,0.02,0.004,0.001,0.0,0.0,0.0368,-0.0368,0.0,0.0106,0.0,0.0,0.0,8861.0,0.0,-0.052000000000000005
2297290809,9,0,0.024,-0.002,0.001,0.0,0.0,0.0368,-0.0368,0.0,0.0106,0.0,0.0,0.0,13090.0,0.0,-0.052000000000000005
2297295749,9,0,0.019,-0.006,-0.004,0.0,0.0,0.0368,-0.0368,0.0,0.010700000000000001,0.0,0.0,0.0,18030.0,0.0,-0.052000000000000005
2297297785,9,0,0.015,-0.01,-0.004,0.0,0.0,0.0368,-0.0368,0.0,0.010700000000000001,0.0,0.0,0.0,20066.0,0.0,-0.052000000000000005
2297302788,9,0,0.013000000000000001,-0.013000000000000001,-0.003,0.0,0.0,0.0368,-0.0368,0.0,0.010700000000000001,0.0,0.0,0.0,25069.0,0.0,-0.052000000000000005
2297306818,9,0,0.013000000000000001,-0.017,-0.001,0.0,0.0,0.0368,-0.0368,0.0,0.0108,0.0,0.0,0.0,0.0,0.0,-0.052000000000000005
2297309599,9,0,0.011,-0.018000000000000002,-0.002,0.0,0.0,0.0368,-0.0368,0.0,0.0108,0.0,0.0,0.0,2781.0,0.0,-0.052000000000000005
2297314535,9,0,0.004,-0.022,0.0,0.0,0.0,0.0368,-0.0368,0.0,0.0109,0.0,0.0,0.0,7717.0,0.0,-0.052000000000000005
2297318573,9,0,-0.002,-0.025,-0.002,0.0,0.0,0.0368,-0.0368,0.0,0.011000000000000001,0.0,0.0,0.0,11755.0,0.0,-0.052000000000000005
2297322792,9,0,-0.005,-0.028,-0.001,0.0,0.0,0.0368,-0.0368,0.0,0.0111,0.0,0.0,0.0,15974.0,0.0,-0.052000000000000005
2297326855,9,0,-0.002,-0.031,0.0,0.0,0.0,0.0368,-0.0368,0.0,0.0112,0.0,0.0,0.0,20037.0,0.0,-0.052000000000000005
2297331597,9,0,-0.011,-0.031,0.001,0.0,0.0,0.0368,-0.0368,0.0,0.011300000000000001,0.0,0.0,0.0,24779.0,0.0,-0.052000000000000005
2297333781,9,0,-0.011,-0.032,0.001,0.0,0.0,0.0368,-0.0368,0.0,0.011300000000000001,0.0,0.0,0.0,0.0,0.0,-0.052000000000000005
2297338850,9,0,-0.011,-0.036000000000000004,0.001,0.0,0.0,0.0368,-0.0368,0.0,0.0115,0.0,0.0,0.0,5069.0,0.0,-0.052000000000000005
2297343536,9,0,-0.015,-0.034,-0.003,0.0,0.0,0.0368,-0.0368,0.0,0.0115,0.0,0.0,0.0,9755.0,0.0,-0.052000000000000005
2297345577,9,0,-0.016,-0.033,-0.002,0.0,0.0,0.0368,-0.0368,0.0,0.011600000000000001,0.0,0.0,0.0,11796.0,0.0,-0.052000000000000005
2297349606,9,0,-0.013000000000000001,-0.033,0.001,0.0,0.0,0.0368,-0.0368,0.0,0.011600000000000001,0.0,0.0,0.0,15825.0,0.0,-0.052000000000000005
2297354543,9,0,-0.008,-0.033,0.001,0.0,0.0,0.0368,-0.0368,0.0,0.0117,0.0,0.0,0.0,20762.0,0.0,-0.052000000000000005
2297358816,9,0,-0.007,-0.031,-0.001,0.0,0.0,0.0368,-0.0368,0.0,0.0117,0.0,0.0,0.0,25035.0,0.0,-0.052000000000000005
2297363577,9,0,-0.005,-0.029,0.0,0.0,0.0,0.0368,-0.0368,0.0,0.0118,0.0,0.0,0.0,0.0,0.0,-0.052000000000000005
2297365779,9,0,-0.001,-0.03,0.0,0.0,0.0,0.0368,-0.0368,0.0,0.0118,0.0,0.0,0.0,2202.0,0.0,-0.052000000000000005
2297370578,9,0,-0.001,-0.026000000000000002,0.002,0.0,0.0,0.0368,-0.0368,0.0,0.0119,0.0,0.0,0.0,7001.0,0.0,-0.052000000000000005
2297374579,9,0,0.001,-0.022,0.003,0.0,0.0,0.0368,-0.0368,0.0,0.0119,0.0,0.0,0.0,11002.0,0.0,-0.052000000000000005
2297379540,9,0,0.008,-0.02,-0.007,0.0,0.0,0.0368,-0.0368,0.0,0.0119,0.0,0.0,0.0,15963.0,0.0,-0.052000000000000005
2297381808,9,0,0.013000000000000001,-0.02,-0.004,0.0,0.0,0.0368,-0.0368,0.0,0.0119,0.0,0.0,0.0,18231.0,0.0,-0.052000000000000005
2297386571,9,0,0.013000000000000001,-0.017,0.002,0.0,0.0,0.0368,-0.0368,0.0,0.012,0.0,0.0,0.0,22994.0,0.0,-0.052000000000000005
2297390578,9,0,0.021,-0.016,0.003,0.0,0.0,0.0368,-0.0368,0.0,0.012,0.0,0.0,0.0,0.0,0.0,-0.052000000000000005
2297394815,9,0,0.025,-0.01,-0.004,0.0,0.0,0.0368,-0.0368,0.0,0.012100000000000001,0.0,0.0,0.0,4237.0,0.0,-0.052000000000000005
2297399577,9,0,0.026000000000000002,-0.01,-0.001,0.0,0.0,0.0368,-0.0368,0.0,0.012100000000000001,0.0,0.0,0.0,8999.0,0.0,-0.052000000000000005
2297401822,9,0,0.026000000000000002,-0.009000000000000001,0.0,0.0,0.0,0.0368,-0.0368,0.0,0.0122,0.0,0.0,0.0,11244.0,0.0,-0.052000000000000005
2297406572,9,0,0.03,-0.011,-0.004,0.0,0.0,0.0368,-0.0368,0.0,0.0122,0.0,0.0,0.0,15994.0,0.0,-0.052000000000000005
2297410819,9,0,0.032,-0.005,0.001,0.0,0.0,0.0368,-0.0368,0.0,0.0123,0.0,0.0,0.0,20241.0,0.0,-0.052000000000000005
2297413576,9,0,0.033,-0.001,0.001,0.0,0.0,0.0368,-0.0368,0.0,0.012400000000000001,0.0,0.0,0.0,22998.0,0.0,-0.052000000000000005
2297417816,9,0,0.035,-0.001,0.001,0.0,0.0,0.0368,-0.0368,0.0,0.0125,0.0,0.0,0.0,0.0,0.0,-0.052000000000000005
2297421837,9,0,0.035,-0.004,-0.001,0.0,0.0,0.0368,-0.0368,0.0,0.0126,0.0,0.0,0.0,4021.0,0.0,-0.052000000000000005
2297426842,9,0,0.035,-0.003,0.0,0.0,0.0,0.0368,-0.0368,0.0,0.012700000000000001,0.0,0.0,0.0,9026.0,0.0,-0.052000000000000005
2297431570,9,0,0.036000000000000004,-0.002,0.002,0.0,0.0,0.0368,-0.0368,0.0,0.0128,0.0,0.0,0.0,13754.0,0.0,-0.052000000000000005
2297433683,9,0,0.034,-0.004,0.004,0.0,0.0,0.0368,-0.0368,0.0,0.0129,0.0,0.0,0.0,15867.0,0.0,-0.052000000000000005
2297437814,9,0,0.028,-0.004,-0.004,0.0,0.0,0.0368,-0.0368,0.0,0.013000000000000001,0.0,0.0,0.0,19998.0,0.0,-0.052000000000000005
2297441849,9,0,0.03,-0.009000000000000001,0.0,0.0,0.0,0.0368,-0.0368,0.0,0.0131,0.0,0.0,0.0,24033.0,0.0,-0.052000000000000005
2297446571,9,0,0.02,-0.007,-0.002,0.0,0.0,0.0368,-0.0368,0.0,0.0132,0.0,0.0,0.0,0.0,0.0,-0.052000000000000005
2297450571,9,0,0.021,-0.007,-0.001,0.0,0.0,0.0368,-0.0368,0.0,0.013300000000000001,0.0,0.0,0.0,4000.0,0.0,-0.052000000000000005
2297454817,9,0,0.013000000000000001,-0.011,-0.003,0.0,0.0,0.0368,-0.0368,0.0,0.0134,0.0,0.0,0.0,8246.0,0.0,-0.052000000000000005
2297459530,9,0,0.014,-0.012,-0.002,0.0,0.0,0.0368,-0.0368,0.0,0.0135,0.0,0.0,0.0,12959.0,0.0,-0.052000000000000005
2297463571,9,0,0.011,-0.017,0.004,0.0,0.0,0.0368,-0.0368,0.0,0.0135,0.0,0.0,0.0,17000.0,0.0,-0.052000000000000005
2297465571,9,0,0.006,-0.019,0.003,0.0,0.0,0.0368,-0.0368,0.0,0.013600000000000001,0.0,0.0,0.0,19000.0,0.0,-0.052000000000000005
2297469824,9,0,0.001,-0.021,-0.003,0.0,0.0,0.0368,-0.0368,0.0,0.013600000000000001,0.0,0.0,0.0,23253.0,0.0,-0.052000000000000005
2297474570,9,0,-0.001,-0.022,0.004,0.0,0.0,0.0368,-0.0368,0.0,0.013600000000000001,0.0,0.0,0.0,0.0,0.0,-0.052000000000000005
2297478832,9,0,-0.006,-0.025,0.001,0.0,0.0,0.0368,-0.0368,0.0,0.013600000000000001,0.0,0.0,0.0,4262.0,0.0,-0.052000000000000005
2297483686,9,0,-0.009000000000000001,-0.028,-0.001,0.0,0.0,0.0368,-0.0368,0.0,0.0137,0.0,0.0,0.0,9116.0,0.0,-0.052000000000000005
2297485837,9,0,-0.008,-0.03,0.002,0.0,0.0,0.0368,-0.0368,0.0,0.0137,0.0,0.0,0.0,11267.0,0.0,-0.052000000000000005
2297489840,9,0,-0.007,-0.03,0.003,0.0,0.0,0.0368,-0.0368,0.0,0.0137,0.0,0.0,0.0,15270.0,0.0,-0.052000000000000005
2297494844,9,0,-0.006,-0.033,0.001,0.0,0.0,0.0368,-0.0368,0.0,0.0137,0.0,0.0,0.0,20274.0,0.0,-0.052000000000000005
2297499570,9,0,-0.008,-0.035,-0.001,0.0,0.0,0.0368,-0.0368,0.0,0.0137,0.0,0.0,0.0,25000.0,0.0,-0.052000000000000005
2297501896,9,0,-0.009000000000000001,-0.036000000000000004,-0.004,0.0,0.0,0.0368,-0.0368,0.0,0.0137,0.0,0.0,0.0,0.0,0.0,-0.052000000000000005
2297506571,9,0,-0.005,-0.033,-0.004,0.0,0.0,0.0368,-0.0368,0.0,0.0137,0.0,0.0,0.0,4675.0,0.0,-0.052000000000000005
2297510855,9,0,-0.002,-0.032,-0.002,0.0,0.0,0.0368,-0.0368,0.0,0.013800000000000002,0.0,0.0,0.0,8959.0,0.0,-0.052000000000000005
2297514859,9,0,-0.001,-0.03,0.002,0.0,0.0,0.0368,-0.0368,0.0,0.013800000000000002,0.0,0.0,0.0,12963.0,0.0,-0.052000000000000005
2297519569,9,0,0.001,-0.027,0.002,0.0,0.0,0.0368,-0.0368,0.0,0.013900000000000001,0.0,0.0,0.0,17673.0,0.0,-0.052000000000000005
2297521570,9,0,0.0,-0.027,-0.002,0.0,0.0,0.0368,-0.0368,0.0,0.013900000000000001,0.0,0.0,0.0,19674.0,0.0,-0.052000000000000005
2297526913,9,0,0.012,-0.02,-0.004,0.0,0.0,0.034300000000000004,-0.034300000000000004,0.0,0.014,0.0,0.0,0.0,25017.0,0.0,-0.0485
2297529569,9,0,0.015,-0.021,0.001,0.0,0.0,0.0328,-0.0328,0.0,0.014,0.0,0.0,0.0,0.0,0.0,-0.0465
2297533662,9,0,0.008,-0.015,0.0,0.0,0.0,0.0309,-0.0309,0.0,0.014100000000000001,0.0,0.0,0.0,4093.0,0.0,-0.0437
2297537875,9,0,0.011,-0.013000000000000001,-0.001,0.0,0.0,0.028900000000000002,-0.028900000000000002,0.0,0.0142,0.0,0.0,0.0,8306.0,0.0,-0.0409
2297541962,9,0,0.013000000000000001,-0.009000000000000001,-0.003,0.0,0.0,0.027,-0.027,0.0,0.0142,0.0,0.0,0.0,12393.0,0.0,-0.0381
2297546571,9,0,0.008,-0.004,-0.003,0.0,0.0,0.0245,-0.0245,0.0,0.0143,0.0,0.0,0.0,17002.0,0.0,-0.0347
2297550920,9,0,0.02,0.0,0.001,0.0,0.0,0.022600000000000002,-0.022600000000000002,0.0,0.014400000000000001,0.0,0.0,0.0,21351.0,0.0,-0.031900000000000005
2297555572,9,0,0.011,0.003,0.004,0.0,0.0,0.0201,-0.0201,0.0,0.014400000000000001,0.0,0.0,0.0,26003.0,0.0,-0.0284
2297557890,9,0,0.012,0.009000000000000001,-0.003,0.0,0.0,0.019100000000000002,-0.019100000000000002,0.0,0.014400000000000001,0.0,0.0,0.0,0.0,0.0,-0.027
2297561975,9,0,0.019,0.011,0.002,0.0,0.0,0.0172,-0.0172,0.0,0.0145,0.0,0.0,0.0,4085.0,0.0,-0.024300000000000002
2297566576,9,0,0.022,0.013000000000000001,0.003,0.0,0.0,0.014700000000000001,-0.014700000000000001,0.0,0.0145,0.0,0.0,0.0,8686.0,0.0,-0.020800000000000003
2297571569,9,0,0.025,0.016,0.0,0.0,0.0,0.0123,-0.0123,0.0,0.0146,0.0,0.0,0.0,13679.0,0.0,-0.0173
2297573901,9,0,0.022,0.018000000000000002,-0.004,0.0,0.0,0.011300000000000001,-0.011300000000000001,0.0,0.0146,0.0,0.0,0.0,16011.0,0.0,-0.0159
2297577904,9,0,0.019,0.019,0.002,0.0,0.0,0.009300000000000001,-0.009300000000000001,0.0,0.0146,0.0,0.0,0.0,20014.0,0.0,-0.0132
2297581960,9,0,0.019,0.016,0.001,0.0,0.0,0.0074,-0.0074,0.0,0.0146,0.0,0.0,0.0,24070.0,0.0,-0.010400000000000001
2297586571,9,0,0.022,0.014,-0.001,0.0,0.0,0.0049,-0.0049,0.0,0.0146,0.0,0.0,0.0,0.0,0.0,-0.006900000000000001
2297590914,9,0,0.013000000000000001,0.011,0.005,0.0,0.0,0.0029000000000000002,-0.0029000000000000002,0.0,0.0146,0.0,0.0,0.0,4343.0,0.0,-0.004200000000000001
2297593569,9,0,0.009000000000000001,0.007,0.004,0.0,0.0,0.0015,-0.0015,0.0,0.0145,0.0,0.0,0.0,6998.0,0.0,-0.0021000000000000003
2297597919,9,0,0.054,0.001,0.008,0.0,0.0,-0.0005,0.0005,0.0,0.0146,0.0,0.0,0.0,11348.0,0.0,0.0007
2297601971,9,0,0.056,0.011,0.007,0.0,0.0,-0.0025,0.0025,0.0,0.0148,0.0,0.0,0.0,15400.0,0.0,0.0035
2297606570,9,0,0.053,0.001,-0.009000000000000001,0.0,0.0,-0.0049,0.0049,0.0,0.0149,0.0,0.0,0.0,19999.0,0.0,0.006900000000000001
2297610928,9,0,0.031,-0.017,-0.012,0.0,0.0,-0.006900000000000001,0.006900000000000001,0.0,0.015000000000000001,0.0,0.0,0.0,24357.0,0.0,0.0097
2297614969,9,0,0.033,-0.018000000000000002,-0.012,0.0,0.0,-0.0088,0.0088,0.0,0.0151,0.0,0.0,0.0,0.0,0.0,0.0125
2297619569,9,0,0.033,-0.029,-0.014,0.0,0.0,-0.011300000000000001,0.011300000000000001,0.0,0.0152,0.0,0.0,0.0,4600.0,0.0,0.0159
2297621984,9,0,0.023,-0.048,-0.002,0.0,0.0,-0.0123,0.0123,0.0,0.015300000000000001,0.0,0.0,0.0,7015.0,0.0,0.0173
2297626571,9,0,0.0,-0.066,0.027,0.0,0.0,-0.014700000000000001,0.014700000000000001,0.0,0.0155,0.0,0.0,0.0,11602.0,0.0,0.020800000000000003
2297630941,9,0,0.023,-0.085,0.014,0.0,0.0,-0.0167,0.0167,0.0,0.015700000000000002,0.0,0.0,0.0,15972.0,0.0,0.0236
2297633681,9,0,0.03,-0.091,0.005,0.0,0.0,-0.0181,0.0181,0.0,0.0158,0.0,0.0,0.0,18712.0,0.0,0.0257
2297637947,9,0,0.03,-0.11,0.005,0.0,0.0,-0.0201,0.0201,0.0,0.0162,0.0,0.0,0.0,22978.0,0.0,0.0284
2297641994,9,0,0.014,-0.121,-0.009000000000000001,0.0,0.0,-0.0221,0.0221,0.0,0.0165,0.0,0.0,0.0,0.0,0.0,0.031200000000000002
2297646570,9,0,-0.006,-0.113,-0.035,0.0,0.0,-0.0245,0.0245,0.0,0.016800000000000002,0.0,0.0,0.0,4576.0,0.0,0.0347
2297650958,9,0,-0.01,-0.109,-0.027,0.0,0.0,-0.026500000000000003,0.026500000000000003,0.0,0.0171,0.0,0.0,0.0,8964.0,0.0,0.0374
2297655530,9,0,0.001,-0.095,-0.005,0.0,0.0,-0.028900000000000002,0.028900000000000002,0.0,0.017400000000000002,0.0,0.0,0.0,13536.0,0.0,0.0409
2297659963,9,0,-0.004,-0.078,0.001,0.0,0.0,-0.0309,0.0309,0.0,0.0176,0.0,0.0,0.0,17969.0,0.0,0.0437
2297662011,9,0,0.0,-0.07,0.005,0.0,0.0,-0.031900000000000005,0.031900000000000005,0.0,0.0176,0.0,0.0,0.0,20017.0,0.0,0.0451
2297666571,9,0,0.006,-0.058,0.024,0.0,0.0,-0.034300000000000004,0.034300000000000004,0.0,0.0178,0.0,0.0,0.0,24577.0,0.0,0.0485
2297670978,9,0,0.012,-0.046,0.031,0.0,0.0,-0.0363,0.0363,0.0,0.018000000000000002,0.0,0.0,0.0,0.0,0.0,0.051300000000000005
2297675973,9,0,0.013000000000000001,-0.036000000000000004,-0.002,0.0,0.0,-0.0368,0.0368,0.0,0.0182,0.0,0.0,0.0,4995.0,0.0,0.052000000000000005
2297677976,9,0,0.013000000000000001,-0.034,-0.003,0.0,0.0,-0.0368,0.0368,0.0,0.0183,0.0,0.0,0.0,6998.0,0.0,0.052000000000000005
2297682026,9,0,0.018000000000000002,-0.032,0.011,0.0,0.0,-0.0368,0.0368,0.0,0.0184,0.0,0.0,0.0,11048.0,0.0,0.052000000000000005
2297687066,9,0,0.025,-0.023,-0.009000000000000001,0.0,0.0,-0.0368,0.0368,0.0,0.0187,0.0,0.0,0.0,16088.0,0.0,0.052000000000000005
2297691570,9,0,0.027,-0.014,-0.02,0.0,0.0,-0.0368,0.0368,0.0,0.0189,0.0,0.0,0.0,20592.0,0.0,0.052000000000000005
2297693988,9,0,0.028,-0.011,-0.009000000000000001,0.0,0.0,-0.0368,0.0368,0.0,0.019100000000000002,0.0,0.0,0.0,23010.0,0.0,0.052000000000000005
2297697990,9,0,0.024,-0.005,0.002,0.0,0.0,-0.0368,0.0368,0.0,0.019200000000000002,0.0,0.0,0.0,0.0,0.0,0.052000000000000005
2297702040,9,0,0.029,0.011,-0.005,0.0,0.0,-0.0368,0.0368,0.0,0.0193,0.0,0.0,0.0,4050.0,0.0,0.052000000000000005
2297706569,9,0,0.028,0.023,-0.007,0.0,0.0,-0.0368,0.0368,0.0,0.0193,0.0,0.0,0.0,8579.0,0.0,0.052000000000000005
2297711037,9,0,0.027,0.029,0.008,0.0,0.0,-0.0368,0.0368,0.0,0.0193,0.0,0.0,0.0,13047.0,0.0,0.052000000000000005
2297715568,9,0,0.023,0.04,0.006,0.0,0.0,-0.0368,0.0368,0.0,0.019200000000000002,0.0,0.0,0.0,17578.0,0.0,0.052000000000000005
2297718016,9,0,0.029,0.043000000000000003,0.002,0.0,0.0,-0.0368,0.0368,0.0,0.019100000000000002,0.0,0.0,0.0,20026.0,0.0,0.052000000000000005
2297723009,9,0,0.04,0.044,0.009000000000000001,0.0,0.0,-0.0368,0.0368,0.0,0.019100000000000002,0.0,0.0,0.0,25019.0,0.0,0.052000000000000005
2297727060,9,0,0.036000000000000004,0.048,0.012,0.0,0.0,-0.0368,0.0368,0.0,0.019,0.0,0.0,0.0,0.0,0.0,0.052000000000000005
2297731568,9,0,0.029,0.042,0.002,0.0,0.0,-0.0368,0.0368,0.0,0.0189,0.0,0.0,0.0,4508.0,0.0,0.052000000000000005
2297733677,9,0,0.03,0.039,-0.001,0.0,0.0,-0.0368,0.0368,0.0,0.0189,0.0,0.0,0.0,6617.0,0.0,0.052000000000000005
2297738020,9,0,0.025,0.036000000000000004,0.002,0.0,0.0,-0.0368,0.0368,0.0,0.0187,0.0,0.0,0.0,10960.0,0.0,0.052000000000000005
2297742069,9,0,0.022,0.034,-0.004,0.0,0.0,-0.0368,0.0368,0.0,0.018600000000000002,0.0,0.0,0.0,15009.0,0.0,0.052000000000000005
2297746569,9,0,0.013000000000000001,0.028,-0.01,0.0,0.0,-0.0368,0.0368,0.0,0.018500000000000003,0.0,0.0,0.0,19509.0,0.0,0.052000000000000005
2297751029,9,0,0.007,0.026000000000000002,-0.001,0.0,0.0,-0.0368,0.0368,0.0,0.0183,0.0,0.0,0.0,23969.0,0.0,0.052000000000000005
2297755033,9,0,0.008,0.017,-0.002,0.0,0.0,-0.0368,0.0368,0.0,0.0181,0.0,0.0,0.0,0.0,0.0,0.052000000000000005
2297759568,9,0,-0.001,0.011,-0.011,0.0,0.0,-0.0368,0.0368,0.0,0.018000000000000002,0.0,0.0,0.0,4535.0,0.0,0.052000000000000005
2297762084,9,0,-0.011,0.006,-0.008,0.0,0.0,-0.0368,0.0368,0.0,0.018000000000000002,0.0,0.0,0.0,7051.0,0.0,0.052000000000000005
2297766579,9,0,-0.014,-0.001,0.002,0.0,0.0,-0.0368,0.0368,0.0,0.0179,0.0,0.0,0.0,11546.0,0.0,0.052000000000000005
2297771567,9,0,-0.015,-0.01,0.0,0.0,0.0,-0.0368,0.0368,0.0,0.0178,0.0,0.0,0.0,16534.0,0.0,0.052000000000000005
2297774046,9,0,-0.023,-0.013000000000000001,-0.004,0.0,0.0,-0.0368,0.0368,0.0,0.0178,0.0,0.0,0.0,19013.0,0.0,0.052000000000000005
2297778050,9,0,-0.026000000000000002,-0.015,0.001,0.0,0.0,-0.0368,0.0368,0.0,0.0177,0.0,0.0,0.0,23017.0,0.0,0.052000000000000005
2297783680,9,0,-0.041,-0.02,0.001,0.0,0.0,-0.0368,0.0368,0.0,0.0176,0.0,0.0,0.0,0.0,0.0,0.052000000000000005
2297786054,9,0,-0.038,-0.023,-0.003,0.0,0.0,-0.0368,0.0368,0.0,0.0176,0.0,0.0,0.0,2374.0,0.0,0.052000000000000005
2297790058,9,0,-0.041,-0.024,0.0,0.0,0.0,-0.0368,0.0368,0.0,0.0175,0.0,0.0,0.0,6378.0,0.0,0.052000000000000005
2297794567,9,0,-0.047,-0.02,0.005,0.0,0.0,-0.0368,0.0368,0.0,0.0175,0.0,0.0,0.0,10887.0,0.0,0.052000000000000005
2297798567,9,0,-0.055,-0.021,0.001,0.0,0.0,-0.0368,0.0368,0.0,0.017400000000000002,0.0,0.0,0.0,14887.0,0.0,0.052000000000000005
2297802567,9,0,-0.056,-0.022,0.004,0.0,0.0,-0.0368,0.0368,0.0,0.017400000000000002,0.0,0.0,0.0,18887.0,0.0,0.052000000000000005
2297806568,9,0,-0.056,-0.02,0.009000000000000001,0.0,0.0,-0.0368,0.0368,0.0,0.0173,0.0,0.0,0.0,22888.0,0.0,0.052000000000000005
2297811073,9,0,-0.054,-0.02,0.002,0.0,0.0,-0.0368,0.0368,0.0,0.0173,0.0,0.0,0.0,0.0,0.0,0.052000000000000005
2297815567,9,0,-0.054,-0.012,0.002,0.0,0.0,-0.0368,0.0368,0.0,0.0172,0.0,0.0,0.0,4494.0,0.0,0.052000000000000005
2297818075,9,0,-0.052000000000000005,-0.009000000000000001,-0.006,0.0,0.0,-0.0368,0.0368,0.0,0.0171,0.0,0.0,0.0,7002.0,0.0,0.052000000000000005
2297822130,9,0,-0.056,-0.005,-0.005,0.0,0.0,-0.0368,0.0368,0.0,0.017,0.0,0.0,0.0,11057.0,0.0,0.052000000000000005
2297826568,9,0,-0.053,0.005,0.001,0.0,0.0,-0.0368,0.0368,0.0,0.016800000000000002,0.0,0.0,0.0,15495.0,0.0,0.052000000000000005
2297831566,9,0,-0.037,0.01,0.002,0.0,0.0,-0.0368,0.0368,0.0,0.0166,0.0,0.0,0.0,20493.0,0.0,0.052000000000000005
2297833681,9,0,-0.033,0.011,0.003,0.0,0.0,-0.0368,0.0368,0.0,0.0165,0.0,0.0,0.0,22608.0,0.0,0.052000000000000005
2297838094,9,0,-0.031,0.019,0.009000000000000001,0.0,0.0,-0.0368,0.0368,0.0,0.016300000000000002,0.0,0.0,0.0,0.0,0.0,0.052000000000000005
2297842567,9,0,-0.019,0.023,0.008,0.0,0.0,-0.0368,0.0368,0.0,0.0162,0.0,0.0,0.0,4473.0,0.0,0.052000000000000005
2297847149,9,0,-0.014,0.027,-0.003,0.0,0.0,-0.0368,0.0368,0.0,0.016,0.0,0.0,0.0,9055.0,0.0,0.052000000000000005
2297852152,9,0,-0.005,0.026000000000000002,-0.002,0.0,0.0,-0.0368,0.0368,0.0,0.015700000000000002,0.0,0.0,0.0,14058.0,0.0,0.052000000000000005
2297854567,9,0,0.0,0.029,0.0,0.0,0.0,-0.0368,0.0368,0.0,0.015700000000000002,0.0,0.0,0.0,16473.0,0.0,0.052000000000000005
2297858567,9,0,0.008,0.032,-0.002,0.0,0.0,-0.0368,0.0368,0.0,0.0155,0.0,0.0,0.0,20473.0,0.0,0.052000000000000005
2297863114,9,0,0.008,0.032,0.002,0.0,0.0,-0.0368,0.0368,0.0,0.0154,0.0,0.0,0.0,25020.0,0.0,0.052000000000000005
2297867197,9,0,0.012,0.033,0.003,0.0,0.0,-0.0368,0.0368,0.0,0.0152,0.0,0.0,0.0,0.0,0.0,0.052000000000000005
2297872165,9,0,0.022,0.034,0.002,0.0,0.0,-0.0368,0.0368,0.0,0.0151,0.0,0.0,0.0,4968.0,0.0,0.052000000000000005
2297874566,9,0,0.024,0.03,0.0,0.0,0.0,-0.0368,0.0368,0.0,0.015000000000000001,0.0,0.0,0.0,7369.0,0.0,0.052000000000000005
2297879124,9,0,0.023,0.027,-0.006,0.0,0.0,-0.0368,0.0368,0.0,0.0149,0.0,0.0,0.0,11927.0,0.0,0.052000000000000005
2297883680,9,0,0.024,0.025,-0.005,0.0,0.0,-0.0368,0.0368,0.0,0.0149,0.0,0.0,0.0,16483.0,0.0,0.052000000000000005
2297886129,9,0,0.024,0.02,-0.005,0.0,0.0,-0.0368,0.0368,0.0,0.0148,0.0,0.0,0.0,18932.0,0.0,0.052000000000000005
2297890567,9,0,0.019,0.018000000000000002,-0.006,0.0,0.0,-0.0368,0.0368,0.0,0.0148,0.0,0.0,0.0,23370.0,0.0,0.052000000000000005
2297895135,9,0,0.019,0.015,-0.003,0.0,0.0,-0.0368,0.0368,0.0,0.0149,0.0,0.0,0.0,0.0,0.0,0.052000000000000005
2297899565,9,0,0.014,0.01,0.0,0.0,0.0,-0.0368,0.0368,0.0,0.0149,0.0,0.0,0.0,4430.0,0.0,0.052000000000000005
2297904141,9,0,0.006,0.005,-0.003,0.0,0.0,-0.0368,0.0368,0.0,0.0149,0.0,0.0,0.0,9006.0,0.0,0.052000000000000005
2297906142,9,0,0.011,0.006,-0.002,0.0,0.0,-0.0368,0.0368,0.0,0.0149,0.0,0.0,0.0,11007.0,0.0,0.052000000000000005
2297911148,9,0,0.009000000000000001,0.001,-0.001,0.0,0.0,-0.0368,0.0368,0.0,0.0149,0.0,0.0,0.0,16013.0,0.0,0.052000000000000005
2297915567,9,0,0.001,0.001,-0.003,0.0,0.0,-0.0368,0.0368,0.0,0.0149,0.0,0.0,0.0,20432.0,0.0,0.052000000000000005
2297918154,9,0,-0.001,0.002,-0.005,0.0,0.0,-0.0368,0.0368,0.0,0.015000000000000001,0.0,0.0,0.0,23019.0,0.0,0.052000000000000005
2297922567,9,0,-0.007,-0.003,-0.002,0.0,0.0,-0.0368,0.0368,0.0,0.015000000000000001,0.0,0.0,0.0,0.0,0.0,0.052000000000000005
2297927206,9,0,-0.015,-0.013000000000000001,0.005,0.0,0.0,-0.0368,0.0368,0.0,0.015000000000000001,0.0,0.0,0.0,4639.0,0.0,0.052000000000000005
2297931566,9,0,-0.018000000000000002,-0.012,0.005,0.0,0.0,-0.0368,0.0368,0.0,0.0151,0.0,0.0,0.0,8999.0,0.0,0.052000000000000005
2297933681,9,0,-0.015,-0.013000000000000001,0.006,0.0,0.0,-0.0368,0.0368,0.0,0.0151,0.0,0.0,0.0,11114.0,0.0,0.052000000000000005
2297938180,9,0,-0.02,-0.021,0.002,0.0,0.0,-0.0368,0.0368,0.0,0.0151,0.0,0.0,0.0,15613.0,0.0,0.052000000000000005
2297943167,9,0,-0.024,-0.023,0.0,0.0,0.0,-0.0368,0.0368,0.0,0.0151,0.0,0.0,0.0,20600.0,0.0,0.052000000000000005
2297947220,9,0,-0.024,-0.02,-0.001,0.0,0.0,-0.0368,0.0368,0.0,0.015000000000000001,0.0,0.0,0.0,24653.0,0.0,0.052000000000000005
2297951566,9,0,-0.025,-0.029,-0.001,0.0,0.0,-0.0368,0.0368,0.0,0.015000000000000001,0.0,0.0,0.0,0.0,0.0,0.052000000000000005
2297956177,9,0,-0.021,-0.03,0.004,0.0,0.0,-0.0368,0.0368,0.0,0.015000000000000001,0.0,0.0,0.0,4611.0,0.0,0.052000000000000005
2297958178,9,0,-0.022,-0.032,0.004,0.0,0.0,-0.0368,0.0368,0.0,0.015000000000000001,0.0,0.0,0.0,6612.0,0.0,0.052000000000000005
2297962229,9,0,-0.019,-0.034,-0.001,0.0,0.0,-0.0368,0.0368,0.0,0.015000000000000001,0.0,0.0,0.0,10663.0,0.0,0.052000000000000005
2297966571,9,0,-0.015,-0.035,0.003,0.0,0.0,-0.0368,0.0368,0.0,0.015000000000000001,0.0,0.0,0.0,15005.0,0.0,0.052000000000000005
2297971189,9,0,-0.016,-0.031,0.003,0.0,0.0,-0.0368,0.0368,0.0,0.015000000000000001,0.0,0.0,0.0,19623.0,0.0,0.052000000000000005
2297975566,9,0,-0.012,-0.032,0.001,0.0,0.0,-0.0368,0.0368,0.0,0.015000000000000001,0.0,0.0,0.0,24000.0,0.0,0.052000000000000005
2297978196,9,0,-0.005,-0.032,0.001,0.0,0.0,-0.0368,0.0368,0.0,0.015000000000000001,0.0,0.0,0.0,0.0,0.0,0.052000000000000005
2297982242,9,0,0.002,-0.03,0.001,0.0,0.0,-0.0368,0.0368,0.0,0.015000000000000001,0.0,0.0,0.0,4046.0,0.0,0.052000000000000005
2297986568,9,0,0.01,-0.03,0.001,0.0,0.0,-0.0368,0.0368,0.0,0.015000000000000001,0.0,0.0,0.0,8372.0,0.0,0.052000000000000005
2297991206,9,0,0.016,-0.03,0.001,0.0,0.0,-0.0368,0.0368,0.0,0.015000000000000001,0.0,0.0,0.0,13010.0,0.0,0.052000000000000005
2297995567,9,0,0.028,-0.024,0.0,0.0,0.0,-0.0368,0.0368,0.0,0.0151,0.0,0.0,0.0,17371.0,0.0,0.052000000000000005
2297998209,9,0,0.031,-0.024,-0.004,0.0,0.0,-0.0368,0.0368,0.0,0.0152,0.0,0.0,0.0,20013.0,0.0,0.052000000000000005
2298002257,9,0,0.032,-0.023,-0.002,0.0,0.0,-0.0368,0.0368,0.0,0.015300000000000001,0.0,0.0,0.0,24061.0,0.0,0.052000000000000005
2298007264,9,0,0.034,-0.02,-0.002,0.0,0.0,-0.0368,0.0368,0.0,0.0155,0.0,0.0,0.0,0.0,0.0,0.052000000000000005
2298011567,9,0,0.038,-0.017,-0.004,0.0,0.0,-0.0368,0.0368,0.0,0.015700000000000002,0.0,0.0,0.0,4303.0,0.0,0.052000000000000005
2298014220,9,0,0.037,-0.011,0.0,0.0,0.0,-0.0368,0.0368,0.0,0.0158,0.0,0.0,0.0,6956.0,0.0,0.052000000000000005
2298018567,9,0,0.04,-0.015,0.002,0.0,0.0,-0.0368,0.0368,0.0,0.0159,0.0,0.0,0.0,11303.0,0.0,0.052000000000000005
2298023227,9,0,0.047,-0.006,-0.001,0.0,0.0,-0.0368,0.0368,0.0,0.0161,0.0,0.0,0.0,15963.0,0.0,0.052000000000000005
2298027275,9,0,0.047,-0.004,-0.002,0.0,0.0,-0.0368,0.0368,0.0,0.016300000000000002,0.0,0.0,0.0,20011.0,0.0,0.052000000000000005
2298031567,9,0,0.041,-0.008,-0.003,0.0,0.0,-0.0368,0.0368,0.0,0.0165,0.0,0.0,0.0,24303.0,0.0,0.052000000000000005
2298033680,9,0,0.044,-0.007,0.0,0.0,0.0,-0.0368,0.0368,0.0,0.0166,0.0,0.0,0.0,0.0,0.0,0.052000000000000005
2298039254,9,0,0.044,-0.004,0.0,0.0,0.0,-0.0368,0.0368,0.0,0.016800000000000002,0.0,0.0,0.0,5574.0,0.0,0.052000000000000005
2298044242,9,0,0.031,-0.005,-0.003,0.0,0.0,-0.0368,0.0368,0.0,0.017,0.0,0.0,0.0,10562.0,0.0,0.052000000000000005
2298046253,9,0,0.032,-0.008,-0.001,0.0,0.0,-0.0368,0.0368,0.0,0.0171,0.0,0.0,0.0,12573.0,0.0,0.052000000000000005
2298050565,9,0,0.035,-0.011,0.005,0.0,0.0,-0.0368,0.0368,0.0,0.0172,0.0,0.0,0.0,16885.0,0.0,0.052000000000000005
2298054568,9,0,0.03,-0.009000000000000001,0.001,0.0,0.0,-0.0368,0.0368,0.0,0.017400000000000002,0.0,0.0,0.0,20888.0,0.0,0.052000000000000005
2298059564,9,0,0.03,-0.014,-0.003,0.0,0.0,-0.0368,0.0368,0.0,0.0175,0.0,0.0,0.0,25884.0,0.0,0.052000000000000005
2298063564,9,0,0.027,-0.015,0.004,0.0,0.0,-0.0368,0.0368,0.0,0.0176,0.0,0.0,0.0,0.0,0.0,0.052000000000000005
2298065593,9,0,0.028,-0.017,0.003,0.0,0.0,-0.0368,0.0368,0.0,0.0177,0.0,0.0,0.0,2029.0,0.0,0.052000000000000005
2298071260,9,0,0.021,-0.022,-0.001,0.0,0.0,-0.0368,0.0368,0.0,0.0178,0.0,0.0,0.0,7696.0,0.0,0.052000000000000005
2298075263,9,0,0.021,-0.026000000000000002,-0.001,0.0,0.0,-0.0368,0.0368,0.0,0.0179,0.0,0.0,0.0,11699.0,0.0,0.052000000000000005
2298079567,9,0,0.019,-0.033,0.004,0.0,0.0,-0.0368,0.0368,0.0,0.018000000000000002,0.0,0.0,0.0,16003.0,0.0,0.052000000000000005
2298082312,9,0,0.02,-0.036000000000000004,0.003,0.0,0.0,-0.0368,0.0368,0.0,0.0181,0.0,0.0,0.0,18748.0,0.0,0.052000000000000005
2298086568,9,0,0.013000000000000001,-0.041,-0.001,0.0,0.0,-0.0368,0.0368,0.0,0.0181,0.0,0.0,0.0,23004.0,0.0,0.052000000000000005
2298091285,9,0,0.014,-0.045,0.0,0.0,0.0,-0.0368,0.0368,0.0,0.0182,0.0,0.0,0.0,0.0,0.0,0.052000000000000005
2298095567,9,0,0.018000000000000002,-0.048,0.001,0.0,0.0,-0.0368,0.0368,0.0,0.0183,0.0,0.0,0.0,4282.0,0.0,0.052000000000000005
2298098278,9,0,0.01,-0.052000000000000005,0.004,0.0,0.0,-0.0368,0.0368,0.0,0.0184,0.0,0.0,0.0,6993.0,0.0,0.052000000000000005
2298103284,9,0,0.011,-0.054,-0.001,0.0,0.0,-0.0368,0.0368,0.0,0.018500000000000003,0.0,0.0,0.0,11999.0,0.0,0.052000000000000005
2298107335,9,0,0.018000000000000002,-0.057,0.002,0.0,0.0,-0.0368,0.0368,0.0,0.0187,0.0,0.0,0.0,16050.0,0.0,0.052000000000000005
2298111567,9,0,0.014,-0.06,0.0,0.0,0.0,-0.0368,0.0368,0.0,0.0188,0.0,0.0,0.0,20282.0,0.0,0.052000000000000005
2298115568,9,0,0.011,-0.058,-0.004,0.0,0.0,-0.0368,0.0368,0.0,0.0189,0.0,0.0,0.0,24283.0,0.0,0.052000000000000005
2298118290,9,0,0.013000000000000001,-0.055,-0.003,0.0,0.0,-0.0368,0.0368,0.0,0.019100000000000002,0.0,0.0,0.0,0.0,0.0,0.052000000000000005
2298122341,9,0,0.017,-0.056,0.0,0.0,0.0,-0.0368,0.0368,0.0,0.019200000000000002,0.0,0.0,0.0,4051.0,0.0,0.052000000000000005
2298126568,9,0,0.017,-0.053,0.0,0.0,0.0,-0.0368,0.0368,0.0,0.0194,0.0,0.0,0.0,8278.0,0.0,0.052000000000000005
2298131306,9,0,0.022,-0.051000000000000004,-0.004,0.0,0.0,-0.0368,0.0368,0.0,0.019700000000000002,0.0,0.0,0.0,13016.0,0.0,0.052000000000000005
2298133787,9,0,0.026000000000000002,-0.05,-0.003,0.0,0.0,-0.0368,0.0368,0.0,0.0198,0.0,0.0,0.0,15497.0,0.0,0.052000000000000005
2298138309,9,0,0.019,-0.043000000000000003,-0.001,0.0,0.0,-0.0368,0.0368,0.0,0.02,0.0,0.0,0.0,20019.0,0.0,0.052000000000000005
2298142357,9,0,0.02,-0.034,0.003,0.0,0.0,-0.0368,0.0368,0.0,0.020200000000000003,0.0,0.0,0.0,24067.0,0.0,0.052000000000000005
2298146567,9,0,0.018000000000000002,-0.031,0.0,0.0,0.0,-0.0368,0.0368,0.0,0.0204,0.0,0.0,0.0,0.0,0.0,0.052000000000000005
2298151319,9,0,0.027,-0.025,-0.004,0.0,0.0,-0.0368,0.0368,0.0,0.0206,0.0,0.0,0.0,4752.0,0.0,0.052000000000000005
2298156319,9,0,0.031,-0.02,-0.001,0.0,0.0,-0.0368,0.0368,0.0,0.020800000000000003,0.0,0.0,0.0,9752.0,0.0,0.052000000000000005
2298158322,9,0,0.028,-0.02,0.0,0.0,0.0,-0.0368,0.0368,0.0,0.020900000000000002,0.0,0.0,0.0,11755.0,0.0,0.052000000000000005
2298162371,9,0,0.022,-0.013000000000000001,-0.002,0.0,0.0,-0.0368,0.0368,0.0,0.0211,0.0,0.0,0.0,15804.0,0.0,0.052000000000000005
2298167372,9,0,0.025,-0.004,0.005,0.0,0.0,-0.0368,0.0368,0.0,0.0212,0.0,0.0,0.0,20805.0,0.0,0.052000000000000005
2298171567,9,0,0.027,-0.004,0.0,0.0,0.0,-0.0368,0.0368,0.0,0.0213,0.0,0.0,0.0,25000.0,0.0,0.052000000000000005
2298174332,9,0,0.03,-0.001,-0.001,0.0,0.0,-0.0368,0.0368,0.0,0.021400000000000002,0.0,0.0,0.0,0.0,0.0,0.052000000000000005
2298178338,9,0,0.027,-0.001,0.002,0.0,0.0,-0.0368,0.0368,0.0,0.021500000000000002,0.0,0.0,0.0,4006.0,0.0,0.052000000000000005
2298182386,9,0,0.025,0.004,0.0,0.0,0.0,-0.0368,0.0368,0.0,0.021500000000000002,0.0,0.0,0.0,8054.0,0.0,0.052000000000000005
2298186568,9,0,0.026000000000000002,0.005,0.003,0.0,0.0,-0.0368,0.0368,0.0,0.0216,0.0,0.0,0.0,12236.0,0.0,0.052000000000000005
2298191357,9,0,0.028,-0.001,-0.001,0.0,0.0,-0.0368,0.0368,0.0,0.0216,0.0,0.0,0.0,17025.0,0.0,0.052000000000000005
2298196574,9,0,0.026000000000000002,0.002,-0.002,0.0,0.0,-0.0368,0.0368,0.0,0.0216,0.0,0.0,0.0,22242.0,0.0,0.052000000000000005
2298199386,9,0,0.022,0.001,0.001,0.0,0.0,-0.0368,0.0368,0.0,0.0216,0.0,0.0,0.0,25054.0,0.0,0.052000000000000005
2298203566,9,0,0.024,0.002,-0.001,0.0,0.0,-0.0368,0.0368,0.0,0.0216,0.0,0.0,0.0,0.0,0.0,0.052000000000000005
2298205594,9,0,0.026000000000000002,-0.001,0.001,0.0,0.0,-0.0368,0.0368,0.0,0.0216,0.0,0.0,0.0,2028.0,0.0,0.052000000000000005
2298210530,9,0,0.026000000000000002,-0.007,-0.002,0.0,0.0,-0.0368,0.0368,0.0,0.0216,0.0,0.0,0.0,6964.0,0.0,0.052000000000000005
2298214567,9,0,0.02,-0.011,0.002,0.0,0.0,-0.0368,0.0368,0.0,0.0216,0.0,0.0,0.0,11001.0,0.0,0.052000000000000005
2298219565,9,0,0.013000000000000001,-0.013000000000000001,-0.007,0.0,0.0,-0.0368,0.0368,0.0,0.0216,0.0,0.0,0.0,15999.0,0.0,0.052000000000000005
2298222412,9,0,0.017,-0.013000000000000001,-0.002,0.0,0.0,-0.0368,0.0368,0.0,0.0216,0.0,0.0,0.0,18846.0,0.0,0.052000000000000005
2298226567,9,0,0.018000000000000002,-0.024,0.0,0.0,0.0,-0.0368,0.0368,0.0,0.0216,0.0,0.0,0.0,23001.0,0.0,0.052000000000000005
2298231375,9,0,0.013000000000000001,-0.025,-0.003,0.0,0.0,-0.0368,0.0368,0.0,0.0217,0.0,0.0,0.0,0.0,0.0,0.052000000000000005
2298233682,9,0,0.013000000000000001,-0.026000000000000002,-0.001,0.0,0.0,-0.0368,0.0368,0.0,0.0217,0.0,0.0,0.0,2307.0,0.0,0.052000000000000005
2298238379,9,0,0.012,-0.032,0.0,0.0,0.0,-0.0368,0.0368,0.0,0.0218,0.0,0.0,0.0,7004.0,0.0,0.052000000000000005
2298242424,9,0,0.009000000000000001,-0.034,0.003,0.0,0.0,-0.0368,0.0368,0.0,0.0219,0.0,0.0,0.0,11049.0,0.0,0.052000000000000005
2298246625,9,0,0.0,-0.032,0.002,0.0,0.0,-0.0368,0.0368,0.0,0.022000000000000002,0.0,0.0,0.0,15250.0,0.0,0.052000000000000005
2298251426,9,0,0.0,-0.034,0.003,0.0,0.0,-0.0368,0.0368,0.0,0.0221,0.0,0.0,0.0,20051.0,0.0,0.052000000000000005
2298255567,9,0,-0.001,-0.038,0.0,0.0,0.0,-0.0368,0.0368,0.0,0.0222,0.0,0.0,0.0,24192.0,0.0,0.052000000000000005
2298258393,9,0,-0.002,-0.035,0.006,0.0,0.0,-0.0368,0.0368,0.0,0.0223,0.0,0.0,0.0,0.0,0.0,0.052000000000000005
2298263403,9,0,-0.008,-0.031,0.006,0.0,0.0,-0.0368,0.0368,0.0,0.0224,0.0,0.0,0.0,5010.0,0.0,0.052000000000000005
2298268435,9,0,-0.012,-0.029,0.004,0.0,0.0,-0.0368,0.0368,0.0,0.022500000000000003,0.0,0.0,0.0,10042.0,0.0,0.052000000000000005
2298270567,9,0,-0.013000000000000001,-0.03,0.001,0.0,0.0,-0.0368,0.0368,0.0,0.022500000000000003,0.0,0.0,0.0,12174.0,0.0,0.052000000000000005
2298275406,9,0,-0.014,-0.023,-0.001,0.0,0.0,-0.0368,0.0368,0.0,0.022600000000000002,0.0,0.0,0.0,17013.0,0.0,0.052000000000000005
2298279530,9,0,-0.009000000000000001,-0.022,0.001,0.0,0.0,-0.0368,0.0368,0.0,0.022600000000000002,0.0,0.0,0.0,21137.0,0.0,0.052000000000000005
2298283718,9,0,-0.011,-0.019,0.003,0.0,0.0,-0.0368,0.0368,0.0,0.0227,0.0,0.0,0.0,25325.0,0.0,0.052000000000000005
2298286414,9,0,-0.011,-0.014,-0.002,0.0,0.0,-0.0368,0.0368,0.0,0.0227,0.0,0.0,0.0,0.0,0.0,0.052000000000000005
2298290565,9,0,-0.014,-0.011,0.003,0.0,0.0,-0.0368,0.0368,0.0,0.0227,0.0,0.0,0.0,4151.0,0.0,0.052000000000000005
2298295566,9,0,-0.012,-0.005,0.001,0.0,0.0,-0.0368,0.0368,0.0,0.0227,0.0,0.0,0.0,9152.0,0.0,0.052000000000000005
2298298422,9,0,-0.01,-0.003,0.0,0.0,0.0,-0.0368,0.0368,0.0,0.0227,0.0,0.0,0.0,12008.0,0.0,0.052000000000000005
2298302470,9,0,-0.009000000000000001,0.001,0.001,0.0,0.0,-0.0368,0.0368,0.0,0.0227,0.0,0.0,0.0,16056.0,0.0,0.052000000000000005
2298306566,9,0,-0.008,0.003,-0.001,0.0,0.0,-0.0368,0.0368,0.0,0.022600000000000002,0.0,0.0,0.0,20152.0,0.0,0.052000000000000005
2298311469,9,0,0.003,0.004,0.0,0.0,0.0,-0.0368,0.0368,0.0,0.022600000000000002,0.0,0.0,0.0,25055.0,0.0,0.052000000000000005
2298315566,9,0,0.004,0.008,0.002,0.0,0.0,-0.0368,0.0368,0.0,0.022500000000000003,0.0,0.0,0.0,0.0,0.0,0.052000000000000005
2298318431,9,0,0.001,0.011,0.003,0.0,0.0,-0.0368,0.0368,0.0,0.0224,0.0,0.0,0.0,2865.0,0.0,0.052000000000000005
2298322525,9,0,0.004,0.012,0.0,0.0,0.0,-0.0368,0.0368,0.0,0.0224,0.0,0.0,0.0,6959.0,0.0,0.052000000000000005
2298327491,9,0,0.006,0.014,0.0,0.0,0.0,-0.0368,0.0368,0.0,0.0223,0.0,0.0,0.0,11925.0,0.0,0.052000000000000005
2298332530,9,0,0.011,0.016,-0.002,0.0,0.0,-0.0368,0.0368,0.0,0.0221,0.0,0.0,0.0,16964.0,0.0,0.052000000000000005
2298335487,9,0,0.007,0.014,0.0,0.0,0.0,-0.0368,0.0368,0.0,0.0221,0.0,0.0,0.0,19921.0,0.0,0.052000000000000005
2298339565,9,0,0.007,0.012,-0.001,0.0,0.0,-0.0368,0.0368,0.0,0.022000000000000002,0.0,0.0,0.0,23999.0,0.0,0.052000000000000005
2298343601,9,0,0.015,0.015,-0.003,0.0,0.0,-0.0368,0.0368,0.0,0.0219,0.0,0.0,0.0,0.0,0.0,0.052000000000000005
2298346454,9,0,0.016,0.016,-0.003,0.0,0.0,-0.0368,0.0368,0.0,0.0218,0.0,0.0,0.0,2853.0,0.0,0.052000000000000005
2298350499,9,0,0.014,0.013000000000000001,-0.002,0.0,0.0,-0.0368,0.0368,0.0,0.0218,0.0,0.0,0.0,6898.0,0.0,0.052000000000000005
2298355506,9,0,0.014,0.008,-0.001,0.0,0.0,-0.0368,0.0368,0.0,0.0218,0.0,0.0,0.0,11905.0,0.0,0.052000000000000005
2298357647,9,0,0.01,0.009000000000000001,-0.003,0.0,0.0,-0.0368,0.0368,0.0,0.0217,0.0,0.0,0.0,14046.0,0.0,0.052000000000000005
2298362565,9,0,0.01,0.008,0.002,0.0,0.0,-0.0368,0.0368,0.0,0.0217,0.0,0.0,0.0,18964.0,0.0,0.052000000000000005
2298367563,9,0,0.005,0.004,-0.001,0.0,0.0,-0.0368,0.0368,0.0,0.0217,0.0,0.0,0.0,23962.0,0.0,0.052000000000000005
2298370515,9,0,0.0,0.001,-0.001,0.0,0.0,-0.0368,0.0368,0.0,0.0217,0.0,0.0,0.0,0.0,0.0,0.052000000000000005
2298375519,9,0,0.0,0.002,0.0,0.0,0.0,-0.0368,0.0368,0.0,0.0217,0.0,0.0,0.0,5004.0,0.0,0.052000000000000005
2298380523,9,0,-0.005,0.002,-0.003,0.0,0.0,-0.0368,0.0368,0.0,0.0217,0.0,0.0,0.0,10008.0,0.0,0.052000000000000005
2298382571,9,0,-0.01,0.0,-0.004,0.0,0.0,-0.0368,0.0368,0.0,0.0217,0.0,0.0,0.0,12056.0,0.0,0.052000000000000005
2298387577,9,0,-0.012,-0.004,-0.001,0.0,0.0,-0.0368,0.0368,0.0,0.0216,0.0,0.0,0.0,17062.0,0.0,0.052000000000000005
2298389650,9,0,-0.01,-0.002,0.0,0.0,0.0,-0.0368,0.0368,0.0,0.0216,0.0,0.0,0.0,19135.0,0.0,0.052000000000000005
2298395535,9,0,-0.018000000000000002,-0.004,-0.001,0.0,0.0,-0.0368,0.0368,0.0,0.0216,0.0,0.0,0.0,25020.0,0.0,0.052000000000000005
2298397581,9,0,-0.02,-0.004,0.001,0.0,0.0,-0.0368,0.0368,0.0,0.0216,0.0,0.0,0.0,0.0,0.0,0.052000000000000005
2298402586,9,0,-0.022,-0.007,0.005,0.0,0.0,-0.0368,0.0368,0.0,0.0216,0.0,0.0,0.0,5005.0,0.0,0.052000000000000005
2298407591,9,0,-0.023,-0.008,0.001,0.0,0.0,-0.0368,0.0368,0.0,0.021500000000000002,0.0,0.0,0.0,10010.0,0.0,0.052000000000000005
2298410540,9,0,-0.034,-0.007,0.0,0.0,0.0,-0.0368,0.0368,0.0,0.021500000000000002,0.0,0.0,0.0,12959.0,0.0,0.052000000000000005
2298415550,9,0,-0.029,-0.009000000000000001,0.003,0.0,0.0,-0.0368,0.0368,0.0,0.021400000000000002,0.0,0.0,0.0,17969.0,0.0,0.052000000000000005
2298417594,9,0,-0.026000000000000002,-0.01,0.002,0.0,0.0,-0.0368,0.0368,0.0,0.0213,0.0,0.0,0.0,20013.0,0.0,0.052000000000000005
2298423584,9,0,-0.023,-0.004,0.0,0.0,0.0,-0.0368,0.0368,0.0,0.0212,0.0,0.0,0.0,26003.0,0.0,0.052000000000000005
2298426556,9,0,-0.027,-0.005,0.001,0.0,0.0,-0.0368,0.0368,0.0,0.0212,0.0,0.0,0.0,0.0,0.0,0.052000000000000005
2298431560,9,0,-0.025,-0.004,0.001,0.0,0.0,-0.0368,0.0368,0.0,0.021,0.0,0.0,0.0,5004.0,0.0,0.052000000000000005
2298433682,9,0,-0.027,-0.004,-0.001,0.0,0.0,-0.0368,0.0368,0.0,0.021,0.0,0.0,0.0,7126.0,0.0,0.052000000000000005
2298438564,9,0,-0.019,-0.006,0.0,0.0,0.0,-0.0368,0.0368,0.0,0.020900000000000002,0.0,0.0,0.0,12008.0,0.0,0.052000000000000005
2298442612,9,0,-0.02,-0.001,-0.001,0.0,0.0,-0.0368,0.0368,0.0,0.020800000000000003,0.0,0.0,0.0,16056.0,0.0,0.052000000000000005
2298445569,9,0,-0.016,0.001,0.002,0.0,0.0,-0.0368,0.0368,0.0,0.0207,0.0,0.0,0.0,19013.0,0.0,0.052000000000000005
2298450573,9,0,-0.014,0.0,0.002,0.0,0.0,-0.0368,0.0368,0.0,0.0206,0.0,0.0,0.0,24017.0,0.0,0.052000000000000005
2298455577,9,0,-0.007,0.002,0.003,0.0,0.0,-0.0368,0.0368,0.0,0.0205,0.0,0.0,0.0,0.0,0.0,0.052000000000000005
2298457629,9,0,-0.007,0.003,0.001,0.0,0.0,-0.0368,0.0368,0.0,0.0204,0.0,0.0,0.0,2052.0,0.0,0.052000000000000005
2298462628,9,0,-0.005,0.003,0.001,0.0,0.0,-0.0368,0.0368,0.0,0.020300000000000002,0.0,0.0,0.0,7051.0,0.0,0.052000000000000005
2298465585,9,0,-0.006,0.004,-0.003,0.0,0.0,-0.0368,0.0368,0.0,0.020300000000000002,0.0,0.0,0.0,10008.0,0.0,0.052000000000000005
2298470585,9,0,0.004,0.007,0.0,0.0,0.0,-0.0368,0.0368,0.0,0.020200000000000003,0.0,0.0,0.0,15008.0,0.0,0.052000000000000005
2298475592,9,0,0.009000000000000001,0.009000000000000001,0.001,0.0,0.0,-0.0368,0.0368,0.0,0.020200000000000003,0.0,0.0,0.0,20015.0,0.0,0.052000000000000005
2298477641,9,0,0.006,0.008,-0.001,0.0,0.0,-0.0368,0.0368,0.0,0.0201,0.0,0.0,0.0,22064.0,0.0,0.052000000000000005
2298482641,9,0,0.005,0.014,-0.002,0.0,0.0,-0.0368,0.0368,0.0,0.0201,0.0,0.0,0.0,0.0,0.0,0.052000000000000005
2298485573,9,0,0.007,0.014,-0.002,0.0,0.0,-0.0368,0.0368,0.0,0.0201,0.0,0.0,0.0,2932.0,0.0,0.052000000000000005
2298490602,9,0,0.013000000000000001,0.013000000000000001,-0.003,0.0,0.0,-0.0368,0.0368,0.0,0.0201,0.0,0.0,0.0,7961.0,0.0,0.052000000000000005
2298495605,9,0,0.004,0.018000000000000002,0.001,0.0,0.0,-0.0368,0.0368,0.0,0.0201,0.0,0.0,0.0,12964.0,0.0,0.052000000000000005
2298497653,9,0,0.002,0.019,0.003,0.0,0.0,-0.0368,0.0368,0.0,0.02,0.0,0.0,0.0,15012.0,0.0,0.052000000000000005
2298502658,9,0,0.008,0.017,0.0,0.0,0.0,-0.0368,0.0368,0.0,0.02,0.0,0.0,0.0,20017.0,0.0,0.052000000000000005
2298507663,9,0,0.001,0.014,-0.005,0.0,0.0,-0.0368,0.0368,0.0,0.02,0.0,0.0,0.0,25022.0,0.0,0.052000000000000005
2298510622,9,0,-0.001,0.012,0.0,0.0,0.0,-0.0368,0.0368,0.0,0.02,0.0,0.0,0.0,0.0,0.0,0.052000000000000005
2298515621,9,0,0.001,0.014,0.001,0.0,0.0,-0.0368,0.0368,0.0,0.02,0.0,0.0,0.0,4999.0,0.0,0.052000000000000005
2298517764,9,0,-0.003,0.012,-0.001,0.0,0.0,-0.0368,0.0368,0.0,0.0199,0.0,0.0,0.0,7142.0,0.0,0.052000000000000005
2298522671,9,0,-0.006,0.009000000000000001,0.0,0.0,0.0,-0.0363,0.0363,0.0,0.0199,0.0,0.0,0.0,12049.0,0.0,0.051300000000000005
2298525627,9,0,-0.003,0.01,0.003,0.0,0.0,-0.034800000000000005,0.034800000000000005,0.0,0.0199,0.0,0.0,0.0,15005.0,0.0,0.0492
2298530629,9,0,-0.009000000000000001,0.005,-0.004,0.0,0.0,-0.0324,0.0324,0.0,0.0198,0.0,0.0,0.0,20007.0,0.0,0.0458
2298534773,9,0,-0.016,0.002,0.0,0.0,0.0,-0.0304,0.0304,0.0,0.019700000000000002,0.0,0.0,0.0,24151.0,0.0,0.043000000000000003
2298537682,9,0,-0.015,-0.001,0.002,0.0,0.0,-0.028900000000000002,0.028900000000000002,0.0,0.019700000000000002,0.0,0.0,0.0,0.0,0.0,0.0409
2298542684,9,0,-0.015,-0.003,-0.001,0.0,0.0,-0.026500000000000003,0.026500000000000003,0.0,0.0196,0.0,0.0,0.0,5002.0,0.0,0.0374
2298545646,9,0,-0.02,-0.004,0.006,0.0,0.0,-0.025,0.025,0.0,0.0195,0.0,0.0,0.0,7964.0,0.0,0.0354
2298549754,9,0,-0.017,-0.006,0.003,0.0,0.0,-0.023,0.023,0.0,0.0194,0.0,0.0,0.0,12072.0,0.0,0.032600000000000004
2298555648,9,0,-0.011,-0.015,0.0,0.0,0.0,-0.0201,0.0201,0.0,0.0193,0.0,0.0,0.0,17966.0,0.0,0.0284
2298557685,9,0,-0.01,-0.015,-0.001,0.0,0.0,-0.019100000000000002,0.019100000000000002,0.0,0.0193,0.0,0.0,0.0,20003.0,0.0,0.027
2298562736,9,0,-0.019,-0.016,-0.002,0.0,0.0,-0.0167,0.0167,0.0,0.019200000000000002,0.0,0.0,0.0,25054.0,0.0,0.0236
2298565656,9,0,-0.024,-0.017,-0.002,0.0,0.0,-0.0152,0.0152,0.0,0.019100000000000002,0.0,0.0,0.0,0.0,0.0,0.021500000000000002
2298570658,9,0,-0.022,-0.022,0.0,0.0,0.0,-0.012700000000000001,0.012700000000000001,0.0,0.019,0.0,0.0,0.0,5002.0,0.0,0.018000000000000002
2298575663,9,0,-0.015,-0.019,-0.001,0.0,0.0,-0.0103,0.0103,0.0,0.0189,0.0,0.0,0.0,10007.0,0.0,0.0146
2298577784,9,0,-0.017,-0.018000000000000002,0.001,0.0,0.0,-0.009300000000000001,0.009300000000000001,0.0,0.0189,0.0,0.0,0.0,12128.0,0.0,0.0132
2298582713,9,0,-0.02,-0.02,0.001,0.0,0.0,-0.006900000000000001,0.006900000000000001,0.0,0.0188,0.0,0.0,0.0,17057.0,0.0,0.0097
2298587580,9,0,-0.019,-0.016,-0.002,0.0,0.0,-0.0044,0.0044,0.0,0.0188,0.0,0.0,0.0,21924.0,0.0,0.006200000000000001
2298589679,9,0,-0.02,-0.018000000000000002,0.001,0.0,0.0,-0.0034000000000000002,0.0034000000000000002,0.0,0.0187,0.0,0.0,0.0,24023.0,0.0,0.0049
2298594676,9,0,-0.018000000000000002,-0.011,-0.007,0.0,0.0,-0.001,0.001,0.0,0.0188,0.0,0.0,0.0,0.0,0.0,0.0014
2298597575,9,0,-0.041,-0.006,-0.006,0.0,0.0,0.0005,-0.0005,0.0,0.0187,0.0,0.0,0.0,2899.0,0.0,-0.0007
2298601711,9,0,-0.073,-0.008,-0.004,0.0,0.0,0.0025,-0.0025,0.0,0.0184,0.0,0.0,0.0,7035.0,0.0,-0.0035
2298606681,9,0,-0.054,-0.007,0.003,0.0,0.0,0.0049,-0.0049,0.0,0.0181,0.0,0.0,0.0,12005.0,0.0,-0.006900000000000001
2298609688,9,0,-0.039,0.013000000000000001,0.012,0.0,0.0,0.0064,-0.0064,0.0,0.018000000000000002,0.0,0.0,0.0,15012.0,0.0,-0.009000000000000001
2298614639,9,0,-0.027,0.027,0.01,0.0,0.0,0.0088,-0.0088,0.0,0.0178,0.0,0.0,0.0,19963.0,0.0,-0.0125
2298618685,9,0,-0.026000000000000002,0.036000000000000004,0.01,0.0,0.0,0.0108,-0.0108,0.0,0.0177,0.0,0.0,0.0,24009.0,0.0,-0.015300000000000001
2298622770,9,0,-0.029,0.056,-0.004,0.0,0.0,0.012700000000000001,-0.012700000000000001,0.0,0.0175,0.0,0.0,0.0,0.0,0.0,-0.018000000000000002
2298625573,9,0,-0.013000000000000001,0.066,-0.015,0.0,0.0,0.0142,-0.0142,0.0,0.017400000000000002,0.0,0.0,0.0,2803.0,0.0,-0.0201
2298629574,9,0,-0.003,0.081,-0.03,0.0,0.0,0.0162,-0.0162,0.0,0.0172,0.0,0.0,0.0,6804.0,0.0,-0.0229
2298633574,9,0,-0.016,0.09,-0.015,0.0,0.0,0.0181,-0.0181,0.0,0.0171,0.0,0.0,0.0,10804.0,0.0,-0.0257
2298637788,9,0,-0.036000000000000004,0.09,-0.003,0.0,0.0,0.0201,-0.0201,0.0,0.016800000000000002,0.0,0.0,0.0,15018.0,0.0,-0.0284
2298642573,9,0,-0.03,0.091,0.007,0.0,0.0,0.022600000000000002,-0.022600000000000002,0.0,0.0166,0.0,0.0,0.0,19803.0,0.0,-0.031900000000000005
2298646709,9,0,-0.004,0.096,0.031,0.0,0.0,0.0245,-0.0245,0.0,0.0162,0.0,0.0,0.0,23939.0,0.0,-0.0347
2298650750,9,0,0.012,0.079,0.03,0.0,0.0,0.026500000000000003,-0.026500000000000003,0.0,0.0159,0.0,0.0,0.0,0.0,0.0,-0.0374
2298655574,9,0,-0.007,0.07,0.01,0.0,0.0,0.028900000000000002,-0.028900000000000002,0.0,0.015600000000000001,0.0,0.0,0.0,4824.0,0.0,-0.0409
2298657574,9,0,-0.012,0.063,0.002,0.0,0.0,0.029900000000000003,-0.029900000000000003,0.0,0.0155,0.0,0.0,0.0,6824.0,0.0,-0.042300000000000004
2298661602,9,0,-0.005,0.053,-0.005,0.0,0.0,0.031900000000000005,-0.031900000000000005,0.0,0.0152,0.0,0.0,0.0,10852.0,0.0,-0.0451
2298665762,9,0,-0.006,0.051000000000000004,-0.029,0.0,0.0,0.033800000000000004,-0.033800000000000004,0.0,0.015000000000000001,0.0,0.0,0.0,15012.0,0.0,-0.0478
2298670572,9,0,-0.014,0.045,-0.037,0.0,0.0,0.0363,-0.0363,0.0,0.0148,0.0,0.0,0.0,19822.0,0.0,-0.051300000000000005
2298674767,9,0,-0.016,0.031,-0.008,0.0,0.0,0.0368,-0.0368,0.0,0.0146,0.0,0.0,0.0,24017.0,0.0,-0.052000000000000005
2298677889,9,0,-0.018000000000000002,0.029,-0.001,0.0,0.0,0.0368,-0.0368,0.0,0.0145,0.0,0.0,0.0,0.0,0.0,-0.052000000000000005
2298682578,9,0,-0.012,0.024,-0.008,0.0,0.0,0.0368,-0.0368,0.0,0.0143,0.0,0.0,0.0,4689.0,0.0,-0.052000000000000005
2298686726,9,0,-0.015,0.017,0.002,0.0,0.0,0.0368,-0.0368,0.0,0.014100000000000001,0.0,0.0,0.0,8837.0,0.0,-0.052000000000000005
2298690774,9,0,-0.018000000000000002,0.01,0.013000000000000001,0.0,0.0,0.0368,-0.0368,0.0,0.013800000000000002,0.0,0.0,0.0,12885.0,0.0,-0.052000000000000005
2298695573,9,0,-0.022,-0.003,-0.003,0.0,0.0,0.0368,-0.0368,0.0,0.013600000000000001,0.0,0.0,0.0,17684.0,0.0,-0.052000000000000005
2298697579,9,0,-0.021,-0.008,-0.011,0.0,0.0,0.0368,-0.0368,0.0,0.0135,0.0,0.0,0.0,19690.0,0.0,-0.052000000000000005
2298701818,9,0,-0.014,-0.017,-0.01,0.0,0.0,0.0368,-0.0368,0.0,0.013300000000000001,0.0,0.0,0.0,23929.0,0.0,-0.052000000000000005
2298706573,9,0,-0.018000000000000002,-0.024,-0.002,0.0,0.0,0.0368,-0.0368,0.0,0.0132,0.0,0.0,0.0,0.0,0.0,-0.052000000000000005
2298709574,9,0,-0.024,-0.029,-0.001,0.0,0.0,0.0368,-0.0368,0.0,0.0132,0.0,0.0,0.0,3001.0,0.0,-0.052000000000000005
2298714571,9,0,-0.037,-0.049,0.002,0.0,0.0,0.0368,-0.0368,0.0,0.0132,0.0,0.0,0.0,7998.0,0.0,-0.052000000000000005
2298718791,9,0,-0.029,-0.053,0.03,0.0,0.0,0.0368,-0.0368,0.0,0.0134,0.0,0.0,0.0,12218.0,0.0,-0.052000000000000005
2298722813,9,0,-0.028,-0.06,0.02,0.0,0.0,0.0368,-0.0368,0.0,0.0135,0.0,0.0,0.0,16240.0,0.0,-0.052000000000000005
2298725573,9,0,-0.031,-0.06,0.011,0.0,0.0,0.0368,-0.0368,0.0,0.013600000000000001,0.0,0.0,0.0,19000.0,0.0,-0.052000000000000005
2298729806,9,0,-0.036000000000000004,-0.061,0.008,0.0,0.0,0.0368,-0.0368,0.0,0.013800000000000002,0.0,0.0,0.0,23233.0,0.0,-0.052000000000000005
2298734676,9,0,-0.04,-0.055,0.008,0.0,0.0,0.0368,-0.0368,0.0,0.013800000000000002,0.0,0.0,0.0,0.0,0.0,-0.052000000000000005
2298738812,9,0,-0.026000000000000002,-0.049,-0.01,0.0,0.0,0.0368,-0.0368,0.0,0.014,0.0,0.0,0.0,4136.0,0.0,-0.052000000000000005
2298741604,9,0,-0.024,-0.047,-0.013000000000000001,0.0,0.0,0.0368,-0.0368,0.0,0.014,0.0,0.0,0.0,6928.0,0.0,-0.052000000000000005
2298746595,9,0,-0.014,-0.043000000000000003,-0.003,0.0,0.0,0.0368,-0.0368,0.0,0.0142,0.0,0.0,0.0,11919.0,0.0,-0.052000000000000005
2298751578,9,0,-0.013000000000000001,-0.033,-0.005,0.0,0.0,0.0368,-0.0368,0.0,0.0143,0.0,0.0,0.0,16902.0,0.0,-0.052000000000000005
2298753818,9,0,-0.004,-0.029,-0.004,0.0,0.0,0.0368,-0.0368,0.0,0.014400000000000001,0.0,0.0,0.0,19142.0,0.0,-0.052000000000000005
2298758577,9,0,-0.007,-0.02,-0.006,0.0,0.0,0.0368,-0.0368,0.0,0.0145,0.0,0.0,0.0,23901.0,0.0,-0.052000000000000005
2298762578,9,0,-0.011,-0.017,0.006,0.0,0.0,0.0368,-0.0368,0.0,0.0146,0.0,0.0,0.0,0.0,0.0,-0.052000000000000005
2298766816,9,0,-0.002,-0.004,0.006,0.0,0.0,0.0368,-0.0368,0.0,0.0146,0.0,0.0,0.0,4238.0,0.0,-0.052000000000000005
2298771577,9,0,0.013000000000000001,0.001,0.015,0.0,0.0,0.0368,-0.0368,0.0,0.0146,0.0,0.0,0.0,8999.0,0.0,-0.052000000000000005
2298773579,9,0,0.014,0.003,0.015,0.0,0.0,0.0368,-0.0368,0.0,0.0146,0.0,0.0,0.0,11001.0,0.0,-0.052000000000000005
2298777818,9,0,0.027,0.011,0.014,0.0,0.0,0.0368,-0.0368,0.0,0.0146,0.0,0.0,0.0,15240.0,0.0,-0.052000000000000005
2298782816,9,0,0.033,0.02,0.004,0.0,0.0,0.0368,-0.0368,0.0,0.0146,0.0,0.0,0.0,20238.0,0.0,-0.052000000000000005
2298787572,9,0,0.045,0.017,0.0,0.0,0.0,0.0368,-0.0368,0.0,0.0146,0.0,0.0,0.0,24994.0,0.0,-0.052000000000000005
2298789578,9,0,0.052000000000000005,0.016,-0.004,0.0,0.0,0.0368,-0.0368,0.0,0.0146,0.0,0.0,0.0,0.0,0.0,-0.052000000000000005
2298793816,9,0,0.052000000000000005,0.017,-0.006,0.0,0.0,0.0368,-0.0368,0.0,0.0146,0.0,0.0,0.0,4238.0,0.0,-0.052000000000000005
2298797823,9,0,0.053,0.016,-0.007,0.0,0.0,0.0368,-0.0368,0.0,0.0146,0.0,0.0,0.0,8245.0,0.0,-0.052000000000000005
2298802825,9,0,0.058,0.014,0.0,0.0,0.0,0.0368,-0.0368,0.0,0.014700000000000001,0.0,0.0,0.0,13247.0,0.0,-0.052000000000000005
2298805578,9,0,0.059000000000000004,0.012,-0.002,0.0,0.0,0.0368,-0.0368,0.0,0.014700000000000001,0.0,0.0,0.0,16000.0,0.0,-0.052000000000000005
2298810577,9,0,0.056,0.005,-0.004,0.0,0.0,0.0368,-0.0368,0.0,0.0148,0.0,0.0,0.0,20999.0,0.0,-0.052000000000000005
2298815578,9,0,0.053,-0.001,-0.002,0.0,0.0,0.0368,-0.0368,0.0,0.0149,0.0,0.0,0.0,26000.0,0.0,-0.052000000000000005
2298817831,9,0,0.054,-0.005,-0.005,0.0,0.0,0.0368,-0.0368,0.0,0.0149,0.0,0.0,0.0,0.0,0.0,-0.052000000000000005
2298822838,9,0,0.059000000000000004,-0.01,-0.005,0.0,0.0,0.0368,-0.0368,0.0,0.015000000000000001,0.0,0.0,0.0,5007.0,0.0,-0.052000000000000005
2298825577,9,0,0.058,-0.012,-0.002,0.0,0.0,0.0368,-0.0368,0.0,0.0151,0.0,0.0,0.0,7746.0,0.0,-0.052000000000000005
2298830576,9,0,0.044,-0.016,-0.004,0.0,0.0,0.0368,-0.0368,0.0,0.015300000000000001,0.0,0.0,0.0,12745.0,0.0,-0.052000000000000005
2298834945,9,0,0.036000000000000004,-0.024,-0.003,0.0,0.0,0.0368,-0.0368,0.0,0.0155,0.0,0.0,0.0,17114.0,0.0,-0.052000000000000005
2298837575,9,0,0.033,-0.025,-0.003,0.0,0.0,0.0368,-0.0368,0.0,0.0155,0.0,0.0,0.0,19744.0,0.0,-0.052000000000000005
2298841607,9,0,0.023,-0.03,0.005,0.0,0.0,0.0368,-0.0368,0.0,0.015700000000000002,0.0,0.0,0.0,23776.0,0.0,-0.052000000000000005
2298845817,9,0,0.015,-0.037,0.005,0.0,0.0,0.0368,-0.0368,0.0,0.0159,0.0,0.0,0.0,0.0,0.0,-0.052000000000000005
2298850570,9,0,0.01,-0.045,-0.001,0.0,0.0,0.0368,-0.0368,0.0,0.0161,0.0,0.0,0.0,4753.0,0.0,-0.052000000000000005
2298855571,9,0,0.009000000000000001,-0.047,0.002,0.0,0.0,0.0368,-0.0368,0.0,0.0164,0.0,0.0,0.0,9754.0,0.0,-0.052000000000000005
2298857572,9,0,0.005,-0.048,0.0,0.0,0.0,0.0368,-0.0368,0.0,0.0165,0.0,0.0,0.0,11755.0,0.0,-0.052000000000000005
2298861845,9,0,-0.006,-0.045,-0.002,0.0,0.0,0.0368,-0.0368,0.0,0.0167,0.0,0.0,0.0,16028.0,0.0,-0.052000000000000005
2298866580,9,0,-0.014,-0.05,-0.002,0.0,0.0,0.0368,-0.0368,0.0,0.016800000000000002,0.0,0.0,0.0,20763.0,0.0,-0.052000000000000005
2298869574,9,0,-0.016,-0.052000000000000005,-0.003,0.0,0.0,0.0368,-0.0368,0.0,0.016900000000000002,0.0,0.0,0.0,23757.0,0.0,-0.052000000000000005
2298873830,9,0,-0.021,-0.047,0.004,0.0,0.0,0.0368,-0.0368,0.0,0.017,0.0,0.0,0.0,0.0,0.0,-0.052000000000000005
2298877879,9,0,-0.02,-0.049,0.004,0.0,0.0,0.0368,-0.0368,0.0,0.0171,0.0,0.0,0.0,4049.0,0.0,-0.052000000000000005
2298882883,9,0,-0.027,-0.043000000000000003,0.008,0.0,0.0,0.0368,-0.0368,0.0,0.0172,0.0,0.0,0.0,9053.0,0.0,-0.052000000000000005
2298887571,9,0,-0.024,-0.042,0.004,0.0,0.0,0.0368,-0.0368,0.0,0.0173,0.0,0.0,0.0,13741.0,0.0,-0.052000000000000005
2298889841,9,0,-0.023,-0.036000000000000004,0.007,0.0,0.0,0.0368,-0.0368,0.0,0.0173,0.0,0.0,0.0,16011.0,0.0,-0.052000000000000005
2298894569,9,0,-0.023,-0.035,0.008,0.0,0.0,0.0368,-0.0368,0.0,0.0173,0.0,0.0,0.0,20739.0,0.0,-0.052000000000000005
2298898848,9,0,-0.021,-0.029,0.003,0.0,0.0,0.0368,-0.0368,0.0,0.0172,0.0,0.0,0.0,25018.0,0.0,-0.052000000000000005
2298901602,9,0,-0.02,-0.026000000000000002,0.001,0.0,0.0,0.0368,-0.0368,0.0,0.0172,0.0,0.0,0.0,0.0,0.0,-0.052000000000000005
2298905853,9,0,-0.005,-0.023,-0.002,0.0,0.0,0.0368,-0.0368,0.0,0.0172,0.0,0.0,0.0,4251.0,0.0,-0.052000000000000005
2298910565,9,0,0.0,-0.019,0.005,0.0,0.0,0.0368,-0.0368,0.0,0.0171,0.0,0.0,0.0,8963.0,0.0,-0.052000000000000005
2298914859,9,0,0.002,-0.014,-0.002,0.0,0.0,0.0368,-0.0368,0.0,0.0171,0.0,0.0,0.0,13257.0,0.0,-0.052000000000000005
2298917572,9,0,0.003,-0.012,-0.003,0.0,0.0,0.0368,-0.0368,0.0,0.017,0.0,0.0,0.0,15970.0,0.0,-0.052000000000000005
2298921864,9,0,0.013000000000000001,-0.009000000000000001,-0.002,0.0,0.0,0.0368,-0.0368,0.0,0.017,0.0,0.0,0.0,20262.0,0.0,-0.052000000000000005
2298925868,9,0,0.018000000000000002,0.001,-0.002,0.0,0.0,0.0368,-0.0368,0.0,0.017,0.0,0.0,0.0,24266.0,0.0,-0.052000000000000005
2298930569,9,0,0.022,0.002,0.0,0.0,0.0,0.0368,-0.0368,0.0,0.017,0.0,0.0,0.0,0.0,0.0,-0.052000000000000005
2298934786,9,0,0.024,0.005,0.0,0.0,0.0,0.0368,-0.0368,0.0,0.017,0.0,0.0,0.0,4217.0,0.0,-0.052000000000000005
2298938877,9,0,0.025,0.01,0.003,0.0,0.0,0.0368,-0.0368,0.0,0.017,0.0,0.0,0.0,8308.0,0.0,-0.052000000000000005
2298942923,9,0,0.029,0.013000000000000001,0.001,0.0,0.0,0.0368,-0.0368,0.0,0.017,0.0,0.0,0.0,12354.0,0.0,-0.052000000000000005
2298945570,9,0,0.033,0.014,0.003,0.0,0.0,0.0368,-0.0368,0.0,0.017,0.0,0.0,0.0,15001.0,0.0,-0.052000000000000005
2298949885,9,0,0.034,0.018000000000000002,-0.002,0.0,0.0,0.0368,-0.0368,0.0,0.017,0.0,0.0,0.0,19316.0,0.0,-0.052000000000000005
2298953887,9,0,0.025,0.019,-0.003,0.0,0.0,0.0368,-0.0368,0.0,0.017,0.0,0.0,0.0,23318.0,0.0,-0.052000000000000005
2298957937,9,0,0.028,0.022,-0.001,0.0,0.0,0.0368,-0.0368,0.0,0.0171,0.0,0.0,0.0,0.0,0.0,-0.052000000000000005
2298962569,9,0,0.028,0.022,-0.003,0.0,0.0,0.0368,-0.0368,0.0,0.0171,0.0,0.0,0.0,4632.0,0.0,-0.052000000000000005
2298966898,9,0,0.021,0.026000000000000002,-0.004,0.0,0.0,0.0368,-0.0368,0.0,0.0171,0.0,0.0,0.0,8961.0,0.0,-0.052000000000000005
2298971570,9,0,0.015,0.022,-0.005,0.0,0.0,0.0368,-0.0368,0.0,0.0172,0.0,0.0,0.0,13633.0,0.0,-0.052000000000000005
2298973902,9,0,0.011,0.022,-0.004,0.0,0.0,0.0368,-0.0368,0.0,0.0172,0.0,0.0,0.0,15965.0,0.0,-0.052000000000000005
2298977952,9,0,0.009000000000000001,0.025,-0.005,0.0,0.0,0.0368,-0.0368,0.0,0.0172,0.0,0.0,0.0,20015.0,0.0,-0.052000000000000005
2298982568,9,0,0.001,0.02,0.0,0.0,0.0,0.0368,-0.0368,0.0,0.0171,0.0,0.0,0.0,24631.0,0.0,-0.052000000000000005
2298986911,9,0,-0.008,0.02,0.002,0.0,0.0,0.0368,-0.0368,0.0,0.0171,0.0,0.0,0.0,0.0,0.0,-0.052000000000000005
2298990915,9,0,-0.009000000000000001,0.016,0.0,0.0,0.0,0.0368,-0.0368,0.0,0.017,0.0,0.0,0.0,4004.0,0.0,-0.052000000000000005
2298995569,9,0,-0.015,0.012,0.002,0.0,0.0,0.0368,-0.0368,0.0,0.017,0.0,0.0,0.0,8658.0,0.0,-0.052000000000000005
2298997573,9,0,-0.017,0.012,0.003,0.0,0.0,0.0368,-0.0368,0.0,0.017,0.0,0.0,0.0,10662.0,0.0,-0.052000000000000005
2299001923,9,0,-0.03,0.007,0.002,0.0,0.0,0.0368,-0.0368,0.0,0.016800000000000002,0.0,0.0,0.0,15012.0,0.0,-0.052000000000000005
2299005924,9,0,-0.035,0.002,0.004,0.0,0.0,0.0368,-0.0368,0.0,0.0167,0.0,0.0,0.0,19013.0,0.0,-0.052000000000000005
2299010568,9,0,-0.037,0.005,0.005,0.0,0.0,0.0368,-0.0368,0.0,0.0165,0.0,0.0,0.0,23657.0,0.0,-0.052000000000000005
2299014568,9,0,-0.046,-0.003,0.003,0.0,0.0,0.0368,-0.0368,0.0,0.016300000000000002,0.0,0.0,0.0,0.0,0.0,-0.052000000000000005
2299018934,9,0,-0.039,-0.01,0.002,0.0,0.0,0.0368,-0.0368,0.0,0.0161,0.0,0.0,0.0,4366.0,0.0,-0.052000000000000005
2299022984,9,0,-0.043000000000000003,-0.008,0.0,0.0,0.0,0.0368,-0.0368,0.0,0.016,0.0,0.0,0.0,8416.0,0.0,-0.052000000000000005
2299025569,9,0,-0.043000000000000003,-0.01,-0.001,0.0,0.0,0.0368,-0.0368,0.0,0.0159,0.0,0.0,0.0,11001.0,0.0,-0.052000000000000005
2299029573,9,0,-0.043000000000000003,-0.014,0.0,0.0,0.0,0.0368,-0.0368,0.0,0.015700000000000002,0.0,0.0,0.0,15005.0,0.0,-0.052000000000000005
2299034680,9,0,-0.042,-0.017,0.004,0.0,0.0,0.0368,-0.0368,0.0,0.0155,0.0,0.0,0.0,20112.0,0.0,-0.052000000000000005
2299038949,9,0,-0.039,-0.017,0.002,0.0,0.0,0.0368,-0.0368,0.0,0.015300000000000001,0.0,0.0,0.0,24381.0,0.0,-0.052000000000000005
2299042996,9,0,-0.041,-0.016,0.002,0.0,0.0,0.0368,-0.0368,0.0,0.0152,0.0,0.0,0.0,0.0,0.0,-0.052000000000000005
2299045569,9,0,-0.038,-0.014,0.004,0.0,0.0,0.0368,-0.0368,0.0,0.0151,0.0,0.0,0.0,2573.0,0.0,-0.052000000000000005
2299049573,9,0,-0.033,-0.013000000000000001,0.004,0.0,0.0,0.0368,-0.0368,0.0,0.015000000000000001,0.0,0.0,0.0,6577.0,0.0,-0.052000000000000005
2299053959,9,0,-0.033,-0.009000000000000001,-0.002,0.0,0.0,0.0368,-0.0368,0.0,0.0148,0.0,0.0,0.0,10963.0,0.0,-0.052000000000000005
2299058009,9,0,-0.028,-0.007,0.001,0.0,0.0,0.0368,-0.0368,0.0,0.014700000000000001,0.0,0.0,0.0,15013.0,0.0,-0.052000000000000005
2299063020,9,0,-0.021,-0.004,-0.001,0.0,0.0,0.0368,-0.0368,0.0,0.0146,0.0,0.0,0.0,20024.0,0.0,-0.052000000000000005
2299065570,9,0,-0.017,-0.002,-0.002,0.0,0.0,0.0368,-0.0368,0.0,0.0146,0.0,0.0,0.0,22574.0,0.0,-0.052000000000000005
2299069966,9,0,-0.017,0.007,-0.006,0.0,0.0,0.0368,-0.0368,0.0,0.0145,0.0,0.0,0.0,0.0,0.0,-0.052000000000000005
2299073976,9,0,-0.017,0.014,-0.004,0.0,0.0,0.0368,-0.0368,0.0,0.0145,0.0,0.0,0.0,4010.0,0.0,-0.052000000000000005
2299078024,9,0,-0.011,0.017,-0.004,0.0,0.0,0.0368,-0.0368,0.0,0.014400000000000001,0.0,0.0,0.0,8058.0,0.0,-0.052000000000000005
2299083025,9,0,-0.005,0.02,-0.001,0.0,0.0,0.0368,-0.0368,0.0,0.0143,0.0,0.0,0.0,13059.0,0.0,-0.052000000000000005
2299085570,9,0,-0.007,0.026000000000000002,-0.001,0.0,0.0,0.0368,-0.0368,0.0,0.0143,0.0,0.0,0.0,15604.0,0.0,-0.052000000000000005
2299089984,9,0,-0.007,0.034,-0.002,0.0,0.0,0.0368,-0.0368,0.0,0.0143,0.0,0.0,0.0,20018.0,0.0,-0.052000000000000005
2299094097,9,0,-0.007,0.037,0.004,0.0,0.0,0.0368,-0.0368,0.0,0.0142,0.0,0.0,0.0,24131.0,0.0,-0.052000000000000005
2299098991,9,0,-0.004,0.044,0.002,0.0,0.0,0.0368,-0.0368,0.0,0.014100000000000001,0.0,0.0,0.0,0.0,0.0,-0.052000000000000005
2299103040,9,0,-0.004,0.046,0.0,0.0,0.0,0.0368,-0.0368,0.0,0.013900000000000001,0.0,0.0,0.0,4049.0,0.0,-0.052000000000000005
2299105569,9,0,-0.007,0.046,-0.003,0.0,0.0,0.0368,-0.0368,0.0,0.013900000000000001,0.0,0.0,0.0,6578.0,0.0,-0.052000000000000005
2299109999,9,0,-0.01,0.047,0.0,0.0,0.0,0.0368,-0.0368,0.0,0.0137,0.0,0.0,0.0,11008.0,0.0,-0.052000000000000005
2299114003,9,0,-0.009000000000000001,0.048,-0.002,0.0,0.0,0.0368,-0.0368,0.0,0.013600000000000001,0.0,0.0,0.0,15012.0,0.0,-0.052000000000000005
2299118048,9,0,-0.007,0.049,0.002,0.0,0.0,0.0368,-0.0368,0.0,0.0134,0.0,0.0,0.0,19057.0,0.0,-0.052000000000000005
2299123055,9,0,-0.005,0.045,-0.003,0.0,0.0,0.0368,-0.0368,0.0,0.0132,0.0,0.0,0.0,24064.0,0.0,-0.052000000000000005
2299125574,9,0,-0.007,0.045,-0.002,0.0,0.0,0.0368,-0.0368,0.0,0.0131,0.0,0.0,0.0,0.0,0.0,-0.052000000000000005
2299130569,9,0,-0.012,0.041,-0.001,0.0,0.0,0.0368,-0.0368,0.0,0.0128,0.0,0.0,0.0,4995.0,0.0,-0.052000000000000005
2299134681,9,0,-0.011,0.032,-0.003,0.0,0.0,0.0368,-0.0368,0.0,0.012700000000000001,0.0,0.0,0.0,9107.0,0.0,-0.052000000000000005
2299139019,9,0,-0.017,0.028,0.005,0.0,0.0,0.0368,-0.0368,0.0,0.012400000000000001,0.0,0.0,0.0,13445.0,0.0,-0.052000000000000005
2299143073,9,0,-0.018000000000000002,0.022,0.002,0.0,0.0,0.0368,-0.0368,0.0,0.0122,0.0,0.0,0.0,17499.0,0.0,-0.052000000000000005
2299145569,9,0,-0.016,0.02,0.0,0.0,0.0,0.0368,-0.0368,0.0,0.012100000000000001,0.0,0.0,0.0,19995.0,0.0,-0.052000000000000005
2299150029,9,0,-0.022,0.01,0.001,0.0,0.0,0.0368,-0.0368,0.0,0.0119,0.0,0.0,0.0,24455.0,0.0,-0.052000000000000005
2299154569,9,0,-0.024,0.006,-0.002,0.0,0.0,0.0368,-0.0368,0.0,0.0117,0.0,0.0,0.0,0.0,0.0,-0.052000000000000005
2299159037,9,0,-0.019,-0.001,-0.003,0.0,0.0,0.0368,-0.0368,0.0,0.0115,0.0,0.0,0.0,4468.0,0.0,-0.052000000000000005
2299163086,9,0,-0.024,-0.006,0.002,0.0,0.0,0.0368,-0.0368,0.0,0.0114,0.0,0.0,0.0,8517.0,0.0,-0.052000000000000005
2299165572,9,0,-0.027,-0.012,0.001,0.0,0.0,0.0368,-0.0368,0.0,0.0114,0.0,0.0,0.0,11003.0,0.0,-0.052000000000000005
2299170043,9,0,-0.025,-0.014,-0.002,0.0,0.0,0.0368,-0.0368,0.0,0.0112,0.0,0.0,0.0,15474.0,0.0,-0.052000000000000005
2299174568,9,0,-0.024,-0.019,0.002,0.0,0.0,0.0368,-0.0368,0.0,0.0112,0.0,0.0,0.0,19999.0,0.0,-0.052000000000000005
2299179569,9,0,-0.03,-0.02,-0.001,0.0,0.0,0.0368,-0.0368,0.0,0.0111,0.0,0.0,0.0,25000.0,0.0,-0.052000000000000005
2299181569,9,0,-0.031,-0.022,-0.001,0.0,0.0,0.0368,-0.0368,0.0,0.0111,0.0,0.0,0.0,0.0,0.0,-0.052000000000000005
2299187056,9,0,-0.026000000000000002,-0.024,0.003,0.0,0.0,0.0368,-0.0368,0.0,0.0111,0.0,0.0,0.0,5487.0,0.0,-0.052000000000000005
2299189574,9,0,-0.027,-0.025,0.003,0.0,0.0,0.0368,-0.0368,0.0,0.0111,0.0,0.0,0.0,8005.0,0.0,-0.052000000000000005
2299194059,9,0,-0.029,-0.023,0.001,0.0,0.0,0.0368,-0.0368,0.0,0.0111,0.0,0.0,0.0,12490.0,0.0,-0.052000000000000005
2299198105,9,0,-0.028,-0.019,0.002,0.0,0.0,0.0368,-0.0368,0.0,0.0111,0.0,0.0,0.0,16536.0,0.0,-0.052000000000000005
2299203115,9,0,-0.021,-0.017,0.001,0.0,0.0,0.0368,-0.0368,0.0,0.0111,0.0,0.0,0.0,21546.0,0.0,-0.052000000000000005
2299207568,9,0,-0.024,-0.013000000000000001,-0.001,0.0,0.0,0.0368,-0.0368,0.0,0.0111,0.0,0.0,0.0,25999.0,0.0,-0.052000000000000005
2299210073,9,0,-0.024,-0.009000000000000001,0.002,0.0,0.0,0.0368,-0.0368,0.0,0.0111,0.0,0.0,0.0,0.0,0.0,-0.052000000000000005
2299215075,9,0,-0.022,-0.008,-0.001,0.0,0.0,0.0368,-0.0368,0.0,0.0111,0.0,0.0,0.0,5002.0,0.0,-0.052000000000000005
2299219079,9,0,-0.015,-0.001,0.002,0.0,0.0,0.0368,-0.0368,0.0,0.0111,0.0,0.0,0.0,9006.0,0.0,-0.052000000000000005
2299221574,9,0,-0.015,0.001,0.0,0.0,0.0,0.0368,-0.0368,0.0,0.0111,0.0,0.0,0.0,11501.0,0.0,-0.052000000000000005
2299226083,9,0,-0.011,0.01,0.001,0.0,0.0,0.0368,-0.0368,0.0,0.0111,0.0,0.0,0.0,16010.0,0.0,-0.052000000000000005
2299230568,9,0,-0.011,0.01,0.0,0.0,0.0,0.0368,-0.0368,0.0,0.0111,0.0,0.0,0.0,20495.0,0.0,-0.052000000000000005
2299235143,9,0,-0.01,0.019,0.002,0.0,0.0,0.0368,-0.0368,0.0,0.011000000000000001,0.0,0.0,0.0,25070.0,0.0,-0.052000000000000005
2299237570,9,0,-0.007,0.019,0.004,0.0,0.0,0.0368,-0.0368,0.0,0.0109,0.0,0.0,0.0,0.0,0.0,-0.052000000000000005
2299242098,9,0,0.003,0.02,-0.001,0.0,0.0,0.0368,-0.0368,0.0,0.0109,0.0,0.0,0.0,4528.0,0.0,-0.052000000000000005
2299246099,9,0,0.006,0.024,0.0,0.0,0.0,0.0368,-0.0368,0.0,0.0108,0.0,0.0,0.0,8529.0,0.0,-0.052000000000000005
2299250569,9,0,0.009000000000000001,0.023,0.002,0.0,0.0,0.0368,-0.0368,0.0,0.010700000000000001,0.0,0.0,0.0,12999.0,0.0,-0.052000000000000005
2299255104,9,0,0.008,0.022,-0.001,0.0,0.0,0.0368,-0.0368,0.0,0.0106,0.0,0.0,0.0,17534.0,0.0,-0.052000000000000005
2299259108,9,0,0.015,0.021,-0.001,0.0,0.0,0.0368,-0.0368,0.0,0.0105,0.0,0.0,0.0,21538.0,0.0,-0.052000000000000005
2299263158,9,0,0.02,0.021,0.001,0.0,0.0,0.0368,-0.0368,0.0,0.010400000000000001,0.0,0.0,0.0,25588.0,0.0,-0.052000000000000005
2299267569,9,0,0.017,0.02,-0.001,0.0,0.0,0.0368,-0.0368,0.0,0.0103,0.0,0.0,0.0,0.0,0.0,-0.052000000000000005
2299269570,9,0,0.018000000000000002,0.016,-0.004,0.0,0.0,0.0368,-0.0368,0.0,0.0103,0.0,0.0,0.0,2001.0,0.0,-0.052000000000000005
2299274120,9,0,0.026000000000000002,0.013000000000000001,-0.004,0.0,0.0,0.0368,-0.0368,0.0,0.0102,0.0,0.0,0.0,6551.0,0.0,-0.052000000000000005
2299278172,9,0,0.023,0.01,-0.001,0.0,0.0,0.0368,-0.0368,0.0,0.0102,0.0,0.0,0.0,10603.0,0.0,-0.052000000000000005
2299283173,9,0,0.025,0.005,-0.004,0.0,0.0,0.0368,-0.0368,0.0,0.010100000000000001,0.0,0.0,0.0,15604.0,0.0,-0.052000000000000005
2299285574,9,0,0.025,0.003,-0.004,0.0,0.0,0.0368,-0.0368,0.0,0.010100000000000001,0.0,0.0,0.0,18005.0,0.0,-0.052000000000000005
2299290567,9,0,0.024,-0.009000000000000001,-0.004,0.0,0.0,0.0368,-0.0368,0.0,0.0102,0.0,0.0,0.0,22998.0,0.0,-0.052000000000000005
2299294569,9,0,0.023,-0.008,-0.004,0.0,0.0,0.0368,-0.0368,0.0,0.0102,0.0,0.0,0.0,0.0,0.0,-0.052000000000000005
2299299139,9,0,0.017,-0.008,-0.003,0.0,0.0,0.0368,-0.0368,0.0,0.0103,0.0,0.0,0.0,4570.0,0.0,-0.052000000000000005
2299303185,9,0,0.015,-0.017,-0.003,0.0,0.0,0.0368,-0.0368,0.0,0.010400000000000001,0.0,0.0,0.0,8616.0,0.0,-0.052000000000000005
2299305569,9,0,0.014,-0.019,-0.001,0.0,0.0,0.0368,-0.0368,0.0,0.010400000000000001,0.0,0.0,0.0,11000.0,0.0,-0.052000000000000005
2299310145,9,0,0.012,-0.022,0.0,0.0,0.0,0.0368,-0.0368,0.0,0.0105,0.0,0.0,0.0,15576.0,0.0,-0.052000000000000005
2299314151,9,0,0.007,-0.021,0.0,0.0,0.0,0.0368,-0.0368,0.0,0.0106,0.0,0.0,0.0,19582.0,0.0,-0.052000000000000005
2299318595,9,0,0.004,-0.028,0.0,0.0,0.0,0.0368,-0.0368,0.0,0.010700000000000001,0.0,0.0,0.0,24026.0,0.0,-0.052000000000000005
2299323201,9,0,-0.001,-0.031,-0.004,0.0,0.0,0.0368,-0.0368,0.0,0.0109,0.0,0.0,0.0,0.0,0.0,-0.052000000000000005
2299327569,9,0,-0.005,-0.034,0.002,0.0,0.0,0.0368,-0.0368,0.0,0.011000000000000001,0.0,0.0,0.0,4368.0,0.0,-0.052000000000000005
2299330160,9,0,-0.007,-0.032,0.004,0.0,0.0,0.0368,-0.0368,0.0,0.0111,0.0,0.0,0.0,6959.0,0.0,-0.052000000000000005
2299334681,9,0,-0.016,-0.032,0.0,0.0,0.0,0.0368,-0.0368,0.0,0.0112,0.0,0.0,0.0,11480.0,0.0,-0.052000000000000005
2299339165,9,0,-0.011,-0.032,0.002,0.0,0.0,0.0368,-0.0368,0.0,0.011300000000000001,0.0,0.0,0.0,15964.0,0.0,-0.052000000000000005
2299343210,9,0,-0.014,-0.03,-0.002,0.0,0.0,0.0368,-0.0368,0.0,0.011300000000000001,0.0,0.0,0.0,20009.0,0.0,-0.052000000000000005
2299345569,9,0,-0.015,-0.031,-0.001,0.0,0.0,0.0368,-0.0368,0.0,0.0114,0.0,0.0,0.0,22368.0,0.0,-0.052000000000000005
2299349574,9,0,-0.016,-0.032,0.0,0.0,0.0,0.0368,-0.0368,0.0,0.0114,0.0,0.0,0.0,0.0,0.0,-0.052000000000000005
2299354179,9,0,-0.015,-0.027,0.004,0.0,0.0,0.0368,-0.0368,0.0,0.0114,0.0,0.0,0.0,4605.0,0.0,-0.052000000000000005
2299358229,9,0,-0.012,-0.025,0.002,0.0,0.0,0.0368,-0.0368,0.0,0.0115,0.0,0.0,0.0,8655.0,0.0,-0.052000000000000005
2299362570,9,0,-0.007,-0.021,0.002,0.0,0.0,0.0368,-0.0368,0.0,0.0115,0.0,0.0,0.0,12996.0,0.0,-0.052000000000000005
2299367569,9,0,-0.007,-0.024,0.003,0.0,0.0,0.0368,-0.0368,0.0,0.0115,0.0,0.0,0.0,17995.0,0.0,-0.052000000000000005
2299370191,9,0,-0.001,-0.025,0.001,0.0,0.0,0.0368,-0.0368,0.0,0.0115,0.0,0.0,0.0,20617.0,0.0,-0.052000000000000005
2299375190,9,0,0.011,-0.021,-0.001,0.0,0.0,0.0368,-0.0368,0.0,0.0115,0.0,0.0,0.0,25616.0,0.0,-0.052000000000000005
2299379196,9,0,0.003,-0.016,0.002,0.0,0.0,0.0368,-0.0368,0.0,0.0115,0.0,0.0,0.0,0.0,0.0,-0.052000000000000005
2299381573,9,0,0.004,-0.016,0.004,0.0,0.0,0.0368,-0.0368,0.0,0.0115,0.0,0.0,0.0,2377.0,0.0,-0.052000000000000005
2299387201,9,0,0.018000000000000002,-0.015,-0.006,0.0,0.0,0.0368,-0.0368,0.0,0.0115,0.0,0.0,0.0,8005.0,0.0,-0.052000000000000005
2299391206,9,0,0.02,-0.012,-0.004,0.0,0.0,0.0368,-0.0368,0.0,0.0115,0.0,0.0,0.0,12010.0,0.0,-0.052000000000000005
2299395566,9,0,0.025,-0.01,-0.002,0.0,0.0,0.0368,-0.0368,0.0,0.011600000000000001,0.0,0.0,0.0,16370.0,0.0,-0.052000000000000005
2299397570,9,0,0.026000000000000002,-0.012,0.0,0.0,0.0,0.0368,-0.0368,0.0,0.011600000000000001,0.0,0.0,0.0,18374.0,0.0,-0.052000000000000005
2299402211,9,0,0.031,-0.01,0.001,0.0,0.0,0.0368,-0.0368,0.0,0.0117,0.0,0.0,0.0,23015.0,0.0,-0.052000000000000005
2299406216,9,0,0.031,-0.008,-0.001,0.0,0.0,0.0368,-0.0368,0.0,0.0117,0.0,0.0,0.0,0.0,0.0,-0.052000000000000005
2299410569,9,0,0.036000000000000004,-0.005,-0.001,0.0,0.0,0.0368,-0.0368,0.0,0.0118,0.0,0.0,0.0,4353.0,0.0,-0.052000000000000005
2299415221,9,0,0.037,-0.004,0.003,0.0,0.0,0.0368,-0.0368,0.0,0.0119,0.0,0.0,0.0,9005.0,0.0,-0.052000000000000005
2299419221,9,0,0.034,-0.004,-0.001,0.0,0.0,0.0368,-0.0368,0.0,0.012,0.0,0.0,0.0,13005.0,0.0,-0.052000000000000005
2299423270,9,0,0.043000000000000003,-0.003,-0.004,0.0,0.0,0.0368,-0.0368,0.0,0.012100000000000001,0.0,0.0,0.0,17054.0,0.0,-0.052000000000000005
2299427569,9,0,0.038,-0.004,0.001,0.0,0.0,0.0368,-0.0368,0.0,0.0123,0.0,0.0,0.0,21353.0,0.0,-0.052000000000000005
2299430233,9,0,0.035,-0.003,0.002,0.0,0.0,0.0368,-0.0368,0.0,0.0123,0.0,0.0,0.0,24017.0,0.0,-0.052000000000000005
2299434681,9,0,0.028,-0.003,-0.003,0.0,0.0,0.0368,-0.0368,0.0,0.0125,0.0,0.0,0.0,0.0,0.0,-0.052000000000000005
2299439239,9,0,0.027,-0.007,0.001,0.0,0.0,0.0368,-0.0368,0.0,0.0126,0.0,0.0,0.0,4558.0,0.0,-0.052000000000000005
2299443285,9,0,0.024,-0.01,-0.002,0.0,0.0,0.0368,-0.0368,0.0,0.012700000000000001,0.0,0.0,0.0,8604.0,0.0,-0.052000000000000005
2299447570,9,0,0.016,-0.006,0.0,0.0,0.0,0.0368,-0.0368,0.0,0.0128,0.0,0.0,0.0,12889.0,0.0,-0.052000000000000005
2299450246,9,0,0.02,-0.011,0.0,0.0,0.0,0.0368,-0.0368,0.0,0.0129,0.0,0.0,0.0,15565.0,0.0,-0.052000000000000005
2299454263,9,0,0.014,-0.013000000000000001,0.002,0.0,0.0,0.0368,-0.0368,0.0,0.013000000000000001,0.0,0.0,0.0,19582.0,0.0,-0.052000000000000005
2299458335,9,0,0.005,-0.011,0.002,0.0,0.0,0.0368,-0.0368,0.0,0.0131,0.0,0.0,0.0,23654.0,0.0,-0.052000000000000005
2299462569,9,0,0.006,-0.014,0.002,0.0,0.0,0.0368,-0.0368,0.0,0.0131,0.0,0.0,0.0,0.0,0.0,-0.052000000000000005
2299467256,9,0,-0.003,-0.017,0.003,0.0,0.0,0.0368,-0.0368,0.0,0.0132,0.0,0.0,0.0,4687.0,0.0,-0.052000000000000005
2299471260,9,0,-0.004,-0.024,-0.001,0.0,0.0,0.0368,-0.0368,0.0,0.0132,0.0,0.0,0.0,8691.0,0.0,-0.052000000000000005
2299475567,9,0,-0.006,-0.02,0.001,0.0,0.0,0.0368,-0.0368,0.0,0.0132,0.0,0.0,0.0,12998.0,0.0,-0.052000000000000005
2299477574,9,0,-0.006,-0.019,0.003,0.0,0.0,0.0368,-0.0368,0.0,0.0132,0.0,0.0,0.0,15005.0,0.0,-0.052000000000000005
2299482310,9,0,-0.007,-0.028,-0.002,0.0,0.0,0.0368,-0.0368,0.0,0.0132,0.0,0.0,0.0,19741.0,0.0,-0.052000000000000005
2299487308,9,0,-0.014,-0.032,0.0,0.0,0.0,0.0368,-0.0368,0.0,0.0132,0.0,0.0,0.0,24739.0,0.0,-0.052000000000000005
2299491309,9,0,-0.012,-0.03,-0.001,0.0,0.0,0.0368,-0.0368,0.0,0.0132,0.0,0.0,0.0,0.0,0.0,-0.052000000000000005
2299495532,9,0,-0.009000000000000001,-0.03,0.0,0.0,0.0,0.0368,-0.0368,0.0,0.0132,0.0,0.0,0.0,4223.0,0.0,-0.052000000000000005
2299498363,9,0,-0.005,-0.034,0.0,0.0,0.0,0.0368,-0.0368,0.0,0.0132,0.0,0.0,0.0,7054.0,0.0,-0.052000000000000005
2299502532,9,0,-0.005,-0.034,-0.003,0.0,0.0,0.0368,-0.0368,0.0,0.0132,0.0,0.0,0.0,11223.0,0.0,-0.052000000000000005
2299507324,9,0,-0.004,-0.032,-0.001,0.0,0.0,0.0368,-0.0368,0.0,0.013300000000000001,0.0,0.0,0.0,16015.0,0.0,-0.052000000000000005
2299509573,9,0,-0.005,-0.032,-0.002,0.0,0.0,0.0368,-0.0368,0.0,0.013300000000000001,0.0,0.0,0.0,18264.0,0.0,-0.052000000000000005
2299514327,9,0,-0.004,-0.031,0.001,0.0,0.0,0.0368,-0.0368,0.0,0.013300000000000001,0.0,0.0,0.0,23018.0,0.0,-0.052000000000000005
2299518385,9,0,0.004,-0.024,0.0,0.0,0.0,0.0368,-0.0368,0.0,0.013300000000000001,0.0,0.0,0.0,0.0,0.0,-0.052000000000000005
2299522532,9,0,0.002,-0.029,-0.001,0.0,0.0,0.0363,-0.0363,0.0,0.0134,0.0,0.0,0.0,4147.0,0.0,-0.051300000000000005
2299526532,9,0,0.006,-0.024,0.002,0.0,0.0,0.034300000000000004,-0.034300000000000004,0.0,0.0134,0.0,0.0,0.0,8147.0,0.0,-0.0485
2299531341,9,0,0.008,-0.015,-0.002,0.0,0.0,0.031900000000000005,-0.031900000000000005,0.0,0.0135,0.0,0.0,0.0,12956.0,0.0,-0.0451
2299535531,9,0,0.012,-0.014,-0.006,0.0,0.0,0.029900000000000003,-0.029900000000000003,0.0,0.0135,0.0,0.0,0.0,17146.0,0.0,-0.042300000000000004
2299539592,9,0,0.017,-0.008,0.0,0.0,0.0,0.0279,-0.0279,0.0,0.013600000000000001,0.0,0.0,0.0,21207.0,0.0,-0.0395
2299542209,9,0,0.017,-0.007,0.0,0.0,0.0,0.026500000000000003,-0.026500000000000003,0.0,0.013600000000000001,0.0,0.0,0.0,23824.0,0.0,-0.0374
2299546349,9,0,0.011,-0.001,-0.005,0.0,0.0,0.0245,-0.0245,0.0,0.0137,0.0,0.0,0.0,0.0,0.0,-0.0347
2299550531,9,0,0.02,0.003,-0.001,0.0,0.0,0.022600000000000002,-0.022600000000000002,0.0,0.013800000000000002,0.0,0.0,0.0,4182.0,0.0,-0.031900000000000005
2299554531,9,0,0.016,0.006,-0.002,0.0,0.0,0.0206,-0.0206,0.0,0.013800000000000002,0.0,0.0,0.0,8182.0,0.0,-0.0291
2299558567,9,0,0.011,0.008,-0.002,0.0,0.0,0.018600000000000002,-0.018600000000000002,0.0,0.013900000000000001,0.0,0.0,0.0,12218.0,0.0,-0.0263
2299562567,9,0,0.018000000000000002,0.006,0.001,0.0,0.0,0.0167,-0.0167,0.0,0.013900000000000001,0.0,0.0,0.0,16218.0,0.0,-0.0236
2299566567,9,0,0.019,0.011,0.002,0.0,0.0,0.014700000000000001,-0.014700000000000001,0.0,0.014,0.0,0.0,0.0,20218.0,0.0,-0.020800000000000003
2299571330,9,0,0.016,0.019,0.0,0.0,0.0,0.0123,-0.0123,0.0,0.014,0.0,0.0,0.0,24981.0,0.0,-0.0173
2299576376,9,0,0.021,0.013000000000000001,0.002,0.0,0.0,0.0098,-0.0098,0.0,0.014100000000000001,0.0,0.0,0.0,0.0,0.0,-0.013900000000000001
2299578421,9,0,0.021,0.013000000000000001,0.001,0.0,0.0,0.0088,-0.0088,0.0,0.014100000000000001,0.0,0.0,0.0,2045.0,0.0,-0.0125
2299583385,9,0,0.022,0.016,0.003,0.0,0.0,0.0064,-0.0064,0.0,0.014100000000000001,0.0,0.0,0.0,7009.0,0.0,-0.009000000000000001
2299587568,9,0,0.014,0.013000000000000001,0.001,0.0,0.0,0.0044,-0.0044,0.0,0.014100000000000001,0.0,0.0,0.0,11192.0,0.0,-0.006200000000000001
2299590381,9,0,0.006,0.013000000000000001,0.002,0.0,0.0,0.0029000000000000002,-0.0029000000000000002,0.0,0.014100000000000001,0.0,0.0,0.0,14005.0,0.0,-0.004200000000000001
2299594567,9,0,0.026000000000000002,0.005,0.004,0.0,0.0,0.001,-0.001,0.0,0.014,0.0,0.0,0.0,18191.0,0.0,-0.0014
2299599387,9,0,0.055,0.006,0.01,0.0,0.0,-0.0015,0.0015,0.0,0.0142,0.0,0.0,0.0,23011.0,0.0,0.0021000000000000003
2299603437,9,0,0.049,0.006,0.002,0.0,0.0,-0.0034000000000000002,0.0034000000000000002,0.0,0.0143,0.0,0.0,0.0,0.0,0.0,0.0049
2299605574,9,0,0.049,0.002,-0.002,0.0,0.0,-0.0044,0.0044,0.0,0.014400000000000001,0.0,0.0,0.0,2137.0,0.0,0.006200000000000001
2299610531,9,0,0.033,-0.016,-0.008,0.0,0.0,-0.006900000000000001,0.006900000000000001,0.0,0.0145,0.0,0.0,0.0,7094.0,0.0,0.0097
2299615531,9,0,0.03,-0.024,-0.007,0.0,0.0,-0.009300000000000001,0.009300000000000001,0.0,0.0146,0.0,0.0,0.0,12094.0,0.0,0.0132
2299619531,9,0,0.028,-0.041,-0.005,0.0,0.0,-0.011300000000000001,0.011300000000000001,0.0,0.014700000000000001,0.0,0.0,0.0,16094.0,0.0,0.0159
2299622404,9,0,0.016,-0.052000000000000005,0.008,0.0,0.0,-0.012700000000000001,0.012700000000000001,0.0,0.0148,0.0,0.0,0.0,18967.0,0.0,0.018000000000000002
2299626409,9,0,0.01,-0.07200000000000001,0.024,0.0,0.0,-0.014700000000000001,0.014700000000000001,0.0,0.015000000000000001,0.0,0.0,0.0,22972.0,0.0,0.020800000000000003
2299630530,9,0,0.03,-0.089,0.015,0.0,0.0,-0.0167,0.0167,0.0,0.0152,0.0,0.0,0.0,0.0,0.0,0.0236
2299634683,9,0,0.04,-0.101,0.002,0.0,0.0,-0.018600000000000002,0.018600000000000002,0.0,0.0154,0.0,0.0,0.0,4153.0,0.0,0.0263
2299637574,9,0,0.039,-0.105,0.0,0.0,0.0,-0.0201,0.0201,0.0,0.0155,0.0,0.0,0.0,7044.0,0.0,0.0284
2299642530,9,0,0.022,-0.11900000000000001,-0.018000000000000002,0.0,0.0,-0.022600000000000002,0.022600000000000002,0.0,0.016,0.0,0.0,0.0,12000.0,0.0,0.031900000000000005
2299646531,9,0,0.007,-0.112,-0.04,0.0,0.0,-0.0245,0.0245,0.0,0.016300000000000002,0.0,0.0,0.0,16001.0,0.0,0.0347
2299651425,9,0,0.007,-0.099,-0.023,0.0,0.0,-0.027,0.027,0.0,0.0167,0.0,0.0,0.0,20895.0,0.0,0.0381
2299655531,9,0,0.007,-0.085,0.003,0.0,0.0,-0.028900000000000002,0.028900000000000002,0.0,0.016900000000000002,0.0,0.0,0.0,25001.0,0.0,0.0409
2299658478,9,0,0.001,-0.081,0.008,0.0,0.0,-0.0304,0.0304,0.0,0.0171,0.0,0.0,0.0,0.0,0.0,0.043000000000000003
2299663480,9,0,0.009000000000000001,-0.069,0.017,0.0,0.0,-0.0328,0.0328,0.0,0.0173,0.0,0.0,0.0,5002.0,0.0,0.0465
2299668485,9,0,0.018000000000000002,-0.054,0.037,0.0,0.0,-0.035300000000000005,0.035300000000000005,0.0,0.0175,0.0,0.0,0.0,10007.0,0.0,0.0499
2299670556,9,0,0.019,-0.047,0.029,0.0,0.0,-0.0363,0.0363,0.0,0.0176,0.0,0.0,0.0,12078.0,0.0,0.051300000000000005
2299675442,9,0,0.01,-0.034,-0.008,0.0,0.0,-0.0368,0.0368,0.0,0.0179,0.0,0.0,0.0,16964.0,0.0,0.052000000000000005
2299679450,9,0,0.018000000000000002,-0.04,-0.003,0.0,0.0,-0.0368,0.0368,0.0,0.018000000000000002,0.0,0.0,0.0,20972.0,0.0,0.052000000000000005
2299683537,9,0,0.029,-0.035,0.006,0.0,0.0,-0.0368,0.0368,0.0,0.0183,0.0,0.0,0.0,25059.0,0.0,0.052000000000000005
2299686453,9,0,0.033,-0.027,-0.009000000000000001,0.0,0.0,-0.0368,0.0368,0.0,0.018500000000000003,0.0,0.0,0.0,0.0,0.0,0.052000000000000005
2299690531,9,0,0.028,-0.018000000000000002,-0.02,0.0,0.0,-0.0368,0.0368,0.0,0.0188,0.0,0.0,0.0,4078.0,0.0,0.052000000000000005
2299695530,9,0,0.021,-0.014,-0.001,0.0,0.0,-0.0368,0.0368,0.0,0.019,0.0,0.0,0.0,9077.0,0.0,0.052000000000000005
2299698510,9,0,0.02,-0.009000000000000001,0.006,0.0,0.0,-0.0368,0.0368,0.0,0.019200000000000002,0.0,0.0,0.0,12057.0,0.0,0.052000000000000005
2299702573,9,0,0.026000000000000002,0.009000000000000001,-0.005,0.0,0.0,-0.0368,0.0368,0.0,0.0193,0.0,0.0,0.0,16120.0,0.0,0.052000000000000005
2299707530,9,0,0.024,0.024,0.0,0.0,0.0,-0.0368,0.0368,0.0,0.019200000000000002,0.0,0.0,0.0,21077.0,0.0,0.052000000000000005
2299710462,9,0,0.028,0.029,0.01,0.0,0.0,-0.0368,0.0368,0.0,0.019200000000000002,0.0,0.0,0.0,24009.0,0.0,0.052000000000000005
2299714474,9,0,0.031,0.037,0.003,0.0,0.0,-0.0368,0.0368,0.0,0.019100000000000002,0.0,0.0,0.0,0.0,0.0,0.052000000000000005
2299718524,9,0,0.031,0.047,0.0,0.0,0.0,-0.0368,0.0368,0.0,0.019,0.0,0.0,0.0,4050.0,0.0,0.052000000000000005
2299722530,9,0,0.033,0.05,0.009000000000000001,0.0,0.0,-0.0368,0.0368,0.0,0.0189,0.0,0.0,0.0,8056.0,0.0,0.052000000000000005
2299727530,9,0,0.026000000000000002,0.049,0.007,0.0,0.0,-0.0368,0.0368,0.0,0.0188,0.0,0.0,0.0,13056.0,0.0,0.052000000000000005
2299730483,9,0,0.024,0.047,0.0,0.0,0.0,-0.0368,0.0368,0.0,0.0187,0.0,0.0,0.0,16009.0,0.0,0.052000000000000005
2299734786,9,0,0.02,0.044,-0.001,0.0,0.0,-0.0368,0.0368,0.0,0.018500000000000003,0.0,0.0,0.0,20312.0,0.0,0.052000000000000005
2299739488,9,0,0.018000000000000002,0.041,0.003,0.0,0.0,-0.0368,0.0368,0.0,0.0183,0.0,0.0,0.0,25014.0,0.0,0.052000000000000005
2299743541,9,0,0.014,0.037,-0.006,0.0,0.0,-0.0368,0.0368,0.0,0.0182,0.0,0.0,0.0,0.0,0.0,0.052000000000000005
2299746495,9,0,0.014,0.036000000000000004,-0.005,0.0,0.0,-0.0368,0.0368,0.0,0.018000000000000002,0.0,0.0,0.0,2954.0,0.0,0.052000000000000005
2299751497,9,0,0.01,0.024,-0.001,0.0,0.0,-0.0368,0.0368,0.0,0.0178,0.0,0.0,0.0,7956.0,0.0,0.052000000000000005
2299756538,9,0,0.004,0.016,-0.008,0.0,0.0,-0.0368,0.0368,0.0,0.0177,0.0,0.0,0.0,12997.0,0.0,0.052000000000000005
2299758557,9,0,-0.001,0.013000000000000001,-0.01,0.0,0.0,-0.0368,0.0368,0.0,0.0176,0.0,0.0,0.0,15016.0,0.0,0.052000000000000005
2299763557,9,0,-0.004,0.004,-0.004,0.0,0.0,-0.0368,0.0368,0.0,0.0175,0.0,0.0,0.0,20016.0,0.0,0.052000000000000005
2299765578,9,0,-0.006,0.003,-0.004,0.0,0.0,-0.0368,0.0368,0.0,0.0175,0.0,0.0,0.0,22037.0,0.0,0.052000000000000005
2299771518,9,0,-0.025,-0.014,-0.003,0.0,0.0,-0.0368,0.0368,0.0,0.017400000000000002,0.0,0.0,0.0,0.0,0.0,0.052000000000000005
2299776551,9,0,-0.029,-0.018000000000000002,-0.002,0.0,0.0,-0.0368,0.0368,0.0,0.0173,0.0,0.0,0.0,5033.0,0.0,0.052000000000000005
2299778572,9,0,-0.028,-0.016,0.003,0.0,0.0,-0.0368,0.0368,0.0,0.0173,0.0,0.0,0.0,7054.0,0.0,0.052000000000000005
2299783569,9,0,-0.041,-0.019,-0.001,0.0,0.0,-0.0368,0.0368,0.0,0.0172,0.0,0.0,0.0,12051.0,0.0,0.052000000000000005
2299785660,9,0,-0.043000000000000003,-0.018000000000000002,-0.004,0.0,0.0,-0.0368,0.0368,0.0,0.0172,0.0,0.0,0.0,14142.0,0.0,0.052000000000000005
2299791529,9,0,-0.045,-0.02,0.006,0.0,0.0,-0.0368,0.0368,0.0,0.0171,0.0,0.0,0.0,20011.0,0.0,0.052000000000000005
2299793581,9,0,-0.044,-0.021,0.001,0.0,0.0,-0.0368,0.0368,0.0,0.0171,0.0,0.0,0.0,22063.0,0.0,0.052000000000000005
2299798726,9,0,-0.053,-0.015,-0.002,0.0,0.0,-0.0368,0.0368,0.0,0.017,0.0,0.0,0.0,0.0,0.0,0.052000000000000005
2299803588,9,0,-0.056,-0.019,0.002,0.0,0.0,-0.0368,0.0368,0.0,0.017,0.0,0.0,0.0,4862.0,0.0,0.052000000000000005
2299806544,9,0,-0.062,-0.018000000000000002,0.005,0.0,0.0,-0.0368,0.0368,0.0,0.016900000000000002,0.0,0.0,0.0,7818.0,0.0,0.052000000000000005
2299811546,9,0,-0.059000000000000004,-0.011,0.003,0.0,0.0,-0.0368,0.0368,0.0,0.016800000000000002,0.0,0.0,0.0,12820.0,0.0,0.052000000000000005
2299813596,9,0,-0.055,-0.009000000000000001,0.0,0.0,0.0,-0.0368,0.0368,0.0,0.016800000000000002,0.0,0.0,0.0,14870.0,0.0,0.052000000000000005
2299818600,9,0,-0.052000000000000005,-0.005,0.001,0.0,0.0,-0.0368,0.0368,0.0,0.0166,0.0,0.0,0.0,19874.0,0.0,0.052000000000000005
2299823601,9,0,-0.051000000000000004,0.0,-0.001,0.0,0.0,-0.0368,0.0368,0.0,0.0165,0.0,0.0,0.0,24875.0,0.0,0.052000000000000005
2299826557,9,0,-0.049,0.006,-0.001,0.0,0.0,-0.0368,0.0368,0.0,0.016300000000000002,0.0,0.0,0.0,0.0,0.0,0.052000000000000005
2299830725,9,0,-0.044,0.007,0.004,0.0,0.0,-0.0368,0.0368,0.0,0.0162,0.0,0.0,0.0,4168.0,0.0,0.052000000000000005
2299833609,9,0,-0.044,0.009000000000000001,-0.001,0.0,0.0,-0.0368,0.0368,0.0,0.0161,0.0,0.0,0.0,7052.0,0.0,0.052000000000000005
2299838609,9,0,-0.032,0.017,0.003,0.0,0.0,-0.0368,0.0368,0.0,0.0159,0.0,0.0,0.0,12052.0,0.0,0.052000000000000005
2299841570,9,0,-0.026000000000000002,0.024,0.0,0.0,0.0,-0.0368,0.0368,0.0,0.0158,0.0,0.0,0.0,15013.0,0.0,0.052000000000000005
2299846573,9,0,-0.019,0.023,0.006,0.0,0.0,-0.0368,0.0368,0.0,0.0155,0.0,0.0,0.0,20016.0,0.0,0.052000000000000005
2299851574,9,0,-0.014,0.028,-0.003,0.0,0.0,-0.0368,0.0368,0.0,0.015300000000000001,0.0,0.0,0.0,25017.0,0.0,0.052000000000000005
2299853624,9,0,-0.012,0.031,-0.001,0.0,0.0,-0.0368,0.0368,0.0,0.0152,0.0,0.0,0.0,0.0,0.0,0.052000000000000005
2299858645,9,0,-0.001,0.031,0.0,0.0,0.0,-0.0368,0.0368,0.0,0.0149,0.0,0.0,0.0,5021.0,0.0,0.052000000000000005
2299861572,9,0,0.002,0.032,0.0,0.0,0.0,-0.0368,0.0368,0.0,0.0148,0.0,0.0,0.0,7948.0,0.0,0.052000000000000005
2299866588,9,0,0.015,0.035,0.001,0.0,0.0,-0.0368,0.0368,0.0,0.0146,0.0,0.0,0.0,12964.0,0.0,0.052000000000000005
2299871590,9,0,0.017,0.036000000000000004,-0.003,0.0,0.0,-0.0368,0.0368,0.0,0.014400000000000001,0.0,0.0,0.0,17966.0,0.0,0.052000000000000005
2299873634,9,0,0.019,0.036000000000000004,-0.004,0.0,0.0,-0.0368,0.0368,0.0,0.014400000000000001,0.0,0.0,0.0,20010.0,0.0,0.052000000000000005
2299878642,9,0,0.022,0.035,0.002,0.0,0.0,-0.0368,0.0368,0.0,0.0143,0.0,0.0,0.0,25018.0,0.0,0.052000000000000005
2299881596,9,0,0.023,0.029,-0.002,0.0,0.0,-0.0368,0.0368,0.0,0.0142,0.0,0.0,0.0,0.0,0.0,0.052000000000000005
2299885772,9,0,0.03,0.028,-0.001,0.0,0.0,-0.0368,0.0368,0.0,0.0142,0.0,0.0,0.0,4176.0,0.0,0.052000000000000005
2299891606,9,0,0.025,0.026000000000000002,-0.005,0.0,0.0,-0.0368,0.0368,0.0,0.014100000000000001,0.0,0.0,0.0,10010.0,0.0,0.052000000000000005
2299894740,9,0,0.027,0.021,-0.006,0.0,0.0,-0.0368,0.0368,0.0,0.014100000000000001,0.0,0.0,0.0,13144.0,0.0,0.052000000000000005
2299897605,9,0,0.023,0.016,-0.002,0.0,0.0,-0.0368,0.0368,0.0,0.0142,0.0,0.0,0.0,16009.0,0.0,0.052000000000000005
2299901611,9,0,0.017,0.016,-0.003,0.0,0.0,-0.0368,0.0368,0.0,0.0142,0.0,0.0,0.0,20015.0,0.0,0.052000000000000005
2299906616,9,0,0.016,0.014,-0.004,0.0,0.0,-0.0368,0.0368,0.0,0.0142,0.0,0.0,0.0,25020.0,0.0,0.052000000000000005
2299911618,9,0,0.009000000000000001,0.005,0.002,0.0,0.0,-0.0368,0.0368,0.0,0.0142,0.0,0.0,0.0,0.0,0.0,0.052000000000000005
2299913668,9,0,0.006,0.002,0.005,0.0,0.0,-0.0368,0.0368,0.0,0.0143,0.0,0.0,0.0,2050.0,0.0,0.052000000000000005
2299918671,9,0,-0.001,-0.003,0.001,0.0,0.0,-0.0368,0.0368,0.0,0.0143,0.0,0.0,0.0,7053.0,0.0,0.052000000000000005
2299921625,9,0,-0.01,-0.004,-0.005,0.0,0.0,-0.0368,0.0368,0.0,0.014400000000000001,0.0,0.0,0.0,10007.0,0.0,0.052000000000000005
2299926743,9,0,-0.01,-0.009000000000000001,0.0,0.0,0.0,-0.0368,0.0368,0.0,0.014400000000000001,0.0,0.0,0.0,15125.0,0.0,0.052000000000000005
2299929632,9,0,-0.013000000000000001,-0.013000000000000001,0.002,0.0,0.0,-0.0368,0.0368,0.0,0.014400000000000001,0.0,0.0,0.0,18014.0,0.0,0.052000000000000005
2299934683,9,0,-0.021,-0.016,0.001,0.0,0.0,-0.0368,0.0368,0.0,0.0145,0.0,0.0,0.0,23065.0,0.0,0.052000000000000005
2299937636,9,0,-0.021,-0.024,0.001,0.0,0.0,-0.0368,0.0368,0.0,0.0145,0.0,0.0,0.0,0.0,0.0,0.052000000000000005
2299941642,9,0,-0.025,-0.026000000000000002,-0.002,0.0,0.0,-0.0368,0.0368,0.0,0.0145,0.0,0.0,0.0,4006.0,0.0,0.052000000000000005
2299946644,9,0,-0.024,-0.026000000000000002,0.002,0.0,0.0,-0.0368,0.0368,0.0,0.0145,0.0,0.0,0.0,9008.0,0.0,0.052000000000000005
2299951646,9,0,-0.025,-0.034,-0.004,0.0,0.0,-0.0368,0.0368,0.0,0.014400000000000001,0.0,0.0,0.0,14010.0,0.0,0.052000000000000005
2299953684,9,0,-0.025,-0.036000000000000004,-0.002,0.0,0.0,-0.0368,0.0368,0.0,0.014400000000000001,0.0,0.0,0.0,16048.0,0.0,0.052000000000000005
2299958753,9,0,-0.025,-0.037,-0.004,0.0,0.0,-0.0368,0.0368,0.0,0.014400000000000001,0.0,0.0,0.0,21117.0,0.0,0.052000000000000005
2299961653,9,0,-0.027,-0.037,-0.001,0.0,0.0,-0.0368,0.0368,0.0,0.014400000000000001,0.0,0.0,0.0,24017.0,0.0,0.052000000000000005
2299966657,9,0,-0.014,-0.041,0.001,0.0,0.0,-0.0368,0.0368,0.0,0.014400000000000001,0.0,0.0,0.0,0.0,0.0,0.052000000000000005
2299971660,9,0,-0.014,-0.042,0.0,0.0,0.0,-0.0368,0.0368,0.0,0.014400000000000001,0.0,0.0,0.0,5003.0,0.0,0.052000000000000005
2299973746,9,0,-0.013000000000000001,-0.041,0.0,0.0,0.0,-0.0368,0.0368,0.0,0.014400000000000001,0.0,0.0,0.0,7089.0,0.0,0.052000000000000005
2299978750,9,0,-0.002,-0.039,0.003,0.0,0.0,-0.0368,0.0368,0.0,0.014400000000000001,0.0,0.0,0.0,12093.0,0.0,0.052000000000000005
2299981668,9,0,0.005,-0.039,0.002,0.0,0.0,-0.0368,0.0368,0.0,0.0145,0.0,0.0,0.0,15011.0,0.0,0.052000000000000005
2299985773,9,0,0.013000000000000001,-0.034,0.005,0.0,0.0,-0.0368,0.0368,0.0,0.0145,0.0,0.0,0.0,19116.0,0.0,0.052000000000000005
2299990745,9,0,0.017,-0.03,-0.004,0.0,0.0,-0.0368,0.0368,0.0,0.0146,0.0,0.0,0.0,24088.0,0.0,0.052000000000000005
2299993571,9,0,0.019,-0.032,-0.005,0.0,0.0,-0.0368,0.0368,0.0,0.014700000000000001,0.0,0.0,0.0,0.0,0.0,0.052000000000000005
2299997678,9,0,0.027,-0.03,-0.001,0.0,0.0,-0.0368,0.0368,0.0,0.0148,0.0,0.0,0.0,4107.0,0.0,0.052000000000000005
2300002687,9,0,0.034,-0.024,-0.004,0.0,0.0,-0.0368,0.0368,0.0,0.015000000000000001,0.0,0.0,0.0,9116.0,0.0,0.052000000000000005
2300005680,9,0,0.032,-0.023,-0.002,0.0,0.0,-0.0368,0.0368,0.0,0.0151,0.0,0.0,0.0,12109.0,0.0,0.052000000000000005
2300010680,9,0,0.042,-0.013000000000000001,0.003,0.0,0.0,-0.0368,0.0368,0.0,0.015300000000000001,0.0,0.0,0.0,17109.0,0.0,0.052000000000000005
2300014683,9,0,0.045,-0.015,-0.004,0.0,0.0,-0.0368,0.0368,0.0,0.0154,0.0,0.0,0.0,21112.0,0.0,0.052000000000000005
2300018768,9,0,0.048,-0.01,-0.002,0.0,0.0,-0.0368,0.0368,0.0,0.015600000000000001,0.0,0.0,0.0,25197.0,0.0,0.052000000000000005
2300021573,9,0,0.05,-0.01,-0.002,0.0,0.0,-0.0368,0.0368,0.0,0.015700000000000002,0.0,0.0,0.0,0.0,0.0,0.052000000000000005
2300026573,9,0,0.051000000000000004,-0.008,0.001,0.0,0.0,-0.0368,0.0368,0.0,0.016,0.0,0.0,0.0,5000.0,0.0,0.052000000000000005
2300030574,9,0,0.052000000000000005,-0.005,0.001,0.0,0.0,-0.0368,0.0368,0.0,0.0162,0.0,0.0,0.0,9001.0,0.0,0.052000000000000005
2300035680,9,0,0.045,-0.002,-0.002,0.0,0.0,-0.0368,0.0368,0.0,0.0164,0.0,0.0,0.0,14107.0,0.0,0.052000000000000005
2300037742,9,0,0.046,0.0,-0.001,0.0,0.0,-0.0368,0.0368,0.0,0.0165,0.0,0.0,0.0,16169.0,0.0,0.052000000000000005
2300041748,9,0,0.045,-0.002,-0.002,0.0,0.0,-0.0368,0.0368,0.0,0.0167,0.0,0.0,0.0,20175.0,0.0,0.052000000000000005
2300046573,9,0,0.041,-0.001,-0.002,0.0,0.0,-0.0368,0.0368,0.0,0.016900000000000002,0.0,0.0,0.0,25000.0,0.0,0.052000000000000005
2300050750,9,0,0.037,-0.004,-0.002,0.0,0.0,-0.0368,0.0368,0.0,0.017,0.0,0.0,0.0,0.0,0.0,0.052000000000000005
2300054936,9,0,0.029,-0.006,-0.003,0.0,0.0,-0.0368,0.0368,0.0,0.0172,0.0,0.0,0.0,4186.0,0.0,0.052000000000000005
2300057571,9,0,0.03,-0.008,-0.002,0.0,0.0,-0.0368,0.0368,0.0,0.0172,0.0,0.0,0.0,6821.0,0.0,0.052000000000000005
2300061762,9,0,0.028,-0.011,0.003,0.0,0.0,-0.0368,0.0368,0.0,0.0173,0.0,0.0,0.0,11012.0,0.0,0.052000000000000005
2300066574,9,0,0.023,-0.012,0.003,0.0,0.0,-0.0368,0.0368,0.0,0.017400000000000002,0.0,0.0,0.0,15824.0,0.0,0.052000000000000005
2300071567,9,0,0.024,-0.022,0.003,0.0,0.0,-0.0368,0.0368,0.0,0.0175,0.0,0.0,0.0,20817.0,0.0,0.052000000000000005
2300073569,9,0,0.022,-0.023,0.002,0.0,0.0,-0.0368,0.0368,0.0,0.0176,0.0,0.0,0.0,22819.0,0.0,0.052000000000000005
2300077572,9,0,0.019,-0.027,0.002,0.0,0.0,-0.0368,0.0368,0.0,0.0176,0.0,0.0,0.0,0.0,0.0,0.052000000000000005
2300081770,9,0,0.018000000000000002,-0.038,-0.001,0.0,0.0,-0.0368,0.0368,0.0,0.0177,0.0,0.0,0.0,4198.0,0.0,0.052000000000000005
2300086574,9,0,0.016,-0.036000000000000004,0.004,0.0,0.0,-0.0368,0.0368,0.0,0.0178,0.0,0.0,0.0,9002.0,0.0,0.052000000000000005
2300090784,9,0,0.008,-0.046,-0.001,0.0,0.0,-0.0368,0.0368,0.0,0.0179,0.0,0.0,0.0,13212.0,0.0,0.052000000000000005
2300093577,9,0,0.009000000000000001,-0.046,0.0,0.0,0.0,-0.0368,0.0368,0.0,0.0179,0.0,0.0,0.0,16005.0,0.0,0.052000000000000005
2300097786,9,0,0.018000000000000002,-0.054,0.003,0.0,0.0,-0.0368,0.0368,0.0,0.018000000000000002,0.0,0.0,0.0,20214.0,0.0,0.052000000000000005
2300102577,9,0,0.024,-0.06,0.001,0.0,0.0,-0.0368,0.0368,0.0,0.0182,0.0,0.0,0.0,25005.0,0.0,0.052000000000000005
2300107572,9,0,0.028,-0.056,0.003,0.0,0.0,-0.0368,0.0368,0.0,0.0184,0.0,0.0,0.0,0.0,0.0,0.052000000000000005
2300109787,9,0,0.02,-0.058,0.0,0.0,0.0,-0.0368,0.0368,0.0,0.018600000000000002,0.0,0.0,0.0,2215.0,0.0,0.052000000000000005
2300113817,9,0,0.013000000000000001,-0.062,-0.002,0.0,0.0,-0.0368,0.0368,0.0,0.0187,0.0,0.0,0.0,6245.0,0.0,0.052000000000000005
2300118993,9,0,0.017,-0.063,0.004,0.0,0.0,-0.0368,0.0368,0.0,0.0189,0.0,0.0,0.0,11421.0,0.0,0.052000000000000005
2300121571,9,0,0.016,-0.063,0.001,0.0,0.0,-0.0368,0.0368,0.0,0.019,0.0,0.0,0.0,13999.0,0.0,0.052000000000000005
2300125804,9,0,0.021,-0.064,0.005,0.0,0.0,-0.0368,0.0368,0.0,0.0193,0.0,0.0,0.0,18232.0,0.0,0.052000000000000005
2300129806,9,0,0.02,-0.059000000000000004,0.008,0.0,0.0,-0.0368,0.0368,0.0,0.0195,0.0,0.0,0.0,22234.0,0.0,0.052000000000000005
2300133817,9,0,0.029,-0.053,0.006,0.0,0.0,-0.0368,0.0368,0.0,0.019700000000000002,0.0,0.0,0.0,0.0,0.0,0.052000000000000005
2300138605,9,0,0.036000000000000004,-0.053,0.0,0.0,0.0,-0.0368,0.0368,0.0,0.0199,0.0,0.0,0.0,4788.0,0.0,0.052000000000000005
2300142815,9,0,0.027,-0.046,-0.009000000000000001,0.0,0.0,-0.0368,0.0368,0.0,0.020200000000000003,0.0,0.0,0.0,8998.0,0.0,0.052000000000000005
2300147577,9,0,0.02,-0.045,-0.012,0.0,0.0,-0.0368,0.0368,0.0,0.0205,0.0,0.0,0.0,13760.0,0.0,0.052000000000000005
2300150578,9,0,0.022,-0.039,-0.011,0.0,0.0,-0.0368,0.0368,0.0,0.0206,0.0,0.0,0.0,16761.0,0.0,0.052000000000000005
2300154816,9,0,0.019,-0.027,-0.005,0.0,0.0,-0.0368,0.0368,0.0,0.020900000000000002,0.0,0.0,0.0,20999.0,0.0,0.052000000000000005
2300158820,9,0,0.024,-0.026000000000000002,0.002,0.0,0.0,-0.0368,0.0368,0.0,0.0211,0.0,0.0,0.0,25003.0,0.0,0.052000000000000005
2300163576,9,0,0.024,-0.015,0.007,0.0,0.0,-0.0368,0.0368,0.0,0.0212,0.0,0.0,0.0,0.0,0.0,0.052000000000000005
2300165577,9,0,0.02,-0.015,0.006,0.0,0.0,-0.0368,0.0368,0.0,0.0213,0.0,0.0,0.0,2001.0,0.0,0.052000000000000005
2300169826,9,0,0.024,-0.015,0.006,0.0,0.0,-0.0368,0.0368,0.0,0.021400000000000002,0.0,0.0,0.0,6250.0,0.0,0.052000000000000005
2300174817,9,0,0.017,-0.008,0.001,0.0,0.0,-0.0368,0.0368,0.0,0.021500000000000002,0.0,0.0,0.0,11241.0,0.0,0.052000000000000005
2300179576,9,0,0.021,-0.003,-0.003,0.0,0.0,-0.0368,0.0368,0.0,0.0216,0.0,0.0,0.0,16000.0,0.0,0.052000000000000005
2300181576,9,0,0.027,-0.005,-0.004,0.0,0.0,-0.0368,0.0368,0.0,0.0216,0.0,0.0,0.0,18000.0,0.0,0.052000000000000005
2300185948,9,0,0.029,0.001,0.002,0.0,0.0,-0.0368,0.0368,0.0,0.0217,0.0,0.0,0.0,22372.0,0.0,0.052000000000000005
2300190578,9,0,0.027,0.0,-0.001,0.0,0.0,-0.0368,0.0368,0.0,0.0217,0.0,0.0,0.0,0.0,0.0,0.052000000000000005
2300194578,9,0,0.023,0.003,-0.001,0.0,0.0,-0.0368,0.0368,0.0,0.0218,0.0,0.0,0.0,4000.0,0.0,0.052000000000000005
2300198823,9,0,0.025,-0.001,0.002,0.0,0.0,-0.0368,0.0368,0.0,0.0218,0.0,0.0,0.0,8245.0,0.0,0.052000000000000005
2300201577,9,0,0.024,0.0,0.001,0.0,0.0,-0.0368,0.0368,0.0,0.0218,0.0,0.0,0.0,10999.0,0.0,0.052000000000000005
2300206578,9,0,0.017,0.003,-0.004,0.0,0.0,-0.0368,0.0368,0.0,0.0218,0.0,0.0,0.0,16000.0,0.0,0.052000000000000005
2300211576,9,0,0.026000000000000002,-0.003,-0.001,0.0,0.0,-0.0368,0.0368,0.0,0.0217,0.0,0.0,0.0,20998.0,0.0,0.052000000000000005
2300214578,9,0,0.025,-0.005,-0.001,0.0,0.0,-0.0368,0.0368,0.0,0.0217,0.0,0.0,0.0,24000.0,0.0,0.052000000000000005
2300218837,9,0,0.03,-0.005,-0.001,0.0,0.0,-0.0368,0.0368,0.0,0.0217,0.0,0.0,0.0,0.0,0.0,0.052000000000000005
2300221577,9,0,0.03,-0.009000000000000001,-0.003,0.0,0.0,-0.0368,0.0368,0.0,0.0217,0.0,0.0,0.0,2740.0,0.0,0.052000000000000005
2300226577,9,0,0.028,-0.015,-0.004,0.0,0.0,-0.0368,0.0368,0.0,0.0218,0.0,0.0,0.0,7740.0,0.0,0.052000000000000005
2300231574,9,0,0.021,-0.015,0.002,0.0,0.0,-0.0368,0.0368,0.0,0.0218,0.0,0.0,0.0,12737.0,0.0,0.052000000000000005
2300233847,9,0,0.017,-0.016,-0.003,0.0,0.0,-0.0368,0.0368,0.0,0.0219,0.0,0.0,0.0,15010.0,0.0,0.052000000000000005
2300238571,9,0,0.014,-0.02,-0.002,0.0,0.0,-0.0368,0.0368,0.0,0.0219,0.0,0.0,0.0,19734.0,0.0,0.052000000000000005
2300242815,9,0,0.01,-0.022,-0.001,0.0,0.0,-0.0368,0.0368,0.0,0.022000000000000002,0.0,0.0,0.0,23978.0,0.0,0.052000000000000005
2300245571,9,0,0.009000000000000001,-0.026000000000000002,0.001,0.0,0.0,-0.0368,0.0368,0.0,0.0221,0.0,0.0,0.0,0.0,0.0,0.052000000000000005
2300249822,9,0,0.004,-0.029,0.0,0.0,0.0,-0.0368,0.0368,0.0,0.0222,0.0,0.0,0.0,4251.0,0.0,0.052000000000000005
2300254816,9,0,0.002,-0.028,-0.003,0.0,0.0,-0.0368,0.0368,0.0,0.0223,0.0,0.0,0.0,9245.0,0.0,0.052000000000000005
2300258867,9,0,-0.002,-0.029,0.001,0.0,0.0,-0.0368,0.0368,0.0,0.0224,0.0,0.0,0.0,13296.0,0.0,0.052000000000000005
2300261571,9,0,-0.004,-0.029,0.002,0.0,0.0,-0.0368,0.0368,0.0,0.0224,0.0,0.0,0.0,16000.0,0.0,0.052000000000000005
2300265571,9,0,-0.004,-0.028,-0.002,0.0,0.0,-0.0368,0.0368,0.0,0.022500000000000003,0.0,0.0,0.0,20000.0,0.0,0.052000000000000005
2300269830,9,0,-0.009000000000000001,-0.024,0.002,0.0,0.0,-0.0368,0.0368,0.0,0.022600000000000002,0.0,0.0,0.0,24259.0,0.0,0.052000000000000005
2300273877,9,0,-0.011,-0.021,0.003,0.0,0.0,-0.0368,0.0368,0.0,0.0227,0.0,0.0,0.0,0.0,0.0,0.052000000000000005
2300278574,9,0,-0.013000000000000001,-0.024,0.005,0.0,0.0,-0.0368,0.0368,0.0,0.0227,0.0,0.0,0.0,4697.0,0.0,0.052000000000000005
2300282839,9,0,-0.024,-0.019,0.003,0.0,0.0,-0.0368,0.0368,0.0,0.0228,0.0,0.0,0.0,8962.0,0.0,0.052000000000000005
2300285685,9,0,-0.022,-0.014,0.003,0.0,0.0,-0.0368,0.0368,0.0,0.0228,0.0,0.0,0.0,11808.0,0.0,0.052000000000000005
2300289840,9,0,-0.016,-0.013000000000000001,0.003,0.0,0.0,-0.0368,0.0368,0.0,0.0228,0.0,0.0,0.0,15963.0,0.0,0.052000000000000005
2300293891,9,0,-0.014,-0.016,0.002,0.0,0.0,-0.0368,0.0368,0.0,0.0228,0.0,0.0,0.0,20014.0,0.0,0.052000000000000005
2300298577,9,0,-0.013000000000000001,-0.006,-0.003,0.0,0.0,-0.0368,0.0368,0.0,0.0228,0.0,0.0,0.0,24700.0,0.0,0.052000000000000005
2300302852,9,0,-0.013000000000000001,-0.003,-0.004,0.0,0.0,-0.0368,0.0368,0.0,0.0227,0.0,0.0,0.0,0.0,0.0,0.052000000000000005
2300305571,9,0,-0.013000000000000001,-0.003,-0.002,0.0,0.0,-0.0368,0.0368,0.0,0.0227,0.0,0.0,0.0,2719.0,0.0,0.052000000000000005
2300310574,9,0,-0.014,-0.002,0.003,0.0,0.0,-0.0368,0.0368,0.0,0.022600000000000002,0.0,0.0,0.0,7722.0,0.0,0.052000000000000005
2300314862,9,0,-0.008,0.0,-0.001,0.0,0.0,-0.0368,0.0368,0.0,0.022500000000000003,0.0,0.0,0.0,12010.0,0.0,0.052000000000000005
2300318912,9,0,-0.01,0.003,0.0,0.0,0.0,-0.0368,0.0368,0.0,0.0224,0.0,0.0,0.0,16060.0,0.0,0.052000000000000005
2300321570,9,0,-0.005,0.005,0.0,0.0,0.0,-0.0368,0.0368,0.0,0.0224,0.0,0.0,0.0,18718.0,0.0,0.052000000000000005
2300326570,9,0,-0.001,0.008,0.0,0.0,0.0,-0.0368,0.0368,0.0,0.0223,0.0,0.0,0.0,23718.0,0.0,0.052000000000000005
2300330872,9,0,0.004,0.007,-0.003,0.0,0.0,-0.0368,0.0368,0.0,0.0221,0.0,0.0,0.0,0.0,0.0,0.052000000000000005
2300335686,9,0,0.003,0.01,-0.001,0.0,0.0,-0.0368,0.0368,0.0,0.022000000000000002,0.0,0.0,0.0,4814.0,0.0,0.052000000000000005
2300337885,9,0,0.005,0.015,0.001,0.0,0.0,-0.0368,0.0368,0.0,0.0219,0.0,0.0,0.0,7013.0,0.0,0.052000000000000005
2300342574,9,0,0.015,0.014,-0.001,0.0,0.0,-0.0368,0.0368,0.0,0.0219,0.0,0.0,0.0,11702.0,0.0,0.052000000000000005
2300346883,9,0,0.016,0.011,-0.007,0.0,0.0,-0.0368,0.0368,0.0,0.0218,0.0,0.0,0.0,16011.0,0.0,0.052000000000000005
2300351526,9,0,0.014,0.012,-0.006,0.0,0.0,-0.0368,0.0368,0.0,0.0218,0.0,0.0,0.0,20654.0,0.0,0.052000000000000005
2300353571,9,0,0.013000000000000001,0.014,-0.004,0.0,0.0,-0.0368,0.0368,0.0,0.0218,0.0,0.0,0.0,22699.0,0.0,0.052000000000000005
2300357890,9,0,0.013000000000000001,0.012,0.0,0.0,0.0,-0.0368,0.0368,0.0,0.0217,0.0,0.0,0.0,0.0,0.0,0.052000000000000005
2300361896,9,0,0.004,0.008,-0.001,0.0,0.0,-0.0368,0.0368,0.0,0.0217,0.0,0.0,0.0,4006.0,0.0,0.052000000000000005
2300366572,9,0,0.011,0.01,-0.001,0.0,0.0,-0.0368,0.0368,0.0,0.0217,0.0,0.0,0.0,8682.0,0.0,0.052000000000000005
2300370899,9,0,0.007,0.008,-0.001,0.0,0.0,-0.0368,0.0368,0.0,0.0217,0.0,0.0,0.0,13009.0,0.0,0.052000000000000005
2300375013,9,0,0.006,0.008,0.0,0.0,0.0,-0.0368,0.0368,0.0,0.0217,0.0,0.0,0.0,17123.0,0.0,0.052000000000000005
2300377571,9,0,0.003,0.007,-0.003,0.0,0.0,-0.0368,0.0368,0.0,0.0217,0.0,0.0,0.0,19681.0,0.0,0.052000000000000005
2300381907,9,0,-0.004,0.01,-0.002,0.0,0.0,-0.0368,0.0368,0.0,0.0217,0.0,0.0,0.0,24017.0,0.0,0.052000000000000005
2300385966,9,0,-0.002,0.01,-0.002,0.0,0.0,-0.0368,0.0368,0.0,0.0217,0.0,0.0,0.0,0.0,0.0,0.052000000000000005
2300390914,9,0,-0.008,0.002,0.001,0.0,0.0,-0.0368,0.0368,0.0,0.0217,0.0,0.0,0.0,4948.0,0.0,0.052000000000000005
2300393572,9,0,-0.009000000000000001,0.004,0.003,0.0,0.0,-0.0368,0.0368,0.0,0.0217,0.0,0.0,0.0,7606.0,0.0,0.052000000000000005
2300397920,9,0,-0.017,0.008,0.002,0.0,0.0,-0.0368,0.0368,0.0,0.0216,0.0,0.0,0.0,11954.0,0.0,0.052000000000000005
2300402572,9,0,-0.021,0.002,0.002,0.0,0.0,-0.0368,0.0368,0.0,0.0216,0.0,0.0,0.0,16606.0,0.0,0.052000000000000005
2300407034,9,0,-0.026000000000000002,0.001,0.002,0.0,0.0,-0.0368,0.0368,0.0,0.021500000000000002,0.0,0.0,0.0,21068.0,0.0,0.052000000000000005
2300409569,9,0,-0.026000000000000002,0.001,0.003,0.0,0.0,-0.0368,0.0368,0.0,0.021500000000000002,0.0,0.0,0.0,23603.0,0.0,0.052000000000000005
2300413975,9,0,-0.03,-0.001,-0.003,0.0,0.0,-0.0368,0.0368,0.0,0.0213,0.0,0.0,0.0,0.0,0.0,0.052000000000000005
2300418982,9,0,-0.03,-0.001,-0.001,0.0,0.0,-0.0368,0.0368,0.0,0.0212,0.0,0.0,0.0,5007.0,0.0,0.052000000000000005
2300421569,9,0,-0.033,-0.002,0.0,0.0,0.0,-0.0368,0.0368,0.0,0.0212,0.0,0.0,0.0,7594.0,0.0,0.052000000000000005
2300425571,9,0,-0.03,-0.002,0.002,0.0,0.0,-0.0368,0.0368,0.0,0.021,0.0,0.0,0.0,11596.0,0.0,0.052000000000000005
2300429941,9,0,-0.032,-0.003,0.002,0.0,0.0,-0.0368,0.0368,0.0,0.020900000000000002,0.0,0.0,0.0,15966.0,0.0,0.052000000000000005
2300433993,9,0,-0.026000000000000002,-0.004,0.0,0.0,0.0,-0.0368,0.0368,0.0,0.020800000000000003,0.0,0.0,0.0,20018.0,0.0,0.052000000000000005
2300438574,9,0,-0.025,-0.008,0.002,0.0,0.0,-0.0368,0.0368,0.0,0.0207,0.0,0.0,0.0,24599.0,0.0,0.052000000000000005
2300443571,9,0,-0.032,-0.006,0.0,0.0,0.0,-0.0368,0.0368,0.0,0.0205,0.0,0.0,0.0,0.0,0.0,0.052000000000000005
2300445953,9,0,-0.027,-0.005,0.0,0.0,0.0,-0.0368,0.0368,0.0,0.0204,0.0,0.0,0.0,2382.0,0.0,0.052000000000000005
2300449955,9,0,-0.018000000000000002,-0.006,0.0,0.0,0.0,-0.0368,0.0368,0.0,0.020300000000000002,0.0,0.0,0.0,6384.0,0.0,0.052000000000000005
2300454005,9,0,-0.013000000000000001,-0.007,-0.001,0.0,0.0,-0.0368,0.0368,0.0,0.020200000000000003,0.0,0.0,0.0,10434.0,0.0,0.052000000000000005
2300458570,9,0,-0.013000000000000001,-0.005,0.001,0.0,0.0,-0.0368,0.0368,0.0,0.0201,0.0,0.0,0.0,14999.0,0.0,0.052000000000000005
2300462965,9,0,-0.009000000000000001,0.002,-0.002,0.0,0.0,-0.0368,0.0368,0.0,0.02,0.0,0.0,0.0,19394.0,0.0,0.052000000000000005
2300467572,9,0,-0.001,0.001,0.001,0.0,0.0,-0.0368,0.0368,0.0,0.0199,0.0,0.0,0.0,24001.0,0.0,0.052000000000000005
2300470574,9,0,-0.001,0.003,0.002,0.0,0.0,-0.0368,0.0368,0.0,0.0199,0.0,0.0,0.0,0.0,0.0,0.052000000000000005
2300474976,9,0,0.0,0.004,-0.001,0.0,0.0,-0.0368,0.0368,0.0,0.0198,0.0,0.0,0.0,4402.0,0.0,0.052000000000000005
2300477571,9,0,-0.003,0.006,0.0,0.0,0.0,-0.0368,0.0368,0.0,0.0198,0.0,0.0,0.0,6997.0,0.0,0.052000000000000005
2300482572,9,0,0.001,0.007,-0.001,0.0,0.0,-0.0368,0.0368,0.0,0.0198,0.0,0.0,0.0,11998.0,0.0,0.052000000000000005
2300485679,9,0,0.007,0.012,0.002,0.0,0.0,-0.0368,0.0368,0.0,0.0198,0.0,0.0,0.0,15105.0,0.0,0.052000000000000005
2300490572,9,0,0.005,0.011,0.0,0.0,0.0,-0.0368,0.0368,0.0,0.0198,0.0,0.0,0.0,19998.0,0.0,0.052000000000000005
2300494988,9,0,0.006,0.013000000000000001,0.001,0.0,0.0,-0.0368,0.0368,0.0,0.019700000000000002,0.0,0.0,0.0,24414.0,0.0,0.052000000000000005
2300499037,9,0,0.007,0.015,-0.003,0.0,0.0,-0.0368,0.0368,0.0,0.019700000000000002,0.0,0.0,0.0,0.0,0.0,0.052000000000000005
2300501571,9,0,0.008,0.018000000000000002,0.0,0.0,0.0,-0.0368,0.0368,0.0,0.019700000000000002,0.0,0.0,0.0,2534.0,0.0,0.052000000000000005
2300505571,9,0,0.002,0.018000000000000002,-0.001,0.0,0.0,-0.0368,0.0368,0.0,0.019700000000000002,0.0,0.0,0.0,6534.0,0.0,0.052000000000000005
2300509998,9,0,0.002,0.016,-0.001,0.0,0.0,-0.0368,0.0368,0.0,0.019700000000000002,0.0,0.0,0.0,10961.0,0.0,0.052000000000000005
2300514047,9,0,0.002,0.016,-0.001,0.0,0.0,-0.0368,0.0368,0.0,0.019700000000000002,0.0,0.0,0.0,15010.0,0.0,0.052000000000000005
2300519052,9,0,-0.002,0.014,0.002,0.0,0.0,-0.0368,0.0368,0.0,0.019700000000000002,0.0,0.0,0.0,20015.0,0.0,0.052000000000000005
2300521571,9,0,-0.005,0.015,0.002,0.0,0.0,-0.0368,0.0368,0.0,0.019700000000000002,0.0,0.0,0.0,22534.0,0.0,0.052000000000000005
2300525571,9,0,0.002,0.018000000000000002,0.0,0.0,0.0,-0.034800000000000005,0.034800000000000005,0.0,0.0196,0.0,0.0,0.0,0.0,0.0,0.0492
2300530011,9,0,-0.001,0.013000000000000001,0.002,0.0,0.0,-0.0328,0.0328,0.0,0.0196,0.0,0.0,0.0,4440.0,0.0,0.0465
2300534601,9,0,-0.004,0.009000000000000001,0.0,0.0,0.0,-0.0304,0.0304,0.0,0.0195,0.0,0.0,0.0,9030.0,0.0,0.043000000000000003
2300539066,9,0,-0.005,0.006,0.0,0.0,0.0,-0.0284,0.0284,0.0,0.0194,0.0,0.0,0.0,13495.0,0.0,0.0402
2300541572,9,0,-0.003,0.006,0.001,0.0,0.0,-0.027,0.027,0.0,0.0194,0.0,0.0,0.0,16001.0,0.0,0.0381
2300546030,9,0,-0.01,-0.001,-0.002,0.0,0.0,-0.025,0.025,0.0,0.0193,0.0,0.0,0.0,20459.0,0.0,0.0354
2300551028,9,0,-0.011,-0.003,-0.001,0.0,0.0,-0.022600000000000002,0.022600000000000002,0.0,0.019200000000000002,0.0,0.0,0.0,25457.0,0.0,0.031900000000000005
2300555031,9,0,-0.01,-0.006,-0.001,0.0,0.0,-0.0206,0.0206,0.0,0.019100000000000002,0.0,0.0,0.0,0.0,0.0,0.0291
2300559122,9,0,-0.012,-0.005,0.0,0.0,0.0,-0.0181,0.0181,0.0,0.019,0.0,0.0,0.0,4091.0,0.0,0.0257
2300563572,9,0,-0.017,-0.012,0.0,0.0,0.0,-0.0162,0.0162,0.0,0.0189,0.0,0.0,0.0,8541.0,0.0,0.0229
2300565573,9,0,-0.02,-0.016,0.0,0.0,0.0,-0.0152,0.0152,0.0,0.0189,0.0,0.0,0.0,10542.0,0.0,0.021500000000000002
2300570536,9,0,-0.014,-0.018000000000000002,0.003,0.0,0.0,-0.012700000000000001,0.012700000000000001,0.0,0.0188,0.0,0.0,0.0,15505.0,0.0,0.018000000000000002
2300574600,9,0,-0.012,-0.02,0.003,0.0,0.0,-0.0108,0.0108,0.0,0.0187,0.0,0.0,0.0,19569.0,0.0,0.015300000000000001
2300579094,9,0,-0.022,-0.025,-0.003,0.0,0.0,-0.0088,0.0088,0.0,0.018600000000000002,0.0,0.0,0.0,24063.0,0.0,0.0125
2300581571,9,0,-0.025,-0.024,-0.002,0.0,0.0,-0.0074,0.0074,0.0,0.018600000000000002,0.0,0.0,0.0,0.0,0.0,0.010400000000000001
2300585681,9,0,-0.03,-0.024,-0.002,0.0,0.0,-0.0054,0.0054,0.0,0.018500000000000003,0.0,0.0,0.0,4110.0,0.0,0.0076
2300590056,9,0,-0.016,-0.022,0.001,0.0,0.0,-0.0034000000000000002,0.0034000000000000002,0.0,0.018500000000000003,0.0,0.0,0.0,8485.0,0.0,0.0049
2300594600,9,0,-0.012,-0.018000000000000002,-0.001,0.0,0.0,-0.001,0.001,0.0,0.018500000000000003,0.0,0.0,0.0,13029.0,0.0,0.0014
2300599173,9,0,-0.06,-0.011,-0.005,0.0,0.0,0.0015,-0.0015,0.0,0.0184,0.0,0.0,0.0,17602.0,0.0,-0.0021000000000000003
2300601572,9,0,-0.07,-0.014,-0.011,0.0,0.0,0.0025,-0.0025,0.0,0.0183,0.0,0.0,0.0,20001.0,0.0,-0.0035
2300606065,9,0,-0.066,-0.02,-0.008,0.0,0.0,0.0044,-0.0044,0.0,0.018000000000000002,0.0,0.0,0.0,24494.0,0.0,-0.006200000000000001
2300610071,9,0,-0.046,0.0,0.017,0.0,0.0,0.0064,-0.0064,0.0,0.0179,0.0,0.0,0.0,0.0,0.0,-0.009000000000000001
2300614816,9,0,-0.035,0.012,0.013000000000000001,0.0,0.0,0.0088,-0.0088,0.0,0.0177,0.0,0.0,0.0,4745.0,0.0,-0.0125
2300619162,9,0,-0.032,0.023,0.007,0.0,0.0,0.011300000000000001,-0.011300000000000001,0.0,0.0176,0.0,0.0,0.0,9091.0,0.0,-0.0159
2300621572,9,0,-0.038,0.032,0.009000000000000001,0.0,0.0,0.0123,-0.0123,0.0,0.0175,0.0,0.0,0.0,11501.0,0.0,-0.0173
2300626081,9,0,-0.011,0.053,-0.013000000000000001,0.0,0.0,0.0142,-0.0142,0.0,0.0173,0.0,0.0,0.0,16010.0,0.0,-0.0201
2300630573,9,0,0.002,0.063,-0.03,0.0,0.0,0.0167,-0.0167,0.0,0.0172,0.0,0.0,0.0,20502.0,0.0,-0.0236
2300635682,9,0,-0.019,0.08600000000000001,-0.01,0.0,0.0,0.019100000000000002,-0.019100000000000002,0.0,0.017,0.0,0.0,0.0,25611.0,0.0,-0.027
2300638088,9,0,-0.028,0.085,-0.004,0.0,0.0,0.0201,-0.0201,0.0,0.016900000000000002,0.0,0.0,0.0,0.0,0.0,-0.0284
2300642090,9,0,-0.033,0.089,0.008,0.0,0.0,0.0221,-0.0221,0.0,0.0167,0.0,0.0,0.0,4002.0,0.0,-0.031200000000000002
2300646534,9,0,-0.012,0.093,0.031,0.0,0.0,0.0245,-0.0245,0.0,0.0164,0.0,0.0,0.0,8446.0,0.0,-0.0347
2300651138,9,0,0.007,0.082,0.035,0.0,0.0,0.027,-0.027,0.0,0.016,0.0,0.0,0.0,13050.0,0.0,-0.0381
2300655143,9,0,-0.005,0.074,0.017,0.0,0.0,0.028900000000000002,-0.028900000000000002,0.0,0.015700000000000002,0.0,0.0,0.0,17055.0,0.0,-0.0409
2300659191,9,0,0.0,0.063,0.002,0.0,0.0,0.0309,-0.0309,0.0,0.0154,0.0,0.0,0.0,21103.0,0.0,-0.0437
2300664193,9,0,0.0,0.058,-0.012,0.0,0.0,0.0333,-0.0333,0.0,0.0152,0.0,0.0,0.0,26105.0,0.0,-0.0471
2300666535,9,0,0.002,0.057,-0.023,0.0,0.0,0.034300000000000004,-0.034300000000000004,0.0,0.0151,0.0,0.0,0.0,0.0,0.0,-0.0485
2300671154,9,0,-0.003,0.04,-0.028,0.0,0.0,0.0368,-0.0368,0.0,0.0149,0.0,0.0,0.0,4619.0,0.0,-0.052000000000000005
2300676155,9,0,-0.01,0.033,-0.007,0.0,0.0,0.0368,-0.0368,0.0,0.014700000000000001,0.0,0.0,0.0,9620.0,0.0,-0.052000000000000005
2300678157,9,0,-0.014,0.03,-0.003,0.0,0.0,0.0368,-0.0368,0.0,0.0146,0.0,0.0,0.0,11622.0,0.0,-0.052000000000000005
2300682160,9,0,-0.01,0.028,-0.006,0.0,0.0,0.0368,-0.0368,0.0,0.014400000000000001,0.0,0.0,0.0,15625.0,0.0,-0.052000000000000005
2300686534,9,0,-0.003,0.025,-0.009000000000000001,0.0,0.0,0.0368,-0.0368,0.0,0.0142,0.0,0.0,0.0,19999.0,0.0,-0.052000000000000005
2300690571,9,0,-0.011,0.019,0.005,0.0,0.0,0.0368,-0.0368,0.0,0.014,0.0,0.0,0.0,24036.0,0.0,-0.052000000000000005
2300695239,9,0,-0.013000000000000001,0.0,-0.001,0.0,0.0,0.0368,-0.0368,0.0,0.0137,0.0,0.0,0.0,0.0,0.0,-0.052000000000000005
2300697569,9,0,-0.01,-0.001,-0.005,0.0,0.0,0.0368,-0.0368,0.0,0.0137,0.0,0.0,0.0,2330.0,0.0,-0.052000000000000005
2300702176,9,0,-0.002,-0.013000000000000001,-0.013000000000000001,0.0,0.0,0.0368,-0.0368,0.0,0.0135,0.0,0.0,0.0,6937.0,0.0,-0.052000000000000005
2300706570,9,0,-0.008,-0.025,0.0,0.0,0.0,0.0368,-0.0368,0.0,0.0134,0.0,0.0,0.0,11331.0,0.0,-0.052000000000000005
2300711182,9,0,-0.013000000000000001,-0.043000000000000003,-0.005,0.0,0.0,0.0368,-0.0368,0.0,0.0135,0.0,0.0,0.0,15943.0,0.0,-0.052000000000000005
2300715571,9,0,-0.026000000000000002,-0.05,0.002,0.0,0.0,0.0368,-0.0368,0.0,0.013600000000000001,0.0,0.0,0.0,20332.0,0.0,-0.052000000000000005
2300718151,9,0,-0.027,-0.059000000000000004,0.013000000000000001,0.0,0.0,0.0368,-0.0368,0.0,0.0137,0.0,0.0,0.0,22912.0,0.0,-0.052000000000000005
2300722534,9,0,-0.027,-0.064,0.02,0.0,0.0,0.0368,-0.0368,0.0,0.013800000000000002,0.0,0.0,0.0,0.0,0.0,-0.052000000000000005
2300727304,9,0,-0.027,-0.064,0.014,0.0,0.0,0.0368,-0.0368,0.0,0.014,0.0,0.0,0.0,4770.0,0.0,-0.052000000000000005
2300731568,9,0,-0.032,-0.062,0.011,0.0,0.0,0.0368,-0.0368,0.0,0.0142,0.0,0.0,0.0,9034.0,0.0,-0.052000000000000005
2300734247,9,0,-0.035,-0.063,0.006,0.0,0.0,0.0368,-0.0368,0.0,0.0142,0.0,0.0,0.0,11713.0,0.0,-0.052000000000000005
2300739250,9,0,-0.023,-0.058,-0.002,0.0,0.0,0.0368,-0.0368,0.0,0.014400000000000001,0.0,0.0,0.0,16716.0,0.0,-0.052000000000000005
2300743572,9,0,-0.014,-0.051000000000000004,-0.009000000000000001,0.0,0.0,0.0368,-0.0368,0.0,0.0145,0.0,0.0,0.0,21038.0,0.0,-0.052000000000000005
2300746171,9,0,-0.018000000000000002,-0.049,-0.013000000000000001,0.0,0.0,0.0368,-0.0368,0.0,0.0146,0.0,0.0,0.0,23637.0,0.0,-0.052000000000000005
2300750534,9,0,-0.012,-0.05,-0.011,0.0,0.0,0.0368,-0.0368,0.0,0.0148,0.0,0.0,0.0,0.0,0.0,-0.052000000000000005
2300755213,9,0,-0.004,-0.038,-0.004,0.0,0.0,0.0368,-0.0368,0.0,0.015000000000000001,0.0,0.0,0.0,4679.0,0.0,-0.052000000000000005
2300757569,9,0,-0.005,-0.031,-0.003,0.0,0.0,0.0368,-0.0368,0.0,0.0151,0.0,0.0,0.0,7035.0,0.0,-0.052000000000000005
2300762181,9,0,-0.001,-0.024,-0.001,0.0,0.0,0.0368,-0.0368,0.0,0.0152,0.0,0.0,0.0,11647.0,0.0,-0.052000000000000005
2300766235,9,0,-0.001,-0.019,0.006,0.0,0.0,0.0368,-0.0368,0.0,0.015300000000000001,0.0,0.0,0.0,15701.0,0.0,-0.052000000000000005
2300770533,9,0,0.004,-0.014,0.003,0.0,0.0,0.0368,-0.0368,0.0,0.015300000000000001,0.0,0.0,0.0,19999.0,0.0,-0.052000000000000005
2300775228,9,0,0.02,-0.001,0.01,0.0,0.0,0.0368,-0.0368,0.0,0.0154,0.0,0.0,0.0,24694.0,0.0,-0.052000000000000005
2300779244,9,0,0.028,0.006,0.013000000000000001,0.0,0.0,0.0368,-0.0368,0.0,0.0154,0.0,0.0,0.0,0.0,0.0,-0.052000000000000005
2300783533,9,0,0.035,0.009000000000000001,0.005,0.0,0.0,0.0368,-0.0368,0.0,0.0154,0.0,0.0,0.0,4289.0,0.0,-0.052000000000000005
2300785682,9,0,0.039,0.012,0.005,0.0,0.0,0.0368,-0.0368,0.0,0.0154,0.0,0.0,0.0,6438.0,0.0,-0.052000000000000005
2300790574,9,0,0.045,0.01,0.008,0.0,0.0,0.0368,-0.0368,0.0,0.0154,0.0,0.0,0.0,11330.0,0.0,-0.052000000000000005
2300795244,9,0,0.051000000000000004,0.009000000000000001,-0.004,0.0,0.0,0.0368,-0.0368,0.0,0.0155,0.0,0.0,0.0,16000.0,0.0,-0.052000000000000005
2300799294,9,0,0.048,0.013000000000000001,-0.003,0.0,0.0,0.0368,-0.0368,0.0,0.0155,0.0,0.0,0.0,20050.0,0.0,-0.052000000000000005
2300803570,9,0,0.055,0.014,-0.001,0.0,0.0,0.0368,-0.0368,0.0,0.0155,0.0,0.0,0.0,24326.0,0.0,-0.052000000000000005
2300806210,9,0,0.057,0.012,-0.001,0.0,0.0,0.0368,-0.0368,0.0,0.015600000000000001,0.0,0.0,0.0,0.0,0.0,-0.052000000000000005
2300810254,9,0,0.059000000000000004,0.011,-0.004,0.0,0.0,0.0368,-0.0368,0.0,0.015600000000000001,0.0,0.0,0.0,4044.0,0.0,-0.052000000000000005
2300814303,9,0,0.064,0.008,0.001,0.0,0.0,0.0368,-0.0368,0.0,0.015700000000000002,0.0,0.0,0.0,8093.0,0.0,-0.052000000000000005
2300819308,9,0,0.059000000000000004,0.002,0.0,0.0,0.0,0.0368,-0.0368,0.0,0.0158,0.0,0.0,0.0,13098.0,0.0,-0.052000000000000005
2300824308,9,0,0.06,0.002,-0.002,0.0,0.0,0.0368,-0.0368,0.0,0.0159,0.0,0.0,0.0,18098.0,0.0,-0.052000000000000005
2300826569,9,0,0.06,0.003,-0.005,0.0,0.0,0.0368,-0.0368,0.0,0.016,0.0,0.0,0.0,20359.0,0.0,-0.052000000000000005
2300831532,9,0,0.061,-0.002,-0.009000000000000001,0.0,0.0,0.0368,-0.0368,0.0,0.0161,0.0,0.0,0.0,25322.0,0.0,-0.052000000000000005
2300835681,9,0,0.045,0.0,-0.007,0.0,0.0,0.0368,-0.0368,0.0,0.0162,0.0,0.0,0.0,0.0,0.0,-0.052000000000000005
2300838236,9,0,0.038,-0.003,-0.005,0.0,0.0,0.0368,-0.0368,0.0,0.016300000000000002,0.0,0.0,0.0,2555.0,0.0,-0.052000000000000005
2300842533,9,0,0.036000000000000004,-0.009000000000000001,-0.002,0.0,0.0,0.0368,-0.0368,0.0,0.0164,0.0,0.0,0.0,6852.0,0.0,-0.052000000000000005
2300847282,9,0,0.018000000000000002,-0.019,0.004,0.0,0.0,0.0368,-0.0368,0.0,0.0166,0.0,0.0,0.0,11601.0,0.0,-0.052000000000000005
2300851538,9,0,0.005,-0.027,0.001,0.0,0.0,0.0368,-0.0368,0.0,0.016800000000000002,0.0,0.0,0.0,15857.0,0.0,-0.052000000000000005
2300854574,9,0,0.003,-0.029,-0.001,0.0,0.0,0.0368,-0.0368,0.0,0.016800000000000002,0.0,0.0,0.0,18893.0,0.0,-0.052000000000000005
2300859335,9,0,-0.009000000000000001,-0.039,-0.003,0.0,0.0,0.0368,-0.0368,0.0,0.0171,0.0,0.0,0.0,23654.0,0.0,-0.052000000000000005
2300864299,9,0,-0.013000000000000001,-0.047,-0.004,0.0,0.0,0.0368,-0.0368,0.0,0.0172,0.0,0.0,0.0,0.0,0.0,-0.052000000000000005
2300866306,9,0,-0.017,-0.05,-0.006,0.0,0.0,0.0368,-0.0368,0.0,0.0173,0.0,0.0,0.0,2007.0,0.0,-0.052000000000000005
2300870532,9,0,-0.02,-0.054,-0.007,0.0,0.0,0.0368,-0.0368,0.0,0.017400000000000002,0.0,0.0,0.0,6233.0,0.0,-0.052000000000000005
2300875302,9,0,-0.026000000000000002,-0.054,-0.009000000000000001,0.0,0.0,0.0368,-0.0368,0.0,0.0175,0.0,0.0,0.0,11003.0,0.0,-0.052000000000000005
2300879350,9,0,-0.034,-0.052000000000000005,-0.004,0.0,0.0,0.0368,-0.0368,0.0,0.0176,0.0,0.0,0.0,15051.0,0.0,-0.052000000000000005
2300883532,9,0,-0.034,-0.052000000000000005,0.004,0.0,0.0,0.0368,-0.0368,0.0,0.0177,0.0,0.0,0.0,19233.0,0.0,-0.052000000000000005
2300885681,9,0,-0.037,-0.053,0.004,0.0,0.0,0.0368,-0.0368,0.0,0.0177,0.0,0.0,0.0,21382.0,0.0,-0.052000000000000005
2300890309,9,0,-0.041,-0.052000000000000005,0.007,0.0,0.0,0.0368,-0.0368,0.0,0.0177,0.0,0.0,0.0,0.0,0.0,-0.052000000000000005
2300895314,9,0,-0.037,-0.042,0.012,0.0,0.0,0.0368,-0.0368,0.0,0.0177,0.0,0.0,0.0,5005.0,0.0,-0.052000000000000005
2300899366,9,0,-0.038,-0.04,0.006,0.0,0.0,0.0368,-0.0368,0.0,0.0176,0.0,0.0,0.0,9057.0,0.0,-0.052000000000000005
2300903532,9,0,-0.031,-0.039,0.001,0.0,0.0,0.0368,-0.0368,0.0,0.0176,0.0,0.0,0.0,13223.0,0.0,-0.052000000000000005
2300906317,9,0,-0.019,-0.034,0.002,0.0,0.0,0.0368,-0.0368,0.0,0.0175,0.0,0.0,0.0,16008.0,0.0,-0.052000000000000005
2300910324,9,0,-0.009000000000000001,-0.028,0.0,0.0,0.0,0.0368,-0.0368,0.0,0.0175,0.0,0.0,0.0,20015.0,0.0,-0.052000000000000005
2300914377,9,0,-0.005,-0.023,-0.002,0.0,0.0,0.0368,-0.0368,0.0,0.017400000000000002,0.0,0.0,0.0,24068.0,0.0,-0.052000000000000005
2300918570,9,0,-0.001,-0.02,-0.006,0.0,0.0,0.0368,-0.0368,0.0,0.017400000000000002,0.0,0.0,0.0,0.0,0.0,-0.052000000000000005
2300923531,9,0,0.007,-0.012,0.0,0.0,0.0,0.0368,-0.0368,0.0,0.017400000000000002,0.0,0.0,0.0,4961.0,0.0,-0.052000000000000005
2300927531,9,0,0.013000000000000001,-0.004,0.001,0.0,0.0,0.0368,-0.0368,0.0,0.0173,0.0,0.0,0.0,8961.0,0.0,-0.052000000000000005
2300931531,9,0,0.017,0.001,0.0,0.0,0.0,0.0368,-0.0368,0.0,0.0173,0.0,0.0,0.0,12961.0,0.0,-0.052000000000000005
2300935681,9,0,0.019,0.005,0.003,0.0,0.0,0.0368,-0.0368,0.0,0.0173,0.0,0.0,0.0,17111.0,0.0,-0.052000000000000005
2300938345,9,0,0.027,0.012,0.003,0.0,0.0,0.0368,-0.0368,0.0,0.0173,0.0,0.0,0.0,19775.0,0.0,-0.052000000000000005
2300943350,9,0,0.032,0.015,0.002,0.0,0.0,0.0368,-0.0368,0.0,0.0173,0.0,0.0,0.0,24780.0,0.0,-0.052000000000000005
2300947352,9,0,0.038,0.019,0.0,0.0,0.0,0.0368,-0.0368,0.0,0.0173,0.0,0.0,0.0,0.0,0.0,-0.052000000000000005
2300951466,9,0,0.039,0.025,0.002,0.0,0.0,0.0368,-0.0368,0.0,0.0173,0.0,0.0,0.0,4114.0,0.0,-0.052000000000000005
2300955531,9,0,0.041,0.033,0.003,0.0,0.0,0.0368,-0.0368,0.0,0.017400000000000002,0.0,0.0,0.0,8179.0,0.0,-0.052000000000000005
2300959531,9,0,0.038,0.031,-0.002,0.0,0.0,0.0368,-0.0368,0.0,0.017400000000000002,0.0,0.0,0.0,12179.0,0.0,-0.052000000000000005
2300963531,9,0,0.031,0.032,-0.002,0.0,0.0,0.0368,-0.0368,0.0,0.0175,0.0,0.0,0.0,16179.0,0.0,-0.052000000000000005
2300967531,9,0,0.028,0.034,-0.001,0.0,0.0,0.0368,-0.0368,0.0,0.0175,0.0,0.0,0.0,20179.0,0.0,-0.052000000000000005
2300971531,9,0,0.026000000000000002,0.036000000000000004,-0.001,0.0,0.0,0.0368,-0.0368,0.0,0.0175,0.0,0.0,0.0,24179.0,0.0,-0.052000000000000005
2300975531,9,0,0.02,0.033,-0.005,0.0,0.0,0.0368,-0.0368,0.0,0.0175,0.0,0.0,0.0,0.0,0.0,-0.052000000000000005
2300979531,9,0,0.014,0.037,0.0,0.0,0.0,0.0368,-0.0368,0.0,0.0175,0.0,0.0,0.0,4000.0,0.0,-0.052000000000000005
2300982574,9,0,0.008,0.036000000000000004,0.001,0.0,0.0,0.0368,-0.0368,0.0,0.0175,0.0,0.0,0.0,7043.0,0.0,-0.052000000000000005
2300985681,9,0,0.003,0.032,-0.001,0.0,0.0,0.0368,-0.0368,0.0,0.017400000000000002,0.0,0.0,0.0,10150.0,0.0,-0.052000000000000005
2300990383,9,0,-0.007,0.025,0.0,0.0,0.0,0.0368,-0.0368,0.0,0.0173,0.0,0.0,0.0,14852.0,0.0,-0.052000000000000005
2300995385,9,0,-0.008,0.02,-0.005,0.0,0.0,0.0368,-0.0368,0.0,0.0172,0.0,0.0,0.0,19854.0,0.0,-0.052000000000000005
2300999437,9,0,-0.016,0.019,-0.001,0.0,0.0,0.0368,-0.0368,0.0,0.0171,0.0,0.0,0.0,23906.0,0.0,-0.052000000000000005
2301004439,9,0,-0.029,0.011,0.003,0.0,0.0,0.0368,-0.0368,0.0,0.017,0.0,0.0,0.0,0.0,0.0,-0.052000000000000005
2301006530,9,0,-0.037,0.009000000000000001,0.002,0.0,0.0,0.0368,-0.0368,0.0,0.016900000000000002,0.0,0.0,0.0,2091.0,0.0,-0.052000000000000005
2301010530,9,0,-0.04,0.004,0.001,0.0,0.0,0.0368,-0.0368,0.0,0.0167,0.0,0.0,0.0,6091.0,0.0,-0.052000000000000005
2301014570,9,0,-0.037,0.0,0.001,0.0,0.0,0.0368,-0.0368,0.0,0.0166,0.0,0.0,0.0,10131.0,0.0,-0.052000000000000005
2301019450,9,0,-0.046,-0.01,0.0,0.0,0.0,0.0368,-0.0368,0.0,0.016300000000000002,0.0,0.0,0.0,15011.0,0.0,-0.052000000000000005
2301023531,9,0,-0.046,-0.018000000000000002,-0.005,0.0,0.0,0.0368,-0.0368,0.0,0.0161,0.0,0.0,0.0,19092.0,0.0,-0.052000000000000005
2301028409,9,0,-0.046,-0.014,-0.001,0.0,0.0,0.0368,-0.0368,0.0,0.0159,0.0,0.0,0.0,23970.0,0.0,-0.052000000000000005
2301030412,9,0,-0.043000000000000003,-0.015,0.002,0.0,0.0,0.0368,-0.0368,0.0,0.0158,0.0,0.0,0.0,0.0,0.0,-0.052000000000000005
2301034461,9,0,-0.045,-0.022,-0.003,0.0,0.0,0.0368,-0.0368,0.0,0.015700000000000002,0.0,0.0,0.0,4049.0,0.0,-0.052000000000000005
2301038530,9,0,-0.046,-0.024,-0.003,0.0,0.0,0.0368,-0.0368,0.0,0.0155,0.0,0.0,0.0,8118.0,0.0,-0.052000000000000005
2301043418,9,0,-0.046,-0.022,0.001,0.0,0.0,0.0368,-0.0368,0.0,0.015300000000000001,0.0,0.0,0.0,13006.0,0.0,-0.052000000000000005
2301047537,9,0,-0.038,-0.023,0.002,0.0,0.0,0.0368,-0.0368,0.0,0.0152,0.0,0.0,0.0,17125.0,0.0,-0.052000000000000005
2301050426,9,0,-0.039,-0.02,0.005,0.0,0.0,0.0368,-0.0368,0.0,0.0151,0.0,0.0,0.0,20014.0,0.0,-0.052000000000000005
2301054475,9,0,-0.039,-0.022,0.007,0.0,0.0,0.0368,-0.0368,0.0,0.015000000000000001,0.0,0.0,0.0,24063.0,0.0,-0.052000000000000005
2301059490,9,0,-0.037,-0.019,0.003,0.0,0.0,0.0368,-0.0368,0.0,0.0149,0.0,0.0,0.0,0.0,0.0,-0.052000000000000005
2301063530,9,0,-0.031,-0.01,0.003,0.0,0.0,0.0368,-0.0368,0.0,0.0149,0.0,0.0,0.0,4040.0,0.0,-0.052000000000000005
2301067531,9,0,-0.026000000000000002,-0.007,-0.002,0.0,0.0,0.0368,-0.0368,0.0,0.0148,0.0,0.0,0.0,8041.0,0.0,-0.052000000000000005
2301072445,9,0,-0.022,0.002,-0.002,0.0,0.0,0.0368,-0.0368,0.0,0.014700000000000001,0.0,0.0,0.0,12955.0,0.0,-0.052000000000000005
2301074486,9,0,-0.02,0.003,-0.002,0.0,0.0,0.0368,-0.0368,0.0,0.014700000000000001,0.0,0.0,0.0,14996.0,0.0,-0.052000000000000005
2301078570,9,0,-0.017,0.006,-0.005,0.0,0.0,0.0368,-0.0368,0.0,0.014700000000000001,0.0,0.0,0.0,19080.0,0.0,-0.052000000000000005
2301083450,9,0,-0.008,0.015,0.0,0.0,0.0,0.0368,-0.0368,0.0,0.0146,0.0,0.0,0.0,23960.0,0.0,-0.052000000000000005
2301085685,9,0,-0.007,0.018000000000000002,0.0,0.0,0.0,0.0368,-0.0368,0.0,0.0146,0.0,0.0,0.0,0.0,0.0,-0.052000000000000005
2301090458,9,0,-0.008,0.03,-0.001,0.0,0.0,0.0368,-0.0368,0.0,0.0145,0.0,0.0,0.0,4773.0,0.0,-0.052000000000000005
2301095460,9,0,-0.007,0.035,0.003,0.0,0.0,0.0368,-0.0368,0.0,0.0145,0.0,0.0,0.0,9775.0,0.0,-0.052000000000000005
2301099511,9,0,-0.007,0.04,0.002,0.0,0.0,0.0368,-0.0368,0.0,0.014400000000000001,0.0,0.0,0.0,13826.0,0.0,-0.052000000000000005
2301103530,9,0,-0.005,0.044,0.002,0.0,0.0,0.0368,-0.0368,0.0,0.0143,0.0,0.0,0.0,17845.0,0.0,-0.052000000000000005
2301106465,9,0,-0.002,0.047,0.001,0.0,0.0,0.0368,-0.0368,0.0,0.0142,0.0,0.0,0.0,20780.0,0.0,-0.052000000000000005
2301110576,9,0,-0.006,0.053,-0.001,0.0,0.0,0.0368,-0.0368,0.0,0.014100000000000001,0.0,0.0,0.0,24891.0,0.0,-0.052000000000000005
2301115476,9,0,-0.001,0.05,-0.001,0.0,0.0,0.0368,-0.0368,0.0,0.013900000000000001,0.0,0.0,0.0,0.0,0.0,-0.052000000000000005
2301120436,9,0,0.001,0.054,0.002,0.0,0.0,0.0368,-0.0368,0.0,0.0137,0.0,0.0,0.0,4960.0,0.0,-0.052000000000000005
2301122475,9,0,0.001,0.054,0.002,0.0,0.0,0.0368,-0.0368,0.0,0.013600000000000001,0.0,0.0,0.0,6999.0,0.0,-0.052000000000000005
2301126529,9,0,-0.002,0.051000000000000004,0.002,0.0,0.0,0.0368,-0.0368,0.0,0.0134,0.0,0.0,0.0,11053.0,0.0,-0.052000000000000005
2301130529,9,0,-0.004,0.046,-0.004,0.0,0.0,0.0368,-0.0368,0.0,0.0132,0.0,0.0,0.0,15053.0,0.0,-0.052000000000000005
2301135683,9,0,-0.008,0.041,0.001,0.0,0.0,0.0368,-0.0368,0.0,0.013000000000000001,0.0,0.0,0.0,20207.0,0.0,-0.052000000000000005
2301138489,9,0,-0.012,0.039,0.004,0.0,0.0,0.0368,-0.0368,0.0,0.0128,0.0,0.0,0.0,23013.0,0.0,-0.052000000000000005
2301142577,9,0,-0.013000000000000001,0.034,0.003,0.0,0.0,0.0368,-0.0368,0.0,0.0126,0.0,0.0,0.0,0.0,0.0,-0.052000000000000005
2301147501,9,0,-0.008,0.026000000000000002,-0.003,0.0,0.0,0.0368,-0.0368,0.0,0.0123,0.0,0.0,0.0,4924.0,0.0,-0.052000000000000005
2301152750,9,0,-0.01,0.015,0.0,0.0,0.0,0.0368,-0.0368,0.0,0.012100000000000001,0.0,0.0,0.0,10173.0,0.0,-0.052000000000000005
2301155506,9,0,-0.01,0.011,-0.004,0.0,0.0,0.0368,-0.0368,0.0,0.012,0.0,0.0,0.0,12929.0,0.0,-0.052000000000000005
2301159557,9,0,-0.011,0.005,-0.007,0.0,0.0,0.0368,-0.0368,0.0,0.0118,0.0,0.0,0.0,16980.0,0.0,-0.052000000000000005
2301162512,9,0,-0.015,-0.005,-0.002,0.0,0.0,0.0368,-0.0368,0.0,0.0117,0.0,0.0,0.0,19935.0,0.0,-0.052000000000000005
2301167517,9,0,-0.021,-0.011,-0.002,0.0,0.0,0.0368,-0.0368,0.0,0.011600000000000001,0.0,0.0,0.0,24940.0,0.0,-0.052000000000000005
2301172539,9,0,-0.018000000000000002,-0.012,-0.002,0.0,0.0,0.0368,-0.0368,0.0,0.0115,0.0,0.0,0.0,0.0,0.0,-0.052000000000000005
2301174572,9,0,-0.018000000000000002,-0.014,-0.002,0.0,0.0,0.0368,-0.0368,0.0,0.0115,0.0,0.0,0.0,2033.0,0.0,-0.052000000000000005
2301179572,9,0,-0.027,-0.024,0.002,0.0,0.0,0.0368,-0.0368,0.0,0.0115,0.0,0.0,0.0,7033.0,0.0,-0.052000000000000005
2301182526,9,0,-0.025,-0.024,0.0,0.0,0.0,0.0368,-0.0368,0.0,0.0115,0.0,0.0,0.0,9987.0,0.0,-0.052000000000000005
2301186653,9,0,-0.026000000000000002,-0.026000000000000002,0.001,0.0,0.0,0.0368,-0.0368,0.0,0.0114,0.0,0.0,0.0,14114.0,0.0,-0.052000000000000005
2301189580,9,0,-0.028,-0.026000000000000002,0.003,0.0,0.0,0.0368,-0.0368,0.0,0.0114,0.0,0.0,0.0,17041.0,0.0,-0.052000000000000005
2301194583,9,0,-0.029,-0.029,-0.002,0.0,0.0,0.0368,-0.0368,0.0,0.0115,0.0,0.0,0.0,22044.0,0.0,-0.052000000000000005
2301199586,9,0,-0.03,-0.027,0.003,0.0,0.0,0.0368,-0.0368,0.0,0.0115,0.0,0.0,0.0,0.0,0.0,-0.052000000000000005
2301202540,9,0,-0.032,-0.023,0.0,0.0,0.0,0.0368,-0.0368,0.0,0.0115,0.0,0.0,0.0,2954.0,0.0,-0.052000000000000005
2301207653,9,0,-0.03,-0.018000000000000002,0.004,0.0,0.0,0.0368,-0.0368,0.0,0.0115,0.0,0.0,0.0,8067.0,0.0,-0.052000000000000005
2301210576,9,0,-0.03,-0.018000000000000002,-0.001,0.0,0.0,0.0368,-0.0368,0.0,0.011600000000000001,0.0,0.0,0.0,10990.0,0.0,-0.052000000000000005
2301215551,9,0,-0.025,-0.01,0.001,0.0,0.0,0.0368,-0.0368,0.0,0.011600000000000001,0.0,0.0,0.0,15965.0,0.0,-0.052000000000000005
2301218552,9,0,-0.023,-0.01,0.005,0.0,0.0,0.0368,-0.0368,0.0,0.011600000000000001,0.0,0.0,0.0,18966.0,0.0,-0.052000000000000005
2301223557,9,0,-0.03,-0.005,0.002,0.0,0.0,0.0368,-0.0368,0.0,0.011600000000000001,0.0,0.0,0.0,23971.0,0.0,-0.052000000000000005
2301227561,9,0,-0.025,0.0,0.002,0.0,0.0,0.0368,-0.0368,0.0,0.0115,0.0,0.0,0.0,0.0,0.0,-0.052000000000000005
2301229609,9,0,-0.021,0.001,0.002,0.0,0.0,0.0368,-0.0368,0.0,0.0115,0.0,0.0,0.0,2048.0,0.0,-0.052000000000000005
2301234610,9,0,-0.016,0.009000000000000001,0.002,0.0,0.0,0.0368,-0.0368,0.0,0.0114,0.0,0.0,0.0,7049.0,0.0,-0.052000000000000005
2301239451,9,0,-0.013000000000000001,0.013000000000000001,0.002,0.0,0.0,0.0368,-0.0368,0.0,0.011300000000000001,0.0,0.0,0.0,11890.0,0.0,-0.052000000000000005
2301241573,9,0,-0.011,0.014,-0.001,0.0,0.0,0.0368,-0.0368,0.0,0.011300000000000001,0.0,0.0,0.0,14012.0,0.0,-0.052000000000000005
2301247574,9,0,-0.002,0.016,-0.001,0.0,0.0,0.0368,-0.0368,0.0,0.0111,0.0,0.0,0.0,20013.0,0.0,-0.052000000000000005
2301249623,9,0,0.0,0.02,-0.003,0.0,0.0,0.0368,-0.0368,0.0,0.0111,0.0,0.0,0.0,22062.0,0.0,-0.052000000000000005
2301254625,9,0,0.003,0.024,0.002,0.0,0.0,0.0368,-0.0368,0.0,0.0109,0.0,0.0,0.0,0.0,0.0,-0.052000000000000005
2301257589,9,0,0.01,0.02,0.005,0.0,0.0,0.0368,-0.0368,0.0,0.0108,0.0,0.0,0.0,2964.0,0.0,-0.052000000000000005
2301262584,9,0,0.013000000000000001,0.023,-0.004,0.0,0.0,0.0368,-0.0368,0.0,0.010700000000000001,0.0,0.0,0.0,7959.0,0.0,-0.052000000000000005
2301267591,9,0,0.023,0.024,-0.005,0.0,0.0,0.0368,-0.0368,0.0,0.0106,0.0,0.0,0.0,12966.0,0.0,-0.052000000000000005
2301269638,9,0,0.025,0.02,-0.004,0.0,0.0,0.0368,-0.0368,0.0,0.0106,0.0,0.0,0.0,15013.0,0.0,-0.052000000000000005
2301274641,9,0,0.028,0.019,-0.002,0.0,0.0,0.0368,-0.0368,0.0,0.0105,0.0,0.0,0.0,20016.0,0.0,-0.052000000000000005
2301277597,9,0,0.03,0.018000000000000002,-0.003,0.0,0.0,0.0368,-0.0368,0.0,0.010400000000000001,0.0,0.0,0.0,22972.0,0.0,-0.052000000000000005
2301282598,9,0,0.03,0.012,-0.004,0.0,0.0,0.0368,-0.0368,0.0,0.010400000000000001,0.0,0.0,0.0,0.0,0.0,-0.052000000000000005
2301286787,9,0,0.03,0.007,-0.005,0.0,0.0,0.0368,-0.0368,0.0,0.010400000000000001,0.0,0.0,0.0,4189.0,0.0,-0.052000000000000005
2301289652,9,0,0.025,0.008,-0.001,0.0,0.0,0.0368,-0.0368,0.0,0.010400000000000001,0.0,0.0,0.0,7054.0,0.0,-0.052000000000000005
2301294654,9,0,0.023,0.0,-0.003,0.0,0.0,0.0368,-0.0368,0.0,0.0105,0.0,0.0,0.0,12056.0,0.0,-0.052000000000000005
2301297611,9,0,0.02,0.001,-0.001,0.0,0.0,0.0368,-0.0368,0.0,0.0105,0.0,0.0,0.0,15013.0,0.0,-0.052000000000000005
2301302576,9,0,0.023,-0.004,-0.005,0.0,0.0,0.0368,-0.0368,0.0,0.0105,0.0,0.0,0.0,19978.0,0.0,-0.052000000000000005
2301307616,9,0,0.018000000000000002,-0.012,-0.005,0.0,0.0,0.0368,-0.0368,0.0,0.0106,0.0,0.0,0.0,25018.0,0.0,-0.052000000000000005
2301309667,9,0,0.014,-0.011,-0.004,0.0,0.0,0.0368,-0.0368,0.0,0.010700000000000001,0.0,0.0,0.0,0.0,0.0,-0.052000000000000005
2301314669,9,0,0.009000000000000001,-0.02,-0.002,0.0,0.0,0.0368,-0.0368,0.0,0.0108,0.0,0.0,0.0,5002.0,0.0,-0.052000000000000005
2301317620,9,0,0.008,-0.019,0.0,0.0,0.0,0.0368,-0.0368,0.0,0.0109,0.0,0.0,0.0,7953.0,0.0,-0.052000000000000005
2301322627,9,0,0.002,-0.024,0.002,0.0,0.0,0.0368,-0.0368,0.0,0.011000000000000001,0.0,0.0,0.0,12960.0,0.0,-0.052000000000000005
2301327632,9,0,-0.006,-0.026000000000000002,0.001,0.0,0.0,0.0368,-0.0368,0.0,0.0111,0.0,0.0,0.0,17965.0,0.0,-0.052000000000000005
2301329681,9,0,-0.01,-0.026000000000000002,0.006,0.0,0.0,0.0368,-0.0368,0.0,0.0112,0.0,0.0,0.0,20014.0,0.0,-0.052000000000000005
2301335792,9,0,-0.008,-0.03,-0.002,0.0,0.0,0.0368,-0.0368,0.0,0.011300000000000001,0.0,0.0,0.0,26125.0,0.0,-0.052000000000000005
2301338639,9,0,-0.015,-0.033,-0.004,0.0,0.0,0.0368,-0.0368,0.0,0.0114,0.0,0.0,0.0,0.0,0.0,-0.052000000000000005
2301341648,9,0,-0.016,-0.033,0.001,0.0,0.0,0.0368,-0.0368,0.0,0.0114,0.0,0.0,0.0,3009.0,0.0,-0.052000000000000005
2301347645,9,0,-0.018000000000000002,-0.029,0.0,0.0,0.0,0.0368,-0.0368,0.0,0.0115,0.0,0.0,0.0,9006.0,0.0,-0.052000000000000005
2301349688,9,0,-0.019,-0.031,0.0,0.0,0.0,0.0368,-0.0368,0.0,0.0115,0.0,0.0,0.0,11049.0,0.0,-0.052000000000000005
2301354689,9,0,-0.02,-0.031,-0.001,0.0,0.0,0.0368,-0.0368,0.0,0.0115,0.0,0.0,0.0,16050.0,0.0,-0.052000000000000005
2301357654,9,0,-0.019,-0.029,0.0,0.0,0.0,0.0368,-0.0368,0.0,0.0115,0.0,0.0,0.0,19015.0,0.0,-0.052000000000000005
2301362655,9,0,-0.022,-0.028,0.003,0.0,0.0,0.0368,-0.0368,0.0,0.0115,0.0,0.0,0.0,24016.0,0.0,-0.052000000000000005
2301367754,9,0,-0.012,-0.027,0.001,0.0,0.0,0.0368,-0.0368,0.0,0.0115,0.0,0.0,0.0,0.0,0.0,-0.052000000000000005
2301370810,9,0,-0.007,-0.028,-0.002,0.0,0.0,0.0368,-0.0368,0.0,0.0115,0.0,0.0,0.0,3056.0,0.0,-0.052000000000000005
2301373664,9,0,-0.008,-0.027,0.005,0.0,0.0,0.0368,-0.0368,0.0,0.0115,0.0,0.0,0.0,5910.0,0.0,-0.052000000000000005
2301378665,9,0,0.003,-0.022,0.003,0.0,0.0,0.0368,-0.0368,0.0,0.0115,0.0,0.0,0.0,10911.0,0.0,-0.052000000000000005
2301382670,9,0,0.006,-0.02,0.001,0.0,0.0,0.0368,-0.0368,0.0,0.0115,0.0,0.0,0.0,14916.0,0.0,-0.052000000000000005
2301386779,9,0,0.011,-0.021,0.001,0.0,0.0,0.0368,-0.0368,0.0,0.0115,0.0,0.0,0.0,19025.0,0.0,-0.052000000000000005
2301389576,9,0,0.015,-0.02,0.004,0.0,0.0,0.0368,-0.0368,0.0,0.0115,0.0,0.0,0.0,21822.0,0.0,-0.052000000000000005
2301394574,9,0,0.017,-0.017,-0.004,0.0,0.0,0.0368,-0.0368,0.0,0.0115,0.0,0.0,0.0,0.0,0.0,-0.052000000000000005
2301399753,9,0,0.028,-0.014,-0.002,0.0,0.0,0.0368,-0.0368,0.0,0.011600000000000001,0.0,0.0,0.0,5179.0,0.0,-0.052000000000000005
2301402680,9,0,0.034,-0.011,-0.006,0.0,0.0,0.0368,-0.0368,0.0,0.011600000000000001,0.0,0.0,0.0,8106.0,0.0,-0.052000000000000005
2301407680,9,0,0.033,-0.005,-0.005,0.0,0.0,0.0368,-0.0368,0.0,0.0117,0.0,0.0,0.0,13106.0,0.0,-0.052000000000000005
2301409773,9,0,0.036000000000000004,-0.007,-0.002,0.0,0.0,0.0368,-0.0368,0.0,0.0118,0.0,0.0,0.0,15199.0,0.0,-0.052000000000000005
2301414768,9,0,0.039,-0.005,-0.003,0.0,0.0,0.0368,-0.0368,0.0,0.0119,0.0,0.0,0.0,20194.0,0.0,-0.052000000000000005
2301417572,9,0,0.038,-0.003,-0.004,0.0,0.0,0.0368,-0.0368,0.0,0.012,0.0,0.0,0.0,22998.0,0.0,-0.052000000000000005
2301421732,9,0,0.043000000000000003,-0.004,-0.002,0.0,0.0,0.0368,-0.0368,0.0,0.012100000000000001,0.0,0.0,0.0,0.0,0.0,-0.052000000000000005
2301425736,9,0,0.042,-0.004,0.002,0.0,0.0,0.0368,-0.0368,0.0,0.0122,0.0,0.0,0.0,4004.0,0.0,-0.052000000000000005
2301429788,9,0,0.038,0.001,-0.005,0.0,0.0,0.0368,-0.0368,0.0,0.012400000000000001,0.0,0.0,0.0,8056.0,0.0,-0.052000000000000005
2301434573,9,0,0.038,0.001,0.001,0.0,0.0,0.0368,-0.0368,0.0,0.0125,0.0,0.0,0.0,12841.0,0.0,-0.052000000000000005
2301438743,9,0,0.032,0.002,0.004,0.0,0.0,0.0368,-0.0368,0.0,0.0126,0.0,0.0,0.0,17011.0,0.0,-0.052000000000000005
2301441575,9,0,0.031,0.002,0.002,0.0,0.0,0.0368,-0.0368,0.0,0.012700000000000001,0.0,0.0,0.0,19843.0,0.0,-0.052000000000000005
2301445748,9,0,0.025,-0.001,-0.003,0.0,0.0,0.0368,-0.0368,0.0,0.0128,0.0,0.0,0.0,24016.0,0.0,-0.052000000000000005
2301449795,9,0,0.022,0.0,0.0,0.0,0.0,0.0368,-0.0368,0.0,0.0129,0.0,0.0,0.0,0.0,0.0,-0.052000000000000005
2301454573,9,0,0.02,-0.006,-0.005,0.0,0.0,0.0368,-0.0368,0.0,0.013000000000000001,0.0,0.0,0.0,4778.0,0.0,-0.052000000000000005
2301458753,9,0,0.014,-0.006,0.001,0.0,0.0,0.0368,-0.0368,0.0,0.0131,0.0,0.0,0.0,8958.0,0.0,-0.052000000000000005
2301463680,9,0,0.009000000000000001,-0.008,0.004,0.0,0.0,0.0368,-0.0368,0.0,0.0132,0.0,0.0,0.0,13885.0,0.0,-0.052000000000000005
2301465765,9,0,0.008,-0.01,0.002,0.0,0.0,0.0368,-0.0368,0.0,0.0132,0.0,0.0,0.0,15970.0,0.0,-0.052000000000000005
2301470761,9,0,0.003,-0.014,0.004,0.0,0.0,0.0368,-0.0368,0.0,0.013300000000000001,0.0,0.0,0.0,20966.0,0.0,-0.052000000000000005
2301474816,9,0,-0.005,-0.016,-0.003,0.0,0.0,0.0368,-0.0368,0.0,0.013300000000000001,0.0,0.0,0.0,25021.0,0.0,-0.052000000000000005
2301477574,9,0,-0.007,-0.017,-0.001,0.0,0.0,0.0368,-0.0368,0.0,0.013300000000000001,0.0,0.0,0.0,0.0,0.0,-0.052000000000000005
2301481770,9,0,-0.004,-0.027,0.0,0.0,0.0,0.0368,-0.0368,0.0,0.013300000000000001,0.0,0.0,0.0,4196.0,0.0,-0.052000000000000005
2301486678,9,0,-0.004,-0.022,0.001,0.0,0.0,0.0368,-0.0368,0.0,0.013300000000000001,0.0,0.0,0.0,9104.0,0.0,-0.052000000000000005
2301491574,9,0,-0.012,-0.033,0.001,0.0,0.0,0.0368,-0.0368,0.0,0.013300000000000001,0.0,0.0,0.0,14000.0,0.0,-0.052000000000000005
2301493786,9,0,-0.011,-0.033,-0.004,0.0,0.0,0.0368,-0.0368,0.0,0.013300000000000001,0.0,0.0,0.0,16212.0,0.0,-0.052000000000000005
2301498569,9,0,-0.011,-0.032,0.0,0.0,0.0,0.0368,-0.0368,0.0,0.0132,0.0,0.0,0.0,20995.0,0.0,-0.052000000000000005
2301502787,9,0,-0.01,-0.037,0.003,0.0,0.0,0.0368,-0.0368,0.0,0.0132,0.0,0.0,0.0,25213.0,0.0,-0.052000000000000005
2301505574,9,0,-0.008,-0.032,0.005,0.0,0.0,0.0368,-0.0368,0.0,0.0132,0.0,0.0,0.0,0.0,0.0,-0.052000000000000005
2301509819,9,0,-0.004,-0.039,0.0,0.0,0.0,0.0368,-0.0368,0.0,0.0132,0.0,0.0,0.0,4245.0,0.0,-0.052000000000000005
2301514577,9,0,-0.003,-0.035,-0.001,0.0,0.0,0.0368,-0.0368,0.0,0.013300000000000001,0.0,0.0,0.0,9003.0,0.0,-0.052000000000000005
2301518793,9,0,-0.001,-0.036000000000000004,-0.004,0.0,0.0,0.0368,-0.0368,0.0,0.013300000000000001,0.0,0.0,0.0,13219.0,0.0,-0.052000000000000005
2301522801,9,0,-0.002,-0.034,0.0,0.0,0.0,0.0,0.0,0.0,0.0134,0.0,0.0,0.0,17227.0,0.0,0.0
