pc_elapsed_s,pc_unix_s,frame_index,roll_deg,pitch_deg,yaw_deg,range_height_m,fc_time_s,vel_est_x_m_s,vel_est_y_m_s,coax_roll_rate_kd,coax_pitch_rate_kd,coax_yaw_angle_kp,coax_yaw_rate_kd,vel_loop_x_kp,vel_loop_y_kp,vel_loop_x_ki,vel_loop_y_ki,vel_loop_x_kd,vel_loop_y_kd,vel_loop_enable
0.132878,1784371171.768245,1,-2.9986732,-3.28474998,-6.11102676,0.440000027,417.432007,0,0,0.5,0.5,1,0.150000006,4.94999981,4.80999994,0,0,0,0,1
0.132878,1784371171.768245,2,-2.97798252,-3.28208971,-6.10956383,0.440000027,417.457031,0,0,0.5,0.5,1,0.150000006,4.94999981,4.80999994,0,0,0,0,1
0.164088,1784371171.799455,3,-2.99824238,-3.25606203,-6.11176872,0.440000027,417.482025,0,0,0.5,0.5,1,0.150000006,4.94999981,4.80999994,0,0,0,0,1
0.194794,1784371171.830161,4,-2.95912075,-3.23293257,-6.1094017,0.440000027,417.507019,0,0,0.5,0.5,1,0.150000006,4.94999981,4.80999994,0,0,0,0,1
0.226882,1784371171.862249,5,-2.99222755,-3.22636032,-6.11096001,0.440000027,417.532013,0,0,0.5,0.5,1,0.150000006,4.94999981,4.80999994,0,0,0,0,1
0.226882,1784371171.862249,6,-3.00358939,-3.22435427,-6.11132622,0.440000027,417.557007,0,0,0.5,0.5,1,0.150000006,4.94999981,4.80999994,0,0,0,0,1
0.257895,1784371171.893262,7,-3.06750822,-3.26198673,-6.1078968,0.440000027,417.582031,0,0,0.5,0.5,1,0.150000006,4.94999981,4.80999994,0,0,0,0,1
0.288888,1784371171.924255,8,-3.03283072,-3.30189991,-6.11204338,0.443500012,417.607025,0,0,0.5,0.5,1,0.150000006,4.94999981,4.80999994,0,0,0,0,1
0.319934,1784371171.955301,9,-3.02142906,-3.29782581,-6.11433983,0.442275017,417.632019,0,0,0.5,0.5,1,0.150000006,4.94999981,4.80999994,0,0,0,0,1
0.350885,1784371171.986252,10,-3.01365256,-3.2697258,-6.11914635,0.440961182,417.657013,0,0,0.5,0.5,1,0.150000006,4.94999981,4.80999994,0,0,0,0,1
0.381888,1784371172.017255,11,-3.00404072,-3.23043299,-6.11697769,0.440624774,417.682007,0,0,0.5,0.5,1,0.150000006,4.94999981,4.80999994,0,0,0,0,1
0.381888,1784371172.017255,12,-2.99628639,-3.20971298,-6.11813545,0.440406114,417.707031,0,0,0.5,0.5,1,0.150000006,4.94999981,4.80999994,0,0,0,0,1
0.413447,1784371172.048814,13,-2.99453735,-3.21828938,-6.11753654,0.440263987,417.732025,0,0,0.5,0.5,1,0.150000006,4.94999981,4.80999994,0,0,0,0,1
0.444725,1784371172.080092,14,-3.02807117,-3.25643396,-6.11915779,0.440111548,417.757019,0,0,0.5,0.5,1,0.150000006,4.94999981,4.80999994,0,0,0,0,1
0.476655,1784371172.112021,15,-3.02197576,-3.30847073,-6.11796761,0.440072507,417.782013,0,0,0.5,0.5,1,0.150000006,4.94999981,4.80999994,0,0,0,0,1
0.508044,1784371172.143411,16,-3.01688218,-3.31276608,-6.12137794,0.440047115,417.807007,0,0,0.5,0.5,1,0.150000006,4.94999981,4.80999994,0,0,0,0,1
0.508044,1784371172.143411,17,-3.00630856,-3.26878405,-6.12212563,0.440030634,417.832031,0,0,0.5,0.5,1,0.150000006,4.94999981,4.80999994,0,0,0,0,1
0.539294,1784371172.174661,18,-3.0106914,-3.21905565,-6.12150764,0.440012932,417.857025,0,0,0.5,0.5,1,0.150000006,4.94999981,4.80999994,0,0,0,0,1
0.570413,1784371172.205780,19,-2.99322033,-3.21601629,-6.12076569,0.440008402,417.882019,0,0,0.5,0.5,1,0.150000006,4.94999981,4.80999994,0,0,0,0,1
0.602415,1784371172.237782,20,-3.00094438,-3.2358737,-6.12070847,0.440005451,417.907013,0,0,0.5,0.5,1,0.150000006,4.94999981,4.80999994,0,0,0,0,1
0.634412,1784371172.269778,21,-3.01561356,-3.24928856,-6.12368584,0.440003544,417.932007,0,0,0.5,0.5,1,0.150000006,4.94999981,4.80999994,0,0,0,0,1
0.634412,1784371172.269778,22,-3.03026104,-3.263412,-6.12477493,0.440002292,417.957031,0,0,0.5,0.5,1,0.150000006,4.94999981,4.80999994,0,0,0,0,1
0.680279,1784371172.315645,23,-3.02364349,-3.27185869,-6.12867928,0.440000951,417.982025,0,0,0.5,0.5,1,0.150000006,4.94999981,4.80999994,0,0,0,0,1
0.680279,1784371172.315645,24,-3.02003074,-3.260818,-6.12874603,0.440000623,418.007019,0,0,0.5,0.5,1,0.150000006,4.94999981,4.80999994,0,0,0,0,1
0.710359,1784371172.345726,25,-3.01203656,-3.22505426,-6.12970924,0.440000415,418.032013,0,0,0.5,0.5,1,0.150000006,4.94999981,4.80999994,0,0,0,0,1
0.741760,1784371172.377126,26,-2.98635149,-3.20373106,-6.12730789,0.440000266,418.057007,0,0,0.5,0.5,1,0.150000006,4.94999981,4.80999994,0,0,0,0,1
0.772773,1784371172.408139,27,-2.99005842,-3.2264657,-6.12687111,0.440000117,418.082031,0,0,0.5,0.5,1,0.150000006,4.94999981,4.80999994,0,0,0,0,1
0.803952,1784371172.439319,28,-2.9999125,-3.26215839,-6.12763023,0.440000087,418.107025,0,0,0.5,0.5,1,0.150000006,4.94999981,4.80999994,0,0,0,0,1
0.835990,1784371172.471356,29,-3.02603364,-3.25907946,-6.12861061,0.440000057,418.132019,0,0,0.5,0.5,1,0.150000006,4.94999981,4.80999994,0,0,0,0,1
0.835990,1784371172.471356,30,-3.02595162,-3.25942755,-6.1295433,0.440000027,418.157013,0,0,0.5,0.5,1,0.150000006,4.94999981,4.80999994,0,0,0,0,1
0.868121,1784371172.503488,31,-3.02765059,-3.24200153,-6.12958336,0.443500012,418.182007,0,0,0.5,0.5,1,0.150000006,4.94999981,4.80999994,0,0,0,0,1
0.900187,1784371172.535554,32,-3.01558876,-3.21724081,-6.1269722,0.441478759,418.207031,0,0,0.5,0.5,1,0.150000006,4.94999981,4.80999994,0,0,0,0,1
0.930992,1784371172.566359,33,-3.00350165,-3.2035017,-6.12454224,0.440961182,418.232025,0,0,0.5,0.5,1,0.150000006,4.94999981,4.80999994,0,0,0,0,1
0.930992,1784371172.566359,34,-2.98539639,-3.212358,-6.12360954,0.440624774,418.257019,0,0,0.5,0.5,1,0.150000006,4.94999981,4.80999994,0,0,0,0,1
0.962995,1784371172.598361,35,-2.99599504,-3.24967384,-6.12216949,0.440406114,418.282013,0,0,0.5,0.5,1,0.150000006,4.94999981,4.80999994,0,0,0,0,1
0.994086,1784371172.629452,36,-3.01199818,-3.29386711,-6.1245079,0.440171599,418.307007,0,0,0.5,0.5,1,0.150000006,4.94999981,4.80999994,0,0,0,0,1
1.025396,1784371172.660763,37,-3.02964115,-3.2968421,-6.12731552,0.440111548,418.332031,0,0,0.5,0.5,1,0.150000006,4.94999981,4.80999994,0,0,0,0,1
1.057473,1784371172.692839,38,-3.02697992,-3.28403568,-6.13187408,0.440072507,418.357025,0,0,0.5,0.5,1,0.150000006,4.94999981,4.80999994,0,0,0,0,1
1.057473,1784371172.692839,39,-3.02966571,-3.24416161,-6.132658,0.440047115,418.382019,0,0,0.5,0.5,1,0.150000006,4.94999981,4.80999994,0,0,0,0,1
1.088391,1784371172.723758,40,-3.01838589,-3.24435949,-6.13151169,0.440019906,418.407013,0,0,0.5,0.5,1,0.150000006,4.94999981,4.80999994,0,0,0,0,1
1.119470,1784371172.754837,41,-3.01645231,-3.2442441,-6.13038826,0.440012932,418.432007,0,0,0.5,0.5,1,0.150000006,4.94999981,4.80999994,0,0,0,0,1
1.150483,1784371172.785850,42,-3.00590944,-3.24777794,-6.13097382,0.440008402,418.457031,0,0,0.5,0.5,1,0.150000006,4.94999981,4.80999994,0,0,0,0,1
1.182405,1784371172.817771,43,-3.01951003,-3.27315044,-6.13004684,0.440005451,418.482025,0,0,0.5,0.5,1,0.150000006,4.94999981,4.80999994,0,0,0,0,1
1.182405,1784371172.817771,44,-3.01985455,-3.27624512,-6.13363838,0.440003544,418.507019,0,0,0.5,0.5,1,0.150000006,4.94999981,4.80999994,0,0,0,0,1
1.213391,1784371172.848758,45,-3.02554226,-3.25504732,-6.1348896,0.440001488,418.532013,0,0,0.5,0.5,1,0.150000006,4.94999981,4.80999994,0,0,0,0,1
1.243395,1784371172.878762,46,-3.02537012,-3.245893,-6.13819504,0.440000951,418.557007,0,0,0.5,0.5,1,0.150000006,4.94999981,4.80999994,0,0,0,0,1
1.275093,1784371172.910460,47,-3.0152638,-3.21881104,-6.14083099,0.440000623,418.582031,0,0,0.5,0.5,1,0.150000006,4.94999981,4.80999994,0,0,0,0,1
1.306094,1784371172.941461,48,-3.00174546,-3.21479321,-6.13874054,0.440000415,418.607025,0,0,0.5,0.5,1,0.150000006,4.94999981,4.80999994,0,0,0,0,1
1.306094,1784371172.941461,49,-3.01960254,-3.22374916,-6.1394062,0.443500161,418.632019,0,0,0.5,0.5,1,0.150000006,4.94999981,4.80999994,0,0,0,0,1
1.350922,1784371172.986289,50,-2.99858999,-3.20805502,-6.13641167,0.442275107,418.657013,0,0,0.5,0.5,1,0.150000006,4.94999981,4.80999994,0,0,0,0,1
1.381922,1784371173.017288,51,-3.02846575,-3.20501518,-6.13559723,0.441478819,418.682007,0,0,0.5,0.5,1,0.150000006,4.94999981,4.80999994,0,0,0,0,1
1.381922,1784371173.017288,52,-3.02081823,-3.24082375,-6.1342144,0.440961242,418.707031,0,0,0.5,0.5,1,0.150000006,4.94999981,4.80999994,0,0,0,0,1
1.412923,1784371173.048290,53,-3.04360914,-3.26254177,-6.13369751,0.440406114,418.732025,0,0,0.5,0.5,1,0.150000006,4.94999981,4.80999994,0,0,0,0,1
1.442929,1784371173.078295,54,-3.00538874,-3.28119707,-6.13669014,0.440263987,418.757019,0,0,0.5,0.5,1,0.150000006,4.94999981,4.80999994,0,0,0,0,1
1.473999,1784371173.109366,55,-3.01900625,-3.26263618,-6.13779449,0.440171599,418.782013,0,0,0.5,0.5,1,0.150000006,4.94999981,4.80999994,0,0,0,0,1
1.505929,1784371173.141295,56,-3.00525379,-3.26413822,-6.14343834,0.440111548,418.807007,0,0,0.5,0.5,1,0.150000006,4.94999981,4.80999994,0,0,0,0,1
1.505929,1784371173.141295,57,-3.02461219,-3.22746944,-6.13934135,0.440072507,418.832031,0,0,0.5,0.5,1,0.150000006,4.94999981,4.80999994,0,0,0,0,1
1.537934,1784371173.173300,58,-3.01614356,-3.22112131,-6.14196396,0.440030634,418.857025,0,0,0.5,0.5,1,0.150000006,4.94999981,4.80999994,0,0,0,0,1
1.568931,1784371173.204297,59,-3.03542042,-3.21611023,-6.13730812,0.440019906,418.882019,0,0,0.5,0.5,1,0.150000006,4.94999981,4.80999994,0,0,0,0,1
1.601124,1784371173.236490,60,-3.03787732,-3.2568984,-6.14110374,0.440012932,418.907013,0,0,0.5,0.5,1,0.150000006,4.94999981,4.80999994,0,0,0,0,1
1.601124,1784371173.236490,61,-3.02950811,-3.27705479,-6.13901901,0.440008402,418.932007,0,0,0.5,0.5,1,0.150000006,4.94999981,4.80999994,0,0,0,0,1
1.631971,1784371173.267338,62,-3.01176023,-3.27224016,-6.14284706,0.440003544,418.957031,0,0,0.5,0.5,1,0.150000006,4.94999981,4.80999994,0,0,0,0,1
1.662924,1784371173.298290,63,-2.99482298,-3.25059652,-6.14346504,0.443502307,418.982025,0,0,0.5,0.5,1,0.150000006,4.94999981,4.80999994,0,0,0,0,1
1.694929,1784371173.330296,64,-2.99866605,-3.2382288,-6.14441299,0.445776492,419.007019,0,0,0.5,0.5,1,0.150000006,4.94999981,4.80999994,0,0,0,0,1
1.726698,1784371173.362065,65,-2.99365211,-3.24923182,-6.14446449,0.443754733,419.032013,0,0,0.5,0.5,1,0.150000006,4.94999981,4.80999994,0,0,0,0,1
1.757959,1784371173.393326,66,-3.01592636,-3.24007034,-6.14307213,0.442440569,419.057007,0,0,0.5,0.5,1,0.150000006,4.94999981,4.80999994,0,0,0,0,1
1.757959,1784371173.393326,67,-3.02733684,-3.2506547,-6.14453506,0.441031158,419.082031,0,0,0.5,0.5,1,0.150000006,4.94999981,4.80999994,0,0,0,0,1
1.789977,1784371173.425344,68,-3.04716039,-3.26464367,-6.14293671,0.440670252,419.107025,0,0,0.5,0.5,1,0.150000006,4.94999981,4.80999994,0,0,0,0,1
1.821146,1784371173.456512,69,-3.03204036,-3.27738619,-6.1451664,0.440435648,419.132019,0,0,0.5,0.5,1,0.150000006,4.94999981,4.80999994,0,0,0,0,1
1.852217,1784371173.487584,70,-3.02382612,-3.26619101,-6.1440773,0.440283179,419.157013,0,0,0.5,0.5,1,0.150000006,4.94999981,4.80999994,0,0,0,0,1
1.883549,1784371173.518916,71,-3.00036025,-3.25409698,-6.14751816,0.440119624,419.182007,0,0,0.5,0.5,1,0.150000006,4.94999981,4.80999994,0,0,0,0,1
1.883549,1784371173.518916,72,-2.99252963,-3.25511837,-6.1461525,0.440077752,419.207031,0,0,0.5,0.5,1,0.150000006,4.94999981,4.80999994,0,0,0,0,1
1.915510,1784371173.550877,73,-2.99537253,-3.26339102,-6.14814949,0.440050542,419.232025,0,0,0.5,0.5,1,0.150000006,4.94999981,4.80999994,0,0,0,0,1
1.945834,1784371173.581200,74,-3.01461339,-3.26406574,-6.14723396,0.44003284,419.257019,0,0,0.5,0.5,1,0.150000006,4.94999981,4.80999994,0,0,0,0,1
1.976988,1784371173.612355,75,-3.03391838,-3.26292372,-6.14727783,0.440013856,419.282013,0,0,0.5,0.5,1,0.150000006,4.94999981,4.80999994,0,0,0,0,1
2.008229,1784371173.643596,76,-3.0393095,-3.26185513,-6.14746857,0.440008998,419.307007,0,0,0.5,0.5,1,0.150000006,4.94999981,4.80999994,0,0,0,0,1
2.008229,1784371173.643596,77,-3.03901649,-3.25903463,-6.14784813,0.440005839,419.332031,0,0,0.5,0.5,1,0.150000006,4.94999981,4.80999994,0,0,0,0,1
2.039284,1784371173.674651,78,-3.02541971,-3.25466585,-6.14906502,0.443503797,419.357025,0,0,0.5,0.5,1,0.150000006,4.94999981,4.80999994,0,0,0,0,1
2.070286,1784371173.705653,79,-3.01132131,-3.24333811,-6.14909172,0.442277461,419.382019,0,0,0.5,0.5,1,0.150000006,4.94999981,4.80999994,0,0,0,0,1
2.101987,1784371173.737354,80,-2.99211454,-3.24548626,-6.15024757,0.440962225,419.407013,0,0,0.5,0.5,1,0.150000006,4.94999981,4.80999994,0,0,0,0,1
2.132508,1784371173.767874,81,-3.00445938,-3.25777149,-6.15057564,0.440625459,419.432007,0,0,0.5,0.5,1,0.150000006,4.94999981,4.80999994,0,0,0,0,1
2.132508,1784371173.767874,82,-3.01450348,-3.25909185,-6.15187073,0.440406561,419.457031,0,0,0.5,0.5,1,0.150000006,4.94999981,4.80999994,0,0,0,0,1
2.163396,1784371173.798763,83,-3.0250144,-3.25379705,-6.15141678,0.440264255,419.482025,0,0,0.5,0.5,1,0.150000006,4.94999981,4.80999994,0,0,0,0,1
2.194422,1784371173.829788,84,-3.02308488,-3.24589205,-6.15249825,0.440111667,419.507019,0,0,0.5,0.5,1,0.150000006,4.94999981,4.80999994,0,0,0,0,1
2.226612,1784371173.861979,85,-3.02210546,-3.2375536,-6.15192795,0.440072596,419.532013,0,0,0.5,0.5,1,0.150000006,4.94999981,4.80999994,0,0,0,0,1
2.258538,1784371173.893904,86,-3.01424074,-3.2327795,-6.15249443,0.440047175,419.557007,0,0,0.5,0.5,1,0.150000006,4.94999981,4.80999994,0,0,0,0,1
2.258538,1784371173.893904,87,-3.00127077,-3.23252344,-6.1526165,0.440030664,419.582031,0,0,0.5,0.5,1,0.150000006,4.94999981,4.80999994,0,0,0,0,1
2.290489,1784371173.925855,88,-3.00166798,-3.2511735,-6.15350342,0.440012962,419.607025,0,0,0.5,0.5,1,0.150000006,4.94999981,4.80999994,0,0,0,0,1
2.322475,1784371173.957842,89,-3.01031137,-3.27351141,-6.15439796,0.440008432,419.632019,0,0,0.5,0.5,1,0.150000006,4.94999981,4.80999994,0,0,0,0,1
2.354010,1784371173.989377,90,-3.02343392,-3.28321218,-6.15487099,0.440005481,419.657013,0,0,0.5,0.5,1,0.150000006,4.94999981,4.80999994,0,0,0,0,1
2.385824,1784371174.021191,91,-3.02367496,-3.2777915,-6.15564537,0.440003574,419.682007,0,0,0.5,0.5,1,0.150000006,4.94999981,4.80999994,0,0,0,0,1
2.385824,1784371174.021191,92,-3.02504182,-3.27010632,-6.1550808,0.440002322,419.707031,0,0,0.5,0.5,1,0.150000006,4.94999981,4.80999994,0,0,0,0,1
2.417718,1784371174.053085,93,-3.01485229,-3.26377869,-6.1553688,0.440000981,419.732025,0,0,0.5,0.5,1,0.150000006,4.94999981,4.80999994,0,0,0,0,1
2.448453,1784371174.083820,94,-3.00514221,-3.26268864,-6.15475082,0.443500638,419.757019,0,0,0.5,0.5,1,0.150000006,4.94999981,4.80999994,0,0,0,0,1
2.479446,1784371174.114812,95,-2.99653912,-3.27039766,-6.15611076,0.445775419,419.782013,0,0,0.5,0.5,1,0.150000006,4.94999981,4.80999994,0,0,0,0,1
2.479446,1784371174.114812,96,-2.99998999,-3.27617931,-6.15633392,0.443754017,419.807007,0,0,0.5,0.5,1,0.150000006,4.94999981,4.80999994,0,0,0,0,1
2.510452,1784371174.145818,97,-3.01177645,-3.28147316,-6.15759277,0.441586077,419.832031,0,0,0.5,0.5,1,0.150000006,4.94999981,4.80999994,0,0,0,0,1
2.540453,1784371174.175820,98,-3.02336454,-3.27789736,-6.15791512,0.441030949,419.857025,0,0,0.5,0.5,1,0.150000006,4.94999981,4.80999994,0,0,0,0,1
2.572454,1784371174.207821,99,-3.02722836,-3.26611376,-6.15875626,0.440670103,419.882019,0,0,0.5,0.5,1,0.150000006,4.94999981,4.80999994,0,0,0,0,1
2.603590,1784371174.238957,100,-3.0242703,-3.26001692,-6.15864563,0.440435559,419.907013,0,0,0.5,0.5,1,0.150000006,4.94999981,4.80999994,0,0,0,0,1
2.634569,1784371174.269936,101,-3.01558995,-3.26408863,-6.1586132,0.44028312,419.932007,0,0,0.5,0.5,1,0.150000006,4.94999981,4.80999994,0,0,0,0,1
2.634569,1784371174.269936,102,-3.00311255,-3.27517557,-6.15878677,0.440119624,419.957031,0,0,0.5,0.5,1,0.150000006,4.94999981,4.80999994,0,0,0,0,1
2.665646,1784371174.301013,103,-2.99981904,-3.28142118,-6.15926743,0.440077752,419.982025,0,0,0.5,0.5,1,0.150000006,4.94999981,4.80999994,0,0,0,0,1
2.696610,1784371174.331977,104,-3.00133562,-3.28271532,-6.16044617,0.440050542,420.007019,0,0,0.5,0.5,1,0.150000006,4.94999981,4.80999994,0,0,0,0,1
2.727572,1784371174.362939,105,-3.01051855,-3.27949667,-6.1612606,0.44003284,420.032013,0,0,0.5,0.5,1,0.150000006,4.94999981,4.80999994,0,0,0,0,1
2.759573,1784371174.394939,106,-3.02105427,-3.27291918,-6.16229248,0.44351387,420.057007,0,0,0.5,0.5,1,0.150000006,4.94999981,4.80999994,0,0,0,0,1
2.759573,1784371174.394939,107,-3.03032064,-3.26810932,-6.16239738,0.442284018,420.082031,0,0,0.5,0.5,1,0.150000006,4.94999981,4.80999994,0,0,0,0,1
2.790783,1784371174.426150,108,-3.02678704,-3.26317167,-6.16303444,0.4414846,420.107025,0,0,0.5,0.5,1,0.150000006,4.94999981,4.80999994,0,0,0,0,1
2.821990,1784371174.457356,109,-3.01839232,-3.26917601,-6.16356087,0.440964997,420.132019,0,0,0.5,0.5,1,0.150000006,4.94999981,4.80999994,0,0,0,0,1
2.853247,1784371174.488614,110,-3.01190567,-3.27627897,-6.16426659,0.440407723,420.157013,0,0,0.5,0.5,1,0.150000006,4.94999981,4.80999994,0,0,0,0,1
2.853247,1784371174.488614,111,-3.00943995,-3.28336573,-6.16479111,0.44026503,420.182007,0,0,0.5,0.5,1,0.150000006,4.94999981,4.80999994,0,0,0,0,1
2.884255,1784371174.519621,112,-3.01012611,-3.28156996,-6.1654129,0.440172255,420.207031,0,0,0.5,0.5,1,0.150000006,4.94999981,4.80999994,0,0,0,0,1
2.915254,1784371174.550621,113,-3.01179576,-3.28092718,-6.16629028,0.44361195,420.232025,0,0,0.5,0.5,1,0.150000006,4.94999981,4.80999994,0,0,0,0,1
2.946246,1784371174.581613,114,-3.01840997,-3.2810235,-6.16649246,0.442347765,420.257019,0,0,0.5,0.5,1,0.150000006,4.94999981,4.80999994,0,0,0,0,1
2.977853,1784371174.613219,115,-3.0198884,-3.28413725,-6.16722298,0.440991938,420.282013,0,0,0.5,0.5,1,0.150000006,4.94999981,4.80999994,0,0,0,0,1
3.009978,1784371174.645345,116,-3.01894474,-3.28187704,-6.16733551,0.440644771,420.307007,0,0,0.5,0.5,1,0.150000006,4.94999981,4.80999994,0,0,0,0,1
3.009978,1784371174.645345,117,-3.019871,-3.28136635,-6.16750908,0.440419108,420.332031,0,0,0.5,0.5,1,0.150000006,4.94999981,4.80999994,0,0,0,0,1
3.040986,1784371174.676353,118,-3.02336264,-3.28168106,-6.16813278,0.440272421,420.357025,0,0,0.5,0.5,1,0.150000006,4.94999981,4.80999994,0,0,0,0,1
3.072181,1784371174.707547,119,-3.02166891,-3.273067,-6.16892052,0.440115094,420.382019,0,0,0.5,0.5,1,0.150000006,4.94999981,4.80999994,0,0,0,0,1
3.103173,1784371174.738539,120,-3.01907659,-3.26330185,-6.1695652,0.440074801,420.407013,0,0,0.5,0.5,1,0.150000006,4.94999981,4.80999994,0,0,0,0,1
3.135106,1784371174.770473,121,-3.02049565,-3.26767302,-6.17025566,0.440048635,420.432007,0,0,0.5,0.5,1,0.150000006,4.94999981,4.80999994,0,0,0,0,1
3.135106,1784371174.770473,122,-3.0209775,-3.26635695,-6.17084503,0.440031618,420.457031,0,0,0.5,0.5,1,0.150000006,4.94999981,4.80999994,0,0,0,0,1
3.167101,1784371174.802467,123,-3.01795053,-3.26871157,-6.17107582,0.440013349,420.482025,0,0,0.5,0.5,1,0.150000006,4.94999981,4.80999994,0,0,0,0,1
3.198978,1784371174.834345,124,-3.01610804,-3.26608944,-6.17100334,0.443508685,420.507019,0,0,0.5,0.5,1,0.150000006,4.94999981,4.80999994,0,0,0,0,1
3.230095,1784371174.865462,125,-3.01650643,-3.26616573,-6.17075157,0.445780635,420.532013,0,0,0.5,0.5,1,0.150000006,4.94999981,4.80999994,0,0,0,0,1
3.261978,1784371174.897345,126,-3.01605415,-3.27087879,-6.17088318,0.443757415,420.557007,0,0,0.5,0.5,1,0.150000006,4.94999981,4.80999994,0,0,0,0,1
3.261978,1784371174.897345,127,-3.01393032,-3.27792358,-6.17158318,0.442442328,420.582031,0,0,0.5,0.5,1,0.150000006,4.94999981,4.80999994,0,0,0,0,1
3.293107,1784371174.928473,128,-3.01288652,-3.27586269,-6.1727581,0.441031873,420.607025,0,0,0.5,0.5,1,0.150000006,4.94999981,4.80999994,0,0,0,0,1
3.324243,1784371174.959610,129,-3.0148468,-3.27272272,-6.17307281,0.440670729,420.632019,0,0,0.5,0.5,1,0.150000006,4.94999981,4.80999994,0,0,0,0,1
3.356126,1784371174.991493,130,-3.01720428,-3.27127314,-6.17349243,0.440435976,420.657013,0,0,0.5,0.5,1,0.150000006,4.94999981,4.80999994,0,0,0,0,1
3.356126,1784371174.991493,131,-3.01662564,-3.27365541,-6.17345619,0.443783373,420.682007,0,0,0.5,0.5,1,0.150000006,4.94999981,4.80999994,0,0,0,0,1
3.387205,1784371175.022571,132,-3.01519394,-3.27189732,-6.17354774,0.441598475,420.707031,0,0,0.5,0.5,1,0.150000006,4.94999981,4.80999994,0,0,0,0,1
3.418315,1784371175.053682,133,-3.01435661,-3.26560831,-6.17374611,0.441038996,420.732025,0,0,0.5,0.5,1,0.150000006,4.94999981,4.80999994,0,0,0,0,1
3.448901,1784371175.084268,134,-3.00930715,-3.26952267,-6.17383766,0.440675348,420.757019,0,0,0.5,0.5,1,0.150000006,4.94999981,4.80999994,0,0,0,0,1
3.479773,1784371175.115139,135,-3.00528407,-3.27626228,-6.17445374,0.440438986,420.782013,0,0,0.5,0.5,1,0.150000006,4.94999981,4.80999994,0,0,0,0,1
3.479773,1784371175.115139,136,-3.00453234,-3.27321672,-6.17561913,0.440285325,420.807007,0,0,0.5,0.5,1,0.150000006,4.94999981,4.80999994,0,0,0,0,1
3.511374,1784371175.146740,137,-3.0070672,-3.2661767,-6.17596245,0.443620533,420.832031,0,0,0.5,0.5,1,0.150000006,4.94999981,4.80999994,0,0,0,0,1
3.543374,1784371175.178741,138,-3.0098877,-3.2641654,-6.17658234,0.445853353,420.857025,0,0,0.5,0.5,1,0.150000006,4.94999981,4.80999994,0,0,0,0,1
3.575374,1784371175.210741,139,-3.01193762,-3.26330233,-6.17691612,0.443804681,420.882019,0,0,0.5,0.5,1,0.150000006,4.94999981,4.80999994,0,0,0,0,1
3.606559,1784371175.241926,140,-3.01755214,-3.25640869,-6.17658806,0.442473054,420.907013,0,0,0.5,0.5,1,0.150000006,4.94999981,4.80999994,0,0,0,0,1
3.606559,1784371175.241926,141,-3.01582861,-3.25209808,-6.1770134,0.444544852,420.932007,0,0,0.5,0.5,1,0.150000006,4.94999981,4.80999994,0,0,0,0,1
3.638560,1784371175.273926,142,-3.00987577,-3.25122881,-6.17751312,0.442954153,420.957031,0,0,0.5,0.5,1,0.150000006,4.94999981,4.80999994,0,0,0,0,1
3.670460,1784371175.305827,143,-3.00589657,-3.25366211,-6.17821693,0.441920191,420.982025,0,0,0.5,0.5,1,0.150000006,4.94999981,4.80999994,0,0,0,0,1
3.701460,1784371175.336827,144,-3.00712276,-3.25650883,-6.17871284,0.441248119,421.007019,0,0,0.5,0.5,1,0.150000006,4.94999981,4.80999994,0,0,0,0,1
4.668280,1784371176.303647,145,-3.01930308,-3.28545332,-6.18856621,0.44052732,421.52301,0,0,0.5,0.5,1,0.150000006,4.94999981,4.80999994,0,0,0,0,1
4.668280,1784371176.303647,146,-3.00000095,-3.23589754,-6.19753647,0.440342754,421.992035,0,0,0.5,0.5,1,0.150000006,4.94999981,4.80999994,0,0,0,0,1
4.699353,1784371176.334719,147,-2.99417782,-3.25384045,-6.19852448,0.4402228,422.017029,0,0,0.5,0.5,1,0.150000006,4.94999981,4.80999994,0,0,0,0,1
4.730247,1784371176.365614,148,-3.00081491,-3.2701726,-6.19843674,0.443644822,422.042023,0,0,0.5,0.5,1,0.150000006,4.94999981,4.80999994,0,0,0,0,1
4.762237,1784371176.397603,149,-3.01965952,-3.26432085,-6.19920158,0.442369133,422.067017,0,0,0.5,0.5,1,0.150000006,4.94999981,4.80999994,0,0,0,0,1
4.792258,1784371176.427624,150,-3.03373861,-3.24584293,-6.19866371,0.444500953,422.09201,0,0,0.5,0.5,1,0.150000006,4.94999981,4.80999994,0,0,0,0,1
4.792258,1784371176.427624,151,-3.02909017,-3.23290443,-6.19878006,0.442925632,422.117035,0,0,0.5,0.5,1,0.150000006,4.94999981,4.80999994,0,0,0,0,1
4.823441,1784371176.458807,152,-3.02154803,-3.21991158,-6.19886208,0.441901654,422.142029,0,0,0.5,0.5,1,0.150000006,4.94999981,4.80999994,0,0,0,0,1
4.855440,1784371176.490807,153,-3.00638366,-3.2300272,-6.19960022,0.441236079,422.167023,0,0,0.5,0.5,1,0.150000006,4.94999981,4.80999994,0,0,0,0,1
4.887442,1784371176.522808,154,-2.99695635,-3.25518179,-6.20165634,0.440522224,422.192017,0,0,0.5,0.5,1,0.150000006,4.94999981,4.80999994,0,0,0,0,1
4.919440,1784371176.554807,155,-2.99362445,-3.26221895,-6.20310974,0.440339446,422.21701,0,0,0.5,0.5,1,0.150000006,4.94999981,4.80999994,0,0,0,0,1
4.919440,1784371176.554807,156,-2.99451232,-3.25801468,-6.20367432,0.440220654,422.242035,0,0,0.5,0.5,1,0.150000006,4.94999981,4.80999994,0,0,0,0,1
4.950443,1784371176.585809,157,-3.00757027,-3.25138092,-6.20416832,0.440143436,422.267029,0,0,0.5,0.5,1,0.150000006,4.94999981,4.80999994,0,0,0,0,1
4.981441,1784371176.616808,158,-3.01670957,-3.25068331,-6.20390892,0.440093219,422.292023,0,0,0.5,0.5,1,0.150000006,4.94999981,4.80999994,0,0,0,0,1
5.012505,1784371176.647872,159,-3.02104568,-3.2468152,-6.20459747,0.440039366,422.317017,0,0,0.5,0.5,1,0.150000006,4.94999981,4.80999994,0,0,0,0,1
5.042634,1784371176.678001,160,-3.01486897,-3.22898722,-6.20507812,0.440025598,422.34201,0,0,0.5,0.5,1,0.150000006,4.94999981,4.80999994,0,0,0,0,1
5.042634,1784371176.678001,161,-3.01041365,-3.23169518,-6.2053299,0.440016627,422.367035,0,0,0.5,0.5,1,0.150000006,4.94999981,4.80999994,0,0,0,0,1
5.074504,1784371176.709871,162,-3.00512791,-3.24974203,-6.20586967,0.440010816,422.392029,0,0,0.5,0.5,1,0.150000006,4.94999981,4.80999994,0,0,0,0,1
5.105513,1784371176.740880,163,-3.00418568,-3.25545645,-6.20553017,0.440004557,422.417023,0,0,0.5,0.5,1,0.150000006,4.94999981,4.80999994,0,0,0,0,1
5.137505,1784371176.772871,164,-3.01044679,-3.24974823,-6.20552063,0.440002948,422.442017,0,0,0.5,0.5,1,0.150000006,4.94999981,4.80999994,0,0,0,0,1
5.168513,1784371176.803879,165,-3.01715517,-3.24271822,-6.20527267,0.440001905,422.46701,0,0,0.5,0.5,1,0.150000006,4.94999981,4.80999994,0,0,0,0,1
5.168513,1784371176.803879,166,-3.01944852,-3.24747133,-6.2051754,0.440001249,422.492035,0,0,0.5,0.5,1,0.150000006,4.94999981,4.80999994,0,0,0,0,1
5.200706,1784371176.836072,167,-3.01638794,-3.24728441,-6.20604706,0.440000534,422.517029,0,0,0.5,0.5,1,0.150000006,4.94999981,4.80999994,0,0,0,0,1
5.232616,1784371176.867983,168,-3.01241612,-3.24632692,-6.20686531,0.440000355,422.542023,0,0,0.5,0.5,1,0.150000006,4.94999981,4.80999994,0,0,0,0,1
5.264631,1784371176.899998,169,-3.00400686,-3.24879551,-6.20858955,0.443500221,422.567017,0,0,0.5,0.5,1,0.150000006,4.94999981,4.80999994,0,0,0,0,1
5.296506,1784371176.931873,170,-3.00774145,-3.2567296,-6.2093029,0.445775151,422.59201,0,0,0.5,0.5,1,0.150000006,4.94999981,4.80999994,0,0,0,0,1
5.296506,1784371176.931873,171,-3.01201272,-3.26614237,-6.20994949,0.443753839,422.617035,0,0,0.5,0.5,1,0.150000006,4.94999981,4.80999994,0,0,0,0,1
5.327588,1784371176.962955,172,-3.01624179,-3.26273775,-6.21053123,0.441585988,422.642029,0,0,0.5,0.5,1,0.150000006,4.94999981,4.80999994,0,0,0,0,1
5.359512,1784371176.994879,173,-3.01862526,-3.25750494,-6.20980835,0.44103089,422.667023,0,0,0.5,0.5,1,0.150000006,4.94999981,4.80999994,0,0,0,0,1
5.390514,1784371177.025881,174,-3.01932907,-3.25597048,-6.20966339,0.440670073,422.692017,0,0,0.5,0.5,1,0.150000006,4.94999981,4.80999994,0,0,0,0,1
5.390514,1784371177.025881,175,-3.01429391,-3.25280619,-6.20968437,0.440435559,422.71701,0,0,0.5,0.5,1,0.150000006,4.94999981,4.80999994,0,0,0,0,1
5.422516,1784371177.057883,176,-3.00780129,-3.24478865,-6.20991325,0.440184027,422.742035,0,0,0.5,0.5,1,0.150000006,4.94999981,4.80999994,0,0,0,0,1
5.454022,1784371177.089389,177,-3.0085206,-3.23673582,-6.21049309,0.440119624,422.767029,0,0,0.5,0.5,1,0.150000006,4.94999981,4.80999994,0,0,0,0,1
5.485021,1784371177.120387,178,-3.01101685,-3.23957205,-6.2109623,0.440077752,422.792023,0,0,0.5,0.5,1,0.150000006,4.94999981,4.80999994,0,0,0,0,1
5.517022,1784371177.152389,179,-3.01554942,-3.25199032,-6.21187592,0.440050542,422.817017,0,0,0.5,0.5,1,0.150000006,4.94999981,4.80999994,0,0,0,0,1
5.517022,1784371177.152389,180,-3.01625443,-3.25740099,-6.21272278,0.44003284,422.84201,0,0,0.5,0.5,1,0.150000006,4.94999981,4.80999994,0,0,0,0,1
5.548215,1784371177.183582,181,-3.01221395,-3.2635541,-6.21343994,0.440013856,422.867035,0,0,0.5,0.5,1,0.150000006,4.94999981,4.80999994,0,0,0,0,1
5.579015,1784371177.214381,182,-3.00499964,-3.26314926,-6.21449852,0.440008998,422.892029,0,0,0.5,0.5,1,0.150000006,4.94999981,4.80999994,0,0,0,0,1
5.610220,1784371177.245587,183,-3.00648069,-3.25386858,-6.21426582,0.440005839,422.917023,0,0,0.5,0.5,1,0.150000006,4.94999981,4.80999994,0,0,0,0,1
5.641307,1784371177.276674,184,-3.00717545,-3.24085474,-6.21420097,0.440003783,422.942017,0,0,0.5,0.5,1,0.150000006,4.94999981,4.80999994,0,0,0,0,1
5.641307,1784371177.276674,185,-3.00881243,-3.2312851,-6.21377754,0.440001607,422.96701,0,0,0.5,0.5,1,0.150000006,4.94999981,4.80999994,0,0,0,0,1
5.673312,1784371177.308678,186,-3.01456547,-3.23869562,-6.21328735,0.440001041,422.992035,0,0,0.5,0.5,1,0.150000006,4.94999981,4.80999994,0,0,0,0,1
5.704315,1784371177.339681,187,-3.02283263,-3.24679756,-6.21372032,0.440000683,423.017029,0,0,0.5,0.5,1,0.150000006,4.94999981,4.80999994,0,0,0,0,1
5.736255,1784371177.371622,188,-3.01884556,-3.25173569,-6.21365929,0.440000445,423.042023,0,0,0.5,0.5,1,0.150000006,4.94999981,4.80999994,0,0,0,0,1
5.768184,1784371177.403551,189,-3.01099539,-3.25333643,-6.21433449,0.445775181,423.067017,0,0,0.5,0.5,1,0.150000006,4.94999981,4.80999994,0,0,0,0,1
5.768184,1784371177.403551,190,-3.00542974,-3.24946642,-6.21530914,0.443753868,423.09201,0,0,0.5,0.5,1,0.150000006,4.94999981,4.80999994,0,0,0,0,1
5.799787,1784371177.435154,191,-3.00667906,-3.24233532,-6.21609306,0.442440003,423.117035,0,0,0.5,0.5,1,0.150000006,4.94999981,4.80999994,0,0,0,0,1
5.831517,1784371177.466884,192,-3.00874615,-3.23962069,-6.21780205,0.441585988,423.142029,0,0,0.5,0.5,1,0.150000006,4.94999981,4.80999994,0,0,0,0,1
5.862509,1784371177.497875,193,-3.01574659,-3.24164152,-6.21853638,0.44103089,423.167023,0,0,0.5,0.5,1,0.150000006,4.94999981,4.80999994,0,0,0,0,1
5.894505,1784371177.529872,194,-3.01689744,-3.25648212,-6.21913338,0.443935543,423.192017,0,0,0.5,0.5,1,0.150000006,4.94999981,4.80999994,0,0,0,0,1
5.894505,1784371177.529872,195,-3.01334023,-3.2711916,-6.21906281,0.446058095,423.21701,0,0,0.5,0.5,1,0.150000006,4.94999981,4.80999994,0,0,0,0,1
5.926513,1784371177.561879,196,-3.0065484,-3.28059053,-6.21888924,0.447437763,423.242035,0,0,0.5,0.5,1,0.150000006,4.94999981,4.80999994,0,0,0,0,1
5.958516,1784371177.593882,197,-2.9994092,-3.26778269,-6.21925545,0.44483453,423.267029,0,0,0.5,0.5,1,0.150000006,4.94999981,4.80999994,0,0,0,0,1
5.989528,1784371177.624894,198,-2.99717879,-3.25205612,-6.21862984,0.442042589,423.292023,0,0,0.5,0.5,1,0.150000006,4.94999981,4.80999994,0,0,0,0,1
6.021123,1784371177.656489,199,-3.00512362,-3.2462616,-6.21837425,0.441327691,423.317017,0,0,0.5,0.5,1,0.150000006,4.94999981,4.80999994,0,0,0,0,1
6.021123,1784371177.656489,200,-3.01576257,-3.23583651,-6.21927261,0.440863013,423.34201,0,0,0.5,0.5,1,0.150000006,4.94999981,4.80999994,0,0,0,0,1
6.052307,1784371177.687674,201,-3.02406073,-3.22747231,-6.21949005,0.440560967,423.367035,0,0,0.5,0.5,1,0.150000006,4.94999981,4.80999994,0,0,0,0,1
6.084234,1784371177.719600,202,-3.02329397,-3.23820925,-6.22094536,0.440237015,423.392029,0,0,0.5,0.5,1,0.150000006,4.94999981,4.80999994,0,0,0,0,1
6.116109,1784371177.751476,203,-3.01404428,-3.25676394,-6.22248268,0.440154046,423.417023,0,0,0.5,0.5,1,0.150000006,4.94999981,4.80999994,0,0,0,0,1
6.116109,1784371177.751476,204,-3.00041842,-3.26792097,-6.2241478,0.440100133,423.442017,0,0,0.5,0.5,1,0.150000006,4.94999981,4.80999994,0,0,0,0,1
6.148232,1784371177.783598,205,-2.98939109,-3.26211214,-6.2248497,0.443565071,423.46701,0,0,0.5,0.5,1,0.150000006,4.94999981,4.80999994,0,0,0,0,1
6.180111,1784371177.815478,206,-2.98962069,-3.2476635,-6.22485733,0.442317307,423.492035,0,0,0.5,0.5,1,0.150000006,4.94999981,4.80999994,0,0,0,0,1
6.211109,1784371177.846476,207,-3.00103188,-3.24068117,-6.22440338,0.440979064,423.517029,0,0,0.5,0.5,1,0.150000006,4.94999981,4.80999994,0,0,0,0,1
6.242232,1784371177.877599,208,-3.01493788,-3.23769474,-6.22379494,0.440636396,423.542023,0,0,0.5,0.5,1,0.150000006,4.94999981,4.80999994,0,0,0,0,1
6.242232,1784371177.877599,209,-3.02692127,-3.24024677,-6.22330284,0.440413654,423.567017,0,0,0.5,0.5,1,0.150000006,4.94999981,4.80999994,0,0,0,0,1
6.274325,1784371177.909692,210,-3.02676558,-3.24529791,-6.22325897,0.440268874,423.59201,0,0,0.5,0.5,1,0.150000006,4.94999981,4.80999994,0,0,0,0,1
6.305467,1784371177.940834,211,-3.0182457,-3.24685287,-6.22318649,0.440113604,423.617035,0,0,0.5,0.5,1,0.150000006,4.94999981,4.80999994,0,0,0,0,1
6.336736,1784371177.972103,212,-3.00810719,-3.24979591,-6.22388458,0.440073848,423.642029,0,0,0.5,0.5,1,0.150000006,4.94999981,4.80999994,0,0,0,0,1
6.367735,1784371178.003102,213,-3.0004375,-3.24415874,-6.22499275,0.440048009,423.667023,0,0,0.5,0.5,1,0.150000006,4.94999981,4.80999994,0,0,0,0,1
6.367735,1784371178.003102,214,-2.99542189,-3.23892879,-6.2255497,0.443531215,423.692017,0,0,0.5,0.5,1,0.150000006,4.94999981,4.80999994,0,0,0,0,1
6.399389,1784371178.034755,215,-2.99942684,-3.24175596,-6.22623634,0.442295283,423.71701,0,0,0.5,0.5,1,0.150000006,4.94999981,4.80999994,0,0,0,0,1
6.430522,1784371178.065889,216,-3.0084877,-3.25298548,-6.22720337,0.44446975,423.742035,0,0,0.5,0.5,1,0.150000006,4.94999981,4.80999994,0,0,0,0,1
6.462203,1784371178.097569,217,-3.01294446,-3.25858498,-6.22899437,0.442905337,423.767029,0,0,0.5,0.5,1,0.150000006,4.94999981,4.80999994,0,0,0,0,1
6.493587,1784371178.128954,218,-3.0139122,-3.25544786,-6.22969055,0.445388466,423.792023,0,0,0.5,0.5,1,0.150000006,4.94999981,4.80999994,0,0,0,0,1
6.493587,1784371178.128954,219,-3.01362514,-3.24518633,-6.22997475,0.4470025,423.817017,0,0,0.5,0.5,1,0.150000006,4.94999981,4.80999994,0,0,0,0,1
6.525095,1784371178.160462,220,-3.01129103,-3.23630333,-6.22963333,0.445233554,423.84201,0,0,0.5,0.5,1,0.150000006,4.94999981,4.80999994,0,0,0,0,1
6.556388,1784371178.191755,221,-3.00900459,-3.23308563,-6.22890091,0.443401814,423.867035,0,0,0.5,0.5,1,0.150000006,4.94999981,4.80999994,0,0,0,0,1
6.588313,1784371178.223680,222,-3.00976825,-3.23332596,-6.22821617,0.442211181,423.892029,0,0,0.5,0.5,1,0.150000006,4.94999981,4.80999994,0,0,0,0,1
6.620270,1784371178.255636,223,-3.01106191,-3.23886251,-6.22876549,0.441437274,423.917023,0,0,0.5,0.5,1,0.150000006,4.94999981,4.80999994,0,0,0,0,1
6.620270,1784371178.255636,224,-3.01382136,-3.24745655,-6.23019218,0.44060725,423.942017,0,0,0.5,0.5,1,0.150000006,4.94999981,4.80999994,0,0,0,0,1
6.651197,1784371178.286563,225,-3.01067615,-3.25152254,-6.23191452,0.4403947,423.96701,0,0,0.5,0.5,1,0.150000006,4.94999981,4.80999994,0,0,0,0,1
6.682197,1784371178.317564,226,-3.00063777,-3.24956274,-6.23287392,0.440256566,423.992035,0,0,0.5,0.5,1,0.150000006,4.94999981,4.80999994,0,0,0,0,1
6.714190,1784371178.349557,227,-2.99646163,-3.24891996,-6.23402786,0.440166771,424.017029,0,0,0.5,0.5,1,0.150000006,4.94999981,4.80999994,0,0,0,0,1
6.744756,1784371178.380122,228,-2.9986434,-3.25087643,-6.23438072,0.440108389,424.042023,0,0,0.5,0.5,1,0.150000006,4.94999981,4.80999994,0,0,0,0,1
6.744756,1784371178.380122,229,-3.00540304,-3.25397587,-6.23418999,0.443545789,424.067017,0,0,0.5,0.5,1,0.150000006,4.94999981,4.80999994,0,0,0,0,1
6.775765,1784371178.411132,230,-3.01280046,-3.25177002,-6.23410797,0.445804745,424.09201,0,0,0.5,0.5,1,0.150000006,4.94999981,4.80999994,0,0,0,0,1
6.807393,1784371178.442760,231,-3.02013302,-3.25808716,-6.23431396,0.447273076,424.117035,0,0,0.5,0.5,1,0.150000006,4.94999981,4.80999994,0,0,0,0,1
6.838634,1784371178.474001,232,-3.02438068,-3.2656002,-6.23498154,0.448227495,424.142029,0,0,0.5,0.5,1,0.150000006,4.94999981,4.80999994,0,0,0,0,1
6.869465,1784371178.504831,233,-3.01639652,-3.27035332,-6.23557472,0.445751101,424.167023,0,0,0.5,0.5,1,0.150000006,4.94999981,4.80999994,0,0,0,0,1
6.869465,1784371178.504831,234,-3.00641441,-3.2697072,-6.23586464,0.447238207,424.192017,0,0,0.5,0.5,1,0.150000006,4.94999981,4.80999994,0,0,0,0,1
6.900460,1784371178.535827,235,-2.99888062,-3.25515175,-6.23618698,0.448204815,424.21701,0,0,0.5,0.5,1,0.150000006,4.94999981,4.80999994,0,0,0,0,1
6.930541,1784371178.565907,236,-2.99708104,-3.25201368,-6.23560524,0.445333123,424.242035,0,0,0.5,0.5,1,0.150000006,4.94999981,4.80999994,0,0,0,0,1
6.962131,1784371178.597498,237,-2.99869013,-3.26140261,-6.23612404,0.444528252,424.267029,0,0,0.5,0.5,1,0.150000006,4.94999981,4.80999994,0,0,0,0,1
6.993238,1784371178.628605,238,-3.00267267,-3.26690722,-6.2367897,0.446443349,424.292023,0,0,0.5,0.5,1,0.150000006,4.94999981,4.80999994,0,0,0,0,1
6.993238,1784371178.628605,239,-3.0094347,-3.27134037,-6.23754501,0.444188178,424.317017,0,0,0.5,0.5,1,0.150000006,4.94999981,4.80999994,0,0,0,0,1
7.024505,1784371178.659872,240,-3.01259255,-3.27350664,-6.23926926,0.442722321,424.34201,0,0,0.5,0.5,1,0.150000006,4.94999981,4.80999994,0,0,0,0,1
7.055508,1784371178.690875,241,-3.00896859,-3.27465105,-6.24018288,0.441769511,424.367035,0,0,0.5,0.5,1,0.150000006,4.94999981,4.80999994,0,0,0,0,1
7.087080,1784371178.722447,242,-3.00905228,-3.27114916,-6.24042511,0.444247603,424.392029,0,0,0.5,0.5,1,0.150000006,4.94999981,4.80999994,0,0,0,0,1
7.118964,1784371178.754331,243,-3.01148367,-3.2668376,-6.24011803,0.446260929,424.417023,0,0,0.5,0.5,1,0.150000006,4.94999981,4.80999994,0,0,0,0,1
7.118964,1784371178.754331,244,-3.01306725,-3.26385498,-6.2395153,0.447569609,424.442017,0,0,0.5,0.5,1,0.150000006,4.94999981,4.80999994,0,0,0,0,1
7.150153,1784371178.785520,245,-3.01546383,-3.26896,-6.2392807,0.444920242,424.46701,0,0,0.5,0.5,1,0.150000006,4.94999981,4.80999994,0,0,0,0,1
7.181763,1784371178.817129,246,-3.01898789,-3.27108288,-6.23952484,0.442078799,424.492035,0,0,0.5,0.5,1,0.150000006,4.94999981,4.80999994,0,0,0,0,1
7.212755,1784371178.848122,247,-3.01948643,-3.27366877,-6.24033928,0.441351205,424.517029,0,0,0.5,0.5,1,0.150000006,4.94999981,4.80999994,0,0,0,0,1
7.212755,1784371178.848122,248,-3.01252413,-3.27336216,-6.24167061,0.440878272,424.542023,0,0,0.5,0.5,1,0.150000006,4.94999981,4.80999994,0,0,0,0,1
7.243833,1784371178.879200,249,-3.00679922,-3.26731634,-6.24314499,0.440570891,424.567017,0,0,0.5,0.5,1,0.150000006,4.94999981,4.80999994,0,0,0,0,1
7.274957,1784371178.910324,250,-3.00589848,-3.26006699,-6.24419022,0.440371066,424.59201,0,0,0.5,0.5,1,0.150000006,4.94999981,4.80999994,0,0,0,0,1
7.306957,1784371178.942324,251,-3.00921655,-3.25075626,-6.24522018,0.442431778,424.617035,0,0,0.5,0.5,1,0.150000006,4.94999981,4.80999994,0,0,0,0,1
7.338964,1784371178.974331,252,-3.01440239,-3.25396919,-6.24555969,0.445080638,424.642029,0,0,0.5,0.5,1,0.150000006,4.94999981,4.80999994,0,0,0,0,1
7.369883,1784371179.005250,253,-3.01941037,-3.26428843,-6.24578667,0.446802408,424.667023,0,0,0.5,0.5,1,0.150000006,4.94999981,4.80999994,0,0,0,0,1
7.369883,1784371179.005250,254,-3.02214527,-3.27051592,-6.24575233,0.44442156,424.692017,0,0,0.5,0.5,1,0.150000006,4.94999981,4.80999994,0,0,0,0,1
7.401958,1784371179.037324,255,-3.01753283,-3.26783848,-6.24594498,0.445368111,424.71701,0,0,0.5,0.5,1,0.150000006,4.94999981,4.80999994,0,0,0,0,1
7.433880,1784371179.069247,256,-3.01097727,-3.26751232,-6.24591446,0.446989268,424.742035,0,0,0.5,0.5,1,0.150000006,4.94999981,4.80999994,0,0,0,0,1
7.465017,1784371179.100384,257,-3.02330184,-3.25818682,-6.24718857,0.448043019,424.767029,0,0,0.5,0.5,1,0.150000006,4.94999981,4.80999994,0,0,0,0,1
7.497102,1784371179.132468,258,-3.01728964,-3.26340199,-6.24764824,0.445227951,424.792023,0,0,0.5,0.5,1,0.150000006,4.94999981,4.80999994,0,0,0,0,1
7.497102,1784371179.132468,259,-3.01957512,-3.26478529,-6.24833488,0.444483817,424.817017,0,0,0.5,0.5,1,0.150000006,4.94999981,4.80999994,0,0,0,0,1
7.528893,1784371179.164260,260,-3.00778794,-3.27388716,-6.2492218,0.442914486,424.84201,0,0,0.5,0.5,1,0.150000006,4.94999981,4.80999994,0,0,0,0,1
7.559097,1784371179.194463,261,-3.00930095,-3.2676177,-6.24784851,0.441894412,424.867035,0,0,0.5,0.5,1,0.150000006,4.94999981,4.80999994,0,0,0,0,1
7.590902,1784371179.226269,262,-3.01311946,-3.27665281,-6.25007629,0.44123137,424.892029,0,0,0.5,0.5,1,0.150000006,4.94999981,4.80999994,0,0,0,0,1
7.622900,1784371179.258266,263,-3.01832151,-3.25658226,-6.25035477,0.440800399,424.917023,0,0,0.5,0.5,1,0.150000006,4.94999981,4.80999994,0,0,0,0,1
7.622900,1784371179.258266,264,-3.02355289,-3.24841738,-6.25144958,0.440338165,424.942017,0,0,0.5,0.5,1,0.150000006,4.94999981,4.80999994,0,0,0,0,1
7.653892,1784371179.289259,265,-3.01819611,-3.24363041,-6.25137138,0.44021982,424.96701,0,0,0.5,0.5,1,0.150000006,4.94999981,4.80999994,0,0,0,0,1
7.684901,1784371179.320267,266,-3.02057028,-3.25076485,-6.25102615,0.44014287,424.992035,0,0,0.5,0.5,1,0.150000006,4.94999981,4.80999994,0,0,0,0,1
7.716903,1784371179.352270,267,-3.01036716,-3.26542616,-6.25124931,0.440092862,425.017029,0,0,0.5,0.5,1,0.150000006,4.94999981,4.80999994,0,0,0,0,1
7.716903,1784371179.352270,268,-3.00806189,-3.27516556,-6.25021744,0.440039217,425.042023,0,0,0.5,0.5,1,0.150000006,4.94999981,4.80999994,0,0,0,0,1
7.747957,1784371179.383323,269,-3.00764799,-3.28307438,-6.25210953,0.440025479,425.067017,0,0,0.5,0.5,1,0.150000006,4.94999981,4.80999994,0,0,0,0,1
7.779915,1784371179.415282,270,-3.01639295,-3.27223921,-6.25325012,0.440016568,425.09201,0,0,0.5,0.5,1,0.150000006,4.94999981,4.80999994,0,0,0,0,1
7.810273,1784371179.445640,271,-3.02425098,-3.25657606,-6.2550621,0.440010756,425.117035,0,0,0.5,0.5,1,0.150000006,4.94999981,4.80999994,0,0,0,0,1
7.841794,1784371179.477160,272,-3.0207231,-3.2413125,-6.25488091,0.440007001,425.142029,0,0,0.5,0.5,1,0.150000006,4.94999981,4.80999994,0,0,0,0,1
7.841794,1784371179.477160,273,-3.02546191,-3.24043655,-6.25587845,0.440002948,425.167023,0,0,0.5,0.5,1,0.150000006,4.94999981,4.80999994,0,0,0,0,1
7.872787,1784371179.508154,274,-3.01935291,-3.2469883,-6.25587082,0.440001905,425.192017,0,0,0.5,0.5,1,0.150000006,4.94999981,4.80999994,0,0,0,0,1
7.903688,1784371179.539055,275,-3.01605034,-3.25923347,-6.2556839,0.440001249,425.21701,0,0,0.5,0.5,1,0.150000006,4.94999981,4.80999994,0,0,0,0,1
7.935747,1784371179.571114,276,-3.00730062,-3.26404476,-6.2555809,0.440000802,425.242035,0,0,0.5,0.5,1,0.150000006,4.94999981,4.80999994,0,0,0,0,1
7.966742,1784371179.602109,277,-3.01378655,-3.26064491,-6.25458717,0.440000355,425.267029,0,0,0.5,0.5,1,0.150000006,4.94999981,4.80999994,0,0,0,0,1
7.966742,1784371179.602109,278,-3.01566172,-3.25533867,-6.25556183,0.440000236,425.292023,0,0,0.5,0.5,1,0.150000006,4.94999981,4.80999994,0,0,0,0,1
7.997569,1784371179.632936,279,-3.017416,-3.24307013,-6.25619125,0.440000147,425.317017,0,0,0.5,0.5,1,0.150000006,4.94999981,4.80999994,0,0,0,0,1
8.029110,1784371179.664476,280,-3.02207375,-3.23804474,-6.25745773,0.440000087,425.34201,0,0,0.5,0.5,1,0.150000006,4.94999981,4.80999994,0,0,0,0,1
8.060234,1784371179.695600,281,-3.02368236,-3.24572515,-6.25707436,0.440000027,425.367035,0,0,0.5,0.5,1,0.150000006,4.94999981,4.80999994,0,0,0,0,1
8.092233,1784371179.727599,282,-3.01834488,-3.26136446,-6.25836563,0.440000027,425.392029,0,0,0.5,0.5,1,0.150000006,4.94999981,4.80999994,0,0,0,0,1
8.092233,1784371179.727599,283,-3.00987053,-3.27103281,-6.25865364,0.443500012,425.417023,0,0,0.5,0.5,1,0.150000006,4.94999981,4.80999994,0,0,0,0,1
8.122910,1784371179.758276,284,-3.01006603,-3.26376009,-6.25919151,0.442275017,425.442017,0,0,0.5,0.5,1,0.150000006,4.94999981,4.80999994,0,0,0,0,1
8.153987,1784371179.789354,285,-3.00816846,-3.25378895,-6.25934219,0.441478759,425.46701,0,0,0.5,0.5,1,0.150000006,4.94999981,4.80999994,0,0,0,0,1
8.184995,1784371179.820362,286,-3.01396537,-3.24508429,-6.25906372,0.440624774,425.492035,0,0,0.5,0.5,1,0.150000006,4.94999981,4.80999994,0,0,0,0,1
8.216188,1784371179.851555,287,-3.0122366,-3.23494196,-6.25990295,0.440406114,425.517029,0,0,0.5,0.5,1,0.150000006,4.94999981,4.80999994,0,0,0,0,1
8.247960,1784371179.883327,288,-3.01831532,-3.23408842,-6.26019669,0.440263987,425.542023,0,0,0.5,0.5,1,0.150000006,4.94999981,4.80999994,0,0,0,0,1
8.247960,1784371179.883327,289,-3.0166707,-3.2430315,-6.26082802,0.440171599,425.567017,0,0,0.5,0.5,1,0.150000006,4.94999981,4.80999994,0,0,0,0,1
8.279785,1784371179.915152,290,-3.01340437,-3.25605631,-6.2612915,0.440072507,425.59201,0,0,0.5,0.5,1,0.150000006,4.94999981,4.80999994,0,0,0,0,1
8.310792,1784371179.946159,291,-3.01124501,-3.26587152,-6.26237869,0.440047115,425.617035,0,0,0.5,0.5,1,0.150000006,4.94999981,4.80999994,0,0,0,0,1
8.342797,1784371179.978163,292,-3.00703001,-3.2616744,-6.26239586,0.440030634,425.642029,0,0,0.5,0.5,1,0.150000006,4.94999981,4.80999994,0,0,0,0,1
8.342797,1784371179.978163,293,-3.00703192,-3.25475883,-6.26338387,0.440019906,425.667023,0,0,0.5,0.5,1,0.150000006,4.94999981,4.80999994,0,0,0,0,1
8.373792,1784371180.009158,294,-3.00896072,-3.25231791,-6.26391983,0.440008402,425.692017,0,0,0.5,0.5,1,0.150000006,4.94999981,4.80999994,0,0,0,0,1
8.404794,1784371180.040160,295,-3.01864672,-3.24588394,-6.26488113,0.440005451,425.71701,0,0,0.5,0.5,1,0.150000006,4.94999981,4.80999994,0,0,0,0,1
8.435792,1784371180.071159,296,-3.02133107,-3.2450242,-6.26545143,0.440003544,425.742035,0,0,0.5,0.5,1,0.150000006,4.94999981,4.80999994,0,0,0,0,1
8.467401,1784371180.102768,297,-3.02109861,-3.25436544,-6.26595688,0.440002292,425.767029,0,0,0.5,0.5,1,0.150000006,4.94999981,4.80999994,0,0,0,0,1
8.467401,1784371180.102768,298,-3.01651382,-3.26225996,-6.2664547,0.440001488,425.792023,0,0,0.5,0.5,1,0.150000006,4.94999981,4.80999994,0,0,0,0,1
8.499401,1784371180.134768,299,-3.01603389,-3.26826048,-6.26626205,0.440000623,425.817017,0,0,0.5,0.5,1,0.150000006,4.94999981,4.80999994,0,0,0,0,1
8.530396,1784371180.165763,300,-3.01102853,-3.26697302,-6.26643753,0.440000415,425.84201,0,0,0.5,0.5,1,0.150000006,4.94999981,4.80999994,0,0,0,0,1
8.562398,1784371180.197765,301,-3.0092063,-3.26546526,-6.26659203,0.440000266,425.867035,0,0,0.5,0.5,1,0.150000006,4.94999981,4.80999994,0,0,0,0,1
8.594394,1784371180.229761,302,-3.00952601,-3.26001453,-6.26727104,0.440000176,425.892029,0,0,0.5,0.5,1,0.150000006,4.94999981,4.80999994,0,0,0,0,1
8.594394,1784371180.229761,303,-3.01308393,-3.25273466,-6.26810265,0.443500072,425.917023,0,0,0.5,0.5,1,0.150000006,4.94999981,4.80999994,0,0,0,0,1
8.626481,1784371180.261847,304,-3.01474929,-3.25133324,-6.26884651,0.445775032,425.942017,0,0,0.5,0.5,1,0.150000006,4.94999981,4.80999994,0,0,0,0,1
8.657478,1784371180.292845,305,-3.0160687,-3.25426531,-6.26942444,0.443753779,425.96701,0,0,0.5,0.5,1,0.150000006,4.94999981,4.80999994,0,0,0,0,1
8.688397,1784371180.323763,306,-3.01621962,-3.25727367,-6.26963425,0.442439944,425.992035,0,0,0.5,0.5,1,0.150000006,4.94999981,4.80999994,0,0,0,0,1
8.719471,1784371180.354838,307,-3.01274204,-3.25859547,-6.26978493,0.441585958,426.017029,0,0,0.5,0.5,1,0.150000006,4.94999981,4.80999994,0,0,0,0,1
9.692649,1784371181.328016,308,-3.01808357,-3.24208784,-6.27825546,0.440670073,426.534027,0,0,0.5,0.5,1,0.150000006,4.94999981,4.80999994,0,0,0,0,1
9.692649,1784371181.328016,309,-3.00246954,-3.25496197,-6.28715897,0.440435559,427.003021,0,0,0.5,0.5,1,0.150000006,4.94999981,4.80999994,0,0,0,0,1
9.724526,1784371181.359893,310,-3.0047915,-3.25591087,-6.28765869,0.44028312,427.028015,0,0,0.5,0.5,1,0.150000006,4.94999981,4.80999994,0,0,0,0,1
9.755651,1784371181.391017,311,-3.00835371,-3.25203037,-6.28927231,0.440184027,427.053009,0,0,0.5,0.5,1,0.150000006,4.94999981,4.80999994,0,0,0,0,1
9.755651,1784371181.391017,312,-3.01125216,-3.24671316,-6.29030037,0.440077752,427.078033,0,0,0.5,0.5,1,0.150000006,4.94999981,4.80999994,0,0,0,0,1
9.787672,1784371181.423039,313,-3.01470423,-3.24326277,-6.29118156,0.440050542,427.103027,0,0,0.5,0.5,1,0.150000006,4.94999981,4.80999994,0,0,0,0,1
9.818298,1784371181.453665,314,-3.01769423,-3.24610853,-6.29174042,0.443532854,427.128021,0,0,0.5,0.5,1,0.150000006,4.94999981,4.80999994,0,0,0,0,1
9.849301,1784371181.484668,315,-3.01755285,-3.25030899,-6.29135513,0.445796341,427.153015,0,0,0.5,0.5,1,0.150000006,4.94999981,4.80999994,0,0,0,0,1
9.895173,1784371181.530540,316,-3.0143671,-3.25814772,-6.29167747,0.444723964,427.178009,0,0,0.5,0.5,1,0.150000006,4.94999981,4.80999994,0,0,0,0,1
9.895173,1784371181.530540,317,-3.01155281,-3.25913715,-6.29128647,0.446570575,427.203033,0,0,0.5,0.5,1,0.150000006,4.94999981,4.80999994,0,0,0,0,1
9.926372,1784371181.561738,318,-3.00949883,-3.25939512,-6.29106522,0.447770864,427.228027,0,0,0.5,0.5,1,0.150000006,4.94999981,4.80999994,0,0,0,0,1
9.957838,1784371181.593204,319,-3.00939655,-3.25351095,-6.29207802,0.448551059,427.253021,0,0,0.5,0.5,1,0.150000006,4.94999981,4.80999994,0,0,0,0,1
9.957838,1784371181.593204,320,-3.0119679,-3.25125456,-6.29285049,0.449058175,427.278015,0,0,0.5,0.5,1,0.150000006,4.94999981,4.80999994,0,0,0,0,1
9.988930,1784371181.624296,321,-3.01314974,-3.25098372,-6.29412651,0.446102083,427.303009,0,0,0.5,0.5,1,0.150000006,4.94999981,4.80999994,0,0,0,0,1
10.020770,1784371181.656137,322,-3.01579857,-3.24922132,-6.29499054,0.447466344,427.328033,0,0,0.5,0.5,1,0.150000006,4.94999981,4.80999994,0,0,0,0,1
10.051932,1784371181.687298,323,-3.01808023,-3.24449015,-6.29542542,0.444853127,427.353027,0,0,0.5,0.5,1,0.150000006,4.94999981,4.80999994,0,0,0,0,1
10.051932,1784371181.687298,324,-3.01928616,-3.23533201,-6.29549217,0.443154544,427.378021,0,0,0.5,0.5,1,0.150000006,4.94999981,4.80999994,0,0,0,0,1
10.082932,1784371181.718298,325,-3.01594615,-3.2254777,-6.29524803,0.441332787,427.403015,0,0,0.5,0.5,1,0.150000006,4.94999981,4.80999994,0,0,0,0,1
10.113444,1784371181.748811,326,-3.01407743,-3.22519398,-6.29530144,0.440866321,427.428009,0,0,0.5,0.5,1,0.150000006,4.94999981,4.80999994,0,0,0,0,1
10.145181,1784371181.780548,327,-3.00720358,-3.22616053,-6.29582214,0.440563112,427.453033,0,0,0.5,0.5,1,0.150000006,4.94999981,4.80999994,0,0,0,0,1
10.176192,1784371181.811559,328,-3.00539446,-3.22955847,-6.2966156,0.443866014,427.478027,0,0,0.5,0.5,1,0.150000006,4.94999981,4.80999994,0,0,0,0,1
10.176192,1784371181.811559,329,-3.00303936,-3.23026896,-6.29769516,0.445133388,427.503021,0,0,0.5,0.5,1,0.150000006,4.94999981,4.80999994,0,0,0,0,1
10.207799,1784371181.843166,330,-3.00534105,-3.23049116,-6.29818726,0.44683671,427.528015,0,0,0.5,0.5,1,0.150000006,4.94999981,4.80999994,0,0,0,0,1
10.239807,1784371181.875174,331,-3.00657392,-3.23328304,-6.29841614,0.447943866,427.553009,0,0,0.5,0.5,1,0.150000006,4.94999981,4.80999994,0,0,0,0,1
10.271811,1784371181.907178,332,-3.0072422,-3.23495626,-6.29843903,0.448663503,427.578033,0,0,0.5,0.5,1,0.150000006,4.94999981,4.80999994,0,0,0,0,1
10.302239,1784371181.937606,333,-3.01119757,-3.2368865,-6.29890823,0.445631266,427.603027,0,0,0.5,0.5,1,0.150000006,4.94999981,4.80999994,0,0,0,0,1
10.302239,1784371181.937606,334,-3.01033902,-3.23894358,-6.29919624,0.445879191,427.628021,0,0,0.5,0.5,1,0.150000006,4.94999981,4.80999994,0,0,0,0,1
10.334017,1784371181.969384,335,-3.0064981,-3.24049568,-6.29971695,0.44382146,427.653015,0,0,0.5,0.5,1,0.150000006,4.94999981,4.80999994,0,0,0,0,1
10.379935,1784371182.015302,336,-3.00094533,-3.24171209,-6.30061913,0.442483962,427.678009,0,0,0.5,0.5,1,0.150000006,4.94999981,4.80999994,0,0,0,0,1
10.379935,1784371182.015302,337,-3.00441885,-3.24833393,-6.30082512,0.441614568,427.703033,0,0,0.5,0.5,1,0.150000006,4.94999981,4.80999994,0,0,0,0,1
10.410797,1784371182.046164,338,-3.00750184,-3.25072527,-6.30098534,0.440682143,427.728027,0,0,0.5,0.5,1,0.150000006,4.94999981,4.80999994,0,0,0,0,1
10.441804,1784371182.077171,339,-3.01154613,-3.24875879,-6.30105972,0.440443397,427.753021,0,0,0.5,0.5,1,0.150000006,4.94999981,4.80999994,0,0,0,0,1
10.473808,1784371182.109174,340,-3.01326895,-3.24386168,-6.301548,0.440288216,427.778015,0,0,0.5,0.5,1,0.150000006,4.94999981,4.80999994,0,0,0,0,1
10.504401,1784371182.139768,341,-3.01136065,-3.23665524,-6.30177689,0.440187335,427.803009,0,0,0.5,0.5,1,0.150000006,4.94999981,4.80999994,0,0,0,0,1
10.504401,1784371182.139768,342,-3.00747252,-3.23527098,-6.30226517,0.44012177,427.828033,0,0,0.5,0.5,1,0.150000006,4.94999981,4.80999994,0,0,0,0,1
10.535404,1784371182.170770,343,-3.00374317,-3.23727942,-6.30276489,0.440051436,427.853027,0,0,0.5,0.5,1,0.150000006,4.94999981,4.80999994,0,0,0,0,1
10.566992,1784371182.202359,344,-3.00080562,-3.23876095,-6.30308533,0.443533421,427.878021,0,0,0.5,0.5,1,0.150000006,4.94999981,4.80999994,0,0,0,0,1
10.598045,1784371182.233412,345,-3.00378394,-3.24100733,-6.3033886,0.442296714,427.903015,0,0,0.5,0.5,1,0.150000006,4.94999981,4.80999994,0,0,0,0,1
10.629963,1784371182.265329,346,-3.00763035,-3.24785471,-6.30397987,0.441492856,427.928009,0,0,0.5,0.5,1,0.150000006,4.94999981,4.80999994,0,0,0,0,1
10.629963,1784371182.265329,347,-3.0106554,-3.2525363,-6.30438614,0.444130719,427.953033,0,0,0.5,0.5,1,0.150000006,4.94999981,4.80999994,0,0,0,0,1
10.661963,1784371182.297330,348,-3.01166987,-3.25470018,-6.30498886,0.442684978,427.978027,0,0,0.5,0.5,1,0.150000006,4.94999981,4.80999994,0,0,0,0,1
10.694045,1784371182.329412,349,-3.00630093,-3.25543404,-6.30551338,0.441745222,428.003021,0,0,0.5,0.5,1,0.150000006,4.94999981,4.80999994,0,0,0,0,1
10.725037,1784371182.360403,350,-3.00001836,-3.25713587,-6.30650711,0.441134393,428.028015,0,0,0.5,0.5,1,0.150000006,4.94999981,4.80999994,0,0,0,0,1
10.756036,1784371182.391402,351,-2.99481201,-3.25886059,-6.30750275,0.440479279,428.053009,0,0,0.5,0.5,1,0.150000006,4.94999981,4.80999994,0,0,0,0,1
10.756036,1784371182.391402,352,-2.99805856,-3.25318813,-6.30838966,0.440311521,428.078033,0,0,0.5,0.5,1,0.150000006,4.94999981,4.80999994,0,0,0,0,1
10.787137,1784371182.422504,353,-3.00381517,-3.24379492,-6.30883026,0.440202475,428.103027,0,0,0.5,0.5,1,0.150000006,4.94999981,4.80999994,0,0,0,0,1
10.818753,1784371182.454120,354,-3.00978947,-3.23748827,-6.30911827,0.440131605,428.128021,0,0,0.5,0.5,1,0.150000006,4.94999981,4.80999994,0,0,0,0,1
10.850130,1784371182.485497,355,-3.01288009,-3.23398113,-6.30911827,0.44008553,428.153015,0,0,0.5,0.5,1,0.150000006,4.94999981,4.80999994,0,0,0,0,1
10.880259,1784371182.515626,356,-3.01219201,-3.23654795,-6.30893326,0.443536133,428.178009,0,0,0.5,0.5,1,0.150000006,4.94999981,4.80999994,0,0,0,0,1
10.880259,1784371182.515626,357,-3.00840497,-3.24797201,-6.30931091,0.442298472,428.203033,0,0,0.5,0.5,1,0.150000006,4.94999981,4.80999994,0,0,0,0,1
10.911083,1784371182.546450,358,-3.00146508,-3.25243282,-6.30994415,0.441494018,428.228027,0,0,0.5,0.5,1,0.150000006,4.94999981,4.80999994,0,0,0,0,1
10.942060,1784371182.577426,359,-3.00022745,-3.25423384,-6.31057549,0.444471121,428.253021,0,0,0.5,0.5,1,0.150000006,4.94999981,4.80999994,0,0,0,0,1
10.973062,1784371182.608428,360,-3.00444245,-3.25560427,-6.31149864,0.441889048,428.278015,0,0,0.5,0.5,1,0.150000006,4.94999981,4.80999994,0,0,0,0,1
11.003930,1784371182.639297,361,-3.00587606,-3.25584269,-6.31196976,0.444727868,428.303009,0,0,0.5,0.5,1,0.150000006,4.94999981,4.80999994,0,0,0,0,1
11.003930,1784371182.639297,362,-3.01116657,-3.25133753,-6.31228256,0.443073124,428.328033,0,0,0.5,0.5,1,0.150000006,4.94999981,4.80999994,0,0,0,0,1
11.035043,1784371182.670410,363,-3.01631284,-3.24651194,-6.31206131,0.441997528,428.353027,0,0,0.5,0.5,1,0.150000006,4.94999981,4.80999994,0,0,0,0,1
11.066433,1784371182.701799,364,-3.01481533,-3.24268723,-6.31208038,0.44084397,428.378021,0,0,0.5,0.5,1,0.150000006,4.94999981,4.80999994,0,0,0,0,1
11.097517,1784371182.732884,365,-3.01054335,-3.24146128,-6.31217766,0.440548569,428.403015,0,0,0.5,0.5,1,0.150000006,4.94999981,4.80999994,0,0,0,0,1
11.143461,1784371182.778828,366,-3.00467634,-3.23833752,-6.31250191,0.440356582,428.428009,0,0,0.5,0.5,1,0.150000006,4.94999981,4.80999994,0,0,0,0,1
11.143461,1784371182.778828,367,-3.00498438,-3.23972368,-6.31271935,0.44023177,428.453033,0,0,0.5,0.5,1,0.150000006,4.94999981,4.80999994,0,0,0,0,1
11.173764,1784371182.809131,368,-3.00481462,-3.24442387,-6.31321335,0.443650633,428.478027,0,0,0.5,0.5,1,0.150000006,4.94999981,4.80999994,0,0,0,0,1
11.204374,1784371182.839740,369,-3.00873017,-3.24762249,-6.31338882,0.445042402,428.503021,0,0,0.5,0.5,1,0.150000006,4.94999981,4.80999994,0,0,0,0,1
11.204374,1784371182.839740,370,-3.01406956,-3.24981022,-6.31431389,0.446777552,428.528015,0,0,0.5,0.5,1,0.150000006,4.94999981,4.80999994,0,0,0,0,1
11.236270,1784371182.871637,371,-3.01870728,-3.25391769,-6.31460571,0.444405407,428.553009,0,0,0.5,0.5,1,0.150000006,4.94999981,4.80999994,0,0,0,0,1
11.267385,1784371182.902752,372,-3.01917076,-3.26008081,-6.31538963,0.442863524,428.578033,0,0,0.5,0.5,1,0.150000006,4.94999981,4.80999994,0,0,0,0,1
11.299269,1784371182.934636,373,-3.01309443,-3.26305819,-6.31611061,0.441209853,428.603027,0,0,0.5,0.5,1,0.150000006,4.94999981,4.80999994,0,0,0,0,1
11.330268,1784371182.965634,374,-3.0084486,-3.25502586,-6.3168087,0.444286406,428.628021,0,0,0.5,0.5,1,0.150000006,4.94999981,4.80999994,0,0,0,0,1
11.330268,1784371182.965634,375,-3.00540829,-3.24086046,-6.31723595,0.446286172,428.653015,0,0,0.5,0.5,1,0.150000006,4.94999981,4.80999994,0,0,0,0,1
11.362262,1784371182.997629,376,-3.00782466,-3.23455048,-6.31732559,0.444086015,428.678009,0,0,0.5,0.5,1,0.150000006,4.94999981,4.80999994,0,0,0,0,1
11.393271,1784371183.028638,377,-3.01221132,-3.23606157,-6.31728172,0.442655921,428.703033,0,0,0.5,0.5,1,0.150000006,4.94999981,4.80999994,0,0,0,0,1
11.425271,1784371183.060638,378,-3.01353645,-3.24650621,-6.3172493,0.441122144,428.728027,0,0,0.5,0.5,1,0.150000006,4.94999981,4.80999994,0,0,0,0,1
11.456268,1784371183.091635,379,-3.01405263,-3.25480747,-6.31776428,0.44072938,428.753021,0,0,0.5,0.5,1,0.150000006,4.94999981,4.80999994,0,0,0,0,1
11.456268,1784371183.091635,380,-3.01290083,-3.2528429,-6.31875229,0.440474093,428.778015,0,0,0.5,0.5,1,0.150000006,4.94999981,4.80999994,0,0,0,0,1
11.488268,1784371183.123634,381,-3.01105905,-3.24767828,-6.31983185,0.440308154,428.803009,0,0,0.5,0.5,1,0.150000006,4.94999981,4.80999994,0,0,0,0,1
11.519268,1784371183.154634,382,-3.00978494,-3.24413252,-6.32138443,0.440130204,428.828033,0,0,0.5,0.5,1,0.150000006,4.94999981,4.80999994,0,0,0,0,1
11.551399,1784371183.186765,383,-3.00915575,-3.24490404,-6.3220787,0.440084636,428.853027,0,0,0.5,0.5,1,0.150000006,4.94999981,4.80999994,0,0,0,0,1
11.583466,1784371183.218833,384,-3.01196647,-3.24840784,-6.32250977,0.440055013,428.878021,0,0,0.5,0.5,1,0.150000006,4.94999981,4.80999994,0,0,0,0,1
11.583466,1784371183.218833,385,-3.01451874,-3.25447369,-6.32314873,0.44003576,428.903015,0,0,0.5,0.5,1,0.150000006,4.94999981,4.80999994,0,0,0,0,1
11.615215,1784371183.250582,386,-3.01631546,-3.25803518,-6.32388878,0.440015107,428.928009,0,0,0.5,0.5,1,0.150000006,4.94999981,4.80999994,0,0,0,0,1
11.646568,1784371183.281934,387,-3.01622796,-3.25541019,-6.32401276,0.440009832,428.953033,0,0,0.5,0.5,1,0.150000006,4.94999981,4.80999994,0,0,0,0,1
11.677650,1784371183.313017,388,-3.01174498,-3.25220203,-6.32374573,0.440006375,428.978027,0,0,0.5,0.5,1,0.150000006,4.94999981,4.80999994,0,0,0,0,1
11.709551,1784371183.344918,389,-3.00620508,-3.25043249,-6.32352829,0.44000414,429.003021,0,0,0.5,0.5,1,0.150000006,4.94999981,4.80999994,0,0,0,0,1
11.709551,1784371183.344918,390,-3.00338364,-3.25072622,-6.3238163,0.44000268,429.028015,0,0,0.5,0.5,1,0.150000006,4.94999981,4.80999994,0,0,0,0,1
11.740194,1784371183.375561,391,-3.00553203,-3.24786043,-6.32424355,0.44000113,429.053009,0,0,0.5,0.5,1,0.150000006,4.94999981,4.80999994,0,0,0,0,1
11.771581,1784371183.406948,392,-3.00976253,-3.25404644,-6.32511902,0.440000743,429.078033,0,0,0.5,0.5,1,0.150000006,4.94999981,4.80999994,0,0,0,0,1
11.802603,1784371183.437969,393,-3.01343155,-3.26188326,-6.32622337,0.440000474,429.103027,0,0,0.5,0.5,1,0.150000006,4.94999981,4.80999994,0,0,0,0,1
11.802603,1784371183.437969,394,-3.01642084,-3.26028013,-6.32696533,0.440000296,429.128021,0,0,0.5,0.5,1,0.150000006,4.94999981,4.80999994,0,0,0,0,1
11.832989,1784371183.468356,395,-3.01181245,-3.25245619,-6.3275013,0.440000117,429.153015,0,0,0.5,0.5,1,0.150000006,4.94999981,4.80999994,0,0,0,0,1
11.864292,1784371183.499659,396,-3.006145,-3.24798918,-6.32753944,0.440000087,429.178009,0,0,0.5,0.5,1,0.150000006,4.94999981,4.80999994,0,0,0,0,1
11.895426,1784371183.530793,397,-3.00137949,-3.24329138,-6.32773018,0.440000057,429.203033,0,0,0.5,0.5,1,0.150000006,4.94999981,4.80999994,0,0,0,0,1
11.926709,1784371183.562076,398,-3.00264049,-3.23895407,-6.32775688,0.443500042,429.228027,0,0,0.5,0.5,1,0.150000006,4.94999981,4.80999994,0,0,0,0,1
11.958020,1784371183.593387,399,-3.00623798,-3.23937178,-6.32779312,0.441478759,429.253021,0,0,0.5,0.5,1,0.150000006,4.94999981,4.80999994,0,0,0,0,1
11.958020,1784371183.593387,400,-3.00793028,-3.24531746,-6.32795143,0.440961182,429.278015,0,0,0.5,0.5,1,0.150000006,4.94999981,4.80999994,0,0,0,0,1
11.988031,1784371183.623398,401,-3.01089716,-3.24905252,-6.32826614,0.440624774,429.303009,0,0,0.5,0.5,1,0.150000006,4.94999981,4.80999994,0,0,0,0,1
12.018660,1784371183.654027,402,-3.01082683,-3.2486968,-6.32873154,0.440406114,429.328033,0,0,0.5,0.5,1,0.150000006,4.94999981,4.80999994,0,0,0,0,1
12.050656,1784371183.686022,403,-3.0096693,-3.24787807,-6.32926941,0.440263987,429.353027,0,0,0.5,0.5,1,0.150000006,4.94999981,4.80999994,0,0,0,0,1
12.081307,1784371183.716674,404,-3.00893688,-3.24438524,-6.32998848,0.440111548,429.378021,0,0,0.5,0.5,1,0.150000006,4.94999981,4.80999994,0,0,0,0,1
12.081307,1784371183.716674,405,-3.00645185,-3.24822474,-6.33075523,0.443572491,429.403015,0,0,0.5,0.5,1,0.150000006,4.94999981,4.80999994,0,0,0,0,1
12.111713,1784371183.747080,406,-3.00771976,-3.25571823,-6.3313427,0.44582212,429.428009,0,0,0.5,0.5,1,0.150000006,4.94999981,4.80999994,0,0,0,0,1
12.142298,1784371183.777665,407,-3.00945854,-3.26249123,-6.33197021,0.443784386,429.453033,0,0,0.5,0.5,1,0.150000006,4.94999981,4.80999994,0,0,0,0,1
12.173527,1784371183.808894,408,-3.011446,-3.26059103,-6.33226395,0.441598892,429.478027,0,0,0.5,0.5,1,0.150000006,4.94999981,4.80999994,0,0,0,0,1
12.205539,1784371183.840905,409,-3.01259041,-3.25397301,-6.33238792,0.441039264,429.503021,0,0,0.5,0.5,1,0.150000006,4.94999981,4.80999994,0,0,0,0,1
12.205539,1784371183.840905,410,-3.01485348,-3.25253534,-6.33224487,0.440675527,429.528015,0,0,0.5,0.5,1,0.150000006,4.94999981,4.80999994,0,0,0,0,1
12.237414,1784371183.872780,411,-3.01505947,-3.25078344,-6.33227921,0.44393909,429.553009,0,0,0.5,0.5,1,0.150000006,4.94999981,4.80999994,0,0,0,0,1
12.268604,1784371183.903970,412,-3.01347399,-3.25220871,-6.33267212,0.442560405,429.578033,0,0,0.5,0.5,1,0.150000006,4.94999981,4.80999994,0,0,0,0,1
12.299557,1784371183.934924,413,-3.01155949,-3.25295925,-6.33330154,0.441081762,429.603027,0,0,0.5,0.5,1,0.150000006,4.94999981,4.80999994,0,0,0,0,1
12.330404,1784371183.965771,414,-3.00794005,-3.25297928,-6.33410072,0.440703154,429.628021,0,0,0.5,0.5,1,0.150000006,4.94999981,4.80999994,0,0,0,0,1
12.330404,1784371183.965771,415,-3.00656939,-3.25008821,-6.33487129,0.443957031,429.653015,0,0,0.5,0.5,1,0.150000006,4.94999981,4.80999994,0,0,0,0,1
12.362404,1784371183.997771,416,-3.00531363,-3.24979639,-6.33624077,0.442572057,429.678009,0,0,0.5,0.5,1,0.150000006,4.94999981,4.80999994,0,0,0,0,1
12.393414,1784371184.028781,417,-3.00564551,-3.25175571,-6.33667374,0.441086709,429.703033,0,0,0.5,0.5,1,0.150000006,4.94999981,4.80999994,0,0,0,0,1
12.424414,1784371184.059781,418,-3.00564289,-3.25884914,-6.33680534,0.440706372,429.728027,0,0,0.5,0.5,1,0.150000006,4.94999981,4.80999994,0,0,0,0,1
12.455403,1784371184.090769,419,-3.00896263,-3.25912666,-6.33712006,0.440459132,429.753021,0,0,0.5,0.5,1,0.150000006,4.94999981,4.80999994,0,0,0,0,1
12.455403,1784371184.090769,420,-3.01120996,-3.25751925,-6.33752632,0.440298438,429.778015,0,0,0.5,0.5,1,0.150000006,4.94999981,4.80999994,0,0,0,0,1
12.487410,1784371184.122777,421,-3.01510048,-3.25969744,-6.33771896,0.440126091,429.803009,0,0,0.5,0.5,1,0.150000006,4.94999981,4.80999994,0,0,0,0,1
12.517411,1784371184.152777,422,-3.01229382,-3.25843668,-6.33760834,0.443581969,429.828033,0,0,0.5,0.5,1,0.150000006,4.94999981,4.80999994,0,0,0,0,1
12.549415,1784371184.184781,423,-3.01020598,-3.25901127,-6.33766556,0.445828289,429.853027,0,0,0.5,0.5,1,0.150000006,4.94999981,4.80999994,0,0,0,0,1
12.580415,1784371184.215781,424,-3.00748277,-3.25631952,-6.33797455,0.447288394,429.878021,0,0,0.5,0.5,1,0.150000006,4.94999981,4.80999994,0,0,0,0,1
12.580415,1784371184.215781,425,-3.00800371,-3.25102043,-6.33836937,0.444737464,429.903015,0,0,0.5,0.5,1,0.150000006,4.94999981,4.80999994,0,0,0,0,1
12.612076,1784371184.247443,426,-3.0121181,-3.24814367,-6.33931541,0.442001581,429.928009,0,0,0.5,0.5,1,0.150000006,4.94999981,4.80999994,0,0,0,0,1
12.643082,1784371184.278449,427,-3.01033163,-3.25151825,-6.33982658,0.441301018,429.953033,0,0,0.5,0.5,1,0.150000006,4.94999981,4.80999994,0,0,0,0,1
12.673742,1784371184.309108,428,-3.00833321,-3.25402784,-6.34018326,0.440845668,429.978027,0,0,0.5,0.5,1,0.150000006,4.94999981,4.80999994,0,0,0,0,1
12.719518,1784371184.354885,429,-3.00779104,-3.25310659,-6.34093285,0.440549672,430.003021,0,0,0.5,0.5,1,0.150000006,4.94999981,4.80999994,0,0,0,0,1
12.719518,1784371184.354885,430,-3.01090217,-3.25719023,-6.34114456,0.440232247,430.028015,0,0,0.5,0.5,1,0.150000006,4.94999981,4.80999994,0,0,0,0,1
12.750885,1784371184.386251,431,-3.00888968,-3.26152992,-6.34143448,0.440150946,430.053009,0,0,0.5,0.5,1,0.150000006,4.94999981,4.80999994,0,0,0,0,1
12.781497,1784371184.416863,432,-3.01344585,-3.25770855,-6.34126472,0.440098107,430.078033,0,0,0.5,0.5,1,0.150000006,4.94999981,4.80999994,0,0,0,0,1
12.781497,1784371184.416863,433,-3.01639724,-3.25516129,-6.3413372,0.440063775,430.103027,0,0,0.5,0.5,1,0.150000006,4.94999981,4.80999994,0,0,0,0,1
12.811831,1784371184.447197,434,-3.0185411,-3.25608587,-6.34148216,0.440026939,430.128021,0,0,0.5,0.5,1,0.150000006,4.94999981,4.80999994,0,0,0,0,1
12.842568,1784371184.477935,435,-3.01140499,-3.26590347,-6.34267044,0.443517506,430.153015,0,0,0.5,0.5,1,0.150000006,4.94999981,4.80999994,0,0,0,0,1
12.874568,1784371184.509935,436,-3.00940061,-3.26488066,-6.34371948,0.445786387,430.178009,0,0,0.5,0.5,1,0.150000006,4.94999981,4.80999994,0,0,0,0,1
12.905566,1784371184.540933,437,-3.00578904,-3.25757313,-6.34522247,0.44376114,430.203033,0,0,0.5,0.5,1,0.150000006,4.94999981,4.80999994,0,0,0,0,1
12.905566,1784371184.540933,438,-3.004529,-3.2585268,-6.34572792,0.445944726,430.228027,0,0,0.5,0.5,1,0.150000006,4.94999981,4.80999994,0,0,0,0,1
12.936275,1784371184.571641,439,-3.00473547,-3.26455402,-6.34691429,0.444786638,430.253021,0,0,0.5,0.5,1,0.150000006,4.94999981,4.80999994,0,0,0,0,1
12.968275,1784371184.603641,440,-3.00739527,-3.26087379,-6.34810448,0.4431113,430.278015,0,0,0.5,0.5,1,0.150000006,4.94999981,4.80999994,0,0,0,0,1
12.999777,1784371184.635144,441,-3.01952052,-3.24798346,-6.34790039,0.442022353,430.303009,0,0,0.5,0.5,1,0.150000006,4.94999981,4.80999994,0,0,0,0,1
13.031794,1784371184.667161,442,-3.02099562,-3.25336552,-6.34804535,0.441314518,430.328033,0,0,0.5,0.5,1,0.150000006,4.94999981,4.80999994,0,0,0,0,1
13.031794,1784371184.667161,443,-3.02308655,-3.25586653,-6.34786797,0.440555394,430.353027,0,0,0.5,0.5,1,0.150000006,4.94999981,4.80999994,0,0,0,0,1
13.063801,1784371184.699168,444,-3.01530409,-3.26515818,-6.34916115,0.440360993,430.378021,0,0,0.5,0.5,1,0.150000006,4.94999981,4.80999994,0,0,0,0,1
13.094782,1784371184.730149,445,-3.00819516,-3.2704587,-6.34960556,0.440234631,430.403015,0,0,0.5,0.5,1,0.150000006,4.94999981,4.80999994,0,0,0,0,1
13.125792,1784371184.761158,446,-3.0047133,-3.26743269,-6.35066986,0.440152496,430.428009,0,0,0.5,0.5,1,0.150000006,4.94999981,4.80999994,0,0,0,0,1
13.156789,1784371184.792156,447,-3.00281048,-3.25030136,-6.35145187,0.44009912,430.453033,0,0,0.5,0.5,1,0.150000006,4.94999981,4.80999994,0,0,0,0,1
13.156789,1784371184.792156,448,-3.01066589,-3.2273097,-6.35101891,0.443541884,430.478027,0,0,0.5,0.5,1,0.150000006,4.94999981,4.80999994,0,0,0,0,1
13.187789,1784371184.823156,449,-3.0095737,-3.2312603,-6.3497963,0.445802212,430.503021,0,0,0.5,0.5,1,0.150000006,4.94999981,4.80999994,0,0,0,0,1
13.219189,1784371184.854556,450,-3.01239896,-3.24567413,-6.34906769,0.443771422,430.528015,0,0,0.5,0.5,1,0.150000006,4.94999981,4.80999994,0,0,0,0,1
13.250476,1784371184.885842,451,-3.01145935,-3.27685833,-6.34952545,0.442451417,430.553009,0,0,0.5,0.5,1,0.150000006,4.94999981,4.80999994,0,0,0,0,1
13.282471,1784371184.917838,452,-3.01340342,-3.29610968,-6.35116959,0.444535702,430.578033,0,0,0.5,0.5,1,0.150000006,4.94999981,4.80999994,0,0,0,0,1
13.282471,1784371184.917838,453,-3.00409222,-3.29105186,-6.35372162,0.442948192,430.603027,0,0,0.5,0.5,1,0.150000006,4.94999981,4.80999994,0,0,0,0,1
13.313234,1784371184.948601,454,-3.00397563,-3.27033281,-6.3549366,0.441916317,430.628021,0,0,0.5,0.5,1,0.150000006,4.94999981,4.80999994,0,0,0,0,1
13.343425,1784371184.978792,455,-3.01094818,-3.2551012,-6.35614395,0.441245615,430.653015,0,0,0.5,0.5,1,0.150000006,4.94999981,4.80999994,0,0,0,0,1
13.375354,1784371185.010720,456,-3.01305485,-3.23595047,-6.35640144,0.440526277,430.678009,0,0,0.5,0.5,1,0.150000006,4.94999981,4.80999994,0,0,0,0,1
13.406878,1784371185.042245,457,-3.01722479,-3.22800636,-6.3561821,0.440342069,430.703033,0,0,0.5,0.5,1,0.150000006,4.94999981,4.80999994,0,0,0,0,1
13.406878,1784371185.042245,458,-3.02303004,-3.24116659,-6.35513878,0.440222353,430.728027,0,0,0.5,0.5,1,0.150000006,4.94999981,4.80999994,0,0,0,0,1
13.438877,1784371185.074244,459,-3.01798391,-3.26027727,-6.3548851,0.440144539,430.753021,0,0,0.5,0.5,1,0.150000006,4.94999981,4.80999994,0,0,0,0,1
13.470877,1784371185.106243,460,-3.01045156,-3.26475811,-6.35638809,0.440093935,430.778015,0,0,0.5,0.5,1,0.150000006,4.94999981,4.80999994,0,0,0,0,1
13.501628,1784371185.136995,461,-3.0025363,-3.2642417,-6.35764122,0.440039694,430.803009,0,0,0.5,0.5,1,0.150000006,4.94999981,4.80999994,0,0,0,0,1
13.533504,1784371185.168871,462,-3.00283337,-3.25577211,-6.35951614,0.440025806,430.828033,0,0,0.5,0.5,1,0.150000006,4.94999981,4.80999994,0,0,0,0,1
13.533504,1784371185.168871,463,-2.99954557,-3.24572325,-6.36131859,0.440016776,430.853027,0,0,0.5,0.5,1,0.150000006,4.94999981,4.80999994,0,0,0,0,1
13.563760,1784371185.199126,464,-3.00347948,-3.2379427,-6.36284447,0.440010905,430.878021,0,0,0.5,0.5,1,0.150000006,4.94999981,4.80999994,0,0,0,0,1
13.594815,1784371185.230181,465,-3.00996971,-3.23052645,-6.36241341,0.440004617,430.903015,0,0,0.5,0.5,1,0.150000006,4.94999981,4.80999994,0,0,0,0,1
13.626738,1784371185.262105,466,-3.02160811,-3.23548031,-6.36149788,0.440003008,430.928009,0,0,0.5,0.5,1,0.150000006,4.94999981,4.80999994,0,0,0,0,1
13.657944,1784371185.293311,467,-3.02340436,-3.24378395,-6.36123085,0.440001965,430.953033,0,0,0.5,0.5,1,0.150000006,4.94999981,4.80999994,0,0,0,0,1
13.657944,1784371185.293311,468,-3.01908827,-3.24769974,-6.36159515,0.443501264,430.978027,0,0,0.5,0.5,1,0.150000006,4.94999981,4.80999994,0,0,0,0,1
13.688965,1784371185.324331,469,-3.01054931,-3.24168825,-6.36217117,0.441479295,431.003021,0,0,0.5,0.5,1,0.150000006,4.94999981,4.80999994,0,0,0,0,1
13.720335,1784371185.355701,470,-3.00819921,-3.23094749,-6.36290932,0.444461524,431.028015,0,0,0.5,0.5,1,0.150000006,4.94999981,4.80999994,0,0,0,0,1
14.706563,1784371186.341930,471,-3.02311945,-3.24382687,-6.37391281,0.442900002,431.544006,0,0,0.5,0.5,1,0.150000006,4.94999981,4.80999994,0,0,0,0,1
14.706563,1784371186.341930,472,-3.01508999,-3.24465418,-6.38132858,0.441225231,432.013031,0,0,0.5,0.5,1,0.150000006,4.94999981,4.80999994,0,0,0,0,1
14.738567,1784371186.373934,473,-3.01490784,-3.24076605,-6.38148499,0.441225231,432.038025,0,0,0.5,0.5,1,0.150000006,4.94999981,4.80999994,0,0,0,0,1
14.738567,1784371186.373934,474,-3.01364136,-3.24539948,-6.382267,0.444017649,432.063019,0,0,0.5,0.5,1,0.150000006,4.94999981,4.80999994,0,0,0,0,1
14.769495,1784371186.404862,475,-3.01086473,-3.2446928,-6.38284492,0.442611456,432.088013,0,0,0.5,0.5,1,0.150000006,4.94999981,4.80999994,0,0,0,0,1
14.800049,1784371186.435415,476,-3.01238847,-3.24399996,-6.38343048,0.441697448,432.113007,0,0,0.5,0.5,1,0.150000006,4.94999981,4.80999994,0,0,0,0,1
14.845997,1784371186.481363,477,-3.01689434,-3.23622847,-6.38372612,0.441103339,432.138031,0,0,0.5,0.5,1,0.150000006,4.94999981,4.80999994,0,0,0,0,1
14.845997,1784371186.481363,478,-3.02069378,-3.22772169,-6.3839035,0.440717161,432.163025,0,0,0.5,0.5,1,0.150000006,4.94999981,4.80999994,0,0,0,0,1
14.877983,1784371186.513350,479,-3.01868057,-3.22395229,-6.38454819,0.440302998,432.188019,0,0,0.5,0.5,1,0.150000006,4.94999981,4.80999994,0,0,0,0,1
14.908994,1784371186.544361,480,-3.01443315,-3.22452593,-6.38484764,0.443696946,432.213013,0,0,0.5,0.5,1,0.150000006,4.94999981,4.80999994,0,0,0,0,1
14.939107,1784371186.574473,481,-3.00970674,-3.22213411,-6.38478088,0.445903003,432.238007,0,0,0.5,0.5,1,0.150000006,4.94999981,4.80999994,0,0,0,0,1
14.939107,1784371186.574473,482,-3.00451493,-3.22650909,-6.38512611,0.443836957,432.263031,0,0,0.5,0.5,1,0.150000006,4.94999981,4.80999994,0,0,0,0,1
14.971182,1784371186.606549,483,-3.00413823,-3.2276392,-6.38539505,0.445121109,432.288025,0,0,0.5,0.5,1,0.150000006,4.94999981,4.80999994,0,0,0,0,1
15.002707,1784371186.638073,484,-3.00634313,-3.2259202,-6.38599396,0.443328708,432.313019,0,0,0.5,0.5,1,0.150000006,4.94999981,4.80999994,0,0,0,0,1
15.034591,1784371186.669958,485,-3.01054573,-3.225214,-6.38620758,0.445663661,432.338013,0,0,0.5,0.5,1,0.150000006,4.94999981,4.80999994,0,0,0,0,1
15.066588,1784371186.701955,486,-3.01241326,-3.22342157,-6.38690567,0.447181374,432.363007,0,0,0.5,0.5,1,0.150000006,4.94999981,4.80999994,0,0,0,0,1
15.066588,1784371186.701955,487,-3.01297832,-3.2274971,-6.38783264,0.448809117,432.388031,0,0,0.5,0.5,1,0.150000006,4.94999981,4.80999994,0,0,0,0,1
15.097788,1784371186.733155,488,-3.00879407,-3.22913074,-6.38884544,0.445725918,432.413025,0,0,0.5,0.5,1,0.150000006,4.94999981,4.80999994,0,0,0,0,1
15.129580,1784371186.764947,489,-3.00680399,-3.22858047,-6.38972473,0.443721831,432.438019,0,0,0.5,0.5,1,0.150000006,4.94999981,4.80999994,0,0,0,0,1
15.161581,1784371186.796947,490,-3.00516677,-3.23471212,-6.3899765,0.442419201,432.463013,0,0,0.5,0.5,1,0.150000006,4.94999981,4.80999994,0,0,0,0,1
15.192709,1784371186.828075,491,-3.00835729,-3.23729086,-6.3902874,0.445072472,432.488007,0,0,0.5,0.5,1,0.150000006,4.94999981,4.80999994,0,0,0,0,1
15.192709,1784371186.828075,492,-3.01161575,-3.23740339,-6.39014626,0.444418103,432.513031,0,0,0.5,0.5,1,0.150000006,4.94999981,4.80999994,0,0,0,0,1
15.223782,1784371186.859149,493,-3.01627421,-3.22918701,-6.39052963,0.446371764,432.538025,0,0,0.5,0.5,1,0.150000006,4.94999981,4.80999994,0,0,0,0,1
15.254590,1784371186.889957,494,-3.01873493,-3.22109938,-6.39111137,0.447641641,432.563019,0,0,0.5,0.5,1,0.150000006,4.94999981,4.80999994,0,0,0,0,1
15.284715,1784371186.920082,495,-3.01518941,-3.22109556,-6.39097214,0.444967061,432.588013,0,0,0.5,0.5,1,0.150000006,4.94999981,4.80999994,0,0,0,0,1
15.316706,1784371186.952073,496,-3.01290727,-3.22298861,-6.39150429,0.445598602,432.613007,0,0,0.5,0.5,1,0.150000006,4.94999981,4.80999994,0,0,0,0,1
15.316706,1784371186.952073,497,-3.00671721,-3.22568226,-6.39233589,0.447139084,432.638031,0,0,0.5,0.5,1,0.150000006,4.94999981,4.80999994,0,0,0,0,1
15.347674,1784371186.983041,498,-3.0034709,-3.23210382,-6.39315605,0.448140413,432.663025,0,0,0.5,0.5,1,0.150000006,4.94999981,4.80999994,0,0,0,0,1
15.379579,1784371187.014946,499,-3.00322247,-3.23552465,-6.39397621,0.448791265,432.688019,0,0,0.5,0.5,1,0.150000006,4.94999981,4.80999994,0,0,0,0,1
15.411300,1784371187.046666,500,-3.00901985,-3.23489285,-6.3944149,0.447214305,432.713013,0,0,0.5,0.5,1,0.150000006,4.94999981,4.80999994,0,0,0,0,1
15.442308,1784371187.077674,501,-3.0133605,-3.22952175,-6.39490891,0.444689304,432.738007,0,0,0.5,0.5,1,0.150000006,4.94999981,4.80999994,0,0,0,0,1
15.442308,1784371187.077674,502,-3.01607203,-3.22768402,-6.39532852,0.44304806,432.763031,0,0,0.5,0.5,1,0.150000006,4.94999981,4.80999994,0,0,0,0,1
15.473270,1784371187.108636,503,-3.01895618,-3.22871923,-6.39532089,0.441981226,432.788025,0,0,0.5,0.5,1,0.150000006,4.94999981,4.80999994,0,0,0,0,1
15.505385,1784371187.140752,504,-3.01764631,-3.22854757,-6.39560509,0.441287786,432.813019,0,0,0.5,0.5,1,0.150000006,4.94999981,4.80999994,0,0,0,0,1
15.537261,1784371187.172627,505,-3.01394415,-3.22847319,-6.39599419,0.444044083,432.838013,0,0,0.5,0.5,1,0.150000006,4.94999981,4.80999994,0,0,0,0,1
15.568383,1784371187.203750,506,-3.00874448,-3.23331499,-6.39644051,0.442628652,432.863007,0,0,0.5,0.5,1,0.150000006,4.94999981,4.80999994,0,0,0,0,1
15.568383,1784371187.203750,507,-3.01061988,-3.23385525,-6.39681244,0.441708624,432.888031,0,0,0.5,0.5,1,0.150000006,4.94999981,4.80999994,0,0,0,0,1
15.600475,1784371187.235842,508,-3.01153135,-3.23357916,-6.39804268,0.441110611,432.913025,0,0,0.5,0.5,1,0.150000006,4.94999981,4.80999994,0,0,0,0,1
15.631335,1784371187.266701,509,-3.01364255,-3.23589611,-6.39858818,0.440469235,432.938019,0,0,0.5,0.5,1,0.150000006,4.94999981,4.80999994,0,0,0,0,1
15.663455,1784371187.298821,510,-3.01355314,-3.2359457,-6.39939308,0.443805009,432.963013,0,0,0.5,0.5,1,0.150000006,4.94999981,4.80999994,0,0,0,0,1
15.663455,1784371187.298821,511,-3.01519012,-3.24145174,-6.39998245,0.442473263,432.988007,0,0,0.5,0.5,1,0.150000006,4.94999981,4.80999994,0,0,0,0,1
15.695260,1784371187.330627,512,-3.01493502,-3.24554586,-6.40032196,0.445107609,433.013031,0,0,0.5,0.5,1,0.150000006,4.94999981,4.80999994,0,0,0,0,1
15.726384,1784371187.361751,513,-3.01769018,-3.24342918,-6.40085983,0.443319947,433.038025,0,0,0.5,0.5,1,0.150000006,4.94999981,4.80999994,0,0,0,0,1
15.758259,1784371187.393626,514,-3.01786709,-3.23891258,-6.40079498,0.444902658,433.063019,0,0,0.5,0.5,1,0.150000006,4.94999981,4.80999994,0,0,0,0,1
15.789282,1784371187.424649,515,-3.0182941,-3.23880434,-6.40128136,0.44318673,433.088013,0,0,0.5,0.5,1,0.150000006,4.94999981,4.80999994,0,0,0,0,1
15.789282,1784371187.424649,516,-3.01964235,-3.23708248,-6.40154266,0.442071378,433.113007,0,0,0.5,0.5,1,0.150000006,4.94999981,4.80999994,0,0,0,0,1
15.820362,1784371187.455729,517,-3.01863718,-3.23659277,-6.40189743,0.441346407,433.138031,0,0,0.5,0.5,1,0.150000006,4.94999981,4.80999994,0,0,0,0,1
15.851910,1784371187.487276,518,-3.0169847,-3.23440886,-6.40225029,0.440568864,433.163025,0,0,0.5,0.5,1,0.150000006,4.94999981,4.80999994,0,0,0,0,1
15.883215,1784371187.518581,519,-3.0154593,-3.238276,-6.40262985,0.440369755,433.188019,0,0,0.5,0.5,1,0.150000006,4.94999981,4.80999994,0,0,0,0,1
15.914214,1784371187.549581,520,-3.01757884,-3.24334478,-6.40361404,0.440240353,433.213013,0,0,0.5,0.5,1,0.150000006,4.94999981,4.80999994,0,0,0,0,1
15.914214,1784371187.549581,521,-3.01691031,-3.23892498,-6.40438652,0.440156221,433.238007,0,0,0.5,0.5,1,0.150000006,4.94999981,4.80999994,0,0,0,0,1
15.946407,1784371187.581774,522,-3.01639462,-3.23554373,-6.40468407,0.44006601,433.263031,0,0,0.5,0.5,1,0.150000006,4.94999981,4.80999994,0,0,0,0,1
15.978207,1784371187.613573,523,-3.01781225,-3.23532963,-6.4054184,0.443542898,433.288025,0,0,0.5,0.5,1,0.150000006,4.94999981,4.80999994,0,0,0,0,1
16.009079,1784371187.644446,524,-3.02183843,-3.23976517,-6.40578461,0.445802867,433.313019,0,0,0.5,0.5,1,0.150000006,4.94999981,4.80999994,0,0,0,0,1
16.039162,1784371187.674529,525,-3.02381015,-3.23496962,-6.4063015,0.443771869,433.338013,0,0,0.5,0.5,1,0.150000006,4.94999981,4.80999994,0,0,0,0,1
16.039162,1784371187.674529,526,-3.02428722,-3.2344799,-6.40639496,0.442451715,433.363007,0,0,0.5,0.5,1,0.150000006,4.94999981,4.80999994,0,0,0,0,1
16.070963,1784371187.706330,527,-3.02178121,-3.23604536,-6.40661049,0.441035837,433.388031,0,0,0.5,0.5,1,0.150000006,4.94999981,4.80999994,0,0,0,0,1
16.102965,1784371187.738332,528,-3.01689863,-3.23596525,-6.40647125,0.440673292,433.413025,0,0,0.5,0.5,1,0.150000006,4.94999981,4.80999994,0,0,0,0,1
16.133968,1784371187.769334,529,-3.01650882,-3.23836184,-6.40647125,0.440437645,433.438019,0,0,0.5,0.5,1,0.150000006,4.94999981,4.80999994,0,0,0,0,1
16.164963,1784371187.800330,530,-3.01237226,-3.23911715,-6.40694427,0.443784475,433.463013,0,0,0.5,0.5,1,0.150000006,4.94999981,4.80999994,0,0,0,0,1
16.164963,1784371187.800330,531,-3.01172972,-3.23590517,-6.40747833,0.443873942,433.488007,0,0,0.5,0.5,1,0.150000006,4.94999981,4.80999994,0,0,0,0,1
16.195956,1784371187.831323,532,-3.01525164,-3.23612547,-6.40842056,0.442518055,433.513031,0,0,0.5,0.5,1,0.150000006,4.94999981,4.80999994,0,0,0,0,1
16.226966,1784371187.862333,533,-3.01843739,-3.23243332,-6.40944672,0.441636741,433.538025,0,0,0.5,0.5,1,0.150000006,4.94999981,4.80999994,0,0,0,0,1
16.258962,1784371187.894329,534,-3.02028227,-3.22964191,-6.41028976,0.441063881,433.563019,0,0,0.5,0.5,1,0.150000006,4.94999981,4.80999994,0,0,0,0,1
16.290965,1784371187.926332,535,-3.02038717,-3.23305464,-6.41053772,0.440449506,433.588013,0,0,0.5,0.5,1,0.150000006,4.94999981,4.80999994,0,0,0,0,1
16.290965,1784371187.926332,536,-3.01883602,-3.24045801,-6.41050529,0.44029218,433.613007,0,0,0.5,0.5,1,0.150000006,4.94999981,4.80999994,0,0,0,0,1
16.322962,1784371187.958329,537,-3.0131464,-3.24743176,-6.41107941,0.440189928,433.638031,0,0,0.5,0.5,1,0.150000006,4.94999981,4.80999994,0,0,0,0,1
16.354969,1784371187.990335,538,-3.01089072,-3.24754524,-6.41098213,0.440123439,433.663025,0,0,0.5,0.5,1,0.150000006,4.94999981,4.80999994,0,0,0,0,1
16.386966,1784371188.022332,539,-3.00771856,-3.24281311,-6.41150093,0.440080225,433.688019,0,0,0.5,0.5,1,0.150000006,4.94999981,4.80999994,0,0,0,0,1
16.386966,1784371188.022332,540,-3.00745344,-3.23720837,-6.41178131,0.443533897,433.713013,0,0,0.5,0.5,1,0.150000006,4.94999981,4.80999994,0,0,0,0,1
16.417962,1784371188.053329,541,-3.00965095,-3.23335934,-6.41247177,0.445797026,433.738007,0,0,0.5,0.5,1,0.150000006,4.94999981,4.80999994,0,0,0,0,1
16.449955,1784371188.085321,542,-3.0110178,-3.23094368,-6.41327095,0.447268069,433.763031,0,0,0.5,0.5,1,0.150000006,4.94999981,4.80999994,0,0,0,0,1
16.480259,1784371188.115626,543,-3.01343966,-3.23346329,-6.41359138,0.444724232,433.788025,0,0,0.5,0.5,1,0.150000006,4.94999981,4.80999994,0,0,0,0,1
16.511683,1784371188.147049,544,-3.01259112,-3.23287964,-6.41423035,0.444270998,433.813019,0,0,0.5,0.5,1,0.150000006,4.94999981,4.80999994,0,0,0,0,1
16.542693,1784371188.178059,545,-3.01049638,-3.23034573,-6.41509056,0.442776144,433.838013,0,0,0.5,0.5,1,0.150000006,4.94999981,4.80999994,0,0,0,0,1
16.542693,1784371188.178059,546,-3.00746441,-3.22798538,-6.4156456,0.441804498,433.863007,0,0,0.5,0.5,1,0.150000006,4.94999981,4.80999994,0,0,0,0,1
16.573777,1784371188.209144,547,-3.00762463,-3.22625542,-6.41661263,0.441172928,433.888031,0,0,0.5,0.5,1,0.150000006,4.94999981,4.80999994,0,0,0,0,1
16.605759,1784371188.241126,548,-3.00959063,-3.22378206,-6.41704941,0.440762401,433.913025,0,0,0.5,0.5,1,0.150000006,4.94999981,4.80999994,0,0,0,0,1
16.635759,1784371188.271126,549,-3.01481366,-3.22408438,-6.41752243,0.440322101,433.938019,0,0,0.5,0.5,1,0.150000006,4.94999981,4.80999994,0,0,0,0,1
16.666293,1784371188.301659,550,-3.01655722,-3.22688532,-6.41762543,0.440209359,433.963013,0,0,0.5,0.5,1,0.150000006,4.94999981,4.80999994,0,0,0,0,1
16.666293,1784371188.301659,551,-3.01691175,-3.23070669,-6.41761208,0.440136075,433.988007,0,0,0.5,0.5,1,0.150000006,4.94999981,4.80999994,0,0,0,0,1
16.696308,1784371188.331675,552,-3.01678038,-3.23308468,-6.41765404,0.440088451,434.013031,0,0,0.5,0.5,1,0.150000006,4.94999981,4.80999994,0,0,0,0,1
16.728292,1784371188.363659,553,-3.00251245,-3.23844814,-6.41853142,0.443537354,434.038025,0,0,0.5,0.5,1,0.150000006,4.94999981,4.80999994,0,0,0,0,1
16.758608,1784371188.393975,554,-3.00443673,-3.2427268,-6.41851997,0.445799291,434.063019,0,0,0.5,0.5,1,0.150000006,4.94999981,4.80999994,0,0,0,0,1
16.790019,1784371188.425385,555,-3.00618505,-3.23683023,-6.42065811,0.447269529,434.088013,0,0,0.5,0.5,1,0.150000006,4.94999981,4.80999994,0,0,0,0,1
16.790019,1784371188.425385,556,-3.0060823,-3.23342085,-6.41996002,0.444725186,434.113007,0,0,0.5,0.5,1,0.150000006,4.94999981,4.80999994,0,0,0,0,1
16.820535,1784371188.455902,557,-3.00936365,-3.23800421,-6.42197227,0.44549638,434.138031,0,0,0.5,0.5,1,0.150000006,4.94999981,4.80999994,0,0,0,0,1
16.851538,1784371188.486905,558,-3.01906538,-3.22789335,-6.42146492,0.447072655,434.163025,0,0,0.5,0.5,1,0.150000006,4.94999981,4.80999994,0,0,0,0,1
16.883513,1784371188.518879,559,-3.02181721,-3.2297473,-6.42205429,0.444597214,434.188019,0,0,0.5,0.5,1,0.150000006,4.94999981,4.80999994,0,0,0,0,1
16.914538,1784371188.549905,560,-3.0164144,-3.23474789,-6.42207336,0.442988187,434.213013,0,0,0.5,0.5,1,0.150000006,4.94999981,4.80999994,0,0,0,0,1
16.914538,1784371188.549905,561,-3.01578236,-3.23292637,-6.42184067,0.441942334,434.238007,0,0,0.5,0.5,1,0.150000006,4.94999981,4.80999994,0,0,0,0,1
16.945532,1784371188.580899,562,-3.00844789,-3.24229288,-6.42238235,0.440820634,434.263031,0,0,0.5,0.5,1,0.150000006,4.94999981,4.80999994,0,0,0,0,1
16.976745,1784371188.612112,563,-3.0070405,-3.24144268,-6.42293358,0.4405334,434.288025,0,0,0.5,0.5,1,0.150000006,4.94999981,4.80999994,0,0,0,0,1
17.008456,1784371188.643823,564,-2.99628305,-3.24298334,-6.42368317,0.440346718,434.313019,0,0,0.5,0.5,1,0.150000006,4.94999981,4.80999994,0,0,0,0,1
17.040535,1784371188.675901,565,-3.00730515,-3.23268938,-6.42427254,0.440225363,434.338013,0,0,0.5,0.5,1,0.150000006,4.94999981,4.80999994,0,0,0,0,1
17.040535,1784371188.675901,566,-3.00616026,-3.22592402,-6.42487144,0.443595201,434.363007,0,0,0.5,0.5,1,0.150000006,4.94999981,4.80999994,0,0,0,0,1
17.071630,1784371188.706997,567,-3.01480985,-3.2325201,-6.42485237,0.445836872,434.388031,0,0,0.5,0.5,1,0.150000006,4.94999981,4.80999994,0,0,0,0,1
17.102257,1784371188.737623,568,-3.01412559,-3.23957205,-6.4260025,0.447293967,434.413025,0,0,0.5,0.5,1,0.150000006,4.94999981,4.80999994,0,0,0,0,1
17.132381,1784371188.767748,569,-3.01605701,-3.24360609,-6.42555428,0.44474107,434.438019,0,0,0.5,0.5,1,0.150000006,4.94999981,4.80999994,0,0,0,0,1
17.164342,1784371188.799708,570,-3.01772404,-3.24430418,-6.4269619,0.445503116,434.463013,0,0,0.5,0.5,1,0.150000006,4.94999981,4.80999994,0,0,0,0,1
17.164342,1784371188.799708,571,-3.00812054,-3.24643421,-6.42708778,0.447077036,434.488007,0,0,0.5,0.5,1,0.150000006,4.94999981,4.80999994,0,0,0,0,1
17.195187,1784371188.830554,572,-3.00904536,-3.24478626,-6.42827797,0.44810006,434.513031,0,0,0.5,0.5,1,0.150000006,4.94999981,4.80999994,0,0,0,0,1
17.226173,1784371188.861540,573,-3.01153231,-3.24377728,-6.42915726,0.448765039,434.538025,0,0,0.5,0.5,1,0.150000006,4.94999981,4.80999994,0,0,0,0,1
17.257173,1784371188.892540,574,-3.02091837,-3.2366662,-6.42923355,0.449197263,434.563019,0,0,0.5,0.5,1,0.150000006,4.94999981,4.80999994,0,0,0,0,1
17.289172,1784371188.924539,575,-3.01819348,-3.24096918,-6.42958641,0.446160823,434.588013,0,0,0.5,0.5,1,0.150000006,4.94999981,4.80999994,0,0,0,0,1
17.289172,1784371188.924539,576,-3.01904726,-3.23974133,-6.42971992,0.444004536,434.613007,0,0,0.5,0.5,1,0.150000006,4.94999981,4.80999994,0,0,0,0,1
17.320170,1784371188.955537,577,-3.01496887,-3.23912191,-6.42982864,0.442602932,434.638031,0,0,0.5,0.5,1,0.150000006,4.94999981,4.80999994,0,0,0,0,1
17.351170,1784371188.986537,578,-3.01305103,-3.24571753,-6.42943192,0.441691905,434.663025,0,0,0.5,0.5,1,0.150000006,4.94999981,4.80999994,0,0,0,0,1
17.382270,1784371189.017637,579,-3.00621033,-3.25018311,-6.42982483,0.440714836,434.688019,0,0,0.5,0.5,1,0.150000006,4.94999981,4.80999994,0,0,0,0,1
17.414062,1784371189.049428,580,-3.00825548,-3.24947691,-6.43034935,0.440464646,434.713013,0,0,0.5,0.5,1,0.150000006,4.94999981,4.80999994,0,0,0,0,1
17.414062,1784371189.049428,581,-3.01574969,-3.24411392,-6.4312458,0.440302014,434.738007,0,0,0.5,0.5,1,0.150000006,4.94999981,4.80999994,0,0,0,0,1
17.446056,1784371189.081423,582,-3.01821685,-3.24290943,-6.4315567,0.440196306,434.763031,0,0,0.5,0.5,1,0.150000006,4.94999981,4.80999994,0,0,0,0,1
17.477180,1784371189.112546,583,-3.01790285,-3.2448082,-6.43205452,0.440127611,434.788025,0,0,0.5,0.5,1,0.150000006,4.94999981,4.80999994,0,0,0,0,1
17.509133,1784371189.144499,584,-3.01716423,-3.24769163,-6.43226814,0.44005391,434.813019,0,0,0.5,0.5,1,0.150000006,4.94999981,4.80999994,0,0,0,0,1
17.541135,1784371189.176502,585,-3.01940346,-3.24785805,-6.43209648,0.440035045,434.838013,0,0,0.5,0.5,1,0.150000006,4.94999981,4.80999994,0,0,0,0,1
17.541135,1784371189.176502,586,-3.01239586,-3.25231361,-6.43260384,0.440022767,434.863007,0,0,0.5,0.5,1,0.150000006,4.94999981,4.80999994,0,0,0,0,1
17.572389,1784371189.207756,587,-3.01145005,-3.25499535,-6.43348885,0.440014809,434.888031,0,0,0.5,0.5,1,0.150000006,4.94999981,4.80999994,0,0,0,0,1
17.603800,1784371189.239167,588,-3.01475644,-3.25015211,-6.43476295,0.440006256,434.913025,0,0,0.5,0.5,1,0.150000006,4.94999981,4.80999994,0,0,0,0,1
17.635122,1784371189.270489,589,-3.01652098,-3.25134277,-6.43522835,0.443504065,434.938019,0,0,0.5,0.5,1,0.150000006,4.94999981,4.80999994,0,0,0,0,1
17.666043,1784371189.301410,590,-3.01392055,-3.25178623,-6.4357338,0.44227764,434.963013,0,0,0.5,0.5,1,0.150000006,4.94999981,4.80999994,0,0,0,0,1
17.666043,1784371189.301410,591,-3.01454735,-3.2497716,-6.43602562,0.441480458,434.988007,0,0,0.5,0.5,1,0.150000006,4.94999981,4.80999994,0,0,0,0,1
17.696347,1784371189.331714,592,-3.01338291,-3.24959946,-6.43587303,0.444125473,435.013031,0,0,0.5,0.5,1,0.150000006,4.94999981,4.80999994,0,0,0,0,1
17.727476,1784371189.362843,593,-3.01053357,-3.25131321,-6.43599129,0.446181566,435.038025,0,0,0.5,0.5,1,0.150000006,4.94999981,4.80999994,0,0,0,0,1
17.758641,1784371189.394007,594,-3.00712538,-3.24930286,-6.43566895,0.444018006,435.063019,0,0,0.5,0.5,1,0.150000006,4.94999981,4.80999994,0,0,0,0,1
17.789540,1784371189.424906,595,-3.0094018,-3.2534399,-6.43626404,0.442611694,435.088013,0,0,0.5,0.5,1,0.150000006,4.94999981,4.80999994,0,0,0,0,1
17.789540,1784371189.424906,596,-3.01448321,-3.25015879,-6.43635178,0.441697598,435.113007,0,0,0.5,0.5,1,0.150000006,4.94999981,4.80999994,0,0,0,0,1
17.821190,1784371189.456557,597,-3.01456738,-3.25349522,-6.43687248,0.44071722,435.138031,0,0,0.5,0.5,1,0.150000006,4.94999981,4.80999994,0,0,0,0,1
17.866356,1784371189.501723,598,-3.01164389,-3.25835991,-6.43766785,0.440466195,435.163025,0,0,0.5,0.5,1,0.150000006,4.94999981,4.80999994,0,0,0,0,1
17.866356,1784371189.501723,599,-3.01257491,-3.26114702,-6.43829918,0.440303028,435.188019,0,0,0.5,0.5,1,0.150000006,4.94999981,4.80999994,0,0,0,0,1
17.898386,1784371189.533753,600,-3.01144719,-3.26606703,-6.43902779,0.440196961,435.213013,0,0,0.5,0.5,1,0.150000006,4.94999981,4.80999994,0,0,0,0,1
17.929183,1784371189.564549,601,-3.00657558,-3.26881218,-6.43895149,0.440083206,435.238007,0,0,0.5,0.5,1,0.150000006,4.94999981,4.80999994,0,0,0,0,1
17.960376,1784371189.595742,602,-3.00570774,-3.27096939,-6.43974686,0.440054089,435.263031,0,0,0.5,0.5,1,0.150000006,4.94999981,4.80999994,0,0,0,0,1
17.992238,1784371189.627604,603,-3.00577641,-3.26731205,-6.44055557,0.440035164,435.288025,0,0,0.5,0.5,1,0.150000006,4.94999981,4.80999994,0,0,0,0,1
17.992238,1784371189.627604,604,-3.00347972,-3.26871729,-6.44066238,0.440022856,435.313019,0,0,0.5,0.5,1,0.150000006,4.94999981,4.80999994,0,0,0,0,1
18.022889,1784371189.658256,605,-2.99866033,-3.26579094,-6.44129181,0.440009654,435.338013,0,0,0.5,0.5,1,0.150000006,4.94999981,4.80999994,0,0,0,0,1
18.054696,1784371189.690063,606,-3.00051832,-3.26246405,-6.44085121,0.440006286,435.363007,0,0,0.5,0.5,1,0.150000006,4.94999981,4.80999994,0,0,0,0,1
18.085703,1784371189.721069,607,-3.00778389,-3.26391459,-6.44060135,0.440004081,435.388031,0,0,0.5,0.5,1,0.150000006,4.94999981,4.80999994,0,0,0,0,1
18.117703,1784371189.753070,608,-3.00921798,-3.26042795,-6.4403801,0.44000265,435.413025,0,0,0.5,0.5,1,0.150000006,4.94999981,4.80999994,0,0,0,0,1
18.117703,1784371189.753070,609,-3.01369452,-3.26010895,-6.43991089,0.440001726,435.438019,0,0,0.5,0.5,1,0.150000006,4.94999981,4.80999994,0,0,0,0,1
18.148708,1784371189.784075,610,-3.01517224,-3.25957775,-6.44076538,0.443500727,435.463013,0,0,0.5,0.5,1,0.150000006,4.94999981,4.80999994,0,0,0,0,1
18.179801,1784371189.815168,611,-3.01314068,-3.25333357,-6.44134903,0.442275465,435.488007,0,0,0.5,0.5,1,0.150000006,4.94999981,4.80999994,0,0,0,0,1
18.211264,1784371189.846631,612,-3.0086441,-3.25307941,-6.44254684,0.441479057,435.513031,0,0,0.5,0.5,1,0.150000006,4.94999981,4.80999994,0,0,0,0,1
18.257184,1784371189.892551,613,-3.00557995,-3.25114107,-6.44329834,0.440961391,435.538025,0,0,0.5,0.5,1,0.150000006,4.94999981,4.80999994,0,0,0,0,1
18.257184,1784371189.892551,614,-3.00483727,-3.25264549,-6.44358063,0.440406173,435.563019,0,0,0.5,0.5,1,0.150000006,4.94999981,4.80999994,0,0,0,0,1
18.288176,1784371189.923543,615,-3.00681686,-3.2532711,-6.44500351,0.443764001,435.588013,0,0,0.5,0.5,1,0.150000006,4.94999981,4.80999994,0,0,0,0,1
18.319597,1784371189.954963,616,-3.00868177,-3.25420856,-6.44555092,0.445946604,435.613007,0,0,0.5,0.5,1,0.150000006,4.94999981,4.80999994,0,0,0,0,1
18.319597,1784371189.954963,617,-3.00808167,-3.25014257,-6.44617653,0.443865299,435.638031,0,0,0.5,0.5,1,0.150000006,4.94999981,4.80999994,0,0,0,0,1
18.351596,1784371189.986963,618,-3.01007652,-3.24087906,-6.4467926,0.442512453,435.663025,0,0,0.5,0.5,1,0.150000006,4.94999981,4.80999994,0,0,0,0,1
18.382604,1784371190.017971,619,-3.00821877,-3.23853445,-6.44620132,0.441061527,435.688019,0,0,0.5,0.5,1,0.150000006,4.94999981,4.80999994,0,0,0,0,1
18.413597,1784371190.048964,620,-3.00820279,-3.24403906,-6.44716263,0.440689981,435.713013,0,0,0.5,0.5,1,0.150000006,4.94999981,4.80999994,0,0,0,0,1
18.413597,1784371190.048964,621,-3.01022768,-3.24992228,-6.44729424,0.440448493,435.738007,0,0,0.5,0.5,1,0.150000006,4.94999981,4.80999994,0,0,0,0,1
18.444611,1784371190.079977,622,-3.01229453,-3.25367451,-6.4475193,0.443791509,435.763031,0,0,0.5,0.5,1,0.150000006,4.94999981,4.80999994,0,0,0,0,1
18.475604,1784371190.110971,623,-3.01328993,-3.2524786,-6.44867134,0.445101917,435.788025,0,0,0.5,0.5,1,0.150000006,4.94999981,4.80999994,0,0,0,0,1
18.507608,1784371190.142975,624,-3.0157218,-3.24901247,-6.44913292,0.446816236,435.813019,0,0,0.5,0.5,1,0.150000006,4.94999981,4.80999994,0,0,0,0,1
18.538605,1784371190.173972,625,-3.01422262,-3.25434208,-6.44947624,0.447930545,435.838013,0,0,0.5,0.5,1,0.150000006,4.94999981,4.80999994,0,0,0,0,1
18.538605,1784371190.173972,626,-3.01434708,-3.25788403,-6.44958496,0.44865486,435.863007,0,0,0.5,0.5,1,0.150000006,4.94999981,4.80999994,0,0,0,0,1
18.569795,1784371190.205162,627,-3.01430559,-3.26302814,-6.44968605,0.443656683,435.888031,0,0,0.5,0.5,1,0.150000006,4.94999981,4.80999994,0,0,0,0,1
18.601068,1784371190.236435,628,-3.01230574,-3.26531935,-6.45007324,0.445876837,435.913025,0,0,0.5,0.5,1,0.150000006,4.94999981,4.80999994,0,0,0,0,1
18.632526,1784371190.267893,629,-3.01243973,-3.26467896,-6.45095253,0.447319925,435.938019,0,0,0.5,0.5,1,0.150000006,4.94999981,4.80999994,0,0,0,0,1
18.663449,1784371190.298815,630,-3.01179767,-3.26545906,-6.45080757,0.444757938,435.963013,0,0,0.5,0.5,1,0.150000006,4.94999981,4.80999994,0,0,0,0,1
18.663449,1784371190.298815,631,-3.01103115,-3.26242495,-6.45145798,0.443092644,435.988007,0,0,0.5,0.5,1,0.150000006,4.94999981,4.80999994,0,0,0,0,1
18.694309,1784371190.329675,632,-3.01021099,-3.25389719,-6.45131683,0.441306651,436.013031,0,0,0.5,0.5,1,0.150000006,4.94999981,4.80999994,0,0,0,0,1
18.726316,1784371190.361683,633,-3.01154613,-3.24903917,-6.45106316,0.440849334,436.038025,0,0,0.5,0.5,1,0.150000006,4.94999981,4.80999994,0,0,0,0,1
19.698114,1784371191.333481,634,-3.0115037,-3.25757408,-6.46242142,0.440552056,436.554016,0,0,0.5,0.5,1,0.150000006,4.94999981,4.80999994,0,0,0,0,1
19.729477,1784371191.364844,635,-3.01144171,-3.26231766,-6.47037125,0.44023326,437.02301,0,0,0.5,0.5,1,0.150000006,4.94999981,4.80999994,0,0,0,0,1
19.729477,1784371191.364844,636,-3.01736641,-3.26916695,-6.47052574,0.440151632,437.048035,0,0,0.5,0.5,1,0.150000006,4.94999981,4.80999994,0,0,0,0,1
19.760778,1784371191.396144,637,-3.02012968,-3.27172995,-6.4707737,0.443598568,437.073029,0,0,0.5,0.5,1,0.150000006,4.94999981,4.80999994,0,0,0,0,1
19.792294,1784371191.427660,638,-3.01508427,-3.27300596,-6.47090721,0.442339063,437.098022,0,0,0.5,0.5,1,0.150000006,4.94999981,4.80999994,0,0,0,0,1
19.822906,1784371191.458273,639,-3.012609,-3.27087688,-6.47157288,0.445020378,437.123016,0,0,0.5,0.5,1,0.150000006,4.94999981,4.80999994,0,0,0,0,1
19.855044,1784371191.490411,640,-3.01087761,-3.26643324,-6.47221756,0.443263233,437.14801,0,0,0.5,0.5,1,0.150000006,4.94999981,4.80999994,0,0,0,0,1
19.855044,1784371191.490411,641,-3.00844622,-3.25943804,-6.47222519,0.444878697,437.173035,0,0,0.5,0.5,1,0.150000006,4.94999981,4.80999994,0,0,0,0,1
19.887578,1784371191.522945,642,-3.00827599,-3.25729179,-6.47297668,0.446671158,437.198029,0,0,0.5,0.5,1,0.150000006,4.94999981,4.80999994,0,0,0,0,1
19.918267,1784371191.553634,643,-3.01186204,-3.26013279,-6.47368431,0.44783625,437.223022,0,0,0.5,0.5,1,0.150000006,4.94999981,4.80999994,0,0,0,0,1
19.949260,1784371191.584626,644,-3.01544666,-3.25513983,-6.47389793,0.448593557,437.248016,0,0,0.5,0.5,1,0.150000006,4.94999981,4.80999994,0,0,0,0,1
19.949260,1784371191.584626,645,-3.0135169,-3.24762154,-6.47367096,0.443630785,437.27301,0,0,0.5,0.5,1,0.150000006,4.94999981,4.80999994,0,0,0,0,1
19.980273,1784371191.615640,646,-3.01016855,-3.2492919,-6.47384071,0.442360014,437.298035,0,0,0.5,0.5,1,0.150000006,4.94999981,4.80999994,0,0,0,0,1
20.011185,1784371191.646552,647,-3.01058626,-3.24711037,-6.47399902,0.441534013,437.323029,0,0,0.5,0.5,1,0.150000006,4.94999981,4.80999994,0,0,0,0,1
20.042188,1784371191.677555,648,-3.01339006,-3.24354458,-6.47404099,0.444497108,437.348022,0,0,0.5,0.5,1,0.150000006,4.94999981,4.80999994,0,0,0,0,1
20.074177,1784371191.709544,649,-3.0171957,-3.24477577,-6.47455978,0.44767502,437.373016,0,0,0.5,0.5,1,0.150000006,4.94999981,4.80999994,0,0,0,0,1
20.074177,1784371191.709544,650,-3.0225544,-3.24732828,-6.47518539,0.448488772,437.39801,0,0,0.5,0.5,1,0.150000006,4.94999981,4.80999994,0,0,0,0,1
20.106188,1784371191.741554,651,-3.0245924,-3.2449851,-6.47605515,0.449017704,437.423035,0,0,0.5,0.5,1,0.150000006,4.94999981,4.80999994,0,0,0,0,1
20.137185,1784371191.772552,652,-3.02047062,-3.24429941,-6.47667313,0.449361503,437.448029,0,0,0.5,0.5,1,0.150000006,4.94999981,4.80999994,0,0,0,0,1
20.168185,1784371191.803552,653,-3.0147357,-3.24329567,-6.47698784,0.446084976,437.473022,0,0,0.5,0.5,1,0.150000006,4.94999981,4.80999994,0,0,0,0,1
20.200186,1784371191.835553,654,-3.00932884,-3.24579,-6.47688484,0.44607091,437.498016,0,0,0.5,0.5,1,0.150000006,4.94999981,4.80999994,0,0,0,0,1
20.200186,1784371191.835553,655,-3.00553608,-3.24602938,-6.47725487,0.447446078,437.52301,0,0,0.5,0.5,1,0.150000006,4.94999981,4.80999994,0,0,0,0,1
20.232186,1784371191.867553,656,-3.00751019,-3.24514055,-6.47759056,0.444839954,437.548035,0,0,0.5,0.5,1,0.150000006,4.94999981,4.80999994,0,0,0,0,1
20.264190,1784371191.899557,657,-3.01532793,-3.24150085,-6.47828674,0.443145961,437.573029,0,0,0.5,0.5,1,0.150000006,4.94999981,4.80999994,0,0,0,0,1
20.296179,1784371191.931545,658,-3.02083087,-3.2401371,-6.47917175,0.447104156,437.598022,0,0,0.5,0.5,1,0.150000006,4.94999981,4.80999994,0,0,0,0,1
20.328181,1784371191.963547,659,-3.02108026,-3.23766232,-6.47997856,0.448117703,437.623016,0,0,0.5,0.5,1,0.150000006,4.94999981,4.80999994,0,0,0,0,1
20.328181,1784371191.963547,660,-3.01877069,-3.2364397,-6.48070908,0.448776513,437.64801,0,0,0.5,0.5,1,0.150000006,4.94999981,4.80999994,0,0,0,0,1
20.359381,1784371191.994747,661,-3.01517105,-3.23679256,-6.48081017,0.445704728,437.673035,0,0,0.5,0.5,1,0.150000006,4.94999981,4.80999994,0,0,0,0,1
20.390309,1784371192.025675,662,-3.00867796,-3.24012995,-6.48105812,0.443708062,437.698029,0,0,0.5,0.5,1,0.150000006,4.94999981,4.80999994,0,0,0,0,1
20.422382,1784371192.057749,663,-3.00324345,-3.24232912,-6.48112297,0.441566646,437.723022,0,0,0.5,0.5,1,0.150000006,4.94999981,4.80999994,0,0,0,0,1
20.453588,1784371192.088954,664,-3.00545406,-3.24688387,-6.48152161,0.441018313,437.748016,0,0,0.5,0.5,1,0.150000006,4.94999981,4.80999994,0,0,0,0,1
20.453588,1784371192.088954,665,-3.00846696,-3.25207901,-6.4819603,0.440661907,437.77301,0,0,0.5,0.5,1,0.150000006,4.94999981,4.80999994,0,0,0,0,1
20.485588,1784371192.120955,666,-3.01140308,-3.25536728,-6.48274803,0.440430224,437.798035,0,0,0.5,0.5,1,0.150000006,4.94999981,4.80999994,0,0,0,0,1
20.516578,1784371192.151945,667,-3.0130794,-3.25515032,-6.4832058,0.440181762,437.823029,0,0,0.5,0.5,1,0.150000006,4.94999981,4.80999994,0,0,0,0,1
20.547578,1784371192.182944,668,-3.01164365,-3.25010586,-6.48360252,0.440118134,437.848022,0,0,0.5,0.5,1,0.150000006,4.94999981,4.80999994,0,0,0,0,1
20.578579,1784371192.213946,669,-3.01036906,-3.24458694,-6.48369026,0.440076798,437.873016,0,0,0.5,0.5,1,0.150000006,4.94999981,4.80999994,0,0,0,0,1
20.578579,1784371192.213946,670,-3.00681019,-3.2410903,-6.48402405,0.440049917,437.89801,0,0,0.5,0.5,1,0.150000006,4.94999981,4.80999994,0,0,0,0,1
20.609586,1784371192.244952,671,-3.00832605,-3.23944855,-6.48420906,0.442296088,437.923035,0,0,0.5,0.5,1,0.150000006,4.94999981,4.80999994,0,0,0,0,1
20.641578,1784371192.276944,672,-3.00961709,-3.24308825,-6.48440361,0.444992453,437.948029,0,0,0.5,0.5,1,0.150000006,4.94999981,4.80999994,0,0,0,0,1
20.672589,1784371192.307956,673,-3.01048946,-3.24475288,-6.4846611,0.446745098,437.973022,0,0,0.5,0.5,1,0.150000006,4.94999981,4.80999994,0,0,0,0,1
20.704586,1784371192.339953,674,-3.01226568,-3.24415731,-6.48591042,0.447884321,437.998016,0,0,0.5,0.5,1,0.150000006,4.94999981,4.80999994,0,0,0,0,1
20.704586,1784371192.339953,675,-3.0145781,-3.24559307,-6.48667908,0.44862479,438.02301,0,0,0.5,0.5,1,0.150000006,4.94999981,4.80999994,0,0,0,0,1
20.736585,1784371192.371952,676,-3.01360798,-3.24274206,-6.48724365,0.447143972,438.048035,0,0,0.5,0.5,1,0.150000006,4.94999981,4.80999994,0,0,0,0,1
20.768591,1784371192.403958,677,-3.01060486,-3.24529505,-6.48778725,0.448143572,438.073029,0,0,0.5,0.5,1,0.150000006,4.94999981,4.80999994,0,0,0,0,1
20.800678,1784371192.436045,678,-3.01540995,-3.24655771,-6.48850632,0.448793322,438.098022,0,0,0.5,0.5,1,0.150000006,4.94999981,4.80999994,0,0,0,0,1
20.832401,1784371192.467768,679,-3.01542068,-3.25059509,-6.48902702,0.449215651,438.123016,0,0,0.5,0.5,1,0.150000006,4.94999981,4.80999994,0,0,0,0,1
20.832401,1784371192.467768,680,-3.01335478,-3.25174236,-6.4901104,0.449668586,438.14801,0,0,0.5,0.5,1,0.150000006,4.94999981,4.80999994,0,0,0,0,1
20.863165,1784371192.498531,681,-3.01287293,-3.24800968,-6.49110222,0.449784577,438.173035,0,0,0.5,0.5,1,0.150000006,4.94999981,4.80999994,0,0,0,0,1
20.895152,1784371192.530518,682,-3.00958395,-3.24467897,-6.49200249,0.449859977,438.198029,0,0,0.5,0.5,1,0.150000006,4.94999981,4.80999994,0,0,0,0,1
20.927112,1784371192.562479,683,-3.00713134,-3.23745441,-6.49256516,0.449908972,438.223022,0,0,0.5,0.5,1,0.150000006,4.94999981,4.80999994,0,0,0,0,1
20.927112,1784371192.562479,684,-3.00462723,-3.23347759,-6.49267006,0.444186538,438.248016,0,0,0.5,0.5,1,0.150000006,4.94999981,4.80999994,0,0,0,0,1
20.958132,1784371192.593499,685,-3.00592422,-3.23599482,-6.49310493,0.446221232,438.27301,0,0,0.5,0.5,1,0.150000006,4.94999981,4.80999994,0,0,0,0,1
20.989112,1784371192.624479,686,-3.00909901,-3.23973751,-6.4940052,0.4475438,438.298035,0,0,0.5,0.5,1,0.150000006,4.94999981,4.80999994,0,0,0,0,1
21.020122,1784371192.655489,687,-3.01209211,-3.24183559,-6.49385262,0.448403478,438.323029,0,0,0.5,0.5,1,0.150000006,4.94999981,4.80999994,0,0,0,0,1
21.051120,1784371192.686486,688,-3.01115942,-3.24473047,-6.4943676,0.448962271,438.348022,0,0,0.5,0.5,1,0.150000006,4.94999981,4.80999994,0,0,0,0,1
21.051120,1784371192.686486,689,-3.01227236,-3.23895693,-6.4950428,0.447286576,438.373016,0,0,0.5,0.5,1,0.150000006,4.94999981,4.80999994,0,0,0,0,1
21.082120,1784371192.717487,690,-3.01354074,-3.23799944,-6.49556351,0.448236257,438.39801,0,0,0.5,0.5,1,0.150000006,4.94999981,4.80999994,0,0,0,0,1
21.113126,1784371192.748492,691,-3.00984216,-3.23833513,-6.49633598,0.448853552,438.423035,0,0,0.5,0.5,1,0.150000006,4.94999981,4.80999994,0,0,0,0,1
21.144120,1784371192.779487,692,-3.01300788,-3.23900127,-6.49736023,0.449254811,438.448029,0,0,0.5,0.5,1,0.150000006,4.94999981,4.80999994,0,0,0,0,1
21.176120,1784371192.811487,693,-3.00971532,-3.24289036,-6.49759674,0.449685156,438.473022,0,0,0.5,0.5,1,0.150000006,4.94999981,4.80999994,0,0,0,0,1
21.176120,1784371192.811487,694,-3.00231338,-3.24881554,-6.49872398,0.449795336,438.498016,0,0,0.5,0.5,1,0.150000006,4.94999981,4.80999994,0,0,0,0,1
21.208113,1784371192.843479,695,-2.99800634,-3.24251795,-6.49872017,0.449866951,438.52301,0,0,0.5,0.5,1,0.150000006,4.94999981,4.80999994,0,0,0,0,1
21.240121,1784371192.875488,696,-2.992944,-3.24224663,-6.49863815,0.449913502,438.548035,0,0,0.5,0.5,1,0.150000006,4.94999981,4.80999994,0,0,0,0,1
21.271112,1784371192.906479,697,-2.99895477,-3.23784113,-6.49857712,0.446443766,438.573029,0,0,0.5,0.5,1,0.150000006,4.94999981,4.80999994,0,0,0,0,1
21.302120,1784371192.937487,698,-3.00653195,-3.2385354,-6.49809074,0.442722499,438.598022,0,0,0.5,0.5,1,0.150000006,4.94999981,4.80999994,0,0,0,0,1
21.302120,1784371192.937487,699,-3.01166725,-3.24187183,-6.49871826,0.44176963,438.623016,0,0,0.5,0.5,1,0.150000006,4.94999981,4.80999994,0,0,0,0,1
21.333113,1784371192.968479,700,-3.01483202,-3.2424221,-6.50012779,0.441150248,438.64801,0,0,0.5,0.5,1,0.150000006,4.94999981,4.80999994,0,0,0,0,1
21.364409,1784371192.999776,701,-3.01258183,-3.24303627,-6.50078011,0.440747648,438.673035,0,0,0.5,0.5,1,0.150000006,4.94999981,4.80999994,0,0,0,0,1
21.396401,1784371193.031768,702,-3.00583673,-3.24024582,-6.50093651,0.440315902,438.698029,0,0,0.5,0.5,1,0.150000006,4.94999981,4.80999994,0,0,0,0,1
21.427413,1784371193.062779,703,-2.99860954,-3.23952484,-6.5010128,0.44370532,438.723022,0,0,0.5,0.5,1,0.150000006,4.94999981,4.80999994,0,0,0,0,1
21.427413,1784371193.062779,704,-2.99895954,-3.24146271,-6.50099182,0.445908457,438.748016,0,0,0.5,0.5,1,0.150000006,4.94999981,4.80999994,0,0,0,0,1
21.458400,1784371193.093767,705,-3.00038958,-3.24747562,-6.50150681,0.443840504,438.77301,0,0,0.5,0.5,1,0.150000006,4.94999981,4.80999994,0,0,0,0,1
21.490411,1784371193.125777,706,-3.00527358,-3.25539017,-6.50239563,0.4451226,438.798035,0,0,0.5,0.5,1,0.150000006,4.94999981,4.80999994,0,0,0,0,1
21.522116,1784371193.157482,707,-3.0116818,-3.25695181,-6.50306892,0.446829677,438.823029,0,0,0.5,0.5,1,0.150000006,4.94999981,4.80999994,0,0,0,0,1
21.522116,1784371193.157482,708,-3.01779556,-3.25924873,-6.50356674,0.444439292,438.848022,0,0,0.5,0.5,1,0.150000006,4.94999981,4.80999994,0,0,0,0,1
21.553116,1784371193.188483,709,-3.00884581,-3.26137829,-6.50455856,0.446385533,438.873016,0,0,0.5,0.5,1,0.150000006,4.94999981,4.80999994,0,0,0,0,1
21.585120,1784371193.220487,710,-3.00635266,-3.25471354,-6.5051136,0.447650582,438.89801,0,0,0.5,0.5,1,0.150000006,4.94999981,4.80999994,0,0,0,0,1
21.616119,1784371193.251486,711,-3.00656414,-3.24555635,-6.50412369,0.445507377,438.923035,0,0,0.5,0.5,1,0.150000006,4.94999981,4.80999994,0,0,0,0,1
21.647590,1784371193.282957,712,-3.00705218,-3.2530961,-6.50339699,0.447079778,438.948029,0,0,0.5,0.5,1,0.150000006,4.94999981,4.80999994,0,0,0,0,1
21.679608,1784371193.314975,713,-3.01557398,-3.25712442,-6.50352097,0.448101848,438.973022,0,0,0.5,0.5,1,0.150000006,4.94999981,4.80999994,0,0,0,0,1
21.679608,1784371193.314975,714,-3.02232313,-3.25759029,-6.50397873,0.448766202,438.998016,0,0,0.5,0.5,1,0.150000006,4.94999981,4.80999994,0,0,0,0,1
21.711459,1784371193.346826,715,-3.01895022,-3.2564044,-6.50504875,0.449478716,439.02301,0,0,0.5,0.5,1,0.150000006,4.94999981,4.80999994,0,0,0,0,1
21.743468,1784371193.378835,716,-3.01425886,-3.24959469,-6.50655746,0.449661165,439.048035,0,0,0.5,0.5,1,0.150000006,4.94999981,4.80999994,0,0,0,0,1
21.774466,1784371193.409833,717,-3.0087781,-3.2389164,-6.50728035,0.449779749,439.073029,0,0,0.5,0.5,1,0.150000006,4.94999981,4.80999994,0,0,0,0,1
21.774466,1784371193.409833,718,-3.0032804,-3.23452425,-6.50790787,0.449856818,439.098022,0,0,0.5,0.5,1,0.150000006,4.94999981,4.80999994,0,0,0,0,1
21.806382,1784371193.441749,719,-3.00779223,-3.24371386,-6.50743866,0.446406931,439.123016,0,0,0.5,0.5,1,0.150000006,4.94999981,4.80999994,0,0,0,0,1
21.837573,1784371193.472939,720,-3.01949,-3.25109053,-6.50797844,0.446206927,439.14801,0,0,0.5,0.5,1,0.150000006,4.94999981,4.80999994,0,0,0,0,1
21.869771,1784371193.505137,721,-3.02746344,-3.249053,-6.50863075,0.444034517,439.173035,0,0,0.5,0.5,1,0.150000006,4.94999981,4.80999994,0,0,0,0,1
21.901694,1784371193.537061,722,-3.02700877,-3.24495506,-6.5094986,0.446122438,439.198029,0,0,0.5,0.5,1,0.150000006,4.94999981,4.80999994,0,0,0,0,1
21.901694,1784371193.537061,723,-3.02178621,-3.23771477,-6.51062965,0.443979591,439.223022,0,0,0.5,0.5,1,0.150000006,4.94999981,4.80999994,0,0,0,0,1
21.933469,1784371193.568835,724,-3.01262307,-3.23281479,-6.51031113,0.441681355,439.248016,0,0,0.5,0.5,1,0.150000006,4.94999981,4.80999994,0,0,0,0,1
21.965369,1784371193.600735,725,-3.00142574,-3.2345767,-6.51061058,0.441092879,439.27301,0,0,0.5,0.5,1,0.150000006,4.94999981,4.80999994,0,0,0,0,1
21.996450,1784371193.631817,726,-3.00011778,-3.24174833,-6.51073265,0.440710366,439.298035,0,0,0.5,0.5,1,0.150000006,4.94999981,4.80999994,0,0,0,0,1
22.027488,1784371193.662854,727,-3.01081562,-3.2484951,-6.51079559,0.440461725,439.323029,0,0,0.5,0.5,1,0.150000006,4.94999981,4.80999994,0,0,0,0,1
22.027488,1784371193.662854,728,-3.02412724,-3.2555666,-6.51130295,0.440195084,439.348022,0,0,0.5,0.5,1,0.150000006,4.94999981,4.80999994,0,0,0,0,1
22.058446,1784371193.693812,729,-3.03005695,-3.25716305,-6.51187897,0.440126806,439.373016,0,0,0.5,0.5,1,0.150000006,4.94999981,4.80999994,0,0,0,0,1
22.090436,1784371193.725803,730,-3.02990413,-3.25430679,-6.513134,0.440082431,439.39801,0,0,0.5,0.5,1,0.150000006,4.94999981,4.80999994,0,0,0,0,1
22.121445,1784371193.756812,731,-3.02460217,-3.24013853,-6.51460457,0.443553567,439.423035,0,0,0.5,0.5,1,0.150000006,4.94999981,4.80999994,0,0,0,0,1
22.153447,1784371193.788814,732,-3.01103544,-3.24015999,-6.51535034,0.442309827,439.448029,0,0,0.5,0.5,1,0.150000006,4.94999981,4.80999994,0,0,0,0,1
22.153447,1784371193.788814,733,-3.00616193,-3.23998022,-6.51613617,0.444475889,439.473022,0,0,0.5,0.5,1,0.150000006,4.94999981,4.80999994,0,0,0,0,1
22.185448,1784371193.820815,734,-3.0126636,-3.24268961,-6.51634216,0.446409315,439.498016,0,0,0.5,0.5,1,0.150000006,4.94999981,4.80999994,0,0,0,0,1
22.216445,1784371193.851812,735,-3.02187777,-3.24480629,-6.51656532,0.444166064,439.52301,0,0,0.5,0.5,1,0.150000006,4.94999981,4.80999994,0,0,0,0,1
22.247437,1784371193.882803,736,-3.02401066,-3.24370098,-6.51643372,0.446207941,439.548035,0,0,0.5,0.5,1,0.150000006,4.94999981,4.80999994,0,0,0,0,1
22.278437,1784371193.913804,737,-3.03064704,-3.24060488,-6.51695824,0.44489786,439.573029,0,0,0.5,0.5,1,0.150000006,4.94999981,4.80999994,0,0,0,0,1
22.278437,1784371193.913804,738,-3.02799034,-3.23397541,-6.51763535,0.446683615,439.598022,0,0,0.5,0.5,1,0.150000006,4.94999981,4.80999994,0,0,0,0,1
22.310438,1784371193.945805,739,-3.01480675,-3.23023129,-6.51817513,0.447844356,439.623016,0,0,0.5,0.5,1,0.150000006,4.94999981,4.80999994,0,0,0,0,1
22.340444,1784371193.975811,740,-3.00545692,-3.23691607,-6.51866531,0.448598832,439.64801,0,0,0.5,0.5,1,0.150000006,4.94999981,4.80999994,0,0,0,0,1
22.372437,1784371194.007803,741,-3.00395036,-3.24056244,-6.51912689,0.44363302,439.673035,0,0,0.5,0.5,1,0.150000006,4.94999981,4.80999994,0,0,0,0,1
22.403443,1784371194.038810,742,-3.00924873,-3.24616671,-6.51918411,0.445861459,439.698029,0,0,0.5,0.5,1,0.150000006,4.94999981,4.80999994,0,0,0,0,1
22.403443,1784371194.038810,743,-3.01350999,-3.24703026,-6.51920319,0.443809956,439.723022,0,0,0.5,0.5,1,0.150000006,4.94999981,4.80999994,0,0,0,0,1
22.434512,1784371194.069879,744,-3.01968527,-3.2479763,-6.51939774,0.445976466,439.748016,0,0,0.5,0.5,1,0.150000006,4.94999981,4.80999994,0,0,0,0,1
22.466438,1784371194.101804,745,-3.02153563,-3.24709558,-6.51905441,0.447384685,439.77301,0,0,0.5,0.5,1,0.150000006,4.94999981,4.80999994,0,0,0,0,1
22.496448,1784371194.131814,746,-3.01690888,-3.23810196,-6.51976395,0.448895007,439.798035,0,0,0.5,0.5,1,0.150000006,4.94999981,4.80999994,0,0,0,0,1
22.528437,1784371194.163804,747,-3.00804758,-3.23449373,-6.51994896,0.449281752,439.823029,0,0,0.5,0.5,1,0.150000006,4.94999981,4.80999994,0,0,0,0,1
22.528437,1784371194.163804,748,-3.00814104,-3.2385354,-6.52135468,0.449533135,439.848022,0,0,0.5,0.5,1,0.150000006,4.94999981,4.80999994,0,0,0,0,1
22.559564,1784371194.194931,749,-3.01211953,-3.24243069,-6.52137947,0.446196526,439.873016,0,0,0.5,0.5,1,0.150000006,4.94999981,4.80999994,0,0,0,0,1
22.591574,1784371194.226941,750,-3.01586056,-3.24712133,-6.52188492,0.446118027,439.89801,0,0,0.5,0.5,1,0.150000006,4.94999981,4.80999994,0,0,0,0,1
22.622564,1784371194.257931,751,-3.01904416,-3.2453618,-6.52224731,0.447476715,439.923035,0,0,0.5,0.5,1,0.150000006,4.94999981,4.80999994,0,0,0,0,1
22.654643,1784371194.290010,752,-3.02141476,-3.24562168,-6.5227375,0.444859862,439.948029,0,0,0.5,0.5,1,0.150000006,4.94999981,4.80999994,0,0,0,0,1
22.654643,1784371194.290010,753,-3.01635456,-3.24226904,-6.52353287,0.446658909,439.973022,0,0,0.5,0.5,1,0.150000006,4.94999981,4.80999994,0,0,0,0,1
22.686448,1784371194.321814,754,-3.00841093,-3.23958111,-6.52422905,0.447828293,439.998016,0,0,0.5,0.5,1,0.150000006,4.94999981,4.80999994,0,0,0,0,1
22.718445,1784371194.353811,755,-3.00652695,-3.23868036,-6.5251255,0.445582449,440.02301,0,0,0.5,0.5,1,0.150000006,4.94999981,4.80999994,0,0,0,0,1
22.749640,1784371194.385006,756,-3.0090518,-3.23995876,-6.52554703,0.443628579,440.048035,0,0,0.5,0.5,1,0.150000006,4.94999981,4.80999994,0,0,0,0,1
22.781639,1784371194.417006,757,-3.01615977,-3.24112272,-6.52583504,0.442358583,440.073029,0,0,0.5,0.5,1,0.150000006,4.94999981,4.80999994,0,0,0,0,1
22.781639,1784371194.417006,758,-3.0209415,-3.24489212,-6.52589798,0.441533089,440.098022,0,0,0.5,0.5,1,0.150000006,4.94999981,4.80999994,0,0,0,0,1
22.812766,1784371194.448133,759,-3.02819085,-3.24241972,-6.52564049,0.440647721,440.123016,0,0,0.5,0.5,1,0.150000006,4.94999981,4.80999994,0,0,0,0,1
22.843791,1784371194.479157,760,-3.02634358,-3.24470758,-6.52578354,0.440421015,440.14801,0,0,0.5,0.5,1,0.150000006,4.94999981,4.80999994,0,0,0,0,1
22.875872,1784371194.511238,761,-3.02202082,-3.24200153,-6.52655411,0.440273672,440.173035,0,0,0.5,0.5,1,0.150000006,4.94999981,4.80999994,0,0,0,0,1
22.875872,1784371194.511238,762,-3.01761675,-3.24122143,-6.52741623,0.443677872,440.198029,0,0,0.5,0.5,1,0.150000006,4.94999981,4.80999994,0,0,0,0,1
22.907856,1784371194.543222,763,-3.0130384,-3.24048805,-6.5281868,0.441553891,440.223022,0,0,0.5,0.5,1,0.150000006,4.94999981,4.80999994,0,0,0,0,1
22.939353,1784371194.574719,764,-3.01367378,-3.24022532,-6.52910614,0.444510013,440.248016,0,0,0.5,0.5,1,0.150000006,4.94999981,4.80999994,0,0,0,0,1
22.970290,1784371194.605657,765,-3.01453733,-3.25155401,-6.52913857,0.446431518,440.27301,0,0,0.5,0.5,1,0.150000006,4.94999981,4.80999994,0,0,0,0,1
23.001606,1784371194.636972,766,-3.02093315,-3.2587719,-6.52963257,0.444180489,440.298035,0,0,0.5,0.5,1,0.150000006,4.94999981,4.80999994,0,0,0,0,1
23.001606,1784371194.636972,767,-3.02470922,-3.25456667,-6.52963638,0.446217299,440.323029,0,0,0.5,0.5,1,0.150000006,4.94999981,4.80999994,0,0,0,0,1
23.033522,1784371194.668889,768,-3.02247715,-3.24750948,-6.52963448,0.442626804,440.348022,0,0,0.5,0.5,1,0.150000006,4.94999981,4.80999994,0,0,0,0,1
23.065005,1784371194.700371,769,-3.01414561,-3.24610996,-6.53035164,0.445207417,440.373016,0,0,0.5,0.5,1,0.150000006,4.94999981,4.80999994,0,0,0,0,1
23.095733,1784371194.731100,770,-3.00854468,-3.24923992,-6.53110123,0.443384826,440.39801,0,0,0.5,0.5,1,0.150000006,4.94999981,4.80999994,0,0,0,0,1
23.127415,1784371194.762782,771,-3.00645614,-3.25234699,-6.53214264,0.445700139,440.423035,0,0,0.5,0.5,1,0.150000006,4.94999981,4.80999994,0,0,0,0,1
23.127415,1784371194.762782,772,-3.00447893,-3.24566507,-6.53277206,0.445908308,440.448029,0,0,0.5,0.5,1,0.150000006,4.94999981,4.80999994,0,0,0,0,1
23.158283,1784371194.793649,773,-3.00344706,-3.24536705,-6.53264427,0.447340399,440.473022,0,0,0.5,0.5,1,0.150000006,4.94999981,4.80999994,0,0,0,0,1
23.189371,1784371194.824737,774,-3.01431656,-3.24840307,-6.53247643,0.44477126,440.498016,0,0,0.5,0.5,1,0.150000006,4.94999981,4.80999994,0,0,0,0,1
23.220632,1784371194.855999,775,-3.02123499,-3.24438715,-6.53198814,0.446601301,440.52301,0,0,0.5,0.5,1,0.150000006,4.94999981,4.80999994,0,0,0,0,1
23.251848,1784371194.887215,776,-3.02321601,-3.24510527,-6.5326004,0.442789048,440.548035,0,0,0.5,0.5,1,0.150000006,4.94999981,4.80999994,0,0,0,0,1
23.251848,1784371194.887215,777,-3.02734756,-3.23878574,-6.53377914,0.445312887,440.573029,0,0,0.5,0.5,1,0.150000006,4.94999981,4.80999994,0,0,0,0,1
23.283461,1784371194.918828,778,-3.02109909,-3.23368931,-6.53421211,0.446953386,440.598022,0,0,0.5,0.5,1,0.150000006,4.94999981,4.80999994,0,0,0,0,1
23.315459,1784371194.950826,779,-3.01514816,-3.23550415,-6.53482628,0.444519699,440.623016,0,0,0.5,0.5,1,0.150000006,4.94999981,4.80999994,0,0,0,0,1
23.346450,1784371194.981816,780,-3.01199436,-3.24725628,-6.53536415,0.442937791,440.64801,0,0,0.5,0.5,1,0.150000006,4.94999981,4.80999994,0,0,0,0,1
23.377457,1784371195.012824,781,-3.01615214,-3.2583189,-6.53544235,0.444741189,440.673035,0,0,0.5,0.5,1,0.150000006,4.94999981,4.80999994,0,0,0,0,1
23.377457,1784371195.012824,782,-3.01579618,-3.25801802,-6.53647614,0.443081766,440.698029,0,0,0.5,0.5,1,0.150000006,4.94999981,4.80999994,0,0,0,0,1
23.409459,1784371195.044826,783,-3.0204742,-3.250494,-6.53664017,0.442003161,440.723022,0,0,0.5,0.5,1,0.150000006,4.94999981,4.80999994,0,0,0,0,1
23.440459,1784371195.075825,784,-3.01869392,-3.24296665,-6.5371666,0.441302061,440.748016,0,0,0.5,0.5,1,0.150000006,4.94999981,4.80999994,0,0,0,0,1
23.471457,1784371195.106823,785,-3.01555538,-3.23647785,-6.53715897,0.440550119,440.77301,0,0,0.5,0.5,1,0.150000006,4.94999981,4.80999994,0,0,0,0,1
23.502455,1784371195.137822,786,-3.01146245,-3.24553013,-6.53787041,0.440357566,440.798035,0,0,0.5,0.5,1,0.150000006,4.94999981,4.80999994,0,0,0,0,1
23.502455,1784371195.137822,787,-3.00838995,-3.25746536,-6.53891182,0.440232426,440.823029,0,0,0.5,0.5,1,0.150000006,4.94999981,4.80999994,0,0,0,0,1
23.533987,1784371195.169354,788,-3.01017952,-3.26583147,-6.53951263,0.440151066,440.848022,0,0,0.5,0.5,1,0.150000006,4.94999981,4.80999994,0,0,0,0,1
23.566175,1784371195.201542,789,-3.01318216,-3.26533556,-6.5406456,0.440098196,440.873016,0,0,0.5,0.5,1,0.150000006,4.94999981,4.80999994,0,0,0,0,1
23.611981,1784371195.247348,790,-3.01860094,-3.25484562,-6.54143333,0.442316473,440.89801,0,0,0.5,0.5,1,0.150000006,4.94999981,4.80999994,0,0,0,0,1
23.611981,1784371195.247348,791,-3.02064896,-3.2463131,-6.5418911,0.4415057,440.923035,0,0,0.5,0.5,1,0.150000006,4.94999981,4.80999994,0,0,0,0,1
23.642990,1784371195.278357,792,-3.01898408,-3.24140358,-6.54227448,0.440978706,440.948029,0,0,0.5,0.5,1,0.150000006,4.94999981,4.80999994,0,0,0,0,1
23.674980,1784371195.310347,793,-3.00818157,-3.24060345,-6.54258919,0.440636158,440.973022,0,0,0.5,0.5,1,0.150000006,4.94999981,4.80999994,0,0,0,0,1
23.705987,1784371195.341354,794,-3.00725722,-3.25010109,-6.54334831,0.44376877,440.998016,0,0,0.5,0.5,1,0.150000006,4.94999981,4.80999994,0,0,0,0,1
23.705987,1784371195.341354,795,-3.0068965,-3.24967575,-6.54413223,0.445949703,441.02301,0,0,0.5,0.5,1,0.150000006,4.94999981,4.80999994,0,0,0,0,1
23.736989,1784371195.372356,796,-3.00824785,-3.25013781,-6.54471779,0.443867296,441.048035,0,0,0.5,0.5,1,0.150000006,4.94999981,4.80999994,0,0,0,0,1
24.710122,1784371196.345489,797,-3.01877069,-3.25411463,-6.55414963,0.446013749,441.565033,0,0,0.5,0.5,1,0.150000006,4.94999981,4.80999994,0,0,0,0,1
24.742002,1784371196.377369,798,-3.01540828,-3.27010202,-6.56341743,0.442540795,442.034027,0,0,0.5,0.5,1,0.150000006,4.94999981,4.80999994,0,0,0,0,1
24.742002,1784371196.377369,799,-3.01988149,-3.27497196,-6.56414795,0.441651523,442.059021,0,0,0.5,0.5,1,0.150000006,4.94999981,4.80999994,0,0,0,0,1
24.774002,1784371196.409368,800,-3.02194047,-3.27093124,-6.5649929,0.444573492,442.084015,0,0,0.5,0.5,1,0.150000006,4.94999981,4.80999994,0,0,0,0,1
24.804556,1784371196.439923,801,-3.02384377,-3.26395702,-6.56550026,0.442972779,442.109009,0,0,0.5,0.5,1,0.150000006,4.94999981,4.80999994,0,0,0,0,1
24.836298,1784371196.471665,802,-3.02383041,-3.25987148,-6.56600571,0.441932321,442.134033,0,0,0.5,0.5,1,0.150000006,4.94999981,4.80999994,0,0,0,0,1
24.836298,1784371196.471665,803,-3.02350712,-3.25795364,-6.56686783,0.440816402,442.159027,0,0,0.5,0.5,1,0.150000006,4.94999981,4.80999994,0,0,0,0,1
24.867285,1784371196.502652,804,-3.01496506,-3.26068163,-6.56674004,0.444030643,442.184021,0,0,0.5,0.5,1,0.150000006,4.94999981,4.80999994,0,0,0,0,1
24.899296,1784371196.534663,805,-3.01238275,-3.26258087,-6.56657219,0.44261992,442.209015,0,0,0.5,0.5,1,0.150000006,4.94999981,4.80999994,0,0,0,0,1
24.930286,1784371196.565652,806,-3.00902653,-3.26366663,-6.56703568,0.441702962,442.234009,0,0,0.5,0.5,1,0.150000006,4.94999981,4.80999994,0,0,0,0,1
24.962286,1784371196.597652,807,-3.01276493,-3.26678038,-6.56768227,0.442994505,442.259033,0,0,0.5,0.5,1,0.150000006,4.94999981,4.80999994,0,0,0,0,1
24.993296,1784371196.628663,808,-3.01992702,-3.25857878,-6.56768227,0.441946417,442.284027,0,0,0.5,0.5,1,0.150000006,4.94999981,4.80999994,0,0,0,0,1
24.993296,1784371196.628663,809,-3.01936769,-3.251544,-6.56801224,0.44476518,442.309021,0,0,0.5,0.5,1,0.150000006,4.94999981,4.80999994,0,0,0,0,1
25.024647,1784371196.660013,810,-3.02248096,-3.25198364,-6.56876183,0.443097353,442.334015,0,0,0.5,0.5,1,0.150000006,4.94999981,4.80999994,0,0,0,0,1
25.055645,1784371196.691012,811,-3.02118206,-3.25405407,-6.56909561,0.442013264,442.359009,0,0,0.5,0.5,1,0.150000006,4.94999981,4.80999994,0,0,0,0,1
25.087764,1784371196.723131,812,-3.01603699,-3.26153231,-6.56983185,0.4443506,442.384033,0,0,0.5,0.5,1,0.150000006,4.94999981,4.80999994,0,0,0,0,1
25.087764,1784371196.723131,813,-3.01195002,-3.2618103,-6.57094765,0.44282788,442.409027,0,0,0.5,0.5,1,0.150000006,4.94999981,4.80999994,0,0,0,0,1
25.119648,1784371196.755015,814,-3.0130558,-3.25855732,-6.57133865,0.44533813,442.434021,0,0,0.5,0.5,1,0.150000006,4.94999981,4.80999994,0,0,0,0,1
25.151650,1784371196.787017,815,-3.01234794,-3.25346994,-6.57132149,0.446969777,442.459015,0,0,0.5,0.5,1,0.150000006,4.94999981,4.80999994,0,0,0,0,1
25.182646,1784371196.818013,816,-3.01599312,-3.25141811,-6.571064,0.445219725,442.484009,0,0,0.5,0.5,1,0.150000006,4.94999981,4.80999994,0,0,0,0,1
25.213812,1784371196.849179,817,-3.01882863,-3.25337696,-6.5713501,0.446892828,442.509033,0,0,0.5,0.5,1,0.150000006,4.94999981,4.80999994,0,0,0,0,1
25.213812,1784371196.849179,818,-3.01879072,-3.2558465,-6.57249641,0.44448033,442.534027,0,0,0.5,0.5,1,0.150000006,4.94999981,4.80999994,0,0,0,0,1
25.245809,1784371196.881176,819,-3.01565504,-3.26192999,-6.57328224,0.442912221,442.559021,0,0,0.5,0.5,1,0.150000006,4.94999981,4.80999994,0,0,0,0,1
25.276422,1784371196.911789,820,-3.01531863,-3.25781393,-6.57447243,0.447005391,442.584015,0,0,0.5,0.5,1,0.150000006,4.94999981,4.80999994,0,0,0,0,1
25.308411,1784371196.943777,821,-3.01976395,-3.24874401,-6.57532692,0.444553494,442.609009,0,0,0.5,0.5,1,0.150000006,4.94999981,4.80999994,0,0,0,0,1
25.339420,1784371196.974787,822,-3.01946926,-3.24534035,-6.5762825,0.442959785,442.634033,0,0,0.5,0.5,1,0.150000006,4.94999981,4.80999994,0,0,0,0,1
25.339420,1784371196.974787,823,-3.01013422,-3.25171757,-6.57729721,0.445423841,442.659027,0,0,0.5,0.5,1,0.150000006,4.94999981,4.80999994,0,0,0,0,1
25.385418,1784371197.020785,824,-3.00815821,-3.2551074,-6.57810783,0.443525493,442.684021,0,0,0.5,0.5,1,0.150000006,4.94999981,4.80999994,0,0,0,0,1
25.385418,1784371197.020785,825,-3.00537491,-3.24438,-6.57791901,0.444989502,442.709015,0,0,0.5,0.5,1,0.150000006,4.94999981,4.80999994,0,0,0,0,1
25.416422,1784371197.051788,826,-3.00109315,-3.23696089,-6.57675743,0.443243176,442.734009,0,0,0.5,0.5,1,0.150000006,4.94999981,4.80999994,0,0,0,0,1
25.448416,1784371197.083783,827,-3.01031137,-3.22885084,-6.57650757,0.44560805,442.759033,0,0,0.5,0.5,1,0.150000006,4.94999981,4.80999994,0,0,0,0,1
25.480419,1784371197.115786,828,-3.02022886,-3.22736979,-6.57618141,0.443645239,442.784027,0,0,0.5,0.5,1,0.150000006,4.94999981,4.80999994,0,0,0,0,1
25.512412,1784371197.147779,829,-3.02252221,-3.24271202,-6.57650757,0.441540122,442.809021,0,0,0.5,0.5,1,0.150000006,4.94999981,4.80999994,0,0,0,0,1
25.543410,1784371197.178777,830,-3.01646805,-3.25124598,-6.57877922,0.441001087,442.834015,0,0,0.5,0.5,1,0.150000006,4.94999981,4.80999994,0,0,0,0,1
25.543410,1784371197.178777,831,-3.01456714,-3.25525379,-6.57988167,0.440650702,442.859009,0,0,0.5,0.5,1,0.150000006,4.94999981,4.80999994,0,0,0,0,1
25.575612,1784371197.210979,832,-3.00626755,-3.25269699,-6.58043861,0.440422952,442.884033,0,0,0.5,0.5,1,0.150000006,4.94999981,4.80999994,0,0,0,0,1
25.607413,1784371197.242779,833,-3.00135994,-3.24832058,-6.57996368,0.440274924,442.912018,0,0,0.5,0.5,1,0.150000006,4.94999981,4.80999994,0,0,0,0,1
25.638418,1784371197.273785,834,-3.00635862,-3.25129652,-6.58035469,0.440178692,442.937012,0,0,0.5,0.5,1,0.150000006,4.94999981,4.80999994,0,0,0,0,1
25.638418,1784371197.273785,835,-3.01568508,-3.2474618,-6.58077621,0.440116137,442.962036,0,0,0.5,0.5,1,0.150000006,4.94999981,4.80999994,0,0,0,0,1
25.670419,1784371197.305786,836,-3.0227952,-3.24611998,-6.58000374,0.440075487,442.98703,0,0,0.5,0.5,1,0.150000006,4.94999981,4.80999994,0,0,0,0,1
25.702419,1784371197.337785,837,-3.02702785,-3.24596548,-6.58098984,0.445806891,443.012024,0,0,0.5,0.5,1,0.150000006,4.94999981,4.80999994,0,0,0,0,1
25.734419,1784371197.369786,838,-3.02761316,-3.24382734,-6.58200645,0.443774492,443.037018,0,0,0.5,0.5,1,0.150000006,4.94999981,4.80999994,0,0,0,0,1
25.766424,1784371197.401791,839,-3.01657557,-3.2501955,-6.58267403,0.442453414,443.062012,0,0,0.5,0.5,1,0.150000006,4.94999981,4.80999994,0,0,0,0,1
25.766424,1784371197.401791,840,-3.0031147,-3.24505234,-6.58344269,0.44159472,443.087036,0,0,0.5,0.5,1,0.150000006,4.94999981,4.80999994,0,0,0,0,1
25.797425,1784371197.432791,841,-2.99348164,-3.23999405,-6.58357811,0.441036582,443.11203,0,0,0.5,0.5,1,0.150000006,4.94999981,4.80999994,0,0,0,0,1
25.828266,1784371197.463632,842,-2.99731493,-3.24038172,-6.58387947,0.443937957,443.137024,0,0,0.5,0.5,1,0.150000006,4.94999981,4.80999994,0,0,0,0,1
25.859272,1784371197.494639,843,-3.00366807,-3.23758841,-6.58390617,0.442559659,443.162018,0,0,0.5,0.5,1,0.150000006,4.94999981,4.80999994,0,0,0,0,1
25.891272,1784371197.526639,844,-3.01052952,-3.2419219,-6.58439636,0.441663772,443.187012,0,0,0.5,0.5,1,0.150000006,4.94999981,4.80999994,0,0,0,0,1
25.891272,1784371197.526639,845,-3.01343274,-3.24514294,-6.58529854,0.441081464,443.212036,0,0,0.5,0.5,1,0.150000006,4.94999981,4.80999994,0,0,0,0,1
25.922271,1784371197.557638,846,-3.01275778,-3.24339962,-6.5856514,0.440456927,443.23703,0,0,0.5,0.5,1,0.150000006,4.94999981,4.80999994,0,0,0,0,1
25.954265,1784371197.589631,847,-3.00507379,-3.24827337,-6.58601952,0.440297008,443.262024,0,0,0.5,0.5,1,0.150000006,4.94999981,4.80999994,0,0,0,0,1
25.986278,1784371197.621644,848,-2.99795914,-3.24680758,-6.58643341,0.443693042,443.287018,0,0,0.5,0.5,1,0.150000006,4.94999981,4.80999994,0,0,0,0,1
26.017538,1784371197.652904,849,-3.00063515,-3.24775839,-6.58623314,0.442400485,443.312012,0,0,0.5,0.5,1,0.150000006,4.94999981,4.80999994,0,0,0,0,1
26.017538,1784371197.652904,850,-3.01029158,-3.24577856,-6.58580589,0.4410142,443.337036,0,0,0.5,0.5,1,0.150000006,4.94999981,4.80999994,0,0,0,0,1
26.048725,1784371197.684092,851,-3.01952505,-3.24828768,-6.5861454,0.440659225,443.36203,0,0,0.5,0.5,1,0.150000006,4.94999981,4.80999994,0,0,0,0,1
26.080528,1784371197.715895,852,-3.0269022,-3.2488966,-6.58692551,0.440428495,443.387024,0,0,0.5,0.5,1,0.150000006,4.94999981,4.80999994,0,0,0,0,1
26.111073,1784371197.746440,853,-3.02386308,-3.2466073,-6.58777809,0.44027853,443.412018,0,0,0.5,0.5,1,0.150000006,4.94999981,4.80999994,0,0,0,0,1
26.142083,1784371197.777449,854,-3.00849581,-3.241714,-6.58823967,0.440181047,443.437012,0,0,0.5,0.5,1,0.150000006,4.94999981,4.80999994,0,0,0,0,1
26.142083,1784371197.777449,855,-2.99590516,-3.24476242,-6.5892601,0.445851475,443.462036,0,0,0.5,0.5,1,0.150000006,4.94999981,4.80999994,0,0,0,0,1
26.173307,1784371197.808673,856,-2.9957068,-3.24597883,-6.58964348,0.447303444,443.48703,0,0,0.5,0.5,1,0.150000006,4.94999981,4.80999994,0,0,0,0,1
26.204446,1784371197.839813,857,-3.00146198,-3.24929953,-6.58952141,0.448247224,443.512024,0,0,0.5,0.5,1,0.150000006,4.94999981,4.80999994,0,0,0,0,1
26.236446,1784371197.871813,858,-3.0112164,-3.25488186,-6.58957672,0.448860705,443.537018,0,0,0.5,0.5,1,0.150000006,4.94999981,4.80999994,0,0,0,0,1
26.267446,1784371197.902813,859,-3.02734184,-3.25533247,-6.58986855,0.449518651,443.562012,0,0,0.5,0.5,1,0.150000006,4.94999981,4.80999994,0,0,0,0,1
26.267446,1784371197.902813,860,-3.03783941,-3.24946594,-6.59126282,0.449687123,443.587036,0,0,0.5,0.5,1,0.150000006,4.94999981,4.80999994,0,0,0,0,1
26.297922,1784371197.933289,861,-3.03481412,-3.24044371,-6.59174156,0.449796617,443.61203,0,0,0.5,0.5,1,0.150000006,4.94999981,4.80999994,0,0,0,0,1
26.328914,1784371197.964281,862,-3.02018452,-3.23730659,-6.59254265,0.4463678,443.637024,0,0,0.5,0.5,1,0.150000006,4.94999981,4.80999994,0,0,0,0,1
26.359885,1784371197.995252,863,-3.00950313,-3.2394743,-6.59301949,0.442690402,443.662018,0,0,0.5,0.5,1,0.150000006,4.94999981,4.80999994,0,0,0,0,1
26.391400,1784371198.026767,864,-3.00094485,-3.24567652,-6.59294701,0.441748768,443.687012,0,0,0.5,0.5,1,0.150000006,4.94999981,4.80999994,0,0,0,0,1
26.391400,1784371198.026767,865,-2.99936771,-3.25476027,-6.59321976,0.441136688,443.712036,0,0,0.5,0.5,1,0.150000006,4.94999981,4.80999994,0,0,0,0,1
26.422858,1784371198.058225,866,-3.00808263,-3.25523281,-6.59366798,0.440738857,443.73703,0,0,0.5,0.5,1,0.150000006,4.94999981,4.80999994,0,0,0,0,1
26.453861,1784371198.089228,867,-3.01868486,-3.2519002,-6.5943737,0.440480262,443.762024,0,0,0.5,0.5,1,0.150000006,4.94999981,4.80999994,0,0,0,0,1
26.484940,1784371198.120306,868,-3.02381134,-3.24113178,-6.5947876,0.440202922,443.787018,0,0,0.5,0.5,1,0.150000006,4.94999981,4.80999994,0,0,0,0,1
26.516088,1784371198.151455,869,-3.02355051,-3.23132229,-6.59539223,0.440131903,443.812012,0,0,0.5,0.5,1,0.150000006,4.94999981,4.80999994,0,0,0,0,1
26.516088,1784371198.151455,870,-3.02216172,-3.2282443,-6.59607887,0.440085739,443.837036,0,0,0.5,0.5,1,0.150000006,4.94999981,4.80999994,0,0,0,0,1
26.547077,1784371198.182443,871,-3.017838,-3.23335934,-6.5964756,0.440055728,443.86203,0,0,0.5,0.5,1,0.150000006,4.94999981,4.80999994,0,0,0,0,1
26.578300,1784371198.213666,872,-3.01353502,-3.23923111,-6.5965519,0.440023541,443.887024,0,0,0.5,0.5,1,0.150000006,4.94999981,4.80999994,0,0,0,0,1
26.609258,1784371198.244625,873,-3.01459408,-3.24740696,-6.59718895,0.443515301,443.912018,0,0,0.5,0.5,1,0.150000006,4.94999981,4.80999994,0,0,0,0,1
26.640264,1784371198.275630,874,-3.01777887,-3.24843168,-6.59698296,0.445784926,443.937012,0,0,0.5,0.5,1,0.150000006,4.94999981,4.80999994,0,0,0,0,1
26.672264,1784371198.307631,875,-3.01826048,-3.24243069,-6.59714699,0.443760216,443.962036,0,0,0.5,0.5,1,0.150000006,4.94999981,4.80999994,0,0,0,0,1
26.672264,1784371198.307631,876,-3.01534367,-3.23405695,-6.59744453,0.44594413,443.98703,0,0,0.5,0.5,1,0.150000006,4.94999981,4.80999994,0,0,0,0,1
26.704257,1784371198.339623,877,-3.01379967,-3.23382139,-6.59790802,0.448286384,444.012024,0,0,0.5,0.5,1,0.150000006,4.94999981,4.80999994,0,0,0,0,1
26.735383,1784371198.370749,878,-3.01057267,-3.24019051,-6.59854317,0.448886156,444.037018,0,0,0.5,0.5,1,0.150000006,4.94999981,4.80999994,0,0,0,0,1
26.767387,1784371198.402754,879,-3.01086116,-3.25116777,-6.59896469,0.449276,444.062012,0,0,0.5,0.5,1,0.150000006,4.94999981,4.80999994,0,0,0,0,1
26.767387,1784371198.402754,880,-3.01450133,-3.26000357,-6.59979248,0.446029395,444.087036,0,0,0.5,0.5,1,0.150000006,4.94999981,4.80999994,0,0,0,0,1
26.799020,1784371198.434387,881,-3.01935768,-3.25502014,-6.60071754,0.442547411,444.11203,0,0,0.5,0.5,1,0.150000006,4.94999981,4.80999994,0,0,0,0,1
26.830701,1784371198.466068,882,-3.02042294,-3.25045061,-6.60146523,0.441655815,444.137024,0,0,0.5,0.5,1,0.150000006,4.94999981,4.80999994,0,0,0,0,1
26.862502,1784371198.497868,883,-3.01950788,-3.2437396,-6.60204124,0.441076279,444.162018,0,0,0.5,0.5,1,0.150000006,4.94999981,4.80999994,0,0,0,0,1
26.893626,1784371198.528993,884,-3.01732063,-3.23898649,-6.60251045,0.444199562,444.187012,0,0,0.5,0.5,1,0.150000006,4.94999981,4.80999994,0,0,0,0,1
26.893626,1784371198.528993,885,-3.01230574,-3.23870325,-6.60270119,0.447549284,444.212036,0,0,0.5,0.5,1,0.150000006,4.94999981,4.80999994,0,0,0,0,1
26.925577,1784371198.560944,886,-3.0072782,-3.24733305,-6.60291862,0.448407024,444.23703,0,0,0.5,0.5,1,0.150000006,4.94999981,4.80999994,0,0,0,0,1
26.956992,1784371198.592359,887,-3.00559378,-3.24958897,-6.60300827,0.448964566,444.262024,0,0,0.5,0.5,1,0.150000006,4.94999981,4.80999994,0,0,0,0,1
26.988158,1784371198.623524,888,-3.01126862,-3.25187254,-6.60342216,0.445826977,444.287018,0,0,0.5,0.5,1,0.150000006,4.94999981,4.80999994,0,0,0,0,1
27.019405,1784371198.654772,889,-3.0142796,-3.24505758,-6.60401726,0.44728753,444.312012,0,0,0.5,0.5,1,0.150000006,4.94999981,4.80999994,0,0,0,0,1
27.019405,1784371198.654772,890,-3.01597023,-3.23839712,-6.6044445,0.44885397,444.337036,0,0,0.5,0.5,1,0.150000006,4.94999981,4.80999994,0,0,0,0,1
27.050408,1784371198.685775,891,-3.01814771,-3.23397827,-6.6053524,0.445755064,444.36203,0,0,0.5,0.5,1,0.150000006,4.94999981,4.80999994,0,0,0,0,1
27.081406,1784371198.716773,892,-3.01900005,-3.23218966,-6.60569382,0.4472408,444.387024,0,0,0.5,0.5,1,0.150000006,4.94999981,4.80999994,0,0,0,0,1
27.112398,1784371198.747765,893,-3.01108384,-3.23964596,-6.60656548,0.448206514,444.412018,0,0,0.5,0.5,1,0.150000006,4.94999981,4.80999994,0,0,0,0,1
27.143406,1784371198.778773,894,-3.00952601,-3.24690914,-6.60698509,0.443467259,444.437012,0,0,0.5,0.5,1,0.150000006,4.94999981,4.80999994,0,0,0,0,1
27.143406,1784371198.778773,895,-3.00698423,-3.25290298,-6.60693741,0.442253709,444.462036,0,0,0.5,0.5,1,0.150000006,4.94999981,4.80999994,0,0,0,0,1
27.174731,1784371198.810098,896,-3.00678921,-3.25376463,-6.60707664,0.441464901,444.48703,0,0,0.5,0.5,1,0.150000006,4.94999981,4.80999994,0,0,0,0,1
27.205742,1784371198.841108,897,-3.00856566,-3.24859095,-6.60750961,0.440952182,444.512024,0,0,0.5,0.5,1,0.150000006,4.94999981,4.80999994,0,0,0,0,1
27.237741,1784371198.873108,898,-3.01217628,-3.24610615,-6.60816193,0.446177304,444.537018,0,0,0.5,0.5,1,0.150000006,4.94999981,4.80999994,0,0,0,0,1
27.268739,1784371198.904106,899,-3.01518178,-3.24476767,-6.60871887,0.447515249,444.562012,0,0,0.5,0.5,1,0.150000006,4.94999981,4.80999994,0,0,0,0,1
27.268739,1784371198.904106,900,-3.01520109,-3.24092722,-6.60931778,0.448384911,444.587036,0,0,0.5,0.5,1,0.150000006,4.94999981,4.80999994,0,0,0,0,1
27.299740,1784371198.935107,901,-3.01733279,-3.24557686,-6.61009407,0.448950201,444.61203,0,0,0.5,0.5,1,0.150000006,4.94999981,4.80999994,0,0,0,0,1
27.330741,1784371198.966108,902,-3.01847744,-3.25228643,-6.61070251,0.44581762,444.637024,0,0,0.5,0.5,1,0.150000006,4.94999981,4.80999994,0,0,0,0,1
27.361399,1784371198.996766,903,-3.01525211,-3.25377655,-6.61075211,0.445957959,444.662018,0,0,0.5,0.5,1,0.150000006,4.94999981,4.80999994,0,0,0,0,1
27.392405,1784371199.027772,904,-3.00821829,-3.25748873,-6.61132622,0.447372675,444.687012,0,0,0.5,0.5,1,0.150000006,4.94999981,4.80999994,0,0,0,0,1
27.392405,1784371199.027772,905,-3.01146936,-3.25188541,-6.61236191,0.448292226,444.712036,0,0,0.5,0.5,1,0.150000006,4.94999981,4.80999994,0,0,0,0,1
27.423431,1784371199.058798,906,-3.01222491,-3.2452631,-6.61260223,0.448889941,444.73703,0,0,0.5,0.5,1,0.150000006,4.94999981,4.80999994,0,0,0,0,1
27.455432,1784371199.090798,907,-3.01399469,-3.2378521,-6.61271667,0.449530989,444.762024,0,0,0.5,0.5,1,0.150000006,4.94999981,4.80999994,0,0,0,0,1
27.487424,1784371199.122791,908,-3.01719451,-3.24113274,-6.61320877,0.44969514,444.787018,0,0,0.5,0.5,1,0.150000006,4.94999981,4.80999994,0,0,0,0,1
27.519436,1784371199.154803,909,-3.01563048,-3.2487607,-6.6134491,0.449801832,444.812012,0,0,0.5,0.5,1,0.150000006,4.94999981,4.80999994,0,0,0,0,1
27.519436,1784371199.154803,910,-3.01173019,-3.2517786,-6.61458588,0.446371198,444.837036,0,0,0.5,0.5,1,0.150000006,4.94999981,4.80999994,0,0,0,0,1
27.551441,1784371199.186807,911,-3.00999308,-3.25587654,-6.61505318,0.447641283,444.86203,0,0,0.5,0.5,1,0.150000006,4.94999981,4.80999994,0,0,0,0,1
27.582432,1784371199.217799,912,-3.0082643,-3.25029182,-6.61572838,0.449003428,444.887024,0,0,0.5,0.5,1,0.150000006,4.94999981,4.80999994,0,0,0,0,1
27.614332,1784371199.249699,913,-3.00672412,-3.24532461,-6.61624908,0.449352235,444.912018,0,0,0.5,0.5,1,0.150000006,4.94999981,4.80999994,0,0,0,0,1
27.646318,1784371199.281684,914,-3.00911164,-3.24069881,-6.61664009,0.449578941,444.937012,0,0,0.5,0.5,1,0.150000006,4.94999981,4.80999994,0,0,0,0,1
27.646318,1784371199.281684,915,-3.01188755,-3.24098492,-6.6164856,0.449726313,444.962036,0,0,0.5,0.5,1,0.150000006,4.94999981,4.80999994,0,0,0,0,1
27.677325,1784371199.312692,916,-3.01447153,-3.24351454,-6.61679077,0.449884355,444.98703,0,0,0.5,0.5,1,0.150000006,4.94999981,4.80999994,0,0,0,0,1
27.709325,1784371199.344691,917,-3.0151155,-3.24845791,-6.61697388,0.449924827,445.012024,0,0,0.5,0.5,1,0.150000006,4.94999981,4.80999994,0,0,0,0,1
27.741325,1784371199.376692,918,-3.01461935,-3.25227642,-6.6172924,0.449951142,445.037018,0,0,0.5,0.5,1,0.150000006,4.94999981,4.80999994,0,0,0,0,1
27.741325,1784371199.376692,919,-3.0142951,-3.2572279,-6.61818504,0.449968249,445.062012,0,0,0.5,0.5,1,0.150000006,4.94999981,4.80999994,0,0,0,0,1
27.773325,1784371199.408692,920,-3.01483846,-3.25090361,-6.61871147,0.444211572,445.087036,0,0,0.5,0.5,1,0.150000006,4.94999981,4.80999994,0,0,0,0,1
27.805437,1784371199.440804,921,-3.01618505,-3.24425602,-6.619627,0.446237504,445.11203,0,0,0.5,0.5,1,0.150000006,4.94999981,4.80999994,0,0,0,0,1
27.837309,1784371199.472676,922,-3.01728582,-3.2395649,-6.62027359,0.44755438,445.137024,0,0,0.5,0.5,1,0.150000006,4.94999981,4.80999994,0,0,0,0,1
27.868309,1784371199.503676,923,-3.0160594,-3.24389458,-6.62088776,0.448410332,445.162018,0,0,0.5,0.5,1,0.150000006,4.94999981,4.80999994,0,0,0,0,1
27.868309,1784371199.503676,924,-3.0129559,-3.24699926,-6.6214695,0.445466727,445.187012,0,0,0.5,0.5,1,0.150000006,4.94999981,4.80999994,0,0,0,0,1
27.900310,1784371199.535676,925,-3.00848246,-3.25596905,-6.62215424,0.442309678,445.212036,0,0,0.5,0.5,1,0.150000006,4.94999981,4.80999994,0,0,0,0,1
27.931004,1784371199.566371,926,-3.00654268,-3.25747728,-6.62282181,0.44150129,445.23703,0,0,0.5,0.5,1,0.150000006,4.94999981,4.80999994,0,0,0,0,1
27.961882,1784371199.597249,927,-3.00550795,-3.25703096,-6.62320328,0.44447583,445.262024,0,0,0.5,0.5,1,0.150000006,4.94999981,4.80999994,0,0,0,0,1
27.993884,1784371199.629251,928,-3.01007962,-3.24853849,-6.62399292,0.446409285,445.287018,0,0,0.5,0.5,1,0.150000006,4.94999981,4.80999994,0,0,0,0,1
27.993884,1784371199.629251,929,-3.0155561,-3.23739004,-6.62454796,0.444982916,445.312012,0,0,0.5,0.5,1,0.150000006,4.94999981,4.80999994,0,0,0,0,1
28.024141,1784371199.659508,930,-3.01813102,-3.23359156,-6.62484169,0.446738899,445.337036,0,0,0.5,0.5,1,0.150000006,4.94999981,4.80999994,0,0,0,0,1
28.055136,1784371199.690503,931,-3.01804185,-3.2389102,-6.62528229,0.444380283,445.36203,0,0,0.5,0.5,1,0.150000006,4.94999981,4.80999994,0,0,0,0,1
28.086137,1784371199.721504,932,-3.01438093,-3.23947239,-6.62592506,0.446347177,445.387024,0,0,0.5,0.5,1,0.150000006,4.94999981,4.80999994,0,0,0,0,1
28.118142,1784371199.753509,933,-3.00907135,-3.23499823,-6.62596321,0.44268167,445.412018,0,0,0.5,0.5,1,0.150000006,4.94999981,4.80999994,0,0,0,0,1
28.118142,1784371199.753509,934,-3.00311923,-3.22895479,-6.62664032,0.44524309,445.437012,0,0,0.5,0.5,1,0.150000006,4.94999981,4.80999994,0,0,0,0,1
28.149138,1784371199.784504,935,-3.00156856,-3.22234917,-6.626894,0.446907997,445.462036,0,0,0.5,0.5,1,0.150000006,4.94999981,4.80999994,0,0,0,0,1
28.180137,1784371199.815504,936,-3.00556111,-3.22062874,-6.62702942,0.447990179,445.48703,0,0,0.5,0.5,1,0.150000006,4.94999981,4.80999994,0,0,0,0,1
28.212130,1784371199.847497,937,-3.01334476,-3.22190762,-6.627491,0.445193619,445.512024,0,0,0.5,0.5,1,0.150000006,4.94999981,4.80999994,0,0,0,0,1
28.243136,1784371199.878503,938,-3.0167563,-3.22066069,-6.62786102,0.445694298,445.537018,0,0,0.5,0.5,1,0.150000006,4.94999981,4.80999994,0,0,0,0,1
28.243136,1784371199.878503,939,-3.01765466,-3.22354841,-6.62823486,0.443701297,445.562012,0,0,0.5,0.5,1,0.150000006,4.94999981,4.80999994,0,0,0,0,1
28.275129,1784371199.910496,940,-3.01568508,-3.22834015,-6.62848663,0.445905834,445.587036,0,0,0.5,0.5,1,0.150000006,4.94999981,4.80999994,0,0,0,0,1
28.306137,1784371199.941504,941,-3.01177406,-3.22949123,-6.62919998,0.44733879,445.61203,0,0,0.5,0.5,1,0.150000006,4.94999981,4.80999994,0,0,0,0,1
28.338138,1784371199.973505,942,-3.00776577,-3.22997189,-6.62968826,0.443100631,445.637024,0,0,0.5,0.5,1,0.150000006,4.94999981,4.80999994,0,0,0,0,1
28.369137,1784371200.004503,943,-3.00960636,-3.22367334,-6.62991905,0.442015409,445.662018,0,0,0.5,0.5,1,0.150000006,4.94999981,4.80999994,0,0,0,0,1
28.369137,1784371200.004503,944,-3.0119791,-3.22298002,-6.62986183,0.441310018,445.687012,0,0,0.5,0.5,1,0.150000006,4.94999981,4.80999994,0,0,0,0,1
28.400130,1784371200.035496,945,-3.01754427,-3.22459555,-6.63056374,0.444351494,445.712036,0,0,0.5,0.5,1,0.150000006,4.94999981,4.80999994,0,0,0,0,1
28.431077,1784371200.066444,946,-3.02080727,-3.22540855,-6.63117027,0.446328461,445.73703,0,0,0.5,0.5,1,0.150000006,4.94999981,4.80999994,0,0,0,0,1
28.477077,1784371200.112443,947,-3.0196805,-3.23095131,-6.63174248,0.448448777,445.762024,0,0,0.5,0.5,1,0.150000006,4.94999981,4.80999994,0,0,0,0,1
28.477077,1784371200.112443,948,-3.01613855,-3.23898029,-6.63276291,0.448991716,445.787018,0,0,0.5,0.5,1,0.150000006,4.94999981,4.80999994,0,0,0,0,1
28.507516,1784371200.142883,949,-3.01470137,-3.24516296,-6.63349724,0.449344605,445.812012,0,0,0.5,0.5,1,0.150000006,4.94999981,4.80999994,0,0,0,0,1
28.538513,1784371200.173880,950,-3.01744747,-3.23929739,-6.63417816,0.446073979,445.837036,0,0,0.5,0.5,1,0.150000006,4.94999981,4.80999994,0,0,0,0,1
28.538513,1784371200.173880,951,-3.01769948,-3.23181534,-6.63435364,0.44606626,445.86203,0,0,0.5,0.5,1,0.150000006,4.94999981,4.80999994,0,0,0,0,1
28.569514,1784371200.204880,952,-3.02106476,-3.23336983,-6.63494492,0.443943083,445.887024,0,0,0.5,0.5,1,0.150000006,4.94999981,4.80999994,0,0,0,0,1
28.601347,1784371200.236714,953,-3.02298307,-3.23411083,-6.63589859,0.446063012,445.912018,0,0,0.5,0.5,1,0.150000006,4.94999981,4.80999994,0,0,0,0,1
28.633336,1784371200.268703,954,-3.02282882,-3.23735142,-6.635952,0.443940967,445.937012,0,0,0.5,0.5,1,0.150000006,4.94999981,4.80999994,0,0,0,0,1
28.665343,1784371200.300710,955,-3.01843166,-3.23880863,-6.63659286,0.445165038,445.962036,0,0,0.5,0.5,1,0.150000006,4.94999981,4.80999994,0,0,0,0,1
28.665343,1784371200.300710,956,-3.01481295,-3.24082804,-6.63698387,0.446857274,445.98703,0,0,0.5,0.5,1,0.150000006,4.94999981,4.80999994,0,0,0,0,1
28.695529,1784371200.330896,957,-3.01422501,-3.23761749,-6.63771629,0.444457233,446.012024,0,0,0.5,0.5,1,0.150000006,4.94999981,4.80999994,0,0,0,0,1
28.726091,1784371200.361458,958,-3.01510572,-3.23193121,-6.63783073,0.446397185,446.037018,0,0,0.5,0.5,1,0.150000006,4.94999981,4.80999994,0,0,0,0,1
29.742148,1784371201.377515,959,-3.01673579,-3.23165369,-6.63811874,0.444158167,446.062012,0,0,0.5,0.5,1,0.150000006,4.94999981,4.80999994,0,0,0,0,1
29.742148,1784371201.377515,960,-3.01227689,-3.24747324,-6.65873718,0.441756815,447.034027,0,0,0.5,0.5,1,0.150000006,4.94999981,4.80999994,0,0,0,0,1
29.742148,1784371201.377515,961,-3.01354551,-3.24732542,-6.65961456,0.441756815,447.059021,0,0,0.5,0.5,1,0.150000006,4.94999981,4.80999994,0,0,0,0,1
29.774069,1784371201.409436,962,-3.01283479,-3.24044752,-6.65997124,0.444242239,447.084015,0,0,0.5,0.5,1,0.150000006,4.94999981,4.80999994,0,0,0,0,1
29.805624,1784371201.440991,963,-3.01188755,-3.23690796,-6.6601162,0.442757457,447.109009,0,0,0.5,0.5,1,0.150000006,4.94999981,4.80999994,0,0,0,0,1
29.837289,1784371201.472656,964,-3.0105598,-3.23903084,-6.66040993,0.441792339,447.134033,0,0,0.5,0.5,1,0.150000006,4.94999981,4.80999994,0,0,0,0,1
29.837289,1784371201.472656,965,-3.01045036,-3.24142218,-6.66073036,0.444665015,447.159027,0,0,0.5,0.5,1,0.150000006,4.94999981,4.80999994,0,0,0,0,1
29.869009,1784371201.504376,966,-3.01098371,-3.24126577,-6.66130066,0.445470959,447.184021,0,0,0.5,0.5,1,0.150000006,4.94999981,4.80999994,0,0,0,0,1
29.899474,1784371201.534840,967,-3.01265574,-3.23908806,-6.66135788,0.447056115,447.209015,0,0,0.5,0.5,1,0.150000006,4.94999981,4.80999994,0,0,0,0,1
29.930471,1784371201.565837,968,-3.0135107,-3.23100996,-6.6620388,0.44808647,447.234009,0,0,0.5,0.5,1,0.150000006,4.94999981,4.80999994,0,0,0,0,1
29.962473,1784371201.597840,969,-3.0147686,-3.23077154,-6.66264343,0.445256203,447.259033,0,0,0.5,0.5,1,0.150000006,4.94999981,4.80999994,0,0,0,0,1
29.962473,1784371201.597840,970,-3.01352215,-3.22925329,-6.66321373,0.443416536,447.284027,0,0,0.5,0.5,1,0.150000006,4.94999981,4.80999994,0,0,0,0,1
29.994145,1784371201.629511,971,-3.01175785,-3.23298168,-6.66379166,0.444943488,447.309021,0,0,0.5,0.5,1,0.150000006,4.94999981,4.80999994,0,0,0,0,1
30.025006,1784371201.660373,972,-3.01076341,-3.23587465,-6.66434288,0.446713269,447.334015,0,0,0.5,0.5,1,0.150000006,4.94999981,4.80999994,0,0,0,0,1
30.056187,1784371201.691553,973,-3.00980425,-3.23729944,-6.66402817,0.447863609,447.359009,0,0,0.5,0.5,1,0.150000006,4.94999981,4.80999994,0,0,0,0,1
30.088185,1784371201.723551,974,-3.01031256,-3.23424244,-6.664114,0.445111334,447.384033,0,0,0.5,0.5,1,0.150000006,4.94999981,4.80999994,0,0,0,0,1
30.088185,1784371201.723551,975,-3.01283813,-3.23634386,-6.66435814,0.447934538,447.409027,0,0,0.5,0.5,1,0.150000006,4.94999981,4.80999994,0,0,0,0,1
30.119336,1784371201.754702,976,-3.01391292,-3.23578501,-6.66499901,0.445157439,447.434021,0,0,0.5,0.5,1,0.150000006,4.94999981,4.80999994,0,0,0,0,1
30.150337,1784371201.785704,977,-3.01307058,-3.23620272,-6.6650238,0.443352342,447.459015,0,0,0.5,0.5,1,0.150000006,4.94999981,4.80999994,0,0,0,0,1
30.182340,1784371201.817707,978,-3.01478672,-3.23830509,-6.66539192,0.442179024,447.484009,0,0,0.5,0.5,1,0.150000006,4.94999981,4.80999994,0,0,0,0,1
30.214341,1784371201.849708,979,-3.0156374,-3.24386597,-6.66608238,0.440920621,447.509033,0,0,0.5,0.5,1,0.150000006,4.94999981,4.80999994,0,0,0,0,1
30.214341,1784371201.849708,980,-3.01503897,-3.24733829,-6.6666584,0.444098413,447.534027,0,0,0.5,0.5,1,0.150000006,4.94999981,4.80999994,0,0,0,0,1
30.245924,1784371201.881291,981,-3.01512241,-3.25398016,-6.66717911,0.442663968,447.559021,0,0,0.5,0.5,1,0.150000006,4.94999981,4.80999994,0,0,0,0,1
30.276925,1784371201.912291,982,-3.01446366,-3.25347328,-6.6677742,0.445231587,447.584015,0,0,0.5,0.5,1,0.150000006,4.94999981,4.80999994,0,0,0,0,1
30.308076,1784371201.943442,983,-3.01459861,-3.25283527,-6.66846275,0.443400532,447.609009,0,0,0.5,0.5,1,0.150000006,4.94999981,4.80999994,0,0,0,0,1
30.339066,1784371201.974433,984,-3.01394463,-3.25178051,-6.66895103,0.441436738,447.634033,0,0,0.5,0.5,1,0.150000006,4.94999981,4.80999994,0,0,0,0,1
30.339066,1784371201.974433,985,-3.0146687,-3.25607109,-6.66942215,0.444433868,447.659027,0,0,0.5,0.5,1,0.150000006,4.94999981,4.80999994,0,0,0,0,1
30.370075,1784371202.005441,986,-3.01489735,-3.25512171,-6.66982269,0.446382016,447.684021,0,0,0.5,0.5,1,0.150000006,4.94999981,4.80999994,0,0,0,0,1
30.401076,1784371202.036443,987,-3.01615524,-3.25412703,-6.66997147,0.444148302,447.709015,0,0,0.5,0.5,1,0.150000006,4.94999981,4.80999994,0,0,0,0,1
30.433076,1784371202.068443,988,-3.01864839,-3.25414658,-6.67053604,0.447527647,447.734009,0,0,0.5,0.5,1,0.150000006,4.94999981,4.80999994,0,0,0,0,1
30.464079,1784371202.099446,989,-3.01880622,-3.25416899,-6.67109299,0.448392957,447.759033,0,0,0.5,0.5,1,0.150000006,4.94999981,4.80999994,0,0,0,0,1
30.464079,1784371202.099446,990,-3.01946115,-3.24776173,-6.67156792,0.448955417,447.784027,0,0,0.5,0.5,1,0.150000006,4.94999981,4.80999994,0,0,0,0,1
30.494422,1784371202.129789,991,-3.01872373,-3.24129438,-6.67197418,0.449321032,447.809021,0,0,0.5,0.5,1,0.150000006,4.94999981,4.80999994,0,0,0,0,1
30.524971,1784371202.160337,992,-3.01144028,-3.24367094,-6.67295456,0.443938136,447.834015,0,0,0.5,0.5,1,0.150000006,4.94999981,4.80999994,0,0,0,0,1
30.555962,1784371202.191329,993,-3.01082397,-3.24498892,-6.67349815,0.446059793,447.859009,0,0,0.5,0.5,1,0.150000006,4.94999981,4.80999994,0,0,0,0,1
30.587018,1784371202.222385,994,-3.00953579,-3.25088692,-6.67416191,0.447438866,447.884033,0,0,0.5,0.5,1,0.150000006,4.94999981,4.80999994,0,0,0,0,1
30.587018,1784371202.222385,995,-3.00807428,-3.25709629,-6.67489052,0.44833526,447.909027,0,0,0.5,0.5,1,0.150000006,4.94999981,4.80999994,0,0,0,0,1
30.618331,1784371202.253697,996,-3.01196003,-3.25254393,-6.67571831,0.448917925,447.934021,0,0,0.5,0.5,1,0.150000006,4.94999981,4.80999994,0,0,0,0,1
30.649580,1784371202.284946,997,-3.01391459,-3.24874687,-6.67618561,0.44954282,447.959015,0,0,0.5,0.5,1,0.150000006,4.94999981,4.80999994,0,0,0,0,1
30.681579,1784371202.316946,998,-3.01556253,-3.24944305,-6.67705536,0.449702829,447.984009,0,0,0.5,0.5,1,0.150000006,4.94999981,4.80999994,0,0,0,0,1
30.712160,1784371202.347527,999,-3.01352882,-3.24330568,-6.67752266,0.449806839,448.009033,0,0,0.5,0.5,1,0.150000006,4.94999981,4.80999994,0,0,0,0,1
30.712160,1784371202.347527,1000,-3.01072216,-3.24625874,-6.67776108,0.446374446,448.034027,0,0,0.5,0.5,1,0.150000006,4.94999981,4.80999994,0,0,0,0,1
30.743126,1784371202.378493,1001,-3.00935698,-3.25131035,-6.67832756,0.446193188,448.059021,0,0,0.5,0.5,1,0.150000006,4.94999981,4.80999994,0,0,0,0,1
30.774132,1784371202.409499,1002,-3.0082581,-3.25219059,-6.67851067,0.447525561,448.084015,0,0,0.5,0.5,1,0.150000006,4.94999981,4.80999994,0,0,0,0,1
30.805225,1784371202.440591,1003,-3.0088284,-3.25908613,-6.67928886,0.448391616,448.109009,0,0,0.5,0.5,1,0.150000006,4.94999981,4.80999994,0,0,0,0,1
30.836220,1784371202.471586,1004,-3.00956464,-3.25265551,-6.67988968,0.448954552,448.134033,0,0,0.5,0.5,1,0.150000006,4.94999981,4.80999994,0,0,0,0,1
30.868223,1784371202.503589,1005,-3.00815535,-3.25413084,-6.68038559,0.445820451,448.159027,0,0,0.5,0.5,1,0.150000006,4.94999981,4.80999994,0,0,0,0,1
30.868223,1784371202.503589,1006,-3.01504612,-3.25150681,-6.6812706,0.448234141,448.184021,0,0,0.5,0.5,1,0.150000006,4.94999981,4.80999994,0,0,0,0,1
30.899219,1784371202.534586,1007,-3.01962876,-3.24558401,-6.68157005,0.448852181,448.209015,0,0,0.5,0.5,1,0.150000006,4.94999981,4.80999994,0,0,0,0,1
30.930219,1784371202.565586,1008,-3.0187602,-3.24565363,-6.68188095,0.449253917,448.234009,0,0,0.5,0.5,1,0.150000006,4.94999981,4.80999994,0,0,0,0,1
30.976219,1784371202.611586,1009,-3.01398277,-3.24977636,-6.68228531,0.44601506,448.259033,0,0,0.5,0.5,1,0.150000006,4.94999981,4.80999994,0,0,0,0,1
30.976219,1784371202.611586,1010,-3.01190758,-3.25930691,-6.68287849,0.446041375,448.284027,0,0,0.5,0.5,1,0.150000006,4.94999981,4.80999994,0,0,0,0,1
31.007519,1784371202.642886,1011,-3.00922847,-3.25821257,-6.68364334,0.447426885,448.309021,0,0,0.5,0.5,1,0.150000006,4.94999981,4.80999994,0,0,0,0,1
31.038518,1784371202.673885,1012,-3.0082655,-3.25398159,-6.68487358,0.444827467,448.334015,0,0,0.5,0.5,1,0.150000006,4.94999981,4.80999994,0,0,0,0,1
31.038518,1784371202.673885,1013,-3.00864935,-3.25143576,-6.68564987,0.443137854,448.359009,0,0,0.5,0.5,1,0.150000006,4.94999981,4.80999994,0,0,0,0,1
31.069643,1784371202.705009,1014,-3.01186562,-3.24382257,-6.68610382,0.441325754,448.384033,0,0,0.5,0.5,1,0.150000006,4.94999981,4.80999994,0,0,0,0,1
31.101714,1784371202.737080,1015,-3.01304555,-3.23987007,-6.68632698,0.444361746,448.409027,0,0,0.5,0.5,1,0.150000006,4.94999981,4.80999994,0,0,0,0,1
31.133552,1784371202.768919,1016,-3.01196551,-3.24758053,-6.68655777,0.446335137,448.434021,0,0,0.5,0.5,1,0.150000006,4.94999981,4.80999994,0,0,0,0,1
31.164717,1784371202.800083,1017,-3.01075935,-3.2534647,-6.68706512,0.447617829,448.459015,0,0,0.5,0.5,1,0.150000006,4.94999981,4.80999994,0,0,0,0,1
31.164717,1784371202.800083,1018,-3.00898933,-3.25772142,-6.68703079,0.448451579,448.484009,0,0,0.5,0.5,1,0.150000006,4.94999981,4.80999994,0,0,0,0,1
31.195721,1784371202.831088,1019,-3.01205778,-3.25587368,-6.68766022,0.449345797,448.509033,0,0,0.5,0.5,1,0.150000006,4.94999981,4.80999994,0,0,0,0,1
31.227557,1784371202.862924,1020,-3.01404595,-3.24898911,-6.68811989,0.449574769,448.534027,0,0,0.5,0.5,1,0.150000006,4.94999981,4.80999994,0,0,0,0,1
31.258722,1784371202.894088,1021,-3.01676059,-3.24056959,-6.68894005,0.449723601,448.559021,0,0,0.5,0.5,1,0.150000006,4.94999981,4.80999994,0,0,0,0,1
31.290513,1784371202.925879,1022,-3.01783752,-3.23553181,-6.68938255,0.44982034,448.584015,0,0,0.5,0.5,1,0.150000006,4.94999981,4.80999994,0,0,0,0,1
31.290513,1784371202.925879,1023,-3.01649785,-3.23575115,-6.68982315,0.447649091,448.609009,0,0,0.5,0.5,1,0.150000006,4.94999981,4.80999994,0,0,0,0,1
31.322707,1784371202.958074,1024,-3.01225042,-3.236269,-6.6900959,0.448471904,448.634033,0,0,0.5,0.5,1,0.150000006,4.94999981,4.80999994,0,0,0,0,1
31.353639,1784371202.989006,1025,-3.00772238,-3.24019766,-6.6904335,0.445506752,448.659027,0,0,0.5,0.5,1,0.150000006,4.94999981,4.80999994,0,0,0,0,1
31.385644,1784371203.021011,1026,-3.00712466,-3.24075174,-6.69091225,0.443579376,448.684021,0,0,0.5,0.5,1,0.150000006,4.94999981,4.80999994,0,0,0,0,1
31.416525,1784371203.051892,1027,-3.0090611,-3.23598814,-6.69163704,0.447287291,448.709015,0,0,0.5,0.5,1,0.150000006,4.94999981,4.80999994,0,0,0,0,1
31.416525,1784371203.051892,1028,-3.01137614,-3.22854328,-6.69169998,0.448236734,448.734009,0,0,0.5,0.5,1,0.150000006,4.94999981,4.80999994,0,0,0,0,1
31.448519,1784371203.083885,1029,-3.01436901,-3.22678089,-6.69205666,0.445353866,448.759033,0,0,0.5,0.5,1,0.150000006,4.94999981,4.80999994,0,0,0,0,1
31.480638,1784371203.116005,1030,-3.01583147,-3.22625399,-6.69244576,0.44698,448.784027,0,0,0.5,0.5,1,0.150000006,4.94999981,4.80999994,0,0,0,0,1
31.511512,1784371203.146879,1031,-3.01782131,-3.23295212,-6.6931057,0.448036999,448.809021,0,0,0.5,0.5,1,0.150000006,4.94999981,4.80999994,0,0,0,0,1
31.511512,1784371203.146879,1032,-3.01637053,-3.2380023,-6.69417572,0.449170619,448.834015,0,0,0.5,0.5,1,0.150000006,4.94999981,4.80999994,0,0,0,0,1
31.542523,1784371203.177889,1033,-3.01260662,-3.24001598,-6.69418907,0.449460894,448.859009,0,0,0.5,0.5,1,0.150000006,4.94999981,4.80999994,0,0,0,0,1
31.573519,1784371203.208886,1034,-3.00974894,-3.23674917,-6.69520569,0.446149588,448.884033,0,0,0.5,0.5,1,0.150000006,4.94999981,4.80999994,0,0,0,0,1
31.604527,1784371203.239894,1035,-3.01068926,-3.23139334,-6.69621468,0.443997234,448.909027,0,0,0.5,0.5,1,0.150000006,4.94999981,4.80999994,0,0,0,0,1
31.635522,1784371203.270889,1036,-3.01148891,-3.22872066,-6.69686699,0.443963826,448.934021,0,0,0.5,0.5,1,0.150000006,4.94999981,4.80999994,0,0,0,0,1
31.666756,1784371203.302123,1037,-3.01347542,-3.22108316,-6.69766998,0.446076483,448.959015,0,0,0.5,0.5,1,0.150000006,4.94999981,4.80999994,0,0,0,0,1
31.666756,1784371203.302123,1038,-3.01824045,-3.22361517,-6.69798279,0.443949699,448.984009,0,0,0.5,0.5,1,0.150000006,4.94999981,4.80999994,0,0,0,0,1
31.698766,1784371203.334133,1039,-3.01865363,-3.23364544,-6.69814873,0.442567289,449.009033,0,0,0.5,0.5,1,0.150000006,4.94999981,4.80999994,0,0,0,0,1
31.730666,1784371203.366032,1040,-3.01803327,-3.24052286,-6.69836807,0.445168734,449.034027,0,0,0.5,0.5,1,0.150000006,4.94999981,4.80999994,0,0,0,0,1
31.761672,1784371203.397039,1041,-3.01676178,-3.24283028,-6.69843102,0.442183793,449.059021,0,0,0.5,0.5,1,0.150000006,4.94999981,4.80999994,0,0,0,0,1
31.792326,1784371203.427693,1042,-3.01731491,-3.24426365,-6.69906807,0.444919467,449.084015,0,0,0.5,0.5,1,0.150000006,4.94999981,4.80999994,0,0,0,0,1
31.792326,1784371203.427693,1043,-3.01853442,-3.24029827,-6.69955635,0.446697652,449.109009,0,0,0.5,0.5,1,0.150000006,4.94999981,4.80999994,0,0,0,0,1
31.823580,1784371203.458946,1044,-3.02069235,-3.2359848,-6.70038223,0.444353461,449.134033,0,0,0.5,0.5,1,0.150000006,4.94999981,4.80999994,0,0,0,0,1
31.854751,1784371203.490117,1045,-3.01975632,-3.24104643,-6.70104027,0.445339352,449.159027,0,0,0.5,0.5,1,0.150000006,4.94999981,4.80999994,0,0,0,0,1
31.885566,1784371203.520933,1046,-3.01830769,-3.24886703,-6.70169067,0.446970582,449.184021,0,0,0.5,0.5,1,0.150000006,4.94999981,4.80999994,0,0,0,0,1
31.917253,1784371203.552620,1047,-3.01811171,-3.25089741,-6.70248985,0.448030889,449.209015,0,0,0.5,0.5,1,0.150000006,4.94999981,4.80999994,0,0,0,0,1
31.917253,1784371203.552620,1048,-3.0157423,-3.25022888,-6.70317078,0.445220083,449.234009,0,0,0.5,0.5,1,0.150000006,4.94999981,4.80999994,0,0,0,0,1
31.948252,1784371203.583619,1049,-3.00900483,-3.25550699,-6.70376968,0.447980464,449.259033,0,0,0.5,0.5,1,0.150000006,4.94999981,4.80999994,0,0,0,0,1
31.979643,1784371203.615010,1050,-3.00706911,-3.25345564,-6.70433044,0.448687285,449.284027,0,0,0.5,0.5,1,0.150000006,4.94999981,4.80999994,0,0,0,0,1
32.010486,1784371203.645853,1051,-3.00991273,-3.24912167,-6.70410347,0.449146718,449.309021,0,0,0.5,0.5,1,0.150000006,4.94999981,4.80999994,0,0,0,0,1
32.041610,1784371203.676976,1052,-3.0164032,-3.24908972,-6.70407867,0.445945352,449.334015,0,0,0.5,0.5,1,0.150000006,4.94999981,4.80999994,0,0,0,0,1
32.041610,1784371203.676976,1053,-3.02324009,-3.24527645,-6.70440483,0.447364479,449.359009,0,0,0.5,0.5,1,0.150000006,4.94999981,4.80999994,0,0,0,0,1
32.073455,1784371203.708821,1054,-3.02926373,-3.24707174,-6.70458603,0.446611494,449.384033,0,0,0.5,0.5,1,0.150000006,4.94999981,4.80999994,0,0,0,0,1
32.103643,1784371203.739010,1055,-3.0278523,-3.2507205,-6.70532036,0.444297463,449.409027,0,0,0.5,0.5,1,0.150000006,4.94999981,4.80999994,0,0,0,0,1
32.135645,1784371203.771012,1056,-3.01688409,-3.25673342,-6.70540428,0.446293354,449.434021,0,0,0.5,0.5,1,0.150000006,4.94999981,4.80999994,0,0,0,0,1
32.166633,1784371203.802000,1057,-3.01262903,-3.25130033,-6.70543861,0.447590679,449.459015,0,0,0.5,0.5,1,0.150000006,4.94999981,4.80999994,0,0,0,0,1
32.166633,1784371203.802000,1058,-3.00453401,-3.24939251,-6.70581055,0.443207055,449.484009,0,0,0.5,0.5,1,0.150000006,4.94999981,4.80999994,0,0,0,0,1
32.197646,1784371203.833013,1059,-3.00947142,-3.24029732,-6.70578957,0.445584595,449.509033,0,0,0.5,0.5,1,0.150000006,4.94999981,4.80999994,0,0,0,0,1
32.229404,1784371203.864771,1060,-3.01381159,-3.24129343,-6.70640945,0.447129995,449.534027,0,0,0.5,0.5,1,0.150000006,4.94999981,4.80999994,0,0,0,0,1
32.260404,1784371203.895771,1061,-3.01789832,-3.24657154,-6.70757294,0.444634497,449.559021,0,0,0.5,0.5,1,0.150000006,4.94999981,4.80999994,0,0,0,0,1
32.291415,1784371203.926781,1062,-3.02018952,-3.25117922,-6.70875359,0.445458055,449.584015,0,0,0.5,0.5,1,0.150000006,4.94999981,4.80999994,0,0,0,0,1
32.291415,1784371203.926781,1063,-3.01475811,-3.2512517,-6.70917511,0.44704774,449.609009,0,0,0.5,0.5,1,0.150000006,4.94999981,4.80999994,0,0,0,0,1
32.322415,1784371203.957782,1064,-3.01216173,-3.25385332,-6.70955658,0.444581032,449.634033,0,0,0.5,0.5,1,0.150000006,4.94999981,4.80999994,0,0,0,0,1
32.353910,1784371203.989277,1065,-3.00826478,-3.25977612,-6.70946884,0.442977667,449.659027,0,0,0.5,0.5,1,0.150000006,4.94999981,4.80999994,0,0,0,0,1
32.384928,1784371204.020295,1066,-3.00709248,-3.25649166,-6.70950699,0.44193548,449.684021,0,0,0.5,0.5,1,0.150000006,4.94999981,4.80999994,0,0,0,0,1
32.416198,1784371204.051565,1067,-3.01104498,-3.25437546,-6.71011925,0.444317758,449.709015,0,0,0.5,0.5,1,0.150000006,4.94999981,4.80999994,0,0,0,0,1
32.416198,1784371204.051565,1068,-3.01318812,-3.24967527,-6.71037292,0.446306527,449.734009,0,0,0.5,0.5,1,0.150000006,4.94999981,4.80999994,0,0,0,0,1
32.447197,1784371204.082564,1069,-3.01114559,-3.24972153,-6.71102905,0.447599232,449.759033,0,0,0.5,0.5,1,0.150000006,4.94999981,4.80999994,0,0,0,0,1
32.479190,1784371204.114556,1070,-3.01033998,-3.25369072,-6.71163368,0.448439509,449.784027,0,0,0.5,0.5,1,0.150000006,4.94999981,4.80999994,0,0,0,0,1
32.509504,1784371204.144871,1071,-3.00627136,-3.26228285,-6.71287727,0.449340671,449.809021,0,0,0.5,0.5,1,0.150000006,4.94999981,4.80999994,0,0,0,0,1
32.540664,1784371204.176031,1072,-3.00104046,-3.26158333,-6.71302795,0.449571431,449.834015,0,0,0.5,0.5,1,0.150000006,4.94999981,4.80999994,0,0,0,0,1
32.540664,1784371204.176031,1073,-2.99922562,-3.25895691,-6.71352386,0.449721426,449.859009,0,0,0.5,0.5,1,0.150000006,4.94999981,4.80999994,0,0,0,0,1
32.572674,1784371204.208041,1074,-3.00452065,-3.26041889,-6.71362877,0.446318924,449.884033,0,0,0.5,0.5,1,0.150000006,4.94999981,4.80999994,0,0,0,0,1
32.603224,1784371204.238591,1075,-3.01123333,-3.25633097,-6.7142334,0.444107294,449.909027,0,0,0.5,0.5,1,0.150000006,4.94999981,4.80999994,0,0,0,0,1
32.634931,1784371204.270297,1076,-3.0173409,-3.25352716,-6.71490669,0.445235342,449.934021,0,0,0.5,0.5,1,0.150000006,4.94999981,4.80999994,0,0,0,0,1
32.666804,1784371204.302171,1077,-3.01584673,-3.25492716,-6.71565437,0.446902961,449.959015,0,0,0.5,0.5,1,0.150000006,4.94999981,4.80999994,0,0,0,0,1
32.666804,1784371204.302171,1078,-3.01429534,-3.25279665,-6.71614265,0.447986931,449.984009,0,0,0.5,0.5,1,0.150000006,4.94999981,4.80999994,0,0,0,0,1
32.697671,1784371204.333038,1079,-3.00760317,-3.25205898,-6.71619034,0.445191503,450.009033,0,0,0.5,0.5,1,0.150000006,4.94999981,4.80999994,0,0,0,0,1
32.728721,1784371204.364088,1080,-3.00337982,-3.25505924,-6.71624947,0.442193419,450.034027,0,0,0.5,0.5,1,0.150000006,4.94999981,4.80999994,0,0,0,0,1
32.758954,1784371204.394320,1081,-3.00227737,-3.25683403,-6.71651649,0.441425711,450.059021,0,0,0.5,0.5,1,0.150000006,4.94999981,4.80999994,0,0,0,0,1
32.790113,1784371204.425479,1082,-3.00362873,-3.25559282,-6.7169342,0.440926701,450.084015,0,0,0.5,0.5,1,0.150000006,4.94999981,4.80999994,0,0,0,0,1
32.790113,1784371204.425479,1083,-3.0115819,-3.24870825,-6.71746254,0.444102347,450.109009,0,0,0.5,0.5,1,0.150000006,4.94999981,4.80999994,0,0,0,0,1
32.821619,1784371204.456985,1084,-3.01356459,-3.24817324,-6.71781921,0.447508216,450.134033,0,0,0.5,0.5,1,0.150000006,4.94999981,4.80999994,0,0,0,0,1
32.852878,1784371204.488244,1085,-3.01246667,-3.24564171,-6.7183075,0.448380351,450.159027,0,0,0.5,0.5,1,0.150000006,4.94999981,4.80999994,0,0,0,0,1
32.885002,1784371204.520369,1086,-3.00833631,-3.24252701,-6.71867371,0.448947221,450.184021,0,0,0.5,0.5,1,0.150000006,4.94999981,4.80999994,0,0,0,0,1
32.930002,1784371204.565368,1087,-3.00692177,-3.24427748,-6.71893883,0.449315697,450.209015,0,0,0.5,0.5,1,0.150000006,4.94999981,4.80999994,0,0,0,0,1
32.930002,1784371204.565368,1088,-3.0055027,-3.2507391,-6.71933365,0.446055204,450.234009,0,0,0.5,0.5,1,0.150000006,4.94999981,4.80999994,0,0,0,0,1
32.960994,1784371204.596360,1089,-3.00688291,-3.25373173,-6.71953773,0.446058303,450.259033,0,0,0.5,0.5,1,0.150000006,4.94999981,4.80999994,0,0,0,0,1
32.993004,1784371204.628370,1090,-3.01038408,-3.24843788,-6.72008514,0.447437882,450.284027,0,0,0.5,0.5,1,0.150000006,4.94999981,4.80999994,0,0,0,0,1
32.993004,1784371204.628370,1091,-3.01185369,-3.24276829,-6.72081757,0.448334634,450.309021,0,0,0.5,0.5,1,0.150000006,4.94999981,4.80999994,0,0,0,0,1
33.023228,1784371204.658595,1092,-3.01167917,-3.23503876,-6.72165298,0.448917508,450.334015,0,0,0.5,0.5,1,0.150000006,4.94999981,4.80999994,0,0,0,0,1
33.054758,1784371204.690125,1093,-3.00974035,-3.23263741,-6.7225399,0.447267652,450.359009,0,0,0.5,0.5,1,0.150000006,4.94999981,4.80999994,0,0,0,0,1
33.085743,1784371204.721110,1094,-3.00743651,-3.23186588,-6.72337914,0.448223978,450.384033,0,0,0.5,0.5,1,0.150000006,4.94999981,4.80999994,0,0,0,0,1
33.117577,1784371204.752944,1095,-3.00627184,-3.23204947,-6.72393417,0.448845595,450.409027,0,0,0.5,0.5,1,0.150000006,4.94999981,4.80999994,0,0,0,0,1
33.117577,1784371204.752944,1096,-3.00803041,-3.23614502,-6.72451782,0.44574964,450.434021,0,0,0.5,0.5,1,0.150000006,4.94999981,4.80999994,0,0,0,0,1
33.149576,1784371204.784943,1097,-3.01216578,-3.24310684,-6.72559547,0.445929229,450.459015,0,0,0.5,0.5,1,0.150000006,4.94999981,4.80999994,0,0,0,0,1
33.181574,1784371204.816941,1098,-3.01424408,-3.24356985,-6.72599411,0.447353989,450.484009,0,0,0.5,0.5,1,0.150000006,4.94999981,4.80999994,0,0,0,0,1
33.212565,1784371204.847932,1099,-3.01286554,-3.24068737,-6.72652626,0.448280096,450.509033,0,0,0.5,0.5,1,0.150000006,4.94999981,4.80999994,0,0,0,0,1
33.212565,1784371204.847932,1100,-3.01527023,-3.23326969,-6.7266922,0.448882043,450.534027,0,0,0.5,0.5,1,0.150000006,4.94999981,4.80999994,0,0,0,0,1
33.243575,1784371204.878942,1101,-3.01353836,-3.23057508,-6.72729683,0.445773333,450.559021,0,0,0.5,0.5,1,0.150000006,4.94999981,4.80999994,0,0,0,0,1
33.274770,1784371204.910136,1102,-3.01230168,-3.22921038,-6.727808,0.445939243,450.584015,0,0,0.5,0.5,1,0.150000006,4.94999981,4.80999994,0,0,0,0,1
33.305929,1784371204.941296,1103,-3.01063418,-3.22884846,-6.72740555,0.447360516,450.609009,0,0,0.5,0.5,1,0.150000006,4.94999981,4.80999994,0,0,0,0,1
33.337054,1784371204.972421,1104,-3.01258206,-3.23304367,-6.72729301,0.448284328,450.634033,0,0,0.5,0.5,1,0.150000006,4.94999981,4.80999994,0,0,0,0,1
33.337054,1784371204.972421,1105,-3.01422,-3.2320919,-6.72815323,0.448884815,450.659027,0,0,0.5,0.5,1,0.150000006,4.94999981,4.80999994,0,0,0,0,1
33.368126,1784371205.003493,1106,-3.01623011,-3.23080111,-6.729002,0.447253823,450.684021,0,0,0.5,0.5,1,0.150000006,4.94999981,4.80999994,0,0,0,0,1
33.399133,1784371205.034500,1107,-3.01684999,-3.23446465,-6.73014832,0.448214978,450.709015,0,0,0.5,0.5,1,0.150000006,4.94999981,4.80999994,0,0,0,0,1
33.431134,1784371205.066500,1108,-3.01445436,-3.23592043,-6.73069572,0.448839724,450.734009,0,0,0.5,0.5,1,0.150000006,4.94999981,4.80999994,0,0,0,0,1
33.462125,1784371205.097492,1109,-3.01273918,-3.23434973,-6.73111534,0.449245811,450.759033,0,0,0.5,0.5,1,0.150000006,4.94999981,4.80999994,0,0,0,0,1
33.507794,1784371205.143161,1110,-3.01029372,-3.23626757,-6.7314415,0.446009785,450.784027,0,0,0.5,0.5,1,0.150000006,4.94999981,4.80999994,0,0,0,0,1
33.507794,1784371205.143161,1111,-3.01230693,-3.2403512,-6.7311306,0.44603914,450.809021,0,0,0.5,0.5,1,0.150000006,4.94999981,4.80999994,0,0,0,0,1
33.539038,1784371205.174405,1112,-3.01708508,-3.24183607,-6.73128891,0.44392544,450.834015,0,0,0.5,0.5,1,0.150000006,4.94999981,4.80999994,0,0,0,0,1
33.539038,1784371205.174405,1113,-3.01905227,-3.240026,-6.73108292,0.446051538,450.859009,0,0,0.5,0.5,1,0.150000006,4.94999981,4.80999994,0,0,0,0,1
33.570087,1784371205.205453,1114,-3.02042556,-3.23619509,-6.73109245,0.447433501,450.884033,0,0,0.5,0.5,1,0.150000006,4.94999981,4.80999994,0,0,0,0,1
33.601534,1784371205.236901,1115,-3.01749992,-3.23172235,-6.73144722,0.44891566,450.909027,0,0,0.5,0.5,1,0.150000006,4.94999981,4.80999994,0,0,0,0,1
33.632615,1784371205.267982,1116,-3.01581001,-3.22996187,-6.73200417,0.449295163,450.934021,0,0,0.5,0.5,1,0.150000006,4.94999981,4.80999994,0,0,0,0,1
33.662939,1784371205.298306,1117,-3.01158762,-3.23789501,-6.73259354,0.449541867,450.959015,0,0,0.5,0.5,1,0.150000006,4.94999981,4.80999994,0,0,0,0,1
33.662939,1784371205.298306,1118,-3.01088214,-3.23676348,-6.73340988,0.449702203,450.984009,0,0,0.5,0.5,1,0.150000006,4.94999981,4.80999994,0,0,0,0,1
33.694734,1784371205.330101,1119,-3.01507521,-3.22951031,-6.73413849,0.449874163,451.009033,0,0,0.5,0.5,1,0.150000006,4.94999981,4.80999994,0,0,0,0,1
33.725690,1784371205.361057,1120,-3.01629829,-3.22429752,-6.73464394,0.449918211,451.034027,0,0,0.5,0.5,1,0.150000006,4.94999981,4.80999994,0,0,0,0,1
33.757273,1784371205.392640,1121,-3.01545978,-3.22713947,-6.73538208,0.449946821,451.059021,0,0,0.5,0.5,1,0.150000006,4.94999981,4.80999994,0,0,0,0,1
34.751917,1784371206.387284,1122,-3.01010275,-3.22948074,-6.74812126,0.446465433,451.575012,0,0,0.5,0.5,1,0.150000006,4.94999981,4.80999994,0,0,0,0,1
34.751917,1784371206.387284,1123,-3.01769567,-3.23945761,-6.75571632,0.442731649,452.044006,0,0,0.5,0.5,1,0.150000006,4.94999981,4.80999994,0,0,0,0,1
34.751917,1784371206.387284,1124,-3.01914573,-3.23904943,-6.75609398,0.445275575,452.069031,0,0,0.5,0.5,1,0.150000006,4.94999981,4.80999994,0,0,0,0,1
34.783604,1784371206.418971,1125,-3.01757288,-3.24161005,-6.75673485,0.443429112,452.094025,0,0,0.5,0.5,1,0.150000006,4.94999981,4.80999994,0,0,0,0,1
34.814343,1784371206.449709,1126,-3.01606941,-3.23782206,-6.75742531,0.445728928,452.119019,0,0,0.5,0.5,1,0.150000006,4.94999981,4.80999994,0,0,0,0,1
34.845645,1784371206.481012,1127,-3.01623845,-3.23849058,-6.75806046,0.447223812,452.144012,0,0,0.5,0.5,1,0.150000006,4.94999981,4.80999994,0,0,0,0,1
34.877269,1784371206.512636,1128,-3.01656914,-3.23527575,-6.75836754,0.443052053,452.169006,0,0,0.5,0.5,1,0.150000006,4.94999981,4.80999994,0,0,0,0,1
34.877269,1784371206.512636,1129,-3.01646471,-3.23438168,-6.75891876,0.445483834,452.194031,0,0,0.5,0.5,1,0.150000006,4.94999981,4.80999994,0,0,0,0,1
34.907283,1784371206.542650,1130,-3.01388168,-3.23648739,-6.75909615,0.443564504,452.219025,0,0,0.5,0.5,1,0.150000006,4.94999981,4.80999994,0,0,0,0,1
34.938858,1784371206.574224,1131,-3.010849,-3.23725557,-6.75876617,0.445816934,452.244019,0,0,0.5,0.5,1,0.150000006,4.94999981,4.80999994,0,0,0,0,1
34.969700,1784371206.605067,1132,-3.01037407,-3.2379818,-6.75893974,0.443781018,452.269012,0,0,0.5,0.5,1,0.150000006,4.94999981,4.80999994,0,0,0,0,1
35.001078,1784371206.636445,1133,-3.01121807,-3.24634314,-6.75948334,0.445097476,452.294006,0,0,0.5,0.5,1,0.150000006,4.94999981,4.80999994,0,0,0,0,1
35.001078,1784371206.636445,1134,-3.01280761,-3.24565935,-6.759758,0.446813345,452.319031,0,0,0.5,0.5,1,0.150000006,4.94999981,4.80999994,0,0,0,0,1
