t_us,run_id,gap,gx,gy,gz,omega_sp,alpha_ff,tilt_x,tilt_y,thrust,angle,erpm,torque,angle_sp,offset_us,erpm_lower,servo_tilt
1678932294,10,0,0.006,-0.031,-0.01,0.0,0.0,0.0,0.0,7.41,0.094,46440.0,0.0,0.094,0.0,46012.0,0.0
1678936795,10,0,-0.013000000000000001,-0.11800000000000001,-0.006,0.0,0.0,0.0,0.0,7.41,0.09340000000000001,46152.0,0.0,0.09340000000000001,4501.0,46012.0,0.0
1678941296,10,0,0.01,-0.008,0.013000000000000001,0.0,0.0,0.0,0.0,7.41,0.0935,46296.0,0.0,0.0935,9002.0,45872.0,0.0
1678945346,10,0,-0.005,-0.127,0.006,0.0,0.0,0.0,0.0,7.41,0.093,46296.0,0.0,0.093,13052.0,45732.0,0.0
1678949563,10,0,0.005,0.025,-0.004,0.0,0.0,0.0,0.0,7.41,0.09290000000000001,46152.0,0.0,0.09290000000000001,17269.0,45872.0,0.0
1678953565,10,0,-0.006,-0.139,-0.004,0.0,0.0,0.0,0.0,7.41,0.0926,46296.0,0.0,0.0926,21271.0,45872.0,0.0
1678956304,10,0,-0.012,0.005,0.005,0.0,0.0,0.0,0.0,7.41,0.09230000000000001,46440.0,0.0,0.09230000000000001,24010.0,46012.0,0.0
1678960355,10,0,0.019,-0.066,-0.001,0.0,0.0,0.0,0.0,7.41,0.0925,46296.0,0.0,0.0925,0.0,45872.0,0.0
1678964564,10,0,-0.003,-0.07,0.005,0.0,0.0,0.0,0.0,7.41,0.09190000000000001,46440.0,0.0,0.09190000000000001,4209.0,45732.0,0.0
1678970369,10,0,0.005,-0.108,0.0,0.0,0.0,0.0,0.0,7.390000000000001,0.09190000000000001,46440.0,0.0,0.09190000000000001,10014.0,46152.0,0.0
1678972565,10,0,-0.01,-0.117,-0.004,0.0,0.0,0.0,0.0,7.390000000000001,0.0916,46440.0,0.0,0.0916,12210.0,45872.0,0.0
1678977563,10,0,0.012,0.008,-0.003,0.0,0.0,0.0,0.0,7.390000000000001,0.0917,46152.0,0.0,0.0917,17208.0,45732.0,0.0
1678982320,10,0,-0.004,-0.052000000000000005,0.008,0.0,0.0,0.0,0.0,7.390000000000001,0.0911,46296.0,0.0,0.0911,21965.0,46012.0,0.0
1678984323,10,0,0.005,0.051000000000000004,0.013000000000000001,0.0,0.0,0.0,0.0,7.390000000000001,0.0912,46440.0,0.0,0.0912,23968.0,45872.0,0.0
1678989328,10,0,0.0,-0.123,-0.006,0.0,0.0,0.0,0.0,7.390000000000001,0.0912,46440.0,0.0,0.0912,0.0,45732.0,0.0
1678994343,10,0,0.006,0.055,-0.002,0.0,0.0,0.0,0.0,7.390000000000001,0.0911,46152.0,0.0,0.0911,5015.0,45872.0,0.0
1678996566,10,0,0.015,-0.02,0.004,0.0,0.0,0.0,0.0,7.390000000000001,0.0912,46440.0,0.0,0.0912,7238.0,46012.0,0.0
1679002335,10,0,0.006,0.046,0.011,0.0,0.0,0.0,0.0,7.390000000000001,0.0907,46296.0,0.0,0.0907,13007.0,46152.0,0.0
1679004339,10,0,0.017,0.035,0.005,0.0,0.0,0.0,0.0,7.390000000000001,0.09090000000000001,46440.0,0.0,0.09090000000000001,15011.0,46012.0,0.0
1679008339,10,0,-0.005,-0.109,-0.009000000000000001,0.0,0.0,0.0,0.0,7.390000000000001,0.0906,46152.0,0.0,0.0906,19011.0,45732.0,0.0
1679012565,10,0,0.009000000000000001,0.067,-0.001,0.0,0.0,0.0,0.0,7.390000000000001,0.0906,46152.0,0.0,0.0906,23237.0,45872.0,0.0
1679017565,10,0,-0.008,-0.095,-0.005,0.0,0.0,0.0,0.0,7.390000000000001,0.09050000000000001,46296.0,0.0,0.09050000000000001,0.0,45732.0,0.0
1679021565,10,0,0.009000000000000001,0.059000000000000004,0.004,0.0,0.0,0.0,0.0,7.390000000000001,0.09050000000000001,46296.0,0.0,0.09050000000000001,4000.0,46012.0,0.0
1679024349,10,0,0.01,-0.06,-0.002,0.0,0.0,0.0,0.0,7.390000000000001,0.0906,46152.0,0.0,0.0906,6784.0,45592.0,0.0
1679028349,10,0,-0.005,-0.012,-0.003,0.0,0.0,0.0,0.0,7.390000000000001,0.0902,46296.0,0.0,0.0902,10784.0,45872.0,0.0
1679032471,10,0,0.012,0.016,-0.002,0.0,0.0,0.0,0.0,7.390000000000001,0.09050000000000001,46152.0,0.0,0.09050000000000001,14906.0,45732.0,0.0
1679036684,10,0,-0.012,-0.066,0.0,0.0,0.0,0.0,0.0,7.390000000000001,0.0902,46012.0,0.0,0.0902,19119.0,45872.0,0.0
1679041396,10,0,0.022,0.024,0.004,0.0,0.0,0.0,0.0,7.390000000000001,0.09040000000000001,46440.0,0.0,0.09040000000000001,23831.0,45732.0,0.0
1679045565,10,0,-0.004,-0.07200000000000001,-0.001,0.0,0.0,0.0,0.0,7.390000000000001,0.09000000000000001,46296.0,0.0,0.09000000000000001,0.0,45732.0,0.0
1679048363,10,0,0.005,0.065,-0.001,0.0,0.0,0.0,0.0,7.390000000000001,0.09000000000000001,46296.0,0.0,0.09000000000000001,2798.0,45732.0,0.0
1679052566,10,0,-0.008,-0.059000000000000004,-0.009000000000000001,0.0,0.0,0.0,0.0,7.390000000000001,0.0901,46440.0,0.0,0.0901,7001.0,46012.0,0.0
1679057565,10,0,0.009000000000000001,0.076,0.011,0.0,0.0,0.0,0.0,7.390000000000001,0.09000000000000001,46152.0,0.0,0.09000000000000001,12000.0,45732.0,0.0
1679062370,10,0,-0.012,-0.07200000000000001,0.006,0.0,0.0,0.0,0.0,7.390000000000001,0.0901,46296.0,0.0,0.0901,16805.0,45592.0,0.0
1679064490,10,0,-0.007,-0.027,-0.003,0.0,0.0,0.0,0.0,7.390000000000001,0.08990000000000001,46152.0,0.0,0.08990000000000001,18925.0,45872.0,0.0
1679069380,10,0,0.005,0.003,-0.01,0.0,0.0,0.0,0.0,7.390000000000001,0.0903,46296.0,0.0,0.0903,23815.0,45592.0,0.0
1679073565,10,0,-0.014,-0.035,-0.002,0.0,0.0,0.0,0.0,7.390000000000001,0.09000000000000001,46296.0,0.0,0.09000000000000001,0.0,46152.0,0.0
1679078382,10,0,0.0,0.014,0.013000000000000001,0.0,0.0,0.0,0.0,7.390000000000001,0.0903,46152.0,0.0,0.0903,4817.0,45732.0,0.0
1679080438,10,0,-0.008,-0.06,0.003,0.0,0.0,0.0,0.0,7.390000000000001,0.0902,46296.0,0.0,0.0902,6873.0,46012.0,0.0
1679084566,10,0,0.016,0.077,-0.002,0.0,0.0,0.0,0.0,7.390000000000001,0.0901,46296.0,0.0,0.0901,11001.0,45872.0,0.0
1679089389,10,0,-0.016,-0.057,-0.006,0.0,0.0,0.0,0.0,7.390000000000001,0.0903,46296.0,0.0,0.0903,15824.0,45592.0,0.0
1679093393,10,0,0.007,0.059000000000000004,-0.001,0.0,0.0,0.0,0.0,7.390000000000001,0.0901,46296.0,0.0,0.0901,19828.0,45732.0,0.0
1679098394,10,0,-0.016,-0.067,0.006,0.0,0.0,0.0,0.0,7.390000000000001,0.0903,46152.0,0.0,0.0903,24829.0,46012.0,0.0
1679100447,10,0,-0.007,-0.051000000000000004,0.004,0.0,0.0,0.0,0.0,7.390000000000001,0.0901,46440.0,0.0,0.0901,0.0,45732.0,0.0
1679105484,10,0,0.003,0.052000000000000005,0.0,0.0,0.0,0.0,0.0,7.390000000000001,0.09050000000000001,46296.0,0.0,0.09050000000000001,5037.0,45872.0,0.0
1679110450,10,0,-0.009000000000000001,0.01,-0.007,0.0,0.0,0.0,0.0,7.4,0.0902,46440.0,0.0,0.0902,10003.0,45732.0,0.0
1679112564,10,0,0.004,0.093,0.001,0.0,0.0,0.0,0.0,7.4,0.09040000000000001,46296.0,0.0,0.09040000000000001,12117.0,46012.0,0.0
1679116564,10,0,-0.014,-0.038,0.006,0.0,0.0,0.0,0.0,7.4,0.0907,46152.0,0.0,0.0907,16117.0,46012.0,0.0
1679121440,10,0,0.013000000000000001,0.081,0.002,0.0,0.0,0.0,0.0,7.4,0.09050000000000001,46152.0,0.0,0.09050000000000001,20993.0,45872.0,0.0
1679126447,10,0,-0.019,-0.043000000000000003,-0.013000000000000001,0.0,0.0,0.0,0.0,7.4,0.0907,46296.0,0.0,0.0907,26000.0,46152.0,0.0
1679128558,10,0,0.001,0.002,-0.011,0.0,0.0,0.0,0.0,7.4,0.0906,46296.0,0.0,0.0906,0.0,45872.0,0.0
1679132564,10,0,0.006,0.094,0.003,0.0,0.0,0.0,0.0,7.4,0.091,46152.0,0.0,0.091,4006.0,46012.0,0.0
1679136646,10,0,-0.003,-0.026000000000000002,0.006,0.0,0.0,0.0,0.0,7.4,0.091,46152.0,0.0,0.091,8088.0,45732.0,0.0
1679141461,10,0,0.012,0.089,0.0,0.0,0.0,0.0,0.0,7.4,0.09140000000000001,46440.0,0.0,0.09140000000000001,12903.0,46012.0,0.0
1679146425,10,0,0.003,-0.011,-0.004,0.0,0.0,0.0,0.0,7.4,0.0913,46440.0,0.0,0.0913,17867.0,45872.0,0.0
1679148425,10,0,0.022,0.084,-0.001,0.0,0.0,0.0,0.0,7.4,0.09140000000000001,46296.0,0.0,0.09140000000000001,19867.0,45872.0,0.0
1679152528,10,0,-0.016,0.012,0.004,0.0,0.0,0.0,0.0,7.4,0.0918,46152.0,0.0,0.0918,23970.0,45732.0,0.0
1679157433,10,0,0.032,0.091,-0.001,0.0,0.0,0.0,0.0,7.4,0.0918,46440.0,0.0,0.0918,0.0,45592.0,0.0
1679162435,10,0,-0.014,-0.012,0.004,0.0,0.0,0.0,0.0,7.4,0.09230000000000001,46152.0,0.0,0.09230000000000001,5002.0,45872.0,0.0
1679164528,10,0,0.009000000000000001,-0.01,-0.004,0.0,0.0,0.0,0.0,7.4,0.0922,46440.0,0.0,0.0922,7095.0,45872.0,0.0
1679168593,10,0,0.016,0.12,-0.007,0.0,0.0,0.0,0.0,7.4,0.0925,46296.0,0.0,0.0925,11160.0,45872.0,0.0
1679173442,10,0,0.0,-0.024,-0.004,0.0,0.0,0.0,0.0,7.4,0.0926,46012.0,0.0,0.0926,16009.0,45592.0,0.0
1679177528,10,0,0.009000000000000001,0.12,0.011,0.0,0.0,0.0,0.0,7.4,0.09290000000000001,46440.0,0.0,0.09290000000000001,20095.0,45872.0,0.0
1679181566,10,0,-0.01,-0.023,-0.006,0.0,0.0,0.0,0.0,7.4,0.0931,46296.0,0.0,0.0931,24133.0,45732.0,0.0
1679184450,10,0,0.03,0.08,-0.015,0.0,0.0,0.0,0.0,7.4,0.093,46440.0,0.0,0.093,0.0,45872.0,0.0
1679189496,10,0,-0.016,0.013000000000000001,-0.006,0.0,0.0,0.0,0.0,7.4,0.0937,46152.0,0.0,0.0937,5046.0,45732.0,0.0
1679194470,10,0,0.022,0.116,0.006,0.0,0.0,0.0,0.0,7.4,0.0937,46012.0,0.0,0.0937,10020.0,45732.0,0.0
1679196494,10,0,0.0,0.115,0.005,0.0,0.0,0.0,0.0,7.4,0.094,46440.0,0.0,0.094,12044.0,45872.0,0.0
1679200548,10,0,0.005,-0.027,-0.005,0.0,0.0,0.0,0.0,7.4,0.0941,46152.0,0.0,0.0941,16098.0,45592.0,0.0
1679205553,10,0,-0.005,0.137,-0.007,0.0,0.0,0.0,0.0,7.4,0.0946,46440.0,0.0,0.0946,21103.0,46012.0,0.0
1679208501,10,0,-0.016,-0.002,-0.001,0.0,0.0,0.0,0.0,7.4,0.0947,46296.0,0.0,0.0947,24051.0,45872.0,0.0
1679213511,10,0,0.016,0.156,0.008,0.0,0.0,0.0,0.0,7.4,0.095,46296.0,0.0,0.095,0.0,45872.0,0.0
1679218512,10,0,-0.002,-0.021,-0.001,0.0,0.0,0.0,0.0,7.4,0.09530000000000001,46296.0,0.0,0.09530000000000001,5001.0,45732.0,0.0
1679220561,10,0,0.02,0.057,-0.007,0.0,0.0,0.0,0.0,7.4,0.09530000000000001,46152.0,0.0,0.09530000000000001,7050.0,46012.0,0.0
1679226517,10,0,-0.019,-0.015,-0.008,0.0,0.0,0.0,0.0,7.4,0.096,46012.0,0.0,0.096,13006.0,45872.0,0.0
1679228656,10,0,0.008,-0.005,-0.003,0.0,0.0,0.0,0.0,7.4,0.0959,46152.0,0.0,0.0959,15145.0,45872.0,0.0
1679233523,10,0,-0.013000000000000001,0.11900000000000001,0.012,0.0,0.0,0.0,0.0,7.4,0.0965,46296.0,0.0,0.0965,20012.0,45732.0,0.0
1679237660,10,0,0.013000000000000001,0.01,-0.002,0.0,0.0,0.0,0.0,7.4,0.0965,46152.0,0.0,0.0965,24149.0,45732.0,0.0
1679240574,10,0,0.006,0.158,-0.006,0.0,0.0,0.0,0.0,7.4,0.09680000000000001,46440.0,0.0,0.09680000000000001,0.0,45872.0,0.0
1679245578,10,0,-0.006,-0.023,-0.004,0.0,0.0,0.0,0.0,7.4,0.09720000000000001,46152.0,0.0,0.09720000000000001,5004.0,45592.0,0.0
1679248585,10,0,0.019,0.099,0.004,0.0,0.0,0.0,0.0,7.4,0.09720000000000001,46296.0,0.0,0.09720000000000001,8011.0,45872.0,0.0
1679253535,10,0,-0.013000000000000001,-0.005,0.007,0.0,0.0,0.0,0.0,7.4,0.0978,46152.0,0.0,0.0978,12961.0,45592.0,0.0
1679258536,10,0,0.01,0.151,-0.009000000000000001,0.0,0.0,0.0,0.0,7.4,0.0979,46296.0,0.0,0.0979,17962.0,45732.0,0.0
1679260587,10,0,-0.015,0.139,-0.009000000000000001,0.0,0.0,0.0,0.0,7.4,0.0983,46296.0,0.0,0.0983,20013.0,45732.0,0.0
1679265589,10,0,0.016,0.044,-0.002,0.0,0.0,0.0,0.0,7.4,0.0984,46440.0,0.0,0.0984,25015.0,45732.0,0.0
1679268545,10,0,-0.004,0.184,0.006,0.0,0.0,0.0,0.0,7.4,0.0989,46152.0,0.0,0.0989,0.0,45732.0,0.0
1679273548,10,0,0.013000000000000001,-0.002,-0.002,0.0,0.0,0.0,0.0,7.4,0.09920000000000001,46440.0,0.0,0.09920000000000001,5003.0,45732.0,0.0
1679278557,10,0,-0.022,0.161,-0.006,0.0,0.0,0.0,0.0,7.4,0.0998,46152.0,0.0,0.0998,10012.0,46152.0,0.0
1679280599,10,0,-0.022,0.034,-0.011,0.0,0.0,0.0,0.0,7.4,0.1,46012.0,0.0,0.1,12054.0,45732.0,0.0
1679285604,10,0,0.012,0.155,-0.001,0.0,0.0,0.0,0.0,7.4,0.10010000000000001,46152.0,0.0,0.10010000000000001,17059.0,45732.0,0.0
1679288751,10,0,-0.019,0.107,0.007,0.0,0.0,0.0,0.0,7.4,0.10070000000000001,46152.0,0.0,0.10070000000000001,20206.0,46012.0,0.0
1679293560,10,0,0.025,0.083,-0.002,0.0,0.0,0.0,0.0,7.4,0.10070000000000001,46152.0,0.0,0.10070000000000001,25015.0,45872.0,0.0
1679298567,10,0,-0.011,0.049,-0.003,0.0,0.0,0.0,0.0,7.4,0.10160000000000001,46012.0,0.0,0.10160000000000001,0.0,45732.0,0.0
1679300611,10,0,0.015,-0.016,-0.011,0.0,0.0,0.0,0.0,7.4,0.1015,46296.0,0.0,0.1015,2044.0,45872.0,0.0
1679305616,10,0,-0.016,0.183,0.002,0.0,0.0,0.0,0.0,7.4,0.10200000000000001,46296.0,0.0,0.10200000000000001,7049.0,45732.0,0.0
1679308566,10,0,0.004,0.005,0.005,0.0,0.0,0.0,0.0,7.4,0.1023,46296.0,0.0,0.1023,9999.0,45872.0,0.0
1679313573,10,0,-0.003,0.2,0.005,0.0,0.0,0.0,0.0,7.4,0.10260000000000001,46152.0,0.0,0.10260000000000001,15006.0,45592.0,0.0
1679318580,10,0,0.011,-0.017,-0.01,0.0,0.0,0.0,0.0,7.4,0.1032,45872.0,0.0,0.1032,20013.0,45732.0,0.0
1679320768,10,0,0.019,0.075,-0.012,0.0,0.0,0.0,0.0,7.4,0.10310000000000001,46296.0,0.0,0.10310000000000001,22201.0,45732.0,0.0
1679325629,10,0,-0.01,0.079,0.003,0.0,0.0,0.0,0.0,7.4,0.1041,46296.0,0.0,0.1041,0.0,45732.0,0.0
1679328584,10,0,0.026000000000000002,0.002,0.0,0.0,0.0,0.0,0.0,7.4,0.10400000000000001,46296.0,0.0,0.10400000000000001,2955.0,45872.0,0.0
1679333586,10,0,-0.014,0.153,0.006,0.0,0.0,0.0,0.0,7.4,0.1048,46296.0,0.0,0.1048,7957.0,45872.0,0.0
1679337783,10,0,0.022,-0.003,-0.002,0.0,0.0,0.0,0.0,7.4,0.1048,46152.0,0.0,0.1048,12154.0,45592.0,0.0
1679340637,10,0,-0.007,0.193,-0.002,0.0,0.0,0.0,0.0,7.4,0.1051,46440.0,0.0,0.1051,15008.0,45872.0,0.0
1679345640,10,0,0.018000000000000002,-0.033,-0.005,0.0,0.0,0.0,0.0,7.4,0.1057,46296.0,0.0,0.1057,20011.0,45872.0,0.0
1679348592,10,0,0.01,0.11800000000000001,-0.001,0.0,0.0,0.0,0.0,7.4,0.1057,46440.0,0.0,0.1057,22963.0,45872.0,0.0
1679352744,10,0,-0.009000000000000001,0.094,0.009000000000000001,0.0,0.0,0.0,0.0,7.41,0.10650000000000001,46296.0,0.0,0.10650000000000001,0.0,45872.0,0.0
1679358597,10,0,-0.005,0.193,-0.011,0.0,0.0,0.0,0.0,7.41,0.1067,46296.0,0.0,0.1067,5853.0,46012.0,0.0
1679360650,10,0,-0.023,0.189,-0.009000000000000001,0.0,0.0,0.0,0.0,7.41,0.1072,46296.0,0.0,0.1072,7906.0,45732.0,0.0
1679365652,10,0,0.018000000000000002,0.044,-0.005,0.0,0.0,0.0,0.0,7.41,0.1073,46296.0,0.0,0.1073,12908.0,45872.0,0.0
1679368610,10,0,-0.011,0.225,0.008,0.0,0.0,0.0,0.0,7.41,0.1078,46152.0,0.0,0.1078,15866.0,45592.0,0.0
1679373611,10,0,0.024,-0.012,-0.007,0.0,0.0,0.0,0.0,7.41,0.1082,46296.0,0.0,0.1082,20867.0,45732.0,0.0
1679378574,10,0,-0.024,0.203,0.003,0.0,0.0,0.0,0.0,7.41,0.109,46152.0,0.0,0.109,25830.0,46012.0,0.0
1679380658,10,0,-0.005,0.051000000000000004,-0.003,0.0,0.0,0.0,0.0,7.41,0.10930000000000001,46296.0,0.0,0.10930000000000001,0.0,45592.0,0.0
1679385625,10,0,-0.003,0.179,-0.005,0.0,0.0,0.0,0.0,7.41,0.10940000000000001,46296.0,0.0,0.10940000000000001,4967.0,45732.0,0.0
1679390669,10,0,0.016,-0.017,0.005,0.0,0.0,0.0,0.0,7.41,0.1101,46296.0,0.0,0.1101,10011.0,45872.0,0.0
1679393626,10,0,0.01,0.088,0.003,0.0,0.0,0.0,0.0,7.41,0.11,46296.0,0.0,0.11,12968.0,45872.0,0.0
1679398626,10,0,0.001,0.055,-0.008,0.0,0.0,0.0,0.0,7.41,0.1109,46012.0,0.0,0.1109,17968.0,45732.0,0.0
1679400676,10,0,0.023,-0.032,-0.017,0.0,0.0,0.0,0.0,7.41,0.11080000000000001,46440.0,0.0,0.11080000000000001,20018.0,45732.0,0.0
1679405679,10,0,-0.022,0.209,0.004,0.0,0.0,0.0,0.0,7.41,0.1114,46296.0,0.0,0.1114,25021.0,45732.0,0.0
1679408632,10,0,0.007,-0.011,0.009000000000000001,0.0,0.0,0.0,0.0,7.41,0.11170000000000001,46296.0,0.0,0.11170000000000001,0.0,45592.0,0.0
1679413638,10,0,-0.01,0.223,0.008,0.0,0.0,0.0,0.0,7.41,0.112,46296.0,0.0,0.112,5006.0,45592.0,0.0
1679416750,10,0,0.001,0.08,-0.001,0.0,0.0,0.0,0.0,7.41,0.1126,46012.0,0.0,0.1126,8118.0,45732.0,0.0
1679422639,10,0,-0.014,0.222,0.0,0.0,0.0,0.0,0.0,7.41,0.1129,46296.0,0.0,0.1129,14007.0,45732.0,0.0
1679424645,10,0,-0.01,0.178,0.006,0.0,0.0,0.0,0.0,7.41,0.1134,46296.0,0.0,0.1134,16013.0,45872.0,0.0
1679429648,10,0,0.015,0.075,0.0,0.0,0.0,0.0,0.0,7.41,0.1135,46152.0,0.0,0.1135,21016.0,45872.0,0.0
1679432647,10,0,-0.016,0.23600000000000002,0.007,0.0,0.0,0.0,0.0,7.41,0.11410000000000001,46440.0,0.0,0.11410000000000001,24015.0,45592.0,0.0
1679437573,10,0,0.021,-0.025,-0.004,0.002,1.33,-0.0383,0.0,7.41,0.1145,46440.0,-0.0302,0.1159,0.0,45592.0,-0.0383
1679442654,10,0,-0.019,0.184,-0.002,0.004,1.33,-0.0352,0.0,7.41,0.1154,46296.0,-0.027700000000000002,0.11760000000000001,5081.0,45732.0,-0.0352
1679444660,10,0,-0.003,0.013000000000000001,-0.003,0.005,1.33,-0.0334,0.0,7.41,0.1155,46296.0,-0.0264,0.1183,7087.0,45456.0,-0.0334
1679448754,10,0,0.001,0.14,-0.005,0.007,1.33,-0.0342,0.0,7.41,0.1155,46296.0,-0.027700000000000002,0.1197,11181.0,45732.0,-0.0342
1679453662,10,0,0.003,0.025,-0.001,0.008,1.33,-0.0356,0.0,7.41,0.1164,46012.0,-0.029,0.12150000000000001,16089.0,45872.0,-0.0356
1679458661,10,0,-0.004,0.19,-0.004,0.011,1.33,-0.0292,0.0,7.41,0.1165,46012.0,-0.0239,0.1232,21088.0,45872.0,-0.0292
1679460749,10,0,-0.014,0.187,-0.003,0.011,1.33,-0.029500000000000002,0.0,7.41,0.11710000000000001,46296.0,-0.0239,0.12390000000000001,23176.0,45732.0,-0.029500000000000002
1679465759,10,0,0.007,0.017,-0.009000000000000001,0.014,1.33,-0.027700000000000002,0.0,7.41,0.117,46296.0,-0.0227,0.1257,0.0,45732.0,-0.027700000000000002
1679468672,10,0,-0.023,0.211,0.007,0.015,1.33,-0.0258,0.0,7.41,0.11750000000000001,46152.0,-0.0201,0.1267,2913.0,45732.0,-0.0258
1679473676,10,0,0.021,-0.048,0.003,0.017,1.33,-0.0241,0.0,7.41,0.1178,46440.0,-0.0189,0.1285,7917.0,45732.0,-0.0241
1679478676,10,0,-0.015,0.20600000000000002,-0.006,0.019,1.33,-0.0281,0.0,7.41,0.11850000000000001,46296.0,-0.0227,0.1302,12917.0,45872.0,-0.0281
1679480764,10,0,0.004,0.035,-0.011,0.02,1.33,-0.0269,0.0,7.41,0.1188,46152.0,-0.021400000000000002,0.13090000000000002,15005.0,45732.0,-0.0269
1679485798,10,0,-0.011,0.16,0.0,0.023,1.33,-0.021500000000000002,0.0,7.41,0.1187,46012.0,-0.0176,0.1326,20039.0,45592.0,-0.021500000000000002
1679490573,10,0,0.008,0.037,0.01,0.024,1.33,-0.021,0.0,7.41,0.11950000000000001,46012.0,-0.0164,0.13440000000000002,24814.0,45732.0,-0.021
1679492686,10,0,0.021,-0.017,0.0,0.026000000000000002,1.33,-0.0207,0.0,7.41,0.1193,46152.0,-0.0164,0.1351,0.0,45732.0,-0.0207
1679497685,10,0,-0.006,0.134,0.004,0.027,1.33,-0.018600000000000002,0.0,7.41,0.12000000000000001,46296.0,-0.0151,0.1368,4999.0,45592.0,-0.018600000000000002
1679502683,10,0,0.008,0.034,-0.004,0.031,1.33,-0.0145,0.0,7.41,0.1199,46296.0,-0.011300000000000001,0.1386,9997.0,45732.0,-0.0145
1679504684,10,0,-0.009000000000000001,0.169,0.002,0.031,1.33,-0.012700000000000001,0.0,7.41,0.12010000000000001,46440.0,-0.010100000000000001,0.1393,11998.0,45732.0,-0.012700000000000001
1679508733,10,0,0.01,-0.016,0.001,0.033,1.33,-0.013300000000000001,0.0,7.41,0.1207,46012.0,-0.010100000000000001,0.14070000000000002,16047.0,45592.0,-0.013300000000000001
1679512776,10,0,0.001,0.092,-0.009000000000000001,0.035,1.33,-0.010700000000000001,0.0,7.41,0.12050000000000001,46012.0,-0.0088,0.1421,20090.0,46012.0,-0.010700000000000001
1679517738,10,0,0.013000000000000001,0.004,-0.01,0.037,1.33,-0.012100000000000001,0.0,7.41,0.1213,46440.0,-0.010100000000000001,0.1438,25052.0,45732.0,-0.012100000000000001
1679522571,10,0,0.01,0.082,-0.01,0.04,1.33,-0.0118,0.0,7.41,0.1212,46296.0,-0.0088,0.1456,0.0,45732.0,-0.0118
1679524571,10,0,-0.006,0.171,-0.006,0.04,1.33,-0.012100000000000001,0.0,7.41,0.1216,46152.0,-0.010100000000000001,0.1463,2000.0,45872.0,-0.012100000000000001
1679528571,10,0,0.01,-0.02,-0.008,0.042,1.33,-0.0134,0.0,7.41,0.12200000000000001,46012.0,-0.011300000000000001,0.1477,6000.0,45732.0,-0.0134
1679533571,10,0,0.003,0.184,0.019,0.044,1.33,-0.0175,0.0,7.41,0.12240000000000001,46440.0,-0.013900000000000001,0.1494,11000.0,45592.0,-0.0175
1679537686,10,0,0.015,-0.026000000000000002,0.001,0.046,1.33,-0.012,0.0,7.41,0.1227,46152.0,-0.010100000000000001,0.15080000000000002,15115.0,45732.0,-0.012
1679541752,10,0,-0.014,0.186,0.002,0.048,1.33,-0.0148,0.0,7.41,0.1231,46440.0,-0.011300000000000001,0.1522,19181.0,45732.0,-0.0148
1679544680,10,0,-0.004,0.095,0.01,0.049,1.33,-0.011600000000000001,0.0,7.41,0.12350000000000001,46152.0,-0.0088,0.1532,22109.0,45592.0,-0.011600000000000001
1679549572,10,0,0.004,0.091,0.014,0.052000000000000005,1.33,-0.011600000000000001,0.0,7.41,0.12340000000000001,46440.0,-0.0088,0.155,0.0,45732.0,-0.011600000000000001
1679553572,10,0,0.002,0.10200000000000001,0.001,0.053,1.33,-0.0115,0.0,7.41,0.1242,46296.0,-0.0088,0.1564,4000.0,45732.0,-0.0115
1679557757,10,0,-0.006,0.07100000000000001,-0.009000000000000001,0.055,1.33,-0.0064,0.0,7.41,0.124,46440.0,-0.005,0.1578,8185.0,45732.0,-0.0064
1679561765,10,0,-0.003,0.1,0.001,0.056,1.33,-0.0058000000000000005,0.0,7.41,0.1247,46152.0,-0.005,0.1592,12193.0,45592.0,-0.0058000000000000005
1679565813,10,0,0.004,-0.007,-0.001,0.059000000000000004,1.33,-0.0063,0.0,7.41,0.1245,46440.0,-0.005,0.16060000000000002,16241.0,45592.0,-0.0063
1679568567,10,0,-0.018000000000000002,0.14200000000000002,0.002,0.06,1.33,-0.0055000000000000005,0.0,7.41,0.1246,46152.0,-0.005,0.16160000000000002,18995.0,45872.0,-0.0055000000000000005
1679572771,10,0,0.023,-0.033,0.003,0.062,1.33,-0.0056,0.0,7.41,0.1253,46440.0,-0.005,0.163,23199.0,45732.0,-0.0056
1679576947,10,0,-0.013000000000000001,0.123,0.002,0.064,1.33,-0.0008,0.0,7.41,0.12510000000000002,46012.0,-0.0013000000000000002,0.16440000000000002,0.0,46012.0,-0.0008
1679581773,10,0,0.012,-0.034,-0.008,0.066,1.33,-0.0002,0.0,7.41,0.1258,46152.0,0.0,0.16620000000000001,4826.0,45592.0,-0.0002
1679585822,10,0,-0.012,0.126,0.002,0.067,0.0,-0.0026000000000000003,0.0,7.41,0.1257,46296.0,-0.0025,0.1665,8875.0,45592.0,-0.0026000000000000003
1679590572,10,0,0.018000000000000002,0.047,0.01,0.065,0.0,-0.0032,0.0,7.41,0.1264,46440.0,-0.0025,0.1665,13625.0,45592.0,-0.0032
1679592782,10,0,0.009000000000000001,-0.033,-0.002,0.066,0.0,-0.002,0.0,7.41,0.12610000000000002,46152.0,-0.0013000000000000002,0.1665,15835.0,46012.0,-0.002
1679597571,10,0,-0.009000000000000001,0.17200000000000001,-0.009000000000000001,0.065,0.0,-0.0008,0.0,7.41,0.12660000000000002,46440.0,-0.0013000000000000002,0.1665,20624.0,45732.0,-0.0008
1679601571,10,0,0.007,-0.066,-0.014,0.065,0.0,0.0004,0.0,7.41,0.1268,46296.0,0.0,0.1665,24624.0,45592.0,0.0004
1679605576,10,0,-0.011,0.154,-0.007,0.065,0.0,0.0026000000000000003,0.0,7.41,0.1269,46296.0,0.0025,0.1665,0.0,45592.0,0.0026000000000000003
1679608571,10,0,0.005,0.123,-0.002,0.064,0.0,0.0022,0.0,7.41,0.1273,46296.0,0.0013000000000000002,0.1665,2995.0,45732.0,0.0022
1679612794,10,0,-0.008,0.078,-0.002,0.064,0.0,0.005200000000000001,0.0,7.41,0.12710000000000002,46152.0,0.0038,0.1665,7218.0,45592.0,0.005200000000000001
1679617790,10,0,0.013000000000000001,-0.032,-0.011,0.063,0.0,0.0067,0.0,7.41,0.1277,46440.0,0.005,0.1665,12214.0,45592.0,0.0067
1679622570,10,0,-0.016,0.064,-0.017,0.064,0.0,0.007500000000000001,0.0,7.41,0.1274,46296.0,0.0063,0.1665,16994.0,45592.0,0.007500000000000001
1679624571,10,0,-0.013000000000000001,0.14200000000000002,-0.005,0.063,0.0,0.008700000000000001,0.0,7.41,0.1277,46296.0,0.0076,0.1665,18995.0,45732.0,0.008700000000000001
1679628797,10,0,0.004,-0.077,0.006,0.063,0.0,0.0103,0.0,7.41,0.1277,46152.0,0.0088,0.1665,23221.0,45456.0,0.0103
1679633566,10,0,-0.005,0.133,0.005,0.063,0.0,0.011600000000000001,0.0,7.41,0.1279,46152.0,0.0088,0.1665,0.0,45872.0,0.011600000000000001
1679637685,10,0,0.015,-0.084,-0.005,0.063,0.0,0.012700000000000001,0.0,7.41,0.12810000000000002,46296.0,0.010100000000000001,0.1665,4119.0,45592.0,0.012700000000000001
1679640574,10,0,-0.002,-0.04,-0.005,0.063,0.0,0.014,0.0,7.41,0.1279,46152.0,0.011300000000000001,0.1665,7008.0,46012.0,0.014
1679644826,10,0,0.006,-0.019,0.002,0.062,0.0,0.0114,0.0,7.41,0.12860000000000002,46296.0,0.0088,0.1665,11260.0,45592.0,0.0114
1679649575,10,0,-0.009000000000000001,0.02,0.005,0.062,0.0,0.013300000000000001,0.0,7.41,0.1283,46152.0,0.010100000000000001,0.1665,16009.0,45732.0,0.013300000000000001
1679653788,10,0,0.011,-0.002,0.004,0.061,0.0,0.0108,0.0,7.390000000000001,0.1288,46296.0,0.0088,0.1665,20222.0,45732.0,0.0108
1679658571,10,0,-0.007,0.02,-0.004,0.062,0.0,0.0099,0.0,7.390000000000001,0.12840000000000001,46152.0,0.007500000000000001,0.1665,25005.0,45732.0,0.0099
1679660575,10,0,-0.002,0.121,-0.002,0.062,0.0,0.009000000000000001,0.0,7.390000000000001,0.12860000000000002,46152.0,0.007500000000000001,0.1665,0.0,45872.0,0.009000000000000001
1679664592,10,0,0.0,-0.024,-0.002,0.061,0.0,0.0054,0.0,7.390000000000001,0.12890000000000001,46296.0,0.0038,0.1665,4017.0,45872.0,0.0054
1679668823,10,0,-0.004,0.117,0.016,0.061,0.0,0.0047,0.0,7.390000000000001,0.12890000000000001,46152.0,0.0038,0.1665,8248.0,45872.0,0.0047
1679672953,10,0,0.008,-0.007,0.015,0.061,0.0,0.0041,0.0,7.390000000000001,0.1293,46296.0,0.0038,0.1665,12378.0,46012.0,0.0041
1679677820,10,0,-0.001,0.096,-0.002,0.061,0.0,0.006500000000000001,0.0,7.41,0.1293,46440.0,0.005,0.1665,17245.0,45592.0,0.006500000000000001
1679681821,10,0,-0.009000000000000001,-0.014,0.0,0.06,0.0,0.0109,0.0,7.41,0.1295,46152.0,0.0088,0.1665,21246.0,45456.0,0.0109
1679686574,10,0,-0.001,0.046,0.006,0.061,0.0,0.008400000000000001,0.0,7.41,0.1293,46440.0,0.0063,0.1665,25999.0,45732.0,0.008400000000000001
1679688779,10,0,0.009000000000000001,0.078,0.003,0.06,0.0,0.0108,0.0,7.41,0.1295,46296.0,0.0088,0.1665,0.0,45872.0,0.0108
1679692821,10,0,0.004,-0.043000000000000003,-0.005,0.061,0.0,0.0115,0.0,7.41,0.1293,46296.0,0.0088,0.1665,4042.0,45592.0,0.0115
1679696823,10,0,0.004,0.097,-0.003,0.061,0.0,0.0115,0.0,7.390000000000001,0.12940000000000002,46012.0,0.0088,0.1665,8044.0,45592.0,0.0115
1679701575,10,0,0.004,-0.07100000000000001,-0.015,0.061,0.0,0.0175,0.0,7.390000000000001,0.1293,46440.0,0.013800000000000002,0.1665,12796.0,45732.0,0.0175
1679705821,10,0,0.003,0.10400000000000001,0.004,0.06,0.0,0.0137,0.0,7.390000000000001,0.1295,46296.0,0.011300000000000001,0.1665,17042.0,45732.0,0.0137
1679709821,10,0,0.007,-0.077,-0.001,0.06,0.0,0.0158,0.0,7.390000000000001,0.1296,46012.0,0.0126,0.1665,21042.0,45592.0,0.0158
1679712575,10,0,-0.005,-0.023,-0.006,0.061,0.0,0.016300000000000002,0.0,7.390000000000001,0.12940000000000002,46152.0,0.0126,0.1665,23796.0,45872.0,0.016300000000000002
1679716819,10,0,0.02,0.021,-0.007,0.06,0.0,0.0154,0.0,7.390000000000001,0.12990000000000002,46012.0,0.0126,0.1665,0.0,45592.0,0.0154
1679721576,10,0,-0.006,-0.037,-0.009000000000000001,0.06,0.0,0.0181,0.0,7.390000000000001,0.1295,46152.0,0.013800000000000002,0.1665,4757.0,45732.0,0.0181
1679725834,10,0,0.011,0.031,0.003,0.06,0.0,0.0159,0.0,7.390000000000001,0.13,46296.0,0.0126,0.1665,9015.0,45732.0,0.0159
1679728575,10,0,0.014,-0.079,-0.002,0.06,0.0,0.0158,0.0,7.390000000000001,0.1298,45872.0,0.0126,0.1665,11756.0,45872.0,0.0158
1679733576,10,0,0.003,0.088,0.003,0.06,0.0,0.022600000000000002,0.0,7.390000000000001,0.1297,46012.0,0.0176,0.1665,16757.0,45732.0,0.022600000000000002
1679737800,10,0,0.016,-0.077,-0.007,0.06,0.0,0.0201,0.0,7.390000000000001,0.12990000000000002,46152.0,0.016300000000000002,0.1665,20981.0,45732.0,0.0201
1679742575,10,0,0.005,0.046,-0.003,0.06,0.0,0.030000000000000002,0.0,7.390000000000001,0.1298,46152.0,0.0239,0.1665,25756.0,45872.0,0.030000000000000002
1679744577,10,0,0.009000000000000001,0.017,0.004,0.06,0.0,0.031400000000000004,0.0,7.390000000000001,0.13,46152.0,0.0251,0.1665,0.0,45592.0,0.031400000000000004
1679749576,10,0,-0.009000000000000001,-0.017,0.005,0.06,0.0,0.022500000000000003,0.0,7.390000000000001,0.1296,46012.0,0.0176,0.1665,4999.0,45592.0,0.022500000000000003
1679753821,10,0,0.009000000000000001,-0.022,-0.002,0.06,0.0,0.0253,0.0,7.390000000000001,0.12990000000000002,46296.0,0.0201,0.1665,9244.0,45732.0,0.0253
1679758575,10,0,-0.015,-0.017,-0.004,0.06,0.0,0.0236,0.0,7.390000000000001,0.1295,46296.0,0.0188,0.1665,13998.0,45732.0,0.0236
1679760855,10,0,0.003,0.068,0.004,0.06,0.0,0.0221,0.0,7.390000000000001,0.1297,46152.0,0.0176,0.1665,16278.0,45872.0,0.0221
1679765859,10,0,-0.008,-0.058,0.004,0.06,0.0,0.0224,0.0,7.390000000000001,0.1296,46152.0,0.0176,0.1665,21282.0,45592.0,0.0224
1679768570,10,0,0.0,0.029,0.006,0.06,0.0,0.0221,0.0,7.390000000000001,0.1296,46296.0,0.0176,0.1665,23993.0,45456.0,0.0221
1679773570,10,0,-0.001,-0.037,0.001,0.06,0.0,0.019700000000000002,0.0,7.390000000000001,0.1298,46152.0,0.016300000000000002,0.1665,0.0,45456.0,0.019700000000000002
1679777570,10,0,-0.001,0.03,0.0,0.06,0.0,0.019100000000000002,0.0,7.390000000000001,0.1295,46012.0,0.0151,0.1665,4000.0,45732.0,0.019100000000000002
1679781823,10,0,0.0,-0.018000000000000002,-0.008,0.06,0.0,0.016,0.0,7.390000000000001,0.1298,46296.0,0.0126,0.1665,8253.0,45592.0,0.016
1679785871,10,0,0.001,0.03,0.015,0.06,0.0,0.0158,0.0,7.390000000000001,0.1295,46296.0,0.0126,0.1665,12301.0,46012.0,0.0158
1679790568,10,0,0.008,0.026000000000000002,0.017,0.06,0.0,0.0172,0.0,7.390000000000001,0.1298,46152.0,0.013800000000000002,0.1665,16998.0,45592.0,0.0172
1679792569,10,0,-0.007,-0.046,0.004,0.06,0.0,0.0171,0.0,7.390000000000001,0.1297,46152.0,0.013800000000000002,0.1665,18999.0,45872.0,0.0171
1679796835,10,0,0.008,0.076,-0.002,0.06,0.0,0.0178,0.0,7.390000000000001,0.1297,46296.0,0.013800000000000002,0.1665,23265.0,45732.0,0.0178
1679801572,10,0,-0.006,-0.032,0.002,0.06,0.0,0.0218,0.0,7.390000000000001,0.1298,46296.0,0.0176,0.1665,0.0,45732.0,0.0218
1679805885,10,0,0.01,0.073,0.0,0.06,0.0,0.0218,0.0,7.390000000000001,0.1298,46012.0,0.0176,0.1665,4313.0,45732.0,0.0218
1679808568,10,0,0.012,0.018000000000000002,-0.005,0.06,0.0,0.022000000000000002,0.0,7.390000000000001,0.13,46296.0,0.0176,0.1665,6996.0,45732.0,0.022000000000000002
1679812597,10,0,-0.003,-0.048,-0.011,0.06,0.0,0.0247,0.0,7.390000000000001,0.1297,46296.0,0.0201,0.1665,11025.0,45872.0,0.0247
1679816846,10,0,0.011,0.032,-0.006,0.059000000000000004,0.0,0.021400000000000002,0.0,7.390000000000001,0.13,46296.0,0.0176,0.1665,15274.0,45456.0,0.021400000000000002
1679820890,10,0,-0.01,-0.057,-0.019,0.06,0.0,0.0235,0.0,7.390000000000001,0.1297,46296.0,0.0188,0.1665,19318.0,45732.0,0.0235
1679825897,10,0,0.008,0.038,0.002,0.06,0.0,0.0239,0.0,7.390000000000001,0.13,46152.0,0.0188,0.1665,24325.0,45592.0,0.0239
1679828568,10,0,-0.006,-0.054,0.001,0.06,0.0,0.0223,0.0,7.390000000000001,0.13,46296.0,0.0176,0.1665,0.0,45732.0,0.0223
1679833572,10,0,-0.001,0.045,0.0,0.06,0.0,0.0206,0.0,7.390000000000001,0.1298,46152.0,0.016300000000000002,0.1665,5004.0,45872.0,0.0206
1679837959,10,0,-0.01,-0.074,-0.015,0.06,0.0,0.0224,0.0,7.390000000000001,0.13,46152.0,0.0176,0.1665,9391.0,45872.0,0.0224
1679840568,10,0,-0.005,-0.02,-0.008,0.06,0.0,0.023700000000000002,0.0,7.390000000000001,0.12990000000000002,46296.0,0.0188,0.1665,12000.0,45732.0,0.023700000000000002
1679845580,10,0,-0.001,0.006,0.004,0.059000000000000004,0.0,0.0216,0.0,7.390000000000001,0.1302,46152.0,0.0176,0.1665,17012.0,45732.0,0.0216
1679849866,10,0,0.001,0.027,-0.001,0.06,0.0,0.022000000000000002,0.0,7.390000000000001,0.13,46296.0,0.0176,0.1665,21298.0,45872.0,0.022000000000000002
1679853868,10,0,0.002,0.009000000000000001,-0.006,0.059000000000000004,0.0,0.0228,0.0,7.390000000000001,0.1303,46440.0,0.0188,0.1665,25300.0,45732.0,0.0228
1679858567,10,0,-0.005,-0.03,-0.005,0.059000000000000004,0.0,0.022500000000000003,0.0,7.390000000000001,0.1301,46012.0,0.0176,0.1665,0.0,45592.0,0.022500000000000003
1679860567,10,0,0.011,0.06,0.003,0.059000000000000004,0.0,0.0234,0.0,7.390000000000001,0.1302,46152.0,0.0188,0.1665,2000.0,45456.0,0.0234
1679864568,10,0,-0.01,-0.039,0.009000000000000001,0.059000000000000004,0.0,0.0245,0.0,7.390000000000001,0.13040000000000002,46152.0,0.0201,0.1665,6001.0,45732.0,0.0245
1679869570,10,0,0.008,0.05,0.008,0.059000000000000004,0.0,0.0257,0.0,7.390000000000001,0.1302,46296.0,0.0201,0.1665,11003.0,45732.0,0.0257
1679873880,10,0,-0.019,-0.063,0.002,0.059000000000000004,0.0,0.024,0.0,7.390000000000001,0.13040000000000002,46296.0,0.0188,0.1665,15313.0,45732.0,0.024
1679878568,10,0,0.006,0.045,-0.003,0.059000000000000004,0.0,0.024800000000000003,0.0,7.390000000000001,0.1303,46296.0,0.0201,0.1665,20001.0,45592.0,0.024800000000000003
1679880569,10,0,0.008,0.065,0.0,0.059000000000000004,0.0,0.0229,0.0,7.390000000000001,0.1305,46440.0,0.0188,0.1665,22002.0,45872.0,0.0229
1679884888,10,0,-0.015,-0.046,0.008,0.059000000000000004,0.0,0.0235,0.0,7.390000000000001,0.1303,46152.0,0.0188,0.1665,0.0,45732.0,0.0235
1679889887,10,0,0.004,0.048,0.013000000000000001,0.059000000000000004,0.0,0.0213,0.0,7.390000000000001,0.13040000000000002,46152.0,0.0176,0.1665,4999.0,45732.0,0.0213
1679894569,10,0,-0.009000000000000001,-0.027,0.002,0.059000000000000004,0.0,0.016800000000000002,0.0,7.390000000000001,0.1302,46012.0,0.013800000000000002,0.1665,9681.0,45592.0,0.016800000000000002
1679897572,10,0,0.013000000000000001,0.042,-0.001,0.059000000000000004,0.0,0.0167,0.0,7.390000000000001,0.1302,46152.0,0.013800000000000002,0.1665,12684.0,45732.0,0.0167
1679901899,10,0,-0.023,-0.026000000000000002,-0.003,0.059000000000000004,0.0,0.0162,0.0,7.390000000000001,0.13040000000000002,46296.0,0.0126,0.1665,17011.0,45732.0,0.0162
1679905948,10,0,0.021,0.07,0.006,0.059000000000000004,0.0,0.014400000000000001,0.0,7.390000000000001,0.1303,46152.0,0.011300000000000001,0.1665,21060.0,45872.0,0.014400000000000001
1679908567,10,0,0.01,0.063,0.014,0.059000000000000004,0.0,0.016,0.0,7.390000000000001,0.1305,46296.0,0.0126,0.1665,23679.0,45456.0,0.016
1679912596,10,0,-0.009000000000000001,-0.036000000000000004,0.002,0.059000000000000004,0.0,0.019200000000000002,0.0,7.390000000000001,0.13040000000000002,46440.0,0.0151,0.1665,0.0,45592.0,0.019200000000000002
1679916907,10,0,0.012,0.07100000000000001,-0.014,0.059000000000000004,0.0,0.016800000000000002,0.0,7.390000000000001,0.1306,46152.0,0.013800000000000002,0.1665,4311.0,45732.0,0.016800000000000002
1679920967,10,0,-0.017,-0.027,-0.014,0.059000000000000004,0.0,0.0154,0.0,7.4,0.1306,46296.0,0.0126,0.1665,8371.0,45732.0,0.0154
1679925568,10,0,0.024,0.084,0.005,0.058,0.0,0.0143,0.0,7.4,0.1308,46296.0,0.011300000000000001,0.1665,12972.0,45592.0,0.0143
1679930032,10,0,-0.014,-0.036000000000000004,-0.001,0.058,0.0,0.016900000000000002,0.0,7.4,0.1308,46296.0,0.013800000000000002,0.1665,17436.0,45592.0,0.016900000000000002
1679932596,10,0,0.018000000000000002,0.026000000000000002,-0.008,0.058,0.0,0.015300000000000001,0.0,7.4,0.1307,46296.0,0.0126,0.1665,20000.0,45872.0,0.015300000000000001
1679937689,10,0,-0.012,0.016,-0.012,0.058,0.0,0.0135,0.0,7.4,0.1311,46152.0,0.011300000000000001,0.1665,25093.0,45592.0,0.0135
1679941928,10,0,0.032,0.066,0.002,0.058,0.0,0.013300000000000001,0.0,7.4,0.1311,46152.0,0.010100000000000001,0.1665,0.0,45732.0,0.013300000000000001
1679944570,10,0,0.021,0.10300000000000001,0.009000000000000001,0.057,0.0,0.011600000000000001,0.0,7.4,0.1313,46296.0,0.0088,0.1665,2642.0,45592.0,0.011600000000000001
1679949567,10,0,0.003,-0.025,-0.006,0.057,0.0,0.012100000000000001,0.0,7.4,0.1315,46296.0,0.010100000000000001,0.1665,7639.0,45592.0,0.012100000000000001
1679953933,10,0,0.002,0.078,-0.009000000000000001,0.056,0.0,0.014100000000000001,0.0,7.4,0.13190000000000002,46296.0,0.011300000000000001,0.1665,12005.0,45592.0,0.014100000000000001
1679958567,10,0,0.0,-0.043000000000000003,-0.008,0.057,0.0,0.0159,0.0,7.4,0.1318,46296.0,0.0126,0.1665,16639.0,45732.0,0.0159
1679960568,10,0,0.024,0.038,-0.003,0.057,0.0,0.0166,0.0,7.4,0.1318,45872.0,0.013800000000000002,0.1665,18640.0,45872.0,0.0166
1679965570,10,0,-0.012,-0.02,0.001,0.056,0.0,0.0181,0.0,7.4,0.1323,46012.0,0.0151,0.1665,23642.0,45592.0,0.0181
1679969939,10,0,0.024,0.065,0.003,0.056,0.0,0.0204,0.0,7.4,0.1321,46152.0,0.016300000000000002,0.1665,0.0,45872.0,0.0204
1679973945,10,0,-0.015,-0.014,-0.004,0.056,0.0,0.02,0.0,7.4,0.13240000000000002,46296.0,0.016300000000000002,0.1665,4006.0,45592.0,0.02
1679978567,10,0,0.023,0.013000000000000001,-0.008,0.056,0.0,0.019700000000000002,0.0,7.4,0.1322,46152.0,0.016300000000000002,0.1665,8628.0,45732.0,0.019700000000000002
1679980573,10,0,0.016,0.092,0.002,0.056,0.0,0.0187,0.0,7.4,0.13240000000000002,46296.0,0.0151,0.1665,10634.0,45592.0,0.0187
1679984951,10,0,-0.002,-0.048,0.01,0.055,0.0,0.015600000000000001,0.0,7.4,0.1325,46152.0,0.0126,0.1665,15012.0,45592.0,0.015600000000000001
1679989955,10,0,0.009000000000000001,0.089,0.005,0.055,0.0,0.0173,0.0,7.4,0.1327,46152.0,0.013800000000000002,0.1665,20016.0,45592.0,0.0173
1679994064,10,0,-0.001,-0.049,-0.001,0.055,0.0,0.0166,0.0,7.4,0.1326,46296.0,0.013800000000000002,0.1665,24125.0,45592.0,0.0166
1679996568,10,0,0.021,0.008,-0.004,0.055,0.0,0.0175,0.0,7.4,0.1325,46296.0,0.013800000000000002,0.1665,0.0,46152.0,0.0175
1680001009,10,0,-0.021,0.018000000000000002,0.0,0.055,0.0,0.0162,0.0,7.4,0.13290000000000002,46296.0,0.0126,0.1665,4441.0,45872.0,0.0162
1680006012,10,0,0.022,0.047,0.014,0.055,0.0,0.017400000000000002,0.0,7.4,0.1326,46012.0,0.013800000000000002,0.1665,9444.0,45732.0,0.017400000000000002
1680008568,10,0,0.004,0.10200000000000001,0.02,0.055,0.0,0.0161,0.0,7.4,0.1328,46152.0,0.0126,0.1665,12000.0,45872.0,0.0161
1680012595,10,0,-0.007,-0.048,-0.003,0.055,0.0,0.0152,0.0,7.4,0.13290000000000002,46296.0,0.0126,0.1665,16027.0,45592.0,0.0152
1680016970,10,0,-0.002,0.11900000000000001,0.001,0.055,0.0,0.011600000000000001,0.0,7.4,0.133,46296.0,0.0088,0.1665,20402.0,45872.0,0.011600000000000001
1680021022,10,0,-0.014,-0.052000000000000005,0.005,0.055,0.0,0.0137,0.0,7.4,0.1331,46012.0,0.011300000000000001,0.1665,24454.0,45872.0,0.0137
1680025571,10,0,0.015,0.062,0.005,0.055,0.0,0.0108,0.0,7.4,0.13290000000000002,46152.0,0.0088,0.1665,0.0,45872.0,0.0108
1680029982,10,0,-0.012,-0.04,-0.008,0.054,0.0,0.0068000000000000005,0.0,7.4,0.13340000000000002,46440.0,0.005,0.1665,4411.0,45872.0,0.0068000000000000005
1680032596,10,0,0.014,-0.009000000000000001,-0.016,0.054,0.0,0.0086,0.0,7.4,0.1332,46152.0,0.0063,0.1665,7025.0,45732.0,0.0086
1680037684,10,0,-0.02,0.076,-0.007,0.053,0.0,0.0085,0.0,7.4,0.1338,46296.0,0.0063,0.1665,12113.0,45732.0,0.0085
1680041988,10,0,0.013000000000000001,0.044,-0.005,0.054,0.0,0.0083,0.0,7.4,0.1336,46296.0,0.0063,0.1665,16417.0,46012.0,0.0083
1680046039,10,0,-0.024,0.09,0.003,0.053,0.0,0.007,0.0,7.4,0.1342,46296.0,0.005,0.1665,20468.0,45872.0,0.007
1680048567,10,0,-0.012,-0.036000000000000004,0.002,0.053,0.0,0.0064,0.0,7.4,0.1342,46152.0,0.005,0.1665,22996.0,45732.0,0.0064
1680052594,10,0,0.007,0.096,-0.009000000000000001,0.053,0.0,0.009000000000000001,0.0,7.4,0.1341,46152.0,0.007500000000000001,0.1665,0.0,45456.0,0.009000000000000001
1680057571,10,0,-0.026000000000000002,0.023,-0.006,0.052000000000000005,0.0,0.0097,0.0,7.4,0.1348,45872.0,0.007500000000000001,0.1665,4977.0,45732.0,0.0097
1680062001,10,0,-0.004,0.139,0.004,0.052000000000000005,0.0,0.0078000000000000005,0.0,7.4,0.1348,46152.0,0.0063,0.1665,9407.0,45872.0,0.0078000000000000005
1680066050,10,0,-0.012,-0.023,0.009000000000000001,0.051000000000000004,0.0,0.0066,0.0,7.4,0.1353,46012.0,0.005,0.1665,13456.0,45732.0,0.0066
1680068566,10,0,0.017,-0.035,0.005,0.051000000000000004,0.0,0.006500000000000001,0.0,7.4,0.1351,46440.0,0.005,0.1665,15972.0,45732.0,0.006500000000000001
1680072594,10,0,-0.009000000000000001,0.14400000000000002,-0.005,0.051000000000000004,0.0,0.007,0.0,7.4,0.1355,46296.0,0.005,0.1665,20000.0,45592.0,0.007
1680077009,10,0,0.015,-0.049,-0.012,0.051000000000000004,0.0,0.009000000000000001,0.0,7.4,0.1355,46152.0,0.007500000000000001,0.1665,24415.0,45592.0,0.009000000000000001
1680081061,10,0,-0.008,0.135,0.018000000000000002,0.05,0.0,0.0106,0.0,7.4,0.13570000000000002,46152.0,0.0088,0.1665,0.0,45872.0,0.0106
1680086060,10,0,0.019,-0.07,0.001,0.05,0.0,0.0146,0.0,7.4,0.13570000000000002,45872.0,0.011300000000000001,0.1665,4999.0,45592.0,0.0146
1680090149,10,0,-0.008,0.097,-0.008,0.05,0.0,0.021500000000000002,0.0,7.4,0.13570000000000002,46296.0,0.0176,0.1665,9088.0,45732.0,0.021500000000000002
1680092594,10,0,-0.022,0.032,-0.009000000000000001,0.05,0.0,0.022000000000000002,0.0,7.4,0.1359,46152.0,0.0176,0.1665,11533.0,45732.0,0.022000000000000002
1680097020,10,0,0.024,-0.012,-0.01,0.05,0.0,0.025900000000000003,0.0,7.4,0.1356,46152.0,0.0201,0.1665,15959.0,45732.0,0.025900000000000003
1680101071,10,0,-0.016,0.036000000000000004,0.008,0.05,0.0,0.026000000000000002,0.0,7.4,0.136,46012.0,0.021400000000000002,0.1665,20010.0,45732.0,0.026000000000000002
1680106076,10,0,0.023,-0.029,-0.015,0.05,0.0,0.026600000000000002,0.0,7.4,0.13570000000000002,46152.0,0.021400000000000002,0.1665,25015.0,45456.0,0.026600000000000002
1680108568,10,0,-0.001,0.068,-0.014,0.05,0.0,0.026600000000000002,0.0,7.4,0.1358,46296.0,0.021400000000000002,0.1665,0.0,45872.0,0.026600000000000002
1680112595,10,0,-0.001,-0.058,-0.004,0.05,0.0,0.0264,0.0,7.4,0.1361,46296.0,0.021400000000000002,0.1665,4027.0,45872.0,0.0264
1680117035,10,0,0.008,0.07100000000000001,0.015,0.05,0.0,0.023100000000000002,0.0,7.4,0.136,46012.0,0.0189,0.1665,8467.0,45872.0,0.023100000000000002
1680121571,10,0,-0.017,-0.006,0.015,0.049,0.0,0.0263,0.0,7.4,0.1363,46152.0,0.021400000000000002,0.1665,13003.0,45732.0,0.0263
1680126089,10,0,0.009000000000000001,0.09,0.007,0.049,0.0,0.018000000000000002,0.0,7.4,0.13620000000000002,46296.0,0.013800000000000002,0.1665,17521.0,45592.0,0.018000000000000002
1680128566,10,0,-0.014,0.062,0.012,0.049,0.0,0.0195,0.0,7.4,0.1364,46012.0,0.0151,0.1665,19998.0,45592.0,0.0195
1680132596,10,0,0.031,-0.052000000000000005,-0.005,0.049,0.0,0.018600000000000002,0.0,7.4,0.13620000000000002,46152.0,0.0151,0.1665,24028.0,45592.0,0.018600000000000002
1680137684,10,0,-0.016,0.09,0.015,0.049,0.0,0.0122,0.0,7.4,0.1366,46296.0,0.010100000000000001,0.1665,0.0,45732.0,0.0122
1680142051,10,0,0.032,-0.01,-0.003,0.049,0.0,0.015700000000000002,0.0,7.4,0.1364,46440.0,0.0126,0.1665,4367.0,45592.0,0.015700000000000002
1680146092,10,0,-0.021,0.097,-0.008,0.048,0.0,0.0146,0.0,7.4,0.1368,46296.0,0.011300000000000001,0.1665,8408.0,45592.0,0.0146
1680148566,10,0,-0.003,-0.035,-0.01,0.048,0.0,0.0142,0.0,7.4,0.1368,45732.0,0.011300000000000001,0.1665,10882.0,45872.0,0.0142
1680152596,10,0,0.013000000000000001,0.061,-0.001,0.049,0.0,0.013300000000000001,0.0,7.4,0.1365,46012.0,0.010100000000000001,0.1665,14912.0,45592.0,0.013300000000000001
1680157059,10,0,-0.002,-0.029,0.012,0.048,0.0,0.012400000000000001,0.0,7.4,0.1369,46152.0,0.010100000000000001,0.1665,19375.0,45872.0,0.012400000000000001
1680161110,10,0,0.016,0.053,0.002,0.049,0.0,0.0135,0.0,7.4,0.13670000000000002,46152.0,0.011300000000000001,0.1665,23426.0,45732.0,0.0135
1680166114,10,0,0.004,-0.032,-0.011,0.048,0.0,0.0146,0.0,7.4,0.13720000000000002,46296.0,0.011300000000000001,0.1665,0.0,45732.0,0.0146
1680168568,10,0,0.024,-0.083,-0.016,0.048,0.0,0.0142,0.0,7.4,0.1369,46152.0,0.011300000000000001,0.1665,2454.0,45592.0,0.0142
1680172595,10,0,-0.018000000000000002,0.147,0.001,0.048,0.0,0.0145,0.0,7.4,0.1371,46152.0,0.011300000000000001,0.1665,6481.0,45592.0,0.0145
1680177071,10,0,0.017,-0.098,-0.002,0.048,0.0,0.0164,0.0,7.4,0.13720000000000002,46012.0,0.0126,0.1665,10957.0,45592.0,0.0164
1680181123,10,0,-0.006,0.136,-0.01,0.048,0.0,0.0196,0.0,7.4,0.1373,46296.0,0.0151,0.1665,15009.0,45872.0,0.0196
1680185572,10,0,0.0,-0.026000000000000002,-0.008,0.047,0.0,0.0166,0.0,7.4,0.1376,46152.0,0.013800000000000002,0.1665,19458.0,45872.0,0.0166
1680190079,10,0,-0.016,0.127,0.002,0.047,0.0,0.0195,0.0,7.4,0.1374,46296.0,0.0151,0.1665,23965.0,45872.0,0.0195
1680194569,10,0,0.005,-0.1,-0.006,0.047,0.0,0.0228,0.0,7.4,0.1376,46296.0,0.0176,0.1665,0.0,46012.0,0.0228
1680197086,10,0,0.006,0.003,-0.004,0.048,0.0,0.0238,0.0,7.4,0.13720000000000002,46012.0,0.0189,0.1665,2517.0,45872.0,0.0238
1680202087,10,0,-0.008,-0.032,-0.004,0.047,0.0,0.0227,0.0,7.4,0.1378,46152.0,0.0176,0.1665,7518.0,45592.0,0.0227
1680206140,10,0,0.01,0.006,-0.02,0.048,0.0,0.0211,0.0,7.4,0.1373,46152.0,0.0164,0.1665,11571.0,45732.0,0.0211
1680208566,10,0,-0.012,0.132,-0.013000000000000001,0.047,0.0,0.0199,0.0,7.4,0.1376,46012.0,0.0164,0.1665,13997.0,45872.0,0.0199
1680212596,10,0,-0.001,-0.097,0.0,0.047,0.0,0.0219,0.0,7.4,0.1378,46152.0,0.0176,0.1665,18027.0,45872.0,0.0219
1680217572,10,0,-0.003,0.07100000000000001,-0.001,0.047,0.0,0.0245,0.0,7.4,0.1374,46296.0,0.0201,0.1665,23003.0,45872.0,0.0245
1680222103,10,0,0.012,-0.111,-0.015,0.047,0.0,0.0206,0.0,7.4,0.13770000000000002,46012.0,0.0164,0.1665,0.0,45732.0,0.0206
1680226153,10,0,-0.018000000000000002,0.11900000000000001,0.003,0.047,0.0,0.0222,0.0,7.4,0.13770000000000002,46152.0,0.0176,0.1665,4050.0,45872.0,0.0222
1680228569,10,0,-0.018000000000000002,0.08,0.015,0.047,0.0,0.021,0.0,7.4,0.138,46296.0,0.0164,0.1665,6466.0,45732.0,0.021
1680233568,10,0,0.002,-0.038,0.011,0.047,0.0,0.0239,0.0,7.4,0.1376,46296.0,0.0189,0.1665,11465.0,45732.0,0.0239
1680237690,10,0,-0.013000000000000001,0.094,0.02,0.046,0.0,0.0211,0.0,7.4,0.13820000000000002,46440.0,0.0164,0.1665,15587.0,45872.0,0.0211
1680242115,10,0,0.004,-0.049,0.0,0.047,0.0,0.0224,0.0,7.4,0.1378,46012.0,0.0176,0.1665,20012.0,45872.0,0.0224
1680244570,10,0,-0.02,0.089,0.005,0.047,0.0,0.0241,0.0,7.4,0.1378,46012.0,0.0189,0.1665,22467.0,45732.0,0.0241
1680249571,10,0,0.002,-0.046,0.022,0.046,0.0,0.0241,0.0,7.4,0.1381,46152.0,0.0189,0.1665,0.0,45872.0,0.0241
1680254121,10,0,-0.012,0.117,0.002,0.047,0.0,0.0213,0.0,7.4,0.1378,46296.0,0.0176,0.1665,4550.0,45732.0,0.0213
1680258567,10,0,0.011,-0.075,-0.006,0.047,0.0,0.0201,0.0,7.4,0.1379,46152.0,0.0164,0.1665,8996.0,45592.0,0.0201
1680260567,10,0,0.012,-0.054,-0.008,0.047,0.0,0.020300000000000002,0.0,7.4,0.1376,46012.0,0.0164,0.1665,10996.0,45592.0,0.020300000000000002
1680264569,10,0,-0.008,0.117,0.005,0.047,0.0,0.0172,0.0,7.4,0.1379,46152.0,0.013800000000000002,0.1665,14998.0,46012.0,0.0172
1680269130,10,0,0.011,-0.051000000000000004,-0.003,0.047,0.0,0.0164,0.0,7.4,0.13770000000000002,45872.0,0.0126,0.1665,19559.0,45732.0,0.0164
1680273569,10,0,-0.003,0.10400000000000001,0.002,0.047,0.0,0.020900000000000002,0.0,7.4,0.138,45872.0,0.0164,0.1665,23998.0,45592.0,0.020900000000000002
1680277571,10,0,0.021,-0.096,-0.014,0.047,0.0,0.0239,0.0,7.4,0.1378,46012.0,0.0189,0.1665,0.0,45732.0,0.0239
1680282256,10,0,-0.009000000000000001,0.10400000000000001,-0.006,0.046,0.0,0.022600000000000002,0.0,7.4,0.138,46296.0,0.0176,0.1665,4685.0,45592.0,0.022600000000000002
1680284566,10,0,0.006,-0.017,0.0,0.046,0.0,0.0227,0.0,7.4,0.1381,45872.0,0.0176,0.1665,6995.0,45732.0,0.0227
1680289145,10,0,0.002,0.073,0.0,0.047,0.0,0.0204,0.0,7.4,0.1378,46152.0,0.0164,0.1665,11574.0,45732.0,0.0204
1680293806,10,0,0.009000000000000001,-0.009000000000000001,-0.005,0.046,0.0,0.0205,0.0,7.4,0.1383,46152.0,0.0164,0.1665,16235.0,45732.0,0.0205
1680298569,10,0,-0.001,0.061,-0.009000000000000001,0.047,0.0,0.023100000000000002,0.0,7.4,0.138,46152.0,0.0189,0.1665,20998.0,45592.0,0.023100000000000002
1680301198,10,0,0.002,0.06,-0.003,0.046,0.0,0.0251,0.0,7.4,0.1383,46152.0,0.0201,0.1665,23627.0,45732.0,0.0251
1680306203,10,0,0.001,-0.041,-0.003,0.047,0.0,0.0302,0.0,7.4,0.1379,46152.0,0.0239,0.1665,0.0,45592.0,0.0302
1680308569,10,0,-0.013000000000000001,0.099,0.003,0.046,0.0,0.030000000000000002,0.0,7.4,0.138,45872.0,0.0239,0.1665,2366.0,45592.0,0.030000000000000002
1680313572,10,0,0.027,-0.08,-0.009000000000000001,0.046,0.0,0.0262,0.0,7.4,0.1384,46012.0,0.021400000000000002,0.1665,7369.0,45732.0,0.0262
1680318567,10,0,-0.004,0.121,-0.004,0.046,0.0,0.024900000000000002,0.0,7.4,0.1384,46296.0,0.0201,0.1665,12364.0,45872.0,0.024900000000000002
1680321211,10,0,0.025,-0.081,-0.006,0.046,0.0,0.0261,0.0,7.4,0.1386,46296.0,0.021400000000000002,0.1665,15008.0,45872.0,0.0261
1680326215,10,0,-0.007,0.089,0.018000000000000002,0.046,0.0,0.031400000000000004,0.0,7.4,0.1383,46296.0,0.0252,0.1665,20012.0,45732.0,0.031400000000000004
1680328567,10,0,0.008,0.073,0.019,0.046,0.0,0.0317,0.0,7.4,0.1385,46012.0,0.0252,0.1665,22364.0,45592.0,0.0317
1680333569,10,0,0.009000000000000001,-0.053,-0.01,0.046,0.0,0.027,0.0,7.4,0.1381,46012.0,0.021400000000000002,0.1665,0.0,45592.0,0.027
1680338291,10,0,0.011,0.017,0.001,0.045,0.0,0.026000000000000002,0.0,7.4,0.1386,46152.0,0.021400000000000002,0.1665,4722.0,45872.0,0.026000000000000002
1680340567,10,0,0.021,-0.109,-0.004,0.046,0.0,0.025400000000000002,0.0,7.4,0.1385,46012.0,0.0201,0.1665,6998.0,45732.0,0.025400000000000002
1680345572,10,0,-0.014,0.083,0.005,0.046,0.0,0.0279,0.0,7.4,0.1383,46296.0,0.022600000000000002,0.1665,12003.0,45732.0,0.0279
1680350567,10,0,0.015,-0.121,0.003,0.046,0.0,0.030500000000000003,0.0,7.4,0.1384,46152.0,0.0239,0.1665,16998.0,45732.0,0.030500000000000003
1680352567,10,0,-0.004,-0.002,0.005,0.046,0.0,0.031100000000000003,0.0,7.4,0.13820000000000002,46152.0,0.0252,0.1665,18998.0,45872.0,0.031100000000000003
1680357225,10,0,0.01,-0.027,-0.004,0.045,0.0,0.023700000000000002,0.0,7.4,0.13870000000000002,46152.0,0.0189,0.1665,23656.0,45872.0,0.023700000000000002
1680362192,10,0,-0.017,0.065,0.006,0.046,0.0,0.025400000000000002,0.0,7.4,0.1383,46012.0,0.0201,0.1665,0.0,45732.0,0.025400000000000002
1680366284,10,0,0.009000000000000001,-0.026000000000000002,0.015,0.046,0.0,0.027200000000000002,0.0,7.4,0.1386,46296.0,0.021400000000000002,0.1665,4092.0,45732.0,0.027200000000000002
1680368597,10,0,0.01,-0.097,0.008,0.046,0.0,0.0273,0.0,7.4,0.1383,46152.0,0.021400000000000002,0.1665,6405.0,45592.0,0.0273
1680373531,10,0,-0.011,0.101,-0.001,0.046,0.0,0.0241,0.0,7.4,0.1384,46152.0,0.0189,0.1665,11339.0,45592.0,0.0241
1680377572,10,0,0.005,-0.068,-0.011,0.046,0.0,0.0247,0.0,7.4,0.1384,46296.0,0.0201,0.1665,15380.0,45592.0,0.0247
1680382241,10,0,-0.012,0.114,0.01,0.046,0.0,0.020900000000000002,0.0,7.4,0.1383,46296.0,0.0164,0.1665,20049.0,45872.0,0.020900000000000002
1680386290,10,0,-0.001,-0.099,-0.002,0.046,0.0,0.0252,0.0,7.4,0.13820000000000002,46152.0,0.0201,0.1665,24098.0,45456.0,0.0252
1680388595,10,0,-0.013000000000000001,-0.025,-0.007,0.047,0.0,0.0264,0.0,7.4,0.1379,46012.0,0.021400000000000002,0.1665,0.0,45732.0,0.0264
1680393532,10,0,0.004,0.014,-0.011,0.046,0.0,0.0233,0.0,7.4,0.1384,46012.0,0.0189,0.1665,4937.0,45592.0,0.0233
1680397532,10,0,-0.016,-0.017,-0.012,0.047,0.0,0.0204,0.0,7.4,0.1379,46012.0,0.0164,0.1665,8937.0,45732.0,0.0204
1680402212,10,0,0.005,0.033,0.004,0.046,0.0,0.0182,0.0,7.4,0.1385,46296.0,0.0151,0.1665,13617.0,45732.0,0.0182
1680406311,10,0,-0.014,-0.029,-0.001,0.046,0.0,0.0199,0.0,7.4,0.1381,46296.0,0.0164,0.1665,17716.0,45732.0,0.0199
1680408597,10,0,-0.023,0.106,0.001,0.046,0.0,0.0212,0.0,7.4,0.13820000000000002,46152.0,0.0176,0.1665,20002.0,45592.0,0.0212
1680413530,10,0,0.017,-0.081,-0.016,0.046,0.0,0.020200000000000003,0.0,7.4,0.1386,46012.0,0.0164,0.1665,24935.0,45456.0,0.020200000000000003
1680417531,10,0,-0.018000000000000002,0.106,-0.003,0.046,0.0,0.0193,0.0,7.4,0.1385,46296.0,0.0151,0.1665,0.0,45592.0,0.0193
1680422267,10,0,0.006,-0.081,0.004,0.045,0.0,0.0205,0.0,7.4,0.1388,46152.0,0.0164,0.1665,4736.0,45732.0,0.0205
1680424568,10,0,-0.013000000000000001,-0.05,0.003,0.046,0.0,0.023,0.0,7.4,0.1386,46296.0,0.0189,0.1665,7037.0,45732.0,0.023
1680429269,10,0,0.011,0.042,-0.006,0.045,0.0,0.0244,0.0,7.4,0.1391,46012.0,0.0201,0.1665,11738.0,45592.0,0.0244
1680433531,10,0,-0.003,-0.057,-0.015,0.044,-2.67,0.024,0.0,7.4,0.1388,46152.0,0.0189,0.1658,16000.0,45872.0,0.024
1680437684,10,0,-0.013000000000000001,0.101,0.012,0.039,-2.67,0.022600000000000002,0.0,7.4,0.1391,46152.0,0.0176,0.163,20153.0,45732.0,0.022600000000000002
1680442396,10,0,0.002,-0.07200000000000001,0.008,0.034,-2.67,0.0228,0.0,7.4,0.1389,46152.0,0.0189,0.1595,24865.0,45456.0,0.0228
1680444531,10,0,-0.009000000000000001,0.048,0.004,0.031,-2.67,0.0252,0.0,7.4,0.1389,46296.0,0.0201,0.15810000000000002,0.0,45872.0,0.0252
1680449530,10,0,0.017,-0.079,-0.006,0.025,-2.67,0.023200000000000002,0.0,7.4,0.13920000000000002,46012.0,0.0189,0.15460000000000002,4999.0,45732.0,0.023200000000000002
1680454287,10,0,-0.008,0.067,-0.001,0.02,-2.67,0.024200000000000003,0.0,7.4,0.1389,46012.0,0.0189,0.1511,9756.0,45592.0,0.024200000000000003
1680456334,10,0,0.01,0.052000000000000005,0.008,0.017,-2.67,0.0207,0.0,7.4,0.13920000000000002,46296.0,0.0164,0.1497,11803.0,45732.0,0.0207
1680460567,10,0,0.005,-0.08600000000000001,-0.001,0.013000000000000001,-2.67,0.019100000000000002,0.0,7.4,0.1389,46296.0,0.0151,0.14700000000000002,16036.0,45592.0,0.019100000000000002
1680465300,10,0,0.02,0.048,0.003,0.007,-2.67,0.0193,0.0,7.4,0.1391,46296.0,0.0151,0.14350000000000002,20769.0,45732.0,0.0193
1680469531,10,0,0.001,-0.076,-0.011,0.003,-2.67,0.014700000000000001,0.0,7.4,0.1389,46440.0,0.011300000000000001,0.14070000000000002,25000.0,45592.0,0.014700000000000001
1680474433,10,0,0.012,0.066,-0.003,-0.003,-2.67,0.0089,0.0,7.4,0.13920000000000002,46152.0,0.0076,0.13720000000000002,0.0,45592.0,0.0089
1680476530,10,0,0.014,-0.025,-0.001,-0.006,-2.67,0.0074,0.0,7.4,0.13920000000000002,46296.0,0.0063,0.1358,2097.0,45732.0,0.0074
1680480567,10,0,0.007,0.032,0.015,-0.01,-2.67,0.0007,0.0,7.4,0.139,46296.0,0.0,0.133,6134.0,45592.0,0.0007
1680485306,10,0,0.008,-0.031,0.006,-0.016,-2.67,0.0036000000000000003,0.0,7.4,0.1393,46152.0,0.0025,0.1295,10873.0,45872.0,0.0036000000000000003
1680490272,10,0,0.0,0.073,-0.001,-0.021,-2.67,-0.0002,0.0,7.4,0.139,46296.0,0.0,0.126,15839.0,45872.0,-0.0002
1680494313,10,0,0.009000000000000001,-0.015,0.004,-0.026000000000000002,-2.67,-0.0043,0.0,7.4,0.1393,46152.0,-0.0038,0.1232,19880.0,46012.0,-0.0043
1680496359,10,0,0.006,-0.063,0.004,-0.028,-2.67,-0.0064,0.0,7.4,0.1391,46012.0,-0.005,0.1218,21926.0,45592.0,-0.0064
1680500568,10,0,0.006,0.114,0.011,-0.033,-2.67,-0.01,0.0,7.4,0.1391,45872.0,-0.0076,0.11900000000000001,0.0,45732.0,-0.01
1680505573,10,0,0.011,-0.054,-0.007,-0.039,-2.67,-0.011600000000000001,0.0,7.4,0.1393,45872.0,-0.0088,0.1155,5005.0,45732.0,-0.011600000000000001
1680508318,10,0,-0.004,0.068,-0.014,-0.042,-2.67,-0.0099,0.0,7.4,0.1391,46296.0,-0.0076,0.1134,7750.0,45732.0,-0.0099
1680512324,10,0,0.011,0.004,-0.001,-0.047,-2.67,-0.0135,0.0,7.4,0.1394,46012.0,-0.011300000000000001,0.1107,11756.0,45592.0,-0.0135
1680516567,10,0,-0.007,-0.024,0.002,-0.051000000000000004,-2.67,-0.0081,0.0,7.4,0.139,46012.0,-0.0063,0.10790000000000001,15999.0,45872.0,-0.0081
1680521374,10,0,0.018000000000000002,-0.003,-0.002,-0.057,-2.67,-0.0074,0.0,7.4,0.1393,46152.0,-0.0063,0.1044,20806.0,45592.0,-0.0074
1680525530,10,0,-0.005,-0.035,-0.006,-0.061,-2.67,-0.0103,0.0,7.4,0.1389,46012.0,-0.0088,0.10160000000000001,24962.0,45592.0,-0.0103
1680529530,10,0,0.013000000000000001,0.049,-0.015,-0.066,-2.67,-0.0109,0.0,7.41,0.1391,46012.0,-0.0088,0.0988,0.0,45592.0,-0.0109
1680532335,10,0,-0.008,-0.074,-0.012,-0.069,-2.67,-0.012,0.0,7.41,0.139,46440.0,-0.010100000000000001,0.09670000000000001,2805.0,45732.0,-0.012
1680536382,10,0,0.005,0.043000000000000003,-0.002,-0.073,-2.67,-0.0134,0.0,7.41,0.1388,46012.0,-0.011300000000000001,0.09390000000000001,6852.0,45592.0,-0.0134
1680541385,10,0,-0.001,-0.031,-0.008,-0.08,-2.67,-0.0229,0.0,7.41,0.13920000000000002,46296.0,-0.0189,0.09040000000000001,11855.0,45592.0,-0.0229
1680545531,10,0,0.005,0.023,-0.018000000000000002,-0.084,-2.67,-0.022500000000000003,0.0,7.41,0.1393,45872.0,-0.0176,0.0876,16001.0,45872.0,-0.022500000000000003
1680548346,10,0,0.002,0.009000000000000001,-0.018000000000000002,-0.088,-2.67,-0.015300000000000001,0.0,7.41,0.1396,46152.0,-0.0126,0.0855,18816.0,45592.0,-0.015300000000000001
1680552349,10,0,-0.012,-0.059000000000000004,-0.009000000000000001,-0.093,-2.67,-0.017400000000000002,0.0,7.41,0.1395,46296.0,-0.013800000000000002,0.08270000000000001,22819.0,45592.0,-0.017400000000000002
1680556396,10,0,0.011,0.03,0.004,-0.098,-2.67,-0.0189,0.0,7.41,0.1398,46152.0,-0.0151,0.0799,0.0,45456.0,-0.0189
1680560530,10,0,-0.017,-0.074,-0.004,-0.10200000000000001,-2.67,-0.0195,0.0,7.41,0.13970000000000002,46152.0,-0.0151,0.0771,4134.0,45592.0,-0.0195
1680565361,10,0,0.003,0.041,-0.007,-0.108,-2.67,-0.0262,0.0,7.41,0.1398,46152.0,-0.021400000000000002,0.0737,8965.0,45592.0,-0.0262
1680569530,10,0,-0.022,-0.083,0.0,-0.112,-2.67,-0.024,0.0,7.41,0.13970000000000002,46152.0,-0.0189,0.0709,13134.0,45872.0,-0.024
1680572363,10,0,-0.005,0.019,0.019,-0.115,-2.67,-0.0261,0.0,7.41,0.1395,46152.0,-0.021400000000000002,0.0688,15967.0,45732.0,-0.0261
1680576529,10,0,-0.012,-0.034,0.02,-0.12,-2.67,-0.028300000000000002,0.0,7.41,0.1396,46152.0,-0.0227,0.066,20133.0,45732.0,-0.028300000000000002
1680581410,10,0,0.002,-0.015,0.0,-0.125,-2.67,-0.0213,0.0,7.41,0.1391,46012.0,-0.0176,0.0625,25014.0,45872.0,-0.0213
1680585529,10,0,-0.004,-0.049,0.004,-0.126,0.0,-0.0213,0.0,7.41,0.1391,46012.0,-0.0176,0.0618,0.0,45732.0,-0.0213
1680590373,10,0,-0.004,-0.053,0.014,-0.125,0.0,-0.0129,0.0,7.41,0.1384,46152.0,-0.010100000000000001,0.0618,4844.0,45592.0,-0.0129
1680592374,10,0,0.012,-0.011,0.011,-0.125,0.0,-0.0122,0.0,7.41,0.1384,46152.0,-0.010100000000000001,0.0618,6845.0,45872.0,-0.0122
1680596424,10,0,-0.016,-0.117,0.009000000000000001,-0.124,0.0,-0.013000000000000001,0.0,7.41,0.1381,46296.0,-0.010100000000000001,0.0618,10895.0,45872.0,-0.013000000000000001
1680600529,10,0,0.012,-0.027,0.012,-0.124,0.0,-0.0132,0.0,7.41,0.1376,46152.0,-0.010100000000000001,0.0618,15000.0,45732.0,-0.0132
1680605381,10,0,-0.017,-0.088,-0.006,-0.123,0.0,-0.019,0.0,7.41,0.1375,46152.0,-0.0151,0.0618,19852.0,45592.0,-0.019
1680609529,10,0,0.023,-0.004,0.006,-0.123,0.0,-0.024300000000000002,0.0,7.41,0.13720000000000002,46152.0,-0.0189,0.0618,24000.0,45732.0,-0.024300000000000002
1680612385,10,0,0.011,-0.006,0.012,-0.123,0.0,-0.0261,0.0,7.41,0.1373,46152.0,-0.021400000000000002,0.0618,0.0,45872.0,-0.0261
1680616431,10,0,-0.013000000000000001,-0.062,0.001,-0.123,0.0,-0.028200000000000003,0.0,7.41,0.137,46152.0,-0.0227,0.0618,4046.0,45732.0,-0.028200000000000003
1680621437,10,0,0.005,-0.012,-0.005,-0.123,0.0,-0.0247,0.0,7.41,0.137,46152.0,-0.0201,0.0618,9052.0,45456.0,-0.0247
1680625529,10,0,-0.01,-0.073,-0.014,-0.122,0.0,-0.0245,0.0,7.41,0.1366,46152.0,-0.0201,0.0618,13144.0,45732.0,-0.0245
1680629529,10,0,0.014,0.021,0.005,-0.122,0.0,-0.0261,0.0,7.41,0.1365,46296.0,-0.021400000000000002,0.0618,17144.0,45592.0,-0.0261
1680633534,10,0,-0.019,-0.10200000000000001,-0.001,-0.121,0.0,-0.0229,0.0,7.41,0.1363,46012.0,-0.0189,0.0618,21149.0,45592.0,-0.0229
1680636449,10,0,0.019,-0.011,-0.011,-0.121,0.0,-0.022600000000000002,0.0,7.41,0.136,46152.0,-0.0176,0.0618,24064.0,45592.0,-0.022600000000000002
1680640529,10,0,-0.002,-0.043000000000000003,-0.018000000000000002,-0.121,0.0,-0.0239,0.0,7.41,0.1361,46152.0,-0.0189,0.0618,0.0,45732.0,-0.0239
1680645407,10,0,0.021,-0.018000000000000002,-0.017,-0.12,0.0,-0.0224,0.0,7.41,0.13570000000000002,46152.0,-0.0176,0.0618,4878.0,45592.0,-0.0224
1680649528,10,0,-0.01,-0.044,0.001,-0.121,0.0,-0.0217,0.0,7.41,0.1358,46152.0,-0.0176,0.0618,8999.0,45732.0,-0.0217
1680653529,10,0,0.003,-0.08,-0.001,-0.12,0.0,-0.019100000000000002,0.0,7.41,0.1353,46012.0,-0.0151,0.0618,13000.0,45592.0,-0.019100000000000002
1680656460,10,0,0.018000000000000002,0.01,-0.004,-0.12,0.0,-0.017400000000000002,0.0,7.41,0.1353,46152.0,-0.013800000000000002,0.0618,15931.0,45732.0,-0.017400000000000002
1680660529,10,0,-0.014,-0.127,0.001,-0.11900000000000001,0.0,-0.0152,0.0,7.41,0.1351,46012.0,-0.0126,0.0618,20000.0,45732.0,-0.0152
1680665419,10,0,0.019,-0.003,0.002,-0.11900000000000001,0.0,-0.012,0.0,7.41,0.13470000000000001,46012.0,-0.010100000000000001,0.0618,24890.0,45732.0,-0.012
1680670421,10,0,-0.011,-0.134,0.007,-0.11800000000000001,0.0,-0.0122,0.0,7.41,0.1343,46296.0,-0.010100000000000001,0.0618,0.0,45872.0,-0.0122
1680672423,10,0,0.011,-0.073,0.009000000000000001,-0.11800000000000001,0.0,-0.011300000000000001,0.0,7.41,0.1341,46152.0,-0.0088,0.0618,2002.0,45456.0,-0.011300000000000001
1680676472,10,0,0.004,-0.049,0.005,-0.11800000000000001,0.0,-0.01,0.0,7.41,0.1341,46012.0,-0.0076,0.0618,6051.0,45592.0,-0.01
1680681474,10,0,0.015,-0.094,-0.009000000000000001,-0.117,0.0,-0.006900000000000001,0.0,7.41,0.1335,46152.0,-0.005,0.0618,11053.0,45592.0,-0.006900000000000001
1680686479,10,0,-0.016,-0.107,0.001,-0.117,0.0,-0.0031000000000000003,0.0,7.41,0.1333,46296.0,-0.0025,0.0618,16058.0,45732.0,-0.0031000000000000003
1680688557,10,0,-0.014,-0.171,0.004,-0.116,0.0,-0.0016,0.0,7.41,0.133,46152.0,-0.0013000000000000002,0.0618,18136.0,45592.0,-0.0016
1680693529,10,0,0.015,-0.037,0.001,-0.115,0.0,0.0019,0.0,7.41,0.1325,46440.0,0.0013000000000000002,0.0618,23108.0,45872.0,0.0019
1680696485,10,0,-0.015,-0.153,-0.011,-0.115,0.0,0.0018000000000000002,0.0,7.41,0.1322,46152.0,0.0013000000000000002,0.0618,0.0,45456.0,0.0018000000000000002
1680701488,10,0,0.024,-0.041,-0.012,-0.114,0.0,0.0012000000000000001,0.0,7.41,0.1315,46012.0,0.0013000000000000002,0.0618,5003.0,45592.0,0.0012000000000000001
1680705528,10,0,-0.028,-0.14300000000000002,0.006,-0.113,0.0,0.0004,0.0,7.41,0.1313,46012.0,0.0,0.0618,9043.0,45732.0,0.0004
1680709529,10,0,0.024,-0.095,0.013000000000000001,-0.112,0.0,0.0039000000000000003,0.0,7.41,0.1305,46152.0,0.0025,0.0618,13044.0,45592.0,0.0039000000000000003
1680714450,10,0,-0.023,-0.146,0.006,-0.112,0.0,0.0058000000000000005,0.0,7.41,0.1302,45872.0,0.005,0.0618,17965.0,45456.0,0.0058000000000000005
1680716496,10,0,-0.01,-0.182,0.0,-0.111,0.0,0.0063,0.0,7.41,0.1298,46296.0,0.005,0.0618,20011.0,45732.0,0.0063
1680720529,10,0,0.018000000000000002,-0.037,-0.002,-0.11,0.0,0.005200000000000001,0.0,7.41,0.1293,46296.0,0.0038,0.0618,24044.0,45732.0,0.005200000000000001
1680725456,10,0,-0.012,-0.181,0.021,-0.109,0.0,0.0051,0.0,7.41,0.1287,45872.0,0.0038,0.0618,0.0,45732.0,0.0051
1680729461,10,0,0.018000000000000002,-0.03,0.015,-0.108,0.0,0.0039000000000000003,0.0,7.41,0.1282,46012.0,0.0038,0.0618,4005.0,45592.0,0.0039000000000000003
1680734462,10,0,-0.013000000000000001,-0.194,-0.001,-0.107,0.0,0.0073,0.0,7.41,0.12760000000000002,46012.0,0.0063,0.0618,9006.0,45872.0,0.0073
1680736512,10,0,0.015,-0.136,-0.007,-0.107,0.0,0.0105,0.0,7.41,0.1272,46296.0,0.0088,0.0618,11056.0,45592.0,0.0105
1680740528,10,0,-0.014,-0.08,0.001,-0.106,0.0,0.0117,0.0,7.41,0.1269,46296.0,0.0088,0.0618,15072.0,45592.0,0.0117
1680745466,10,0,0.017,-0.139,0.008,-0.105,0.0,0.0095,0.0,7.41,0.126,46296.0,0.0076,0.0618,20010.0,45592.0,0.0095
1680749475,10,0,-0.012,-0.062,-0.002,-0.10400000000000001,0.0,0.0088,0.0,7.41,0.1258,46152.0,0.0076,0.0618,24019.0,45592.0,0.0088
1680753528,10,0,0.005,-0.191,-0.018000000000000002,-0.10300000000000001,0.0,0.010700000000000001,0.0,7.41,0.12510000000000002,46296.0,0.0088,0.0618,0.0,45592.0,0.010700000000000001
1680757528,10,0,0.0,-0.034,-0.014,-0.10300000000000001,0.0,0.0109,0.0,7.41,0.1247,46012.0,0.0088,0.0618,4000.0,45592.0,0.0109
1680762576,10,0,-0.021,-0.20800000000000002,-0.009000000000000001,-0.10200000000000001,0.0,0.0137,0.0,7.41,0.12430000000000001,46152.0,0.011300000000000001,0.0618,9048.0,45732.0,0.0137
1680765480,10,0,0.011,-0.065,-0.002,-0.101,0.0,0.015600000000000001,0.0,7.41,0.1236,46296.0,0.0126,0.0618,11952.0,45592.0,0.015600000000000001
1680769497,10,0,-0.036000000000000004,-0.132,0.0,-0.101,0.0,0.0081,0.0,7.41,0.12350000000000001,46152.0,0.0063,0.0618,15969.0,45732.0,0.0081
1680774488,10,0,0.027,-0.069,-0.018000000000000002,-0.099,0.0,0.0091,0.0,7.41,0.1228,46152.0,0.0076,0.0618,20960.0,45732.0,0.0091
1680776554,10,0,-0.01,-0.038,-0.013000000000000001,-0.099,0.0,0.0092,0.0,7.41,0.1228,46152.0,0.0076,0.0618,23026.0,45732.0,0.0092
1680781550,10,0,0.012,-0.17,0.004,-0.099,0.0,0.0095,0.0,7.41,0.1222,46296.0,0.0076,0.0618,0.0,45592.0,0.0095
1680784497,10,0,0.007,-0.06,0.011,-0.098,0.0,0.011600000000000001,0.0,7.41,0.12190000000000001,46152.0,0.0088,0.0618,2947.0,45732.0,0.011600000000000001
1680788649,10,0,-0.033,-0.14100000000000001,0.01,-0.098,0.0,0.010400000000000001,0.0,7.41,0.1216,45872.0,0.0088,0.0618,7099.0,45732.0,0.010400000000000001
1680794578,10,0,0.011,-0.053,-0.005,-0.096,0.0,0.0058000000000000005,0.0,7.41,0.12090000000000001,46296.0,0.005,0.0618,13028.0,45732.0,0.0058000000000000005
1680797505,10,0,-0.033,-0.125,0.012,-0.096,0.0,0.008,0.0,7.41,0.1207,46296.0,0.0063,0.0618,15955.0,45592.0,0.008
1680801557,10,0,0.025,-0.131,0.013000000000000001,-0.095,0.0,0.014,0.0,7.41,0.1199,46152.0,0.011300000000000001,0.0618,20007.0,45872.0,0.014
1680804511,10,0,-0.028,-0.084,0.019,-0.094,0.0,0.021500000000000002,0.0,7.41,0.1197,46296.0,0.0176,0.0618,22961.0,45456.0,0.021500000000000002
1680809516,10,0,0.024,-0.171,0.0,-0.093,0.0,0.019200000000000002,0.0,7.41,0.1188,46152.0,0.0151,0.0618,0.0,45592.0,0.019200000000000002
1680814517,10,0,-0.033,-0.115,0.0,-0.092,0.0,0.0223,0.0,7.41,0.1183,46296.0,0.0176,0.0618,5001.0,45592.0,0.0223
1680816565,10,0,-0.017,-0.198,0.002,-0.091,0.0,0.0241,0.0,7.41,0.1179,46296.0,0.0189,0.0618,7049.0,45592.0,0.0241
1680821565,10,0,0.006,-0.067,0.01,-0.09,0.0,0.023200000000000002,0.0,7.41,0.11710000000000001,46152.0,0.0189,0.0618,12049.0,45456.0,0.023200000000000002
1680824523,10,0,-0.02,-0.188,0.01,-0.09,0.0,0.0296,0.0,7.41,0.1168,46152.0,0.0239,0.0618,15007.0,45872.0,0.0296
1680829526,10,0,0.026000000000000002,-0.074,-0.013000000000000001,-0.088,0.0,0.0246,0.0,7.41,0.1158,46152.0,0.0201,0.0618,20010.0,45592.0,0.0246
1680834532,10,0,-0.006,-0.215,-0.006,-0.08700000000000001,0.0,0.0216,0.0,7.41,0.1154,46152.0,0.0176,0.0618,25016.0,45872.0,0.0216
1680836579,10,0,0.028,-0.199,-0.004,-0.08700000000000001,0.0,0.0245,0.0,7.41,0.1148,46152.0,0.0201,0.0618,0.0,45732.0,0.0245
1680841588,10,0,-0.015,-0.10300000000000001,0.013000000000000001,-0.08600000000000001,0.0,0.026600000000000002,0.0,7.41,0.1145,46296.0,0.021400000000000002,0.0618,5009.0,45456.0,0.026600000000000002
1680844536,10,0,0.019,-0.232,-0.002,-0.085,0.0,0.0238,0.0,7.41,0.1139,46012.0,0.0189,0.0618,7957.0,45592.0,0.0238
1680848782,10,0,0.009000000000000001,-0.026000000000000002,-0.01,-0.084,0.0,0.0228,0.0,7.41,0.11330000000000001,46152.0,0.0189,0.0618,12203.0,45592.0,0.0228
1680854544,10,0,0.033,-0.197,-0.003,-0.083,0.0,0.019,0.0,7.41,0.1126,46152.0,0.0151,0.0618,17965.0,45732.0,0.019
1680856592,10,0,0.018000000000000002,-0.084,0.01,-0.082,0.0,0.0221,0.0,7.41,0.11230000000000001,46152.0,0.0176,0.0618,20013.0,45592.0,0.0221
1680862548,10,0,0.019,-0.20700000000000002,0.001,-0.082,0.0,0.018600000000000002,0.0,7.41,0.11180000000000001,46012.0,0.0151,0.0618,25969.0,45732.0,0.018600000000000002
1680864549,10,0,0.033,-0.155,-0.004,-0.081,0.0,0.0204,0.0,7.41,0.1114,46012.0,0.0164,0.0618,0.0,45592.0,0.0204
1680869580,10,0,-0.02,-0.10400000000000001,-0.005,-0.081,0.0,0.0204,0.0,7.41,0.11120000000000001,45872.0,0.0164,0.0618,5031.0,45456.0,0.0204
1680874555,10,0,0.021,-0.099,0.007,-0.079,0.0,0.02,0.0,7.41,0.1101,46152.0,0.0164,0.0618,10006.0,45592.0,0.02
1680876604,10,0,-0.005,-0.026000000000000002,0.014,-0.079,0.0,0.0224,0.0,7.41,0.1101,46152.0,0.0176,0.0618,12055.0,45592.0,0.0224
1680881607,10,0,0.016,-0.20800000000000002,0.004,-0.078,0.0,0.022600000000000002,0.0,7.41,0.10940000000000001,46152.0,0.0176,0.0618,17058.0,45456.0,0.022600000000000002
1680884563,10,0,0.015,-0.037,-0.005,-0.077,0.0,0.020900000000000002,0.0,7.41,0.109,46012.0,0.0164,0.0618,20014.0,45872.0,0.020900000000000002
1680888660,10,0,-0.014,-0.184,-0.011,-0.077,0.0,0.0256,0.0,7.41,0.10880000000000001,46152.0,0.0201,0.0618,24111.0,45732.0,0.0256
1680893567,10,0,0.002,-0.042,0.002,-0.075,0.0,0.025900000000000003,0.0,7.41,0.1078,45872.0,0.0201,0.0618,0.0,45456.0,0.025900000000000003
1680897574,10,0,-0.015,-0.169,0.008,-0.075,0.0,0.0233,0.0,7.41,0.1077,46152.0,0.0189,0.0618,4007.0,45592.0,0.0233
1680900573,10,0,0.03,-0.177,-0.012,-0.074,0.0,0.0238,0.0,7.41,0.10700000000000001,46152.0,0.0189,0.0618,7006.0,45732.0,0.0238
1680904575,10,0,-0.014,-0.024,-0.007,-0.074,0.0,0.0227,0.0,7.41,0.10690000000000001,46296.0,0.0176,0.0618,11008.0,45872.0,0.0227
1680909577,10,0,0.022,-0.19,-0.001,-0.07200000000000001,0.0,0.0252,0.0,7.41,0.10600000000000001,46152.0,0.0201,0.0618,16010.0,45592.0,0.0252
1680914578,10,0,-0.012,-0.058,0.011,-0.07200000000000001,0.0,0.0206,0.0,7.41,0.10590000000000001,46012.0,0.0164,0.0618,21011.0,45456.0,0.0206
1680916627,10,0,0.011,-0.20500000000000002,0.009000000000000001,-0.07100000000000001,0.0,0.02,0.0,7.41,0.10550000000000001,46152.0,0.0164,0.0618,23060.0,45732.0,0.02
1680921632,10,0,-0.011,0.007,0.007,-0.07,0.0,0.022600000000000002,0.0,7.41,0.1048,46152.0,0.0176,0.0618,0.0,45316.0,0.022600000000000002
1680926635,10,0,0.015,-0.229,-0.004,-0.069,0.0,0.0218,0.0,7.41,0.1043,46012.0,0.0176,0.0618,5003.0,45732.0,0.0218
1680929590,10,0,-0.009000000000000001,-0.031,-0.006,-0.069,0.0,0.0194,0.0,7.41,0.1039,46012.0,0.0151,0.0618,7958.0,45732.0,0.0194
1680934594,10,0,0.002,-0.198,0.005,-0.068,0.0,0.019,0.0,7.41,0.1037,46152.0,0.0151,0.0618,12962.0,45592.0,0.019
1680936641,10,0,0.012,-0.20600000000000002,0.004,-0.068,0.0,0.0216,0.0,7.41,0.1032,46152.0,0.0176,0.0618,15009.0,45872.0,0.0216
1680941639,10,0,-0.011,-0.015,0.002,-0.067,0.0,0.0184,0.0,7.41,0.10310000000000001,46296.0,0.0151,0.0618,20007.0,45592.0,0.0184
1680944600,10,0,0.016,-0.20600000000000002,-0.013000000000000001,-0.067,0.0,0.014100000000000001,0.0,7.41,0.1027,46012.0,0.011300000000000001,0.0618,22968.0,45732.0,0.014100000000000001
1680949602,10,0,-0.027,0.024,0.007,-0.066,0.0,0.0188,0.0,7.41,0.1022,46012.0,0.0151,0.0618,0.0,45732.0,0.0188
1680954574,10,0,0.005,-0.202,0.015,-0.065,0.0,0.0171,0.0,7.41,0.1019,45872.0,0.013900000000000001,0.0618,4972.0,45592.0,0.0171
1680956647,10,0,-0.006,-0.049,0.014,-0.064,0.0,0.0148,0.0,7.41,0.1013,46296.0,0.011300000000000001,0.0618,7045.0,45456.0,0.0148
1680961658,10,0,0.001,-0.159,-0.001,-0.064,0.0,0.0178,0.0,7.41,0.1012,46012.0,0.013900000000000001,0.0618,12056.0,45732.0,0.0178
1680964612,10,0,0.008,-0.14300000000000002,-0.006,-0.063,0.0,0.0175,0.0,7.41,0.10060000000000001,46012.0,0.013900000000000001,0.0618,15010.0,45592.0,0.0175
1680969618,10,0,-0.012,-0.057,0.006,-0.063,0.0,0.0143,0.0,7.41,0.10070000000000001,46296.0,0.011300000000000001,0.0618,20016.0,45732.0,0.0143
1680974618,10,0,-0.004,-0.066,0.001,-0.062,0.0,0.0158,0.0,7.41,0.09970000000000001,46152.0,0.0126,0.0618,25016.0,45592.0,0.0158
1680976666,10,0,-0.018000000000000002,0.04,0.005,-0.062,0.0,0.0161,0.0,7.41,0.0998,46012.0,0.0126,0.0618,0.0,45732.0,0.0161
1680981669,10,0,0.014,-0.192,-0.015,-0.061,0.0,0.0142,0.0,7.41,0.0993,46296.0,0.011300000000000001,0.0618,5003.0,45592.0,0.0142
1680984624,10,0,-0.016,0.013000000000000001,-0.01,-0.061,0.0,0.0122,0.0,7.41,0.099,46152.0,0.010100000000000001,0.0618,7958.0,45592.0,0.0122
1680990630,10,0,0.019,-0.199,-0.003,-0.06,0.0,0.014100000000000001,0.0,7.41,0.0988,46296.0,0.011300000000000001,0.0618,13964.0,45592.0,0.014100000000000001
1680992630,10,0,-0.004,-0.074,-0.001,-0.06,0.0,0.0125,0.0,7.41,0.0985,45872.0,0.010100000000000001,0.0618,15964.0,45456.0,0.0125
1680996683,10,0,-0.001,0.002,-0.001,-0.06,0.0,0.0077,0.0,7.41,0.09870000000000001,46296.0,0.0063,0.0618,20017.0,45592.0,0.0077
1681001682,10,0,0.003,-0.078,-0.003,-0.059000000000000004,0.0,0.0081,0.0,7.41,0.098,46152.0,0.0063,0.0618,25016.0,45732.0,0.0081
1681004637,10,0,-0.014,0.06,0.002,-0.059000000000000004,0.0,0.01,0.0,7.41,0.09820000000000001,46296.0,0.0076,0.0618,0.0,45592.0,0.01
1681009640,10,0,0.012,-0.148,-0.01,-0.059000000000000004,0.0,0.0057,0.0,7.41,0.09770000000000001,46152.0,0.005,0.0618,5003.0,45456.0,0.0057
1681014646,10,0,0.003,0.019,0.011,-0.059000000000000004,0.0,0.005,0.0,7.41,0.0979,46152.0,0.0038,0.0618,10009.0,45732.0,0.005
1681016685,10,0,0.024,-0.149,0.006,-0.059000000000000004,0.0,0.006200000000000001,0.0,7.41,0.09770000000000001,46152.0,0.005,0.0618,12048.0,45592.0,0.006200000000000001
1681022649,10,0,-0.018000000000000002,0.073,-0.004,-0.058,0.0,0.008400000000000001,0.0,7.41,0.09730000000000001,46296.0,0.0063,0.0618,18012.0,45456.0,0.008400000000000001
1681024650,10,0,-0.001,-0.051000000000000004,-0.005,-0.058,0.0,0.0067,0.0,7.41,0.0974,46152.0,0.005,0.0618,20013.0,45592.0,0.0067
1681029653,10,0,-0.008,-0.02,0.005,-0.057,0.0,0.0082,0.0,7.41,0.0966,46152.0,0.0063,0.0618,25016.0,45732.0,0.0082
1681034659,10,0,0.015,-0.127,0.009000000000000001,-0.057,0.0,0.008700000000000001,0.0,7.41,0.09680000000000001,46152.0,0.0076,0.0618,0.0,45732.0,0.008700000000000001
1681036740,10,0,0.016,-0.167,-0.001,-0.056,0.0,0.0088,0.0,7.41,0.0964,46152.0,0.0076,0.0618,2081.0,45872.0,0.0088
1681041572,10,0,-0.008,0.068,-0.002,-0.056,0.0,0.0073,0.0,7.41,0.09630000000000001,46440.0,0.0063,0.0618,6913.0,45732.0,0.0073
1681045690,10,0,0.023,-0.166,-0.005,-0.056,0.0,0.007500000000000001,0.0,7.41,0.096,46296.0,0.0063,0.0618,11031.0,45732.0,0.007500000000000001
1681048665,10,0,-0.002,0.024,0.001,-0.055,0.0,0.0081,0.0,7.41,0.09570000000000001,45872.0,0.0063,0.0618,14006.0,45592.0,0.0081
1681054670,10,0,0.017,-0.154,0.001,-0.055,0.0,0.004,0.0,7.41,0.0956,46296.0,0.0038,0.0618,20011.0,45732.0,0.004
1681056752,10,0,0.003,-0.054,0.002,-0.055,0.0,0.0039000000000000003,0.0,7.41,0.09530000000000001,46296.0,0.0025,0.0618,22093.0,45456.0,0.0039000000000000003
1681061757,10,0,0.018000000000000002,-0.074,-0.009000000000000001,-0.055,0.0,0.007200000000000001,0.0,7.41,0.0955,45872.0,0.0063,0.0618,0.0,45732.0,0.007200000000000001
1681064676,10,0,0.005,-0.115,-0.014,-0.054,0.0,0.0034000000000000002,0.0,7.41,0.095,46152.0,0.0025,0.0618,2919.0,45592.0,0.0034000000000000002
1681069680,10,0,0.007,0.01,0.02,-0.054,0.0,0.0027,0.0,7.41,0.0951,46296.0,0.0025,0.0618,7923.0,45732.0,0.0027
1681074683,10,0,0.001,-0.068,0.001,-0.053,0.0,0.006200000000000001,0.0,7.41,0.0945,46152.0,0.005,0.0618,12926.0,45592.0,0.006200000000000001
1681076766,10,0,-0.006,0.058,-0.001,-0.053,0.0,0.004,0.0,7.41,0.0945,45872.0,0.0038,0.0618,15009.0,45592.0,0.004
1681081769,10,0,0.012,-0.13,-0.006,-0.053,0.0,-0.00030000000000000003,0.0,7.41,0.0945,46012.0,0.0,0.0618,20012.0,45592.0,-0.00030000000000000003
1681086573,10,0,-0.019,0.064,0.003,-0.053,0.0,-0.0018000000000000002,0.0,7.41,0.09430000000000001,46296.0,-0.0013000000000000002,0.0618,24816.0,45592.0,-0.0018000000000000002
1681088835,10,0,0.003,-0.026000000000000002,0.004,-0.053,0.0,-0.0002,0.0,7.41,0.0945,46296.0,0.0,0.0618,0.0,45456.0,-0.0002
1681093687,10,0,-0.009000000000000001,0.015,-0.003,-0.052000000000000005,0.0,-0.0039000000000000003,0.0,7.41,0.09390000000000001,46296.0,-0.0025,0.0618,4852.0,45732.0,-0.0039000000000000003
1681098689,10,0,0.008,-0.077,0.0,-0.053,0.0,-0.0051,0.0,7.41,0.0942,46296.0,-0.0038,0.0618,9854.0,45592.0,-0.0051
1681100735,10,0,-0.001,-0.106,-0.008,-0.052000000000000005,0.0,-0.0059,0.0,7.41,0.09380000000000001,46296.0,-0.005,0.0618,11900.0,45732.0,-0.0059
1681105599,10,0,-0.011,0.088,0.002,-0.052000000000000005,0.0,-0.006,0.0,7.41,0.09390000000000001,46152.0,-0.005,0.0618,16764.0,45872.0,-0.006
1681109736,10,0,-0.001,-0.10300000000000001,0.0,-0.052000000000000005,0.0,-0.007,0.0,7.41,0.0937,46296.0,-0.005,0.0618,20901.0,45592.0,-0.007
1681114572,10,0,-0.007,0.089,0.015,-0.052000000000000005,0.0,-0.007200000000000001,0.0,7.41,0.0937,46296.0,-0.0063,0.0618,25737.0,45592.0,-0.007200000000000001
1681116782,10,0,0.014,-0.06,0.005,-0.052000000000000005,0.0,-0.006900000000000001,0.0,7.41,0.09380000000000001,46012.0,-0.005,0.0618,0.0,45592.0,-0.006900000000000001
1681121792,10,0,-0.015,0.063,-0.017,-0.052000000000000005,0.0,-0.007,0.0,7.41,0.0935,46012.0,-0.005,0.0618,5010.0,45872.0,-0.007
1681124572,10,0,-0.001,0.08,-0.01,-0.052000000000000005,0.0,-0.0088,0.0,7.41,0.0937,45872.0,-0.0076,0.0618,7790.0,45316.0,-0.0088
1681129570,10,0,-0.016,-0.082,0.003,-0.052000000000000005,0.0,-0.0061,0.0,7.41,0.09340000000000001,46012.0,-0.005,0.0618,12788.0,45732.0,-0.0061
1681133571,10,0,0.003,0.076,0.005,-0.052000000000000005,0.0,-0.0058000000000000005,0.0,7.41,0.0936,46012.0,-0.005,0.0618,16789.0,45592.0,-0.0058000000000000005
1681138684,10,0,-0.004,-0.079,-0.022,-0.051000000000000004,0.0,-0.0085,0.0,7.41,0.09330000000000001,46012.0,-0.0063,0.0618,21902.0,45592.0,-0.0085
1681140755,10,0,-0.013000000000000001,0.074,-0.01,-0.051000000000000004,0.0,-0.0073,0.0,7.41,0.09330000000000001,46440.0,-0.0063,0.0618,23973.0,45456.0,-0.0073
1681144758,10,0,-0.004,-0.078,0.003,-0.052000000000000005,0.0,-0.0063,0.0,7.41,0.0935,46152.0,-0.005,0.0618,0.0,45592.0,-0.0063
1681149754,10,0,-0.004,0.069,0.004,-0.051000000000000004,0.0,-0.0076,0.0,7.41,0.0932,46296.0,-0.0063,0.0618,4996.0,45592.0,-0.0076
1681154571,10,0,-0.002,-0.05,0.0,-0.052000000000000005,0.0,-0.011300000000000001,0.0,7.41,0.0935,46440.0,-0.0088,0.0618,9813.0,46012.0,-0.011300000000000001
1681156571,10,0,-0.007,-0.083,-0.005,-0.051000000000000004,0.0,-0.0117,0.0,7.41,0.09330000000000001,46296.0,-0.0088,0.0618,11813.0,45456.0,-0.0117
1681160772,10,0,0.001,0.063,-0.002,-0.052000000000000005,0.0,-0.0097,0.0,7.41,0.0936,46152.0,-0.0076,0.0618,16014.0,45592.0,-0.0097
1681165598,10,0,-0.008,-0.079,0.004,-0.052000000000000005,0.0,-0.012100000000000001,0.0,7.41,0.0935,46296.0,-0.010100000000000001,0.0618,20840.0,45456.0,-0.012100000000000001
1681170570,10,0,0.011,0.076,0.016,-0.052000000000000005,0.0,-0.0143,0.0,7.41,0.09380000000000001,46296.0,-0.011300000000000001,0.0618,25812.0,45456.0,-0.0143
1681172571,10,0,0.012,-0.042,0.007,-0.052000000000000005,0.0,-0.0115,0.0,7.41,0.09380000000000001,46296.0,-0.0088,0.0618,0.0,45456.0,-0.0115
1681176820,10,0,-0.008,0.057,0.001,-0.052000000000000005,0.0,-0.0103,0.0,7.41,0.0935,46296.0,-0.0088,0.0618,4249.0,45592.0,-0.0103
1681181838,10,0,-0.003,-0.074,-0.005,-0.052000000000000005,0.0,-0.0128,0.0,7.41,0.0937,46152.0,-0.010100000000000001,0.0618,9267.0,45732.0,-0.0128
1681184572,10,0,-0.008,-0.045,-0.005,-0.052000000000000005,0.0,-0.0137,0.0,7.41,0.0935,46296.0,-0.011300000000000001,0.0618,12001.0,45592.0,-0.0137
1681188682,10,0,0.004,0.064,0.013000000000000001,-0.052000000000000005,0.0,-0.0115,0.0,7.41,0.09380000000000001,46012.0,-0.0088,0.0618,16111.0,45456.0,-0.0115
1681192790,10,0,-0.007,-0.064,-0.001,-0.052000000000000005,0.0,-0.008,0.0,7.41,0.09340000000000001,46152.0,-0.0063,0.0618,20219.0,45592.0,-0.008
1681196827,10,0,0.008,0.08,-0.007,-0.052000000000000005,0.0,-0.0132,0.0,7.41,0.0936,46296.0,-0.010100000000000001,0.0618,24256.0,45456.0,-0.0132
1681201576,10,0,-0.002,-0.08,-0.004,-0.052000000000000005,0.0,-0.0145,0.0,7.41,0.0935,46296.0,-0.011300000000000001,0.0618,0.0,45456.0,-0.0145
1681205821,10,0,0.011,0.07200000000000001,0.015,-0.052000000000000005,0.0,-0.0115,0.0,7.41,0.0936,46296.0,-0.0088,0.0618,4245.0,45592.0,-0.0115
1681208571,10,0,0.018000000000000002,-0.025,0.011,-0.052000000000000005,0.0,-0.01,0.0,7.41,0.0936,45732.0,-0.0076,0.0618,6995.0,45732.0,-0.01
1681212789,10,0,0.001,0.04,-0.002,-0.051000000000000004,0.0,-0.0115,0.0,7.41,0.09330000000000001,46152.0,-0.0088,0.0618,11213.0,45592.0,-0.0115
1681216819,10,0,0.008,-0.002,-0.008,-0.052000000000000005,0.0,-0.0152,0.0,7.41,0.0936,45872.0,-0.0126,0.0618,15243.0,45732.0,-0.0152
1681221575,10,0,-0.013000000000000001,-0.035,-0.001,-0.051000000000000004,0.0,-0.0109,0.0,7.390000000000001,0.0932,46296.0,-0.0088,0.0618,19999.0,45456.0,-0.0109
1681225837,10,0,0.015,-0.005,0.002,-0.052000000000000005,0.0,-0.0089,0.0,7.390000000000001,0.09340000000000001,46012.0,-0.007500000000000001,0.0618,24261.0,45592.0,-0.0089
1681228570,10,0,0.003,-0.07100000000000001,-0.004,-0.051000000000000004,0.0,-0.0114,0.0,7.390000000000001,0.0932,45872.0,-0.0088,0.0618,0.0,45592.0,-0.0114
1681232570,10,0,0.001,0.064,-0.003,-0.051000000000000004,0.0,-0.0152,0.0,7.390000000000001,0.093,46152.0,-0.0126,0.0618,4000.0,45732.0,-0.0152
1681236577,10,0,0.009000000000000001,-0.041,-0.009000000000000001,-0.051000000000000004,0.0,-0.0131,0.0,7.390000000000001,0.0932,46012.0,-0.01,0.0618,8007.0,45732.0,-0.0131
1681240822,10,0,0.007,0.051000000000000004,-0.001,-0.051000000000000004,0.0,-0.0119,0.0,7.41,0.09290000000000001,46152.0,-0.010100000000000001,0.0618,12252.0,45732.0,-0.0119
1681245604,10,0,0.011,-0.026000000000000002,0.01,-0.051000000000000004,0.0,-0.0143,0.0,7.41,0.09330000000000001,46152.0,-0.011300000000000001,0.0618,17034.0,45592.0,-0.0143
1681250577,10,0,0.012,0.056,-0.007,-0.051000000000000004,0.0,-0.0167,0.0,7.41,0.0932,46012.0,-0.013900000000000001,0.0618,22007.0,45732.0,-0.0167
1681252577,10,0,0.025,0.064,-0.008,-0.052000000000000005,0.0,-0.0159,0.0,7.41,0.0935,46012.0,-0.0126,0.0618,24007.0,45456.0,-0.0159
1681256821,10,0,-0.01,-0.042,-0.008,-0.051000000000000004,0.0,-0.014400000000000001,0.0,7.41,0.09330000000000001,45872.0,-0.011300000000000001,0.0618,0.0,45732.0,-0.014400000000000001
1681261577,10,0,0.011,0.074,0.002,-0.052000000000000005,0.0,-0.0171,0.0,7.390000000000001,0.0935,46012.0,-0.013800000000000002,0.0618,4756.0,45732.0,-0.0171
1681265849,10,0,-0.012,-0.066,0.0,-0.051000000000000004,0.0,-0.0112,0.0,7.390000000000001,0.0932,46152.0,-0.0088,0.0618,9028.0,45732.0,-0.0112
1681268577,10,0,0.005,0.034,0.001,-0.051000000000000004,0.0,-0.009000000000000001,0.0,7.390000000000001,0.0932,46296.0,-0.007500000000000001,0.0618,11756.0,45732.0,-0.009000000000000001
1681272820,10,0,0.005,-0.062,-0.015,-0.052000000000000005,0.0,-0.013800000000000002,0.0,7.390000000000001,0.09340000000000001,46152.0,-0.011300000000000001,0.0618,15999.0,45592.0,-0.013800000000000002
1681277576,10,0,0.004,0.038,-0.001,-0.051000000000000004,0.0,-0.0145,0.0,7.390000000000001,0.0932,46152.0,-0.011300000000000001,0.0618,20755.0,45732.0,-0.0145
1681281820,10,0,0.001,-0.062,0.011,-0.052000000000000005,0.0,-0.0131,0.0,7.390000000000001,0.09340000000000001,46012.0,-0.01,0.0618,24999.0,45732.0,-0.0131
1681284575,10,0,-0.009000000000000001,-0.07100000000000001,0.007,-0.051000000000000004,0.0,-0.013000000000000001,0.0,7.390000000000001,0.0931,46152.0,-0.01,0.0618,0.0,45456.0,-0.013000000000000001
1681288955,10,0,0.014,0.049,-0.002,-0.051000000000000004,0.0,-0.013300000000000001,0.0,7.390000000000001,0.09330000000000001,46012.0,-0.01,0.0618,4380.0,45592.0,-0.013300000000000001
1681293578,10,0,-0.014,-0.073,-0.001,-0.051000000000000004,0.0,-0.0134,0.0,7.390000000000001,0.093,45872.0,-0.011300000000000001,0.0618,9003.0,45732.0,-0.0134
1681297819,10,0,0.011,0.048,0.013000000000000001,-0.051000000000000004,0.0,-0.0118,0.0,7.390000000000001,0.0931,45592.0,-0.0088,0.0618,13244.0,45592.0,-0.0118
1681300579,10,0,-0.005,-0.043000000000000003,0.01,-0.051000000000000004,0.0,-0.012100000000000001,0.0,7.390000000000001,0.0931,46296.0,-0.01,0.0618,16004.0,45732.0,-0.012100000000000001
1681305601,10,0,0.007,0.042,0.003,-0.051000000000000004,0.0,-0.0119,0.0,7.390000000000001,0.09280000000000001,46152.0,-0.01,0.0618,21026.0,45732.0,-0.0119
1681310578,10,0,-0.015,-0.077,0.0,-0.051000000000000004,0.0,-0.008700000000000001,0.0,7.390000000000001,0.09280000000000001,46152.0,-0.007500000000000001,0.0618,26003.0,45592.0,-0.008700000000000001
1681312820,10,0,-0.009000000000000001,-0.007,-0.002,-0.05,0.0,-0.009000000000000001,0.0,7.390000000000001,0.0925,46152.0,-0.007500000000000001,0.0618,0.0,45456.0,-0.009000000000000001
1681316835,10,0,0.005,0.003,0.004,-0.05,0.0,-0.0098,0.0,7.390000000000001,0.0927,46152.0,-0.007500000000000001,0.0618,4015.0,45592.0,-0.0098
1681321833,10,0,-0.001,-0.022,0.004,-0.05,0.0,-0.0067,0.0,7.390000000000001,0.09240000000000001,46012.0,-0.005,0.0618,9013.0,45316.0,-0.0067
1681324577,10,0,0.018000000000000002,0.045,0.0,-0.05,0.0,-0.008,0.0,7.390000000000001,0.0925,45872.0,-0.0063,0.0618,11757.0,45872.0,-0.008
1681328820,10,0,-0.027,-0.08,-0.014,-0.05,0.0,-0.009300000000000001,0.0,7.390000000000001,0.09240000000000001,46012.0,-0.007500000000000001,0.0618,16000.0,45592.0,-0.009300000000000001
1681333577,10,0,0.018000000000000002,0.034,-0.005,-0.05,0.0,-0.0074,0.0,7.390000000000001,0.09230000000000001,46152.0,-0.0063,0.0618,20757.0,45456.0,-0.0074
1681338687,10,0,-0.027,-0.07100000000000001,0.006,-0.05,0.0,-0.010100000000000001,0.0,7.390000000000001,0.09230000000000001,46012.0,-0.007500000000000001,0.0618,25867.0,45592.0,-0.010100000000000001
1681340816,10,0,0.007,-0.005,0.002,-0.049,0.0,-0.009000000000000001,0.0,7.390000000000001,0.0921,46296.0,-0.007500000000000001,0.0618,0.0,45592.0,-0.009000000000000001
1681344822,10,0,-0.004,-0.012,0.002,-0.05,0.0,-0.0073,0.0,7.390000000000001,0.09230000000000001,45732.0,-0.0063,0.0618,4006.0,45732.0,-0.0073
1681349576,10,0,-0.007,-0.034,-0.002,-0.049,0.0,-0.011300000000000001,0.0,7.390000000000001,0.0921,45872.0,-0.0088,0.0618,8760.0,45732.0,-0.011300000000000001
1681354577,10,0,-0.009000000000000001,-0.006,0.008,-0.05,0.0,-0.01,0.0,7.390000000000001,0.09230000000000001,46012.0,-0.007500000000000001,0.0618,13761.0,45732.0,-0.01
1681356855,10,0,-0.024,-0.082,0.009000000000000001,-0.049,0.0,-0.0066,0.0,7.390000000000001,0.092,46012.0,-0.005,0.0618,16039.0,45456.0,-0.0066
1681361571,10,0,0.024,0.044,0.001,-0.049,0.0,-0.008,0.0,7.390000000000001,0.092,45732.0,-0.0063,0.0618,20755.0,45732.0,-0.008
1681365819,10,0,-0.018000000000000002,-0.079,-0.009000000000000001,-0.049,0.0,-0.0094,0.0,7.390000000000001,0.0918,45872.0,-0.007500000000000001,0.0618,25003.0,45592.0,-0.0094
1681369822,10,0,0.016,0.046,-0.004,-0.049,0.0,-0.0095,0.0,7.390000000000001,0.0917,45872.0,-0.007500000000000001,0.0618,0.0,45872.0,-0.0095
1681374569,10,0,-0.021,-0.077,0.0,-0.049,0.0,-0.0066,0.0,7.390000000000001,0.0917,45732.0,-0.005,0.0618,4747.0,45592.0,-0.0066
1681376571,10,0,-0.008,-0.077,0.001,-0.048,0.0,-0.006900000000000001,0.0,7.390000000000001,0.0915,45872.0,-0.005,0.0618,6749.0,45732.0,-0.006900000000000001
1681380571,10,0,0.021,0.052000000000000005,0.003,-0.049,0.0,-0.0083,0.0,7.390000000000001,0.0915,45732.0,-0.0063,0.0618,10749.0,45456.0,-0.0083
1681384572,10,0,-0.017,-0.08600000000000001,-0.009000000000000001,-0.048,0.0,-0.009600000000000001,0.0,7.390000000000001,0.09140000000000001,46296.0,-0.007500000000000001,0.0618,14750.0,45456.0,-0.009600000000000001
1681388955,10,0,0.02,0.042,-0.004,-0.048,0.0,-0.0053,0.0,7.390000000000001,0.0912,46152.0,-0.0038,0.0618,19133.0,45456.0,-0.0053
1681393571,10,0,-0.028,-0.094,0.011,-0.048,0.0,-0.0044,0.0,7.390000000000001,0.0912,45872.0,-0.0038,0.0618,23749.0,45732.0,-0.0044
1681397834,10,0,0.021,0.043000000000000003,0.002,-0.048,0.0,-0.0054,0.0,7.390000000000001,0.091,45732.0,-0.0038,0.0618,0.0,45592.0,-0.0054
1681401886,10,0,-0.019,-0.067,-0.006,-0.048,0.0,-0.0103,0.0,7.390000000000001,0.0911,46152.0,-0.0088,0.0618,4052.0,45592.0,-0.0103
1681406571,10,0,0.031,0.016,-0.008,-0.048,0.0,-0.0092,0.0,7.390000000000001,0.091,46012.0,-0.007500000000000001,0.0618,8737.0,45592.0,-0.0092
1681408571,10,0,0.014,0.039,0.001,-0.048,0.0,-0.009300000000000001,0.0,7.390000000000001,0.0911,46152.0,-0.007500000000000001,0.0618,10737.0,45592.0,-0.009300000000000001
1681412844,10,0,0.003,-0.056,0.016,-0.048,0.0,-0.010700000000000001,0.0,7.390000000000001,0.09090000000000001,46012.0,-0.0088,0.0618,15010.0,45592.0,-0.010700000000000001
1681416894,10,0,0.019,0.056,0.009000000000000001,-0.048,0.0,-0.014400000000000001,0.0,7.390000000000001,0.091,46012.0,-0.011300000000000001,0.0618,19060.0,45456.0,-0.014400000000000001
1681421896,10,0,0.008,-0.05,-0.008,-0.048,0.0,-0.0159,0.0,7.390000000000001,0.09090000000000001,46152.0,-0.0126,0.0618,24062.0,45592.0,-0.0159
1681426571,10,0,0.02,0.047,0.003,-0.048,0.0,-0.013600000000000001,0.0,7.390000000000001,0.091,46152.0,-0.011300000000000001,0.0618,0.0,45456.0,-0.013600000000000001
1681428571,10,0,-0.027,-0.002,0.011,-0.048,0.0,-0.0109,0.0,7.390000000000001,0.091,46152.0,-0.0088,0.0618,2000.0,45592.0,-0.0109
1681432856,10,0,0.026000000000000002,-0.024,0.002,-0.047,2.67,-0.006900000000000001,0.0,7.390000000000001,0.0906,45872.0,-0.005,0.0618,6285.0,45732.0,-0.006900000000000001
1681438690,10,0,-0.03,-0.042,-0.003,-0.04,2.67,-0.0026000000000000003,0.0,7.390000000000001,0.0907,46152.0,-0.0025,0.066,12119.0,45592.0,-0.0026000000000000003
1681440861,10,0,0.013000000000000001,-0.053,-0.011,-0.038,2.67,-0.0044,0.0,7.390000000000001,0.09040000000000001,45732.0,-0.0038,0.0674,14290.0,45592.0,-0.0044
1681444865,10,0,0.001,0.026000000000000002,-0.005,-0.033,2.67,-0.0035,0.0,7.390000000000001,0.09050000000000001,45872.0,-0.0025,0.0702,18294.0,45732.0,-0.0035
1681449570,10,0,-0.01,-0.075,-0.003,-0.027,2.67,0.0002,0.0,7.390000000000001,0.09040000000000001,45872.0,0.0,0.0737,22999.0,45592.0,0.0002
1681454572,10,0,0.004,0.034,0.002,-0.022,2.67,0.0001,0.0,7.390000000000001,0.09050000000000001,45872.0,0.0,0.0771,0.0,45592.0,0.0001
1681456918,10,0,-0.019,-0.08,0.0,-0.019,2.67,0.0044,0.0,7.390000000000001,0.09040000000000001,45872.0,0.0038,0.0785,2346.0,45456.0,0.0044
1681461922,10,0,0.023,0.048,-0.012,-0.013000000000000001,2.67,0.004,0.0,7.390000000000001,0.0902,45872.0,0.0038,0.082,7350.0,45872.0,0.004
1681464572,10,0,-0.016,0.012,-0.005,-0.01,2.67,0.0059,0.0,7.390000000000001,0.09040000000000001,46152.0,0.005,0.08410000000000001,10000.0,45732.0,0.0059
1681468881,10,0,0.027,-0.05,0.01,-0.005,2.67,0.0118,0.0,7.390000000000001,0.09000000000000001,45872.0,0.0088,0.0869,14309.0,45732.0,0.0118
1681473880,10,0,-0.024,-0.031,0.002,0.0,2.67,0.012400000000000001,0.0,7.390000000000001,0.0903,45872.0,0.01,0.09040000000000001,19308.0,45456.0,0.012400000000000001
1681477884,10,0,0.021,-0.056,-0.011,0.005,2.67,0.0135,0.0,7.390000000000001,0.08990000000000001,45872.0,0.011300000000000001,0.0932,23312.0,45456.0,0.0135
1681481933,10,0,-0.015,0.036000000000000004,-0.002,0.01,2.67,0.0145,0.0,7.390000000000001,0.0902,45872.0,0.011300000000000001,0.096,0.0,45456.0,0.0145
1681484550,10,0,-0.027,-0.069,0.005,0.013000000000000001,2.67,0.0146,0.0,7.390000000000001,0.0902,46012.0,0.011300000000000001,0.0981,2617.0,45592.0,0.0146
1681488689,10,0,0.019,-0.019,0.004,0.018000000000000002,2.67,0.0198,0.0,7.390000000000001,0.0898,45872.0,0.016300000000000002,0.1009,6756.0,45732.0,0.0198
1681492894,10,0,-0.02,-0.07200000000000001,-0.003,0.022,2.67,0.023,0.0,7.390000000000001,0.0901,45872.0,0.0188,0.1037,10961.0,45732.0,0.023
1681497896,10,0,0.017,0.031,-0.005,0.028,2.67,0.0229,0.0,7.390000000000001,0.0897,46012.0,0.0188,0.1072,15963.0,45456.0,0.0229
1681502570,10,0,-0.025,-0.055,-0.003,0.034,2.67,0.023700000000000002,0.0,7.390000000000001,0.09000000000000001,46152.0,0.0188,0.1107,20637.0,45456.0,0.023700000000000002
1681504571,10,0,0.003,-0.098,0.001,0.036000000000000004,2.67,0.0222,0.0,7.390000000000001,0.0898,45592.0,0.0176,0.112,22638.0,45456.0,0.0222
1681508941,10,0,-0.01,0.07,0.014,0.041,2.67,0.020200000000000003,0.0,7.390000000000001,0.09000000000000001,45872.0,0.016300000000000002,0.1148,0.0,45592.0,0.020200000000000003
1681513571,10,0,-0.006,-0.079,0.0,0.046,2.67,0.0189,0.0,7.390000000000001,0.09000000000000001,45872.0,0.0151,0.1183,4630.0,45592.0,0.0189
1681517571,10,0,0.012,0.068,-0.002,0.051000000000000004,2.67,0.022500000000000003,0.0,7.390000000000001,0.09000000000000001,46152.0,0.0176,0.1211,8630.0,45316.0,0.022500000000000003
1681521962,10,0,-0.01,-0.061,0.006,0.055,2.67,0.0195,0.0,7.390000000000001,0.0902,46152.0,0.0151,0.12390000000000001,13021.0,45732.0,0.0195
1681524534,10,0,0.019,-0.031,0.011,0.059000000000000004,2.67,0.023100000000000002,0.0,7.390000000000001,0.09000000000000001,46012.0,0.0188,0.126,15593.0,45592.0,0.023100000000000002
1681528571,10,0,-0.028,0.076,0.024,0.063,2.67,0.0213,0.0,7.390000000000001,0.0903,45872.0,0.0176,0.1288,19630.0,45592.0,0.0213
1681532919,10,0,0.024,-0.033,0.001,0.068,2.67,0.021500000000000002,0.0,7.390000000000001,0.09000000000000001,45872.0,0.0176,0.1316,23978.0,45456.0,0.021500000000000002
1681537005,10,0,-0.022,0.08600000000000001,0.004,0.07200000000000001,2.67,0.023100000000000002,0.0,7.390000000000001,0.0902,45872.0,0.0188,0.13440000000000002,0.0,45592.0,0.023100000000000002
1681541969,10,0,0.019,-0.028,0.0,0.078,2.67,0.021500000000000002,0.0,7.390000000000001,0.0901,46152.0,0.0176,0.1379,4964.0,45316.0,0.021500000000000002
1681544573,10,0,0.02,0.064,0.001,0.081,2.67,0.020300000000000002,0.0,7.390000000000001,0.0901,46152.0,0.016300000000000002,0.14,7568.0,45732.0,0.020300000000000002
1681548929,10,0,-0.019,-0.027,0.0,0.085,2.67,0.026500000000000003,0.0,7.390000000000001,0.09050000000000001,45592.0,0.021400000000000002,0.1428,11924.0,45456.0,0.026500000000000003
1681552970,10,0,0.025,0.048,-0.014,0.09,2.67,0.027700000000000002,0.0,7.390000000000001,0.0903,46012.0,0.022600000000000002,0.1456,15965.0,45456.0,0.027700000000000002
1681556982,10,0,-0.03,0.025,-0.019,0.094,2.67,0.0303,0.0,7.390000000000001,0.0906,45732.0,0.0239,0.1484,19977.0,45732.0,0.0303
1681561982,10,0,0.029,0.063,-0.007,0.1,2.67,0.0257,0.0,7.390000000000001,0.09050000000000001,45872.0,0.0201,0.15180000000000002,24977.0,45456.0,0.0257
1681566571,10,0,-0.026000000000000002,0.045,0.015,0.105,2.67,0.027600000000000003,0.0,7.390000000000001,0.09090000000000001,46012.0,0.022600000000000002,0.1553,0.0,45592.0,0.027600000000000003
1681568976,10,0,0.023,-0.026000000000000002,-0.001,0.107,2.67,0.029500000000000002,0.0,7.390000000000001,0.09090000000000001,45732.0,0.0239,0.1567,2405.0,45732.0,0.029500000000000002
1681573571,10,0,-0.006,0.111,-0.014,0.113,2.67,0.0309,0.0,7.390000000000001,0.0912,46012.0,0.0251,0.1602,7000.0,45456.0,0.0309
1681577947,10,0,0.028,-0.032,-0.003,0.117,2.67,0.034,0.0,7.390000000000001,0.09140000000000001,45732.0,0.027600000000000003,0.163,11376.0,45316.0,0.034
1681582033,10,0,-0.002,0.114,0.011,0.121,2.67,0.0344,0.0,7.390000000000001,0.0917,46012.0,0.027600000000000003,0.1658,15462.0,45316.0,0.0344
1681584571,10,0,-0.024,0.053,0.007,0.122,0.0,0.036500000000000005,0.0,7.390000000000001,0.09190000000000001,46152.0,0.028900000000000002,0.1665,18000.0,45592.0,0.036500000000000005
1681589571,10,0,0.025,0.045,-0.017,0.122,0.0,0.0347,0.0,7.390000000000001,0.0918,46012.0,0.027600000000000003,0.1665,23000.0,45592.0,0.0347
1681593571,10,0,-0.022,0.062,-0.008,0.121,0.0,0.0354,0.0,7.390000000000001,0.09240000000000001,46012.0,0.028900000000000002,0.1665,0.0,45456.0,0.0354
1681597992,10,0,0.032,0.05,-0.011,0.121,0.0,0.032,0.0,7.390000000000001,0.09230000000000001,45872.0,0.0251,0.1665,4421.0,45456.0,0.032
1681600561,10,0,0.006,0.128,-0.005,0.12,0.0,0.031400000000000004,0.0,7.390000000000001,0.0927,46012.0,0.0251,0.1665,6990.0,45732.0,0.031400000000000004
1681604964,10,0,0.024,-0.039,0.0,0.12,0.0,0.033600000000000005,0.0,7.390000000000001,0.09290000000000001,45872.0,0.0264,0.1665,11393.0,45456.0,0.033600000000000005
1681609533,10,0,0.005,0.132,-0.002,0.11900000000000001,0.0,0.0323,0.0,7.390000000000001,0.0932,46012.0,0.0264,0.1665,15962.0,45456.0,0.0323
1681613571,10,0,0.009000000000000001,-0.029,-0.013000000000000001,0.11900000000000001,0.0,0.0322,0.0,7.390000000000001,0.0936,46152.0,0.0264,0.1665,20000.0,45732.0,0.0322
1681618009,10,0,0.002,0.137,0.011,0.11900000000000001,0.0,0.0317,0.0,7.390000000000001,0.0937,46012.0,0.0251,0.1665,24438.0,45732.0,0.0317
1681620599,10,0,-0.019,0.096,0.019,0.11800000000000001,0.0,0.030100000000000002,0.0,7.390000000000001,0.0941,46152.0,0.0239,0.1665,0.0,45456.0,0.030100000000000002
1681625015,10,0,0.023,0.045,0.002,0.11800000000000001,0.0,0.0268,0.0,7.390000000000001,0.094,45872.0,0.021400000000000002,0.1665,4416.0,45316.0,0.0268
1681630016,10,0,-0.022,0.069,0.003,0.117,0.0,0.0218,0.0,7.390000000000001,0.09480000000000001,46152.0,0.0176,0.1665,9417.0,45456.0,0.0218
1681634570,10,0,0.015,0.037,0.005,0.117,0.0,0.024,0.0,7.390000000000001,0.0946,45592.0,0.0188,0.1665,13971.0,45456.0,0.024
1681637066,10,0,-0.013000000000000001,0.155,0.023,0.117,0.0,0.024300000000000002,0.0,7.390000000000001,0.095,46012.0,0.0188,0.1665,16467.0,45316.0,0.024300000000000002
1681641534,10,0,0.009000000000000001,-0.012,0.018000000000000002,0.116,0.0,0.023100000000000002,0.0,7.390000000000001,0.0952,45732.0,0.0188,0.1665,20935.0,45456.0,0.023100000000000002
1681645572,10,0,0.006,0.15,0.003,0.116,0.0,0.020200000000000003,0.0,7.390000000000001,0.0952,46012.0,0.016300000000000002,0.1665,24973.0,45456.0,0.020200000000000003
1681649992,10,0,0.0,0.006,-0.004,0.115,0.0,0.017,0.0,7.390000000000001,0.09570000000000001,45732.0,0.013800000000000002,0.1665,0.0,45592.0,0.017
1681654534,10,0,-0.004,0.165,0.0,0.115,0.0,0.0134,0.0,7.390000000000001,0.09580000000000001,46012.0,0.011300000000000001,0.1665,4542.0,45592.0,0.0134
1681657081,10,0,-0.017,0.096,0.009000000000000001,0.114,0.0,0.0182,0.0,7.390000000000001,0.09630000000000001,45872.0,0.0151,0.1665,7089.0,45456.0,0.0182
1681662084,10,0,0.013000000000000001,0.106,-0.006,0.114,0.0,0.0166,0.0,7.390000000000001,0.09630000000000001,45872.0,0.013800000000000002,0.1665,12092.0,45316.0,0.0166
1681664533,10,0,-0.007,0.2,-0.007,0.114,0.0,0.0145,0.0,7.390000000000001,0.09670000000000001,45732.0,0.011300000000000001,0.1665,14541.0,45456.0,0.0145
1681668544,10,0,0.003,0.001,-0.014,0.113,0.0,0.0118,0.0,7.390000000000001,0.0971,46152.0,0.010100000000000001,0.1665,18552.0,45592.0,0.0118
1681673006,10,0,-0.021,0.224,-0.007,0.112,0.0,0.0078000000000000005,0.0,7.390000000000001,0.0976,45872.0,0.0063,0.1665,23014.0,45592.0,0.0078000000000000005
1681677093,10,0,0.006,0.014,0.002,0.111,0.0,0.005200000000000001,0.0,7.390000000000001,0.09820000000000001,46012.0,0.0038,0.1665,0.0,45732.0,0.005200000000000001
1681681571,10,0,-0.004,0.187,0.0,0.111,0.0,0.006200000000000001,0.0,7.390000000000001,0.0983,45872.0,0.005,0.1665,4478.0,45316.0,0.006200000000000001
1681686052,10,0,0.009000000000000001,0.021,-0.012,0.11,0.0,0.0033,0.0,7.390000000000001,0.09920000000000001,45872.0,0.0025,0.1665,8959.0,45456.0,0.0033
1681688684,10,0,0.019,0.032,-0.013000000000000001,0.11,0.0,0.0033,0.0,7.390000000000001,0.09910000000000001,46012.0,0.0025,0.1665,11591.0,45456.0,0.0033
1681694054,10,0,-0.001,0.113,0.007,0.108,0.0,-0.0016,0.0,7.390000000000001,0.1003,45872.0,-0.0013000000000000002,0.1665,16961.0,45456.0,-0.0016
1681696570,10,0,0.019,0.017,0.005,0.108,0.0,-0.0043,0.0,7.390000000000001,0.1003,45872.0,-0.0038,0.1665,19477.0,45592.0,-0.0043
1681701064,10,0,-0.011,0.242,0.004,0.107,0.0,-0.0008,0.0,7.390000000000001,0.101,46012.0,-0.0013000000000000002,0.1665,23971.0,45316.0,-0.0008
1681705065,10,0,0.015,0.001,-0.016,0.106,0.0,0.0005,0.0,7.390000000000001,0.1015,46012.0,0.0,0.1665,0.0,45316.0,0.0005
1681709532,10,0,-0.012,0.209,-0.007,0.106,0.0,0.0057,0.0,7.390000000000001,0.1018,45872.0,0.005,0.1665,4467.0,45456.0,0.0057
1681713532,10,0,0.0,0.062,0.006,0.10400000000000001,0.0,-0.0008,0.0,7.390000000000001,0.10260000000000001,46012.0,0.0,0.1665,8467.0,45456.0,-0.0008
1681717533,10,0,0.003,0.12,0.0,0.10400000000000001,0.0,0.0053,0.0,7.390000000000001,0.1027,46012.0,0.0038,0.1665,12468.0,45592.0,0.0053
1681721570,10,0,-0.01,0.131,-0.005,0.10300000000000001,0.0,0.006900000000000001,0.0,7.390000000000001,0.10360000000000001,45732.0,0.005,0.1665,16505.0,45456.0,0.006900000000000001
1681726078,10,0,0.0,0.08,-0.021,0.10200000000000001,0.0,0.0122,0.0,7.390000000000001,0.1038,45872.0,0.010100000000000001,0.1665,21013.0,45592.0,0.0122
1681730533,10,0,-0.007,0.146,0.008,0.101,0.0,0.0095,0.0,7.390000000000001,0.10450000000000001,46012.0,0.007500000000000001,0.1665,25468.0,45732.0,0.0095
1681732533,10,0,0.009000000000000001,0.008,0.007,0.101,0.0,0.0109,0.0,7.390000000000001,0.1047,45872.0,0.0088,0.1665,0.0,45592.0,0.0109
1681737134,10,0,-0.014,0.194,-0.004,0.1,0.0,0.0083,0.0,7.390000000000001,0.1051,46012.0,0.0063,0.1665,4601.0,45592.0,0.0083
1681742137,10,0,0.016,0.009000000000000001,-0.011,0.099,0.0,0.0024000000000000002,0.0,7.390000000000001,0.1058,46152.0,0.0025,0.1665,9604.0,45316.0,0.0024000000000000002
1681744533,10,0,0.011,0.068,-0.012,0.099,0.0,0.0027,0.0,7.390000000000001,0.1058,46012.0,0.0025,0.1665,12000.0,45592.0,0.0027
1681748533,10,0,-0.015,0.182,0.002,0.097,0.0,0.0032,0.0,7.390000000000001,0.1067,46012.0,0.0025,0.1665,16000.0,45592.0,0.0032
1681753096,10,0,0.02,0.092,0.006,0.097,0.0,-0.0066,0.0,7.390000000000001,0.1072,46152.0,-0.005,0.1665,20563.0,45592.0,-0.0066
1681758098,10,0,-0.001,0.152,0.006,0.095,0.0,-0.008400000000000001,0.0,7.390000000000001,0.10840000000000001,46012.0,-0.0063,0.1665,25565.0,45592.0,-0.008400000000000001
1681762148,10,0,0.016,0.114,-0.009000000000000001,0.095,0.0,-0.0158,0.0,7.390000000000001,0.1086,46012.0,-0.0126,0.1665,0.0,45456.0,-0.0158
1681764531,10,0,-0.003,0.23800000000000002,0.003,0.094,0.0,-0.0182,0.0,7.390000000000001,0.10890000000000001,46012.0,-0.0151,0.1665,2383.0,45592.0,-0.0182
1681768533,10,0,-0.004,0.085,0.025,0.093,0.0,-0.012400000000000001,0.0,7.390000000000001,0.1097,46012.0,-0.010100000000000001,0.1665,6385.0,45732.0,-0.012400000000000001
1681773108,10,0,-0.005,0.23800000000000002,0.013000000000000001,0.092,0.0,-0.0151,0.0,7.390000000000001,0.1102,46012.0,-0.0126,0.1665,10960.0,45592.0,-0.0151
1681777159,10,0,0.008,0.089,0.002,0.09,0.0,-0.0154,0.0,7.390000000000001,0.1111,46012.0,-0.0126,0.1665,15011.0,45456.0,-0.0154
1681781532,10,0,0.001,0.17500000000000002,-0.003,0.09,0.0,-0.016800000000000002,0.0,7.390000000000001,0.11120000000000001,46152.0,-0.013800000000000002,0.1665,19384.0,45592.0,-0.016800000000000002
1681785533,10,0,-0.002,0.189,0.006,0.088,0.0,-0.0213,0.0,7.390000000000001,0.11230000000000001,46296.0,-0.0176,0.1665,23385.0,45592.0,-0.0213
1681789573,10,0,0.008,0.032,0.002,0.088,0.0,-0.0181,0.0,7.390000000000001,0.1124,46012.0,-0.0151,0.1665,0.0,45592.0,-0.0181
1681794531,10,0,0.001,0.163,0.007,0.08700000000000001,0.0,0.001,0.0,7.390000000000001,0.113,45872.0,0.0013000000000000002,0.1665,4958.0,45592.0,0.001
1681796532,10,0,0.014,0.047,-0.006,0.08700000000000001,0.0,-0.0015,0.0,7.390000000000001,0.1131,45872.0,-0.0013000000000000002,0.1665,6959.0,45872.0,-0.0015
1681800561,10,0,-0.012,0.203,-0.012,0.08700000000000001,0.0,-0.0198,0.0,7.390000000000001,0.1134,46152.0,-0.016300000000000002,0.1665,10988.0,45456.0,-0.0198
1681805131,10,0,0.015,0.078,-0.002,0.085,0.0,-0.019100000000000002,0.0,7.390000000000001,0.1145,46152.0,-0.0151,0.1665,15558.0,45592.0,-0.019100000000000002
1681809531,10,0,0.004,0.179,-0.008,0.085,0.0,-0.0165,0.0,7.390000000000001,0.11460000000000001,45872.0,-0.0126,0.1665,19958.0,45456.0,-0.0165
1681814531,10,0,0.014,0.085,-0.014,0.083,0.0,-0.0173,0.0,7.390000000000001,0.11570000000000001,45732.0,-0.013800000000000002,0.1665,24958.0,45456.0,-0.0173
1681816532,10,0,0.014,0.046,-0.019,0.083,0.0,-0.0165,0.0,7.390000000000001,0.11570000000000001,46152.0,-0.013800000000000002,0.1665,0.0,45316.0,-0.0165
1681820601,10,0,-0.006,0.20600000000000002,-0.016,0.082,0.0,-0.013600000000000001,0.0,7.390000000000001,0.11610000000000001,46012.0,-0.011300000000000001,0.1665,4069.0,45456.0,-0.013600000000000001
1681825144,10,0,0.01,0.042,-0.003,0.081,0.0,-0.0151,0.0,7.390000000000001,0.11710000000000001,46152.0,-0.0126,0.1665,8612.0,45592.0,-0.0151
1681829531,10,0,0.0,0.23600000000000002,0.005,0.08,0.0,-0.0175,0.0,7.390000000000001,0.1177,45732.0,-0.013800000000000002,0.1665,12999.0,45732.0,-0.0175
1681833533,10,0,0.007,0.054,-0.01,0.078,0.0,-0.0166,0.0,7.390000000000001,0.1184,46152.0,-0.013800000000000002,0.1665,17001.0,45316.0,-0.0166
1681838683,10,0,-0.006,0.214,-0.013000000000000001,0.078,0.0,-0.013300000000000001,0.0,7.390000000000001,0.11900000000000001,46152.0,-0.010100000000000001,0.1665,22151.0,45592.0,-0.013300000000000001
1681841154,10,0,-0.003,0.095,-0.009000000000000001,0.077,0.0,-0.0112,0.0,7.390000000000001,0.11960000000000001,46152.0,-0.0088,0.1665,24622.0,45732.0,-0.0112
1681845157,10,0,-0.002,0.11800000000000001,-0.005,0.076,0.0,-0.013600000000000001,0.0,7.390000000000001,0.1198,45872.0,-0.011300000000000001,0.1665,0.0,45592.0,-0.013600000000000001
1681849531,10,0,0.007,0.163,-0.002,0.075,0.0,-0.0137,0.0,7.390000000000001,0.1207,46012.0,-0.011300000000000001,0.1665,4374.0,45592.0,-0.0137
1681853531,10,0,0.001,0.062,-0.018000000000000002,0.074,0.0,-0.0149,0.0,7.390000000000001,0.12090000000000001,46012.0,-0.011300000000000001,0.1665,8374.0,45456.0,-0.0149
1681857532,10,0,-0.009000000000000001,0.21,-0.009000000000000001,0.073,0.0,-0.015600000000000001,0.0,7.390000000000001,0.1217,46012.0,-0.0126,0.1665,12375.0,45592.0,-0.015600000000000001
1681862214,10,0,-0.001,0.041,0.011,0.07200000000000001,0.0,-0.0111,0.0,7.390000000000001,0.1221,46012.0,-0.0088,0.1665,17057.0,45456.0,-0.0111
1681864530,10,0,-0.013000000000000001,0.171,0.017,0.07200000000000001,0.0,-0.012100000000000001,0.0,7.390000000000001,0.1223,45872.0,-0.010100000000000001,0.1665,19373.0,45456.0,-0.012100000000000001
1681868532,10,0,0.009000000000000001,0.10400000000000001,0.014,0.07100000000000001,0.0,-0.014400000000000001,0.0,7.390000000000001,0.1232,46012.0,-0.011300000000000001,0.1665,23375.0,45316.0,-0.014400000000000001
1681873175,10,0,-0.015,0.177,0.006,0.07,0.0,-0.016300000000000002,0.0,7.390000000000001,0.1233,46012.0,-0.0126,0.1665,0.0,45732.0,-0.016300000000000002
1681877532,10,0,0.005,0.1,0.02,0.069,0.0,-0.0142,0.0,7.390000000000001,0.1242,46152.0,-0.011300000000000001,0.1665,4357.0,45456.0,-0.0142
1681882226,10,0,-0.023,0.157,0.017,0.069,0.0,-0.0106,0.0,7.390000000000001,0.12430000000000001,46012.0,-0.0088,0.1665,9051.0,45456.0,-0.0106
1681884571,10,0,-0.018000000000000002,0.211,0.018000000000000002,0.069,0.0,-0.0106,0.0,7.390000000000001,0.1245,46296.0,-0.0088,0.1665,11396.0,45592.0,-0.0106
1681889544,10,0,0.006,0.032,0.005,0.068,0.0,-0.0182,0.0,7.390000000000001,0.125,46012.0,-0.0151,0.1665,16369.0,45456.0,-0.0182
1681894532,10,0,0.009000000000000001,0.195,-0.001,0.066,0.0,-0.0175,0.0,7.390000000000001,0.1258,45872.0,-0.013800000000000002,0.1665,21357.0,45456.0,-0.0175
1681897234,10,0,0.01,0.01,-0.01,0.066,0.0,-0.0158,0.0,7.390000000000001,0.1259,45872.0,-0.0126,0.1665,24059.0,45456.0,-0.0158
1681901530,10,0,-0.013000000000000001,0.201,0.009000000000000001,0.066,0.0,-0.0142,0.0,7.390000000000001,0.1262,46152.0,-0.011300000000000001,0.1665,0.0,45456.0,-0.0142
1681905531,10,0,0.02,0.07100000000000001,0.001,0.065,0.0,-0.0184,0.0,7.390000000000001,0.1269,45732.0,-0.0151,0.1665,4001.0,45592.0,-0.0184
1681910198,10,0,-0.006,0.197,-0.013000000000000001,0.064,0.0,-0.0179,0.0,7.390000000000001,0.12710000000000002,46012.0,-0.013800000000000002,0.1665,8668.0,45592.0,-0.0179
1681914530,10,0,0.013000000000000001,0.064,-0.013000000000000001,0.063,0.0,-0.0146,0.0,7.390000000000001,0.128,46012.0,-0.011300000000000001,0.1665,13000.0,45456.0,-0.0146
1681916571,10,0,0.008,0.008,-0.014,0.063,0.0,-0.013600000000000001,0.0,7.390000000000001,0.1279,46152.0,-0.011300000000000001,0.1665,15041.0,45456.0,-0.013600000000000001
1681921205,10,0,0.007,0.201,-0.005,0.062,0.0,-0.013000000000000001,0.0,7.390000000000001,0.1285,45872.0,-0.010100000000000001,0.1665,19675.0,45592.0,-0.013000000000000001
1681925207,10,0,0.007,0.005,-0.016,0.062,0.0,-0.0158,0.0,7.390000000000001,0.1288,45872.0,-0.0126,0.1665,23677.0,45456.0,-0.0158
1681929531,10,0,-0.007,0.20400000000000001,-0.016,0.061,0.0,-0.0137,0.0,7.390000000000001,0.1292,45872.0,-0.011300000000000001,0.1665,0.0,45592.0,-0.0137
1681933531,10,0,0.012,0.013000000000000001,-0.016,0.06,0.0,-0.0115,0.0,7.390000000000001,0.1298,46012.0,-0.0088,0.1665,4000.0,45732.0,-0.0115
1681938684,10,0,0.001,0.184,0.001,0.059000000000000004,0.0,-0.008700000000000001,0.0,7.390000000000001,0.1302,46152.0,-0.007500000000000001,0.1665,9153.0,45456.0,-0.008700000000000001
1681940773,10,0,0.019,0.14300000000000002,0.009000000000000001,0.058,0.0,-0.0099,0.0,7.390000000000001,0.1307,46012.0,-0.007500000000000001,0.1665,11242.0,45732.0,-0.0099
1681945222,10,0,-0.004,0.06,-0.006,0.058,0.0,-0.008,0.0,7.390000000000001,0.1307,46152.0,-0.0063,0.1665,15691.0,45592.0,-0.008
1681949336,10,0,0.018000000000000002,0.133,-0.01,0.057,0.0,-0.0055000000000000005,0.0,7.390000000000001,0.13140000000000002,46012.0,-0.0038,0.1665,19805.0,45592.0,-0.0055000000000000005
1681953532,10,0,0.0,-0.022,-0.007,0.057,0.0,-0.00030000000000000003,0.0,7.390000000000001,0.1315,46012.0,0.0,0.1665,24001.0,45732.0,-0.00030000000000000003
1681958227,10,0,0.013000000000000001,0.145,0.014,0.056,0.0,-0.004,0.0,7.390000000000001,0.1321,46012.0,-0.0038,0.1665,0.0,45456.0,-0.004
1681962274,10,0,0.0,-0.024,0.007,0.056,0.0,-0.0034000000000000002,0.0,7.390000000000001,0.1321,46012.0,-0.0025,0.1665,4047.0,45456.0,-0.0034000000000000002
1681964528,10,0,-0.01,0.075,0.0,0.056,0.0,-0.0012000000000000001,0.0,7.390000000000001,0.1322,46012.0,-0.0013000000000000002,0.1665,6301.0,45316.0,-0.0012000000000000001
1681968530,10,0,0.019,0.066,-0.004,0.055,0.0,0.0048000000000000004,0.0,7.390000000000001,0.1328,45872.0,0.0038,0.1665,10303.0,45592.0,0.0048000000000000004
1681972531,10,0,-0.012,0.0,0.0,0.055,0.0,0.0035,0.0,7.390000000000001,0.1326,46012.0,0.0025,0.1665,14304.0,45316.0,0.0035
1681977290,10,0,0.019,0.074,0.019,0.054,0.0,0.0037,0.0,7.390000000000001,0.1333,46152.0,0.0025,0.1665,19063.0,45592.0,0.0037
1681982288,10,0,-0.014,0.042,0.006,0.055,0.0,0.0063,0.0,7.390000000000001,0.133,46152.0,0.005,0.1665,24061.0,45316.0,0.0063
1681984528,10,0,-0.004,0.127,0.005,0.054,0.0,0.0068000000000000005,0.0,7.390000000000001,0.1333,45872.0,0.005,0.1665,0.0,45592.0,0.0068000000000000005
1681988684,10,0,0.015,-0.024,0.004,0.054,0.0,0.005200000000000001,0.0,7.390000000000001,0.1336,45732.0,0.0038,0.1665,4156.0,45592.0,0.005200000000000001
1681993264,10,0,-0.004,0.129,0.009000000000000001,0.054,0.0,0.0034000000000000002,0.0,7.390000000000001,0.1336,46012.0,0.0025,0.1665,8736.0,45456.0,0.0034000000000000002
1681997558,10,0,0.008,-0.015,0.013000000000000001,0.053,0.0,0.0044,0.0,7.390000000000001,0.134,46152.0,0.0038,0.1665,13030.0,45316.0,0.0044
1682002300,10,0,-0.001,0.113,0.008,0.053,0.0,0.0063,0.0,7.390000000000001,0.134,45732.0,0.005,0.1665,17772.0,45456.0,0.0063
1682004528,10,0,0.011,0.10400000000000001,0.002,0.053,0.0,0.0037,0.0,7.390000000000001,0.1342,46152.0,0.0025,0.1665,20000.0,45456.0,0.0037
1682008529,10,0,-0.012,-0.009000000000000001,-0.011,0.053,0.0,0.00030000000000000003,0.0,7.390000000000001,0.1342,45872.0,0.0,0.1665,24001.0,45732.0,0.00030000000000000003
1682012569,10,0,-0.002,0.108,-0.002,0.053,0.0,0.0012000000000000001,0.0,7.390000000000001,0.1343,46012.0,0.0013000000000000002,0.1665,0.0,45456.0,0.0012000000000000001
1682017313,10,0,-0.014,-0.014,0.002,0.052000000000000005,0.0,0.0026000000000000003,0.0,7.390000000000001,0.1345,45872.0,0.0025,0.1665,4744.0,45316.0,0.0026000000000000003
1682022313,10,0,0.014,0.11800000000000001,-0.008,0.052000000000000005,0.0,-0.001,0.0,7.390000000000001,0.1348,46152.0,-0.0013000000000000002,0.1665,9744.0,45592.0,-0.001
1682024528,10,0,-0.002,0.041,-0.014,0.052000000000000005,0.0,-0.0014,0.0,7.390000000000001,0.13490000000000002,46012.0,-0.0013000000000000002,0.1665,11959.0,45592.0,-0.0014
1682028530,10,0,-0.003,0.042,-0.011,0.052000000000000005,0.0,0.0014,0.0,7.390000000000001,0.1348,46296.0,0.0013000000000000002,0.1665,15961.0,45456.0,0.0014
1682033276,10,0,-0.001,0.033,0.006,0.051000000000000004,0.0,0.0058000000000000005,0.0,7.390000000000001,0.13520000000000001,45872.0,0.005,0.1665,20707.0,45180.0,0.0058000000000000005
1682037325,10,0,-0.008,0.034,-0.002,0.051000000000000004,0.0,0.0038,0.0,7.390000000000001,0.13520000000000001,45872.0,0.0025,0.1665,24756.0,45592.0,0.0038
1682041530,10,0,0.004,0.079,-0.008,0.05,0.0,0.0038,0.0,7.390000000000001,0.1356,46012.0,0.0025,0.1665,0.0,45316.0,0.0038
1682046294,10,0,-0.008,0.002,-0.011,0.051000000000000004,0.0,0.0105,0.0,7.390000000000001,0.1355,46152.0,0.0088,0.1665,4764.0,45456.0,0.0105
1682048528,10,0,0.015,0.07,-0.009000000000000001,0.05,0.0,0.012100000000000001,0.0,7.390000000000001,0.1356,45872.0,0.010100000000000001,0.1665,6998.0,45456.0,0.012100000000000001
1682052529,10,0,-0.004,-0.006,0.006,0.05,0.0,0.0123,0.0,7.390000000000001,0.1359,45872.0,0.010100000000000001,0.1665,10999.0,45316.0,0.0123
1682056530,10,0,-0.001,0.032,0.007,0.05,0.0,0.0115,0.0,7.390000000000001,0.1358,45872.0,0.0088,0.1665,15000.0,45456.0,0.0115
1682061294,10,0,-0.006,-0.033,-0.015,0.049,0.0,0.0204,0.0,7.390000000000001,0.13620000000000002,46012.0,0.016300000000000002,0.1665,19764.0,45592.0,0.0204
1682065295,10,0,0.002,0.008,-0.014,0.05,0.0,0.0213,0.0,7.390000000000001,0.136,45872.0,0.0176,0.1665,23765.0,45592.0,0.0213
1682069529,10,0,0.008,0.017,0.001,0.049,0.0,0.0204,0.0,7.390000000000001,0.1364,45872.0,0.016300000000000002,0.1665,0.0,45456.0,0.0204
1682073530,10,0,-0.003,-0.059000000000000004,0.008,0.049,0.0,0.0247,0.0,7.390000000000001,0.13620000000000002,46012.0,0.0201,0.1665,4001.0,45316.0,0.0247
1682077556,10,0,0.016,0.041,-0.002,0.049,0.0,0.0281,0.0,7.390000000000001,0.1364,46152.0,0.022600000000000002,0.1665,8027.0,45592.0,0.0281
1682080304,10,0,-0.011,-0.08,-0.006,0.049,0.0,0.0287,0.0,7.390000000000001,0.1364,45872.0,0.022600000000000002,0.1665,10775.0,45456.0,0.0287
1682084529,10,0,0.002,0.019,0.0,0.05,0.0,0.028300000000000002,0.0,7.390000000000001,0.1361,45872.0,0.022600000000000002,0.1665,15000.0,45456.0,0.028300000000000002
1682089380,10,0,-0.006,-0.076,0.013000000000000001,0.049,0.0,0.0286,0.0,7.390000000000001,0.1363,46012.0,0.022600000000000002,0.1665,19851.0,45456.0,0.0286
1682093529,10,0,0.011,-0.003,0.01,0.05,0.0,0.032600000000000004,0.0,7.390000000000001,0.136,46012.0,0.0264,0.1665,24000.0,45592.0,0.032600000000000004
1682097558,10,0,0.005,-0.008,-0.001,0.049,0.0,0.027100000000000003,0.0,7.390000000000001,0.1363,46012.0,0.021400000000000002,0.1665,0.0,45592.0,0.027100000000000003
1682100313,10,0,-0.01,-0.068,0.003,0.05,0.0,0.0247,0.0,7.390000000000001,0.1361,45872.0,0.0201,0.1665,2755.0,45316.0,0.0247
1682104527,10,0,0.018000000000000002,0.048,0.007,0.05,0.0,0.026000000000000002,0.0,7.390000000000001,0.1361,45872.0,0.021400000000000002,0.1665,6969.0,45732.0,0.026000000000000002
1682108572,10,0,-0.012,-0.021,0.01,0.049,0.0,0.0229,0.0,7.390000000000001,0.13620000000000002,46012.0,0.0188,0.1665,11014.0,45456.0,0.0229
1682113329,10,0,0.029,0.066,0.019,0.049,0.0,0.0167,0.0,7.390000000000001,0.13620000000000002,46152.0,0.013800000000000002,0.1665,15771.0,45456.0,0.0167
1682117555,10,0,-0.016,-0.02,0.012,0.049,0.0,0.015300000000000001,0.0,7.390000000000001,0.1363,46012.0,0.0126,0.1665,19997.0,45316.0,0.015300000000000001
1682120327,10,0,0.01,-0.01,0.003,0.05,0.0,0.019100000000000002,0.0,7.390000000000001,0.1361,46152.0,0.0151,0.1665,22769.0,45180.0,0.019100000000000002
1682124528,10,0,0.007,0.037,0.004,0.049,0.0,0.0205,0.0,7.390000000000001,0.13620000000000002,46296.0,0.016300000000000002,0.1665,0.0,45316.0,0.0205
1682129335,10,0,0.006,-0.017,0.017,0.05,0.0,0.0195,0.0,7.390000000000001,0.1359,46012.0,0.0151,0.1665,4807.0,45316.0,0.0195
1682133339,10,0,0.009000000000000001,0.029,0.011,0.05,0.0,0.023100000000000002,0.0,7.390000000000001,0.1358,45872.0,0.0188,0.1665,8811.0,45316.0,0.023100000000000002
1682137557,10,0,-0.02,-0.048,-0.006,0.051000000000000004,0.0,0.0264,0.0,7.390000000000001,0.1355,45732.0,0.021400000000000002,0.1665,13029.0,45456.0,0.0264
1682140572,10,0,0.009000000000000001,-0.009000000000000001,-0.018000000000000002,0.051000000000000004,0.0,0.0252,0.0,7.390000000000001,0.13540000000000002,46012.0,0.0201,0.1665,16044.0,45592.0,0.0252
1682145527,10,0,-0.029,-0.049,-0.018000000000000002,0.051000000000000004,0.0,0.028200000000000003,0.0,7.390000000000001,0.1353,46152.0,0.022600000000000002,0.1665,20999.0,45316.0,0.028200000000000003
1682149529,10,0,0.033,0.039,-0.01,0.051000000000000004,0.0,0.020800000000000003,0.0,7.390000000000001,0.1351,45872.0,0.016300000000000002,0.1665,25001.0,45592.0,0.020800000000000003
1682154351,10,0,-0.016,-0.057,-0.016,0.051000000000000004,0.0,0.0257,0.0,7.390000000000001,0.1353,46152.0,0.0201,0.1665,0.0,45732.0,0.0257
1682156351,10,0,0.003,-0.054,-0.021,0.051000000000000004,0.0,0.0275,0.0,7.390000000000001,0.1351,46012.0,0.022600000000000002,0.1665,2000.0,45456.0,0.0275
1682160353,10,0,0.008,0.056,-0.016,0.051000000000000004,0.0,0.025500000000000002,0.0,7.390000000000001,0.13520000000000001,46152.0,0.0201,0.1665,6002.0,45316.0,0.025500000000000002
1682164525,10,0,-0.007,-0.067,-0.009000000000000001,0.051000000000000004,0.0,0.024300000000000002,0.0,7.390000000000001,0.13520000000000001,46152.0,0.0188,0.1665,10174.0,45316.0,0.024300000000000002
1682168527,10,0,0.026000000000000002,0.047,-0.001,0.051000000000000004,0.0,0.027200000000000002,0.0,7.390000000000001,0.13520000000000001,46012.0,0.021400000000000002,0.1665,14176.0,45456.0,0.027200000000000002
1682172574,10,0,-0.016,-0.023,0.007,0.051000000000000004,0.0,0.0303,0.0,7.390000000000001,0.13540000000000002,45872.0,0.0239,0.1665,18223.0,45456.0,0.0303
1682177413,10,0,0.02,0.04,-0.02,0.051000000000000004,0.0,0.0317,0.0,7.390000000000001,0.1353,46012.0,0.0251,0.1665,23062.0,45592.0,0.0317
1682181528,10,0,-0.013000000000000001,-0.048,-0.016,0.051000000000000004,0.0,0.028200000000000003,0.0,7.390000000000001,0.1355,45872.0,0.022600000000000002,0.1665,0.0,45456.0,0.028200000000000003
1682185528,10,0,0.019,-0.005,0.001,0.051000000000000004,0.0,0.0292,0.0,7.390000000000001,0.1353,46012.0,0.0239,0.1665,4000.0,45456.0,0.0292
1682190375,10,0,-0.019,-0.061,0.002,0.05,0.0,0.0339,0.0,7.390000000000001,0.1356,45872.0,0.027600000000000003,0.1665,8847.0,45456.0,0.0339
1682192421,10,0,0.0,-0.108,-0.007,0.051000000000000004,0.0,0.0362,0.0,7.390000000000001,0.13540000000000002,45732.0,0.028900000000000002,0.1665,10893.0,45592.0,0.0362
1682196530,10,0,0.015,0.035,-0.006,0.051000000000000004,0.0,0.039,0.0,7.390000000000001,0.13540000000000002,46012.0,0.031400000000000004,0.1665,15002.0,45456.0,0.039
1682201382,10,0,-0.008,-0.096,0.011,0.051000000000000004,0.0,0.0342,0.0,7.390000000000001,0.13540000000000002,46296.0,0.027600000000000003,0.1665,19854.0,45592.0,0.0342
1682205498,10,0,0.02,0.045,0.024,0.051000000000000004,0.0,0.0333,0.0,7.390000000000001,0.1353,46012.0,0.0264,0.1665,23970.0,45456.0,0.0333
1682210386,10,0,-0.013000000000000001,-0.10200000000000001,0.013000000000000001,0.051000000000000004,0.0,0.0352,0.0,7.390000000000001,0.13520000000000001,46012.0,0.027600000000000003,0.1665,0.0,45316.0,0.0352
1682212434,10,0,0.016,-0.06,0.007,0.052000000000000005,0.0,0.0381,0.0,7.390000000000001,0.13490000000000002,45872.0,0.030100000000000002,0.1665,2048.0,45316.0,0.0381
1682216528,10,0,-0.016,0.015,0.012,0.051000000000000004,0.0,0.038900000000000004,0.0,7.390000000000001,0.135,46152.0,0.031400000000000004,0.1665,6142.0,45316.0,0.038900000000000004
1682221392,10,0,0.007,-0.048,0.013000000000000001,0.052000000000000005,0.0,0.0327,0.0,7.390000000000001,0.1345,46152.0,0.0264,0.1665,11006.0,45316.0,0.0327
1682225397,10,0,-0.005,0.034,0.017,0.052000000000000005,0.0,0.032,0.0,7.390000000000001,0.13470000000000001,45732.0,0.0251,0.1665,15011.0,45456.0,0.032
1682229526,10,0,-0.006,-0.08,0.015,0.052000000000000005,0.0,0.033,0.0,7.390000000000001,0.13440000000000002,46152.0,0.0264,0.1665,19140.0,45456.0,0.033
1682233528,10,0,0.009000000000000001,0.053,0.003,0.052000000000000005,0.0,0.0308,0.0,7.390000000000001,0.1343,46152.0,0.0251,0.1665,23142.0,45592.0,0.0308
1682237552,10,0,-0.015,-0.06,-0.002,0.052000000000000005,0.0,0.029500000000000002,0.0,7.390000000000001,0.13440000000000002,46152.0,0.0239,0.1665,0.0,45316.0,0.029500000000000002
1682240403,10,0,0.019,-0.013000000000000001,0.007,0.053,0.0,0.0281,0.0,7.390000000000001,0.1341,46152.0,0.022600000000000002,0.1665,2851.0,45316.0,0.0281
1682244527,10,0,-0.017,0.046,0.012,0.052000000000000005,0.0,0.0247,0.0,7.390000000000001,0.1343,46012.0,0.0201,0.1665,6975.0,45456.0,0.0247
1682248527,10,0,0.008,-0.059000000000000004,-0.001,0.053,0.0,0.0258,0.0,7.390000000000001,0.1341,45732.0,0.0201,0.1665,10975.0,45456.0,0.0258
1682253414,10,0,-0.022,0.051000000000000004,-0.009000000000000001,0.053,0.0,0.0269,0.0,7.390000000000001,0.1342,46152.0,0.021400000000000002,0.1665,15862.0,45732.0,0.0269
1682257461,10,0,0.002,-0.065,-0.003,0.053,0.0,0.0264,0.0,7.390000000000001,0.13390000000000002,45872.0,0.021400000000000002,0.1665,19909.0,45316.0,0.0264
1682261528,10,0,-0.006,0.077,0.004,0.053,0.0,0.0268,0.0,7.390000000000001,0.13390000000000002,45732.0,0.021400000000000002,0.1665,23976.0,45316.0,0.0268
1682266422,10,0,0.007,-0.07200000000000001,-0.011,0.053,0.0,0.0273,0.0,7.390000000000001,0.1338,46296.0,0.021400000000000002,0.1665,0.0,45316.0,0.0273
1682268573,10,0,0.016,-0.033,-0.012,0.054,0.0,0.0258,0.0,7.390000000000001,0.1337,45872.0,0.0201,0.1665,2151.0,45316.0,0.0258
1682273528,10,0,-0.02,-0.036000000000000004,-0.013000000000000001,0.053,0.0,0.0252,0.0,7.390000000000001,0.134,46012.0,0.0201,0.1665,7106.0,45456.0,0.0252
1682277554,10,0,0.012,0.025,-0.011,0.054,0.0,0.0235,0.0,7.390000000000001,0.1337,45872.0,0.0188,0.1665,11132.0,45456.0,0.0235
1682280430,10,0,-0.019,0.088,0.003,0.053,0.0,0.0234,0.0,7.390000000000001,0.134,46012.0,0.0188,0.1665,14008.0,45456.0,0.0234
1682284527,10,0,0.012,-0.093,-0.005,0.053,0.0,0.0264,0.0,7.390000000000001,0.13390000000000002,46012.0,0.021400000000000002,0.1665,18105.0,45456.0,0.0264
1682288681,10,0,-0.002,0.098,-0.01,0.053,0.0,0.028,0.0,7.390000000000001,0.13390000000000002,46152.0,0.022600000000000002,0.1665,22259.0,45456.0,0.028
1682293463,10,0,0.014,-0.101,-0.01,0.053,0.0,0.027600000000000003,0.0,7.390000000000001,0.134,45872.0,0.022600000000000002,0.1665,0.0,45456.0,0.027600000000000003
1682297556,10,0,-0.004,0.109,0.004,0.053,0.0,0.025900000000000003,0.0,7.390000000000001,0.1341,45872.0,0.021400000000000002,0.1665,4093.0,45456.0,0.025900000000000003
1682300572,10,0,-0.022,0.056,0.006,0.052000000000000005,0.0,0.0268,0.0,7.390000000000001,0.13440000000000002,45872.0,0.021400000000000002,0.1665,7109.0,45456.0,0.0268
1682305445,10,0,0.014,0.043000000000000003,-0.002,0.053,0.0,0.0303,0.0,7.390000000000001,0.1341,45872.0,0.0239,0.1665,11982.0,45456.0,0.0303
1682309525,10,0,-0.007,-0.02,-0.011,0.052000000000000005,0.0,0.032,0.0,7.390000000000001,0.13440000000000002,46296.0,0.0251,0.1665,16062.0,45456.0,0.032
1682313527,10,0,0.017,-0.054,-0.005,0.053,0.0,0.035300000000000005,0.0,7.390000000000001,0.134,46152.0,0.027600000000000003,0.1665,20064.0,45732.0,0.035300000000000005
1682318453,10,0,-0.012,-0.019,0.011,0.052000000000000005,0.0,0.0369,0.0,7.390000000000001,0.13440000000000002,45872.0,0.028900000000000002,0.1665,24990.0,45592.0,0.0369
1682320455,10,0,0.012,-0.122,0.006,0.053,0.0,0.0361,0.0,7.390000000000001,0.1342,46012.0,0.028900000000000002,0.1665,0.0,45592.0,0.0361
1682324524,10,0,0.008,0.06,0.0,0.053,0.0,0.0374,0.0,7.390000000000001,0.13390000000000002,45872.0,0.030100000000000002,0.1665,4069.0,45316.0,0.0374
1682328524,10,0,0.004,-0.075,-0.005,0.053,0.0,0.0374,0.0,7.390000000000001,0.1342,45872.0,0.030100000000000002,0.1665,8069.0,45592.0,0.0374
1682332572,10,0,0.015,-0.075,-0.004,0.054,0.0,0.037200000000000004,0.0,7.390000000000001,0.1337,46012.0,0.030100000000000002,0.1665,12117.0,45592.0,0.037200000000000004
1682337651,10,0,0.006,-0.065,0.015,0.053,0.0,0.0376,0.0,7.390000000000001,0.13390000000000002,45732.0,0.030100000000000002,0.1665,17196.0,45592.0,0.0376
1682340468,10,0,0.024,-0.092,0.003,0.054,0.0,0.0396,0.0,7.390000000000001,0.13340000000000002,46152.0,0.031400000000000004,0.1665,20013.0,45592.0,0.0396
1682344526,10,0,-0.005,0.07100000000000001,0.0,0.054,0.0,0.038700000000000005,0.0,7.390000000000001,0.1335,46012.0,0.031400000000000004,0.1665,24071.0,45316.0,0.038700000000000005
1682348528,10,0,0.02,-0.109,0.0,0.054,0.0,0.034,0.0,7.390000000000001,0.1333,45872.0,0.027600000000000003,0.1665,0.0,45456.0,0.034
1682353477,10,0,-0.011,0.094,0.016,0.054,0.0,0.030600000000000002,0.0,7.390000000000001,0.13340000000000002,45592.0,0.0251,0.1665,4949.0,45592.0,0.030600000000000002
1682357525,10,0,0.022,-0.095,0.005,0.054,0.0,0.028800000000000003,0.0,7.390000000000001,0.1333,46152.0,0.022600000000000002,0.1665,8997.0,45316.0,0.028800000000000003
1682362529,10,0,-0.005,0.11900000000000001,0.005,0.054,0.0,0.0239,0.0,7.390000000000001,0.13340000000000002,45732.0,0.0188,0.1665,14001.0,45456.0,0.0239
1682364572,10,0,-0.009000000000000001,0.074,0.006,0.054,0.0,0.0246,0.0,7.390000000000001,0.1335,46012.0,0.0201,0.1665,16044.0,45316.0,0.0246
1682370485,10,0,-0.011,0.115,0.003,0.054,0.0,0.0252,0.0,7.390000000000001,0.1332,45732.0,0.0201,0.1665,21957.0,45456.0,0.0252
1682372536,10,0,-0.015,0.083,0.006,0.054,0.0,0.025900000000000003,0.0,7.390000000000001,0.1335,45872.0,0.021400000000000002,0.1665,24008.0,45592.0,0.025900000000000003
1682377541,10,0,0.014,-0.034,-0.008,0.054,0.0,0.027700000000000002,0.0,7.390000000000001,0.1331,46012.0,0.022600000000000002,0.1665,0.0,45316.0,0.027700000000000002
1682380493,10,0,-0.013000000000000001,0.138,-0.002,0.054,0.0,0.025,0.0,7.390000000000001,0.13340000000000002,46152.0,0.0201,0.1665,2952.0,45456.0,0.025
1682385497,10,0,0.017,-0.08700000000000001,-0.023,0.054,0.0,0.0219,0.0,7.390000000000001,0.1333,45732.0,0.0176,0.1665,7956.0,45592.0,0.0219
1682389659,10,0,-0.024,0.152,-0.009000000000000001,0.054,0.0,0.020900000000000002,0.0,7.390000000000001,0.1336,46012.0,0.016300000000000002,0.1665,12118.0,45456.0,0.020900000000000002
1682392548,10,0,-0.002,-0.033,-0.008,0.053,0.0,0.0221,0.0,7.390000000000001,0.13390000000000002,46152.0,0.0176,0.1665,15007.0,45316.0,0.0221
1682397620,10,0,-0.014,0.11900000000000001,0.0,0.054,0.0,0.020900000000000002,0.0,7.390000000000001,0.1336,46012.0,0.016300000000000002,0.1665,20079.0,45592.0,0.020900000000000002
1682400509,10,0,-0.01,0.067,-0.003,0.053,0.0,0.0206,0.0,7.390000000000001,0.1342,45872.0,0.016300000000000002,0.1665,22968.0,45456.0,0.0206
1682405511,10,0,0.0,0.026000000000000002,-0.014,0.053,0.0,0.0204,0.0,7.390000000000001,0.1338,46012.0,0.016300000000000002,0.1665,0.0,45316.0,0.0204
1682410513,10,0,-0.001,-0.012,0.002,0.052000000000000005,0.0,0.0221,0.0,7.390000000000001,0.1345,45872.0,0.0176,0.1665,5002.0,45456.0,0.0221
1682412562,10,0,0.013000000000000001,-0.105,0.001,0.053,0.0,0.0228,0.0,7.390000000000001,0.1342,45732.0,0.0188,0.1665,7051.0,45316.0,0.0228
1682417567,10,0,-0.019,0.127,0.003,0.052000000000000005,0.0,0.026600000000000002,0.0,7.390000000000001,0.1345,45872.0,0.021400000000000002,0.1665,12056.0,45316.0,0.026600000000000002
1682420520,10,0,0.004,-0.082,-0.011,0.052000000000000005,0.0,0.0267,0.0,7.390000000000001,0.1346,46012.0,0.021400000000000002,0.1665,15009.0,45732.0,0.0267
1682425523,10,0,-0.017,0.123,-0.011,0.052000000000000005,0.0,0.027200000000000002,0.0,7.390000000000001,0.13440000000000002,46012.0,0.021400000000000002,0.1665,20012.0,45592.0,0.027200000000000002
1682429659,10,0,0.008,-0.079,-0.005,0.052000000000000005,0.0,0.0285,0.0,7.390000000000001,0.13470000000000001,45732.0,0.022600000000000002,0.1665,24148.0,45592.0,0.0285
1682432574,10,0,0.002,-0.032,-0.001,0.052000000000000005,-2.67,0.0285,0.0,7.390000000000001,0.1343,45732.0,0.022600000000000002,0.1665,0.0,45592.0,0.0285
1682437578,10,0,-0.002,0.008,0.01,0.046,-2.67,0.027100000000000003,0.0,7.390000000000001,0.13490000000000002,45872.0,0.021400000000000002,0.163,5004.0,45316.0,0.027100000000000003
1682442579,10,0,-0.005,0.042,-0.004,0.041,-2.67,0.0244,0.0,7.390000000000001,0.1345,46152.0,0.0201,0.1595,10005.0,45592.0,0.0244
1682445535,10,0,-0.017,0.10200000000000001,0.005,0.037,-2.67,0.021500000000000002,0.0,7.390000000000001,0.135,46012.0,0.0176,0.1574,12961.0,45456.0,0.021500000000000002
1682450539,10,0,0.006,-0.043000000000000003,0.008,0.031,-2.67,0.018000000000000002,0.0,7.390000000000001,0.13470000000000001,45872.0,0.013800000000000002,0.1539,17965.0,45592.0,0.018000000000000002
1682452541,10,0,-0.012,0.109,0.016,0.029,-2.67,0.016800000000000002,0.0,7.390000000000001,0.1348,46012.0,0.013800000000000002,0.1525,19967.0,45456.0,0.016800000000000002
1682456782,10,0,0.012,-0.038,0.014,0.024,-2.67,0.0149,0.0,7.390000000000001,0.13520000000000001,46012.0,0.011300000000000001,0.1497,24208.0,45592.0,0.0149
1682461662,10,0,-0.007,0.101,0.007,0.019,-2.67,0.0128,0.0,7.390000000000001,0.13490000000000002,45872.0,0.010100000000000001,0.1463,0.0,45456.0,0.0128
1682464548,10,0,-0.001,0.063,0.001,0.014,-2.67,0.0102,0.0,7.390000000000001,0.13540000000000002,46012.0,0.007500000000000001,0.1442,2886.0,45456.0,0.0102
1682468553,10,0,0.007,-0.059000000000000004,0.003,0.01,-2.67,0.0079,0.0,7.390000000000001,0.135,46152.0,0.0063,0.1414,6891.0,45732.0,0.0079
1682472600,10,0,-0.006,0.149,0.022,0.005,-2.67,0.0021000000000000003,0.0,7.390000000000001,0.13540000000000002,45872.0,0.0013000000000000002,0.1386,10938.0,45456.0,0.0021000000000000003
1682477629,10,0,0.013000000000000001,-0.067,0.0,0.0,-2.67,0.0007,0.0,7.390000000000001,0.1353,45872.0,0.0,0.1351,15967.0,45456.0,0.0007
1682480558,10,0,-0.011,0.146,-0.003,-0.004,-2.67,0.0002,0.0,7.390000000000001,0.13540000000000002,45732.0,0.0,0.133,18896.0,45456.0,0.0002
1682485561,10,0,0.012,-0.093,-0.008,-0.01,-2.67,-0.0032,0.0,7.390000000000001,0.1356,45872.0,-0.0025,0.1295,23899.0,45316.0,-0.0032
1682489662,10,0,-0.012,0.135,0.011,-0.014,-2.67,-0.003,0.0,7.390000000000001,0.1355,46152.0,-0.0025,0.1267,0.0,45592.0,-0.003
1682492573,10,0,0.001,0.098,0.014,-0.018000000000000002,-2.67,-0.003,0.0,7.390000000000001,0.1359,45872.0,-0.0025,0.1246,2911.0,45456.0,-0.003
1682497618,10,0,-0.004,0.068,-0.01,-0.023,-2.67,-0.0073,0.0,7.390000000000001,0.1355,46012.0,-0.0063,0.1211,7956.0,45316.0,-0.0073
1682500570,10,0,0.0,0.123,-0.006,-0.028,-2.67,-0.0117,0.0,7.390000000000001,0.1361,46012.0,-0.0088,0.11900000000000001,10908.0,45316.0,-0.0117
1682505573,10,0,0.005,-0.023,-0.012,-0.033,-2.67,-0.013300000000000001,0.0,7.390000000000001,0.1359,45872.0,-0.01,0.1155,15911.0,45592.0,-0.013300000000000001
1682510578,10,0,0.013000000000000001,0.07100000000000001,0.007,-0.04,-2.67,-0.018600000000000002,0.0,7.390000000000001,0.1366,46012.0,-0.0151,0.112,20916.0,45592.0,-0.018600000000000002
1682512624,10,0,0.024,-0.065,0.001,-0.042,-2.67,-0.02,0.0,7.390000000000001,0.1365,45872.0,-0.016300000000000002,0.1107,22962.0,45456.0,-0.02
1682517627,10,0,-0.006,0.155,-0.009000000000000001,-0.048,-2.67,-0.0207,0.0,7.390000000000001,0.13670000000000002,45872.0,-0.016300000000000002,0.1072,0.0,45456.0,-0.0207
1682520588,10,0,0.018000000000000002,-0.007,-0.016,-0.052000000000000005,-2.67,-0.0199,0.0,7.390000000000001,0.137,46012.0,-0.016300000000000002,0.1051,2961.0,45316.0,-0.0199
1682525419,10,0,-0.007,0.015,-0.012,-0.057,-2.67,-0.019100000000000002,0.0,7.390000000000001,0.13670000000000002,45872.0,-0.0151,0.10160000000000001,7792.0,45456.0,-0.019100000000000002
1682530590,10,0,0.013000000000000001,-0.074,-0.001,-0.064,-2.67,-0.0176,0.0,7.390000000000001,0.1371,46012.0,-0.013800000000000002,0.0981,12963.0,45456.0,-0.0176
1682532635,10,0,0.006,-0.088,-0.007,-0.066,-2.67,-0.014,0.0,7.390000000000001,0.1369,46012.0,-0.011300000000000001,0.09670000000000001,15008.0,45456.0,-0.014
1682537639,10,0,0.008,0.05,-0.003,-0.07100000000000001,-2.67,-0.0105,0.0,7.390000000000001,0.137,46012.0,-0.0088,0.0932,20012.0,45456.0,-0.0105
1682542643,10,0,-0.001,-0.085,-0.011,-0.076,-2.67,-0.0047,0.0,7.390000000000001,0.1365,45592.0,-0.0038,0.0897,25016.0,45592.0,-0.0047
1682545597,10,0,-0.003,0.05,-0.006,-0.08,-2.67,-0.0036000000000000003,0.0,7.390000000000001,0.1366,45732.0,-0.0025,0.0876,0.0,45456.0,-0.0036000000000000003
1682550603,10,0,0.007,-0.132,-0.005,-0.085,-2.67,-0.0047,0.0,7.390000000000001,0.1364,45872.0,-0.0038,0.08410000000000001,5006.0,45592.0,-0.0047
1682552649,10,0,-0.001,-0.042,-0.006,-0.08700000000000001,-2.67,-0.006900000000000001,0.0,7.390000000000001,0.1361,45872.0,-0.005,0.08270000000000001,7052.0,45592.0,-0.006900000000000001
1682557729,10,0,0.014,-0.058,-0.012,-0.093,-2.67,-0.0094,0.0,7.390000000000001,0.1365,46296.0,-0.007500000000000001,0.0792,12132.0,45456.0,-0.0094
1682560609,10,0,0.005,-0.115,-0.018000000000000002,-0.096,-2.67,-0.010700000000000001,0.0,7.390000000000001,0.1361,46012.0,-0.0088,0.0771,15012.0,45592.0,-0.010700000000000001
1682565609,10,0,-0.003,0.024,0.013000000000000001,-0.10200000000000001,-2.67,-0.0145,0.0,7.390000000000001,0.1364,45732.0,-0.011300000000000001,0.0737,20012.0,45456.0,-0.0145
1682570615,10,0,0.006,-0.054,0.001,-0.107,-2.67,-0.0212,0.0,7.390000000000001,0.136,46012.0,-0.0176,0.0702,25018.0,45732.0,-0.0212
1682572661,10,0,-0.002,0.06,0.003,-0.11,-2.67,-0.0221,0.0,7.390000000000001,0.13620000000000002,46012.0,-0.0176,0.0688,0.0,45592.0,-0.0221
1682577663,10,0,0.011,-0.10400000000000001,0.005,-0.116,-2.67,-0.0281,0.0,7.390000000000001,0.13620000000000002,46012.0,-0.022600000000000002,0.0653,5002.0,45316.0,-0.0281
1682580574,10,0,0.005,0.033,0.011,-0.11900000000000001,-2.67,-0.0342,0.0,7.390000000000001,0.1359,46012.0,-0.027600000000000003,0.0632,7913.0,45592.0,-0.0342
1682585622,10,0,0.005,-0.067,0.024,-0.121,0.0,-0.033,0.0,7.390000000000001,0.13620000000000002,45732.0,-0.0264,0.0618,12961.0,45456.0,-0.033
1682589685,10,0,-0.008,-0.024,0.022,-0.121,0.0,-0.0374,0.0,7.390000000000001,0.13570000000000002,45872.0,-0.030100000000000002,0.0618,17024.0,45592.0,-0.0374
1682592671,10,0,-0.005,0.043000000000000003,0.022,-0.121,0.0,-0.0318,0.0,7.390000000000001,0.13570000000000002,46012.0,-0.0251,0.0618,20010.0,45732.0,-0.0318
1682597691,10,0,-0.007,-0.038,0.007,-0.12,0.0,-0.0325,0.0,7.390000000000001,0.1353,46012.0,-0.0264,0.0618,25030.0,45456.0,-0.0325
1682600633,10,0,-0.016,0.105,0.01,-0.12,0.0,-0.0393,0.0,7.390000000000001,0.1355,46152.0,-0.031400000000000004,0.0618,0.0,45592.0,-0.0393
1682605636,10,0,-0.011,-0.116,0.001,-0.12,0.0,-0.0303,0.0,7.390000000000001,0.13520000000000001,45732.0,-0.0239,0.0618,5003.0,45732.0,-0.0303
1682610639,10,0,-0.005,0.062,0.004,-0.12,0.0,-0.027600000000000003,0.0,7.390000000000001,0.13520000000000001,45872.0,-0.022600000000000002,0.0618,10006.0,45316.0,-0.027600000000000003
1682612686,10,0,0.007,-0.07,-0.005,-0.12,0.0,-0.0274,0.0,7.390000000000001,0.1351,46012.0,-0.021400000000000002,0.0618,12053.0,45456.0,-0.0274
1682617684,10,0,-0.027,0.006,-0.03,-0.11800000000000001,0.0,-0.0164,0.0,7.390000000000001,0.13440000000000002,45872.0,-0.0126,0.0618,17051.0,45456.0,-0.0164
1682620644,10,0,-0.006,0.0,-0.018000000000000002,-0.11900000000000001,0.0,-0.018500000000000003,0.0,7.390000000000001,0.1345,45732.0,-0.0151,0.0618,20011.0,45592.0,-0.018500000000000003
1682625648,10,0,-0.014,-0.08,-0.003,-0.117,0.0,-0.0161,0.0,7.390000000000001,0.1338,45872.0,-0.0126,0.0618,25015.0,45456.0,-0.0161
1682630652,10,0,0.0,-0.049,-0.016,-0.11800000000000001,0.0,-0.0165,0.0,7.390000000000001,0.13390000000000002,46012.0,-0.0126,0.0618,0.0,45592.0,-0.0165
1682632690,10,0,0.001,-0.133,-0.024,-0.117,0.0,-0.018000000000000002,0.0,7.390000000000001,0.1337,45732.0,-0.013800000000000002,0.0618,2038.0,45456.0,-0.018000000000000002
1682637734,10,0,-0.001,0.044,-0.009000000000000001,-0.117,0.0,-0.021,0.0,7.390000000000001,0.1336,45732.0,-0.016300000000000002,0.0618,7082.0,45732.0,-0.021
1682642573,10,0,-0.002,-0.123,-0.005,-0.117,0.0,-0.02,0.0,7.390000000000001,0.1335,45872.0,-0.016300000000000002,0.0618,11921.0,45456.0,-0.02
1682644662,10,0,0.003,-0.029,0.003,-0.117,0.0,-0.0222,0.0,7.390000000000001,0.1333,45732.0,-0.0176,0.0618,14010.0,45592.0,-0.0222
1682649662,10,0,0.016,-0.084,0.004,-0.117,0.0,-0.0187,0.0,7.390000000000001,0.1336,45732.0,-0.0151,0.0618,19010.0,45592.0,-0.0187
1682654778,10,0,0.006,0.022,-0.003,-0.116,0.0,-0.0219,0.0,7.390000000000001,0.1332,45872.0,-0.0176,0.0618,24126.0,45732.0,-0.0219
1682657572,10,0,0.004,0.013000000000000001,0.0,-0.117,0.0,-0.0178,0.0,7.390000000000001,0.13340000000000002,46012.0,-0.013800000000000002,0.0618,0.0,45456.0,-0.0178
1682661671,10,0,-0.005,-0.106,0.002,-0.116,0.0,-0.014700000000000001,0.0,7.390000000000001,0.13290000000000002,45732.0,-0.011300000000000001,0.0618,4099.0,45592.0,-0.014700000000000001
1682665674,10,0,-0.007,0.0,0.005,-0.116,0.0,-0.0115,0.0,7.390000000000001,0.133,46152.0,-0.0088,0.0618,8102.0,45456.0,-0.0115
1682670676,10,0,-0.004,-0.133,-0.009000000000000001,-0.115,0.0,-0.006200000000000001,0.0,7.390000000000001,0.1323,45732.0,-0.005,0.0618,13104.0,45592.0,-0.006200000000000001
1682672756,10,0,-0.006,-0.015,-0.01,-0.115,0.0,-0.004,0.0,7.390000000000001,0.1323,45872.0,-0.0038,0.0618,15184.0,45456.0,-0.004
1682677756,10,0,0.009000000000000001,-0.182,-0.003,-0.115,0.0,-0.0032,0.0,7.390000000000001,0.1321,46152.0,-0.0025,0.0618,20184.0,45456.0,-0.0032
1682680682,10,0,-0.018000000000000002,-0.09,0.007,-0.114,0.0,-0.0008,0.0,7.390000000000001,0.1316,45732.0,-0.0013000000000000002,0.0618,23110.0,45456.0,-0.0008
1682685572,10,0,0.008,-0.066,0.018000000000000002,-0.114,0.0,-0.0007,0.0,7.390000000000001,0.1316,46012.0,0.0,0.0618,0.0,45456.0,-0.0007
1682689832,10,0,-0.006,-0.094,0.014,-0.112,0.0,-0.0008,0.0,7.390000000000001,0.1307,45872.0,-0.0013000000000000002,0.0618,4260.0,45592.0,-0.0008
1682692573,10,0,0.006,0.003,0.017,-0.112,0.0,-0.0008,0.0,7.390000000000001,0.1308,45872.0,-0.0013000000000000002,0.0618,7001.0,45456.0,-0.0008
1682696688,10,0,0.005,-0.196,0.011,-0.112,0.0,-0.0009000000000000001,0.0,7.390000000000001,0.1303,45732.0,-0.0013000000000000002,0.0618,11116.0,45316.0,-0.0009000000000000001
1682701690,10,0,0.015,0.001,0.026000000000000002,-0.111,0.0,-0.0013000000000000002,0.0,7.390000000000001,0.12990000000000002,45872.0,-0.0013000000000000002,0.0618,16118.0,45456.0,-0.0013000000000000002
1682705734,10,0,0.0,-0.20400000000000001,0.016,-0.11,0.0,0.0007,0.0,7.390000000000001,0.1293,45732.0,0.0,0.0618,20162.0,45456.0,0.0007
1682710573,10,0,-0.003,-0.014,-0.006,-0.109,0.0,0.0054,0.0,7.390000000000001,0.1288,46012.0,0.0038,0.0618,25001.0,45456.0,0.0054
1682712773,10,0,0.013000000000000001,-0.122,-0.012,-0.109,0.0,0.0046,0.0,7.390000000000001,0.1287,45592.0,0.0038,0.0618,0.0,45732.0,0.0046
1682717572,10,0,-0.013000000000000001,-0.134,-0.001,-0.108,0.0,0.0058000000000000005,0.0,7.390000000000001,0.1278,45872.0,0.005,0.0618,4799.0,45456.0,0.0058000000000000005
1682721744,10,0,0.01,-0.115,0.007,-0.107,0.0,0.006500000000000001,0.0,7.390000000000001,0.12760000000000002,45872.0,0.005,0.0618,8971.0,45592.0,0.006500000000000001
1682726572,10,0,-0.005,-0.137,-0.015,-0.106,0.0,0.0057,0.0,7.390000000000001,0.1267,46012.0,0.005,0.0618,13799.0,45316.0,0.0057
1682728745,10,0,0.013000000000000001,-0.004,-0.017,-0.106,0.0,0.0027,0.0,7.390000000000001,0.1265,45872.0,0.0025,0.0618,15972.0,45592.0,0.0027
1682732792,10,0,0.003,-0.17300000000000001,-0.014,-0.105,0.0,-0.0011,0.0,7.390000000000001,0.1262,45732.0,-0.0013000000000000002,0.0618,20019.0,45316.0,-0.0011
1682737572,10,0,0.005,-0.033,-0.003,-0.10400000000000001,0.0,0.0017000000000000001,0.0,7.390000000000001,0.1257,45732.0,0.0013000000000000002,0.0618,24799.0,45592.0,0.0017000000000000001
1682741755,10,0,-0.005,-0.145,-0.004,-0.10400000000000001,0.0,-0.004200000000000001,0.0,7.390000000000001,0.1255,45592.0,-0.0038,0.0618,0.0,45456.0,-0.004200000000000001
1682746573,10,0,0.002,-0.043000000000000003,-0.01,-0.10300000000000001,0.0,-0.0029000000000000002,0.0,7.390000000000001,0.125,45872.0,-0.0025,0.0618,4818.0,45592.0,-0.0029000000000000002
1682748754,10,0,0.007,-0.038,-0.013000000000000001,-0.10300000000000001,0.0,-0.0021000000000000003,0.0,7.390000000000001,0.125,45732.0,-0.0013000000000000002,0.0618,6999.0,45180.0,-0.0021000000000000003
1682753599,10,0,-0.008,-0.136,-0.005,-0.10200000000000001,0.0,-0.005200000000000001,0.0,7.390000000000001,0.1245,45872.0,-0.0038,0.0618,11844.0,45316.0,-0.005200000000000001
1682757812,10,0,0.009000000000000001,-0.041,0.011,-0.10200000000000001,0.0,-0.0012000000000000001,0.0,7.390000000000001,0.12440000000000001,45732.0,-0.0013000000000000002,0.0618,16057.0,45456.0,-0.0012000000000000001
1682760572,10,0,-0.012,-0.134,0.01,-0.10200000000000001,0.0,0.0002,0.0,7.390000000000001,0.1242,45592.0,0.0,0.0618,18817.0,45456.0,0.0002
1682765572,10,0,0.013000000000000001,-0.056,-0.008,-0.101,0.0,0.0061,0.0,7.390000000000001,0.1236,45872.0,0.005,0.0618,23817.0,45456.0,0.0061
1682769771,10,0,-0.025,-0.177,-0.004,-0.1,0.0,0.011600000000000001,0.0,7.390000000000001,0.1231,45732.0,0.0088,0.0618,0.0,45456.0,0.011600000000000001
1682773800,10,0,0.008,-0.101,0.006,-0.099,0.0,0.0179,0.0,7.390000000000001,0.12240000000000001,46012.0,0.013800000000000002,0.0618,4029.0,45592.0,0.0179
1682776573,10,0,0.011,-0.093,0.008,-0.099,0.0,0.0212,0.0,7.390000000000001,0.1222,45872.0,0.016300000000000002,0.0618,6802.0,45456.0,0.0212
1682781534,10,0,-0.007,-0.178,-0.007,-0.097,0.0,0.0212,0.0,7.390000000000001,0.1213,45872.0,0.016300000000000002,0.0618,11763.0,45456.0,0.0212
1682785772,10,0,-0.007,-0.129,-0.02,-0.096,0.0,0.024200000000000003,0.0,7.390000000000001,0.12090000000000001,46012.0,0.0188,0.0618,16001.0,45592.0,0.024200000000000003
1682789947,10,0,-0.019,-0.187,-0.01,-0.095,0.0,0.025,0.0,7.390000000000001,0.1202,45872.0,0.0201,0.0618,20176.0,45456.0,0.025
1682792578,10,0,0.006,-0.099,-0.003,-0.095,0.0,0.0219,0.0,7.390000000000001,0.12000000000000001,46012.0,0.0176,0.0618,22807.0,45456.0,0.0219
1682796793,10,0,-0.017,-0.219,0.005,-0.094,0.0,0.0279,0.0,7.390000000000001,0.1194,45592.0,0.022600000000000002,0.0618,0.0,45456.0,0.0279
1682801534,10,0,-0.004,-0.116,-0.003,-0.093,0.0,0.0303,0.0,7.390000000000001,0.11860000000000001,46012.0,0.0239,0.0618,4741.0,45456.0,0.0303
1682805572,10,0,-0.002,-0.16,-0.001,-0.092,0.0,0.0257,0.0,7.390000000000001,0.1183,46012.0,0.0201,0.0618,8779.0,45592.0,0.0257
1682809792,10,0,0.003,-0.131,0.012,-0.091,0.0,0.030500000000000003,0.0,7.390000000000001,0.1173,45872.0,0.0239,0.0618,12999.0,45592.0,0.030500000000000003
1682814570,10,0,0.019,-0.108,0.021,-0.09,0.0,0.0284,0.0,7.390000000000001,0.11720000000000001,46012.0,0.022600000000000002,0.0618,17777.0,45456.0,0.0284
1682816572,10,0,-0.012,-0.194,0.016,-0.09,0.0,0.024200000000000003,0.0,7.390000000000001,0.1168,45732.0,0.0188,0.0618,19779.0,45456.0,0.024200000000000003
1682820792,10,0,0.022,-0.075,0.011,-0.089,0.0,0.0223,0.0,7.390000000000001,0.11610000000000001,45732.0,0.0176,0.0618,23999.0,45456.0,0.0223
1682825533,10,0,-0.023,-0.169,0.01,-0.088,0.0,0.0195,0.0,7.390000000000001,0.1158,46012.0,0.0151,0.0618,0.0,45456.0,0.0195
1682829807,10,0,0.033,-0.052000000000000005,0.013000000000000001,-0.08700000000000001,0.0,0.013800000000000002,0.0,7.390000000000001,0.11510000000000001,46152.0,0.011300000000000001,0.0618,4274.0,45456.0,0.013800000000000002
1682833838,10,0,-0.028,-0.14,0.024,-0.08600000000000001,0.0,0.011600000000000001,0.0,7.390000000000001,0.11470000000000001,46012.0,0.0088,0.0618,8305.0,45456.0,0.011600000000000001
1682836525,10,0,-0.006,-0.145,0.024,-0.08600000000000001,0.0,0.0122,0.0,7.390000000000001,0.1143,45592.0,0.010100000000000001,0.0618,10992.0,45592.0,0.0122
1682840809,10,0,-0.003,-0.078,0.008,-0.085,0.0,0.0162,0.0,7.390000000000001,0.11380000000000001,46152.0,0.0126,0.0618,15276.0,45316.0,0.0162
1682845548,10,0,-0.01,-0.158,0.003,-0.084,0.0,0.0172,0.0,7.390000000000001,0.113,46012.0,0.013800000000000002,0.0618,20015.0,45732.0,0.0172
1682849821,10,0,0.004,-0.099,0.013000000000000001,-0.082,0.0,0.0241,0.0,7.390000000000001,0.11230000000000001,45872.0,0.0188,0.0618,24288.0,45456.0,0.0241
1682852576,10,0,-0.029,-0.153,0.015,-0.082,0.0,0.024300000000000002,0.0,7.390000000000001,0.1119,46012.0,0.0188,0.0618,0.0,45592.0,0.024300000000000002
1682856856,10,0,0.024,-0.088,0.004,-0.08,0.0,0.022000000000000002,0.0,7.390000000000001,0.111,46152.0,0.0176,0.0618,4280.0,45456.0,0.022000000000000002
1682861578,10,0,-0.028,-0.162,-0.01,-0.079,0.0,0.0273,0.0,7.390000000000001,0.1105,46012.0,0.021400000000000002,0.0618,9002.0,45592.0,0.0273
1682865819,10,0,0.025,-0.084,-0.026000000000000002,-0.078,0.0,0.0241,0.0,7.390000000000001,0.10980000000000001,45872.0,0.0188,0.0618,13243.0,45456.0,0.0241
1682870542,10,0,-0.015,-0.153,-0.012,-0.078,0.0,0.0251,0.0,7.390000000000001,0.1095,45872.0,0.0201,0.0618,17966.0,45592.0,0.0251
1682872576,10,0,-0.018000000000000002,-0.183,-0.013000000000000001,-0.077,0.0,0.024900000000000002,0.0,7.390000000000001,0.1092,45732.0,0.0201,0.0618,20000.0,45456.0,0.024900000000000002
1682876819,10,0,0.017,-0.064,-0.019,-0.077,0.0,0.023200000000000002,0.0,7.390000000000001,0.1087,46012.0,0.0188,0.0618,24243.0,45316.0,0.023200000000000002
1682881538,10,0,-0.006,-0.17400000000000002,-0.019,-0.076,0.0,0.0205,0.0,7.390000000000001,0.1081,45872.0,0.016300000000000002,0.0618,0.0,45456.0,0.0205
1682885577,10,0,0.026000000000000002,-0.044,-0.009000000000000001,-0.075,0.0,0.0198,0.0,7.390000000000001,0.1077,46012.0,0.016300000000000002,0.0618,4039.0,45592.0,0.0198
1682889649,10,0,-0.009000000000000001,-0.167,-0.002,-0.074,0.0,0.0205,0.0,7.390000000000001,0.10740000000000001,45872.0,0.016300000000000002,0.0618,8111.0,45456.0,0.0205
1682893850,10,0,0.031,-0.053,-0.001,-0.074,0.0,0.023200000000000002,0.0,7.390000000000001,0.1068,45872.0,0.0188,0.0618,12312.0,45456.0,0.023200000000000002
1682896577,10,0,0.01,-0.092,0.0,-0.074,0.0,0.0246,0.0,7.390000000000001,0.10690000000000001,45592.0,0.0201,0.0618,15039.0,45592.0,0.0246
1682900592,10,0,0.002,-0.179,-0.011,-0.073,0.0,0.027600000000000003,0.0,7.390000000000001,0.1063,45872.0,0.022600000000000002,0.0618,19054.0,45592.0,0.027600000000000003
1682905532,10,0,0.001,-0.08700000000000001,-0.02,-0.07200000000000001,0.0,0.027800000000000002,0.0,7.390000000000001,0.1061,46012.0,0.022600000000000002,0.0618,23994.0,45456.0,0.027800000000000002
1682909533,10,0,-0.013000000000000001,-0.194,-0.012,-0.07100000000000001,0.0,0.0302,0.0,7.390000000000001,0.10550000000000001,46012.0,0.0239,0.0618,0.0,45456.0,0.0302
1682913848,10,0,0.008,-0.07,0.011,-0.07100000000000001,0.0,0.028200000000000003,0.0,7.390000000000001,0.1051,46012.0,0.022600000000000002,0.0618,4315.0,45592.0,0.028200000000000003
1682916578,10,0,-0.02,-0.159,0.009000000000000001,-0.07,0.0,0.0274,0.0,7.390000000000001,0.10490000000000001,46012.0,0.021400000000000002,0.0618,7045.0,45592.0,0.0274
1682920827,10,0,0.022,-0.067,-0.006,-0.069,0.0,0.026500000000000003,0.0,7.390000000000001,0.1041,46152.0,0.021400000000000002,0.0618,11294.0,45456.0,0.026500000000000003
1682925533,10,0,-0.021,-0.147,0.014,-0.069,0.0,0.026500000000000003,0.0,7.390000000000001,0.10400000000000001,45872.0,0.021400000000000002,0.0618,16000.0,45456.0,0.026500000000000003
1682929577,10,0,0.011,-0.11,0.033,-0.068,0.0,0.025,0.0,7.390000000000001,0.1034,46012.0,0.0201,0.0618,20044.0,45592.0,0.025
1682933849,10,0,-0.014,-0.134,0.029,-0.068,0.0,0.0246,0.0,7.390000000000001,0.1032,46152.0,0.0201,0.0618,24316.0,45732.0,0.0246
1682936533,10,0,-0.015,-0.17500000000000002,0.021,-0.067,0.0,0.023200000000000002,0.0,7.390000000000001,0.1028,45732.0,0.0188,0.0618,0.0,45456.0,0.023200000000000002
1682940815,10,0,0.014,-0.041,0.018000000000000002,-0.066,0.0,0.022600000000000002,0.0,7.390000000000001,0.1023,46152.0,0.0176,0.0618,4282.0,45456.0,0.022600000000000002
1682945535,10,0,-0.023,-0.17400000000000002,0.02,-0.065,0.0,0.0235,0.0,7.390000000000001,0.1018,46012.0,0.0188,0.0618,9002.0,45456.0,0.0235
1682950533,10,0,0.012,-0.026000000000000002,0.018000000000000002,-0.064,0.0,0.0204,0.0,7.390000000000001,0.1012,46152.0,0.016300000000000002,0.0618,14000.0,45456.0,0.0204
1682952571,10,0,-0.012,-0.085,0.013000000000000001,-0.064,0.0,0.019,0.0,7.390000000000001,0.10110000000000001,45872.0,0.0151,0.0618,16038.0,45456.0,0.019
1682956858,10,0,0.018000000000000002,-0.058,0.001,-0.063,0.0,0.013600000000000001,0.0,7.390000000000001,0.1004,45732.0,0.011300000000000001,0.0618,20325.0,45592.0,0.013600000000000001
1682961534,10,0,-0.013000000000000001,-0.049,-0.007,-0.063,0.0,0.0095,0.0,7.390000000000001,0.1005,45732.0,0.007500000000000001,0.0618,25001.0,45456.0,0.0095
1682965850,10,0,0.02,-0.052000000000000005,-0.002,-0.062,0.0,0.007,0.0,7.390000000000001,0.0999,46012.0,0.005,0.0618,0.0,45456.0,0.007
1682970574,10,0,-0.014,-0.035,0.012,-0.062,0.0,0.007,0.0,7.390000000000001,0.0999,45872.0,0.005,0.0618,4724.0,45456.0,0.007
1682972899,10,0,-0.008,-0.11900000000000001,-0.003,-0.062,0.0,0.0063,0.0,7.390000000000001,0.0995,45872.0,0.005,0.0618,7049.0,45456.0,0.0063
1682977532,10,0,0.01,0.008,-0.02,-0.061,0.0,0.0064,0.0,7.390000000000001,0.09920000000000001,45732.0,0.005,0.0618,11682.0,45456.0,0.0064
1682981825,10,0,-0.023,-0.121,-0.019,-0.061,0.0,0.007200000000000001,0.0,7.390000000000001,0.0989,46012.0,0.0063,0.0618,15975.0,45456.0,0.007200000000000001
1682985862,10,0,0.011,0.009000000000000001,-0.012,-0.06,0.0,0.006,0.0,7.390000000000001,0.09860000000000001,45872.0,0.005,0.0618,20012.0,45592.0,0.006
1682989992,10,0,-0.029,-0.101,-0.006,-0.06,0.0,0.0067,0.0,7.390000000000001,0.09860000000000001,46012.0,0.005,0.0618,24142.0,45456.0,0.0067
1682992570,10,0,0.004,-0.108,-0.013000000000000001,-0.06,0.0,0.0055000000000000005,0.0,7.390000000000001,0.0983,46152.0,0.0038,0.0618,0.0,45592.0,0.0055000000000000005
1682996871,10,0,-0.013000000000000001,0.011,-0.022,-0.06,0.0,0.0017000000000000001,0.0,7.390000000000001,0.0984,46152.0,0.0013000000000000002,0.0618,4301.0,45592.0,0.0017000000000000001
1683001569,10,0,0.001,-0.113,-0.01,-0.059000000000000004,0.0,0.0025,0.0,7.390000000000001,0.0981,46152.0,0.0025,0.0618,8999.0,45592.0,0.0025
1683006572,10,0,0.008,0.05,0.007,-0.059000000000000004,0.0,-0.0004,0.0,7.390000000000001,0.0981,45872.0,0.0,0.0618,14002.0,45456.0,-0.0004
1683008836,10,0,-0.011,-0.116,0.005,-0.059000000000000004,0.0,-0.0002,0.0,7.390000000000001,0.0981,46152.0,0.0,0.0618,16266.0,45592.0,-0.0002
1683012925,10,0,0.022,0.025,-0.005,-0.059000000000000004,0.0,0.0007,0.0,7.390000000000001,0.0979,46012.0,0.0,0.0618,20355.0,45456.0,0.0007
1683017926,10,0,-0.019,-0.109,-0.006,-0.059000000000000004,0.0,-0.0016,0.0,7.390000000000001,0.098,45872.0,-0.0013000000000000002,0.0618,25356.0,45592.0,-0.0016
1683020572,10,0,0.015,-0.096,-0.001,-0.059000000000000004,0.0,0.0,0.0,7.390000000000001,0.09770000000000001,45872.0,0.0,0.0618,0.0,45592.0,0.0
1683025533,10,0,-0.017,-0.021,0.016,-0.059000000000000004,0.0,0.007500000000000001,0.0,7.390000000000001,0.0978,45592.0,0.0063,0.0618,4961.0,45456.0,0.007500000000000001
1683030569,10,0,0.022,-0.075,0.006,-0.058,0.0,0.0094,0.0,7.390000000000001,0.09720000000000001,46012.0,0.007500000000000001,0.0618,9997.0,45316.0,0.0094
1683032936,10,0,-0.011,0.016,0.003,-0.058,0.0,0.0089,0.0,7.390000000000001,0.09730000000000001,46152.0,0.007500000000000001,0.0618,12364.0,45316.0,0.0089
1683037532,10,0,0.0,-0.136,0.003,-0.058,0.0,0.0095,0.0,7.390000000000001,0.097,45872.0,0.007500000000000001,0.0618,16960.0,45732.0,0.0095
1683041860,10,0,0.015,-0.027,0.008,-0.057,0.0,0.0183,0.0,7.390000000000001,0.0965,46012.0,0.0151,0.0618,21288.0,45592.0,0.0183
1683045901,10,0,-0.001,-0.125,0.014,-0.056,0.0,0.0177,0.0,7.390000000000001,0.09620000000000001,45872.0,0.013800000000000002,0.0618,25329.0,45592.0,0.0177
1683050532,10,0,0.028,0.001,-0.003,-0.056,0.0,0.0037,0.0,7.390000000000001,0.09580000000000001,46012.0,0.0025,0.0618,0.0,45592.0,0.0037
1683052533,10,0,-0.004,0.017,-0.008,-0.056,0.0,0.0029000000000000002,0.0,7.390000000000001,0.0959,45732.0,0.0025,0.0618,2001.0,45592.0,0.0029000000000000002
1683056569,10,0,0.013000000000000001,-0.092,-0.004,-0.055,0.0,-0.00030000000000000003,0.0,7.390000000000001,0.09580000000000001,45732.0,0.0,0.0618,6037.0,45592.0,-0.00030000000000000003
1683060908,10,0,-0.005,0.045,0.014,-0.056,0.0,-0.0059,0.0,7.390000000000001,0.0959,45872.0,-0.005,0.0618,10376.0,45592.0,-0.0059
1683065529,10,0,0.015,-0.084,0.008,-0.056,0.0,-0.0066,0.0,7.390000000000001,0.09580000000000001,46012.0,-0.005,0.0618,14997.0,45592.0,-0.0066
1683069912,10,0,-0.006,0.075,0.015,-0.056,0.0,-0.0128,0.0,7.390000000000001,0.0959,45592.0,-0.010100000000000001,0.0618,19380.0,45456.0,-0.0128
1683074038,10,0,0.008,-0.083,0.003,-0.055,0.0,-0.012,0.0,7.390000000000001,0.09570000000000001,46152.0,-0.010100000000000001,0.0618,23506.0,45732.0,-0.012
1683076630,10,0,0.027,-0.008,-0.003,-0.055,0.0,-0.012400000000000001,0.0,7.390000000000001,0.0955,46152.0,-0.010100000000000001,0.0618,0.0,45316.0,-0.012400000000000001
1683080921,10,0,-0.022,-0.004,0.016,-0.056,0.0,-0.0155,0.0,7.390000000000001,0.0959,45872.0,-0.0126,0.0618,4291.0,45316.0,-0.0155
1683085531,10,0,0.031,-0.013000000000000001,0.006,-0.055,0.0,-0.0161,0.0,7.390000000000001,0.0954,46012.0,-0.0126,0.0618,8901.0,45456.0,-0.0161
1683089686,10,0,-0.015,0.074,-0.008,-0.055,0.0,-0.016900000000000002,0.0,7.390000000000001,0.09580000000000001,45732.0,-0.013800000000000002,0.0618,13056.0,45592.0,-0.016900000000000002
1683093929,10,0,0.028,-0.024,-0.026000000000000002,-0.055,0.0,-0.016900000000000002,0.0,7.390000000000001,0.09530000000000001,45732.0,-0.013800000000000002,0.0618,17299.0,45456.0,-0.016900000000000002
1683096597,10,0,0.005,0.10400000000000001,-0.019,-0.055,0.0,-0.016800000000000002,0.0,7.390000000000001,0.0954,45732.0,-0.013800000000000002,0.0618,19967.0,45732.0,-0.016800000000000002
1683100932,10,0,0.002,-0.09,-0.006,-0.055,0.0,-0.0188,0.0,7.390000000000001,0.0956,45732.0,-0.0151,0.0618,24302.0,45456.0,-0.0188
1683105937,10,0,-0.009000000000000001,0.128,0.0,-0.055,0.0,-0.0188,0.0,7.390000000000001,0.09570000000000001,45872.0,-0.0151,0.0618,0.0,45316.0,-0.0188
1683110568,10,0,0.005,-0.075,-0.009000000000000001,-0.055,0.0,-0.023100000000000002,0.0,7.390000000000001,0.09580000000000001,45592.0,-0.0188,0.0618,4631.0,45456.0,-0.023100000000000002
1683112568,10,0,0.019,-0.035,-0.016,-0.055,0.0,-0.0219,0.0,7.390000000000001,0.0955,46012.0,-0.0176,0.0618,6631.0,45732.0,-0.0219
1683116943,10,0,-0.017,0.041,0.003,-0.056,0.0,-0.018500000000000003,0.0,7.390000000000001,0.0961,45872.0,-0.0151,0.0618,11006.0,45456.0,-0.018500000000000003
1683121946,10,0,0.012,-0.012,0.009000000000000001,-0.055,0.0,-0.011000000000000001,0.0,7.390000000000001,0.0956,46012.0,-0.0088,0.0618,16009.0,45592.0,-0.011000000000000001
1683126568,10,0,-0.019,0.048,0.014,-0.056,0.0,-0.0132,0.0,7.390000000000001,0.096,46012.0,-0.010100000000000001,0.0618,20631.0,45592.0,-0.0132
1683128950,10,0,0.012,-0.107,-0.013000000000000001,-0.056,0.0,-0.012700000000000001,0.0,7.390000000000001,0.09580000000000001,46012.0,-0.010100000000000001,0.0618,23013.0,45456.0,-0.012700000000000001
1683132998,10,0,-0.003,0.06,-0.02,-0.055,0.0,-0.0057,0.0,7.390000000000001,0.09570000000000001,46012.0,-0.005,0.0618,0.0,45456.0,-0.0057
1683137967,10,0,0.01,-0.11,-0.001,-0.055,0.0,-0.0059,0.0,7.390000000000001,0.09580000000000001,45872.0,-0.005,0.0618,4969.0,45316.0,-0.0059
1683142570,10,0,0.004,0.049,-0.015,-0.055,0.0,-0.0063,0.0,7.390000000000001,0.0956,46012.0,-0.005,0.0618,9572.0,45592.0,-0.0063
1683144957,10,0,-0.018000000000000002,0.004,-0.021,-0.056,0.0,-0.0079,0.0,7.390000000000001,0.096,46152.0,-0.0063,0.0618,11959.0,45456.0,-0.0079
1683149532,10,0,0.024,-0.05,-0.019,-0.055,0.0,-0.0128,0.0,7.390000000000001,0.09580000000000001,45732.0,-0.010100000000000001,0.0618,16534.0,45456.0,-0.0128
1683153930,10,0,-0.017,0.03,-0.017,-0.056,0.0,-0.015000000000000001,0.0,7.390000000000001,0.09630000000000001,46012.0,-0.0126,0.0618,20932.0,45732.0,-0.015000000000000001
1683158017,10,0,0.027,-0.022,-0.006,-0.056,0.0,-0.0229,0.0,7.390000000000001,0.09620000000000001,45872.0,-0.0188,0.0618,25019.0,45456.0,-0.0229
1683160532,10,0,0.014,0.077,0.012,-0.056,0.0,-0.024200000000000003,0.0,7.390000000000001,0.09630000000000001,45732.0,-0.0188,0.0618,0.0,45732.0,-0.024200000000000003
1683164568,10,0,-0.014,-0.016,0.027,-0.057,0.0,-0.020200000000000003,0.0,7.390000000000001,0.09670000000000001,46152.0,-0.016300000000000002,0.0618,4036.0,45456.0,-0.020200000000000003
1683169974,10,0,-0.014,0.113,0.009000000000000001,-0.057,0.0,-0.0262,0.0,7.390000000000001,0.09670000000000001,46012.0,-0.021400000000000002,0.0618,9442.0,45456.0,-0.0262
1683174567,10,0,-0.014,-0.073,0.023,-0.057,0.0,-0.0193,0.0,7.390000000000001,0.09680000000000001,46296.0,-0.0151,0.0618,14035.0,45456.0,-0.0193
1683176568,10,0,0.012,-0.053,0.025,-0.057,0.0,-0.018000000000000002,0.0,7.390000000000001,0.0966,46152.0,-0.013800000000000002,0.0618,16036.0,45732.0,-0.018000000000000002
1683180985,10,0,-0.022,0.038,0.029,-0.057,0.0,-0.017,0.0,7.390000000000001,0.0969,45732.0,-0.013800000000000002,0.0618,20453.0,45732.0,-0.017
1683185528,10,0,0.01,-0.06,0.005,-0.057,0.0,-0.0181,0.0,7.390000000000001,0.0965,46296.0,-0.0151,0.0618,24996.0,45592.0,-0.0181
1683189683,10,0,-0.016,0.12,0.007,-0.057,0.0,-0.0235,0.0,7.390000000000001,0.09680000000000001,45872.0,-0.0188,0.0618,0.0,45872.0,-0.0235
1683193993,10,0,0.015,-0.068,-0.005,-0.057,0.0,-0.0228,0.0,7.390000000000001,0.0966,46012.0,-0.0188,0.0618,4310.0,45456.0,-0.0228
1683196533,10,0,-0.006,0.069,0.003,-0.057,0.0,-0.0218,0.0,7.390000000000001,0.0966,45872.0,-0.0176,0.0618,6850.0,45592.0,-0.0218
1683200997,10,0,0.009000000000000001,-0.041,0.013000000000000001,-0.057,0.0,-0.028900000000000002,0.0,7.390000000000001,0.0969,46012.0,-0.022600000000000002,0.0618,11314.0,45592.0,-0.028900000000000002
1683205528,10,0,0.004,0.083,-0.006,-0.057,0.0,-0.032100000000000004,0.0,7.390000000000001,0.09680000000000001,45592.0,-0.0251,0.0618,15845.0,45456.0,-0.032100000000000004
1683209530,10,0,-0.006,0.048,-0.006,-0.058,0.0,-0.033100000000000004,0.0,7.390000000000001,0.09730000000000001,46012.0,-0.0264,0.0618,19847.0,45592.0,-0.033100000000000004
1683213969,10,0,-0.003,0.084,0.0,-0.058,0.0,-0.0358,0.0,7.390000000000001,0.0971,45732.0,-0.028900000000000002,0.0618,24286.0,45592.0,-0.0358
1683218054,10,0,-0.001,0.06,0.007,-0.059000000000000004,0.0,-0.035,0.0,7.390000000000001,0.09770000000000001,45872.0,-0.027600000000000003,0.0618,0.0,45592.0,-0.035
1683220565,10,0,0.014,-0.076,0.002,-0.058,0.0,-0.0346,0.0,7.390000000000001,0.0976,45732.0,-0.027600000000000003,0.0618,2511.0,45456.0,-0.0346
1683225566,10,0,-0.008,0.159,-0.007,-0.059000000000000004,0.0,-0.030500000000000003,0.0,7.390000000000001,0.09770000000000001,46152.0,-0.0239,0.0618,7512.0,45456.0,-0.030500000000000003
1683230531,10,0,0.017,-0.078,-0.031,-0.059000000000000004,0.0,-0.0334,0.0,7.390000000000001,0.0978,45872.0,-0.0264,0.0618,12477.0,45316.0,-0.0334
1683232559,10,0,0.005,0.043000000000000003,-0.027,-0.059000000000000004,0.0,-0.0304,0.0,7.390000000000001,0.09770000000000001,45732.0,-0.0239,0.0618,14505.0,45592.0,-0.0304
1683236567,10,0,-0.006,0.054,-0.003,-0.06,0.0,-0.0273,0.0,7.390000000000001,0.0983,46152.0,-0.021400000000000002,0.0618,18513.0,45592.0,-0.0273
1683242022,10,0,0.002,0.084,-0.013000000000000001,-0.059000000000000004,0.0,-0.023700000000000002,0.0,7.390000000000001,0.0981,45592.0,-0.0188,0.0618,23968.0,45456.0,-0.023700000000000002
1683244533,10,0,-0.007,0.115,-0.01,-0.06,0.0,-0.0251,0.0,7.390000000000001,0.0984,45872.0,-0.0201,0.0618,0.0,45592.0,-0.0251
1683248567,10,0,0.026000000000000002,-0.096,-0.025,-0.06,0.0,-0.0244,0.0,7.390000000000001,0.0983,45872.0,-0.0201,0.0618,4034.0,45456.0,-0.0244
1683253080,10,0,-0.006,0.108,-0.011,-0.06,0.0,-0.0224,0.0,7.390000000000001,0.09860000000000001,45872.0,-0.0176,0.0618,8547.0,45456.0,-0.0224
1683258041,10,0,0.019,-0.094,-0.014,-0.06,0.0,-0.0194,0.0,7.390000000000001,0.0984,45732.0,-0.0151,0.0618,13508.0,45316.0,-0.0194
1683260567,10,0,-0.001,0.021,-0.016,-0.06,0.0,-0.0171,0.0,7.390000000000001,0.0984,45732.0,-0.013800000000000002,0.0618,16034.0,45732.0,-0.0171
1683265038,10,0,0.004,-0.069,-0.016,-0.06,0.0,-0.0148,0.0,7.390000000000001,0.0988,46012.0,-0.011300000000000001,0.0618,20505.0,45316.0,-0.0148
1683270003,10,0,-0.002,0.07200000000000001,-0.005,-0.06,0.0,-0.018600000000000002,0.0,7.390000000000001,0.09860000000000001,46012.0,-0.0151,0.0618,25470.0,45592.0,-0.018600000000000002
1683274006,10,0,0.01,-0.07100000000000001,0.006,-0.06,0.0,-0.014100000000000001,0.0,7.390000000000001,0.0989,46012.0,-0.011300000000000001,0.0618,0.0,45592.0,-0.014100000000000001
1683278091,10,0,-0.003,0.025,0.007,-0.06,0.0,-0.0199,0.0,7.390000000000001,0.09860000000000001,46012.0,-0.016300000000000002,0.0618,4085.0,45316.0,-0.0199
1683280531,10,0,-0.011,0.10400000000000001,0.014,-0.06,0.0,-0.0216,0.0,7.390000000000001,0.0988,46152.0,-0.0176,0.0618,6525.0,45180.0,-0.0216
1683284568,10,0,0.027,-0.109,0.021,-0.06,0.0,-0.018000000000000002,0.0,7.390000000000001,0.0988,45872.0,-0.013800000000000002,0.0618,10562.0,45592.0,-0.018000000000000002
1683289684,10,0,-0.014,0.112,0.015,-0.06,0.0,-0.0211,0.0,7.390000000000001,0.09870000000000001,45872.0,-0.016300000000000002,0.0618,15678.0,45592.0,-0.0211
1683294573,10,0,0.012,-0.116,0.028,-0.06,0.0,-0.0188,0.0,7.390000000000001,0.0985,46012.0,-0.0151,0.0618,20567.0,45732.0,-0.0188
1683297018,10,0,-0.008,0.07100000000000001,0.031,-0.06,0.0,-0.0175,0.0,7.390000000000001,0.0984,46012.0,-0.013800000000000002,0.0618,23012.0,45456.0,-0.0175
1683301566,10,0,0.009000000000000001,-0.054,0.027,-0.06,0.0,-0.017400000000000002,0.0,7.390000000000001,0.09870000000000001,46012.0,-0.013800000000000002,0.0618,0.0,45316.0,-0.017400000000000002
1683306025,10,0,-0.017,0.076,0.002,-0.06,0.0,-0.0198,0.0,7.390000000000001,0.0983,45872.0,-0.016300000000000002,0.0618,4459.0,45316.0,-0.0198
1683310529,10,0,-0.001,-0.019,0.004,-0.06,0.0,-0.0251,0.0,7.390000000000001,0.0988,46012.0,-0.0201,0.0618,8963.0,45316.0,-0.0251
1683312558,10,0,0.007,-0.114,0.005,-0.06,0.0,-0.025500000000000002,0.0,7.390000000000001,0.0985,46152.0,-0.0201,0.0618,10992.0,45456.0,-0.025500000000000002
1683316567,10,0,-0.023,0.113,0.02,-0.06,0.0,-0.021400000000000002,0.0,7.390000000000001,0.0985,45872.0,-0.0176,0.0618,15001.0,45456.0,-0.021400000000000002
1683321568,10,0,0.02,-0.121,-0.008,-0.06,0.0,-0.022000000000000002,0.0,7.390000000000001,0.09860000000000001,46012.0,-0.0176,0.0618,20002.0,45592.0,-0.022000000000000002
1683326075,10,0,-0.015,0.132,-0.01,-0.06,0.0,-0.0241,0.0,7.390000000000001,0.09860000000000001,46012.0,-0.0188,0.0618,24509.0,45316.0,-0.0241
1683330566,10,0,0.01,-0.094,-0.003,-0.06,0.0,-0.0303,0.0,7.390000000000001,0.09860000000000001,45732.0,-0.0239,0.0618,0.0,45316.0,-0.0303
1683332595,10,0,-0.004,-0.024,-0.005,-0.06,0.0,-0.0309,0.0,7.390000000000001,0.0985,46012.0,-0.0251,0.0618,2029.0,45456.0,-0.0309
1683337082,10,0,0.009000000000000001,0.037,-0.002,-0.061,0.0,-0.0303,0.0,7.390000000000001,0.099,45732.0,-0.0239,0.0618,6516.0,45592.0,-0.0303
1683342048,10,0,-0.006,0.028,-0.014,-0.06,0.0,-0.026600000000000002,0.0,7.390000000000001,0.0984,45872.0,-0.021400000000000002,0.0618,11482.0,45456.0,-0.026600000000000002
1683344567,10,0,-0.008,0.131,-0.011,-0.06,0.0,-0.026000000000000002,0.0,7.390000000000001,0.09870000000000001,46012.0,-0.021400000000000002,0.0618,14001.0,45456.0,-0.026000000000000002
1683349526,10,0,0.01,-0.108,-0.024,-0.06,0.0,-0.0262,0.0,7.390000000000001,0.09870000000000001,46012.0,-0.021400000000000002,0.0618,18960.0,45456.0,-0.0262
1683354056,10,0,-0.006,0.115,-0.006,-0.061,0.0,-0.0269,0.0,7.390000000000001,0.099,46012.0,-0.021400000000000002,0.0618,23490.0,45592.0,-0.0269
1683358143,10,0,0.009000000000000001,-0.109,-0.015,-0.061,0.0,-0.027,0.0,7.390000000000001,0.0989,46012.0,-0.021400000000000002,0.0618,0.0,45592.0,-0.027
1683362566,10,0,-0.015,0.106,-0.016,-0.061,0.0,-0.021500000000000002,0.0,7.390000000000001,0.099,46012.0,-0.0176,0.0618,4423.0,45732.0,-0.021500000000000002
1683365062,10,0,0.012,-0.05,-0.023,-0.061,0.0,-0.0181,0.0,7.390000000000001,0.09910000000000001,46012.0,-0.0151,0.0618,6919.0,45592.0,-0.0181
1683369104,10,0,-0.016,-0.035,-0.026000000000000002,-0.06,0.0,-0.014700000000000001,0.0,7.390000000000001,0.09870000000000001,45732.0,-0.011300000000000001,0.0618,10961.0,45456.0,-0.014700000000000001
1683373152,10,0,-0.003,0.028,-0.001,-0.061,0.0,-0.014100000000000001,0.0,7.390000000000001,0.09910000000000001,46152.0,-0.011300000000000001,0.0618,15009.0,45316.0,-0.014100000000000001
1683377565,10,0,0.004,-0.109,0.0,-0.06,0.0,-0.0143,0.0,7.390000000000001,0.09870000000000001,46012.0,-0.011300000000000001,0.0618,19422.0,45316.0,-0.0143
1683382112,10,0,0.007,0.033,-0.01,-0.061,0.0,-0.013800000000000002,0.0,7.390000000000001,0.099,45872.0,-0.011300000000000001,0.0618,23969.0,45456.0,-0.013800000000000002
1683386566,10,0,0.003,-0.121,-0.02,-0.06,0.0,-0.012100000000000001,0.0,7.390000000000001,0.09860000000000001,46012.0,-0.010100000000000001,0.0618,0.0,45316.0,-0.012100000000000001
1683388566,10,0,-0.015,-0.001,-0.008,-0.06,0.0,-0.0097,0.0,7.390000000000001,0.0984,45872.0,-0.007500000000000001,0.0618,2000.0,45456.0,-0.0097
1683394122,10,0,0.01,-0.15,0.013000000000000001,-0.06,0.0,-0.005,0.0,7.390000000000001,0.0984,46296.0,-0.0038,0.0618,7556.0,45456.0,-0.005
1683396531,10,0,-0.007,-0.094,0.009000000000000001,-0.059000000000000004,0.0,-0.0041,0.0,7.390000000000001,0.098,45872.0,-0.0038,0.0618,9965.0,45456.0,-0.0041
1683400566,10,0,0.004,0.03,0.012,-0.059000000000000004,0.0,-0.0061,0.0,7.390000000000001,0.09820000000000001,45592.0,-0.005,0.0618,14000.0,45456.0,-0.0061
1683405565,10,0,0.0,-0.09,0.008,-0.058,0.0,-0.0079,0.0,7.390000000000001,0.0976,45872.0,-0.0063,0.0618,18999.0,45456.0,-0.0079
1683410131,10,0,0.011,-0.01,0.026000000000000002,-0.059000000000000004,0.0,-0.0106,0.0,7.390000000000001,0.09770000000000001,46012.0,-0.0088,0.0618,23565.0,45456.0,-0.0106
1683414565,10,0,-0.002,-0.107,0.026000000000000002,-0.058,0.0,-0.0074,0.0,7.390000000000001,0.0971,45732.0,-0.0063,0.0618,0.0,45456.0,-0.0074
1683416565,10,0,-0.008,0.026000000000000002,0.023,-0.057,0.0,-0.007200000000000001,0.0,7.390000000000001,0.097,45872.0,-0.0063,0.0618,2000.0,45456.0,-0.007200000000000001
1683421101,10,0,0.013000000000000001,-0.14100000000000001,0.007,-0.057,0.0,-0.0048000000000000004,0.0,7.390000000000001,0.0969,46152.0,-0.0038,0.0618,6536.0,45456.0,-0.0048000000000000004
1683426138,10,0,-0.009000000000000001,0.055,0.016,-0.057,0.0,-0.0039000000000000003,0.0,7.390000000000001,0.0965,45872.0,-0.0038,0.0618,11573.0,45316.0,-0.0039000000000000003
1683430567,10,0,0.008,-0.129,0.017,-0.057,0.0,-0.0053,0.0,7.390000000000001,0.0964,46012.0,-0.0038,0.0618,16002.0,45456.0,-0.0053
1683433192,10,0,-0.006,-0.065,0.012,-0.055,2.67,-0.0064,0.0,7.390000000000001,0.096,45872.0,-0.005,0.0625,18627.0,45316.0,-0.0064
1683438157,10,0,0.015,-0.028,0.001,-0.049,2.67,-0.0103,0.0,7.390000000000001,0.09620000000000001,46152.0,-0.0088,0.066,23592.0,45592.0,-0.0103
1683442565,10,0,-0.007,-0.059000000000000004,-0.013000000000000001,-0.044,2.67,-0.0102,0.0,7.390000000000001,0.09570000000000001,46012.0,-0.0088,0.0688,0.0,45456.0,-0.0102
1683444567,10,0,-0.01,0.07,-0.007,-0.042,2.67,-0.0102,0.0,7.390000000000001,0.09570000000000001,45872.0,-0.0088,0.0702,2002.0,45592.0,-0.0102
1683449153,10,0,0.009000000000000001,-0.096,0.003,-0.036000000000000004,2.67,-0.0145,0.0,7.390000000000001,0.09570000000000001,45872.0,-0.011300000000000001,0.0737,6588.0,45456.0,-0.0145
1683453167,10,0,-0.002,0.057,0.001,-0.031,2.67,-0.0102,0.0,7.390000000000001,0.0954,45592.0,-0.0088,0.07640000000000001,10602.0,45456.0,-0.0102
1683458206,10,0,0.01,-0.073,-0.009000000000000001,-0.026000000000000002,2.67,-0.012100000000000001,0.0,7.390000000000001,0.0956,46152.0,-0.01,0.0799,15641.0,45316.0,-0.012100000000000001
1683460528,10,0,0.0,-0.068,-0.013000000000000001,-0.023,2.67,-0.010700000000000001,0.0,7.390000000000001,0.0954,46012.0,-0.0088,0.0813,17963.0,45592.0,-0.010700000000000001
1683464565,10,0,0.009000000000000001,0.069,-0.003,-0.019,2.67,-0.0049,0.0,7.390000000000001,0.0955,45732.0,-0.0038,0.08410000000000001,22000.0,45456.0,-0.0049
1683469167,10,0,-0.012,-0.091,-0.006,-0.012,2.67,0.0007,0.0,7.390000000000001,0.0951,45872.0,0.0,0.0876,0.0,45456.0,0.0007
1683474134,10,0,0.01,0.028,-0.005,-0.007,2.67,0.0053,0.0,7.390000000000001,0.0952,45872.0,0.0038,0.0911,4967.0,45316.0,0.0053
1683478220,10,0,-0.006,-0.077,-0.019,-0.002,2.67,0.002,0.0,7.390000000000001,0.09480000000000001,46012.0,0.0013000000000000002,0.09390000000000001,9053.0,45316.0,0.002
1683480564,10,0,0.0,0.01,-0.021,0.001,2.67,0.0021000000000000003,0.0,7.390000000000001,0.0947,46012.0,0.0013000000000000002,0.09530000000000001,11397.0,45456.0,0.0021000000000000003
1683484565,10,0,-0.001,-0.034,-0.021,0.005,2.67,0.0118,0.0,7.390000000000001,0.095,45732.0,0.0088,0.0981,15398.0,45456.0,0.0118
1683489683,10,0,-0.002,0.0,-0.014,0.012,2.67,0.0123,0.0,7.390000000000001,0.0945,46152.0,0.01,0.10160000000000001,20516.0,45456.0,0.0123
1683494568,10,0,-0.001,-0.1,-0.019,0.017,2.67,0.020200000000000003,0.0,7.390000000000001,0.0947,45872.0,0.016300000000000002,0.1051,25401.0,45456.0,0.020200000000000003
1683497184,10,0,-0.015,-0.08,-0.022,0.021,2.67,0.0246,0.0,7.390000000000001,0.09430000000000001,46012.0,0.0201,0.1072,0.0,45456.0,0.0246
1683501569,10,0,0.0,0.013000000000000001,-0.009000000000000001,0.025,2.67,0.0245,0.0,7.390000000000001,0.0945,46152.0,0.0201,0.11,4385.0,45456.0,0.0245
1683506154,10,0,-0.002,-0.083,0.009000000000000001,0.032,2.67,0.0273,0.0,7.390000000000001,0.0941,45872.0,0.021400000000000002,0.1134,8970.0,45592.0,0.0273
1683510592,10,0,0.007,0.016,0.015,0.036000000000000004,2.67,0.0287,0.0,7.390000000000001,0.09430000000000001,46152.0,0.022600000000000002,0.11620000000000001,13408.0,45456.0,0.0287
1683513242,10,0,-0.006,-0.11900000000000001,0.0,0.039,2.67,0.0291,0.0,7.390000000000001,0.0942,45872.0,0.0239,0.1183,16058.0,45592.0,0.0291
1683517564,10,0,-0.004,0.006,0.001,0.044,2.67,0.033100000000000004,0.0,7.390000000000001,0.09390000000000001,46152.0,0.0264,0.1211,20380.0,45180.0,0.033100000000000004
1683522165,10,0,-0.002,-0.088,0.024,0.05,2.67,0.0275,0.0,7.390000000000001,0.0941,45872.0,0.022600000000000002,0.1246,24981.0,45456.0,0.0275
1683526166,10,0,-0.003,0.005,0.026000000000000002,0.055,2.67,0.030600000000000002,0.0,7.390000000000001,0.09380000000000001,46152.0,0.0239,0.1274,0.0,45316.0,0.030600000000000002
1683530556,10,0,-0.011,-0.033,0.013000000000000001,0.059000000000000004,2.67,0.0309,0.0,7.390000000000001,0.094,45732.0,0.0251,0.1302,4390.0,45316.0,0.0309
1683533253,10,0,-0.016,-0.084,0.008,0.063,2.67,0.0324,0.0,7.390000000000001,0.0937,46012.0,0.0264,0.1323,7087.0,45316.0,0.0324
1683537563,10,0,0.017,0.049,0.005,0.068,2.67,0.0313,0.0,7.390000000000001,0.0937,45872.0,0.0251,0.1351,11397.0,45592.0,0.0313
1683542212,10,0,-0.012,-0.07200000000000001,0.027,0.073,2.67,0.031,0.0,7.390000000000001,0.0935,45732.0,0.0251,0.1386,16046.0,45592.0,0.031
1683544565,10,0,0.007,-0.01,0.032,0.076,2.67,0.0324,0.0,7.390000000000001,0.09340000000000001,46152.0,0.0264,0.14,18399.0,45456.0,0.0324
1683549180,10,0,-0.018000000000000002,-0.02,0.009000000000000001,0.082,2.67,0.0322,0.0,7.390000000000001,0.0935,45872.0,0.0251,0.14350000000000002,23014.0,45456.0,0.0322
1683554183,10,0,0.015,0.031,0.0,0.088,2.67,0.032,0.0,7.390000000000001,0.0931,46296.0,0.0251,0.14700000000000002,0.0,45732.0,0.032
1683558233,10,0,-0.02,0.006,0.015,0.092,2.67,0.031900000000000005,0.0,7.390000000000001,0.0932,45872.0,0.0251,0.1497,4050.0,45456.0,0.031900000000000005
1683560564,10,0,-0.02,-0.041,0.013000000000000001,0.095,2.67,0.030000000000000002,0.0,7.390000000000001,0.093,46012.0,0.0239,0.1511,6381.0,45456.0,0.030000000000000002
1683564564,10,0,0.021,0.065,0.007,0.1,2.67,0.0307,0.0,7.390000000000001,0.09290000000000001,46152.0,0.0251,0.1539,10381.0,45592.0,0.0307
1683569243,10,0,-0.02,-0.035,-0.014,0.105,2.67,0.0334,0.0,7.390000000000001,0.093,46012.0,0.0264,0.1574,15060.0,45592.0,0.0334
1683574195,10,0,0.009000000000000001,0.079,-0.016,0.111,2.67,0.0332,0.0,7.390000000000001,0.093,45732.0,0.0264,0.16090000000000002,20012.0,45456.0,0.0332
1683578282,10,0,-0.012,-0.019,-0.009000000000000001,0.115,2.67,0.0333,0.0,7.390000000000001,0.0931,46012.0,0.0264,0.1637,24099.0,45316.0,0.0333
1683580527,10,0,0.006,-0.003,-0.008,0.117,2.67,0.0349,0.0,7.390000000000001,0.093,46152.0,0.027600000000000003,0.1651,0.0,45592.0,0.0349
1683585204,10,0,0.003,0.052000000000000005,-0.005,0.11900000000000001,0.0,0.0337,0.0,7.390000000000001,0.09330000000000001,45872.0,0.0264,0.1665,4677.0,45456.0,0.0337
1683589690,10,0,0.006,-0.003,-0.012,0.11900000000000001,0.0,0.033100000000000004,0.0,7.390000000000001,0.09330000000000001,45732.0,0.0264,0.1665,9163.0,45456.0,0.033100000000000004
1683594565,10,0,0.001,0.054,-0.006,0.11900000000000001,0.0,0.035,0.0,7.390000000000001,0.0936,45872.0,0.027600000000000003,0.1665,14038.0,45316.0,0.035
1683597212,10,0,-0.014,-0.016,0.003,0.11900000000000001,0.0,0.0334,0.0,7.390000000000001,0.0935,45872.0,0.0264,0.1665,16685.0,45316.0,0.0334
1683601563,10,0,0.031,0.07,-0.002,0.11900000000000001,0.0,0.035500000000000004,0.0,7.390000000000001,0.0936,45872.0,0.028900000000000002,0.1665,21036.0,45592.0,0.035500000000000004
1683606568,10,0,-0.013000000000000001,-0.013000000000000001,-0.023,0.11800000000000001,0.0,0.035300000000000005,0.0,7.390000000000001,0.09390000000000001,45732.0,0.027600000000000003,0.1665,26041.0,45456.0,0.035300000000000005
1683609218,10,0,0.024,0.054,-0.026000000000000002,0.11800000000000001,0.0,0.033,0.0,7.390000000000001,0.094,45732.0,0.0264,0.1665,0.0,45456.0,0.033
1683613304,10,0,-0.009000000000000001,0.035,-0.015,0.117,0.0,0.0325,0.0,7.390000000000001,0.0944,46152.0,0.0264,0.1665,4086.0,45592.0,0.0325
1683618269,10,0,0.026000000000000002,0.052000000000000005,-0.004,0.117,0.0,0.031900000000000005,0.0,7.390000000000001,0.0946,46012.0,0.0251,0.1665,9051.0,45456.0,0.031900000000000005
1683620564,10,0,0.027,0.083,-0.005,0.117,0.0,0.031400000000000004,0.0,7.390000000000001,0.09480000000000001,46012.0,0.0251,0.1665,11346.0,45456.0,0.031400000000000004
1683624564,10,0,-0.018000000000000002,-0.011,-0.009000000000000001,0.116,0.0,0.0337,0.0,7.390000000000001,0.0951,46152.0,0.0264,0.1665,15346.0,45456.0,0.0337
1683629266,10,0,0.026000000000000002,0.081,-0.004,0.116,0.0,0.0334,0.0,7.390000000000001,0.0954,45872.0,0.0264,0.1665,20048.0,45316.0,0.0334
1683634234,10,0,-0.012,-0.017,0.015,0.116,0.0,0.0351,0.0,7.390000000000001,0.0956,45872.0,0.027600000000000003,0.1665,25016.0,45180.0,0.0351
1683638317,10,0,0.037,0.077,0.02,0.115,0.0,0.0356,0.0,7.390000000000001,0.09570000000000001,45732.0,0.028900000000000002,0.1665,0.0,45456.0,0.0356
1683640564,10,0,-0.001,0.046,0.015,0.115,0.0,0.0356,0.0,7.390000000000001,0.0959,46296.0,0.028900000000000002,0.1665,2247.0,45592.0,0.0356
1683645247,10,0,0.006,0.032,0.011,0.115,0.0,0.0339,0.0,7.390000000000001,0.0959,45872.0,0.027600000000000003,0.1665,6930.0,45316.0,0.0339
1683650281,10,0,-0.018000000000000002,0.029,0.009000000000000001,0.114,0.0,0.0323,0.0,7.390000000000001,0.09630000000000001,45872.0,0.0264,0.1665,11964.0,45592.0,0.0323
1683652565,10,0,-0.02,-0.002,0.011,0.115,0.0,0.0303,0.0,7.390000000000001,0.09630000000000001,46012.0,0.0239,0.1665,14248.0,45456.0,0.0303
1683657248,10,0,0.029,0.10300000000000001,0.027,0.114,0.0,0.0264,0.0,7.390000000000001,0.0965,46012.0,0.021400000000000002,0.1665,18931.0,45316.0,0.0264
1683661525,10,0,-0.026000000000000002,0.014,0.009000000000000001,0.114,0.0,0.0236,0.0,7.390000000000001,0.0966,45872.0,0.0188,0.1665,23208.0,45592.0,0.0236
1683666253,10,0,0.027,0.128,-0.002,0.113,0.0,0.018500000000000003,0.0,7.390000000000001,0.097,46012.0,0.0151,0.1665,0.0,45456.0,0.018500000000000003
1683668299,10,0,0.0,0.07200000000000001,-0.001,0.113,0.0,0.0188,0.0,7.390000000000001,0.09720000000000001,46296.0,0.0151,0.1665,2046.0,45316.0,0.0188
1683673341,10,0,0.019,0.105,0.019,0.113,0.0,0.0158,0.0,7.390000000000001,0.09730000000000001,45732.0,0.0126,0.1665,7088.0,45316.0,0.0158
1683677564,10,0,-0.009000000000000001,0.098,0.004,0.112,0.0,0.012100000000000001,0.0,7.390000000000001,0.0978,46012.0,0.01,0.1665,11311.0,45456.0,0.012100000000000001
1683682263,10,0,0.016,0.106,-0.016,0.112,0.0,0.0119,0.0,7.390000000000001,0.0979,46152.0,0.01,0.1665,16010.0,45592.0,0.0119
1683684302,10,0,0.018000000000000002,0.159,-0.016,0.111,0.0,0.01,0.0,7.390000000000001,0.09820000000000001,46012.0,0.007500000000000001,0.1665,18049.0,45456.0,0.01
1683689690,10,0,-0.02,0.041,-0.006,0.111,0.0,0.0083,0.0,7.390000000000001,0.09860000000000001,46012.0,0.0063,0.1665,23437.0,45316.0,0.0083
1683694284,10,0,0.006,0.169,-0.005,0.11,0.0,0.0049,0.0,7.390000000000001,0.09910000000000001,45732.0,0.0038,0.1665,0.0,45456.0,0.0049
1683696313,10,0,-0.024,0.098,-0.003,0.109,0.0,0.0036000000000000003,0.0,7.390000000000001,0.0994,45592.0,0.0025,0.1665,2029.0,45592.0,0.0036000000000000003
1683700565,10,0,0.01,0.111,-0.008,0.109,0.0,0.0015,0.0,7.390000000000001,0.09960000000000001,45872.0,0.0013000000000000002,0.1665,6281.0,45456.0,0.0015
1683705563,10,0,-0.017,0.123,-0.019,0.108,0.0,-0.002,0.0,7.390000000000001,0.1005,45872.0,-0.0013000000000000002,0.1665,11279.0,45456.0,-0.002
1683708362,10,0,-0.002,0.08600000000000001,-0.014,0.107,0.0,-0.0063,0.0,7.390000000000001,0.10070000000000001,46012.0,-0.005,0.1665,14078.0,45456.0,-0.0063
1683713364,10,0,0.005,0.185,0.013000000000000001,0.106,0.0,-0.0082,0.0,7.390000000000001,0.10160000000000001,46012.0,-0.0063,0.1665,19080.0,45316.0,-0.0082
1683718328,10,0,0.009000000000000001,0.108,-0.009000000000000001,0.105,0.0,-0.007,0.0,7.390000000000001,0.10210000000000001,45872.0,-0.005,0.1665,24044.0,45592.0,-0.007
1683720565,10,0,0.02,0.191,-0.018000000000000002,0.10400000000000001,0.0,-0.0074,0.0,7.390000000000001,0.10250000000000001,45732.0,-0.0063,0.1665,0.0,45316.0,-0.0074
1683725563,10,0,-0.028,0.073,-0.01,0.10300000000000001,0.0,-0.0083,0.0,7.390000000000001,0.1034,46012.0,-0.0063,0.1665,4998.0,45456.0,-0.0083
1683728377,10,0,0.023,0.136,0.003,0.10300000000000001,0.0,-0.006500000000000001,0.0,7.390000000000001,0.10360000000000001,45872.0,-0.005,0.1665,7812.0,45592.0,-0.006500000000000001
1683732565,10,0,-0.008,0.155,0.006,0.101,0.0,-0.0059,0.0,7.390000000000001,0.1044,46012.0,-0.005,0.1665,12000.0,45592.0,-0.0059
1683737334,10,0,0.023,0.095,-0.014,0.101,0.0,0.0009000000000000001,0.0,7.390000000000001,0.1048,45872.0,0.0013000000000000002,0.1665,16769.0,45456.0,0.0009000000000000001
1683742297,10,0,-0.021,0.10300000000000001,-0.013000000000000001,0.099,0.0,0.0031000000000000003,0.0,7.390000000000001,0.10550000000000001,45732.0,0.0025,0.1665,21732.0,45316.0,0.0031000000000000003
1683744416,10,0,-0.016,0.044,-0.006,0.099,0.0,0.0028,0.0,7.390000000000001,0.1056,45732.0,0.0025,0.1665,23851.0,45592.0,0.0028
1683749341,10,0,0.006,0.14300000000000002,0.008,0.099,0.0,0.008,0.0,7.390000000000001,0.10590000000000001,45872.0,0.0063,0.1665,0.0,45592.0,0.008
1683753352,10,0,-0.009000000000000001,0.034,0.006,0.098,0.0,0.0103,0.0,7.390000000000001,0.1063,45872.0,0.0088,0.1665,4011.0,45592.0,0.0103
1683758354,10,0,0.009000000000000001,0.132,-0.009000000000000001,0.098,0.0,0.010400000000000001,0.0,7.390000000000001,0.1066,45872.0,0.0088,0.1665,9013.0,45592.0,0.010400000000000001
1683760524,10,0,-0.021,0.116,-0.003,0.097,0.0,0.009600000000000001,0.0,7.390000000000001,0.10700000000000001,45732.0,0.007500000000000001,0.1665,11183.0,45592.0,0.009600000000000001
1683764565,10,0,0.024,0.051000000000000004,-0.003,0.097,0.0,0.0056,0.0,7.390000000000001,0.1073,46012.0,0.005,0.1665,15224.0,45456.0,0.0056
1683769314,10,0,-0.019,0.145,0.011,0.095,0.0,0.002,0.0,7.390000000000001,0.1081,46012.0,0.0013000000000000002,0.1665,19973.0,45180.0,0.002
1683773403,10,0,0.02,0.073,0.007,0.095,0.0,-0.0043,0.0,7.41,0.1085,46152.0,-0.0038,0.1665,24062.0,45316.0,-0.0043
1683778365,10,0,-0.008,0.176,-0.002,0.093,0.0,-0.0088,0.0,7.41,0.10940000000000001,45732.0,-0.0076,0.1665,0.0,45316.0,-0.0088
1683780563,10,0,-0.015,0.109,0.005,0.093,0.0,-0.008,0.0,7.41,0.1097,45872.0,-0.0063,0.1665,2198.0,45456.0,-0.008
1683785363,10,0,0.012,0.2,0.03,0.092,0.0,-0.019200000000000002,0.0,7.41,0.1102,45872.0,-0.0151,0.1665,6998.0,45456.0,-0.019200000000000002
1683789685,10,0,-0.009000000000000001,0.117,0.038,0.091,0.0,-0.0166,0.0,7.41,0.1109,46012.0,-0.013900000000000001,0.1665,11320.0,45592.0,-0.0166
1683792329,10,0,0.041,0.14,0.021,0.09,0.0,-0.0233,0.0,7.41,0.1111,45872.0,-0.0189,0.1665,13964.0,45180.0,-0.0233
1683796376,10,0,-0.012,0.221,0.004,0.089,0.0,-0.025900000000000003,0.0,7.41,0.1119,45732.0,-0.020200000000000003,0.1665,18011.0,45592.0,-0.025900000000000003
1683800565,10,0,0.016,0.1,-0.003,0.088,0.0,-0.025400000000000002,0.0,7.41,0.11230000000000001,46012.0,-0.020200000000000003,0.1665,22200.0,45316.0,-0.025400000000000002
1683805563,10,0,-0.009000000000000001,0.232,0.0,0.08700000000000001,0.0,-0.027,0.0,7.41,0.11330000000000001,46012.0,-0.021400000000000002,0.1665,0.0,45316.0,-0.027
1683810341,10,0,0.029,0.134,-0.009000000000000001,0.08600000000000001,0.0,-0.0285,0.0,7.41,0.11370000000000001,46012.0,-0.0227,0.1665,4778.0,45732.0,-0.0285
1683812382,10,0,0.016,0.246,-0.016,0.08600000000000001,0.0,-0.029400000000000003,0.0,7.41,0.11410000000000001,46012.0,-0.0239,0.1665,6819.0,45592.0,-0.029400000000000003
1683817344,10,0,-0.001,0.096,-0.031,0.084,0.0,-0.0328,0.0,7.41,0.11510000000000001,46012.0,-0.0264,0.1665,11781.0,45316.0,-0.0328
1683821349,10,0,0.005,0.243,-0.028,0.083,0.0,-0.0315,0.0,7.41,0.1155,46012.0,-0.0252,0.1665,15786.0,45316.0,-0.0315
1683825563,10,0,-0.011,0.14400000000000002,-0.008,0.082,0.0,-0.032,0.0,7.41,0.1165,46012.0,-0.0252,0.1665,20000.0,45316.0,-0.032
1683828437,10,0,0.02,0.101,-0.006,0.081,0.0,-0.0307,0.0,7.41,0.11670000000000001,45872.0,-0.0252,0.1665,22874.0,45592.0,-0.0307
1683833402,10,0,-0.016,0.224,-0.002,0.079,0.0,-0.031400000000000004,0.0,7.41,0.1178,46152.0,-0.0252,0.1665,0.0,45316.0,-0.031400000000000004
1683838444,10,0,0.018000000000000002,0.116,-0.004,0.079,0.0,-0.0239,0.0,7.41,0.11810000000000001,45872.0,-0.0189,0.1665,5042.0,45592.0,-0.0239
1683840685,10,0,0.015,0.165,-0.004,0.079,0.0,-0.0198,0.0,7.41,0.1182,45872.0,-0.0164,0.1665,7283.0,45456.0,-0.0198
1683845565,10,0,0.002,0.04,-0.003,0.077,0.0,-0.0115,0.0,7.41,0.11900000000000001,45872.0,-0.0088,0.1665,12163.0,45456.0,-0.0115
1683850364,10,0,-0.006,0.189,-0.009000000000000001,0.077,0.0,-0.010700000000000001,0.0,7.41,0.1194,46152.0,-0.0088,0.1665,16962.0,45592.0,-0.010700000000000001
1683852405,10,0,-0.024,0.134,-0.009000000000000001,0.076,0.0,-0.0081,0.0,7.41,0.1198,46012.0,-0.0063,0.1665,19003.0,45316.0,-0.0081
1683856565,10,0,0.017,0.029,-0.031,0.076,0.0,-0.0041,0.0,7.41,0.12000000000000001,46012.0,-0.0038,0.1665,23163.0,45456.0,-0.0041
1683861525,10,0,-0.013000000000000001,0.135,-0.033,0.075,0.0,-0.0018000000000000002,0.0,7.41,0.1207,46012.0,-0.0013000000000000002,0.1665,0.0,45456.0,-0.0018000000000000002
1683865564,10,0,0.024,0.031,-0.014,0.074,0.0,-0.006200000000000001,0.0,7.41,0.12100000000000001,45872.0,-0.005,0.1665,4039.0,45592.0,-0.006200000000000001
1683870376,10,0,-0.01,0.16,0.004,0.073,0.0,-0.008700000000000001,0.0,7.41,0.12190000000000001,46152.0,-0.0076,0.1665,8851.0,45592.0,-0.008700000000000001
1683872572,10,0,-0.002,0.117,-0.001,0.073,0.0,-0.0083,0.0,7.41,0.12200000000000001,45872.0,-0.0063,0.1665,11047.0,45456.0,-0.0083
1683877382,10,0,-0.007,0.17400000000000002,-0.004,0.07100000000000001,0.0,-0.0175,0.0,7.41,0.12290000000000001,45872.0,-0.013900000000000001,0.1665,15857.0,45316.0,-0.0175
1683881384,10,0,0.006,0.06,0.026000000000000002,0.07,0.0,-0.0094,0.0,7.41,0.1236,46296.0,-0.0076,0.1665,19859.0,45316.0,-0.0094
1683885564,10,0,0.011,0.146,0.04,0.07,0.0,-0.0166,0.0,7.41,0.1237,46296.0,-0.013900000000000001,0.1665,24039.0,45592.0,-0.0166
1683889684,10,0,-0.021,0.106,0.041,0.069,0.0,-0.0132,0.0,7.41,0.12440000000000001,46012.0,-0.010100000000000001,0.1665,0.0,45316.0,-0.0132
1683892391,10,0,0.013000000000000001,0.036000000000000004,0.023,0.069,0.0,-0.012100000000000001,0.0,7.41,0.12440000000000001,46152.0,-0.010100000000000001,0.1665,2707.0,45456.0,-0.012100000000000001
1683896566,10,0,-0.02,0.188,0.012,0.068,0.0,-0.012,0.0,7.41,0.125,46012.0,-0.010100000000000001,0.1665,6882.0,45592.0,-0.012
1683901395,10,0,0.006,0.015,0.004,0.067,0.0,-0.0081,0.0,7.41,0.1252,46012.0,-0.0063,0.1665,11711.0,45592.0,-0.0081
1683905554,10,0,-0.025,0.197,0.018000000000000002,0.067,0.0,-0.0103,0.0,7.41,0.1257,45732.0,-0.0088,0.1665,15870.0,45456.0,-0.0103
1683910417,10,0,0.025,0.017,-0.004,0.066,0.0,-0.0134,0.0,7.41,0.126,46012.0,-0.011300000000000001,0.1665,20733.0,45732.0,-0.0134
1683912565,10,0,0.004,0.146,-0.006,0.066,0.0,-0.015300000000000001,0.0,7.41,0.1262,46152.0,-0.0126,0.1665,22881.0,45316.0,-0.015300000000000001
1683917412,10,0,0.003,0.055,0.002,0.064,0.0,-0.0193,0.0,7.41,0.127,46012.0,-0.0151,0.1665,0.0,45592.0,-0.0193
1683921564,10,0,0.006,0.131,-0.002,0.064,0.0,-0.015700000000000002,0.0,7.41,0.1272,46152.0,-0.0126,0.1665,4152.0,45456.0,-0.015700000000000002
1683924411,10,0,-0.016,0.224,0.011,0.063,0.0,-0.021500000000000002,0.0,7.41,0.1278,46152.0,-0.0176,0.1665,6999.0,45456.0,-0.021500000000000002
1683929412,10,0,0.014,0.063,0.007,0.063,0.0,-0.027,0.0,7.41,0.12810000000000002,46012.0,-0.021400000000000002,0.1665,12000.0,45456.0,-0.027
1683933500,10,0,-0.012,0.251,0.01,0.061,0.0,-0.029400000000000003,0.0,7.41,0.12890000000000001,45732.0,-0.0239,0.1665,16088.0,45732.0,-0.029400000000000003
1683937538,10,0,0.009000000000000001,0.034,-0.009000000000000001,0.061,0.0,-0.0324,0.0,7.41,0.1293,46012.0,-0.0264,0.1665,20126.0,45316.0,-0.0324
1683942421,10,0,-0.004,0.233,0.013000000000000001,0.059000000000000004,0.0,-0.024800000000000003,0.0,7.41,0.1301,46152.0,-0.020200000000000003,0.1665,25009.0,45592.0,-0.024800000000000003
1683944426,10,0,-0.004,0.126,0.02,0.059000000000000004,0.0,-0.0253,0.0,7.41,0.13040000000000002,46152.0,-0.020200000000000003,0.1665,0.0,45456.0,-0.0253
1683948565,10,0,0.017,0.079,-0.003,0.059000000000000004,0.0,-0.0236,0.0,7.41,0.1305,46012.0,-0.0189,0.1665,4139.0,45316.0,-0.0236
1683953474,10,0,-0.013000000000000001,0.11900000000000001,-0.016,0.057,0.0,-0.018500000000000003,0.0,7.41,0.1313,46012.0,-0.0151,0.1665,9048.0,45456.0,-0.018500000000000003
1683958476,10,0,0.005,0.14400000000000002,-0.032,0.057,0.0,-0.0238,0.0,7.41,0.13140000000000002,46012.0,-0.0189,0.1665,14050.0,45592.0,-0.0238
1683960565,10,0,-0.005,0.197,-0.022,0.056,0.0,-0.0198,0.0,7.41,0.13190000000000002,46012.0,-0.0164,0.1665,16139.0,45592.0,-0.0198
1683965563,10,0,0.018000000000000002,-0.003,-0.022,0.056,0.0,-0.010700000000000001,0.0,7.41,0.1323,46152.0,-0.0088,0.1665,21137.0,45316.0,-0.010700000000000001
1683969655,10,0,-0.006,0.168,-0.027,0.055,0.0,-0.008,0.0,7.41,0.13290000000000002,46152.0,-0.0063,0.1665,25229.0,45456.0,-0.008
1683972440,10,0,0.004,-0.004,-0.035,0.054,0.0,-0.0026000000000000003,0.0,7.41,0.1332,46012.0,-0.0025,0.1665,0.0,45592.0,-0.0026000000000000003
1683976564,10,0,0.006,0.097,-0.036000000000000004,0.054,0.0,-0.0034000000000000002,0.0,7.41,0.1332,46012.0,-0.0025,0.1665,4124.0,45732.0,-0.0034000000000000002
1683981484,10,0,0.001,-0.001,-0.009000000000000001,0.053,0.0,-0.005,0.0,7.41,0.134,46152.0,-0.0038,0.1665,9044.0,45592.0,-0.005
1683985564,10,0,0.011,0.064,0.001,0.053,0.0,0.0026000000000000003,0.0,7.41,0.1338,46296.0,0.0025,0.1665,13124.0,45592.0,0.0026000000000000003
1683989677,10,0,0.003,0.058,0.008,0.052000000000000005,0.0,0.0043,0.0,7.41,0.1343,46152.0,0.0038,0.1665,17237.0,45732.0,0.0043
1683992450,10,0,0.02,-0.067,-0.009000000000000001,0.053,0.0,0.0047,0.0,7.41,0.1342,45872.0,0.0038,0.1665,20010.0,45592.0,0.0047
1683996563,10,0,-0.008,0.138,-0.007,0.052000000000000005,0.0,0.007500000000000001,0.0,7.41,0.1345,46012.0,0.0063,0.1665,24123.0,45456.0,0.007500000000000001
1684001573,10,0,0.01,-0.098,0.018000000000000002,0.052000000000000005,0.0,0.0132,0.0,7.41,0.1345,46152.0,0.010100000000000001,0.1665,0.0,45456.0,0.0132
1684004497,10,0,-0.014,0.08700000000000001,0.027,0.052000000000000005,0.0,0.014400000000000001,0.0,7.41,0.1345,45732.0,0.011300000000000001,0.1665,2924.0,45592.0,0.014400000000000001
1684008510,10,0,0.016,-0.026000000000000002,0.017,0.051000000000000004,0.0,0.0143,0.0,7.41,0.135,46012.0,0.011300000000000001,0.1665,6937.0,45732.0,0.0143
1684013556,10,0,-0.003,0.083,0.006,0.052000000000000005,0.0,0.013800000000000002,0.0,7.41,0.13470000000000001,46152.0,0.011300000000000001,0.1665,11983.0,45456.0,0.013800000000000002
1684016515,10,0,0.008,0.062,0.016,0.051000000000000004,0.0,0.013600000000000001,0.0,7.41,0.1351,46152.0,0.011300000000000001,0.1665,14942.0,45592.0,0.013600000000000001
1684021513,10,0,0.001,0.004,0.023,0.052000000000000005,0.0,0.013300000000000001,0.0,7.41,0.13470000000000001,46296.0,0.010100000000000001,0.1665,19940.0,45732.0,0.013300000000000001
1684026521,10,0,0.015,-0.007,0.03,0.051000000000000004,0.0,0.013000000000000001,0.0,7.41,0.13520000000000001,45732.0,0.010100000000000001,0.1665,24948.0,45316.0,0.013000000000000001
1684028563,10,0,0.017,-0.101,0.025,0.052000000000000005,0.0,0.012400000000000001,0.0,7.41,0.13490000000000002,46012.0,0.010100000000000001,0.1665,0.0,45732.0,0.012400000000000001
1684033739,10,0,-0.007,0.132,0.013000000000000001,0.051000000000000004,0.0,0.0122,0.0,7.41,0.1351,45872.0,0.010100000000000001,0.1665,5176.0,45456.0,0.0122
1684036522,10,0,0.007,-0.051000000000000004,0.004,0.051000000000000004,0.0,0.0092,0.0,7.41,0.13520000000000001,46152.0,0.0076,0.1665,7959.0,45316.0,0.0092
1684040691,10,0,-0.014,0.053,0.015,0.052000000000000005,0.0,0.012100000000000001,0.0,7.41,0.13490000000000002,46152.0,0.010100000000000001,0.1665,12128.0,45456.0,0.012100000000000001
1684046526,10,0,0.012,-0.058,-0.006,0.051000000000000004,0.0,0.003,0.0,7.41,0.1351,46152.0,0.0025,0.1665,17963.0,45456.0,0.003
1684048575,10,0,0.0,-0.024,-0.016,0.051000000000000004,0.0,0.0043,0.0,7.41,0.135,46152.0,0.0038,0.1665,20012.0,45456.0,0.0043
1684053579,10,0,-0.001,0.079,-0.004,0.051000000000000004,0.0,0.004,0.0,7.41,0.13540000000000002,46012.0,0.0038,0.1665,25016.0,45872.0,0.004
1684056534,10,0,0.005,-0.053,-0.014,0.051000000000000004,0.0,0.0021000000000000003,0.0,7.390000000000001,0.13520000000000001,46012.0,0.0013000000000000002,0.1665,0.0,45456.0,0.0021000000000000003
1684061537,10,0,0.0,0.138,-0.004,0.051000000000000004,0.0,0.0021000000000000003,0.0,7.390000000000001,0.1355,46012.0,0.0013000000000000002,0.1665,5003.0,45316.0,0.0021000000000000003
1684065657,10,0,0.006,-0.046,-0.008,0.05,0.0,0.001,0.0,7.390000000000001,0.1356,46152.0,0.0013000000000000002,0.1665,9123.0,45456.0,0.001
1684068626,10,0,-0.001,0.07100000000000001,-0.01,0.051000000000000004,0.0,0.0047,0.0,7.390000000000001,0.1355,45872.0,0.0038,0.1665,12092.0,45456.0,0.0047
1684073590,10,0,-0.008,-0.036000000000000004,-0.018000000000000002,0.05,0.0,0.011000000000000001,0.0,7.390000000000001,0.1359,46152.0,0.0088,0.1665,17056.0,45316.0,0.011000000000000001
1684076546,10,0,-0.006,0.013000000000000001,-0.029,0.05,0.0,0.0067,0.0,7.390000000000001,0.1356,46012.0,0.005,0.1665,20012.0,45316.0,0.0067
1684081584,10,0,-0.003,-0.001,-0.007,0.05,0.0,0.013600000000000001,0.0,7.390000000000001,0.1361,45872.0,0.011300000000000001,0.1665,25050.0,45592.0,0.013600000000000001
1684086552,10,0,-0.008,0.055,-0.015,0.05,0.0,0.0143,0.0,7.390000000000001,0.1359,46012.0,0.011300000000000001,0.1665,0.0,45316.0,0.0143
1684088600,10,0,-0.008,0.096,-0.019,0.049,0.0,0.015000000000000001,0.0,7.390000000000001,0.13620000000000002,46152.0,0.0126,0.1665,2048.0,45592.0,0.015000000000000001
1684093639,10,0,0.0,-0.085,-0.023,0.05,0.0,0.0212,0.0,7.390000000000001,0.1361,46012.0,0.016300000000000002,0.1665,7087.0,45456.0,0.0212
1684096576,10,0,-0.013000000000000001,0.03,-0.014,0.05,0.0,0.0227,0.0,7.390000000000001,0.1361,46012.0,0.0176,0.1665,10024.0,45592.0,0.0227
1684101562,10,0,0.011,-0.101,0.003,0.049,0.0,0.020900000000000002,0.0,7.390000000000001,0.1364,45872.0,0.016300000000000002,0.1665,15010.0,45732.0,0.020900000000000002
1684106523,10,0,-0.001,0.082,0.003,0.049,0.0,0.023100000000000002,0.0,7.390000000000001,0.1364,46012.0,0.0188,0.1665,19971.0,45456.0,0.023100000000000002
1684108613,10,0,0.014,-0.02,-0.005,0.049,0.0,0.0252,0.0,7.390000000000001,0.1365,46012.0,0.0201,0.1665,22061.0,45732.0,0.0252
1684113616,10,0,-0.012,-0.008,-0.004,0.05,0.0,0.032,0.0,7.390000000000001,0.1361,45872.0,0.0251,0.1665,0.0,45456.0,0.032
1684116569,10,0,0.0,0.044,0.013000000000000001,0.049,0.0,0.0308,0.0,7.390000000000001,0.1364,46012.0,0.0251,0.1665,2953.0,45456.0,0.0308
1684121573,10,0,-0.005,-0.094,0.008,0.05,0.0,0.0339,0.0,7.390000000000001,0.136,46152.0,0.027600000000000003,0.1665,7957.0,45592.0,0.0339
1684126576,10,0,0.015,-0.018000000000000002,0.011,0.049,0.0,0.0366,0.0,7.390000000000001,0.1363,45872.0,0.028900000000000002,0.1665,12960.0,45316.0,0.0366
1684128609,10,0,0.018000000000000002,-0.083,0.012,0.049,0.0,0.0361,0.0,7.390000000000001,0.13620000000000002,46012.0,0.028900000000000002,0.1665,14993.0,45456.0,0.0361
1684133628,10,0,-0.001,0.057,0.014,0.05,0.0,0.0346,0.0,7.390000000000001,0.1358,46012.0,0.027600000000000003,0.1665,20012.0,45732.0,0.0346
1684136582,10,0,0.011,-0.057,0.013000000000000001,0.05,0.0,0.031900000000000005,0.0,7.390000000000001,0.136,46012.0,0.0251,0.1665,22966.0,45592.0,0.031900000000000005
1684140691,10,0,-0.013000000000000001,-0.04,0.017,0.05,0.0,0.0316,0.0,7.390000000000001,0.1356,46012.0,0.0251,0.1665,0.0,45456.0,0.0316
1684146587,10,0,0.006,-0.076,0.02,0.05,0.0,0.025400000000000002,0.0,7.390000000000001,0.1358,46012.0,0.0201,0.1665,5896.0,45592.0,0.025400000000000002
1684148637,10,0,0.0,-0.091,0.01,0.051000000000000004,0.0,0.026600000000000002,0.0,7.390000000000001,0.13540000000000002,46012.0,0.021400000000000002,0.1665,7946.0,45732.0,0.026600000000000002
1684153641,10,0,0.006,0.059000000000000004,0.009000000000000001,0.051000000000000004,0.0,0.0238,0.0,7.390000000000001,0.1355,45872.0,0.0188,0.1665,12950.0,45592.0,0.0238
1684156592,10,0,-0.002,-0.079,0.017,0.051000000000000004,0.0,0.0211,0.0,7.390000000000001,0.13540000000000002,45872.0,0.016300000000000002,0.1665,15901.0,45316.0,0.0211
1684161458,10,0,-0.001,0.065,0.022,0.051000000000000004,0.0,0.0199,0.0,7.390000000000001,0.135,46012.0,0.016300000000000002,0.1665,20767.0,45456.0,0.0199
1684166597,10,0,0.001,-0.076,-0.01,0.051000000000000004,0.0,0.0195,0.0,7.390000000000001,0.135,46012.0,0.0151,0.1665,25906.0,45456.0,0.0195
1684168652,10,0,-0.004,-0.016,-0.007,0.052000000000000005,0.0,0.0228,0.0,7.390000000000001,0.13490000000000002,45872.0,0.0176,0.1665,0.0,45456.0,0.0228
1684173652,10,0,-0.007,-0.035,0.001,0.052000000000000005,0.0,0.0302,0.0,7.390000000000001,0.1348,46012.0,0.0239,0.1665,5000.0,45456.0,0.0302
1684176607,10,0,-0.003,-0.066,-0.003,0.052000000000000005,0.0,0.0269,0.0,7.390000000000001,0.13440000000000002,46152.0,0.021400000000000002,0.1665,7955.0,45592.0,0.0269
1684181610,10,0,0.013000000000000001,0.013000000000000001,-0.013000000000000001,0.052000000000000005,0.0,0.0298,0.0,7.390000000000001,0.13440000000000002,46152.0,0.0239,0.1665,12958.0,45592.0,0.0298
1684186612,10,0,0.003,-0.023,-0.024,0.053,0.0,0.0287,0.0,7.390000000000001,0.13390000000000002,46152.0,0.022600000000000002,0.1665,17960.0,45316.0,0.0287
1684188662,10,0,0.01,0.073,-0.019,0.053,0.0,0.0263,0.0,7.390000000000001,0.134,45732.0,0.021400000000000002,0.1665,20010.0,45456.0,0.0263
1684193758,10,0,0.002,-0.093,-0.025,0.053,0.0,0.0258,0.0,7.390000000000001,0.134,45872.0,0.0201,0.1665,25106.0,45456.0,0.0258
1684196618,10,0,-0.008,0.033,-0.021,0.053,0.0,0.0262,0.0,7.390000000000001,0.13390000000000002,46012.0,0.021400000000000002,0.1665,0.0,45316.0,0.0262
1684201622,10,0,0.011,-0.08,-0.012,0.053,0.0,0.0287,0.0,7.390000000000001,0.1342,46152.0,0.022600000000000002,0.1665,5004.0,45316.0,0.0287
1684206625,10,0,0.002,0.058,-0.003,0.053,0.0,0.0316,0.0,7.390000000000001,0.134,45872.0,0.0251,0.1665,10007.0,45456.0,0.0316
1684208673,10,0,0.01,0.034,-0.007,0.053,0.0,0.0316,0.0,7.390000000000001,0.1342,46012.0,0.0251,0.1665,12055.0,45456.0,0.0316
1684213683,10,0,-0.003,-0.055,-0.013000000000000001,0.053,0.0,0.0323,0.0,7.390000000000001,0.13390000000000002,45872.0,0.0264,0.1665,17065.0,45456.0,0.0323
1684216631,10,0,0.007,0.064,0.006,0.053,0.0,0.032600000000000004,0.0,7.390000000000001,0.1341,46152.0,0.0264,0.1665,20013.0,45316.0,0.032600000000000004
1684221636,10,0,0.0,-0.111,0.004,0.053,0.0,0.0344,0.0,7.390000000000001,0.1341,45592.0,0.027600000000000003,0.1665,25018.0,45592.0,0.0344
1684225753,10,0,0.008,0.043000000000000003,-0.006,0.053,0.0,0.038900000000000004,0.0,7.390000000000001,0.1341,46012.0,0.031400000000000004,0.1665,0.0,45316.0,0.038900000000000004
1684228685,10,0,0.01,-0.08700000000000001,-0.013000000000000001,0.053,0.0,0.042,0.0,7.390000000000001,0.1342,46012.0,0.0339,0.1665,2932.0,45316.0,0.042
1684233685,10,0,-0.01,0.004,0.013000000000000001,0.053,0.0,0.0439,0.0,7.390000000000001,0.1338,45732.0,0.0352,0.1665,7932.0,45456.0,0.0439
1684236644,10,0,0.012,-0.012,0.019,0.053,0.0,0.0419,0.0,7.390000000000001,0.134,46152.0,0.0339,0.1665,10891.0,45316.0,0.0419
1684240825,10,0,-0.006,-0.099,0.012,0.054,0.0,0.0402,0.0,7.390000000000001,0.1336,46012.0,0.0327,0.1665,15072.0,45316.0,0.0402
1684246612,10,0,0.011,-0.07100000000000001,-0.003,0.054,0.0,0.045700000000000005,0.0,7.390000000000001,0.1337,46012.0,0.0364,0.1665,20859.0,45316.0,0.045700000000000005
1684248687,10,0,-0.005,-0.133,-0.003,0.054,0.0,0.0455,0.0,7.390000000000001,0.13340000000000002,45872.0,0.0364,0.1665,22934.0,45316.0,0.0455
1684253737,10,0,0.015,0.021,0.014,0.054,0.0,0.0455,0.0,7.390000000000001,0.1332,46012.0,0.0364,0.1665,0.0,45456.0,0.0455
1684256573,10,0,0.006,-0.064,0.017,0.054,0.0,0.046200000000000005,0.0,7.390000000000001,0.1332,46152.0,0.0364,0.1665,2836.0,45592.0,0.046200000000000005
1684261662,10,0,0.008,0.019,0.018000000000000002,0.055,0.0,0.0455,0.0,7.390000000000001,0.1325,46012.0,0.0364,0.1665,7925.0,45316.0,0.0455
1684266662,10,0,-0.012,-0.098,-0.001,0.056,0.0,0.038,0.0,7.390000000000001,0.13240000000000002,46012.0,0.030100000000000002,0.1665,12925.0,45456.0,0.038
1684268783,10,0,-0.014,-0.057,-0.002,0.056,0.0,0.0375,0.0,7.390000000000001,0.1321,45732.0,0.030100000000000002,0.1665,15046.0,45592.0,0.0375
1684273757,10,0,0.006,0.02,0.011,0.056,0.0,0.029,0.0,7.390000000000001,0.1323,46012.0,0.022600000000000002,0.1665,20020.0,45180.0,0.029
1684276668,10,0,-0.015,-0.055,0.016,0.056,0.0,0.025900000000000003,0.0,7.390000000000001,0.1321,45872.0,0.021400000000000002,0.1665,22931.0,45456.0,0.025900000000000003
1684281673,10,0,0.016,0.07,0.006,0.056,0.0,0.0227,0.0,7.390000000000001,0.1321,45592.0,0.0176,0.1665,0.0,45732.0,0.0227
1684286675,10,0,-0.017,-0.019,-0.006,0.056,0.0,0.0187,0.0,7.390000000000001,0.1321,46152.0,0.0151,0.1665,5002.0,45732.0,0.0187
1684289570,10,0,-0.007,0.007,-0.002,0.056,0.0,0.0184,0.0,7.390000000000001,0.1321,46012.0,0.0151,0.1665,7897.0,45316.0,0.0184
1684294637,10,0,-0.031,-0.014,0.013000000000000001,0.056,0.0,0.0164,0.0,7.390000000000001,0.1321,45872.0,0.0126,0.1665,12964.0,45316.0,0.0164
1684296682,10,0,-0.007,0.002,0.001,0.056,0.0,0.0166,0.0,7.390000000000001,0.132,45872.0,0.013800000000000002,0.1665,15009.0,45456.0,0.0166
1684301684,10,0,-0.006,0.054,-0.005,0.056,0.0,0.0161,0.0,7.390000000000001,0.1322,45872.0,0.0126,0.1665,20011.0,45316.0,0.0161
1684306682,10,0,0.005,0.015,-0.002,0.056,0.0,0.0179,0.0,7.390000000000001,0.13190000000000002,45732.0,0.013800000000000002,0.1665,25009.0,45456.0,0.0179
1684308799,10,0,0.021,0.067,-0.003,0.056,0.0,0.018500000000000003,0.0,7.390000000000001,0.132,46012.0,0.0151,0.1665,0.0,45456.0,0.018500000000000003
1684313773,10,0,-0.028,-0.021,-0.005,0.056,0.0,0.020200000000000003,0.0,7.390000000000001,0.132,46012.0,0.016300000000000002,0.1665,4974.0,45316.0,0.020200000000000003
1684316686,10,0,0.019,0.042,-0.013000000000000001,0.056,0.0,0.0188,0.0,7.390000000000001,0.13190000000000002,46152.0,0.0151,0.1665,7887.0,45592.0,0.0188
1684321776,10,0,-0.027,-0.018000000000000002,-0.03,0.056,0.0,0.0233,0.0,7.390000000000001,0.1323,46012.0,0.0188,0.1665,12977.0,45592.0,0.0233
1684326531,10,0,0.018000000000000002,0.046,-0.033,0.056,0.0,0.0193,0.0,7.390000000000001,0.1323,45732.0,0.0151,0.1665,17732.0,45732.0,0.0193
1684328570,10,0,0.019,0.079,-0.027,0.055,0.0,0.0187,0.0,7.390000000000001,0.1326,45732.0,0.0151,0.1665,19771.0,45456.0,0.0187
1684332572,10,0,-0.023,-0.038,-0.013000000000000001,0.055,0.0,0.0212,0.0,7.390000000000001,0.1328,46152.0,0.016300000000000002,0.1665,23773.0,45592.0,0.0212
1684336742,10,0,0.023,0.08700000000000001,-0.013000000000000001,0.055,0.0,0.0189,0.0,7.390000000000001,0.1331,45592.0,0.0151,0.1665,0.0,45592.0,0.0189
1684340910,10,0,-0.015,-0.048,-0.02,0.054,0.0,0.0217,0.0,7.390000000000001,0.1333,46012.0,0.0176,0.1665,4168.0,45316.0,0.0217
1684345573,10,0,0.018000000000000002,0.056,0.002,0.054,0.0,0.025900000000000003,0.0,7.390000000000001,0.1333,45872.0,0.0201,0.1665,8831.0,45316.0,0.025900000000000003
1684350533,10,0,-0.012,-0.068,0.011,0.054,0.0,0.028900000000000002,0.0,7.390000000000001,0.1337,46152.0,0.022600000000000002,0.1665,13791.0,45316.0,0.028900000000000002
1684353829,10,0,0.018000000000000002,0.024,0.009000000000000001,0.054,0.0,0.0349,0.0,7.390000000000001,0.1336,46012.0,0.027600000000000003,0.1665,17087.0,45316.0,0.0349
1684356572,10,0,0.011,0.042,0.004,0.053,0.0,0.034300000000000004,0.0,7.390000000000001,0.1337,45872.0,0.027600000000000003,0.1665,19830.0,45456.0,0.034300000000000004
1684361572,10,0,0.001,-0.049,-0.003,0.054,0.0,0.0302,0.0,7.390000000000001,0.1337,46012.0,0.0239,0.1665,24830.0,45456.0,0.0302
1684366571,10,0,-0.005,0.016,0.007,0.053,0.0,0.033100000000000004,0.0,7.390000000000001,0.13390000000000002,46012.0,0.0264,0.1665,0.0,45316.0,0.033100000000000004
1684368572,10,0,-0.033,-0.057,0.006,0.053,0.0,0.0333,0.0,7.390000000000001,0.13390000000000002,46012.0,0.0264,0.1665,2001.0,45592.0,0.0333
1684372756,10,0,0.033,0.052000000000000005,0.019,0.053,0.0,0.0297,0.0,7.390000000000001,0.1338,45872.0,0.0239,0.1665,6185.0,45456.0,0.0297
1684377572,10,0,-0.024,-0.038,0.025,0.053,0.0,0.0284,0.0,7.390000000000001,0.13390000000000002,46012.0,0.022600000000000002,0.1665,11001.0,45456.0,0.0284
1684381769,10,0,0.04,0.07,0.01,0.053,0.0,0.0238,0.0,7.390000000000001,0.1338,46012.0,0.0188,0.1665,15198.0,45456.0,0.0238
1684385948,10,0,-0.031,-0.018000000000000002,0.022,0.053,0.0,0.0223,0.0,7.390000000000001,0.134,46012.0,0.0176,0.1665,19377.0,45316.0,0.0223
1684388572,10,0,-0.02,-0.043000000000000003,0.029,0.053,0.0,0.022000000000000002,0.0,7.390000000000001,0.1338,45872.0,0.0176,0.1665,22001.0,45732.0,0.022000000000000002
1684392773,10,0,0.019,0.088,0.026000000000000002,0.053,0.0,0.0189,0.0,7.390000000000001,0.134,45872.0,0.0151,0.1665,0.0,45456.0,0.0189
1684396777,10,0,-0.013000000000000001,-0.038,0.009000000000000001,0.053,0.0,0.0172,0.0,7.390000000000001,0.1338,46012.0,0.013800000000000002,0.1665,4004.0,45456.0,0.0172
1684401571,10,0,0.021,0.115,0.009000000000000001,0.053,0.0,0.0146,0.0,7.390000000000001,0.13390000000000002,46012.0,0.011300000000000001,0.1665,8798.0,45592.0,0.0146
1684405774,10,0,-0.009000000000000001,-0.018000000000000002,0.002,0.053,0.0,0.0089,0.0,7.390000000000001,0.134,45732.0,0.007500000000000001,0.1665,13001.0,45732.0,0.0089
1684409785,10,0,0.024,0.137,0.004,0.053,0.0,0.0057,0.0,7.390000000000001,0.134,45732.0,0.005,0.1665,17012.0,45592.0,0.0057
1684413857,10,0,-0.016,0.008,-0.005,0.052000000000000005,0.0,0.005200000000000001,0.0,7.390000000000001,0.13440000000000002,45872.0,0.0038,0.1665,21084.0,45456.0,0.005200000000000001
1684416550,10,0,0.007,-0.001,-0.013000000000000001,0.053,0.0,0.0047,0.0,7.390000000000001,0.1342,46012.0,0.0038,0.1665,23777.0,45316.0,0.0047
1684421573,10,0,-0.001,0.129,-0.023,0.052000000000000005,0.0,0.0027,0.0,7.390000000000001,0.13470000000000001,45872.0,0.0025,0.1665,0.0,45456.0,0.0027
1684425793,10,0,0.018000000000000002,0.04,-0.017,0.052000000000000005,0.0,0.0002,0.0,7.390000000000001,0.13470000000000001,45872.0,0.0,0.1665,4220.0,45592.0,0.0002
1684428575,10,0,0.027,0.14,-0.011,0.052000000000000005,0.0,-0.0002,0.0,7.390000000000001,0.13490000000000002,46012.0,0.0,0.1665,7002.0,45592.0,-0.0002
1684432793,10,0,-0.018000000000000002,0.0,-0.02,0.051000000000000004,-2.67,0.0001,0.0,7.390000000000001,0.13540000000000002,45732.0,0.0,0.1665,11220.0,45316.0,0.0001
1684436793,10,0,0.029,0.122,-0.026000000000000002,0.046,-2.67,0.0012000000000000001,0.0,7.390000000000001,0.13540000000000002,45732.0,0.0013000000000000002,0.1637,15220.0,45456.0,0.0012000000000000001
1684440988,10,0,-0.027,0.042,-0.019,0.041,-2.67,-0.0007,0.0,7.390000000000001,0.1359,45732.0,0.0,0.16090000000000002,19415.0,45592.0,-0.0007
1684445803,10,0,0.023,0.073,-0.012,0.035,-2.67,0.007,0.0,7.390000000000001,0.1359,45732.0,0.005,0.1574,24230.0,45456.0,0.007
1684449951,10,0,-0.025,0.038,0.003,0.03,-2.67,0.005200000000000001,0.0,7.390000000000001,0.1364,46152.0,0.0038,0.15460000000000002,0.0,45732.0,0.005200000000000001
1684452569,10,0,-0.01,-0.026000000000000002,0.002,0.026000000000000002,-2.67,0.005,0.0,7.390000000000001,0.1364,45732.0,0.0038,0.1525,2618.0,45456.0,0.005
1684456815,10,0,0.0,0.076,-0.013000000000000001,0.022,-2.67,0.0097,0.0,7.390000000000001,0.1366,45592.0,0.007500000000000001,0.1497,6864.0,45316.0,0.0097
1684460823,10,0,-0.013000000000000001,-0.04,-0.005,0.017,-2.67,0.0115,0.0,7.390000000000001,0.1368,45732.0,0.0088,0.14700000000000002,10872.0,45592.0,0.0115
1684465594,10,0,0.016,0.026000000000000002,-0.006,0.011,-2.67,0.0132,0.0,7.390000000000001,0.1368,45732.0,0.01,0.14350000000000002,15643.0,45456.0,0.0132
1684469824,10,0,-0.018000000000000002,-0.039,0.001,0.006,-2.67,0.0131,0.0,7.390000000000001,0.1371,45872.0,0.01,0.14070000000000002,19873.0,45456.0,0.0131
1684474575,10,0,0.022,0.025,-0.009000000000000001,0.0,-2.67,0.0073,0.0,7.390000000000001,0.13720000000000002,45592.0,0.0063,0.13720000000000002,24624.0,45592.0,0.0073
1684476576,10,0,-0.014,0.062,-0.01,-0.003,-2.67,0.0035,0.0,7.390000000000001,0.1374,45732.0,0.0025,0.1358,0.0,45456.0,0.0035
1684481577,10,0,0.003,-0.031,-0.001,-0.009000000000000001,-2.67,0.0009000000000000001,0.0,7.390000000000001,0.1376,45732.0,0.0013000000000000002,0.1323,5001.0,45456.0,0.0009000000000000001
1684486575,10,0,-0.022,0.049,0.026000000000000002,-0.015,-2.67,-0.0015,0.0,7.390000000000001,0.138,45872.0,-0.0013000000000000002,0.1288,9999.0,45456.0,-0.0015
1684488820,10,0,0.004,-0.031,0.022,-0.017,-2.67,-0.0026000000000000003,0.0,7.390000000000001,0.138,45872.0,-0.0025,0.1274,12244.0,45456.0,-0.0026000000000000003
1684493576,10,0,0.014,0.077,0.017,-0.023,-2.67,-0.0108,0.0,7.390000000000001,0.13820000000000002,45872.0,-0.0088,0.12390000000000001,17000.0,45316.0,-0.0108
1684497823,10,0,-0.004,-0.035,0.008,-0.028,-2.67,-0.0094,0.0,7.390000000000001,0.1383,45732.0,-0.007500000000000001,0.1211,21247.0,45456.0,-0.0094
1684500576,10,0,0.026000000000000002,0.021,0.017,-0.031,-2.67,-0.0148,0.0,7.390000000000001,0.13820000000000002,45872.0,-0.011300000000000001,0.11900000000000001,24000.0,45592.0,-0.0148
1684504823,10,0,-0.031,0.029,0.031,-0.036000000000000004,-2.67,-0.018000000000000002,0.0,7.390000000000001,0.1386,45592.0,-0.013800000000000002,0.11620000000000001,0.0,45456.0,-0.018000000000000002
1684509575,10,0,0.023,0.022,0.008,-0.042,-2.67,-0.020800000000000003,0.0,7.390000000000001,0.1383,45732.0,-0.016300000000000002,0.11270000000000001,4752.0,45732.0,-0.020800000000000003
1684513689,10,0,-0.02,0.101,0.01,-0.047,-2.67,-0.027200000000000002,0.0,7.390000000000001,0.13870000000000002,45732.0,-0.0213,0.11,8866.0,45592.0,-0.027200000000000002
1684517836,10,0,0.021,0.015,0.003,-0.051000000000000004,-2.67,-0.0275,0.0,7.390000000000001,0.1385,45872.0,-0.022600000000000002,0.1072,13013.0,45592.0,-0.0275
1684520578,10,0,-0.006,0.11900000000000001,0.005,-0.055,-2.67,-0.028,0.0,7.390000000000001,0.1386,45592.0,-0.022600000000000002,0.1051,15755.0,45456.0,-0.028
1684524821,10,0,-0.005,-0.046,0.003,-0.059000000000000004,-2.67,-0.029900000000000003,0.0,7.390000000000001,0.13870000000000002,45872.0,-0.0239,0.1023,19998.0,45732.0,-0.029900000000000003
1684528824,10,0,0.006,0.097,0.002,-0.064,-2.67,-0.0263,0.0,7.390000000000001,0.13870000000000002,46012.0,-0.0213,0.0995,24001.0,45456.0,-0.0263
1684533827,10,0,-0.002,-0.028,0.0,-0.07,-2.67,-0.0357,0.0,7.390000000000001,0.1389,45592.0,-0.028900000000000002,0.096,0.0,45732.0,-0.0357
1684536574,10,0,0.014,-0.017,-0.011,-0.073,-2.67,-0.0357,0.0,7.390000000000001,0.1388,45872.0,-0.028900000000000002,0.09390000000000001,2747.0,45456.0,-0.0357
1684540994,10,0,-0.012,0.084,-0.012,-0.078,-2.67,-0.036000000000000004,0.0,7.390000000000001,0.1391,45732.0,-0.028900000000000002,0.0911,7167.0,45456.0,-0.036000000000000004
1684545691,10,0,0.017,-0.05,-0.012,-0.083,-2.67,-0.033600000000000005,0.0,7.390000000000001,0.1388,45872.0,-0.0264,0.0876,11864.0,45592.0,-0.033600000000000005
1684549828,10,0,-0.026000000000000002,0.075,-0.01,-0.088,-2.67,-0.031200000000000002,0.0,7.390000000000001,0.139,45732.0,-0.0251,0.0848,16001.0,45456.0,-0.031200000000000002
1684552575,10,0,-0.019,-0.03,-0.018000000000000002,-0.092,-2.67,-0.033,0.0,7.390000000000001,0.139,45872.0,-0.0264,0.08270000000000001,18748.0,45456.0,-0.033
1684556819,10,0,0.015,0.064,-0.035,-0.096,-2.67,-0.0317,0.0,7.390000000000001,0.1389,45732.0,-0.0251,0.0799,22992.0,45456.0,-0.0317
1684561576,10,0,-0.016,-0.03,-0.011,-0.10200000000000001,-2.67,-0.0317,0.0,7.390000000000001,0.1393,45872.0,-0.0251,0.07640000000000001,0.0,45456.0,-0.0317
1684566573,10,0,0.029,0.028,-0.012,-0.108,-2.67,-0.0287,0.0,7.390000000000001,0.13920000000000002,45872.0,-0.022600000000000002,0.07300000000000001,4997.0,45732.0,-0.0287
1684568846,10,0,-0.016,0.032,-0.019,-0.111,-2.67,-0.0309,0.0,7.390000000000001,0.1394,46012.0,-0.0251,0.0716,7270.0,45592.0,-0.0309
1684573851,10,0,0.033,-0.013000000000000001,-0.019,-0.116,-2.67,-0.038900000000000004,0.0,7.390000000000001,0.1393,45732.0,-0.031400000000000004,0.06810000000000001,12275.0,45592.0,-0.038900000000000004
1684576574,10,0,-0.001,0.062,-0.004,-0.12,-2.67,-0.039400000000000004,0.0,7.390000000000001,0.1395,45592.0,-0.031400000000000004,0.066,14998.0,45456.0,-0.039400000000000004
1684581569,10,0,0.025,-0.07100000000000001,0.001,-0.126,-2.67,-0.0393,0.0,7.390000000000001,0.1396,45872.0,-0.031400000000000004,0.0625,19993.0,45732.0,-0.0393
1684585569,10,0,0.002,0.046,0.004,-0.127,0.0,-0.0386,0.0,7.390000000000001,0.13970000000000002,45732.0,-0.031400000000000004,0.0618,23993.0,45456.0,-0.0386
1684590685,10,0,0.019,-0.08600000000000001,-0.005,-0.127,0.0,-0.0342,0.0,7.390000000000001,0.1399,45872.0,-0.027600000000000003,0.0618,0.0,45456.0,-0.0342
1684592819,10,0,0.024,0.024,0.0,-0.127,0.0,-0.0381,0.0,7.390000000000001,0.1399,46012.0,-0.030100000000000002,0.0618,2134.0,45456.0,-0.0381
1684596825,10,0,-0.023,-0.044,0.014,-0.128,0.0,-0.033100000000000004,0.0,7.390000000000001,0.1401,45732.0,-0.0264,0.0618,6140.0,45456.0,-0.033100000000000004
1684601569,10,0,0.021,-0.033,0.006,-0.127,0.0,-0.033100000000000004,0.0,7.390000000000001,0.13970000000000002,45732.0,-0.0264,0.0618,10884.0,45592.0,-0.033100000000000004
1684605823,10,0,-0.014,-0.06,0.018000000000000002,-0.127,0.0,-0.0296,0.0,7.390000000000001,0.1399,45732.0,-0.0239,0.0618,15138.0,45456.0,-0.0296
1684609954,10,0,0.028,-0.07100000000000001,0.007,-0.126,0.0,-0.0228,0.0,7.390000000000001,0.1394,46012.0,-0.0188,0.0618,19269.0,45456.0,-0.0228
1684612569,10,0,-0.002,0.032,0.01,-0.126,0.0,-0.0217,0.0,7.390000000000001,0.1393,45732.0,-0.0176,0.0618,21884.0,45316.0,-0.0217
1684616833,10,0,0.0,-0.17200000000000001,0.023,-0.126,0.0,-0.018000000000000002,0.0,7.390000000000001,0.1388,45872.0,-0.013800000000000002,0.0618,0.0,45592.0,-0.018000000000000002
1684621569,10,0,0.004,0.015,0.031,-0.125,0.0,-0.0142,0.0,7.390000000000001,0.1385,46012.0,-0.011300000000000001,0.0618,4736.0,45456.0,-0.0142
1684625569,10,0,-0.001,-0.124,0.033,-0.125,0.0,-0.019200000000000002,0.0,7.390000000000001,0.1383,45592.0,-0.0151,0.0618,8736.0,45316.0,-0.019200000000000002
1684629839,10,0,-0.005,0.021,-0.002,-0.124,0.0,-0.0195,0.0,7.390000000000001,0.13770000000000002,45872.0,-0.0151,0.0618,13006.0,45456.0,-0.0195
1684633890,10,0,-0.003,-0.11,0.003,-0.124,0.0,-0.0212,0.0,7.390000000000001,0.1378,45592.0,-0.0176,0.0618,17057.0,45592.0,-0.0212
1684636564,10,0,0.01,-0.15,0.005,-0.123,0.0,-0.023100000000000002,0.0,7.390000000000001,0.1374,45732.0,-0.0188,0.0618,19731.0,45592.0,-0.023100000000000002
1684640689,10,0,-0.013000000000000001,0.053,0.003,-0.123,0.0,-0.023100000000000002,0.0,7.390000000000001,0.13720000000000002,46012.0,-0.0188,0.0618,23856.0,45592.0,-0.023100000000000002
1684644851,10,0,0.015,-0.159,-0.013000000000000001,-0.122,0.0,-0.0222,0.0,7.390000000000001,0.13670000000000002,45732.0,-0.0176,0.0618,0.0,45456.0,-0.0222
1684648904,10,0,-0.018000000000000002,0.056,-0.008,-0.122,0.0,-0.0224,0.0,7.390000000000001,0.1365,45872.0,-0.0176,0.0618,4053.0,45732.0,-0.0224
1684653901,10,0,0.01,-0.166,-0.012,-0.121,0.0,-0.022000000000000002,0.0,7.390000000000001,0.1361,45872.0,-0.0176,0.0618,9050.0,45456.0,-0.022000000000000002
1684656568,10,0,0.005,-0.061,-0.011,-0.121,0.0,-0.0218,0.0,7.390000000000001,0.1359,45872.0,-0.0176,0.0618,11717.0,45316.0,-0.0218
1684661568,10,0,-0.006,-0.081,0.01,-0.121,0.0,-0.022500000000000003,0.0,7.390000000000001,0.136,45592.0,-0.0176,0.0618,16717.0,45456.0,-0.022500000000000003
1684665861,10,0,0.002,0.0,-0.017,-0.12,0.0,-0.0207,0.0,7.390000000000001,0.13520000000000001,45872.0,-0.016300000000000002,0.0618,21010.0,45456.0,-0.0207
1684669868,10,0,-0.007,-0.07200000000000001,-0.015,-0.12,0.0,-0.020800000000000003,0.0,7.390000000000001,0.1353,46012.0,-0.016300000000000002,0.0618,25017.0,45592.0,-0.020800000000000003
1684672568,10,0,0.015,-0.181,-0.013000000000000001,-0.11900000000000001,0.0,-0.0201,0.0,7.390000000000001,0.135,45872.0,-0.016300000000000002,0.0618,0.0,45732.0,-0.0201
1684676869,10,0,-0.023,0.048,-0.008,-0.11900000000000001,0.0,-0.016300000000000002,0.0,7.390000000000001,0.13490000000000002,45732.0,-0.0126,0.0618,4301.0,45456.0,-0.016300000000000002
1684681568,10,0,0.004,-0.212,-0.005,-0.11900000000000001,0.0,-0.0109,0.0,7.390000000000001,0.1345,45732.0,-0.0088,0.0618,9000.0,45456.0,-0.0109
1684685568,10,0,-0.017,0.005,-0.017,-0.11800000000000001,0.0,-0.0056,0.0,7.390000000000001,0.134,46152.0,-0.005,0.0618,13000.0,45592.0,-0.0056
1684689568,10,0,-0.011,-0.159,-0.021,-0.11800000000000001,0.0,-0.0077,0.0,7.390000000000001,0.13390000000000002,45732.0,-0.0063,0.0618,17000.0,45592.0,-0.0077
1684693926,10,0,-0.018000000000000002,-0.015,-0.006,-0.116,0.0,-0.0039000000000000003,0.0,7.390000000000001,0.1332,46012.0,-0.0025,0.0618,21358.0,45456.0,-0.0039000000000000003
1684696570,10,0,-0.023,-0.016,0.008,-0.116,0.0,-0.0025,0.0,7.390000000000001,0.1332,45872.0,-0.0025,0.0618,24002.0,45732.0,-0.0025
1684701568,10,0,0.012,-0.176,0.011,-0.115,0.0,-0.0006000000000000001,0.0,7.390000000000001,0.13240000000000002,45732.0,0.0,0.0618,0.0,45592.0,-0.0006000000000000001
1684705573,10,0,-0.02,-0.003,0.003,-0.115,0.0,0.0006000000000000001,0.0,7.390000000000001,0.1323,45872.0,0.0,0.0618,4005.0,45732.0,0.0006000000000000001
1684709889,10,0,0.009000000000000001,-0.223,-0.003,-0.113,0.0,0.012,0.0,7.390000000000001,0.1313,45732.0,0.01,0.0618,8321.0,45456.0,0.012
1684713939,10,0,-0.019,-0.039,0.015,-0.113,0.0,0.013900000000000001,0.0,7.390000000000001,0.1311,45592.0,0.011300000000000001,0.0618,12371.0,45592.0,0.013900000000000001
1684716567,10,0,0.0,-0.188,0.019,-0.113,0.0,0.016300000000000002,0.0,7.390000000000001,0.13090000000000002,45592.0,0.0126,0.0618,14999.0,45592.0,0.016300000000000002
1684720899,10,0,-0.012,-0.10200000000000001,0.009000000000000001,-0.111,0.0,0.021400000000000002,0.0,7.390000000000001,0.1297,45872.0,0.0176,0.0618,19331.0,45456.0,0.021400000000000002
1684725569,10,0,0.008,-0.189,0.002,-0.11,0.0,0.0233,0.0,7.390000000000001,0.1295,45872.0,0.0188,0.0618,24001.0,45592.0,0.0233
1684729902,10,0,0.0,-0.105,0.001,-0.108,0.0,0.021400000000000002,0.0,7.390000000000001,0.1282,45732.0,0.0176,0.0618,0.0,45456.0,0.021400000000000002
1684733954,10,0,0.001,-0.17300000000000001,0.017,-0.108,0.0,0.0213,0.0,7.390000000000001,0.12810000000000002,45592.0,0.0176,0.0618,4052.0,45592.0,0.0213
1684736567,10,0,0.013000000000000001,-0.276,0.017,-0.107,0.0,0.0196,0.0,7.390000000000001,0.12760000000000002,45732.0,0.016300000000000002,0.0618,6665.0,45456.0,0.0196
1684740977,10,0,-0.009000000000000001,-0.035,0.011,-0.106,0.0,0.019100000000000002,0.0,7.390000000000001,0.1269,45592.0,0.0151,0.0618,11075.0,45592.0,0.019100000000000002
1684745570,10,0,0.018000000000000002,-0.259,-0.009000000000000001,-0.105,0.0,0.017,0.0,7.390000000000001,0.1264,45872.0,0.013800000000000002,0.0618,15668.0,45316.0,0.017
1684750567,10,0,-0.009000000000000001,-0.036000000000000004,0.003,-0.10400000000000001,0.0,0.0193,0.0,7.390000000000001,0.1255,45732.0,0.0151,0.0618,20665.0,45316.0,0.0193
1684752568,10,0,0.004,-0.112,0.011,-0.10400000000000001,0.0,0.0162,0.0,7.390000000000001,0.1254,45872.0,0.0126,0.0618,22666.0,45592.0,0.0162
1684756924,10,0,0.004,-0.155,0.014,-0.10200000000000001,0.0,0.0193,0.0,7.390000000000001,0.1242,45592.0,0.0151,0.0618,0.0,45592.0,0.0193
1684761568,10,0,-0.008,-0.067,0.008,-0.10200000000000001,0.0,0.012100000000000001,0.0,7.390000000000001,0.1241,45732.0,0.01,0.0618,4644.0,45592.0,0.012100000000000001
1684765568,10,0,0.018000000000000002,-0.20700000000000002,-0.002,-0.1,0.0,0.009000000000000001,0.0,7.390000000000001,0.1233,45872.0,0.007500000000000001,0.0618,8644.0,45732.0,0.009000000000000001
1684769572,10,0,-0.002,-0.025,0.003,-0.1,0.0,0.0079,0.0,7.390000000000001,0.12290000000000001,45732.0,0.0063,0.0618,12648.0,45592.0,0.0079
1684773979,10,0,0.02,-0.214,0.012,-0.098,0.0,0.009600000000000001,0.0,7.390000000000001,0.1221,45872.0,0.007500000000000001,0.0618,17055.0,45732.0,0.009600000000000001
1684776567,10,0,0.015,-0.10300000000000001,0.017,-0.098,0.0,0.009600000000000001,0.0,7.390000000000001,0.1218,46012.0,0.007500000000000001,0.0618,19643.0,45456.0,0.009600000000000001
1684781567,10,0,-0.001,-0.187,-0.006,-0.097,0.0,0.0188,0.0,7.390000000000001,0.1213,45732.0,0.0151,0.0618,24643.0,45456.0,0.0188
1684785568,10,0,0.004,-0.133,-0.024,-0.095,0.0,0.0187,0.0,7.390000000000001,0.1203,45732.0,0.0151,0.0618,0.0,45456.0,0.0187
1684790684,10,0,-0.008,-0.213,-0.006,-0.095,0.0,0.0297,0.0,7.390000000000001,0.1198,46012.0,0.0239,0.0618,5116.0,45592.0,0.0297
1684792941,10,0,0.008,-0.216,-0.017,-0.093,0.0,0.028300000000000002,0.0,7.390000000000001,0.11900000000000001,45872.0,0.022600000000000002,0.0618,7373.0,45456.0,0.028300000000000002
1684796954,10,0,-0.011,-0.084,-0.019,-0.093,0.0,0.0291,0.0,7.390000000000001,0.1187,45872.0,0.0239,0.0618,11386.0,45872.0,0.0291
1684801572,10,0,0.008,-0.264,-0.029,-0.092,0.0,0.0308,0.0,7.390000000000001,0.1182,46012.0,0.0251,0.0618,16004.0,45456.0,0.0308
1684806566,10,0,-0.005,-0.076,-0.027,-0.091,0.0,0.0302,0.0,7.390000000000001,0.1174,45732.0,0.0239,0.0618,20998.0,45456.0,0.0302
1684808567,10,0,-0.001,-0.22,-0.019,-0.09,0.0,0.0316,0.0,7.390000000000001,0.11710000000000001,45732.0,0.0251,0.0618,22999.0,45456.0,0.0316
1684812953,10,0,-0.001,-0.084,-0.002,-0.089,0.0,0.0324,0.0,7.390000000000001,0.11620000000000001,45732.0,0.0264,0.0618,0.0,45456.0,0.0324
1684816964,10,0,0.01,-0.223,0.004,-0.088,0.0,0.0344,0.0,7.390000000000001,0.11570000000000001,45732.0,0.027600000000000003,0.0618,4011.0,45456.0,0.0344
1684821569,10,0,-0.003,-0.186,-0.007,-0.08600000000000001,0.0,0.0407,0.0,7.390000000000001,0.11470000000000001,45872.0,0.032600000000000004,0.0618,8616.0,45592.0,0.0407
1684826567,10,0,0.012,-0.199,0.011,-0.08600000000000001,0.0,0.035300000000000005,0.0,7.390000000000001,0.1143,45732.0,0.027600000000000003,0.0618,13614.0,45456.0,0.035300000000000005
1684829009,10,0,0.015,-0.249,0.007,-0.084,0.0,0.0354,0.0,7.390000000000001,0.1135,45732.0,0.028900000000000002,0.0618,16056.0,45456.0,0.0354
1684833571,10,0,-0.007,-0.07,0.015,-0.084,0.0,0.0357,0.0,7.390000000000001,0.11320000000000001,45732.0,0.028900000000000002,0.0618,20618.0,45456.0,0.0357
1684837969,10,0,0.012,-0.251,0.012,-0.082,0.0,0.0339,0.0,7.41,0.11220000000000001,45872.0,0.027700000000000002,0.0618,25016.0,45456.0,0.0339
1684840684,10,0,-0.002,-0.135,0.008,-0.082,0.0,0.0342,0.0,7.41,0.11180000000000001,45592.0,0.027700000000000002,0.0618,0.0,45592.0,0.0342
1684845568,10,0,-0.016,-0.19,-0.002,-0.081,0.0,0.028200000000000003,0.0,7.41,0.1115,45732.0,0.0227,0.0618,4884.0,45592.0,0.028200000000000003
1684849977,10,0,0.0,-0.081,0.023,-0.079,0.0,0.029,0.0,7.41,0.1105,46012.0,0.0227,0.0618,9293.0,45456.0,0.029
1684854025,10,0,-0.011,-0.17400000000000002,0.03,-0.079,0.0,0.030600000000000002,0.0,7.41,0.11030000000000001,45872.0,0.0239,0.0618,13341.0,45456.0,0.030600000000000002
1684856565,10,0,-0.006,-0.248,0.019,-0.078,0.0,0.030000000000000002,0.0,7.41,0.1097,45732.0,0.0239,0.0618,15881.0,45456.0,0.030000000000000002
1684860567,10,0,-0.005,-0.046,0.022,-0.077,0.0,0.0292,0.0,7.41,0.109,46012.0,0.0239,0.0618,19883.0,45456.0,0.0292
1684865579,10,0,-0.006,-0.215,0.021,-0.076,0.0,0.0297,0.0,7.41,0.1085,45732.0,0.0239,0.0618,24895.0,45456.0,0.0297
1684869986,10,0,-0.012,-0.06,0.043000000000000003,-0.075,0.0,0.035,0.0,7.41,0.1075,46012.0,0.027700000000000002,0.0618,0.0,45456.0,0.035
1684874037,10,0,0.004,-0.243,0.027,-0.073,0.0,0.034,0.0,7.41,0.1067,46012.0,0.027700000000000002,0.0618,4051.0,45732.0,0.034
1684876568,10,0,0.004,-0.17500000000000002,0.013000000000000001,-0.073,0.0,0.0327,0.0,7.41,0.1063,46152.0,0.0264,0.0618,6582.0,45456.0,0.0327
1684881568,10,0,-0.017,-0.161,-0.006,-0.07200000000000001,0.0,0.0367,0.0,7.41,0.1058,45732.0,0.029,0.0618,11582.0,45592.0,0.0367
1684886525,10,0,-0.007,-0.095,-0.032,-0.07,0.0,0.0307,0.0,7.41,0.1046,46152.0,0.0252,0.0618,16539.0,45456.0,0.0307
1684888567,10,0,-0.013000000000000001,-0.041,-0.022,-0.07,0.0,0.030500000000000003,0.0,7.41,0.10450000000000001,46012.0,0.0239,0.0618,18581.0,45732.0,0.030500000000000003
1684893000,10,0,-0.001,-0.22,-0.025,-0.068,0.0,0.0322,0.0,7.41,0.10360000000000001,45732.0,0.0252,0.0618,23014.0,45592.0,0.0322
1684897571,10,0,-0.01,-0.029,-0.029,-0.068,0.0,0.027700000000000002,0.0,7.41,0.1033,46012.0,0.0227,0.0618,0.0,45456.0,0.027700000000000002
1684902009,10,0,0.012,-0.215,-0.029,-0.067,0.0,0.026600000000000002,0.0,7.41,0.1027,46012.0,0.021400000000000002,0.0618,4438.0,45592.0,0.026600000000000002
1684906565,10,0,0.001,-0.016,0.005,-0.066,0.0,0.0279,0.0,7.41,0.1023,45872.0,0.0227,0.0618,8994.0,45592.0,0.0279
1684908568,10,0,0.011,-0.11800000000000001,0.006,-0.066,0.0,0.0284,0.0,7.41,0.1023,46012.0,0.0227,0.0618,10997.0,45456.0,0.0284
1684913015,10,0,-0.002,-0.092,0.002,-0.064,0.0,0.0273,0.0,7.41,0.1013,45872.0,0.021400000000000002,0.0618,15444.0,45456.0,0.0273
1684917018,10,0,0.013000000000000001,-0.101,0.005,-0.065,0.0,0.025400000000000002,0.0,7.41,0.1013,46152.0,0.020200000000000003,0.0618,19447.0,45732.0,0.025400000000000002
1684921585,10,0,0.005,-0.156,-0.008,-0.063,0.0,0.0234,0.0,7.41,0.10060000000000001,45872.0,0.0189,0.0618,24014.0,45732.0,0.0234
1684926021,10,0,0.017,-0.093,-0.01,-0.063,0.0,0.0241,0.0,7.41,0.10060000000000001,46012.0,0.0189,0.0618,0.0,45592.0,0.0241
1684930143,10,0,-0.001,-0.168,-0.006,-0.062,0.0,0.0257,0.0,7.41,0.0998,46012.0,0.020200000000000003,0.0618,4122.0,45732.0,0.0257
1684932565,10,0,-0.012,-0.032,0.006,-0.062,0.0,0.0264,0.0,7.41,0.09960000000000001,46012.0,0.021400000000000002,0.0618,6544.0,45456.0,0.0264
1684937030,10,0,0.011,-0.203,-0.014,-0.061,0.0,0.023100000000000002,0.0,7.41,0.0994,46012.0,0.0189,0.0618,11009.0,45456.0,0.023100000000000002
1684941104,10,0,-0.006,-0.033,-0.007,-0.06,0.0,0.0245,0.0,7.41,0.0988,45872.0,0.020200000000000003,0.0618,15083.0,45456.0,0.0245
1684946037,10,0,0.012,-0.199,-0.004,-0.06,0.0,0.0244,0.0,7.41,0.09860000000000001,46012.0,0.020200000000000003,0.0618,20016.0,45592.0,0.0244
1684948567,10,0,0.002,-0.17200000000000001,0.005,-0.059000000000000004,0.0,0.024800000000000003,0.0,7.41,0.09820000000000001,46152.0,0.020200000000000003,0.0618,22546.0,45456.0,0.024800000000000003
1684952567,10,0,0.005,-0.018000000000000002,0.023,-0.059000000000000004,0.0,0.0258,0.0,7.41,0.0981,45872.0,0.020200000000000003,0.0618,0.0,45592.0,0.0258
1684957566,10,0,0.002,-0.176,0.011,-0.058,0.0,0.0258,0.0,7.41,0.09730000000000001,45732.0,0.0201,0.0618,4999.0,45456.0,0.0258
1684961908,10,0,0.001,-0.006,0.009000000000000001,-0.058,0.0,0.0241,0.0,7.41,0.09720000000000001,46012.0,0.0189,0.0618,9341.0,45456.0,0.0241
1684966566,10,0,-0.006,-0.17500000000000002,0.013000000000000001,-0.057,0.0,0.0235,0.0,7.41,0.0964,46012.0,0.0189,0.0618,13999.0,45456.0,0.0235
1684968566,10,0,-0.013000000000000001,-0.043000000000000003,0.023,-0.056,0.0,0.023200000000000002,0.0,7.41,0.09620000000000001,46152.0,0.0189,0.0618,15999.0,45592.0,0.023200000000000002
1684973051,10,0,0.013000000000000001,-0.149,0.021,-0.056,0.0,0.016300000000000002,0.0,7.41,0.0961,45732.0,0.0126,0.0618,20484.0,45592.0,0.016300000000000002
1684977055,10,0,-0.01,-0.033,0.011,-0.055,0.0,0.0149,0.0,7.41,0.0954,46152.0,0.011300000000000001,0.0618,24488.0,45592.0,0.0149
1684981566,10,0,0.014,-0.066,0.004,-0.055,0.0,0.013300000000000001,0.0,7.41,0.0955,45872.0,0.010100000000000001,0.0618,0.0,45592.0,0.013300000000000001
1684985568,10,0,-0.016,-0.10300000000000001,0.004,-0.054,0.0,0.0118,0.0,7.41,0.09480000000000001,45732.0,0.0088,0.0618,4002.0,45456.0,0.0118
1684990683,10,0,0.013000000000000001,-0.052000000000000005,0.015,-0.054,0.0,0.0119,0.0,7.41,0.0949,45872.0,0.010100000000000001,0.0618,9117.0,45316.0,0.0119
1684993573,10,0,0.013000000000000001,-0.154,0.004,-0.054,0.0,0.01,0.0,7.41,0.0947,45592.0,0.0076,0.0618,12007.0,45456.0,0.01
1684998069,10,0,0.002,0.044,-0.001,-0.053,0.0,0.0021000000000000003,0.0,7.41,0.0944,46152.0,0.0013000000000000002,0.0618,16503.0,45732.0,0.0021000000000000003
1685002069,10,0,0.001,-0.132,-0.017,-0.053,0.0,0.0016,0.0,7.41,0.094,46152.0,0.0013000000000000002,0.0618,20503.0,45732.0,0.0016
1685006564,10,0,-0.005,0.077,0.002,-0.052000000000000005,0.0,-0.0001,0.0,7.41,0.09390000000000001,46012.0,0.0,0.0618,24998.0,45456.0,-0.0001
1685008567,10,0,0.011,0.009000000000000001,0.004,-0.053,0.0,-0.0023,0.0,7.41,0.094,46152.0,-0.0013000000000000002,0.0618,0.0,45592.0,-0.0023
1685012567,10,0,-0.004,-0.092,-0.007,-0.052000000000000005,0.0,-0.0016,0.0,7.41,0.0935,45872.0,-0.0013000000000000002,0.0618,4000.0,45592.0,-0.0016
1685017087,10,0,0.009000000000000001,0.033,-0.009000000000000001,-0.052000000000000005,0.0,-0.0048000000000000004,0.0,7.41,0.09380000000000001,45732.0,-0.0038,0.0618,8520.0,45456.0,-0.0048000000000000004
1685021570,10,0,-0.005,-0.106,-0.017,-0.052000000000000005,0.0,-0.0021000000000000003,0.0,7.41,0.0935,45872.0,-0.0013000000000000002,0.0618,13003.0,45732.0,-0.0021000000000000003
1685026202,10,0,0.005,0.035,-0.005,-0.052000000000000005,0.0,-0.0002,0.0,7.41,0.0936,45732.0,0.0,0.0618,17635.0,45592.0,-0.0002
1685028568,10,0,0.002,-0.08600000000000001,0.001,-0.052000000000000005,0.0,0.00030000000000000003,0.0,7.41,0.0936,45872.0,0.0,0.0618,20001.0,45592.0,0.00030000000000000003
1685033088,10,0,-0.008,0.031,-0.011,-0.051000000000000004,0.0,0.0033,0.0,7.41,0.0931,46012.0,0.0025,0.0618,24521.0,45456.0,0.0033
1685037093,10,0,-0.001,-0.06,-0.012,-0.051000000000000004,0.0,-0.0005,0.0,7.41,0.09340000000000001,45872.0,0.0,0.0618,0.0,45456.0,-0.0005
1685041197,10,0,-0.008,-0.016,-0.018000000000000002,-0.051000000000000004,0.0,-0.0044,0.0,7.41,0.093,46152.0,-0.0038,0.0618,4104.0,45592.0,-0.0044
1685046098,10,0,0.005,-0.04,-0.007,-0.052000000000000005,0.0,-0.0038,0.0,7.41,0.09340000000000001,46012.0,-0.0025,0.0618,9005.0,45456.0,-0.0038
1685050568,10,0,0.003,-0.015,-0.001,-0.051000000000000004,0.0,-0.0076,0.0,7.41,0.0932,45592.0,-0.0063,0.0618,13475.0,45592.0,-0.0076
1685052568,10,0,0.008,0.051000000000000004,0.005,-0.052000000000000005,0.0,-0.0061,0.0,7.41,0.09340000000000001,45872.0,-0.005,0.0618,15475.0,45592.0,-0.0061
1685057573,10,0,0.001,-0.084,-0.007,-0.052000000000000005,0.0,-0.0011,0.0,7.41,0.0935,45732.0,-0.0013000000000000002,0.0618,20480.0,45732.0,-0.0011
1685062109,10,0,0.005,0.044,0.001,-0.052000000000000005,0.0,-0.0033,0.0,7.41,0.09340000000000001,46152.0,-0.0025,0.0618,25016.0,45456.0,-0.0033
1685066567,10,0,-0.006,-0.08600000000000001,0.006,-0.052000000000000005,0.0,-0.0038,0.0,7.41,0.09340000000000001,46012.0,-0.0025,0.0618,0.0,45456.0,-0.0038
1685068569,10,0,-0.006,-0.035,0.01,-0.051000000000000004,0.0,-0.0049,0.0,7.41,0.0932,45872.0,-0.0038,0.0618,2002.0,45592.0,-0.0049
1685073117,10,0,0.015,-0.016,0.012,-0.052000000000000005,0.0,-0.0054,0.0,7.41,0.0935,45872.0,-0.0038,0.0618,6550.0,45456.0,-0.0054
1685078116,10,0,-0.005,-0.002,0.0,-0.051000000000000004,0.0,-0.004,0.0,7.41,0.093,45872.0,-0.0038,0.0618,11549.0,45456.0,-0.004
1685082120,10,0,0.003,-0.008,0.001,-0.051000000000000004,0.0,-0.0046,0.0,7.41,0.0932,45872.0,-0.0038,0.0618,15553.0,45316.0,-0.0046
1685086565,10,0,-0.008,-0.045,0.008,-0.051000000000000004,0.0,-0.0061,0.0,7.41,0.09290000000000001,46152.0,-0.005,0.0618,19998.0,45592.0,-0.0061
1685088568,10,0,0.006,0.03,0.015,-0.051000000000000004,0.0,-0.0053,0.0,7.41,0.09290000000000001,46012.0,-0.0038,0.0618,22001.0,45592.0,-0.0053
1685093132,10,0,-0.003,-0.059000000000000004,0.008,-0.051000000000000004,0.0,-0.008700000000000001,0.0,7.41,0.093,46152.0,-0.0076,0.0618,0.0,45456.0,-0.008700000000000001
1685098130,10,0,0.009000000000000001,0.08600000000000001,0.017,-0.051000000000000004,0.0,-0.0194,0.0,7.41,0.093,46012.0,-0.0151,0.0618,4998.0,45592.0,-0.0194
1685102131,10,0,-0.008,-0.043000000000000003,0.006,-0.051000000000000004,0.0,-0.018600000000000002,0.0,7.41,0.093,46152.0,-0.0151,0.0618,8999.0,45592.0,-0.018600000000000002
1685106567,10,0,0.004,0.08600000000000001,0.015,-0.051000000000000004,0.0,-0.0227,0.0,7.41,0.09290000000000001,46012.0,-0.0176,0.0618,13435.0,45592.0,-0.0227
1685109183,10,0,0.015,0.038,0.019,-0.051000000000000004,0.0,-0.0221,0.0,7.41,0.0931,46152.0,-0.0176,0.0618,16051.0,45592.0,-0.0221
1685114186,10,0,-0.003,0.042,0.008,-0.051000000000000004,0.0,-0.021400000000000002,0.0,7.41,0.09280000000000001,46012.0,-0.0176,0.0618,21054.0,45592.0,-0.021400000000000002
1685116568,10,0,0.011,0.126,0.006,-0.051000000000000004,0.0,-0.0253,0.0,7.41,0.09290000000000001,45872.0,-0.0201,0.0618,23436.0,45592.0,-0.0253
1685121572,10,0,-0.001,-0.019,-0.011,-0.051000000000000004,0.0,-0.0329,0.0,7.41,0.0931,46152.0,-0.0264,0.0618,0.0,45732.0,-0.0329
1685126565,10,0,0.01,0.14200000000000002,0.007,-0.052000000000000005,0.0,-0.0362,0.0,7.41,0.09340000000000001,46152.0,-0.029,0.0618,4993.0,45732.0,-0.0362
1685128565,10,0,0.013000000000000001,0.041,0.003,-0.052000000000000005,0.0,-0.036500000000000005,0.0,7.41,0.0936,46152.0,-0.029,0.0618,6993.0,45456.0,-0.036500000000000005
1685132568,10,0,-0.001,0.035,-0.013000000000000001,-0.052000000000000005,0.0,-0.032,0.0,7.41,0.09340000000000001,45872.0,-0.0252,0.0618,10996.0,45592.0,-0.032
1685137154,10,0,0.017,0.044,-0.019,-0.052000000000000005,0.0,-0.032100000000000004,0.0,7.41,0.09390000000000001,46152.0,-0.0252,0.0618,15582.0,45732.0,-0.032100000000000004
1685141568,10,0,-0.01,0.034,-0.019,-0.052000000000000005,0.0,-0.0346,0.0,7.41,0.09380000000000001,46012.0,-0.027700000000000002,0.0618,19996.0,45732.0,-0.0346
1685146568,10,0,0.022,0.057,-0.003,-0.053,0.0,-0.0344,0.0,7.41,0.09430000000000001,45732.0,-0.027700000000000002,0.0618,24996.0,45592.0,-0.0344
1685148568,10,0,0.003,-0.022,-0.005,-0.053,0.0,-0.033800000000000004,0.0,7.41,0.0942,46152.0,-0.027700000000000002,0.0618,0.0,45456.0,-0.033800000000000004
1685153572,10,0,0.006,0.082,-0.01,-0.053,0.0,-0.0267,0.0,7.41,0.0941,45872.0,-0.021400000000000002,0.0618,5004.0,45872.0,-0.0267
1685158168,10,0,-0.01,-0.054,-0.023,-0.053,0.0,-0.020300000000000002,0.0,7.41,0.09430000000000001,46012.0,-0.0164,0.0618,9600.0,45456.0,-0.020300000000000002
1685160567,10,0,0.001,0.001,-0.02,-0.053,0.0,-0.016800000000000002,0.0,7.41,0.0942,46012.0,-0.013900000000000001,0.0618,11999.0,45592.0,-0.016800000000000002
1685165171,10,0,-0.005,-0.023,-0.013000000000000001,-0.053,0.0,-0.012400000000000001,0.0,7.41,0.0945,46152.0,-0.010100000000000001,0.0618,16603.0,45732.0,-0.012400000000000001
1685170183,10,0,0.004,0.026000000000000002,-0.018000000000000002,-0.053,0.0,-0.013800000000000002,0.0,7.41,0.0944,46152.0,-0.011300000000000001,0.0618,21615.0,45592.0,-0.013800000000000002
1685172568,10,0,0.018000000000000002,0.056,-0.019,-0.054,0.0,-0.0165,0.0,7.41,0.0947,46012.0,-0.013900000000000001,0.0618,24000.0,45872.0,-0.0165
1685177179,10,0,-0.009000000000000001,-0.024,-0.028,-0.054,0.0,-0.0217,0.0,7.41,0.0949,46152.0,-0.0176,0.0618,0.0,45592.0,-0.0217
1685181568,10,0,0.013000000000000001,0.064,-0.004,-0.055,0.0,-0.022600000000000002,0.0,7.41,0.09530000000000001,46152.0,-0.0176,0.0618,4389.0,45456.0,-0.022600000000000002
1685185571,10,0,-0.011,-0.021,0.006,-0.055,0.0,-0.0201,0.0,7.41,0.0955,46152.0,-0.0164,0.0618,8392.0,45732.0,-0.0201
1685190683,10,0,0.012,0.069,0.016,-0.055,0.0,-0.0235,0.0,7.41,0.09580000000000001,45732.0,-0.0189,0.0618,13504.0,45456.0,-0.0235
1685193186,10,0,-0.01,-0.019,0.024,-0.056,0.0,-0.021400000000000002,0.0,7.41,0.0959,46012.0,-0.0176,0.0618,16007.0,45592.0,-0.021400000000000002
1685197193,10,0,0.007,0.043000000000000003,0.021,-0.055,0.0,-0.026000000000000002,0.0,7.41,0.09570000000000001,45872.0,-0.021400000000000002,0.0618,20014.0,45592.0,-0.026000000000000002
1685201566,10,0,-0.004,0.023,0.017,-0.056,0.0,-0.0247,0.0,7.41,0.096,46152.0,-0.0201,0.0618,24387.0,45316.0,-0.0247
1685206568,10,0,-0.001,0.022,0.018000000000000002,-0.055,0.0,-0.0205,0.0,7.41,0.09570000000000001,45872.0,-0.0164,0.0618,0.0,45316.0,-0.0205
1685208568,10,0,0.012,0.073,0.019,-0.056,0.0,-0.020800000000000003,0.0,7.41,0.09580000000000001,46152.0,-0.0164,0.0618,2000.0,45592.0,-0.020800000000000003
1685213201,10,0,-0.016,-0.038,0.01,-0.055,0.0,-0.024900000000000002,0.0,7.41,0.09580000000000001,45872.0,-0.0201,0.0618,6633.0,45592.0,-0.024900000000000002
1685217573,10,0,0.006,0.076,0.006,-0.055,0.0,-0.0274,0.0,7.41,0.09570000000000001,45872.0,-0.021400000000000002,0.0618,11005.0,45456.0,-0.0274
1685222216,10,0,-0.013000000000000001,-0.04,0.006,-0.056,0.0,-0.0285,0.0,7.41,0.09580000000000001,46012.0,-0.0227,0.0618,15648.0,45592.0,-0.0285
1685226568,10,0,0.001,0.093,0.025,-0.055,0.0,-0.0269,0.0,7.41,0.09580000000000001,45872.0,-0.021400000000000002,0.0618,20000.0,45316.0,-0.0269
1685228568,10,0,0.001,0.058,0.028,-0.056,0.0,-0.0287,0.0,7.41,0.0959,45872.0,-0.0227,0.0618,22000.0,45592.0,-0.0287
1685233566,10,0,0.005,0.025,0.007,-0.055,0.0,-0.0303,0.0,7.41,0.0956,45732.0,-0.0239,0.0618,0.0,45456.0,-0.0303
1685238568,10,0,-0.001,0.032,0.001,-0.056,0.0,-0.033,0.0,7.41,0.096,46152.0,-0.0264,0.0618,5002.0,45456.0,-0.033
1685240685,10,0,-0.021,-0.025,0.005,-0.056,0.0,-0.034,0.0,7.41,0.0959,45872.0,-0.027700000000000002,0.0618,7119.0,45732.0,-0.034
1685245222,10,0,0.009000000000000001,0.092,-0.003,-0.056,0.0,-0.0302,0.0,7.41,0.0959,46012.0,-0.0239,0.0618,11656.0,45456.0,-0.0302
1685249572,10,0,-0.017,-0.013000000000000001,-0.014,-0.056,0.0,-0.029,0.0,7.41,0.0961,46012.0,-0.0227,0.0618,16006.0,45316.0,-0.029
1685254309,10,0,0.018000000000000002,0.081,-0.017,-0.056,0.0,-0.027200000000000002,0.0,7.41,0.096,46012.0,-0.021400000000000002,0.0618,20743.0,45732.0,-0.027200000000000002
1685256567,10,0,-0.006,0.039,-0.024,-0.056,0.0,-0.0286,0.0,7.41,0.09620000000000001,46012.0,-0.0227,0.0618,23001.0,45456.0,-0.0286
1685261228,10,0,0.01,0.038,-0.029,-0.056,0.0,-0.031900000000000005,0.0,7.41,0.0961,46012.0,-0.0252,0.0618,0.0,45456.0,-0.031900000000000005
1685265568,10,0,0.004,0.053,-0.01,-0.057,0.0,-0.0323,0.0,7.41,0.0965,45872.0,-0.0264,0.0618,4340.0,45316.0,-0.0323
1685270525,10,0,0.013000000000000001,0.015,-0.017,-0.057,0.0,-0.0287,0.0,7.41,0.0965,45872.0,-0.0227,0.0618,9297.0,45592.0,-0.0287
1685272568,10,0,0.026000000000000002,0.07,-0.016,-0.057,0.0,-0.0279,0.0,7.41,0.09670000000000001,45872.0,-0.0227,0.0618,11340.0,45592.0,-0.0279
1685277239,10,0,-0.017,-0.034,-0.011,-0.057,0.0,-0.027200000000000002,0.0,7.41,0.0969,45872.0,-0.021400000000000002,0.0618,16011.0,45592.0,-0.027200000000000002
1685281572,10,0,0.016,0.036000000000000004,-0.006,-0.057,0.0,-0.0262,0.0,7.41,0.097,46012.0,-0.021400000000000002,0.0618,20344.0,45732.0,-0.0262
1685284327,10,0,-0.018000000000000002,0.012,-0.004,-0.058,0.0,-0.026500000000000003,0.0,7.41,0.09730000000000001,45872.0,-0.021400000000000002,0.0618,23099.0,45592.0,-0.026500000000000003
1685288567,10,0,0.004,-0.008,-0.012,-0.058,0.0,-0.0251,0.0,7.41,0.09720000000000001,45732.0,-0.0201,0.0618,0.0,45456.0,-0.0251
1685293297,10,0,-0.016,-0.007,-0.001,-0.058,0.0,-0.019,0.0,7.41,0.0975,46012.0,-0.0151,0.0618,4730.0,45456.0,-0.019
1685297567,10,0,0.011,-0.03,-0.011,-0.058,0.0,-0.0171,0.0,7.41,0.09730000000000001,45872.0,-0.013900000000000001,0.0618,9000.0,45592.0,-0.0171
1685302256,10,0,-0.01,-0.01,0.005,-0.058,0.0,-0.016300000000000002,0.0,7.41,0.0975,46152.0,-0.0126,0.0618,13689.0,45872.0,-0.016300000000000002
1685304337,10,0,-0.02,-0.052000000000000005,0.014,-0.058,0.0,-0.0166,0.0,7.41,0.0975,45732.0,-0.013900000000000001,0.0618,15770.0,45456.0,-0.0166
1685308568,10,0,0.029,0.015,0.011,-0.058,0.0,-0.016800000000000002,0.0,7.41,0.0974,46012.0,-0.013900000000000001,0.0618,20001.0,45456.0,-0.016800000000000002
1685313534,10,0,-0.009000000000000001,-0.048,0.012,-0.058,0.0,-0.0123,0.0,7.41,0.0975,45732.0,-0.010100000000000001,0.0618,24967.0,45732.0,-0.0123
1685316299,10,0,0.031,-0.017,0.012,-0.058,0.0,-0.0135,0.0,7.41,0.09720000000000001,46152.0,-0.011300000000000001,0.0618,0.0,45456.0,-0.0135
1685320531,10,0,-0.003,0.0,0.022,-0.058,0.0,-0.015600000000000001,0.0,7.41,0.0974,45872.0,-0.0126,0.0618,4232.0,45592.0,-0.015600000000000001
1685325268,10,0,0.018000000000000002,-0.043000000000000003,0.025,-0.057,0.0,-0.009300000000000001,0.0,7.41,0.0969,46012.0,-0.0076,0.0618,8969.0,45316.0,-0.009300000000000001
1685329316,10,0,-0.001,0.012,0.021,-0.057,0.0,-0.012,0.0,7.41,0.097,46012.0,-0.010100000000000001,0.0618,13017.0,45456.0,-0.012
1685334355,10,0,0.015,-0.035,0.016,-0.057,0.0,-0.016300000000000002,0.0,7.41,0.0966,46152.0,-0.0126,0.0618,18056.0,45316.0,-0.016300000000000002
1685336530,10,0,0.016,0.049,0.009000000000000001,-0.057,0.0,-0.0177,0.0,7.41,0.0966,46012.0,-0.013900000000000001,0.0618,20231.0,45592.0,-0.0177
1685340685,10,0,-0.021,-0.07,-0.003,-0.057,0.0,-0.014400000000000001,0.0,7.41,0.0966,46152.0,-0.011300000000000001,0.0618,24386.0,45456.0,-0.014400000000000001
1685345572,10,0,0.022,-0.01,-0.001,-0.056,0.0,-0.011000000000000001,0.0,7.41,0.0961,45872.0,-0.0088,0.0618,0.0,45456.0,-0.011000000000000001
1685348317,10,0,-0.015,-0.016,0.008,-0.056,0.0,-0.0119,0.0,7.41,0.09630000000000001,46012.0,-0.010100000000000001,0.0618,2745.0,45732.0,-0.0119
1685352567,10,0,0.015,-0.05,-0.008,-0.056,0.0,-0.016300000000000002,0.0,7.41,0.09580000000000001,45592.0,-0.0126,0.0618,6995.0,45456.0,-0.016300000000000002
1685357530,10,0,-0.014,0.015,-0.018000000000000002,-0.056,0.0,-0.0199,0.0,7.41,0.096,45872.0,-0.0164,0.0618,11958.0,45456.0,-0.0199
1685362329,10,0,0.021,-0.007,-0.006,-0.055,0.0,-0.0194,0.0,7.41,0.0956,46012.0,-0.0151,0.0618,16757.0,45456.0,-0.0194
1685364376,10,0,0.009000000000000001,0.07100000000000001,0.001,-0.055,0.0,-0.020800000000000003,0.0,7.41,0.0956,45872.0,-0.0164,0.0618,18804.0,45592.0,-0.020800000000000003
1685369377,10,0,0.004,-0.06,-0.005,-0.055,0.0,-0.0257,0.0,7.41,0.09570000000000001,46152.0,-0.0201,0.0618,23805.0,45592.0,-0.0257
1685373530,10,0,0.023,0.075,-0.023,-0.055,0.0,-0.0262,0.0,7.41,0.09570000000000001,46296.0,-0.021400000000000002,0.0618,0.0,45592.0,-0.0262
1685377571,10,0,-0.021,0.031,-0.003,-0.056,0.0,-0.0308,0.0,7.41,0.096,46012.0,-0.0252,0.0618,4041.0,45592.0,-0.0308
1685380339,10,0,0.018000000000000002,-0.02,-0.003,-0.056,0.0,-0.028800000000000003,0.0,7.41,0.09580000000000001,46012.0,-0.0227,0.0618,6809.0,45732.0,-0.028800000000000003
1685384387,10,0,-0.017,0.064,0.003,-0.056,0.0,-0.0262,0.0,7.41,0.0961,45872.0,-0.021400000000000002,0.0618,10857.0,45456.0,-0.0262
1685388566,10,0,-0.001,-0.063,-0.002,-0.056,0.0,-0.023700000000000002,0.0,7.41,0.0959,45732.0,-0.0189,0.0618,15036.0,45592.0,-0.023700000000000002
1685393360,10,0,-0.021,0.037,0.002,-0.056,0.0,-0.016,0.0,7.41,0.09580000000000001,46012.0,-0.0126,0.0618,19830.0,45592.0,-0.016
1685397529,10,0,0.001,-0.077,-0.007,-0.055,0.0,-0.0159,0.0,7.41,0.0956,46012.0,-0.0126,0.0618,23999.0,45456.0,-0.0159
1685402353,10,0,-0.023,0.019,0.001,-0.055,0.0,-0.011300000000000001,0.0,7.41,0.0955,45872.0,-0.0088,0.0618,0.0,45592.0,-0.011300000000000001
1685404399,10,0,-0.043000000000000003,-0.074,0.008,-0.055,0.0,-0.0047,0.0,7.41,0.0955,45872.0,-0.0038,0.0618,2046.0,45456.0,-0.0047
1685408566,10,0,0.03,-0.052000000000000005,-0.006,-0.054,0.0,-0.0039000000000000003,0.0,7.41,0.0951,46152.0,-0.0025,0.0618,6213.0,45592.0,-0.0039000000000000003
1685413357,10,0,-0.038,-0.068,-0.015,-0.055,0.0,-0.0059,0.0,7.41,0.09530000000000001,46012.0,-0.005,0.0618,11004.0,45592.0,-0.0059
1685417362,10,0,0.03,-0.053,-0.022,-0.054,0.0,-0.0058000000000000005,0.0,7.41,0.09480000000000001,46012.0,-0.005,0.0618,15009.0,45456.0,-0.0058000000000000005
1685421530,10,0,-0.032,-0.016,0.0,-0.054,0.0,-0.004200000000000001,0.0,7.41,0.095,46012.0,-0.0038,0.0618,19177.0,45456.0,-0.004200000000000001
1685424411,10,0,0.001,-0.136,0.004,-0.054,0.0,-0.0033,0.0,7.41,0.0947,46296.0,-0.0025,0.0618,22058.0,45732.0,-0.0033
1685428529,10,0,0.0,0.026000000000000002,0.003,-0.053,0.0,-0.0025,0.0,7.41,0.0945,46152.0,-0.0025,0.0618,0.0,45456.0,-0.0025
1685432529,10,0,-0.015,-0.116,0.002,-0.053,2.67,-0.003,0.0,7.41,0.0945,45872.0,-0.0025,0.0618,4000.0,45592.0,-0.003
1685437376,10,0,0.004,0.022,0.002,-0.047,2.67,0.0008,0.0,7.41,0.094,46152.0,0.0,0.0653,8847.0,45316.0,0.0008
1685441572,10,0,-0.023,-0.069,0.014,-0.042,2.67,0.0058000000000000005,0.0,7.41,0.0941,46152.0,0.005,0.06810000000000001,13043.0,45456.0,0.0058000000000000005
1685444427,10,0,0.021,-0.10300000000000001,0.016,-0.038,2.67,0.008400000000000001,0.0,7.41,0.09340000000000001,46152.0,0.0063,0.0702,15898.0,45592.0,0.008400000000000001
1685449427,10,0,-0.012,-0.047,0.01,-0.032,2.67,0.0068000000000000005,0.0,7.41,0.0935,46012.0,0.005,0.0737,20898.0,45456.0,0.0068000000000000005
1685453529,10,0,0.019,-0.11,0.001,-0.027,2.67,0.0092,0.0,7.41,0.09280000000000001,45872.0,0.0076,0.07640000000000001,25000.0,45592.0,0.0092
1685457530,10,0,-0.007,0.019,0.01,-0.022,2.67,0.0126,0.0,7.41,0.09280000000000001,45872.0,0.010100000000000001,0.0792,0.0,45592.0,0.0126
1685460385,10,0,0.006,-0.145,0.019,-0.018000000000000002,2.67,0.0095,0.0,7.41,0.0925,45732.0,0.0076,0.0813,2855.0,45456.0,0.0095
1685464438,10,0,0.013000000000000001,0.036000000000000004,0.017,-0.013000000000000001,2.67,0.0082,0.0,7.41,0.0922,45732.0,0.0063,0.08410000000000001,6908.0,45456.0,0.0082
1685468529,10,0,-0.008,-0.098,0.005,-0.009000000000000001,2.67,0.0119,0.0,7.41,0.09230000000000001,46012.0,0.010100000000000001,0.0869,10999.0,45316.0,0.0119
1685473571,10,0,0.016,-0.046,-0.005,-0.002,2.67,0.0161,0.0,7.41,0.0915,46152.0,0.0126,0.09040000000000001,16041.0,45316.0,0.0161
1685476400,10,0,-0.012,0.016,0.006,0.001,2.67,0.0099,0.0,7.41,0.0918,46152.0,0.0076,0.0925,18870.0,45456.0,0.0099
1685480528,10,0,0.024,-0.123,-0.003,0.007,2.67,0.0132,0.0,7.41,0.0913,46012.0,0.010100000000000001,0.09530000000000001,22998.0,45732.0,0.0132
1685485402,10,0,-0.014,0.044,-0.005,0.012,2.67,0.0119,0.0,7.41,0.0915,46012.0,0.010100000000000001,0.0988,0.0,45732.0,0.0119
1685489450,10,0,0.026000000000000002,-0.105,-0.027,0.017,2.67,0.0081,0.0,7.41,0.0911,45872.0,0.0063,0.10160000000000001,4048.0,45316.0,0.0081
1685494454,10,0,-0.017,0.092,-0.011,0.022,2.67,0.0045000000000000005,0.0,7.41,0.09140000000000001,46012.0,0.0038,0.1051,9052.0,45456.0,0.0045000000000000005
1685496556,10,0,-0.005,-0.031,-0.009000000000000001,0.024,2.67,0.0014,0.0,7.41,0.0915,46012.0,0.0013000000000000002,0.10650000000000001,11154.0,45456.0,0.0014
1685501528,10,0,0.009000000000000001,0.073,0.01,0.031,2.67,0.0057,0.0,7.41,0.0912,46012.0,0.005,0.11,16126.0,45592.0,0.0057
1685505571,10,0,-0.02,0.054,0.017,0.035,2.67,0.0078000000000000005,0.0,7.41,0.0916,45872.0,0.0063,0.11270000000000001,20169.0,45316.0,0.0078000000000000005
1685508422,10,0,0.028,-0.062,-0.007,0.038,2.67,0.007,0.0,7.41,0.0913,46152.0,0.005,0.1148,23020.0,45592.0,0.007
1685512529,10,0,-0.021,0.097,0.003,0.043000000000000003,2.67,0.0118,0.0,7.41,0.09140000000000001,46012.0,0.010100000000000001,0.11760000000000001,0.0,45456.0,0.0118
1685517421,10,0,0.023,-0.074,0.007,0.049,2.67,0.0143,0.0,7.41,0.0912,46012.0,0.011300000000000001,0.1211,4892.0,45732.0,0.0143
1685521529,10,0,-0.026000000000000002,0.09,0.006,0.053,2.67,0.0178,0.0,7.41,0.09140000000000001,46152.0,0.013900000000000001,0.12390000000000001,9000.0,45456.0,0.0178
1685524473,10,0,-0.007,-0.061,-0.007,0.056,2.67,0.0205,0.0,7.41,0.09140000000000001,46012.0,0.0164,0.126,11944.0,45456.0,0.0205
1685528529,10,0,0.01,0.021,-0.025,0.062,2.67,0.0218,0.0,7.41,0.0911,46152.0,0.0176,0.1288,16000.0,45316.0,0.0218
1685533431,10,0,-0.017,-0.07,-0.014,0.067,2.67,0.029400000000000003,0.0,7.41,0.09140000000000001,46012.0,0.0239,0.1323,20902.0,45456.0,0.029400000000000003
1685537572,10,0,0.015,-0.047,-0.021,0.07200000000000001,2.67,0.0291,0.0,7.41,0.0911,46012.0,0.0239,0.1351,25043.0,45456.0,0.0291
1685540684,10,0,-0.033,0.035,-0.006,0.075,2.67,0.0349,0.0,7.41,0.09140000000000001,46152.0,0.027700000000000002,0.13720000000000002,0.0,45592.0,0.0349
1685545529,10,0,0.022,-0.05,-0.004,0.081,2.67,0.0361,0.0,7.41,0.091,46012.0,0.029,0.14070000000000002,4845.0,45316.0,0.0361
1685548442,10,0,-0.017,0.094,-0.001,0.084,2.67,0.0332,0.0,7.41,0.0913,46152.0,0.0264,0.1428,7758.0,45456.0,0.0332
1685552444,10,0,0.008,-0.116,-0.012,0.088,2.67,0.035500000000000004,0.0,7.41,0.09140000000000001,46152.0,0.029,0.1456,11760.0,45456.0,0.035500000000000004
1685556556,10,0,-0.008,0.067,0.013000000000000001,0.093,2.67,0.041100000000000005,0.0,7.41,0.0911,46012.0,0.0327,0.1484,15872.0,45592.0,0.041100000000000005
1685561528,10,0,0.012,-0.095,0.02,0.099,2.67,0.0356,0.0,7.41,0.0913,45872.0,0.029,0.15180000000000002,20844.0,45316.0,0.0356
1685566453,10,0,-0.009000000000000001,0.105,0.01,0.105,2.67,0.0381,0.0,7.41,0.0912,46012.0,0.0302,0.1553,25769.0,45316.0,0.0381
1685568458,10,0,-0.012,0.035,0.01,0.106,2.67,0.0391,0.0,7.41,0.0915,46012.0,0.0315,0.1567,0.0,45592.0,0.0391
1685573456,10,0,0.005,0.01,0.013000000000000001,0.113,2.67,0.0378,0.0,7.41,0.0911,46012.0,0.0302,0.1602,4998.0,45456.0,0.0378
1685577587,10,0,-0.009000000000000001,0.055,0.026000000000000002,0.116,2.67,0.0388,0.0,7.41,0.0916,46152.0,0.0315,0.163,9129.0,45456.0,0.0388
1685580463,10,0,0.016,-0.092,0.004,0.12,2.67,0.0396,0.0,7.41,0.09140000000000001,46152.0,0.0315,0.1651,12005.0,45456.0,0.0396
1685585466,10,0,-0.011,0.127,0.0,0.122,0.0,0.0376,0.0,7.41,0.0916,46152.0,0.0302,0.1665,17008.0,45592.0,0.0376
1685589516,10,0,0.012,-0.069,-0.005,0.122,0.0,0.0333,0.0,7.41,0.0916,45592.0,0.0264,0.1665,21058.0,45456.0,0.0333
1685593529,10,0,-0.009000000000000001,0.125,0.014,0.122,0.0,0.0333,0.0,7.41,0.0916,46296.0,0.0264,0.1665,25071.0,45456.0,0.0333
1685596473,10,0,-0.003,0.049,0.013000000000000001,0.122,0.0,0.031,0.0,7.41,0.092,46012.0,0.0252,0.1665,0.0,45592.0,0.031
1685600528,10,0,0.012,0.013000000000000001,-0.006,0.122,0.0,0.0264,0.0,7.41,0.0917,46152.0,0.021400000000000002,0.1665,4055.0,45456.0,0.0264
1685605479,10,0,-0.006,0.079,-0.001,0.121,0.0,0.023700000000000002,0.0,7.41,0.09240000000000001,46012.0,0.0189,0.1665,9006.0,45316.0,0.023700000000000002
1685609529,10,0,0.011,0.019,-0.011,0.121,0.0,0.021,0.0,7.41,0.0922,46152.0,0.0164,0.1665,13056.0,45456.0,0.021
1685612480,10,0,-0.013000000000000001,0.171,0.002,0.12,0.0,0.018500000000000003,0.0,7.41,0.0926,45872.0,0.0151,0.1665,16007.0,45456.0,0.018500000000000003
1685617484,10,0,0.017,-0.013000000000000001,0.0,0.12,0.0,0.0176,0.0,7.41,0.093,45872.0,0.013800000000000002,0.1665,21011.0,45316.0,0.0176
1685621527,10,0,-0.003,0.181,-0.002,0.11900000000000001,0.0,0.013900000000000001,0.0,7.41,0.09330000000000001,46152.0,0.011300000000000001,0.1665,25054.0,45316.0,0.013900000000000001
1685625530,10,0,0.008,0.018000000000000002,-0.017,0.11900000000000001,0.0,0.0129,0.0,7.41,0.0937,46012.0,0.010100000000000001,0.1665,0.0,45316.0,0.0129
1685629557,10,0,-0.002,0.127,-0.007,0.11900000000000001,0.0,0.0137,0.0,7.41,0.0937,45872.0,0.011300000000000001,0.1665,4027.0,45456.0,0.0137
1685632492,10,0,-0.01,0.121,0.01,0.11800000000000001,0.0,0.0196,0.0,7.41,0.0942,46012.0,0.0151,0.1665,6962.0,45316.0,0.0196
1685637500,10,0,0.008,0.07200000000000001,-0.002,0.11800000000000001,0.0,0.0131,0.0,7.41,0.0942,46440.0,0.010100000000000001,0.1665,11970.0,45316.0,0.0131
1685641661,10,0,0.003,0.106,-0.017,0.117,0.0,0.020300000000000002,0.0,7.41,0.0949,45872.0,0.0164,0.1665,16131.0,45316.0,0.020300000000000002
1685644552,10,0,0.015,-0.021,-0.028,0.117,0.0,0.020800000000000003,0.0,7.41,0.095,46152.0,0.0164,0.1665,19022.0,45592.0,0.020800000000000003
1685649556,10,0,-0.012,0.171,-0.006,0.116,0.0,0.0142,0.0,7.41,0.0956,46152.0,0.011300000000000001,0.1665,24026.0,45592.0,0.0142
1685652510,10,0,0.011,-0.013000000000000001,-0.01,0.115,0.0,0.0171,0.0,7.41,0.0959,46012.0,0.013800000000000002,0.1665,0.0,45456.0,0.0171
1685657513,10,0,-0.005,0.198,-0.004,0.114,0.0,0.0132,0.0,7.41,0.09630000000000001,45732.0,0.010100000000000001,0.1665,5003.0,45456.0,0.0132
1685662517,10,0,0.024,-0.014,-0.012,0.113,0.0,0.0077,0.0,7.41,0.0969,46012.0,0.0063,0.1665,10007.0,45456.0,0.0077
1685664567,10,0,0.002,0.075,-0.008,0.113,0.0,0.0103,0.0,7.41,0.0969,45872.0,0.0088,0.1665,12057.0,45592.0,0.0103
1685669566,10,0,0.011,0.089,0.011,0.112,0.0,0.006500000000000001,0.0,7.41,0.098,46152.0,0.005,0.1665,17056.0,45456.0,0.006500000000000001
1685672524,10,0,0.008,0.008,0.013000000000000001,0.112,0.0,0.0061,0.0,7.41,0.0979,46012.0,0.005,0.1665,20014.0,45180.0,0.0061
1685677526,10,0,0.007,0.161,0.019,0.11,0.0,0.0098,0.0,7.41,0.0988,46152.0,0.0076,0.1665,25016.0,45316.0,0.0098
1685682530,10,0,-0.006,0.056,-0.005,0.11,0.0,0.008700000000000001,0.0,7.41,0.0989,46296.0,0.0076,0.1665,0.0,45316.0,0.008700000000000001
1685684578,10,0,-0.015,0.191,0.0,0.11,0.0,0.0078000000000000005,0.0,7.41,0.09920000000000001,46012.0,0.0063,0.1665,2048.0,45456.0,0.0078000000000000005
1685689578,10,0,0.011,0.009000000000000001,0.01,0.109,0.0,0.0024000000000000002,0.0,7.41,0.0999,45872.0,0.0025,0.1665,7048.0,45316.0,0.0024000000000000002
1685694611,10,0,0.001,0.20700000000000002,0.014,0.108,0.0,0.0044,0.0,7.41,0.1003,46012.0,0.0038,0.1665,12081.0,45316.0,0.0044
1685697575,10,0,0.02,0.128,0.016,0.107,0.0,0.0037,0.0,7.41,0.10070000000000001,46152.0,0.0025,0.1665,15045.0,45592.0,0.0037
1685700539,10,0,0.004,0.046,-0.004,0.107,0.0,0.0043,0.0,7.41,0.10070000000000001,46152.0,0.0038,0.1665,18009.0,45456.0,0.0043
1685704588,10,0,0.0,0.196,-0.001,0.106,0.0,0.0017000000000000001,0.0,7.41,0.1014,46296.0,0.0013000000000000002,0.1665,22058.0,45316.0,0.0017000000000000001
1685709594,10,0,-0.002,0.03,0.007,0.106,0.0,0.004200000000000001,0.0,7.41,0.1017,46012.0,0.0038,0.1665,0.0,45456.0,0.004200000000000001
1685712548,10,0,-0.005,0.19,0.009000000000000001,0.105,0.0,0.0038,0.0,7.41,0.10200000000000001,45872.0,0.0025,0.1665,2954.0,45316.0,0.0038
1685717551,10,0,0.006,0.015,-0.006,0.10400000000000001,0.0,0.0024000000000000002,0.0,7.41,0.10260000000000001,46012.0,0.0025,0.1665,7957.0,45456.0,0.0024000000000000002
1685722554,10,0,-0.002,0.22,-0.01,0.10300000000000001,0.0,-0.0033,0.0,7.41,0.10300000000000001,45872.0,-0.0025,0.1665,12960.0,45316.0,-0.0033
1685724604,10,0,0.003,0.153,-0.006,0.10300000000000001,0.0,-0.006200000000000001,0.0,7.41,0.10350000000000001,46296.0,-0.005,0.1665,15010.0,45456.0,-0.006200000000000001
1685729591,10,0,-0.003,0.074,-0.014,0.10200000000000001,0.0,-0.008,0.0,7.41,0.1037,46012.0,-0.0063,0.1665,19997.0,45592.0,-0.008
1685732560,10,0,0.001,0.223,-0.003,0.101,0.0,-0.0097,0.0,7.41,0.10450000000000001,46440.0,-0.0076,0.1665,22966.0,45456.0,-0.0097
1685737562,10,0,-0.002,0.08700000000000001,-0.008,0.1,0.0,-0.0164,0.0,7.41,0.10490000000000001,46152.0,-0.0126,0.1665,0.0,45456.0,-0.0164
1685741657,10,0,0.003,0.23500000000000001,-0.003,0.099,0.0,-0.0164,0.0,7.41,0.1057,46152.0,-0.0126,0.1665,4095.0,45592.0,-0.0164
1685744616,10,0,0.003,0.092,-0.009000000000000001,0.098,0.0,-0.0167,0.0,7.41,0.1062,46152.0,-0.013800000000000002,0.1665,7054.0,45456.0,-0.0167
1685749618,10,0,-0.004,0.233,0.007,0.097,0.0,-0.019700000000000002,0.0,7.41,0.1067,46012.0,-0.0164,0.1665,12056.0,45456.0,-0.019700000000000002
1685752573,10,0,-0.001,0.155,0.013000000000000001,0.096,0.0,-0.0188,0.0,7.41,0.1075,45872.0,-0.0151,0.1665,15011.0,45456.0,-0.0188
1685757574,10,0,0.001,0.182,-0.024,0.095,0.0,-0.0204,0.0,7.41,0.108,46152.0,-0.0164,0.1665,20012.0,45456.0,-0.0204
1685762455,10,0,0.008,0.159,-0.026000000000000002,0.094,0.0,-0.019700000000000002,0.0,7.41,0.109,45872.0,-0.0164,0.1665,24893.0,45732.0,-0.019700000000000002
1685764626,10,0,-0.009000000000000001,0.08,-0.017,0.093,0.0,-0.0188,0.0,7.41,0.1092,46296.0,-0.0151,0.1665,0.0,45456.0,-0.0188
1685769631,10,0,-0.002,0.20800000000000002,0.0,0.092,0.0,-0.019,0.0,7.41,0.1102,46012.0,-0.0151,0.1665,5005.0,45456.0,-0.019
1685772584,10,0,-0.002,0.07200000000000001,-0.009000000000000001,0.091,0.0,-0.016800000000000002,0.0,7.41,0.1106,46152.0,-0.013800000000000002,0.1665,7958.0,45316.0,-0.016800000000000002
1685777587,10,0,0.005,0.20800000000000002,-0.015,0.09,0.0,-0.015300000000000001,0.0,7.41,0.11120000000000001,46152.0,-0.0126,0.1665,12961.0,45456.0,-0.015300000000000001
1685782591,10,0,-0.017,0.07200000000000001,0.001,0.089,0.0,-0.017400000000000002,0.0,7.41,0.112,46012.0,-0.013800000000000002,0.1665,17965.0,45316.0,-0.017400000000000002
1685784638,10,0,-0.008,0.14,0.01,0.089,0.0,-0.0183,0.0,7.41,0.11220000000000001,46152.0,-0.0151,0.1665,20012.0,45592.0,-0.0183
1685789641,10,0,0.001,0.11900000000000001,0.012,0.08700000000000001,0.0,-0.0161,0.0,7.41,0.11320000000000001,46012.0,-0.0126,0.1665,25015.0,45456.0,-0.0161
1685794456,10,0,0.0,0.137,0.005,0.08600000000000001,0.0,-0.0188,0.0,7.41,0.1135,46012.0,-0.0151,0.1665,0.0,45732.0,-0.0188
1685796602,10,0,0.01,0.2,0.01,0.085,0.0,-0.019100000000000002,0.0,7.41,0.11420000000000001,46296.0,-0.0151,0.1665,2146.0,45456.0,-0.019100000000000002
1685801601,10,0,-0.008,0.095,0.005,0.084,0.0,-0.020200000000000003,0.0,7.41,0.1149,45872.0,-0.0164,0.1665,7145.0,45316.0,-0.020200000000000003
1685805603,10,0,0.003,0.202,0.016,0.083,0.0,-0.020900000000000002,0.0,7.41,0.11560000000000001,45872.0,-0.0164,0.1665,11147.0,45592.0,-0.020900000000000002
1685808607,10,0,-0.003,0.092,0.012,0.082,0.0,-0.02,0.0,7.41,0.11610000000000001,45872.0,-0.0164,0.1665,14151.0,45456.0,-0.02
1685813609,10,0,0.006,0.194,0.001,0.081,0.0,-0.019700000000000002,0.0,7.41,0.11670000000000001,46012.0,-0.0164,0.1665,19153.0,45316.0,-0.019700000000000002
1685817611,10,0,-0.005,0.099,-0.004,0.08,0.0,-0.021,0.0,7.41,0.1174,46152.0,-0.0164,0.1665,23155.0,45316.0,-0.021
1685822615,10,0,0.006,0.203,0.003,0.079,0.0,-0.024200000000000003,0.0,7.41,0.1179,46152.0,-0.0189,0.1665,0.0,45316.0,-0.024200000000000003
1685824662,10,0,0.012,0.191,0.004,0.079,0.0,-0.025,0.0,7.41,0.1183,46296.0,-0.0201,0.1665,2047.0,45180.0,-0.025
1685829666,10,0,-0.013000000000000001,0.11800000000000001,-0.007,0.078,0.0,-0.0239,0.0,7.41,0.1187,46152.0,-0.0189,0.1665,7051.0,45316.0,-0.0239
1685832620,10,0,0.009000000000000001,0.20700000000000002,-0.008,0.077,0.0,-0.023200000000000002,0.0,7.41,0.1192,45872.0,-0.0189,0.1665,10005.0,45456.0,-0.023200000000000002
1685837623,10,0,-0.014,0.085,-0.011,0.076,0.0,-0.024900000000000002,0.0,7.41,0.1198,46296.0,-0.0201,0.1665,15008.0,45456.0,-0.024900000000000002
1685841789,10,0,0.019,0.215,0.002,0.075,0.0,-0.0267,0.0,7.41,0.12040000000000001,45872.0,-0.021400000000000002,0.1665,19174.0,45456.0,-0.0267
1685844680,10,0,0.001,0.116,0.012,0.074,0.0,-0.0267,0.0,7.41,0.12090000000000001,46012.0,-0.021400000000000002,0.1665,22065.0,45592.0,-0.0267
1685849679,10,0,0.011,0.181,0.001,0.074,0.0,-0.023100000000000002,0.0,7.41,0.1213,46012.0,-0.0189,0.1665,0.0,45316.0,-0.023100000000000002
1685852632,10,0,0.013000000000000001,0.161,-0.005,0.073,0.0,-0.024900000000000002,0.0,7.41,0.12190000000000001,46296.0,-0.0201,0.1665,2953.0,45732.0,-0.024900000000000002
1685857573,10,0,-0.009000000000000001,0.10400000000000001,-0.011,0.07200000000000001,0.0,-0.0261,0.0,7.41,0.1223,46152.0,-0.021400000000000002,0.1665,7894.0,45732.0,-0.0261
1685862639,10,0,0.001,0.133,0.001,0.07,0.0,-0.027600000000000003,0.0,7.41,0.1233,46152.0,-0.0227,0.1665,12960.0,45456.0,-0.027600000000000003
1685864693,10,0,-0.017,0.082,-0.001,0.07,0.0,-0.0262,0.0,7.41,0.12350000000000001,46152.0,-0.021400000000000002,0.1665,15014.0,45456.0,-0.0262
1685869687,10,0,0.021,0.186,-0.007,0.069,0.0,-0.024,0.0,7.41,0.1241,46152.0,-0.0189,0.1665,20008.0,45456.0,-0.024
1685872645,10,0,-0.009000000000000001,0.09,-0.016,0.068,0.0,-0.0222,0.0,7.41,0.1245,46012.0,-0.0176,0.1665,22966.0,45732.0,-0.0222
1685877646,10,0,0.023,0.169,-0.012,0.068,0.0,-0.0222,0.0,7.41,0.125,46296.0,-0.0176,0.1665,0.0,45456.0,-0.0222
1685882651,10,0,-0.011,0.07200000000000001,0.0,0.066,0.0,-0.021500000000000002,0.0,7.41,0.1258,46012.0,-0.0176,0.1665,5005.0,45872.0,-0.021500000000000002
1685884741,10,0,-0.002,0.1,-0.003,0.066,0.0,-0.021400000000000002,0.0,7.41,0.1259,46296.0,-0.0176,0.1665,7095.0,45316.0,-0.021400000000000002
1685890796,10,0,0.002,0.079,-0.011,0.065,0.0,-0.016800000000000002,0.0,7.41,0.1269,46152.0,-0.013800000000000002,0.1665,13150.0,45316.0,-0.016800000000000002
1685893658,10,0,0.0,0.078,-0.01,0.064,0.0,-0.0154,0.0,7.41,0.12710000000000002,46296.0,-0.0126,0.1665,16012.0,45732.0,-0.0154
1685896659,10,0,0.027,0.15,-0.011,0.064,0.0,-0.0158,0.0,7.41,0.1275,46012.0,-0.0126,0.1665,19013.0,45732.0,-0.0158
1685901662,10,0,-0.015,0.051000000000000004,0.003,0.063,0.0,-0.014700000000000001,0.0,7.41,0.12810000000000002,46152.0,-0.011300000000000001,0.1665,24016.0,45732.0,-0.014700000000000001
1685906665,10,0,0.028,0.14100000000000001,0.005,0.062,0.0,-0.015000000000000001,0.0,7.41,0.1287,46012.0,-0.0126,0.1665,0.0,45456.0,-0.015000000000000001
1685908668,10,0,0.001,0.07100000000000001,0.003,0.061,0.0,-0.0118,0.0,7.41,0.129,45732.0,-0.0088,0.1665,2003.0,45456.0,-0.0118
1685913673,10,0,0.01,0.11,-0.003,0.061,0.0,-0.009300000000000001,0.0,7.4,0.1292,45872.0,-0.0076,0.1665,7008.0,45316.0,-0.009300000000000001
1685916671,10,0,0.012,0.116,0.004,0.06,0.0,-0.0114,0.0,7.4,0.1297,46296.0,-0.0088,0.1665,10006.0,45592.0,-0.0114
1685921573,10,0,-0.011,0.028,0.009000000000000001,0.06,0.0,-0.0088,0.0,7.4,0.12990000000000002,45872.0,-0.0076,0.1665,14908.0,45456.0,-0.0088
1685925677,10,0,0.003,0.124,0.018000000000000002,0.059000000000000004,0.0,-0.009600000000000001,0.0,7.4,0.13040000000000002,46012.0,-0.0076,0.1665,19012.0,45732.0,-0.009600000000000001
1685928680,10,0,-0.021,0.012,0.016,0.059000000000000004,0.0,-0.0073,0.0,7.4,0.1305,46012.0,-0.0063,0.1665,22015.0,45456.0,-0.0073
1685934601,10,0,0.015,0.124,-0.005,0.058,0.0,-0.0032,0.0,7.4,0.1307,45872.0,-0.0025,0.1665,0.0,45456.0,-0.0032
1685936683,10,0,-0.017,0.042,0.0,0.058,0.0,-0.0037,0.0,7.4,0.131,46012.0,-0.0025,0.1665,2082.0,45592.0,-0.0037
1685941567,10,0,0.008,0.055,0.008,0.058,0.0,-0.0027,0.0,7.4,0.13090000000000002,46012.0,-0.0025,0.1665,6966.0,45592.0,-0.0027
1685946682,10,0,-0.018000000000000002,0.01,0.01,0.057,0.0,-0.001,0.0,7.4,0.1313,46152.0,-0.0013000000000000002,0.1665,12081.0,45316.0,-0.001
1685948684,10,0,0.0,0.012,0.0,0.058,0.0,-0.0024000000000000002,0.0,7.4,0.1311,46012.0,-0.0025,0.1665,14083.0,45316.0,-0.0024000000000000002
1685954799,10,0,-0.025,0.052000000000000005,-0.005,0.057,0.0,-0.0017000000000000001,0.0,7.4,0.1316,46012.0,-0.0013000000000000002,0.1665,20198.0,45456.0,-0.0017000000000000001
1685957685,10,0,-0.011,0.007,-0.002,0.057,0.0,-0.0033,0.0,7.4,0.1315,46012.0,-0.0025,0.1665,23084.0,45592.0,-0.0033
1685962689,10,0,0.002,0.097,0.003,0.056,0.0,-0.0019,0.0,7.4,0.13190000000000002,46152.0,-0.0013000000000000002,0.1665,0.0,45592.0,-0.0019
1685964776,10,0,-0.023,0.021,0.005,0.056,0.0,-0.0027,0.0,7.4,0.132,46152.0,-0.0025,0.1665,2087.0,45592.0,-0.0027
1685969573,10,0,0.012,0.073,0.001,0.056,0.0,-0.0027,0.0,7.4,0.132,45872.0,-0.0025,0.1665,6884.0,45316.0,-0.0027
1685973577,10,0,-0.018000000000000002,0.078,-0.007,0.055,0.0,-0.0054,0.0,7.4,0.1325,45872.0,-0.0038,0.1665,10888.0,45592.0,-0.0054
1685977742,10,0,0.019,0.053,-0.003,0.055,0.0,-0.0016,0.0,7.4,0.1326,45872.0,-0.0013000000000000002,0.1665,15053.0,45456.0,-0.0016
1685982571,10,0,-0.018000000000000002,0.092,0.015,0.055,0.0,-0.0044,0.0,7.4,0.133,46152.0,-0.0038,0.1665,19882.0,45456.0,-0.0044
1685984573,10,0,-0.021,0.024,0.013000000000000001,0.054,0.0,-0.006200000000000001,0.0,7.4,0.1331,46296.0,-0.005,0.1665,21884.0,45456.0,-0.006200000000000001
1685988749,10,0,0.017,0.094,-0.015,0.054,0.0,-0.0013000000000000002,0.0,7.4,0.1332,46012.0,-0.0013000000000000002,0.1665,0.0,45316.0,-0.0013000000000000002
1685993756,10,0,-0.016,0.013000000000000001,-0.013000000000000001,0.054,0.0,-0.003,0.0,7.4,0.1336,46296.0,-0.0025,0.1665,5007.0,45592.0,-0.003
1685998571,10,0,0.024,0.081,-0.001,0.054,0.0,-0.0023,0.0,7.4,0.1337,46012.0,-0.0013000000000000002,0.1665,9822.0,45316.0,-0.0023
1686000571,10,0,-0.017,0.083,0.004,0.053,0.0,0.0015,0.0,7.4,0.13390000000000002,45872.0,0.0013000000000000002,0.1665,11822.0,45456.0,0.0015
1686004572,10,0,0.002,-0.008,-0.004,0.053,0.0,0.0033,0.0,7.4,0.134,45872.0,0.0025,0.1665,15823.0,45456.0,0.0033
1686008759,10,0,-0.024,0.077,-0.013000000000000001,0.053,0.0,0.0048000000000000004,0.0,7.4,0.1343,46012.0,0.0038,0.1665,20010.0,45316.0,0.0048000000000000004
1686012772,10,0,0.0,-0.025,-0.009000000000000001,0.052000000000000005,0.0,0.008,0.0,7.4,0.1343,46012.0,0.0063,0.1665,24023.0,45316.0,0.008
1686017570,10,0,0.012,0.075,0.004,0.052000000000000005,0.0,0.007,0.0,7.4,0.13440000000000002,46012.0,0.005,0.1665,0.0,45592.0,0.007
1686022578,10,0,0.002,-0.042,0.001,0.052000000000000005,0.0,0.0117,0.0,7.4,0.1345,45872.0,0.0088,0.1665,5008.0,45316.0,0.0117
1686024815,10,0,0.036000000000000004,0.029,-0.009000000000000001,0.052000000000000005,0.0,0.0128,0.0,7.4,0.13440000000000002,46012.0,0.010100000000000001,0.1665,7245.0,45316.0,0.0128
1686029576,10,0,-0.025,-0.001,-0.006,0.052000000000000005,0.0,0.0175,0.0,7.41,0.13470000000000001,45872.0,0.013800000000000002,0.1665,12006.0,45456.0,0.0175
1686033789,10,0,0.031,0.018000000000000002,0.006,0.052000000000000005,0.0,0.016900000000000002,0.0,7.41,0.1345,46296.0,0.013800000000000002,0.1665,16219.0,45456.0,0.016900000000000002
1686036571,10,0,-0.002,0.057,0.01,0.052000000000000005,0.0,0.0177,0.0,7.41,0.13470000000000001,45732.0,0.013800000000000002,0.1665,19001.0,45592.0,0.0177
1686041683,10,0,0.026000000000000002,-0.061,0.002,0.052000000000000005,0.0,0.0198,0.0,7.41,0.13470000000000001,46152.0,0.0164,0.1665,24113.0,45316.0,0.0198
1686045785,10,0,-0.014,0.035,-0.001,0.052000000000000005,0.0,0.0216,0.0,7.41,0.1348,46152.0,0.0176,0.1665,0.0,45316.0,0.0216
1686050572,10,0,0.002,-0.082,-0.005,0.052000000000000005,0.0,0.0236,0.0,7.4,0.13470000000000001,46012.0,0.0189,0.1665,4787.0,45592.0,0.0236
1686052793,10,0,0.02,0.038,0.004,0.052000000000000005,0.0,0.024300000000000002,0.0,7.4,0.1345,46012.0,0.0189,0.1665,7008.0,45592.0,0.024300000000000002
1686057567,10,0,-0.012,-0.046,0.015,0.052000000000000005,0.0,0.0228,0.0,7.4,0.13470000000000001,46152.0,0.0189,0.1665,11782.0,45592.0,0.0228
1686061791,10,0,0.019,0.039,-0.001,0.052000000000000005,0.0,0.0222,0.0,7.4,0.13440000000000002,46152.0,0.0176,0.1665,16006.0,45456.0,0.0222
1686065794,10,0,-0.02,-0.025,-0.004,0.052000000000000005,0.0,0.0196,0.0,7.4,0.13470000000000001,46012.0,0.0151,0.1665,20009.0,45316.0,0.0196
1686068574,10,0,0.022,-0.08,-0.004,0.052000000000000005,0.0,0.0196,0.0,7.4,0.1345,46152.0,0.0151,0.1665,22789.0,45316.0,0.0196
1686072800,10,0,-0.01,0.08,0.015,0.052000000000000005,0.0,0.0182,0.0,7.4,0.1346,46012.0,0.0151,0.1665,0.0,45456.0,0.0182
1686077570,10,0,0.011,-0.076,0.016,0.052000000000000005,0.0,0.016900000000000002,0.0,7.4,0.1345,45872.0,0.013800000000000002,0.1665,4770.0,45456.0,0.016900000000000002
1686082571,10,0,0.015,0.061,0.01,0.053,0.0,0.020900000000000002,0.0,7.4,0.1343,45872.0,0.0164,0.1665,9771.0,45316.0,0.020900000000000002
1686084576,10,0,-0.017,0.005,0.002,0.052000000000000005,0.0,0.021,0.0,7.4,0.13440000000000002,45872.0,0.0164,0.1665,11776.0,45456.0,0.021
1686088811,10,0,0.022,0.006,0.002,0.053,0.0,0.020200000000000003,0.0,7.4,0.13390000000000002,45872.0,0.0164,0.1665,16011.0,45456.0,0.020200000000000003
1686093814,10,0,-0.014,-0.037,0.021,0.053,0.0,0.0217,0.0,7.4,0.1341,46012.0,0.0176,0.1665,21014.0,45456.0,0.0217
1686097821,10,0,0.026000000000000002,0.008,-0.008,0.053,0.0,0.0189,0.0,7.4,0.1337,46012.0,0.0151,0.1665,25021.0,45456.0,0.0189
1686100573,10,0,-0.005,0.069,-0.019,0.053,0.0,0.0206,0.0,7.4,0.13390000000000002,45872.0,0.0164,0.1665,0.0,45456.0,0.0206
1686104575,10,0,0.0,-0.089,-0.022,0.053,0.0,0.0264,0.0,7.4,0.1338,46012.0,0.021400000000000002,0.1665,4002.0,45592.0,0.0264
1686108577,10,0,0.005,0.052000000000000005,-0.001,0.054,0.0,0.023,0.0,7.4,0.1335,46152.0,0.0189,0.1665,8004.0,45316.0,0.023
1686112578,10,0,-0.014,-0.062,-0.006,0.054,0.0,0.027600000000000003,0.0,7.4,0.1336,46296.0,0.022600000000000002,0.1665,12005.0,45592.0,0.027600000000000003
1686117577,10,0,0.01,0.043000000000000003,-0.016,0.054,0.0,0.028900000000000002,0.0,7.4,0.1331,46152.0,0.022600000000000002,0.1665,17004.0,45456.0,0.028900000000000002
1686121831,10,0,0.005,-0.117,-0.011,0.054,0.0,0.031400000000000004,0.0,7.4,0.1332,46152.0,0.0252,0.1665,21258.0,45456.0,0.031400000000000004
1686124575,10,0,0.029,-0.09,-0.018000000000000002,0.055,0.0,0.0318,0.0,7.4,0.1328,46296.0,0.0252,0.1665,24002.0,45316.0,0.0318
1686128577,10,0,-0.02,0.061,-0.003,0.055,0.0,0.0315,0.0,7.4,0.133,46296.0,0.0252,0.1665,0.0,45592.0,0.0315
1686132819,10,0,0.022,-0.099,-0.003,0.055,0.0,0.0318,0.0,7.4,0.1326,46012.0,0.0252,0.1665,4242.0,45316.0,0.0318
1686136820,10,0,-0.014,0.064,-0.002,0.055,0.0,0.033600000000000005,0.0,7.4,0.1328,45732.0,0.0264,0.1665,8243.0,45592.0,0.033600000000000005
1686141688,10,0,0.014,-0.14300000000000002,-0.015,0.055,0.0,0.0334,0.0,7.4,0.1325,46012.0,0.0264,0.1665,13111.0,45316.0,0.0334
1686146575,10,0,-0.017,0.08700000000000001,-0.003,0.055,0.0,0.0316,0.0,7.4,0.1325,46012.0,0.0252,0.1665,17998.0,45316.0,0.0316
1686148577,10,0,-0.011,-0.049,0.009000000000000001,0.055,0.0,0.0307,0.0,7.4,0.1326,46012.0,0.0252,0.1665,20000.0,45592.0,0.0307
1686153575,10,0,-0.003,0.018000000000000002,0.007,0.056,0.0,0.0354,0.0,7.4,0.1322,46152.0,0.028900000000000002,0.1665,24998.0,45316.0,0.0354
1686158578,10,0,0.006,-0.092,0.007,0.055,0.0,0.0285,0.0,7.4,0.1325,45872.0,0.022600000000000002,0.1665,0.0,45456.0,0.0285
1686160827,10,0,0.003,-0.075,-0.006,0.056,0.0,0.032100000000000004,0.0,7.4,0.1321,45732.0,0.0252,0.1665,2249.0,45316.0,0.032100000000000004
1686165818,10,0,-0.016,-0.007,0.009000000000000001,0.056,0.0,0.032600000000000004,0.0,7.4,0.13240000000000002,46012.0,0.0264,0.1665,7240.0,45456.0,0.032600000000000004
1686168579,10,0,0.006,-0.122,0.011,0.056,0.0,0.030100000000000002,0.0,7.4,0.1322,45872.0,0.0239,0.1665,10001.0,45456.0,0.030100000000000002
1686173574,10,0,-0.009000000000000001,0.08700000000000001,0.025,0.056,0.0,0.0316,0.0,7.4,0.13190000000000002,46152.0,0.0252,0.1665,14996.0,45456.0,0.0316
1686177576,10,0,0.005,-0.108,0.006,0.057,0.0,0.029400000000000003,0.0,7.4,0.1318,46152.0,0.0239,0.1665,18998.0,45316.0,0.029400000000000003
1686182576,10,0,-0.008,0.084,-0.005,0.057,0.0,0.0298,0.0,7.4,0.1316,46152.0,0.0239,0.1665,23998.0,45316.0,0.0298
1686184832,10,0,-0.012,-0.056,0.011,0.057,0.0,0.0317,0.0,7.4,0.1318,46012.0,0.0252,0.1665,0.0,45456.0,0.0317
1686189837,10,0,-0.002,0.049,0.014,0.058,0.0,0.029500000000000002,0.0,7.4,0.1312,46012.0,0.0239,0.1665,5005.0,45316.0,0.029500000000000002
1686194571,10,0,-0.006,-0.05,-0.001,0.057,0.0,0.032,0.0,7.4,0.13140000000000002,45732.0,0.0252,0.1665,9739.0,45592.0,0.032
1686196576,10,0,0.011,-0.128,-0.009000000000000001,0.058,0.0,0.0327,0.0,7.4,0.1311,46152.0,0.0264,0.1665,11744.0,45316.0,0.0327
1686200821,10,0,-0.015,0.08600000000000001,-0.002,0.058,0.0,0.0309,0.0,7.4,0.1311,46152.0,0.0252,0.1665,15989.0,45456.0,0.0309
1686204848,10,0,0.016,-0.128,-0.006,0.058,0.0,0.0315,0.0,7.4,0.131,46012.0,0.0252,0.1665,20016.0,45316.0,0.0315
1686210574,10,0,-0.01,0.092,0.001,0.058,0.0,0.030500000000000003,0.0,7.4,0.1308,45732.0,0.0239,0.1665,25742.0,45316.0,0.030500000000000003
1686212576,10,0,0.009000000000000001,-0.03,-0.002,0.058,0.0,0.0317,0.0,7.4,0.131,45872.0,0.0252,0.1665,0.0,45456.0,0.0317
1686217575,10,0,-0.001,0.035,-0.003,0.059000000000000004,0.0,0.031,0.0,7.4,0.13040000000000002,46012.0,0.0252,0.1665,4999.0,45732.0,0.031
1686222571,10,0,0.018000000000000002,-0.08600000000000001,-0.012,0.058,0.0,0.0291,0.0,7.4,0.1308,46152.0,0.0239,0.1665,9995.0,45316.0,0.0291
1686224571,10,0,0.019,-0.105,-0.011,0.059000000000000004,0.0,0.0281,0.0,7.4,0.1305,46012.0,0.022600000000000002,0.1665,11995.0,45456.0,0.0281
1686228820,10,0,0.007,0.068,0.006,0.058,0.0,0.0291,0.0,7.4,0.131,46152.0,0.0239,0.1665,16244.0,45456.0,0.0291
1686233571,10,0,0.026000000000000002,-0.11800000000000001,-0.004,0.059000000000000004,0.0,0.0308,0.0,7.4,0.1306,46012.0,0.0252,0.1665,20995.0,45592.0,0.0308
1686237819,10,0,-0.003,0.088,-0.012,0.058,0.0,0.0274,0.0,7.4,0.13090000000000002,46152.0,0.021400000000000002,0.1665,25243.0,45456.0,0.0274
1686242573,10,0,0.018000000000000002,-0.123,-0.011,0.058,0.0,0.0279,0.0,7.4,0.1308,46296.0,0.022600000000000002,0.1665,0.0,45316.0,0.0279
1686244867,10,0,-0.008,0.076,0.007,0.059000000000000004,0.0,0.0318,0.0,7.4,0.13040000000000002,46012.0,0.0252,0.1665,2294.0,45316.0,0.0318
1686249571,10,0,0.018000000000000002,-0.063,0.0,0.058,0.0,0.0315,0.0,7.4,0.1308,46012.0,0.0252,0.1665,6998.0,45316.0,0.0315
1686253828,10,0,-0.007,0.07200000000000001,-0.009000000000000001,0.059000000000000004,0.0,0.0304,0.0,7.4,0.1305,46296.0,0.0239,0.1665,11255.0,45456.0,0.0304
1686257831,10,0,0.017,-0.044,-0.003,0.058,0.0,0.0292,0.0,7.4,0.13090000000000002,46152.0,0.0239,0.1665,15258.0,45592.0,0.0292
1686262568,10,0,-0.002,-0.026000000000000002,0.005,0.059000000000000004,0.0,0.032100000000000004,0.0,7.4,0.1305,46152.0,0.0252,0.1665,19995.0,45456.0,0.032100000000000004
1686264570,10,0,-0.013000000000000001,0.099,0.017,0.058,0.0,0.032600000000000004,0.0,7.4,0.1307,46152.0,0.0264,0.1665,21997.0,45316.0,0.032600000000000004
1686268573,10,0,0.013000000000000001,-0.10200000000000001,0.004,0.058,0.0,0.031900000000000005,0.0,7.4,0.1308,46152.0,0.0252,0.1665,0.0,45456.0,0.031900000000000005
1686272843,10,0,-0.014,0.10400000000000001,-0.005,0.059000000000000004,0.0,0.0292,0.0,7.4,0.1306,46152.0,0.0239,0.1665,4270.0,45456.0,0.0292
1686277571,10,0,0.022,-0.092,0.003,0.058,0.0,0.0304,0.0,7.4,0.1308,46152.0,0.0239,0.1665,8998.0,45456.0,0.0304
1686281845,10,0,-0.015,0.10300000000000001,0.011,0.059000000000000004,0.0,0.0287,0.0,7.4,0.1306,46012.0,0.022600000000000002,0.1665,13272.0,45316.0,0.0287
1686286571,10,0,0.014,-0.076,0.01,0.058,0.0,0.0281,0.0,7.4,0.13090000000000002,46012.0,0.022600000000000002,0.1665,17998.0,45456.0,0.0281
1686288571,10,0,0.006,-0.105,0.004,0.058,0.0,0.027800000000000002,0.0,7.4,0.1307,45732.0,0.022600000000000002,0.1665,19998.0,45456.0,0.027800000000000002
1686293855,10,0,0.01,0.023,0.0,0.058,0.0,0.025900000000000003,0.0,7.4,0.131,46012.0,0.021400000000000002,0.1665,25282.0,45316.0,0.025900000000000003
1686296571,10,0,0.011,-0.10200000000000001,-0.007,0.058,0.0,0.0246,0.0,7.4,0.1308,46296.0,0.0201,0.1665,0.0,45592.0,0.0246
1686300857,10,0,-0.017,0.127,0.01,0.058,0.0,0.0245,0.0,7.4,0.1308,46152.0,0.0201,0.1665,4286.0,45180.0,0.0245
1686304903,10,0,0.01,-0.089,0.012,0.058,0.0,0.0233,0.0,7.4,0.1308,45732.0,0.0189,0.1665,8332.0,45316.0,0.0233
1686309571,10,0,-0.017,0.091,0.003,0.059000000000000004,0.0,0.023100000000000002,0.0,7.4,0.1306,45872.0,0.0189,0.1665,13000.0,45316.0,0.023100000000000002
1686313866,10,0,0.01,-0.07100000000000001,-0.011,0.058,0.0,0.020200000000000003,0.0,7.4,0.131,46152.0,0.0164,0.1665,17295.0,45456.0,0.020200000000000003
1686316570,10,0,-0.008,-0.054,-0.013000000000000001,0.058,0.0,0.020200000000000003,0.0,7.4,0.1307,46152.0,0.0164,0.1665,19999.0,45456.0,0.020200000000000003
1686320870,10,0,0.001,0.078,0.008,0.058,0.0,0.019200000000000002,0.0,7.4,0.1312,46152.0,0.0151,0.1665,24299.0,45316.0,0.019200000000000002
1686325871,10,0,-0.012,0.002,0.005,0.058,0.0,0.0199,0.0,7.4,0.13090000000000002,46152.0,0.0164,0.1665,0.0,45592.0,0.0199
1686329924,10,0,0.007,0.097,-0.008,0.057,0.0,0.016900000000000002,0.0,7.4,0.13140000000000002,46152.0,0.013800000000000002,0.1665,4053.0,45456.0,0.016900000000000002
1686332572,10,0,0.011,-0.036000000000000004,-0.015,0.057,0.0,0.016300000000000002,0.0,7.4,0.13140000000000002,46296.0,0.0126,0.1665,6701.0,45456.0,0.016300000000000002
1686337571,10,0,-0.015,0.126,0.003,0.057,0.0,0.0148,0.0,7.4,0.13140000000000002,46152.0,0.011300000000000001,0.1665,11700.0,45456.0,0.0148
1686341957,10,0,0.009000000000000001,-0.068,0.005,0.057,0.0,0.016300000000000002,0.0,7.4,0.1318,46152.0,0.0126,0.1665,16086.0,45316.0,0.016300000000000002
1686344571,10,0,-0.005,-0.015,-0.001,0.057,0.0,0.0165,0.0,7.4,0.1316,46152.0,0.0126,0.1665,18700.0,45456.0,0.0165
1686348571,10,0,0.003,0.109,-0.006,0.056,0.0,0.0172,0.0,7.4,0.132,45872.0,0.013800000000000002,0.1665,22700.0,45456.0,0.0172
1686352571,10,0,-0.001,-0.056,-0.02,0.057,0.0,0.015000000000000001,0.0,7.4,0.1318,46296.0,0.0126,0.1665,0.0,45316.0,0.015000000000000001
1686356890,10,0,0.001,0.113,0.002,0.056,0.0,0.015600000000000001,0.0,7.4,0.1321,46152.0,0.0126,0.1665,4319.0,45316.0,0.015600000000000001
1686360894,10,0,-0.011,-0.063,-0.01,0.056,0.0,0.0176,0.0,7.4,0.1321,46296.0,0.013800000000000002,0.1665,8323.0,45592.0,0.0176
1686365895,10,0,0.005,0.107,-0.005,0.056,0.0,0.018600000000000002,0.0,7.4,0.1323,46012.0,0.0151,0.1665,13324.0,45316.0,0.018600000000000002
1686370573,10,0,0.007,-0.048,-0.009000000000000001,0.056,0.0,0.0196,0.0,7.4,0.13240000000000002,46012.0,0.0151,0.1665,18002.0,45316.0,0.0196
1686372902,10,0,-0.014,0.061,-0.009000000000000001,0.056,0.0,0.0218,0.0,7.4,0.1322,46152.0,0.0176,0.1665,20331.0,45592.0,0.0218
1686377571,10,0,0.005,0.012,0.008,0.055,0.0,0.021,0.0,7.4,0.1327,46152.0,0.0164,0.1665,25000.0,45180.0,0.021
1686382570,10,0,-0.01,0.037,0.015,0.055,0.0,0.024300000000000002,0.0,7.4,0.1325,46296.0,0.0189,0.1665,0.0,45592.0,0.024300000000000002
1686384571,10,0,0.009000000000000001,0.092,0.013000000000000001,0.055,0.0,0.0228,0.0,7.4,0.1328,45872.0,0.0176,0.1665,2001.0,45456.0,0.0228
1686388572,10,0,0.004,-0.049,-0.004,0.055,0.0,0.0211,0.0,7.4,0.133,46152.0,0.0164,0.1665,6002.0,45456.0,0.0211
1686393914,10,0,0.01,0.07,0.008,0.054,0.0,0.0219,0.0,7.4,0.1333,46152.0,0.0176,0.1665,11344.0,45592.0,0.0219
1686397917,10,0,-0.011,-0.047,0.009000000000000001,0.054,0.0,0.0227,0.0,7.4,0.1333,46296.0,0.0176,0.1665,15347.0,45592.0,0.0227
1686402572,10,0,-0.001,0.066,0.009000000000000001,0.054,0.0,0.02,0.0,7.4,0.1333,46296.0,0.0164,0.1665,20002.0,45732.0,0.02
1686404572,10,0,0.015,0.05,0.002,0.054,0.0,0.019100000000000002,0.0,7.4,0.1336,46012.0,0.0151,0.1665,22002.0,45316.0,0.019100000000000002
1686408960,10,0,0.003,0.032,0.004,0.054,0.0,0.0159,0.0,7.4,0.1335,46152.0,0.0126,0.1665,0.0,45592.0,0.0159
1686413924,10,0,0.007,0.021,0.006,0.053,0.0,0.015000000000000001,0.0,7.4,0.134,46012.0,0.0126,0.1665,4964.0,45316.0,0.015000000000000001
1686417933,10,0,0.001,0.028,0.009000000000000001,0.053,0.0,0.013900000000000001,0.0,7.4,0.1337,45872.0,0.011300000000000001,0.1665,8973.0,45456.0,0.013900000000000001
1686422533,10,0,0.021,0.078,0.008,0.053,0.0,0.013800000000000002,0.0,7.4,0.1341,46296.0,0.011300000000000001,0.1665,13573.0,45316.0,0.013800000000000002
1686424571,10,0,0.007,-0.017,-0.003,0.053,0.0,0.0151,0.0,7.4,0.1341,46012.0,0.0126,0.1665,15611.0,45456.0,0.0151
1686429572,10,0,0.006,0.107,-0.006,0.053,0.0,0.0134,0.0,7.4,0.1341,46152.0,0.011300000000000001,0.1665,20612.0,45456.0,0.0134
1686434573,10,0,0.002,0.003,-0.007,0.05,-2.67,0.010100000000000001,0.0,7.4,0.13440000000000002,46152.0,0.007500000000000001,0.1651,25613.0,45316.0,0.010100000000000001
1686436940,10,0,0.0,0.068,0.0,0.048,-2.67,0.008400000000000001,0.0,7.4,0.1343,45872.0,0.0063,0.1637,0.0,45456.0,0.008400000000000001
1686441684,10,0,0.016,0.061,-0.008,0.041,-2.67,0.0056,0.0,7.4,0.1348,46012.0,0.005,0.1602,4744.0,45456.0,0.0056
1686446573,10,0,-0.003,0.064,-0.014,0.036000000000000004,-2.67,0.0024000000000000002,0.0,7.4,0.1348,46296.0,0.0025,0.1567,9633.0,45180.0,0.0024000000000000002
1686448946,10,0,0.018000000000000002,0.117,-0.008,0.033,-2.67,-0.0001,0.0,7.4,0.13520000000000001,46152.0,0.0,0.1553,12006.0,45456.0,-0.0001
1686452950,10,0,-0.009000000000000001,-0.016,-0.005,0.028,-2.67,-0.0014,0.0,7.4,0.1353,46012.0,-0.0013000000000000002,0.1525,16010.0,45592.0,-0.0014
1686457569,10,0,0.013000000000000001,0.124,0.004,0.022,-2.67,-0.0029000000000000002,0.0,7.4,0.1355,45872.0,-0.0025,0.1491,20629.0,45316.0,-0.0029000000000000002
1686461571,10,0,-0.002,-0.011,0.002,0.017,-2.67,-0.0033,0.0,7.4,0.1358,46440.0,-0.0025,0.1463,24631.0,45456.0,-0.0033
1686466571,10,0,0.003,0.088,-0.003,0.011,-2.67,-0.0054,0.0,7.4,0.1358,45872.0,-0.0038,0.1428,0.0,45180.0,-0.0054
1686468994,10,0,0.011,0.046,-0.012,0.008,-2.67,-0.0081,0.0,7.4,0.1363,46152.0,-0.0063,0.1414,2423.0,45456.0,-0.0081
1686473571,10,0,-0.007,0.03,-0.007,0.003,-2.67,-0.0098,0.0,7.4,0.13620000000000002,45872.0,-0.007500000000000001,0.1379,7000.0,45456.0,-0.0098
1686477966,10,0,0.005,0.05,0.006,-0.003,-2.67,-0.010100000000000001,0.0,7.4,0.13670000000000002,45872.0,-0.007500000000000001,0.1351,11395.0,45456.0,-0.010100000000000001
1686482533,10,0,-0.01,0.014,-0.012,-0.008,-2.67,-0.0114,0.0,7.4,0.1365,46296.0,-0.0088,0.1316,15962.0,45316.0,-0.0114
1686484570,10,0,0.015,0.1,-0.01,-0.011,-2.67,-0.012,0.0,7.4,0.13670000000000002,46012.0,-0.010100000000000001,0.1302,17999.0,45316.0,-0.012
1686488973,10,0,-0.016,-0.022,-0.012,-0.016,-2.67,-0.013800000000000002,0.0,7.4,0.1371,46012.0,-0.011300000000000001,0.1274,22402.0,45456.0,-0.013800000000000002
1686493973,10,0,0.013000000000000001,0.093,-0.002,-0.022,-2.67,-0.0108,0.0,7.4,0.1371,46012.0,-0.0088,0.12390000000000001,0.0,45456.0,-0.0108
1686496574,10,0,0.003,0.052000000000000005,0.006,-0.025,-2.67,-0.011600000000000001,0.0,7.4,0.1374,46296.0,-0.0088,0.1218,2601.0,45316.0,-0.011600000000000001
1686501016,10,0,0.002,-0.002,0.01,-0.03,-2.67,-0.0076,0.0,7.4,0.13720000000000002,46012.0,-0.0063,0.11900000000000001,7043.0,45316.0,-0.0076
1686505064,10,0,0.003,0.046,0.0,-0.035,-2.67,-0.0083,0.0,7.4,0.1375,46012.0,-0.0063,0.11620000000000001,11091.0,45180.0,-0.0083
1686510031,10,0,0.002,-0.028,0.0,-0.04,-2.67,-0.007200000000000001,0.0,7.4,0.1373,46152.0,-0.0063,0.11270000000000001,16058.0,45592.0,-0.007200000000000001
1686512533,10,0,0.024,0.033,0.002,-0.044,-2.67,-0.0073,0.0,7.4,0.1374,46296.0,-0.0063,0.1107,18560.0,45316.0,-0.0073
1686516534,10,0,-0.023,-0.027,0.009000000000000001,-0.048,-2.67,-0.006900000000000001,0.0,7.4,0.1375,46152.0,-0.005,0.10790000000000001,22561.0,45456.0,-0.006900000000000001
1686520986,10,0,0.02,0.008,0.004,-0.052000000000000005,-2.67,-0.0063,0.0,7.4,0.13720000000000002,45592.0,-0.005,0.1051,0.0,45456.0,-0.0063
1686525042,10,0,-0.025,-0.01,-0.012,-0.057,-2.67,-0.0097,0.0,7.4,0.1374,45872.0,-0.007500000000000001,0.1023,4056.0,45456.0,-0.0097
1686530572,10,0,0.017,-0.008,-0.008,-0.064,-2.67,-0.0183,0.0,7.4,0.1373,46152.0,-0.0151,0.0981,9586.0,45456.0,-0.0183
1686532997,10,0,-0.01,0.043000000000000003,0.009000000000000001,-0.067,-2.67,-0.020900000000000002,0.0,7.4,0.1376,46296.0,-0.0164,0.09670000000000001,12011.0,45316.0,-0.020900000000000002
1686537534,10,0,0.006,-0.025,0.011,-0.07200000000000001,-2.67,-0.025,0.0,7.4,0.1376,46296.0,-0.0201,0.0932,16548.0,45456.0,-0.025
1686541685,10,0,0.015,0.069,0.006,-0.077,-2.67,-0.0296,0.0,7.4,0.13770000000000002,46152.0,-0.0239,0.09040000000000001,20699.0,45316.0,-0.0296
1686546006,10,0,-0.003,-0.029,0.004,-0.081,-2.67,-0.0298,0.0,7.4,0.1375,46012.0,-0.0239,0.0876,25020.0,45316.0,-0.0298
1686550052,10,0,0.011,0.08700000000000001,0.01,-0.08600000000000001,-2.67,-0.0359,0.0,7.4,0.1375,46012.0,-0.028900000000000002,0.0848,0.0,45456.0,-0.0359
1686552630,10,0,-0.025,0.034,0.014,-0.09,-2.67,-0.0345,0.0,7.4,0.13770000000000002,46152.0,-0.027700000000000002,0.08270000000000001,2578.0,45316.0,-0.0345
1686557532,10,0,0.025,0.026000000000000002,0.003,-0.095,-2.67,-0.0362,0.0,7.4,0.1374,46012.0,-0.028900000000000002,0.0792,7480.0,45316.0,-0.0362
1686561533,10,0,-0.025,0.05,0.002,-0.1,-2.67,-0.0403,0.0,7.4,0.1378,46152.0,-0.0327,0.07640000000000001,11481.0,45456.0,-0.0403
1686566018,10,0,0.022,0.013000000000000001,-0.016,-0.10400000000000001,-2.67,-0.0398,0.0,7.4,0.1376,46152.0,-0.031400000000000004,0.0737,15966.0,45456.0,-0.0398
1686570105,10,0,-0.022,0.061,-0.01,-0.111,-2.67,-0.043000000000000003,0.0,7.4,0.138,46296.0,-0.034,0.0702,20053.0,45316.0,-0.043000000000000003
1686572560,10,0,-0.023,-0.038,-0.004,-0.113,-2.67,-0.044700000000000004,0.0,7.4,0.138,45872.0,-0.0352,0.0688,22508.0,45316.0,-0.044700000000000004
1686577570,10,0,0.009000000000000001,0.08600000000000001,0.006,-0.11800000000000001,-2.67,-0.043500000000000004,0.0,7.4,0.13770000000000002,46012.0,-0.0352,0.0653,0.0,45456.0,-0.043500000000000004
1686582066,10,0,-0.008,-0.08600000000000001,0.003,-0.123,-2.67,-0.0403,0.0,7.4,0.13770000000000002,46296.0,-0.0327,0.0625,4496.0,45316.0,-0.0403
1686586068,10,0,0.024,0.034,0.007,-0.123,0.0,-0.030600000000000002,0.0,7.4,0.1373,46012.0,-0.0252,0.0618,8498.0,45180.0,-0.030600000000000002
1686588534,10,0,-0.004,0.035,0.011,-0.123,0.0,-0.0317,0.0,7.4,0.1374,46012.0,-0.0252,0.0618,10964.0,45316.0,-0.0317
1686593073,10,0,0.014,-0.107,-0.003,-0.122,0.0,-0.022600000000000002,0.0,7.4,0.1368,46012.0,-0.0176,0.0618,15503.0,45456.0,-0.022600000000000002
1686597534,10,0,-0.008,-0.001,-0.006,-0.122,0.0,-0.016300000000000002,0.0,7.4,0.13670000000000002,46012.0,-0.0126,0.0618,19964.0,45592.0,-0.016300000000000002
1686602569,10,0,0.022,-0.138,-0.014,-0.121,0.0,-0.013900000000000001,0.0,7.4,0.1363,46152.0,-0.011300000000000001,0.0618,24999.0,45180.0,-0.013900000000000001
1686605128,10,0,0.005,-0.035,-0.028,-0.121,0.0,-0.010100000000000001,0.0,7.4,0.136,46152.0,-0.007500000000000001,0.0618,0.0,45180.0,-0.010100000000000001
1686609533,10,0,-0.011,-0.107,-0.032,-0.121,0.0,-0.0103,0.0,7.4,0.136,46012.0,-0.0088,0.0618,4405.0,45456.0,-0.0103
1686613570,10,0,0.025,-0.07200000000000001,-0.026000000000000002,-0.12,0.0,-0.0142,0.0,7.4,0.1356,45872.0,-0.011300000000000001,0.0618,8442.0,45456.0,-0.0142
1686618088,10,0,0.003,-0.089,-0.01,-0.121,0.0,-0.0134,0.0,7.4,0.1358,45872.0,-0.011300000000000001,0.0618,12960.0,45316.0,-0.0134
1686622532,10,0,0.032,-0.07,-0.01,-0.12,0.0,-0.0177,0.0,7.4,0.1355,46152.0,-0.013800000000000002,0.0618,17404.0,45456.0,-0.0177
1686624532,10,0,-0.003,-0.005,0.002,-0.12,0.0,-0.0187,0.0,7.4,0.1355,46296.0,-0.0151,0.0618,19404.0,45456.0,-0.0187
1686629095,10,0,0.034,-0.109,-0.003,-0.12,0.0,-0.0213,0.0,7.4,0.13540000000000002,46152.0,-0.0176,0.0618,23967.0,45180.0,-0.0213
1686634097,10,0,-0.02,-0.012,0.027,-0.12,0.0,-0.0194,0.0,7.4,0.1353,46152.0,-0.0151,0.0618,0.0,45456.0,-0.0194
1686638102,10,0,0.013000000000000001,-0.132,0.022,-0.11900000000000001,0.0,-0.0145,0.0,7.4,0.135,46152.0,-0.011300000000000001,0.0618,4005.0,45456.0,-0.0145
1686642532,10,0,0.002,0.017,0.014,-0.11900000000000001,0.0,-0.021,0.0,7.4,0.13470000000000001,46012.0,-0.016300000000000002,0.0618,8435.0,45316.0,-0.021
1686644542,10,0,-0.023,-0.039,0.011,-0.11900000000000001,0.0,-0.019,0.0,7.4,0.13470000000000001,46012.0,-0.0151,0.0618,10445.0,45316.0,-0.019
1686649110,10,0,0.022,-0.066,0.001,-0.11800000000000001,0.0,-0.015700000000000002,0.0,7.4,0.13390000000000002,46152.0,-0.0126,0.0618,15013.0,45316.0,-0.015700000000000002
1686653111,10,0,-0.031,-0.037,0.021,-0.11800000000000001,0.0,-0.0159,0.0,7.4,0.134,46296.0,-0.0126,0.0618,19014.0,45592.0,-0.0159
1686657532,10,0,0.023,-0.148,0.016,-0.116,0.0,-0.0114,0.0,7.4,0.1332,46152.0,-0.0088,0.0618,23435.0,45316.0,-0.0114
1686661569,10,0,-0.013000000000000001,0.012,0.015,-0.116,0.0,-0.01,0.0,7.4,0.133,46152.0,-0.007500000000000001,0.0618,0.0,45456.0,-0.01
1686666120,10,0,0.01,-0.167,0.001,-0.115,0.0,-0.0089,0.0,7.4,0.1323,45872.0,-0.007500000000000001,0.0618,4551.0,45456.0,-0.0089
1686670166,10,0,-0.019,0.024,0.011,-0.115,0.0,-0.0088,0.0,7.4,0.1321,45872.0,-0.007500000000000001,0.0618,8597.0,45316.0,-0.0088
1686672530,10,0,-0.013000000000000001,-0.096,0.016,-0.115,0.0,-0.0098,0.0,7.4,0.1321,46012.0,-0.007500000000000001,0.0618,10961.0,45456.0,-0.0098
1686676532,10,0,0.012,-0.121,0.006,-0.113,0.0,-0.0079,0.0,7.4,0.1312,46012.0,-0.0063,0.0618,14963.0,45316.0,-0.0079
1686681129,10,0,-0.014,-0.08700000000000001,-0.004,-0.113,0.0,-0.0076,0.0,7.4,0.1313,46152.0,-0.0063,0.0618,19560.0,45456.0,-0.0076
1686685184,10,0,-0.003,-0.138,-0.017,-0.112,0.0,-0.0064,0.0,7.4,0.13040000000000002,46152.0,-0.005,0.0618,23615.0,45592.0,-0.0064
1686689628,10,0,-0.019,0.002,-0.003,-0.112,0.0,-0.0061,0.0,7.4,0.13040000000000002,46152.0,-0.005,0.0618,0.0,45316.0,-0.0061
1686694137,10,0,0.008,-0.166,-0.011,-0.11,0.0,-0.0033,0.0,7.4,0.1295,45732.0,-0.0025,0.0618,4509.0,45316.0,-0.0033
1686696534,10,0,-0.006,-0.009000000000000001,-0.006,-0.11,0.0,-0.0017000000000000001,0.0,7.4,0.1293,46152.0,-0.0013000000000000002,0.0618,6906.0,45316.0,-0.0017000000000000001
1686701142,10,0,0.003,-0.211,-0.007,-0.11,0.0,-0.0028,0.0,7.4,0.1292,46012.0,-0.0025,0.0618,11514.0,45456.0,-0.0028
1686705190,10,0,-0.01,-0.03,-0.018000000000000002,-0.109,0.0,0.0011,0.0,7.4,0.1285,45732.0,0.0013000000000000002,0.0618,15562.0,45592.0,0.0011
1686709533,10,0,-0.002,-0.151,-0.016,-0.109,0.0,0.0039000000000000003,0.0,7.4,0.12840000000000001,45732.0,0.0038,0.0618,19905.0,45456.0,0.0039000000000000003
1686714149,10,0,-0.008,-0.055,-0.003,-0.107,0.0,0.0068000000000000005,0.0,7.4,0.1275,45872.0,0.005,0.0618,24521.0,45456.0,0.0068000000000000005
1686718152,10,0,-0.003,-0.147,0.002,-0.107,0.0,0.008,0.0,7.4,0.1273,46152.0,0.0063,0.0618,0.0,45456.0,0.008
1686722572,10,0,0.014,-0.213,-0.017,-0.106,0.0,0.0078000000000000005,0.0,7.4,0.12660000000000002,46012.0,0.0063,0.0618,4420.0,45316.0,0.0078000000000000005
1686725202,10,0,-0.018000000000000002,-0.016,-0.021,-0.105,0.0,0.009000000000000001,0.0,7.4,0.1264,46152.0,0.007500000000000001,0.0618,7050.0,45592.0,0.009000000000000001
1686730204,10,0,0.015,-0.224,-0.007,-0.10400000000000001,0.0,0.0112,0.0,7.4,0.12560000000000002,45732.0,0.0088,0.0618,12052.0,45456.0,0.0112
1686732531,10,0,-0.012,-0.095,-0.007,-0.10400000000000001,0.0,0.0126,0.0,7.4,0.1253,46152.0,0.010100000000000001,0.0618,14379.0,45316.0,0.0126
1686736532,10,0,-0.008,-0.12,0.005,-0.10300000000000001,0.0,0.010700000000000001,0.0,7.4,0.1253,46012.0,0.0088,0.0618,18380.0,45316.0,0.010700000000000001
1686741688,10,0,-0.003,-0.11,-0.005,-0.10200000000000001,0.0,0.0115,0.0,7.4,0.12430000000000001,46012.0,0.0088,0.0618,23536.0,45316.0,0.0115
1686746560,10,0,-0.002,-0.159,0.01,-0.10200000000000001,0.0,0.008400000000000001,0.0,7.4,0.1242,46012.0,0.0063,0.0618,0.0,45732.0,0.008400000000000001
1686749170,10,0,0.019,-0.193,0.014,-0.101,0.0,0.010700000000000001,0.0,7.4,0.12350000000000001,46152.0,0.0088,0.0618,2610.0,45180.0,0.010700000000000001
1686753174,10,0,-0.017,-0.037,0.032,-0.1,0.0,0.0123,0.0,7.4,0.1233,46012.0,0.010100000000000001,0.0618,6614.0,45316.0,0.0123
1686757531,10,0,0.007,-0.23900000000000002,0.022,-0.099,0.0,0.016,0.0,7.4,0.1227,46296.0,0.0126,0.0618,10971.0,45180.0,0.016
1686761532,10,0,-0.003,-0.043000000000000003,0.018000000000000002,-0.098,0.0,0.0155,0.0,7.4,0.12200000000000001,46152.0,0.0126,0.0618,14972.0,45316.0,0.0155
1686766180,10,0,0.003,-0.226,0.012,-0.097,0.0,0.0142,0.0,7.4,0.1213,46012.0,0.011300000000000001,0.0618,19620.0,45316.0,0.0142
1686770232,10,0,-0.009000000000000001,-0.056,0.007,-0.096,0.0,0.0155,0.0,7.4,0.1206,46152.0,0.0126,0.0618,23672.0,45316.0,0.0155
1686772531,10,0,-0.021,-0.065,0.014,-0.096,0.0,0.0184,0.0,7.4,0.12050000000000001,46012.0,0.0151,0.0618,0.0,45316.0,0.0184
1686777187,10,0,0.013000000000000001,-0.192,0.009000000000000001,-0.094,0.0,0.0182,0.0,7.4,0.11950000000000001,46296.0,0.0151,0.0618,4656.0,45592.0,0.0182
1686781192,10,0,-0.014,-0.067,-0.002,-0.093,0.0,0.0217,0.0,7.4,0.11910000000000001,46152.0,0.0176,0.0618,8661.0,45316.0,0.0217
1686785240,10,0,0.01,-0.23,-0.014,-0.092,0.0,0.0204,0.0,7.4,0.1183,46152.0,0.016300000000000002,0.0618,12709.0,45316.0,0.0204
1686789531,10,0,-0.008,-0.042,-0.009000000000000001,-0.091,0.0,0.0184,0.0,7.4,0.1177,46012.0,0.0151,0.0618,17000.0,45456.0,0.0184
1686794211,10,0,0.011,-0.23800000000000002,-0.006,-0.09,0.0,0.0227,0.0,7.4,0.1169,46012.0,0.0176,0.0618,21680.0,45316.0,0.0227
1686798529,10,0,-0.001,-0.035,-0.001,-0.089,0.0,0.019,0.0,7.4,0.1163,46152.0,0.0151,0.0618,25998.0,45316.0,0.019
1686800531,10,0,-0.009000000000000001,-0.082,-0.002,-0.089,0.0,0.0182,0.0,7.4,0.1163,46012.0,0.0151,0.0618,0.0,45592.0,0.0182
1686804531,10,0,0.014,-0.209,-0.017,-0.08700000000000001,0.0,0.0188,0.0,7.4,0.1154,45872.0,0.0151,0.0618,4000.0,45456.0,0.0188
1686809207,10,0,-0.006,-0.07200000000000001,0.009000000000000001,-0.08700000000000001,0.0,0.02,0.0,7.4,0.115,45872.0,0.016300000000000002,0.0618,8676.0,45456.0,0.02
1686813209,10,0,0.015,-0.212,0.008,-0.08600000000000001,0.0,0.019,0.0,7.4,0.1143,45872.0,0.0151,0.0618,12678.0,45316.0,0.019
1686817530,10,0,0.009000000000000001,-0.041,0.012,-0.085,0.0,0.0213,0.0,7.4,0.1139,45872.0,0.0176,0.0618,16999.0,45456.0,0.0213
1686821531,10,0,0.017,-0.225,-0.001,-0.084,0.0,0.022000000000000002,0.0,7.4,0.1134,46152.0,0.0176,0.0618,21000.0,45456.0,0.022000000000000002
1686826217,10,0,0.005,-0.043000000000000003,-0.002,-0.083,0.0,0.0229,0.0,7.4,0.11270000000000001,45872.0,0.0189,0.0618,25686.0,45316.0,0.0229
1686830266,10,0,0.007,-0.23500000000000001,-0.001,-0.082,0.0,0.026000000000000002,0.0,7.4,0.11220000000000001,45872.0,0.021400000000000002,0.0618,0.0,45456.0,0.026000000000000002
1686832529,10,0,0.009000000000000001,-0.192,0.0,-0.081,0.0,0.0284,0.0,7.4,0.11170000000000001,46152.0,0.022600000000000002,0.0618,2263.0,45456.0,0.0284
1686836529,10,0,0.0,-0.083,-0.004,-0.081,0.0,0.030500000000000003,0.0,7.4,0.1115,46296.0,0.0239,0.0618,6263.0,45456.0,0.030500000000000003
1686840530,10,0,0.008,-0.242,-0.017,-0.08,0.0,0.0309,0.0,7.4,0.1106,46152.0,0.0251,0.0618,10264.0,45316.0,0.0309
1686844532,10,0,-0.005,-0.061,-0.01,-0.079,0.0,0.032100000000000004,0.0,7.4,0.1102,46152.0,0.0251,0.0618,14266.0,45316.0,0.032100000000000004
1686849233,10,0,0.007,-0.243,-0.021,-0.078,0.0,0.0323,0.0,7.4,0.10930000000000001,46012.0,0.0264,0.0618,18967.0,45316.0,0.0323
1686853530,10,0,0.001,-0.062,-0.002,-0.077,0.0,0.0335,0.0,7.4,0.10880000000000001,45732.0,0.0264,0.0618,23264.0,45456.0,0.0335
1686857530,10,0,0.01,-0.25,-0.003,-0.076,0.0,0.0357,0.0,7.4,0.10830000000000001,46012.0,0.028900000000000002,0.0618,0.0,45316.0,0.0357
1686861531,10,0,0.002,-0.079,-0.002,-0.075,0.0,0.0339,0.0,7.4,0.1075,46152.0,0.027700000000000002,0.0618,4001.0,45592.0,0.0339
1686866558,10,0,0.013000000000000001,-0.23700000000000002,-0.009000000000000001,-0.074,0.0,0.031200000000000002,0.0,7.4,0.10700000000000001,46152.0,0.0251,0.0618,9028.0,45592.0,0.031200000000000002
1686869252,10,0,-0.003,-0.134,0.006,-0.073,0.0,0.032100000000000004,0.0,7.4,0.1063,46152.0,0.0251,0.0618,11722.0,45316.0,0.032100000000000004
1686873530,10,0,0.01,-0.097,0.025,-0.073,0.0,0.0257,0.0,7.4,0.1062,46152.0,0.0201,0.0618,16000.0,45592.0,0.0257
1686878249,10,0,-0.006,-0.14200000000000002,0.01,-0.07100000000000001,0.0,0.0292,0.0,7.4,0.1052,46012.0,0.0239,0.0618,20719.0,45456.0,0.0292
1686880297,10,0,-0.003,-0.037,0.012,-0.07100000000000001,0.0,0.027100000000000003,0.0,7.4,0.1051,46296.0,0.021400000000000002,0.0618,22767.0,45592.0,0.027100000000000003
1686885303,10,0,-0.01,-0.199,0.018000000000000002,-0.07,0.0,0.0205,0.0,7.4,0.10450000000000001,45872.0,0.016300000000000002,0.0618,0.0,45456.0,0.0205
1686889529,10,0,-0.01,-0.036000000000000004,0.032,-0.069,0.0,0.0213,0.0,7.4,0.10400000000000001,46012.0,0.0176,0.0618,4226.0,45456.0,0.0213
1686894271,10,0,-0.01,-0.17200000000000001,0.021,-0.068,0.0,0.016,0.0,7.4,0.10350000000000001,46012.0,0.0126,0.0618,8968.0,45592.0,0.016
1686896528,10,0,-0.015,-0.131,0.02,-0.067,0.0,0.016900000000000002,0.0,7.4,0.10310000000000001,46296.0,0.013800000000000002,0.0618,11225.0,45456.0,0.016900000000000002
1686901264,10,0,-0.004,-0.082,0.019,-0.067,0.0,0.0164,0.0,7.4,0.1028,46012.0,0.0126,0.0618,15961.0,45456.0,0.0164
1686905311,10,0,-0.018000000000000002,-0.129,0.005,-0.066,0.0,0.0145,0.0,7.4,0.10210000000000001,45732.0,0.011300000000000001,0.0618,20008.0,45456.0,0.0145
1686910315,10,0,-0.008,-0.07,0.006,-0.065,0.0,0.014700000000000001,0.0,7.4,0.1018,45872.0,0.011300000000000001,0.0618,25012.0,45316.0,0.014700000000000001
1686912528,10,0,-0.015,-0.153,0.003,-0.065,0.0,0.0126,0.0,7.4,0.1015,46296.0,0.010100000000000001,0.0618,0.0,45732.0,0.0126
1686917272,10,0,-0.004,-0.003,-0.003,-0.064,0.0,0.011600000000000001,0.0,7.4,0.1009,46012.0,0.0088,0.0618,4744.0,45456.0,0.011600000000000001
1686921531,10,0,-0.008,-0.145,-0.025,-0.063,0.0,0.0118,0.0,7.4,0.1005,45872.0,0.010100000000000001,0.0618,9003.0,45316.0,0.0118
1686926557,10,0,-0.002,0.005,-0.013000000000000001,-0.062,0.0,0.0092,0.0,7.4,0.0999,46296.0,0.007500000000000001,0.0618,14029.0,45316.0,0.0092
1686929281,10,0,-0.006,-0.095,-0.01,-0.062,0.0,0.0102,0.0,7.4,0.0999,46012.0,0.007500000000000001,0.0618,16753.0,45456.0,0.0102
1686933285,10,0,-0.009000000000000001,-0.079,-0.015,-0.061,0.0,0.0097,0.0,7.4,0.0993,46012.0,0.007500000000000001,0.0618,20757.0,45316.0,0.0097
1686937528,10,0,0.004,-0.033,-0.012,-0.061,0.0,0.0094,0.0,7.4,0.0994,46152.0,0.007500000000000001,0.0618,25000.0,45456.0,0.0094
1686941684,10,0,-0.004,-0.125,-0.013000000000000001,-0.061,0.0,0.008,0.0,7.4,0.0989,46152.0,0.0063,0.0618,0.0,45316.0,0.008
1686944294,10,0,0.0,0.013000000000000001,-0.001,-0.061,0.0,0.006900000000000001,0.0,7.4,0.0989,46012.0,0.005,0.0618,2610.0,45316.0,0.006900000000000001
1686949293,10,0,-0.005,-0.147,-0.017,-0.06,0.0,0.0071,0.0,7.4,0.09870000000000001,45872.0,0.0063,0.0618,7609.0,45592.0,0.0071
1686953297,10,0,0.005,0.02,0.003,-0.06,0.0,0.0057,0.0,7.4,0.0985,46012.0,0.005,0.0618,11613.0,45180.0,0.0057
1686957528,10,0,0.002,-0.126,0.003,-0.06,0.0,0.0068000000000000005,0.0,7.4,0.09860000000000001,45732.0,0.005,0.0618,15844.0,45316.0,0.0068000000000000005
1686962303,10,0,0.002,-0.008,-0.007,-0.059000000000000004,0.0,0.013600000000000001,0.0,7.4,0.0981,45872.0,0.011300000000000001,0.0618,20619.0,45316.0,0.013600000000000001
1686964530,10,0,0.013000000000000001,-0.017,-0.013000000000000001,-0.059000000000000004,0.0,0.0118,0.0,7.4,0.09820000000000001,46012.0,0.010100000000000001,0.0618,22846.0,45316.0,0.0118
1686969319,10,0,-0.008,-0.123,-0.009000000000000001,-0.058,0.0,0.0149,0.0,7.4,0.0975,46152.0,0.011300000000000001,0.0618,0.0,45456.0,0.0149
1686973528,10,0,0.02,-0.03,0.008,-0.058,0.0,0.0173,0.0,7.4,0.0974,46012.0,0.013800000000000002,0.0618,4209.0,45316.0,0.0173
1686977530,10,0,-0.011,-0.146,0.001,-0.057,0.0,0.015600000000000001,0.0,7.4,0.097,46012.0,0.0126,0.0618,8211.0,45456.0,0.015600000000000001
1686980355,10,0,0.005,-0.051000000000000004,-0.003,-0.057,0.0,0.016300000000000002,0.0,7.4,0.0966,45732.0,0.0126,0.0618,11036.0,45456.0,0.016300000000000002
1686984528,10,0,0.007,-0.091,-0.001,-0.057,0.0,0.0164,0.0,7.4,0.0966,46012.0,0.0126,0.0618,15209.0,45180.0,0.0164
1686989315,10,0,0.015,-0.041,0.007,-0.056,0.0,0.0108,0.0,7.4,0.096,45872.0,0.0088,0.0618,19996.0,45316.0,0.0108
1686994321,10,0,0.004,-0.095,0.014,-0.056,0.0,0.007500000000000001,0.0,7.4,0.0961,46152.0,0.0063,0.0618,25002.0,45316.0,0.007500000000000001
1686996322,10,0,-0.006,-0.1,0.014,-0.056,0.0,0.0046,0.0,7.4,0.09580000000000001,46012.0,0.0038,0.0618,0.0,45732.0,0.0046
1687000371,10,0,0.03,0.027,0.023,-0.055,0.0,-0.0006000000000000001,0.0,7.4,0.09580000000000001,46296.0,0.0,0.0618,4049.0,45592.0,-0.0006000000000000001
1687005375,10,0,-0.018000000000000002,-0.085,0.015,-0.055,0.0,-0.003,0.0,7.4,0.0955,46296.0,-0.0025,0.0618,9053.0,45456.0,-0.003
1687009529,10,0,0.029,0.045,0.026000000000000002,-0.055,0.0,-0.006500000000000001,0.0,7.4,0.09530000000000001,45872.0,-0.005,0.0618,13207.0,45316.0,-0.006500000000000001
1687013530,10,0,-0.013000000000000001,-0.08,0.031,-0.054,0.0,-0.0061,0.0,7.4,0.0952,45872.0,-0.005,0.0618,17208.0,45456.0,-0.0061
1687016331,10,0,0.003,-0.007,0.025,-0.054,0.0,-0.0086,0.0,7.4,0.09480000000000001,46296.0,-0.0063,0.0618,20009.0,45316.0,-0.0086
1687020382,10,0,0.007,0.014,0.011,-0.054,0.0,-0.010400000000000001,0.0,7.4,0.095,46012.0,-0.0088,0.0618,24060.0,45456.0,-0.010400000000000001
1687024528,10,0,-0.002,-0.044,-0.002,-0.054,0.0,-0.0131,0.0,7.4,0.0947,46152.0,-0.010100000000000001,0.0618,0.0,45592.0,-0.0131
1687029341,10,0,0.008,0.04,-0.011,-0.054,0.0,-0.0167,0.0,7.4,0.0949,46152.0,-0.013800000000000002,0.0618,4813.0,45456.0,-0.0167
1687033344,10,0,-0.009000000000000001,-0.041,-0.013000000000000001,-0.054,0.0,-0.0181,0.0,7.4,0.0946,45872.0,-0.0151,0.0618,8816.0,45316.0,-0.0181
1687037527,10,0,0.014,0.084,0.0,-0.054,0.0,-0.019,0.0,7.4,0.0947,45872.0,-0.0151,0.0618,12999.0,45316.0,-0.019
1687041685,10,0,-0.011,-0.059000000000000004,-0.013000000000000001,-0.054,0.0,-0.0193,0.0,7.4,0.0946,46152.0,-0.0151,0.0618,17157.0,45456.0,-0.0193
1687046356,10,0,0.018000000000000002,0.098,-0.014,-0.054,0.0,-0.0223,0.0,7.4,0.09480000000000001,46296.0,-0.0176,0.0618,21828.0,45456.0,-0.0223
1687048528,10,0,-0.001,0.026000000000000002,-0.011,-0.054,0.0,-0.022500000000000003,0.0,7.4,0.0949,45872.0,-0.0176,0.0618,24000.0,45456.0,-0.022500000000000003
1687053356,10,0,0.002,0.015,-0.008,-0.053,0.0,-0.0161,0.0,7.4,0.0946,46012.0,-0.0126,0.0618,0.0,45456.0,-0.0161
1687057526,10,0,0.001,0.028,0.002,-0.054,0.0,-0.0166,0.0,7.4,0.09480000000000001,46012.0,-0.013800000000000002,0.0618,4170.0,45316.0,-0.0166
1687061528,10,0,-0.013000000000000001,-0.053,-0.004,-0.053,0.0,-0.013900000000000001,0.0,7.4,0.0946,46152.0,-0.011300000000000001,0.0618,8172.0,45456.0,-0.013900000000000001
1687064318,10,0,0.017,0.037,-0.014,-0.053,0.0,-0.0079,0.0,7.4,0.0945,45872.0,-0.0063,0.0618,10962.0,45456.0,-0.0079
1687068366,10,0,-0.024,-0.057,-0.023,-0.054,0.0,-0.0078000000000000005,0.0,7.4,0.0946,46012.0,-0.0063,0.0618,15010.0,45456.0,-0.0078000000000000005
1687072529,10,0,0.014,-0.015,-0.026000000000000002,-0.053,0.0,-0.005200000000000001,0.0,7.4,0.09430000000000001,46296.0,-0.0038,0.0618,19173.0,45316.0,-0.005200000000000001
1687077374,10,0,-0.023,-0.053,-0.005,-0.053,0.0,-0.0033,0.0,7.4,0.0945,46152.0,-0.0025,0.0618,24018.0,45456.0,-0.0033
1687081376,10,0,0.019,-0.019,-0.02,-0.053,0.0,-0.006500000000000001,0.0,7.4,0.0944,46296.0,-0.005,0.0618,0.0,45316.0,-0.006500000000000001
1687085420,10,0,-0.015,-0.008,-0.024,-0.054,0.0,-0.006500000000000001,0.0,7.4,0.0947,45872.0,-0.005,0.0618,4044.0,45316.0,-0.006500000000000001
1687090424,10,0,0.025,-0.008,-0.012,-0.054,0.0,-0.0119,0.0,7.4,0.09480000000000001,46012.0,-0.010100000000000001,0.0618,9048.0,45592.0,-0.0119
1687092528,10,0,0.017,0.034,-0.002,-0.054,0.0,-0.013300000000000001,0.0,7.4,0.0949,46012.0,-0.010100000000000001,0.0618,11152.0,45316.0,-0.013300000000000001
1687096528,10,0,-0.015,-0.044,0.009000000000000001,-0.054,0.0,-0.011600000000000001,0.0,7.4,0.0951,46152.0,-0.0088,0.0618,15152.0,45316.0,-0.011600000000000001
1687101386,10,0,0.019,0.069,0.01,-0.054,0.0,-0.022600000000000002,0.0,7.4,0.0952,46152.0,-0.0176,0.0618,20010.0,45456.0,-0.022600000000000002
1687105434,10,0,-0.021,-0.029,0.016,-0.055,0.0,-0.021,0.0,7.4,0.0954,46012.0,-0.016300000000000002,0.0618,24058.0,45316.0,-0.021
1687109528,10,0,0.031,0.033,0.016,-0.054,0.0,-0.0195,0.0,7.4,0.0952,46296.0,-0.0151,0.0618,0.0,45456.0,-0.0195
1687114394,10,0,-0.027,-0.024,0.031,-0.055,0.0,-0.0211,0.0,7.4,0.0954,45872.0,-0.016300000000000002,0.0618,4866.0,45456.0,-0.0211
1687116394,10,0,-0.003,-0.046,0.031,-0.055,0.0,-0.020900000000000002,0.0,7.4,0.0952,46012.0,-0.016300000000000002,0.0618,6866.0,45316.0,-0.020900000000000002
1687120445,10,0,0.006,0.08,0.029,-0.055,0.0,-0.0212,0.0,7.4,0.09530000000000001,45872.0,-0.016300000000000002,0.0618,10917.0,45316.0,-0.0212
1687124528,10,0,-0.019,-0.047,0.016,-0.055,0.0,-0.0221,0.0,7.4,0.09530000000000001,46012.0,-0.0176,0.0618,15000.0,45456.0,-0.0221
1687129404,10,0,0.009000000000000001,0.099,0.011,-0.055,0.0,-0.025900000000000003,0.0,7.4,0.0952,45872.0,-0.0201,0.0618,19876.0,45456.0,-0.025900000000000003
1687133407,10,0,-0.011,-0.037,0.008,-0.055,0.0,-0.027,0.0,7.4,0.09530000000000001,46152.0,-0.021400000000000002,0.0618,23879.0,45592.0,-0.027
1687137528,10,0,0.024,0.082,0.009000000000000001,-0.054,0.0,-0.028900000000000002,0.0,7.4,0.0951,46152.0,-0.022600000000000002,0.0618,0.0,45316.0,-0.028900000000000002
1687140454,10,0,-0.02,0.063,0.013000000000000001,-0.055,0.0,-0.028,0.0,7.4,0.0954,45872.0,-0.022600000000000002,0.0618,2926.0,45456.0,-0.028
1687144529,10,0,0.013000000000000001,-0.035,0.0,-0.054,0.0,-0.0273,0.0,7.4,0.0951,46152.0,-0.021400000000000002,0.0618,7001.0,45456.0,-0.0273
1687149416,10,0,-0.013000000000000001,0.078,-0.01,-0.055,0.0,-0.028900000000000002,0.0,7.4,0.0954,46152.0,-0.022600000000000002,0.0618,11888.0,45732.0,-0.028900000000000002
1687153528,10,0,0.009000000000000001,-0.044,-0.005,-0.054,0.0,-0.028200000000000003,0.0,7.4,0.0951,46012.0,-0.022600000000000002,0.0618,16000.0,45732.0,-0.028200000000000003
1687157529,10,0,0.007,0.10300000000000001,-0.001,-0.055,0.0,-0.025400000000000002,0.0,7.4,0.0952,46012.0,-0.0201,0.0618,20001.0,45456.0,-0.025400000000000002
1687160468,10,0,-0.016,-0.011,-0.005,-0.055,0.0,-0.028300000000000002,0.0,7.4,0.09530000000000001,46012.0,-0.022600000000000002,0.0618,22940.0,45732.0,-0.028300000000000002
1687164527,10,0,0.025,0.018000000000000002,-0.022,-0.054,0.0,-0.024200000000000003,0.0,7.4,0.095,46012.0,-0.0189,0.0618,0.0,45316.0,-0.024200000000000003
1687169438,10,0,-0.02,-0.009000000000000001,-0.016,-0.055,0.0,-0.0221,0.0,7.4,0.0954,46012.0,-0.0176,0.0618,4911.0,45316.0,-0.0221
1687174430,10,0,0.03,0.043000000000000003,-0.033,-0.054,0.0,-0.020900000000000002,0.0,7.4,0.0951,46012.0,-0.016300000000000002,0.0618,9903.0,45456.0,-0.020900000000000002
1687176430,10,0,-0.008,0.068,-0.031,-0.055,0.0,-0.0184,0.0,7.4,0.09530000000000001,46012.0,-0.0151,0.0618,11903.0,45316.0,-0.0184
1687180478,10,0,0.007,-0.07,-0.026000000000000002,-0.055,0.0,-0.0188,0.0,7.4,0.0954,45872.0,-0.0151,0.0618,15951.0,45592.0,-0.0188
1687185482,10,0,-0.005,0.07200000000000001,-0.026000000000000002,-0.055,0.0,-0.0201,0.0,7.4,0.09570000000000001,46296.0,-0.016300000000000002,0.0618,20955.0,45456.0,-0.0201
1687190484,10,0,0.028,-0.043000000000000003,-0.02,-0.055,0.0,-0.0239,0.0,7.4,0.09570000000000001,46012.0,-0.0189,0.0618,25957.0,45316.0,-0.0239
1687192526,10,0,0.03,0.036000000000000004,-0.017,-0.056,0.0,-0.025400000000000002,0.0,7.4,0.09580000000000001,46152.0,-0.0201,0.0618,0.0,45316.0,-0.025400000000000002
1687196528,10,0,-0.021,0.012,-0.012,-0.056,0.0,-0.0224,0.0,7.4,0.09620000000000001,45872.0,-0.0176,0.0618,4002.0,45456.0,-0.0224
1687201449,10,0,0.027,0.049,0.005,-0.056,0.0,-0.028800000000000003,0.0,7.4,0.0961,45872.0,-0.022600000000000002,0.0618,8923.0,45456.0,-0.028800000000000003
1687206448,10,0,-0.022,-0.059000000000000004,0.026000000000000002,-0.057,0.0,-0.0193,0.0,7.4,0.0966,46152.0,-0.0151,0.0618,13922.0,45456.0,-0.0193
1687208449,10,0,0.014,-0.083,0.017,-0.056,0.0,-0.016800000000000002,0.0,7.4,0.0964,46012.0,-0.013800000000000002,0.0618,15923.0,45732.0,-0.016800000000000002
1687212525,10,0,-0.008,0.092,0.016,-0.057,0.0,-0.0199,0.0,7.4,0.0965,46296.0,-0.016300000000000002,0.0618,19999.0,45456.0,-0.0199
1687216527,10,0,-0.001,-0.10200000000000001,0.017,-0.057,0.0,-0.0182,0.0,7.4,0.0966,46296.0,-0.0151,0.0618,24001.0,45592.0,-0.0182
1687221461,10,0,-0.009000000000000001,0.097,0.017,-0.057,0.0,-0.017400000000000002,0.0,7.4,0.0965,46296.0,-0.013800000000000002,0.0618,0.0,45456.0,-0.017400000000000002
1687225511,10,0,0.0,-0.097,0.02,-0.057,0.0,-0.0204,0.0,7.4,0.0965,46012.0,-0.016300000000000002,0.0618,4050.0,45456.0,-0.0204
1687229527,10,0,-0.002,0.068,0.019,-0.056,0.0,-0.0182,0.0,7.4,0.09620000000000001,46012.0,-0.0151,0.0618,8066.0,45456.0,-0.0182
1687234572,10,0,-0.005,-0.059000000000000004,0.014,-0.057,0.0,-0.0158,0.0,7.4,0.0965,45872.0,-0.0126,0.0618,13111.0,45456.0,-0.0158
1687237469,10,0,0.013000000000000001,-0.004,0.011,-0.056,0.0,-0.017,0.0,7.4,0.096,45872.0,-0.013800000000000002,0.0618,16008.0,45316.0,-0.017
1687241686,10,0,-0.021,0.037,0.015,-0.056,0.0,-0.019100000000000002,0.0,7.4,0.0964,45872.0,-0.0151,0.0618,20225.0,45456.0,-0.019100000000000002
1687244471,10,0,0.008,-0.124,0.018000000000000002,-0.056,0.0,-0.0189,0.0,7.4,0.096,46012.0,-0.0151,0.0618,23010.0,45456.0,-0.0189
1687248526,10,0,-0.017,0.108,0.021,-0.056,0.0,-0.0176,0.0,7.4,0.096,46152.0,-0.013800000000000002,0.0618,0.0,45592.0,-0.0176
1687253480,10,0,0.01,-0.121,0.002,-0.056,0.0,-0.020800000000000003,0.0,7.4,0.0959,45872.0,-0.016300000000000002,0.0618,4954.0,45316.0,-0.020800000000000003
1687258482,10,0,-0.016,0.125,-0.006,-0.056,0.0,-0.022600000000000002,0.0,7.4,0.0961,45872.0,-0.0176,0.0618,9956.0,45456.0,-0.022600000000000002
1687260530,10,0,-0.007,-0.007,-0.014,-0.056,0.0,-0.0235,0.0,7.4,0.09630000000000001,46012.0,-0.0189,0.0618,12004.0,45592.0,-0.0235
1687265536,10,0,-0.003,0.054,-0.011,-0.056,0.0,-0.023100000000000002,0.0,7.4,0.0959,46012.0,-0.0189,0.0618,17010.0,45316.0,-0.023100000000000002
1687270537,10,0,0.003,-0.057,-0.001,-0.056,0.0,-0.028800000000000003,0.0,7.4,0.09630000000000001,46012.0,-0.022600000000000002,0.0618,22011.0,45456.0,-0.028800000000000003
1687273492,10,0,0.011,-0.047,-0.013000000000000001,-0.056,0.0,-0.0268,0.0,7.4,0.0959,46012.0,-0.021400000000000002,0.0618,24966.0,45456.0,-0.0268
1687278495,10,0,-0.009000000000000001,0.025,-0.017,-0.057,0.0,-0.022600000000000002,0.0,7.4,0.0964,46152.0,-0.0176,0.0618,0.0,45456.0,-0.022600000000000002
1687280545,10,0,0.014,-0.113,-0.019,-0.056,0.0,-0.0234,0.0,7.4,0.09630000000000001,46152.0,-0.0189,0.0618,2050.0,45316.0,-0.0234
1687285548,10,0,-0.016,0.14,-0.004,-0.056,0.0,-0.0258,0.0,7.4,0.09620000000000001,46012.0,-0.0201,0.0618,7053.0,45592.0,-0.0258
1687288504,10,0,-0.005,-0.049,-0.001,-0.057,0.0,-0.0238,0.0,7.4,0.0965,46012.0,-0.0189,0.0618,10009.0,45316.0,-0.0238
1687292659,10,0,0.003,-0.006,-0.017,-0.056,0.0,-0.020300000000000002,0.0,7.4,0.096,46012.0,-0.016300000000000002,0.0618,14164.0,45316.0,-0.020300000000000002
1687298572,10,0,-0.008,-0.036000000000000004,-0.01,-0.057,0.0,-0.021400000000000002,0.0,7.4,0.0966,46152.0,-0.0176,0.0618,20077.0,45316.0,-0.021400000000000002
1687301511,10,0,0.005,-0.022,-0.02,-0.056,0.0,-0.0204,0.0,7.4,0.096,46012.0,-0.016300000000000002,0.0618,23016.0,45592.0,-0.0204
1687305560,10,0,-0.014,0.046,-0.006,-0.056,0.0,-0.0172,0.0,7.4,0.0964,46296.0,-0.013800000000000002,0.0618,0.0,45456.0,-0.0172
1687308517,10,0,0.023,-0.14400000000000002,-0.004,-0.056,0.0,-0.016300000000000002,0.0,7.4,0.09620000000000001,46012.0,-0.0126,0.0618,2957.0,45456.0,-0.016300000000000002
1687313519,10,0,-0.021,0.096,0.003,-0.056,0.0,-0.014100000000000001,0.0,7.4,0.09620000000000001,45872.0,-0.011300000000000001,0.0618,7959.0,45592.0,-0.014100000000000001
1687318524,10,0,0.022,-0.136,-0.009000000000000001,-0.056,0.0,-0.0115,0.0,7.4,0.0959,46012.0,-0.0088,0.0618,12964.0,45456.0,-0.0115
1687320526,10,0,-0.001,0.009000000000000001,-0.008,-0.055,0.0,-0.010100000000000001,0.0,7.4,0.09580000000000001,46012.0,-0.007500000000000001,0.0618,14966.0,45456.0,-0.010100000000000001
1687326526,10,0,0.023,-0.155,0.003,-0.056,0.0,-0.0089,0.0,7.4,0.09580000000000001,45732.0,-0.007500000000000001,0.0618,20966.0,45316.0,-0.0089
1687328532,10,0,0.011,-0.091,0.008,-0.055,0.0,-0.0082,0.0,7.4,0.0955,46012.0,-0.0063,0.0618,22972.0,45456.0,-0.0082
1687333530,10,0,0.004,-0.03,0.019,-0.056,0.0,-0.0058000000000000005,0.0,7.4,0.09580000000000001,46152.0,-0.005,0.0618,0.0,45456.0,-0.0058000000000000005
1687338534,10,0,-0.006,-0.021,-0.002,-0.054,0.0,-0.0063,0.0,7.4,0.095,46152.0,-0.005,0.0618,5004.0,45592.0,-0.0063
1687340581,10,0,-0.016,0.082,-0.002,-0.055,0.0,-0.007,0.0,7.4,0.0952,46012.0,-0.005,0.0618,7051.0,45456.0,-0.007
1687345583,10,0,0.019,-0.17400000000000002,0.011,-0.054,0.0,-0.0032,0.0,7.4,0.09480000000000001,46152.0,-0.0025,0.0618,12053.0,45456.0,-0.0032
1687348540,10,0,-0.01,0.041,0.018000000000000002,-0.054,0.0,-0.0036000000000000003,0.0,7.4,0.0946,45732.0,-0.0025,0.0618,15010.0,45316.0,-0.0036000000000000003
1687353542,10,0,0.023,-0.163,0.021,-0.054,0.0,-0.0043,0.0,7.4,0.0947,46012.0,-0.0038,0.0618,20012.0,45456.0,-0.0043
1687358546,10,0,-0.015,0.075,0.013000000000000001,-0.053,0.0,-0.0027,0.0,7.4,0.0942,46012.0,-0.0025,0.0618,25016.0,45456.0,-0.0027
1687360593,10,0,0.0,0.003,0.007,-0.053,0.0,-0.0038,0.0,7.4,0.0944,46012.0,-0.0025,0.0618,0.0,45456.0,-0.0038
1687366550,10,0,-0.01,0.032,0.011,-0.052000000000000005,0.0,-0.007500000000000001,0.0,7.4,0.0936,46012.0,-0.0063,0.0618,5957.0,45316.0,-0.007500000000000001
1687368555,10,0,-0.005,0.084,0.018000000000000002,-0.052000000000000005,0.0,-0.0086,0.0,7.4,0.09380000000000001,46152.0,-0.0063,0.0618,7962.0,45456.0,-0.0086
1687373553,10,0,0.017,-0.127,0.002,-0.051000000000000004,0.0,-0.0103,0.0,7.390000000000001,0.09330000000000001,45872.0,-0.0088,0.0618,12960.0,45456.0,-0.0103
1687378558,10,0,0.004,0.056,-0.002,-0.052000000000000005,0.0,-0.013900000000000001,0.0,7.390000000000001,0.0935,46152.0,-0.011300000000000001,0.0618,17965.0,45316.0,-0.013900000000000001
1687380604,10,0,0.016,-0.089,-0.009000000000000001,-0.052000000000000005,0.0,-0.0162,0.0,7.390000000000001,0.0935,46012.0,-0.0126,0.0618,20011.0,45592.0,-0.0162
1687385608,10,0,-0.009000000000000001,0.07200000000000001,-0.004,-0.051000000000000004,0.0,-0.014,0.0,7.390000000000001,0.093,46152.0,-0.011300000000000001,0.0618,25015.0,45456.0,-0.014
1687388565,10,0,0.005,0.013000000000000001,0.002,-0.051000000000000004,0.0,-0.0173,0.0,7.390000000000001,0.09330000000000001,46012.0,-0.013800000000000002,0.0618,0.0,45456.0,-0.0173
1687392660,10,0,0.0,-0.081,-0.007,-0.051000000000000004,0.0,-0.0158,0.0,7.390000000000001,0.09280000000000001,46152.0,-0.0126,0.0618,4095.0,45592.0,-0.0158
1687397575,10,0,-0.003,0.028,0.001,-0.051000000000000004,0.0,-0.016,0.0,7.390000000000001,0.093,46152.0,-0.0126,0.0618,9010.0,45456.0,-0.016
1687400616,10,0,0.005,-0.105,-0.012,-0.051000000000000004,0.0,-0.018500000000000003,0.0,7.390000000000001,0.09280000000000001,46152.0,-0.0151,0.0618,12051.0,45456.0,-0.018500000000000003
1687405620,10,0,-0.01,0.068,-0.012,-0.051000000000000004,0.0,-0.0152,0.0,7.390000000000001,0.09280000000000001,46152.0,-0.0126,0.0618,17055.0,45456.0,-0.0152
1687408575,10,0,0.002,-0.1,-0.009000000000000001,-0.051000000000000004,0.0,-0.011600000000000001,0.0,7.390000000000001,0.0927,46152.0,-0.0088,0.0618,20010.0,45456.0,-0.011600000000000001
1687413578,10,0,-0.008,0.066,-0.003,-0.05,0.0,-0.013600000000000001,0.0,7.390000000000001,0.0925,45872.0,-0.011300000000000001,0.0618,25013.0,45316.0,-0.013600000000000001
1687418584,10,0,-0.001,-0.134,-0.009000000000000001,-0.05,0.0,-0.0078000000000000005,0.0,7.390000000000001,0.09240000000000001,45872.0,-0.0063,0.0618,0.0,45316.0,-0.0078000000000000005
1687420633,10,0,-0.011,-0.056,-0.014,-0.05,0.0,-0.008,0.0,7.390000000000001,0.0922,45872.0,-0.0063,0.0618,2049.0,45592.0,-0.008
1687425632,10,0,-0.004,-0.048,-0.023,-0.05,0.0,-0.007500000000000001,0.0,7.390000000000001,0.0925,46296.0,-0.0063,0.0618,7048.0,45456.0,-0.007500000000000001
1687430637,10,0,-0.008,-0.009000000000000001,-0.009000000000000001,-0.049,0.0,-0.0046,0.0,7.390000000000001,0.092,46012.0,-0.0038,0.0618,12053.0,45456.0,-0.0046
1687433591,10,0,0.001,0.021,0.0,0.036000000000000004,0.0,0.0,0.0,7.390000000000001,0.09230000000000001,46152.0,0.0,0.11410000000000001,15007.0,45456.0,0.0
