Time [s],Channel 0,Channel 1,Channel 2,Channel 3,Channel 4
0.000000000,1,1,1,1,1
0.282231375,1,0,0,0,1
0.282232375,1,1,0,0,1
0.282233500,1,0,0,0,1
0.282234500,1,1,0,0,1
0.282235625,1,0,0,0,1
0.282236750,1,1,0,0,1
0.282237750,1,0,0,0,1
0.282238875,1,1,0,0,1
0.282239875,1,0,0,0,1
0.282241000,1,1,0,0,1
0.282242000,1,0,0,0,1
0.282243125,1,1,0,0,1
0.282244125,1,1,1,1,1
0.503808000,1,1,1,1,1
