t_us,run_id,gap,gx,gy,gz,omega_sp,alpha_ff,tilt_x,tilt_y,thrust,angle,erpm,torque,angle_sp,offset_us,erpm_lower,servo_tilt,height,height_raw,height_sp,vz,vz_sp,az,vbat
549188501,3,0,0.007,-0.005,0.001,0.0,0.0,0.0,0.0,0.0,-0.005200000000000001,0.0,0.0,0.0,0.0,0.0,0.0,0.0,0.0,0.0,-0.004,0.0,0.0,11.468
549193318,3,0,0.008,-0.007,-0.003,0.0,0.0,0.0,0.0,0.0,-0.0053,0.0,0.0,0.0,4817.0,0.0,0.0,0.0,0.0,0.0,-0.003,0.0,0.0,11.467
549197642,3,0,0.01,-0.009000000000000001,-0.008,0.0,0.0,0.0,0.0,0.0,-0.005200000000000001,1416.0,0.0,0.0,9141.0,1576.0,0.0,0.0,0.0,0.0,-0.005,0.0,0.0,11.467
549202321,3,0,0.009000000000000001,-0.007,-0.004,0.0,0.0,0.0,0.0,0.0,-0.005200000000000001,1276.0,0.0,0.0,13820.0,1440.0,0.0,0.0,0.0,0.0,-0.003,0.0,0.0,11.467
549206371,3,0,0.009000000000000001,-0.012,0.001,0.0,0.0,0.0,0.0,0.0,-0.005200000000000001,1276.0,0.0,0.0,17870.0,1440.0,0.0,0.0,0.0,0.0,-0.002,0.0,0.0,11.467
549208639,3,0,0.01,-0.014,0.001,0.0,0.0,0.0,0.0,0.0,-0.005200000000000001,1228.0,0.0,0.0,0.0,1440.0,0.0,-0.0001,0.0,0.0,-0.005,0.0,0.0,11.467
549213330,3,0,0.014,-0.012,0.027,0.0,0.0,0.0,0.0,0.0,-0.005200000000000001,1228.0,0.0,0.0,4691.0,1440.0,0.0,-0.0001,0.0,0.0,-0.003,0.0,0.0,11.404
549217356,3,0,0.014,-0.014,-0.018000000000000002,0.0,0.0,0.0,0.0,0.0,-0.0051,1228.0,0.0,0.0,8717.0,1440.0,0.0,-0.0001,0.0,0.0,-0.004,0.0,0.0,11.404
549222336,3,0,0.01,-0.013000000000000001,0.003,0.0,0.0,0.0,0.0,0.01,-0.0051,1228.0,0.0,0.0,13697.0,1260.0,0.0,-0.0001,0.0,0.0,-0.003,0.0,0.0,11.404
549226383,3,0,0.013000000000000001,-0.013000000000000001,0.035,0.0,0.0,0.0,0.0,0.01,-0.005,1228.0,0.0,0.0,17744.0,1260.0,0.0,-0.0001,0.0,0.0,-0.002,0.0,0.0,11.404
549228638,3,0,0.014,-0.012,0.005,0.0,0.0,0.0,0.0,0.02,-0.005,1176.0,0.0,0.0,0.0,1260.0,0.0,-0.0001,0.0,0.0,-0.003,0.0,0.0,11.404
549233343,3,0,0.013000000000000001,-0.011,-0.035,0.0,0.0,0.0,0.0,0.02,-0.0049,1176.0,0.0,0.0,4705.0,1260.0,0.0,-0.0001,0.0,0.0,-0.001,0.0,0.0,11.427
549237638,3,0,0.015,-0.017,-0.022,0.0,0.0,0.0,0.0,0.03,-0.0048000000000000004,1176.0,0.0,0.0,9000.0,1260.0,0.0,-0.0002,0.0,0.0,-0.002,0.0,0.0,11.427
549241638,3,0,0.014,-0.007,-0.013000000000000001,0.0,0.0,0.0,0.0,0.04,-0.0047,1264.0,0.0,0.0,13000.0,1076.0,0.0,-0.0002,0.0,0.0,0.001,0.0,0.0,11.427
549245638,3,0,0.015,-0.015,-0.046,0.0,0.0,0.0,0.0,0.05,-0.0046,1360.0,0.0,0.0,17000.0,1008.0,0.0,-0.0002,0.0,0.0,0.002,0.0,0.0,11.427
549249638,3,0,0.008,-0.011,-0.04,0.0,0.0,0.0,0.0,0.06,-0.0046,1360.0,0.0,0.0,0.0,964.0,0.0,-0.0001,0.0001,0.0,0.003,0.0,0.0,11.427
549253638,3,0,0.011,-0.009000000000000001,0.028,0.0,0.0,0.0,0.0,0.07,-0.0045000000000000005,1360.0,0.0,0.0,4000.0,952.0,0.0,-0.0001,0.0001,0.0,0.004,0.0,0.0,11.422
549257638,3,0,0.015,-0.018000000000000002,-0.041,0.0,0.0,0.0,0.0,0.08,-0.0044,1360.0,0.0,0.0,8000.0,976.0,0.0,-0.0001,0.0001,0.0,0.003,0.0,0.0,11.422
549262682,3,0,0.006,0.001,-0.034,0.0,0.0,0.0,0.0,0.09,-0.0043,1556.0,0.0,0.0,13044.0,1272.0,0.0,-0.0001,0.0001,0.0,0.005,0.0,0.0,11.422
549265367,3,0,0.008,-0.004,0.083,0.0,0.0,0.0,0.0,0.1,-0.0043,1692.0,0.0,0.0,15729.0,1272.0,0.0,-0.0001,0.0001,0.0,0.006,0.0,0.0,11.422
549269637,3,0,0.012,0.0,0.043000000000000003,0.0,0.0,0.0,0.0,0.1,-0.004200000000000001,1892.0,0.0,0.0,0.0,1704.0,0.0,-0.0001,0.0001,0.0,0.005,0.0,0.0,11.422
549273637,3,0,0.008,-0.002,-0.032,0.0,0.0,0.0,0.0,0.11,-0.004200000000000001,1956.0,0.0,0.0,4000.0,2144.0,0.0,-0.0001,0.0001,0.0,0.006,0.0,0.0,11.444
549277638,3,0,0.007,0.004,0.076,0.0,0.0,0.0,0.0,0.12,-0.0041,2140.0,0.0,0.0,8001.0,2396.0,0.0,0.0,0.0001,0.0,0.005,0.0,0.0,11.444
549282380,3,0,0.008,0.0,0.045,0.0,0.0,0.0,0.0,0.14,-0.0041,2480.0,0.0,0.0,12743.0,2808.0,0.0,0.0,0.0001,0.0,0.007,0.0,0.0,11.444
549284808,3,0,0.0,-0.001,-0.025,0.0,0.0,0.0,0.0,0.15,-0.004,2604.0,0.0,0.0,15171.0,2984.0,0.0,0.0,0.0001,0.0,0.007,0.0,0.0,11.444
549289638,3,0,0.007,0.006,0.024,0.0,0.0,0.0,0.0,0.16,-0.004,2848.0,0.0,0.0,0.0,3336.0,0.0,0.0001,0.0002,0.0,0.009000000000000001,0.0,0.0,11.444
549294698,3,0,-0.004,-0.006,0.056,0.0,0.0,0.0,0.0,0.18,-0.0039000000000000003,3188.0,0.0,0.0,5060.0,3604.0,0.0,0.0001,0.0002,0.0,0.01,0.0,0.0,11.434000000000001
549297413,3,0,-0.012,0.012,-0.058,0.0,0.0,0.0,0.0,0.19,-0.0039000000000000003,3188.0,0.0,0.0,7775.0,3728.0,0.0,0.0002,0.0002,0.0,0.012,0.0,0.0,11.434000000000001
549302396,3,0,-0.004,0.008,-0.011,0.0,0.0,0.0,0.0,0.21,-0.0039000000000000003,3408.0,0.0,0.0,12758.0,4040.0,0.0,0.0002,0.0002,0.0,0.013000000000000001,0.0,0.0,11.434000000000001
549306446,3,0,-0.015,0.003,0.022,0.0,0.0,0.0,0.0,0.22,-0.0039000000000000003,3632.0,0.0,0.0,16808.0,4224.0,0.0,0.0002,0.0002,0.0,0.015,0.0,0.0,11.434000000000001
549308636,3,0,-0.005,0.007,-0.022,0.0,0.0,0.0,0.0,0.23,-0.0039000000000000003,3816.0,0.0,0.0,0.0,4320.0,0.0,0.00030000000000000003,0.0002,0.0,0.015,0.0,0.0,11.434000000000001
549313405,3,0,-0.018000000000000002,-0.002,-0.064,0.0,0.0,0.0,0.0,0.25,-0.0039000000000000003,3956.0,0.0,0.0,4769.0,4412.0,0.0,0.00030000000000000003,0.0002,0.0,0.016,0.0,0.0,11.424
549317432,3,0,-0.007,0.011,0.014,0.0,0.0,0.0,0.0,0.26,-0.004,4204.0,0.0,0.0,8796.0,4768.0,0.0,0.0005,0.0002,0.0,0.016,0.0,0.0,11.424
549321637,3,0,-0.018000000000000002,0.006,-0.009000000000000001,0.0,0.0,0.0,0.0,0.27,-0.004,4412.0,0.0,0.0,13001.0,4936.0,0.0,0.0005,0.0002,0.0,0.017,0.0,0.0,11.424
549325638,3,0,-0.017,0.007,-0.055,0.0,0.0,0.0,0.0,0.28,-0.004,4608.0,0.0,0.0,17002.0,5024.0,0.0,0.0005,0.0002,0.0,0.019,0.0,0.0,11.424
549330417,3,0,-0.012,0.006,0.044,0.0,0.0,0.0,0.0,0.3,-0.004200000000000001,4760.0,0.0,0.0,0.0,5164.0,0.0,0.0007,0.0002,0.0,0.02,0.0,0.0,11.424
549332555,3,0,-0.007,-0.002,0.037,0.0,0.0,0.0,0.0,0.3,-0.004200000000000001,4948.0,0.0,0.0,2138.0,5388.0,0.0,0.0007,0.0002,0.0,0.019,0.0,0.0,11.434000000000001
549337449,3,0,-0.018000000000000002,0.021,-0.009000000000000001,0.0,0.0,0.0,0.0,0.32,-0.0043,5224.0,0.0,0.0,7032.0,5632.0,0.0,0.0009000000000000001,0.00030000000000000003,0.0,0.022,0.0,0.0,11.434000000000001
549341637,3,0,-0.009000000000000001,0.009000000000000001,0.017,0.0,0.0,0.0,0.0,0.33,-0.0044,5340.0,0.0,0.0,11220.0,5768.0,0.0,0.0009000000000000001,0.00030000000000000003,0.0,0.022,0.0,0.0,11.434000000000001
549345638,3,0,-0.015,0.018000000000000002,0.059000000000000004,0.0,0.0,0.0,0.0,0.35000000000000003,-0.0045000000000000005,5528.0,0.0,0.0,15221.0,5972.0,0.0,0.0009000000000000001,0.00030000000000000003,0.0,0.024,0.0,0.0,11.434000000000001
549350432,3,0,-0.001,0.003,-0.018000000000000002,0.0,0.0,0.0,0.0,0.36,-0.0046,5732.0,0.0,0.0,0.0,6188.0,0.0,0.0012000000000000001,0.00030000000000000003,0.0,0.023,0.0,0.0,11.434000000000001
549354634,3,0,-0.014,0.024,0.02,0.0,0.0,0.0,0.0,0.37,-0.0047,6048.0,0.0,0.0,4202.0,6420.0,0.0,0.0012000000000000001,0.00030000000000000003,0.0,0.025,0.0,0.0,11.42
549356635,3,0,-0.015,0.03,0.033,0.0,0.0,0.0,0.0,0.38,-0.0048000000000000004,6148.0,0.0,0.0,6203.0,6556.0,0.0,0.0012000000000000001,0.00030000000000000003,0.0,0.026000000000000002,0.0,0.0,11.42
549361488,3,0,-0.009000000000000001,0.017,-0.003,0.0,0.0,0.0,0.0,0.39,-0.0049,6336.0,0.0,0.0,11056.0,6720.0,0.0,0.0014,0.00030000000000000003,0.0,0.024,0.0,0.0,11.42
549365636,3,0,-0.013000000000000001,0.014,-0.033,0.0,0.0,0.0,0.0,0.41000000000000003,-0.005,6336.0,0.0,0.0,15204.0,6868.0,0.0,0.0014,0.00030000000000000003,0.0,0.025,0.0,0.0,11.42
549369636,3,0,-0.015,0.017,0.015,0.0,0.0,0.0,0.0,0.43,-0.0051,6648.0,0.0,0.0,0.0,7104.0,0.0,0.0016,0.00030000000000000003,0.0,0.024,0.0,0.0,11.42
549374451,3,0,-0.001,0.017,-0.024,0.0,0.0,0.0,0.0,0.45,-0.0053,6868.0,0.0,0.0,4815.0,7352.0,0.0,0.0016,0.00030000000000000003,0.0,0.024,0.0,0.0,11.413
549378636,3,0,-0.005,0.012,-0.038,0.0,0.0,0.0,0.0,0.47000000000000003,-0.0054,7104.0,0.0,0.0,9000.0,7636.0,0.0,0.0019,0.00030000000000000003,0.0,0.023,0.0,0.0,11.413
549380636,3,0,-0.007,0.01,-0.017,0.0,0.0,0.0,0.0,0.48,-0.0055000000000000005,7156.0,0.0,0.0,11000.0,7684.0,0.0,0.0019,0.00030000000000000003,0.0,0.023,0.0,0.0,11.413
549385531,3,0,0.0,0.009000000000000001,0.006,0.0,0.0,0.0,0.0,0.51,-0.0055000000000000005,7324.0,0.0,0.0,15895.0,7844.0,0.0,0.0019,0.00030000000000000003,0.0,0.024,0.0,0.0,11.413
549389637,3,0,-0.002,0.011,-0.026000000000000002,0.0,0.0,0.0,0.0,0.54,-0.0056,7700.0,0.0,0.0,0.0,8080.0,0.0,0.0021000000000000003,0.0004,0.0,0.023,0.0,0.0,11.413
549393638,3,0,0.003,0.008,0.004,0.0,0.0,0.0,0.0,0.56,-0.0057,7960.0,0.0,0.0,4001.0,8224.0,0.0,0.0021000000000000003,0.0004,0.0,0.023,0.0,0.0,11.399000000000001
549398467,3,0,0.0,-0.002,0.022,0.0,0.0,0.0,0.0,0.58,-0.0057,8116.0,0.0,0.0,8830.0,8520.0,0.0,0.0023,0.0004,0.0,0.02,0.0,0.0,11.399000000000001
549402470,3,0,0.009000000000000001,0.01,-0.005,0.0,0.0,0.0,0.0,0.6,-0.0058000000000000005,8352.0,0.0,0.0,12833.0,8720.0,0.0,0.0023,0.0004,0.0,0.02,0.0,0.0,11.399000000000001
549406519,3,0,-0.005,-0.001,0.016,0.0,0.0,0.0,0.0,0.62,-0.0059,8560.0,0.0,0.0,16882.0,8928.0,0.0,0.0023,0.0004,0.0,0.021,0.0,0.0,11.399000000000001
549408639,3,0,0.007,0.001,0.031,0.0,0.0,0.0,0.0,0.63,-0.0059,8660.0,0.0,0.0,0.0,9056.0,0.0,0.0025,0.0004,0.0,0.017,0.0,0.0,11.399000000000001
549413676,3,0,-0.001,0.009000000000000001,0.009000000000000001,0.0,0.0,0.0,0.0,0.66,-0.006,8740.0,0.0,0.0,5037.0,9168.0,0.0,0.0025,0.0004,0.0,0.019,0.0,0.0,11.399000000000001
549416567,3,0,0.003,0.009000000000000001,-0.01,0.0,0.0,0.0,0.0,0.68,-0.006,8844.0,0.0,0.0,7928.0,9260.0,0.0,0.0025,0.0004,0.0,0.019,0.0,0.0,11.399000000000001
549420635,3,0,0.006,0.006,0.014,0.0,0.0,0.0,0.0,0.7000000000000001,-0.0061,9280.0,0.0,0.0,11996.0,9640.0,0.0,0.0027,0.0004,0.0,0.017,0.0,0.0,11.399000000000001
549425491,3,0,0.004,-0.003,-0.007,0.0,0.0,0.0,0.0,0.73,-0.0061,9376.0,0.0,0.0,16852.0,10444.0,0.0,0.0027,0.0004,0.0,0.016,0.0,0.0,11.399000000000001
549429635,3,0,-0.003,-0.004,-0.029,0.0,0.0,0.0,0.0,0.75,-0.0061,10244.0,0.0,0.0,0.0,10416.0,0.0,0.0028,0.0004,0.0,0.016,0.0,0.0,11.399000000000001
549434808,3,0,0.008,-0.014,0.001,0.0,0.0,0.0,0.0,0.77,-0.0061,10244.0,0.0,0.0,5173.0,10328.0,0.0,0.0028,0.0004,0.0,0.016,0.0,0.0,11.357000000000001
549437524,3,0,0.008,-0.008,-0.012,0.0,0.0,0.0,0.0,0.8,-0.006,10108.0,0.0,0.0,7889.0,10444.0,0.0,0.003,0.0005,0.0,0.015,0.0,0.0,11.357000000000001
549441636,3,0,0.004,-0.009000000000000001,-0.029,0.0,0.0,0.0,0.0,0.8200000000000001,-0.006,10360.0,0.0,0.0,12001.0,10712.0,0.0,0.003,0.0005,0.0,0.016,0.0,0.0,11.357000000000001
549444504,3,0,0.013000000000000001,-0.005,-0.017,0.0,0.0,0.0,0.0,0.84,-0.006,10444.0,0.0,0.0,14869.0,10868.0,0.0,0.003,0.0005,0.0,0.017,0.0,0.0,11.357000000000001
549448635,3,0,0.01,-0.015,0.003,0.0,0.0,0.0,0.0,0.86,-0.006,10652.0,0.0,0.0,0.0,11028.0,0.0,0.0031000000000000003,0.0005,0.0,0.014,0.0,0.0,11.357000000000001
549453512,3,0,0.012,-0.01,-0.013000000000000001,0.0,0.0,0.0,0.0,0.89,-0.0059,10932.0,0.0,0.0,4877.0,11328.0,0.0,0.0031000000000000003,0.0005,0.0,0.015,0.0,0.0,11.338000000000001
549458516,3,0,0.004,-0.01,0.014,0.0,0.0,0.0,0.0,0.92,-0.0059,11160.0,0.0,0.0,9881.0,11504.0,0.0,0.0032,0.0005,0.0,0.014,0.0,0.0,11.338000000000001
549460529,3,0,0.01,-0.004,0.025,0.0,0.0,0.0,0.0,0.9400000000000001,-0.0058000000000000005,11260.0,0.0,0.0,11894.0,11644.0,0.0,0.0032,0.0005,0.0,0.015,0.0,0.0,11.338000000000001
549464635,3,0,0.009000000000000001,0.001,0.007,0.0,0.0,0.0,0.0,0.96,-0.0058000000000000005,11576.0,0.0,0.0,16000.0,11980.0,0.0,0.0032,0.0005,0.0,0.016,0.0,0.0,11.338000000000001
549469635,3,0,0.001,-0.015,-0.003,0.0,0.0,0.0,0.0,0.99,-0.0058000000000000005,11756.0,0.0,0.0,0.0,12136.0,0.0,0.0034000000000000002,0.0005,0.0,0.014,0.0,0.0,11.338000000000001
549474527,3,0,0.007,-0.018000000000000002,0.021,0.0,0.0,0.0,0.0,1.02,-0.0057,12020.0,0.0,0.0,4892.0,12416.0,0.0,0.0034000000000000002,0.0005,0.0,0.016,0.0,0.0,11.342
549476615,3,0,0.007,-0.014,0.008,0.0,0.0,0.0,0.0,1.04,-0.0056,12056.0,0.0,0.0,6980.0,12500.0,0.0,0.0034000000000000002,0.0005,0.0,0.017,0.0,0.0,11.342
549481578,3,0,-0.004,0.007,-0.01,0.0,0.0,0.0,0.0,1.06,-0.0055000000000000005,12416.0,0.0,0.0,11943.0,12668.0,0.0,0.0035,0.0005,0.0,0.019,0.0,0.0,11.342
549485635,3,0,-0.003,-0.006,0.004,0.0,0.0,0.0,0.0,1.09,-0.0055000000000000005,12540.0,0.0,0.0,16000.0,12932.0,0.0,0.0035,0.0005,0.0,0.019,0.0,0.0,11.342
549490550,3,0,-0.01,-0.002,-0.009000000000000001,0.0,0.0,0.0,0.0,1.12,-0.0055000000000000005,12932.0,0.0,0.0,0.0,13204.0,0.0,0.0037,0.0006000000000000001,0.0,0.019,0.0,0.0,11.342
549492635,3,0,-0.013000000000000001,0.002,-0.021,0.0,0.0,0.0,0.0,1.1400000000000001,-0.0055000000000000005,12932.0,0.0,0.0,2085.0,13248.0,0.0,0.0037,0.0006000000000000001,0.0,0.02,0.0,0.0,11.337
549497584,3,0,-0.004,-0.004,-0.006,0.0,0.0,0.0,0.0,1.16,-0.0055000000000000005,13248.0,0.0,0.0,7034.0,13584.0,0.0,0.0039000000000000003,0.0006000000000000001,0.0,0.019,0.0,0.0,11.337
549501636,3,0,-0.004,0.009000000000000001,-0.006,0.0,0.0,0.0,0.0,1.19,-0.0055000000000000005,13392.0,0.0,0.0,11086.0,13736.0,0.0,0.0039000000000000003,0.0006000000000000001,0.0,0.022,0.0,0.0,11.337
549504551,3,0,0.002,-0.007,-0.016,0.0,0.0,0.0,0.0,1.21,-0.0054,13688.0,0.0,0.0,14001.0,13836.0,0.0,0.0039000000000000003,0.0006000000000000001,0.0,0.021,0.0,0.0,11.337
549509554,3,0,-0.007,0.003,-0.009000000000000001,0.0,0.0,0.0,0.0,1.24,-0.0054,13784.0,0.0,0.0,0.0,14152.0,0.0,0.0041,0.0006000000000000001,0.0,0.023,0.0,0.0,11.337
549513637,3,0,-0.005,0.01,0.016,0.0,0.0,0.0,0.0,1.26,-0.0054,14044.0,0.0,0.0,4083.0,14368.0,0.0,0.0041,0.0006000000000000001,0.0,0.024,0.0,0.0,11.304
549516674,3,0,-0.008,0.01,0.002,0.0,0.0,0.0,0.0,1.29,-0.0054,14204.0,0.0,0.0,7120.0,14536.0,0.0,0.0041,0.0006000000000000001,0.0,0.025,0.0,0.0,11.304
549521607,3,0,-0.018000000000000002,0.015,0.011,0.0,0.0,0.0,0.0,1.31,-0.0055000000000000005,14480.0,0.0,0.0,12053.0,14704.0,0.0,0.0044,0.0006000000000000001,0.0,0.026000000000000002,0.0,0.0,11.304
549525637,3,0,-0.009000000000000001,0.012,0.018000000000000002,0.0,0.0,0.0,0.0,1.33,-0.0055000000000000005,14648.0,0.0,0.0,16083.0,15000.0,0.0,0.0044,0.0006000000000000001,0.0,0.026000000000000002,0.0,0.0,11.304
549530567,3,0,-0.009000000000000001,0.019,0.008,0.0,0.0,0.0,0.0,1.37,-0.0056,14880.0,0.0,0.0,0.0,15212.0,0.0,0.0046,0.0006000000000000001,0.0,0.027,0.0,0.0,11.304
549532572,3,0,-0.005,0.015,0.001,0.0,0.0,0.0,0.0,1.3800000000000001,-0.0056,15120.0,0.0,0.0,2005.0,15336.0,0.0,0.0046,0.0006000000000000001,0.0,0.027,0.0,0.0,11.304
549537600,3,0,-0.012,0.012,0.01,0.0,0.0,0.0,0.0,1.41,-0.0056,15184.0,0.0,0.0,7033.0,15624.0,0.0,0.0049,0.0006000000000000001,0.0,0.027,0.0,0.0,11.333
549542578,3,0,-0.011,0.014,0.001,0.0,0.0,0.0,0.0,1.45,-0.0057,15496.0,0.0,0.0,12011.0,15756.0,0.0,0.0049,0.0006000000000000001,0.0,0.028,0.0,0.0,11.333
549544581,3,0,-0.015,0.008,-0.007,0.0,0.0,0.0,0.0,1.46,-0.0058000000000000005,15528.0,0.0,0.0,14014.0,15888.0,0.0,0.0049,0.0006000000000000001,0.0,0.027,0.0,0.0,11.333
549549584,3,0,-0.024,0.032,0.001,0.0,0.0,0.0,0.0,1.49,-0.006,15888.0,0.0,0.0,0.0,16164.0,0.0,0.005200000000000001,0.0006000000000000001,0.0,0.029,0.0,0.0,11.333
549554589,3,0,0.0,0.023,-0.005,0.0,0.0,0.0,0.0,1.54,-0.0061,16060.0,0.0,0.0,5005.0,16340.0,0.0,0.005200000000000001,0.0006000000000000001,0.0,0.027,0.0,0.0,11.319
549556681,3,0,-0.03,0.025,-0.015,0.0,0.0,0.0,0.0,1.55,-0.0061,16200.0,0.0,0.0,7097.0,16520.0,0.0,0.005200000000000001,0.0006000000000000001,0.0,0.029,0.0,0.0,11.319
549561644,3,0,-0.028,0.018000000000000002,-0.016,0.0,0.0,0.0,0.0,1.58,-0.006200000000000001,16376.0,0.0,0.0,12060.0,16704.0,0.0,0.0055000000000000005,0.0006000000000000001,0.0,0.031,0.0,0.0,11.319
549564595,3,0,-0.009000000000000001,0.02,-0.007,0.0,0.0,0.0,0.0,1.61,-0.0063,16628.0,0.0,0.0,15011.0,16892.0,0.0,0.0055000000000000005,0.0006000000000000001,0.0,0.031,0.0,0.0,11.319
549569598,3,0,-0.011,0.02,-0.003,0.0,0.0,0.0,0.0,1.6600000000000001,-0.0064,16816.0,0.0,0.0,0.0,17044.0,0.0,0.0058000000000000005,0.0007,0.0,0.029,0.0,0.0,11.319
549574605,3,0,-0.031,0.022,-0.001,0.0,0.0,0.0,0.0,1.69,-0.0066,17044.0,0.0,0.0,5007.0,17360.0,0.0,0.0058000000000000005,0.0007,0.0,0.029,0.0,0.0,11.303
549576695,3,0,-0.029,0.032,0.01,0.0,0.0,0.0,0.0,1.7,-0.0068000000000000005,17280.0,0.0,0.0,7097.0,17440.0,0.0,0.0058000000000000005,0.0007,0.0,0.029,0.0,0.0,11.303
549581657,3,0,0.002,0.017,0.011,0.0,0.0,0.0,0.0,1.74,-0.007,17440.0,0.0,0.0,12059.0,17772.0,0.0,0.006,0.0007,0.0,0.025,0.0,0.0,11.303
549586707,3,0,-0.025,0.02,0.007,0.0,0.0,0.0,0.0,1.77,-0.0071,17604.0,0.0,0.0,17109.0,18028.0,0.0,0.006,0.0007,0.0,0.028,0.0,0.0,11.303
549589617,3,0,-0.016,0.022,0.009000000000000001,0.0,0.0,0.0,0.0,1.8,-0.0071,17944.0,0.0,0.0,0.0,18072.0,0.0,0.0063,0.0007,0.0,0.028,0.0,0.0,11.303
549594632,3,0,-0.017,0.019,0.012,0.0,0.0,0.0,0.0,1.83,-0.007200000000000001,18160.0,0.0,0.0,5015.0,18336.0,0.0,0.0063,0.0007,0.0,0.028,0.0,0.0,11.308
549596708,3,0,-0.024,0.005,0.002,0.0,0.0,0.0,0.0,1.85,-0.0073,18248.0,0.0,0.0,7091.0,18520.0,0.0,0.0063,0.0007,0.0,0.027,0.0,0.0,11.308
549601672,3,0,-0.027,0.015,0.01,0.0,0.0,0.0,0.0,1.8900000000000001,-0.0076,18564.0,0.0,0.0,12055.0,18704.0,0.0,0.0066,0.0007,0.0,0.025,0.0,0.0,11.308
549604627,3,0,0.008,0.013000000000000001,0.013000000000000001,0.0,0.0,0.0,0.0,1.9100000000000001,-0.0078000000000000005,18564.0,0.0,0.0,15010.0,18844.0,0.0,0.0066,0.0007,0.0,0.022,0.0,0.0,11.308
549609632,3,0,-0.009000000000000001,0.012,-0.007,0.0,0.0,0.0,0.0,1.95,-0.0078000000000000005,18752.0,0.0,0.0,0.0,18988.0,0.0,0.0068000000000000005,0.0007,0.0,0.022,0.0,0.0,11.308
549614683,3,0,-0.005,0.039,-0.019,0.0,0.0,0.0,0.0,1.98,-0.0078000000000000005,19084.0,0.0,0.0,5051.0,19328.0,0.0,0.0068000000000000005,0.0007,0.0,0.025,0.0,0.0,11.28
549616740,3,0,-0.009000000000000001,0.022,-0.002,0.0,0.0,0.0,0.0,2.0,-0.0079,19180.0,0.0,0.0,7108.0,19480.0,0.0,0.007,0.0007,0.0,0.023,0.0,0.0,11.28
549621687,3,0,-0.018000000000000002,0.001,-0.019,-0.082,0.0,0.08610000000000001,-0.069,2.04,-0.0081,19584.0,-0.024200000000000003,0.0,12055.0,19736.0,-0.1097,0.007,0.0007,0.0,0.02,0.0,0.0,11.28
549624644,3,0,-0.026000000000000002,-0.007,-0.014,-0.082,0.0,0.0955,-0.061700000000000005,2.06,-0.0082,19584.0,-0.0247,0.0,15012.0,19632.0,-0.1111,0.007,0.0007,0.0,0.019,0.0,0.0,11.28
549629647,3,0,0.006,-0.01,-0.001,-0.081,0.0,0.09190000000000001,-0.1076,2.1,-0.0083,19788.0,-0.032,0.0,0.0,20000.0,-0.1411,0.007200000000000001,0.0007,0.0,0.015,0.0,0.0,11.28
549634810,3,0,-0.007,0.036000000000000004,-0.01,-0.082,0.0,0.0316,-0.0791,2.14,-0.0082,20052.0,-0.0179,0.0,5163.0,20272.0,-0.07830000000000001,0.007200000000000001,0.0007,0.0,0.021,0.0,0.0,11.209
549637666,3,0,-0.017,0.042,-0.009000000000000001,-0.081,0.0,0.0376,-0.066,2.17,-0.0083,20272.0,-0.0172,0.0,8019.0,20436.0,-0.0732,0.0074,0.0008,0.0,0.022,0.0,0.0,11.209
549640656,3,0,-0.012,0.012,0.011,-0.081,0.0,0.08700000000000001,-0.07590000000000001,2.18,-0.0085,20272.0,-0.027,0.0,11009.0,20436.0,-0.11510000000000001,0.0074,0.0008,0.0,0.019,0.0,0.0,11.209
549644658,3,0,-0.001,-0.012,0.009000000000000001,-0.08,0.0,0.11330000000000001,-0.09140000000000001,2.22,-0.0088,20604.0,-0.0345,0.0,15011.0,20720.0,-0.1447,0.0074,0.0008,0.0,0.014,0.0,0.0,11.209
549649664,3,0,0.003,-0.02,0.001,-0.08,0.0,0.10840000000000001,-0.0912,2.2600000000000002,-0.008700000000000001,20892.0,-0.0344,0.0,0.0,21008.0,-0.1411,0.007500000000000001,0.0007,0.0,0.011,0.0,0.0,11.209
549654671,3,0,-0.059000000000000004,0.021,0.008,-0.081,0.0,0.0505,-0.0145,2.3000000000000003,-0.008700000000000001,21068.0,-0.011300000000000001,0.0,5007.0,21184.0,-0.046,0.007500000000000001,0.0007,0.0,0.017,0.0,0.0,11.135
549656783,3,0,-0.09,0.036000000000000004,0.005,-0.08,0.0,0.0408,0.008,2.31,-0.0088,21128.0,-0.0058000000000000005,0.0,7119.0,21368.0,-0.023200000000000002,0.0077,0.0007,0.0,0.022,0.0,0.0,11.135
549661724,3,0,-0.128,0.013000000000000001,-0.009000000000000001,-0.079,0.0,0.0823,0.0086,2.36,-0.0095,21368.0,-0.013300000000000001,0.0,12060.0,21612.0,-0.0521,0.0077,0.0007,0.0,0.016,0.0,0.0,11.135
549664677,3,0,-0.145,-0.011,-0.002,-0.078,0.0,0.1072,0.0172,2.38,-0.0098,21552.0,-0.016300000000000002,0.0,15013.0,21612.0,-0.0636,0.0077,0.0007,0.0,0.011,0.0,0.0,11.135
549669681,3,0,-0.059000000000000004,0.061,-0.001,-0.077,0.0,0.014100000000000001,-0.08370000000000001,2.43,-0.0103,21676.0,-0.0181,0.0,0.0,21864.0,-0.0692,0.0078000000000000005,0.0007,0.0,0.01,0.0,0.0,11.135
549674687,3,0,-0.211,0.041,-0.022,-0.076,0.0,0.0613,0.11080000000000001,2.46,-0.011000000000000001,21864.0,0.0095,0.0,5006.0,22056.0,0.035,0.0078000000000000005,0.0007,0.0,0.012,0.0,0.0,11.208
549676798,3,0,-0.209,0.08,-0.027,-0.075,0.0,0.015300000000000001,0.077,2.48,-0.0114,22124.0,0.011600000000000001,0.0,7117.0,22188.0,0.0436,0.008,0.0007,0.0,0.021,0.0,0.0,11.208
549682693,3,0,-0.025,0.101,0.027,-0.073,0.0,0.0159,-0.06620000000000001,2.5300000000000002,-0.0122,22320.0,-0.0158,0.0,13012.0,22388.0,-0.058100000000000006,0.008,0.0007,0.0,0.017,0.0,0.0,11.208
549684817,3,0,-0.064,0.113,0.005,-0.073,0.0,0.0055000000000000005,0.0216,2.54,-0.012400000000000001,22456.0,0.0031000000000000003,0.0,15136.0,22592.0,0.0114,0.008,0.0007,0.0,0.018000000000000002,0.0,0.0,11.208
549690697,3,0,-0.059000000000000004,0.179,0.028,-0.07,0.0,-0.0342,-0.0079,2.61,-0.013600000000000001,22796.0,0.0053,0.0,0.0,22864.0,0.018600000000000002,0.0083,0.0006000000000000001,0.0,0.028,0.0,0.0,11.208
549692800,3,0,0.076,0.15,0.017,-0.07,0.0,0.0047,-0.13140000000000002,2.63,-0.013800000000000002,22728.0,-0.0274,0.0,2103.0,22936.0,-0.09620000000000001,0.0083,0.0006000000000000001,0.0,0.027,0.0,0.0,11.208
549697778,3,0,-0.019,0.246,0.041,-0.069,0.0,-0.09480000000000001,0.059000000000000004,2.66,-0.0143,23008.0,0.0313,0.0,7081.0,23148.0,0.10880000000000001,0.0086,0.0005,0.0,0.034,0.0,0.0,11.185
549700741,3,0,-0.03,0.188,0.006,-0.068,0.0,-0.0256,0.028,2.69,-0.014700000000000001,23292.0,0.011000000000000001,0.0,10044.0,23292.0,0.0379,0.0086,0.0005,0.0,0.034,0.0,0.0,11.185
549706823,3,0,0.136,0.153,-0.011,-0.068,0.0,-0.0466,-0.10250000000000001,2.74,-0.0148,23364.0,-0.011600000000000001,0.0,16126.0,23584.0,-0.0396,0.009000000000000001,0.0006000000000000001,0.0,0.032,0.0,0.0,11.185
549709712,3,0,0.152,0.129,-0.041,-0.068,0.0,-0.033,-0.0993,2.7600000000000002,-0.0148,23660.0,-0.013900000000000001,0.0,0.0,23736.0,-0.046900000000000004,0.009000000000000001,0.0006000000000000001,0.0,0.035,0.0,0.0,11.185
549714753,3,0,0.021,0.09,-0.042,-0.068,0.0,-0.0333,0.005200000000000001,2.81,-0.014700000000000001,23808.0,0.0081,0.0,5041.0,23960.0,0.027200000000000002,0.009000000000000001,0.0006000000000000001,0.0,0.039,0.0,0.0,11.211
549716825,3,0,0.027,0.098,-0.068,-0.068,0.0,-0.0599,-0.047,2.83,-0.0149,23960.0,0.0027,0.0,7113.0,24272.0,0.0091,0.0094,0.0008,0.0,0.04,0.0,0.0,11.211
549722721,3,0,0.113,0.018000000000000002,-0.078,-0.068,0.0,-0.007200000000000001,-0.0826,2.89,-0.0146,24352.0,-0.0166,0.0,13009.0,24272.0,-0.0533,0.0094,0.0008,0.0,0.037,0.0,0.0,11.211
549724722,3,0,0.078,0.032,-0.08600000000000001,-0.069,0.0,-0.0402,-0.0512,2.91,-0.0145,24272.0,-0.0025,0.0,15010.0,24508.0,-0.0078000000000000005,0.0094,0.0008,0.0,0.039,0.0,0.0,11.211
549729725,3,0,-0.009000000000000001,0.043000000000000003,-0.022,-0.069,0.0,-0.0309,-0.040400000000000005,2.94,-0.0146,24672.0,-0.0021000000000000003,0.0,0.0,24832.0,-0.0067,0.0097,0.001,0.0,0.035,0.0,0.0,11.211
549734814,3,0,0.051000000000000004,0.054,-0.034,-0.068,0.0,-0.0477,-0.0952,3.0,-0.0149,24832.0,-0.0112,0.0,5089.0,25084.0,-0.033600000000000005,0.0097,0.001,0.0,0.031,0.0,0.0,11.208
549736963,3,0,0.059000000000000004,0.065,0.005,-0.068,0.0,-0.047900000000000005,-0.0746,3.0100000000000002,-0.015000000000000001,25084.0,-0.006200000000000001,0.0,7238.0,25084.0,-0.0189,0.0099,0.0012000000000000001,0.0,0.023,0.0,0.0,11.208
549741782,3,0,-0.018000000000000002,0.016,0.012,-0.067,0.0,0.0026000000000000003,-0.0238,3.0500000000000003,-0.015300000000000001,25252.0,-0.006200000000000001,0.0,12057.0,25424.0,-0.018600000000000002,0.0099,0.0012000000000000001,0.0,0.022,0.0,0.0,11.208
549746822,3,0,-0.036000000000000004,0.039,0.059000000000000004,-0.067,0.0,-0.0112,-0.0358,3.1,-0.0155,25336.0,-0.006,0.0,17097.0,25684.0,-0.017400000000000002,0.010100000000000001,0.0013000000000000002,0.0,0.02,0.0,0.0,11.208
549749740,3,0,-0.113,0.009000000000000001,0.054,-0.066,0.0,0.024300000000000002,0.0437,3.12,-0.015700000000000002,25596.0,0.0049,0.0,0.0,25512.0,0.013800000000000002,0.010100000000000001,0.0013000000000000002,0.0,0.021,0.0,0.0,11.208
549754746,3,0,-0.17,-0.038,0.07200000000000001,-0.065,0.0,0.0316,0.06720000000000001,3.18,-0.0165,25772.0,0.0088,0.0,5006.0,25772.0,0.0252,0.010100000000000001,0.0013000000000000002,0.0,0.018000000000000002,0.0,0.0,11.205
549756792,3,0,-0.131,-0.047,0.051000000000000004,-0.064,0.0,0.0304,0.0325,3.19,-0.0167,25952.0,0.0008,0.0,7052.0,26040.0,0.0015,0.010100000000000001,0.0013000000000000002,0.0,0.015,0.0,0.0,11.205
549761798,3,0,-0.168,-0.10300000000000001,0.065,-0.064,0.0,0.0579,0.075,3.23,-0.016900000000000002,26224.0,0.0043,0.0,12058.0,26316.0,0.012100000000000001,0.0102,0.0013000000000000002,0.0,0.01,0.0,0.0,11.205
549764752,3,0,-0.241,-0.07,0.043000000000000003,-0.063,0.0,0.027,0.0979,3.2600000000000002,-0.0171,26316.0,0.0176,0.0,15012.0,26408.0,0.050100000000000006,0.0102,0.0013000000000000002,0.0,0.012,0.0,0.0,11.205
549769755,3,0,-0.222,-0.127,0.026000000000000002,-0.061,0.0,0.06330000000000001,0.0717,3.3000000000000003,-0.018000000000000002,26596.0,0.0024000000000000002,0.0,0.0,26500.0,0.0059,0.010400000000000001,0.0011,0.0,0.013000000000000001,0.0,0.0,11.205
549774683,3,0,-0.113,-0.145,-0.007,-0.061,0.0,0.044000000000000004,0.066,3.35,-0.018000000000000002,26688.0,0.0057,0.0,4928.0,26784.0,0.015600000000000001,0.010400000000000001,0.0011,0.0,0.011,0.0,0.0,11.119
549776898,3,0,-0.231,-0.117,0.013000000000000001,-0.061,0.0,0.038,0.1398,3.37,-0.018000000000000002,26976.0,0.0263,0.0,7143.0,26976.0,0.07200000000000001,0.0106,0.0007,0.0,0.016,0.0,0.0,11.119
549781812,3,0,-0.23700000000000002,-0.057,0.001,-0.06,0.0,0.028800000000000003,0.0625,3.4,-0.018600000000000002,27172.0,0.009000000000000001,0.0,12057.0,27272.0,0.0239,0.0106,0.0007,0.0,0.018000000000000002,0.0,0.0,11.119
549784812,3,0,-0.093,-0.053,0.01,-0.059000000000000004,0.0,0.0194,0.0291,3.43,-0.0188,27272.0,0.0029000000000000002,0.0,15057.0,27172.0,0.006900000000000001,0.0106,0.0007,0.0,0.015,0.0,0.0,11.119
549789774,3,0,0.122,-0.019,-0.011,-0.06,0.0,0.0027,-0.0307,3.47,-0.0184,27272.0,-0.0092,0.0,0.0,27372.0,-0.0236,0.010700000000000001,0.0004,0.0,0.012,0.0,0.0,11.119
549794777,3,0,-0.193,0.025,0.021,-0.06,0.0,0.0172,0.0395,3.52,-0.0187,27676.0,0.0059,0.0,5003.0,27572.0,0.015700000000000002,0.010700000000000001,0.0004,0.0,0.014,0.0,0.0,11.19
549796916,3,0,-0.154,0.032,0.006,-0.059000000000000004,0.0,0.019700000000000002,-0.0061,3.5300000000000002,-0.019,27776.0,-0.007200000000000001,0.0,7142.0,27880.0,-0.0183,0.0109,0.0001,0.0,0.019,0.0,0.0,11.19
549801817,3,0,0.28,0.023,-0.021,-0.059000000000000004,0.0,0.028200000000000003,-0.053000000000000005,3.5700000000000003,-0.0188,28088.0,-0.0223,0.0,12043.0,27984.0,-0.0574,0.0109,0.0001,0.0,0.015,0.0,0.0,11.19
549804782,3,0,0.214,0.01,-0.064,-0.061,0.0,0.0229,-0.031,3.61,-0.0182,28088.0,-0.0152,0.0,15008.0,27984.0,-0.0381,0.0109,0.0001,0.0,0.015,0.0,0.0,11.19
549810800,3,0,-0.151,0.077,-0.021,-0.06,0.0,0.0148,-0.0648,3.67,-0.0187,28300.0,-0.022000000000000002,0.0,0.0,28300.0,-0.0563,0.011000000000000001,-0.0002,0.0,0.017,0.0,0.0,11.19
549813753,3,0,-0.005,0.08700000000000001,-0.068,-0.059000000000000004,0.0,-0.0102,-0.039,3.71,-0.019100000000000002,28516.0,-0.008,0.0,2953.0,28300.0,-0.0204,0.011000000000000001,-0.0002,0.0,0.014,0.0,0.0,11.19
549817794,3,0,0.12,0.025,-0.092,-0.059000000000000004,0.0,0.0045000000000000005,0.0041,3.75,-0.0188,28516.0,0.0,0.0,6994.0,28736.0,-0.00030000000000000003,0.0111,-0.0004,0.0,0.005,0.0,0.0,11.144
549821880,3,0,-0.123,0.083,-0.08700000000000001,-0.059000000000000004,0.0,-0.0102,-0.0722,3.79,-0.019100000000000002,28956.0,-0.0182,0.0,11080.0,28848.0,-0.0438,0.0111,-0.0004,0.0,0.006,0.0,0.0,11.144
549824798,3,0,-0.158,0.101,-0.001,-0.058,0.0,-0.0005,-0.1075,3.81,-0.0196,28956.0,-0.031100000000000003,0.0,13998.0,28848.0,-0.0756,0.0111,-0.0004,0.0,0.004,0.0,0.0,11.144
549829802,3,0,-0.02,0.063,-0.073,-0.057,0.0,-0.0053,-0.002,3.87,-0.020200000000000003,29068.0,0.0009000000000000001,0.0,0.0,28956.0,0.0024000000000000002,0.0112,-0.0005,0.0,0.004,0.0,0.0,11.144
549834814,3,0,-0.049,0.075,-0.034,-0.056,0.0,-0.005,-0.045200000000000004,3.91,-0.0206,29296.0,-0.0122,0.0,5012.0,29352.0,-0.0284,0.0112,-0.0005,0.0,0.003,0.0,0.0,11.144
549836948,3,0,-0.114,0.082,0.0,-0.055,0.0,0.010700000000000001,-0.033,3.93,-0.020800000000000003,29296.0,-0.0132,0.0,7146.0,29528.0,-0.0309,0.011300000000000001,-0.0006000000000000001,0.0,0.01,0.0,0.0,11.144
549841895,3,0,-0.14200000000000002,0.085,0.051000000000000004,-0.053,0.0,0.012700000000000001,0.0164,4.0,-0.0217,29704.0,0.001,0.0,12093.0,29584.0,0.0026000000000000003,0.011300000000000001,-0.0006000000000000001,0.0,0.01,0.0,0.0,11.162
549844814,3,0,-0.085,0.028,-0.009000000000000001,-0.053,0.0,0.027800000000000002,0.048,4.0200000000000005,-0.022000000000000002,29880.0,0.0063,0.0,15012.0,29704.0,0.0142,0.011300000000000001,-0.0006000000000000001,0.0,0.007,0.0,0.0,11.162
549849812,3,0,-0.085,0.041,0.073,-0.052000000000000005,0.0,0.029400000000000003,0.035500000000000004,4.08,-0.0223,30060.0,0.002,0.0,0.0,29820.0,0.0044,0.011300000000000001,-0.0009000000000000001,0.0,0.009000000000000001,0.0,0.0,11.162
549854824,3,0,-0.164,0.101,0.14300000000000002,-0.05,0.0,0.0297,0.052700000000000004,4.12,-0.023200000000000002,30180.0,0.0074,0.0,5012.0,30180.0,0.016300000000000002,0.011300000000000001,-0.0009000000000000001,0.0,0.01,0.0,0.0,11.162
549856931,3,0,-0.132,0.063,0.097,-0.05,0.0,0.0285,0.056400000000000006,4.15,-0.0235,30240.0,0.009000000000000001,0.0,7119.0,30180.0,0.019700000000000002,0.0115,-0.0011,0.0,0.012,0.0,0.0,11.162
549861911,3,0,0.025,0.055,-0.001,-0.049,0.0,0.0206,0.034300000000000004,4.21,-0.0239,30488.0,0.0046,0.0,12099.0,30364.0,0.009600000000000001,0.0115,-0.0011,0.0,0.009000000000000001,0.0,0.0,11.081
549864820,3,0,-0.041,0.08,0.096,-0.049,0.0,0.029500000000000002,0.051300000000000005,4.23,-0.024,30736.0,0.0071,0.0,15008.0,30548.0,0.0154,0.0115,-0.0011,0.0,0.011,0.0,0.0,11.081
549869683,3,0,-0.13,0.122,0.126,-0.048,0.0,0.0206,0.0381,4.3,-0.0245,30864.0,0.0057,0.0,0.0,30672.0,0.012400000000000001,0.011600000000000001,-0.0014,0.0,0.018000000000000002,0.0,0.0,11.081
549873872,3,0,0.218,0.048,-0.045,-0.048,0.0,0.0149,-0.035300000000000005,4.34,-0.0245,30864.0,-0.0162,0.0,4189.0,31120.0,-0.035500000000000004,0.011600000000000001,-0.0014,0.0,0.015,0.0,0.0,11.081
549878682,3,0,0.17200000000000001,0.12,-0.005,-0.049,0.0,0.0043,-0.0173,4.38,-0.0241,31184.0,-0.0074,0.0,8999.0,31056.0,-0.015300000000000001,0.0117,-0.0015,0.0,0.01,0.0,0.0,11.081
549880683,3,0,-0.069,0.146,0.067,-0.048,0.0,0.004,0.0229,4.41,-0.024300000000000002,31248.0,0.0064,0.0,11000.0,31248.0,0.0134,0.0117,-0.0015,0.0,0.01,0.0,0.0,11.081
549884683,3,0,-0.059000000000000004,0.13,0.007,-0.047,0.0,-0.0148,-0.019,4.45,-0.0251,31448.0,-0.0016,0.0,15000.0,31380.0,-0.003,0.0117,-0.0015,0.0,0.01,0.0,0.0,11.076
549889692,3,0,0.34,0.075,-0.14200000000000002,-0.048,0.0,-0.015600000000000001,-0.0263,4.5200000000000005,-0.0246,31848.0,-0.0038,0.0,0.0,31712.0,-0.0076,0.0117,-0.0016,0.0,0.0,0.0,0.0,11.076
549894682,3,0,-0.114,0.16,0.013000000000000001,-0.048,0.0,-0.0183,-0.0453,4.55,-0.0246,31644.0,-0.009300000000000001,0.0,4990.0,31848.0,-0.019100000000000002,0.0117,-0.0016,0.0,0.001,0.0,0.0,11.076
549896682,3,0,-0.195,0.164,0.028,-0.047,0.0,-0.040400000000000005,-0.038700000000000005,4.57,-0.0251,31912.0,0.0005,0.0,6990.0,31984.0,0.0012000000000000001,0.0117,-0.0016,0.0,0.001,0.0,0.0,11.076
549900683,3,0,0.222,0.1,-0.158,-0.046,0.0,-0.0437,-0.049100000000000005,4.6000000000000005,-0.025500000000000002,32396.0,-0.0017000000000000001,0.0,10991.0,32120.0,-0.0038,0.0118,-0.0015,0.0,0.003,0.0,0.0,11.076
549904870,3,0,0.138,0.184,-0.134,-0.047,0.0,-0.0666,-0.058800000000000005,4.64,-0.024900000000000002,32256.0,0.0027,0.0,15178.0,32328.0,0.0055000000000000005,0.0118,-0.0015,0.0,0.003,0.0,0.0,11.103
549909683,3,0,-0.26,0.162,0.061,-0.045,0.0,-0.0539,-0.0487,4.69,-0.025900000000000003,32396.0,0.0017000000000000001,0.0,0.0,32536.0,0.0037,0.0119,-0.0014,0.0,0.01,0.0,0.0,11.103
549913904,3,0,0.202,0.083,-0.139,-0.044,0.0,-0.0632,-0.0044,4.73,-0.0263,32752.0,0.021,0.0,4221.0,32680.0,0.041600000000000005,0.0119,-0.0014,0.0,0.007,0.0,0.0,11.103
549917906,3,0,0.026000000000000002,0.157,-0.088,-0.045,0.0,-0.0621,-0.025900000000000003,4.76,-0.025900000000000003,32968.0,0.0131,0.0,8223.0,32824.0,0.0256,0.0119,-0.0013000000000000002,0.0,0.005,0.0,0.0,11.103
549921955,3,0,-0.322,0.155,0.153,-0.043000000000000003,0.0,-0.0752,-0.018000000000000002,4.8,-0.027,33260.0,0.0213,0.0,12272.0,33112.0,0.040400000000000005,0.0119,-0.0013000000000000002,0.0,0.005,0.0,0.0,11.103
549924682,3,0,-0.241,0.085,0.145,-0.042,0.0,-0.0688,-0.0002,4.8100000000000005,-0.027600000000000003,33260.0,0.025400000000000002,0.0,14999.0,32968.0,0.0485,0.0119,-0.0013000000000000002,0.0,0.004,0.0,0.0,11.038
549928906,3,0,0.122,0.041,-0.092,-0.042,0.0,-0.0485,0.007,4.8500000000000005,-0.027600000000000003,33332.0,0.0204,0.0,0.0,33332.0,0.0392,0.0119,-0.0012000000000000001,0.0,-0.002,0.0,0.0,11.038
549932910,3,0,-0.28600000000000003,0.06,0.124,-0.041,0.0,-0.0374,0.0032,4.89,-0.027800000000000002,33556.0,0.015300000000000001,0.0,4004.0,33480.0,0.0287,0.0119,-0.0012000000000000001,0.0,-0.001,0.0,0.0,11.038
549937960,3,0,-0.246,-0.01,0.178,-0.038,0.0,-0.0432,0.054400000000000004,4.94,-0.029400000000000003,33708.0,0.0368,0.0,9054.0,33556.0,0.069,0.0119,-0.0012000000000000001,0.0,-0.001,0.0,0.0,11.038
549942645,3,0,0.089,-0.07,-0.064,-0.038,0.0,-0.023200000000000002,0.025,4.99,-0.0292,33860.0,0.018600000000000002,0.0,13739.0,34012.0,0.034,0.0119,-0.0012000000000000001,0.0,-0.002,0.0,0.0,11.038
549944929,3,0,-0.20800000000000002,-0.054,0.022,-0.039,0.0,-0.0145,0.035,5.01,-0.029,34088.0,0.0187,0.0,16023.0,33860.0,0.035,0.0119,-0.0012000000000000001,0.0,-0.002,0.0,0.0,11.001
549949644,3,0,-0.396,-0.049,0.226,-0.037,0.0,-0.009000000000000001,0.031400000000000004,5.04,-0.030000000000000002,34248.0,0.0158,0.0,0.0,34168.0,0.0286,0.0119,-0.0014,0.0,0.002,0.0,0.0,11.001
549953928,3,0,0.03,-0.11800000000000001,-0.099,-0.036000000000000004,0.0,-0.0134,0.0726,5.08,-0.030000000000000002,34248.0,0.0335,0.0,4284.0,34404.0,0.0608,0.0119,-0.0014,0.0,0.0,0.0,0.0,11.001
549957931,3,0,-0.324,-0.012,-0.039,-0.036000000000000004,0.0,-0.0236,0.0689,5.11,-0.0302,34404.0,0.0362,0.0,8287.0,34560.0,0.0653,0.012,-0.0016,0.0,0.005,0.0,0.0,11.001
549961970,3,0,-0.438,-0.029,0.17,-0.033,0.0,-0.0094,0.0748,5.15,-0.0315,35048.0,0.0334,0.0,12326.0,34800.0,0.059500000000000004,0.012,-0.0016,0.0,0.003,0.0,0.0,11.001
549964645,3,0,-0.184,-0.059000000000000004,0.112,-0.032,0.0,-0.0216,0.0767,5.18,-0.0318,34720.0,0.0392,0.0,15001.0,34640.0,0.0695,0.012,-0.0016,0.0,0.002,0.0,0.0,10.974
549969024,3,0,0.13,0.056,-0.161,-0.033,0.0,-0.030000000000000002,-0.027700000000000002,5.22,-0.0315,34964.0,0.0006000000000000001,0.0,0.0,35128.0,0.0016,0.012,-0.0018000000000000002,0.0,-0.002,0.0,0.0,10.974
549973949,3,0,-0.17400000000000002,0.014,0.089,-0.032,0.0,-0.0194,-0.0517,5.25,-0.032100000000000004,35296.0,-0.013300000000000001,0.0,4925.0,35212.0,-0.0229,0.012,-0.0018000000000000002,0.0,-0.002,0.0,0.0,10.974
549977952,3,0,0.188,0.064,-0.006,-0.032,0.0,-0.0341,0.015000000000000001,5.29,-0.032100000000000004,35376.0,0.020300000000000002,0.0,8928.0,35296.0,0.0347,0.0119,-0.0019,0.0,-0.009000000000000001,0.0,0.0,10.974
549981958,3,0,-0.018000000000000002,0.117,-0.157,-0.032,0.0,-0.024800000000000003,0.047,5.33,-0.032100000000000004,35544.0,0.029500000000000002,0.0,12934.0,35628.0,0.050800000000000005,0.0119,-0.0019,0.0,-0.008,0.0,0.0,10.974
549984650,3,0,-0.049,0.07100000000000001,-0.105,-0.032,0.0,-0.0251,-0.0238,5.37,-0.0323,35884.0,0.0006000000000000001,0.0,15626.0,35544.0,0.0009000000000000001,0.0119,-0.0019,0.0,-0.008,0.0,0.0,11.0
549989650,3,0,0.219,0.063,0.006,-0.032,0.0,-0.0302,-0.0307,5.42,-0.0322,35884.0,-0.0007,0.0,0.0,35884.0,-0.0004,0.0117,-0.002,0.0,-0.014,0.0,0.0,11.0
549994650,3,0,0.022,0.1,-0.157,-0.032,0.0,-0.033100000000000004,-0.0086,5.48,-0.032,36056.0,0.0105,0.0,5000.0,35800.0,0.0173,0.0117,-0.002,0.0,-0.014,0.0,0.0,11.0
549996988,3,0,-0.20600000000000002,0.034,-0.11,-0.031,0.0,-0.0393,0.0524,5.51,-0.0324,36144.0,0.038400000000000004,0.0,7338.0,36232.0,0.0648,0.0117,-0.0021000000000000003,0.0,-0.007,0.0,0.0,11.0
550001706,3,0,0.123,0.065,-0.004,-0.031,0.0,-0.0385,-0.016800000000000002,5.55,-0.032600000000000004,36764.0,0.008700000000000001,0.0,12056.0,36320.0,0.015300000000000001,0.0117,-0.0021000000000000003,0.0,-0.009000000000000001,0.0,0.0,11.0
550005959,3,0,0.026000000000000002,0.147,-0.073,-0.031,0.0,-0.0574,-0.0489,5.6000000000000005,-0.0327,36856.0,0.004,0.0,16309.0,36672.0,0.006,0.0117,-0.0021000000000000003,0.0,-0.011,0.0,0.0,10.997
550008649,3,0,-0.074,0.066,-0.096,-0.03,0.0,-0.0495,-0.0522,5.64,-0.0329,36856.0,-0.0007,0.0,0.0,36856.0,-0.0019,0.011600000000000001,-0.0021000000000000003,0.0,-0.007,0.0,0.0,10.997
550012650,3,0,0.10200000000000001,0.044,-0.019,-0.03,0.0,-0.0422,-0.037200000000000004,5.69,-0.0329,36856.0,0.002,0.0,4001.0,36764.0,0.0036000000000000003,0.011600000000000001,-0.0021000000000000003,0.0,-0.01,0.0,0.0,10.997
550016981,3,0,0.008,0.135,0.081,-0.03,0.0,-0.0274,-0.014400000000000001,5.74,-0.0333,37220.0,0.0055000000000000005,0.0,8332.0,37036.0,0.0092,0.0115,-0.002,0.0,-0.007,0.0,0.0,10.997
550021955,3,0,-0.098,-0.046,-0.008,-0.029,0.0,-0.020300000000000002,0.022600000000000002,5.78,-0.033600000000000005,37312.0,0.0188,0.0,13306.0,37408.0,0.0303,0.0115,-0.002,0.0,-0.007,0.0,0.0,10.997
550026682,3,0,-0.044,0.112,0.08,-0.028,0.0,-0.006,0.0341,5.8500000000000005,-0.0339,37592.0,0.0183,0.0,18033.0,37408.0,0.0284,0.0115,-0.002,0.0,-0.006,0.0,0.0,10.94
550028958,3,0,-0.135,0.032,0.168,-0.028,0.0,-0.0041,0.053700000000000005,5.88,-0.034300000000000004,37500.0,0.0261,0.0,0.0,37688.0,0.0408,0.0115,-0.002,0.0,-0.003,0.0,0.0,10.94
550033110,3,0,-0.14300000000000002,-0.07100000000000001,0.082,-0.027,0.0,-0.007200000000000001,0.0362,5.93,-0.0347,37880.0,0.0199,0.0,4152.0,37688.0,0.0307,0.0115,-0.002,0.0,-0.005,0.0,0.0,10.94
550037972,3,0,-0.069,0.07,0.059000000000000004,-0.025,0.0,0.0088,0.041600000000000005,5.97,-0.0352,38264.0,0.014400000000000001,0.0,9014.0,37880.0,0.023200000000000002,0.0115,-0.002,0.0,-0.004,0.0,0.0,10.94
550040687,3,0,-0.134,-0.019,0.135,-0.025,0.0,0.012400000000000001,0.0562,6.0200000000000005,-0.0354,38168.0,0.020300000000000002,0.0,11729.0,37976.0,0.031,0.0115,-0.002,0.0,-0.004,0.0,0.0,10.94
550044688,3,0,-0.049,-0.092,0.11,-0.025,0.0,0.0091,0.0256,6.07,-0.035500000000000004,38560.0,0.0073,0.0,15730.0,38264.0,0.011600000000000001,0.0115,-0.002,0.0,-0.007,0.0,0.0,10.94
550049687,3,0,-0.098,0.051000000000000004,-0.059000000000000004,-0.025,0.0,0.0112,0.052000000000000005,6.12,-0.0356,38364.0,0.019100000000000002,0.0,0.0,38264.0,0.028800000000000003,0.0114,-0.002,0.0,-0.004,0.0,0.0,10.912
550054685,3,0,-0.137,-0.068,0.091,-0.024,0.0,0.0048000000000000004,0.0654,6.2,-0.0361,38860.0,0.029,0.0,4998.0,38660.0,0.042800000000000005,0.0114,-0.002,0.0,-0.005,0.0,0.0,10.912
550057034,3,0,-0.049,0.0,0.042,-0.023,0.0,0.013600000000000001,0.0603,6.22,-0.0362,38860.0,0.0217,0.0,7347.0,38860.0,0.033,0.0114,-0.002,0.0,-0.004,0.0,0.0,10.912
550062025,3,0,-0.14200000000000002,0.041,-0.113,-0.022,0.0,0.0007,0.040600000000000004,6.2700000000000005,-0.0367,38960.0,0.0196,0.0,12338.0,38960.0,0.028200000000000003,0.0114,-0.002,0.0,-0.002,0.0,0.0,10.912
550064686,3,0,-0.14100000000000001,0.013000000000000001,-0.10300000000000001,-0.022,0.0,0.0017000000000000001,0.0308,6.32,-0.0368,39164.0,0.014400000000000001,0.0,14999.0,38960.0,0.0206,0.0114,-0.002,0.0,-0.003,0.0,0.0,10.912
550069642,3,0,0.055,0.07,-0.014,-0.022,0.0,-0.00030000000000000003,0.013900000000000001,6.390000000000001,-0.0368,39268.0,0.006900000000000001,0.0,0.0,39064.0,0.01,0.0114,-0.0021000000000000003,0.0,-0.002,0.0,0.0,10.944
550073643,3,0,-0.028,0.048,-0.078,-0.022,0.0,0.0014,-0.0018000000000000002,6.43,-0.0371,39680.0,-0.0015,0.0,4001.0,39268.0,-0.0022,0.0114,-0.0021000000000000003,0.0,-0.001,0.0,0.0,10.944
550077980,3,0,0.137,0.041,-0.122,-0.022,0.0,-0.011300000000000001,-0.0143,6.47,-0.0368,39788.0,-0.0016,0.0,8338.0,39680.0,-0.0021000000000000003,0.011300000000000001,-0.0021000000000000003,0.0,-0.005,0.0,0.0,10.944
550082029,3,0,0.154,0.149,-0.048,-0.022,0.0,-0.0201,-0.0412,6.51,-0.0368,40000.0,-0.0102,0.0,12387.0,39892.0,-0.0149,0.011300000000000001,-0.0021000000000000003,0.0,-0.005,0.0,0.0,10.944
550084643,3,0,0.155,0.078,-0.037,-0.022,0.0,-0.021,-0.045700000000000005,6.53,-0.0368,40104.0,-0.0126,0.0,15001.0,39788.0,-0.017400000000000002,0.011300000000000001,-0.0021000000000000003,0.0,-0.006,0.0,0.0,10.944
550089643,3,0,0.065,0.05,-0.11,-0.023,0.0,-0.0182,-0.0105,6.6000000000000005,-0.0364,40104.0,0.004,0.0,0.0,40104.0,0.0054,0.0112,-0.0021000000000000003,0.0,-0.006,0.0,0.0,10.838000000000001
550093666,3,0,-0.05,0.124,-0.048,-0.022,0.0,-0.0188,0.0154,6.640000000000001,-0.0368,40648.0,0.0175,0.0,4023.0,40104.0,0.024200000000000003,0.0112,-0.0021000000000000003,0.0,-0.005,0.0,0.0,10.838000000000001
550096683,3,0,-0.111,0.026000000000000002,-0.013000000000000001,-0.022,0.0,-0.0228,0.0323,6.66,-0.037000000000000005,40216.0,0.028,0.0,7040.0,40432.0,0.039,0.0112,-0.0021000000000000003,0.0,-0.006,0.0,0.0,10.838000000000001
550100998,3,0,-0.08,0.099,-0.059000000000000004,-0.021,0.0,-0.0205,0.0085,6.7,-0.0374,40540.0,0.0145,0.0,11355.0,40216.0,0.0205,0.0112,-0.0022,0.0,-0.005,0.0,0.0,10.838000000000001
550105642,3,0,-0.093,0.022,0.009000000000000001,-0.02,0.0,-0.020900000000000002,-0.0267,6.76,-0.038,40872.0,-0.0033,0.0,15999.0,40760.0,-0.004200000000000001,0.0112,-0.0022,0.0,-0.008,0.0,0.0,10.838000000000001
550110036,3,0,-0.076,0.02,0.048,-0.02,0.0,-0.022000000000000002,-0.0148,6.8100000000000005,-0.038,41096.0,0.0041,0.0,0.0,40540.0,0.0051,0.0111,-0.0022,0.0,-0.008,0.0,0.0,10.877
550114725,3,0,-0.192,0.109,0.039,-0.018000000000000002,0.0,-0.023,0.009600000000000001,6.8500000000000005,-0.038900000000000004,41096.0,0.0173,0.0,4689.0,40760.0,0.023,0.0111,-0.0022,0.0,-0.008,0.0,0.0,10.877
550117083,3,0,-0.056,-0.092,0.04,-0.017,0.0,-0.0166,0.0013000000000000002,6.890000000000001,-0.0392,41436.0,0.0099,0.0,7047.0,41208.0,0.0126,0.011000000000000001,-0.0021000000000000003,0.0,-0.01,0.0,0.0,10.877
550121641,3,0,0.063,0.059000000000000004,0.096,-0.018000000000000002,0.0,-0.014400000000000001,-0.0342,6.93,-0.038900000000000004,41552.0,-0.0108,0.0,11605.0,41208.0,-0.014,0.011000000000000001,-0.0021000000000000003,0.0,-0.01,0.0,0.0,10.877
550125642,3,0,-0.1,0.027,0.149,-0.017,0.0,-0.008700000000000001,0.0001,6.97,-0.0393,41784.0,0.005,0.0,15606.0,41208.0,0.006200000000000001,0.011000000000000001,-0.0021000000000000003,0.0,-0.009000000000000001,0.0,0.0,10.877
550128683,3,0,-0.034,-0.09,0.11,-0.017,0.0,-0.018500000000000003,0.0009000000000000001,7.0,-0.0393,41552.0,0.0109,0.0,0.0,41552.0,0.0137,0.0109,-0.0022,0.0,-0.011,0.0,0.0,10.877
550133022,3,0,-0.066,0.131,0.1,-0.017,0.0,-0.0071,0.0229,7.04,-0.0395,41900.0,0.0161,0.0,4339.0,41552.0,0.0212,0.0109,-0.0022,0.0,-0.008,0.0,0.0,10.873000000000001
550138078,3,0,0.026000000000000002,-0.113,0.08600000000000001,-0.016,0.0,-0.0077,0.0057,7.1000000000000005,-0.0396,41900.0,0.0077,0.0,9395.0,42016.0,0.0095,0.0108,-0.0022,0.0,-0.01,0.0,0.0,10.873000000000001
550140641,3,0,0.083,0.01,0.068,-0.017,0.0,-0.0097,0.0006000000000000001,7.12,-0.0395,42136.0,0.0051,0.0,11958.0,42016.0,0.0073,0.0108,-0.0022,0.0,-0.01,0.0,0.0,10.873000000000001
550144641,3,0,-0.001,0.097,0.036000000000000004,-0.016,0.0,-0.0094,-0.0132,7.17,-0.0398,42492.0,-0.0017000000000000001,0.0,15958.0,42136.0,-0.0027,0.0108,-0.0022,0.0,-0.011,0.0,0.0,10.873000000000001
550149033,3,0,0.057,-0.062,0.003,-0.016,0.0,-0.0063,-0.0002,7.21,-0.0396,42492.0,0.0035,0.0,0.0,42372.0,0.0043,0.010700000000000001,-0.0023,0.0,-0.015,0.0,0.0,10.873000000000001
550153038,3,0,0.096,0.176,-0.029,-0.016,0.0,-0.0143,-0.0206,7.25,-0.0398,42856.0,-0.0035,0.0,4005.0,42492.0,-0.0044,0.010700000000000001,-0.0023,0.0,-0.015,0.0,0.0,10.873000000000001
550157114,3,0,0.061,-0.096,-0.066,-0.016,0.0,-0.0132,-0.0228,7.32,-0.0396,42856.0,-0.0053,0.0,8081.0,42492.0,-0.0067,0.0105,-0.0025,0.0,-0.019,0.0,0.0,10.873000000000001
550162095,3,0,-0.11800000000000001,0.161,-0.068,-0.016,0.0,-0.007,0.0352,7.36,-0.0398,42980.0,0.023,0.0,13062.0,42736.0,0.0298,0.0105,-0.0025,0.0,-0.016,0.0,0.0,10.873000000000001
550164719,3,0,-0.1,0.109,-0.056,-0.015,0.0,-0.0114,0.028,7.38,-0.040100000000000004,42980.0,0.0222,0.0,15686.0,42736.0,0.027800000000000002,0.0105,-0.0025,0.0,-0.017,0.0,0.0,10.873000000000001
550169050,3,0,-0.028,-0.059000000000000004,-0.139,-0.016,0.0,-0.0131,-0.0123,7.42,-0.0398,43228.0,0.0,0.0,0.0,42856.0,0.0005,0.0103,-0.0026000000000000003,0.0,-0.018000000000000002,0.0,0.0,10.873000000000001
550173053,3,0,-0.15,0.171,-0.09,-0.014,0.0,-0.0175,-0.0047,7.46,-0.040600000000000004,43604.0,0.007200000000000001,0.0,4003.0,43228.0,0.0091,0.0103,-0.0026000000000000003,0.0,-0.02,0.0,0.0,10.845
550177127,3,0,-0.015,-0.128,-0.10300000000000001,-0.014,0.0,-0.0172,-0.0007,7.53,-0.0407,43732.0,0.01,0.0,8077.0,43604.0,0.0117,0.010100000000000001,-0.0028,0.0,-0.023,0.0,0.0,10.845
550182108,3,0,-0.03,0.17300000000000001,-0.044,-0.014,0.0,-0.0132,-0.0329,7.57,-0.0409,43732.0,-0.0118,0.0,13058.0,43480.0,-0.014,0.010100000000000001,-0.0028,0.0,-0.022,0.0,0.0,10.845
550184641,3,0,-0.022,0.063,-0.042,-0.013000000000000001,0.0,-0.012700000000000001,-0.016,7.59,-0.041100000000000005,43732.0,-0.0018000000000000002,0.0,15591.0,43604.0,-0.0024000000000000002,0.010100000000000001,-0.0028,0.0,-0.024,0.0,0.0,10.845
550188642,3,0,-0.008,-0.095,-0.041,-0.014,0.0,-0.0172,0.005,7.65,-0.0408,43988.0,0.0129,0.0,0.0,43480.0,0.015700000000000002,0.0098,-0.0029000000000000002,0.0,-0.026000000000000002,0.0,0.0,10.845
550193207,3,0,0.019,0.134,0.038,-0.013000000000000001,0.0,-0.017400000000000002,-0.0002,7.69,-0.0413,44116.0,0.0102,0.0,4565.0,43860.0,0.012100000000000001,0.0098,-0.0029000000000000002,0.0,-0.027,0.0,0.0,10.792
550198074,3,0,-0.049,-0.056,0.021,-0.014,0.0,-0.0154,0.019,7.75,-0.0409,44116.0,0.0205,0.0,9432.0,43988.0,0.024300000000000002,0.0095,-0.0031000000000000003,0.0,-0.028,0.0,0.0,10.792
550202123,3,0,-0.079,0.161,0.121,-0.012,0.0,-0.012100000000000001,0.0349,7.79,-0.0415,44512.0,0.0281,0.0,13481.0,44248.0,0.0333,0.0095,-0.0031000000000000003,0.0,-0.028,0.0,0.0,10.792
550204659,3,0,-0.048,-0.008,0.116,-0.012,0.0,-0.015000000000000001,0.0318,7.8100000000000005,-0.0417,44512.0,0.028200000000000003,0.0,16017.0,44248.0,0.033100000000000004,0.0095,-0.0031000000000000003,0.0,-0.029,0.0,0.0,10.792
550209043,3,0,-0.074,0.106,0.089,-0.012,0.0,-0.015600000000000001,0.0132,7.8500000000000005,-0.041800000000000004,44912.0,0.017,0.0,0.0,44376.0,0.0204,0.0092,-0.0033,0.0,-0.028,0.0,0.0,10.792
550213086,3,0,-0.003,0.044,0.094,-0.011,0.0,-0.0145,0.0047,7.890000000000001,-0.042300000000000004,45044.0,0.0114,0.0,4043.0,44512.0,0.013600000000000001,0.0092,-0.0033,0.0,-0.031,0.0,0.0,10.791
550217640,3,0,0.038,-0.019,0.076,-0.011,0.0,-0.015000000000000001,-0.0131,7.930000000000001,-0.042,45180.0,0.0019,0.0,8597.0,44512.0,0.0013000000000000002,0.0089,-0.0035,0.0,-0.032,0.0,0.0,10.791
550221640,3,0,0.091,0.162,0.107,-0.011,0.0,-0.0165,-0.022600000000000002,7.97,-0.0422,45180.0,-0.0038,0.0,12597.0,44912.0,-0.0043,0.0089,-0.0035,0.0,-0.034,0.0,0.0,10.791
550225703,3,0,0.114,-0.108,0.024,-0.012,0.0,-0.011600000000000001,-0.020200000000000003,8.01,-0.041800000000000004,45316.0,-0.0058000000000000005,0.0,16660.0,45044.0,-0.0061,0.0089,-0.0035,0.0,-0.035,0.0,0.0,10.791
550230099,3,0,0.044,0.163,0.054,-0.012,0.0,-0.013000000000000001,-0.0016,8.07,-0.041800000000000004,45872.0,0.0068000000000000005,0.0,0.0,45180.0,0.0081,0.0086,-0.0036000000000000003,0.0,-0.034,0.0,0.0,10.791
550234640,3,0,0.043000000000000003,-0.112,-0.037,-0.012,0.0,-0.014100000000000001,0.0037,8.11,-0.0417,45732.0,0.010700000000000001,0.0,4541.0,45456.0,0.0126,0.0086,-0.0036000000000000003,0.0,-0.036000000000000004,0.0,0.0,10.791
550236825,3,0,0.01,-0.015,-0.045,-0.013000000000000001,0.0,-0.0143,0.002,8.13,-0.0415,46012.0,0.0098,0.0,6726.0,45592.0,0.011600000000000001,0.0086,-0.0036000000000000003,0.0,-0.034,0.0,0.0,10.791
550241640,3,0,0.065,0.053,-0.016,-0.012,0.0,-0.0196,-0.011300000000000001,8.17,-0.0419,45872.0,0.0049,0.0,11541.0,45592.0,0.0058000000000000005,0.0083,-0.0038,0.0,-0.032,0.0,0.0,10.791
550245696,3,0,0.038,-0.03,-0.074,-0.012,0.0,-0.0176,-0.0188,8.21,-0.041600000000000005,46012.0,-0.001,0.0,15597.0,45872.0,-0.0009000000000000001,0.0083,-0.0038,0.0,-0.032,0.0,0.0,10.791
550250114,3,0,0.058,0.057,-0.068,-0.012,0.0,-0.0134,-0.0159,8.28,-0.0419,46296.0,-0.001,0.0,0.0,46012.0,-0.0017000000000000001,0.0079,-0.004,0.0,-0.032,0.0,0.0,10.791
550254640,3,0,0.077,-0.067,-0.097,-0.013000000000000001,0.0,-0.010700000000000001,-0.0258,8.33,-0.0415,46440.0,-0.009000000000000001,0.0,4526.0,46152.0,-0.010700000000000001,0.0079,-0.004,0.0,-0.034,0.0,0.0,10.753
550256686,3,0,0.077,0.014,-0.075,-0.013000000000000001,0.0,-0.0109,-0.0253,8.35,-0.0415,46584.0,-0.009000000000000001,0.0,6572.0,46296.0,-0.0102,0.0079,-0.004,0.0,-0.034,0.0,0.0,10.753
550261124,3,0,0.066,-0.081,-0.077,-0.012,0.0,-0.014100000000000001,-0.0179,8.4,-0.0417,46440.0,-0.002,0.0,11010.0,46296.0,-0.0027,0.0076,-0.004,0.0,-0.035,0.0,0.0,10.753
550265664,3,0,0.006,0.064,-0.014,-0.013000000000000001,0.0,-0.0095,-0.0037,8.44,-0.0414,46728.0,0.0041,0.0,15550.0,46584.0,0.004,0.0076,-0.004,0.0,-0.033,0.0,0.0,10.753
550270677,3,0,-0.019,-0.08,-0.031,-0.013000000000000001,0.0,-0.0102,0.004200000000000001,8.51,-0.0415,46728.0,0.0092,0.0,0.0,46584.0,0.010100000000000001,0.0073,-0.0041,0.0,-0.03,0.0,0.0,10.753
550273131,3,0,-0.07100000000000001,-0.001,0.0,-0.013000000000000001,0.0,-0.013900000000000001,0.0123,8.540000000000001,-0.0413,47020.0,0.017400000000000002,0.0,2454.0,46728.0,0.018500000000000003,0.0073,-0.0041,0.0,-0.028,0.0,0.0,10.716000000000001
550277203,3,0,-0.099,0.041,0.064,-0.012,0.0,-0.008700000000000001,0.0108,8.58,-0.041800000000000004,47320.0,0.0134,0.0,6526.0,46728.0,0.013800000000000002,0.0071,-0.004200000000000001,0.0,-0.026000000000000002,0.0,0.0,10.716000000000001
550281640,3,0,-0.081,-0.066,0.022,-0.012,0.0,-0.0094,0.004200000000000001,8.63,-0.042,47168.0,0.009300000000000001,0.0,10963.0,46728.0,0.009600000000000001,0.0071,-0.004200000000000001,0.0,-0.027,0.0,0.0,10.716000000000001
550285814,3,0,0.006,0.091,0.096,-0.011,0.0,-0.010400000000000001,-0.0182,8.68,-0.0425,47020.0,-0.005200000000000001,0.0,15137.0,46876.0,-0.0055000000000000005,0.0071,-0.004200000000000001,0.0,-0.029,0.0,0.0,10.716000000000001
550288678,3,0,-0.002,-0.025,0.059000000000000004,-0.01,0.0,-0.0095,-0.0182,8.72,-0.0426,47768.0,-0.0063,0.0,0.0,47020.0,-0.006200000000000001,0.0068000000000000005,-0.0043,0.0,-0.029,0.0,0.0,10.716000000000001
550293662,3,0,0.013000000000000001,0.084,0.082,-0.01,0.0,-0.008,-0.006500000000000001,8.77,-0.0425,47924.0,0.0011,0.0,4984.0,47620.0,0.0011,0.0068000000000000005,-0.0043,0.0,-0.028,0.0,0.0,10.68
550298677,3,0,0.051000000000000004,-0.08,0.021,-0.011,0.0,-0.0094,-0.0171,8.84,-0.042300000000000004,47768.0,-0.0053,0.0,9999.0,47768.0,-0.0054,0.006500000000000001,-0.0044,0.0,-0.031,0.0,0.0,10.68
550300677,3,0,0.061,-0.005,0.041,-0.011,0.0,-0.0076,-0.014100000000000001,8.86,-0.0422,48076.0,-0.0043,0.0,11999.0,47468.0,-0.0046,0.006500000000000001,-0.0044,0.0,-0.029,0.0,0.0,10.68
550305158,3,0,0.009000000000000001,-0.03,-0.023,-0.011,0.0,-0.0094,-0.00030000000000000003,8.91,-0.0422,48076.0,0.0064,0.0,16480.0,47768.0,0.0064,0.006500000000000001,-0.0044,0.0,-0.025,0.0,0.0,10.68
550309676,3,0,-0.009000000000000001,0.034,-0.012,-0.011,0.0,-0.0137,0.007,8.96,-0.042100000000000005,48232.0,0.014,0.0,0.0,47924.0,0.0146,0.0063,-0.0046,0.0,-0.02,0.0,0.0,10.68
550314126,3,0,0.09,-0.038,-0.061,-0.012,0.0,-0.008400000000000001,-0.0227,9.03,-0.0419,48232.0,-0.0098,0.0,4450.0,48076.0,-0.010100000000000001,0.0063,-0.0046,0.0,-0.022,0.0,0.0,10.697000000000001
550318128,3,0,0.065,0.052000000000000005,-0.056,-0.012,0.0,-0.0118,-0.0262,9.08,-0.041600000000000005,48700.0,-0.0109,0.0,8452.0,48232.0,-0.0102,0.006,-0.0047,0.0,-0.023,0.0,0.0,10.697000000000001
550320683,3,0,0.043000000000000003,0.076,-0.032,-0.012,0.0,-0.0134,-0.021500000000000002,9.1,-0.0417,48388.0,-0.0055000000000000005,0.0,11007.0,48232.0,-0.0057,0.006,-0.0047,0.0,-0.023,0.0,0.0,10.697000000000001
550325172,3,0,0.023,0.005,-0.085,-0.012,0.0,-0.014700000000000001,-0.0077,9.17,-0.0417,49180.0,0.0044,0.0,15496.0,48700.0,0.005,0.006,-0.0047,0.0,-0.025,0.0,0.0,10.697000000000001
550329639,3,0,0.064,0.066,-0.046,-0.012,0.0,-0.014400000000000001,-0.028800000000000003,9.22,-0.0417,49020.0,-0.01,0.0,0.0,48544.0,-0.0102,0.0058000000000000005,-0.0047,0.0,-0.029,0.0,0.0,10.697000000000001
550334677,3,0,-0.053,0.018000000000000002,-0.05,-0.012,0.0,-0.0132,-0.0085,9.26,-0.0419,49180.0,0.0033,0.0,5038.0,48544.0,0.0034000000000000002,0.0058000000000000005,-0.0047,0.0,-0.029,0.0,0.0,10.593
550336824,3,0,-0.065,0.068,0.025,-0.011,0.0,-0.0123,-0.0018000000000000002,9.28,-0.042100000000000005,48860.0,0.0078000000000000005,0.0,7185.0,48860.0,0.0074,0.0058000000000000005,-0.0047,0.0,-0.029,0.0,0.0,10.593
550341638,3,0,-0.052000000000000005,-0.021,-0.048,-0.011,0.0,-0.0108,-0.0071,9.34,-0.042100000000000005,49180.0,0.0022,0.0,11999.0,49180.0,0.0026000000000000003,0.0055000000000000005,-0.0048000000000000004,0.0,-0.03,0.0,0.0,10.593
550345639,3,0,-0.152,0.066,0.07,-0.011,0.0,-0.014100000000000001,0.0077,9.38,-0.0424,49180.0,0.0158,0.0,16000.0,49180.0,0.0154,0.0055000000000000005,-0.0048000000000000004,0.0,-0.027,0.0,0.0,10.593
550349639,3,0,-0.163,-0.03,0.027,-0.01,0.0,-0.0119,0.018000000000000002,9.42,-0.042800000000000005,49668.0,0.021500000000000002,0.0,0.0,49504.0,0.0212,0.005200000000000001,-0.005,0.0,-0.027,0.0,0.0,10.593
550353701,3,0,-0.036000000000000004,0.066,0.082,-0.009000000000000001,0.0,-0.0137,-0.0151,9.46,-0.0432,49832.0,-0.0011,0.0,4062.0,49504.0,-0.001,0.005200000000000001,-0.005,0.0,-0.028,0.0,0.0,10.593
550358677,3,0,-0.053,-0.001,0.029,-0.009000000000000001,0.0,-0.016300000000000002,-0.0128,9.5,-0.043300000000000005,50000.0,0.0023,0.0,9038.0,49504.0,0.0025,0.0049,-0.0051,0.0,-0.026000000000000002,0.0,0.0,10.546
550360699,3,0,-0.06,0.049,0.077,-0.009000000000000001,0.0,-0.013600000000000001,0.003,9.52,-0.0434,50168.0,0.0126,0.0,11060.0,49668.0,0.0117,0.0049,-0.0051,0.0,-0.025,0.0,0.0,10.546
550365200,3,0,-0.012,-0.033,0.033,-0.009000000000000001,0.0,-0.0077,0.0009000000000000001,9.58,-0.043500000000000004,50000.0,0.006900000000000001,0.0,15561.0,49832.0,0.006,0.0049,-0.0051,0.0,-0.026000000000000002,0.0,0.0,10.546
550369638,3,0,-0.006,0.078,0.024,-0.008,0.0,-0.013000000000000001,0.0029000000000000002,9.620000000000001,-0.043500000000000004,50336.0,0.011600000000000001,0.0,0.0,49832.0,0.0112,0.0047,-0.0053,0.0,-0.022,0.0,0.0,10.546
550373639,3,0,-0.044,-0.011,0.005,-0.008,0.0,-0.0135,0.017,9.66,-0.0437,50336.0,0.023200000000000002,0.0,4001.0,50000.0,0.0216,0.0047,-0.0053,0.0,-0.021,0.0,0.0,10.546
550378209,3,0,0.002,0.061,0.013000000000000001,-0.008,0.0,-0.0066,0.010400000000000001,9.700000000000001,-0.0436,50504.0,0.0128,0.0,8571.0,50336.0,0.012,0.0045000000000000005,-0.0055000000000000005,0.0,-0.017,0.0,0.0,10.613
550380700,3,0,-0.012,0.027,-0.007,-0.008,0.0,-0.0102,0.0082,9.72,-0.0437,50336.0,0.014,0.0,11062.0,50336.0,0.013000000000000001,0.0045000000000000005,-0.0055000000000000005,0.0,-0.017,0.0,0.0,10.613
550385808,3,0,-0.046,0.039,-0.065,-0.008,0.0,-0.0099,0.0126,9.78,-0.0439,50848.0,0.0165,0.0,16170.0,50336.0,0.016,0.0045000000000000005,-0.0055000000000000005,0.0,-0.016,0.0,0.0,10.613
550390183,3,0,-0.043000000000000003,0.003,-0.083,-0.007,0.0,-0.014100000000000001,0.0024000000000000002,9.82,-0.0443,50848.0,0.013000000000000001,0.0,0.0,50504.0,0.0117,0.0044,-0.0057,0.0,-0.016,0.0,0.0,10.613
550394677,3,0,0.039,0.062,-0.051000000000000004,-0.006,0.0,-0.0137,-0.0099,9.86,-0.044500000000000005,51192.0,0.0036000000000000003,0.0,4494.0,51192.0,0.0027,0.0044,-0.0057,0.0,-0.018000000000000002,0.0,0.0,10.613
550397296,3,0,-0.014,0.01,-0.034,-0.006,0.0,-0.0115,-0.0067,9.9,-0.0446,51368.0,0.0036000000000000003,0.0,7113.0,50676.0,0.0034000000000000002,0.004200000000000001,-0.0058000000000000005,0.0,-0.017,0.0,0.0,10.636000000000001
550401638,3,0,0.004,0.068,-0.04,-0.006,0.0,-0.0164,-0.0011,9.94,-0.0448,51544.0,0.010700000000000001,0.0,11455.0,51020.0,0.0108,0.004200000000000001,-0.0058000000000000005,0.0,-0.017,0.0,0.0,10.636000000000001
550405638,3,0,-0.009000000000000001,0.017,0.016,-0.006,0.0,-0.015700000000000002,-0.0024000000000000002,9.98,-0.0449,51368.0,0.009600000000000001,0.0,15455.0,51020.0,0.0094,0.004200000000000001,-0.0058000000000000005,0.0,-0.017,0.0,0.0,10.636000000000001
550410199,3,0,-0.021,0.08600000000000001,0.015,-0.005,0.0,-0.0173,0.0091,10.01,-0.0451,51904.0,0.0205,0.0,0.0,51192.0,0.0187,0.0041,-0.006,0.0,-0.014,0.0,0.0,10.636000000000001
550414679,3,0,-0.106,0.01,0.053,-0.005,0.0,-0.0182,0.014,10.05,-0.0453,51724.0,0.025400000000000002,0.0,4480.0,51368.0,0.0227,0.0041,-0.006,0.0,-0.014,0.0,0.0,10.636000000000001
550416679,3,0,-0.11900000000000001,0.008,0.021,-0.005,0.0,-0.016900000000000002,0.0126,10.07,-0.0454,51724.0,0.023,0.0,6480.0,51544.0,0.020900000000000002,0.0041,-0.006,0.0,-0.014,0.0,0.0,10.636000000000001
550421244,3,0,-0.041,0.041,0.096,-0.003,0.0,-0.0194,0.0045000000000000005,10.15,-0.046,51724.0,0.0183,0.0,11045.0,51724.0,0.016900000000000002,0.0039000000000000003,-0.0061,0.0,-0.012,0.0,0.0,10.486
550425245,3,0,-0.044,0.07100000000000001,0.025,-0.003,0.0,-0.022500000000000003,0.0046,10.200000000000001,-0.0463,52448.0,0.020800000000000003,0.0,15046.0,52084.0,0.019100000000000002,0.0039000000000000003,-0.0061,0.0,-0.013000000000000001,0.0,0.0,10.486
550429638,3,0,-0.002,0.032,0.09,-0.002,0.0,-0.0195,0.0033,10.24,-0.046700000000000005,52264.0,0.0172,0.0,0.0,52084.0,0.0162,0.0038,-0.006200000000000001,0.0,-0.014,0.0,0.0,10.486
550433639,3,0,-0.016,0.074,-0.015,-0.001,0.0,-0.0219,0.004200000000000001,10.290000000000001,-0.0471,52448.0,0.021,0.0,4001.0,51904.0,0.018500000000000003,0.0038,-0.006200000000000001,0.0,-0.014,0.0,0.0,10.486
550438257,3,0,-0.053,0.007,0.035,-0.001,0.0,-0.019100000000000002,0.0119,10.370000000000001,-0.0472,52632.0,0.024900000000000002,0.0,8619.0,52264.0,0.0219,0.0037,-0.006200000000000001,0.0,-0.014,0.0,0.0,10.474
550442304,3,0,-0.008,0.074,-0.021,0.0,0.0,-0.0204,0.0161,10.41,-0.0475,53004.0,0.028800000000000003,0.0,12666.0,52264.0,0.0258,0.0037,-0.006200000000000001,0.0,-0.014,0.0,0.0,10.474
550444640,3,0,0.023,0.03,0.016,0.0,0.0,-0.0204,0.0151,10.44,-0.0475,53004.0,0.028800000000000003,0.0,15002.0,52632.0,0.0251,0.0037,-0.006200000000000001,0.0,-0.015,0.0,0.0,10.474
550448686,3,0,-0.112,0.004,-0.079,0.0,0.0,-0.019100000000000002,0.014700000000000001,10.49,-0.0476,53004.0,0.026500000000000003,0.0,0.0,52448.0,0.0239,0.0036000000000000003,-0.0064,0.0,-0.011,0.0,0.0,10.474
550453270,3,0,-0.03,-0.01,0.004,0.001,0.0,-0.0194,0.0161,10.53,-0.047900000000000005,53192.0,0.027800000000000002,0.0,4584.0,52448.0,0.0251,0.0036000000000000003,-0.0064,0.0,-0.012,0.0,0.0,10.474
550457638,3,0,-0.077,0.061,-0.111,0.002,0.0,-0.0199,0.0109,10.58,-0.0483,53192.0,0.025400000000000002,0.0,8952.0,52816.0,0.0218,0.0035,-0.006500000000000001,0.0,-0.008,0.0,0.0,10.474
550462322,3,0,-0.041,-0.016,-0.04,0.002,0.0,-0.020200000000000003,0.004,10.65,-0.048600000000000004,53192.0,0.0205,0.0,13636.0,52816.0,0.0171,0.0035,-0.006500000000000001,0.0,-0.009000000000000001,0.0,0.0,10.48
550464675,3,0,-0.048,0.024,-0.094,0.002,0.0,-0.0171,-0.0008,10.68,-0.0487,53572.0,0.0128,0.0,15989.0,52816.0,0.0115,0.0035,-0.006500000000000001,0.0,-0.009000000000000001,0.0,0.0,10.48
550468676,3,0,0.078,0.007,0.034,0.003,0.0,-0.0181,-0.0005,10.72,-0.0488,53572.0,0.0155,0.0,0.0,53380.0,0.0125,0.0034000000000000002,-0.006500000000000001,0.0,-0.011,0.0,0.0,10.48
550473283,3,0,0.016,0.037,-0.054,0.003,0.0,-0.016,0.0035,10.77,-0.0488,53764.0,0.0155,0.0,4607.0,53192.0,0.013800000000000002,0.0034000000000000002,-0.006500000000000001,0.0,-0.011,0.0,0.0,10.48
550477356,3,0,-0.008,-0.027,0.082,0.002,0.0,-0.0151,0.0091,10.82,-0.048600000000000004,53956.0,0.020800000000000003,0.0,8680.0,53380.0,0.0172,0.0032,-0.0067,0.0,-0.014,0.0,0.0,10.48
550481684,3,0,-0.023,0.048,0.001,0.002,0.0,-0.0182,0.013900000000000001,10.870000000000001,-0.0487,54152.0,0.0274,0.0,13008.0,53764.0,0.0227,0.0032,-0.0067,0.0,-0.014,0.0,0.0,10.472
550486442,3,0,-0.081,-0.008,0.048,0.002,0.0,-0.0173,0.0051,10.94,-0.048600000000000004,54348.0,0.0184,0.0,17766.0,53764.0,0.0158,0.0032,-0.0067,0.0,-0.014,0.0,0.0,10.472
550488675,3,0,-0.08,0.047,-0.009000000000000001,0.003,0.0,-0.0178,0.0064,10.96,-0.0488,54348.0,0.0198,0.0,0.0,53572.0,0.0172,0.0031000000000000003,-0.0068000000000000005,0.0,-0.014,0.0,0.0,10.472
550493298,3,0,-0.009000000000000001,-0.017,0.084,0.003,0.0,-0.0176,0.0005,11.01,-0.049,54544.0,0.0145,0.0,4623.0,53956.0,0.0128,0.0031000000000000003,-0.0068000000000000005,0.0,-0.015,0.0,0.0,10.472
550497372,3,0,0.037,0.067,-0.009000000000000001,0.003,0.0,-0.0195,-0.004,11.05,-0.0492,54544.0,0.012,0.0,8697.0,54152.0,0.011000000000000001,0.0029000000000000002,-0.007,0.0,-0.018000000000000002,0.0,0.0,10.472
550502351,3,0,-0.042,0.015,-0.018000000000000002,0.003,0.0,-0.0172,-0.0027,11.120000000000001,-0.049300000000000004,54744.0,0.012,0.0,13676.0,54348.0,0.0103,0.0029000000000000002,-0.007,0.0,-0.019,0.0,0.0,10.418000000000001
550504675,3,0,0.0,0.078,-0.077,0.004,0.0,-0.0188,-0.0018000000000000002,11.15,-0.0495,54744.0,0.014700000000000001,0.0,16000.0,54348.0,0.012,0.0029000000000000002,-0.007,0.0,-0.019,0.0,0.0,10.418000000000001
550508678,3,0,0.036000000000000004,-0.019,0.03,0.004,0.0,-0.0196,-0.0004,11.200000000000001,-0.0494,54944.0,0.0175,0.0,0.0,54544.0,0.013600000000000001,0.0027,-0.0071,0.0,-0.023,0.0,0.0,10.418000000000001
550513410,3,0,0.035,0.062,-0.069,0.004,0.0,-0.0188,0.0046,11.25,-0.0494,54944.0,0.020300000000000002,0.0,4732.0,54744.0,0.0165,0.0027,-0.0071,0.0,-0.023,0.0,0.0,10.418000000000001
550517639,3,0,-0.07,0.011,-0.037,0.003,0.0,-0.021400000000000002,0.0071,11.31,-0.049300000000000004,54944.0,0.0258,0.0,8961.0,54744.0,0.0201,0.0025,-0.0073,0.0,-0.02,0.0,0.0,10.418000000000001
550521663,3,0,0.011,0.052000000000000005,-0.074,0.004,0.0,-0.0201,0.0063,11.36,-0.0495,55556.0,0.023200000000000002,0.0,12985.0,54744.0,0.0187,0.0025,-0.0073,0.0,-0.021,0.0,0.0,10.345
550526287,3,0,-0.092,0.059000000000000004,-0.081,0.004,0.0,-0.0196,0.0061,11.44,-0.049600000000000005,55352.0,0.022000000000000002,0.0,17609.0,54944.0,0.0182,0.0025,-0.0073,0.0,-0.02,0.0,0.0,10.345
550530289,3,0,0.023,-0.01,0.034,0.005,0.0,-0.019100000000000002,-0.0002,11.5,-0.0499,55556.0,0.0166,0.0,0.0,55148.0,0.0134,0.0023,-0.0074,0.0,-0.018000000000000002,0.0,0.0,10.345
550534675,3,0,-0.031,0.075,-0.059000000000000004,0.005,0.0,-0.0198,-0.0037,11.56,-0.0502,55760.0,0.015300000000000001,0.0,4386.0,55352.0,0.0114,0.0023,-0.0074,0.0,-0.017,0.0,0.0,10.345
550536825,3,0,0.066,0.066,-0.033,0.006,0.0,-0.020800000000000003,-0.005,11.59,-0.0504,55760.0,0.013900000000000001,0.0,6536.0,55352.0,0.0112,0.0023,-0.0074,0.0,-0.018000000000000002,0.0,0.0,10.345
550541334,3,0,-0.062,0.047,0.024,0.006,0.0,-0.0181,0.0022,11.65,-0.0504,55968.0,0.0182,0.0,11045.0,55556.0,0.014400000000000001,0.0021000000000000003,-0.0076,0.0,-0.018000000000000002,0.0,0.0,10.382
550545677,3,0,0.057,0.003,0.083,0.006,0.0,-0.02,0.0023,11.71,-0.0505,56180.0,0.019700000000000002,0.0,15388.0,55556.0,0.0158,0.0021000000000000003,-0.0076,0.0,-0.02,0.0,0.0,10.382
550550303,3,0,-0.051000000000000004,0.082,0.007,0.006,0.0,-0.0159,0.0132,11.8,-0.0506,56180.0,0.025500000000000002,0.0,0.0,55556.0,0.0206,0.0019,-0.0077,0.0,-0.019,0.0,0.0,10.382
550554674,3,0,-0.063,-0.039,0.139,0.006,0.0,-0.0177,0.009000000000000001,11.86,-0.0505,55968.0,0.024200000000000003,0.0,4371.0,55968.0,0.0189,0.0019,-0.0077,0.0,-0.02,0.0,0.0,10.382
550556676,3,0,-0.136,0.023,0.08700000000000001,0.006,0.0,-0.0166,0.0086,11.89,-0.0506,56180.0,0.0229,0.0,6373.0,55968.0,0.0178,0.0019,-0.0077,0.0,-0.019,0.0,0.0,10.382
550561362,3,0,-0.03,-0.034,0.098,0.007,0.0,-0.016300000000000002,0.007500000000000001,11.96,-0.050800000000000005,56816.0,0.0216,0.0,11059.0,55968.0,0.016800000000000002,0.0018000000000000002,-0.0078000000000000005,0.0,-0.014,0.0,0.0,10.351
550565636,3,0,-0.045,0.066,-0.008,0.007,0.0,-0.013900000000000001,0.0028,12.05,-0.0511,56604.0,0.0159,0.0,15333.0,56392.0,0.0118,0.0018000000000000002,-0.0078000000000000005,0.0,-0.013000000000000001,0.0,0.0,10.351
550569636,3,0,-0.038,-0.048,0.08,0.007,0.0,-0.014700000000000001,0.0024000000000000002,12.120000000000001,-0.0511,56604.0,0.016,0.0,0.0,56180.0,0.012100000000000001,0.0017000000000000001,-0.0078000000000000005,0.0,-0.01,0.0,0.0,10.351
550574320,3,0,0.069,0.059000000000000004,-0.038,0.008,0.0,-0.016900000000000002,-0.0011,12.19,-0.051300000000000005,56816.0,0.0146,0.0,4684.0,56604.0,0.0112,0.0017000000000000001,-0.0078000000000000005,0.0,-0.01,0.0,0.0,10.351
550576683,3,0,0.057,0.008,-0.009000000000000001,0.008,0.0,-0.016,0.0009000000000000001,12.22,-0.0512,56816.0,0.0162,0.0,7047.0,56392.0,0.0119,0.0017000000000000001,-0.0078000000000000005,0.0,-0.011,0.0,0.0,10.351
550581370,3,0,0.098,0.064,-0.065,0.007,0.0,-0.0128,-0.0031000000000000003,12.33,-0.051000000000000004,57252.0,0.0089,0.0,11734.0,56604.0,0.0068000000000000005,0.0016,-0.0079,0.0,-0.007,0.0,0.0,10.283
550585831,3,0,-0.121,-0.04,0.02,0.007,0.0,-0.0166,0.010700000000000001,12.39,-0.0509,57252.0,0.0268,0.0,16195.0,56604.0,0.0193,0.0016,-0.0079,0.0,-0.007,0.0,0.0,10.283
550590346,3,0,0.05,0.032,-0.042,0.007,0.0,-0.015600000000000001,0.0045000000000000005,12.450000000000001,-0.050800000000000005,57472.0,0.0195,0.0,0.0,56816.0,0.0142,0.0016,-0.0079,0.0,-0.003,0.0,0.0,10.283
550594674,3,0,-0.063,0.008,-0.001,0.007,0.0,-0.015700000000000002,0.0037,12.48,-0.0509,57692.0,0.018000000000000002,0.0,4328.0,57032.0,0.0137,0.0016,-0.0079,0.0,-0.001,0.0,0.0,10.283
550596674,3,0,0.021,0.041,-0.046,0.007,0.0,-0.0123,0.0094,12.5,-0.051000000000000004,57472.0,0.021,0.0,6328.0,57252.0,0.015300000000000001,0.0016,-0.0079,0.0,-0.002,0.0,0.0,10.283
550600674,3,0,-0.083,-0.001,0.022,0.008,0.0,-0.018000000000000002,0.0021000000000000003,12.530000000000001,-0.051300000000000005,57692.0,0.0181,0.0,10328.0,57252.0,0.0142,0.0016,-0.008,0.0,-0.001,0.0,0.0,10.308
550605382,3,0,0.027,0.021,-0.019,0.008,0.0,-0.0159,-0.0037,12.57,-0.0514,57692.0,0.012100000000000001,0.0,15036.0,57472.0,0.0086,0.0016,-0.008,0.0,-0.004,0.0,0.0,10.308
550609572,3,0,0.022,0.048,0.035,0.008,0.0,-0.0193,-0.0018000000000000002,12.6,-0.0516,57916.0,0.0167,0.0,0.0,57472.0,0.012400000000000001,0.0016,-0.008,0.0,-0.003,0.0,0.0,10.308
550613672,3,0,-0.044,0.013000000000000001,0.006,0.009000000000000001,0.0,-0.016800000000000002,0.0067,12.63,-0.051800000000000006,58140.0,0.0228,0.0,4100.0,57472.0,0.0166,0.0016,-0.008,0.0,-0.004,0.0,0.0,10.308
550618390,3,0,0.049,0.043000000000000003,0.011,0.009000000000000001,0.0,-0.0151,0.0058000000000000005,12.66,-0.051800000000000006,58364.0,0.0213,0.0,8818.0,57692.0,0.0148,0.0015,-0.008,0.0,-0.007,0.0,0.0,10.308
550620702,3,0,-0.058,0.031,0.004,0.009000000000000001,0.0,-0.0181,0.008700000000000001,12.68,-0.051800000000000006,58364.0,0.0274,0.0,11130.0,57692.0,0.0189,0.0015,-0.008,0.0,-0.006,0.0,0.0,10.200000000000001
550625673,3,0,0.018000000000000002,0.039,0.027,0.009000000000000001,0.0,-0.0181,0.0119,12.72,-0.052000000000000005,58364.0,0.030600000000000002,0.0,16101.0,57916.0,0.0212,0.0015,-0.008,0.0,-0.006,0.0,0.0,10.200000000000001
550630364,3,0,-0.10200000000000001,0.012,0.019,0.01,0.0,-0.018500000000000003,0.0128,12.75,-0.0523,58592.0,0.0307,0.0,0.0,57916.0,0.0221,0.0014,-0.008,0.0,-0.006,0.0,0.0,10.200000000000001
550634674,3,0,-0.033,0.023,-0.005,0.01,0.0,-0.016900000000000002,0.0068000000000000005,12.780000000000001,-0.0524,58708.0,0.023,0.0,4310.0,58140.0,0.016800000000000002,0.0014,-0.008,0.0,-0.007,0.0,0.0,10.200000000000001
550636824,3,0,-0.105,0.015,-0.009000000000000001,0.011,0.0,-0.0183,0.005200000000000001,12.8,-0.0526,58824.0,0.023100000000000002,0.0,6460.0,58140.0,0.0166,0.0014,-0.008,0.0,-0.006,0.0,0.0,10.200000000000001
550641549,3,0,-0.001,0.028,-0.015,0.011,0.0,-0.019100000000000002,0.0061,12.85,-0.053000000000000005,58708.0,0.0247,0.0,11185.0,58364.0,0.0178,0.0014,-0.0081,0.0,-0.009000000000000001,0.0,0.0,10.200000000000001
550646415,3,0,0.033,0.027,-0.007,0.012,0.0,-0.0187,0.0039000000000000003,12.88,-0.053200000000000004,58708.0,0.0217,0.0,16051.0,58592.0,0.0159,0.0014,-0.0081,0.0,-0.01,0.0,0.0,10.173
550648673,3,0,0.02,0.028,-0.006,0.012,0.0,-0.018500000000000003,0.0061,12.9,-0.053200000000000004,58824.0,0.024800000000000003,0.0,0.0,58592.0,0.017400000000000002,0.0013000000000000002,-0.0081,0.0,-0.009000000000000001,0.0,0.0,10.173
550653416,3,0,0.028,0.035,-0.018000000000000002,0.012,0.0,-0.0198,0.0077,12.94,-0.0531,59172.0,0.028,0.0,4743.0,58592.0,0.0195,0.0013000000000000002,-0.0081,0.0,-0.008,0.0,0.0,10.173
550658383,3,0,-0.054,0.022,-0.012,0.011,0.0,-0.0177,0.013300000000000001,12.98,-0.0531,59640.0,0.0296,0.0,9710.0,58824.0,0.0219,0.0012000000000000001,-0.0081,0.0,-0.003,0.0,0.0,10.173
550662469,3,0,-0.022,0.034,0.016,0.011,0.0,-0.019100000000000002,0.011300000000000001,13.01,-0.053000000000000005,59404.0,0.0297,0.0,13796.0,58708.0,0.021500000000000002,0.0012000000000000001,-0.0081,0.0,-0.002,0.0,0.0,10.173
550664673,3,0,-0.108,0.016,0.019,0.012,0.0,-0.0182,0.014100000000000001,13.030000000000001,-0.0531,59524.0,0.0329,0.0,16000.0,59172.0,0.0228,0.0012000000000000001,-0.0081,0.0,-0.001,0.0,0.0,10.115
550668673,3,0,0.042,0.046,0.006,0.012,0.0,-0.0193,0.0067,13.06,-0.0533,59760.0,0.0251,0.0,0.0,58940.0,0.0184,0.0012000000000000001,-0.0082,0.0,-0.002,0.0,0.0,10.115
550672683,3,0,-0.057,0.021,0.035,0.012,0.0,-0.0195,0.0011,13.09,-0.053500000000000006,59880.0,0.0205,0.0,4010.0,59172.0,0.0145,0.0012000000000000001,-0.0082,0.0,-0.001,0.0,0.0,10.115
550677468,3,0,0.008,0.025,0.035,0.013000000000000001,0.0,-0.0183,-0.0012000000000000001,13.15,-0.053700000000000005,59880.0,0.017400000000000002,0.0,8795.0,59288.0,0.0122,0.0012000000000000001,-0.0083,0.0,-0.003,0.0,0.0,10.115
550682446,3,0,0.063,0.047,0.014,0.013000000000000001,0.0,-0.0194,0.0036000000000000003,13.19,-0.0538,60000.0,0.0222,0.0,13773.0,59404.0,0.016300000000000002,0.0012000000000000001,-0.0083,0.0,-0.004,0.0,0.0,10.115
550684673,3,0,0.005,0.027,0.025,0.013000000000000001,0.0,-0.0195,0.0031000000000000003,13.21,-0.0538,60120.0,0.0222,0.0,16000.0,59404.0,0.0159,0.0012000000000000001,-0.0083,0.0,-0.003,0.0,0.0,10.131
550689408,3,0,0.03,0.051000000000000004,0.01,0.013000000000000001,0.0,-0.019700000000000002,0.007,13.27,-0.0538,60240.0,0.027100000000000003,0.0,0.0,59760.0,0.0189,0.0011,-0.0083,0.0,-0.001,0.0,0.0,10.131
550693672,3,0,-0.046,-0.003,0.018000000000000002,0.013000000000000001,0.0,-0.0189,0.0063,13.27,-0.0539,60360.0,0.025500000000000002,0.0,4264.0,59524.0,0.0178,0.0011,-0.0083,0.0,0.0,0.0,0.0,10.131
550698414,3,0,-0.047,0.039,-0.007,0.013000000000000001,0.0,-0.019700000000000002,0.009300000000000001,13.27,-0.054,60484.0,0.0303,0.0,9006.0,59760.0,0.0205,0.0012000000000000001,-0.0083,0.0,0.003,0.0,0.0,10.131
550702501,3,0,-0.013000000000000001,0.026000000000000002,-0.004,0.014,0.0,-0.0207,0.0067,13.27,-0.054200000000000005,60608.0,0.027100000000000003,0.0,13093.0,60120.0,0.0194,0.0012000000000000001,-0.0083,0.0,0.002,0.0,0.0,10.131
550704682,3,0,0.001,0.045,-0.014,0.014,0.0,-0.020300000000000002,0.0056,13.27,-0.054200000000000005,60608.0,0.027100000000000003,0.0,15274.0,59880.0,0.0183,0.0012000000000000001,-0.0083,0.0,0.002,0.0,0.0,10.122
550709654,3,0,0.007,0.027,-0.009000000000000001,0.015,0.0,-0.020900000000000002,0.0033,13.27,-0.0546,60728.0,0.0239,0.0,0.0,60240.0,0.0172,0.0012000000000000001,-0.008400000000000001,0.0,0.001,0.0,0.0,10.122
550714677,3,0,-0.008,-0.001,-0.016,0.015,0.0,-0.0193,0.00030000000000000003,13.27,-0.054900000000000004,61100.0,0.019100000000000002,0.0,5023.0,60360.0,0.013900000000000001,0.0012000000000000001,-0.008400000000000001,0.0,0.0,0.0,0.0,10.122
550717534,3,0,0.033,0.045,-0.018000000000000002,0.015,0.0,-0.0204,0.0022,13.27,-0.054900000000000004,61100.0,0.0223,0.0,7880.0,60240.0,0.016,0.0012000000000000001,-0.0083,0.0,0.0,0.0,0.0,10.122
550721635,3,0,-0.001,-0.009000000000000001,-0.014,0.015,0.0,-0.0193,0.0053,13.27,-0.055,61100.0,0.0239,0.0,11981.0,60360.0,0.017400000000000002,0.0012000000000000001,-0.0083,0.0,0.0,0.0,0.0,10.122
550725673,3,0,-0.018000000000000002,0.037,-0.002,0.015,0.0,-0.018600000000000002,0.0095,13.280000000000001,-0.0548,61348.0,0.0287,0.0,16019.0,60608.0,0.0198,0.0012000000000000001,-0.0083,0.0,0.003,0.0,0.0,10.123
550730437,3,0,0.043000000000000003,0.023,0.001,0.015,0.0,-0.0211,0.0068000000000000005,13.280000000000001,-0.054700000000000006,61224.0,0.027100000000000003,0.0,0.0,60360.0,0.019700000000000002,0.0012000000000000001,-0.0083,0.0,0.004,0.0,0.0,10.123
550732523,3,0,-0.024,0.035,0.009000000000000001,0.015,0.0,-0.0198,0.007200000000000001,13.280000000000001,-0.054700000000000006,61224.0,0.0287,0.0,2086.0,60608.0,0.019100000000000002,0.0012000000000000001,-0.0083,0.0,0.005,0.0,0.0,10.123
550736682,3,0,-0.038,-0.014,0.016,0.015,0.0,-0.0188,0.0109,13.280000000000001,-0.0548,61476.0,0.0303,0.0,6245.0,60852.0,0.021,0.0012000000000000001,-0.0083,0.0,0.004,0.0,0.0,10.123
550741447,3,0,-0.047,-0.027,0.022,0.015,0.0,-0.016300000000000002,0.0039000000000000003,13.280000000000001,-0.054900000000000004,61600.0,0.019100000000000002,0.0,11010.0,60852.0,0.0143,0.0013000000000000002,-0.008400000000000001,0.0,0.004,0.0,0.0,10.123
550745451,3,0,0.031,0.021,0.011,0.015,0.0,-0.0177,0.0032,13.280000000000001,-0.055,61600.0,0.0207,0.0,15014.0,60728.0,0.0148,0.0013000000000000002,-0.008400000000000001,0.0,0.003,0.0,0.0,10.098
550749673,3,0,0.003,-0.021,0.026000000000000002,0.016,0.0,-0.0195,0.0012000000000000001,13.280000000000001,-0.0551,61600.0,0.0207,0.0,0.0,60608.0,0.0146,0.0013000000000000002,-0.008400000000000001,0.0,0.002,0.0,0.0,10.098
550752539,3,0,0.015,0.036000000000000004,0.009000000000000001,0.016,0.0,-0.0204,0.005200000000000001,13.280000000000001,-0.055200000000000006,61856.0,0.025500000000000002,0.0,2866.0,60976.0,0.018000000000000002,0.0013000000000000002,-0.008400000000000001,0.0,0.003,0.0,0.0,10.098
550756673,3,0,0.012,-0.03,0.017,0.016,0.0,-0.0175,0.0023,13.280000000000001,-0.0551,61476.0,0.019200000000000002,0.0,7000.0,60728.0,0.014,0.0013000000000000002,-0.008400000000000001,0.0,0.001,0.0,0.0,10.098
550760674,3,0,-0.012,0.023,0.015,0.016,0.0,-0.018500000000000003,0.0057,13.280000000000001,-0.055200000000000006,61728.0,0.025500000000000002,0.0,11001.0,60976.0,0.0171,0.0013000000000000002,-0.008400000000000001,0.0,0.003,0.0,0.0,10.098
550765466,3,0,-0.015,0.025,0.015,0.015,0.0,-0.016800000000000002,0.0071,13.290000000000001,-0.055,61856.0,0.025500000000000002,0.0,15793.0,61224.0,0.016900000000000002,0.0013000000000000002,-0.008400000000000001,0.0,0.005,0.0,0.0,10.149000000000001
550769677,3,0,-0.034,-0.044,0.019,0.016,0.0,-0.0159,0.009000000000000001,13.290000000000001,-0.0551,62112.0,0.025500000000000002,0.0,0.0,61224.0,0.0176,0.0014,-0.008400000000000001,0.0,0.005,0.0,0.0,10.149000000000001
550772553,3,0,-0.027,0.022,0.011,0.016,0.0,-0.015600000000000001,0.0071,13.290000000000001,-0.0551,61600.0,0.0239,0.0,2876.0,60852.0,0.0161,0.0014,-0.008400000000000001,0.0,0.006,0.0,0.0,10.149000000000001
550776673,3,0,-0.028,-0.042,0.023,0.016,0.0,-0.016900000000000002,0.006900000000000001,13.290000000000001,-0.0553,61856.0,0.0239,0.0,6996.0,61224.0,0.016800000000000002,0.0014,-0.008400000000000001,0.0,0.005,0.0,0.0,10.149000000000001
550780673,3,0,-0.024,0.024,0.01,0.016,0.0,-0.0167,0.004,13.290000000000001,-0.0555,61856.0,0.0224,0.0,10996.0,61348.0,0.0146,0.0014,-0.0085,0.0,0.005,0.0,0.0,10.149000000000001
550785816,3,0,0.004,0.007,0.01,0.017,0.0,-0.016300000000000002,0.0021000000000000003,13.290000000000001,-0.0555,61984.0,0.0176,0.0,16139.0,61224.0,0.013000000000000001,0.0014,-0.0085,0.0,0.003,0.0,0.0,10.149000000000001
550790673,3,0,0.032,-0.049,0.02,0.017,0.0,-0.015700000000000002,0.0028,13.290000000000001,-0.0555,62112.0,0.019200000000000002,0.0,0.0,61348.0,0.0131,0.0015,-0.0085,0.0,0.002,0.0,0.0,10.187
550793484,3,0,-0.01,0.02,0.005,0.016,0.0,-0.0149,0.0039000000000000003,13.290000000000001,-0.0555,62112.0,0.0176,0.0,2811.0,61476.0,0.013300000000000001,0.0015,-0.0085,0.0,0.004,0.0,0.0,10.187
550797594,3,0,0.025,-0.053,0.016,0.016,0.0,-0.0142,0.0073,13.290000000000001,-0.0553,62368.0,0.0224,0.0,6921.0,61224.0,0.0152,0.0015,-0.0085,0.0,0.001,0.0,0.0,10.187
550801774,3,0,-0.04,-0.003,0.02,0.016,0.0,-0.0154,0.0081,13.290000000000001,-0.0553,62368.0,0.024,0.0,11101.0,61856.0,0.0166,0.0015,-0.0085,0.0,0.003,0.0,0.0,10.187
550806535,3,0,0.01,0.017,0.013000000000000001,0.016,0.0,-0.0146,0.0053,13.290000000000001,-0.055200000000000006,61984.0,0.019200000000000002,0.0,15862.0,61348.0,0.014100000000000001,0.0015,-0.0085,0.0,0.003,0.0,0.0,10.187
550808673,3,0,-0.014,-0.009000000000000001,0.017,0.016,0.0,-0.014700000000000001,0.0026000000000000003,13.3,-0.055200000000000006,62240.0,0.0176,0.0,0.0,61348.0,0.0122,0.0015,-0.0085,0.0,0.003,0.0,0.0,10.177
550813537,3,0,0.017,0.028,0.017,0.016,0.0,-0.015300000000000001,0.003,13.3,-0.0553,62368.0,0.019200000000000002,0.0,4864.0,61476.0,0.0129,0.0015,-0.0085,0.0,0.003,0.0,0.0,10.177
550817587,3,0,0.026000000000000002,-0.045,0.023,0.016,0.0,-0.014100000000000001,0.0005,13.3,-0.0553,62368.0,0.014400000000000001,0.0,8914.0,61476.0,0.0103,0.0015,-0.0086,0.0,-0.001,0.0,0.0,10.177
550822590,3,0,0.019,-0.019,0.016,0.016,0.0,-0.014100000000000001,0.0009000000000000001,13.3,-0.055400000000000005,62500.0,0.016,0.0,13917.0,61224.0,0.0106,0.0015,-0.0086,0.0,-0.001,0.0,0.0,10.177
550824636,3,0,0.038,-0.04,0.021,0.016,0.0,-0.013600000000000001,-0.0002,13.3,-0.0553,62500.0,0.014400000000000001,0.0,15963.0,61600.0,0.0095,0.0015,-0.0086,0.0,-0.002,0.0,0.0,10.177
550828674,3,0,0.032,0.016,0.015,0.016,0.0,-0.0146,-0.0011,13.3,-0.055400000000000005,62500.0,0.0128,0.0,0.0,61728.0,0.0095,0.0015,-0.0086,0.0,-0.001,0.0,0.0,10.207
550832683,3,0,0.047,-0.031,0.012,0.016,0.0,-0.014,-0.0012000000000000001,13.3,-0.055200000000000006,62500.0,0.0128,0.0,4009.0,61600.0,0.009000000000000001,0.0015,-0.0086,0.0,-0.002,0.0,0.0,10.207
550838518,3,0,0.032,-0.028,0.027,0.015,0.0,-0.0132,0.0016,13.3,-0.055,62500.0,0.014400000000000001,0.0,9844.0,61728.0,0.010400000000000001,0.0015,-0.0086,0.0,-0.002,0.0,0.0,10.207
550840520,3,0,0.012,0.029,0.021,0.015,0.0,-0.0134,0.0002,13.3,-0.055,62500.0,0.014400000000000001,0.0,11846.0,61984.0,0.009600000000000001,0.0015,-0.0086,0.0,0.0,0.0,0.0,10.207
550844673,3,0,0.029,-0.045,0.028,0.015,0.0,-0.0137,0.0,13.3,-0.054900000000000004,62632.0,0.014400000000000001,0.0,15999.0,61600.0,0.0097,0.0015,-0.0086,0.0,-0.002,0.0,0.0,10.207
550849526,3,0,0.025,-0.015,0.031,0.015,0.0,-0.015300000000000001,-0.0022,13.31,-0.055,62368.0,0.014400000000000001,0.0,0.0,61728.0,0.0092,0.0015,-0.0086,0.0,-0.001,0.0,0.0,10.214
550853530,3,0,0.037,0.022,0.025,0.015,0.0,-0.0137,-0.0051,13.31,-0.054900000000000004,62632.0,0.009600000000000001,0.0,4004.0,61856.0,0.0061,0.0015,-0.0086,0.0,-0.001,0.0,0.0,10.214
550857686,3,0,0.057,-0.035,0.037,0.015,0.0,-0.0151,-0.0047,13.31,-0.054900000000000004,62500.0,0.0112,0.0,8160.0,61728.0,0.0073,0.0014,-0.0086,0.0,-0.005,0.0,0.0,10.214
550862583,3,0,0.043000000000000003,-0.002,0.03,0.015,0.0,-0.014,-0.0041,13.31,-0.0548,62632.0,0.009600000000000001,0.0,13057.0,61856.0,0.007,0.0014,-0.0086,0.0,-0.004,0.0,0.0,10.214
550864682,3,0,0.05,-0.031,0.037,0.015,0.0,-0.013800000000000002,-0.0033,13.31,-0.054700000000000006,62632.0,0.0112,0.0,15156.0,61728.0,0.0074,0.0014,-0.0086,0.0,-0.005,0.0,0.0,10.214
550869673,3,0,0.043000000000000003,-0.014,0.033,0.014,0.0,-0.014100000000000001,-0.0027,13.31,-0.0545,62632.0,0.0112,0.0,0.0,61856.0,0.0081,0.0014,-0.0086,0.0,-0.003,0.0,0.0,10.219
550872590,3,0,0.044,-0.009000000000000001,0.039,0.014,0.0,-0.0123,-0.0036000000000000003,13.31,-0.0543,62500.0,0.009600000000000001,0.0,2917.0,61984.0,0.0061,0.0014,-0.0086,0.0,-0.002,0.0,0.0,10.219
550877671,3,0,0.043000000000000003,-0.02,0.048,0.014,0.0,-0.018000000000000002,-0.0027,13.31,-0.0543,62632.0,0.014400000000000001,0.0,7998.0,61600.0,0.0108,0.0014,-0.0086,0.0,-0.004,0.0,0.0,10.219
550882597,3,0,0.032,-0.003,0.043000000000000003,0.014,0.0,-0.0114,-0.0036000000000000003,13.31,-0.054400000000000004,62632.0,0.008,0.0,12924.0,61856.0,0.0055000000000000005,0.0014,-0.0086,0.0,-0.004,0.0,0.0,10.219
550884673,3,0,0.045,-0.034,0.054,0.014,0.0,-0.0131,-0.0046,13.31,-0.0543,62760.0,0.008,0.0,15000.0,61856.0,0.006,0.0014,-0.0086,0.0,-0.005,0.0,0.0,10.219
550889559,3,0,0.036000000000000004,0.015,0.05,0.014,0.0,-0.0189,-0.0053,13.32,-0.054400000000000004,62632.0,0.014400000000000001,0.0,0.0,61600.0,0.009600000000000001,0.0014,-0.0086,0.0,-0.004,0.0,0.0,10.223
550893638,3,0,0.036000000000000004,0.021,0.044,0.014,0.0,-0.0135,-0.0068000000000000005,13.32,-0.054200000000000005,62632.0,0.008,0.0,4079.0,61728.0,0.0047,0.0014,-0.0086,0.0,-0.003,0.0,0.0,10.223
550897841,3,0,0.051000000000000004,-0.041,0.047,0.013000000000000001,0.0,-0.0128,-0.0071,13.32,-0.0541,62892.0,0.0048000000000000004,0.0,8282.0,61856.0,0.0041,0.0013000000000000002,-0.0086,0.0,-0.006,0.0,0.0,10.223
550900564,3,0,0.033,0.041,0.044,0.013000000000000001,0.0,-0.0162,-0.006500000000000001,13.32,-0.0541,62760.0,0.009600000000000001,0.0,11005.0,61984.0,0.006900000000000001,0.0013000000000000002,-0.0086,0.0,-0.004,0.0,0.0,10.223
550905607,3,0,0.039,-0.01,0.051000000000000004,0.013000000000000001,0.0,-0.0171,-0.0055000000000000005,13.32,-0.0539,62760.0,0.0112,0.0,16048.0,62112.0,0.0082,0.0013000000000000002,-0.0086,0.0,-0.004,0.0,0.0,10.223
550910583,3,0,0.016,-0.053,0.057,0.013000000000000001,0.0,-0.0108,-0.0018000000000000002,13.33,-0.0539,62760.0,0.009600000000000001,0.0,0.0,61728.0,0.0064,0.0013000000000000002,-0.0085,0.0,-0.004,0.0,0.0,10.257
550912702,3,0,0.015,-0.035,0.058,0.013000000000000001,0.0,-0.0106,-0.0026000000000000003,13.33,-0.0538,62892.0,0.008,0.0,2119.0,61984.0,0.0057,0.0013000000000000002,-0.0085,0.0,-0.003,0.0,0.0,10.257
550917664,3,0,0.007,-0.059000000000000004,0.07,0.013000000000000001,0.0,-0.0135,-0.0032,13.33,-0.0538,62760.0,0.0112,0.0,7081.0,61856.0,0.0073,0.0012000000000000001,-0.0086,0.0,-0.005,0.0,0.0,10.257
550922740,3,0,0.008,0.012,0.056,0.013000000000000001,0.0,-0.018600000000000002,-0.0064,13.33,-0.0539,62892.0,0.0128,0.0,12157.0,61984.0,0.0086,0.0012000000000000001,-0.0086,0.0,-0.004,0.0,0.0,10.257
550925697,3,0,0.017,-0.031,0.062,0.013000000000000001,0.0,-0.016800000000000002,-0.0058000000000000005,13.33,-0.0539,62892.0,0.0112,0.0,15114.0,61856.0,0.0078000000000000005,0.0012000000000000001,-0.0086,0.0,-0.005,0.0,0.0,10.257
550929860,3,0,0.011,-0.008,0.065,0.013000000000000001,0.0,-0.014100000000000001,-0.0048000000000000004,13.33,-0.0539,62892.0,0.009600000000000001,0.0,0.0,61856.0,0.0066,0.0012000000000000001,-0.0085,0.0,-0.005,0.0,0.0,10.257
550932674,3,0,-0.002,-0.035,0.067,0.013000000000000001,0.0,-0.0125,-0.002,13.33,-0.0539,62760.0,0.0112,0.0,2814.0,62112.0,0.007500000000000001,0.0012000000000000001,-0.0085,0.0,-0.005,0.0,0.0,10.267
550937870,3,0,0.012,-0.066,0.067,0.013000000000000001,0.0,-0.0109,-0.0032,13.33,-0.0539,62760.0,0.008,0.0,8010.0,61984.0,0.0054,0.0011,-0.0085,0.0,-0.008,0.0,0.0,10.267
550940634,3,0,-0.008,-0.002,0.073,0.013000000000000001,0.0,-0.0117,-0.0027,13.33,-0.0539,62892.0,0.008,0.0,10774.0,61984.0,0.0064,0.0011,-0.0085,0.0,-0.006,0.0,0.0,10.267
550945638,3,0,-0.004,-0.054,0.083,0.013000000000000001,0.0,-0.0126,-0.0019,13.33,-0.0539,63024.0,0.0112,0.0,15778.0,61984.0,0.007500000000000001,0.0011,-0.0085,0.0,-0.008,0.0,0.0,10.267
550950601,3,0,0.031,-0.045,0.08700000000000001,0.013000000000000001,0.0,-0.0149,-0.0051,13.33,-0.054,62892.0,0.009600000000000001,0.0,0.0,61856.0,0.006900000000000001,0.001,-0.0085,0.0,-0.009000000000000001,0.0,0.0,10.267
550952653,3,0,0.056,-0.028,0.089,0.013000000000000001,0.0,-0.015600000000000001,-0.0112,13.34,-0.0538,62760.0,0.0048000000000000004,0.0,2052.0,61728.0,0.0031000000000000003,0.001,-0.0085,0.0,-0.009000000000000001,0.0,0.0,10.163
550957730,3,0,0.053,-0.032,0.093,0.012,0.0,-0.0167,-0.0092,13.34,-0.053500000000000006,62892.0,0.008,0.0,7129.0,61728.0,0.0053,0.0009000000000000001,-0.0085,0.0,-0.009000000000000001,0.0,0.0,10.163
550960721,3,0,0.042,-0.003,0.08600000000000001,0.012,0.0,-0.016300000000000002,-0.0059,13.34,-0.0534,62500.0,0.009600000000000001,0.0,10120.0,61856.0,0.0073,0.0009000000000000001,-0.0085,0.0,-0.007,0.0,0.0,10.163
550965669,3,0,0.069,-0.028,0.093,0.011,0.0,-0.014700000000000001,-0.0118,13.34,-0.0531,62892.0,0.0016,0.0,15068.0,61984.0,0.002,0.0009000000000000001,-0.0085,0.0,-0.008,0.0,0.0,10.163
550970656,3,0,0.114,-0.037,0.094,0.011,0.0,-0.012700000000000001,-0.014400000000000001,13.34,-0.0529,63292.0,-0.0016,0.0,0.0,61856.0,-0.0012000000000000001,0.0009000000000000001,-0.0085,0.0,-0.01,0.0,0.0,10.163
550972706,3,0,0.073,-0.039,0.093,0.01,0.0,-0.0123,-0.0129,13.34,-0.052700000000000004,62892.0,0.0,0.0,2050.0,61856.0,-0.0004,0.0009000000000000001,-0.0085,0.0,-0.009000000000000001,0.0,0.0,10.163
550977745,3,0,0.062,-0.062,0.083,0.01,0.0,-0.0114,-0.0053,13.34,-0.0524,62892.0,0.0064,0.0,7089.0,61984.0,0.0043,0.0008,-0.0085,0.0,-0.011,0.0,0.0,10.163
550980664,3,0,0.034,-0.01,0.074,0.01,0.0,-0.0123,-0.009000000000000001,13.34,-0.0523,62760.0,0.0032,0.0,10008.0,61984.0,0.0023,0.0008,-0.0085,0.0,-0.009000000000000001,0.0,0.0,10.163
550985853,3,0,0.04,-0.055,0.07100000000000001,0.009000000000000001,0.0,-0.014,-0.010400000000000001,13.34,-0.0521,62760.0,0.0032,0.0,15197.0,61984.0,0.0025,0.0008,-0.0085,0.0,-0.011,0.0,0.0,10.163
550990673,3,0,-0.049,-0.047,0.062,0.01,0.0,-0.0142,0.0054,13.34,-0.0523,62760.0,0.019200000000000002,0.0,0.0,62112.0,0.013800000000000002,0.0006000000000000001,-0.0085,0.0,-0.011,0.0,0.0,10.163
550992720,3,0,-0.054,-0.059000000000000004,0.065,0.01,0.0,-0.013800000000000002,0.0031000000000000003,13.35,-0.0523,62892.0,0.0176,0.0,2047.0,61728.0,0.012,0.0006000000000000001,-0.0085,0.0,-0.012,0.0,0.0,10.154
550997760,3,0,0.012,-0.027,0.076,0.01,0.0,-0.0171,-0.014700000000000001,13.35,-0.0524,62760.0,0.0032,0.0,7087.0,61984.0,0.0017000000000000001,0.0005,-0.008400000000000001,0.0,-0.014,0.0,0.0,10.154
551000679,3,0,-0.076,0.01,0.066,0.01,0.0,-0.0151,0.0017000000000000001,13.35,-0.0524,62892.0,0.0176,0.0,10006.0,61856.0,0.0118,0.0005,-0.008400000000000001,0.0,-0.012,0.0,0.0,10.154
551005683,3,0,-0.077,-0.029,0.082,0.01,0.0,-0.013600000000000001,0.0071,13.35,-0.0526,62632.0,0.022500000000000003,0.0,15010.0,61856.0,0.0146,0.0005,-0.008400000000000001,0.0,-0.012,0.0,0.0,10.154
551010693,3,0,-0.021,-0.028,0.091,0.011,0.0,-0.0102,0.0023,13.35,-0.0529,63024.0,0.0112,0.0,0.0,62112.0,0.0088,0.0004,-0.008400000000000001,0.0,-0.011,0.0,0.0,10.154
551012737,3,0,-0.031,-0.04,0.097,0.011,0.0,-0.01,0.00030000000000000003,13.35,-0.0529,62892.0,0.009600000000000001,0.0,2044.0,61856.0,0.0073,0.0004,-0.008400000000000001,0.0,-0.011,0.0,0.0,10.189
551017738,3,0,-0.066,-0.032,0.1,0.011,0.0,-0.011600000000000001,0.0137,13.35,-0.0531,62760.0,0.0257,0.0,7045.0,62112.0,0.018000000000000002,0.00030000000000000003,-0.0085,0.0,-0.009000000000000001,0.0,0.0,10.189
551020694,3,0,-0.038,-0.008,0.106,0.011,0.0,-0.012,0.006200000000000001,13.35,-0.0531,63024.0,0.0193,0.0,10001.0,61856.0,0.0129,0.00030000000000000003,-0.0085,0.0,-0.008,0.0,0.0,10.189
551025859,3,0,0.02,-0.042,0.099,0.011,0.0,-0.012100000000000001,-0.0015,13.35,-0.053000000000000005,62760.0,0.0112,0.0,15166.0,61984.0,0.007500000000000001,0.00030000000000000003,-0.0085,0.0,-0.01,0.0,0.0,10.189
551028661,3,0,0.067,0.011,0.093,0.011,0.0,-0.0128,-0.007200000000000001,13.35,-0.052700000000000004,62760.0,0.0048000000000000004,0.0,0.0,61856.0,0.004,0.0002,-0.0085,0.0,-0.01,0.0,0.0,10.189
551032751,3,0,-0.031,-0.032,0.101,0.01,0.0,-0.0132,0.0102,13.36,-0.052500000000000005,62892.0,0.022500000000000003,0.0,4090.0,61856.0,0.0165,0.0002,-0.0085,0.0,-0.007,0.0,0.0,10.218
551037919,3,0,0.107,-0.018000000000000002,0.089,0.01,0.0,-0.013800000000000002,-0.0055000000000000005,13.36,-0.0523,62760.0,0.009600000000000001,0.0,9258.0,62112.0,0.0059,0.0001,-0.0085,0.0,-0.01,0.0,0.0,10.218
551040708,3,0,0.045,-0.004,0.075,0.009000000000000001,0.0,-0.0131,-0.0098,13.36,-0.0522,62760.0,0.0032,0.0,12047.0,62112.0,0.0023,0.0001,-0.0085,0.0,-0.009000000000000001,0.0,0.0,10.218
551045739,3,0,0.039,-0.013000000000000001,0.089,0.009000000000000001,0.0,-0.0149,0.0001,13.36,-0.0521,62760.0,0.014400000000000001,0.0,17078.0,61856.0,0.0106,0.0001,-0.0085,0.0,-0.01,0.0,0.0,10.218
551050717,3,0,0.07,0.016,0.077,0.009000000000000001,0.0,-0.0172,-0.0021000000000000003,13.36,-0.0522,62892.0,0.0161,0.0,0.0,62112.0,0.010700000000000001,0.0,-0.0086,0.0,-0.011,0.0,0.0,10.218
551052766,3,0,0.064,0.004,0.081,0.009000000000000001,0.0,-0.0162,-0.010400000000000001,13.370000000000001,-0.0522,62892.0,0.0048000000000000004,0.0,2049.0,62112.0,0.0041,0.0,-0.0086,0.0,-0.012,0.0,0.0,10.191
551057914,3,0,0.054,0.022,0.08600000000000001,0.009000000000000001,0.0,-0.017,-0.0083,13.370000000000001,-0.0523,63024.0,0.009600000000000001,0.0,7197.0,61728.0,0.0061,-0.0001,-0.0086,0.0,-0.012,0.0,0.0,10.191
551060697,3,0,0.015,0.022,0.093,0.01,0.0,-0.0159,-0.0059,13.370000000000001,-0.0523,63024.0,0.009600000000000001,0.0,9980.0,61728.0,0.0071,-0.0001,-0.0086,0.0,-0.011,0.0,0.0,10.191
551065728,3,0,-0.002,0.01,0.10400000000000001,0.01,0.0,-0.017,-0.0039000000000000003,13.370000000000001,-0.052500000000000005,62632.0,0.0145,0.0,15011.0,61856.0,0.0092,-0.0001,-0.0086,0.0,-0.012,0.0,0.0,10.191
551070730,3,0,0.016,0.027,0.113,0.01,0.0,-0.0171,-0.009300000000000001,13.370000000000001,-0.052700000000000004,62892.0,0.008,0.0,0.0,61856.0,0.0055000000000000005,-0.0002,-0.0086,0.0,-0.013000000000000001,0.0,0.0,10.191
551072780,3,0,-0.041,0.008,0.123,0.011,0.0,-0.0177,-0.0025,13.370000000000001,-0.0528,62892.0,0.0145,0.0,2050.0,62112.0,0.010700000000000001,-0.0002,-0.0086,0.0,-0.012,0.0,0.0,10.201
551077821,3,0,-0.016,0.029,0.13,0.011,0.0,-0.019700000000000002,-0.001,13.370000000000001,-0.053000000000000005,62892.0,0.0193,0.0,7091.0,61856.0,0.013300000000000001,-0.00030000000000000003,-0.0086,0.0,-0.011,0.0,0.0,10.201
551080739,3,0,-0.064,0.022,0.133,0.011,0.0,-0.020200000000000003,0.0021000000000000003,13.370000000000001,-0.053200000000000004,63024.0,0.022500000000000003,0.0,10009.0,62112.0,0.0158,-0.00030000000000000003,-0.0086,0.0,-0.01,0.0,0.0,10.201
551085853,3,0,-0.034,0.005,0.151,0.012,0.0,-0.018500000000000003,-0.0001,13.370000000000001,-0.053500000000000006,63024.0,0.0193,0.0,15123.0,61856.0,0.0131,-0.00030000000000000003,-0.0086,0.0,-0.012,0.0,0.0,10.201
551089947,3,0,-0.028,0.023,0.157,0.012,0.0,-0.019100000000000002,0.0017000000000000001,13.370000000000001,-0.0536,62892.0,0.020900000000000002,0.0,0.0,61984.0,0.014700000000000001,-0.0004,-0.0086,0.0,-0.01,0.0,0.0,10.201
551092797,3,0,-0.024,0.003,0.164,0.013000000000000001,0.0,-0.0196,0.0013000000000000002,13.38,-0.053700000000000005,63024.0,0.020900000000000002,0.0,2850.0,61856.0,0.0148,-0.0004,-0.0086,0.0,-0.011,0.0,0.0,10.167
551097835,3,0,-0.003,0.023,0.17,0.013000000000000001,0.0,-0.02,0.005200000000000001,13.38,-0.0538,62892.0,0.0257,0.0,7888.0,61856.0,0.0178,-0.0005,-0.0085,0.0,-0.01,0.0,0.0,10.167
551100754,3,0,-0.011,0.003,0.17300000000000001,0.013000000000000001,0.0,-0.0198,0.0017000000000000001,13.38,-0.0538,62760.0,0.022500000000000003,0.0,10807.0,61984.0,0.0152,-0.0005,-0.0085,0.0,-0.009000000000000001,0.0,0.0,10.167
551105757,3,0,-0.003,0.017,0.181,0.013000000000000001,0.0,-0.0213,0.0029000000000000002,13.38,-0.0538,62892.0,0.0257,0.0,15810.0,61856.0,0.0171,-0.0005,-0.0085,0.0,-0.007,0.0,0.0,10.167
551110816,3,0,0.06,0.04,0.17200000000000001,0.012,0.0,-0.0212,-0.006900000000000001,13.38,-0.053500000000000006,62892.0,0.0161,0.0,0.0,61856.0,0.010100000000000001,-0.0006000000000000001,-0.0085,0.0,-0.006,0.0,0.0,10.167
551113765,3,0,-0.014,0.0,0.176,0.012,0.0,-0.020200000000000003,0.0028,13.38,-0.053500000000000006,62892.0,0.0241,0.0,2949.0,61856.0,0.016300000000000002,-0.0006000000000000001,-0.0085,0.0,-0.006,0.0,0.0,10.139
551116791,3,0,0.091,0.031,0.17200000000000001,0.012,0.0,-0.019700000000000002,-0.003,13.38,-0.0534,62892.0,0.0177,0.0,5975.0,61856.0,0.0118,-0.0007,-0.0085,0.0,-0.008,0.0,0.0,10.139
551121908,3,0,0.047,0.004,0.161,0.012,0.0,-0.021,-0.006900000000000001,13.38,-0.0534,62892.0,0.0145,0.0,11092.0,61984.0,0.01,-0.0007,-0.0085,0.0,-0.008,0.0,0.0,10.139
551124733,3,0,0.098,0.04,0.153,0.012,0.0,-0.0223,-0.0091,13.38,-0.0533,62892.0,0.0129,0.0,13917.0,61984.0,0.009300000000000001,-0.0007,-0.0085,0.0,-0.008,0.0,0.0,10.139
551129776,3,0,0.028,0.034,0.14300000000000002,0.012,0.0,-0.024200000000000003,-0.0008,13.38,-0.0533,62892.0,0.022500000000000003,0.0,0.0,61728.0,0.0165,-0.0008,-0.0085,0.0,-0.007,0.0,0.0,10.139
551133779,3,0,0.044,0.006,0.137,0.012,0.0,-0.0223,-0.0122,13.39,-0.0533,62760.0,0.009600000000000001,0.0,4003.0,62112.0,0.0071,-0.0008,-0.0085,0.0,-0.009000000000000001,0.0,0.0,10.171
551137956,3,0,0.033,0.05,0.11900000000000001,0.012,0.0,-0.024200000000000003,-0.011000000000000001,13.39,-0.0534,62892.0,0.0129,0.0,8180.0,61600.0,0.009300000000000001,-0.0009000000000000001,-0.008400000000000001,0.0,-0.009000000000000001,0.0,0.0,10.171
551140783,3,0,-0.02,-0.006,0.111,0.012,0.0,-0.0227,-0.0025,13.39,-0.053500000000000006,63024.0,0.0193,0.0,11007.0,62112.0,0.0143,-0.0009000000000000001,-0.008400000000000001,0.0,-0.009000000000000001,0.0,0.0,10.171
551145788,3,0,-0.11900000000000001,0.022,0.121,0.013000000000000001,0.0,-0.0216,0.008700000000000001,13.39,-0.0539,63156.0,0.0322,0.0,16012.0,62112.0,0.021400000000000002,-0.0009000000000000001,-0.008400000000000001,0.0,-0.008,0.0,0.0,10.171
551150790,3,0,0.025,0.036000000000000004,0.116,0.013000000000000001,0.0,-0.0245,-0.016,13.39,-0.054,62892.0,0.009600000000000001,0.0,0.0,61856.0,0.006,-0.001,-0.008400000000000001,0.0,-0.01,0.0,0.0,10.171
551153815,3,0,-0.085,0.027,0.125,0.014,0.0,-0.0253,-0.0074,13.39,-0.054200000000000005,62760.0,0.0177,0.0,3025.0,61856.0,0.0126,-0.001,-0.008400000000000001,0.0,-0.01,0.0,0.0,10.171
551156820,3,0,-0.105,0.028,0.132,0.015,0.0,-0.0258,0.0206,13.39,-0.054700000000000006,63156.0,0.046700000000000005,0.0,6030.0,62112.0,0.0328,-0.001,-0.0083,0.0,-0.008,0.0,0.0,10.219
551161808,3,0,-0.093,-0.003,0.168,0.016,0.0,-0.0257,0.003,13.39,-0.0553,62892.0,0.029,0.0,11018.0,61984.0,0.020300000000000002,-0.001,-0.0083,0.0,-0.01,0.0,0.0,10.219
551164802,3,0,-0.031,0.036000000000000004,0.159,0.016,0.0,-0.023,-0.0001,13.39,-0.0555,62760.0,0.0241,0.0,14012.0,61856.0,0.0162,-0.001,-0.0083,0.0,-0.011,0.0,0.0,10.219
551169806,3,0,-0.088,0.028,0.187,0.017,0.0,-0.0275,0.007500000000000001,13.39,-0.055600000000000004,63024.0,0.037000000000000005,0.0,0.0,61856.0,0.024800000000000003,-0.0011,-0.0083,0.0,-0.006,0.0,0.0,10.219
551172683,3,0,-0.106,0.056,0.189,0.017,0.0,-0.027200000000000002,0.015700000000000002,13.39,-0.0558,62892.0,0.0434,0.0,2877.0,61984.0,0.0303,-0.0011,-0.0083,0.0,-0.004,0.0,0.0,10.219
551176815,3,0,0.001,0.036000000000000004,0.184,0.017,0.0,-0.0258,-0.0032,13.4,-0.0558,62760.0,0.022500000000000003,0.0,7009.0,61984.0,0.016,-0.0011,-0.0083,0.0,-0.005,0.0,0.0,10.232000000000001
551181813,3,0,-0.003,0.004,0.181,0.017,0.0,-0.026500000000000003,0.0038,13.4,-0.055900000000000005,62892.0,0.030600000000000002,0.0,12007.0,61600.0,0.021500000000000002,-0.0012000000000000001,-0.0082,0.0,-0.004,0.0,0.0,10.232000000000001
551184683,3,0,-0.004,0.036000000000000004,0.183,0.017,0.0,-0.024900000000000002,0.0044,13.4,-0.0558,62632.0,0.030600000000000002,0.0,14877.0,61984.0,0.0207,-0.0012000000000000001,-0.0082,0.0,-0.002,0.0,0.0,10.232000000000001
551189854,3,0,-0.006,0.038,0.165,0.018000000000000002,0.0,-0.0292,0.009000000000000001,13.4,-0.0562,62892.0,0.0402,0.0,0.0,61600.0,0.027,-0.0012000000000000001,-0.0083,0.0,-0.001,0.0,0.0,10.232000000000001
551192644,3,0,0.033,0.061,0.157,0.018000000000000002,0.0,-0.0285,-0.0017000000000000001,13.4,-0.0563,62760.0,0.0274,0.0,2790.0,61984.0,0.019,-0.0012000000000000001,-0.0083,0.0,-0.001,0.0,0.0,10.232000000000001
551196959,3,0,0.001,0.037,0.149,0.018000000000000002,0.0,-0.025900000000000003,0.0018000000000000002,13.4,-0.056400000000000006,62892.0,0.029,0.0,7105.0,61728.0,0.0196,-0.0012000000000000001,-0.0083,0.0,-0.006,0.0,0.0,10.178
551201870,3,0,0.004,0.001,0.149,0.019,0.0,-0.027100000000000003,-0.003,13.4,-0.0567,62760.0,0.024200000000000003,0.0,12016.0,61984.0,0.017,-0.0012000000000000001,-0.0083,0.0,-0.008,0.0,0.0,10.178
551205907,3,0,0.021,0.055,0.14100000000000001,0.019,0.0,-0.0258,-0.0049,13.4,-0.056900000000000006,62892.0,0.020900000000000002,0.0,16053.0,61856.0,0.0148,-0.0012000000000000001,-0.0083,0.0,-0.008,0.0,0.0,10.178
551210686,3,0,0.007,0.01,0.16,0.019,0.0,-0.025400000000000002,-0.0026000000000000003,13.4,-0.056900000000000006,62760.0,0.022500000000000003,0.0,0.0,61728.0,0.0161,-0.0013000000000000002,-0.0082,0.0,-0.011,0.0,0.0,10.178
551212919,3,0,-0.03,0.035,0.155,0.019,0.0,-0.0241,0.0024000000000000002,13.4,-0.057,62760.0,0.0274,0.0,2233.0,61984.0,0.0187,-0.0013000000000000002,-0.0082,0.0,-0.009000000000000001,0.0,0.0,10.178
551218681,3,0,-0.002,0.009000000000000001,0.163,0.019,0.0,-0.0244,-0.0015,13.41,-0.057,62760.0,0.024200000000000003,0.0,7995.0,61856.0,0.0161,-0.0015,-0.0082,0.0,-0.013000000000000001,0.0,0.0,10.234
551220682,3,0,-0.01,0.024,0.176,0.02,0.0,-0.024900000000000002,-0.0044,13.41,-0.057100000000000005,62892.0,0.020900000000000002,0.0,9996.0,62112.0,0.0145,-0.0015,-0.0082,0.0,-0.012,0.0,0.0,10.234
551224846,3,0,-0.023,0.049,0.194,0.02,0.0,-0.0258,-0.0009000000000000001,13.41,-0.0572,62760.0,0.024200000000000003,0.0,14160.0,61984.0,0.0176,-0.0015,-0.0082,0.0,-0.011,0.0,0.0,10.234
551229682,3,0,-0.014,-0.026000000000000002,0.2,0.02,0.0,-0.0256,0.0011,13.41,-0.057300000000000004,62760.0,0.0274,0.0,0.0,62112.0,0.0189,-0.0016,-0.0081,0.0,-0.015,0.0,0.0,10.234
551234705,3,0,-0.024,0.012,0.217,0.021,0.0,-0.0262,0.0028,13.41,-0.0577,62892.0,0.030600000000000002,0.0,5023.0,61600.0,0.0205,-0.0016,-0.0081,0.0,-0.015,0.0,0.0,10.234
551236788,3,0,-0.009000000000000001,-0.014,0.223,0.021,0.0,-0.0267,0.0025,13.41,-0.0577,63024.0,0.030600000000000002,0.0,7106.0,61984.0,0.0206,-0.0016,-0.0081,0.0,-0.016,0.0,0.0,10.234
551240869,3,0,-0.023,-0.013000000000000001,0.233,0.021,0.0,-0.0229,0.0048000000000000004,13.41,-0.0579,62892.0,0.029,0.0,11187.0,61856.0,0.0196,-0.0018000000000000002,-0.0081,0.0,-0.018000000000000002,0.0,0.0,10.217
551245682,3,0,-0.027,0.076,0.218,0.021,0.0,-0.028900000000000002,0.0056,13.41,-0.058,62892.0,0.035500000000000004,0.0,16000.0,61984.0,0.0244,-0.0018000000000000002,-0.0081,0.0,-0.016,0.0,0.0,10.217
551250813,3,0,-0.012,0.023,0.227,0.022,0.0,-0.029500000000000002,0.0079,13.41,-0.0582,63156.0,0.038700000000000005,0.0,0.0,61728.0,0.026500000000000003,-0.0019,-0.008,0.0,-0.018000000000000002,0.0,0.0,10.217
551252950,3,0,-0.038,0.08600000000000001,0.216,0.022,0.0,-0.029300000000000003,0.0085,13.41,-0.0585,63024.0,0.038700000000000005,0.0,2137.0,61984.0,0.0267,-0.0019,-0.008,0.0,-0.017,0.0,0.0,10.217
551257715,3,0,-0.039,0.035,0.227,0.023,0.0,-0.028800000000000003,0.012400000000000001,13.41,-0.0587,62760.0,0.0419,0.0,6902.0,61728.0,0.0292,-0.0021000000000000003,-0.0079,0.0,-0.017,0.0,0.0,10.217
551261982,3,0,-0.033,-0.01,0.226,0.024,0.0,-0.0263,0.0126,13.42,-0.0591,62632.0,0.0403,0.0,11169.0,61728.0,0.0275,-0.0021000000000000003,-0.0079,0.0,-0.018000000000000002,0.0,0.0,10.163
551264681,3,0,-0.038,0.032,0.223,0.024,0.0,-0.027,0.011000000000000001,13.42,-0.0592,62760.0,0.038700000000000005,0.0,13868.0,61856.0,0.0268,-0.0021000000000000003,-0.0079,0.0,-0.017,0.0,0.0,10.163
551269682,3,0,0.013000000000000001,-0.021,0.214,0.024,0.0,-0.0279,0.0057,13.42,-0.059300000000000005,62760.0,0.035500000000000004,0.0,0.0,61856.0,0.0238,-0.0023,-0.0078000000000000005,0.0,-0.019,0.0,0.0,10.163
551273878,3,0,-0.026000000000000002,0.008,0.203,0.024,0.0,-0.027100000000000003,0.0059,13.42,-0.0594,63156.0,0.0339,0.0,4196.0,62112.0,0.0233,-0.0023,-0.0078000000000000005,0.0,-0.017,0.0,0.0,10.163
551277996,3,0,0.027,0.035,0.19,0.024,0.0,-0.0281,0.006,13.42,-0.0591,62760.0,0.035500000000000004,0.0,8314.0,61856.0,0.0241,-0.0025,-0.0077,0.0,-0.02,0.0,0.0,10.163
551280681,3,0,0.005,0.041,0.183,0.024,0.0,-0.029900000000000003,0.0033,13.42,-0.0591,62760.0,0.0339,0.0,10999.0,61984.0,0.0235,-0.0025,-0.0077,0.0,-0.019,0.0,0.0,10.163
551285682,3,0,0.011,0.001,0.166,0.023,0.0,-0.0238,0.0091,13.42,-0.0589,62760.0,0.0339,0.0,16000.0,61984.0,0.0233,-0.0025,-0.0077,0.0,-0.018000000000000002,0.0,0.0,10.147
551289904,3,0,0.038,-0.009000000000000001,0.161,0.023,0.0,-0.031,0.0026000000000000003,13.42,-0.0587,63156.0,0.035500000000000004,0.0,0.0,62112.0,0.0238,-0.0027,-0.0076,0.0,-0.02,0.0,0.0,10.147
551294679,3,0,0.002,0.046,0.14100000000000001,0.023,0.0,-0.0352,0.0047,13.42,-0.0589,62760.0,0.0403,0.0,4775.0,61984.0,0.028200000000000003,-0.0027,-0.0076,0.0,-0.019,0.0,0.0,10.147
551296918,3,0,-0.013000000000000001,0.021,0.147,0.023,0.0,-0.0333,0.0099,13.42,-0.059000000000000004,62760.0,0.043500000000000004,0.0,7014.0,61728.0,0.030600000000000002,-0.0029000000000000002,-0.007500000000000001,0.0,-0.021,0.0,0.0,10.147
551301681,3,0,0.001,0.024,0.145,0.024,0.0,-0.029500000000000002,0.0049,13.42,-0.059300000000000005,62760.0,0.035500000000000004,0.0,11777.0,62112.0,0.0244,-0.0029000000000000002,-0.007500000000000001,0.0,-0.022,0.0,0.0,10.147
551305979,3,0,-0.011,0.058,0.136,0.024,0.0,-0.025900000000000003,0.0011,13.43,-0.059300000000000005,62892.0,0.029,0.0,16075.0,61984.0,0.019100000000000002,-0.0029000000000000002,-0.007500000000000001,0.0,-0.021,0.0,0.0,10.141
551308679,3,0,-0.015,-0.006,0.136,0.024,0.0,-0.0263,0.0051,13.43,-0.0594,62760.0,0.0323,0.0,0.0,61984.0,0.0222,-0.0031000000000000003,-0.0073,0.0,-0.023,0.0,0.0,10.141
551312960,3,0,-0.016,0.035,0.148,0.024,0.0,-0.025500000000000002,0.0036000000000000003,13.43,-0.0594,63024.0,0.029,0.0,4281.0,61984.0,0.0206,-0.0031000000000000003,-0.0073,0.0,-0.022,0.0,0.0,10.141
551317959,3,0,-0.018000000000000002,0.023,0.157,0.024,0.0,-0.027700000000000002,0.0031000000000000003,13.43,-0.059300000000000005,62892.0,0.0323,0.0,9280.0,61984.0,0.0218,-0.0034000000000000002,-0.007200000000000001,0.0,-0.024,0.0,0.0,10.141
551322685,3,0,-0.036000000000000004,-0.034,0.158,0.024,0.0,-0.0286,0.009300000000000001,13.43,-0.0592,62892.0,0.038700000000000005,0.0,14006.0,61984.0,0.0268,-0.0034000000000000002,-0.007200000000000001,0.0,-0.023,0.0,0.0,10.141
551324919,3,0,-0.07,0.03,0.161,0.024,0.0,-0.0286,0.012700000000000001,13.43,-0.0592,62760.0,0.042,0.0,16240.0,61856.0,0.0292,-0.0034000000000000002,-0.007200000000000001,0.0,-0.019,0.0,0.0,10.141
551328959,3,0,-0.046,-0.037,0.185,0.024,0.0,-0.029,0.01,13.43,-0.0592,62892.0,0.038700000000000005,0.0,0.0,61984.0,0.027600000000000003,-0.0036000000000000003,-0.0071,0.0,-0.024,0.0,0.0,10.222
551333686,3,0,-0.059000000000000004,0.046,0.171,0.024,0.0,-0.0303,0.0086,13.43,-0.0594,63024.0,0.038700000000000005,0.0,4727.0,62112.0,0.0275,-0.0036000000000000003,-0.0071,0.0,-0.021,0.0,0.0,10.222
551338111,3,0,-0.05,0.042,0.19,0.025,0.0,-0.0324,0.008,13.43,-0.0596,62760.0,0.042,0.0,9152.0,61728.0,0.0285,-0.0038,-0.007,0.0,-0.021,0.0,0.0,10.222
551340646,3,0,-0.039,0.055,0.193,0.025,0.0,-0.031900000000000005,0.0076,13.43,-0.059800000000000006,62892.0,0.040400000000000005,0.0,11687.0,61728.0,0.0279,-0.0038,-0.007,0.0,-0.021,0.0,0.0,10.222
551344685,3,0,-0.033,0.017,0.191,0.025,0.0,-0.030100000000000002,0.0082,13.43,-0.059800000000000006,62892.0,0.038700000000000005,0.0,15726.0,61984.0,0.027100000000000003,-0.0038,-0.007,0.0,-0.021,0.0,0.0,10.222
551349920,3,0,-0.044,0.006,0.185,0.025,0.0,-0.0324,0.0126,13.44,-0.0599,62760.0,0.0468,0.0,0.0,61984.0,0.0318,-0.0041,-0.006900000000000001,0.0,-0.023,0.0,0.0,10.169
551353959,3,0,-0.048,0.058,0.17200000000000001,0.026000000000000002,0.0,-0.0325,0.013600000000000001,13.44,-0.060200000000000004,62892.0,0.048400000000000006,0.0,4039.0,61600.0,0.0325,-0.0041,-0.006900000000000001,0.0,-0.022,0.0,0.0,10.169
551358684,3,0,-0.057,0.053,0.153,0.026000000000000002,0.0,-0.032100000000000004,0.0115,13.44,-0.060200000000000004,63024.0,0.0436,0.0,8764.0,61728.0,0.0308,-0.0043,-0.0068000000000000005,0.0,-0.021,0.0,0.0,10.169
551360931,3,0,-0.035,0.05,0.131,0.026000000000000002,0.0,-0.0327,0.010700000000000001,13.44,-0.0603,62892.0,0.045200000000000004,0.0,11011.0,61728.0,0.0307,-0.0043,-0.0068000000000000005,0.0,-0.021,0.0,0.0,10.169
551365686,3,0,-0.039,0.067,0.122,0.026000000000000002,0.0,-0.0339,0.008,13.44,-0.0603,62892.0,0.0436,0.0,15766.0,62112.0,0.0296,-0.0043,-0.0068000000000000005,0.0,-0.019,0.0,0.0,10.169
551369960,3,0,-0.024,0.017,0.105,0.026000000000000002,0.0,-0.0349,0.0099,13.44,-0.0604,63024.0,0.045200000000000004,0.0,0.0,61984.0,0.0317,-0.0045000000000000005,-0.0066,0.0,-0.019,0.0,0.0,10.194
551374684,3,0,0.004,0.076,0.083,0.027,0.0,-0.036500000000000005,0.0033,13.44,-0.060500000000000005,62892.0,0.040400000000000005,0.0,4724.0,61600.0,0.0281,-0.0045000000000000005,-0.0066,0.0,-0.017,0.0,0.0,10.194
551376685,3,0,0.0,0.023,0.082,0.027,0.0,-0.0371,0.0046,13.44,-0.060500000000000005,63156.0,0.0436,0.0,6725.0,61856.0,0.029500000000000002,-0.0045000000000000005,-0.0066,0.0,-0.018000000000000002,0.0,0.0,10.194
551381945,3,0,0.015,0.038,0.068,0.027,0.0,-0.037200000000000004,0.0048000000000000004,13.44,-0.0606,62760.0,0.0436,0.0,11985.0,61856.0,0.0297,-0.0046,-0.006500000000000001,0.0,-0.017,0.0,0.0,10.194
551386820,3,0,0.001,0.09,0.038,0.027,0.0,-0.0374,0.0056,13.44,-0.060500000000000005,62892.0,0.045200000000000004,0.0,16860.0,61600.0,0.0304,-0.0046,-0.006500000000000001,0.0,-0.013000000000000001,0.0,0.0,10.194
551388921,3,0,0.017,0.034,0.051000000000000004,0.026000000000000002,0.0,-0.0375,0.0049,13.44,-0.060500000000000005,62892.0,0.0436,0.0,0.0,61728.0,0.030000000000000002,-0.0048000000000000004,-0.0063,0.0,-0.016,0.0,0.0,10.194
551393005,3,0,-0.045,0.091,0.045,0.027,0.0,-0.0381,0.012400000000000001,13.450000000000001,-0.0606,62760.0,0.0517,0.0,4084.0,61728.0,0.0357,-0.0048000000000000004,-0.0063,0.0,-0.012,0.0,0.0,10.200000000000001
551397706,3,0,-0.034,0.038,0.052000000000000005,0.027,0.0,-0.038200000000000005,0.0094,13.450000000000001,-0.060700000000000004,62892.0,0.0485,0.0,8785.0,61856.0,0.033600000000000005,-0.005,-0.0061,0.0,-0.013000000000000001,0.0,0.0,10.200000000000001
551401964,3,0,-0.006,0.05,0.049,0.027,0.0,-0.0392,0.006,13.450000000000001,-0.0609,62760.0,0.046900000000000004,0.0,13043.0,61856.0,0.032,-0.005,-0.0061,0.0,-0.013000000000000001,0.0,0.0,10.200000000000001
551406685,3,0,-0.032,0.083,0.043000000000000003,0.028,0.0,-0.038400000000000004,0.0064,13.450000000000001,-0.061000000000000006,63024.0,0.045200000000000004,0.0,17764.0,61984.0,0.0316,-0.005,-0.0061,0.0,-0.009000000000000001,0.0,0.0,10.200000000000001
551408685,3,0,-0.022,0.062,0.045,0.028,0.0,-0.038400000000000004,0.0088,13.450000000000001,-0.0611,63024.0,0.0485,0.0,0.0,61728.0,0.0334,-0.0051,-0.0058000000000000005,0.0,-0.012,0.0,0.0,10.200000000000001
551412834,3,0,-0.042,0.073,0.044,0.028,0.0,-0.0395,0.01,13.450000000000001,-0.061200000000000004,63024.0,0.050100000000000006,0.0,4149.0,61728.0,0.035,-0.0051,-0.0058000000000000005,0.0,-0.009000000000000001,0.0,0.0,10.222
551417010,3,0,-0.073,0.039,0.038,0.028,0.0,-0.039400000000000004,0.0151,13.450000000000001,-0.0614,62760.0,0.056600000000000004,0.0,8325.0,61984.0,0.0385,-0.005200000000000001,-0.0056,0.0,-0.01,0.0,0.0,10.222
551421982,3,0,-0.062,0.044,0.014,0.029,0.0,-0.038900000000000004,0.0177,13.450000000000001,-0.061500000000000006,62892.0,0.0582,0.0,13297.0,61728.0,0.04,-0.005200000000000001,-0.0056,0.0,-0.006,0.0,0.0,10.222
551426642,3,0,-0.08700000000000001,0.063,-0.007,0.029,0.0,-0.039,0.0189,13.450000000000001,-0.061700000000000005,63024.0,0.059800000000000006,0.0,17957.0,61984.0,0.0409,-0.005200000000000001,-0.0056,0.0,-0.003,0.0,0.0,10.222
551428643,3,0,-0.05,0.057,-0.008,0.029,0.0,-0.039900000000000005,0.0172,13.450000000000001,-0.0618,62892.0,0.0582,0.0,0.0,61856.0,0.040400000000000005,-0.005200000000000001,-0.0055000000000000005,0.0,-0.006,0.0,0.0,10.222
551433000,3,0,-0.098,0.064,-0.025,0.03,0.0,-0.0408,0.0205,13.46,-0.0621,62892.0,0.063,0.0,4357.0,61600.0,0.043300000000000005,-0.005200000000000001,-0.0055000000000000005,0.0,-0.002,0.0,0.0,10.173
551437706,3,0,-0.079,0.033,-0.032,0.03,0.0,-0.0402,0.020800000000000003,13.46,-0.062200000000000005,63024.0,0.063,0.0,9063.0,61856.0,0.0431,-0.0053,-0.0053,0.0,-0.003,0.0,0.0,10.173
551442640,3,0,-0.076,0.035,-0.042,0.031,0.0,-0.039,0.021,13.46,-0.0625,63024.0,0.0614,0.0,13997.0,61476.0,0.0424,-0.0053,-0.0053,0.0,0.002,0.0,0.0,10.173
551444686,3,0,-0.084,0.027,-0.04,0.031,0.0,-0.0397,0.022000000000000002,13.46,-0.0625,63024.0,0.063,0.0,16043.0,61856.0,0.0437,-0.0053,-0.0053,0.0,0.003,0.0,0.0,10.173
551449680,3,0,-0.073,0.053,-0.024,0.031,0.0,-0.0443,0.0217,13.46,-0.06280000000000001,62892.0,0.0679,0.0,0.0,61856.0,0.046700000000000005,-0.005200000000000001,-0.005200000000000001,0.0,0.008,0.0,0.0,10.173
551454005,3,0,-0.075,0.088,-0.018000000000000002,0.032,0.0,-0.046700000000000005,0.022000000000000002,13.46,-0.0631,62892.0,0.0711,0.0,4325.0,61856.0,0.048600000000000004,-0.005200000000000001,-0.005200000000000001,0.0,0.014,0.0,0.0,10.198
551458054,3,0,-0.098,0.064,0.002,0.032,0.0,-0.0456,0.024,13.46,-0.06330000000000001,63024.0,0.0711,0.0,8374.0,61984.0,0.049300000000000004,-0.005,-0.0051,0.0,0.017,0.0,0.0,10.198
551460644,3,0,-0.09,0.092,0.005,0.033,0.0,-0.046,0.0247,13.46,-0.0635,63156.0,0.0728,0.0,10964.0,61600.0,0.05,-0.005,-0.0051,0.0,0.019,0.0,0.0,10.198
551465679,3,0,-0.097,0.066,0.021,0.034,0.0,-0.0465,0.0244,13.46,-0.0639,63156.0,0.07440000000000001,0.0,15999.0,61984.0,0.050100000000000006,-0.005,-0.0051,0.0,0.022,0.0,0.0,10.198
551469981,3,0,-0.07100000000000001,0.078,0.029,0.034,0.0,-0.047400000000000005,0.0194,13.46,-0.06430000000000001,62892.0,0.0679,0.0,0.0,61600.0,0.0473,-0.0048000000000000004,-0.005,0.0,0.02,0.0,0.0,10.198
551474678,3,0,-0.022,0.092,0.032,0.035,0.0,-0.048100000000000004,0.0165,13.46,-0.0645,63024.0,0.0679,0.0,4697.0,61856.0,0.045700000000000005,-0.0048000000000000004,-0.005,0.0,0.02,0.0,0.0,10.157
551476684,3,0,-0.028,0.099,0.032,0.035,0.0,-0.0488,0.0176,13.46,-0.0646,62760.0,0.0679,0.0,6703.0,61600.0,0.047,-0.0048000000000000004,-0.005,0.0,0.021,0.0,0.0,10.157
551480990,3,0,0.013000000000000001,0.075,0.015,0.036000000000000004,0.0,-0.0473,0.015000000000000001,13.46,-0.0649,63024.0,0.06470000000000001,0.0,11009.0,61728.0,0.044000000000000004,-0.0046,-0.0049,0.0,0.019,0.0,0.0,10.157
551485679,3,0,-0.063,0.034,0.012,0.036000000000000004,0.0,-0.047,0.019700000000000002,13.46,-0.0651,63024.0,0.06960000000000001,0.0,15698.0,61476.0,0.0472,-0.0046,-0.0049,0.0,0.02,0.0,0.0,10.157
551490000,3,0,-0.036000000000000004,0.04,0.002,0.036000000000000004,0.0,-0.0448,0.0175,13.46,-0.06520000000000001,62892.0,0.06470000000000001,0.0,0.0,61600.0,0.044000000000000004,-0.0044,-0.0048000000000000004,0.0,0.02,0.0,0.0,10.157
551494000,3,0,-0.009000000000000001,0.042,-0.015,0.036000000000000004,0.0,-0.0485,0.018000000000000002,13.47,-0.0653,62892.0,0.068,0.0,4000.0,61856.0,0.047,-0.0044,-0.0048000000000000004,0.0,0.02,0.0,0.0,10.206
551498049,3,0,-0.045,0.028,-0.018000000000000002,0.037,0.0,-0.0487,0.0151,13.47,-0.0655,63156.0,0.0663,0.0,8049.0,61856.0,0.0451,-0.0043,-0.0046,0.0,0.019,0.0,0.0,10.206
551500678,3,0,-0.039,0.027,-0.02,0.037,0.0,-0.048400000000000006,0.0178,13.47,-0.0656,62892.0,0.068,0.0,10678.0,61984.0,0.0468,-0.0043,-0.0046,0.0,0.018000000000000002,0.0,0.0,10.206
551504678,3,0,-0.035,0.03,-0.019,0.038,0.0,-0.0463,0.0178,13.47,-0.066,63024.0,0.0663,0.0,14678.0,61728.0,0.0454,-0.0043,-0.0046,0.0,0.017,0.0,0.0,10.206
551509720,3,0,-0.021,0.044,-0.03,0.039,0.0,-0.046200000000000005,0.016800000000000002,13.47,-0.0663,63024.0,0.06470000000000001,0.0,0.0,61600.0,0.044500000000000005,-0.0041,-0.0045000000000000005,0.0,0.015,0.0,0.0,10.206
551514016,3,0,-0.013000000000000001,0.03,-0.055,0.039,0.0,-0.0453,0.015600000000000001,13.47,-0.06670000000000001,62760.0,0.0631,0.0,4296.0,61600.0,0.043000000000000003,-0.0041,-0.0045000000000000005,0.0,0.013000000000000001,0.0,0.0,10.152000000000001
551518103,3,0,-0.027,0.019,-0.062,0.04,0.0,-0.0444,0.0184,13.47,-0.0669,62892.0,0.06470000000000001,0.0,8383.0,61600.0,0.0444,-0.004,-0.0043,0.0,0.013000000000000001,0.0,0.0,10.152000000000001
551520640,3,0,-0.02,0.013000000000000001,-0.07100000000000001,0.04,0.0,-0.0441,0.019,13.47,-0.067,62892.0,0.06470000000000001,0.0,10920.0,61856.0,0.0446,-0.004,-0.0043,0.0,0.013000000000000001,0.0,0.0,10.152000000000001
551524641,3,0,-0.043000000000000003,0.036000000000000004,-0.081,0.04,0.0,-0.0438,0.0217,13.47,-0.06720000000000001,62892.0,0.068,0.0,14921.0,61600.0,0.0463,-0.004,-0.0043,0.0,0.015,0.0,0.0,10.152000000000001
551528642,3,0,-0.037,0.039,-0.097,0.041,0.0,-0.0432,0.0224,13.47,-0.0673,63024.0,0.068,0.0,0.0,61600.0,0.046400000000000004,-0.0038,-0.0041,0.0,0.015,0.0,0.0,10.152000000000001
551533078,3,0,-0.032,-0.015,-0.091,0.041,0.0,-0.0419,0.0229,13.47,-0.06760000000000001,62892.0,0.068,0.0,4436.0,61856.0,0.0458,-0.0038,-0.0041,0.0,0.013000000000000001,0.0,0.0,10.152000000000001
551537981,3,0,-0.05,0.034,-0.091,0.042,0.0,-0.041800000000000004,0.020900000000000002,13.48,-0.0679,62892.0,0.0648,0.0,9339.0,61728.0,0.0443,-0.0037,-0.004,0.0,0.016,0.0,0.0,10.218
551542213,3,0,-0.004,0.017,-0.093,0.042,0.0,-0.0395,0.017400000000000002,13.48,-0.06810000000000001,63024.0,0.058300000000000005,0.0,13571.0,61600.0,0.0402,-0.0037,-0.004,0.0,0.013000000000000001,0.0,0.0,10.218
551544639,3,0,-0.012,0.006,-0.08,0.043000000000000003,0.0,-0.039400000000000004,0.0159,13.48,-0.0683,62892.0,0.0567,0.0,15997.0,61728.0,0.0391,-0.0037,-0.004,0.0,0.012,0.0,0.0,10.218
551549039,3,0,-0.008,0.012,-0.057,0.043000000000000003,0.0,-0.0396,0.019700000000000002,13.48,-0.0683,63156.0,0.061500000000000006,0.0,0.0,61600.0,0.0419,-0.0036000000000000003,-0.0038,0.0,0.01,0.0,0.0,10.218
551553093,3,0,0.009000000000000001,-0.054,-0.041,0.043000000000000003,0.0,-0.0408,0.0195,13.48,-0.0682,62760.0,0.061500000000000006,0.0,4054.0,61476.0,0.0426,-0.0036000000000000003,-0.0038,0.0,0.008,0.0,0.0,10.218
551558096,3,0,-0.004,-0.025,-0.034,0.042,0.0,-0.038900000000000004,0.019200000000000002,13.48,-0.0682,63024.0,0.0599,0.0,9057.0,61600.0,0.041100000000000005,-0.0035,-0.0037,0.0,0.01,0.0,0.0,10.179
551560678,3,0,0.02,-0.062,-0.02,0.042,0.0,-0.0385,0.017400000000000002,13.48,-0.068,62892.0,0.0567,0.0,11639.0,61476.0,0.0395,-0.0035,-0.0037,0.0,0.01,0.0,0.0,10.179
551565051,3,0,0.025,-0.055,-0.02,0.042,0.0,-0.035,0.0134,13.48,-0.06770000000000001,62892.0,0.0502,0.0,16012.0,61728.0,0.0342,-0.0035,-0.0037,0.0,0.012,0.0,0.0,10.179
551569674,3,0,0.041,-0.002,-0.032,0.041,0.0,-0.0354,0.0078000000000000005,13.48,-0.0673,63292.0,0.0454,0.0,0.0,61728.0,0.030500000000000003,-0.0034000000000000002,-0.0036000000000000003,0.0,0.01,0.0,0.0,10.179
551574198,3,0,0.081,-0.074,-0.027,0.04,0.0,-0.034300000000000004,0.010100000000000001,13.48,-0.067,63024.0,0.0454,0.0,4524.0,61600.0,0.031400000000000004,-0.0034000000000000002,-0.0036000000000000003,0.0,0.008,0.0,0.0,10.179
551576678,3,0,0.07,-0.004,-0.037,0.04,0.0,-0.033,0.0049,13.49,-0.0669,63156.0,0.038900000000000004,0.0,7004.0,61600.0,0.0268,-0.0034000000000000002,-0.0036000000000000003,0.0,0.009000000000000001,0.0,0.0,10.172
551581064,3,0,0.108,-0.062,-0.027,0.039,0.0,-0.0334,0.004,13.49,-0.0666,62892.0,0.038900000000000004,0.0,11390.0,61856.0,0.0264,-0.0033,-0.0035,0.0,0.006,0.0,0.0,10.172
551585688,3,0,0.083,-0.04,-0.038,0.039,0.0,-0.0333,-0.0008,13.49,-0.0663,62892.0,0.0324,0.0,16014.0,61728.0,0.0229,-0.0033,-0.0035,0.0,0.006,0.0,0.0,10.172
551590112,3,0,0.076,-0.006,-0.066,0.038,0.0,-0.030600000000000002,0.007200000000000001,13.49,-0.0659,63024.0,0.038900000000000004,0.0,0.0,61728.0,0.0267,-0.0032,-0.0034000000000000002,0.0,0.005,0.0,0.0,10.172
551592677,3,0,0.084,-0.064,-0.062,0.037,0.0,-0.0296,0.0021000000000000003,13.49,-0.0656,62892.0,0.0324,0.0,2565.0,61600.0,0.0224,-0.0032,-0.0034000000000000002,0.0,0.004,0.0,0.0,10.172
551596678,3,0,0.069,-0.008,-0.074,0.036000000000000004,0.0,-0.031,0.0019,13.49,-0.06520000000000001,63156.0,0.034,0.0,6566.0,61728.0,0.0233,-0.0032,-0.0034000000000000002,0.0,0.006,0.0,0.0,10.137
551601083,3,0,0.064,-0.073,-0.079,0.035,0.0,-0.0298,0.0015,13.49,-0.06470000000000001,62892.0,0.0324,0.0,10971.0,61728.0,0.0222,-0.0032,-0.0033,0.0,0.006,0.0,0.0,10.137
551605684,3,0,0.055,-0.024,-0.095,0.035,0.0,-0.027800000000000002,-0.0001,13.49,-0.0646,63156.0,0.0292,0.0,15572.0,61728.0,0.0195,-0.0032,-0.0033,0.0,0.006,0.0,0.0,10.137
551610678,3,0,0.079,-0.018000000000000002,-0.093,0.034,0.0,-0.0275,-0.0077,13.49,-0.0641,62892.0,0.0211,0.0,0.0,61600.0,0.014,-0.0032,-0.0031000000000000003,0.0,0.003,0.0,0.0,10.137
551613136,3,0,0.095,-0.10300000000000001,-0.084,0.033,0.0,-0.026500000000000003,-0.0043,13.49,-0.06380000000000001,62892.0,0.0227,0.0,2458.0,61728.0,0.015600000000000001,-0.0032,-0.0031000000000000003,0.0,0.0,0.0,0.0,10.137
551618142,3,0,0.059000000000000004,-0.048,-0.075,0.033,0.0,-0.0262,-0.0013000000000000002,13.49,-0.0635,62892.0,0.025900000000000003,0.0,7464.0,61728.0,0.0176,-0.0032,-0.003,0.0,0.0,0.0,0.0,10.218
551620679,3,0,0.075,-0.098,-0.056,0.032,0.0,-0.0268,-0.0007,13.49,-0.06330000000000001,62760.0,0.027600000000000003,0.0,10001.0,61600.0,0.018500000000000003,-0.0032,-0.003,0.0,-0.002,0.0,0.0,10.218
551625641,3,0,0.038,-0.062,-0.041,0.031,0.0,-0.024800000000000003,0.00030000000000000003,13.49,-0.0629,62760.0,0.025900000000000003,0.0,14963.0,61728.0,0.0178,-0.0032,-0.003,0.0,0.001,0.0,0.0,10.218
551629677,3,0,0.039,-0.049,-0.039,0.031,0.0,-0.023,0.0004,13.49,-0.0625,63024.0,0.024300000000000002,0.0,0.0,61728.0,0.0166,-0.0032,-0.0029000000000000002,0.0,-0.001,0.0,0.0,10.218
551634114,3,0,0.043000000000000003,-0.117,0.0,0.03,0.0,-0.02,-0.0009000000000000001,13.49,-0.062200000000000005,62892.0,0.0195,0.0,4437.0,61856.0,0.0135,-0.0032,-0.0029000000000000002,0.0,-0.003,0.0,0.0,10.218
551636816,3,0,0.034,-0.055,-0.01,0.03,0.0,-0.0198,-0.0014,13.49,-0.062,62760.0,0.0195,0.0,7139.0,61728.0,0.013000000000000001,-0.0032,-0.0029000000000000002,0.0,-0.002,0.0,0.0,10.218
551641113,3,0,0.033,-0.078,-0.007,0.029,0.0,-0.0257,-0.0011,13.5,-0.0618,63024.0,0.024300000000000002,0.0,11436.0,61728.0,0.017400000000000002,-0.0032,-0.0028,0.0,-0.005,0.0,0.0,10.177
551645677,3,0,0.048,-0.085,-0.005,0.029,0.0,-0.016900000000000002,-0.0037,13.5,-0.0618,62892.0,0.0146,0.0,16000.0,61600.0,0.0094,-0.0032,-0.0028,0.0,-0.007,0.0,0.0,10.177
551649678,3,0,0.034,-0.09,0.01,0.028,0.0,-0.014700000000000001,-0.004,13.5,-0.0614,63024.0,0.0097,0.0,0.0,61476.0,0.0076,-0.0033,-0.0027,0.0,-0.008,0.0,0.0,10.177
551654120,3,0,0.069,-0.136,0.009000000000000001,0.027,0.0,-0.015300000000000001,-0.0057,13.5,-0.0609,62892.0,0.0097,0.0,4442.0,61600.0,0.0068000000000000005,-0.0033,-0.0027,0.0,-0.009000000000000001,0.0,0.0,10.177
551658171,3,0,0.065,-0.088,0.002,0.026000000000000002,0.0,-0.014700000000000001,-0.0073,13.5,-0.0604,62760.0,0.006500000000000001,0.0,8493.0,61728.0,0.005200000000000001,-0.0034000000000000002,-0.0027,0.0,-0.009000000000000001,0.0,0.0,10.177
551660678,3,0,0.109,-0.135,0.008,0.026000000000000002,0.0,-0.0152,-0.0108,13.5,-0.060000000000000005,62892.0,0.0049,0.0,11000.0,61728.0,0.0031000000000000003,-0.0034000000000000002,-0.0027,0.0,-0.011,0.0,0.0,10.177
551665132,3,0,0.11800000000000001,-0.081,0.001,0.024,0.0,-0.0166,-0.0179,13.5,-0.0591,62760.0,0.0,0.0,15454.0,61728.0,-0.001,-0.0034000000000000002,-0.0027,0.0,-0.007,0.0,0.0,10.177
551669739,3,0,0.075,-0.07,-0.017,0.022,0.0,-0.0162,-0.0063,13.5,-0.0584,62892.0,0.0097,0.0,0.0,61728.0,0.007,-0.0034000000000000002,-0.0027,0.0,-0.005,0.0,0.0,10.177
551674137,3,0,0.154,-0.116,-0.029,0.021,0.0,-0.014100000000000001,-0.023200000000000002,13.5,-0.0577,62760.0,-0.0097,0.0,4398.0,61728.0,-0.0064,-0.0034000000000000002,-0.0027,0.0,-0.008,0.0,0.0,10.177
551678194,3,0,0.187,-0.054,-0.051000000000000004,0.019,0.0,-0.013600000000000001,-0.027800000000000002,13.5,-0.057100000000000005,62892.0,-0.0146,0.0,8455.0,61476.0,-0.01,-0.0035,-0.0027,0.0,-0.011,0.0,0.0,10.177
551680674,3,0,0.188,-0.10200000000000001,-0.052000000000000005,0.019,0.0,-0.014100000000000001,-0.0264,13.51,-0.0567,62892.0,-0.013000000000000001,0.0,10935.0,61728.0,-0.008700000000000001,-0.0035,-0.0027,0.0,-0.013000000000000001,0.0,0.0,10.120000000000001
551685678,3,0,0.12,-0.06,-0.083,0.017,0.0,-0.0128,-0.015000000000000001,13.51,-0.0562,62892.0,-0.0032,0.0,15939.0,61476.0,-0.0015,-0.0035,-0.0027,0.0,-0.012,0.0,0.0,10.120000000000001
551690149,3,0,0.146,-0.073,-0.091,0.016,0.0,-0.0103,-0.029900000000000003,13.51,-0.055400000000000005,62892.0,-0.0195,0.0,0.0,61476.0,-0.013900000000000001,-0.0037,-0.0026000000000000003,0.0,-0.014,0.0,0.0,10.120000000000001
551694152,3,0,0.093,-0.13,-0.098,0.015,0.0,-0.008,-0.0193,13.51,-0.055,62892.0,-0.0114,0.0,4003.0,61600.0,-0.008,-0.0037,-0.0026000000000000003,0.0,-0.015,0.0,0.0,10.120000000000001
551698195,3,0,0.081,-0.074,-0.094,0.014,0.0,-0.011300000000000001,-0.0178,13.51,-0.054700000000000006,62892.0,-0.006500000000000001,0.0,8046.0,61856.0,-0.0046,-0.0038,-0.0024000000000000002,0.0,-0.014,0.0,0.0,10.120000000000001
551702635,3,0,0.074,-0.125,-0.067,0.014,0.0,-0.008400000000000001,-0.0222,13.51,-0.054200000000000005,62760.0,-0.0146,0.0,12486.0,61476.0,-0.0098,-0.0038,-0.0024000000000000002,0.0,-0.016,0.0,0.0,10.134
551704719,3,0,0.105,-0.082,-0.068,0.013000000000000001,0.0,-0.0086,-0.025500000000000002,13.51,-0.054,62892.0,-0.0179,0.0,14570.0,61600.0,-0.012,-0.0038,-0.0024000000000000002,0.0,-0.016,0.0,0.0,10.134
551709677,3,0,0.002,-0.098,-0.021,0.012,0.0,-0.011600000000000001,-0.013600000000000001,13.51,-0.053500000000000006,62760.0,-0.0032,0.0,0.0,61600.0,-0.0014,-0.004,-0.0022,0.0,-0.014,0.0,0.0,10.134
551714166,3,0,0.069,-0.12,0.025,0.011,0.0,-0.0102,-0.0148,13.51,-0.053200000000000004,62760.0,-0.0032,0.0,4489.0,61600.0,-0.0033,-0.004,-0.0022,0.0,-0.017,0.0,0.0,10.134
551718216,3,0,0.058,-0.07200000000000001,0.039,0.011,0.0,-0.008400000000000001,-0.0216,13.51,-0.0528,63024.0,-0.0146,0.0,8539.0,61476.0,-0.0094,-0.0041,-0.0021000000000000003,0.0,-0.015,0.0,0.0,10.134
551720695,3,0,0.069,-0.098,0.057,0.01,0.0,-0.0092,-0.016,13.51,-0.0526,62760.0,-0.006500000000000001,0.0,11018.0,61728.0,-0.0048000000000000004,-0.0041,-0.0021000000000000003,0.0,-0.016,0.0,0.0,10.172
551725679,3,0,0.014,-0.078,0.081,0.009000000000000001,0.0,-0.0073,-0.009000000000000001,13.51,-0.0523,63024.0,-0.0016,0.0,16002.0,61600.0,-0.0012000000000000001,-0.0041,-0.0021000000000000003,0.0,-0.014,0.0,0.0,10.172
551730179,3,0,0.062,-0.098,0.075,0.008,0.0,-0.0034000000000000002,-0.018600000000000002,13.51,-0.051800000000000006,62892.0,-0.0162,0.0,0.0,61600.0,-0.0108,-0.004200000000000001,-0.002,0.0,-0.013000000000000001,0.0,0.0,10.172
551734181,3,0,0.054,-0.13,0.065,0.007,0.0,-0.0026000000000000003,-0.0132,13.51,-0.051300000000000005,63292.0,-0.0097,0.0,4002.0,61728.0,-0.007500000000000001,-0.004200000000000001,-0.002,0.0,-0.014,0.0,0.0,10.172
551736810,3,0,0.036000000000000004,-0.124,0.056,0.007,0.0,-0.0022,-0.01,13.51,-0.0511,62892.0,-0.0081,0.0,6631.0,61728.0,-0.0055000000000000005,-0.004200000000000001,-0.002,0.0,-0.013000000000000001,0.0,0.0,10.172
551741676,3,0,0.059000000000000004,-0.135,0.023,0.006,0.0,-0.0025,-0.014,13.52,-0.0505,62760.0,-0.0114,0.0,11497.0,61728.0,-0.0081,-0.0043,-0.002,0.0,-0.011,0.0,0.0,10.154
551746191,3,0,0.096,-0.08600000000000001,-0.024,0.004,0.0,-0.0077,-0.0188,13.52,-0.049800000000000004,62892.0,-0.0114,0.0,16012.0,61600.0,-0.0078000000000000005,-0.0043,-0.002,0.0,-0.009000000000000001,0.0,0.0,10.154
551750675,3,0,0.089,-0.07200000000000001,-0.042,0.003,0.0,-0.0091,-0.0195,13.52,-0.0492,62760.0,-0.0097,0.0,0.0,61476.0,-0.0074,-0.0044,-0.002,0.0,-0.004,0.0,0.0,10.154
551752675,3,0,0.12,-0.059000000000000004,-0.054,0.002,0.0,-0.0085,-0.0207,13.52,-0.0489,62760.0,-0.013000000000000001,0.0,2000.0,61728.0,-0.0086,-0.0044,-0.002,0.0,-0.004,0.0,0.0,10.154
551756675,3,0,0.073,-0.09,-0.067,0.001,0.0,-0.0049,-0.019100000000000002,13.52,-0.0483,62892.0,-0.0146,0.0,6000.0,61728.0,-0.01,-0.0044,-0.002,0.0,-0.002,0.0,0.0,10.154
551761203,3,0,0.08700000000000001,-0.096,-0.053,0.0,0.0,-0.0036000000000000003,-0.021,13.52,-0.0477,62760.0,-0.0179,0.0,10528.0,61728.0,-0.0123,-0.0044,-0.0019,0.0,-0.001,0.0,0.0,10.154
551765676,3,0,0.114,-0.066,-0.041,-0.001,0.0,-0.0041,-0.020200000000000003,13.52,-0.047400000000000005,62760.0,-0.0162,0.0,15001.0,61728.0,-0.0114,-0.0044,-0.0019,0.0,-0.001,0.0,0.0,10.154
551770207,3,0,0.076,-0.051000000000000004,-0.017,-0.002,0.0,-0.0109,-0.0261,13.52,-0.046900000000000004,62760.0,-0.0162,0.0,0.0,61600.0,-0.010700000000000001,-0.0044,-0.0018000000000000002,0.0,0.001,0.0,0.0,10.154
551774211,3,0,0.129,-0.035,0.024,-0.002,0.0,-0.0119,-0.0268,13.52,-0.046700000000000005,62760.0,-0.0146,0.0,4004.0,61600.0,-0.0106,-0.0044,-0.0018000000000000002,0.0,-0.002,0.0,0.0,10.154
551778267,3,0,0.107,-0.023,0.048,-0.003,0.0,-0.0106,-0.0273,13.52,-0.046400000000000004,62760.0,-0.0162,0.0,8060.0,61728.0,-0.0118,-0.0044,-0.0017000000000000001,0.0,-0.003,0.0,0.0,10.154
551780675,3,0,0.112,-0.029,0.052000000000000005,-0.003,0.0,-0.0094,-0.0238,13.52,-0.0463,62760.0,-0.0146,0.0,10468.0,61600.0,-0.0102,-0.0044,-0.0017000000000000001,0.0,-0.004,0.0,0.0,10.21
551785677,3,0,0.09,-0.054,0.06,-0.004,0.0,-0.0053,-0.023700000000000002,13.52,-0.0459,62760.0,-0.0195,0.0,15470.0,61856.0,-0.013000000000000001,-0.0044,-0.0017000000000000001,0.0,-0.005,0.0,0.0,10.21
551790224,3,0,0.085,-0.054,0.068,-0.005,0.0,-0.0105,-0.0274,13.52,-0.0455,62892.0,-0.016300000000000002,0.0,0.0,61476.0,-0.012,-0.0045000000000000005,-0.0015,0.0,-0.009000000000000001,0.0,0.0,10.21
551794675,3,0,0.09,-0.027,0.053,-0.005,0.0,-0.013300000000000001,-0.025400000000000002,13.52,-0.0453,62760.0,-0.013000000000000001,0.0,4451.0,61728.0,-0.0086,-0.0045000000000000005,-0.0015,0.0,-0.009000000000000001,0.0,0.0,10.21
551797255,3,0,0.046,-0.041,0.031,-0.006,0.0,-0.013600000000000001,-0.020300000000000002,13.52,-0.0451,62632.0,-0.006500000000000001,0.0,7031.0,61728.0,-0.0047,-0.0046,-0.0013000000000000002,0.0,-0.006,0.0,0.0,10.21
551801812,3,0,0.052000000000000005,-0.029,0.012,-0.006,0.0,-0.012400000000000001,-0.0196,13.52,-0.0449,62500.0,-0.006500000000000001,0.0,11588.0,61600.0,-0.0051,-0.0046,-0.0013000000000000002,0.0,-0.006,0.0,0.0,10.21
551806235,3,0,0.048,-0.042,-0.032,-0.006,0.0,-0.008400000000000001,-0.0196,13.530000000000001,-0.044700000000000004,62760.0,-0.0114,0.0,16011.0,61600.0,-0.0079,-0.0046,-0.0013000000000000002,0.0,-0.007,0.0,0.0,10.158
551810686,3,0,0.019,-0.083,-0.054,-0.007,0.0,-0.0074,-0.019200000000000002,13.530000000000001,-0.044500000000000005,62760.0,-0.0114,0.0,0.0,61348.0,-0.0083,-0.0046,-0.0012000000000000001,0.0,-0.009000000000000001,0.0,0.0,10.158
551812710,3,0,0.038,-0.055,-0.063,-0.007,0.0,-0.0088,-0.019200000000000002,13.530000000000001,-0.0444,62760.0,-0.0098,0.0,2024.0,61600.0,-0.0073,-0.0046,-0.0012000000000000001,0.0,-0.009000000000000001,0.0,0.0,10.158
551817268,3,0,0.017,-0.068,-0.065,-0.007,0.0,-0.0118,-0.0179,13.530000000000001,-0.0442,62760.0,-0.0049,0.0,6582.0,61476.0,-0.0043,-0.0047,-0.0011,0.0,-0.007,0.0,0.0,10.158
551821693,3,0,0.018000000000000002,-0.027,-0.069,-0.008,0.0,-0.0114,-0.016300000000000002,13.530000000000001,-0.044000000000000004,62760.0,-0.0049,0.0,11007.0,61476.0,-0.0035,-0.0047,-0.0011,0.0,-0.005,0.0,0.0,10.158
551826286,3,0,0.005,-0.046,-0.053,-0.008,0.0,-0.008,-0.0115,13.530000000000001,-0.0437,62760.0,-0.0033,0.0,15600.0,61728.0,-0.0025,-0.0047,-0.0011,0.0,-0.004,0.0,0.0,10.203
551830674,3,0,-0.022,-0.074,-0.023,-0.009000000000000001,0.0,-0.0091,-0.011300000000000001,13.530000000000001,-0.043500000000000004,62760.0,-0.0016,0.0,0.0,61856.0,-0.0016,-0.0047,-0.001,0.0,-0.001,0.0,0.0,10.203
551832684,3,0,-0.013000000000000001,-0.069,-0.02,-0.009000000000000001,0.0,-0.010100000000000001,-0.011600000000000001,13.530000000000001,-0.043500000000000004,62632.0,-0.0016,0.0,2010.0,61600.0,-0.001,-0.0047,-0.001,0.0,-0.001,0.0,0.0,10.203
551837426,3,0,0.009000000000000001,-0.053,0.01,-0.009000000000000001,0.0,-0.013600000000000001,-0.015700000000000002,13.530000000000001,-0.0434,62892.0,-0.0016,0.0,6752.0,61600.0,-0.0015,-0.0048000000000000004,-0.001,0.0,-0.002,0.0,0.0,10.203
551842300,3,0,-0.018000000000000002,-0.026000000000000002,0.051000000000000004,-0.009000000000000001,0.0,-0.0111,-0.0143,13.530000000000001,-0.043300000000000005,62760.0,-0.0033,0.0,11626.0,61856.0,-0.0022,-0.0048000000000000004,-0.001,0.0,-0.001,0.0,0.0,10.203
551846340,3,0,0.067,-0.022,0.06,-0.01,0.0,-0.010100000000000001,-0.018000000000000002,13.530000000000001,-0.043000000000000003,62892.0,-0.0081,0.0,15666.0,61600.0,-0.0055000000000000005,-0.0048000000000000004,-0.001,0.0,-0.002,0.0,0.0,10.169
551850674,3,0,0.005,-0.03,0.081,-0.01,0.0,-0.0165,-0.0155,13.530000000000001,-0.0429,62760.0,0.0016,0.0,0.0,61600.0,0.0008,-0.0048000000000000004,-0.0009000000000000001,0.0,-0.002,0.0,0.0,10.169
551852675,3,0,0.073,-0.004,0.085,-0.01,0.0,-0.0189,-0.0154,13.530000000000001,-0.0427,62760.0,0.0032,0.0,2001.0,61728.0,0.0025,-0.0048000000000000004,-0.0009000000000000001,0.0,-0.003,0.0,0.0,10.169
551857298,3,0,-0.022,-0.014,0.095,-0.01,0.0,-0.0198,-0.011600000000000001,13.530000000000001,-0.042800000000000005,62760.0,0.0098,0.0,6624.0,61728.0,0.0058000000000000005,-0.0048000000000000004,-0.0008,0.0,-0.003,0.0,0.0,10.169
551861675,3,0,0.065,0.029,0.078,-0.011,0.0,-0.013900000000000001,-0.0189,13.530000000000001,-0.0426,62760.0,-0.0049,0.0,11001.0,61600.0,-0.0035,-0.0048000000000000004,-0.0008,0.0,-0.003,0.0,0.0,10.169
551864683,3,0,0.015,-0.019,0.076,-0.011,0.0,-0.0143,-0.022000000000000002,13.540000000000001,-0.0426,62760.0,-0.0081,0.0,14009.0,61856.0,-0.0054,-0.0048000000000000004,-0.0008,0.0,-0.003,0.0,0.0,10.191
551869674,3,0,0.014,0.03,0.047,-0.01,0.0,-0.0211,-0.014700000000000001,13.540000000000001,-0.0427,62632.0,0.006500000000000001,0.0,0.0,61600.0,0.0045000000000000005,-0.0048000000000000004,-0.0007,0.0,-0.003,0.0,0.0,10.191
551873675,3,0,0.021,0.04,0.02,-0.01,0.0,-0.0244,-0.0146,13.540000000000001,-0.0427,62760.0,0.0114,0.0,4001.0,61600.0,0.007,-0.0048000000000000004,-0.0007,0.0,-0.004,0.0,0.0,10.191
551877698,3,0,0.011,-0.023,-0.005,-0.01,0.0,-0.0204,-0.0166,13.540000000000001,-0.042800000000000005,62632.0,0.0032,0.0,8024.0,61856.0,0.0027,-0.0049,-0.0005,0.0,-0.005,0.0,0.0,10.191
551882294,3,0,0.0,0.031,-0.033,-0.01,0.0,-0.020300000000000002,-0.0143,13.540000000000001,-0.0429,62632.0,0.006500000000000001,0.0,12620.0,61476.0,0.004200000000000001,-0.0049,-0.0005,0.0,-0.005,0.0,0.0,10.191
551884675,3,0,0.008,-0.022,-0.043000000000000003,-0.01,0.0,-0.023,-0.0143,13.540000000000001,-0.0429,62760.0,0.0098,0.0,15001.0,61728.0,0.006200000000000001,-0.0049,-0.0005,0.0,-0.006,0.0,0.0,10.187
551889296,3,0,-0.015,0.038,-0.06,-0.01,0.0,-0.0251,-0.012100000000000001,13.540000000000001,-0.0431,62632.0,0.013000000000000001,0.0,0.0,61728.0,0.0092,-0.0049,-0.0004,0.0,-0.004,0.0,0.0,10.187
551893344,3,0,-0.026000000000000002,0.012,-0.062,-0.01,0.0,-0.022600000000000002,-0.0079,13.540000000000001,-0.0431,62760.0,0.0146,0.0,4048.0,61728.0,0.010400000000000001,-0.0049,-0.0004,0.0,-0.003,0.0,0.0,10.187
551897842,3,0,-0.049,-0.027,-0.046,-0.009000000000000001,0.0,-0.020800000000000003,-0.0044,13.540000000000001,-0.043300000000000005,62760.0,0.016300000000000002,0.0,8546.0,61476.0,0.011600000000000001,-0.0049,-0.00030000000000000003,0.0,-0.002,0.0,0.0,10.187
551902307,3,0,-0.066,0.054,-0.036000000000000004,-0.009000000000000001,0.0,-0.026000000000000002,-0.0038,13.540000000000001,-0.0436,62760.0,0.0244,0.0,13011.0,61728.0,0.015700000000000002,-0.0049,-0.00030000000000000003,0.0,-0.001,0.0,0.0,10.187
551906388,3,0,-0.04,0.023,-0.007,-0.008,0.0,-0.027,-0.0045000000000000005,13.540000000000001,-0.0438,62760.0,0.0228,0.0,17092.0,61728.0,0.0159,-0.0049,-0.00030000000000000003,0.0,-0.003,0.0,0.0,10.244
551910685,3,0,-0.052000000000000005,0.013000000000000001,0.015,-0.007,0.0,-0.0251,-0.004,13.540000000000001,-0.0442,62760.0,0.0212,0.0,0.0,61600.0,0.0149,-0.0049,-0.00030000000000000003,0.0,-0.001,0.0,0.0,10.244
551913359,3,0,-0.039,0.013000000000000001,0.028,-0.007,0.0,-0.0224,-0.0029000000000000002,13.540000000000001,-0.0443,62760.0,0.0195,0.0,2674.0,61728.0,0.013800000000000002,-0.0049,-0.00030000000000000003,0.0,-0.002,0.0,0.0,10.244
551917674,3,0,-0.035,-0.01,0.041,-0.007,0.0,-0.023100000000000002,-0.0028,13.540000000000001,-0.0446,62760.0,0.0212,0.0,6989.0,61600.0,0.0143,-0.005,-0.0002,0.0,-0.001,0.0,0.0,10.244
551922357,3,0,-0.054,0.075,0.036000000000000004,-0.006,0.0,-0.028300000000000002,-0.0011,13.540000000000001,-0.0448,62632.0,0.027700000000000002,0.0,11672.0,61600.0,0.019200000000000002,-0.005,-0.0002,0.0,0.0,0.0,0.0,10.244
551924674,3,0,-0.032,0.008,0.045,-0.006,0.0,-0.0297,0.0001,13.55,-0.0448,62760.0,0.0309,0.0,13989.0,61984.0,0.0211,-0.005,-0.0002,0.0,-0.001,0.0,0.0,10.166
551929464,3,0,-0.044,0.052000000000000005,0.048,-0.006,0.0,-0.0262,-0.0014,13.55,-0.0449,62892.0,0.026000000000000002,0.0,0.0,61856.0,0.0175,-0.0049,-0.0002,0.0,0.002,0.0,0.0,10.166
551934368,3,0,-0.007,0.044,0.042,-0.006,0.0,-0.0246,-0.0005,13.55,-0.0449,62632.0,0.026000000000000002,0.0,4904.0,61856.0,0.0171,-0.0049,-0.0002,0.0,0.001,0.0,0.0,10.166
551936830,3,0,-0.028,0.054,0.039,-0.006,0.0,-0.0285,-0.0027,13.55,-0.045000000000000005,62760.0,0.026000000000000002,0.0,7366.0,61476.0,0.0183,-0.0049,-0.0001,0.0,0.003,0.0,0.0,10.166
551941373,3,0,-0.006,0.093,0.031,-0.005,0.0,-0.034800000000000005,-0.0017000000000000001,13.55,-0.045200000000000004,62632.0,0.0342,0.0,11909.0,61600.0,0.0234,-0.0049,-0.0001,0.0,0.002,0.0,0.0,10.166
551945678,3,0,-0.029,0.016,0.039,-0.004,0.0,-0.032,0.0006000000000000001,13.55,-0.0456,62760.0,0.032600000000000004,0.0,16214.0,61348.0,0.023,-0.0049,-0.0001,0.0,0.0,0.0,0.0,10.166
551950674,3,0,-0.004,0.039,0.013000000000000001,-0.004,0.0,-0.0296,-0.0047,13.55,-0.046,62760.0,0.0261,0.0,0.0,61600.0,0.0176,-0.0049,-0.0001,0.0,-0.001,0.0,0.0,10.166
551952675,3,0,0.006,0.008,0.021,-0.003,0.0,-0.0304,-0.006900000000000001,13.55,-0.0461,62760.0,0.0244,0.0,2001.0,61476.0,0.0166,-0.0049,-0.0001,0.0,-0.003,0.0,0.0,10.166
551957407,3,0,-0.002,0.04,0.015,-0.003,0.0,-0.033800000000000004,-0.0044,13.55,-0.046400000000000004,62760.0,0.0309,0.0,6733.0,61348.0,0.020800000000000003,-0.0049,0.0,0.0,-0.002,0.0,0.0,10.166
551961814,3,0,-0.032,0.081,-0.008,-0.002,0.0,-0.0339,-0.0012000000000000001,13.55,-0.0465,62892.0,0.0342,0.0,11140.0,61728.0,0.023200000000000002,-0.0049,0.0,0.0,0.0,0.0,0.0,10.166
551966429,3,0,-0.028,0.012,-0.009000000000000001,-0.002,0.0,-0.032600000000000004,-0.0009000000000000001,13.55,-0.0466,62760.0,0.032600000000000004,0.0,15755.0,61600.0,0.0224,-0.0049,0.0,0.0,0.001,0.0,0.0,10.164
551970635,3,0,-0.046,0.027,-0.011,-0.002,0.0,-0.031100000000000003,0.0013000000000000002,13.55,-0.0468,62632.0,0.0342,0.0,0.0,61600.0,0.0229,-0.0049,0.0001,0.0,0.003,0.0,0.0,10.164
551972636,3,0,-0.046,-0.007,-0.016,-0.002,0.0,-0.0324,0.0021000000000000003,13.55,-0.046900000000000004,62760.0,0.0358,0.0,2001.0,61476.0,0.0244,-0.0049,0.0001,0.0,0.003,0.0,0.0,10.164
551977389,3,0,-0.045,0.034,-0.035,-0.001,0.0,-0.0363,0.001,13.55,-0.0473,62760.0,0.0391,0.0,6754.0,61600.0,0.0263,-0.0049,0.0002,0.0,0.004,0.0,0.0,10.164
551981675,3,0,-0.06,0.083,-0.029,0.0,0.0,-0.038200000000000005,0.00030000000000000003,13.55,-0.0477,62760.0,0.0391,0.0,11040.0,61600.0,0.027200000000000002,-0.0049,0.0002,0.0,0.004,0.0,0.0,10.164
551985675,3,0,-0.03,0.013000000000000001,-0.012,0.001,0.0,-0.036000000000000004,0.0007,13.56,-0.048100000000000004,62760.0,0.0375,0.0,15040.0,61348.0,0.025900000000000003,-0.0049,0.0002,0.0,0.001,0.0,0.0,10.138
551990370,3,0,-0.045,0.014,-0.016,0.001,0.0,-0.0269,0.0028,13.56,-0.048400000000000006,62892.0,0.031,0.0,0.0,61600.0,0.021,-0.0048000000000000004,0.0002,0.0,0.003,0.0,0.0,10.138
551994532,3,0,-0.05,0.029,0.0,0.001,0.0,-0.0316,0.0035,13.56,-0.0485,62632.0,0.0358,0.0,4162.0,61476.0,0.024900000000000002,-0.0048000000000000004,0.0002,0.0,0.004,0.0,0.0,10.138
551996673,3,0,-0.054,0.037,0.002,0.002,0.0,-0.0327,0.0043,13.56,-0.048600000000000004,62760.0,0.0391,0.0,6303.0,61600.0,0.0262,-0.0048000000000000004,0.0002,0.0,0.005,0.0,0.0,10.138
552001376,3,0,-0.054,0.044,0.008,0.002,0.0,-0.0341,0.005200000000000001,13.56,-0.048600000000000004,62760.0,0.0407,0.0,11006.0,61600.0,0.027800000000000002,-0.0048000000000000004,0.0002,0.0,0.007,0.0,0.0,10.138
552005674,3,0,-0.055,-0.004,0.019,0.002,0.0,-0.0368,0.007200000000000001,13.56,-0.0488,62760.0,0.0456,0.0,15304.0,61728.0,0.031100000000000003,-0.0048000000000000004,0.0002,0.0,0.006,0.0,0.0,10.132
552009676,3,0,-0.039,0.082,0.021,0.003,0.0,-0.0376,0.0036000000000000003,13.56,-0.049,62892.0,0.0424,0.0,0.0,61476.0,0.0291,-0.0047,0.0002,0.0,0.009000000000000001,0.0,0.0,10.132
552014386,3,0,-0.047,0.063,0.011,0.003,0.0,-0.0383,0.0026000000000000003,13.56,-0.0492,62760.0,0.0424,0.0,4710.0,61348.0,0.028900000000000002,-0.0047,0.0002,0.0,0.01,0.0,0.0,10.132
552018659,3,0,-0.004,0.034,0.015,0.004,0.0,-0.038,-0.0001,13.56,-0.0494,63024.0,0.0391,0.0,8983.0,61476.0,0.0268,-0.0046,0.0002,0.0,0.009000000000000001,0.0,0.0,10.132
552020673,3,0,-0.024,0.044,0.016,0.004,0.0,-0.0378,-0.0007,13.56,-0.0495,62760.0,0.0391,0.0,10997.0,61600.0,0.0262,-0.0046,0.0002,0.0,0.01,0.0,0.0,10.132
552025683,3,0,0.015,0.056,0.007,0.004,0.0,-0.0376,-0.0007,13.56,-0.0497,62892.0,0.0391,0.0,16007.0,61600.0,0.0261,-0.0046,0.0002,0.0,0.009000000000000001,0.0,0.0,10.148
552030674,3,0,0.001,0.058,-0.02,0.005,0.0,-0.0356,0.0015,13.56,-0.0499,62892.0,0.0391,0.0,0.0,61600.0,0.0263,-0.0045000000000000005,0.0002,0.0,0.01,0.0,0.0,10.148
552032674,3,0,-0.001,0.012,-0.009000000000000001,0.004,0.0,-0.0361,0.0011,13.56,-0.0499,62760.0,0.0391,0.0,2000.0,61600.0,0.0263,-0.0045000000000000005,0.0002,0.0,0.01,0.0,0.0,10.148
552036832,3,0,-0.017,0.064,-0.005,0.005,0.0,-0.0378,0.0005,13.56,-0.050100000000000006,62760.0,0.0391,0.0,6158.0,61224.0,0.027,-0.0044,0.00030000000000000003,0.0,0.013000000000000001,0.0,0.0,10.148
552041675,3,0,-0.042,0.049,-0.008,0.005,0.0,-0.0391,-0.0001,13.56,-0.0502,62760.0,0.0407,0.0,11001.0,61348.0,0.0275,-0.0044,0.00030000000000000003,0.0,0.013000000000000001,0.0,0.0,10.148
552046477,3,0,-0.012,0.028,0.01,0.006,0.0,-0.0422,-0.0007,13.56,-0.0505,62760.0,0.044000000000000004,0.0,15803.0,61728.0,0.029400000000000003,-0.0043,0.0004,0.0,0.011,0.0,0.0,10.163
552048673,3,0,-0.035,0.064,0.007,0.006,0.0,-0.0414,-0.0018000000000000002,13.56,-0.0507,62892.0,0.0407,0.0,0.0,61476.0,0.028,-0.0043,0.0004,0.0,0.013000000000000001,0.0,0.0,10.163
552052675,3,0,-0.018000000000000002,0.034,0.003,0.007,0.0,-0.0407,0.0015,13.56,-0.0509,62632.0,0.044000000000000004,0.0,4002.0,61728.0,0.0298,-0.0043,0.0004,0.0,0.011,0.0,0.0,10.163
552057682,3,0,-0.043000000000000003,0.082,0.002,0.007,0.0,-0.0409,0.0027,13.56,-0.051300000000000005,62892.0,0.0456,0.0,9009.0,61476.0,0.0308,-0.0041,0.0005,0.0,0.014,0.0,0.0,10.163
552062424,3,0,-0.055,0.07100000000000001,0.012,0.009000000000000001,0.0,-0.0395,0.0056,13.56,-0.052000000000000005,62760.0,0.0473,0.0,13751.0,61476.0,0.031900000000000005,-0.0041,0.0005,0.0,0.012,0.0,0.0,10.163
552066479,3,0,-0.08700000000000001,0.014,0.01,0.01,0.0,-0.0368,0.0057,13.57,-0.0524,62760.0,0.044000000000000004,0.0,17806.0,61728.0,0.030000000000000002,-0.004,0.0005,0.0,0.011,0.0,0.0,10.162
552068512,3,0,-0.112,0.024,-0.002,0.01,0.0,-0.0345,0.0103,13.57,-0.0526,62632.0,0.0473,0.0,0.0,61728.0,0.0317,-0.004,0.0005,0.0,0.012,0.0,0.0,10.162
552072675,3,0,-0.073,0.003,0.012,0.011,0.0,-0.0347,0.0081,13.57,-0.0529,62892.0,0.044000000000000004,0.0,4163.0,61600.0,0.0303,-0.004,0.0005,0.0,0.01,0.0,0.0,10.162
552077433,3,0,-0.088,0.001,-0.008,0.012,0.0,-0.0323,0.013600000000000001,13.57,-0.0533,62892.0,0.0489,0.0,8921.0,61224.0,0.0325,-0.0039000000000000003,0.0005,0.0,0.012,0.0,0.0,10.162
552081435,3,0,-0.117,-0.015,-0.004,0.012,0.0,-0.0339,0.0082,13.57,-0.053500000000000006,62760.0,0.044000000000000004,0.0,12923.0,61728.0,0.0298,-0.0039000000000000003,0.0005,0.0,0.013000000000000001,0.0,0.0,10.162
552085676,3,0,-0.076,-0.008,-0.002,0.013000000000000001,0.0,-0.0356,0.0132,13.57,-0.0538,62760.0,0.0505,0.0,17164.0,61224.0,0.0345,-0.0039000000000000003,0.0005,0.0,0.012,0.0,0.0,10.162
552090682,3,0,-0.09,-0.004,-0.003,0.013000000000000001,0.0,-0.0346,0.009000000000000001,13.57,-0.054,62892.0,0.045700000000000005,0.0,0.0,61476.0,0.0308,-0.0038,0.0005,0.0,0.014,0.0,0.0,10.18
552093491,3,0,-0.07100000000000001,-0.023,-0.011,0.013000000000000001,0.0,-0.033,0.012100000000000001,13.57,-0.054200000000000005,62632.0,0.0473,0.0,2809.0,61600.0,0.031900000000000005,-0.0038,0.0005,0.0,0.014,0.0,0.0,10.18
552097675,3,0,0.036000000000000004,0.019,-0.007,0.013000000000000001,0.0,-0.035,-0.0037,13.57,-0.054,63024.0,0.032600000000000004,0.0,6993.0,61476.0,0.0221,-0.0036000000000000003,0.0005,0.0,0.013000000000000001,0.0,0.0,10.18
552102450,3,0,0.02,0.011,-0.003,0.012,0.0,-0.0368,0.003,13.57,-0.053700000000000005,62760.0,0.0408,0.0,11768.0,61224.0,0.028200000000000003,-0.0036000000000000003,0.0005,0.0,0.017,0.0,0.0,10.18
552106480,3,0,-0.011,0.027,-0.007,0.012,0.0,-0.0351,0.0064,13.57,-0.0536,62760.0,0.0424,0.0,15798.0,61476.0,0.029300000000000003,-0.0035,0.0005,0.0,0.017,0.0,0.0,10.18
552108503,3,0,-0.034,0.011,-0.006,0.012,0.0,-0.0352,0.0102,13.57,-0.0536,63024.0,0.045700000000000005,0.0,0.0,61600.0,0.032100000000000004,-0.0035,0.0005,0.0,0.017,0.0,0.0,10.18
552112675,3,0,0.154,0.05,0.009000000000000001,0.012,0.0,-0.0354,-0.013000000000000001,13.57,-0.053500000000000006,62760.0,0.0245,0.0,4172.0,61348.0,0.0158,-0.0035,0.0005,0.0,0.015,0.0,0.0,10.171
552117462,3,0,0.055,0.052000000000000005,-0.006,0.011,0.0,-0.0373,-0.0002,13.57,-0.053200000000000004,62892.0,0.0391,0.0,8959.0,61476.0,0.0262,-0.0033,0.0005,0.0,0.018000000000000002,0.0,0.0,10.171
552121465,3,0,-0.009000000000000001,0.036000000000000004,0.003,0.012,0.0,-0.0375,0.009000000000000001,13.57,-0.0533,62892.0,0.0489,0.0,12962.0,61476.0,0.0329,-0.0033,0.0005,0.0,0.02,0.0,0.0,10.171
552125685,3,0,0.068,0.074,-0.005,0.012,0.0,-0.039400000000000004,-0.0032,13.57,-0.0534,62760.0,0.0375,0.0,17182.0,61224.0,0.0256,-0.0033,0.0005,0.0,0.017,0.0,0.0,10.171
552128556,3,0,0.055,0.021,-0.008,0.012,0.0,-0.0374,-0.0095,13.57,-0.0533,63156.0,0.029400000000000003,0.0,0.0,61348.0,0.019700000000000002,-0.0031000000000000003,0.0006000000000000001,0.0,0.013000000000000001,0.0,0.0,10.171
552132675,3,0,-0.07200000000000001,0.07100000000000001,-0.02,0.012,0.0,-0.039400000000000004,0.0125,13.58,-0.053500000000000006,62760.0,0.0538,0.0,4119.0,61476.0,0.0367,-0.0031000000000000003,0.0006000000000000001,0.0,0.014,0.0,0.0,10.121
552136869,3,0,0.036000000000000004,0.013000000000000001,-0.011,0.012,0.0,-0.04,0.0024000000000000002,13.58,-0.0538,62760.0,0.044000000000000004,0.0,8313.0,61348.0,0.030000000000000002,-0.003,0.0007,0.0,0.01,0.0,0.0,10.121
552141479,3,0,-0.053,0.014,-0.008,0.013000000000000001,0.0,-0.038900000000000004,-0.0029000000000000002,13.58,-0.0539,63156.0,0.0375,0.0,12923.0,61348.0,0.025500000000000002,-0.003,0.0007,0.0,0.011,0.0,0.0,10.121
552145676,3,0,-0.055,0.031,-0.029,0.013000000000000001,0.0,-0.038200000000000005,0.018500000000000003,13.58,-0.054,62760.0,0.0587,0.0,17120.0,61476.0,0.040100000000000004,-0.003,0.0007,0.0,0.013000000000000001,0.0,0.0,10.121
552148532,3,0,-0.096,-0.003,-0.007,0.013000000000000001,0.0,-0.038,0.0131,13.58,-0.054200000000000005,62892.0,0.0522,0.0,0.0,61600.0,0.0361,-0.0029000000000000002,0.0008,0.0,0.015,0.0,0.0,10.121
552152674,3,0,-0.026000000000000002,0.009000000000000001,-0.005,0.014,0.0,-0.035300000000000005,0.0095,13.58,-0.0543,62892.0,0.045700000000000005,0.0,4142.0,61348.0,0.0317,-0.0029000000000000002,0.0008,0.0,0.013000000000000001,0.0,0.0,10.166
552157491,3,0,-0.074,-0.041,0.001,0.014,0.0,-0.031900000000000005,0.0103,13.58,-0.0543,62760.0,0.0441,0.0,8959.0,61476.0,0.029900000000000003,-0.0028,0.0008,0.0,0.014,0.0,0.0,10.166
552161505,3,0,-0.057,-0.042,0.01,0.014,0.0,-0.031200000000000002,0.0161,13.58,-0.0545,62760.0,0.0489,0.0,12973.0,61476.0,0.0334,-0.0028,0.0008,0.0,0.014,0.0,0.0,10.166
552165675,3,0,-0.014,-0.013000000000000001,0.02,0.014,0.0,-0.0324,0.0041,13.58,-0.0543,62892.0,0.0392,0.0,17143.0,61348.0,0.0258,-0.0028,0.0008,0.0,0.014,0.0,0.0,10.166
552169675,3,0,0.006,-0.07200000000000001,0.013000000000000001,0.013000000000000001,0.0,-0.029900000000000003,0.010100000000000001,13.58,-0.054200000000000005,62892.0,0.0408,0.0,0.0,61224.0,0.028300000000000002,-0.0026000000000000003,0.0008,0.0,0.013000000000000001,0.0,0.0,10.166
552174504,3,0,-0.031,-0.019,0.019,0.013000000000000001,0.0,-0.031400000000000004,0.0092,13.58,-0.0541,62892.0,0.0424,0.0,4829.0,61348.0,0.0287,-0.0026000000000000003,0.0008,0.0,0.015,0.0,0.0,10.200000000000001
552176530,3,0,0.011,-0.051000000000000004,0.019,0.013000000000000001,0.0,-0.0322,0.0109,13.58,-0.0539,62760.0,0.0441,0.0,6855.0,61348.0,0.030500000000000003,-0.0025,0.0007,0.0,0.012,0.0,0.0,10.200000000000001
552180674,3,0,0.01,0.019,0.005,0.013000000000000001,0.0,-0.031900000000000005,0.0033,13.58,-0.0538,62760.0,0.0359,0.0,10999.0,61476.0,0.024900000000000002,-0.0025,0.0007,0.0,0.014,0.0,0.0,10.200000000000001
552184675,3,0,0.032,-0.007,-0.009000000000000001,0.012,0.0,-0.0317,0.0074,13.58,-0.0536,62892.0,0.0408,0.0,15000.0,61476.0,0.027700000000000002,-0.0025,0.0007,0.0,0.013000000000000001,0.0,0.0,10.200000000000001
552188830,3,0,0.037,0.047,-0.016,0.012,0.0,-0.0315,0.0026000000000000003,13.58,-0.0536,62892.0,0.0359,0.0,0.0,61728.0,0.0241,-0.0024000000000000002,0.0007,0.0,0.014,0.0,0.0,10.200000000000001
552193565,3,0,0.018000000000000002,0.065,-0.027,0.012,0.0,-0.038900000000000004,0.0012000000000000001,13.58,-0.0538,62760.0,0.0424,0.0,4735.0,61476.0,0.0284,-0.0024000000000000002,0.0007,0.0,0.017,0.0,0.0,10.168000000000001
552197675,3,0,0.021,-0.047,-0.024,0.012,0.0,-0.022600000000000002,-0.0016,13.58,-0.053700000000000005,62760.0,0.0212,0.0,8845.0,61600.0,0.0149,-0.0022,0.0006000000000000001,0.0,0.014,0.0,0.0,10.168000000000001
552202524,3,0,0.036000000000000004,-0.031,-0.018000000000000002,0.012,0.0,-0.0303,-0.0063,13.58,-0.053700000000000005,62760.0,0.0245,0.0,13694.0,61476.0,0.017,-0.0022,0.0006000000000000001,0.0,0.013000000000000001,0.0,0.0,10.168000000000001
552204566,3,0,0.051000000000000004,-0.036000000000000004,-0.011,0.012,0.0,-0.0304,-0.0085,13.58,-0.0536,63024.0,0.0228,0.0,15736.0,61600.0,0.0155,-0.0022,0.0006000000000000001,0.0,0.012,0.0,0.0,10.168000000000001
552209572,3,0,0.057,-0.028,-0.011,0.012,0.0,-0.0339,-0.0105,13.58,-0.053500000000000006,62632.0,0.0245,0.0,0.0,61600.0,0.0165,-0.0021000000000000003,0.0007,0.0,0.011,0.0,0.0,10.168000000000001
552213638,3,0,0.045,0.048,0.002,0.012,0.0,-0.036000000000000004,-0.0098,13.59,-0.0534,62760.0,0.027700000000000002,0.0,4066.0,61348.0,0.018600000000000002,-0.0021000000000000003,0.0007,0.0,0.013000000000000001,0.0,0.0,10.193
552217673,3,0,0.043000000000000003,-0.019,0.009000000000000001,0.011,0.0,-0.0364,-0.0077,13.59,-0.053200000000000004,62892.0,0.029400000000000003,0.0,8101.0,61728.0,0.020300000000000002,-0.002,0.0008,0.0,0.011,0.0,0.0,10.193
552220682,3,0,0.029,0.039,0.005,0.011,0.0,-0.0354,-0.0074,13.59,-0.053200000000000004,62892.0,0.029400000000000003,0.0,11110.0,61476.0,0.0198,-0.002,0.0008,0.0,0.012,0.0,0.0,10.193
552226624,3,0,0.022,0.038,0.016,0.011,0.0,-0.033800000000000004,-0.007500000000000001,13.59,-0.053200000000000004,63024.0,0.027800000000000002,0.0,17052.0,61348.0,0.018600000000000002,-0.0019,0.0009000000000000001,0.0,0.012,0.0,0.0,10.193
552228632,3,0,0.032,0.0,0.029,0.011,0.0,-0.0327,-0.0091,13.59,-0.053200000000000004,62892.0,0.0245,0.0,0.0,61600.0,0.0166,-0.0019,0.0009000000000000001,0.0,0.011,0.0,0.0,10.193
552232636,3,0,0.024,0.005,0.019,0.011,0.0,-0.031,-0.010100000000000001,13.59,-0.0531,62760.0,0.0229,0.0,4004.0,61224.0,0.0148,-0.0019,0.0009000000000000001,0.0,0.011,0.0,0.0,10.193
552236831,3,0,0.043000000000000003,-0.063,0.014,0.011,0.0,-0.0291,-0.011000000000000001,13.59,-0.053000000000000005,62760.0,0.0196,0.0,8199.0,61476.0,0.0128,-0.0018000000000000002,0.0009000000000000001,0.0,0.007,0.0,0.0,10.162
552241552,3,0,0.034,-0.019,0.011,0.011,0.0,-0.028,-0.011600000000000001,13.59,-0.0529,62632.0,0.018000000000000002,0.0,12920.0,61728.0,0.011600000000000001,-0.0018000000000000002,0.0009000000000000001,0.0,0.007,0.0,0.0,10.162
552245639,3,0,0.029,-0.019,0.001,0.01,0.0,-0.0308,-0.010100000000000001,13.59,-0.0526,62632.0,0.0229,0.0,17007.0,61348.0,0.0146,-0.0018000000000000002,0.0009000000000000001,0.0,0.008,0.0,0.0,10.162
552249642,3,0,0.027,-0.036000000000000004,-0.014,0.01,0.0,-0.0329,-0.0081,13.59,-0.052500000000000005,62760.0,0.0261,0.0,0.0,61600.0,0.0175,-0.0017000000000000001,0.0009000000000000001,0.0,0.007,0.0,0.0,10.162
552253780,3,0,0.008,0.025,-0.02,0.009000000000000001,0.0,-0.0308,-0.0079,13.59,-0.0523,62760.0,0.0245,0.0,4138.0,61728.0,0.0162,-0.0017000000000000001,0.0009000000000000001,0.0,0.01,0.0,0.0,10.162
552256589,3,0,0.015,-0.056,-0.01,0.009000000000000001,0.0,-0.028300000000000002,-0.007,13.59,-0.0522,62760.0,0.0229,0.0,6947.0,61348.0,0.0151,-0.0017000000000000001,0.0009000000000000001,0.0,0.007,0.0,0.0,10.131
552261607,3,0,-0.027,-0.02,-0.025,0.009000000000000001,0.0,-0.0236,-0.0031000000000000003,13.59,-0.0521,62760.0,0.0212,0.0,11965.0,61600.0,0.0145,-0.0017000000000000001,0.0009000000000000001,0.0,0.009000000000000001,0.0,0.0,10.131
552266639,3,0,-0.028,-0.012,-0.018000000000000002,0.009000000000000001,0.0,-0.0253,-0.0039000000000000003,13.59,-0.0521,62760.0,0.0229,0.0,16997.0,61348.0,0.0151,-0.0016,0.0009000000000000001,0.0,0.009000000000000001,0.0,0.0,10.131
552268662,3,0,-0.023,-0.011,-0.01,0.009000000000000001,0.0,-0.028,-0.0059,13.59,-0.0522,62760.0,0.0229,0.0,0.0,61728.0,0.015600000000000001,-0.0016,0.0009000000000000001,0.0,0.008,0.0,0.0,10.131
552273691,3,0,-0.019,0.013000000000000001,-0.02,0.009000000000000001,0.0,-0.0292,-0.0071,13.59,-0.0522,63024.0,0.0245,0.0,5029.0,61856.0,0.015700000000000002,-0.0016,0.0009000000000000001,0.0,0.008,0.0,0.0,10.131
552276646,3,0,-0.004,-0.05,-0.003,0.009000000000000001,0.0,-0.0281,-0.0077,13.59,-0.0522,63024.0,0.0212,0.0,7984.0,61476.0,0.014400000000000001,-0.0015,0.0009000000000000001,0.0,0.005,0.0,0.0,10.179
552281624,3,0,0.003,-0.012,0.012,0.009000000000000001,0.0,-0.024,-0.0073,13.59,-0.0521,62632.0,0.016300000000000002,0.0,12962.0,61600.0,0.0118,-0.0015,0.0009000000000000001,0.0,0.006,0.0,0.0,10.179
552285816,3,0,-0.022,-0.04,0.024,0.009000000000000001,0.0,-0.026600000000000002,-0.0057,13.59,-0.0519,62760.0,0.0212,0.0,17154.0,61476.0,0.0148,-0.0015,0.0009000000000000001,0.0,0.006,0.0,0.0,10.179
552290591,3,0,-0.014,-0.055,0.023,0.008,0.0,-0.028800000000000003,-0.0008,13.59,-0.051800000000000006,62760.0,0.027800000000000002,0.0,0.0,61728.0,0.0198,-0.0014,0.0009000000000000001,0.0,0.006,0.0,0.0,10.179
552292645,3,0,-0.035,-0.024,0.026000000000000002,0.008,0.0,-0.028,-0.0027,13.59,-0.0517,62632.0,0.0261,0.0,2054.0,61600.0,0.0178,-0.0014,0.0009000000000000001,0.0,0.009000000000000001,0.0,0.0,10.179
552296663,3,0,0.01,-0.044,0.03,0.008,0.0,-0.027,-0.0058000000000000005,13.6,-0.0517,62892.0,0.0212,0.0,6072.0,61600.0,0.015000000000000001,-0.0014,0.0009000000000000001,0.0,0.006,0.0,0.0,10.155
552301640,3,0,0.053,0.025,0.008,0.008,0.0,-0.0303,-0.016300000000000002,13.6,-0.0514,62760.0,0.014700000000000001,0.0,11049.0,61728.0,0.0099,-0.0014,0.0009000000000000001,0.0,0.007,0.0,0.0,10.155
552306668,3,0,0.059000000000000004,0.013000000000000001,0.011,0.007,0.0,-0.0307,-0.0149,13.6,-0.0511,62760.0,0.018000000000000002,0.0,16077.0,61348.0,0.0112,-0.0013000000000000002,0.001,0.0,0.007,0.0,0.0,10.155
552308691,3,0,0.096,0.008,0.008,0.007,0.0,-0.0279,-0.016800000000000002,13.6,-0.0509,62760.0,0.0114,0.0,0.0,61728.0,0.0078000000000000005,-0.0013000000000000002,0.001,0.0,0.006,0.0,0.0,10.155
552313694,3,0,0.064,0.02,-0.016,0.006,0.0,-0.028900000000000002,-0.0142,13.6,-0.0505,63024.0,0.014700000000000001,0.0,5003.0,61728.0,0.010400000000000001,-0.0013000000000000002,0.001,0.0,0.007,0.0,0.0,10.155
552316723,3,0,0.116,0.027,-0.016,0.005,0.0,-0.0323,-0.0167,13.6,-0.0504,62500.0,0.016300000000000002,0.0,8032.0,61600.0,0.0111,-0.0013000000000000002,0.001,0.0,0.006,0.0,0.0,10.089
552321614,3,0,0.089,0.02,-0.025,0.004,0.0,-0.0284,-0.017,13.6,-0.0499,62632.0,0.0114,0.0,12923.0,61600.0,0.008,-0.0013000000000000002,0.001,0.0,0.005,0.0,0.0,10.089
552326683,3,0,0.046,0.02,-0.025,0.004,0.0,-0.0332,-0.0162,13.6,-0.049600000000000005,62632.0,0.018000000000000002,0.0,17992.0,61728.0,0.012,-0.0012000000000000001,0.0011,0.0,0.006,0.0,0.0,10.089
552328744,3,0,0.066,0.026000000000000002,-0.032,0.004,0.0,-0.0316,-0.0149,13.6,-0.0495,62632.0,0.016300000000000002,0.0,0.0,61476.0,0.0118,-0.0012000000000000001,0.0011,0.0,0.005,0.0,0.0,10.089
552333669,3,0,0.04,0.005,-0.012,0.003,0.0,-0.0281,-0.018000000000000002,13.6,-0.049300000000000004,62760.0,0.0114,0.0,4925.0,61348.0,0.0071,-0.0012000000000000001,0.0011,0.0,0.005,0.0,0.0,10.089
552337937,3,0,-0.023,-0.008,-0.012,0.003,0.0,-0.0303,-0.0066,13.6,-0.0494,62632.0,0.0245,0.0,9193.0,61348.0,0.016800000000000002,-0.0012000000000000001,0.0011,0.0,0.006,0.0,0.0,10.089
552340729,3,0,-0.023,-0.007,-0.009000000000000001,0.004,0.0,-0.0285,-0.0046,13.6,-0.0495,62760.0,0.0245,0.0,11985.0,61476.0,0.016900000000000002,-0.0012000000000000001,0.0011,0.0,0.003,0.0,0.0,10.097
552346735,3,0,-0.036000000000000004,-0.02,0.002,0.003,0.0,-0.027800000000000002,-0.010700000000000001,13.6,-0.0495,62632.0,0.018000000000000002,0.0,17991.0,61476.0,0.012100000000000001,-0.0012000000000000001,0.0012000000000000001,0.0,0.0,0.0,0.0,10.097
552349683,3,0,-0.012,0.009000000000000001,-0.002,0.004,0.0,-0.030000000000000002,-0.006900000000000001,13.6,-0.0495,62632.0,0.0245,0.0,0.0,61728.0,0.0164,-0.0012000000000000001,0.0012000000000000001,0.0,0.0,0.0,0.0,10.097
552354719,3,0,-0.164,-0.015,0.013000000000000001,0.004,0.0,-0.0253,0.0155,13.6,-0.049800000000000004,62632.0,0.0425,0.0,5036.0,61600.0,0.028800000000000003,-0.0012000000000000001,0.0012000000000000001,0.0,0.0,0.0,0.0,10.097
552356745,3,0,-0.063,-0.023,0.019,0.005,0.0,-0.026500000000000003,0.008,13.6,-0.05,62632.0,0.036000000000000004,0.0,7062.0,61984.0,0.0244,-0.0012000000000000001,0.0013000000000000002,0.0,0.0,0.0,0.0,10.097
552361697,3,0,-0.046,-0.028,0.021,0.004,0.0,-0.024300000000000002,-0.0117,13.6,-0.0499,62632.0,0.0131,0.0,12014.0,61600.0,0.0089,-0.0012000000000000001,0.0013000000000000002,0.0,0.001,0.0,0.0,10.111
552366713,3,0,0.001,-0.028,0.017,0.004,0.0,-0.027200000000000002,-0.0057,13.6,-0.049600000000000005,62500.0,0.0212,0.0,17030.0,61728.0,0.0152,-0.0011,0.0013000000000000002,0.0,0.002,0.0,0.0,10.111
552368736,3,0,0.083,-0.003,0.013000000000000001,0.004,0.0,-0.028200000000000003,-0.0172,13.6,-0.0495,62760.0,0.0114,0.0,0.0,61476.0,0.0078000000000000005,-0.0011,0.0013000000000000002,0.0,0.002,0.0,0.0,10.111
552373739,3,0,0.043000000000000003,-0.019,0.0,0.003,0.0,-0.0267,-0.0095,13.6,-0.0492,62500.0,0.018000000000000002,0.0,5003.0,62112.0,0.0122,-0.0011,0.0013000000000000002,0.0,0.007,0.0,0.0,10.111
552376721,3,0,0.10400000000000001,-0.005,-0.003,0.002,0.0,-0.027,-0.0077,13.6,-0.049,62632.0,0.0196,0.0,7985.0,61348.0,0.0137,-0.0011,0.0013000000000000002,0.0,0.005,0.0,0.0,10.111
552381684,3,0,0.059000000000000004,-0.023,-0.009000000000000001,0.002,0.0,-0.0252,-0.01,13.6,-0.048600000000000004,62760.0,0.016300000000000002,0.0,12948.0,61600.0,0.0108,-0.0011,0.0013000000000000002,0.0,0.007,0.0,0.0,10.15
552386832,3,0,0.132,-0.014,-0.026000000000000002,0.0,0.0,-0.0284,-0.0303,13.6,-0.0478,62632.0,-0.0016,0.0,18096.0,61600.0,-0.0014,-0.0011,0.0013000000000000002,0.0,0.003,0.0,0.0,10.15
552388903,3,0,0.059000000000000004,0.003,-0.04,0.0,0.0,-0.0285,-0.0129,13.6,-0.0477,62500.0,0.016300000000000002,0.0,0.0,61476.0,0.011000000000000001,-0.0011,0.0013000000000000002,0.0,0.004,0.0,0.0,10.15
552393754,3,0,0.076,0.004,-0.029,-0.001,0.0,-0.0304,-0.0143,13.6,-0.0476,62632.0,0.016300000000000002,0.0,4851.0,61600.0,0.0114,-0.0011,0.0013000000000000002,0.0,0.002,0.0,0.0,10.15
552396759,3,0,0.10400000000000001,0.019,-0.026000000000000002,-0.001,0.0,-0.031400000000000004,-0.025400000000000002,13.6,-0.047400000000000005,62500.0,0.006500000000000001,0.0,7856.0,61600.0,0.004200000000000001,-0.0011,0.0015,0.0,-0.002,0.0,0.0,10.15
552401714,3,0,0.03,0.002,-0.04,-0.001,0.0,-0.0286,-0.0142,13.61,-0.0472,62760.0,0.014700000000000001,0.0,12811.0,61728.0,0.0102,-0.0011,0.0015,0.0,-0.004,0.0,0.0,10.137
552406741,3,0,-0.025,-0.017,0.0,-0.001,0.0,-0.0297,-0.012700000000000001,13.61,-0.0473,62760.0,0.018000000000000002,0.0,17838.0,61476.0,0.012,-0.0012000000000000001,0.0017000000000000001,0.0,-0.006,0.0,0.0,10.137
552408765,3,0,0.058,-0.005,0.002,-0.001,0.0,-0.029400000000000003,-0.022000000000000002,13.61,-0.0473,62368.0,0.0082,0.0,0.0,61600.0,0.005200000000000001,-0.0012000000000000001,0.0017000000000000001,0.0,-0.008,0.0,0.0,10.137
552414904,3,0,-0.101,-0.015,0.009000000000000001,-0.001,0.0,-0.0296,-0.0048000000000000004,13.61,-0.0472,62632.0,0.0262,0.0,6139.0,61600.0,0.0175,-0.0012000000000000001,0.0017000000000000001,0.0,-0.007,0.0,0.0,10.137
552417683,3,0,-0.03,-0.013000000000000001,0.018000000000000002,-0.001,0.0,-0.029,-0.0024000000000000002,13.61,-0.047400000000000005,62632.0,0.0262,0.0,8918.0,61476.0,0.0188,-0.0012000000000000001,0.0019,0.0,-0.007,0.0,0.0,10.137
552421728,3,0,-0.005,-0.041,0.04,-0.001,0.0,-0.0262,-0.0251,13.61,-0.0473,62500.0,0.0016,0.0,12963.0,61476.0,0.0008,-0.0012000000000000001,0.0019,0.0,-0.009000000000000001,0.0,0.0,10.168000000000001
552426793,3,0,-0.08,-0.056,0.034,-0.001,0.0,-0.026000000000000002,-0.0053,13.61,-0.0472,62500.0,0.0229,0.0,18028.0,61600.0,0.014700000000000001,-0.0013000000000000002,0.002,0.0,-0.005,0.0,0.0,10.168000000000001
552429732,3,0,-0.073,-0.031,0.03,-0.001,0.0,-0.0264,-0.0034000000000000002,13.61,-0.0472,62632.0,0.0245,0.0,0.0,61348.0,0.016300000000000002,-0.0013000000000000002,0.002,0.0,-0.002,0.0,0.0,10.168000000000001
552433784,3,0,-0.01,-0.053,0.028,-0.001,0.0,-0.027100000000000003,-0.0175,13.61,-0.0472,62632.0,0.0098,0.0,4052.0,61728.0,0.0068000000000000005,-0.0013000000000000002,0.002,0.0,-0.003,0.0,0.0,10.168000000000001
552436868,3,0,0.081,-0.03,0.006,-0.002,0.0,-0.0258,-0.030600000000000002,13.61,-0.046900000000000004,62632.0,-0.0049,0.0,7136.0,61348.0,-0.0034000000000000002,-0.0013000000000000002,0.0021000000000000003,0.0,-0.005,0.0,0.0,10.168000000000001
552441743,3,0,0.018000000000000002,-0.06,-0.014,-0.002,0.0,-0.0244,-0.010400000000000001,13.61,-0.0466,62500.0,0.014700000000000001,0.0,12011.0,61856.0,0.0098,-0.0013000000000000002,0.0021000000000000003,0.0,-0.005,0.0,0.0,10.143
552446958,3,0,0.007,-0.05,-0.009000000000000001,-0.003,0.0,-0.024300000000000002,-0.0165,13.61,-0.0463,62632.0,0.0082,0.0,17226.0,61600.0,0.0055000000000000005,-0.0014,0.0021000000000000003,0.0,-0.005,0.0,0.0,10.143
552449709,3,0,0.061,-0.047,-0.03,-0.004,0.0,-0.0227,-0.011600000000000001,13.61,-0.0461,62632.0,0.0114,0.0,0.0,61348.0,0.0078000000000000005,-0.0014,0.0021000000000000003,0.0,-0.006,0.0,0.0,10.143
552453795,3,0,-0.011,-0.044,-0.036000000000000004,-0.004,0.0,-0.0245,-0.0115,13.61,-0.0458,62500.0,0.014700000000000001,0.0,4086.0,61856.0,0.0092,-0.0014,0.0021000000000000003,0.0,-0.003,0.0,0.0,10.143
552456780,3,0,0.034,-0.027,-0.04,-0.005,0.0,-0.0253,-0.008400000000000001,13.61,-0.045700000000000005,62632.0,0.018000000000000002,0.0,7071.0,61476.0,0.0119,-0.0014,0.0022,0.0,-0.004,0.0,0.0,10.143
552461842,3,0,0.007,-0.062,-0.024,-0.005,0.0,-0.022600000000000002,-0.0173,13.61,-0.0454,62500.0,0.0049,0.0,12133.0,61728.0,0.0037,-0.0014,0.0022,0.0,-0.004,0.0,0.0,10.163
552464834,3,0,0.036000000000000004,-0.001,-0.031,-0.005,0.0,-0.024200000000000003,-0.014700000000000001,13.61,-0.0454,62632.0,0.0098,0.0,15125.0,61476.0,0.0067,-0.0014,0.0022,0.0,-0.004,0.0,0.0,10.163
552469734,3,0,0.024,-0.038,-0.013000000000000001,-0.005,0.0,-0.0245,-0.0182,13.61,-0.0453,62632.0,0.006500000000000001,0.0,0.0,61600.0,0.0045000000000000005,-0.0015,0.0023,0.0,-0.006,0.0,0.0,10.163
552472807,3,0,0.025,0.001,0.004,-0.005,0.0,-0.0253,-0.0195,13.61,-0.0453,62632.0,0.006500000000000001,0.0,3073.0,61348.0,0.0041,-0.0015,0.0023,0.0,-0.005,0.0,0.0,10.163
552478918,3,0,0.049,0.021,0.011,-0.005,0.0,-0.0275,-0.0241,13.61,-0.045200000000000004,62632.0,0.0049,0.0,9184.0,61224.0,0.0024000000000000002,-0.0015,0.0024000000000000002,0.0,-0.007,0.0,0.0,10.163
552481773,3,0,0.064,-0.025,0.031,-0.006,0.0,-0.0285,-0.0244,13.620000000000001,-0.045000000000000005,62500.0,0.0033,0.0,12039.0,61600.0,0.0029000000000000002,-0.0015,0.0024000000000000002,0.0,-0.009000000000000001,0.0,0.0,10.165000000000001
552486830,3,0,0.024,0.007,0.04,-0.006,0.0,-0.0279,-0.019100000000000002,13.620000000000001,-0.0448,62632.0,0.0098,0.0,17096.0,61600.0,0.006200000000000001,-0.0016,0.0026000000000000003,0.0,-0.006,0.0,0.0,10.165000000000001
552488952,3,0,0.025,-0.029,0.039,-0.007,0.0,-0.027100000000000003,-0.0148,13.620000000000001,-0.044700000000000004,62632.0,0.0131,0.0,0.0,61600.0,0.008700000000000001,-0.0016,0.0026000000000000003,0.0,-0.007,0.0,0.0,10.165000000000001
552493815,3,0,-0.013000000000000001,-0.009000000000000001,0.025,-0.007,0.0,-0.0263,-0.0131,13.620000000000001,-0.0446,62500.0,0.014700000000000001,0.0,4863.0,61600.0,0.0094,-0.0016,0.0026000000000000003,0.0,-0.004,0.0,0.0,10.165000000000001
552496808,3,0,0.013000000000000001,-0.008,0.024,-0.007,0.0,-0.027600000000000003,-0.0129,13.620000000000001,-0.0446,62500.0,0.0164,0.0,7856.0,61856.0,0.010400000000000001,-0.0017000000000000001,0.0027,0.0,-0.006,0.0,0.0,10.165000000000001
552501788,3,0,0.013000000000000001,-0.035,0.018000000000000002,-0.007,0.0,-0.027800000000000002,-0.0179,13.620000000000001,-0.0446,62500.0,0.0114,0.0,12836.0,61728.0,0.007,-0.0017000000000000001,0.0027,0.0,-0.007,0.0,0.0,10.173
552506816,3,0,0.025,0.004,-0.013000000000000001,-0.007,0.0,-0.027600000000000003,-0.019100000000000002,13.620000000000001,-0.044700000000000004,62500.0,0.0098,0.0,17864.0,61728.0,0.006,-0.0017000000000000001,0.0028,0.0,-0.007,0.0,0.0,10.173
552508876,3,0,0.038,-0.041,-0.015,-0.007,0.0,-0.027700000000000002,-0.0188,13.620000000000001,-0.0446,62632.0,0.0098,0.0,0.0,61600.0,0.006200000000000001,-0.0017000000000000001,0.0028,0.0,-0.009000000000000001,0.0,0.0,10.173
552513684,3,0,0.006,0.023,-0.031,-0.007,0.0,-0.027600000000000003,-0.0134,13.620000000000001,-0.0446,62760.0,0.014700000000000001,0.0,4808.0,61600.0,0.010100000000000001,-0.0017000000000000001,0.0028,0.0,-0.006,0.0,0.0,10.173
552518720,3,0,0.003,0.006,-0.042,-0.007,0.0,-0.0268,-0.0106,13.620000000000001,-0.0444,62368.0,0.0164,0.0,9844.0,61600.0,0.0115,-0.0018000000000000002,0.0029000000000000002,0.0,-0.006,0.0,0.0,10.173
552520763,3,0,-0.011,-0.016,-0.037,-0.007,0.0,-0.026600000000000002,-0.0092,13.620000000000001,-0.0444,62760.0,0.018000000000000002,0.0,11887.0,61600.0,0.0123,-0.0018000000000000002,0.0029000000000000002,0.0,-0.006,0.0,0.0,10.173
552525803,3,0,-0.014,0.03,-0.028,-0.007,0.0,-0.027100000000000003,-0.010700000000000001,13.620000000000001,-0.0443,62500.0,0.0164,0.0,16927.0,61728.0,0.011600000000000001,-0.0018000000000000002,0.0029000000000000002,0.0,-0.003,0.0,0.0,10.168000000000001
552529823,3,0,-0.007,-0.04,-0.017,-0.008,0.0,-0.0261,-0.0094,13.620000000000001,-0.0442,62632.0,0.018000000000000002,0.0,0.0,61476.0,0.0118,-0.0018000000000000002,0.003,0.0,-0.004,0.0,0.0,10.168000000000001
552532809,3,0,-0.027,0.035,-0.017,-0.007,0.0,-0.0268,-0.0089,13.620000000000001,-0.0443,62632.0,0.018000000000000002,0.0,2986.0,61856.0,0.012700000000000001,-0.0018000000000000002,0.003,0.0,-0.002,0.0,0.0,10.168000000000001
552536816,3,0,-0.018000000000000002,-0.034,0.012,-0.007,0.0,-0.0263,-0.0085,13.620000000000001,-0.0443,62632.0,0.0196,0.0,6993.0,61600.0,0.0126,-0.0018000000000000002,0.003,0.0,-0.003,0.0,0.0,10.168000000000001
552541690,3,0,-0.014,-0.017,0.02,-0.007,0.0,-0.0234,-0.0105,13.620000000000001,-0.0444,62632.0,0.0131,0.0,11867.0,61348.0,0.0091,-0.0019,0.0031000000000000003,0.0,-0.003,0.0,0.0,10.168000000000001
552546814,3,0,-0.009000000000000001,0.038,0.028,-0.007,0.0,-0.0286,-0.0129,13.620000000000001,-0.0444,62500.0,0.0164,0.0,16991.0,61984.0,0.0111,-0.0019,0.0031000000000000003,0.0,-0.003,0.0,0.0,10.13
552548908,3,0,0.016,-0.019,0.039,-0.007,0.0,-0.0307,-0.012400000000000001,13.620000000000001,-0.0444,62500.0,0.0196,0.0,0.0,61476.0,0.0129,-0.0019,0.0032,0.0,-0.004,0.0,0.0,10.13
552553908,3,0,-0.008,0.035,0.028,-0.007,0.0,-0.0285,-0.011300000000000001,13.620000000000001,-0.0443,62632.0,0.018000000000000002,0.0,5000.0,61728.0,0.0122,-0.0019,0.0032,0.0,-0.002,0.0,0.0,10.13
552556820,3,0,-0.006,-0.018000000000000002,0.028,-0.007,0.0,-0.0292,-0.0073,13.620000000000001,-0.0442,62500.0,0.0229,0.0,7912.0,61728.0,0.0155,-0.0019,0.0032,0.0,-0.002,0.0,0.0,10.13
552560922,3,0,-0.039,0.026000000000000002,0.017,-0.007,0.0,-0.0287,-0.0061,13.620000000000001,-0.0443,62368.0,0.0229,0.0,12014.0,61600.0,0.0159,-0.0019,0.0033,0.0,0.001,0.0,0.0,10.13
552565681,3,0,-0.011,0.033,0.002,-0.007,0.0,-0.0313,-0.011000000000000001,13.620000000000001,-0.0442,62368.0,0.0213,0.0,16773.0,61728.0,0.0143,-0.0019,0.0033,0.0,0.001,0.0,0.0,10.129
552569874,3,0,0.01,-0.012,-0.008,-0.007,0.0,-0.0323,-0.012100000000000001,13.620000000000001,-0.044500000000000005,62500.0,0.0213,0.0,0.0,61728.0,0.0143,-0.0019,0.0034000000000000002,0.0,0.001,0.0,0.0,10.129
552574681,3,0,0.016,0.07100000000000001,-0.023,-0.007,0.0,-0.0332,-0.0179,13.620000000000001,-0.0446,62500.0,0.0164,0.0,4807.0,61600.0,0.0108,-0.0019,0.0034000000000000002,0.0,0.002,0.0,0.0,10.129
552576865,3,0,0.03,-0.002,-0.018000000000000002,-0.006,0.0,-0.0342,-0.0166,13.620000000000001,-0.044700000000000004,62632.0,0.018000000000000002,0.0,6991.0,61600.0,0.012400000000000001,-0.0019,0.0035,0.0,-0.002,0.0,0.0,10.129
552581681,3,0,0.01,0.047,-0.036000000000000004,-0.006,0.0,-0.0334,-0.015300000000000001,13.620000000000001,-0.045000000000000005,62632.0,0.018000000000000002,0.0,11807.0,61476.0,0.0128,-0.0019,0.0035,0.0,-0.001,0.0,0.0,10.129
552585884,3,0,-0.012,0.059000000000000004,-0.039,-0.006,0.0,-0.0344,-0.0079,13.620000000000001,-0.0451,62500.0,0.027800000000000002,0.0,16010.0,61600.0,0.0188,-0.0019,0.0035,0.0,-0.001,0.0,0.0,10.129
552590682,3,0,0.004,0.02,-0.023,-0.005,0.0,-0.0392,-0.0125,13.63,-0.045200000000000004,62632.0,0.027800000000000002,0.0,0.0,61856.0,0.0188,-0.0019,0.0036000000000000003,0.0,-0.001,0.0,0.0,10.146
552592891,3,0,-0.012,0.08,-0.023,-0.005,0.0,-0.039900000000000005,-0.0119,13.63,-0.0453,62500.0,0.027800000000000002,0.0,2209.0,61600.0,0.0198,-0.0019,0.0036000000000000003,0.0,0.002,0.0,0.0,10.146
552597851,3,0,-0.013000000000000001,0.02,0.009000000000000001,-0.005,0.0,-0.0344,-0.011300000000000001,13.63,-0.0455,62632.0,0.0246,0.0,7169.0,61476.0,0.0164,-0.0019,0.0037,0.0,0.001,0.0,0.0,10.146
552601899,3,0,-0.028,0.017,0.012,-0.004,0.0,-0.0361,-0.008700000000000001,13.63,-0.0458,62500.0,0.027800000000000002,0.0,11217.0,61476.0,0.0194,-0.0019,0.0037,0.0,0.0,0.0,0.0,10.146
552606828,3,0,-0.039,0.059000000000000004,0.007,-0.004,0.0,-0.0369,-0.0097,13.63,-0.046,62632.0,0.027800000000000002,0.0,16146.0,61600.0,0.019200000000000002,-0.0018000000000000002,0.0037,0.0,0.003,0.0,0.0,10.146
552608951,3,0,-0.023,0.003,0.021,-0.003,0.0,-0.036500000000000005,-0.010100000000000001,13.63,-0.046200000000000005,62632.0,0.027800000000000002,0.0,0.0,61600.0,0.0187,-0.0018000000000000002,0.0037,0.0,0.0,0.0,0.0,10.146
552613950,3,0,-0.027,0.055,0.021,-0.003,0.0,-0.0369,-0.0108,13.63,-0.0466,62632.0,0.027800000000000002,0.0,4999.0,61600.0,0.018500000000000003,-0.0018000000000000002,0.0037,0.0,0.0,0.0,0.0,10.127
552616685,3,0,-0.005,-0.007,0.029,-0.002,0.0,-0.0371,-0.0112,13.63,-0.046700000000000005,62368.0,0.027800000000000002,0.0,7734.0,61728.0,0.0183,-0.0018000000000000002,0.0037,0.0,-0.002,0.0,0.0,10.127
552621689,3,0,-0.024,0.041,0.003,-0.002,0.0,-0.0364,-0.0091,13.63,-0.046900000000000004,62500.0,0.027800000000000002,0.0,12738.0,61728.0,0.0193,-0.0019,0.0038,0.0,-0.002,0.0,0.0,10.127
552626676,3,0,-0.061,0.047,0.004,-0.002,0.0,-0.0367,-0.0032,13.63,-0.046900000000000004,62500.0,0.0344,0.0,17725.0,61476.0,0.023700000000000002,-0.0019,0.0038,0.0,0.0,0.0,0.0,10.127
552628687,3,0,-0.052000000000000005,0.038,-0.002,-0.002,0.0,-0.0374,-0.0025,13.63,-0.047,62368.0,0.036000000000000004,0.0,0.0,61348.0,0.0247,-0.0018000000000000002,0.0038,0.0,0.002,0.0,0.0,10.127
552632880,3,0,-0.05,0.048,-0.025,-0.001,0.0,-0.0361,-0.0067,13.63,-0.0472,62632.0,0.031100000000000003,0.0,4193.0,61600.0,0.020800000000000003,-0.0018000000000000002,0.0038,0.0,0.002,0.0,0.0,10.136000000000001
552637829,3,0,-0.017,-0.026000000000000002,-0.017,-0.001,0.0,-0.0367,-0.007200000000000001,13.63,-0.047400000000000005,62632.0,0.029500000000000002,0.0,9142.0,61476.0,0.020900000000000002,-0.0019,0.0039000000000000003,0.0,-0.001,0.0,0.0,10.136000000000001
552642643,3,0,0.007,0.001,-0.022,-0.001,0.0,-0.033800000000000004,-0.0129,13.63,-0.0475,62632.0,0.0229,0.0,13956.0,61600.0,0.0148,-0.0019,0.0039000000000000003,0.0,0.0,0.0,0.0,10.136000000000001
552644681,3,0,0.01,-0.026000000000000002,-0.021,-0.001,0.0,-0.0352,-0.0108,13.63,-0.047400000000000005,62632.0,0.0246,0.0,15994.0,61600.0,0.0173,-0.0019,0.0039000000000000003,0.0,0.0,0.0,0.0,10.136000000000001
552648997,3,0,0.013000000000000001,0.015,-0.008,-0.001,0.0,-0.0393,-0.0089,13.63,-0.0475,62240.0,0.031100000000000003,0.0,0.0,61348.0,0.021500000000000002,-0.0018000000000000002,0.0039000000000000003,0.0,0.002,0.0,0.0,10.136000000000001
552653644,3,0,-0.02,0.046,-0.006,-0.001,0.0,-0.038700000000000005,-0.0058000000000000005,13.63,-0.0475,62500.0,0.0344,0.0,4647.0,61856.0,0.0233,-0.0018000000000000002,0.0039000000000000003,0.0,0.004,0.0,0.0,10.133000000000001
552657929,3,0,0.013000000000000001,0.004,0.003,-0.001,0.0,-0.039400000000000004,-0.011000000000000001,13.63,-0.0475,62500.0,0.029500000000000002,0.0,8932.0,61600.0,0.02,-0.0018000000000000002,0.004,0.0,0.002,0.0,0.0,10.133000000000001
552661949,3,0,0.017,0.036000000000000004,0.012,0.0,0.0,-0.0391,-0.009000000000000001,13.63,-0.0477,62632.0,0.031100000000000003,0.0,12952.0,61600.0,0.0213,-0.0018000000000000002,0.004,0.0,0.002,0.0,0.0,10.133000000000001
552666680,3,0,-0.013000000000000001,0.051000000000000004,0.02,0.0,0.0,-0.040400000000000005,-0.01,13.63,-0.0478,62500.0,0.0328,0.0,17683.0,61476.0,0.021500000000000002,-0.0018000000000000002,0.004,0.0,0.002,0.0,0.0,10.133000000000001
552668683,3,0,0.009000000000000001,0.057,0.022,0.0,0.0,-0.04,-0.0106,13.63,-0.047900000000000005,62632.0,0.029500000000000002,0.0,0.0,61348.0,0.020800000000000003,-0.0018000000000000002,0.0041,0.0,0.003,0.0,0.0,10.133000000000001
552673916,3,0,-0.021,0.068,0.015,0.001,0.0,-0.040400000000000005,-0.008400000000000001,13.63,-0.048100000000000004,62632.0,0.0344,0.0,5233.0,61476.0,0.022600000000000002,-0.0018000000000000002,0.0041,0.0,0.003,0.0,0.0,10.122
552677956,3,0,-0.009000000000000001,0.003,0.017,0.001,0.0,-0.0408,-0.0097,13.63,-0.0482,62632.0,0.0328,0.0,9273.0,61476.0,0.022000000000000002,-0.0018000000000000002,0.004200000000000001,0.0,0.001,0.0,0.0,10.122
552680683,3,0,-0.018000000000000002,0.057,0.004,0.001,0.0,-0.0408,-0.011600000000000001,13.63,-0.0483,62632.0,0.031100000000000003,0.0,12000.0,61348.0,0.0206,-0.0018000000000000002,0.004200000000000001,0.0,0.003,0.0,0.0,10.122
552684687,3,0,0.02,-0.013000000000000001,0.01,0.001,0.0,-0.0407,-0.013300000000000001,13.63,-0.048400000000000006,62760.0,0.029500000000000002,0.0,16004.0,61600.0,0.0194,-0.0018000000000000002,0.004200000000000001,0.0,0.0,0.0,0.0,10.122
552688688,3,0,-0.013000000000000001,0.044,-0.006,0.001,0.0,-0.0398,-0.0115,13.63,-0.048400000000000006,62500.0,0.029500000000000002,0.0,0.0,61348.0,0.02,-0.0017000000000000001,0.0043,0.0,0.003,0.0,0.0,10.122
552692961,3,0,-0.041,0.024,-0.013000000000000001,0.001,0.0,-0.04,-0.0066,13.63,-0.0485,62500.0,0.0344,0.0,4273.0,61476.0,0.0236,-0.0017000000000000001,0.0043,0.0,0.003,0.0,0.0,10.13
552697956,3,0,-0.044,-0.017,-0.02,0.002,0.0,-0.041,-0.0033,13.63,-0.048600000000000004,62632.0,0.0393,0.0,9268.0,61728.0,0.026600000000000002,-0.0017000000000000001,0.0044,0.0,0.003,0.0,0.0,10.13
552701959,3,0,-0.029,0.023,-0.025,0.002,0.0,-0.038700000000000005,-0.0056,13.63,-0.0489,62368.0,0.0344,0.0,13271.0,61348.0,0.0234,-0.0017000000000000001,0.0044,0.0,0.003,0.0,0.0,10.13
552706686,3,0,-0.042,0.005,-0.022,0.003,0.0,-0.0391,-0.009300000000000001,13.63,-0.049100000000000005,62632.0,0.031100000000000003,0.0,17998.0,61600.0,0.0211,-0.0017000000000000001,0.0044,0.0,0.002,0.0,0.0,10.13
552708958,3,0,-0.006,0.01,-0.023,0.003,0.0,-0.0376,-0.0094,13.63,-0.049300000000000004,62500.0,0.029500000000000002,0.0,0.0,61476.0,0.0199,-0.0017000000000000001,0.0044,0.0,0.002,0.0,0.0,10.13
552713686,3,0,-0.037,0.003,-0.008,0.003,0.0,-0.0367,-0.0085,13.64,-0.049300000000000004,62632.0,0.029500000000000002,0.0,4728.0,61600.0,0.0199,-0.0017000000000000001,0.0044,0.0,0.003,0.0,0.0,10.132
552718680,3,0,-0.026000000000000002,-0.026000000000000002,0.005,0.003,0.0,-0.0369,-0.0044,13.64,-0.049300000000000004,62500.0,0.0344,0.0,9722.0,61476.0,0.023,-0.0016,0.0045000000000000005,0.0,0.002,0.0,0.0,10.132
552720691,3,0,-0.059000000000000004,0.014,0.002,0.003,0.0,-0.0369,-0.0035,13.64,-0.049300000000000004,62760.0,0.036000000000000004,0.0,11733.0,61476.0,0.0236,-0.0016,0.0045000000000000005,0.0,0.004,0.0,0.0,10.132
552725685,3,0,-0.029,-0.021,0.021,0.003,0.0,-0.0366,-0.005,13.64,-0.049300000000000004,62632.0,0.0328,0.0,16727.0,61476.0,0.0223,-0.0016,0.0045000000000000005,0.0,0.004,0.0,0.0,10.132
552729958,3,0,-0.009000000000000001,-0.019,0.023,0.003,0.0,-0.0339,-0.0057,13.64,-0.049300000000000004,62632.0,0.029500000000000002,0.0,0.0,61600.0,0.02,-0.0016,0.0045000000000000005,0.0,0.006,0.0,0.0,10.132
552734686,3,0,-0.045,0.017,0.014,0.003,0.0,-0.0349,-0.006900000000000001,13.64,-0.049300000000000004,62632.0,0.029500000000000002,0.0,4728.0,61476.0,0.0198,-0.0016,0.0045000000000000005,0.0,0.009000000000000001,0.0,0.0,10.132
552736851,3,0,-0.018000000000000002,0.015,0.017,0.003,0.0,-0.0368,-0.0061,13.64,-0.049300000000000004,62500.0,0.031100000000000003,0.0,6893.0,61600.0,0.0217,-0.0015,0.0046,0.0,0.008,0.0,0.0,10.132
552741686,3,0,-0.019,0.006,0.014,0.003,0.0,-0.0346,-0.0091,13.64,-0.0494,62632.0,0.0262,0.0,11728.0,61224.0,0.018000000000000002,-0.0015,0.0046,0.0,0.008,0.0,0.0,10.132
552746686,3,0,-0.019,-0.025,0.008,0.003,0.0,-0.034800000000000005,-0.0079,13.64,-0.0494,62500.0,0.0279,0.0,16728.0,61728.0,0.019,-0.0015,0.0046,0.0,0.007,0.0,0.0,10.132
552748967,3,0,0.022,0.027,-0.002,0.003,0.0,-0.0368,-0.0118,13.64,-0.0494,62632.0,0.0262,0.0,0.0,61348.0,0.0177,-0.0014,0.0047,0.0,0.008,0.0,0.0,10.132
552753676,3,0,0.009000000000000001,-0.009000000000000001,-0.012,0.003,0.0,-0.0376,-0.0135,13.64,-0.049300000000000004,62632.0,0.0246,0.0,4709.0,61476.0,0.0171,-0.0014,0.0047,0.0,0.008,0.0,0.0,10.129
552757957,3,0,0.021,-0.001,-0.015,0.003,0.0,-0.0361,-0.013800000000000002,13.64,-0.049100000000000005,62500.0,0.0229,0.0,8990.0,61348.0,0.0158,-0.0013000000000000002,0.0048000000000000004,0.0,0.008,0.0,0.0,10.129
552760697,3,0,-0.008,-0.01,-0.016,0.003,0.0,-0.0359,-0.0109,13.64,-0.049,62632.0,0.0262,0.0,11730.0,61856.0,0.0177,-0.0013000000000000002,0.0048000000000000004,0.0,0.01,0.0,0.0,10.129
552765684,3,0,0.006,-0.005,-0.014,0.002,0.0,-0.0352,-0.0122,13.64,-0.0488,62632.0,0.0229,0.0,16717.0,61348.0,0.016300000000000002,-0.0013000000000000002,0.0048000000000000004,0.0,0.01,0.0,0.0,10.129
552768682,3,0,-0.024,0.001,-0.014,0.002,0.0,-0.0369,-0.010700000000000001,13.64,-0.0488,62632.0,0.0262,0.0,0.0,61476.0,0.018500000000000003,-0.0012000000000000001,0.0048000000000000004,0.0,0.012,0.0,0.0,10.129
552772685,3,0,0.018000000000000002,-0.008,-0.017,0.002,0.0,-0.0356,-0.016,13.64,-0.0487,62500.0,0.0213,0.0,4003.0,61600.0,0.013900000000000001,-0.0012000000000000001,0.0048000000000000004,0.0,0.011,0.0,0.0,10.129
552776687,3,0,0.039,0.009000000000000001,-0.006,0.002,0.0,-0.0354,-0.0154,13.64,-0.0488,62500.0,0.0213,0.0,8005.0,61224.0,0.014100000000000001,-0.0012000000000000001,0.0048000000000000004,0.0,0.01,0.0,0.0,10.184000000000001
552781678,3,0,0.015,-0.01,-0.005,0.002,0.0,-0.0342,-0.017400000000000002,13.64,-0.0488,62632.0,0.018000000000000002,0.0,12996.0,61224.0,0.0119,-0.0012000000000000001,0.0049,0.0,0.008,0.0,0.0,10.184000000000001
552785966,3,0,0.009000000000000001,-0.017,0.01,0.002,0.0,-0.0359,-0.015000000000000001,13.64,-0.0488,62632.0,0.0213,0.0,17284.0,61600.0,0.0148,-0.0012000000000000001,0.0049,0.0,0.007,0.0,0.0,10.184000000000001
552790681,3,0,0.024,0.01,0.017,0.002,0.0,-0.035500000000000004,-0.013000000000000001,13.64,-0.0488,62368.0,0.0246,0.0,0.0,61476.0,0.0159,-0.0011,0.005,0.0,0.007,0.0,0.0,10.184000000000001
552792957,3,0,-0.012,-0.022,0.02,0.002,0.0,-0.034800000000000005,-0.0114,13.64,-0.0487,62632.0,0.0246,0.0,2276.0,61476.0,0.0165,-0.0011,0.005,0.0,0.008,0.0,0.0,10.184000000000001
552796984,3,0,0.014,0.016,0.018000000000000002,0.002,0.0,-0.0356,-0.0125,13.64,-0.0487,62500.0,0.0246,0.0,6303.0,61476.0,0.016300000000000002,-0.001,0.0051,0.0,0.009000000000000001,0.0,0.0,10.197000000000001
552801161,3,0,-0.012,-0.027,0.019,0.002,0.0,-0.034,-0.0112,13.64,-0.0487,62500.0,0.0246,0.0,10480.0,61476.0,0.0161,-0.001,0.0051,0.0,0.008,0.0,0.0,10.197000000000001
552805962,3,0,-0.052000000000000005,-0.026000000000000002,0.005,0.002,0.0,-0.0329,-0.007200000000000001,13.64,-0.0488,62368.0,0.0262,0.0,15281.0,61728.0,0.0182,-0.001,0.0051,0.0,0.009000000000000001,0.0,0.0,10.197000000000001
552809972,3,0,-0.002,0.002,-0.011,0.002,0.0,-0.0322,-0.0094,13.64,-0.0489,62760.0,0.0246,0.0,0.0,61224.0,0.0162,-0.0009000000000000001,0.0051,0.0,0.007,0.0,0.0,10.197000000000001
552814016,3,0,-0.039,-0.04,0.001,0.003,0.0,-0.0339,-0.010100000000000001,13.64,-0.049,62500.0,0.0262,0.0,4044.0,61476.0,0.016800000000000002,-0.0009000000000000001,0.0051,0.0,0.006,0.0,0.0,10.197000000000001
552816682,3,0,0.006,-0.022,-0.001,0.003,0.0,-0.0325,-0.010400000000000001,13.65,-0.049,62500.0,0.023,0.0,6710.0,61600.0,0.015600000000000001,-0.0009000000000000001,0.0051,0.0,0.005,0.0,0.0,10.133000000000001
552821678,3,0,-0.014,-0.043000000000000003,-0.011,0.003,0.0,-0.0328,-0.012700000000000001,13.65,-0.049,62760.0,0.0213,0.0,11706.0,61476.0,0.0142,-0.0009000000000000001,0.005200000000000001,0.0,0.005,0.0,0.0,10.133000000000001
552825977,3,0,-0.01,-0.005,-0.013000000000000001,0.002,0.0,-0.033100000000000004,-0.01,13.65,-0.049,62368.0,0.0246,0.0,16005.0,61600.0,0.016300000000000002,-0.0009000000000000001,0.005200000000000001,0.0,0.007,0.0,0.0,10.133000000000001
552829982,3,0,-0.003,-0.005,-0.015,0.002,0.0,-0.034,-0.0078000000000000005,13.65,-0.0488,62500.0,0.0279,0.0,0.0,61348.0,0.018500000000000003,-0.0008,0.0053,0.0,0.007,0.0,0.0,10.133000000000001
552832701,3,0,-0.013000000000000001,0.008,-0.016,0.002,0.0,-0.033100000000000004,-0.0068000000000000005,13.65,-0.0489,62760.0,0.0279,0.0,2719.0,61476.0,0.018600000000000002,-0.0008,0.0053,0.0,0.009000000000000001,0.0,0.0,10.133000000000001
552837835,3,0,-0.003,0.005,-0.003,0.002,0.0,-0.033600000000000005,-0.008400000000000001,13.65,-0.0488,62632.0,0.0262,0.0,7853.0,61600.0,0.0178,-0.0007,0.0053,0.0,0.008,0.0,0.0,10.108
552841990,3,0,0.059000000000000004,-0.018000000000000002,0.007,0.002,0.0,-0.0354,-0.019100000000000002,13.65,-0.0488,62632.0,0.018000000000000002,0.0,12008.0,61476.0,0.011600000000000001,-0.0007,0.0053,0.0,0.007,0.0,0.0,10.108
552846679,3,0,0.002,0.02,0.012,0.002,0.0,-0.035500000000000004,-0.016800000000000002,13.65,-0.0487,62760.0,0.019700000000000002,0.0,16697.0,61348.0,0.0132,-0.0007,0.0053,0.0,0.009000000000000001,0.0,0.0,10.108
552848684,3,0,0.044,-0.021,0.007,0.002,0.0,-0.035,-0.016300000000000002,13.65,-0.0487,62632.0,0.019700000000000002,0.0,0.0,61348.0,0.0132,-0.0007,0.0054,0.0,0.006,0.0,0.0,10.108
552852998,3,0,0.027,0.013000000000000001,0.015,0.001,0.0,-0.034800000000000005,-0.0219,13.65,-0.0485,62632.0,0.0131,0.0,4314.0,61600.0,0.0091,-0.0007,0.0054,0.0,0.007,0.0,0.0,10.108
552857027,3,0,0.095,0.021,0.01,0.001,0.0,-0.0352,-0.0178,13.65,-0.0483,62500.0,0.018000000000000002,0.0,8343.0,61476.0,0.0123,-0.0006000000000000001,0.0055000000000000005,0.0,0.004,0.0,0.0,10.108
552861678,3,0,0.021,-0.011,0.01,0.001,0.0,-0.0367,-0.0195,13.65,-0.0482,62632.0,0.018000000000000002,0.0,12994.0,61224.0,0.0122,-0.0006000000000000001,0.0055000000000000005,0.0,0.005,0.0,0.0,10.155
552865819,3,0,0.067,0.043000000000000003,0.0,0.0,0.0,-0.0362,-0.018000000000000002,13.65,-0.048100000000000004,62368.0,0.019700000000000002,0.0,17135.0,61224.0,0.0129,-0.0006000000000000001,0.0055000000000000005,0.0,0.006,0.0,0.0,10.155
552870013,3,0,0.058,0.004,0.003,0.0,0.0,-0.035300000000000005,-0.021500000000000002,13.65,-0.047900000000000005,62632.0,0.0131,0.0,0.0,61600.0,0.0098,-0.0006000000000000001,0.0056,0.0,0.004,0.0,0.0,10.155
552874061,3,0,0.029,-0.012,-0.015,0.0,0.0,-0.0364,-0.0199,13.65,-0.047900000000000005,62632.0,0.0164,0.0,4048.0,61224.0,0.0117,-0.0006000000000000001,0.0056,0.0,0.004,0.0,0.0,10.155
552876679,3,0,0.037,-0.028,-0.013000000000000001,0.0,0.0,-0.035500000000000004,-0.020300000000000002,13.65,-0.0478,62632.0,0.0164,0.0,6666.0,61476.0,0.010700000000000001,-0.0006000000000000001,0.0056,0.0,0.003,0.0,0.0,10.155
552880679,3,0,0.02,0.007,-0.013000000000000001,0.0,0.0,-0.0352,-0.0193,13.65,-0.047900000000000005,62500.0,0.0164,0.0,10666.0,61348.0,0.0112,-0.0005,0.0057,0.0,0.003,0.0,0.0,10.155
552884782,3,0,0.032,0.009000000000000001,-0.02,0.0,0.0,-0.035300000000000005,-0.0217,13.65,-0.0478,62760.0,0.014700000000000001,0.0,14769.0,61728.0,0.009600000000000001,-0.0005,0.0057,0.0,0.002,0.0,0.0,10.108
552890027,3,0,0.046,-0.023,-0.01,0.0,0.0,-0.0349,-0.0218,13.65,-0.0476,62500.0,0.0131,0.0,0.0,61476.0,0.009300000000000001,-0.0005,0.0058000000000000005,0.0,0.001,0.0,0.0,10.108
552894090,3,0,-0.015,-0.021,0.003,0.0,0.0,-0.0342,-0.0148,13.65,-0.0477,62632.0,0.0213,0.0,4063.0,61600.0,0.0137,-0.0005,0.0058000000000000005,0.0,0.002,0.0,0.0,10.108
552896683,3,0,-0.007,-0.055,0.005,0.0,0.0,-0.0337,-0.013600000000000001,13.65,-0.0476,62500.0,0.019700000000000002,0.0,6656.0,61600.0,0.0142,-0.0005,0.0058000000000000005,0.0,0.001,0.0,0.0,10.108
552901678,3,0,-0.043000000000000003,-0.036000000000000004,0.003,-0.001,0.0,-0.0325,-0.0109,13.65,-0.0476,62500.0,0.023,0.0,11651.0,61348.0,0.015300000000000001,-0.0005,0.0059,0.0,0.002,0.0,0.0,10.108
552906037,3,0,-0.039,0.013000000000000001,0.004,-0.001,0.0,-0.031900000000000005,-0.0137,13.65,-0.0476,62368.0,0.018000000000000002,0.0,16010.0,61728.0,0.0128,-0.0005,0.0059,0.0,0.003,0.0,0.0,10.091000000000001
552910042,3,0,-0.007,-0.043000000000000003,0.019,-0.001,0.0,-0.0332,-0.0142,13.65,-0.0476,62500.0,0.019700000000000002,0.0,0.0,61224.0,0.0135,-0.0005,0.0059,0.0,0.001,0.0,0.0,10.091000000000001
552914093,3,0,-0.001,-0.023,0.014,0.0,0.0,-0.0316,-0.019200000000000002,13.65,-0.0476,62500.0,0.0131,0.0,4051.0,61476.0,0.008700000000000001,-0.0005,0.0059,0.0,0.0,0.0,0.0,10.091000000000001
552916681,3,0,-0.01,-0.064,0.024,-0.001,0.0,-0.031200000000000002,-0.015700000000000002,13.65,-0.0475,62500.0,0.0164,0.0,6639.0,61476.0,0.011000000000000001,-0.0005,0.0059,0.0,0.0,0.0,0.0,10.091000000000001
552921677,3,0,-0.024,-0.034,0.013000000000000001,-0.001,0.0,-0.031400000000000004,-0.0106,13.65,-0.0475,62368.0,0.0213,0.0,11635.0,61600.0,0.014700000000000001,-0.0005,0.006,0.0,0.001,0.0,0.0,10.091000000000001
552926053,3,0,-0.027,0.017,0.002,-0.001,0.0,-0.0323,-0.012400000000000001,13.65,-0.047400000000000005,62632.0,0.0213,0.0,16011.0,61476.0,0.014100000000000001,-0.0005,0.006,0.0,0.004,0.0,0.0,10.154
552928689,3,0,-0.019,-0.004,0.003,-0.001,0.0,-0.032100000000000004,-0.013000000000000001,13.65,-0.047400000000000005,62632.0,0.019700000000000002,0.0,0.0,61476.0,0.0135,-0.0004,0.006,0.0,0.003,0.0,0.0,10.154
552933057,3,0,-0.024,0.018000000000000002,-0.005,-0.001,0.0,-0.0324,-0.014100000000000001,13.65,-0.0472,62632.0,0.019700000000000002,0.0,4368.0,61348.0,0.0129,-0.0004,0.006,0.0,0.005,0.0,0.0,10.154
552937832,3,0,-0.009000000000000001,-0.03,-0.009000000000000001,-0.001,0.0,-0.033600000000000005,-0.0142,13.65,-0.0472,62632.0,0.019700000000000002,0.0,9143.0,61476.0,0.0137,-0.0004,0.0061,0.0,0.003,0.0,0.0,10.154
552942064,3,0,0.005,-0.042,-0.007,-0.001,0.0,-0.0335,-0.0159,13.65,-0.0472,62632.0,0.018000000000000002,0.0,13375.0,61600.0,0.012400000000000001,-0.0004,0.0061,0.0,0.002,0.0,0.0,10.154
552946677,3,0,-0.019,0.043000000000000003,-0.017,-0.001,0.0,-0.034800000000000005,-0.015000000000000001,13.65,-0.0472,62240.0,0.019700000000000002,0.0,17988.0,61476.0,0.014,-0.0004,0.0061,0.0,0.005,0.0,0.0,10.138
552948678,3,0,-0.001,-0.006,-0.017,-0.001,0.0,-0.0354,-0.015000000000000001,13.65,-0.0472,62632.0,0.0213,0.0,0.0,61348.0,0.0145,-0.0004,0.006200000000000001,0.0,0.004,0.0,0.0,10.138
552953074,3,0,0.009000000000000001,0.052000000000000005,-0.026000000000000002,-0.001,0.0,-0.0362,-0.0198,13.65,-0.0472,62500.0,0.0164,0.0,4396.0,61476.0,0.011600000000000001,-0.0004,0.006200000000000001,0.0,0.005,0.0,0.0,10.138
552957103,3,0,0.026000000000000002,-0.016,0.005,-0.001,0.0,-0.0357,-0.0199,13.65,-0.0471,62500.0,0.0164,0.0,8425.0,61348.0,0.0112,-0.00030000000000000003,0.0063,0.0,0.003,0.0,0.0,10.138
552961219,3,0,0.012,0.021,-0.004,-0.001,0.0,-0.036000000000000004,-0.0166,13.65,-0.0472,62500.0,0.019700000000000002,0.0,12541.0,61224.0,0.0137,-0.00030000000000000003,0.0063,0.0,0.004,0.0,0.0,10.138
552966127,3,0,-0.015,0.055,0.0,-0.001,0.0,-0.0363,-0.0155,13.65,-0.0471,62500.0,0.0213,0.0,17449.0,61224.0,0.014700000000000001,-0.00030000000000000003,0.0063,0.0,0.005,0.0,0.0,10.078
552968677,3,0,0.001,0.011,0.008,-0.001,0.0,-0.036500000000000005,-0.0152,13.65,-0.0472,62500.0,0.0213,0.0,0.0,61348.0,0.015000000000000001,-0.00030000000000000003,0.0064,0.0,0.005,0.0,0.0,10.078
552972677,3,0,-0.004,0.042,0.009000000000000001,-0.001,0.0,-0.037200000000000004,-0.0179,13.65,-0.0471,62500.0,0.0213,0.0,4000.0,61476.0,0.013600000000000001,-0.00030000000000000003,0.0064,0.0,0.006,0.0,0.0,10.078
552977123,3,0,0.018000000000000002,-0.014,0.013000000000000001,-0.001,0.0,-0.038200000000000005,-0.019,13.65,-0.0471,62240.0,0.019700000000000002,0.0,8446.0,61600.0,0.013600000000000001,-0.0002,0.006500000000000001,0.0,0.004,0.0,0.0,10.078
552981674,3,0,0.029,0.028,0.009000000000000001,-0.001,0.0,-0.037000000000000005,-0.021,13.65,-0.0472,62632.0,0.018000000000000002,0.0,12997.0,61348.0,0.011300000000000001,-0.0002,0.006500000000000001,0.0,0.005,0.0,0.0,10.078
552985687,3,0,-0.002,0.028,0.012,-0.001,0.0,-0.0379,-0.0167,13.66,-0.0471,62632.0,0.0213,0.0,17010.0,61600.0,0.015000000000000001,-0.0002,0.006500000000000001,0.0,0.005,0.0,0.0,10.149000000000001
552990114,3,0,0.008,-0.018000000000000002,0.003,-0.001,0.0,-0.0383,-0.0143,13.66,-0.0471,62500.0,0.0246,0.0,0.0,61224.0,0.017,-0.0002,0.0066,0.0,0.005,0.0,0.0,10.149000000000001
552992718,3,0,-0.008,-0.001,0.001,-0.001,0.0,-0.0376,-0.0143,13.66,-0.0471,62368.0,0.0246,0.0,2604.0,61100.0,0.0165,-0.0002,0.0066,0.0,0.006,0.0,0.0,10.149000000000001
552997131,3,0,-0.003,-0.024,0.001,-0.001,0.0,-0.0358,-0.0131,13.66,-0.0472,62500.0,0.0246,0.0,7017.0,61476.0,0.0161,-0.0001,0.0066,0.0,0.005,0.0,0.0,10.149000000000001
553001676,3,0,0.001,0.036000000000000004,-0.026000000000000002,-0.001,0.0,-0.0378,-0.0151,13.66,-0.047400000000000005,62500.0,0.023,0.0,11562.0,61348.0,0.0161,-0.0001,0.0066,0.0,0.005,0.0,0.0,10.149000000000001
553006150,3,0,-0.032,0.044,-0.021,-0.001,0.0,-0.0379,-0.0114,13.66,-0.047400000000000005,62500.0,0.0279,0.0,16036.0,61224.0,0.0187,-0.0001,0.0066,0.0,0.006,0.0,0.0,10.153
553008677,3,0,-0.009000000000000001,0.035,-0.014,-0.001,0.0,-0.038,-0.0114,13.66,-0.0476,62500.0,0.0279,0.0,0.0,61348.0,0.0189,-0.0001,0.0067,0.0,0.006,0.0,0.0,10.153
553012701,3,0,-0.045,0.027,-0.007,0.0,0.0,-0.0381,-0.010100000000000001,13.66,-0.0477,62500.0,0.029500000000000002,0.0,4024.0,61600.0,0.0198,-0.0001,0.0067,0.0,0.006,0.0,0.0,10.153
553017147,3,0,-0.026000000000000002,-0.019,-0.006,0.0,0.0,-0.0369,-0.0088,13.66,-0.047900000000000005,62112.0,0.0279,0.0,8470.0,61224.0,0.0199,0.0,0.0067,0.0,0.005,0.0,0.0,10.153
553021676,3,0,-0.023,0.048,-0.008,0.001,0.0,-0.0374,-0.0109,13.66,-0.048100000000000004,62500.0,0.0279,0.0,12999.0,61348.0,0.0187,0.0,0.0067,0.0,0.006,0.0,0.0,10.153
553025834,3,0,-0.025,0.01,0.006,0.001,0.0,-0.038700000000000005,-0.0122,13.66,-0.048100000000000004,62240.0,0.0279,0.0,17157.0,61600.0,0.0187,0.0,0.0067,0.0,0.005,0.0,0.0,10.104000000000001
553030131,3,0,-0.017,-0.014,0.015,0.001,0.0,-0.0381,-0.0082,13.66,-0.0483,62500.0,0.031200000000000002,0.0,0.0,61348.0,0.0211,0.0001,0.0068000000000000005,0.0,0.005,0.0,0.0,10.104000000000001
553034181,3,0,-0.05,0.056,0.018000000000000002,0.001,0.0,-0.0393,-0.0054,13.66,-0.048400000000000006,62632.0,0.0361,0.0,4050.0,61348.0,0.0239,0.0001,0.0068000000000000005,0.0,0.008,0.0,0.0,10.104000000000001
553038326,3,0,-0.016,-0.005,0.022,0.001,0.0,-0.0392,-0.0108,13.66,-0.048400000000000006,62632.0,0.029500000000000002,0.0,8195.0,61348.0,0.0201,0.0001,0.006900000000000001,0.0,0.007,0.0,0.0,10.104000000000001
553040677,3,0,-0.014,0.055,0.011,0.001,0.0,-0.040100000000000004,-0.0137,13.66,-0.048400000000000006,62500.0,0.0279,0.0,10546.0,61348.0,0.0187,0.0001,0.006900000000000001,0.0,0.008,0.0,0.0,10.104000000000001
553045143,3,0,-0.018000000000000002,0.013000000000000001,0.016,0.001,0.0,-0.0424,-0.010400000000000001,13.66,-0.048400000000000006,62500.0,0.0328,0.0,15012.0,61476.0,0.0227,0.0001,0.006900000000000001,0.0,0.009000000000000001,0.0,0.0,10.139
553049193,3,0,0.052000000000000005,0.037,0.014,0.001,0.0,-0.0424,-0.0177,13.66,-0.0485,62500.0,0.0262,0.0,0.0,61600.0,0.017400000000000002,0.0002,0.007,0.0,0.008,0.0,0.0,10.139
553053674,3,0,-0.002,0.05,-0.001,0.001,0.0,-0.042800000000000005,-0.013600000000000001,13.66,-0.048400000000000006,62500.0,0.029500000000000002,0.0,4481.0,61224.0,0.0207,0.0002,0.007,0.0,0.01,0.0,0.0,10.139
553057837,3,0,0.029,0.008,0.0,0.001,0.0,-0.0424,-0.013600000000000001,13.66,-0.0483,62112.0,0.029500000000000002,0.0,8644.0,61728.0,0.0204,0.00030000000000000003,0.0071,0.0,0.008,0.0,0.0,10.139
553062157,3,0,0.044,0.052000000000000005,-0.011,0.001,0.0,-0.0434,-0.0125,13.66,-0.048400000000000006,62500.0,0.0328,0.0,12964.0,61600.0,0.0218,0.00030000000000000003,0.0071,0.0,0.009000000000000001,0.0,0.0,10.139
553066231,3,0,-0.017,0.03,-0.013000000000000001,0.001,0.0,-0.0441,-0.016800000000000002,13.66,-0.048400000000000006,62500.0,0.0279,0.0,17038.0,61100.0,0.0193,0.0004,0.0071,0.0,0.01,0.0,0.0,10.096
553068676,3,0,0.0,0.051000000000000004,-0.02,0.002,0.0,-0.0432,-0.0131,13.66,-0.048600000000000004,62632.0,0.031200000000000002,0.0,0.0,61100.0,0.0212,0.0004,0.0071,0.0,0.009000000000000001,0.0,0.0,10.096
553073163,3,0,-0.019,0.032,-0.018000000000000002,0.002,0.0,-0.044000000000000004,-0.015600000000000001,13.66,-0.0488,62500.0,0.029500000000000002,0.0,4487.0,61224.0,0.0201,0.0004,0.0071,0.0,0.008,0.0,0.0,10.096
553077676,3,0,-0.004,0.002,-0.011,0.002,0.0,-0.043000000000000003,-0.0128,13.66,-0.049,62368.0,0.031200000000000002,0.0,9000.0,61476.0,0.021400000000000002,0.0004,0.007200000000000001,0.0,0.005,0.0,0.0,10.096
553082170,3,0,-0.049,0.016,-0.015,0.003,0.0,-0.041100000000000005,-0.0081,13.66,-0.049300000000000004,62368.0,0.0345,0.0,13494.0,61476.0,0.0233,0.0004,0.007200000000000001,0.0,0.006,0.0,0.0,10.096
553086221,3,0,-0.066,-0.013000000000000001,-0.003,0.004,0.0,-0.0405,-0.0076,13.66,-0.049600000000000005,62500.0,0.0345,0.0,17545.0,61600.0,0.0233,0.0004,0.007200000000000001,0.0,0.005,0.0,0.0,10.146
553088682,3,0,-0.04,0.004,-0.003,0.004,0.0,-0.0413,-0.011000000000000001,13.66,-0.0497,62500.0,0.031200000000000002,0.0,0.0,61600.0,0.021500000000000002,0.0005,0.0073,0.0,0.005,0.0,0.0,10.146
553093180,3,0,-0.112,-0.009000000000000001,0.005,0.004,0.0,-0.042100000000000005,-0.004200000000000001,13.66,-0.0499,62500.0,0.039400000000000004,0.0,4498.0,61476.0,0.0268,0.0005,0.0073,0.0,0.005,0.0,0.0,10.146
553097182,3,0,-0.07200000000000001,-0.008,0.009000000000000001,0.005,0.0,-0.041600000000000005,-0.0014,13.66,-0.0502,62368.0,0.041,0.0,8500.0,61476.0,0.0284,0.0005,0.0074,0.0,0.004,0.0,0.0,10.146
553101676,3,0,-0.101,0.004,0.017,0.006,0.0,-0.0412,-0.003,13.66,-0.0505,62500.0,0.039400000000000004,0.0,12994.0,61600.0,0.027,0.0005,0.0074,0.0,0.006,0.0,0.0,10.146
553105677,3,0,-0.081,-0.022,0.02,0.006,0.0,-0.0397,-0.0024000000000000002,13.66,-0.0507,62368.0,0.0378,0.0,16995.0,61600.0,0.0264,0.0005,0.0074,0.0,0.004,0.0,0.0,10.139
553110191,3,0,-0.073,0.002,0.011,0.007,0.0,-0.0408,0.0015,13.66,-0.051000000000000004,62500.0,0.0443,0.0,0.0,61348.0,0.029900000000000003,0.0006000000000000001,0.0074,0.0,0.006,0.0,0.0,10.139
553114239,3,0,-0.037,-0.001,0.011,0.007,0.0,-0.0396,-0.008400000000000001,13.66,-0.0511,62500.0,0.0328,0.0,4048.0,61476.0,0.0221,0.0006000000000000001,0.0074,0.0,0.005,0.0,0.0,10.139
553118675,3,0,-0.033,-0.006,0.011,0.007,0.0,-0.0403,-0.0061,13.66,-0.0512,62500.0,0.0361,0.0,8484.0,61600.0,0.024200000000000003,0.0007,0.007500000000000001,0.0,0.006,0.0,0.0,10.139
553120687,3,0,-0.029,-0.007,0.006,0.007,0.0,-0.0405,-0.0057,13.66,-0.0511,62500.0,0.0361,0.0,10496.0,61476.0,0.0246,0.0007,0.007500000000000001,0.0,0.007,0.0,0.0,10.139
553125202,3,0,-0.045,-0.003,-0.012,0.007,0.0,-0.0409,-0.006,13.66,-0.0509,62368.0,0.0361,0.0,15011.0,61224.0,0.0246,0.0007,0.007500000000000001,0.0,0.008,0.0,0.0,10.116
553129251,3,0,0.06,0.023,-0.016,0.006,0.0,-0.041,-0.0063,13.66,-0.0509,62500.0,0.0361,0.0,0.0,61476.0,0.0245,0.0008,0.0074,0.0,0.008,0.0,0.0,10.116
553134254,3,0,0.005,0.008,-0.023,0.006,0.0,-0.042800000000000005,-0.0143,13.66,-0.0507,62368.0,0.029500000000000002,0.0,5003.0,61476.0,0.020200000000000003,0.0008,0.0074,0.0,0.01,0.0,0.0,10.116
553138362,3,0,0.056,0.033,-0.015,0.006,0.0,-0.0439,-0.011600000000000001,13.66,-0.0506,62368.0,0.0345,0.0,9111.0,61348.0,0.0229,0.0008,0.007500000000000001,0.0,0.009000000000000001,0.0,0.0,10.116
553140677,3,0,-0.011,0.017,-0.014,0.006,0.0,-0.0446,-0.0123,13.66,-0.0506,62500.0,0.0328,0.0,11426.0,61476.0,0.0228,0.0008,0.007500000000000001,0.0,0.01,0.0,0.0,10.116
553144677,3,0,0.057,0.045,-0.023,0.006,0.0,-0.0439,-0.0088,13.66,-0.0507,62500.0,0.0361,0.0,15426.0,61476.0,0.024800000000000003,0.0008,0.007500000000000001,0.0,0.008,0.0,0.0,10.116
553148677,3,0,0.031,0.027,-0.011,0.006,0.0,-0.0442,-0.0184,13.66,-0.050800000000000005,62500.0,0.0263,0.0,0.0,61348.0,0.0183,0.0009000000000000001,0.007500000000000001,0.0,0.007,0.0,0.0,10.155
553152682,3,0,0.04,0.046,-0.005,0.006,0.0,-0.0439,-0.013800000000000002,13.66,-0.0509,62632.0,0.031200000000000002,0.0,4005.0,61476.0,0.0213,0.0009000000000000001,0.007500000000000001,0.0,0.006,0.0,0.0,10.155
553157226,3,0,0.046,0.047,0.003,0.007,0.0,-0.043000000000000003,-0.017,13.66,-0.051000000000000004,62500.0,0.0263,0.0,8549.0,61600.0,0.0184,0.001,0.0077,0.0,0.005,0.0,0.0,10.155
553161677,3,0,0.037,0.008,0.015,0.007,0.0,-0.0436,-0.0172,13.66,-0.051000000000000004,62500.0,0.0279,0.0,13000.0,61348.0,0.0187,0.001,0.0077,0.0,0.004,0.0,0.0,10.155
553166298,3,0,0.0,0.026000000000000002,0.022,0.007,0.0,-0.0443,-0.0125,13.67,-0.0509,62500.0,0.0328,0.0,17621.0,61600.0,0.022500000000000003,0.001,0.0078000000000000005,0.0,0.007,0.0,0.0,10.118
553168676,3,0,-0.002,0.011,0.019,0.006,0.0,-0.0444,-0.009600000000000001,13.67,-0.0509,62240.0,0.0361,0.0,0.0,61600.0,0.0247,0.001,0.0078000000000000005,0.0,0.008,0.0,0.0,10.118
553172676,3,0,-0.021,0.019,0.012,0.007,0.0,-0.0409,-0.009300000000000001,13.67,-0.051000000000000004,62368.0,0.0328,0.0,4000.0,61224.0,0.0223,0.001,0.0078000000000000005,0.0,0.01,0.0,0.0,10.118
553176676,3,0,-0.009000000000000001,0.012,0.004,0.007,0.0,-0.0408,-0.009600000000000001,13.67,-0.051000000000000004,62368.0,0.0328,0.0,8000.0,61600.0,0.022000000000000002,0.0011,0.0079,0.0,0.01,0.0,0.0,10.118
553181242,3,0,-0.005,-0.015,0.012,0.007,0.0,-0.042,-0.0119,13.67,-0.0511,62760.0,0.031200000000000002,0.0,12566.0,61476.0,0.0213,0.0011,0.0079,0.0,0.009000000000000001,0.0,0.0,10.118
553185386,3,0,-0.016,0.019,-0.007,0.007,0.0,-0.0396,-0.010400000000000001,13.67,-0.0512,62240.0,0.029500000000000002,0.0,16710.0,61476.0,0.0207,0.0011,0.0079,0.0,0.01,0.0,0.0,10.118
553190250,3,0,0.001,0.001,-0.015,0.007,0.0,-0.037200000000000004,-0.0088,13.67,-0.051300000000000005,62368.0,0.0296,0.0,0.0,61476.0,0.0201,0.0012000000000000001,0.0079,0.0,0.008,0.0,0.0,10.183
553194297,3,0,-0.022,-0.039,-0.013000000000000001,0.005,0.0,-0.0376,-0.0066,13.67,-0.051300000000000005,62632.0,0.0328,-0.0012000000000000001,4047.0,61476.0,0.022000000000000002,0.0012000000000000001,0.0079,0.0,0.008,0.0,0.012,10.183
553196677,3,0,-0.013000000000000001,-0.026000000000000002,-0.021,0.003,0.0,-0.037000000000000005,-0.0054,13.67,-0.0512,62500.0,0.0345,-0.0018000000000000002,6427.0,61476.0,0.0223,0.0013000000000000002,0.008,0.0,0.008,0.0,0.018000000000000002,10.183
553201257,3,0,-0.024,-0.051000000000000004,-0.014,0.0,0.0,-0.0359,-0.0063,13.67,-0.0512,62500.0,0.031200000000000002,-0.0033,11007.0,61600.0,0.020900000000000002,0.0013000000000000002,0.008,0.0,0.009000000000000001,0.0,0.032,10.183
553205261,3,0,-0.037,0.018000000000000002,-0.008,-0.002,0.0,-0.037000000000000005,-0.0063,13.67,-0.0512,62368.0,0.0328,-0.0045000000000000005,15011.0,61476.0,0.0217,0.0013000000000000002,0.008,0.0,0.012,0.0,0.044,10.183
553209310,3,0,-0.02,-0.036000000000000004,0.002,-0.005,0.0,-0.0367,-0.0076,13.67,-0.0512,62368.0,0.0296,-0.0057,0.0,61348.0,0.0206,0.0014,0.008,0.0,0.011,0.0,0.056,10.093
553214310,3,0,-0.021,-0.042,0.002,-0.008,0.0,-0.035,-0.0097,13.67,-0.051300000000000005,62240.0,0.0263,-0.007200000000000001,5000.0,61600.0,0.0179,0.0014,0.008,0.0,0.011,0.0,0.07100000000000001,10.093
553216683,3,0,-0.002,-0.055,0.004,-0.009000000000000001,0.0,-0.034800000000000005,-0.011300000000000001,13.67,-0.051300000000000005,62368.0,0.0246,-0.0078000000000000005,7373.0,61600.0,0.0166,0.0014,0.008,0.0,0.01,0.0,0.077,10.093
553221676,3,0,0.045,-0.052000000000000005,0.016,-0.012,0.0,-0.034800000000000005,-0.02,13.67,-0.051300000000000005,62368.0,0.0148,-0.009300000000000001,12366.0,61476.0,0.0105,0.0015,0.008,0.0,0.009000000000000001,0.0,0.091,10.093
553225676,3,0,0.037,0.038,0.018000000000000002,-0.015,0.0,-0.036500000000000005,-0.024,13.67,-0.0509,62240.0,0.0131,-0.0105,16366.0,61348.0,0.0089,0.0015,0.008,0.0,0.01,0.0,0.10300000000000001,10.093
553230275,3,0,0.095,-0.013000000000000001,0.019,-0.019,0.0,-0.0362,-0.0198,13.67,-0.0504,62500.0,0.0164,-0.012,0.0,61348.0,0.011600000000000001,0.0016,0.0081,0.0,0.009000000000000001,0.0,0.11800000000000001,10.122
553234332,3,0,0.024,-0.019,0.024,-0.022,0.0,-0.0361,-0.022000000000000002,13.67,-0.0502,62368.0,0.0148,-0.0132,4057.0,61600.0,0.01,0.0016,0.0081,0.0,0.01,0.0,0.129,10.122
553236692,3,0,0.081,-0.036000000000000004,0.02,-0.024,0.0,-0.0362,-0.021,13.67,-0.05,62632.0,0.0164,-0.013800000000000002,6417.0,61348.0,0.0108,0.0017000000000000001,0.0081,0.0,0.007,0.0,0.135,10.122
553241287,3,0,0.017,-0.024,0.007,-0.028,0.0,-0.036000000000000004,-0.0246,13.67,-0.049800000000000004,62500.0,0.0115,-0.015300000000000001,11012.0,61348.0,0.008,0.0017000000000000001,0.0081,0.0,0.008,0.0,0.15,10.122
553245290,3,0,0.033,0.035,-0.009000000000000001,-0.03,0.0,-0.035500000000000004,-0.018500000000000003,13.67,-0.0497,62632.0,0.0181,-0.0165,15015.0,61600.0,0.012,0.0017000000000000001,0.0081,0.0,0.009000000000000001,0.0,0.162,10.122
553249471,3,0,0.07100000000000001,-0.044,-0.008,-0.033,0.0,-0.0354,-0.0339,13.67,-0.049600000000000005,62632.0,0.0016,-0.0177,0.0,61600.0,0.001,0.0018000000000000002,0.0082,0.0,0.005,0.0,0.17400000000000002,10.108
553253674,3,0,0.066,0.018000000000000002,-0.02,-0.035,0.0,-0.0342,-0.0337,13.67,-0.049600000000000005,62368.0,0.0016,-0.0189,4203.0,61348.0,0.0004,0.0018000000000000002,0.0082,0.0,0.004,0.0,0.185,10.108
553258677,3,0,0.022,0.009000000000000001,-0.017,-0.039,0.0,-0.0324,-0.027200000000000002,13.67,-0.0494,62500.0,0.0066,-0.0204,9206.0,61224.0,0.0037,0.0018000000000000002,0.0083,0.0,0.002,0.0,0.2,10.108
553260712,3,0,-0.006,-0.011,-0.015,-0.04,0.0,-0.031200000000000002,-0.0223,13.67,-0.0495,62368.0,0.0098,-0.021,11241.0,61224.0,0.0063,0.0018000000000000002,0.0083,0.0,0.002,0.0,0.20600000000000002,10.108
553265302,3,0,0.011,0.005,-0.019,-0.044,0.0,-0.0308,-0.028200000000000003,13.67,-0.049300000000000004,62368.0,0.0033,-0.022500000000000003,15831.0,61348.0,0.0019,0.0018000000000000002,0.0083,0.0,0.001,0.0,0.221,10.108
553269349,3,0,-0.011,-0.07100000000000001,-0.01,-0.046,0.0,-0.0315,-0.0205,13.67,-0.049300000000000004,62500.0,0.0115,-0.023700000000000002,0.0,61348.0,0.0078000000000000005,0.0018000000000000002,0.008400000000000001,0.0,0.0,0.0,0.233,10.156
553273676,3,0,-0.07,-0.005,-0.004,-0.048,0.0,-0.029400000000000003,-0.0195,13.67,-0.0494,62240.0,0.0115,-0.024900000000000002,4327.0,61476.0,0.007,0.0018000000000000002,0.008400000000000001,0.0,0.002,0.0,0.244,10.156
553277676,3,0,-0.034,-0.052000000000000005,0.013000000000000001,-0.051000000000000004,0.0,-0.0285,-0.02,13.67,-0.0495,62368.0,0.0082,-0.0261,8327.0,61348.0,0.006,0.0018000000000000002,0.008400000000000001,0.0,-0.001,0.0,0.256,10.156
553281837,3,0,-0.066,-0.051000000000000004,0.015,-0.053,0.0,-0.0267,-0.022600000000000002,13.67,-0.049600000000000005,62240.0,0.0049,-0.0273,12488.0,61348.0,0.0029000000000000002,0.0018000000000000002,0.008400000000000001,0.0,-0.001,0.0,0.268,10.156
553286677,3,0,-0.055,-0.001,0.006,-0.055,0.0,-0.026500000000000003,-0.0194,13.67,-0.0499,62368.0,0.0082,-0.028800000000000003,17328.0,61224.0,0.005,0.0018000000000000002,0.008400000000000001,0.0,-0.001,0.0,0.28300000000000003,10.156
553288682,3,0,-0.046,-0.022,0.009000000000000001,-0.057,0.0,-0.025500000000000002,-0.0213,13.67,-0.05,62500.0,0.0033,-0.029400000000000003,0.0,61348.0,0.003,0.0018000000000000002,0.008400000000000001,0.0,-0.002,0.0,0.28800000000000003,10.156
553293676,3,0,-0.015,0.016,0.008,-0.057,0.0,-0.0284,-0.0244,13.67,-0.0502,62368.0,0.0033,-0.030000000000000002,4994.0,61600.0,0.0028,0.0018000000000000002,0.008400000000000001,0.0,-0.004,0.0,0.294,10.118
553298326,3,0,-0.036000000000000004,-0.017,0.005,-0.058,0.0,-0.0224,-0.0189,13.67,-0.050100000000000006,62500.0,0.0033,-0.030000000000000002,9644.0,61348.0,0.0025,0.0017000000000000001,0.008400000000000001,0.0,-0.005,0.0,0.294,10.118
553302331,3,0,-0.028,-0.062,0.016,-0.058,0.0,-0.0227,-0.014400000000000001,13.67,-0.050100000000000006,62500.0,0.0082,-0.030000000000000002,13649.0,61600.0,0.0059,0.0017000000000000001,0.008400000000000001,0.0,-0.006,0.0,0.294,10.118
553306677,3,0,-0.034,0.008,-0.004,-0.058,0.0,-0.0221,-0.0178,13.67,-0.05,62500.0,0.0049,-0.030000000000000002,17995.0,61600.0,0.0031000000000000003,0.0017000000000000001,0.008400000000000001,0.0,-0.002,0.0,0.294,10.118
553308677,3,0,0.009000000000000001,-0.036000000000000004,-0.015,-0.058,0.0,-0.022500000000000003,-0.0217,13.67,-0.0499,62368.0,0.0,-0.030000000000000002,0.0,61348.0,0.0005,0.0017000000000000001,0.008400000000000001,0.0,-0.003,0.0,0.294,10.118
553313203,3,0,0.015,0.011,-0.023,-0.059000000000000004,0.0,-0.024300000000000002,-0.028300000000000002,13.67,-0.049600000000000005,62500.0,-0.0049,-0.030000000000000002,4526.0,61728.0,-0.0028,0.0017000000000000001,0.008400000000000001,0.0,-0.002,0.0,0.294,10.084
553317345,3,0,0.033,-0.032,-0.016,-0.059000000000000004,0.0,-0.0251,-0.0241,13.67,-0.0495,62112.0,0.0016,-0.030000000000000002,8668.0,61476.0,0.0007,0.0017000000000000001,0.008400000000000001,0.0,-0.004,0.0,0.294,10.084
553321776,3,0,0.077,0.01,-0.021,-0.059000000000000004,0.0,-0.026500000000000003,-0.0363,13.67,-0.049600000000000005,62500.0,-0.0099,-0.030000000000000002,13099.0,61476.0,-0.006900000000000001,0.0017000000000000001,0.008400000000000001,0.0,-0.006,0.0,0.294,10.084
553326749,3,0,0.091,0.046,-0.025,-0.059000000000000004,0.0,-0.0261,-0.0374,13.67,-0.0494,62500.0,-0.0115,-0.030000000000000002,18072.0,61728.0,-0.008,0.0016,0.008400000000000001,0.0,-0.007,0.0,0.294,10.084
553329395,3,0,0.065,-0.012,-0.003,-0.059000000000000004,0.0,-0.027200000000000002,-0.0318,13.67,-0.049300000000000004,62368.0,-0.0049,-0.030000000000000002,0.0,61476.0,-0.0033,0.0016,0.008400000000000001,0.0,-0.008,0.0,0.294,10.084
553333677,3,0,0.045,0.048,-0.019,-0.059000000000000004,0.0,-0.0253,-0.0291,13.67,-0.0492,62632.0,-0.0049,-0.030000000000000002,4282.0,61728.0,-0.0027,0.0016,0.008400000000000001,0.0,-0.006,0.0,0.294,10.120000000000001
553337816,3,0,0.08700000000000001,-0.012,0.005,-0.06,0.0,-0.0256,-0.0408,13.67,-0.049,62368.0,-0.0164,-0.030000000000000002,8421.0,61348.0,-0.0108,0.0015,0.0085,0.0,-0.009000000000000001,0.0,0.294,10.120000000000001
553342357,3,0,0.047,-0.001,0.012,-0.06,0.0,-0.026000000000000002,-0.033800000000000004,13.67,-0.0489,62240.0,-0.0082,-0.030000000000000002,12962.0,61600.0,-0.0055000000000000005,0.0015,0.0085,0.0,-0.008,0.0,0.294,10.120000000000001
553344683,3,0,0.046,-0.018000000000000002,0.017,-0.06,0.0,-0.0258,-0.0342,13.67,-0.0488,62500.0,-0.0099,-0.030000000000000002,15288.0,61600.0,-0.006,0.0015,0.0085,0.0,-0.008,0.0,0.294,10.120000000000001
553349413,3,0,0.043000000000000003,-0.014,0.021,-0.06,0.0,-0.0253,-0.0359,13.67,-0.0489,62240.0,-0.0115,-0.030000000000000002,0.0,61224.0,-0.007500000000000001,0.0014,0.0086,0.0,-0.007,0.0,0.294,10.120000000000001
553354411,3,0,0.01,0.04,0.019,-0.06,0.0,-0.025900000000000003,-0.0354,13.68,-0.0489,62368.0,-0.0115,-0.030000000000000002,4998.0,61476.0,-0.0068000000000000005,0.0014,0.0086,0.0,-0.006,0.0,0.294,10.158
553356676,3,0,0.006,-0.021,0.023,-0.06,0.0,-0.0257,-0.031400000000000004,13.68,-0.0489,62240.0,-0.0066,-0.030000000000000002,7263.0,61224.0,-0.004,0.0014,0.0086,0.0,-0.008,0.0,0.294,10.158
553360678,3,0,0.006,0.035,0.002,-0.06,0.0,-0.0238,-0.0332,13.68,-0.049,62368.0,-0.0099,-0.030000000000000002,11265.0,61476.0,-0.0066,0.0014,0.0086,0.0,-0.007,0.0,0.294,10.158
553365377,3,0,-0.023,-0.002,-0.002,-0.06,0.0,-0.0244,-0.029500000000000002,13.68,-0.049,62112.0,-0.0049,-0.030000000000000002,15964.0,61348.0,-0.0036000000000000003,0.0014,0.0086,0.0,-0.007,0.0,0.294,10.158
553370377,3,0,-0.029,-0.035,0.003,-0.06,0.0,-0.0244,-0.024800000000000003,13.68,-0.049,62368.0,0.0,-0.030000000000000002,0.0,61224.0,-0.00030000000000000003,0.0013000000000000002,0.0086,0.0,-0.006,0.0,0.294,10.158
553374428,3,0,-0.048,0.014,-0.021,-0.06,0.0,-0.0222,-0.0229,13.68,-0.049100000000000005,62500.0,-0.0016,-0.030000000000000002,4051.0,61348.0,-0.0005,0.0013000000000000002,0.0086,0.0,-0.004,0.0,0.294,10.135
553376683,3,0,-0.03,-0.014,-0.019,-0.06,0.0,-0.0218,-0.023700000000000002,13.68,-0.049100000000000005,62500.0,-0.0016,-0.030000000000000002,6306.0,61600.0,-0.0013000000000000002,0.0013000000000000002,0.0086,0.0,-0.005,0.0,0.294,10.135
553381677,3,0,-0.036000000000000004,0.018000000000000002,-0.027,-0.059000000000000004,0.0,-0.0236,-0.0251,13.68,-0.0492,62500.0,-0.0017000000000000001,-0.030000000000000002,11300.0,61476.0,-0.001,0.0012000000000000001,0.0086,0.0,-0.004,0.0,0.294,10.135
553386677,3,0,-0.054,0.024,-0.031,-0.059000000000000004,0.0,-0.024300000000000002,-0.024,13.68,-0.049300000000000004,62240.0,0.0,-0.030000000000000002,16300.0,61476.0,0.0002,0.0012000000000000001,0.0086,0.0,-0.002,0.0,0.294,10.135
553388823,3,0,-0.031,0.024,-0.032,-0.059000000000000004,0.0,-0.0247,-0.0235,13.68,-0.0494,62368.0,0.0016,-0.030000000000000002,0.0,61476.0,0.0008,0.0012000000000000001,0.0086,0.0,-0.003,0.0,0.294,10.135
553393396,3,0,-0.024,0.03,-0.013000000000000001,-0.059000000000000004,0.0,-0.0234,-0.027100000000000003,13.68,-0.0495,62112.0,-0.0033,-0.030000000000000002,4573.0,61728.0,-0.0026000000000000003,0.0012000000000000001,0.0086,0.0,-0.003,0.0,0.294,10.082
553397398,3,0,0.01,-0.024,0.0,-0.059000000000000004,0.0,-0.024900000000000002,-0.0279,13.68,-0.0495,62368.0,-0.0033,-0.030000000000000002,8575.0,61348.0,-0.0021000000000000003,0.0012000000000000001,0.0086,0.0,-0.005,0.0,0.294,10.082
553401676,3,0,0.037,0.052000000000000005,-0.005,-0.059000000000000004,0.0,-0.0263,-0.0329,13.68,-0.0495,62500.0,-0.0066,-0.030000000000000002,12853.0,61728.0,-0.0047,0.0012000000000000001,0.0086,0.0,-0.003,0.0,0.294,10.082
553406428,3,0,-0.013000000000000001,0.045,0.008,-0.059000000000000004,0.0,-0.028300000000000002,-0.025500000000000002,13.68,-0.049300000000000004,62240.0,0.0033,-0.030000000000000002,17605.0,61600.0,0.002,0.0012000000000000001,0.0086,0.0,0.0,0.0,0.294,10.082
553408682,3,0,0.012,0.07,0.006,-0.059000000000000004,0.0,-0.028900000000000002,-0.0279,13.68,-0.0494,62632.0,0.0,-0.030000000000000002,0.0,61728.0,0.0007,0.0012000000000000001,0.0086,0.0,-0.001,0.0,0.294,10.082
553413677,3,0,0.009000000000000001,0.064,0.013000000000000001,-0.059000000000000004,0.0,-0.0313,-0.035500000000000004,13.68,-0.049300000000000004,62368.0,-0.0049,-0.030000000000000002,4995.0,61348.0,-0.003,0.0012000000000000001,0.0086,0.0,0.0,0.0,0.294,10.148
553417697,3,0,0.032,0.027,0.028,-0.059000000000000004,0.0,-0.0324,-0.032,13.68,-0.0494,62112.0,0.0016,-0.030000000000000002,9015.0,61348.0,0.0002,0.0011,0.0086,0.0,-0.002,0.0,0.294,10.148
553422421,3,0,0.024,0.07100000000000001,0.022,-0.058,0.0,-0.033600000000000005,-0.0313,13.68,-0.0497,62368.0,0.0016,-0.030000000000000002,13739.0,61476.0,0.0016,0.0011,0.0086,0.0,-0.002,0.0,0.294,10.148
553426677,3,0,0.01,0.068,0.016,-0.058,0.0,-0.035,-0.040400000000000005,13.68,-0.049800000000000004,62632.0,-0.0066,-0.030000000000000002,17995.0,61476.0,-0.0038,0.0011,0.008700000000000001,0.0,-0.001,0.0,0.294,10.148
553428677,3,0,0.04,0.089,0.001,-0.058,0.0,-0.0356,-0.0413,13.68,-0.05,62368.0,-0.005,-0.030000000000000002,0.0,61476.0,-0.0041,0.0011,0.008700000000000001,0.0,-0.002,0.0,0.294,10.148
553432678,3,0,0.018000000000000002,0.04,0.011,-0.058,0.0,-0.0347,-0.0398,13.68,-0.050100000000000006,62368.0,-0.005,-0.030000000000000002,4001.0,61476.0,-0.0036000000000000003,0.0011,0.008700000000000001,0.0,-0.003,0.0,0.294,10.148
553437817,3,0,0.016,0.027,-0.006,-0.057,0.0,-0.035500000000000004,-0.034800000000000005,13.68,-0.050300000000000004,62368.0,0.0016,-0.030000000000000002,9140.0,61476.0,0.0004,0.0011,0.0088,0.0,-0.004,0.0,0.294,10.145
553440682,3,0,-0.012,0.038,-0.009000000000000001,-0.057,0.0,-0.0352,-0.0341,13.68,-0.050300000000000004,62368.0,0.0,-0.030000000000000002,12005.0,61600.0,0.0008,0.0011,0.0088,0.0,-0.002,0.0,0.294,10.145
553445435,3,0,-0.044,0.023,-0.008,-0.057,0.0,-0.0363,-0.029,13.68,-0.0505,62500.0,0.0082,-0.030000000000000002,16758.0,61476.0,0.005200000000000001,0.0011,0.0088,0.0,0.0,0.0,0.294,10.145
553449485,3,0,-0.046,0.055,-0.011,-0.056,0.0,-0.0371,-0.027700000000000002,13.68,-0.050800000000000005,62240.0,0.0098,-0.030000000000000002,0.0,61476.0,0.0067,0.0011,0.0088,0.0,0.003,0.0,0.294,10.145
553453676,3,0,-0.082,0.039,-0.013000000000000001,-0.056,0.0,-0.0361,-0.0274,13.68,-0.0511,62368.0,0.0098,-0.030000000000000002,4191.0,61476.0,0.0061,0.0011,0.0088,0.0,0.004,0.0,0.294,10.145
553458674,3,0,-0.07200000000000001,0.013000000000000001,-0.013000000000000001,-0.055,0.0,-0.0361,-0.0264,13.68,-0.051500000000000004,62368.0,0.0098,-0.030000000000000002,9189.0,61856.0,0.006900000000000001,0.0012000000000000001,0.0088,0.0,0.003,0.0,0.294,10.165000000000001
553461487,3,0,-0.076,0.056,-0.013000000000000001,-0.054,0.0,-0.0361,-0.025500000000000002,13.68,-0.0519,62368.0,0.0115,-0.030000000000000002,12002.0,61856.0,0.007500000000000001,0.0012000000000000001,0.0088,0.0,0.004,0.0,0.294,10.165000000000001
553466510,3,0,-0.099,0.018000000000000002,0.002,-0.053,0.0,-0.0345,-0.022600000000000002,13.68,-0.0523,62500.0,0.0131,-0.030000000000000002,17025.0,61348.0,0.008400000000000001,0.0012000000000000001,0.0088,0.0,0.005,0.0,0.294,10.165000000000001
553468640,3,0,-0.081,0.048,-0.001,-0.053,0.0,-0.034300000000000004,-0.0211,13.68,-0.052500000000000005,62240.0,0.0148,-0.030000000000000002,0.0,61348.0,0.009300000000000001,0.0012000000000000001,0.0088,0.0,0.005,0.0,0.294,10.165000000000001
553473661,3,0,-0.095,0.028,0.007,-0.052000000000000005,0.0,-0.0354,-0.0212,13.68,-0.0528,62368.0,0.0164,-0.030000000000000002,5021.0,61600.0,0.010100000000000001,0.0012000000000000001,0.0088,0.0,0.004,0.0,0.294,10.165000000000001
553477677,3,0,-0.077,0.031,0.016,-0.051000000000000004,0.0,-0.0362,-0.0131,13.68,-0.053200000000000004,62240.0,0.0247,-0.030000000000000002,9037.0,61476.0,0.0164,0.0013000000000000002,0.0088,0.0,0.006,0.0,0.294,10.17
553482463,3,0,-0.113,0.06,0.005,-0.05,0.0,-0.0358,-0.0114,13.68,-0.0536,62632.0,0.0263,-0.030000000000000002,13823.0,61728.0,0.0172,0.0013000000000000002,0.0088,0.0,0.009000000000000001,0.0,0.294,10.17
553484508,3,0,-0.091,0.037,0.01,-0.05,0.0,-0.0369,-0.0115,13.68,-0.0538,62240.0,0.0263,-0.030000000000000002,15868.0,61476.0,0.018000000000000002,0.0013000000000000002,0.0088,0.0,0.008,0.0,0.294,10.17
553488645,3,0,-0.14200000000000002,0.043000000000000003,0.008,-0.049,0.0,-0.0368,-0.0123,13.68,-0.0541,62500.0,0.0247,-0.030000000000000002,0.0,61348.0,0.0173,0.0014,0.008700000000000001,0.0,0.012,0.0,0.294,10.17
553493674,3,0,-0.11900000000000001,0.029,0.005,-0.048,0.0,-0.0364,-0.013900000000000001,13.68,-0.0548,62368.0,0.023,-0.030000000000000002,5029.0,61728.0,0.0159,0.0014,0.008700000000000001,0.0,0.011,0.0,0.294,10.17
553497674,3,0,-0.052000000000000005,0.054,0.0,-0.047,0.0,-0.0386,-0.02,13.68,-0.055200000000000006,61984.0,0.019700000000000002,-0.030000000000000002,9029.0,61476.0,0.0131,0.0015,0.008700000000000001,0.0,0.011,0.0,0.294,10.118
553500508,3,0,-0.02,0.037,-0.001,-0.047,0.0,-0.0391,-0.028900000000000002,13.68,-0.0553,62368.0,0.0115,-0.030000000000000002,11863.0,61728.0,0.007200000000000001,0.0015,0.008700000000000001,0.0,0.009000000000000001,0.0,0.294,10.118
553504683,3,0,0.023,0.07,-0.004,-0.047,0.0,-0.0403,-0.027600000000000003,13.68,-0.0553,62240.0,0.0131,-0.030000000000000002,16038.0,61476.0,0.0089,0.0015,0.008700000000000001,0.0,0.011,0.0,0.294,10.118
553509563,3,0,0.024,0.061,-0.017,-0.047,0.0,-0.0398,-0.0193,13.68,-0.055400000000000005,62240.0,0.021400000000000002,-0.030000000000000002,0.0,61728.0,0.0145,0.0016,0.0088,0.0,0.011,0.0,0.294,10.118
553514565,3,0,-0.046,0.052000000000000005,-0.005,-0.047,0.0,-0.0426,-0.022600000000000002,13.68,-0.055400000000000005,62240.0,0.021400000000000002,-0.030000000000000002,5002.0,61224.0,0.0142,0.0016,0.0088,0.0,0.014,0.0,0.294,10.118
553516639,3,0,0.029,0.066,-0.004,-0.046,0.0,-0.0419,-0.0213,13.68,-0.055400000000000005,62368.0,0.021400000000000002,-0.030000000000000002,7076.0,61348.0,0.0146,0.0017000000000000001,0.0089,0.0,0.011,0.0,0.294,10.178
553520674,3,0,-0.06,0.048,-0.001,-0.046,0.0,-0.041600000000000005,-0.0238,13.68,-0.0555,62632.0,0.019700000000000002,-0.030000000000000002,11111.0,61476.0,0.0126,0.0017000000000000001,0.0089,0.0,0.012,0.0,0.294,10.178
553525530,3,0,0.002,0.075,-0.001,-0.045,0.0,-0.0443,-0.0212,13.68,-0.055900000000000005,62240.0,0.0246,-0.030000000000000002,15967.0,61476.0,0.0164,0.0017000000000000001,0.0089,0.0,0.011,0.0,0.294,10.178
553529578,3,0,-0.004,0.07,-0.001,-0.045,0.0,-0.043500000000000004,-0.0308,13.68,-0.056400000000000006,62368.0,0.0131,-0.030000000000000002,0.0,61476.0,0.009000000000000001,0.0018000000000000002,0.009000000000000001,0.0,0.007,0.0,0.294,10.178
553533720,3,0,-0.002,0.056,-0.003,-0.044,0.0,-0.0424,-0.0292,13.68,-0.0568,62240.0,0.0131,-0.030000000000000002,4142.0,61224.0,0.0094,0.0018000000000000002,0.009000000000000001,0.0,0.004,0.0,0.294,10.178
553536682,3,0,-0.007,0.06,-0.007,-0.043000000000000003,0.0,-0.0432,-0.029300000000000003,13.69,-0.056900000000000006,62240.0,0.0131,-0.030000000000000002,7104.0,61476.0,0.0098,0.0018000000000000002,0.009000000000000001,0.0,0.003,0.0,0.294,10.161
553541545,3,0,-0.05,0.057,0.003,-0.042,0.0,-0.0437,-0.0167,13.69,-0.0577,62112.0,0.0279,-0.030000000000000002,11967.0,61476.0,0.019100000000000002,0.0018000000000000002,0.0092,0.0,0.0,0.0,0.294,10.161
553545674,3,0,-0.114,0.052000000000000005,0.006,-0.041,0.0,-0.041100000000000005,-0.0137,13.69,-0.0582,62240.0,0.0279,-0.030000000000000002,16096.0,61476.0,0.0194,0.0018000000000000002,0.0092,0.0,0.0,0.0,0.294,10.161
553549677,3,0,-0.093,0.035,-0.006,-0.04,0.0,-0.039400000000000004,-0.008400000000000001,13.69,-0.0587,62500.0,0.0329,-0.030000000000000002,0.0,61348.0,0.0219,0.0019,0.0094,0.0,0.001,0.0,0.294,10.161
553552549,3,0,-0.157,0.048,0.002,-0.039,0.0,-0.0413,-0.0098,13.69,-0.0591,62240.0,0.0329,-0.030000000000000002,2872.0,61476.0,0.0223,0.0019,0.0094,0.0,0.002,0.0,0.294,10.161
553556638,3,0,-0.176,0.03,-0.004,-0.037,0.0,-0.0403,0.0029000000000000002,13.69,-0.059800000000000006,62112.0,0.046,-0.030000000000000002,6961.0,61348.0,0.030600000000000002,0.0019,0.0095,0.0,0.004,0.0,0.294,10.112
553560640,3,0,-0.171,0.035,-0.006,-0.036000000000000004,0.0,-0.042300000000000004,-0.010100000000000001,13.69,-0.0604,62368.0,0.0345,-0.030000000000000002,10963.0,61348.0,0.0228,0.0019,0.0095,0.0,0.003,0.0,0.294,10.112
553565562,3,0,-0.107,0.048,-0.005,-0.034,0.0,-0.040100000000000004,-0.0074,13.69,-0.0613,61984.0,0.0345,-0.030000000000000002,15885.0,61224.0,0.023100000000000002,0.0019,0.0095,0.0,0.0,0.0,0.294,10.112
553569683,3,0,-0.1,0.009000000000000001,-0.001,-0.034,0.0,-0.038900000000000004,-0.0117,13.69,-0.0616,62368.0,0.0296,-0.030000000000000002,0.0,61728.0,0.019200000000000002,0.0019,0.009600000000000001,0.0,-0.001,0.0,0.294,10.112
553572563,3,0,-0.074,0.047,-0.008,-0.033,0.0,-0.0392,-0.0092,13.69,-0.061900000000000004,62112.0,0.031200000000000002,-0.030000000000000002,2880.0,61348.0,0.0212,0.0019,0.009600000000000001,0.0,0.001,0.0,0.294,10.112
553576641,3,0,0.093,0.028,-0.007,-0.033,0.0,-0.0402,-0.028800000000000003,13.69,-0.0618,62240.0,0.0131,-0.030000000000000002,6958.0,61348.0,0.0081,0.0019,0.0097,0.0,-0.001,0.0,0.294,10.116
553581639,3,0,-0.10200000000000001,0.028,-0.001,-0.033,0.0,-0.042300000000000004,0.003,13.69,-0.0621,62368.0,0.0477,-0.030000000000000002,11956.0,61476.0,0.032,0.0019,0.0097,0.0,0.002,0.0,0.294,10.116
553584621,3,0,0.006,0.062,-0.011,-0.032,0.0,-0.0407,-0.0006000000000000001,13.69,-0.0623,62112.0,0.042800000000000005,-0.030000000000000002,14938.0,61224.0,0.028300000000000002,0.0019,0.0097,0.0,0.002,0.0,0.294,10.116
553590577,3,0,0.082,0.048,0.006,-0.032,0.0,-0.042,-0.0235,13.69,-0.0623,62368.0,0.019700000000000002,-0.030000000000000002,0.0,61600.0,0.0131,0.002,0.0098,0.0,0.003,0.0,0.294,10.116
553592581,3,0,0.098,0.082,0.003,-0.032,0.0,-0.0422,-0.0268,13.69,-0.062200000000000005,62500.0,0.0164,-0.030000000000000002,2004.0,61348.0,0.0109,0.002,0.0098,0.0,0.004,0.0,0.294,10.116
553597587,3,0,-0.033,0.083,-0.007,-0.032,0.0,-0.0473,-0.0061,13.69,-0.0625,62368.0,0.0427,-0.030000000000000002,7010.0,61224.0,0.0291,0.002,0.01,0.0,0.007,0.0,0.294,10.148
553601685,3,0,-0.005,0.082,-0.009000000000000001,-0.031,0.0,-0.0446,-0.0181,13.69,-0.0627,62240.0,0.0263,-0.030000000000000002,11108.0,61476.0,0.0187,0.002,0.01,0.0,0.003,0.0,0.294,10.148
553604635,3,0,0.062,0.1,-0.004,-0.031,0.0,-0.0466,-0.037000000000000005,13.69,-0.06280000000000001,62500.0,0.0098,-0.030000000000000002,14058.0,61224.0,0.0068000000000000005,0.002,0.01,0.0,0.0,0.0,0.294,10.148
553609649,3,0,-0.03,0.027,-0.008,-0.031,0.0,-0.042100000000000005,-0.0155,13.69,-0.0631,62112.0,0.0279,-0.030000000000000002,0.0,61348.0,0.0188,0.002,0.0102,0.0,-0.002,0.0,0.294,10.148
553612596,3,0,-0.049,0.096,-0.014,-0.03,0.0,-0.0429,-0.0162,13.69,-0.0634,62240.0,0.0279,-0.030000000000000002,2947.0,61348.0,0.0189,0.002,0.0102,0.0,-0.001,0.0,0.294,10.148
553617603,3,0,-0.006,0.042,-0.003,-0.029,0.0,-0.044000000000000004,-0.019,13.69,-0.06380000000000001,62240.0,0.0263,-0.030000000000000002,7954.0,61224.0,0.0177,0.002,0.0105,0.0,-0.002,0.0,0.294,10.096
553621674,3,0,-0.17200000000000001,0.041,0.004,-0.029,0.0,-0.0456,-0.0055000000000000005,13.69,-0.0641,62240.0,0.041100000000000005,-0.030000000000000002,12025.0,61348.0,0.028300000000000002,0.002,0.0105,0.0,0.0,0.0,0.294,10.096
553624653,3,0,-0.176,0.045,-0.004,-0.028,0.0,-0.046,0.0097,13.69,-0.0645,62368.0,0.057600000000000005,-0.030000000000000002,15004.0,61476.0,0.039400000000000004,0.002,0.0105,0.0,0.001,0.0,0.294,10.096
553629658,3,0,-0.085,-0.001,0.016,-0.027,0.0,-0.0425,-0.0227,13.69,-0.0649,62368.0,0.021400000000000002,-0.030000000000000002,0.0,61476.0,0.014,0.002,0.010700000000000001,0.0,0.001,0.0,0.294,10.096
553632606,3,0,-0.115,0.062,0.007,-0.026000000000000002,0.0,-0.0441,-0.0103,13.69,-0.0653,62368.0,0.0345,-0.030000000000000002,2948.0,61224.0,0.0239,0.002,0.010700000000000001,0.0,0.003,0.0,0.294,10.096
553637818,3,0,-0.043000000000000003,0.014,-0.006,-0.025,0.0,-0.0426,-0.014100000000000001,13.69,-0.06570000000000001,62368.0,0.0296,-0.030000000000000002,8160.0,61728.0,0.0201,0.002,0.0109,0.0,0.001,0.0,0.294,10.127
553640573,3,0,0.015,0.06,0.002,-0.025,0.0,-0.0442,-0.022600000000000002,13.69,-0.0659,62368.0,0.023,-0.030000000000000002,10915.0,61224.0,0.015300000000000001,0.002,0.0109,0.0,0.0,0.0,0.294,10.127
553644668,3,0,0.061,0.005,0.005,-0.025,0.0,-0.0403,-0.0198,13.69,-0.0656,62368.0,0.021400000000000002,-0.030000000000000002,15010.0,61348.0,0.0145,0.002,0.0109,0.0,0.001,0.0,0.294,10.127
553649672,3,0,-0.038,0.002,-0.002,-0.025,0.0,-0.0429,0.0074,13.69,-0.0658,62240.0,0.0526,-0.030000000000000002,0.0,61476.0,0.0356,0.0021000000000000003,0.0111,0.0,0.003,0.0,0.294,10.127
553652627,3,0,0.07100000000000001,0.053,-0.008,-0.025,0.0,-0.042100000000000005,-0.0123,13.69,-0.0656,62240.0,0.031200000000000002,-0.030000000000000002,2955.0,61348.0,0.0211,0.0021000000000000003,0.0111,0.0,0.003,0.0,0.294,10.127
553657633,3,0,0.001,0.013000000000000001,-0.004,-0.026000000000000002,0.0,-0.041,-0.011300000000000001,13.69,-0.0653,62368.0,0.031200000000000002,-0.030000000000000002,7961.0,61476.0,0.021,0.0021000000000000003,0.0112,0.0,0.007,0.0,0.294,10.116
553662631,3,0,-0.051000000000000004,0.007,-0.011,-0.026000000000000002,0.0,-0.041,-0.0079,13.69,-0.0656,62368.0,0.0345,-0.030000000000000002,12959.0,61100.0,0.0234,0.0021000000000000003,0.0112,0.0,0.008,0.0,0.294,10.116
553664683,3,0,-0.018000000000000002,0.019,-0.011,-0.025,0.0,-0.041100000000000005,-0.015000000000000001,13.69,-0.0656,62368.0,0.0263,-0.030000000000000002,15011.0,61348.0,0.0184,0.0021000000000000003,0.0112,0.0,0.007,0.0,0.294,10.116
553669687,3,0,0.049,-0.008,0.003,-0.025,0.0,-0.0403,-0.0354,13.69,-0.06570000000000001,62368.0,0.0049,-0.030000000000000002,0.0,61476.0,0.0035,0.0022,0.011300000000000001,0.0,0.003,0.0,0.294,10.116
553672641,3,0,0.013000000000000001,0.059000000000000004,-0.021,-0.025,0.0,-0.041100000000000005,-0.029900000000000003,13.69,-0.0656,62240.0,0.0115,-0.030000000000000002,2954.0,61348.0,0.0079,0.0022,0.011300000000000001,0.0,0.003,0.0,0.294,10.116
553677646,3,0,0.032,-0.001,-0.011,-0.025,0.0,-0.0427,-0.0258,13.69,-0.0658,62368.0,0.0181,-0.030000000000000002,7959.0,61224.0,0.0119,0.0022,0.0115,0.0,0.0,0.0,0.294,10.135
553682650,3,0,0.011,0.006,0.004,-0.025,0.0,-0.0431,-0.0269,13.69,-0.066,62368.0,0.0164,-0.030000000000000002,12963.0,61600.0,0.0114,0.0022,0.0115,0.0,0.0,0.0,0.294,10.135
553684697,3,0,0.02,-0.006,0.0,-0.025,0.0,-0.0419,-0.024200000000000003,13.69,-0.0659,62500.0,0.019700000000000002,-0.030000000000000002,15010.0,61224.0,0.0125,0.0022,0.0115,0.0,0.001,0.0,0.294,10.135
553688961,3,0,-0.066,0.03,-0.001,-0.025,0.0,-0.042100000000000005,-0.016,13.69,-0.066,62240.0,0.028,-0.030000000000000002,0.0,61600.0,0.018500000000000003,0.0022,0.0117,0.0,0.004,0.0,0.294,10.135
553693657,3,0,-0.069,0.047,0.009000000000000001,-0.024,0.0,-0.04,-0.0145,13.69,-0.0661,62368.0,0.0263,-0.030000000000000002,4696.0,61728.0,0.018000000000000002,0.0022,0.0117,0.0,0.005,0.0,0.294,10.135
553697686,3,0,-0.079,-0.029,0.023,-0.024,0.0,-0.040400000000000005,-0.0175,13.69,-0.0663,62240.0,0.0247,-0.030000000000000002,8725.0,61100.0,0.0162,0.0023,0.0118,0.0,0.005,0.0,0.294,10.118
553702664,3,0,-0.073,-0.01,0.006,-0.023,0.0,-0.0396,-0.0177,13.69,-0.0668,61984.0,0.023,-0.030000000000000002,13703.0,61348.0,0.0155,0.0023,0.0118,0.0,0.004,0.0,0.294,10.118
553704711,3,0,-0.046,-0.029,0.019,-0.023,0.0,-0.040400000000000005,-0.0216,13.69,-0.0669,62500.0,0.019700000000000002,-0.030000000000000002,15750.0,61348.0,0.013300000000000001,0.0023,0.0118,0.0,0.003,0.0,0.294,10.118
553709722,3,0,0.02,-0.022,0.009000000000000001,-0.022,0.0,-0.0391,-0.031400000000000004,13.69,-0.0671,62112.0,0.0082,-0.030000000000000002,0.0,61476.0,0.0054,0.0023,0.012,0.0,0.0,0.0,0.294,10.118
553712670,3,0,-0.005,0.009000000000000001,-0.005,-0.022,0.0,-0.038700000000000005,-0.0273,13.69,-0.0671,62240.0,0.0131,-0.030000000000000002,2948.0,61348.0,0.008,0.0023,0.012,0.0,0.001,0.0,0.294,10.118
553717679,3,0,-0.026000000000000002,-0.04,0.012,-0.022,0.0,-0.0378,-0.0149,13.69,-0.0671,62368.0,0.0247,-0.030000000000000002,7957.0,61348.0,0.0162,0.0023,0.0122,0.0,0.001,0.0,0.294,10.081
553722678,3,0,-0.033,-0.011,0.002,-0.022,0.0,-0.0358,-0.0128,13.69,-0.0673,62500.0,0.0247,-0.030000000000000002,12956.0,61476.0,0.0162,0.0023,0.0122,0.0,0.004,0.0,0.294,10.081
553724724,3,0,-0.043000000000000003,-0.037,-0.003,-0.022,0.0,-0.0364,-0.014100000000000001,13.69,-0.06720000000000001,62500.0,0.023,-0.030000000000000002,15002.0,61348.0,0.0158,0.0023,0.0122,0.0,0.005,0.0,0.294,10.081
553729685,3,0,-0.069,0.019,-0.015,-0.022,0.0,-0.0368,-0.0126,13.69,-0.0673,62112.0,0.0247,-0.030000000000000002,0.0,61224.0,0.017,0.0024000000000000002,0.0122,0.0,0.009000000000000001,0.0,0.294,10.081
553734733,3,0,-0.04,0.025,-0.018000000000000002,-0.021,0.0,-0.034800000000000005,-0.0212,13.69,-0.06760000000000001,62500.0,0.0148,-0.030000000000000002,5048.0,61348.0,0.0097,0.0024000000000000002,0.0122,0.0,0.008,0.0,0.294,10.081
553737817,3,0,-0.015,-0.04,-0.009000000000000001,-0.021,0.0,-0.0349,-0.0236,13.69,-0.06770000000000001,62240.0,0.0115,-0.030000000000000002,8132.0,61224.0,0.008,0.0025,0.0122,0.0,0.005,0.0,0.294,10.115
553742709,3,0,0.015,0.004,-0.012,-0.021,0.0,-0.0369,-0.026000000000000002,13.69,-0.0679,62368.0,0.0115,-0.030000000000000002,13024.0,61476.0,0.0077,0.0025,0.0122,0.0,0.004,0.0,0.294,10.115
553744741,3,0,0.012,-0.044,-0.001,-0.021,0.0,-0.0351,-0.025400000000000002,13.69,-0.0679,62500.0,0.0099,-0.030000000000000002,15056.0,61600.0,0.0068000000000000005,0.0025,0.0122,0.0,0.003,0.0,0.294,10.115
553749775,3,0,0.036000000000000004,0.006,-0.013000000000000001,-0.021,0.0,-0.037000000000000005,-0.0247,13.69,-0.0679,61984.0,0.0131,-0.030000000000000002,0.0,61224.0,0.008700000000000001,0.0025,0.0123,0.0,0.003,0.0,0.294,10.115
553752699,3,0,0.005,-0.006,-0.009000000000000001,-0.021,0.0,-0.0363,-0.0251,13.69,-0.06770000000000001,62368.0,0.0115,-0.030000000000000002,2924.0,61476.0,0.0079,0.0025,0.0123,0.0,0.005,0.0,0.294,10.115
553757704,3,0,0.017,-0.03,0.013000000000000001,-0.021,0.0,-0.035500000000000004,-0.0205,13.69,-0.0675,62368.0,0.0164,-0.030000000000000002,7929.0,61224.0,0.010700000000000001,0.0026000000000000003,0.012400000000000001,0.0,0.005,0.0,0.294,10.094
553762591,3,0,-0.035,0.045,0.004,-0.021,0.0,-0.035300000000000005,-0.0196,13.69,-0.0675,62368.0,0.0164,-0.030000000000000002,12816.0,61348.0,0.0111,0.0026000000000000003,0.012400000000000001,0.0,0.008,0.0,0.294,10.094
553764752,3,0,-0.013000000000000001,-0.021,0.016,-0.021,0.0,-0.0366,-0.018500000000000003,13.69,-0.0675,62368.0,0.0181,-0.030000000000000002,14977.0,61476.0,0.0128,0.0026000000000000003,0.012400000000000001,0.0,0.007,0.0,0.294,10.094
553769843,3,0,0.009000000000000001,0.023,0.005,-0.021,0.0,-0.037000000000000005,-0.0256,13.69,-0.0678,62500.0,0.0131,-0.030000000000000002,0.0,61224.0,0.0081,0.0027,0.0125,0.0,0.007,0.0,0.294,10.094
553772789,3,0,0.02,0.002,0.012,-0.021,0.0,-0.0367,-0.0302,13.69,-0.0678,62632.0,0.0066,-0.030000000000000002,2946.0,61476.0,0.0046,0.0027,0.0125,0.0,0.006,0.0,0.294,10.094
553777720,3,0,0.08,-0.01,0.006,-0.02,0.0,-0.0371,-0.0334,13.69,-0.068,62368.0,0.0049,-0.030000000000000002,7877.0,61224.0,0.0026000000000000003,0.0027,0.0126,0.0,0.002,0.0,0.294,10.13
553782722,3,0,0.063,0.035,0.005,-0.02,0.0,-0.0362,-0.029900000000000003,13.69,-0.068,62500.0,0.0066,-0.030000000000000002,12879.0,61348.0,0.0045000000000000005,0.0027,0.0126,0.0,0.003,0.0,0.294,10.13
553784770,3,0,0.075,-0.023,0.011,-0.021,0.0,-0.035300000000000005,-0.0275,13.69,-0.0678,62500.0,0.0066,-0.030000000000000002,14927.0,61348.0,0.0055000000000000005,0.0027,0.0126,0.0,0.002,0.0,0.294,10.13
553789921,3,0,0.026000000000000002,0.022,-0.006,-0.021,0.0,-0.0356,-0.0217,13.69,-0.06760000000000001,62112.0,0.0148,-0.030000000000000002,0.0,61224.0,0.0098,0.0027,0.012700000000000001,0.0,0.004,0.0,0.294,10.13
553792729,3,0,0.01,-0.01,0.003,-0.022,0.0,-0.0364,-0.020900000000000002,13.69,-0.0674,62368.0,0.0164,-0.030000000000000002,2808.0,61224.0,0.011000000000000001,0.0027,0.012700000000000001,0.0,0.005,0.0,0.294,10.13
553797734,3,0,0.025,-0.011,0.001,-0.022,0.0,-0.0362,-0.0234,13.69,-0.0674,62500.0,0.0131,-0.030000000000000002,7813.0,61224.0,0.0091,0.0028,0.0128,0.0,0.005,0.0,0.294,10.035
553802736,3,0,0.003,0.029,-0.024,-0.021,0.0,-0.035500000000000004,-0.0256,13.69,-0.06760000000000001,62368.0,0.0115,-0.030000000000000002,12815.0,61348.0,0.007,0.0028,0.0128,0.0,0.005,0.0,0.294,10.035
553804785,3,0,0.028,-0.026000000000000002,-0.011,-0.021,0.0,-0.0344,-0.0269,13.69,-0.06760000000000001,62368.0,0.0082,-0.030000000000000002,14864.0,61100.0,0.0054,0.0028,0.0128,0.0,0.003,0.0,0.294,10.035
553809789,3,0,0.039,0.021,-0.007,-0.021,0.0,-0.0351,-0.0309,13.69,-0.0678,62112.0,0.0033,-0.030000000000000002,0.0,61600.0,0.003,0.0028,0.0129,0.0,0.003,0.0,0.294,10.035
553812743,3,0,0.037,-0.027,0.001,-0.021,0.0,-0.034300000000000004,-0.031900000000000005,13.69,-0.06770000000000001,62368.0,0.0033,-0.030000000000000002,2954.0,61348.0,0.0017000000000000001,0.0028,0.0129,0.0,0.002,0.0,0.294,10.035
553817752,3,0,0.049,-0.016,-0.004,-0.021,0.0,-0.0344,-0.0279,13.69,-0.0678,62368.0,0.0066,-0.030000000000000002,7963.0,60976.0,0.0046,0.0028,0.013000000000000001,0.0,0.0,0.0,0.294,10.115
553822751,3,0,0.033,0.024,-0.005,-0.021,0.0,-0.0335,-0.0284,13.69,-0.06760000000000001,62368.0,0.0049,-0.030000000000000002,12962.0,61476.0,0.0037,0.0028,0.013000000000000001,0.0,0.002,0.0,0.294,10.115
553824800,3,0,0.028,-0.019,0.005,-0.021,0.0,-0.0344,-0.0257,13.69,-0.0675,62500.0,0.0099,-0.030000000000000002,15011.0,61224.0,0.006200000000000001,0.0028,0.013000000000000001,0.0,0.001,0.0,0.294,10.115
553829803,3,0,-0.007,0.021,0.006,-0.022,0.0,-0.034300000000000004,-0.0204,13.69,-0.0674,62368.0,0.0148,-0.030000000000000002,0.0,61476.0,0.0098,0.0028,0.013000000000000001,0.0,0.004,0.0,0.294,10.115
553832758,3,0,-0.039,-0.027,0.019,-0.022,0.0,-0.0345,-0.020300000000000002,13.69,-0.0673,62500.0,0.0148,-0.030000000000000002,2955.0,61348.0,0.01,0.0028,0.013000000000000001,0.0,0.004,0.0,0.294,10.115
553837816,3,0,0.005,-0.011,0.01,-0.021,0.0,-0.0334,-0.0246,13.69,-0.0675,62368.0,0.0082,-0.030000000000000002,8013.0,61348.0,0.006200000000000001,0.0029000000000000002,0.0131,0.0,0.003,0.0,0.294,10.087
553842766,3,0,-0.004,0.019,0.002,-0.021,0.0,-0.0345,-0.0308,13.69,-0.06770000000000001,62500.0,0.0033,-0.030000000000000002,12963.0,61476.0,0.0026000000000000003,0.0029000000000000002,0.0131,0.0,0.003,0.0,0.294,10.087
553844819,3,0,0.052000000000000005,-0.018000000000000002,0.003,-0.021,0.0,-0.0339,-0.0334,13.69,-0.06770000000000001,62368.0,0.0016,-0.030000000000000002,15016.0,61348.0,0.00030000000000000003,0.0029000000000000002,0.0131,0.0,0.0,0.0,0.294,10.087
553849813,3,0,0.03,0.023,-0.002,-0.021,0.0,-0.035500000000000004,-0.034,13.69,-0.06770000000000001,62240.0,0.0016,-0.030000000000000002,0.0,61348.0,0.001,0.0029000000000000002,0.0132,0.0,0.0,0.0,0.294,10.087
553852773,3,0,0.034,-0.027,0.001,-0.021,0.0,-0.035300000000000005,-0.030100000000000002,13.69,-0.06760000000000001,62368.0,0.0049,-0.030000000000000002,2960.0,61600.0,0.0037,0.0029000000000000002,0.0132,0.0,-0.001,0.0,0.294,10.087
553857684,3,0,0.012,0.012,-0.008,-0.022,0.0,-0.0339,-0.0279,13.69,-0.0674,62240.0,0.0066,-0.030000000000000002,7871.0,61224.0,0.0043,0.0029000000000000002,0.013300000000000001,0.0,0.002,0.0,0.294,10.113
553862780,3,0,-0.024,0.014,-0.013000000000000001,-0.022,0.0,-0.0345,-0.0262,13.69,-0.0671,62500.0,0.0082,-0.030000000000000002,12967.0,61476.0,0.0059,0.0029000000000000002,0.013300000000000001,0.0,0.005,0.0,0.294,10.113
553864819,3,0,0.012,-0.004,-0.005,-0.022,0.0,-0.035300000000000005,-0.027100000000000003,13.69,-0.0671,62500.0,0.0082,-0.030000000000000002,15006.0,61348.0,0.0058000000000000005,0.0029000000000000002,0.013300000000000001,0.0,0.004,0.0,0.294,10.113
553869820,3,0,-0.027,0.02,-0.01,-0.022,0.0,-0.0357,-0.028800000000000003,13.69,-0.06720000000000001,62368.0,0.0082,-0.030000000000000002,0.0,61600.0,0.0049,0.0029000000000000002,0.013300000000000001,0.0,0.005,0.0,0.294,10.113
553872788,3,0,0.012,-0.02,-0.007,-0.022,0.0,-0.0356,-0.0315,13.69,-0.06720000000000001,62368.0,0.0049,-0.030000000000000002,2968.0,61476.0,0.0029000000000000002,0.0029000000000000002,0.013300000000000001,0.0,0.002,0.0,0.294,10.113
553877799,3,0,0.022,0.005,-0.009000000000000001,-0.022,0.0,-0.034300000000000004,-0.0346,13.69,-0.0674,62240.0,0.0,-0.030000000000000002,7979.0,61224.0,-0.0002,0.003,0.0134,0.0,0.002,0.0,0.294,10.074
553882795,3,0,0.01,0.002,0.0,-0.022,0.0,-0.0342,-0.036000000000000004,13.69,-0.0674,62500.0,-0.0017000000000000001,-0.030000000000000002,12975.0,61600.0,-0.0013000000000000002,0.003,0.0134,0.0,0.002,0.0,0.294,10.074
553884883,3,0,0.045,0.001,0.003,-0.022,0.0,-0.0342,-0.0362,13.69,-0.0674,62368.0,-0.0017000000000000001,-0.030000000000000002,15063.0,61100.0,-0.0014,0.003,0.0134,0.0,0.0,0.0,0.294,10.074
553890832,3,0,0.028,0.001,-0.001,-0.022,0.0,-0.034,-0.0356,13.69,-0.06720000000000001,62368.0,-0.0017000000000000001,-0.030000000000000002,0.0,61600.0,-0.0011,0.0029000000000000002,0.0135,0.0,0.001,0.0,0.294,10.074
553893802,3,0,-0.003,-0.023,0.008,-0.023,0.0,-0.0344,-0.0307,13.69,-0.067,62500.0,0.0033,-0.030000000000000002,2970.0,61728.0,0.0026000000000000003,0.0029000000000000002,0.0135,0.0,0.003,0.0,0.294,10.074
553897812,3,0,-0.005,0.009000000000000001,-0.004,-0.023,0.0,-0.0341,-0.0263,13.69,-0.0668,62240.0,0.0082,-0.030000000000000002,6980.0,61728.0,0.0055000000000000005,0.003,0.0135,0.0,0.007,0.0,0.294,10.091000000000001
553902808,3,0,-0.045,-0.012,0.0,-0.023,0.0,-0.0334,-0.0247,13.69,-0.0668,62368.0,0.0082,-0.030000000000000002,11976.0,61224.0,0.0061,0.003,0.0135,0.0,0.009000000000000001,0.0,0.294,10.091000000000001
553904895,3,0,-0.009000000000000001,0.011,0.001,-0.023,0.0,-0.033800000000000004,-0.0274,13.69,-0.0669,62368.0,0.0082,-0.030000000000000002,14063.0,61348.0,0.0045000000000000005,0.003,0.0135,0.0,0.008,0.0,0.294,10.091000000000001
553909896,3,0,-0.028,-0.007,0.003,-0.022,0.0,-0.0339,-0.028800000000000003,13.69,-0.0671,62112.0,0.0066,-0.030000000000000002,0.0,61476.0,0.0036000000000000003,0.0031000000000000003,0.0135,0.0,0.008,0.0,0.294,10.091000000000001
553912813,3,0,0.0,0.008,0.0,-0.022,0.0,-0.0339,-0.0324,13.69,-0.0673,62500.0,0.0016,-0.030000000000000002,2917.0,61728.0,0.0011,0.0031000000000000003,0.0135,0.0,0.006,0.0,0.294,10.091000000000001
553917833,3,0,0.041,0.011,-0.013000000000000001,-0.022,0.0,-0.0333,-0.033100000000000004,13.69,-0.0675,61984.0,0.0,-0.030000000000000002,7937.0,61224.0,0.0001,0.0031000000000000003,0.013600000000000001,0.0,0.003,0.0,0.294,10.088000000000001
553922917,3,0,-0.031,-0.015,-0.005,-0.022,0.0,-0.034,-0.0275,13.69,-0.0675,62368.0,0.0066,-0.030000000000000002,13021.0,61728.0,0.0046,0.0031000000000000003,0.013600000000000001,0.0,0.004,0.0,0.294,10.088000000000001
553925830,3,0,0.008,0.01,-0.016,-0.022,0.0,-0.032100000000000004,-0.023200000000000002,13.69,-0.0674,62368.0,0.0082,-0.030000000000000002,15934.0,61348.0,0.0063,0.0031000000000000003,0.013600000000000001,0.0,0.005,0.0,0.294,10.088000000000001
553929909,3,0,-0.037,-0.016,-0.002,-0.022,0.0,-0.033,-0.0253,13.69,-0.0673,62240.0,0.0082,-0.030000000000000002,0.0,61600.0,0.0054,0.0032,0.0137,0.0,0.008,0.0,0.294,10.088000000000001
553932816,3,0,-0.002,0.02,-0.001,-0.022,0.0,-0.0341,-0.024200000000000003,13.69,-0.0673,61856.0,0.0115,-0.030000000000000002,2907.0,61100.0,0.007,0.0032,0.0137,0.0,0.009000000000000001,0.0,0.294,10.088000000000001
553937682,3,0,-0.034,-0.008,-0.001,-0.022,0.0,-0.034,-0.025900000000000003,13.69,-0.06720000000000001,62368.0,0.0082,-0.030000000000000002,7773.0,61100.0,0.0057,0.0033,0.0137,0.0,0.011,0.0,0.294,10.11
553941834,3,0,-0.022,-0.002,0.003,-0.022,0.0,-0.035,-0.0267,13.69,-0.0674,62240.0,0.0082,-0.030000000000000002,11925.0,61600.0,0.0059,0.0033,0.0137,0.0,0.011,0.0,0.294,10.11
553946681,3,0,0.014,0.041,0.001,-0.021,0.0,-0.0356,-0.030500000000000003,13.69,-0.06760000000000001,62368.0,0.0066,-0.030000000000000002,16772.0,61224.0,0.0036000000000000003,0.0033,0.0137,0.0,0.01,0.0,0.294,10.11
553948701,3,0,0.001,0.019,0.005,-0.021,0.0,-0.035300000000000005,-0.029400000000000003,13.69,-0.06770000000000001,62240.0,0.0049,-0.030000000000000002,0.0,61476.0,0.004200000000000001,0.0034000000000000002,0.0137,0.0,0.009000000000000001,0.0,0.294,10.11
553952882,3,0,0.037,0.046,0.003,-0.021,0.0,-0.0352,-0.0316,13.69,-0.0679,62368.0,0.0033,-0.030000000000000002,4181.0,61100.0,0.0026000000000000003,0.0034000000000000002,0.0137,0.0,0.006,0.0,0.294,10.11
553957682,3,0,0.028,-0.004,0.008,-0.021,0.0,-0.0352,-0.030500000000000003,13.69,-0.0678,62240.0,0.0049,-0.030000000000000002,8981.0,61224.0,0.0033,0.0034000000000000002,0.013800000000000002,0.0,0.004,0.0,0.294,10.106
553962680,3,0,0.01,0.006,0.011,-0.021,0.0,-0.0346,-0.0287,13.69,-0.06770000000000001,62240.0,0.0066,-0.030000000000000002,13979.0,61476.0,0.004200000000000001,0.0034000000000000002,0.013800000000000002,0.0,0.007,0.0,0.294,10.106
553964928,3,0,0.011,0.019,0.0,-0.021,0.0,-0.035500000000000004,-0.025500000000000002,13.69,-0.06760000000000001,62240.0,0.0115,-0.030000000000000002,16227.0,61348.0,0.0071,0.0034000000000000002,0.013800000000000002,0.0,0.009000000000000001,0.0,0.294,10.106
553969931,3,0,-0.024,-0.008,0.004,-0.021,0.0,-0.0367,-0.0238,13.69,-0.06760000000000001,62368.0,0.0131,-0.030000000000000002,0.0,61100.0,0.0091,0.0036000000000000003,0.013800000000000002,0.0,0.011,0.0,0.294,10.106
553972680,3,0,-0.007,0.029,-0.004,-0.021,0.0,-0.037000000000000005,-0.025500000000000002,13.69,-0.06760000000000001,62368.0,0.0131,-0.030000000000000002,2749.0,61100.0,0.0081,0.0036000000000000003,0.013800000000000002,0.0,0.012,0.0,0.294,10.106
553977682,3,0,-0.007,-0.004,0.0,-0.021,0.0,-0.0378,-0.0298,13.69,-0.0678,62368.0,0.0082,-0.030000000000000002,7751.0,61476.0,0.0057,0.0037,0.013900000000000001,0.0,0.01,0.0,0.294,10.078
553982681,3,0,0.004,0.028,-0.004,-0.02,0.0,-0.0375,-0.0325,13.69,-0.068,62368.0,0.0049,-0.030000000000000002,12750.0,61100.0,0.0035,0.0037,0.013900000000000001,0.0,0.01,0.0,0.294,10.078
553984951,3,0,0.027,0.013000000000000001,-0.002,-0.02,0.0,-0.0375,-0.033600000000000005,13.69,-0.06810000000000001,61984.0,0.0049,-0.030000000000000002,15020.0,61348.0,0.0028,0.0037,0.013900000000000001,0.0,0.008,0.0,0.294,10.078
553989479,3,0,0.015,0.02,-0.012,-0.02,0.0,-0.0376,-0.031900000000000005,13.69,-0.0682,62240.0,0.0066,-0.030000000000000002,0.0,61476.0,0.004,0.0037,0.014,0.0,0.008,0.0,0.294,10.078
553993925,3,0,-0.004,0.057,-0.009000000000000001,-0.02,0.0,-0.0371,-0.027,13.69,-0.0683,62368.0,0.0115,-0.030000000000000002,4446.0,61224.0,0.007200000000000001,0.0037,0.014,0.0,0.01,0.0,0.294,10.078
553998680,3,0,-0.002,-0.002,0.0,-0.02,0.0,-0.0385,-0.025500000000000002,13.69,-0.0682,62368.0,0.0131,-0.030000000000000002,9201.0,61224.0,0.0092,0.0038,0.014,0.0,0.009000000000000001,0.0,0.294,10.119
554000909,3,0,-0.025,0.061,-0.008,-0.02,0.0,-0.038900000000000004,-0.025,13.69,-0.0683,62368.0,0.0148,-0.030000000000000002,11430.0,61100.0,0.0098,0.0038,0.014,0.0,0.012,0.0,0.294,10.119
554005681,3,0,-0.022,-0.003,0.005,-0.02,0.0,-0.038,-0.024300000000000002,13.69,-0.0683,62240.0,0.0148,-0.030000000000000002,16202.0,61348.0,0.0097,0.0038,0.014,0.0,0.012,0.0,0.294,10.119
554009687,3,0,-0.051000000000000004,0.023,0.004,-0.019,0.0,-0.0378,-0.0238,13.69,-0.0685,62500.0,0.0148,-0.030000000000000002,0.0,61348.0,0.0099,0.0039000000000000003,0.014100000000000001,0.0,0.014,0.0,0.294,10.119
554013927,3,0,-0.047,0.056,-0.004,-0.019,0.0,-0.0383,-0.025500000000000002,13.69,-0.0688,62368.0,0.0131,-0.030000000000000002,4240.0,61476.0,0.0091,0.0039000000000000003,0.014100000000000001,0.0,0.014,0.0,0.294,10.119
554018682,3,0,-0.02,-0.023,0.008,-0.018000000000000002,0.0,-0.0378,-0.0281,13.69,-0.069,62240.0,0.0099,-0.030000000000000002,8995.0,61476.0,0.006900000000000001,0.004,0.014100000000000001,0.0,0.01,0.0,0.294,10.084
554020888,3,0,-0.024,0.052000000000000005,0.0,-0.018000000000000002,0.0,-0.0378,-0.0302,13.69,-0.0692,62368.0,0.0082,-0.030000000000000002,11201.0,61476.0,0.0054,0.004,0.014100000000000001,0.0,0.01,0.0,0.294,10.084
554024960,3,0,0.002,-0.017,0.007,-0.018000000000000002,0.0,-0.039400000000000004,-0.028900000000000002,13.69,-0.0692,62112.0,0.0115,-0.030000000000000002,15273.0,61348.0,0.0074,0.004,0.014100000000000001,0.0,0.008,0.0,0.294,10.084
554029916,3,0,-0.02,-0.01,0.003,-0.018000000000000002,0.0,-0.038400000000000004,-0.0256,13.69,-0.0693,62240.0,0.0131,-0.030000000000000002,0.0,61100.0,0.009000000000000001,0.004200000000000001,0.0142,0.0,0.01,0.0,0.294,10.084
554033936,3,0,-0.053,0.053,-0.005,-0.018000000000000002,0.0,-0.0391,-0.0211,13.69,-0.0692,62240.0,0.019700000000000002,-0.030000000000000002,4020.0,61348.0,0.012700000000000001,0.004200000000000001,0.0142,0.0,0.013000000000000001,0.0,0.294,10.084
554038813,3,0,-0.053,-0.028,0.003,-0.018000000000000002,0.0,-0.0395,-0.0187,13.69,-0.0693,62240.0,0.021400000000000002,-0.030000000000000002,8897.0,61348.0,0.014700000000000001,0.0043,0.0142,0.0,0.013000000000000001,0.0,0.294,10.09
554040946,3,0,-0.075,0.035,-0.004,-0.017,0.0,-0.0364,-0.0196,13.69,-0.0694,62368.0,0.0181,-0.030000000000000002,11030.0,61224.0,0.0119,0.0043,0.0142,0.0,0.016,0.0,0.294,10.09
554045697,3,0,-0.046,-0.033,0.001,-0.017,0.0,-0.037700000000000004,-0.022600000000000002,13.69,-0.0695,62368.0,0.0164,-0.030000000000000002,15781.0,60976.0,0.010700000000000001,0.0043,0.0142,0.0,0.014,0.0,0.294,10.09
554050681,3,0,-0.053,0.045,-0.009000000000000001,-0.017,0.0,-0.040600000000000004,-0.0251,13.69,-0.0698,62240.0,0.0164,-0.030000000000000002,0.0,61100.0,0.011000000000000001,0.0044,0.0143,0.0,0.016,0.0,0.294,10.09
554052914,3,0,-0.03,0.017,-0.007,-0.016,0.0,-0.041,-0.027,13.69,-0.0699,62240.0,0.0148,-0.030000000000000002,2233.0,61100.0,0.0099,0.0044,0.0143,0.0,0.015,0.0,0.294,10.09
554057690,3,0,-0.017,0.006,-0.003,-0.016,0.0,-0.0407,-0.026000000000000002,13.69,-0.0702,62240.0,0.0148,-0.030000000000000002,7009.0,61476.0,0.010400000000000001,0.0046,0.0143,0.0,0.014,0.0,0.294,10.09
554061971,3,0,-0.049,0.058,-0.007,-0.016,0.0,-0.0391,-0.023200000000000002,13.69,-0.0703,62500.0,0.0164,-0.030000000000000002,11290.0,61476.0,0.011300000000000001,0.0046,0.0143,0.0,0.016,0.0,0.294,10.09
554066684,3,0,-0.02,-0.004,0.0,-0.016,0.0,-0.0393,-0.022000000000000002,13.69,-0.0703,62240.0,0.0181,-0.030000000000000002,16003.0,61100.0,0.0122,0.0046,0.0143,0.0,0.015,0.0,0.294,10.09
554068955,3,0,-0.05,0.056,-0.008,-0.015,0.0,-0.04,-0.0223,13.69,-0.0704,62240.0,0.0181,-0.030000000000000002,0.0,61224.0,0.0126,0.0047,0.014400000000000001,0.0,0.018000000000000002,0.0,0.294,10.09
554072957,3,0,-0.025,0.017,0.005,-0.016,0.0,-0.0419,-0.0218,13.69,-0.0703,62368.0,0.021400000000000002,-0.030000000000000002,4002.0,61224.0,0.0142,0.0047,0.014400000000000001,0.0,0.018000000000000002,0.0,0.294,10.09
554076981,3,0,-0.052000000000000005,0.02,0.004,-0.015,0.0,-0.0413,-0.020200000000000003,13.69,-0.07050000000000001,62368.0,0.021400000000000002,-0.030000000000000002,8026.0,61224.0,0.0149,0.0049,0.014400000000000001,0.0,0.02,0.0,0.294,10.09
554081686,3,0,-0.046,0.055,0.007,-0.015,0.0,-0.040400000000000005,-0.0218,13.69,-0.07060000000000001,62368.0,0.019700000000000002,-0.030000000000000002,12731.0,61476.0,0.0132,0.0049,0.014400000000000001,0.0,0.02,0.0,0.294,10.091000000000001
554086015,3,0,-0.012,0.001,0.008,-0.014,0.0,-0.042100000000000005,-0.0247,13.69,-0.0708,62368.0,0.0181,-0.030000000000000002,17060.0,61224.0,0.0123,0.0049,0.014400000000000001,0.0,0.018000000000000002,0.0,0.294,10.091000000000001
554088817,3,0,-0.017,0.064,-0.007,-0.014,0.0,-0.042,-0.0263,13.69,-0.07100000000000001,62368.0,0.0164,-0.030000000000000002,0.0,61476.0,0.0111,0.0051,0.014400000000000001,0.0,0.019,0.0,0.294,10.091000000000001
554092959,3,0,-0.002,0.003,0.005,-0.013000000000000001,0.0,-0.0413,-0.0256,13.69,-0.0713,62368.0,0.0164,-0.030000000000000002,4142.0,61476.0,0.0111,0.0051,0.014400000000000001,0.0,0.016,0.0,0.294,10.091000000000001
554096981,3,0,-0.001,0.032,-0.002,-0.013000000000000001,0.0,-0.0415,-0.0241,13.69,-0.0716,62112.0,0.0181,-0.030000000000000002,8164.0,61224.0,0.0123,0.0053,0.0145,0.0,0.015,0.0,0.294,10.091000000000001
554101684,3,0,-0.036000000000000004,0.048,0.007,-0.013000000000000001,0.0,-0.041800000000000004,-0.0199,13.69,-0.0716,62368.0,0.023,-0.030000000000000002,12867.0,61348.0,0.0155,0.0053,0.0145,0.0,0.017,0.0,0.294,10.067
554105686,3,0,-0.017,-0.004,0.003,-0.013000000000000001,0.0,-0.0412,-0.0189,13.69,-0.0717,62368.0,0.023,-0.030000000000000002,16869.0,61476.0,0.0158,0.0053,0.0145,0.0,0.016,0.0,0.294,10.067
554109961,3,0,-0.048,0.044,-0.007,-0.012,0.0,-0.0408,-0.0175,13.69,-0.0718,62240.0,0.0247,-0.030000000000000002,0.0,61476.0,0.0164,0.0054,0.0145,0.0,0.019,0.0,0.294,10.067
554114688,3,0,-0.031,0.004,0.0,-0.012,0.0,-0.041,-0.0198,13.69,-0.0719,62368.0,0.021400000000000002,-0.030000000000000002,4727.0,61600.0,0.015000000000000001,0.0054,0.0145,0.0,0.019,0.0,0.294,10.067
554116953,3,0,-0.019,0.046,-0.002,-0.012,0.0,-0.042800000000000005,-0.0233,13.69,-0.0722,62500.0,0.019700000000000002,-0.030000000000000002,6992.0,61348.0,0.013800000000000002,0.0057,0.0146,0.0,0.019,0.0,0.294,10.067
554120982,3,0,-0.028,0.042,-0.003,-0.011,0.0,-0.0408,-0.023100000000000002,13.69,-0.0724,62112.0,0.0181,-0.030000000000000002,11021.0,61348.0,0.0125,0.0057,0.0146,0.0,0.019,0.0,0.294,10.106
554125685,3,0,0.004,-0.002,0.002,-0.011,0.0,-0.0402,-0.0223,13.69,-0.0726,62368.0,0.019700000000000002,-0.030000000000000002,15724.0,61348.0,0.012700000000000001,0.0057,0.0146,0.0,0.016,0.0,0.294,10.106
554129974,3,0,-0.014,0.057,-0.003,-0.01,0.0,-0.0413,-0.020200000000000003,13.69,-0.0729,62240.0,0.021400000000000002,-0.030000000000000002,0.0,61348.0,0.015000000000000001,0.0058000000000000005,0.0146,0.0,0.016,0.0,0.294,10.106
554132639,3,0,0.009000000000000001,-0.001,0.006,-0.01,0.0,-0.041600000000000005,-0.0211,13.69,-0.0729,62368.0,0.021400000000000002,-0.030000000000000002,2665.0,61476.0,0.0145,0.0058000000000000005,0.0146,0.0,0.014,0.0,0.294,10.106
554136686,3,0,-0.013000000000000001,0.073,-0.007,-0.01,0.0,-0.0419,-0.0221,13.69,-0.0729,62240.0,0.021400000000000002,-0.030000000000000002,6712.0,61224.0,0.014,0.0058000000000000005,0.0146,0.0,0.018000000000000002,0.0,0.294,10.106
554140984,3,0,-0.028,0.035,0.004,-0.01,0.0,-0.0422,-0.019200000000000002,13.69,-0.0729,62368.0,0.0247,-0.030000000000000002,11010.0,61348.0,0.016300000000000002,0.006,0.0146,0.0,0.019,0.0,0.294,10.095
554145685,3,0,-0.008,0.013000000000000001,-0.001,-0.01,0.0,-0.0415,-0.0189,13.69,-0.0731,62240.0,0.023,-0.030000000000000002,15711.0,61348.0,0.016,0.006,0.0146,0.0,0.018000000000000002,0.0,0.294,10.095
554149989,3,0,-0.024,0.06,0.0,-0.009000000000000001,0.0,-0.0409,-0.019700000000000002,13.69,-0.0734,62368.0,0.021400000000000002,-0.030000000000000002,0.0,61348.0,0.015000000000000001,0.006200000000000001,0.0146,0.0,0.018000000000000002,0.0,0.294,10.095
554152678,3,0,-0.002,0.002,0.011,-0.009000000000000001,0.0,-0.0412,-0.0212,13.69,-0.07350000000000001,62112.0,0.019700000000000002,-0.030000000000000002,2689.0,61476.0,0.014100000000000001,0.006200000000000001,0.0146,0.0,0.016,0.0,0.294,10.095
554157679,3,0,-0.005,0.049,-0.008,-0.008,0.0,-0.041,-0.023100000000000002,13.69,-0.0737,62500.0,0.0181,-0.030000000000000002,7690.0,61100.0,0.012700000000000001,0.0063,0.014700000000000001,0.0,0.017,0.0,0.294,10.095
554161695,3,0,-0.012,0.016,-0.002,-0.008,0.0,-0.042300000000000004,-0.026500000000000003,13.69,-0.0738,62368.0,0.0164,-0.030000000000000002,11706.0,61476.0,0.0112,0.0063,0.014700000000000001,0.0,0.017,0.0,0.294,10.095
554165991,3,0,0.022,-0.007,-0.003,-0.008,0.0,-0.041800000000000004,-0.0246,13.69,-0.07390000000000001,62240.0,0.0181,-0.030000000000000002,16002.0,61100.0,0.0122,0.0063,0.014700000000000001,0.0,0.015,0.0,0.294,10.068
554168678,3,0,-0.025,0.017,-0.005,-0.008,0.0,-0.0415,-0.0234,13.69,-0.07390000000000001,62240.0,0.0181,-0.030000000000000002,0.0,61728.0,0.0128,0.006500000000000001,0.014700000000000001,0.0,0.016,0.0,0.294,10.068
554172679,3,0,0.002,0.004,-0.002,-0.008,0.0,-0.0417,-0.0201,13.69,-0.07390000000000001,61984.0,0.023,-0.030000000000000002,4001.0,61348.0,0.015300000000000001,0.006500000000000001,0.014700000000000001,0.0,0.015,0.0,0.294,10.068
554177679,3,0,-0.027,0.042,-0.005,-0.008,0.0,-0.041600000000000005,-0.0213,13.69,-0.0741,62112.0,0.019700000000000002,-0.030000000000000002,9001.0,61100.0,0.014400000000000001,0.0067,0.0148,0.0,0.018000000000000002,0.0,0.294,10.068
554181967,3,0,-0.051000000000000004,0.019,-0.001,-0.007,0.0,-0.040400000000000005,-0.0217,13.69,-0.0743,62240.0,0.019700000000000002,-0.030000000000000002,13289.0,61224.0,0.0132,0.0067,0.0148,0.0,0.017,0.0,0.294,10.068
554186013,3,0,0.0,-0.015,0.001,-0.007,0.0,-0.0405,-0.0241,13.69,-0.0745,61856.0,0.0181,-0.030000000000000002,17335.0,60976.0,0.011600000000000001,0.0067,0.0148,0.0,0.014,0.0,0.294,10.126
554188819,3,0,-0.034,-0.004,0.003,-0.007,0.0,-0.0405,-0.024800000000000003,13.69,-0.0745,62112.0,0.0164,-0.030000000000000002,0.0,61100.0,0.0111,0.0068000000000000005,0.0148,0.0,0.014,0.0,0.294,10.126
554192975,3,0,0.017,-0.025,0.012,-0.004,0.0,-0.039900000000000005,-0.0267,13.69,-0.0747,62112.0,0.0131,-0.028800000000000003,4156.0,61224.0,0.0094,0.0068000000000000005,0.0148,0.0,0.012,0.0,0.28300000000000003,10.126
554197679,3,0,-0.017,0.03,-0.002,0.002,0.0,-0.041100000000000005,-0.0239,13.69,-0.0747,62368.0,0.0181,-0.0258,8860.0,61224.0,0.0122,0.006900000000000001,0.0148,0.0,0.015,0.0,0.253,10.126
554201783,3,0,-0.004,-0.026000000000000002,0.008,0.007,0.0,-0.0405,-0.025,13.69,-0.0746,62112.0,0.0164,-0.0234,12964.0,61348.0,0.011000000000000001,0.006900000000000001,0.0148,0.0,0.013000000000000001,0.0,0.23,10.126
554206061,3,0,0.031,-0.009000000000000001,0.008,0.012,0.0,-0.042,-0.025500000000000002,13.69,-0.0746,62368.0,0.0181,-0.021,17242.0,61348.0,0.0117,0.006900000000000001,0.0148,0.0,0.013000000000000001,0.0,0.20600000000000002,10.046
554208739,3,0,-0.009000000000000001,-0.018000000000000002,0.008,0.016,0.0,-0.042,-0.0245,13.69,-0.0745,62500.0,0.0181,-0.019200000000000002,0.0,61476.0,0.012400000000000001,0.0071,0.0149,0.0,0.014,0.0,0.188,10.046
554213685,3,0,0.01,-0.015,0.001,0.022,0.0,-0.0414,-0.022000000000000002,13.69,-0.07440000000000001,62112.0,0.019700000000000002,-0.0162,4946.0,61224.0,0.0137,0.0071,0.0149,0.0,0.014,0.0,0.159,10.046
554218675,3,0,0.005,0.01,-0.006,0.028,0.0,-0.040600000000000004,-0.0221,13.69,-0.07440000000000001,62368.0,0.019700000000000002,-0.0132,9936.0,61348.0,0.0131,0.007200000000000001,0.0149,0.0,0.016,0.0,0.129,10.046
554220678,3,0,0.02,-0.026000000000000002,0.0,0.03,0.0,-0.0405,-0.0246,13.69,-0.07440000000000001,61984.0,0.0164,-0.012,11939.0,60976.0,0.0112,0.007200000000000001,0.0149,0.0,0.014,0.0,0.11800000000000001,10.046
554225044,3,0,0.027,0.003,-0.003,0.036000000000000004,0.0,-0.0413,-0.025900000000000003,13.69,-0.0745,62240.0,0.0164,-0.009600000000000001,16305.0,61600.0,0.0109,0.007200000000000001,0.0149,0.0,0.014,0.0,0.094,10.089
554230048,3,0,-0.004,-0.003,-0.004,0.042,0.0,-0.0414,-0.027800000000000002,13.69,-0.0745,62240.0,0.0131,-0.0066,0.0,61348.0,0.009600000000000001,0.0073,0.0149,0.0,0.013000000000000001,0.0,0.065,10.089
554232677,3,0,0.044,-0.004,-0.006,0.046,0.0,-0.0419,-0.0264,13.69,-0.0745,62240.0,0.0164,-0.0048000000000000004,2629.0,61476.0,0.011000000000000001,0.0073,0.0149,0.0,0.011,0.0,0.047,10.089
554236679,3,0,0.0,-0.017,-0.005,0.05,0.0,-0.0424,-0.025400000000000002,13.69,-0.0743,62240.0,0.0181,-0.0024000000000000002,6631.0,60976.0,0.012,0.0073,0.0149,0.0,0.012,0.0,0.024,10.089
554241011,3,0,0.012,-0.028,0.004,0.055,0.0,-0.0436,-0.019700000000000002,13.69,-0.0742,62240.0,0.0247,0.0,10963.0,61224.0,0.016900000000000002,0.007500000000000001,0.0149,0.0,0.011,0.0,0.0,10.089
554245678,3,0,0.004,0.0,-0.004,0.061,0.0,-0.0426,-0.019,13.69,-0.0741,62112.0,0.0247,0.003,15630.0,61224.0,0.0167,0.007500000000000001,0.0149,0.0,0.013000000000000001,0.0,-0.029,10.105
554250063,3,0,-0.022,-0.014,0.006,0.066,0.0,-0.0429,-0.0205,13.69,-0.0741,62112.0,0.023,0.0054,0.0,61224.0,0.0158,0.0076,0.015000000000000001,0.0,0.013000000000000001,0.0,-0.053,10.105
554252677,3,0,0.014,0.0,0.005,0.07,0.0,-0.0434,-0.0205,13.69,-0.0741,62368.0,0.0247,0.007200000000000001,2614.0,61600.0,0.0162,0.0076,0.015000000000000001,0.0,0.011,0.0,-0.07100000000000001,10.105
554257678,3,0,-0.018000000000000002,-0.013000000000000001,0.0,0.076,0.0,-0.0434,-0.0198,13.69,-0.0742,62112.0,0.0247,0.0102,7615.0,61600.0,0.0167,0.0077,0.015000000000000001,0.0,0.011,0.0,-0.1,10.105
554262026,3,0,0.001,-0.038,0.005,0.081,0.0,-0.0425,-0.0195,13.69,-0.0742,62112.0,0.0247,0.0126,11963.0,61100.0,0.016300000000000002,0.0077,0.015000000000000001,0.0,0.007,0.0,-0.124,10.105
554266068,3,0,0.031,-0.008,-0.001,0.08600000000000001,0.0,-0.043000000000000003,-0.0195,13.69,-0.0742,62240.0,0.0247,0.015000000000000001,16005.0,61476.0,0.0166,0.0077,0.015000000000000001,0.0,0.007,0.0,-0.147,10.105
554268677,3,0,0.021,-0.032,0.004,0.09,0.0,-0.0436,-0.0189,13.69,-0.0742,62112.0,0.0263,0.016800000000000002,0.0,61600.0,0.0175,0.0077,0.015000000000000001,0.0,0.005,0.0,-0.165,10.105
554273039,3,0,0.043000000000000003,-0.014,-0.005,0.094,0.0,-0.0431,-0.0193,13.69,-0.07400000000000001,62112.0,0.0247,0.019200000000000002,4362.0,61600.0,0.016800000000000002,0.0077,0.015000000000000001,0.0,0.006,0.0,-0.188,10.105
554277679,3,0,0.024,-0.037,-0.003,0.1,0.0,-0.0436,-0.0189,13.69,-0.0737,62240.0,0.0263,0.0222,9002.0,61348.0,0.0175,0.0078000000000000005,0.015000000000000001,0.0,0.007,0.0,-0.218,10.105
554281680,3,0,0.019,-0.023,-0.006,0.10400000000000001,0.0,-0.044500000000000005,-0.015700000000000002,13.69,-0.0734,62240.0,0.0296,0.0246,13003.0,61224.0,0.0204,0.0078000000000000005,0.015000000000000001,0.0,0.009000000000000001,0.0,-0.241,10.105
554286092,3,0,0.065,-0.011,-0.009000000000000001,0.11,0.0,-0.0449,-0.0175,13.69,-0.0731,62368.0,0.0296,0.027600000000000003,17415.0,61348.0,0.0194,0.0078000000000000005,0.015000000000000001,0.0,0.01,0.0,-0.271,10.101
554288821,3,0,0.017,-0.021,-0.002,0.112,0.0,-0.0453,-0.0167,13.69,-0.07300000000000001,62368.0,0.0296,0.028800000000000003,0.0,61224.0,0.020200000000000003,0.0079,0.015000000000000001,0.0,0.01,0.0,-0.28300000000000003,10.101
554293053,3,0,0.095,-0.011,-0.004,0.114,0.0,-0.045000000000000005,-0.0201,13.69,-0.0728,62112.0,0.0263,0.030000000000000002,4232.0,61476.0,0.0177,0.0079,0.015000000000000001,0.0,0.008,0.0,-0.294,10.101
554297702,3,0,0.03,-0.048,0.0,0.114,0.0,-0.0446,-0.0199,13.69,-0.0726,62368.0,0.0247,0.030000000000000002,8881.0,61224.0,0.017400000000000002,0.008,0.0149,0.0,0.007,0.0,-0.294,10.101
554302678,3,0,0.064,-0.025,0.003,0.113,0.0,-0.0451,-0.0238,13.69,-0.0722,62240.0,0.023,0.030000000000000002,13857.0,61224.0,0.0151,0.008,0.0149,0.0,0.006,0.0,-0.294,10.101
554304678,3,0,0.054,-0.048,0.002,0.113,0.0,-0.0454,-0.022500000000000003,13.69,-0.0721,62240.0,0.0247,0.030000000000000002,15857.0,61348.0,0.0162,0.008,0.0149,0.0,0.006,0.0,-0.294,10.101
554309058,3,0,0.045,-0.034,-0.001,0.112,0.0,-0.0446,-0.0184,13.69,-0.0717,61984.0,0.0263,0.030000000000000002,0.0,61476.0,0.018600000000000002,0.008,0.0149,0.0,0.005,0.0,-0.294,10.061
554313679,3,0,0.094,-0.019,0.0,0.111,0.0,-0.045700000000000005,-0.018000000000000002,13.69,-0.0714,62112.0,0.0296,0.030000000000000002,4621.0,61224.0,0.0196,0.008,0.0149,0.0,0.004,0.0,-0.294,10.061
554318675,3,0,0.062,-0.049,0.007,0.111,0.0,-0.0465,-0.0206,13.69,-0.07100000000000001,62240.0,0.0279,0.030000000000000002,9617.0,61100.0,0.0183,0.008,0.0149,0.0,0.003,0.0,-0.294,10.061
554321065,3,0,0.07100000000000001,-0.016,-0.001,0.11,0.0,-0.045200000000000004,-0.018500000000000003,13.69,-0.0708,61856.0,0.028,0.030000000000000002,12007.0,61476.0,0.0189,0.008,0.0149,0.0,0.004,0.0,-0.294,10.061
554325118,3,0,0.057,-0.062,0.007,0.11,0.0,-0.0444,-0.0189,13.69,-0.07050000000000001,62112.0,0.0263,0.030000000000000002,16060.0,61476.0,0.018000000000000002,0.008,0.0149,0.0,0.003,0.0,-0.294,10.061
554329680,3,0,0.056,-0.039,0.003,0.109,0.0,-0.0448,-0.021400000000000002,13.69,-0.0703,62112.0,0.0247,0.030000000000000002,0.0,61348.0,0.0166,0.008,0.015000000000000001,0.0,0.002,0.0,-0.294,10.078
554334090,3,0,0.068,-0.025,-0.008,0.108,0.0,-0.0455,-0.0194,13.69,-0.07,62240.0,0.028,0.030000000000000002,4410.0,61600.0,0.018500000000000003,0.008,0.015000000000000001,0.0,0.001,0.0,-0.294,10.078
554338682,3,0,0.047,-0.07,0.003,0.108,0.0,-0.0448,-0.0194,13.69,-0.0698,62500.0,0.028,0.030000000000000002,9002.0,61476.0,0.018000000000000002,0.008,0.015000000000000001,0.0,-0.001,0.0,-0.294,10.078
554340835,3,0,0.069,-0.068,0.004,0.108,0.0,-0.040600000000000004,-0.0199,13.69,-0.0695,62112.0,0.021400000000000002,0.030000000000000002,11155.0,61224.0,0.0146,0.008,0.015000000000000001,0.0,-0.002,0.0,-0.294,10.078
554345133,3,0,0.064,-0.097,0.003,0.106,0.0,-0.041100000000000005,-0.0201,13.69,-0.069,62112.0,0.021400000000000002,0.030000000000000002,15453.0,61348.0,0.0148,0.008,0.015000000000000001,0.0,-0.002,0.0,-0.294,10.078
554349679,3,0,0.036000000000000004,-0.055,-0.004,0.106,0.0,-0.0441,-0.0162,13.69,-0.0687,62368.0,0.0296,0.030000000000000002,0.0,61600.0,0.019700000000000002,0.008,0.015000000000000001,0.0,-0.001,0.0,-0.294,10.135
554354094,3,0,0.048,-0.054,-0.007,0.105,0.0,-0.0426,-0.016900000000000002,13.69,-0.0682,61984.0,0.0263,0.030000000000000002,4415.0,61224.0,0.0182,0.008,0.015000000000000001,0.0,-0.002,0.0,-0.294,10.135
554358675,3,0,0.047,-0.107,0.002,0.10400000000000001,0.0,-0.041800000000000004,-0.017,13.69,-0.068,61856.0,0.0263,0.030000000000000002,8996.0,61600.0,0.0175,0.008,0.015000000000000001,0.0,-0.005,0.0,-0.294,10.135
554360688,3,0,0.059000000000000004,-0.074,-0.005,0.10400000000000001,0.0,-0.041800000000000004,-0.0183,13.69,-0.0678,62112.0,0.0247,0.030000000000000002,11009.0,61100.0,0.0166,0.008,0.015000000000000001,0.0,-0.004,0.0,-0.294,10.135
554365147,3,0,0.061,-0.113,0.004,0.10300000000000001,0.0,-0.0408,-0.0195,13.69,-0.0674,62112.0,0.023,0.030000000000000002,15468.0,61728.0,0.0151,0.008,0.015000000000000001,0.0,-0.006,0.0,-0.294,10.135
554369679,3,0,0.055,-0.06,0.002,0.10200000000000001,0.0,-0.0397,-0.020200000000000003,13.69,-0.067,62112.0,0.019700000000000002,0.030000000000000002,0.0,61476.0,0.013800000000000002,0.0079,0.015000000000000001,0.0,-0.006,0.0,-0.294,10.097
554374107,3,0,0.059000000000000004,-0.07,0.002,0.101,0.0,-0.0393,-0.0188,13.69,-0.0664,62112.0,0.021400000000000002,0.030000000000000002,4428.0,61100.0,0.0145,0.0079,0.015000000000000001,0.0,-0.007,0.0,-0.294,10.097
554378678,3,0,0.08,-0.126,0.001,0.1,0.0,-0.0386,-0.0213,13.69,-0.0661,62368.0,0.0181,0.030000000000000002,8999.0,61224.0,0.0122,0.0078000000000000005,0.015000000000000001,0.0,-0.01,0.0,-0.294,10.097
554381119,3,0,0.08,-0.068,-0.006,0.1,0.0,-0.038400000000000004,-0.0238,13.69,-0.0656,62112.0,0.0148,0.030000000000000002,11440.0,61348.0,0.0103,0.0078000000000000005,0.015000000000000001,0.0,-0.009000000000000001,0.0,-0.294,10.097
554385679,3,0,0.085,-0.129,0.007,0.099,0.0,-0.038900000000000004,-0.021400000000000002,13.69,-0.06520000000000001,62112.0,0.0181,0.030000000000000002,16000.0,61348.0,0.0123,0.0078000000000000005,0.015000000000000001,0.0,-0.01,0.0,-0.294,10.097
554389683,3,0,0.099,-0.058,-0.003,0.098,0.0,-0.038700000000000005,-0.025500000000000002,13.69,-0.0648,62112.0,0.0148,0.030000000000000002,0.0,61224.0,0.009300000000000001,0.0077,0.0149,0.0,-0.012,0.0,-0.294,10.097
554394124,3,0,0.125,-0.079,0.003,0.096,0.0,-0.038700000000000005,-0.025900000000000003,13.69,-0.064,61984.0,0.0148,0.030000000000000002,4441.0,61348.0,0.0091,0.0077,0.0149,0.0,-0.013000000000000001,0.0,-0.294,10.111
554398676,3,0,0.082,-0.11800000000000001,0.004,0.095,0.0,-0.037200000000000004,-0.0273,13.69,-0.0636,62112.0,0.0115,0.030000000000000002,8993.0,61476.0,0.007,0.007500000000000001,0.0149,0.0,-0.015,0.0,-0.294,10.111
554400678,3,0,0.117,-0.107,-0.002,0.095,0.0,-0.0373,-0.0258,13.69,-0.06330000000000001,62112.0,0.0131,0.030000000000000002,10995.0,61348.0,0.0081,0.007500000000000001,0.0149,0.0,-0.016,0.0,-0.294,10.111
554404815,3,0,0.098,-0.084,-0.007,0.094,0.0,-0.0378,-0.0307,13.69,-0.0629,62112.0,0.0066,0.030000000000000002,15132.0,61348.0,0.005,0.007500000000000001,0.0149,0.0,-0.016,0.0,-0.294,10.111
554409133,3,0,0.115,-0.043000000000000003,-0.007,0.092,0.0,-0.036500000000000005,-0.030000000000000002,13.69,-0.0623,62240.0,0.0066,0.030000000000000002,0.0,61476.0,0.0046,0.0074,0.0149,0.0,-0.015,0.0,-0.294,10.111
554413137,3,0,0.133,-0.124,0.001,0.091,0.0,-0.0351,-0.0332,13.69,-0.061700000000000005,62112.0,0.0016,0.030000000000000002,4004.0,61224.0,0.0014,0.0074,0.0149,0.0,-0.017,0.0,-0.294,10.111
554417681,3,0,0.095,-0.07200000000000001,-0.006,0.09,0.0,-0.0342,-0.029300000000000003,13.69,-0.061200000000000004,61984.0,0.0049,0.030000000000000002,8548.0,61224.0,0.0035,0.0073,0.0149,0.0,-0.012,0.0,-0.294,10.111
554422679,3,0,0.093,-0.057,-0.005,0.089,0.0,-0.033800000000000004,-0.031,13.69,-0.060500000000000005,62240.0,0.0033,0.030000000000000002,13546.0,61224.0,0.002,0.0073,0.0149,0.0,-0.012,0.0,-0.294,10.111
554425207,3,0,0.107,-0.115,-0.002,0.088,0.0,-0.033600000000000005,-0.031200000000000002,13.69,-0.0601,62112.0,0.0016,0.030000000000000002,16074.0,61100.0,0.0017000000000000001,0.0073,0.0149,0.0,-0.013000000000000001,0.0,-0.294,10.111
554429678,3,0,0.08600000000000001,-0.047,0.001,0.08700000000000001,0.0,-0.034,-0.0327,13.69,-0.0596,62112.0,0.0016,0.030000000000000002,0.0,61600.0,0.0009000000000000001,0.0071,0.0149,0.0,-0.01,0.0,-0.294,10.111
554434150,3,0,0.11,-0.10300000000000001,-0.001,0.08600000000000001,0.0,-0.0325,-0.033100000000000004,13.69,-0.0589,62240.0,0.0,0.030000000000000002,4472.0,60976.0,-0.0004,0.0071,0.0149,0.0,-0.012,0.0,-0.294,10.051
554438815,3,0,0.096,-0.10200000000000001,0.002,0.085,0.0,-0.0309,-0.0335,13.69,-0.058600000000000006,62112.0,-0.0017000000000000001,0.030000000000000002,9137.0,61100.0,-0.0018000000000000002,0.0071,0.0149,0.0,-0.01,0.0,-0.294,10.051
554441162,3,0,0.115,-0.099,0.005,0.084,0.0,-0.030600000000000002,-0.0347,13.69,-0.058100000000000006,61984.0,-0.005,0.030000000000000002,11484.0,61224.0,-0.0029000000000000002,0.0071,0.0149,0.0,-0.011,0.0,-0.294,10.051
554445678,3,0,0.078,-0.109,0.01,0.083,0.0,-0.030600000000000002,-0.030600000000000002,13.69,-0.057800000000000004,62240.0,0.0016,0.030000000000000002,16000.0,61348.0,0.0,0.0071,0.0149,0.0,-0.011,0.0,-0.294,10.051
554449681,3,0,0.081,-0.057,-0.007,0.082,0.0,-0.0296,-0.0324,13.69,-0.0574,62112.0,-0.0033,0.030000000000000002,0.0,61476.0,-0.0019,0.007,0.0149,0.0,-0.01,0.0,-0.294,10.051
554454168,3,0,0.109,-0.11800000000000001,0.0,0.081,0.0,-0.029500000000000002,-0.031,13.69,-0.0568,61984.0,-0.0017000000000000001,0.030000000000000002,4487.0,61224.0,-0.0011,0.007,0.0149,0.0,-0.012,0.0,-0.294,10.131
554458678,3,0,0.054,-0.089,-0.005,0.08,0.0,-0.0285,-0.0317,13.69,-0.056400000000000006,62112.0,-0.0033,0.030000000000000002,8997.0,61224.0,-0.0023,0.0068000000000000005,0.0148,0.0,-0.012,0.0,-0.294,10.131
554460678,3,0,0.069,-0.133,0.001,0.08,0.0,-0.028300000000000002,-0.0279,13.69,-0.056100000000000004,61984.0,0.0,0.030000000000000002,10997.0,61348.0,0.00030000000000000003,0.0068000000000000005,0.0148,0.0,-0.013000000000000001,0.0,-0.294,10.131
554465220,3,0,0.052000000000000005,-0.105,-0.006,0.079,0.0,-0.0267,-0.0302,13.69,-0.055600000000000004,61984.0,-0.0033,0.030000000000000002,15539.0,60976.0,-0.0025,0.0068000000000000005,0.0148,0.0,-0.012,0.0,-0.294,10.131
554470230,3,0,0.054,-0.052000000000000005,-0.009000000000000001,0.077,0.0,-0.0274,-0.030600000000000002,13.69,-0.054900000000000004,62112.0,-0.0033,0.030000000000000002,0.0,60976.0,-0.0022,0.0067,0.0148,0.0,-0.013000000000000001,0.0,-0.294,10.131
554472676,3,0,0.052000000000000005,-0.106,0.0,0.077,0.0,-0.027800000000000002,-0.030500000000000003,13.69,-0.054700000000000006,61984.0,-0.0017000000000000001,0.030000000000000002,2446.0,61224.0,-0.002,0.0067,0.0148,0.0,-0.014,0.0,-0.294,10.044
554476700,3,0,0.075,-0.061,-0.009000000000000001,0.076,0.0,-0.027100000000000003,-0.033,13.69,-0.054200000000000005,62240.0,-0.0066,0.030000000000000002,6470.0,61600.0,-0.004200000000000001,0.006500000000000001,0.0148,0.0,-0.012,0.0,-0.294,10.044
554481187,3,0,0.069,-0.115,-0.005,0.074,0.0,-0.027100000000000003,-0.0333,13.69,-0.0536,62112.0,-0.0066,0.030000000000000002,10957.0,61600.0,-0.0044,0.006500000000000001,0.0148,0.0,-0.013000000000000001,0.0,-0.294,10.044
554485690,3,0,0.079,-0.078,0.004,0.074,0.0,-0.0279,-0.0322,13.69,-0.053200000000000004,62240.0,-0.0033,0.030000000000000002,15460.0,61224.0,-0.003,0.006500000000000001,0.0148,0.0,-0.013000000000000001,0.0,-0.294,10.044
554488815,3,0,0.058,-0.10200000000000001,0.006,0.073,0.0,-0.027600000000000003,-0.032,13.69,-0.0528,62368.0,-0.0033,0.030000000000000002,0.0,61476.0,-0.0031000000000000003,0.0064,0.0148,0.0,-0.012,0.0,-0.294,10.044
554493193,3,0,0.084,-0.11,0.008,0.07200000000000001,0.0,-0.0286,-0.0334,13.69,-0.0523,62112.0,-0.005,0.030000000000000002,4378.0,61100.0,-0.0034000000000000002,0.0064,0.0148,0.0,-0.013000000000000001,0.0,-0.294,10.044
554497678,3,0,0.066,-0.037,0.0,0.07100000000000001,0.0,-0.027700000000000002,-0.0337,13.69,-0.0519,62368.0,-0.005,0.030000000000000002,8863.0,61856.0,-0.004200000000000001,0.0063,0.0149,0.0,-0.012,0.0,-0.294,10.044
554502200,3,0,0.076,-0.063,0.003,0.07,0.0,-0.0304,-0.0364,13.69,-0.051300000000000005,61984.0,-0.0066,0.030000000000000002,13385.0,61600.0,-0.0043,0.0063,0.0149,0.0,-0.013000000000000001,0.0,-0.294,10.044
554506229,3,0,0.092,-0.089,0.004,0.069,0.0,-0.029400000000000003,-0.035300000000000005,13.69,-0.051000000000000004,62112.0,-0.005,0.030000000000000002,17414.0,61224.0,-0.004200000000000001,0.0061,0.0149,0.0,-0.017,0.0,-0.294,10.044
554508678,3,0,0.085,-0.095,0.007,0.069,0.0,-0.0287,-0.0356,13.69,-0.0507,62500.0,-0.0082,0.030000000000000002,0.0,61100.0,-0.0049,0.0061,0.0149,0.0,-0.016,0.0,-0.294,10.044
554513207,3,0,0.094,-0.08600000000000001,0.012,0.068,0.0,-0.0309,-0.036000000000000004,13.69,-0.050300000000000004,62112.0,-0.005,0.030000000000000002,4529.0,61224.0,-0.0036000000000000003,0.0061,0.0149,0.0,-0.017,0.0,-0.294,10.045
554517677,3,0,0.073,-0.006,-0.01,0.067,0.0,-0.032600000000000004,-0.0363,13.69,-0.0499,62240.0,-0.0033,0.030000000000000002,8999.0,61348.0,-0.0027,0.006,0.015000000000000001,0.0,-0.011,0.0,-0.294,10.045
554522676,3,0,0.07,-0.064,0.001,0.066,0.0,-0.0318,-0.035500000000000004,13.69,-0.049300000000000004,62112.0,-0.005,0.030000000000000002,13998.0,61348.0,-0.0026000000000000003,0.006,0.015000000000000001,0.0,-0.011,0.0,-0.294,10.045
554524676,3,0,0.063,-0.011,-0.004,0.065,0.0,-0.031200000000000002,-0.0351,13.69,-0.0492,62240.0,-0.0033,0.030000000000000002,15998.0,61224.0,-0.0027,0.006,0.015000000000000001,0.0,-0.01,0.0,-0.294,10.045
554529220,3,0,0.065,-0.054,-0.005,0.064,0.0,-0.032100000000000004,-0.0361,13.69,-0.0487,62112.0,-0.005,0.030000000000000002,0.0,61224.0,-0.0028,0.0059,0.015000000000000001,0.0,-0.011,0.0,-0.294,10.045
554534223,3,0,0.078,-0.08600000000000001,0.0,0.064,0.0,-0.0341,-0.0329,13.69,-0.0485,62112.0,0.0016,0.030000000000000002,5003.0,60976.0,0.0008,0.0059,0.015000000000000001,0.0,-0.013000000000000001,0.0,-0.294,10.040000000000001
554538815,3,0,0.05,-0.005,-0.008,0.064,0.0,-0.0335,-0.0339,13.69,-0.048400000000000006,62240.0,-0.0017000000000000001,0.030000000000000002,9595.0,61728.0,-0.00030000000000000003,0.0058000000000000005,0.0149,0.0,-0.01,0.0,-0.294,10.040000000000001
554541227,3,0,0.073,-0.088,0.001,0.063,0.0,-0.0334,-0.0337,13.69,-0.048100000000000004,62500.0,0.0,0.030000000000000002,12007.0,61600.0,-0.0002,0.0058000000000000005,0.0149,0.0,-0.013000000000000001,0.0,-0.294,10.040000000000001
554545275,3,0,0.056,-0.009000000000000001,-0.012,0.063,0.0,-0.033800000000000004,-0.0344,13.69,-0.048,62112.0,0.0,0.030000000000000002,16055.0,61224.0,-0.0004,0.0058000000000000005,0.0149,0.0,-0.012,0.0,-0.294,10.040000000000001
554549679,3,0,0.047,-0.049,0.004,0.062,0.0,-0.0358,-0.032600000000000004,13.69,-0.0477,61984.0,0.0033,0.030000000000000002,0.0,60976.0,0.0023,0.0057,0.0149,0.0,-0.012,0.0,-0.294,10.040000000000001
554554240,3,0,0.045,-0.076,0.008,0.062,0.0,-0.0345,-0.0286,13.69,-0.0475,62240.0,0.0066,0.030000000000000002,4561.0,61100.0,0.0041,0.0057,0.0149,0.0,-0.013000000000000001,0.0,-0.294,10.039
554558700,3,0,-0.003,0.002,-0.006,0.062,0.0,-0.0346,-0.0256,13.69,-0.047400000000000005,62112.0,0.0099,0.030000000000000002,9021.0,60976.0,0.0063,0.0056,0.0148,0.0,-0.008,0.0,-0.294,10.039
554561242,3,0,0.005,-0.074,0.008,0.062,0.0,-0.0354,-0.0233,13.69,-0.047400000000000005,61984.0,0.0131,0.030000000000000002,11563.0,61100.0,0.0086,0.0056,0.0148,0.0,-0.011,0.0,-0.294,10.039
554565687,3,0,0.007,0.011,0.002,0.062,0.0,-0.0368,-0.027700000000000002,13.69,-0.047400000000000005,62240.0,0.0082,0.030000000000000002,16008.0,60976.0,0.0064,0.0056,0.0148,0.0,-0.01,0.0,-0.294,10.039
554570294,3,0,-0.032,-0.022,-0.001,0.062,0.0,-0.0364,-0.0228,13.69,-0.047400000000000005,62240.0,0.0131,0.030000000000000002,0.0,61224.0,0.009600000000000001,0.0055000000000000005,0.014700000000000001,0.0,-0.01,0.0,-0.294,10.039
554572678,3,0,-0.015,0.01,-0.008,0.062,0.0,-0.0369,-0.0223,13.69,-0.0475,62112.0,0.0164,0.030000000000000002,2384.0,61224.0,0.010400000000000001,0.0055000000000000005,0.014700000000000001,0.0,-0.01,0.0,-0.294,10.039
554577253,3,0,-0.046,-0.003,0.001,0.062,0.0,-0.0388,-0.021500000000000002,13.69,-0.0475,62240.0,0.0181,0.030000000000000002,6959.0,61348.0,0.0122,0.0054,0.0146,0.0,-0.01,0.0,-0.294,10.073
554581678,3,0,0.009000000000000001,-0.047,-0.004,0.062,0.0,-0.038400000000000004,-0.022600000000000002,13.69,-0.0475,61984.0,0.0164,0.030000000000000002,11384.0,61600.0,0.0112,0.0054,0.0146,0.0,-0.013000000000000001,0.0,-0.294,10.073
554585689,3,0,-0.038,0.027,-0.013000000000000001,0.062,0.0,-0.039900000000000005,-0.020200000000000003,13.69,-0.0476,62112.0,0.019700000000000002,0.030000000000000002,15395.0,61348.0,0.013900000000000001,0.0054,0.0146,0.0,-0.01,0.0,-0.294,10.073
554588814,3,0,-0.007,-0.048,0.0,0.062,0.0,-0.0396,-0.0183,13.69,-0.0475,62112.0,0.021400000000000002,0.030000000000000002,0.0,61100.0,0.0151,0.0053,0.0145,0.0,-0.011,0.0,-0.294,10.073
554593266,3,0,-0.012,0.02,-0.014,0.062,0.0,-0.0431,-0.019,13.69,-0.0476,62112.0,0.0247,0.030000000000000002,4452.0,61348.0,0.017,0.0053,0.0145,0.0,-0.01,0.0,-0.294,10.073
554598269,3,0,-0.042,0.048,-0.017,0.062,0.0,-0.0444,-0.019700000000000002,13.69,-0.0476,61856.0,0.0247,0.030000000000000002,9455.0,60976.0,0.0175,0.005200000000000001,0.014400000000000001,0.0,-0.008,0.0,-0.294,10.047
554602678,3,0,0.003,-0.027,-0.014,0.062,0.0,-0.044000000000000004,-0.0201,13.69,-0.0476,62112.0,0.0247,0.030000000000000002,13864.0,60976.0,0.016900000000000002,0.005200000000000001,0.014400000000000001,0.0,-0.01,0.0,-0.294,10.047
554604678,3,0,-0.012,0.025,-0.016,0.062,0.0,-0.0439,-0.0229,13.69,-0.0476,62368.0,0.021400000000000002,0.030000000000000002,15864.0,61100.0,0.0148,0.005200000000000001,0.014400000000000001,0.0,-0.008,0.0,-0.294,10.047
554608678,3,0,0.032,-0.007,-0.004,0.062,0.0,-0.046,-0.0234,13.69,-0.0476,62112.0,0.023,0.030000000000000002,0.0,61100.0,0.016,0.0051,0.0143,0.0,-0.009000000000000001,0.0,-0.294,10.047
554613278,3,0,0.069,0.04,-0.008,0.062,0.0,-0.0454,-0.028,13.69,-0.047400000000000005,62112.0,0.0181,0.030000000000000002,4600.0,61224.0,0.0123,0.0051,0.0143,0.0,-0.008,0.0,-0.294,10.047
554617643,3,0,-0.009000000000000001,0.011,0.001,0.061,0.0,-0.0465,-0.0216,13.69,-0.0472,62368.0,0.0263,0.030000000000000002,8965.0,61348.0,0.0176,0.005,0.0142,0.0,-0.007,0.0,-0.294,10.086
554622679,3,0,0.06,0.003,0.009000000000000001,0.061,0.0,-0.049,-0.025400000000000002,13.69,-0.047,62112.0,0.0246,0.030000000000000002,14001.0,61100.0,0.0167,0.005,0.0142,0.0,-0.007,0.0,-0.294,10.086
554624679,3,0,0.015,0.023,0.008,0.061,0.0,-0.0487,-0.0273,13.69,-0.046900000000000004,62112.0,0.023,0.030000000000000002,16001.0,61100.0,0.0151,0.005,0.0142,0.0,-0.005,0.0,-0.294,10.086
554630339,3,0,-0.006,0.004,0.011,0.06,0.0,-0.0475,-0.020900000000000002,13.69,-0.046700000000000005,62112.0,0.0279,0.030000000000000002,0.0,61224.0,0.0188,0.005,0.0142,0.0,-0.003,0.0,-0.294,10.086
554632678,3,0,-0.013000000000000001,0.043000000000000003,0.007,0.06,0.0,-0.049100000000000005,-0.020900000000000002,13.69,-0.0468,62240.0,0.0296,0.030000000000000002,2339.0,61100.0,0.0199,0.005,0.0142,0.0,-0.002,0.0,-0.294,10.086
554636680,3,0,0.047,-0.001,0.011,0.06,0.0,-0.0494,-0.0284,13.69,-0.0468,61984.0,0.0213,0.030000000000000002,6341.0,61348.0,0.0148,0.0049,0.014100000000000001,0.0,-0.006,0.0,-0.294,10.046
554641297,3,0,0.038,0.018000000000000002,0.008,0.061,0.0,-0.049600000000000005,-0.0263,13.69,-0.047,62240.0,0.0246,0.030000000000000002,10958.0,61224.0,0.0164,0.0049,0.014100000000000001,0.0,-0.008,0.0,-0.294,10.046
554645349,3,0,-0.008,0.024,0.004,0.061,0.0,-0.0494,-0.0224,13.69,-0.0471,62112.0,0.0279,0.030000000000000002,15010.0,60976.0,0.019100000000000002,0.0049,0.014100000000000001,0.0,-0.006,0.0,-0.294,10.046
554649677,3,0,0.026000000000000002,0.0,0.006,0.061,0.0,-0.049800000000000004,-0.024,13.69,-0.0471,62112.0,0.0279,0.030000000000000002,0.0,61224.0,0.0183,0.0048000000000000004,0.014100000000000001,0.0,-0.008,0.0,-0.294,10.046
554654309,3,0,-0.011,0.036000000000000004,0.0,0.061,0.0,-0.0531,-0.0182,13.69,-0.0473,62112.0,0.0362,0.030000000000000002,4632.0,61224.0,0.0246,0.0048000000000000004,0.014100000000000001,0.0,-0.004,0.0,-0.294,10.052
554658677,3,0,-0.069,0.027,-0.007,0.062,0.0,-0.051300000000000005,-0.0103,13.69,-0.047400000000000005,62240.0,0.0427,0.030000000000000002,9000.0,61100.0,0.029,0.0048000000000000004,0.014,0.0,-0.001,0.0,-0.294,10.052
554660817,3,0,-0.04,0.038,-0.011,0.062,0.0,-0.0509,-0.0123,13.69,-0.0476,62240.0,0.0395,0.030000000000000002,11140.0,61224.0,0.0273,0.0048000000000000004,0.014,0.0,-0.002,0.0,-0.294,10.052
554665364,3,0,-0.07200000000000001,0.032,-0.016,0.063,0.0,-0.051300000000000005,-0.0123,13.69,-0.047900000000000005,62500.0,0.041100000000000005,0.030000000000000002,15687.0,61224.0,0.027600000000000003,0.0048000000000000004,0.014,0.0,-0.002,0.0,-0.294,10.052
554669676,3,0,-0.046,0.016,-0.011,0.063,0.0,-0.053000000000000005,-0.0131,13.69,-0.0482,62112.0,0.0427,0.030000000000000002,0.0,61100.0,0.028300000000000002,0.0048000000000000004,0.014,0.0,-0.002,0.0,-0.294,10.052
554674360,3,0,-0.036000000000000004,0.042,-0.019,0.064,0.0,-0.052700000000000004,-0.0076,13.69,-0.0487,62240.0,0.0477,0.030000000000000002,4684.0,61348.0,0.031900000000000005,0.0048000000000000004,0.014,0.0,-0.003,0.0,-0.294,10.059000000000001
554678641,3,0,-0.07100000000000001,0.016,-0.01,0.065,0.0,-0.0521,-0.013300000000000001,13.69,-0.0489,61856.0,0.041100000000000005,0.030000000000000002,8965.0,61100.0,0.0275,0.0048000000000000004,0.013900000000000001,0.0,-0.002,0.0,-0.294,10.059000000000001
554680677,3,0,-0.045,0.039,-0.018000000000000002,0.065,0.0,-0.0524,-0.010400000000000001,13.69,-0.049100000000000005,62500.0,0.0427,0.030000000000000002,11001.0,61348.0,0.0297,0.0048000000000000004,0.013900000000000001,0.0,-0.002,0.0,-0.294,10.059000000000001
554684679,3,0,-0.07100000000000001,0.003,-0.005,0.065,0.0,-0.0528,-0.0063,13.69,-0.049100000000000005,61984.0,0.049300000000000004,0.030000000000000002,15003.0,61348.0,0.0329,0.0048000000000000004,0.013900000000000001,0.0,-0.001,0.0,-0.294,10.059000000000001
554688853,3,0,-0.053,0.038,-0.002,0.066,0.0,-0.0546,-0.0015,13.69,-0.049300000000000004,62112.0,0.055900000000000005,0.030000000000000002,0.0,61476.0,0.0375,0.0048000000000000004,0.013800000000000002,0.0,0.002,0.0,-0.294,10.059000000000001
554694339,3,0,-0.049,0.047,0.0,0.066,0.0,-0.0553,-0.007,13.69,-0.0495,61984.0,0.051000000000000004,0.030000000000000002,5486.0,61224.0,0.0342,0.0048000000000000004,0.013800000000000002,0.0,0.005,0.0,-0.294,10.072000000000001
554698734,3,0,-0.058,0.009000000000000001,0.005,0.066,0.0,-0.054400000000000004,-0.0074,13.69,-0.0497,61984.0,0.049300000000000004,0.030000000000000002,9881.0,61728.0,0.0332,0.0049,0.0137,0.0,0.006,0.0,-0.294,10.072000000000001
554700739,3,0,-0.008,0.038,0.006,0.066,0.0,-0.0545,-0.012700000000000001,13.69,-0.0497,62240.0,0.0444,0.030000000000000002,11886.0,61348.0,0.0296,0.0049,0.0137,0.0,0.006,0.0,-0.294,10.072000000000001
554705428,3,0,-0.033,0.013000000000000001,0.02,0.067,0.0,-0.055400000000000005,-0.0122,13.69,-0.049800000000000004,62112.0,0.0444,0.030000000000000002,16575.0,61600.0,0.030500000000000003,0.0049,0.0137,0.0,0.007,0.0,-0.294,10.072000000000001
554709642,3,0,0.066,0.042,0.015,0.066,0.0,-0.054400000000000004,-0.019,13.69,-0.0497,62112.0,0.0378,0.030000000000000002,0.0,61224.0,0.025,0.0049,0.0137,0.0,0.007,0.0,-0.294,10.072000000000001
554713642,3,0,0.012,0.026000000000000002,0.012,0.066,0.0,-0.0555,-0.0134,13.69,-0.0497,62240.0,0.0427,0.030000000000000002,4000.0,61476.0,0.0298,0.0049,0.0137,0.0,0.008,0.0,-0.294,10.072000000000001
554718676,3,0,0.011,0.025,0.013000000000000001,0.066,0.0,-0.056100000000000004,-0.018500000000000003,13.69,-0.049600000000000005,61856.0,0.039400000000000004,0.030000000000000002,9034.0,61348.0,0.026600000000000002,0.005,0.013600000000000001,0.0,0.007,0.0,-0.294,10.102
554721392,3,0,0.034,0.04,-0.005,0.066,0.0,-0.055600000000000004,-0.012100000000000001,13.69,-0.049600000000000005,61984.0,0.0444,0.030000000000000002,11750.0,60728.0,0.0308,0.005,0.013600000000000001,0.0,0.008,0.0,-0.294,10.102
554726421,3,0,-0.011,0.014,0.003,0.066,0.0,-0.054400000000000004,-0.0162,13.69,-0.0495,62112.0,0.041100000000000005,0.030000000000000002,16779.0,61348.0,0.027,0.0051,0.013600000000000001,0.0,0.01,0.0,-0.294,10.102
554728641,3,0,0.007,0.039,0.001,0.066,0.0,-0.055,-0.013000000000000001,13.69,-0.049600000000000005,62368.0,0.0444,0.030000000000000002,0.0,61476.0,0.0297,0.0051,0.013600000000000001,0.0,0.01,0.0,-0.294,10.102
554733402,3,0,0.0,0.011,-0.014,0.067,0.0,-0.055,-0.0177,13.69,-0.049800000000000004,62112.0,0.039400000000000004,0.030000000000000002,4761.0,61100.0,0.0264,0.0051,0.013600000000000001,0.0,0.008,0.0,-0.294,10.102
554737641,3,0,-0.07200000000000001,0.034,-0.011,0.067,0.0,-0.0548,-0.0083,13.69,-0.0502,62240.0,0.049300000000000004,0.030000000000000002,9000.0,61224.0,0.0328,0.005200000000000001,0.013600000000000001,0.0,0.01,0.0,-0.294,10.062
554742409,3,0,-0.015,0.031,-0.017,0.068,0.0,-0.053200000000000004,-0.013800000000000002,13.69,-0.0507,62240.0,0.041100000000000005,0.030000000000000002,13768.0,61476.0,0.0279,0.005200000000000001,0.013600000000000001,0.0,0.006,0.0,-0.294,10.062
554746437,3,0,-0.061,-0.018000000000000002,-0.009000000000000001,0.069,0.0,-0.0526,-0.012100000000000001,13.69,-0.0511,62240.0,0.041100000000000005,0.030000000000000002,17796.0,61224.0,0.0286,0.005200000000000001,0.013600000000000001,0.0,0.005,0.0,-0.294,10.062
554748641,3,0,0.006,0.006,-0.013000000000000001,0.069,0.0,-0.052700000000000004,-0.013800000000000002,13.69,-0.0512,62500.0,0.041100000000000005,0.030000000000000002,0.0,61224.0,0.0275,0.005200000000000001,0.013600000000000001,0.0,0.004,0.0,-0.294,10.062
554753435,3,0,-0.147,-0.02,0.006,0.07,0.0,-0.0531,0.0018000000000000002,13.69,-0.0514,62240.0,0.0575,0.030000000000000002,4794.0,61348.0,0.0388,0.005200000000000001,0.013600000000000001,0.0,0.006,0.0,-0.294,10.062
554758425,3,0,-0.066,-0.002,0.0,0.07100000000000001,0.0,-0.0494,-0.0035,13.69,-0.0517,62112.0,0.0477,0.030000000000000002,9784.0,61348.0,0.0324,0.0053,0.0135,0.0,0.005,0.0,-0.294,10.091000000000001
554762640,3,0,-0.054,-0.008,0.009000000000000001,0.07100000000000001,0.0,-0.050300000000000004,-0.0057,13.69,-0.051800000000000006,62240.0,0.046,0.030000000000000002,13999.0,61224.0,0.0315,0.0053,0.0135,0.0,0.005,0.0,-0.294,10.091000000000001
554764641,3,0,-0.081,0.002,0.007,0.07100000000000001,0.0,-0.0492,0.0024000000000000002,13.69,-0.0519,62112.0,0.0543,0.030000000000000002,16000.0,61224.0,0.036500000000000005,0.0053,0.0135,0.0,0.007,0.0,-0.294,10.091000000000001
554768641,3,0,-0.066,-0.015,0.011,0.07100000000000001,0.0,-0.0512,0.0021000000000000003,13.69,-0.052000000000000005,61984.0,0.055900000000000005,0.030000000000000002,0.0,61224.0,0.037700000000000004,0.0054,0.0134,0.0,0.008,0.0,-0.294,10.091000000000001
554773676,3,0,0.003,-0.032,0.01,0.07200000000000001,0.0,-0.0507,-0.008700000000000001,13.69,-0.0521,62112.0,0.0427,0.030000000000000002,5035.0,60976.0,0.0297,0.0054,0.0134,0.0,0.006,0.0,-0.294,10.091000000000001
554778640,3,0,-0.055,0.022,0.007,0.07100000000000001,0.0,-0.0509,-0.0024000000000000002,13.68,-0.0521,61728.0,0.049300000000000004,0.030000000000000002,9999.0,61100.0,0.034300000000000004,0.0055000000000000005,0.0134,0.0,0.008,0.0,-0.294,10.015
554780640,3,0,-0.033,-0.032,0.002,0.07100000000000001,0.0,-0.050300000000000004,0.0041,13.68,-0.052000000000000005,61984.0,0.0575,0.030000000000000002,11999.0,60852.0,0.0385,0.0055000000000000005,0.0134,0.0,0.006,0.0,-0.294,10.015
554784641,3,0,0.021,0.03,0.0,0.07100000000000001,0.0,-0.048400000000000006,-0.007200000000000001,13.68,-0.0519,61984.0,0.0427,0.030000000000000002,16000.0,61224.0,0.0291,0.0055000000000000005,0.0134,0.0,0.007,0.0,-0.294,10.015
554788945,3,0,0.028,-0.029,-0.004,0.07100000000000001,0.0,-0.049100000000000005,-0.0027,13.68,-0.051800000000000006,62240.0,0.0477,0.030000000000000002,0.0,61100.0,0.0328,0.0055000000000000005,0.013300000000000001,0.0,0.005,0.0,-0.294,10.015
554793640,3,0,0.006,-0.024,-0.005,0.07,0.0,-0.0471,-0.0092,13.68,-0.0516,62500.0,0.0395,0.030000000000000002,4695.0,61224.0,0.0268,0.0055000000000000005,0.013300000000000001,0.0,0.007,0.0,-0.294,10.015
554797641,3,0,0.029,0.049,-0.018000000000000002,0.07,0.0,-0.0539,-0.0037,13.68,-0.0516,62240.0,0.0526,0.030000000000000002,8696.0,61224.0,0.035500000000000004,0.0056,0.0132,0.0,0.008,0.0,-0.294,10.015
554802640,3,0,0.038,-0.004,-0.009000000000000001,0.07,0.0,-0.0514,-0.0125,13.69,-0.0516,62368.0,0.041100000000000005,0.030000000000000002,13695.0,61348.0,0.0275,0.0056,0.0132,0.0,0.006,0.0,-0.294,10.099
554804640,3,0,0.03,0.051000000000000004,-0.013000000000000001,0.07,0.0,-0.0512,-0.0108,13.69,-0.0516,62368.0,0.0427,0.030000000000000002,15695.0,61224.0,0.0286,0.0056,0.0132,0.0,0.007,0.0,-0.294,10.099
554809456,3,0,0.037,0.005,-0.002,0.07100000000000001,0.0,-0.0512,-0.013300000000000001,13.69,-0.0517,62500.0,0.041100000000000005,0.030000000000000002,0.0,61600.0,0.0268,0.0057,0.0132,0.0,0.004,0.0,-0.294,10.099
554813640,3,0,0.041,0.01,-0.007,0.07100000000000001,0.0,-0.0524,-0.0164,13.69,-0.0519,62112.0,0.0378,0.030000000000000002,4184.0,61100.0,0.025400000000000002,0.0057,0.0132,0.0,0.003,0.0,-0.294,10.099
554818676,3,0,0.047,0.053,-0.003,0.07100000000000001,0.0,-0.0509,-0.0181,13.69,-0.051800000000000006,61984.0,0.0329,0.030000000000000002,9220.0,60976.0,0.023200000000000002,0.0057,0.0132,0.0,0.003,0.0,-0.294,10.099
554820709,3,0,0.04,0.031,-0.001,0.07100000000000001,0.0,-0.0509,-0.0161,13.68,-0.051800000000000006,61984.0,0.0362,0.030000000000000002,11253.0,61100.0,0.0246,0.0057,0.0132,0.0,0.002,0.0,-0.294,10.082
554825516,3,0,-0.001,0.052000000000000005,0.003,0.07100000000000001,0.0,-0.051500000000000004,-0.008400000000000001,13.68,-0.0517,62112.0,0.046,0.030000000000000002,16060.0,60976.0,0.030500000000000003,0.0057,0.0132,0.0,0.005,0.0,-0.294,10.082
554829640,3,0,0.006,-0.017,0.013000000000000001,0.07,0.0,-0.0507,-0.0098,13.68,-0.0516,62112.0,0.0427,0.030000000000000002,0.0,61224.0,0.028900000000000002,0.0057,0.0132,0.0,0.004,0.0,-0.294,10.082
554833641,3,0,-0.005,0.009000000000000001,0.015,0.07100000000000001,0.0,-0.050300000000000004,-0.0102,13.68,-0.051800000000000006,62368.0,0.041100000000000005,0.030000000000000002,4001.0,61100.0,0.0284,0.0057,0.0132,0.0,0.003,0.0,-0.294,10.082
554836503,3,0,0.018000000000000002,-0.014,0.009000000000000001,0.07100000000000001,0.0,-0.050300000000000004,-0.0128,13.68,-0.051800000000000006,61984.0,0.039400000000000004,0.030000000000000002,6863.0,61224.0,0.026500000000000003,0.0057,0.0131,0.0,0.001,0.0,-0.294,10.082
554841481,3,0,0.026000000000000002,-0.037,0.016,0.07100000000000001,0.0,-0.0494,-0.0125,13.68,-0.052000000000000005,62112.0,0.0378,0.030000000000000002,11841.0,61224.0,0.0262,0.0057,0.0131,0.0,-0.001,0.0,-0.294,10.036
554845531,3,0,0.012,0.043000000000000003,-0.006,0.07100000000000001,0.0,-0.05,-0.0134,13.68,-0.0521,61856.0,0.0378,0.030000000000000002,15891.0,61100.0,0.0258,0.0057,0.0131,0.0,0.0,0.0,-0.294,10.036
554849640,3,0,0.025,-0.039,-0.003,0.07100000000000001,0.0,-0.048400000000000006,-0.0098,13.68,-0.0519,62112.0,0.041100000000000005,0.030000000000000002,0.0,61224.0,0.0273,0.0057,0.0131,0.0,-0.001,0.0,-0.294,10.036
554853707,3,0,0.0,0.003,-0.009000000000000001,0.07100000000000001,0.0,-0.0472,-0.007200000000000001,13.68,-0.052000000000000005,62240.0,0.041100000000000005,0.030000000000000002,4067.0,61224.0,0.028200000000000003,0.0057,0.0131,0.0,0.0,0.0,-0.294,10.036
554856517,3,0,0.005,-0.044,-0.006,0.07100000000000001,0.0,-0.046400000000000004,-0.006500000000000001,13.68,-0.051800000000000006,62240.0,0.0427,0.030000000000000002,6877.0,61100.0,0.028200000000000003,0.0057,0.013000000000000001,0.0,-0.001,0.0,-0.294,10.036
554860640,3,0,-0.004,-0.009000000000000001,-0.013000000000000001,0.07100000000000001,0.0,-0.0465,-0.0079,13.68,-0.0519,62240.0,0.041100000000000005,0.030000000000000002,11000.0,60976.0,0.027200000000000002,0.0057,0.013000000000000001,0.0,0.0,0.0,-0.294,10.036
554865545,3,0,-0.01,0.031,-0.019,0.07100000000000001,0.0,-0.0473,-0.0112,13.68,-0.0517,62112.0,0.0378,0.030000000000000002,15905.0,60976.0,0.0256,0.0057,0.013000000000000001,0.0,0.001,0.0,-0.294,10.08
554869640,3,0,0.025,-0.064,-0.009000000000000001,0.07,0.0,-0.0451,-0.0111,13.68,-0.0516,62112.0,0.0362,0.030000000000000002,0.0,60976.0,0.0241,0.0057,0.013000000000000001,0.0,-0.001,0.0,-0.294,10.08
554872503,3,0,-0.001,0.03,-0.009000000000000001,0.07,0.0,-0.045700000000000005,-0.013300000000000001,13.68,-0.0516,62112.0,0.0345,0.030000000000000002,2863.0,60976.0,0.0229,0.0057,0.013000000000000001,0.0,0.001,0.0,-0.294,10.08
554876532,3,0,0.049,-0.054,0.0,0.07,0.0,-0.0465,-0.015700000000000002,13.68,-0.051500000000000004,62240.0,0.0329,0.030000000000000002,6892.0,61348.0,0.0218,0.0057,0.0129,0.0,-0.004,0.0,-0.294,10.08
554880639,3,0,0.035,0.007,0.002,0.07,0.0,-0.0461,-0.0195,13.68,-0.0514,62240.0,0.0279,0.030000000000000002,10999.0,60976.0,0.0188,0.0057,0.0129,0.0,-0.002,0.0,-0.294,10.08
554884693,3,0,0.07200000000000001,-0.046,0.013000000000000001,0.069,0.0,-0.0463,-0.019,13.68,-0.0512,61984.0,0.0279,0.030000000000000002,15053.0,61348.0,0.0193,0.0057,0.0129,0.0,-0.004,0.0,-0.294,10.08
554889543,3,0,0.066,-0.058,0.019,0.069,0.0,-0.045700000000000005,-0.020300000000000002,13.68,-0.050800000000000005,62240.0,0.0263,0.030000000000000002,0.0,60976.0,0.018000000000000002,0.0056,0.0129,0.0,-0.004,0.0,-0.294,10.08
554894519,3,0,0.03,-0.012,0.011,0.068,0.0,-0.0461,-0.016,13.68,-0.0505,61984.0,0.031200000000000002,0.030000000000000002,4976.0,60976.0,0.0213,0.0056,0.0129,0.0,-0.001,0.0,-0.294,10.08
554896547,3,0,0.038,-0.061,0.016,0.067,0.0,-0.045700000000000005,-0.0164,13.68,-0.050300000000000004,61856.0,0.031200000000000002,0.030000000000000002,7004.0,60976.0,0.0207,0.0056,0.0129,0.0,-0.003,0.0,-0.294,10.08
554901486,3,0,0.037,-0.015,0.007,0.067,0.0,-0.0472,-0.020300000000000002,13.68,-0.050100000000000006,61856.0,0.0279,0.030000000000000002,11943.0,60976.0,0.019,0.0056,0.0129,0.0,-0.002,0.0,-0.294,10.08
554905533,3,0,0.028,0.01,-0.001,0.067,0.0,-0.046400000000000004,-0.0216,13.68,-0.05,62112.0,0.0263,0.030000000000000002,15990.0,61100.0,0.0175,0.0056,0.0129,0.0,-0.001,0.0,-0.294,10.054
554909640,3,0,0.055,-0.056,0.005,0.067,0.0,-0.0458,-0.024800000000000003,13.68,-0.0499,61984.0,0.0213,0.030000000000000002,0.0,61100.0,0.0149,0.0056,0.0129,0.0,-0.004,0.0,-0.294,10.054
554913640,3,0,0.039,0.017,-0.022,0.067,0.0,-0.0463,-0.0235,13.68,-0.0499,61984.0,0.023,0.030000000000000002,4000.0,61224.0,0.0161,0.0056,0.0129,0.0,-0.003,0.0,-0.294,10.054
554916683,3,0,0.055,-0.047,-0.018000000000000002,0.066,0.0,-0.0455,-0.0228,13.68,-0.049800000000000004,62240.0,0.023,0.030000000000000002,7043.0,61600.0,0.0161,0.0056,0.0129,0.0,-0.005,0.0,-0.294,10.054
554921538,3,0,0.035,-0.026000000000000002,-0.016,0.066,0.0,-0.044700000000000004,-0.019200000000000002,13.68,-0.0495,62112.0,0.0263,0.030000000000000002,11898.0,61224.0,0.018000000000000002,0.0055000000000000005,0.0129,0.0,-0.005,0.0,-0.294,10.054
554925595,3,0,-0.004,-0.014,-0.018000000000000002,0.065,0.0,-0.045000000000000005,-0.0198,13.68,-0.0492,62240.0,0.0263,0.030000000000000002,15955.0,60976.0,0.0178,0.0055000000000000005,0.0129,0.0,-0.004,0.0,-0.294,10.121
554929663,3,0,0.02,-0.061,-0.001,0.065,0.0,-0.045200000000000004,-0.0166,13.68,-0.049,62368.0,0.0296,0.030000000000000002,0.0,61348.0,0.020200000000000003,0.0055000000000000005,0.0129,0.0,-0.004,0.0,-0.294,10.121
554932548,3,0,-0.022,-0.007,-0.009000000000000001,0.065,0.0,-0.045000000000000005,-0.016800000000000002,13.68,-0.0489,62112.0,0.0296,0.030000000000000002,2885.0,61348.0,0.02,0.0055000000000000005,0.0129,0.0,-0.001,0.0,-0.294,10.121
554936591,3,0,0.015,-0.063,0.002,0.065,0.0,-0.044500000000000005,-0.0166,13.68,-0.0489,62240.0,0.0279,0.030000000000000002,6928.0,61224.0,0.019700000000000002,0.0055000000000000005,0.0128,0.0,-0.005,0.0,-0.294,10.121
554941553,3,0,-0.001,-0.02,-0.002,0.065,0.0,-0.0436,-0.015600000000000001,13.68,-0.049,62112.0,0.0296,0.030000000000000002,11890.0,61476.0,0.0198,0.0055000000000000005,0.0128,0.0,-0.004,0.0,-0.294,10.121
554945623,3,0,-0.013000000000000001,-0.031,0.005,0.065,0.0,-0.041600000000000005,-0.0172,13.68,-0.0488,61856.0,0.0263,0.030000000000000002,15960.0,61348.0,0.0173,0.0055000000000000005,0.0128,0.0,-0.004,0.0,-0.294,10.09
554949812,3,0,0.044,-0.064,0.017,0.064,0.0,-0.042,-0.019100000000000002,13.68,-0.0487,62240.0,0.0246,0.030000000000000002,0.0,61476.0,0.0162,0.0054,0.0128,0.0,-0.006,0.0,-0.294,10.09
554952562,3,0,0.002,-0.02,0.01,0.064,0.0,-0.0422,-0.019,13.68,-0.048600000000000004,61984.0,0.0246,0.030000000000000002,2750.0,61348.0,0.0164,0.0054,0.0128,0.0,-0.004,0.0,-0.294,10.09
554956596,3,0,0.039,-0.076,0.013000000000000001,0.064,0.0,-0.040600000000000004,-0.0158,13.68,-0.048400000000000006,62240.0,0.0263,0.030000000000000002,6784.0,61348.0,0.0175,0.0053,0.012700000000000001,0.0,-0.008,0.0,-0.294,10.09
554961571,3,0,0.006,-0.02,0.006,0.063,0.0,-0.0402,-0.013000000000000001,13.68,-0.0482,61984.0,0.0296,0.030000000000000002,11759.0,61476.0,0.0193,0.0053,0.012700000000000001,0.0,-0.005,0.0,-0.294,10.09
554965620,3,0,-0.029,-0.038,0.006,0.063,0.0,-0.0413,-0.0114,13.68,-0.047900000000000005,62240.0,0.031200000000000002,0.030000000000000002,15808.0,61224.0,0.0212,0.0053,0.012700000000000001,0.0,-0.004,0.0,-0.294,10.040000000000001
554969639,3,0,0.024,-0.059000000000000004,0.002,0.063,0.0,-0.0403,-0.014700000000000001,13.68,-0.047900000000000005,62112.0,0.0279,0.030000000000000002,0.0,61476.0,0.0181,0.0053,0.012700000000000001,0.0,-0.005,0.0,-0.294,10.040000000000001
554972577,3,0,0.026000000000000002,-0.036000000000000004,-0.001,0.062,0.0,-0.039400000000000004,-0.0223,13.68,-0.0476,61984.0,0.0181,0.030000000000000002,2938.0,61348.0,0.012100000000000001,0.0053,0.012700000000000001,0.0,-0.004,0.0,-0.294,10.040000000000001
554976614,3,0,0.068,-0.056,0.0,0.062,0.0,-0.0412,-0.0229,13.68,-0.047400000000000005,61984.0,0.0181,0.030000000000000002,6975.0,61100.0,0.0129,0.005200000000000001,0.0126,0.0,-0.007,0.0,-0.294,10.040000000000001
554980686,3,0,0.041,-0.022,-0.004,0.061,0.0,-0.040600000000000004,-0.020300000000000002,13.68,-0.0472,61984.0,0.021400000000000002,0.030000000000000002,11047.0,61476.0,0.0143,0.005200000000000001,0.0126,0.0,-0.005,0.0,-0.294,10.040000000000001
554985640,3,0,0.06,-0.046,0.001,0.06,0.0,-0.0402,-0.0233,13.68,-0.046700000000000005,62240.0,0.0181,0.030000000000000002,16001.0,61224.0,0.0119,0.005200000000000001,0.0126,0.0,-0.006,0.0,-0.294,10.049
554989780,3,0,0.108,-0.028,0.001,0.059000000000000004,0.0,-0.0417,-0.0227,13.68,-0.046400000000000004,62112.0,0.021400000000000002,0.030000000000000002,0.0,61348.0,0.0134,0.005200000000000001,0.0126,0.0,-0.007,0.0,-0.294,10.049
554992592,3,0,0.038,-0.041,0.002,0.059000000000000004,0.0,-0.0402,-0.020200000000000003,13.68,-0.0461,62112.0,0.021400000000000002,0.030000000000000002,2812.0,61476.0,0.0142,0.005200000000000001,0.0126,0.0,-0.006,0.0,-0.294,10.049
554996624,3,0,0.10200000000000001,-0.031,-0.003,0.058,0.0,-0.0407,-0.0213,13.68,-0.0459,62112.0,0.019700000000000002,0.030000000000000002,6844.0,61224.0,0.0137,0.0051,0.0126,0.0,-0.01,0.0,-0.294,10.049
555000649,3,0,0.038,-0.001,0.001,0.058,0.0,-0.0417,-0.0234,13.68,-0.0456,61984.0,0.019700000000000002,0.030000000000000002,10869.0,61224.0,0.0129,0.0051,0.0126,0.0,-0.007,0.0,-0.294,10.049
555005653,3,0,0.044,-0.045,0.009000000000000001,0.057,0.0,-0.040100000000000004,-0.022600000000000002,13.68,-0.0453,62112.0,0.019700000000000002,0.030000000000000002,15873.0,61348.0,0.012400000000000001,0.0051,0.0126,0.0,-0.009000000000000001,0.0,-0.294,10.064
555008605,3,0,0.053,0.002,0.0,0.057,0.0,-0.0408,-0.023200000000000002,13.68,-0.0453,62112.0,0.0181,0.030000000000000002,0.0,61100.0,0.0125,0.005,0.0126,0.0,-0.009000000000000001,0.0,-0.294,10.064
555012685,3,0,0.055,-0.061,0.002,0.057,0.0,-0.0395,-0.023700000000000002,13.68,-0.0451,61984.0,0.0164,0.030000000000000002,4080.0,61348.0,0.0112,0.005,0.0126,0.0,-0.011,0.0,-0.294,10.064
555018616,3,0,0.021,-0.069,0.007,0.056,0.0,-0.0381,-0.019700000000000002,13.68,-0.0449,62368.0,0.0181,0.030000000000000002,10011.0,61224.0,0.013000000000000001,0.0049,0.0126,0.0,-0.012,0.0,-0.294,10.064
555020663,3,0,0.02,-0.028,-0.003,0.056,0.0,-0.0378,-0.0198,13.68,-0.0448,62112.0,0.0181,0.030000000000000002,12058.0,61348.0,0.012700000000000001,0.0049,0.0126,0.0,-0.011,0.0,-0.294,10.064
555025665,3,0,0.003,-0.074,0.006,0.056,0.0,-0.0376,-0.019200000000000002,13.68,-0.044500000000000005,62112.0,0.019700000000000002,0.030000000000000002,17060.0,61100.0,0.0131,0.0049,0.0126,0.0,-0.012,0.0,-0.294,10.036
555028618,3,0,0.009000000000000001,-0.021,-0.007,0.055,0.0,-0.037700000000000004,-0.0151,13.68,-0.044500000000000005,62112.0,0.023,0.030000000000000002,0.0,61100.0,0.016,0.0048000000000000004,0.0126,0.0,-0.011,0.0,-0.294,10.036
555033625,3,0,-0.055,-0.039,-0.001,0.055,0.0,-0.0393,-0.0123,13.68,-0.0442,61984.0,0.0279,0.030000000000000002,5007.0,61224.0,0.019100000000000002,0.0048000000000000004,0.0126,0.0,-0.011,0.0,-0.294,10.036
555038816,3,0,0.014,-0.074,0.002,0.055,0.0,-0.036500000000000005,-0.0175,13.68,-0.0442,62112.0,0.019700000000000002,0.030000000000000002,10198.0,61348.0,0.0134,0.0046,0.0126,0.0,-0.013000000000000001,0.0,-0.294,10.036
555040866,3,0,-0.021,-0.041,-0.004,0.055,0.0,-0.0366,-0.0196,13.68,-0.0441,61984.0,0.0181,0.030000000000000002,12248.0,60976.0,0.012,0.0046,0.0126,0.0,-0.012,0.0,-0.294,10.036
555045808,3,0,0.013000000000000001,-0.065,0.001,0.054,0.0,-0.0376,-0.0164,13.68,-0.044000000000000004,62240.0,0.023,0.030000000000000002,17190.0,61224.0,0.015000000000000001,0.0046,0.0126,0.0,-0.013000000000000001,0.0,-0.294,10.062
555048636,3,0,-0.002,-0.023,-0.01,0.054,0.0,-0.0362,-0.0173,13.68,-0.0439,61856.0,0.019700000000000002,0.030000000000000002,0.0,61224.0,0.013300000000000001,0.0045000000000000005,0.0125,0.0,-0.011,0.0,-0.294,10.062
555053639,3,0,0.022,-0.053,0.001,0.054,0.0,-0.0364,-0.020200000000000003,13.68,-0.0436,62368.0,0.0164,0.030000000000000002,5003.0,61476.0,0.0114,0.0045000000000000005,0.0125,0.0,-0.012,0.0,-0.294,10.062
555058645,3,0,0.042,-0.053,-0.001,0.053,0.0,-0.0373,-0.0189,13.68,-0.0432,61984.0,0.019700000000000002,0.030000000000000002,10009.0,61348.0,0.013000000000000001,0.0044,0.0125,0.0,-0.012,0.0,-0.294,10.062
555060697,3,0,0.024,-0.039,-0.005,0.053,0.0,-0.038,-0.0189,13.68,-0.0431,62368.0,0.019700000000000002,0.030000000000000002,12061.0,61100.0,0.013600000000000001,0.0044,0.0125,0.0,-0.01,0.0,-0.294,10.062
555065696,3,0,0.033,-0.05,0.006,0.052000000000000005,0.0,-0.0376,-0.0199,13.68,-0.0427,61984.0,0.0181,0.030000000000000002,17060.0,61224.0,0.0125,0.0044,0.0125,0.0,-0.01,0.0,-0.294,10.068
555068653,3,0,0.044,-0.016,-0.004,0.051000000000000004,0.0,-0.0379,-0.020300000000000002,13.68,-0.0425,61984.0,0.0181,0.030000000000000002,0.0,61348.0,0.012400000000000001,0.0043,0.0125,0.0,-0.009000000000000001,0.0,-0.294,10.068
555073654,3,0,0.035,-0.035,0.007,0.051000000000000004,0.0,-0.0398,-0.0274,13.68,-0.0422,62112.0,0.0131,0.030000000000000002,5001.0,61224.0,0.0088,0.0043,0.0125,0.0,-0.01,0.0,-0.294,10.068
555077840,3,0,0.08700000000000001,-0.016,0.003,0.05,0.0,-0.038400000000000004,-0.023700000000000002,13.68,-0.042,62112.0,0.0148,0.030000000000000002,9187.0,61224.0,0.010400000000000001,0.004200000000000001,0.0125,0.0,-0.012,0.0,-0.294,10.068
555080707,3,0,0.02,-0.028,0.004,0.05,0.0,-0.039400000000000004,-0.0251,13.68,-0.041800000000000004,61984.0,0.0148,0.030000000000000002,12054.0,61224.0,0.0102,0.004200000000000001,0.0125,0.0,-0.01,0.0,-0.294,10.068
555085755,3,0,0.09,-0.023,0.001,0.05,0.0,-0.040400000000000005,-0.0297,13.68,-0.0417,61984.0,0.0115,0.030000000000000002,17102.0,60976.0,0.0076,0.004200000000000001,0.0125,0.0,-0.013000000000000001,0.0,-0.294,10.068
555088817,3,0,0.065,-0.012,-0.005,0.049,0.0,-0.0396,-0.033100000000000004,13.68,-0.0415,62112.0,0.006500000000000001,0.030000000000000002,0.0,61224.0,0.0046,0.0041,0.0125,0.0,-0.013000000000000001,0.0,-0.294,10.068
555093678,3,0,0.039,-0.024,0.001,0.049,0.0,-0.0412,-0.025900000000000003,13.68,-0.0413,61856.0,0.0148,0.030000000000000002,4861.0,61476.0,0.0108,0.0041,0.0125,0.0,-0.013000000000000001,0.0,-0.294,10.068
555098673,3,0,0.047,-0.013000000000000001,-0.001,0.048,0.0,-0.0397,-0.023700000000000002,13.68,-0.041100000000000005,61984.0,0.0164,0.030000000000000002,9856.0,61224.0,0.011300000000000001,0.0039000000000000003,0.0125,0.0,-0.012,0.0,-0.294,10.068
555100721,3,0,0.013000000000000001,-0.026000000000000002,0.003,0.048,0.0,-0.0405,-0.0239,13.68,-0.041,61984.0,0.0181,0.030000000000000002,11904.0,61100.0,0.0117,0.0039000000000000003,0.0125,0.0,-0.01,0.0,-0.294,10.068
555105725,3,0,0.019,-0.008,-0.001,0.048,0.0,-0.041600000000000005,-0.023100000000000002,13.68,-0.0408,62112.0,0.019700000000000002,0.030000000000000002,16908.0,61476.0,0.0131,0.0039000000000000003,0.0125,0.0,-0.009000000000000001,0.0,-0.294,10.021
555109815,3,0,-0.004,-0.027,-0.006,0.048,0.0,-0.0398,-0.0227,13.68,-0.0408,62112.0,0.0181,0.030000000000000002,0.0,61348.0,0.012100000000000001,0.0038,0.0125,0.0,-0.008,0.0,-0.294,10.021
555112758,3,0,-0.009000000000000001,-0.012,-0.002,0.048,0.0,-0.040400000000000005,-0.0211,13.68,-0.0408,61856.0,0.021400000000000002,0.030000000000000002,2943.0,61600.0,0.013600000000000001,0.0038,0.0125,0.0,-0.008,0.0,-0.294,10.021
555118689,3,0,0.025,-0.011,-0.008,0.048,0.0,-0.038,-0.0227,13.68,-0.0408,62112.0,0.0164,0.030000000000000002,8874.0,61100.0,0.0108,0.0037,0.0125,0.0,-0.01,0.0,-0.294,10.021
555120736,3,0,-0.036000000000000004,-0.037,-0.002,0.048,0.0,-0.0392,-0.0205,13.68,-0.0408,62240.0,0.019700000000000002,0.030000000000000002,10921.0,61348.0,0.0132,0.0037,0.0125,0.0,-0.01,0.0,-0.294,10.021
555125780,3,0,0.012,-0.013000000000000001,-0.003,0.048,0.0,-0.0388,-0.0175,13.68,-0.0407,62240.0,0.023,0.030000000000000002,15965.0,61100.0,0.0151,0.0037,0.0125,0.0,-0.01,0.0,-0.294,10.089
555128694,3,0,-0.03,-0.04,0.004,0.048,0.0,-0.04,-0.019,13.68,-0.0407,62112.0,0.021400000000000002,0.030000000000000002,0.0,60976.0,0.0148,0.0036000000000000003,0.0125,0.0,-0.009000000000000001,0.0,-0.294,10.089
555133698,3,0,-0.015,-0.025,-0.002,0.047,0.0,-0.038900000000000004,-0.0161,13.68,-0.040600000000000004,61984.0,0.0246,0.030000000000000002,5004.0,61348.0,0.0161,0.0036000000000000003,0.0125,0.0,-0.008,0.0,-0.294,10.089
555138816,3,0,-0.011,-0.009000000000000001,0.0,0.047,0.0,-0.0385,-0.0118,13.68,-0.0405,61984.0,0.0279,0.030000000000000002,10122.0,61476.0,0.0189,0.0036000000000000003,0.0125,0.0,-0.006,0.0,-0.294,10.089
555141814,3,0,-0.037,-0.028,0.008,0.047,0.0,-0.0383,-0.012,13.68,-0.040400000000000005,62112.0,0.0263,0.030000000000000002,13120.0,61100.0,0.018600000000000002,0.0036000000000000003,0.0125,0.0,-0.005,0.0,-0.294,10.089
555144707,3,0,0.003,-0.007,0.005,0.047,0.0,-0.0398,-0.0158,13.68,-0.0403,62240.0,0.0246,0.030000000000000002,16013.0,61224.0,0.017,0.0036000000000000003,0.0125,0.0,-0.005,0.0,-0.294,10.095
555149708,3,0,0.029,-0.031,-0.003,0.047,0.0,-0.0409,-0.0216,13.68,-0.0402,62368.0,0.019700000000000002,0.030000000000000002,0.0,61224.0,0.0137,0.0035,0.012400000000000001,0.0,-0.005,0.0,-0.294,10.095
555153712,3,0,0.007,0.018000000000000002,0.01,0.047,0.0,-0.0425,-0.0213,13.68,-0.040100000000000004,61984.0,0.0213,0.030000000000000002,4004.0,61348.0,0.015000000000000001,0.0035,0.012400000000000001,0.0,-0.003,0.0,-0.294,10.095
555158715,3,0,0.108,0.028,-0.002,0.046,0.0,-0.041600000000000005,-0.027600000000000003,13.68,-0.0398,62368.0,0.0131,0.030000000000000002,9007.0,61100.0,0.0099,0.0035,0.012400000000000001,0.0,-0.006,0.0,-0.294,10.095
555160766,3,0,0.018000000000000002,0.024,0.001,0.046,0.0,-0.0426,-0.0238,13.68,-0.0397,61984.0,0.019700000000000002,0.030000000000000002,11058.0,61348.0,0.013300000000000001,0.0035,0.012400000000000001,0.0,-0.005,0.0,-0.294,10.095
555165832,3,0,0.109,0.039,-0.006,0.045,0.0,-0.043500000000000004,-0.0229,13.68,-0.0395,62112.0,0.0213,0.030000000000000002,16124.0,61348.0,0.0145,0.0035,0.012400000000000001,0.0,-0.006,0.0,-0.294,10.038
555168724,3,0,0.007,0.004,0.011,0.045,0.0,-0.045000000000000005,-0.0253,13.68,-0.039400000000000004,61856.0,0.0213,0.030000000000000002,0.0,61348.0,0.013900000000000001,0.0034000000000000002,0.012400000000000001,0.0,-0.005,0.0,-0.294,10.038
555173590,3,0,0.063,0.047,-0.004,0.045,0.0,-0.045200000000000004,-0.0182,13.68,-0.0393,61856.0,0.0279,0.030000000000000002,4866.0,61224.0,0.019200000000000002,0.0034000000000000002,0.012400000000000001,0.0,-0.006,0.0,-0.294,10.038
555178729,3,0,0.046,0.034,-0.004,0.045,0.0,-0.0463,-0.0221,13.68,-0.0392,62240.0,0.0246,0.030000000000000002,10005.0,61224.0,0.0171,0.0034000000000000002,0.012400000000000001,0.0,-0.006,0.0,-0.294,10.038
555180778,3,0,0.032,0.046,-0.005,0.045,0.0,-0.0465,-0.0235,13.68,-0.0393,61856.0,0.0246,0.030000000000000002,12054.0,60976.0,0.016300000000000002,0.0034000000000000002,0.012400000000000001,0.0,-0.006,0.0,-0.294,10.038
555185821,3,0,0.028,0.032,-0.01,0.045,0.0,-0.0463,-0.0241,13.68,-0.039400000000000004,62112.0,0.023,0.030000000000000002,17097.0,61348.0,0.015700000000000002,0.0034000000000000002,0.012400000000000001,0.0,-0.008,0.0,-0.294,10.038
555188816,3,0,-0.015,0.001,-0.01,0.045,0.0,-0.0456,-0.0183,13.68,-0.0396,62240.0,0.0279,0.030000000000000002,0.0,61100.0,0.0193,0.0033,0.012400000000000001,0.0,-0.007,0.0,-0.294,10.078
555193740,3,0,-0.031,0.046,0.002,0.042,0.0,-0.0465,-0.0199,13.68,-0.0398,61856.0,0.0279,0.028200000000000003,4924.0,61224.0,0.0188,0.0033,0.012400000000000001,0.0,-0.008,0.0,-0.277,10.078
555198744,3,0,0.021,0.006,-0.006,0.036000000000000004,0.0,-0.045200000000000004,-0.0207,13.68,-0.039900000000000005,62112.0,0.0263,0.0252,9928.0,61224.0,0.017400000000000002,0.0032,0.0125,0.0,-0.01,0.0,-0.247,10.078
555200793,3,0,-0.035,0.038,-0.005,0.034,0.0,-0.045000000000000005,-0.0211,13.68,-0.039900000000000005,62112.0,0.0263,0.024,11977.0,61224.0,0.016900000000000002,0.0032,0.0125,0.0,-0.009000000000000001,0.0,-0.23500000000000001,10.078
555205992,3,0,-0.042,0.005,0.001,0.028,0.0,-0.0437,-0.010100000000000001,13.68,-0.04,61984.0,0.0361,0.021,17176.0,60976.0,0.023700000000000002,0.0031000000000000003,0.0125,0.0,-0.009000000000000001,0.0,-0.20600000000000002,10.078
555208751,3,0,-0.083,0.0,0.006,0.024,0.0,-0.0429,-0.013800000000000002,13.68,-0.0402,61984.0,0.0296,0.019200000000000002,0.0,61100.0,0.0206,0.0031000000000000003,0.0125,0.0,-0.008,0.0,-0.188,10.099
555213755,3,0,-0.062,0.018000000000000002,-0.008,0.018000000000000002,0.0,-0.0407,-0.0118,13.68,-0.040400000000000005,62112.0,0.0296,0.0162,5004.0,60976.0,0.0204,0.0031000000000000003,0.0125,0.0,-0.008,0.0,-0.159,10.099
555218762,3,0,-0.069,-0.029,0.004,0.012,0.0,-0.0403,-0.010100000000000001,13.68,-0.040600000000000004,61984.0,0.0329,0.0132,10011.0,61100.0,0.021400000000000002,0.003,0.012400000000000001,0.0,-0.008,0.0,-0.129,10.099
555220807,3,0,-0.064,0.016,-0.002,0.01,0.0,-0.040100000000000004,-0.0111,13.68,-0.0407,62112.0,0.031200000000000002,0.012,12056.0,61348.0,0.0206,0.003,0.012400000000000001,0.0,-0.008,0.0,-0.11800000000000001,10.099
555225851,3,0,-0.037,-0.021,0.002,0.004,0.0,-0.0392,-0.015600000000000001,13.68,-0.0408,62240.0,0.0246,0.009000000000000001,17100.0,61224.0,0.0167,0.003,0.012400000000000001,0.0,-0.009000000000000001,0.0,-0.088,10.099
555228766,3,0,-0.059000000000000004,-0.004,-0.006,0.001,0.0,-0.0388,-0.0112,13.68,-0.0409,61984.0,0.0296,0.007200000000000001,0.0,61476.0,0.0195,0.0029000000000000002,0.012400000000000001,0.0,-0.007,0.0,-0.07100000000000001,10.099
555233770,3,0,-0.052000000000000005,0.016,-0.002,-0.006,0.0,-0.0375,-0.012400000000000001,13.68,-0.0408,62112.0,0.0263,0.004200000000000001,5004.0,61224.0,0.0177,0.0029000000000000002,0.012400000000000001,0.0,-0.006,0.0,-0.041,10.099
555238107,3,0,0.024,-0.05,-0.008,-0.012,0.0,-0.038,-0.0196,13.68,-0.0407,61984.0,0.019700000000000002,0.0012000000000000001,9341.0,61224.0,0.013000000000000001,0.0029000000000000002,0.0123,0.0,-0.007,0.0,-0.012,10.099
555242777,3,0,-0.041,-0.005,0.004,-0.017,0.0,-0.0386,-0.0162,13.68,-0.040600000000000004,61856.0,0.0246,-0.0012000000000000001,14011.0,61224.0,0.0159,0.0029000000000000002,0.0123,0.0,-0.005,0.0,0.012,10.099
555244780,3,0,-0.012,-0.05,0.003,-0.02,0.0,-0.037000000000000005,-0.0125,13.68,-0.0405,62240.0,0.0263,-0.0024000000000000002,16014.0,60728.0,0.0173,0.0029000000000000002,0.0123,0.0,-0.006,0.0,0.024,10.099
555249781,3,0,0.013000000000000001,0.008,0.008,-0.026000000000000002,0.0,-0.0395,-0.0258,13.68,-0.0405,62112.0,0.0148,-0.0054,0.0,60976.0,0.0097,0.0028,0.0123,0.0,-0.006,0.0,0.053,10.127
555252785,3,0,0.064,0.01,-0.003,-0.03,0.0,-0.0398,-0.027600000000000003,13.68,-0.0403,62112.0,0.0115,-0.007200000000000001,3004.0,61224.0,0.0086,0.0028,0.0123,0.0,-0.007,0.0,0.07100000000000001,10.127
555257786,3,0,0.018000000000000002,-0.019,0.012,-0.037,0.0,-0.0385,-0.0246,13.68,-0.0403,61984.0,0.0131,-0.0102,8005.0,61100.0,0.0098,0.0028,0.0123,0.0,-0.007,0.0,0.1,10.127
555260688,3,0,0.027,0.025,0.001,-0.04,0.0,-0.0386,-0.0219,13.68,-0.040400000000000005,61984.0,0.0181,-0.012,10907.0,60976.0,0.0118,0.0028,0.0123,0.0,-0.006,0.0,0.11800000000000001,10.127
555265724,3,0,0.081,-0.024,0.012,-0.046,0.0,-0.0369,-0.0359,13.68,-0.040400000000000005,62112.0,0.0,-0.015000000000000001,15943.0,61224.0,0.0007,0.0028,0.0123,0.0,-0.009000000000000001,0.0,0.147,10.127
555269814,3,0,0.054,0.064,-0.004,-0.051000000000000004,0.0,-0.0379,-0.0335,13.68,-0.040400000000000005,61984.0,0.0049,-0.017400000000000002,0.0,60976.0,0.0031000000000000003,0.0027,0.0123,0.0,-0.009000000000000001,0.0,0.171,10.127
555274800,3,0,-0.01,0.079,-0.007,-0.057,0.0,-0.042800000000000005,-0.0247,13.68,-0.040600000000000004,61728.0,0.0181,-0.0204,4986.0,61224.0,0.0128,0.0027,0.0123,0.0,-0.008,0.0,0.2,10.043000000000001
555277800,3,0,0.001,-0.011,0.001,-0.061,0.0,-0.0351,-0.0227,13.68,-0.0407,61856.0,0.0131,-0.0222,7986.0,60976.0,0.0088,0.0026000000000000003,0.012400000000000001,0.0,-0.009000000000000001,0.0,0.218,10.043000000000001
555281803,3,0,-0.07,0.066,-0.004,-0.065,0.0,-0.0366,-0.0239,13.68,-0.0409,62240.0,0.0131,-0.0246,11989.0,61348.0,0.009000000000000001,0.0026000000000000003,0.012400000000000001,0.0,-0.008,0.0,0.241,10.043000000000001
555285919,3,0,-0.056,-0.012,0.008,-0.069,0.0,-0.037200000000000004,-0.0218,13.68,-0.0413,62368.0,0.0164,-0.027,16105.0,61100.0,0.0108,0.0025,0.012400000000000001,0.0,-0.01,0.0,0.265,10.043000000000001
555288818,3,0,-0.063,0.064,0.001,-0.07200000000000001,0.0,-0.0361,-0.029,13.68,-0.0417,62240.0,0.0082,-0.028800000000000003,0.0,61224.0,0.005,0.0025,0.012400000000000001,0.0,-0.01,0.0,0.28300000000000003,10.043000000000001
555293807,3,0,-0.07,0.017,-0.01,-0.074,0.0,-0.0344,-0.023700000000000002,13.68,-0.0422,62112.0,0.0115,-0.030000000000000002,4989.0,60976.0,0.0076,0.0025,0.012400000000000001,0.0,-0.012,0.0,0.294,10.088000000000001
555298816,3,0,-0.101,-0.013000000000000001,0.004,-0.07200000000000001,0.0,-0.035500000000000004,-0.017,13.68,-0.0429,62112.0,0.019700000000000002,-0.030000000000000002,9998.0,60852.0,0.0131,0.0024000000000000002,0.012400000000000001,0.0,-0.012,0.0,0.294,10.088000000000001
555300904,3,0,-0.078,0.033,-0.003,-0.07200000000000001,0.0,-0.0349,-0.0196,13.68,-0.0431,62112.0,0.0148,-0.030000000000000002,12086.0,60728.0,0.0108,0.0024000000000000002,0.012400000000000001,0.0,-0.011,0.0,0.294,10.088000000000001
555305718,3,0,-0.003,-0.011,-0.003,-0.07200000000000001,0.0,-0.031900000000000005,-0.031,13.68,-0.043300000000000005,62240.0,0.0,-0.030000000000000002,16900.0,60976.0,0.0007,0.0024000000000000002,0.012400000000000001,0.0,-0.014,0.0,0.294,10.088000000000001
555309811,3,0,-0.049,0.055,-0.01,-0.07100000000000001,0.0,-0.032600000000000004,-0.0164,13.68,-0.0434,61856.0,0.0181,-0.030000000000000002,0.0,61348.0,0.0115,0.0023,0.012400000000000001,0.0,-0.011,0.0,0.294,10.088000000000001
555314816,3,0,0.033,0.049,-0.01,-0.07100000000000001,0.0,-0.031200000000000002,-0.0333,13.68,-0.0434,62112.0,-0.0017000000000000001,-0.030000000000000002,5005.0,60728.0,-0.0015,0.0023,0.012400000000000001,0.0,-0.01,0.0,0.294,10.087
555316817,3,0,0.021,0.04,-0.011,-0.07100000000000001,0.0,-0.0298,-0.0287,13.68,-0.0434,62368.0,0.0016,-0.030000000000000002,7006.0,60976.0,0.0008,0.0022,0.012400000000000001,0.0,-0.007,0.0,0.294,10.087
555320910,3,0,-0.022,0.031,-0.012,-0.07100000000000001,0.0,-0.030600000000000002,-0.0158,13.68,-0.0434,62112.0,0.0148,-0.030000000000000002,11099.0,60852.0,0.010400000000000001,0.0022,0.012400000000000001,0.0,-0.003,0.0,0.294,10.087
555325975,3,0,0.039,-0.018000000000000002,0.0,-0.07200000000000001,0.0,-0.030100000000000002,-0.0296,13.68,-0.0434,61984.0,0.0,-0.030000000000000002,16164.0,61224.0,0.0004,0.0021000000000000003,0.0123,0.0,-0.006,0.0,0.294,10.087
555328682,3,0,0.043000000000000003,0.03,-0.006,-0.07200000000000001,0.0,-0.028900000000000002,-0.0334,13.68,-0.043300000000000005,62368.0,-0.0049,-0.030000000000000002,0.0,60728.0,-0.0031000000000000003,0.0021000000000000003,0.0123,0.0,-0.005,0.0,0.294,10.087
555333681,3,0,0.084,0.007,-0.01,-0.07200000000000001,0.0,-0.0335,-0.040100000000000004,13.68,-0.043300000000000005,62368.0,-0.0082,-0.030000000000000002,4999.0,60976.0,-0.0046,0.0021000000000000003,0.0123,0.0,-0.007,0.0,0.294,10.063
555338682,3,0,0.074,0.034,-0.006,-0.07100000000000001,0.0,-0.0315,-0.0341,13.68,-0.0434,62112.0,-0.0033,-0.030000000000000002,10000.0,60976.0,-0.0019,0.0021000000000000003,0.012400000000000001,0.0,-0.008,0.0,0.294,10.063
555340823,3,0,0.08,0.011,0.006,-0.07200000000000001,0.0,-0.0322,-0.040600000000000004,13.68,-0.043300000000000005,62112.0,-0.0099,-0.030000000000000002,12141.0,61100.0,-0.006,0.0021000000000000003,0.012400000000000001,0.0,-0.009000000000000001,0.0,0.294,10.063
555344887,3,0,0.048,0.015,-0.001,-0.07200000000000001,0.0,-0.0302,-0.039900000000000005,13.68,-0.043300000000000005,62112.0,-0.0099,-0.030000000000000002,16205.0,61224.0,-0.006900000000000001,0.0021000000000000003,0.012400000000000001,0.0,-0.008,0.0,0.294,10.063
555349680,3,0,-0.054,0.067,-0.003,-0.07100000000000001,0.0,-0.0325,-0.029500000000000002,13.68,-0.0434,62240.0,0.0033,-0.030000000000000002,0.0,60852.0,0.0021000000000000003,0.002,0.012400000000000001,0.0,-0.005,0.0,0.294,10.063
555353903,3,0,-0.084,0.002,0.016,-0.07,0.0,-0.0317,-0.0286,13.68,-0.0439,62240.0,0.0033,-0.030000000000000002,4223.0,61100.0,0.0023,0.002,0.012400000000000001,0.0,-0.007,0.0,0.294,10.085
555358681,3,0,-0.032,0.04,-0.001,-0.069,0.0,-0.0303,-0.042300000000000004,13.68,-0.0443,62112.0,-0.0132,-0.030000000000000002,9001.0,60728.0,-0.0085,0.002,0.0125,0.0,-0.007,0.0,0.294,10.085
555360684,3,0,-0.08,0.002,0.011,-0.069,0.0,-0.0323,-0.0386,13.68,-0.044500000000000005,62368.0,-0.0066,-0.030000000000000002,11004.0,60976.0,-0.0044,0.002,0.0125,0.0,-0.007,0.0,0.294,10.085
555365680,3,0,-0.106,0.029,0.001,-0.068,0.0,-0.031400000000000004,-0.0251,13.68,-0.0451,62112.0,0.0066,-0.030000000000000002,16000.0,61100.0,0.0045000000000000005,0.002,0.0125,0.0,-0.007,0.0,0.294,10.085
555370681,3,0,-0.124,0.043000000000000003,-0.006,-0.067,0.0,-0.0296,-0.0286,13.68,-0.045700000000000005,62368.0,0.0016,-0.030000000000000002,0.0,60976.0,0.0007,0.0019,0.0126,0.0,-0.005,0.0,0.294,10.085
555372906,3,0,-0.063,-0.017,-0.001,-0.066,0.0,-0.0291,-0.0308,13.68,-0.046,62240.0,-0.0017000000000000001,-0.030000000000000002,2225.0,60852.0,-0.0012000000000000001,0.0019,0.0126,0.0,-0.008,0.0,0.294,10.085
555377679,3,0,-0.109,0.044,-0.001,-0.065,0.0,-0.0308,-0.0263,13.68,-0.0463,62368.0,0.0049,-0.030000000000000002,6998.0,60852.0,0.0032,0.0019,0.0126,0.0,-0.003,0.0,0.294,10.073
555382681,3,0,-0.095,0.011,-0.013000000000000001,-0.065,0.0,-0.031,-0.0228,13.68,-0.046400000000000004,62368.0,0.0099,-0.030000000000000002,12000.0,60728.0,0.0058000000000000005,0.0019,0.0126,0.0,-0.001,0.0,0.294,10.073
555384909,3,0,-0.042,0.028,-0.015,-0.065,0.0,-0.0307,-0.0279,13.68,-0.0466,62112.0,0.0033,-0.030000000000000002,14228.0,60852.0,0.002,0.0019,0.0126,0.0,-0.001,0.0,0.294,10.073
555389813,3,0,-0.063,0.021,-0.016,-0.064,0.0,-0.0309,-0.0253,13.68,-0.0468,61984.0,0.0066,-0.030000000000000002,0.0,60852.0,0.004,0.0018000000000000002,0.0126,0.0,0.002,0.0,0.294,10.073
555393925,3,0,-0.088,-0.001,-0.018000000000000002,-0.064,0.0,-0.032,-0.0187,13.68,-0.046900000000000004,62112.0,0.0131,-0.030000000000000002,4112.0,60852.0,0.0094,0.0018000000000000002,0.0126,0.0,0.004,0.0,0.294,10.073
555398820,3,0,-0.012,0.054,-0.032,-0.064,0.0,-0.0317,-0.0241,13.68,-0.0471,62240.0,0.0082,-0.030000000000000002,9007.0,60976.0,0.0054,0.0019,0.0125,0.0,0.007,0.0,0.294,10.078
555400958,3,0,0.001,0.004,-0.015,-0.063,0.0,-0.0316,-0.036500000000000005,13.68,-0.0472,62240.0,-0.0049,-0.030000000000000002,11145.0,61224.0,-0.0035,0.0019,0.0125,0.0,0.005,0.0,0.294,10.078
555406014,3,0,0.065,0.034,-0.022,-0.063,0.0,-0.0323,-0.0347,13.68,-0.0475,62112.0,-0.0017000000000000001,-0.030000000000000002,16201.0,60728.0,-0.0017000000000000001,0.002,0.0125,0.0,0.003,0.0,0.294,10.078
555408681,3,0,-0.006,0.015,-0.017,-0.063,0.0,-0.0329,-0.033100000000000004,13.68,-0.0475,62112.0,0.0,-0.030000000000000002,0.0,60976.0,-0.0001,0.002,0.0125,0.0,0.003,0.0,0.294,10.078
555412924,3,0,0.027,0.039,-0.017,-0.062,0.0,-0.0344,-0.0268,13.68,-0.0478,62112.0,0.0082,-0.030000000000000002,4243.0,60852.0,0.0054,0.002,0.0125,0.0,0.002,0.0,0.294,10.078
555416934,3,0,-0.019,0.067,0.002,-0.062,0.0,-0.035300000000000005,-0.0358,13.68,-0.048,62240.0,-0.0017000000000000001,-0.030000000000000002,8253.0,60976.0,-0.00030000000000000003,0.002,0.012400000000000001,0.0,0.005,0.0,0.294,10.0
555421934,3,0,-0.063,0.047,0.005,-0.061,0.0,-0.039,-0.027200000000000002,13.68,-0.0483,62240.0,0.0131,-0.030000000000000002,13253.0,61100.0,0.0083,0.002,0.012400000000000001,0.0,0.005,0.0,0.294,10.0
555426018,3,0,-0.053,0.085,0.007,-0.06,0.0,-0.0381,-0.0261,13.68,-0.0488,62112.0,0.0115,-0.030000000000000002,17337.0,60728.0,0.0085,0.002,0.0125,0.0,0.004,0.0,0.294,10.0
555428680,3,0,-0.092,0.055,0.02,-0.06,0.0,-0.0388,-0.025400000000000002,13.68,-0.049100000000000005,62240.0,0.0148,-0.030000000000000002,0.0,60852.0,0.0094,0.002,0.0125,0.0,0.004,0.0,0.294,10.0
555432951,3,0,-0.045,0.082,0.016,-0.058,0.0,-0.0386,-0.031900000000000005,13.68,-0.049800000000000004,62368.0,0.0082,-0.030000000000000002,4271.0,61100.0,0.0048000000000000004,0.002,0.0125,0.0,0.001,0.0,0.294,10.0
555436962,3,0,-0.145,0.067,0.013000000000000001,-0.057,0.0,-0.038900000000000004,-0.0207,13.67,-0.0504,61984.0,0.019700000000000002,-0.030000000000000002,8282.0,60976.0,0.0128,0.0021000000000000003,0.0125,0.0,0.005,0.0,0.294,10.0
555441953,3,0,-0.117,0.061,0.009000000000000001,-0.055,0.0,-0.040100000000000004,-0.023700000000000002,13.67,-0.0511,62240.0,0.0181,-0.030000000000000002,13273.0,60976.0,0.011600000000000001,0.0021000000000000003,0.0125,0.0,0.003,0.0,0.294,10.0
555446018,3,0,-0.07,0.084,-0.002,-0.054,0.0,-0.04,-0.0205,13.67,-0.051800000000000006,62240.0,0.019700000000000002,-0.030000000000000002,17338.0,60852.0,0.013800000000000002,0.0021000000000000003,0.0126,0.0,0.005,0.0,0.294,10.0
555448919,3,0,-0.069,0.063,-0.004,-0.053,0.0,-0.0409,-0.026600000000000002,13.67,-0.0521,62112.0,0.0148,-0.030000000000000002,0.0,60852.0,0.010100000000000001,0.0021000000000000003,0.0126,0.0,0.004,0.0,0.294,10.0
555452959,3,0,-0.057,0.094,-0.013000000000000001,-0.053,0.0,-0.043000000000000003,-0.0187,13.67,-0.0524,62368.0,0.0246,-0.030000000000000002,4040.0,60852.0,0.0172,0.0021000000000000003,0.0126,0.0,0.006,0.0,0.294,10.0
555457958,3,0,-0.094,0.075,-0.027,-0.052000000000000005,0.0,-0.0407,-0.012700000000000001,13.67,-0.0528,62112.0,0.0296,-0.030000000000000002,9039.0,60976.0,0.0198,0.0022,0.0126,0.0,0.012,0.0,0.294,10.073
555461970,3,0,-0.063,0.076,-0.024,-0.051000000000000004,0.0,-0.0437,-0.018500000000000003,13.67,-0.0531,61856.0,0.0263,-0.030000000000000002,13051.0,60976.0,0.0178,0.0022,0.0126,0.0,0.013000000000000001,0.0,0.294,10.073
555466685,3,0,-0.001,0.097,-0.034,-0.051000000000000004,0.0,-0.0434,-0.0222,13.67,-0.053200000000000004,62112.0,0.023,-0.030000000000000002,17766.0,60976.0,0.015000000000000001,0.0024000000000000002,0.0126,0.0,0.015,0.0,0.294,10.073
555468685,3,0,-0.07200000000000001,0.1,-0.029,-0.051000000000000004,0.0,-0.0444,-0.015000000000000001,13.67,-0.0533,62112.0,0.0296,-0.030000000000000002,0.0,60852.0,0.020800000000000003,0.0024000000000000002,0.0126,0.0,0.016,0.0,0.294,10.073
555472686,3,0,-0.033,0.074,-0.039,-0.05,0.0,-0.042800000000000005,-0.0118,13.67,-0.0538,61728.0,0.0329,-0.030000000000000002,4001.0,60976.0,0.0219,0.0024000000000000002,0.0126,0.0,0.015,0.0,0.294,10.073
555476686,3,0,-0.004,0.081,-0.019,-0.049,0.0,-0.0431,-0.033,13.67,-0.054,62240.0,0.0098,-0.030000000000000002,8001.0,60608.0,0.007200000000000001,0.0026000000000000003,0.0125,0.0,0.016,0.0,0.294,10.073
555480687,3,0,0.033,0.09,-0.021,-0.049,0.0,-0.043500000000000004,-0.020900000000000002,13.67,-0.054200000000000005,62368.0,0.0246,-0.030000000000000002,12002.0,61100.0,0.016,0.0026000000000000003,0.0125,0.0,0.015,0.0,0.294,10.082
555484959,3,0,-0.079,0.073,-0.012,-0.048,0.0,-0.045000000000000005,-0.015700000000000002,13.67,-0.0546,62368.0,0.031200000000000002,-0.030000000000000002,16274.0,60852.0,0.020800000000000003,0.0026000000000000003,0.0125,0.0,0.018000000000000002,0.0,0.294,10.082
555489819,3,0,-0.016,0.095,-0.007,-0.047,0.0,-0.0459,-0.020900000000000002,13.67,-0.055,62240.0,0.0263,-0.030000000000000002,0.0,60852.0,0.0177,0.0027,0.0125,0.0,0.015,0.0,0.294,10.082
555493959,3,0,-0.019,0.095,0.006,-0.047,0.0,-0.0441,-0.0239,13.67,-0.055400000000000005,62368.0,0.0213,-0.030000000000000002,4140.0,60852.0,0.0142,0.0027,0.0125,0.0,0.015,0.0,0.294,10.082
555498686,3,0,-0.063,0.055,0.011,-0.046,0.0,-0.0453,-0.0204,13.67,-0.0558,62240.0,0.0263,-0.030000000000000002,8867.0,60976.0,0.0176,0.0029000000000000002,0.0125,0.0,0.014,0.0,0.294,10.082
555500960,3,0,-0.051000000000000004,0.097,0.011,-0.045,0.0,-0.0456,-0.0212,13.67,-0.056100000000000004,62240.0,0.0263,-0.030000000000000002,11141.0,60728.0,0.0173,0.0029000000000000002,0.0125,0.0,0.015,0.0,0.294,10.082
555505680,3,0,-0.055,0.056,0.021,-0.044,0.0,-0.046900000000000004,-0.0227,13.67,-0.0565,62240.0,0.0263,-0.030000000000000002,15861.0,61224.0,0.0171,0.0029000000000000002,0.0125,0.0,0.014,0.0,0.294,10.082
555509686,3,0,-0.097,0.1,0.012,-0.043000000000000003,0.0,-0.0471,-0.019700000000000002,13.67,-0.057,61984.0,0.0279,-0.030000000000000002,0.0,60728.0,0.0194,0.003,0.0125,0.0,0.014,0.0,0.294,10.082
555513959,3,0,-0.066,0.08600000000000001,0.006,-0.042,0.0,-0.047,-0.0181,13.67,-0.0577,62240.0,0.0296,-0.030000000000000002,4273.0,61100.0,0.0205,0.003,0.0125,0.0,0.012,0.0,0.294,10.082
555518689,3,0,-0.106,0.045,0.018000000000000002,-0.041,0.0,-0.0463,-0.0182,13.67,-0.0582,62112.0,0.0279,-0.030000000000000002,9003.0,60852.0,0.0198,0.0031000000000000003,0.0125,0.0,0.011,0.0,0.294,10.079
555520975,3,0,-0.07100000000000001,0.095,-0.003,-0.04,0.0,-0.0482,-0.0171,13.67,-0.058600000000000006,62112.0,0.0328,-0.030000000000000002,11289.0,61100.0,0.022000000000000002,0.0031000000000000003,0.0125,0.0,0.011,0.0,0.294,10.079
555526115,3,0,-0.105,0.042,-0.007,-0.039,0.0,-0.047,-0.013800000000000002,13.67,-0.0591,62112.0,0.0345,-0.030000000000000002,16429.0,60852.0,0.0235,0.0032,0.012400000000000001,0.0,0.009000000000000001,0.0,0.294,10.079
555530747,3,0,-0.122,0.076,-0.013000000000000001,-0.038,0.0,-0.0473,-0.0109,13.67,-0.0596,62240.0,0.0378,-0.030000000000000002,0.0,60976.0,0.0257,0.0032,0.012400000000000001,0.0,0.011,0.0,0.294,10.079
555532957,3,0,-0.113,0.031,-0.016,-0.037,0.0,-0.046200000000000005,-0.0108,13.67,-0.0599,62240.0,0.0361,-0.030000000000000002,2210.0,60976.0,0.025,0.0032,0.012400000000000001,0.0,0.01,0.0,0.294,10.079
555536968,3,0,-0.11800000000000001,0.074,-0.022,-0.036000000000000004,0.0,-0.0482,-0.011300000000000001,13.67,-0.060500000000000005,62112.0,0.039400000000000004,-0.030000000000000002,6221.0,60976.0,0.0261,0.0033,0.0123,0.0,0.009000000000000001,0.0,0.294,10.079
555541944,3,0,-0.117,0.097,-0.023,-0.034,0.0,-0.048400000000000006,-0.0102,13.67,-0.061200000000000004,62112.0,0.041100000000000005,-0.030000000000000002,11197.0,61224.0,0.027,0.0033,0.0123,0.0,0.009000000000000001,0.0,0.294,10.099
555546020,3,0,-0.08600000000000001,0.018000000000000002,-0.006,-0.034,0.0,-0.0472,-0.0131,13.67,-0.061500000000000006,61984.0,0.0361,-0.030000000000000002,15273.0,60852.0,0.0241,0.0034000000000000002,0.0122,0.0,0.006,0.0,0.294,10.099
555548682,3,0,-0.092,0.07200000000000001,-0.017,-0.033,0.0,-0.0471,-0.0134,13.67,-0.061700000000000005,62112.0,0.0345,-0.030000000000000002,0.0,60852.0,0.0239,0.0034000000000000002,0.0122,0.0,0.008,0.0,0.294,10.099
555553004,3,0,-0.061,0.011,0.0,-0.033,0.0,-0.0465,-0.0135,13.67,-0.062,62112.0,0.0345,-0.030000000000000002,4322.0,60608.0,0.0233,0.0034000000000000002,0.0122,0.0,0.007,0.0,0.294,10.099
555557955,3,0,-0.097,0.045,0.002,-0.032,0.0,-0.047400000000000005,-0.0117,13.67,-0.062400000000000004,62112.0,0.0378,-0.030000000000000002,9273.0,60852.0,0.0252,0.0035,0.0122,0.0,0.009000000000000001,0.0,0.294,10.099
555562682,3,0,-0.024,0.081,0.004,-0.032,0.0,-0.0473,-0.0198,13.67,-0.0626,62112.0,0.0279,-0.030000000000000002,14000.0,61100.0,0.0195,0.0035,0.0122,0.0,0.009000000000000001,0.0,0.294,10.044
555564961,3,0,-0.081,0.049,0.011,-0.031,0.0,-0.0487,-0.0166,13.67,-0.0629,62112.0,0.0328,-0.030000000000000002,16279.0,60728.0,0.0227,0.0035,0.0122,0.0,0.009000000000000001,0.0,0.294,10.044
555568970,3,0,-0.036000000000000004,0.098,0.012,-0.03,0.0,-0.049300000000000004,-0.013900000000000001,13.67,-0.0631,61984.0,0.0361,-0.030000000000000002,0.0,61224.0,0.025,0.0035,0.012100000000000001,0.0,0.008,0.0,0.294,10.044
555573680,3,0,-0.051000000000000004,0.028,0.022,-0.03,0.0,-0.0487,-0.0161,13.67,-0.0634,62112.0,0.0345,-0.030000000000000002,4710.0,60728.0,0.023100000000000002,0.0035,0.012100000000000001,0.0,0.007,0.0,0.294,10.044
555577967,3,0,-0.061,0.081,0.011,-0.029,0.0,-0.0488,-0.0166,13.67,-0.06380000000000001,62368.0,0.0328,-0.030000000000000002,8997.0,60976.0,0.0228,0.0036000000000000003,0.012100000000000001,0.0,0.011,0.0,0.294,10.044
555581971,3,0,-0.041,0.08700000000000001,0.008,-0.028,0.0,-0.0489,-0.0155,13.67,-0.0641,62112.0,0.0345,-0.030000000000000002,13001.0,60976.0,0.023700000000000002,0.0036000000000000003,0.012100000000000001,0.0,0.01,0.0,0.294,10.044
555586047,3,0,-0.027,0.04,0.004,-0.027,0.0,-0.0482,-0.020800000000000003,13.67,-0.0645,62240.0,0.029500000000000002,-0.030000000000000002,17077.0,60852.0,0.0194,0.0037,0.012100000000000001,0.0,0.009000000000000001,0.0,0.294,10.059000000000001
555588680,3,0,-0.029,0.056,-0.001,-0.027,0.0,-0.048400000000000006,-0.020200000000000003,13.67,-0.0646,62240.0,0.029500000000000002,-0.030000000000000002,0.0,60852.0,0.02,0.0037,0.012100000000000001,0.0,0.009000000000000001,0.0,0.294,10.059000000000001
555592681,3,0,-0.034,0.10200000000000001,-0.012,-0.026000000000000002,0.0,-0.0499,-0.0175,13.67,-0.065,62240.0,0.0345,-0.030000000000000002,4001.0,60728.0,0.0229,0.0037,0.012100000000000001,0.0,0.009000000000000001,0.0,0.294,10.059000000000001
555596983,3,0,-0.038,0.106,-0.016,-0.025,0.0,-0.050300000000000004,-0.0173,13.67,-0.0656,62112.0,0.0345,-0.030000000000000002,8303.0,60852.0,0.0233,0.0038,0.0122,0.0,0.01,0.0,0.294,10.059000000000001
555601032,3,0,-0.047,0.029,-0.015,-0.025,0.0,-0.047400000000000005,-0.0148,13.67,-0.0659,62112.0,0.0345,-0.030000000000000002,12352.0,60484.0,0.023100000000000002,0.0038,0.0122,0.0,0.009000000000000001,0.0,0.294,10.059000000000001
555606060,3,0,-0.037,0.03,-0.014,-0.024,0.0,-0.047400000000000005,-0.0146,13.67,-0.0663,62240.0,0.0345,-0.030000000000000002,17380.0,60976.0,0.023200000000000002,0.0039000000000000003,0.012100000000000001,0.0,0.007,0.0,0.294,10.057
555608680,3,0,-0.049,0.022,-0.009000000000000001,-0.024,0.0,-0.046700000000000005,-0.0149,13.67,-0.0663,62112.0,0.0345,-0.030000000000000002,0.0,60852.0,0.022500000000000003,0.0039000000000000003,0.012100000000000001,0.0,0.007,0.0,0.294,10.057
555612691,3,0,-0.04,0.056,-0.018000000000000002,-0.023,0.0,-0.0465,-0.0143,13.67,-0.06670000000000001,61984.0,0.0345,-0.030000000000000002,4011.0,61100.0,0.0227,0.0039000000000000003,0.012100000000000001,0.0,0.007,0.0,0.294,10.057
555616996,3,0,-0.061,0.08,-0.007,-0.022,0.0,-0.045000000000000005,-0.0137,13.67,-0.06720000000000001,62112.0,0.0328,-0.030000000000000002,8316.0,60976.0,0.0221,0.0039000000000000003,0.012100000000000001,0.0,0.007,0.0,0.294,10.057
555621046,3,0,-0.036000000000000004,-0.007,0.004,-0.022,0.0,-0.0443,-0.014400000000000001,13.67,-0.0674,61984.0,0.031200000000000002,-0.030000000000000002,12366.0,60976.0,0.0212,0.0039000000000000003,0.012100000000000001,0.0,0.004,0.0,0.294,10.057
555625867,3,0,-0.04,0.047,-0.004,-0.021,0.0,-0.042,-0.013900000000000001,13.67,-0.06760000000000001,62112.0,0.0296,-0.030000000000000002,17187.0,60728.0,0.0199,0.0039000000000000003,0.012100000000000001,0.0,0.005,0.0,0.294,10.052
555630006,3,0,-0.045,0.056,0.009000000000000001,-0.021,0.0,-0.0437,-0.0152,13.67,-0.0679,62112.0,0.0296,-0.030000000000000002,0.0,61100.0,0.020200000000000003,0.004,0.012,0.0,0.006,0.0,0.294,10.052
555634007,3,0,-0.026000000000000002,-0.017,0.016,-0.02,0.0,-0.0427,-0.0128,13.67,-0.06810000000000001,62368.0,0.031200000000000002,-0.030000000000000002,4001.0,60976.0,0.0211,0.004,0.012,0.0,0.003,0.0,0.294,10.052
555638680,3,0,-0.043000000000000003,0.056,0.005,-0.019,0.0,-0.0414,-0.0125,13.67,-0.0684,61984.0,0.0296,-0.030000000000000002,8674.0,60976.0,0.0204,0.0041,0.0119,0.0,0.006,0.0,0.294,10.052
555640828,3,0,-0.022,-0.008,0.013000000000000001,-0.019,0.0,-0.0409,-0.0129,13.67,-0.0684,62240.0,0.0296,-0.030000000000000002,10822.0,60852.0,0.0198,0.0041,0.0119,0.0,0.004,0.0,0.294,10.052
555645018,3,0,-0.045,0.05,0.007,-0.019,0.0,-0.040400000000000005,-0.0126,13.67,-0.0688,62112.0,0.0296,-0.030000000000000002,15012.0,61224.0,0.0196,0.0041,0.0119,0.0,0.004,0.0,0.294,10.065
555649027,3,0,-0.046,-0.007,0.001,-0.018000000000000002,0.0,-0.0405,-0.015300000000000001,13.67,-0.0689,62240.0,0.0263,-0.030000000000000002,0.0,60728.0,0.0178,0.0041,0.0118,0.0,0.004,0.0,0.294,10.065
555653680,3,0,-0.002,0.014,-0.007,-0.018000000000000002,0.0,-0.040400000000000005,-0.0183,13.67,-0.06910000000000001,61984.0,0.023,-0.030000000000000002,4653.0,60976.0,0.015600000000000001,0.0041,0.0118,0.0,0.003,0.0,0.294,10.065
555657845,3,0,-0.029,0.034,-0.011,-0.018000000000000002,0.0,-0.0397,-0.0206,13.67,-0.0692,61984.0,0.019700000000000002,-0.030000000000000002,8818.0,61100.0,0.0135,0.0041,0.0117,0.0,0.004,0.0,0.294,10.065
555662032,3,0,0.024,-0.022,-0.006,-0.018000000000000002,0.0,-0.039900000000000005,-0.024,13.67,-0.06910000000000001,62240.0,0.0164,-0.030000000000000002,13005.0,60608.0,0.0112,0.0041,0.0117,0.0,0.003,0.0,0.294,10.065
555664681,3,0,0.012,0.041,-0.023,-0.018000000000000002,0.0,-0.04,-0.0258,13.67,-0.06910000000000001,61984.0,0.0148,-0.030000000000000002,15654.0,60852.0,0.01,0.0041,0.0117,0.0,0.005,0.0,0.294,10.033
555668682,3,0,0.012,-0.026000000000000002,-0.006,-0.018000000000000002,0.0,-0.0398,-0.0204,13.67,-0.069,62112.0,0.019700000000000002,-0.030000000000000002,0.0,61100.0,0.0137,0.004200000000000001,0.0117,0.0,0.004,0.0,0.294,10.033
555673678,3,0,0.041,0.026000000000000002,-0.011,-0.018000000000000002,0.0,-0.04,-0.0252,13.67,-0.0689,61856.0,0.0148,-0.030000000000000002,4996.0,60852.0,0.0105,0.004200000000000001,0.0117,0.0,0.006,0.0,0.294,10.033
555678043,3,0,0.017,0.04,-0.011,-0.018000000000000002,0.0,-0.0393,-0.025400000000000002,13.67,-0.0688,61984.0,0.0148,-0.030000000000000002,9361.0,61100.0,0.0098,0.004200000000000001,0.011600000000000001,0.0,0.006,0.0,0.294,10.033
555680681,3,0,0.057,0.016,-0.009000000000000001,-0.019,0.0,-0.039400000000000004,-0.027600000000000003,13.67,-0.0688,62112.0,0.0115,-0.030000000000000002,11999.0,60852.0,0.008400000000000001,0.004200000000000001,0.011600000000000001,0.0,0.005,0.0,0.294,10.033
555684682,3,0,-0.006,0.024,0.007,-0.019,0.0,-0.04,-0.026600000000000002,13.67,-0.0688,62112.0,0.0131,-0.030000000000000002,16000.0,60976.0,0.0095,0.004200000000000001,0.011600000000000001,0.0,0.006,0.0,0.294,10.045
555689819,3,0,0.037,-0.031,0.018000000000000002,-0.019,0.0,-0.0379,-0.0303,13.67,-0.0687,61984.0,0.0082,-0.030000000000000002,0.0,61100.0,0.0054,0.0043,0.011600000000000001,0.0,0.003,0.0,0.294,10.045
555694681,3,0,0.067,-0.011,0.009000000000000001,-0.019,0.0,-0.0371,-0.032,13.67,-0.06860000000000001,61984.0,0.006500000000000001,-0.030000000000000002,4862.0,60976.0,0.0036000000000000003,0.0043,0.011600000000000001,0.0,0.003,0.0,0.294,10.045
555697053,3,0,0.021,-0.007,0.012,-0.019,0.0,-0.038,-0.032600000000000004,13.67,-0.0685,62112.0,0.0049,-0.030000000000000002,7234.0,61100.0,0.0038,0.0043,0.011600000000000001,0.0,0.003,0.0,0.294,10.045
555701108,3,0,0.052000000000000005,-0.02,0.01,-0.019,0.0,-0.0371,-0.0303,13.67,-0.0684,62112.0,0.0082,-0.030000000000000002,11289.0,60976.0,0.0048000000000000004,0.0043,0.011600000000000001,0.0,0.002,0.0,0.294,10.045
555705714,3,0,0.004,0.017,-0.004,-0.02,0.0,-0.0371,-0.030100000000000002,13.67,-0.0683,62112.0,0.0082,-0.030000000000000002,15895.0,60976.0,0.0049,0.0043,0.011600000000000001,0.0,0.005,0.0,0.294,10.016
555710064,3,0,-0.047,-0.032,0.004,-0.02,0.0,-0.0352,-0.021500000000000002,13.67,-0.0683,61984.0,0.0131,-0.030000000000000002,0.0,61100.0,0.0097,0.0044,0.0115,0.0,0.005,0.0,0.294,10.016
555714681,3,0,0.003,-0.011,-0.003,-0.019,0.0,-0.0342,-0.027200000000000002,13.67,-0.0684,62112.0,0.0082,-0.030000000000000002,4617.0,60976.0,0.0049,0.0044,0.0115,0.0,0.003,0.0,0.294,10.016
555716684,3,0,-0.046,-0.039,-0.003,-0.019,0.0,-0.0344,-0.026000000000000002,13.67,-0.0684,61984.0,0.0082,-0.030000000000000002,6620.0,61100.0,0.0059,0.0044,0.0115,0.0,0.004,0.0,0.294,10.016
555721218,3,0,0.011,-0.024,-0.018000000000000002,-0.019,0.0,-0.0325,-0.0273,13.67,-0.0687,61856.0,0.0066,-0.030000000000000002,11154.0,60976.0,0.0036000000000000003,0.0044,0.0115,0.0,0.002,0.0,0.294,10.016
555725713,3,0,-0.065,-0.012,-0.019,-0.019,0.0,-0.032100000000000004,-0.026000000000000002,13.67,-0.0687,62112.0,0.0049,-0.030000000000000002,15649.0,61100.0,0.0043,0.0044,0.0115,0.0,0.003,0.0,0.294,10.022
555730078,3,0,-0.008,-0.056,-0.019,-0.019,0.0,-0.0298,-0.029500000000000002,13.67,-0.0687,62112.0,0.0,-0.030000000000000002,0.0,60976.0,0.0002,0.0044,0.0114,0.0,0.001,0.0,0.294,10.022
555734081,3,0,-0.003,-0.02,-0.024,-0.019,0.0,-0.029900000000000003,-0.024200000000000003,13.67,-0.0687,62240.0,0.0066,-0.030000000000000002,4003.0,60976.0,0.0041,0.0044,0.0114,0.0,0.002,0.0,0.294,10.022
555738681,3,0,-0.054,-0.034,-0.009000000000000001,-0.019,0.0,-0.030500000000000003,-0.0227,13.67,-0.0685,62112.0,0.0082,-0.030000000000000002,8603.0,60608.0,0.0055000000000000005,0.0044,0.011300000000000001,0.0,0.003,0.0,0.294,10.022
555740681,3,0,-0.053,-0.02,-0.01,-0.019,0.0,-0.0298,-0.023100000000000002,13.67,-0.0685,62240.0,0.0066,-0.030000000000000002,10603.0,61100.0,0.0048000000000000004,0.0044,0.011300000000000001,0.0,0.004,0.0,0.294,10.022
555745091,3,0,-0.037,-0.039,0.001,-0.019,0.0,-0.0279,-0.022500000000000003,13.67,-0.0684,61728.0,0.0066,-0.030000000000000002,15013.0,61100.0,0.0038,0.0044,0.011300000000000001,0.0,0.006,0.0,0.294,10.022
555749094,3,0,0.012,-0.038,0.009000000000000001,-0.02,0.0,-0.0298,-0.028800000000000003,13.67,-0.0683,62112.0,0.0016,-0.030000000000000002,0.0,60852.0,0.0007,0.0045000000000000005,0.011300000000000001,0.0,0.004,0.0,0.294,10.089
555753235,3,0,0.036000000000000004,-0.013000000000000001,0.005,-0.02,0.0,-0.0286,-0.033600000000000005,13.67,-0.06810000000000001,62368.0,-0.0049,-0.030000000000000002,4141.0,60608.0,-0.0035,0.0045000000000000005,0.011300000000000001,0.0,0.006,0.0,0.294,10.089
555758101,3,0,0.006,-0.039,0.016,-0.021,0.0,-0.0284,-0.033100000000000004,13.67,-0.0678,62112.0,-0.0049,-0.030000000000000002,9007.0,61100.0,-0.0033,0.0045000000000000005,0.0112,0.0,0.005,0.0,0.294,10.089
555762104,3,0,0.113,-0.01,0.015,-0.021,0.0,-0.0298,-0.0395,13.67,-0.06760000000000001,61984.0,-0.0099,-0.030000000000000002,13010.0,60728.0,-0.0068000000000000005,0.0045000000000000005,0.0112,0.0,0.003,0.0,0.294,10.089
555766176,3,0,0.05,-0.012,0.012,-0.021,0.0,-0.0291,-0.037000000000000005,13.67,-0.0674,61856.0,-0.0082,-0.030000000000000002,17082.0,60976.0,-0.0056,0.0046,0.0111,0.0,0.003,0.0,0.294,10.089
555768681,3,0,0.122,0.006,0.012,-0.022,0.0,-0.029300000000000003,-0.0367,13.67,-0.06720000000000001,62112.0,-0.0066,-0.030000000000000002,0.0,60728.0,-0.005200000000000001,0.0046,0.0111,0.0,0.002,0.0,0.294,10.043000000000001
555772681,3,0,0.028,-0.008,0.013000000000000001,-0.022,0.0,-0.031200000000000002,-0.039,13.67,-0.067,61984.0,-0.0082,-0.030000000000000002,4000.0,61100.0,-0.0055000000000000005,0.0046,0.0111,0.0,0.005,0.0,0.294,10.043000000000001
555777120,3,0,0.064,-0.017,0.002,-0.023,0.0,-0.028300000000000002,-0.0368,13.67,-0.0666,61856.0,-0.0082,-0.030000000000000002,8439.0,60852.0,-0.0061,0.0046,0.011000000000000001,0.0,0.002,0.0,0.294,10.043000000000001
555782114,3,0,0.069,0.006,-0.008,-0.023,0.0,-0.029900000000000003,-0.0354,13.67,-0.0665,61984.0,-0.0066,-0.030000000000000002,13433.0,60976.0,-0.0039000000000000003,0.0046,0.011000000000000001,0.0,0.002,0.0,0.294,10.043000000000001
555784683,3,0,0.059000000000000004,-0.003,-0.007,-0.023,0.0,-0.030000000000000002,-0.0368,13.67,-0.0665,61984.0,-0.0066,-0.030000000000000002,16002.0,60728.0,-0.0048000000000000004,0.0046,0.011000000000000001,0.0,0.002,0.0,0.294,10.043000000000001
555789815,3,0,0.035,0.014,-0.012,-0.023,0.0,-0.0309,-0.0368,13.67,-0.0665,62112.0,-0.0049,-0.030000000000000002,0.0,60976.0,-0.004200000000000001,0.0046,0.011000000000000001,0.0,0.002,0.0,0.294,10.049
555794681,3,0,0.023,-0.005,-0.021,-0.023,0.0,-0.029500000000000002,-0.035500000000000004,13.67,-0.0666,61984.0,-0.0066,-0.030000000000000002,4866.0,60976.0,-0.0043,0.0046,0.011000000000000001,0.0,-0.001,0.0,0.294,10.049
555797128,3,0,-0.052000000000000005,-0.002,-0.014,-0.023,0.0,-0.0302,-0.0304,13.67,-0.0669,61984.0,0.0,-0.030000000000000002,7313.0,60728.0,-0.0001,0.0046,0.011000000000000001,0.0,0.0,0.0,0.294,10.049
555801214,3,0,0.03,-0.014,-0.018000000000000002,-0.022,0.0,-0.028800000000000003,-0.0347,13.67,-0.067,62112.0,-0.0066,-0.030000000000000002,11399.0,60976.0,-0.0041,0.0046,0.011000000000000001,0.0,-0.003,0.0,0.294,10.049
555805721,3,0,-0.092,-0.025,-0.006,-0.022,0.0,-0.029400000000000003,-0.0318,13.67,-0.0671,61984.0,-0.0017000000000000001,-0.030000000000000002,15906.0,60852.0,-0.0017000000000000001,0.0046,0.011000000000000001,0.0,-0.002,0.0,0.294,10.049
555810137,3,0,-0.041,0.0,-0.009000000000000001,-0.022,0.0,-0.0286,-0.022600000000000002,13.67,-0.0673,61856.0,0.0066,-0.030000000000000002,0.0,60852.0,0.0043,0.0046,0.0109,0.0,-0.001,0.0,0.294,10.09
555814220,3,0,-0.056,-0.029,0.005,-0.021,0.0,-0.0292,-0.0313,13.67,-0.0674,62240.0,-0.0017000000000000001,-0.030000000000000002,4083.0,60728.0,-0.0015,0.0046,0.0109,0.0,-0.002,0.0,0.294,10.09
555816683,3,0,-0.026000000000000002,-0.013000000000000001,0.001,-0.021,0.0,-0.0291,-0.0296,13.67,-0.0675,62240.0,-0.0017000000000000001,-0.030000000000000002,6546.0,60852.0,-0.0004,0.0046,0.0109,0.0,-0.002,0.0,0.294,10.09
555821229,3,0,-0.073,-0.023,0.003,-0.021,0.0,-0.028800000000000003,-0.024200000000000003,13.67,-0.0675,61984.0,0.0049,-0.030000000000000002,11092.0,60608.0,0.0032,0.0046,0.0109,0.0,0.0,0.0,0.294,10.09
555825715,3,0,-0.061,-0.009000000000000001,0.0,-0.021,0.0,-0.029500000000000002,-0.0216,13.67,-0.0678,61984.0,0.0082,-0.030000000000000002,15578.0,61100.0,0.0056,0.0046,0.0109,0.0,0.0,0.0,0.294,10.09
555830152,3,0,-0.007,0.032,-0.002,-0.021,0.0,-0.0304,-0.0325,13.66,-0.0678,62112.0,-0.0033,-0.030000000000000002,0.0,60852.0,-0.0015,0.0046,0.0108,0.0,0.0,0.0,0.294,10.066
555832682,3,0,-0.039,-0.001,0.002,-0.02,0.0,-0.0304,-0.0273,13.66,-0.0679,62112.0,0.0033,-0.030000000000000002,2530.0,60976.0,0.0023,0.0046,0.0108,0.0,0.0,0.0,0.294,10.066
555837162,3,0,0.007,0.032,-0.004,-0.021,0.0,-0.028900000000000002,-0.0309,13.66,-0.06770000000000001,61856.0,-0.0033,-0.030000000000000002,7010.0,61100.0,-0.0014,0.0046,0.010700000000000001,0.0,0.0,0.0,0.294,10.066
555842158,3,0,0.066,0.008,-0.011,-0.021,0.0,-0.030600000000000002,-0.029400000000000003,13.66,-0.06770000000000001,62112.0,0.0,-0.030000000000000002,12006.0,60728.0,0.0008,0.0046,0.010700000000000001,0.0,-0.002,0.0,0.294,10.066
555846234,3,0,-0.013000000000000001,-0.004,-0.006,-0.021,0.0,-0.0318,-0.0356,13.66,-0.06760000000000001,62112.0,-0.0049,-0.030000000000000002,16082.0,60852.0,-0.0027,0.0046,0.0106,0.0,0.0,0.0,0.294,10.066
555848683,3,0,-0.013000000000000001,-0.023,-0.005,-0.021,0.0,-0.0318,-0.0327,13.66,-0.06760000000000001,62112.0,-0.0017000000000000001,-0.030000000000000002,0.0,60728.0,-0.0006000000000000001,0.0046,0.0106,0.0,-0.001,0.0,0.294,10.066
555853644,3,0,-0.008,0.003,-0.004,-0.021,0.0,-0.034,-0.034800000000000005,13.66,-0.06760000000000001,61984.0,0.0,-0.030000000000000002,4961.0,61100.0,-0.0005,0.0046,0.0106,0.0,0.0,0.0,0.294,10.053
555858170,3,0,0.052000000000000005,0.06,-0.013000000000000001,-0.021,0.0,-0.034,-0.0368,13.66,-0.06760000000000001,62112.0,-0.0017000000000000001,-0.030000000000000002,9487.0,60852.0,-0.002,0.0046,0.0105,0.0,-0.001,0.0,0.294,10.053
555862175,3,0,0.035,0.015,-0.001,-0.021,0.0,-0.0363,-0.0393,13.66,-0.06760000000000001,61856.0,-0.0033,-0.030000000000000002,13492.0,61224.0,-0.0021000000000000003,0.0046,0.0105,0.0,-0.002,0.0,0.294,10.053
555866253,3,0,0.021,0.039,-0.003,-0.021,0.0,-0.036500000000000005,-0.0373,13.66,-0.06770000000000001,62112.0,-0.0017000000000000001,-0.030000000000000002,17570.0,60976.0,-0.0005,0.0045000000000000005,0.0105,0.0,-0.001,0.0,0.294,10.053
555868643,3,0,0.023,0.0,0.007,-0.021,0.0,-0.0366,-0.0388,13.66,-0.06760000000000001,61984.0,-0.0033,-0.030000000000000002,0.0,60976.0,-0.0016,0.0045000000000000005,0.0105,0.0,-0.002,0.0,0.294,10.053
555873218,3,0,0.022,0.035,0.01,-0.021,0.0,-0.0374,-0.0381,13.66,-0.06770000000000001,62112.0,0.0,-0.030000000000000002,4575.0,60728.0,-0.0005,0.0045000000000000005,0.0105,0.0,-0.001,0.0,0.294,10.053
555877222,3,0,0.016,0.064,0.007,-0.021,0.0,-0.0374,-0.0361,13.66,-0.06770000000000001,61984.0,0.0016,-0.030000000000000002,8579.0,60852.0,0.0009000000000000001,0.0045000000000000005,0.0105,0.0,0.0,0.0,0.294,10.053
555881365,3,0,0.002,0.0,0.01,-0.021,0.0,-0.038,-0.0339,13.66,-0.0678,61984.0,0.0033,-0.030000000000000002,12722.0,60852.0,0.0029000000000000002,0.0045000000000000005,0.0105,0.0,-0.001,0.0,0.294,10.053
555885701,3,0,-0.004,0.07,0.005,-0.02,0.0,-0.0374,-0.033100000000000004,13.66,-0.068,61984.0,0.0049,-0.030000000000000002,17058.0,60852.0,0.003,0.0045000000000000005,0.0105,0.0,0.002,0.0,0.294,10.053
555890272,3,0,-0.01,0.038,0.002,-0.02,0.0,-0.038200000000000005,-0.0318,13.66,-0.068,61984.0,0.006500000000000001,-0.030000000000000002,0.0,60608.0,0.0045000000000000005,0.0045000000000000005,0.010400000000000001,0.0,0.002,0.0,0.294,10.053
555892643,3,0,-0.024,0.07200000000000001,-0.001,-0.02,0.0,-0.038900000000000004,-0.029900000000000003,13.66,-0.06810000000000001,62368.0,0.0098,-0.030000000000000002,2371.0,60852.0,0.0064,0.0045000000000000005,0.010400000000000001,0.0,0.003,0.0,0.294,10.059000000000001
555896643,3,0,-0.006,0.008,-0.003,-0.02,0.0,-0.0392,-0.0296,13.66,-0.0682,62112.0,0.0098,-0.030000000000000002,6371.0,60608.0,0.0068000000000000005,0.0046,0.010400000000000001,0.0,0.002,0.0,0.294,10.059000000000001
555900643,3,0,-0.027,0.035,-0.012,-0.019,0.0,-0.0393,-0.027600000000000003,13.66,-0.0685,62240.0,0.0115,-0.030000000000000002,10371.0,60976.0,0.0083,0.0046,0.010400000000000001,0.0,0.002,0.0,0.294,10.059000000000001
555905241,3,0,-0.027,0.07100000000000001,-0.021,-0.019,0.0,-0.038400000000000004,-0.028200000000000003,13.66,-0.0687,61984.0,0.0098,-0.030000000000000002,14969.0,61100.0,0.007200000000000001,0.0046,0.010400000000000001,0.0,0.002,0.0,0.294,10.059000000000001
555909246,3,0,-0.023,-0.014,-0.002,-0.019,0.0,-0.0388,-0.024300000000000002,13.66,-0.0688,62112.0,0.0164,-0.030000000000000002,0.0,60728.0,0.0102,0.0046,0.010400000000000001,0.0,0.002,0.0,0.294,10.059000000000001
555913397,3,0,-0.042,0.055,-0.018000000000000002,-0.018000000000000002,0.0,-0.039400000000000004,-0.0239,13.66,-0.069,61984.0,0.0164,-0.030000000000000002,4151.0,60976.0,0.011000000000000001,0.0046,0.010400000000000001,0.0,0.003,0.0,0.294,10.059000000000001
555918250,3,0,-0.064,0.054,-0.014,-0.018000000000000002,0.0,-0.038400000000000004,-0.020300000000000002,13.66,-0.0692,61728.0,0.018000000000000002,-0.030000000000000002,9004.0,60852.0,0.0128,0.0046,0.0103,0.0,0.005,0.0,0.294,10.059000000000001
555920642,3,0,-0.06,0.044,-0.013000000000000001,-0.017,0.0,-0.038700000000000005,-0.0207,13.66,-0.0694,61984.0,0.019700000000000002,-0.030000000000000002,11396.0,61100.0,0.0128,0.0046,0.0103,0.0,0.005,0.0,0.294,10.059000000000001
555924642,3,0,-0.066,0.027,-0.005,-0.017,0.0,-0.0397,-0.0216,13.66,-0.0695,62112.0,0.018000000000000002,-0.030000000000000002,15396.0,60976.0,0.0128,0.0046,0.0103,0.0,0.005,0.0,0.294,10.059000000000001
555928679,3,0,-0.044,0.0,-0.003,-0.016,0.0,-0.039900000000000005,-0.023200000000000002,13.66,-0.0699,62240.0,0.0164,-0.030000000000000002,0.0,60728.0,0.0118,0.0047,0.0102,0.0,0.005,0.0,0.294,10.059000000000001
555933266,3,0,-0.054,0.065,0.006,-0.016,0.0,-0.040600000000000004,-0.024300000000000002,13.66,-0.0703,62112.0,0.018000000000000002,-0.030000000000000002,4587.0,60976.0,0.0115,0.0047,0.0102,0.0,0.006,0.0,0.294,10.041
555937268,3,0,-0.048,0.017,0.011,-0.015,0.0,-0.042100000000000005,-0.0239,13.66,-0.0704,62112.0,0.019700000000000002,-0.030000000000000002,8589.0,60728.0,0.0129,0.0047,0.0102,0.0,0.005,0.0,0.294,10.041
555942266,3,0,-0.015,-0.009000000000000001,0.013000000000000001,-0.015,0.0,-0.040100000000000004,-0.0258,13.66,-0.07060000000000001,61728.0,0.0164,-0.030000000000000002,13587.0,60728.0,0.010100000000000001,0.0047,0.0102,0.0,0.004,0.0,0.294,10.041
555944683,3,0,-0.012,-0.01,0.014,-0.015,0.0,-0.040400000000000005,-0.0264,13.66,-0.07060000000000001,61984.0,0.0148,-0.030000000000000002,16004.0,60976.0,0.0099,0.0047,0.0102,0.0,0.005,0.0,0.294,10.041
555949275,3,0,-0.013000000000000001,-0.013000000000000001,0.012,-0.015,0.0,-0.041,-0.0251,13.66,-0.07060000000000001,62112.0,0.0164,-0.030000000000000002,0.0,60976.0,0.0112,0.0048000000000000004,0.010100000000000001,0.0,0.007,0.0,0.294,10.041
555953761,3,0,-0.025,0.065,0.004,-0.015,0.0,-0.0419,-0.0262,13.66,-0.0707,62240.0,0.0164,-0.030000000000000002,4486.0,60976.0,0.0111,0.0048000000000000004,0.010100000000000001,0.0,0.011,0.0,0.294,10.059000000000001
555958242,3,0,-0.028,0.033,-0.004,-0.015,0.0,-0.0427,-0.025,13.66,-0.0707,61856.0,0.018000000000000002,-0.030000000000000002,8967.0,60728.0,0.0125,0.0049,0.010100000000000001,0.0,0.01,0.0,0.294,10.059000000000001
555962283,3,0,0.007,0.004,0.006,-0.014,0.0,-0.0427,-0.0274,13.66,-0.0709,61984.0,0.0164,-0.030000000000000002,13008.0,60728.0,0.0108,0.0049,0.010100000000000001,0.0,0.008,0.0,0.294,10.059000000000001
555966372,3,0,-0.016,0.066,-0.012,-0.014,0.0,-0.0429,-0.0292,13.66,-0.0711,62368.0,0.0131,-0.030000000000000002,17097.0,60976.0,0.0097,0.005,0.01,0.0,0.01,0.0,0.294,10.059000000000001
555968642,3,0,0.018000000000000002,0.032,-0.013000000000000001,-0.014,0.0,-0.0432,-0.030000000000000002,13.66,-0.0712,61984.0,0.0131,-0.030000000000000002,0.0,60728.0,0.009300000000000001,0.005,0.01,0.0,0.008,0.0,0.294,10.059000000000001
555972642,3,0,-0.026000000000000002,0.055,-0.008,-0.013000000000000001,0.0,-0.0439,-0.028300000000000002,13.66,-0.0713,62112.0,0.0164,-0.030000000000000002,4000.0,60608.0,0.011000000000000001,0.005,0.01,0.0,0.009000000000000001,0.0,0.294,10.059000000000001
555976686,3,0,0.023,0.028,-0.008,-0.013000000000000001,0.0,-0.043500000000000004,-0.0287,13.66,-0.0714,62112.0,0.0164,-0.030000000000000002,8044.0,60976.0,0.010400000000000001,0.005,0.01,0.0,0.008,0.0,0.294,10.034
555981345,3,0,-0.019,0.056,-0.016,-0.013000000000000001,0.0,-0.0436,-0.0251,13.66,-0.0716,62112.0,0.019700000000000002,-0.030000000000000002,12703.0,61100.0,0.0131,0.0051,0.01,0.0,0.008,0.0,0.294,10.034
555985643,3,0,-0.068,0.031,-0.005,-0.013000000000000001,0.0,-0.0432,-0.0213,13.66,-0.0717,61984.0,0.0213,-0.030000000000000002,17001.0,60728.0,0.0155,0.0051,0.01,0.0,0.009000000000000001,0.0,0.294,10.034
555989817,3,0,-0.069,0.009000000000000001,-0.001,-0.012,0.0,-0.042,-0.0171,13.66,-0.0721,62112.0,0.0262,-0.030000000000000002,0.0,60976.0,0.0176,0.005200000000000001,0.01,0.0,0.01,0.0,0.294,10.034
555994317,3,0,-0.073,0.054,-0.007,-0.011,0.0,-0.042100000000000005,-0.0207,13.66,-0.0727,62112.0,0.023,-0.030000000000000002,4500.0,60976.0,0.0152,0.005200000000000001,0.01,0.0,0.01,0.0,0.294,9.988
555998679,3,0,-0.114,-0.001,-0.004,-0.01,0.0,-0.041600000000000005,-0.0175,13.66,-0.07300000000000001,61728.0,0.0246,-0.030000000000000002,8862.0,60852.0,0.017,0.0053,0.0099,0.0,0.01,0.0,0.294,9.988
556001355,3,0,-0.084,0.047,-0.007,-0.009000000000000001,0.0,-0.0419,-0.016300000000000002,13.66,-0.0734,61984.0,0.0279,-0.030000000000000002,11538.0,60728.0,0.0181,0.0053,0.0099,0.0,0.009000000000000001,0.0,0.294,9.988
556005642,3,0,-0.11900000000000001,0.01,0.005,-0.008,0.0,-0.042800000000000005,-0.0164,13.66,-0.0737,61984.0,0.0279,-0.030000000000000002,15825.0,60852.0,0.0187,0.0053,0.0099,0.0,0.009000000000000001,0.0,0.294,9.988
556009815,3,0,-0.054,0.008,0.001,-0.007,0.0,-0.040600000000000004,-0.0152,13.66,-0.0742,61856.0,0.0262,-0.030000000000000002,0.0,60728.0,0.018000000000000002,0.0054,0.0099,0.0,0.009000000000000001,0.0,0.294,9.988
556014322,3,0,-0.079,0.052000000000000005,-0.005,-0.007,0.0,-0.0419,-0.0171,13.66,-0.07440000000000001,61856.0,0.0262,-0.030000000000000002,4507.0,60608.0,0.0175,0.0054,0.0099,0.0,0.011,0.0,0.294,10.048
556018642,3,0,-0.049,-0.018000000000000002,0.0,-0.007,0.0,-0.039900000000000005,-0.0159,13.66,-0.0745,62240.0,0.0246,-0.030000000000000002,8827.0,60852.0,0.017,0.0055000000000000005,0.0098,0.0,0.011,0.0,0.294,10.048
556020642,3,0,-0.01,0.044,-0.007,-0.007,0.0,-0.040600000000000004,-0.0236,13.66,-0.07440000000000001,62240.0,0.018000000000000002,-0.030000000000000002,10827.0,60608.0,0.012,0.0055000000000000005,0.0098,0.0,0.012,0.0,0.294,10.048
556025329,3,0,-0.006,0.001,0.0,-0.007,0.0,-0.0429,-0.0238,13.66,-0.07440000000000001,62112.0,0.019700000000000002,-0.030000000000000002,15514.0,60976.0,0.0135,0.0055000000000000005,0.0098,0.0,0.012,0.0,0.294,10.048
556029678,3,0,0.036000000000000004,0.043000000000000003,0.003,-0.007,0.0,-0.0415,-0.015600000000000001,13.66,-0.0745,62112.0,0.0262,-0.030000000000000002,0.0,60608.0,0.0183,0.0056,0.0097,0.0,0.014,0.0,0.294,10.048
556033679,3,0,0.002,0.03,-0.002,-0.007,0.0,-0.0412,-0.0217,13.66,-0.0745,61984.0,0.019700000000000002,-0.030000000000000002,4001.0,60608.0,0.013800000000000002,0.0056,0.0097,0.0,0.015,0.0,0.294,10.048
556038338,3,0,0.14,0.012,0.008,-0.007,0.0,-0.0415,-0.043000000000000003,13.66,-0.0742,62112.0,-0.0017000000000000001,-0.030000000000000002,8660.0,60852.0,-0.0011,0.0057,0.0097,0.0,0.01,0.0,0.294,10.024000000000001
556040682,3,0,0.09,0.027,0.006,-0.008,0.0,-0.0424,-0.0391,13.66,-0.0741,61856.0,0.0032,-0.030000000000000002,11004.0,60608.0,0.0023,0.0057,0.0097,0.0,0.011,0.0,0.294,10.024000000000001
556045642,3,0,0.049,0.021,0.0,-0.008,0.0,-0.0427,-0.0212,13.66,-0.0741,62240.0,0.0213,-0.030000000000000002,15964.0,60852.0,0.0152,0.0057,0.0097,0.0,0.01,0.0,0.294,10.024000000000001
556049642,3,0,0.121,0.047,-0.012,-0.008,0.0,-0.0415,-0.040600000000000004,13.66,-0.0741,62112.0,0.0,-0.030000000000000002,0.0,61100.0,0.0006000000000000001,0.0058000000000000005,0.009600000000000001,0.0,0.008,0.0,0.294,10.024000000000001
556054643,3,0,0.015,0.048,-0.012,-0.008,0.0,-0.0424,-0.0315,13.66,-0.0741,62240.0,0.0115,-0.030000000000000002,5001.0,60608.0,0.0077,0.0058000000000000005,0.009600000000000001,0.0,0.008,0.0,0.294,10.024000000000001
556057352,3,0,-0.068,0.025,-0.02,-0.007,0.0,-0.042,-0.013600000000000001,13.66,-0.07440000000000001,62112.0,0.029500000000000002,-0.030000000000000002,7710.0,61100.0,0.0201,0.0059,0.009600000000000001,0.0,0.01,0.0,0.294,10.0
556061373,3,0,-0.011,0.034,-0.03,-0.006,0.0,-0.0407,-0.0286,13.66,-0.0747,61856.0,0.0131,-0.030000000000000002,11731.0,60976.0,0.0086,0.0059,0.009600000000000001,0.0,0.007,0.0,0.294,10.0
556065680,3,0,-0.044,-0.002,-0.028,-0.006,0.0,-0.041,-0.040600000000000004,13.66,-0.0748,62240.0,0.0,-0.030000000000000002,16038.0,60728.0,0.00030000000000000003,0.0059,0.009600000000000001,0.0,0.005,0.0,0.294,10.0
556070641,3,0,-0.049,0.02,-0.037,-0.005,0.0,-0.04,-0.0207,13.66,-0.0752,62240.0,0.019700000000000002,-0.030000000000000002,0.0,60976.0,0.013600000000000001,0.006,0.009600000000000001,0.0,0.006,0.0,0.294,10.0
556072685,3,0,-0.059000000000000004,0.005,-0.034,-0.005,0.0,-0.040400000000000005,-0.024300000000000002,13.66,-0.0753,62112.0,0.018000000000000002,-0.030000000000000002,2044.0,60728.0,0.0114,0.006,0.009600000000000001,0.0,0.006,0.0,0.294,10.0
556077372,3,0,-0.06,-0.002,-0.029,-0.004,0.0,-0.0378,-0.0196,13.66,-0.07590000000000001,61856.0,0.019700000000000002,-0.030000000000000002,6731.0,60976.0,0.0129,0.0061,0.009600000000000001,0.0,0.007,0.0,0.294,9.989
556081414,3,0,-0.07100000000000001,-0.018000000000000002,-0.014,-0.004,0.0,-0.037000000000000005,-0.035300000000000005,13.66,-0.07590000000000001,61984.0,0.0033,-0.030000000000000002,10773.0,60852.0,0.0012000000000000001,0.0061,0.009600000000000001,0.0,0.008,0.0,0.294,9.989
556085677,3,0,-0.06,-0.016,-0.006,-0.004,0.0,-0.0378,-0.017400000000000002,13.66,-0.076,62112.0,0.0213,-0.030000000000000002,15036.0,60728.0,0.0145,0.0061,0.009600000000000001,0.0,0.009000000000000001,0.0,0.294,9.989
556090455,3,0,0.049,0.013000000000000001,0.006,-0.004,0.0,-0.0402,-0.0325,13.66,-0.07590000000000001,61856.0,0.0082,-0.030000000000000002,0.0,60728.0,0.0054,0.006200000000000001,0.0095,0.0,0.011,0.0,0.294,9.989
556092641,3,0,0.028,-0.004,0.015,-0.004,0.0,-0.038700000000000005,-0.0315,13.66,-0.0758,62112.0,0.0082,-0.030000000000000002,2186.0,60728.0,0.0051,0.006200000000000001,0.0095,0.0,0.013000000000000001,0.0,0.294,9.989
556096641,3,0,0.056,0.01,0.021,-0.004,0.0,-0.038,-0.0252,13.66,-0.0757,61728.0,0.0131,-0.030000000000000002,6186.0,60728.0,0.009000000000000001,0.0063,0.0094,0.0,0.016,0.0,0.294,9.989
556100641,3,0,-0.08,-0.015,0.028,-0.004,0.0,-0.036500000000000005,-0.010700000000000001,13.65,-0.0757,61856.0,0.0262,-0.030000000000000002,10186.0,61100.0,0.0182,0.0063,0.0094,0.0,0.019,0.0,0.294,10.048
556104685,3,0,0.069,-0.003,0.021,-0.004,0.0,-0.0347,-0.0218,13.65,-0.0757,61856.0,0.0131,-0.030000000000000002,14230.0,60852.0,0.0091,0.0063,0.0094,0.0,0.017,0.0,0.294,10.048
556109386,3,0,0.039,-0.017,0.019,-0.005,0.0,-0.0356,-0.0351,13.65,-0.0753,61984.0,0.0016,-0.030000000000000002,0.0,60608.0,0.00030000000000000003,0.006500000000000001,0.0092,0.0,0.015,0.0,0.294,10.048
556113642,3,0,0.01,-0.012,0.0,-0.005,0.0,-0.0347,-0.020900000000000002,13.65,-0.0753,62368.0,0.0148,-0.030000000000000002,4256.0,60976.0,0.0098,0.006500000000000001,0.0092,0.0,0.016,0.0,0.294,10.048
556118640,3,0,0.121,0.007,0.002,-0.006,0.0,-0.0374,-0.040100000000000004,13.65,-0.075,62112.0,-0.0033,-0.030000000000000002,9254.0,61100.0,-0.0019,0.0066,0.0092,0.0,0.01,0.0,0.294,9.993
556120640,3,0,0.09,-0.024,0.0,-0.006,0.0,-0.034800000000000005,-0.044000000000000004,13.65,-0.07490000000000001,61856.0,-0.0099,-0.030000000000000002,11254.0,60976.0,-0.006500000000000001,0.0066,0.0092,0.0,0.01,0.0,0.294,9.993
556124640,3,0,0.044,0.006,-0.026000000000000002,-0.006,0.0,-0.0359,-0.0318,13.65,-0.0748,61856.0,0.0049,-0.030000000000000002,15254.0,60852.0,0.0029000000000000002,0.0066,0.0092,0.0,0.012,0.0,0.294,9.993
556129400,3,0,0.043000000000000003,-0.043000000000000003,-0.022,-0.006,0.0,-0.0346,-0.031200000000000002,13.65,-0.0748,62112.0,0.0033,-0.030000000000000002,0.0,60728.0,0.0024000000000000002,0.0067,0.0091,0.0,0.01,0.0,0.294,9.993
556133641,3,0,0.023,0.001,-0.016,-0.007,0.0,-0.0362,-0.0427,13.65,-0.0746,61728.0,-0.0066,-0.030000000000000002,4241.0,61100.0,-0.0046,0.0067,0.0091,0.0,0.011,0.0,0.294,9.993
556137838,3,0,0.042,-0.024,-0.034,-0.007,0.0,-0.035300000000000005,-0.034,13.65,-0.07440000000000001,61984.0,0.0,-0.030000000000000002,8438.0,60608.0,0.0009000000000000001,0.0068000000000000005,0.0091,0.0,0.009000000000000001,0.0,0.294,9.993
556142641,3,0,-0.054,-0.053,-0.006,-0.007,0.0,-0.0335,-0.028800000000000003,13.65,-0.0743,61984.0,0.0049,-0.030000000000000002,13241.0,61100.0,0.0034000000000000002,0.0068000000000000005,0.0091,0.0,0.01,0.0,0.294,10.052
556145413,3,0,0.012,-0.016,-0.004,-0.007,0.0,-0.0322,-0.0303,13.65,-0.0743,61856.0,0.0033,-0.030000000000000002,16013.0,60728.0,0.0014,0.0068000000000000005,0.0091,0.0,0.01,0.0,0.294,10.052
556149416,3,0,-0.013000000000000001,-0.063,0.005,-0.007,0.0,-0.032,-0.0371,13.65,-0.0743,61984.0,-0.0066,-0.030000000000000002,0.0,60976.0,-0.0036000000000000003,0.006900000000000001,0.0091,0.0,0.008,0.0,0.294,10.052
556153640,3,0,-0.002,-0.012,0.006,-0.007,0.0,-0.0329,-0.0323,13.65,-0.0743,61856.0,0.0,-0.030000000000000002,4224.0,60852.0,0.0004,0.006900000000000001,0.0091,0.0,0.008,0.0,0.294,10.052
556157641,3,0,0.041,-0.054,0.029,-0.007,0.0,-0.031400000000000004,-0.036500000000000005,13.65,-0.0742,61856.0,-0.0049,-0.030000000000000002,8225.0,60976.0,-0.0036000000000000003,0.006900000000000001,0.009000000000000001,0.0,0.003,0.0,0.294,10.052
556161641,3,0,0.019,-0.034,0.027,-0.008,0.0,-0.031400000000000004,-0.0342,13.65,-0.0741,62112.0,-0.0033,-0.030000000000000002,12225.0,60728.0,-0.0019,0.006900000000000001,0.009000000000000001,0.0,0.005,0.0,0.294,10.079
556165677,3,0,0.023,-0.027,0.029,-0.008,0.0,-0.0302,-0.0281,13.65,-0.0738,61984.0,0.0016,-0.030000000000000002,16261.0,61100.0,0.0015,0.006900000000000001,0.009000000000000001,0.0,0.006,0.0,0.294,10.079
556168699,3,0,-0.013000000000000001,-0.024,0.025,-0.008,0.0,-0.0291,-0.0252,13.65,-0.0737,61984.0,0.0049,-0.030000000000000002,0.0,60728.0,0.0027,0.007,0.0089,0.0,0.008,0.0,0.294,10.079
556173639,3,0,-0.012,-0.013000000000000001,0.013000000000000001,-0.009000000000000001,0.0,-0.0291,-0.0258,13.65,-0.0734,61600.0,0.0049,-0.030000000000000002,4940.0,61100.0,0.0023,0.007,0.0089,0.0,0.01,0.0,0.294,10.079
556177641,3,0,0.015,-0.067,0.006,-0.009000000000000001,0.0,-0.027700000000000002,-0.031,13.65,-0.0732,61856.0,-0.0033,-0.030000000000000002,8942.0,61100.0,-0.0023,0.0071,0.0088,0.0,0.006,0.0,0.294,10.079
556182641,3,0,0.014,-0.061,0.001,-0.01,0.0,-0.027200000000000002,-0.034300000000000004,13.65,-0.0731,61728.0,-0.0082,-0.030000000000000002,13942.0,60976.0,-0.005,0.0071,0.0088,0.0,0.007,0.0,0.294,10.044
556184641,3,0,0.039,-0.064,-0.009000000000000001,-0.01,0.0,-0.0273,-0.0352,13.65,-0.07300000000000001,62112.0,-0.0082,-0.030000000000000002,15942.0,61100.0,-0.0055000000000000005,0.0071,0.0088,0.0,0.006,0.0,0.294,10.044
556189814,3,0,0.028,-0.066,-0.025,-0.01,0.0,-0.027100000000000003,-0.035500000000000004,13.65,-0.0728,61728.0,-0.0099,-0.030000000000000002,0.0,61100.0,-0.006,0.0071,0.008700000000000001,0.0,0.005,0.0,0.294,10.044
556194449,3,0,0.028,-0.013000000000000001,-0.032,-0.006,0.0,-0.0284,-0.0367,13.65,-0.0726,61856.0,-0.0082,-0.027600000000000003,4635.0,61100.0,-0.0059,0.0071,0.008700000000000001,0.0,0.006,0.0,0.271,10.044
556196521,3,0,0.033,-0.07200000000000001,-0.027,-0.004,0.0,-0.0274,-0.0351,13.65,-0.0724,61600.0,-0.0082,-0.0264,6707.0,60976.0,-0.0054,0.007200000000000001,0.0086,0.0,0.004,0.0,0.259,10.044
556200685,3,0,0.044,-0.017,-0.036000000000000004,0.001,0.0,-0.0274,-0.0349,13.65,-0.0722,61984.0,-0.0082,-0.024,10871.0,61348.0,-0.0054,0.007200000000000001,0.0086,0.0,0.004,0.0,0.23500000000000001,10.044
556205458,3,0,0.054,-0.041,-0.011,0.006,0.0,-0.0284,-0.0373,13.65,-0.0717,61856.0,-0.0099,-0.021,15644.0,60976.0,-0.0063,0.007200000000000001,0.0086,0.0,0.005,0.0,0.20600000000000002,10.065
556209460,3,0,0.029,-0.042,-0.005,0.011,0.0,-0.029,-0.0345,13.65,-0.0716,61728.0,-0.0066,-0.018600000000000002,0.0,60976.0,-0.0039000000000000003,0.007200000000000001,0.0085,0.0,0.005,0.0,0.182,10.065
556213640,3,0,0.02,0.004,-0.008,0.015,0.0,-0.0291,-0.0337,13.65,-0.0713,62112.0,-0.0033,-0.0162,4180.0,60976.0,-0.0032,0.007200000000000001,0.0085,0.0,0.007,0.0,0.159,10.065
556218465,3,0,0.062,-0.046,0.018000000000000002,0.021,0.0,-0.0304,-0.0386,13.65,-0.0712,61984.0,-0.0099,-0.0132,9005.0,61100.0,-0.0058000000000000005,0.0073,0.0085,0.0,0.003,0.0,0.129,10.065
556222475,3,0,0.025,-0.002,0.025,0.027,0.0,-0.032,-0.0369,13.65,-0.0713,61728.0,-0.0049,-0.0108,13015.0,60728.0,-0.0034000000000000002,0.0073,0.0085,0.0,0.003,0.0,0.106,10.065
556224640,3,0,0.07200000000000001,-0.057,0.033,0.029,0.0,-0.0315,-0.0379,13.65,-0.0712,61856.0,-0.0066,-0.009600000000000001,15180.0,60852.0,-0.0046,0.0073,0.0085,0.0,0.001,0.0,0.094,10.098
556229474,3,0,0.027,-0.009000000000000001,0.03,0.035,0.0,-0.031900000000000005,-0.0369,13.65,-0.0712,61600.0,-0.0066,-0.0066,0.0,61100.0,-0.0035,0.0073,0.008400000000000001,0.0,0.001,0.0,0.065,10.098
556233604,3,0,0.046,-0.002,0.029,0.039,0.0,-0.031400000000000004,-0.033,13.65,-0.0708,61728.0,-0.0017000000000000001,-0.004200000000000001,4130.0,60852.0,-0.0011,0.0073,0.008400000000000001,0.0,0.001,0.0,0.041,10.098
556238479,3,0,0.017,-0.059000000000000004,0.015,0.045,0.0,-0.0323,-0.027700000000000002,13.65,-0.07060000000000001,61984.0,0.0049,-0.0012000000000000001,9005.0,61100.0,0.0032,0.0073,0.008400000000000001,0.0,0.001,0.0,0.012,10.098
556240545,3,0,0.015,0.002,0.004,0.047,0.0,-0.0329,-0.0284,13.65,-0.07050000000000001,61728.0,0.0049,0.0,11071.0,61224.0,0.0032,0.0073,0.008400000000000001,0.0,0.002,0.0,0.0,10.098
556244639,3,0,-0.002,-0.056,0.005,0.052000000000000005,0.0,-0.034300000000000004,-0.0296,13.65,-0.0704,61984.0,0.0049,0.0024000000000000002,15165.0,60976.0,0.0033,0.0073,0.008400000000000001,0.0,0.002,0.0,-0.024,10.038
556249487,3,0,0.026000000000000002,-0.003,-0.016,0.058,0.0,-0.0349,-0.033800000000000004,13.65,-0.0703,61856.0,0.0,0.0054,0.0,60976.0,0.0008,0.0073,0.0083,0.0,0.001,0.0,-0.053,10.038
556253639,3,0,0.021,-0.023,-0.022,0.063,0.0,-0.0346,-0.031,13.65,-0.0702,61600.0,0.0033,0.0078000000000000005,4152.0,60728.0,0.0026000000000000003,0.0073,0.0083,0.0,0.001,0.0,-0.077,10.038
556257640,3,0,0.027,-0.054,-0.019,0.068,0.0,-0.0345,-0.028800000000000003,13.65,-0.07010000000000001,61856.0,0.006500000000000001,0.0102,8153.0,61100.0,0.004,0.0073,0.0083,0.0,0.0,0.0,-0.1,10.038
556261641,3,0,0.02,0.016,-0.037,0.07200000000000001,0.0,-0.0364,-0.0274,13.65,-0.0699,61728.0,0.0098,0.0126,12154.0,61224.0,0.0064,0.0073,0.0083,0.0,0.001,0.0,-0.124,10.038
556264683,3,0,0.028,-0.021,-0.038,0.076,0.0,-0.0368,-0.0263,13.65,-0.0699,62112.0,0.0098,0.014400000000000001,15196.0,60728.0,0.0074,0.0073,0.0083,0.0,0.0,0.0,-0.14100000000000001,10.056000000000001
556269520,3,0,0.024,0.017,-0.026000000000000002,0.082,0.0,-0.0386,-0.0256,13.65,-0.0697,61984.0,0.014700000000000001,0.017400000000000002,0.0,61100.0,0.0092,0.0073,0.0082,0.0,0.0,0.0,-0.171,10.056000000000001
556273639,3,0,0.017,-0.029,-0.006,0.08600000000000001,0.0,-0.0385,-0.0253,13.65,-0.0694,61728.0,0.014700000000000001,0.0198,4119.0,60976.0,0.009300000000000001,0.0073,0.0082,0.0,0.0,0.0,-0.194,10.056000000000001
556277639,3,0,0.025,-0.021,-0.003,0.091,0.0,-0.0395,-0.023700000000000002,13.65,-0.0693,61856.0,0.0164,0.0222,8119.0,60852.0,0.0111,0.0073,0.0081,0.0,0.0,0.0,-0.218,10.056000000000001
556282511,3,0,-0.003,0.03,-0.003,0.097,0.0,-0.0408,-0.0213,13.65,-0.0692,62112.0,0.019700000000000002,0.0252,12991.0,61100.0,0.013800000000000002,0.0073,0.0081,0.0,0.003,0.0,-0.247,10.056000000000001
556284514,3,0,0.01,-0.028,0.012,0.1,0.0,-0.0409,-0.0207,13.65,-0.0692,61856.0,0.0213,0.0264,14994.0,60852.0,0.0143,0.0073,0.0081,0.0,0.001,0.0,-0.259,10.05
556288639,3,0,0.007,0.036000000000000004,0.01,0.10400000000000001,0.0,-0.0439,-0.0234,13.65,-0.06910000000000001,61856.0,0.0213,0.028800000000000003,0.0,61100.0,0.0145,0.0073,0.0081,0.0,0.002,0.0,-0.28300000000000003,10.05
556293520,3,0,0.041,-0.022,0.019,0.107,0.0,-0.0451,-0.0267,13.65,-0.069,61728.0,0.019700000000000002,0.030000000000000002,4881.0,60852.0,0.013000000000000001,0.0073,0.0081,0.0,0.0,0.0,-0.294,10.05
556297711,3,0,0.039,0.009000000000000001,0.022,0.107,0.0,-0.046200000000000005,-0.025,13.65,-0.06910000000000001,61728.0,0.0213,0.030000000000000002,9072.0,60976.0,0.015000000000000001,0.0073,0.0081,0.0,-0.001,0.0,-0.294,10.05
556300525,3,0,0.044,-0.017,0.023,0.106,0.0,-0.0461,-0.024200000000000003,13.65,-0.0689,61728.0,0.0229,0.030000000000000002,11886.0,61100.0,0.0155,0.0073,0.0081,0.0,-0.001,0.0,-0.294,10.05
556304529,3,0,0.04,0.006,0.012,0.106,0.0,-0.0483,-0.0228,13.65,-0.0689,61728.0,0.0279,0.030000000000000002,15890.0,60728.0,0.018000000000000002,0.0073,0.0081,0.0,-0.001,0.0,-0.294,10.047
556308638,3,0,0.015,0.032,0.0,0.106,0.0,-0.049,-0.019100000000000002,13.65,-0.0687,61856.0,0.031100000000000003,0.030000000000000002,0.0,61100.0,0.0212,0.0073,0.008,0.0,-0.001,0.0,-0.294,10.047
556313538,3,0,0.033,-0.025,0.003,0.106,0.0,-0.051500000000000004,-0.0196,13.65,-0.0685,61856.0,0.0344,0.030000000000000002,4900.0,60852.0,0.022600000000000002,0.0073,0.008,0.0,-0.001,0.0,-0.294,10.047
556317638,3,0,0.032,0.043000000000000003,-0.015,0.106,0.0,-0.0531,-0.021400000000000002,13.65,-0.06860000000000001,61600.0,0.0328,0.030000000000000002,9000.0,61224.0,0.0224,0.0073,0.008,0.0,0.001,0.0,-0.294,10.047
556322541,3,0,0.015,0.037,-0.017,0.106,0.0,-0.0512,-0.0205,13.65,-0.0685,61984.0,0.0328,0.030000000000000002,13903.0,60728.0,0.0217,0.0073,0.008,0.0,0.001,0.0,-0.294,10.047
556324545,3,0,0.028,0.016,-0.021,0.106,0.0,-0.0505,-0.0194,13.65,-0.06860000000000001,61856.0,0.0328,0.030000000000000002,15907.0,60852.0,0.022000000000000002,0.0073,0.008,0.0,0.0,0.0,-0.294,10.094
556328682,3,0,0.003,-0.024,-0.015,0.105,0.0,-0.0521,-0.0164,13.65,-0.0685,61728.0,0.037700000000000004,0.030000000000000002,0.0,61100.0,0.0253,0.0073,0.008,0.0,-0.001,0.0,-0.294,10.094
556333638,3,0,0.027,-0.043000000000000003,-0.011,0.105,0.0,-0.0517,-0.0183,13.65,-0.0685,61984.0,0.0344,0.030000000000000002,4956.0,60976.0,0.0236,0.0073,0.008,0.0,-0.002,0.0,-0.294,10.094
556338552,3,0,0.015,-0.011,-0.019,0.105,0.0,-0.0523,-0.0158,13.65,-0.0684,61600.0,0.037700000000000004,0.030000000000000002,9870.0,60852.0,0.0258,0.0073,0.008,0.0,0.0,0.0,-0.294,10.094
556340579,3,0,0.0,-0.048,-0.007,0.105,0.0,-0.051800000000000006,-0.0137,13.65,-0.0683,61728.0,0.0393,0.030000000000000002,11897.0,61224.0,0.0269,0.0073,0.008,0.0,0.0,0.0,-0.294,10.094
556344638,3,0,-0.013000000000000001,-0.006,-0.009000000000000001,0.105,0.0,-0.050300000000000004,-0.012100000000000001,13.65,-0.0683,61984.0,0.0393,0.030000000000000002,15956.0,60728.0,0.027,0.0073,0.008,0.0,0.002,0.0,-0.294,10.029
556349560,3,0,-0.051000000000000004,-0.002,0.0,0.105,0.0,-0.0517,-0.0098,13.65,-0.06810000000000001,61856.0,0.0443,0.030000000000000002,0.0,61100.0,0.0296,0.0073,0.0079,0.0,0.002,0.0,-0.294,10.029
556353639,3,0,-0.025,-0.056,0.017,0.105,0.0,-0.051300000000000005,-0.0079,13.65,-0.06810000000000001,61728.0,0.0459,0.030000000000000002,4079.0,60976.0,0.0307,0.0073,0.0079,0.0,0.001,0.0,-0.294,10.029
556356641,3,0,-0.052000000000000005,0.0,0.013000000000000001,0.105,0.0,-0.051300000000000005,-0.009000000000000001,13.65,-0.0682,61984.0,0.0443,0.030000000000000002,7081.0,60976.0,0.029900000000000003,0.0073,0.0079,0.0,0.004,0.0,-0.294,10.029
556361732,3,0,-0.011,-0.048,0.019,0.105,0.0,-0.0502,-0.0122,13.65,-0.0682,61984.0,0.0393,0.030000000000000002,12172.0,61100.0,0.0269,0.0073,0.0079,0.0,0.002,0.0,-0.294,10.029
556364573,3,0,-0.003,-0.004,0.016,0.105,0.0,-0.0506,-0.0123,13.65,-0.0682,61856.0,0.0393,0.030000000000000002,15013.0,61100.0,0.027100000000000003,0.0073,0.0079,0.0,0.002,0.0,-0.294,10.036
556369575,3,0,-0.015,-0.006,0.02,0.105,0.0,-0.051300000000000005,-0.0092,13.65,-0.068,61856.0,0.0443,0.030000000000000002,0.0,60728.0,0.0298,0.0073,0.0079,0.0,0.001,0.0,-0.294,10.036
556373637,3,0,0.015,-0.045,0.018000000000000002,0.10400000000000001,0.0,-0.0526,-0.0081,13.65,-0.0679,61728.0,0.0459,0.030000000000000002,4062.0,60976.0,0.031400000000000004,0.0073,0.0079,0.0,0.0,0.0,-0.294,10.036
556376656,3,0,-0.031,0.006,0.003,0.10400000000000001,0.0,-0.0523,-0.005200000000000001,13.65,-0.0679,61600.0,0.0492,0.030000000000000002,7081.0,60852.0,0.0333,0.0073,0.0078000000000000005,0.0,0.003,0.0,-0.294,10.036
556381636,3,0,-0.011,-0.042,0.006,0.10400000000000001,0.0,-0.0519,-0.008400000000000001,13.65,-0.06770000000000001,61984.0,0.0459,0.030000000000000002,12061.0,60608.0,0.0308,0.0073,0.0078000000000000005,0.0,0.002,0.0,-0.294,10.036
556386691,3,0,0.053,-0.019,-0.007,0.10400000000000001,0.0,-0.0541,-0.011300000000000001,13.65,-0.06760000000000001,61728.0,0.0443,0.030000000000000002,17116.0,60728.0,0.0303,0.0073,0.0078000000000000005,0.0,-0.001,0.0,-0.294,10.072000000000001
556389821,3,0,-0.016,-0.003,-0.017,0.10400000000000001,0.0,-0.0534,-0.0126,13.65,-0.06760000000000001,62112.0,0.0426,0.030000000000000002,0.0,60976.0,0.028900000000000002,0.0073,0.0078000000000000005,0.0,0.001,0.0,-0.294,10.072000000000001
556392686,3,0,0.013000000000000001,0.025,-0.025,0.10400000000000001,0.0,-0.0533,-0.010100000000000001,13.65,-0.06760000000000001,61856.0,0.0459,0.030000000000000002,2865.0,60976.0,0.030500000000000003,0.0073,0.0078000000000000005,0.0,0.0,0.0,-0.294,10.072000000000001
556397644,3,0,0.008,0.024,-0.02,0.10400000000000001,0.0,-0.0536,-0.0128,13.65,-0.06760000000000001,61984.0,0.0426,0.030000000000000002,7823.0,60976.0,0.028800000000000003,0.0073,0.0077,0.0,0.001,0.0,-0.294,10.072000000000001
556400600,3,0,0.054,-0.024,-0.017,0.10400000000000001,0.0,-0.053700000000000005,-0.013600000000000001,13.65,-0.0675,62112.0,0.041,0.030000000000000002,10779.0,61100.0,0.0284,0.0073,0.0077,0.0,-0.002,0.0,-0.294,10.072000000000001
556404603,3,0,0.032,0.029,-0.018000000000000002,0.10300000000000001,0.0,-0.0545,-0.0152,13.65,-0.0675,61856.0,0.041,0.030000000000000002,14782.0,60852.0,0.027800000000000002,0.0073,0.0077,0.0,0.0,0.0,-0.294,10.072000000000001
556409615,3,0,0.016,-0.015,-0.008,0.10300000000000001,0.0,-0.0534,-0.0143,13.65,-0.0673,61984.0,0.041,0.030000000000000002,0.0,61100.0,0.027600000000000003,0.0073,0.0077,0.0,-0.002,0.0,-0.294,10.01
556414613,3,0,0.04,-0.034,-0.003,0.10300000000000001,0.0,-0.0523,-0.011600000000000001,13.65,-0.0671,61984.0,0.0426,0.030000000000000002,4998.0,60728.0,0.0287,0.0073,0.0077,0.0,-0.003,0.0,-0.294,10.01
556416685,3,0,-0.004,-0.011,0.005,0.10200000000000001,0.0,-0.053000000000000005,-0.011300000000000001,13.65,-0.067,61728.0,0.0443,0.030000000000000002,7070.0,60852.0,0.029500000000000002,0.0073,0.0077,0.0,-0.001,0.0,-0.294,10.01
556421664,3,0,0.029,-0.03,0.019,0.10200000000000001,0.0,-0.053200000000000004,-0.0119,13.65,-0.0669,61856.0,0.0426,0.030000000000000002,12049.0,60976.0,0.0292,0.0073,0.0077,0.0,-0.002,0.0,-0.294,10.01
556424684,3,0,-0.003,-0.007,0.017,0.10200000000000001,0.0,-0.0524,-0.0128,13.65,-0.0668,61856.0,0.041,0.030000000000000002,15069.0,60852.0,0.028,0.0073,0.0077,0.0,0.0,0.0,-0.294,10.01
556429707,3,0,-0.011,-0.024,0.023,0.10200000000000001,0.0,-0.052000000000000005,-0.0102,13.64,-0.0669,61984.0,0.0426,0.030000000000000002,0.0,60852.0,0.029500000000000002,0.0073,0.0077,0.0,-0.001,0.0,-0.294,9.995000000000001
556434691,3,0,0.02,-0.035,0.026000000000000002,0.10200000000000001,0.0,-0.049,-0.0118,13.64,-0.067,61984.0,0.037700000000000004,0.030000000000000002,4984.0,60976.0,0.0263,0.0073,0.0077,0.0,-0.004,0.0,-0.294,9.995000000000001
556436710,3,0,-0.026000000000000002,-0.044,0.015,0.10200000000000001,0.0,-0.047400000000000005,-0.0099,13.64,-0.067,61984.0,0.0393,0.030000000000000002,7003.0,60852.0,0.026500000000000003,0.0073,0.0077,0.0,-0.003,0.0,-0.294,9.995000000000001
556441863,3,0,0.015,-0.044,0.008,0.10200000000000001,0.0,-0.0477,-0.011000000000000001,13.64,-0.0669,61984.0,0.037700000000000004,0.030000000000000002,12156.0,60976.0,0.026000000000000002,0.0073,0.0077,0.0,-0.005,0.0,-0.294,9.995000000000001
556444634,3,0,-0.052000000000000005,-0.029,0.001,0.10200000000000001,0.0,-0.0471,-0.0043,13.64,-0.0669,61856.0,0.0443,0.030000000000000002,14927.0,60608.0,0.0303,0.0073,0.0077,0.0,-0.004,0.0,-0.294,9.995000000000001
556449638,3,0,-0.02,-0.046,-0.001,0.10200000000000001,0.0,-0.048600000000000004,-0.01,13.64,-0.0668,61856.0,0.041,0.030000000000000002,0.0,60852.0,0.0273,0.007200000000000001,0.0076,0.0,-0.006,0.0,-0.294,10.018
556454641,3,0,0.035,-0.036000000000000004,-0.02,0.10200000000000001,0.0,-0.0459,-0.006900000000000001,13.64,-0.0668,62112.0,0.041,0.030000000000000002,5003.0,60728.0,0.027600000000000003,0.007200000000000001,0.0076,0.0,-0.006,0.0,-0.294,10.018
556456683,3,0,0.02,-0.052000000000000005,-0.017,0.10200000000000001,0.0,-0.0458,-0.0081,13.64,-0.06670000000000001,62112.0,0.0393,0.030000000000000002,7045.0,60728.0,0.026600000000000002,0.007200000000000001,0.0076,0.0,-0.006,0.0,-0.294,10.018
556461693,3,0,0.029,-0.033,-0.023,0.101,0.0,-0.046900000000000004,-0.007500000000000001,13.64,-0.0665,61984.0,0.041,0.030000000000000002,12055.0,61100.0,0.0279,0.0071,0.0076,0.0,-0.006,0.0,-0.294,10.018
556464663,3,0,-0.021,-0.038,-0.025,0.101,0.0,-0.0461,-0.010100000000000001,13.64,-0.0664,62112.0,0.037700000000000004,0.030000000000000002,15025.0,60976.0,0.025500000000000002,0.0071,0.0076,0.0,-0.004,0.0,-0.294,10.018
556469659,3,0,0.034,-0.051000000000000004,-0.013000000000000001,0.101,0.0,-0.0453,-0.012,13.64,-0.06620000000000001,61856.0,0.0344,0.030000000000000002,0.0,60852.0,0.0235,0.0071,0.007500000000000001,0.0,-0.006,0.0,-0.294,10.09
556474652,3,0,0.082,-0.016,-0.006,0.1,0.0,-0.0459,-0.0183,13.64,-0.0659,61984.0,0.0279,0.030000000000000002,4993.0,60484.0,0.0195,0.0071,0.007500000000000001,0.0,-0.006,0.0,-0.294,10.09
556476725,3,0,0.06,-0.042,-0.002,0.1,0.0,-0.0463,-0.0167,13.64,-0.06570000000000001,61984.0,0.029500000000000002,0.030000000000000002,7066.0,60728.0,0.020900000000000002,0.007,0.007500000000000001,0.0,-0.007,0.0,-0.294,10.09
556481706,3,0,0.105,-0.013000000000000001,0.006,0.099,0.0,-0.0463,-0.0195,13.64,-0.06520000000000001,61856.0,0.0279,0.030000000000000002,12047.0,61224.0,0.0189,0.007,0.007500000000000001,0.0,-0.005,0.0,-0.294,10.09
556484661,3,0,0.044,-0.045,0.016,0.098,0.0,-0.046700000000000005,-0.0155,13.64,-0.0649,61984.0,0.0328,0.030000000000000002,15002.0,60728.0,0.022000000000000002,0.007,0.007500000000000001,0.0,-0.004,0.0,-0.294,10.09
556489945,3,0,0.10200000000000001,-0.03,0.016,0.097,0.0,-0.0454,-0.0239,13.64,-0.06430000000000001,62112.0,0.0229,0.030000000000000002,0.0,60976.0,0.0152,0.007,0.007500000000000001,0.0,-0.006,0.0,-0.294,10.09
556494669,3,0,0.132,-0.018000000000000002,0.015,0.096,0.0,-0.0461,-0.0201,13.64,-0.0639,61856.0,0.0262,0.030000000000000002,4724.0,60728.0,0.0184,0.007,0.007500000000000001,0.0,-0.006,0.0,-0.294,9.999
556496740,3,0,0.107,-0.028,0.024,0.096,0.0,-0.0465,-0.0244,13.64,-0.0637,61984.0,0.0229,0.030000000000000002,6795.0,60728.0,0.015600000000000001,0.006900000000000001,0.007500000000000001,0.0,-0.007,0.0,-0.294,9.999
556501720,3,0,0.125,-0.011,0.01,0.095,0.0,-0.0475,-0.0234,13.64,-0.06330000000000001,62240.0,0.0246,0.030000000000000002,11775.0,60608.0,0.017,0.006900000000000001,0.007500000000000001,0.0,-0.008,0.0,-0.294,9.999
556504677,3,0,0.079,-0.047,0.007,0.094,0.0,-0.046400000000000004,-0.0257,13.64,-0.0631,61728.0,0.0229,0.030000000000000002,14732.0,60728.0,0.014700000000000001,0.006900000000000001,0.007500000000000001,0.0,-0.008,0.0,-0.294,9.999
556509681,3,0,0.111,-0.017,0.004,0.093,0.0,-0.046,-0.0262,13.64,-0.0627,62240.0,0.0196,0.030000000000000002,0.0,60728.0,0.014,0.0068000000000000005,0.007500000000000001,0.0,-0.01,0.0,-0.294,9.999
556514684,3,0,0.107,-0.039,-0.008,0.092,0.0,-0.0441,-0.028,13.64,-0.062200000000000005,61856.0,0.0164,0.030000000000000002,5003.0,60852.0,0.0114,0.0068000000000000005,0.007500000000000001,0.0,-0.011,0.0,-0.294,10.047
556516754,3,0,0.069,-0.032,-0.016,0.092,0.0,-0.0437,-0.0233,13.64,-0.0621,61856.0,0.0213,0.030000000000000002,7073.0,60728.0,0.014400000000000001,0.0067,0.007500000000000001,0.0,-0.011,0.0,-0.294,10.047
556521907,3,0,0.088,-0.037,-0.017,0.091,0.0,-0.044500000000000005,-0.0241,13.64,-0.0616,62112.0,0.0213,0.030000000000000002,12226.0,60728.0,0.014400000000000001,0.0067,0.007500000000000001,0.0,-0.012,0.0,-0.294,10.047
556524691,3,0,0.004,-0.058,-0.009000000000000001,0.091,0.0,-0.0437,-0.018600000000000002,13.64,-0.061500000000000006,61856.0,0.0262,0.030000000000000002,15010.0,60728.0,0.0178,0.0067,0.007500000000000001,0.0,-0.011,0.0,-0.294,10.047
556529695,3,0,0.02,-0.038,-0.031,0.09,0.0,-0.0409,-0.0179,13.64,-0.0611,61984.0,0.0246,0.030000000000000002,0.0,60976.0,0.0162,0.006500000000000001,0.007500000000000001,0.0,-0.013000000000000001,0.0,-0.294,10.047
556534698,3,0,0.048,-0.083,-0.015,0.09,0.0,-0.0397,-0.0167,13.64,-0.0609,62368.0,0.0229,0.030000000000000002,5003.0,60608.0,0.016300000000000002,0.006500000000000001,0.007500000000000001,0.0,-0.015,0.0,-0.294,10.015
556536780,3,0,0.042,-0.045,-0.015,0.09,0.0,-0.0396,-0.022500000000000003,13.64,-0.0608,61984.0,0.018000000000000002,0.030000000000000002,7085.0,60728.0,0.012100000000000001,0.0064,0.0076,0.0,-0.015,0.0,-0.294,10.015
556541846,3,0,0.039,-0.08600000000000001,-0.011,0.089,0.0,-0.0388,-0.017,13.64,-0.060500000000000005,61728.0,0.0229,0.030000000000000002,12151.0,60484.0,0.0154,0.0064,0.0076,0.0,-0.017,0.0,-0.294,10.015
556544705,3,0,0.028,-0.065,-0.002,0.089,0.0,-0.0383,-0.0207,13.64,-0.0604,61984.0,0.018000000000000002,0.030000000000000002,15010.0,60852.0,0.012400000000000001,0.0064,0.0076,0.0,-0.016,0.0,-0.294,10.015
556549709,3,0,0.035,-0.053,0.015,0.088,0.0,-0.0381,-0.0162,13.64,-0.0599,61856.0,0.0229,0.030000000000000002,0.0,60608.0,0.0155,0.006200000000000001,0.0076,0.0,-0.014,0.0,-0.294,10.015
556553905,3,0,0.019,-0.105,0.022,0.08700000000000001,0.0,-0.0378,-0.0152,13.64,-0.059500000000000004,61984.0,0.0229,0.030000000000000002,4196.0,61100.0,0.016,0.006200000000000001,0.0076,0.0,-0.014,0.0,-0.294,10.015
556556786,3,0,0.004,-0.047,0.008,0.08600000000000001,0.0,-0.0374,-0.0126,13.64,-0.0592,61984.0,0.0262,0.030000000000000002,7077.0,60728.0,0.0175,0.006200000000000001,0.0076,0.0,-0.009000000000000001,0.0,-0.294,10.026
556561790,3,0,0.025,-0.096,0.013000000000000001,0.085,0.0,-0.0351,-0.015700000000000002,13.64,-0.0587,61984.0,0.019700000000000002,0.030000000000000002,12081.0,61224.0,0.0137,0.006200000000000001,0.0076,0.0,-0.009000000000000001,0.0,-0.294,10.026
556564718,3,0,0.004,-0.053,0.013000000000000001,0.085,0.0,-0.0356,-0.017400000000000002,13.64,-0.058600000000000006,62240.0,0.019700000000000002,0.030000000000000002,15009.0,60484.0,0.0129,0.006200000000000001,0.0076,0.0,-0.007,0.0,-0.294,10.026
556569725,3,0,0.037,-0.045,-0.003,0.084,0.0,-0.0373,-0.0213,13.64,-0.0582,61984.0,0.0164,0.030000000000000002,0.0,60852.0,0.0114,0.006,0.0076,0.0,-0.01,0.0,-0.294,10.026
556574726,3,0,0.078,-0.10300000000000001,0.001,0.083,0.0,-0.0349,-0.0252,13.64,-0.057800000000000004,61856.0,0.0098,0.030000000000000002,5001.0,60728.0,0.0068000000000000005,0.006,0.0076,0.0,-0.012,0.0,-0.294,10.026
556576801,3,0,0.07,-0.033,-0.007,0.083,0.0,-0.0363,-0.0264,13.64,-0.057600000000000005,62112.0,0.0098,0.030000000000000002,7076.0,60728.0,0.007,0.0059,0.0076,0.0,-0.012,0.0,-0.294,10.018
556581779,3,0,0.122,-0.1,-0.021,0.082,0.0,-0.0354,-0.0296,13.64,-0.056900000000000006,62112.0,0.006500000000000001,0.030000000000000002,12054.0,60728.0,0.0041,0.0059,0.0076,0.0,-0.013000000000000001,0.0,-0.294,10.018
556584681,3,0,0.10300000000000001,-0.024,-0.031,0.081,0.0,-0.0357,-0.0304,13.64,-0.0567,61984.0,0.006500000000000001,0.030000000000000002,14956.0,60976.0,0.0037,0.0059,0.0076,0.0,-0.012,0.0,-0.294,10.018
556589815,3,0,0.11800000000000001,-0.05,-0.015,0.079,0.0,-0.0363,-0.027,13.64,-0.055900000000000005,62112.0,0.0098,0.030000000000000002,0.0,60728.0,0.0066,0.0058000000000000005,0.0077,0.0,-0.013000000000000001,0.0,-0.294,10.018
556594740,3,0,0.07,-0.095,-0.006,0.078,0.0,-0.037200000000000004,-0.0261,13.64,-0.0553,62112.0,0.0115,0.030000000000000002,4925.0,60728.0,0.0079,0.0058000000000000005,0.0077,0.0,-0.012,0.0,-0.294,10.018
556596815,3,0,0.08600000000000001,-0.044,-0.02,0.078,0.0,-0.0361,-0.0251,13.64,-0.0551,61856.0,0.0115,0.030000000000000002,7000.0,60360.0,0.0078000000000000005,0.0057,0.0077,0.0,-0.013000000000000001,0.0,-0.294,10.065
556601792,3,0,0.074,-0.08600000000000001,0.006,0.077,0.0,-0.0367,-0.0304,13.64,-0.0546,61856.0,0.006500000000000001,0.030000000000000002,11977.0,60976.0,0.0044,0.0057,0.0077,0.0,-0.013000000000000001,0.0,-0.294,10.065
556604748,3,0,0.079,-0.003,-0.006,0.076,0.0,-0.038200000000000005,-0.029500000000000002,13.64,-0.0545,61728.0,0.0082,0.030000000000000002,14933.0,60608.0,0.006200000000000001,0.0057,0.0077,0.0,-0.012,0.0,-0.294,10.065
556609752,3,0,0.109,-0.06,0.007,0.075,0.0,-0.034800000000000005,-0.0373,13.64,-0.054,61984.0,-0.0033,0.030000000000000002,0.0,60852.0,-0.0018000000000000002,0.0055000000000000005,0.0078000000000000005,0.0,-0.016,0.0,-0.294,10.065
556614755,3,0,0.112,-0.09,0.02,0.075,0.0,-0.0359,-0.0333,13.64,-0.0536,61856.0,0.0033,0.030000000000000002,5003.0,60728.0,0.0018000000000000002,0.0055000000000000005,0.0078000000000000005,0.0,-0.018000000000000002,0.0,-0.294,10.065
556617908,3,0,0.057,-0.01,0.025,0.074,0.0,-0.0364,-0.028,13.64,-0.0534,62368.0,0.0082,0.030000000000000002,8156.0,60608.0,0.006,0.0054,0.0079,0.0,-0.016,0.0,-0.294,10.002
556620757,3,0,0.04,-0.074,0.02,0.074,0.0,-0.0354,-0.021,13.64,-0.0533,62112.0,0.0164,0.030000000000000002,11005.0,60608.0,0.0102,0.0054,0.0079,0.0,-0.017,0.0,-0.294,10.002
556624763,3,0,0.021,-0.018000000000000002,0.009000000000000001,0.073,0.0,-0.0335,-0.0244,13.64,-0.053000000000000005,61728.0,0.0082,0.030000000000000002,15011.0,60852.0,0.0064,0.0054,0.0079,0.0,-0.016,0.0,-0.294,10.002
556629765,3,0,0.011,-0.08,0.015,0.073,0.0,-0.0342,-0.0196,13.64,-0.0528,62112.0,0.0164,0.030000000000000002,0.0,60728.0,0.0103,0.005200000000000001,0.0079,0.0,-0.014,0.0,-0.294,10.002
556634770,3,0,-0.002,-0.079,0.005,0.073,0.0,-0.0354,-0.023,13.64,-0.0528,61728.0,0.0131,0.030000000000000002,5005.0,60608.0,0.0088,0.005200000000000001,0.0079,0.0,-0.015,0.0,-0.294,10.002
556636836,3,0,-0.001,-0.07100000000000001,-0.004,0.073,0.0,-0.0345,-0.0211,13.64,-0.052700000000000004,61728.0,0.014700000000000001,0.030000000000000002,7071.0,60728.0,0.0095,0.0051,0.0078000000000000005,0.0,-0.014,0.0,-0.294,10.004
556641932,3,0,0.01,-0.094,0.005,0.073,0.0,-0.0325,-0.0224,13.64,-0.0526,61984.0,0.0115,0.030000000000000002,12167.0,60852.0,0.007200000000000001,0.0051,0.0078000000000000005,0.0,-0.015,0.0,-0.294,10.004
556644776,3,0,0.028,-0.026000000000000002,-0.007,0.07200000000000001,0.0,-0.0341,-0.0233,13.64,-0.052500000000000005,61984.0,0.0115,0.030000000000000002,15011.0,60728.0,0.0076,0.0051,0.0078000000000000005,0.0,-0.015,0.0,-0.294,10.004
556649902,3,0,0.032,-0.089,-0.02,0.07200000000000001,0.0,-0.0334,-0.024300000000000002,13.64,-0.0521,61984.0,0.0098,0.030000000000000002,0.0,60852.0,0.0064,0.005,0.0078000000000000005,0.0,-0.014,0.0,-0.294,10.004
556652777,3,0,0.027,-0.005,-0.03,0.07100000000000001,0.0,-0.034800000000000005,-0.0173,13.64,-0.052000000000000005,61856.0,0.018000000000000002,0.030000000000000002,2875.0,60608.0,0.0123,0.005,0.0078000000000000005,0.0,-0.013000000000000001,0.0,-0.294,10.004
556656843,3,0,0.022,-0.081,-0.016,0.07,0.0,-0.0342,-0.0181,13.64,-0.051500000000000004,62112.0,0.0164,0.030000000000000002,6941.0,61100.0,0.0114,0.0048000000000000004,0.0077,0.0,-0.011,0.0,-0.294,10.004
556661876,3,0,0.047,-0.064,-0.016,0.07,0.0,-0.036000000000000004,-0.0181,13.64,-0.0512,61856.0,0.018000000000000002,0.030000000000000002,11974.0,60484.0,0.0126,0.0048000000000000004,0.0077,0.0,-0.011,0.0,-0.294,10.072000000000001
556664790,3,0,0.034,-0.021,-0.015,0.069,0.0,-0.0367,-0.0216,13.64,-0.0509,61984.0,0.014700000000000001,0.030000000000000002,14888.0,61100.0,0.010700000000000001,0.0048000000000000004,0.0077,0.0,-0.009000000000000001,0.0,-0.294,10.072000000000001
556669793,3,0,0.035,-0.068,0.011,0.068,0.0,-0.0376,-0.019700000000000002,13.64,-0.0506,61856.0,0.018000000000000002,0.030000000000000002,0.0,60608.0,0.0126,0.0048000000000000004,0.0076,0.0,-0.01,0.0,-0.294,10.072000000000001
556674810,3,0,0.10300000000000001,-0.027,0.001,0.068,0.0,-0.037700000000000004,-0.0303,13.64,-0.0504,61856.0,0.0082,0.030000000000000002,5017.0,60852.0,0.0053,0.0048000000000000004,0.0076,0.0,-0.011,0.0,-0.294,10.072000000000001
556676879,3,0,0.1,-0.057,0.008,0.068,0.0,-0.038400000000000004,-0.033,13.64,-0.0502,61984.0,0.0049,0.030000000000000002,7086.0,60976.0,0.0038,0.0046,0.007500000000000001,0.0,-0.013000000000000001,0.0,-0.294,10.072000000000001
556681930,3,0,0.126,-0.027,0.03,0.067,0.0,-0.039400000000000004,-0.0323,13.63,-0.049800000000000004,61984.0,0.006500000000000001,0.030000000000000002,12137.0,60360.0,0.005,0.0046,0.007500000000000001,0.0,-0.014,0.0,-0.294,9.951
556684804,3,0,0.067,-0.017,0.025,0.066,0.0,-0.0398,-0.0279,13.63,-0.049600000000000005,62112.0,0.0114,0.030000000000000002,15011.0,60976.0,0.008400000000000001,0.0046,0.007500000000000001,0.0,-0.013000000000000001,0.0,-0.294,9.951
556689814,3,0,0.108,-0.059000000000000004,0.032,0.065,0.0,-0.0392,-0.0304,13.63,-0.049100000000000005,61984.0,0.0098,0.030000000000000002,0.0,60608.0,0.006200000000000001,0.0045000000000000005,0.007500000000000001,0.0,-0.015,0.0,-0.294,9.951
556694766,3,0,0.09,0.006,0.023,0.064,0.0,-0.043000000000000003,-0.0279,13.63,-0.0487,61984.0,0.014700000000000001,0.030000000000000002,4952.0,61224.0,0.010700000000000001,0.0045000000000000005,0.007500000000000001,0.0,-0.013000000000000001,0.0,-0.294,9.951
556696891,3,0,0.077,-0.047,0.026000000000000002,0.064,0.0,-0.0429,-0.028200000000000003,13.63,-0.0485,62112.0,0.014700000000000001,0.030000000000000002,7077.0,60608.0,0.010400000000000001,0.0043,0.007500000000000001,0.0,-0.015,0.0,-0.294,9.951
556701904,3,0,0.088,-0.005,-0.001,0.063,0.0,-0.0419,-0.0309,13.63,-0.0482,61728.0,0.0114,0.030000000000000002,12090.0,60976.0,0.0078000000000000005,0.0043,0.007500000000000001,0.0,-0.014,0.0,-0.294,10.03
556704814,3,0,0.051000000000000004,-0.023,0.003,0.063,0.0,-0.0438,-0.0317,13.63,-0.048,61984.0,0.0131,0.030000000000000002,15000.0,60728.0,0.0085,0.0043,0.007500000000000001,0.0,-0.014,0.0,-0.294,10.03
556709814,3,0,0.01,-0.039,-0.001,0.063,0.0,-0.042800000000000005,-0.02,13.63,-0.0482,61984.0,0.0229,0.030000000000000002,0.0,60976.0,0.0162,0.004200000000000001,0.007500000000000001,0.0,-0.015,0.0,-0.294,10.03
556714106,3,0,0.021,0.016,-0.026000000000000002,0.064,0.0,-0.0417,-0.0263,13.63,-0.0483,61600.0,0.0164,0.030000000000000002,4292.0,60852.0,0.0108,0.004200000000000001,0.007500000000000001,0.0,-0.015,0.0,-0.294,10.03
556716682,3,0,0.04,-0.029,-0.027,0.064,0.0,-0.0413,-0.0286,13.63,-0.0483,61728.0,0.0131,0.030000000000000002,6868.0,61100.0,0.0089,0.004,0.007500000000000001,0.0,-0.018000000000000002,0.0,-0.294,10.03
556720817,3,0,-0.005,0.0,-0.027,0.064,0.0,-0.0402,-0.020800000000000003,13.63,-0.048400000000000006,62112.0,0.0213,0.030000000000000002,11003.0,60976.0,0.0137,0.004,0.007500000000000001,0.0,-0.017,0.0,-0.294,10.067
556724885,3,0,-0.059000000000000004,-0.058,-0.021,0.063,0.0,-0.041600000000000005,-0.0178,13.63,-0.0483,61728.0,0.0246,0.030000000000000002,15071.0,60728.0,0.016800000000000002,0.004,0.007500000000000001,0.0,-0.018000000000000002,0.0,-0.294,10.067
556729682,3,0,-0.015,-0.023,-0.029,0.064,0.0,-0.0412,-0.013000000000000001,13.63,-0.048400000000000006,61984.0,0.029500000000000002,0.030000000000000002,0.0,60608.0,0.0199,0.0039000000000000003,0.0074,0.0,-0.017,0.0,-0.294,10.067
556733875,3,0,-0.059000000000000004,-0.012,-0.006,0.064,0.0,-0.0413,-0.020200000000000003,13.63,-0.0483,61600.0,0.0213,0.030000000000000002,4193.0,60608.0,0.0149,0.0039000000000000003,0.0074,0.0,-0.015,0.0,-0.294,10.067
556738682,3,0,-0.042,-0.059000000000000004,0.012,0.063,0.0,-0.0419,-0.0112,13.63,-0.0482,61984.0,0.0328,0.030000000000000002,9000.0,61224.0,0.0217,0.0037,0.0074,0.0,-0.016,0.0,-0.294,9.976
556740769,3,0,-0.082,-0.022,0.006,0.063,0.0,-0.042100000000000005,-0.0119,13.63,-0.0482,61600.0,0.031100000000000003,0.030000000000000002,11087.0,60608.0,0.021400000000000002,0.0037,0.0074,0.0,-0.014,0.0,-0.294,9.976
556745855,3,0,-0.012,-0.079,0.016,0.063,0.0,-0.037700000000000004,-0.0158,13.63,-0.0482,61856.0,0.0229,0.030000000000000002,16173.0,60852.0,0.0155,0.0037,0.0074,0.0,-0.016,0.0,-0.294,9.976
556749888,3,0,0.03,-0.034,0.018000000000000002,0.063,0.0,-0.0415,-0.022000000000000002,13.63,-0.048,62240.0,0.0196,0.030000000000000002,0.0,60976.0,0.013800000000000002,0.0036000000000000003,0.0073,0.0,-0.017,0.0,-0.294,9.976
556754706,3,0,0.0,-0.014,0.012,0.063,0.0,-0.0425,-0.016800000000000002,13.63,-0.047900000000000005,61856.0,0.0262,0.030000000000000002,4818.0,60608.0,0.0182,0.0036000000000000003,0.0073,0.0,-0.015,0.0,-0.294,9.976
556756929,3,0,0.046,-0.025,0.013000000000000001,0.062,0.0,-0.043000000000000003,-0.019700000000000002,13.63,-0.0477,62112.0,0.0229,0.030000000000000002,7041.0,61224.0,0.0165,0.0034000000000000002,0.0073,0.0,-0.016,0.0,-0.294,9.976
556761683,3,0,0.032,-0.006,0.013000000000000001,0.062,0.0,-0.0424,-0.021,13.63,-0.047400000000000005,61984.0,0.0229,0.030000000000000002,11795.0,60484.0,0.0151,0.0034000000000000002,0.0073,0.0,-0.014,0.0,-0.294,10.045
556765926,3,0,0.004,-0.038,0.009000000000000001,0.061,0.0,-0.0425,-0.0218,13.63,-0.0471,61728.0,0.0213,0.030000000000000002,16038.0,60976.0,0.014700000000000001,0.0033,0.007200000000000001,0.0,-0.014,0.0,-0.294,10.045
556768682,3,0,0.016,-0.002,-0.002,0.061,0.0,-0.0425,-0.019,13.63,-0.047,61856.0,0.0246,0.030000000000000002,0.0,60608.0,0.0166,0.0033,0.007200000000000001,0.0,-0.013000000000000001,0.0,-0.294,10.045
556772906,3,0,0.028,-0.014,-0.004,0.06,0.0,-0.0454,-0.027700000000000002,13.63,-0.046700000000000005,61984.0,0.018000000000000002,0.030000000000000002,4224.0,60852.0,0.0126,0.0033,0.007200000000000001,0.0,-0.013000000000000001,0.0,-0.294,10.045
556777682,3,0,0.062,0.014,-0.015,0.06,0.0,-0.0446,-0.024900000000000002,13.63,-0.046700000000000005,61728.0,0.0196,0.030000000000000002,9000.0,60852.0,0.013900000000000001,0.0031000000000000003,0.0071,0.0,-0.013000000000000001,0.0,-0.294,10.045
556781956,3,0,0.046,0.016,-0.021,0.06,0.0,-0.0456,-0.0274,13.63,-0.0466,61728.0,0.0196,0.030000000000000002,13274.0,60852.0,0.0129,0.0031000000000000003,0.0071,0.0,-0.014,0.0,-0.294,10.023
556784683,3,0,0.081,0.01,-0.02,0.06,0.0,-0.0459,-0.028200000000000003,13.63,-0.046700000000000005,61856.0,0.018000000000000002,0.030000000000000002,16001.0,60976.0,0.0125,0.0031000000000000003,0.0071,0.0,-0.017,0.0,-0.294,10.023
556788921,3,0,0.076,0.012,-0.01,0.06,0.0,-0.045200000000000004,-0.0327,13.63,-0.0466,61600.0,0.0131,0.030000000000000002,0.0,60728.0,0.0089,0.003,0.007200000000000001,0.0,-0.018000000000000002,0.0,-0.294,10.023
556793683,3,0,0.066,-0.006,-0.004,0.06,0.0,-0.047,-0.0302,13.63,-0.046400000000000004,61984.0,0.018000000000000002,0.030000000000000002,4762.0,61100.0,0.0119,0.003,0.007200000000000001,0.0,-0.019,0.0,-0.294,10.023
556798683,3,0,0.049,0.016,-0.001,0.059000000000000004,0.0,-0.047,-0.025,13.63,-0.046200000000000005,62112.0,0.0229,0.030000000000000002,9762.0,60976.0,0.015600000000000001,0.0028,0.007200000000000001,0.0,-0.016,0.0,-0.294,10.023
556800924,3,0,0.023,-0.003,0.007,0.059000000000000004,0.0,-0.047,-0.021500000000000002,13.63,-0.0461,62112.0,0.0262,0.030000000000000002,12003.0,61100.0,0.018000000000000002,0.0028,0.007200000000000001,0.0,-0.014,0.0,-0.294,10.013
556804928,3,0,-0.059000000000000004,0.008,0.01,0.059000000000000004,0.0,-0.045700000000000005,-0.0111,13.63,-0.0461,61856.0,0.036000000000000004,0.030000000000000002,16007.0,60608.0,0.0244,0.0028,0.007200000000000001,0.0,-0.011,0.0,-0.294,10.013
556809682,3,0,-0.095,-0.02,0.012,0.06,0.0,-0.044500000000000005,-0.0058000000000000005,13.63,-0.046400000000000004,61728.0,0.0393,0.030000000000000002,0.0,60360.0,0.0274,0.0027,0.007200000000000001,0.0,-0.01,0.0,-0.294,10.013
556813927,3,0,-0.088,-0.028,0.014,0.061,0.0,-0.044700000000000004,-0.0166,13.63,-0.046900000000000004,62112.0,0.027800000000000002,0.030000000000000002,4245.0,61100.0,0.0198,0.0027,0.007200000000000001,0.0,-0.013000000000000001,0.0,-0.294,10.013
556818682,3,0,-0.008,0.004,0.004,0.061,0.0,-0.043000000000000003,-0.0181,13.63,-0.0471,62112.0,0.0262,0.030000000000000002,9000.0,61100.0,0.0177,0.0026000000000000003,0.007200000000000001,0.0,-0.013000000000000001,0.0,-0.294,10.013
556820928,3,0,-0.138,-0.027,0.006,0.062,0.0,-0.044700000000000004,-0.0073,13.63,-0.0473,61984.0,0.037700000000000004,0.030000000000000002,11246.0,61224.0,0.026500000000000003,0.0026000000000000003,0.007200000000000001,0.0,-0.013000000000000001,0.0,-0.294,10.065
556825964,3,0,-0.041,-0.009000000000000001,-0.007,0.062,0.0,-0.041800000000000004,-0.008400000000000001,13.63,-0.0477,61728.0,0.036000000000000004,0.030000000000000002,16282.0,60728.0,0.0236,0.0024000000000000002,0.007200000000000001,0.0,-0.015,0.0,-0.294,10.065
556828680,3,0,-0.041,-0.028,-0.003,0.062,0.0,-0.043300000000000005,-0.0172,13.63,-0.0477,62240.0,0.027800000000000002,0.030000000000000002,0.0,60976.0,0.0184,0.0024000000000000002,0.007200000000000001,0.0,-0.015,0.0,-0.294,10.065
556832948,3,0,-0.049,-0.013000000000000001,-0.01,0.062,0.0,-0.0419,-0.0046,13.63,-0.0476,61856.0,0.0393,0.030000000000000002,4268.0,60608.0,0.0264,0.0024000000000000002,0.007200000000000001,0.0,-0.011,0.0,-0.294,10.065
556837681,3,0,-0.004,-0.011,-0.006,0.062,0.0,-0.0432,-0.0071,13.63,-0.0476,62368.0,0.0393,0.030000000000000002,9001.0,61100.0,0.0256,0.0023,0.0071,0.0,-0.009000000000000001,0.0,-0.294,10.065
556840813,3,0,-0.031,-0.001,-0.01,0.062,0.0,-0.0439,-0.0063,13.63,-0.0476,61856.0,0.0393,0.030000000000000002,12133.0,60728.0,0.026600000000000002,0.0023,0.0071,0.0,-0.005,0.0,-0.294,10.065
556844961,3,0,-0.033,0.029,-0.028,0.062,0.0,-0.0451,-0.0016,13.63,-0.0476,62112.0,0.0459,0.030000000000000002,16281.0,60728.0,0.0307,0.0023,0.0071,0.0,-0.002,0.0,-0.294,10.089
556849954,3,0,0.002,-0.01,-0.023,0.063,0.0,-0.0443,-0.002,13.63,-0.0478,61984.0,0.0442,0.030000000000000002,0.0,60608.0,0.029900000000000003,0.0023,0.007,0.0,-0.001,0.0,-0.294,10.089
556853957,3,0,0.078,0.019,-0.007,0.063,0.0,-0.0444,-0.0304,13.63,-0.0478,61856.0,0.014700000000000001,0.030000000000000002,4003.0,60728.0,0.0099,0.0023,0.007,0.0,-0.002,0.0,-0.294,10.089
556857983,3,0,0.055,0.023,-0.022,0.063,0.0,-0.045200000000000004,-0.013900000000000001,13.63,-0.0478,61984.0,0.0327,0.030000000000000002,8029.0,60852.0,0.0222,0.0023,0.006900000000000001,0.0,-0.003,0.0,-0.294,10.089
556860697,3,0,0.05,0.036000000000000004,-0.015,0.063,0.0,-0.0449,-0.012100000000000001,13.63,-0.047900000000000005,62112.0,0.0344,0.030000000000000002,10743.0,60608.0,0.023200000000000002,0.0023,0.006900000000000001,0.0,-0.003,0.0,-0.294,10.089
556864958,3,0,0.113,0.036000000000000004,0.002,0.063,0.0,-0.0471,-0.026000000000000002,13.63,-0.0478,61984.0,0.0213,0.030000000000000002,15004.0,60728.0,0.0149,0.0023,0.006900000000000001,0.0,-0.006,0.0,-0.294,10.089
556868958,3,0,0.069,-0.015,0.006,0.062,0.0,-0.046400000000000004,-0.026000000000000002,13.63,-0.0477,61984.0,0.0213,0.030000000000000002,0.0,61224.0,0.014400000000000001,0.0022,0.006900000000000001,0.0,-0.007,0.0,-0.294,10.089
556873687,3,0,0.047,0.036000000000000004,-0.008,0.062,0.0,-0.0476,-0.018500000000000003,13.63,-0.0475,61984.0,0.029500000000000002,0.030000000000000002,4729.0,60728.0,0.0206,0.0022,0.006900000000000001,0.0,-0.005,0.0,-0.294,10.089
556878036,3,0,0.057,0.016,0.023,0.062,0.0,-0.050300000000000004,-0.0218,13.63,-0.047400000000000005,61984.0,0.029500000000000002,0.030000000000000002,9078.0,60852.0,0.0201,0.0022,0.0068000000000000005,0.0,-0.006,0.0,-0.294,10.089
556880759,3,0,0.047,0.056,0.018000000000000002,0.062,0.0,-0.050100000000000006,-0.0251,13.63,-0.047400000000000005,61856.0,0.0262,0.030000000000000002,11801.0,60976.0,0.0177,0.0022,0.0068000000000000005,0.0,-0.004,0.0,-0.294,10.089
556885698,3,0,0.024,0.019,0.015,0.062,0.0,-0.0502,-0.0196,13.63,-0.047400000000000005,62368.0,0.0327,0.030000000000000002,16740.0,60852.0,0.0217,0.0022,0.0068000000000000005,0.0,-0.005,0.0,-0.294,10.068
556890818,3,0,0.021,-0.021,0.021,0.062,0.0,-0.0495,-0.0212,13.63,-0.0475,61856.0,0.029500000000000002,0.030000000000000002,0.0,60852.0,0.02,0.0021000000000000003,0.0068000000000000005,0.0,-0.006,0.0,-0.294,10.068
556892958,3,0,0.011,0.047,0.005,0.062,0.0,-0.0494,-0.0194,13.63,-0.0476,61728.0,0.031100000000000003,0.030000000000000002,2140.0,60728.0,0.0212,0.0021000000000000003,0.0068000000000000005,0.0,-0.005,0.0,-0.294,10.068
556897687,3,0,0.029,-0.035,-0.004,0.062,0.0,-0.048400000000000006,-0.0194,13.63,-0.0477,61728.0,0.031100000000000003,0.030000000000000002,6869.0,60484.0,0.0205,0.0021000000000000003,0.0067,0.0,-0.008,0.0,-0.294,10.068
556901957,3,0,-0.015,0.005,-0.003,0.063,0.0,-0.048400000000000006,-0.0143,13.63,-0.0478,61984.0,0.036000000000000004,0.030000000000000002,11139.0,61100.0,0.0241,0.0021000000000000003,0.0067,0.0,-0.007,0.0,-0.294,10.068
556906169,3,0,0.021,0.012,-0.014,0.062,0.0,-0.047400000000000005,-0.0161,13.63,-0.0477,61984.0,0.0327,0.030000000000000002,15351.0,60976.0,0.0221,0.002,0.0067,0.0,-0.007,0.0,-0.294,10.068
556908687,3,0,-0.025,0.022,-0.021,0.062,0.0,-0.047,-0.014400000000000001,13.63,-0.0477,61728.0,0.0344,0.030000000000000002,0.0,60976.0,0.023100000000000002,0.002,0.0067,0.0,-0.006,0.0,-0.294,10.073
556912959,3,0,-0.008,0.008,-0.023,0.062,0.0,-0.0463,-0.009000000000000001,13.63,-0.0475,61856.0,0.037700000000000004,0.030000000000000002,4272.0,61100.0,0.0264,0.002,0.0067,0.0,-0.006,0.0,-0.294,10.073
556916969,3,0,-0.069,-0.05,-0.001,0.062,0.0,-0.047,-0.0035,13.63,-0.0476,62112.0,0.0458,0.030000000000000002,8282.0,60728.0,0.0308,0.0019,0.0067,0.0,-0.005,0.0,-0.294,10.073
556921970,3,0,-0.037,-0.003,-0.025,0.062,0.0,-0.045000000000000005,-0.0097,13.63,-0.0477,61984.0,0.037700000000000004,0.030000000000000002,13283.0,60608.0,0.025,0.0019,0.0067,0.0,-0.004,0.0,-0.294,10.073
556924687,3,0,-0.033,-0.061,-0.013000000000000001,0.062,0.0,-0.045000000000000005,-0.0122,13.63,-0.0476,61984.0,0.0344,0.030000000000000002,16000.0,60852.0,0.023200000000000002,0.0019,0.0067,0.0,-0.006,0.0,-0.294,10.073
556929687,3,0,-0.018000000000000002,-0.014,0.004,0.062,0.0,-0.044500000000000005,-0.011000000000000001,13.63,-0.0477,61984.0,0.0344,0.030000000000000002,0.0,60484.0,0.023700000000000002,0.0019,0.0066,0.0,-0.005,0.0,-0.294,10.014
556933984,3,0,-0.023,0.016,0.007,0.062,0.0,-0.044700000000000004,-0.0112,13.63,-0.0476,61984.0,0.0344,0.030000000000000002,4297.0,60728.0,0.023700000000000002,0.0019,0.0066,0.0,-0.004,0.0,-0.294,10.014
556938157,3,0,0.011,-0.066,0.019,0.062,0.0,-0.045000000000000005,-0.011300000000000001,13.63,-0.0476,61984.0,0.036000000000000004,0.030000000000000002,8470.0,60728.0,0.0238,0.0019,0.0066,0.0,-0.006,0.0,-0.294,10.014
556940818,3,0,-0.013000000000000001,-0.008,0.017,0.062,0.0,-0.0442,-0.0111,13.63,-0.0475,61984.0,0.0344,0.030000000000000002,11131.0,60852.0,0.0234,0.0019,0.0066,0.0,-0.005,0.0,-0.294,10.014
556944955,3,0,0.015,-0.064,0.025,0.062,0.0,-0.0442,-0.01,13.63,-0.0473,62112.0,0.036000000000000004,0.030000000000000002,15268.0,60976.0,0.024200000000000003,0.0019,0.0066,0.0,-0.005,0.0,-0.294,10.014
556949686,3,0,-0.02,0.015,0.005,0.061,0.0,-0.0459,-0.012100000000000001,13.63,-0.0472,61856.0,0.0344,0.030000000000000002,0.0,60976.0,0.024,0.0018000000000000002,0.006500000000000001,0.0,-0.003,0.0,-0.294,10.021
556954681,3,0,0.023,0.014,0.011,0.061,0.0,-0.045000000000000005,-0.0152,13.63,-0.047,61728.0,0.031100000000000003,0.030000000000000002,4995.0,60852.0,0.0211,0.0018000000000000002,0.006500000000000001,0.0,-0.004,0.0,-0.294,10.021
556956682,3,0,0.015,0.014,0.018000000000000002,0.061,0.0,-0.045700000000000005,-0.018000000000000002,13.63,-0.047,61856.0,0.029500000000000002,0.030000000000000002,6996.0,60976.0,0.0196,0.0018000000000000002,0.006500000000000001,0.0,-0.004,0.0,-0.294,10.021
556960967,3,0,0.012,0.026000000000000002,-0.008,0.061,0.0,-0.0459,-0.0143,13.63,-0.047,62112.0,0.0327,0.030000000000000002,11281.0,60976.0,0.0224,0.0018000000000000002,0.006500000000000001,0.0,-0.004,0.0,-0.294,10.021
556965681,3,0,0.032,-0.048,0.002,0.061,0.0,-0.0463,-0.0171,13.63,-0.047,62112.0,0.029500000000000002,0.030000000000000002,15995.0,60976.0,0.0207,0.0018000000000000002,0.006500000000000001,0.0,-0.007,0.0,-0.294,10.021
556969724,3,0,0.021,0.037,-0.014,0.061,0.0,-0.0465,-0.0178,13.63,-0.0471,61728.0,0.031100000000000003,0.030000000000000002,0.0,60852.0,0.020300000000000002,0.0017000000000000001,0.006500000000000001,0.0,-0.007,0.0,-0.294,10.021
556974681,3,0,0.043000000000000003,0.003,-0.017,0.061,0.0,-0.0448,-0.0219,13.63,-0.046900000000000004,61600.0,0.0245,0.030000000000000002,4957.0,60852.0,0.0162,0.0017000000000000001,0.006500000000000001,0.0,-0.009000000000000001,0.0,-0.294,10.027000000000001
556976682,3,0,0.042,0.03,-0.026000000000000002,0.061,0.0,-0.0456,-0.020800000000000003,13.63,-0.046900000000000004,61984.0,0.0262,0.030000000000000002,6958.0,60976.0,0.0176,0.0016,0.006500000000000001,0.0,-0.008,0.0,-0.294,10.027000000000001
556981006,3,0,0.017,0.007,-0.013000000000000001,0.06,0.0,-0.0454,-0.016900000000000002,13.63,-0.046700000000000005,61856.0,0.029500000000000002,0.030000000000000002,11282.0,60852.0,0.020200000000000003,0.0016,0.006500000000000001,0.0,-0.009000000000000001,0.0,-0.294,10.027000000000001
556985682,3,0,0.033,-0.046,-0.001,0.06,0.0,-0.0459,-0.0143,13.63,-0.0466,61984.0,0.0327,0.030000000000000002,15958.0,61224.0,0.0223,0.0016,0.006500000000000001,0.0,-0.01,0.0,-0.294,10.027000000000001
556990819,3,0,0.004,0.015,-0.021,0.06,0.0,-0.0458,-0.0128,13.63,-0.0466,61600.0,0.0344,0.030000000000000002,0.0,60608.0,0.0233,0.0015,0.006500000000000001,0.0,-0.009000000000000001,0.0,-0.294,10.027000000000001
556992975,3,0,0.015,-0.043000000000000003,-0.004,0.06,0.0,-0.045700000000000005,-0.0151,13.63,-0.0465,61984.0,0.031100000000000003,0.030000000000000002,2156.0,61100.0,0.0216,0.0015,0.006500000000000001,0.0,-0.01,0.0,-0.294,10.018
556997023,3,0,0.037,0.001,0.001,0.06,0.0,-0.0441,-0.0193,13.63,-0.0466,61728.0,0.0262,0.030000000000000002,6204.0,60852.0,0.0175,0.0014,0.0064,0.0,-0.011,0.0,-0.294,10.018
557001721,3,0,0.033,-0.039,0.01,0.06,0.0,-0.0441,-0.019,13.63,-0.0465,61600.0,0.0262,0.030000000000000002,10902.0,60852.0,0.0177,0.0014,0.0064,0.0,-0.011,0.0,-0.294,10.018
557006008,3,0,0.031,-0.056,0.017,0.06,0.0,-0.0427,-0.014700000000000001,13.63,-0.046400000000000004,61728.0,0.029500000000000002,0.030000000000000002,15189.0,61224.0,0.0198,0.0013000000000000002,0.0064,0.0,-0.013000000000000001,0.0,-0.294,10.018
557008681,3,0,0.002,-0.004,0.013000000000000001,0.059000000000000004,0.0,-0.0426,-0.014400000000000001,13.63,-0.0463,61856.0,0.029500000000000002,0.030000000000000002,0.0,60728.0,0.0199,0.0013000000000000002,0.0064,0.0,-0.011,0.0,-0.294,10.018
557012682,3,0,0.045,-0.048,0.018000000000000002,0.059000000000000004,0.0,-0.0427,-0.0152,13.63,-0.046200000000000005,62112.0,0.027800000000000002,0.030000000000000002,4001.0,61348.0,0.0195,0.0013000000000000002,0.0064,0.0,-0.013000000000000001,0.0,-0.294,10.018
557017038,3,0,0.019,0.016,0.0,0.059000000000000004,0.0,-0.0434,-0.013900000000000001,13.63,-0.0461,61984.0,0.031100000000000003,0.030000000000000002,8357.0,60728.0,0.020900000000000002,0.0012000000000000001,0.0064,0.0,-0.011,0.0,-0.294,10.018
557021681,3,0,0.0,-0.023,0.012,0.059000000000000004,0.0,-0.042300000000000004,-0.0125,13.63,-0.046,61984.0,0.031100000000000003,0.030000000000000002,13000.0,60976.0,0.0211,0.0012000000000000001,0.0064,0.0,-0.011,0.0,-0.294,10.018
557026023,3,0,0.019,-0.057,0.006,0.058,0.0,-0.0405,-0.012,13.63,-0.0458,61600.0,0.029500000000000002,0.030000000000000002,17342.0,60852.0,0.020200000000000003,0.0011,0.0063,0.0,-0.012,0.0,-0.294,10.018
557028681,3,0,-0.02,-0.02,-0.005,0.058,0.0,-0.0409,-0.0114,13.63,-0.045700000000000005,61728.0,0.031100000000000003,0.030000000000000002,0.0,60728.0,0.020800000000000003,0.0011,0.0063,0.0,-0.01,0.0,-0.294,10.018
557033682,3,0,0.028,-0.035,-0.011,0.058,0.0,-0.041800000000000004,-0.0132,13.63,-0.045700000000000005,61728.0,0.031100000000000003,0.030000000000000002,5001.0,60976.0,0.020200000000000003,0.0011,0.0063,0.0,-0.012,0.0,-0.294,10.044
557038005,3,0,0.04,-0.008,-0.016,0.058,0.0,-0.041600000000000005,-0.016800000000000002,13.63,-0.0456,61728.0,0.0245,0.030000000000000002,9324.0,60976.0,0.0175,0.001,0.0063,0.0,-0.011,0.0,-0.294,10.044
557040819,3,0,0.042,-0.053,-0.011,0.058,0.0,-0.041600000000000005,-0.0176,13.63,-0.0454,61856.0,0.0245,0.030000000000000002,12138.0,60976.0,0.016900000000000002,0.001,0.0063,0.0,-0.011,0.0,-0.294,10.044
557045010,3,0,0.051000000000000004,-0.009000000000000001,-0.019,0.057,0.0,-0.042300000000000004,-0.017,13.63,-0.0453,61856.0,0.0262,0.030000000000000002,16329.0,60852.0,0.0179,0.001,0.0063,0.0,-0.01,0.0,-0.294,10.044
557049680,3,0,0.002,0.004,-0.012,0.057,0.0,-0.042100000000000005,-0.015700000000000002,13.63,-0.045000000000000005,61984.0,0.027800000000000002,0.030000000000000002,0.0,60976.0,0.018600000000000002,0.0009000000000000001,0.0063,0.0,-0.009000000000000001,0.0,-0.294,10.044
557054057,3,0,0.021,-0.037,0.005,0.056,0.0,-0.0429,-0.0142,13.63,-0.044700000000000004,62112.0,0.029500000000000002,0.030000000000000002,4377.0,61100.0,0.020300000000000002,0.0009000000000000001,0.0063,0.0,-0.009000000000000001,0.0,-0.294,10.022
557058680,3,0,0.023,0.007,0.003,0.056,0.0,-0.042300000000000004,-0.014700000000000001,13.63,-0.044700000000000004,61856.0,0.029500000000000002,0.030000000000000002,9000.0,60728.0,0.0195,0.0008,0.0063,0.0,-0.008,0.0,-0.294,10.022
557060681,3,0,0.029,-0.041,0.013000000000000001,0.056,0.0,-0.042100000000000005,-0.0149,13.63,-0.0446,61856.0,0.027800000000000002,0.030000000000000002,11001.0,61100.0,0.019200000000000002,0.0008,0.0063,0.0,-0.009000000000000001,0.0,-0.294,10.022
557065645,3,0,0.017,0.023,0.005,0.056,0.0,-0.0431,-0.0179,13.63,-0.044700000000000004,61856.0,0.0262,0.030000000000000002,15965.0,60728.0,0.0179,0.0008,0.0063,0.0,-0.008,0.0,-0.294,10.022
557070066,3,0,0.011,0.022,0.006,0.056,0.0,-0.0432,-0.0204,13.63,-0.044700000000000004,61984.0,0.0245,0.030000000000000002,0.0,60976.0,0.0162,0.0007,0.0063,0.0,-0.009000000000000001,0.0,-0.294,10.022
557074644,3,0,0.04,-0.044,0.02,0.056,0.0,-0.042800000000000005,-0.0187,13.63,-0.0446,61728.0,0.0245,0.030000000000000002,4578.0,61224.0,0.017,0.0007,0.0063,0.0,-0.012,0.0,-0.294,10.063
557076644,3,0,0.002,-0.002,0.011,0.056,0.0,-0.0425,-0.0187,13.63,-0.0446,61728.0,0.0245,0.030000000000000002,6578.0,60852.0,0.016800000000000002,0.0006000000000000001,0.0063,0.0,-0.011,0.0,-0.294,10.063
557080680,3,0,0.06,-0.038,0.012,0.056,0.0,-0.0429,-0.0199,13.63,-0.0444,61856.0,0.0229,0.030000000000000002,10614.0,61348.0,0.016300000000000002,0.0006000000000000001,0.0063,0.0,-0.013000000000000001,0.0,-0.294,10.063
557084681,3,0,0.013000000000000001,0.014,-0.002,0.055,0.0,-0.0424,-0.019200000000000002,13.63,-0.0443,61856.0,0.0245,0.030000000000000002,14615.0,60852.0,0.0164,0.0006000000000000001,0.0063,0.0,-0.01,0.0,-0.294,10.063
557089043,3,0,0.002,-0.024,-0.003,0.055,0.0,-0.043000000000000003,-0.0183,13.63,-0.044000000000000004,61728.0,0.0245,0.030000000000000002,0.0,60976.0,0.0175,0.0005,0.0063,0.0,-0.012,0.0,-0.294,10.063
557093681,3,0,0.045,-0.027,-0.01,0.055,0.0,-0.0426,-0.0179,13.63,-0.044000000000000004,61728.0,0.0262,0.030000000000000002,4638.0,60976.0,0.0175,0.0005,0.0063,0.0,-0.013000000000000001,0.0,-0.294,10.063
557097682,3,0,-0.016,-0.026000000000000002,-0.012,0.054,0.0,-0.042,-0.017400000000000002,13.63,-0.0439,61728.0,0.0262,0.030000000000000002,8639.0,60976.0,0.017400000000000002,0.00030000000000000003,0.0063,0.0,-0.011,0.0,-0.294,10.063
557102140,3,0,-0.01,-0.048,-0.013000000000000001,0.054,0.0,-0.041600000000000005,-0.0164,13.63,-0.0437,61728.0,0.0262,0.030000000000000002,13097.0,60976.0,0.0178,0.00030000000000000003,0.0063,0.0,-0.012,0.0,-0.294,10.063
557104643,3,0,-0.01,0.002,-0.019,0.054,0.0,-0.042,-0.0179,13.63,-0.0437,61600.0,0.0262,0.030000000000000002,15600.0,60976.0,0.017,0.00030000000000000003,0.0063,0.0,-0.011,0.0,-0.294,10.063
557108643,3,0,0.013000000000000001,-0.045,-0.005,0.054,0.0,-0.0431,-0.0183,13.63,-0.0436,61728.0,0.0245,0.030000000000000002,0.0,60852.0,0.0175,0.0002,0.0063,0.0,-0.013000000000000001,0.0,-0.294,10.063
557113099,3,0,0.039,-0.011,-0.012,0.054,0.0,-0.042,-0.0183,13.63,-0.0436,61856.0,0.0245,0.030000000000000002,4456.0,60976.0,0.0167,0.0002,0.0063,0.0,-0.014,0.0,-0.294,10.063
557117149,3,0,-0.035,-0.017,-0.013000000000000001,0.054,0.0,-0.0414,-0.0132,13.63,-0.0436,62240.0,0.029500000000000002,0.030000000000000002,8506.0,60852.0,0.0199,0.0001,0.006200000000000001,0.0,-0.011,0.0,-0.294,10.026
557121643,3,0,0.006,-0.037,0.009000000000000001,0.054,0.0,-0.041600000000000005,-0.014100000000000001,13.63,-0.043500000000000004,61984.0,0.029500000000000002,0.030000000000000002,13000.0,61224.0,0.0195,0.0001,0.006200000000000001,0.0,-0.013000000000000001,0.0,-0.294,10.026
557126133,3,0,0.006,0.0,0.002,0.054,0.0,-0.042,-0.010400000000000001,13.63,-0.0436,61984.0,0.0327,0.030000000000000002,17490.0,60852.0,0.0223,0.0,0.006200000000000001,0.0,-0.012,0.0,-0.294,10.026
557128643,3,0,0.013000000000000001,-0.034,0.01,0.054,0.0,-0.042300000000000004,-0.0146,13.63,-0.043500000000000004,61728.0,0.029500000000000002,0.030000000000000002,0.0,60976.0,0.0196,0.0,0.006200000000000001,0.0,-0.013000000000000001,0.0,-0.294,10.026
557133113,3,0,0.016,0.01,0.005,0.054,0.0,-0.044000000000000004,-0.0135,13.63,-0.043500000000000004,61856.0,0.031100000000000003,0.030000000000000002,4470.0,60728.0,0.0216,0.0,0.006200000000000001,0.0,-0.012,0.0,-0.294,10.026
557137164,3,0,-0.032,-0.013000000000000001,0.006,0.053,0.0,-0.042800000000000005,-0.0155,13.63,-0.0434,61856.0,0.027800000000000002,0.030000000000000002,8521.0,60976.0,0.0193,-0.0001,0.006200000000000001,0.0,-0.011,0.0,-0.294,10.067
557141829,3,0,0.021,-0.011,-0.005,0.053,0.0,-0.0427,-0.0118,13.63,-0.0434,61728.0,0.031100000000000003,0.030000000000000002,13186.0,60852.0,0.0219,-0.0001,0.006200000000000001,0.0,-0.012,0.0,-0.294,10.067
557146146,3,0,0.003,0.013000000000000001,-0.01,0.054,0.0,-0.043300000000000005,-0.0134,13.63,-0.043500000000000004,61856.0,0.031100000000000003,0.030000000000000002,17503.0,60852.0,0.0212,-0.0002,0.006200000000000001,0.0,-0.01,0.0,-0.294,10.067
557148643,3,0,0.019,-0.011,-0.003,0.054,0.0,-0.0432,-0.012400000000000001,13.63,-0.0434,61600.0,0.0327,0.030000000000000002,0.0,61224.0,0.0218,-0.0002,0.006200000000000001,0.0,-0.012,0.0,-0.294,10.067
557152644,3,0,-0.008,0.014,-0.005,0.054,0.0,-0.0442,-0.0134,13.63,-0.043500000000000004,61856.0,0.031100000000000003,0.030000000000000002,4001.0,60728.0,0.0218,-0.0002,0.006200000000000001,0.0,-0.009000000000000001,0.0,-0.294,10.067
557157178,3,0,-0.02,-0.01,-0.008,0.053,0.0,-0.0442,-0.013000000000000001,13.620000000000001,-0.0434,61856.0,0.0327,0.030000000000000002,8535.0,61224.0,0.0221,-0.00030000000000000003,0.006200000000000001,0.0,-0.009000000000000001,0.0,-0.294,10.021
557161685,3,0,0.025,0.018000000000000002,-0.018000000000000002,0.053,0.0,-0.0446,-0.013900000000000001,13.620000000000001,-0.0434,61856.0,0.031100000000000003,0.030000000000000002,13042.0,60852.0,0.0217,-0.00030000000000000003,0.006200000000000001,0.0,-0.009000000000000001,0.0,-0.294,10.021
557166162,3,0,0.001,0.026000000000000002,-0.014,0.054,0.0,-0.046,-0.012700000000000001,13.620000000000001,-0.043500000000000004,61600.0,0.0344,0.030000000000000002,17519.0,61100.0,0.0235,-0.0004,0.006200000000000001,0.0,-0.008,0.0,-0.294,10.021
557168644,3,0,0.023,0.019,-0.012,0.054,0.0,-0.0465,-0.012400000000000001,13.620000000000001,-0.043500000000000004,61856.0,0.036000000000000004,0.030000000000000002,0.0,60728.0,0.0241,-0.0004,0.006200000000000001,0.0,-0.009000000000000001,0.0,-0.294,10.021
557173142,3,0,0.012,0.027,-0.011,0.054,0.0,-0.0458,-0.0137,13.620000000000001,-0.0436,61728.0,0.0327,0.030000000000000002,4498.0,60852.0,0.0227,-0.0004,0.006200000000000001,0.0,-0.008,0.0,-0.294,10.021
557177191,3,0,-0.011,0.003,0.005,0.054,0.0,-0.046200000000000005,-0.0151,13.620000000000001,-0.0436,61984.0,0.031100000000000003,0.030000000000000002,8547.0,60852.0,0.0219,-0.0005,0.006200000000000001,0.0,-0.008,0.0,-0.294,10.02
557182195,3,0,0.023,0.026000000000000002,-0.003,0.054,0.0,-0.046700000000000005,-0.0137,13.620000000000001,-0.0437,61728.0,0.0344,0.030000000000000002,13551.0,60852.0,0.0234,-0.0005,0.006200000000000001,0.0,-0.008,0.0,-0.294,10.02
557184642,3,0,-0.018000000000000002,0.004,0.001,0.054,0.0,-0.0465,-0.013300000000000001,13.620000000000001,-0.0437,61728.0,0.036000000000000004,0.030000000000000002,15998.0,60728.0,0.0235,-0.0005,0.006200000000000001,0.0,-0.008,0.0,-0.294,10.02
557188643,3,0,0.027,0.04,-0.006,0.054,0.0,-0.0472,-0.012700000000000001,13.620000000000001,-0.0438,61728.0,0.036000000000000004,0.030000000000000002,0.0,60852.0,0.0244,-0.0006000000000000001,0.006200000000000001,0.0,-0.007,0.0,-0.294,10.02
557193683,3,0,-0.027,0.014,0.001,-0.008,0.0,-0.041100000000000005,-0.0184,13.58,-0.0438,61856.0,0.0228,0.0,5040.0,60608.0,0.016,-0.0006000000000000001,0.006200000000000001,0.0,-0.004,0.0,0.0,10.02
557198643,3,0,-0.03,0.006,0.007,-0.008,0.0,-0.0434,-0.0158,13.49,-0.0439,61856.0,0.0292,0.0,10000.0,61224.0,0.0195,-0.0006000000000000001,0.006200000000000001,0.0,-0.003,0.0,0.0,10.084
557201163,3,0,0.017,0.046,0.001,-0.008,0.0,-0.0454,-0.0167,13.450000000000001,-0.0439,61984.0,0.0291,0.0,12520.0,60976.0,0.020200000000000003,-0.0006000000000000001,0.006200000000000001,0.0,-0.003,0.0,0.0,10.084
557205165,3,0,-0.033,0.011,-0.004,-0.008,0.0,-0.0463,-0.014700000000000001,13.38,-0.044000000000000004,61600.0,0.032100000000000004,0.0,16522.0,60728.0,0.0223,-0.0006000000000000001,0.006200000000000001,0.0,-0.002,0.0,0.0,10.084
557209642,3,0,-0.011,0.047,-0.007,-0.007,0.0,-0.0453,-0.012400000000000001,13.32,-0.0442,61728.0,0.033600000000000005,0.0,0.0,60608.0,0.0233,-0.0006000000000000001,0.006200000000000001,0.0,0.0,0.0,0.0,10.084
557213643,3,0,-0.024,0.012,-0.008,-0.007,0.0,-0.045000000000000005,-0.014400000000000001,13.26,-0.0443,61728.0,0.0318,0.0,4001.0,60852.0,0.0216,-0.0006000000000000001,0.006200000000000001,0.0,-0.001,0.0,0.0,10.084
557218642,3,0,-0.04,0.016,-0.003,-0.007,0.0,-0.0453,-0.0154,13.17,-0.044500000000000005,61600.0,0.030100000000000002,0.0,9000.0,60852.0,0.0211,-0.0006000000000000001,0.0063,0.0,0.002,0.0,0.0,10.129
557220680,3,0,-0.021,0.02,-0.004,-0.007,0.0,-0.0459,-0.015300000000000001,13.15,-0.044500000000000005,61856.0,0.030000000000000002,0.0,11038.0,60484.0,0.0216,-0.0006000000000000001,0.0063,0.0,0.002,0.0,0.0,10.129
557225643,3,0,-0.032,0.032,-0.002,-0.006,0.0,-0.0451,-0.0159,13.08,-0.0446,61856.0,0.0298,0.0,16001.0,61100.0,0.0207,-0.0006000000000000001,0.0063,0.0,0.003,0.0,0.0,10.129
557230184,3,0,-0.034,0.051000000000000004,-0.002,-0.006,0.0,-0.045000000000000005,-0.013900000000000001,13.01,-0.0448,61728.0,0.0313,0.0,0.0,60728.0,0.022000000000000002,-0.0006000000000000001,0.0063,0.0,0.006,0.0,0.0,10.129
557234643,3,0,-0.02,0.013000000000000001,-0.007,-0.006,0.0,-0.0453,-0.0143,12.96,-0.0449,61600.0,0.031100000000000003,0.0,4459.0,60608.0,0.0219,-0.0006000000000000001,0.0063,0.0,0.005,0.0,0.0,10.129
557236644,3,0,-0.031,0.055,-0.01,-0.006,0.0,-0.0454,-0.0132,12.950000000000001,-0.045000000000000005,61600.0,0.0327,0.0,6460.0,60240.0,0.0227,-0.0005,0.0063,0.0,0.007,0.0,0.0,10.199
557241271,3,0,0.021,0.015,-0.002,-0.006,0.0,-0.046200000000000005,-0.019200000000000002,12.88,-0.045000000000000005,61476.0,0.0263,0.0,11087.0,60608.0,0.019100000000000002,-0.0005,0.0063,0.0,0.006,0.0,0.0,10.199
557246218,3,0,-0.03,-0.001,0.001,-0.005,0.0,-0.0477,-0.0164,12.82,-0.045200000000000004,61476.0,0.0308,0.0,16034.0,60484.0,0.0221,-0.0004,0.0063,0.0,0.006,0.0,0.0,10.199
557248642,3,0,0.037,0.017,-0.002,-0.005,0.0,-0.0473,-0.0177,12.8,-0.0451,61348.0,0.0292,0.0,0.0,60120.0,0.020900000000000002,-0.0004,0.0063,0.0,0.006,0.0,0.0,10.199
557252643,3,0,-0.065,0.017,0.005,-0.005,0.0,-0.046900000000000004,-0.0151,12.75,-0.0453,61348.0,0.030600000000000002,0.0,4001.0,60360.0,0.0224,-0.0004,0.0063,0.0,0.007,0.0,0.0,10.199
557257682,3,0,0.022,0.058,-0.007,-0.005,0.0,-0.0487,-0.0143,12.69,-0.0454,61224.0,0.0335,0.0,9040.0,60000.0,0.024300000000000002,-0.0004,0.0064,0.0,0.006,0.0,0.0,10.199
557262253,3,0,-0.001,0.023,-0.005,-0.004,0.0,-0.048600000000000004,-0.0148,12.63,-0.045700000000000005,61476.0,0.0334,0.0,13611.0,60000.0,0.0239,-0.0004,0.0064,0.0,0.005,0.0,0.0,10.199
557264641,3,0,-0.016,0.07200000000000001,-0.012,-0.004,0.0,-0.048100000000000004,-0.015000000000000001,12.620000000000001,-0.0458,61224.0,0.0318,0.0,15999.0,59524.0,0.0234,-0.0004,0.0064,0.0,0.006,0.0,0.0,10.199
557268642,3,0,-0.029,-0.004,0.003,-0.003,0.0,-0.0489,-0.017,12.57,-0.0461,61100.0,0.0302,0.0,0.0,59880.0,0.022500000000000003,-0.00030000000000000003,0.0064,0.0,0.005,0.0,0.0,10.199
557272642,3,0,-0.029,0.049,-0.002,-0.003,0.0,-0.0478,-0.019,12.52,-0.046400000000000004,60976.0,0.027100000000000003,0.0,4000.0,59404.0,0.0204,-0.00030000000000000003,0.0064,0.0,0.005,0.0,0.0,10.199
557277263,3,0,-0.029,0.067,-0.005,-0.002,0.0,-0.0499,-0.0172,12.47,-0.0466,60852.0,0.031400000000000004,0.0,8621.0,59640.0,0.023100000000000002,-0.00030000000000000003,0.0064,0.0,0.005,0.0,0.0,10.353
557282266,3,0,-0.041,-0.012,0.002,-0.002,0.0,-0.0473,-0.015000000000000001,12.36,-0.046900000000000004,60728.0,0.0297,0.0,13624.0,59524.0,0.0228,-0.00030000000000000003,0.0064,0.0,0.004,0.0,0.0,10.353
557284641,3,0,-0.042,0.059000000000000004,-0.007,-0.001,0.0,-0.0478,-0.0164,12.280000000000001,-0.0471,60484.0,0.029500000000000002,0.0,15999.0,59760.0,0.0222,-0.00030000000000000003,0.0064,0.0,0.005,0.0,0.0,10.353
557288643,3,0,-0.045,-0.019,0.002,-0.001,0.0,-0.049300000000000004,-0.017,12.18,-0.0473,60484.0,0.029300000000000003,0.0,0.0,59288.0,0.0228,-0.0002,0.0064,0.0,0.004,0.0,0.0,10.353
557293229,3,0,-0.062,0.012,0.001,0.0,0.0,-0.044500000000000005,-0.0155,12.08,-0.0476,60484.0,0.0261,0.0,4586.0,59404.0,0.0205,-0.0002,0.0064,0.0,0.006,0.0,0.0,10.353
557297279,3,0,-0.059000000000000004,0.011,0.002,0.0,0.0,-0.0456,-0.0143,11.98,-0.0475,60240.0,0.028800000000000003,0.0,8636.0,59056.0,0.0221,-0.0001,0.0064,0.0,0.006,0.0,0.0,10.442
557301641,3,0,-0.079,-0.014,0.007,0.0,0.0,-0.0492,-0.0111,11.89,-0.047900000000000005,60608.0,0.034300000000000004,0.0,12998.0,58708.0,0.0269,-0.0001,0.0064,0.0,0.006,0.0,0.0,10.442
557306261,3,0,-0.077,0.054,-0.015,0.001,0.0,-0.0478,-0.0154,11.76,-0.0482,60120.0,0.028200000000000003,0.0,17618.0,59056.0,0.0229,0.0,0.0064,0.0,0.009000000000000001,0.0,0.0,10.442
557308698,3,0,-0.068,-0.012,-0.002,0.001,0.0,-0.0482,-0.0142,11.700000000000001,-0.0483,60000.0,0.0309,0.0,0.0,58824.0,0.024,0.0,0.0064,0.0,0.007,0.0,0.0,10.442
557313242,3,0,-0.053,0.057,-0.006,0.002,0.0,-0.0477,-0.0171,11.61,-0.048600000000000004,59524.0,0.026500000000000003,0.0,4544.0,58592.0,0.0216,0.0,0.0064,0.0,0.008,0.0,0.0,10.442
557317291,3,0,-0.053,-0.015,0.009000000000000001,0.002,0.0,-0.050100000000000006,-0.0126,11.49,-0.0487,59880.0,0.033100000000000004,0.0,8593.0,58364.0,0.026600000000000002,0.0,0.0064,0.0,0.007,0.0,0.0,10.44
557321679,3,0,-0.045,0.068,-0.012,0.003,0.0,-0.049100000000000005,-0.0134,11.41,-0.049,59640.0,0.030100000000000002,0.0,12981.0,58364.0,0.0252,0.0,0.0064,0.0,0.008,0.0,0.0,10.44
557326277,3,0,-0.066,0.079,-0.004,0.003,0.0,-0.0514,-0.0103,11.32,-0.049300000000000004,59640.0,0.0354,0.0,17579.0,58140.0,0.0291,0.0001,0.0063,0.0,0.01,0.0,0.0,10.44
557328641,3,0,-0.034,0.067,-0.003,0.004,0.0,-0.0528,-0.012,11.27,-0.0495,59172.0,0.0352,0.0,0.0,57916.0,0.028800000000000003,0.0001,0.0063,0.0,0.008,0.0,0.0,10.44
557332641,3,0,-0.066,0.012,-0.003,0.004,0.0,-0.0483,-0.013800000000000002,11.19,-0.049600000000000005,59288.0,0.0296,0.0,4000.0,57916.0,0.0244,0.0001,0.0063,0.0,0.008,0.0,0.0,10.44
557337304,3,0,-0.018000000000000002,-0.008,0.011,0.005,0.0,-0.0536,-0.0151,11.09,-0.05,58940.0,0.032,0.0,8663.0,57916.0,0.027200000000000002,0.0002,0.0063,0.0,0.006,0.0,0.0,10.508000000000001
557342309,3,0,-0.01,0.083,-0.016,0.006,0.0,-0.053000000000000005,-0.0158,11.02,-0.0504,58824.0,0.0318,0.0,13668.0,57692.0,0.0263,0.0002,0.0063,0.0,0.007,0.0,0.0,10.508000000000001
557344640,3,0,-0.003,-0.004,0.006,0.006,0.0,-0.054,-0.0161,10.97,-0.0505,58592.0,0.0316,0.0,15999.0,57692.0,0.0268,0.0002,0.0063,0.0,0.005,0.0,0.0,10.508000000000001
557348647,3,0,-0.026000000000000002,0.097,-0.027,0.006,0.0,-0.055600000000000004,-0.0175,10.9,-0.0507,58592.0,0.031400000000000004,0.0,0.0,57472.0,0.027,0.00030000000000000003,0.006200000000000001,0.0,0.008,0.0,0.0,10.508000000000001
557353683,3,0,-0.014,-0.022,0.008,0.006,0.0,-0.055600000000000004,-0.0164,10.8,-0.0507,58592.0,0.0324,0.0,5036.0,57032.0,0.027700000000000002,0.00030000000000000003,0.006200000000000001,0.0,0.006,0.0,0.0,10.508000000000001
557358641,3,0,0.026000000000000002,0.012,0.003,0.006,0.0,-0.0575,-0.0198,10.71,-0.050800000000000005,58708.0,0.0309,0.0,9994.0,57032.0,0.026600000000000002,0.00030000000000000003,0.006200000000000001,0.0,0.007,0.0,0.0,10.53
557360641,3,0,-0.021,-0.001,0.009000000000000001,0.006,0.0,-0.058800000000000005,-0.0189,10.69,-0.0507,58364.0,0.032100000000000004,0.0,11994.0,57032.0,0.028200000000000003,0.00030000000000000003,0.006200000000000001,0.0,0.008,0.0,0.0,10.53
557365279,3,0,0.028,0.031,0.006,0.007,0.0,-0.060200000000000004,-0.0176,10.59,-0.0509,57916.0,0.034300000000000004,0.0,16632.0,56604.0,0.0302,0.00030000000000000003,0.006200000000000001,0.0,0.007,0.0,0.0,10.53
557369640,3,0,-0.039,0.082,-0.002,0.007,0.0,-0.0606,-0.015600000000000001,10.52,-0.051000000000000004,57916.0,0.0366,0.0,0.0,56816.0,0.0318,0.0004,0.006200000000000001,0.0,0.008,0.0,0.0,10.53
557373640,3,0,0.025,0.002,0.029,0.007,0.0,-0.060500000000000005,-0.0193,10.44,-0.0511,57916.0,0.033800000000000004,0.0,4000.0,56816.0,0.0292,0.0004,0.006200000000000001,0.0,0.005,0.0,0.0,10.53
557378289,3,0,0.043000000000000003,0.1,-0.01,0.007,0.0,-0.0609,-0.0228,10.35,-0.051300000000000005,57692.0,0.0298,0.0,8649.0,56180.0,0.027,0.0005,0.006200000000000001,0.0,0.007,0.0,0.0,10.61
557382340,3,0,-0.012,0.003,0.027,0.007,0.0,-0.0611,-0.0234,10.27,-0.0512,57472.0,0.0296,0.0,12700.0,56180.0,0.0267,0.0005,0.006200000000000001,0.0,0.007,0.0,0.0,10.61
557384643,3,0,0.003,0.085,-0.008,0.007,0.0,-0.0603,-0.0234,10.25,-0.051300000000000005,57472.0,0.028300000000000002,0.0,15003.0,56180.0,0.0261,0.0005,0.006200000000000001,0.0,0.007,0.0,0.0,10.61
557389299,3,0,-0.017,-0.009000000000000001,0.024,0.007,0.0,-0.0616,-0.019200000000000002,10.15,-0.051300000000000005,57252.0,0.0329,0.0,0.0,55760.0,0.030000000000000002,0.0005,0.006200000000000001,0.0,0.007,0.0,0.0,10.61
557393639,3,0,0.056,0.08,-0.006,0.008,0.0,-0.062400000000000004,-0.019200000000000002,10.07,-0.051500000000000004,57032.0,0.0339,0.0,4340.0,55352.0,0.030500000000000003,0.0005,0.006200000000000001,0.0,0.006,0.0,0.0,10.61
557398304,3,0,-0.046,0.035,-0.003,0.008,0.0,-0.0592,-0.0184,9.99,-0.0514,56604.0,0.031200000000000002,0.0,9005.0,55352.0,0.028900000000000002,0.0006000000000000001,0.006200000000000001,0.0,0.006,0.0,0.0,10.604000000000001
557402351,3,0,0.048,0.005,-0.004,0.008,0.0,-0.0623,-0.0206,9.93,-0.051500000000000004,56604.0,0.0322,0.0,13052.0,55148.0,0.029400000000000003,0.0006000000000000001,0.006200000000000001,0.0,0.004,0.0,0.0,10.604000000000001
557404639,3,0,-0.04,-0.017,0.006,0.008,0.0,-0.0631,-0.0223,9.91,-0.051500000000000004,56604.0,0.0309,0.0,15340.0,55148.0,0.028800000000000003,0.0006000000000000001,0.006200000000000001,0.0,0.004,0.0,0.0,10.604000000000001
557408641,3,0,0.07,0.052000000000000005,-0.029,0.008,0.0,-0.0613,-0.0233,9.85,-0.0517,56392.0,0.0284,0.0,0.0,54944.0,0.0269,0.0007,0.0063,0.0,0.005,0.0,0.0,10.604000000000001
557412641,3,0,-0.063,-0.006,-0.001,0.008,0.0,-0.0625,-0.0218,9.790000000000001,-0.0516,56604.0,0.030600000000000002,0.0,4000.0,54744.0,0.028800000000000003,0.0007,0.0063,0.0,0.005,0.0,0.0,10.604000000000001
557417684,3,0,0.065,0.032,-0.013000000000000001,0.008,0.0,-0.0629,-0.0205,9.72,-0.0517,56180.0,0.0315,0.0,9043.0,54744.0,0.029900000000000003,0.0007,0.0063,0.0,0.003,0.0,0.0,10.656
557422368,3,0,0.041,0.059000000000000004,-0.036000000000000004,0.008,0.0,-0.061200000000000004,-0.0241,9.63,-0.051800000000000006,55968.0,0.027700000000000002,0.0,13727.0,54544.0,0.0262,0.0007,0.0063,0.0,0.003,0.0,0.0,10.656
557424639,3,0,0.078,0.001,-0.007,0.008,0.0,-0.0608,-0.0258,9.61,-0.0517,55556.0,0.026500000000000003,0.0,15998.0,54544.0,0.0247,0.0007,0.0063,0.0,0.002,0.0,0.0,10.656
557428640,3,0,-0.068,0.008,-0.016,0.008,0.0,-0.0597,-0.0234,9.55,-0.0517,55352.0,0.0264,0.0,0.0,54152.0,0.0257,0.0007,0.0063,0.0,0.003,0.0,0.0,10.656
557433327,3,0,-0.015,-0.054,0.038,0.008,0.0,-0.0601,-0.0234,9.47,-0.0516,55148.0,0.0261,0.0,4687.0,54152.0,0.026000000000000002,0.0007,0.0063,0.0,0.001,0.0,0.0,10.656
557437378,3,0,0.014,0.042,-0.023,0.008,0.0,-0.0611,-0.0233,9.41,-0.0517,54944.0,0.027100000000000003,0.0,8738.0,53956.0,0.0267,0.0007,0.0063,0.0,0.002,0.0,0.0,10.664
557441639,3,0,-0.059000000000000004,-0.064,0.039,0.008,0.0,-0.0603,-0.0219,9.35,-0.0516,54944.0,0.0269,0.0,12999.0,53764.0,0.027100000000000003,0.0007,0.0063,0.0,0.001,0.0,0.0,10.664
557445639,3,0,0.043000000000000003,0.029,-0.016,0.008,0.0,-0.0592,-0.026500000000000003,9.28,-0.0517,54744.0,0.0234,0.0,16999.0,53572.0,0.023100000000000002,0.0007,0.0063,0.0,0.001,0.0,0.0,10.664
557449686,3,0,0.004,-0.062,0.042,0.008,0.0,-0.0599,-0.0286,9.22,-0.0516,54544.0,0.0221,0.0,0.0,53572.0,0.0221,0.0007,0.0063,0.0,-0.001,0.0,0.0,10.664
557454639,3,0,0.096,-0.001,0.012,0.008,0.0,-0.0608,-0.0291,9.13,-0.0516,54544.0,0.0219,0.0,4953.0,53192.0,0.022500000000000003,0.0007,0.0063,0.0,-0.002,0.0,0.0,10.664
557456640,3,0,-0.031,-0.058,0.046,0.008,0.0,-0.061700000000000005,-0.0267,9.08,-0.051500000000000004,54152.0,0.024,0.0,6954.0,53004.0,0.024800000000000003,0.0007,0.0063,0.0,-0.003,0.0,0.0,10.664
557461348,3,0,0.083,0.008,-0.032,0.008,0.0,-0.0582,-0.0273,9.01,-0.051500000000000004,53956.0,0.0216,0.0,11662.0,52816.0,0.0218,0.0007,0.0063,0.0,-0.003,0.0,0.0,10.729000000000001
557466377,3,0,-0.115,-0.025,-0.007,0.008,0.0,-0.0589,-0.0302,8.91,-0.051500000000000004,53764.0,0.019200000000000002,0.0,16691.0,52632.0,0.020300000000000002,0.0007,0.0063,0.0,-0.002,0.0,0.0,10.729000000000001
557468642,3,0,0.031,0.009000000000000001,-0.031,0.008,0.0,-0.058600000000000006,-0.029,8.86,-0.051500000000000004,53764.0,0.020200000000000003,0.0,0.0,52448.0,0.021,0.0007,0.0063,0.0,-0.002,0.0,0.0,10.729000000000001
557473355,3,0,-0.126,-0.045,0.004,0.007,0.0,-0.0579,-0.029500000000000002,8.790000000000001,-0.051300000000000005,53380.0,0.019,0.0,4713.0,52264.0,0.0201,0.0007,0.0063,0.0,-0.003,0.0,0.0,10.729000000000001
557477406,3,0,0.101,-0.025,-0.038,0.007,0.0,-0.055600000000000004,-0.0313,8.72,-0.051300000000000005,53380.0,0.015700000000000002,0.0,8764.0,52084.0,0.0172,0.0006000000000000001,0.0063,0.0,-0.005,0.0,0.0,10.729000000000001
557481682,3,0,-0.098,-0.053,0.003,0.007,0.0,-0.056900000000000006,-0.029300000000000003,8.65,-0.0512,53004.0,0.0176,0.0,13040.0,51904.0,0.0195,0.0006000000000000001,0.0063,0.0,-0.005,0.0,0.0,10.755
557486403,3,0,0.064,-0.049,-0.005,0.007,0.0,-0.0563,-0.028,8.55,-0.0511,52816.0,0.018500000000000003,0.0,17761.0,51724.0,0.02,0.0006000000000000001,0.0063,0.0,-0.008,0.0,0.0,10.755
557488639,3,0,-0.098,-0.052000000000000005,-0.004,0.007,0.0,-0.055200000000000006,-0.0315,8.5,-0.0511,52816.0,0.015300000000000001,0.0,0.0,51544.0,0.0167,0.0006000000000000001,0.0063,0.0,-0.007,0.0,0.0,10.755
557493372,3,0,0.099,-0.043000000000000003,-0.019,0.007,0.0,-0.055,-0.030500000000000003,8.41,-0.0511,52448.0,0.0161,0.0,4733.0,51544.0,0.0173,0.0006000000000000001,0.0063,0.0,-0.009000000000000001,0.0,0.0,10.755
557497418,3,0,-0.113,-0.036000000000000004,-0.021,0.007,0.0,-0.0534,-0.034300000000000004,8.34,-0.051000000000000004,52264.0,0.012,0.0,8779.0,51020.0,0.0135,0.0005,0.006200000000000001,0.0,-0.007,0.0,0.0,10.755
557501639,3,0,0.079,-0.045,-0.03,0.007,0.0,-0.054400000000000004,-0.0262,8.27,-0.0509,52084.0,0.0179,0.0,13000.0,50848.0,0.0199,0.0005,0.006200000000000001,0.0,-0.009000000000000001,0.0,0.0,10.808
557506404,3,0,-0.085,-0.039,-0.035,0.007,0.0,-0.05,-0.0279,8.2,-0.0509,51904.0,0.013800000000000002,0.0,17765.0,51020.0,0.015600000000000001,0.0004,0.006200000000000001,0.0,-0.007,0.0,0.0,10.808
557508638,3,0,0.038,-0.055,-0.026000000000000002,0.006,0.0,-0.049800000000000004,-0.0261,8.15,-0.050800000000000005,51904.0,0.014700000000000001,0.0,0.0,50504.0,0.016800000000000002,0.0004,0.006200000000000001,0.0,-0.008,0.0,0.0,10.808
557512639,3,0,-0.07200000000000001,-0.032,0.002,0.006,0.0,-0.0505,-0.0292,8.09,-0.0506,51544.0,0.0126,0.0,4001.0,50676.0,0.015000000000000001,0.0004,0.006200000000000001,0.0,-0.007,0.0,0.0,10.808
557517432,3,0,0.067,-0.07200000000000001,-0.011,0.006,0.0,-0.0475,-0.0298,8.01,-0.0504,51544.0,0.0106,0.0,8794.0,50336.0,0.0125,0.00030000000000000003,0.0061,0.0,-0.01,0.0,0.0,10.808
557522438,3,0,-0.07,-0.046,-0.008,0.006,0.0,-0.046400000000000004,-0.030000000000000002,7.95,-0.050300000000000004,51020.0,0.0105,0.0,13800.0,50168.0,0.0115,0.00030000000000000003,0.0061,0.0,-0.009000000000000001,0.0,0.0,10.841000000000001
557524642,3,0,0.026000000000000002,-0.075,-0.009000000000000001,0.005,0.0,-0.048400000000000006,-0.029,7.91,-0.0502,51192.0,0.0123,0.0,16004.0,49668.0,0.0137,0.00030000000000000003,0.0061,0.0,-0.01,0.0,0.0,10.841000000000001
557529638,3,0,-0.07,-0.026000000000000002,0.002,0.005,0.0,-0.0458,-0.027200000000000002,7.83,-0.05,50848.0,0.011300000000000001,0.0,0.0,49504.0,0.0131,0.0002,0.0061,0.0,-0.01,0.0,0.0,10.841000000000001
557533638,3,0,0.051000000000000004,-0.078,-0.002,0.005,0.0,-0.046700000000000005,-0.028,7.7700000000000005,-0.0499,50848.0,0.0112,0.0,4000.0,49344.0,0.0132,0.0002,0.0061,0.0,-0.012,0.0,0.0,10.841000000000001
557538402,3,0,-0.073,-0.05,0.004,0.004,0.0,-0.0414,-0.0275,7.69,-0.0497,50848.0,0.0074,0.0,8764.0,49344.0,0.0098,0.0001,0.006,0.0,-0.011,0.0,0.0,10.841000000000001
557540815,3,0,-0.013000000000000001,-0.092,0.001,0.004,0.0,-0.0425,-0.028300000000000002,7.67,-0.0497,50336.0,0.0083,0.0,11177.0,49180.0,0.01,0.0001,0.006,0.0,-0.012,0.0,0.0,10.839
557545682,3,0,0.023,-0.027,-0.004,0.003,0.0,-0.041800000000000004,-0.0291,7.58,-0.049300000000000004,50168.0,0.0073,0.0,16044.0,48860.0,0.009000000000000001,0.0001,0.006,0.0,-0.011,0.0,0.0,10.839
557550411,3,0,0.064,-0.062,-0.015,0.003,0.0,-0.0478,-0.0296,7.5,-0.0492,49832.0,0.0099,0.0,0.0,48700.0,0.0129,0.0,0.006,0.0,-0.013000000000000001,0.0,0.0,10.839
557554638,3,0,-0.047,-0.02,0.017,0.003,0.0,-0.0459,-0.0302,7.43,-0.049100000000000005,49832.0,0.0089,0.0,4227.0,48388.0,0.0111,0.0,0.006,0.0,-0.011,0.0,0.0,10.839
557556644,3,0,-0.034,-0.066,0.023,0.003,0.0,-0.0466,-0.0335,7.41,-0.049100000000000005,49504.0,0.008,0.0,6233.0,48544.0,0.009300000000000001,-0.0001,0.0059,0.0,-0.013000000000000001,0.0,0.0,10.839
557561415,3,0,0.036000000000000004,-0.011,0.01,0.002,0.0,-0.0431,-0.035,7.32,-0.0488,49504.0,0.0044,0.0,11004.0,48232.0,0.0057,-0.0001,0.0059,0.0,-0.013000000000000001,0.0,0.0,10.874
557565422,3,0,0.003,-0.065,0.032,0.003,0.0,-0.046900000000000004,-0.0363,7.25,-0.0488,49180.0,0.0061,0.0,15011.0,48076.0,0.007500000000000001,-0.0001,0.0059,0.0,-0.014,0.0,0.0,10.874
557569637,3,0,0.063,-0.02,0.004,0.002,0.0,-0.044700000000000004,-0.0344,7.19,-0.048400000000000006,49180.0,0.005200000000000001,0.0,0.0,47768.0,0.0073,-0.00030000000000000003,0.0058000000000000005,0.0,-0.015,0.0,0.0,10.874
557574427,3,0,0.028,-0.053,0.005,0.002,0.0,-0.0497,-0.0356,7.1000000000000005,-0.048400000000000006,48544.0,0.0077,0.0,4790.0,47768.0,0.01,-0.00030000000000000003,0.0058000000000000005,0.0,-0.016,0.0,0.0,10.874
557578567,3,0,0.042,-0.016,0.021,0.001,0.0,-0.0483,-0.038200000000000005,7.04,-0.047900000000000005,48860.0,0.0059,0.0,8930.0,47468.0,0.007200000000000001,-0.0005,0.0058000000000000005,0.0,-0.016,0.0,0.0,10.874
557580638,3,0,-0.029,-0.016,0.045,0.001,0.0,-0.0488,-0.0429,7.01,-0.048,48232.0,0.0033,0.0,11001.0,47168.0,0.004200000000000001,-0.0005,0.0058000000000000005,0.0,-0.016,0.0,0.0,10.917
557584641,3,0,0.097,-0.062,-0.026000000000000002,0.0,0.0,-0.046,-0.0417,6.95,-0.0477,48232.0,0.0016,0.0,15004.0,46876.0,0.0031000000000000003,-0.0005,0.0058000000000000005,0.0,-0.018000000000000002,0.0,0.0,10.917
557589637,3,0,-0.007,-0.014,0.055,0.0,0.0,-0.049100000000000005,-0.048100000000000004,6.86,-0.0475,48076.0,0.0,0.0,0.0,46728.0,0.0007,-0.0007,0.0057,0.0,-0.017,0.0,0.0,10.917
557593640,3,0,0.094,-0.084,-0.034,-0.001,0.0,-0.0444,-0.0448,6.8,-0.0471,47924.0,-0.0008,0.0,4003.0,46876.0,-0.0002,-0.0007,0.0057,0.0,-0.019,0.0,0.0,10.917
557598445,3,0,0.0,0.002,0.016,-0.001,0.0,-0.0526,-0.0478,6.71,-0.047,47768.0,0.0024000000000000002,0.0,8808.0,46296.0,0.0034000000000000002,-0.0008,0.0057,0.0,-0.018000000000000002,0.0,0.0,10.917
557602495,3,0,0.105,-0.093,-0.023,-0.002,0.0,-0.049,-0.0536,6.65,-0.0466,47468.0,-0.0024000000000000002,0.0,12858.0,46296.0,-0.0032,-0.0008,0.0057,0.0,-0.02,0.0,0.0,10.971
557604637,3,0,0.056,0.001,0.005,-0.002,0.0,-0.0514,-0.051300000000000005,6.62,-0.0465,47320.0,0.0,0.0,15000.0,46152.0,0.0001,-0.0008,0.0057,0.0,-0.019,0.0,0.0,10.971
557608638,3,0,0.011,-0.054,-0.004,-0.002,0.0,-0.047400000000000005,-0.0495,6.54,-0.046700000000000005,47020.0,-0.0016,0.0,0.0,46012.0,-0.0015,-0.001,0.0057,0.0,-0.018000000000000002,0.0,0.0,10.971
557613456,3,0,0.019,0.003,-0.006,-0.003,0.0,-0.048100000000000004,-0.046,6.47,-0.0461,46876.0,0.0015,0.0,4818.0,45592.0,0.0014,-0.001,0.0057,0.0,-0.018000000000000002,0.0,0.0,10.971
557617505,3,0,-0.013000000000000001,-0.062,0.006,-0.002,0.0,-0.0472,-0.0476,6.41,-0.0465,46728.0,0.0,0.0,8867.0,45456.0,-0.00030000000000000003,-0.0012000000000000001,0.0056,0.0,-0.018000000000000002,0.0,0.0,10.971
557622508,3,0,0.001,0.005,-0.024,-0.004,0.0,-0.0494,-0.0505,6.32,-0.0458,46584.0,-0.0008,0.0,13870.0,45180.0,-0.0007,-0.0012000000000000001,0.0056,0.0,-0.017,0.0,0.0,11.007
557624637,3,0,-0.065,0.062,0.015,-0.003,0.0,-0.049100000000000005,-0.0574,6.2700000000000005,-0.046,46296.0,-0.0046,0.0,15999.0,45316.0,-0.0059,-0.0012000000000000001,0.0056,0.0,-0.017,0.0,0.0,11.007
557628637,3,0,0.07,-0.158,-0.041,-0.004,0.0,-0.0507,-0.0472,6.19,-0.0458,46012.0,0.0015,0.0,0.0,44912.0,0.0025,-0.0014,0.0055000000000000005,0.0,-0.02,0.0,0.0,11.007
557633469,3,0,0.004,0.077,0.023,-0.004,0.0,-0.0502,-0.0737,6.11,-0.0455,46012.0,-0.0111,0.0,4832.0,44776.0,-0.0166,-0.0014,0.0055000000000000005,0.0,-0.016,0.0,0.0,11.007
557637637,3,0,0.034,-0.157,-0.04,-0.005,0.0,-0.0528,-0.049300000000000004,6.04,-0.0453,46296.0,0.0021000000000000003,0.0,9000.0,44776.0,0.0025,-0.0016,0.0055000000000000005,0.0,-0.02,0.0,0.0,11.007
557640815,3,0,-0.005,-0.045,-0.012,-0.006,0.0,-0.047900000000000005,-0.047400000000000005,5.96,-0.0449,45456.0,0.0,0.0,12178.0,44512.0,0.00030000000000000003,-0.0016,0.0055000000000000005,0.0,-0.018000000000000002,0.0,0.0,11.007
557645520,3,0,0.07200000000000001,-0.075,-0.005,-0.006,0.0,-0.0524,-0.06770000000000001,5.89,-0.0448,45316.0,-0.0071,0.0,16883.0,43988.0,-0.0108,-0.0016,0.0055000000000000005,0.0,-0.02,0.0,0.0,11.015
557649637,3,0,-0.009000000000000001,-0.061,-0.012,-0.007,0.0,-0.056900000000000006,-0.0616,5.79,-0.0442,45180.0,-0.0021000000000000003,0.0,0.0,44116.0,-0.0034000000000000002,-0.0018000000000000002,0.0054,0.0,-0.02,0.0,0.0,11.015
557653637,3,0,0.062,0.017,0.01,-0.007,0.0,-0.0495,-0.0616,5.72,-0.0443,44912.0,-0.0055000000000000005,0.0,4000.0,43988.0,-0.0086,-0.0018000000000000002,0.0054,0.0,-0.021,0.0,0.0,11.015
557658488,3,0,0.029,-0.075,-0.011,-0.008,0.0,-0.0594,-0.0823,5.65,-0.0436,44776.0,-0.009600000000000001,0.0,8851.0,43732.0,-0.0162,-0.002,0.0053,0.0,-0.024,0.0,0.0,11.015
557660501,3,0,0.015,0.057,0.026000000000000002,-0.008,0.0,-0.0568,-0.0796,5.6000000000000005,-0.0436,44640.0,-0.010100000000000001,0.0,10864.0,43480.0,-0.0161,-0.002,0.0053,0.0,-0.023,0.0,0.0,11.015
557664638,3,0,0.096,-0.117,-0.002,-0.009000000000000001,0.0,-0.049300000000000004,-0.0692,5.53,-0.043500000000000004,44248.0,-0.008700000000000001,0.0,15001.0,43228.0,-0.014100000000000001,-0.002,0.0053,0.0,-0.026000000000000002,0.0,0.0,11.015
557669636,3,0,0.024,0.049,0.003,-0.01,0.0,-0.0579,-0.0847,5.44,-0.0429,44376.0,-0.0112,0.0,0.0,42980.0,-0.0189,-0.0023,0.005200000000000001,0.0,-0.024,0.0,0.0,11.024000000000001
557673682,3,0,0.10200000000000001,0.002,0.02,-0.01,0.0,-0.057600000000000005,-0.08420000000000001,5.37,-0.0429,43732.0,-0.011000000000000001,0.0,4046.0,42736.0,-0.0188,-0.0023,0.005200000000000001,0.0,-0.026000000000000002,0.0,0.0,11.024000000000001
557676525,3,0,0.011,-0.134,-0.034,-0.011,0.0,-0.0562,-0.0751,5.32,-0.0422,43860.0,-0.0077,0.0,6889.0,42736.0,-0.013300000000000001,-0.0025,0.005200000000000001,0.0,-0.024,0.0,0.0,11.024000000000001
557681505,3,0,0.052000000000000005,0.036000000000000004,0.02,-0.011,0.0,-0.055200000000000006,-0.0717,5.25,-0.0424,43604.0,-0.007,0.0,11869.0,42492.0,-0.0117,-0.0025,0.005200000000000001,0.0,-0.025,0.0,0.0,11.024000000000001
557685561,3,0,-0.018000000000000002,-0.171,-0.018000000000000002,-0.012,0.0,-0.0545,-0.0717,5.19,-0.042,43104.0,-0.006900000000000001,0.0,15925.0,42136.0,-0.012100000000000001,-0.0025,0.005200000000000001,0.0,-0.026000000000000002,0.0,0.0,11.024000000000001
557689636,3,0,-0.016,0.088,0.007,-0.011,0.0,-0.0597,-0.08360000000000001,5.14,-0.0422,43104.0,-0.009300000000000001,0.0,0.0,42016.0,-0.016900000000000002,-0.0028,0.0051,0.0,-0.026000000000000002,0.0,0.0,11.059000000000001
557693701,3,0,0.034,-0.051000000000000004,-0.015,-0.011,0.0,-0.0881,-0.077,5.08,-0.0425,42736.0,0.004200000000000001,0.0,4065.0,41784.0,0.0079,-0.0028,0.0051,0.0,-0.03,0.0,0.0,11.059000000000001
557698517,3,0,0.007,0.059000000000000004,0.008,-0.011,0.0,-0.0762,-0.1009,5.01,-0.0425,42612.0,-0.0091,0.0,8881.0,41436.0,-0.017400000000000002,-0.0031000000000000003,0.005,0.0,-0.028,0.0,0.0,11.059000000000001
557700518,3,0,0.095,0.059000000000000004,0.019,-0.01,0.0,-0.053000000000000005,-0.097,4.99,-0.0426,42492.0,-0.016800000000000002,0.0,10882.0,41320.0,-0.031100000000000003,-0.0031000000000000003,0.005,0.0,-0.03,0.0,0.0,11.059000000000001
557704636,3,0,-0.038,-0.2,-0.029,-0.011,0.0,-0.041,-0.0757,4.94,-0.042100000000000005,42136.0,-0.0131,0.0,15000.0,41096.0,-0.0245,-0.0031000000000000003,0.005,0.0,-0.031,0.0,0.0,11.059000000000001
557709525,3,0,0.011,0.07100000000000001,0.026000000000000002,-0.012,0.0,-0.0531,-0.0526,4.87,-0.0419,42016.0,0.0006000000000000001,0.0,0.0,40984.0,0.0004,-0.0034000000000000002,0.0048000000000000004,0.0,-0.029,0.0,0.0,11.082
557713636,3,0,0.024,-0.192,0.002,-0.013000000000000001,0.0,-0.0536,-0.0753,4.8100000000000005,-0.0415,41664.0,-0.0081,0.0,4111.0,40648.0,-0.0154,-0.0034000000000000002,0.0048000000000000004,0.0,-0.03,0.0,0.0,11.082
557717660,3,0,-0.089,0.002,0.002,-0.013000000000000001,0.0,-0.0572,-0.06380000000000001,4.76,-0.041100000000000005,41436.0,-0.0029000000000000002,0.0,8135.0,40432.0,-0.0047,-0.0036000000000000003,0.0047,0.0,-0.028,0.0,0.0,11.082
557720530,3,0,0.029,0.042,0.024,-0.013000000000000001,0.0,-0.0534,-0.0644,4.72,-0.0413,41320.0,-0.004,0.0,11005.0,40320.0,-0.0078000000000000005,-0.0036000000000000003,0.0047,0.0,-0.029,0.0,0.0,11.082
557724638,3,0,-0.065,-0.188,0.002,-0.014,0.0,-0.06520000000000001,-0.0545,4.67,-0.041,41208.0,0.0039000000000000003,0.0,15113.0,40104.0,0.007500000000000001,-0.0036000000000000003,0.0047,0.0,-0.03,0.0,0.0,11.082
557728640,3,0,-0.033,0.062,0.018000000000000002,-0.013000000000000001,0.0,-0.0456,-0.08170000000000001,4.61,-0.0412,40872.0,-0.0128,0.0,0.0,39892.0,-0.025500000000000002,-0.0039000000000000003,0.0045000000000000005,0.0,-0.027,0.0,0.0,11.082
557733537,3,0,0.027,-0.176,0.008,-0.014,0.0,-0.0551,-0.079,4.54,-0.041,40648.0,-0.0082,0.0,4897.0,39680.0,-0.016900000000000002,-0.0039000000000000003,0.0045000000000000005,0.0,-0.03,0.0,0.0,11.079
557737635,3,0,-0.134,0.0,0.017,-0.014,0.0,-0.0455,-0.0585,4.48,-0.0409,40320.0,-0.0043,0.0,8995.0,39368.0,-0.0091,-0.004200000000000001,0.0043,0.0,-0.026000000000000002,0.0,0.0,11.079
557742594,3,0,0.16,-0.11900000000000001,0.009000000000000001,-0.014,0.0,-0.05,-0.0879,4.39,-0.0408,40320.0,-0.012700000000000001,0.0,13954.0,39164.0,-0.0268,-0.004200000000000001,0.0043,0.0,-0.029,0.0,0.0,11.079
557744636,3,0,0.079,-0.164,0.015,-0.015,0.0,-0.057800000000000004,-0.0974,4.36,-0.0403,39892.0,-0.0132,0.0,15996.0,39064.0,-0.028,-0.004200000000000001,0.0043,0.0,-0.028,0.0,0.0,11.079
557748660,3,0,-0.158,0.034,0.016,-0.015,0.0,-0.0438,-0.058300000000000005,4.3,-0.0402,39680.0,-0.0047,0.0,0.0,38660.0,-0.0102,-0.0044,0.0041,0.0,-0.023,0.0,0.0,11.079
557753555,3,0,0.11900000000000001,-0.115,-0.006,-0.015,0.0,-0.0661,-0.0494,4.21,-0.040100000000000004,39680.0,0.0055000000000000005,0.0,4895.0,38264.0,0.0119,-0.0044,0.0041,0.0,-0.026000000000000002,0.0,0.0,11.095
557757606,3,0,-0.111,-0.028,0.013000000000000001,-0.016,0.0,-0.047900000000000005,-0.0835,4.14,-0.0397,39164.0,-0.0115,0.0,8946.0,38168.0,-0.0252,-0.0046,0.0039000000000000003,0.0,-0.022,0.0,0.0,11.095
557761636,3,0,0.014,-0.012,0.006,-0.015,0.0,-0.056,-0.0965,4.07,-0.040100000000000004,38960.0,-0.0123,0.0,12976.0,38072.0,-0.0286,-0.0046,0.0039000000000000003,0.0,-0.023,0.0,0.0,11.095
557764563,3,0,0.107,-0.097,-0.007,-0.016,0.0,-0.0668,-0.0726,4.03,-0.0398,38960.0,-0.0015,0.0,15903.0,37880.0,-0.0041,-0.0046,0.0039000000000000003,0.0,-0.024,0.0,0.0,11.095
557768635,3,0,-0.081,-0.021,-0.011,-0.016,0.0,-0.0455,-0.1072,3.97,-0.0397,38860.0,-0.018600000000000002,0.0,0.0,37500.0,-0.0436,-0.0049,0.0037,0.0,-0.02,0.0,0.0,11.095
557773570,3,0,0.14200000000000002,-0.047,-0.002,-0.016,0.0,-0.0659,-0.12150000000000001,3.88,-0.0397,38264.0,-0.0164,0.0,4935.0,37220.0,-0.0393,-0.0049,0.0037,0.0,-0.023,0.0,0.0,11.154
557777622,3,0,0.027,-0.058,-0.011,-0.017,0.0,-0.052500000000000005,-0.1052,3.8200000000000003,-0.0391,38264.0,-0.015600000000000001,0.0,8987.0,37036.0,-0.0373,-0.0051,0.0036000000000000003,0.0,-0.022,0.0,0.0,11.154
557781635,3,0,-0.083,-0.017,-0.017,-0.017,0.0,-0.0539,-0.0781,3.75,-0.0392,37784.0,-0.007200000000000001,0.0,13000.0,36672.0,-0.0171,-0.0051,0.0036000000000000003,0.0,-0.02,0.0,0.0,11.154
557785663,3,0,0.145,-0.047,0.009000000000000001,-0.018000000000000002,0.0,-0.0629,-0.09330000000000001,3.69,-0.038900000000000004,37688.0,-0.0085,0.0,17028.0,36496.0,-0.021400000000000002,-0.0053,0.0035,0.0,-0.022,0.0,0.0,11.154
557788581,3,0,0.028,-0.044,0.005,-0.019,0.0,-0.0565,-0.0893,3.63,-0.038400000000000004,37500.0,-0.0092,0.0,0.0,36408.0,-0.023200000000000002,-0.0053,0.0035,0.0,-0.02,0.0,0.0,11.154
557793584,3,0,-0.07200000000000001,-0.023,-0.017,-0.018000000000000002,0.0,-0.0668,-0.08370000000000001,3.5700000000000003,-0.038700000000000005,37128.0,-0.0043,0.0,5003.0,36320.0,-0.0119,-0.0053,0.0035,0.0,-0.02,0.0,0.0,11.17
557798587,3,0,0.1,-0.038,0.02,-0.019,0.0,-0.059500000000000004,-0.0824,3.5,-0.038400000000000004,36944.0,-0.0059,0.0,10006.0,35884.0,-0.0162,-0.0055000000000000005,0.0035,0.0,-0.021,0.0,0.0,11.17
557800589,3,0,-0.057,-0.038,0.019,-0.019,0.0,-0.056100000000000004,-0.08410000000000001,3.46,-0.0385,36764.0,-0.007500000000000001,0.0,12008.0,35628.0,-0.0198,-0.0055000000000000005,0.0035,0.0,-0.021,0.0,0.0,11.17
557805661,3,0,0.056,-0.039,-0.02,-0.018000000000000002,0.0,-0.0661,-0.1331,3.41,-0.0388,36496.0,-0.0177,0.0,17080.0,35376.0,-0.0473,-0.0057,0.0035,0.0,-0.023,0.0,0.0,11.17
557808595,3,0,0.146,-0.009000000000000001,0.007,-0.019,0.0,-0.0719,-0.10010000000000001,3.36,-0.0385,36496.0,-0.0073,0.0,0.0,35296.0,-0.0199,-0.0057,0.0035,0.0,-0.024,0.0,0.0,11.17
557812646,3,0,-0.113,-0.041,0.02,-0.019,0.0,-0.0558,-0.09240000000000001,3.31,-0.0386,36144.0,-0.0092,0.0,4051.0,35048.0,-0.025900000000000003,-0.0057,0.0035,0.0,-0.023,0.0,0.0,11.154
557818603,3,0,0.139,-0.011,-0.013000000000000001,-0.019,0.0,-0.0693,-0.0921,3.23,-0.038400000000000004,35884.0,-0.0059,0.0,10008.0,34640.0,-0.0161,-0.006,0.0034000000000000002,0.0,-0.025,0.0,0.0,11.154
557820637,3,0,0.14400000000000002,0.009000000000000001,0.005,-0.02,0.0,-0.06330000000000001,-0.10650000000000001,3.2,-0.0381,35460.0,-0.0108,0.0,12042.0,34404.0,-0.030500000000000003,-0.006,0.0034000000000000002,0.0,-0.024,0.0,0.0,11.154
557825675,3,0,-0.244,-0.048,0.008,-0.019,0.0,-0.0727,-0.0422,3.13,-0.0383,35376.0,0.0071,0.0,17080.0,34168.0,0.0216,-0.006200000000000001,0.0033,0.0,-0.019,0.0,0.0,11.154
557828608,3,0,-0.025,-0.023,-0.018000000000000002,-0.018000000000000002,0.0,-0.0775,-0.068,3.09,-0.0386,35128.0,0.0022,0.0,0.0,34168.0,0.0067,-0.006200000000000001,0.0033,0.0,-0.021,0.0,0.0,11.154
557832661,3,0,0.153,0.015,-0.005,-0.019,0.0,-0.0684,-0.0888,3.0300000000000002,-0.0383,34800.0,-0.0048000000000000004,0.0,4053.0,33860.0,-0.014400000000000001,-0.006200000000000001,0.0033,0.0,-0.022,0.0,0.0,11.196
557837695,3,0,-0.242,-0.034,0.003,-0.018000000000000002,0.0,-0.0811,-0.12940000000000002,2.96,-0.038900000000000004,34404.0,-0.0108,0.0,9087.0,33556.0,-0.0341,-0.0064,0.0032,0.0,-0.02,0.0,0.0,11.196
557840813,3,0,0.016,-0.012,-0.025,-0.017,0.0,-0.08310000000000001,-0.10880000000000001,2.92,-0.039,34404.0,-0.0057,0.0,12205.0,33260.0,-0.0182,-0.0064,0.0032,0.0,-0.022,0.0,0.0,11.196
557845664,3,0,0.127,0.026000000000000002,-0.001,-0.019,0.0,-0.09390000000000001,-0.128,2.85,-0.038400000000000004,34012.0,-0.0073,0.0,17056.0,32968.0,-0.0241,-0.0064,0.0032,0.0,-0.022,0.0,0.0,11.196
557848625,3,0,-0.17300000000000001,0.0,0.014,-0.019,0.0,-0.0927,-0.1429,2.81,-0.038400000000000004,33784.0,-0.0109,0.0,0.0,32536.0,-0.035500000000000004,-0.0066,0.0032,0.0,-0.021,0.0,0.0,11.196
557852676,3,0,-0.076,-0.005,-0.019,-0.018000000000000002,0.0,-0.1004,-0.07980000000000001,2.75,-0.039,33860.0,0.004200000000000001,0.0,4051.0,32536.0,0.0146,-0.0066,0.0032,0.0,-0.021,0.0,0.0,11.198
557857678,3,0,0.241,0.034,0.003,-0.019,0.0,-0.11560000000000001,-0.1153,2.69,-0.038200000000000005,33332.0,0.0002,0.0,9053.0,32188.0,0.0002,-0.0068000000000000005,0.0031000000000000003,0.0,-0.024,0.0,0.0,11.198
557860641,3,0,-0.095,0.049,0.033,-0.019,0.0,-0.1253,-0.1386,2.65,-0.0383,32968.0,-0.0028,0.0,12016.0,32052.0,-0.0095,-0.0068000000000000005,0.0031000000000000003,0.0,-0.023,0.0,0.0,11.198
557865695,3,0,-0.045,-0.015,-0.016,-0.018000000000000002,0.0,-0.1164,-0.1155,2.58,-0.039,32752.0,-0.0002,0.0,17070.0,31848.0,0.0007,-0.0071,0.0031000000000000003,0.0,-0.023,0.0,0.0,11.198
557870641,3,0,0.242,0.05,0.004,-0.019,0.0,-0.13620000000000002,-0.12340000000000001,2.5100000000000002,-0.038200000000000005,32468.0,0.0022,0.0,0.0,31448.0,0.0091,-0.0071,0.0031000000000000003,0.0,-0.023,0.0,0.0,11.198
557872690,3,0,0.07,0.051000000000000004,0.029,-0.02,0.0,-0.12140000000000001,-0.1829,2.5,-0.0381,32120.0,-0.0119,0.0,2049.0,31248.0,-0.043500000000000004,-0.0071,0.0031000000000000003,0.0,-0.023,0.0,0.0,11.209
557878647,3,0,0.026000000000000002,-0.047,-0.027,-0.019,0.0,-0.1253,-0.22190000000000001,2.41,-0.0385,31912.0,-0.018000000000000002,0.0,8006.0,30992.0,-0.0684,-0.007200000000000001,0.003,0.0,-0.022,0.0,0.0,11.209
557880648,3,0,0.234,-0.033,-0.042,-0.019,0.0,-0.12810000000000002,-0.2031,2.39,-0.0381,31848.0,-0.013800000000000002,0.0,10007.0,30992.0,-0.053000000000000005,-0.007200000000000001,0.003,0.0,-0.022,0.0,0.0,11.209
557885714,3,0,0.117,-0.025,0.013000000000000001,-0.022,0.0,-0.09240000000000001,-0.194,2.33,-0.0371,31448.0,-0.018000000000000002,0.0,15073.0,30612.0,-0.0718,-0.007500000000000001,0.003,0.0,-0.022,0.0,0.0,11.209
557890814,3,0,-0.116,-0.07100000000000001,-0.022,-0.021,0.0,-0.10990000000000001,-0.21680000000000002,2.2600000000000002,-0.037200000000000004,31316.0,-0.0187,0.0,0.0,30304.0,-0.0756,-0.007500000000000001,0.003,0.0,-0.023,0.0,0.0,11.209
557893659,3,0,0.153,-0.078,-0.05,-0.022,0.0,-0.11410000000000001,-0.17200000000000001,2.23,-0.0369,30928.0,-0.0098,0.0,2845.0,29940.0,-0.0409,-0.007500000000000001,0.003,0.0,-0.024,0.0,0.0,11.221
557898683,3,0,-0.033,-0.044,0.017,-0.023,0.0,-0.112,-0.030100000000000002,2.16,-0.0364,30672.0,0.0135,0.0,7869.0,29644.0,0.0579,-0.0077,0.003,0.0,-0.025,0.0,0.0,11.221
557901690,3,0,-0.301,-0.037,0.037,-0.022,0.0,-0.11460000000000001,-0.09920000000000001,2.13,-0.037000000000000005,30488.0,0.0025,0.0,10876.0,29468.0,0.0109,-0.0077,0.003,0.0,-0.027,0.0,0.0,11.221
557904664,3,0,-0.015,-0.063,-0.008,-0.021,0.0,-0.124,-0.2177,2.1,-0.037200000000000004,30364.0,-0.0154,0.0,13850.0,29296.0,-0.0663,-0.0077,0.003,0.0,-0.028,0.0,0.0,11.221
557908668,3,0,0.158,-0.035,-0.002,-0.022,0.0,-0.1313,-0.13570000000000002,2.05,-0.0367,29880.0,-0.0007,0.0,0.0,28956.0,-0.0031000000000000003,-0.008,0.0029000000000000002,0.0,-0.031,0.0,0.0,11.221
557912717,3,0,-0.273,0.03,0.077,-0.022,0.0,-0.1585,-0.1115,2.0,-0.037000000000000005,29584.0,0.007,0.0,4049.0,28624.0,0.0333,-0.008,0.0029000000000000002,0.0,-0.03,0.0,0.0,11.221
557918673,3,0,0.154,-0.007,0.003,0.0,0.0,0.0,0.0,1.93,-0.0376,29412.0,0.0,0.0,10005.0,28408.0,0.0,-0.0083,0.0029000000000000002,0.0,-0.029,0.0,0.0,11.271
557920676,3,0,0.28400000000000003,-0.014,-0.017,0.0,0.0,0.0,0.0,1.9100000000000001,-0.037200000000000004,29296.0,0.0,0.0,12008.0,28196.0,0.0,-0.0083,0.0029000000000000002,0.0,-0.03,0.0,0.0,11.271
557925770,3,0,-0.198,0.074,0.063,0.0,0.0,0.0,0.0,1.85,-0.037200000000000004,28736.0,0.0,0.0,17102.0,27984.0,0.0,-0.0085,0.0028,0.0,-0.022,0.0,0.0,11.271
557928680,3,0,-0.243,0.069,0.064,0.0,0.0,0.0,0.0,1.82,-0.0379,28736.0,0.0,0.0,0.0,27880.0,0.0,-0.0085,0.0028,0.0,-0.02,0.0,0.0,11.271
557932728,3,0,0.136,0.022,-0.047,0.0,0.0,0.0,0.0,1.77,-0.038,28408.0,0.0,0.0,4048.0,27572.0,0.0,-0.0085,0.0028,0.0,-0.022,0.0,0.0,11.271
557938689,3,0,-0.021,0.069,0.001,0.0,0.0,0.0,0.0,1.7,-0.0375,28196.0,0.0,0.0,10009.0,27172.0,0.0,-0.0088,0.0027,0.0,-0.021,0.0,0.0,11.122
557940812,3,0,-0.108,0.09,0.017,0.0,0.0,0.0,0.0,1.67,-0.037700000000000004,27880.0,0.0,0.0,12132.0,27076.0,0.0,-0.0088,0.0027,0.0,-0.02,0.0,0.0,11.122
557945761,3,0,0.374,0.065,-0.082,0.0,0.0,0.0,0.0,1.62,-0.037700000000000004,27676.0,0.0,0.0,17081.0,26596.0,0.0,-0.009000000000000001,0.0028,0.0,-0.026000000000000002,0.0,0.0,11.122
557948694,3,0,0.451,0.037,-0.124,0.0,0.0,0.0,0.0,1.58,-0.0368,27372.0,0.0,0.0,0.0,26500.0,0.0,-0.009000000000000001,0.0028,0.0,-0.026000000000000002,0.0,0.0,11.122
557952745,3,0,0.188,0.058,-0.038,0.0,0.0,0.0,0.0,1.53,-0.0361,27076.0,0.0,0.0,4051.0,26224.0,0.0,-0.009000000000000001,0.0028,0.0,-0.024,0.0,0.0,11.122
557958701,3,0,0.291,0.113,-0.04,0.0,0.0,0.0,0.0,1.47,-0.0356,26688.0,0.0,0.0,10007.0,25952.0,0.0,-0.0092,0.0028,0.0,-0.021,0.0,0.0,11.269
557960714,3,0,0.405,0.088,-0.089,0.0,0.0,0.0,0.0,1.44,-0.0351,26596.0,0.0,0.0,12020.0,25684.0,0.0,-0.0092,0.0028,0.0,-0.022,0.0,0.0,11.269
557966708,3,0,0.073,0.11900000000000001,0.017,0.0,0.0,0.0,0.0,1.3900000000000001,-0.0341,26316.0,0.0,0.0,18014.0,25252.0,0.0,-0.0094,0.0029000000000000002,0.0,-0.021,0.0,0.0,11.269
557968710,3,0,0.039,0.129,0.063,0.0,0.0,0.0,0.0,1.36,-0.034300000000000004,26040.0,0.0,0.0,0.0,25336.0,0.0,-0.0094,0.0029000000000000002,0.0,-0.021,0.0,0.0,11.269
557972760,3,0,0.28600000000000003,0.189,0.053,0.0,0.0,0.0,0.0,1.32,-0.0341,25772.0,0.0,0.0,4050.0,24752.0,0.0,-0.0094,0.0029000000000000002,0.0,-0.024,0.0,0.0,11.269
557977762,3,0,0.31,0.195,0.056,0.0,0.0,0.0,0.0,1.29,-0.033800000000000004,25512.0,0.0,0.0,9052.0,24592.0,0.0,-0.0098,0.0032,0.0,-0.038,0.0,0.0,11.249
557980717,3,0,0.17400000000000002,0.209,0.127,0.0,0.0,0.0,0.0,1.25,-0.033800000000000004,25336.0,0.0,0.0,12007.0,24428.0,0.0,-0.0098,0.0032,0.0,-0.039,0.0,0.0,11.249
557985774,3,0,0.222,0.146,0.088,0.0,0.0,0.0,0.0,1.2,-0.0339,25000.0,0.0,0.0,17064.0,24040.0,0.0,-0.0102,0.0036000000000000003,0.0,-0.041,0.0,0.0,11.249
557988738,3,0,0.228,0.166,0.05,0.0,0.0,0.0,0.0,1.17,-0.0337,24672.0,0.0,0.0,0.0,23960.0,0.0,-0.0102,0.0036000000000000003,0.0,-0.041,0.0,0.0,11.249
557993726,3,0,0.021,0.096,0.108,0.0,0.0,0.0,0.0,1.12,-0.0339,24508.0,0.0,0.0,4988.0,23584.0,0.0,-0.0102,0.0036000000000000003,0.0,-0.039,0.0,0.0,11.249
557998730,3,0,-0.04,0.018000000000000002,-0.016,0.0,0.0,0.0,0.0,1.08,-0.0341,24272.0,0.0,0.0,9992.0,23292.0,0.0,-0.0105,0.0038,0.0,-0.033,0.0,0.0,11.26
558000731,3,0,-0.032,-0.009000000000000001,-0.039,0.0,0.0,0.0,0.0,1.06,-0.0341,23960.0,0.0,0.0,11993.0,23076.0,0.0,-0.0105,0.0038,0.0,-0.033,0.0,0.0,11.26
558005804,3,0,-0.093,-0.11900000000000001,-0.056,0.0,0.0,0.0,0.0,1.01,-0.034,23584.0,0.0,0.0,17066.0,22796.0,0.0,-0.0105,0.0038,0.0,-0.03,0.0,0.0,11.26
558008737,3,0,-0.109,-0.08700000000000001,-0.049,0.0,0.0,0.0,0.0,0.98,-0.034,23512.0,0.0,0.0,0.0,22656.0,0.0,-0.0105,0.0038,0.0,-0.026000000000000002,0.0,0.0,11.26
558012786,3,0,0.016,-0.17200000000000001,-0.166,0.0,0.0,0.0,0.0,0.9400000000000001,-0.0339,23148.0,0.0,0.0,4049.0,22256.0,0.0,-0.0105,0.0038,0.0,-0.028,0.0,0.0,11.26
558018744,3,0,-0.094,-0.211,-0.062,0.0,0.0,0.0,0.0,0.89,-0.033100000000000004,22936.0,0.0,0.0,10007.0,21992.0,0.0,-0.0108,0.0039000000000000003,0.0,-0.025,0.0,0.0,11.26
558020745,3,0,-0.065,-0.218,-0.054,0.0,0.0,0.0,0.0,0.87,-0.0329,22656.0,0.0,0.0,12008.0,21864.0,0.0,-0.0108,0.0039000000000000003,0.0,-0.025,0.0,0.0,11.26
558025798,3,0,-0.012,-0.147,-0.065,0.0,0.0,0.0,0.0,0.8200000000000001,-0.031900000000000005,22320.0,0.0,0.0,17061.0,21304.0,0.0,-0.011000000000000001,0.0039000000000000003,0.0,-0.019,0.0,0.0,11.26
558030752,3,0,-0.167,-0.2,-0.019,0.0,0.0,0.0,0.0,0.78,-0.0317,21992.0,0.0,0.0,0.0,21248.0,0.0,-0.011000000000000001,0.0039000000000000003,0.0,-0.016,0.0,0.0,11.26
558032799,3,0,-0.192,-0.199,0.025,0.0,0.0,0.0,0.0,0.77,-0.0316,21864.0,0.0,0.0,2047.0,20948.0,0.0,-0.011000000000000001,0.0039000000000000003,0.0,-0.015,0.0,0.0,11.26
558038756,3,0,-0.159,-0.198,0.045,0.0,0.0,0.0,0.0,0.71,-0.031900000000000005,21552.0,0.0,0.0,8004.0,20604.0,0.0,-0.0111,0.0039000000000000003,0.0,-0.018000000000000002,0.0,0.0,11.251
558040811,3,0,-0.16,-0.231,0.033,0.0,0.0,0.0,0.0,0.7000000000000001,-0.0318,21488.0,0.0,0.0,10059.0,20492.0,0.0,-0.0111,0.0039000000000000003,0.0,-0.02,0.0,0.0,11.251
558045822,3,0,-0.209,-0.147,0.065,0.0,0.0,0.0,0.0,0.65,-0.031900000000000005,20948.0,0.0,0.0,15070.0,20052.0,0.0,-0.011300000000000001,0.0039000000000000003,0.0,-0.017,0.0,0.0,11.251
558048762,3,0,-0.167,-0.213,0.076,0.0,0.0,0.0,0.0,0.63,-0.031900000000000005,20892.0,0.0,0.0,0.0,20000.0,0.0,-0.011300000000000001,0.0039000000000000003,0.0,-0.021,0.0,0.0,11.251
558052809,3,0,-0.171,-0.262,0.026000000000000002,0.0,0.0,0.0,0.0,0.6,-0.0316,20436.0,0.0,0.0,4047.0,19684.0,0.0,-0.011300000000000001,0.0039000000000000003,0.0,-0.022,0.0,0.0,11.251
558057808,3,0,-0.198,-0.234,0.023,0.0,0.0,0.0,0.0,0.55,-0.0313,20272.0,0.0,0.0,9046.0,19280.0,0.0,-0.0115,0.0038,0.0,-0.017,0.0,0.0,11.282
558062808,3,0,-0.219,-0.234,0.019,0.0,0.0,0.0,0.0,0.51,-0.0309,19892.0,0.0,0.0,14046.0,19036.0,0.0,-0.0115,0.0038,0.0,-0.009000000000000001,0.0,0.0,11.282
558065821,3,0,-0.213,-0.213,-0.013000000000000001,0.0,0.0,0.0,0.0,0.49,-0.0307,19632.0,0.0,0.0,17059.0,18752.0,0.0,-0.0115,0.0038,0.0,-0.005,0.0,0.0,11.282
558068773,3,0,-0.211,-0.219,-0.032,0.0,0.0,0.0,0.0,0.47000000000000003,-0.0307,19584.0,0.0,0.0,0.0,18704.0,0.0,-0.0115,0.0038,0.0,-0.005,0.0,0.0,11.282
558072815,3,0,-0.219,-0.222,0.002,0.0,0.0,0.0,0.0,0.44,-0.0307,19232.0,0.0,0.0,4042.0,18336.0,0.0,-0.0115,0.0038,0.0,-0.004,0.0,0.0,11.282
558077864,3,0,-0.151,-0.193,-0.028,0.0,0.0,0.0,0.0,0.4,-0.0307,18892.0,0.0,0.0,9091.0,17944.0,0.0,-0.011600000000000001,0.0037,0.0,-0.005,0.0,0.0,11.253
558080782,3,0,-0.092,-0.153,-0.07,0.0,0.0,0.0,0.0,0.38,-0.030600000000000002,18704.0,0.0,0.0,12009.0,17900.0,0.0,-0.011600000000000001,0.0037,0.0,-0.006,0.0,0.0,11.253
558085847,3,0,-0.07200000000000001,-0.14100000000000001,-0.037,0.0,0.0,0.0,0.0,0.36,-0.0304,18472.0,0.0,0.0,17074.0,17440.0,0.0,-0.0117,0.0037,0.0,-0.008,0.0,0.0,11.253
558090683,3,0,-0.018000000000000002,-0.108,-0.013000000000000001,0.0,0.0,0.0,0.0,0.34,-0.0303,18028.0,0.0,0.0,0.0,17160.0,0.0,-0.0117,0.0037,0.0,-0.009000000000000001,0.0,0.0,11.253
558092808,3,0,-0.016,-0.113,-0.018000000000000002,0.0,0.0,0.0,0.0,0.33,-0.0302,17900.0,0.0,0.0,2125.0,16928.0,0.0,-0.0117,0.0037,0.0,-0.009000000000000001,0.0,0.0,11.253
558097880,3,0,-0.059000000000000004,-0.10300000000000001,-0.026000000000000002,0.0,0.0,0.0,0.0,0.3,-0.0298,17564.0,0.0,0.0,7197.0,16664.0,0.0,-0.0117,0.0036000000000000003,0.0,-0.002,0.0,0.0,11.255
558100798,3,0,-0.035,-0.066,0.015,0.0,0.0,0.0,0.0,0.29,-0.0297,17320.0,0.0,0.0,10115.0,16340.0,0.0,-0.0117,0.0036000000000000003,0.0,0.001,0.0,0.0,11.255
558105850,3,0,0.005,-0.049,0.0,0.0,0.0,0.0,0.0,0.27,-0.029400000000000003,17044.0,0.0,0.0,15167.0,16128.0,0.0,-0.0117,0.0035,0.0,0.002,0.0,0.0,11.255
558110806,3,0,0.036000000000000004,0.008,0.005,0.0,0.0,0.0,0.0,0.24,-0.029400000000000003,16740.0,0.0,0.0,0.0,15824.0,0.0,-0.0117,0.0035,0.0,0.002,0.0,0.0,11.255
558112886,3,0,0.07100000000000001,0.023,0.04,0.0,0.0,0.0,0.0,0.23,-0.029500000000000002,16520.0,0.0,0.0,2080.0,15464.0,0.0,-0.0117,0.0035,0.0,0.001,0.0,0.0,11.255
558117895,3,0,0.132,0.021,0.028,0.0,0.0,0.0,0.0,0.21,-0.029500000000000002,16128.0,0.0,0.0,7089.0,15184.0,0.0,-0.0118,0.0035,0.0,-0.007,0.0,0.0,11.257
558120808,3,0,0.158,0.038,-0.002,0.0,0.0,0.0,0.0,0.19,-0.029300000000000003,16060.0,0.0,0.0,10002.0,15060.0,0.0,-0.0118,0.0035,0.0,-0.007,0.0,0.0,11.257
558124935,3,0,0.159,0.055,0.028,0.0,0.0,0.0,0.0,0.17,-0.028900000000000002,15724.0,0.0,0.0,14129.0,14736.0,0.0,-0.0118,0.0035,0.0,-0.004,0.0,0.0,11.257
558129809,3,0,0.15,0.09,0.043000000000000003,0.0,0.0,0.0,0.0,0.15,-0.028300000000000002,15244.0,0.0,0.0,0.0,14424.0,0.0,-0.0118,0.0037,0.0,0.002,0.0,0.0,11.257
558134812,3,0,0.14200000000000002,0.098,-0.022,0.0,0.0,0.0,0.0,0.12,-0.0279,14968.0,0.0,0.0,5003.0,14044.0,0.0,-0.0118,0.0037,0.0,0.005,0.0,0.0,11.26
558136830,3,0,0.14400000000000002,0.107,-0.002,0.0,0.0,0.0,0.0,0.11,-0.027800000000000002,14792.0,0.0,0.0,7021.0,13940.0,0.0,-0.0117,0.0038,0.0,0.008,0.0,0.0,11.26
558141676,3,0,0.171,0.137,0.02,0.0,0.0,0.0,0.0,0.1,-0.027800000000000002,14424.0,0.0,0.0,11867.0,13488.0,0.0,-0.0117,0.0038,0.0,0.008,0.0,0.0,11.26
558145892,3,0,0.17500000000000002,0.146,-0.023,0.0,0.0,0.0,0.0,0.08,-0.0279,14152.0,0.0,0.0,16083.0,13344.0,0.0,-0.0117,0.0041,0.0,0.006,0.0,0.0,11.26
558150682,3,0,0.23700000000000002,0.169,-0.015,0.0,0.0,0.0,0.0,0.07,-0.0279,13736.0,0.0,0.0,0.0,12840.0,0.0,-0.0117,0.0041,0.0,0.003,0.0,0.0,11.26
558152682,3,0,0.265,0.176,0.005,0.0,0.0,0.0,0.0,0.06,-0.027800000000000002,13636.0,0.0,0.0,2000.0,12756.0,0.0,-0.0117,0.0041,0.0,0.002,0.0,0.0,11.26
558156824,3,0,0.265,0.17300000000000001,0.005,0.0,0.0,0.0,0.0,0.04,-0.027600000000000003,13392.0,0.0,0.0,6142.0,12500.0,0.0,-0.0117,0.0045000000000000005,0.0,0.0,0.0,0.0,11.265
558160887,3,0,0.227,0.158,-0.033,0.0,0.0,0.0,0.0,0.03,-0.0273,13156.0,0.0,0.0,10205.0,12056.0,0.0,-0.0117,0.0045000000000000005,0.0,0.002,0.0,0.0,11.265
558165683,3,0,0.264,0.148,-0.003,0.0,0.0,0.0,0.0,0.01,-0.0269,12756.0,0.0,0.0,15001.0,11868.0,0.0,-0.0117,0.0045000000000000005,0.0,0.002,0.0,0.0,11.265
558170682,3,0,0.19,0.146,0.0,0.0,0.0,0.0,0.0,0.01,-0.026500000000000003,12296.0,0.0,0.0,0.0,11536.0,0.0,-0.011600000000000001,0.0048000000000000004,0.0,0.008,0.0,0.0,11.265
558172682,3,0,0.17200000000000001,0.15,-0.017,0.0,0.0,0.0,0.0,0.0,-0.0264,12296.0,0.0,0.0,2000.0,11432.0,0.0,-0.011600000000000001,0.0048000000000000004,0.0,0.01,0.0,0.0,11.265
558176683,3,0,0.177,0.139,-0.026000000000000002,0.0,0.0,0.0,0.0,0.0,-0.0264,11756.0,0.0,0.0,6001.0,10900.0,0.0,-0.0115,0.0051,0.0,0.01,0.0,0.0,11.227
558180888,3,0,0.20800000000000002,0.117,0.0,0.0,0.0,0.0,0.0,0.0,-0.0263,11576.0,0.0,0.0,10206.0,10684.0,0.0,-0.0115,0.0051,0.0,0.005,0.0,0.0,11.227
558185683,3,0,0.179,0.10400000000000001,-0.011,0.0,0.0,0.0,0.0,0.0,-0.0262,11260.0,0.0,0.0,15001.0,10388.0,0.0,-0.0115,0.0051,0.0,0.005,0.0,0.0,11.227
558188681,3,0,0.184,0.094,-0.017,0.0,0.0,0.0,0.0,0.0,-0.0262,11128.0,0.0,0.0,0.0,10244.0,0.0,-0.0115,0.0054,0.0,0.003,0.0,0.0,11.227
558191857,3,0,0.20700000000000002,0.092,-0.007,0.0,0.0,0.0,0.0,0.0,-0.0258,10964.0,0.0,0.0,3176.0,10052.0,0.0,-0.0115,0.0054,0.0,0.002,0.0,0.0,11.227
