t_us,run_id,gap,gx,gy,gz,omega_sp,alpha_ff,tilt_x,tilt_y,thrust,angle,erpm,torque,angle_sp,offset_us,erpm_lower,servo_tilt
1379868391,10,0,0.05,-0.048,-0.004,0.0,0.0,0.0,0.0,7.4,-0.0551,46152.0,0.0,0.0,0.0,45732.0,0.0
1379872536,10,0,0.08600000000000001,-0.083,-0.016,0.0,0.0,0.0,0.0,7.4,-0.054700000000000006,46012.0,0.0,0.0,4145.0,45592.0,0.0
1379877397,10,0,0.048,-0.053,0.006,0.0,0.0,0.0,0.0,7.4,-0.054200000000000005,46152.0,0.0,0.0,9006.0,45456.0,0.0
1379881527,10,0,0.073,-0.094,-0.003,0.0,0.0,0.0,0.0,7.4,-0.0538,46152.0,0.0,0.0,13136.0,45316.0,0.0
1379886402,10,0,0.045,-0.029,-0.004,0.0,0.0,0.0,0.0,7.4,-0.0534,46152.0,0.0,0.0,18011.0,45456.0,0.0
1379888404,10,0,0.02,-0.085,-0.003,0.0,0.0,0.0,0.0,7.4,-0.0533,46152.0,0.0,0.0,20013.0,45456.0,0.0
1379892407,10,0,0.117,-0.041,-0.007,0.0,0.0,0.0,0.0,7.4,-0.0528,46152.0,0.0,0.0,24016.0,45732.0,0.0
1379896527,10,0,0.021,-0.062,0.006,0.0,0.0,0.0,0.0,7.4,-0.052500000000000005,46152.0,0.0,0.0,0.0,45316.0,0.0
1379900685,10,0,0.089,-0.06,0.0,0.0,0.0,0.0,0.0,7.4,-0.0522,46296.0,0.0,0.0,4158.0,45316.0,0.0
1379906416,10,0,0.008,-0.074,0.007,0.0,0.0,0.0,0.0,7.4,-0.051800000000000006,46012.0,0.0,0.0,9889.0,45592.0,0.0
1379908419,10,0,0.047,-0.083,-0.004,0.0,0.0,0.0,0.0,7.4,-0.0516,46296.0,0.0,0.0,11892.0,45592.0,0.0
1379912558,10,0,0.08600000000000001,0.001,0.005,0.0,0.0,0.0,0.0,7.4,-0.051300000000000005,46012.0,0.0,0.0,16031.0,45592.0,0.0
1379917421,10,0,0.031,-0.081,0.021,0.0,0.0,0.0,0.0,7.4,-0.051000000000000004,45872.0,0.0,0.0,20894.0,45456.0,0.0
1379921529,10,0,0.088,-0.008,0.001,0.0,0.0,0.0,0.0,7.4,-0.0507,45872.0,0.0,0.0,25002.0,45316.0,0.0
1379926428,10,0,0.015,-0.07,-0.005,0.0,0.0,0.0,0.0,7.4,-0.0505,46012.0,0.0,0.0,0.0,45592.0,0.0
1379928433,10,0,0.084,-0.032,-0.005,0.0,0.0,0.0,0.0,7.4,-0.050300000000000004,46012.0,0.0,0.0,2005.0,45316.0,0.0
1379932439,10,0,0.039,-0.031,0.009000000000000001,0.0,0.0,0.0,0.0,7.4,-0.050100000000000006,46152.0,0.0,0.0,6011.0,45456.0,0.0
1379936552,10,0,0.036000000000000004,-0.062,-0.002,0.0,0.0,0.0,0.0,7.4,-0.0499,46012.0,0.0,0.0,10124.0,45592.0,0.0
1379941528,10,0,0.031,-0.022,-0.002,0.0,0.0,0.0,0.0,7.4,-0.049600000000000005,46012.0,0.0,0.0,15100.0,45456.0,0.0
1379945529,10,0,0.035,-0.063,-0.016,0.0,0.0,0.0,0.0,7.4,-0.0494,46012.0,0.0,0.0,19101.0,45456.0,0.0
1379949533,10,0,0.061,-0.011,-0.004,0.0,0.0,0.0,0.0,7.4,-0.049100000000000005,45872.0,0.0,0.0,23105.0,45456.0,0.0
1379952451,10,0,-0.013000000000000001,-0.059000000000000004,0.009000000000000001,0.0,0.0,0.0,0.0,7.4,-0.049,45872.0,0.0,0.0,0.0,45592.0,0.0
1379956527,10,0,0.08,-0.012,-0.005,0.0,0.0,0.0,0.0,7.4,-0.0488,46012.0,0.0,0.0,4076.0,45316.0,0.0
1379961525,10,0,-0.009000000000000001,-0.052000000000000005,-0.007,0.0,0.0,0.0,0.0,7.4,-0.048600000000000004,46152.0,0.0,0.0,9074.0,45456.0,0.0
1379965526,10,0,0.079,-0.022,-0.002,0.0,0.0,0.0,0.0,7.4,-0.048400000000000006,46012.0,0.0,0.0,13075.0,45316.0,0.0
1379970462,10,0,-0.014,-0.042,0.007,0.0,0.0,0.0,0.0,7.4,-0.0482,46012.0,0.0,0.0,18011.0,45592.0,0.0
1379972464,10,0,0.011,-0.051000000000000004,-0.004,0.0,0.0,0.0,0.0,7.4,-0.0482,46012.0,0.0,0.0,20013.0,45456.0,0.0
1379976526,10,0,0.07100000000000001,-0.004,-0.003,0.0,0.0,0.0,0.0,7.4,-0.047900000000000005,45592.0,0.0,0.0,24075.0,45592.0,0.0
1379980527,10,0,-0.023,-0.056,0.009000000000000001,0.0,0.0,0.0,0.0,7.4,-0.047900000000000005,45872.0,0.0,0.0,0.0,45456.0,0.0
1379985473,10,0,0.074,0.006,-0.006,0.0,0.0,0.0,0.0,7.4,-0.0476,46152.0,0.0,0.0,4946.0,45456.0,0.0
1379989529,10,0,-0.034,-0.044,0.011,0.0,0.0,0.0,0.0,7.41,-0.0476,46012.0,0.0,0.0,9002.0,45592.0,0.0
1379992478,10,0,0.048,-0.027,0.006,0.0,0.0,0.0,0.0,7.41,-0.0475,45872.0,0.0,0.0,11951.0,45456.0,0.0
1379996527,10,0,0.013000000000000001,-0.022,0.002,0.0,0.0,0.0,0.0,7.41,-0.0473,46012.0,0.0,0.0,16000.0,45316.0,0.0
1380000797,10,0,0.002,-0.041,-0.017,0.0,0.0,0.0,0.0,7.41,-0.0473,46012.0,0.0,0.0,20270.0,45456.0,0.0
1380005487,10,0,0.019,-0.009000000000000001,0.008,0.0,0.0,0.0,0.0,7.41,-0.0471,45872.0,0.0,0.0,24960.0,45592.0,0.0
1380009537,10,0,-0.006,-0.048,0.004,0.0,0.0,0.0,0.0,7.41,-0.0471,46152.0,0.0,0.0,0.0,45316.0,0.0
1380012489,10,0,0.059000000000000004,-0.002,-0.005,0.0,0.0,0.0,0.0,7.41,-0.046900000000000004,45872.0,0.0,0.0,2952.0,45592.0,0.0
1380017489,10,0,-0.032,-0.038,-0.01,0.0,0.0,0.0,0.0,7.41,-0.046900000000000004,46152.0,0.0,0.0,7952.0,45456.0,0.0
1380022499,10,0,0.039,0.0,-0.003,0.0,0.0,0.0,0.0,7.41,-0.046700000000000005,46012.0,0.0,0.0,12962.0,45316.0,0.0
1380024549,10,0,-0.025,-0.022,0.006,0.0,0.0,0.0,0.0,7.41,-0.046700000000000005,46012.0,0.0,0.0,15012.0,45592.0,0.0
1380029553,10,0,0.037,-0.015,0.001,0.0,0.0,0.0,0.0,7.41,-0.0466,45872.0,0.0,0.0,20016.0,45456.0,0.0
1380034556,10,0,-0.046,-0.014,-0.001,0.0,0.0,0.0,0.0,7.41,-0.0466,46152.0,0.0,0.0,25019.0,45456.0,0.0
1380037510,10,0,0.006,-0.016,-0.013000000000000001,0.0,0.0,0.0,0.0,7.41,-0.0466,45872.0,0.0,0.0,0.0,45732.0,0.0
1380041514,10,0,0.026000000000000002,0.001,0.006,0.0,0.0,0.0,0.0,7.41,-0.0465,45872.0,0.0,0.0,4004.0,45456.0,0.0
1380045515,10,0,-0.049,-0.02,0.01,0.0,0.0,0.0,0.0,7.41,-0.0466,46012.0,0.0,0.0,8005.0,45592.0,0.0
1380049568,10,0,0.049,0.012,0.0,0.0,0.0,0.0,0.0,7.41,-0.0465,46012.0,0.0,0.0,12058.0,45456.0,0.0
1380054569,10,0,-0.051000000000000004,-0.009000000000000001,0.005,0.0,0.0,0.0,0.0,7.41,-0.0466,46012.0,0.0,0.0,17059.0,45592.0,0.0
1380057525,10,0,0.042,-0.002,-0.004,0.0,0.0,0.0,0.0,7.41,-0.0465,45872.0,0.0,0.0,20015.0,45456.0,0.0
1380062529,10,0,-0.062,-0.001,0.002,0.0,0.0,0.0,0.0,7.41,-0.0465,45872.0,0.0,0.0,25019.0,45732.0,0.0
1380064745,10,0,-0.032,-0.001,-0.002,0.0,0.0,0.0,0.0,7.41,-0.0466,45732.0,0.0,0.0,0.0,45316.0,0.0
1380069582,10,0,0.001,0.019,0.005,0.0,0.0,0.0,0.0,7.41,-0.0466,46012.0,0.0,0.0,4837.0,45316.0,0.0
1380072564,10,0,-0.067,0.001,-0.005,0.0,0.0,0.0,0.0,7.41,-0.046700000000000005,45872.0,0.0,0.0,7819.0,45456.0,0.0
1380077538,10,0,0.035,0.013000000000000001,-0.007,0.0,0.0,0.0,0.0,7.41,-0.046700000000000005,46012.0,0.0,0.0,12793.0,45732.0,0.0
1380082542,10,0,-0.056,0.009000000000000001,0.002,0.0,0.0,0.0,0.0,7.41,-0.046900000000000004,45872.0,0.0,0.0,17797.0,45592.0,0.0
1380084590,10,0,0.021,0.013000000000000001,0.001,0.0,0.0,0.0,0.0,7.41,-0.046900000000000004,46152.0,0.0,0.0,19845.0,45456.0,0.0
1380089595,10,0,-0.069,0.013000000000000001,-0.001,0.0,0.0,0.0,0.0,7.41,-0.047,46012.0,0.0,0.0,24850.0,45316.0,0.0
1380092577,10,0,-0.03,0.007,-0.008,0.0,0.0,0.0,0.0,7.41,-0.0471,46012.0,0.0,0.0,0.0,45592.0,0.0
1380096663,10,0,0.016,0.023,0.002,0.0,0.0,0.0,0.0,7.41,-0.0471,45872.0,0.0,0.0,4086.0,45316.0,0.0
1380101663,10,0,-0.035,0.018000000000000002,-0.005,0.0,0.0,0.0,0.0,7.41,-0.047400000000000005,46152.0,0.0,0.0,9086.0,45316.0,0.0
1380104601,10,0,0.042,0.014,0.002,0.0,0.0,0.0,0.0,7.41,-0.047400000000000005,46012.0,0.0,0.0,12024.0,45456.0,0.0
1380109609,10,0,-0.078,0.022,-0.004,0.0,0.0,0.0,0.0,7.41,-0.0477,45872.0,0.0,0.0,17032.0,45316.0,0.0
1380112592,10,0,0.031,0.023,-0.017,0.0,0.0,0.0,0.0,7.41,-0.0478,46012.0,0.0,0.0,20015.0,45316.0,0.0
1380117566,10,0,-0.084,0.022,-0.002,0.0,0.0,0.0,0.0,7.41,-0.047900000000000005,46012.0,0.0,0.0,24989.0,45592.0,0.0
1380122570,10,0,0.041,0.02,0.009000000000000001,0.0,0.0,0.0,0.0,7.41,-0.048100000000000004,46012.0,0.0,0.0,0.0,45456.0,0.0
1380124616,10,0,-0.003,0.026000000000000002,0.009000000000000001,0.0,0.0,0.0,0.0,7.41,-0.048100000000000004,45872.0,0.0,0.0,2046.0,45456.0,0.0
1380129620,10,0,-0.03,0.026000000000000002,-0.016,0.0,0.0,0.0,0.0,7.41,-0.0485,46012.0,0.0,0.0,7050.0,45456.0,0.0
1380132607,10,0,0.035,0.029,-0.01,0.0,0.0,0.0,0.0,7.41,-0.0485,46012.0,0.0,0.0,10037.0,45180.0,0.0
1380137579,10,0,-0.076,0.032,0.011,0.0,0.0,0.0,0.0,7.41,-0.0489,45872.0,0.0,0.0,15009.0,45456.0,0.0
1380142584,10,0,0.018000000000000002,0.032,0.004,0.0,0.0,0.0,0.0,7.41,-0.0489,46296.0,0.0,0.0,20014.0,45456.0,0.0
1380144630,10,0,-0.076,0.032,0.004,0.0,0.0,0.0,0.0,7.41,-0.049100000000000005,46152.0,0.0,0.0,22060.0,45180.0,0.0
1380149635,10,0,0.035,0.03,-0.005,0.0,0.0,0.0,0.0,7.390000000000001,-0.0494,46012.0,0.0,0.0,0.0,45592.0,0.0
1380154636,10,0,-0.09,0.035,0.001,0.0,0.0,0.0,0.0,7.390000000000001,-0.0495,45872.0,0.0,0.0,5001.0,45592.0,0.0
1380157593,10,0,-0.013000000000000001,0.027,0.007,0.0,0.0,0.0,0.0,7.390000000000001,-0.049800000000000004,46296.0,0.0,0.0,7958.0,45456.0,0.0
1380160747,10,0,0.036000000000000004,0.038,0.012,0.0,0.0,0.0,0.0,7.390000000000001,-0.0497,46152.0,0.0,0.0,11112.0,45316.0,0.0
1380165599,10,0,-0.076,0.044,-0.008,0.0,0.0,0.0,0.0,7.390000000000001,-0.0502,46012.0,0.0,0.0,15964.0,45456.0,0.0
1380168601,10,0,0.043000000000000003,0.041,-0.01,0.0,0.0,0.0,0.0,7.390000000000001,-0.0502,46012.0,0.0,0.0,18966.0,45456.0,0.0
1380172635,10,0,-0.089,0.037,0.007,0.0,0.0,0.0,0.0,7.390000000000001,-0.0504,46012.0,0.0,0.0,23000.0,45592.0,0.0
1380177607,10,0,0.043000000000000003,0.042,-0.006,0.0,0.0,0.0,0.0,7.390000000000001,-0.0507,45872.0,0.0,0.0,0.0,45456.0,0.0
1380182611,10,0,-0.112,0.041,-0.001,0.0,0.0,0.0,0.0,7.390000000000001,-0.051000000000000004,46296.0,0.0,0.0,5004.0,45592.0,0.0
1380184657,10,0,-0.053,0.037,-0.006,0.0,0.0,0.0,0.0,7.390000000000001,-0.0512,46152.0,0.0,0.0,7050.0,45456.0,0.0
1380189665,10,0,-0.036000000000000004,0.055,-0.009000000000000001,0.0,0.0,0.0,0.0,7.390000000000001,-0.051300000000000005,46152.0,0.0,0.0,12058.0,45456.0,0.0
1380193003,10,0,-0.106,0.045,-0.003,0.0,0.0,0.0,0.0,7.390000000000001,-0.0516,46012.0,0.0,0.0,15396.0,45316.0,0.0
1380197622,10,0,0.008,0.05,0.008,0.0,0.0,0.0,0.0,7.390000000000001,-0.0517,46152.0,0.0,0.0,20015.0,45456.0,0.0
1380201789,10,0,-0.111,0.051000000000000004,0.001,0.0,0.0,0.0,0.0,7.390000000000001,-0.0522,46152.0,0.0,0.0,24182.0,45316.0,0.0
1380204673,10,0,0.018000000000000002,0.048,-0.01,0.0,0.0,0.0,0.0,7.390000000000001,-0.0523,46152.0,0.0,0.0,0.0,45592.0,0.0
1380209677,10,0,-0.121,0.054,0.005,0.0,0.0,0.0,0.0,7.390000000000001,-0.052700000000000004,46012.0,0.0,0.0,5004.0,45316.0,0.0
1380212630,10,0,-0.044,0.041,0.006,0.0,0.0,0.0,0.0,7.390000000000001,-0.053000000000000005,46152.0,0.0,0.0,7957.0,45732.0,0.0
1380217649,10,0,-0.075,0.066,0.009000000000000001,0.0,0.0,0.0,0.0,7.390000000000001,-0.0531,46152.0,0.0,0.0,12976.0,45316.0,0.0
1380222638,10,0,-0.007,0.048,-0.008,0.0,0.0,0.0,0.0,7.390000000000001,-0.053700000000000005,45872.0,0.0,0.0,17965.0,45316.0,0.0
1380224763,10,0,0.026000000000000002,0.063,-0.011,0.0,0.0,0.0,0.0,7.390000000000001,-0.053700000000000005,46152.0,0.0,0.0,20090.0,45456.0,0.0
1380229719,10,0,-0.12,0.048,0.0,0.0,0.0,0.0,0.0,7.390000000000001,-0.054200000000000005,45732.0,0.0,0.0,25046.0,45456.0,0.0
1380232643,10,0,0.018000000000000002,0.061,-0.003,0.0,0.0,0.0,0.0,7.390000000000001,-0.054400000000000004,45872.0,0.0,0.0,0.0,45456.0,0.0
1380237647,10,0,-0.147,0.063,0.004,0.0,0.0,0.0,0.0,7.390000000000001,-0.054900000000000004,45872.0,0.0,0.0,5004.0,45316.0,0.0
1380242651,10,0,0.02,0.056,-0.018000000000000002,0.0,0.0,0.0,0.0,7.390000000000001,-0.055200000000000006,46152.0,0.0,0.0,10008.0,45456.0,0.0
1380244693,10,0,-0.051000000000000004,0.066,-0.014,0.0,0.0,0.0,0.0,7.390000000000001,-0.055400000000000005,45872.0,0.0,0.0,12050.0,45316.0,0.0
1380249765,10,0,-0.047,0.045,-0.001,0.0,0.0,0.0,0.0,7.390000000000001,-0.056,46296.0,0.0,0.0,17122.0,45316.0,0.0
1380254574,10,0,-0.046,0.078,0.0,0.0,0.0,0.0,0.0,7.390000000000001,-0.0562,46012.0,0.0,0.0,21931.0,45316.0,0.0
1380256755,10,0,-0.152,0.046,-0.002,0.0,0.0,0.0,0.0,7.390000000000001,-0.0567,46152.0,0.0,0.0,24112.0,45456.0,0.0
1380261664,10,0,0.002,0.07100000000000001,-0.007,0.0,0.0,0.0,0.0,7.390000000000001,-0.057,46012.0,0.0,0.0,0.0,45456.0,0.0
1380265668,10,0,-0.148,0.058,0.003,0.0,0.0,0.0,0.0,7.390000000000001,-0.0575,46152.0,0.0,0.0,4004.0,45592.0,0.0
1380269779,10,0,0.007,0.068,0.004,0.0,0.0,0.0,0.0,7.4,-0.057800000000000004,45872.0,0.0,0.0,8115.0,45456.0,0.0
1380272672,10,0,-0.089,0.08,0.014,0.0,0.0,0.0,0.0,7.4,-0.058100000000000006,46152.0,0.0,0.0,11008.0,45456.0,0.0
1380277675,10,0,-0.031,0.043000000000000003,-0.005,0.0,0.0,0.0,0.0,7.4,-0.0587,46012.0,0.0,0.0,16011.0,45456.0,0.0
1380282678,10,0,-0.133,0.074,0.005,0.0,0.0,0.0,0.0,7.4,-0.0592,46152.0,0.0,0.0,21014.0,45456.0,0.0
1380284757,10,0,-0.14100000000000001,0.051000000000000004,0.01,0.0,0.0,0.0,0.0,7.4,-0.059500000000000004,46012.0,0.0,0.0,23093.0,45456.0,0.0
1380289601,10,0,0.009000000000000001,0.084,0.006,0.0,0.0,0.0,0.0,7.4,-0.0597,46152.0,0.0,0.0,0.0,45456.0,0.0
1380293685,10,0,-0.149,0.039,-0.002,0.0,0.0,0.0,0.0,7.4,-0.0604,45732.0,0.0,0.0,4084.0,45316.0,0.0
1380296684,10,0,-0.012,0.05,-0.015,0.0,0.0,0.0,0.0,7.4,-0.0606,45872.0,0.0,0.0,7083.0,45592.0,0.0
1380301572,10,0,-0.115,0.073,-0.004,0.0,0.0,0.0,0.0,7.4,-0.061000000000000006,45872.0,0.0,0.0,11971.0,45180.0,0.0
1380305686,10,0,-0.015,0.055,-0.005,0.0,0.0,0.0,0.0,7.4,-0.061500000000000006,46152.0,0.0,0.0,16085.0,45316.0,0.0
1380309802,10,0,-0.108,0.098,-0.001,0.0,0.0,0.0,0.0,7.4,-0.0618,45872.0,0.0,0.0,20201.0,45316.0,0.0
1380312691,10,0,-0.117,0.041,-0.004,0.0,0.0,0.0,0.0,7.4,-0.0623,46012.0,0.0,0.0,23090.0,45316.0,0.0
1380317576,10,0,-0.01,0.08600000000000001,-0.013000000000000001,0.0,0.0,0.0,0.0,7.4,-0.062400000000000004,46152.0,0.0,0.0,0.0,45456.0,0.0
1380320683,10,0,-0.147,0.065,-0.007,0.0,0.0,0.0,0.0,7.4,-0.0629,45872.0,0.0,0.0,3107.0,45180.0,0.0
1380324788,10,0,0.005,0.074,-0.001,0.0,0.0,0.0,0.0,7.4,-0.06330000000000001,46012.0,0.0,0.0,7212.0,45316.0,0.0
1380329601,10,0,-0.138,0.09,0.01,0.0,0.0,0.0,0.0,7.4,-0.06380000000000001,46012.0,0.0,0.0,12025.0,45316.0,0.0
1380333748,10,0,-0.003,0.074,-0.02,0.0,0.0,0.0,0.0,7.4,-0.06430000000000001,45732.0,0.0,0.0,16172.0,45316.0,0.0
1380337751,10,0,-0.133,0.085,-0.001,0.0,0.0,0.0,0.0,7.4,-0.06470000000000001,46012.0,0.0,0.0,20175.0,45316.0,0.0
1380342573,10,0,-0.047,0.046,0.008,0.0,0.0,0.0,0.0,7.4,-0.0651,46012.0,0.0,0.0,24997.0,45316.0,0.0
1380344573,10,0,-0.007,0.095,0.003,0.0,0.0,0.0,0.0,7.4,-0.06520000000000001,45732.0,0.0,0.0,0.0,45316.0,0.0
1380348573,10,0,-0.158,0.078,0.006,0.0,0.0,0.0,0.0,7.4,-0.0658,45872.0,0.0,0.0,4000.0,45316.0,0.0
1380352574,10,0,-0.053,0.052000000000000005,-0.004,0.0,0.0,0.0,0.0,7.4,-0.0661,46296.0,0.0,0.0,8001.0,45316.0,0.0
1380357574,10,0,-0.152,0.08,0.002,0.0,0.0,0.0,0.0,7.4,-0.0668,46152.0,0.0,0.0,13001.0,45456.0,0.0
1380362574,10,0,-0.006,0.091,0.003,0.0,0.0,0.0,0.0,7.4,-0.06720000000000001,46012.0,0.0,0.0,18001.0,45316.0,0.0
1380364575,10,0,-0.065,0.121,0.013000000000000001,0.0,0.0,0.0,0.0,7.4,-0.0675,45732.0,0.0,0.0,20002.0,45456.0,0.0
1380368773,10,0,-0.079,0.05,-0.004,0.0,0.0,0.0,0.0,7.4,-0.0682,46152.0,0.0,0.0,24200.0,45456.0,0.0
1380373573,10,0,-0.063,0.128,-0.018000000000000002,0.007,1.33,-0.024900000000000002,0.024900000000000002,7.4,-0.0685,45872.0,0.0284,0.0,0.0,45316.0,0.0352
1380377574,10,0,-0.133,0.041,0.008,0.012,1.33,-0.0252,0.0252,7.4,-0.0692,46012.0,0.0284,0.0,4001.0,45316.0,0.0357
1380381772,10,0,-0.058,0.124,0.003,0.017,1.33,-0.0258,0.0258,7.4,-0.06960000000000001,46012.0,0.0284,0.0,8199.0,45456.0,0.036500000000000005
1380384691,10,0,-0.14200000000000002,0.089,-0.004,0.021,1.33,-0.0264,0.0264,7.4,-0.07,45872.0,0.0302,0.0,11118.0,45180.0,0.0373
1380388788,10,0,-0.016,0.089,-0.02,0.027,1.33,-0.027200000000000002,0.027200000000000002,7.4,-0.07050000000000001,46152.0,0.0302,0.0,15215.0,45456.0,0.038400000000000004
1380393573,10,0,-0.136,0.107,0.007,0.033,1.33,-0.029300000000000003,0.029300000000000003,7.4,-0.0711,46012.0,0.033800000000000004,0.0,20000.0,45316.0,0.0415
1380397574,10,0,-0.047,0.058,-0.004,0.039,1.33,-0.029500000000000002,0.029500000000000002,7.4,-0.0716,46012.0,0.033800000000000004,0.0,24001.0,45316.0,0.041800000000000004
1380401685,10,0,-0.094,0.116,-0.003,0.044,1.33,-0.028900000000000002,0.028900000000000002,7.4,-0.07200000000000001,46012.0,0.032,0.0,0.0,45316.0,0.0409
1380406573,10,0,-0.058,0.046,-0.006,0.051000000000000004,1.33,-0.0298,0.0298,7.4,-0.0727,46012.0,0.033800000000000004,0.0,4888.0,45456.0,0.042100000000000005
1380408573,10,0,-0.009000000000000001,0.10200000000000001,-0.011,0.053,1.33,-0.0302,0.0302,7.4,-0.0728,46152.0,0.033800000000000004,0.0,6888.0,45316.0,0.0427
1380412574,10,0,-0.14200000000000002,0.083,0.002,0.059000000000000004,1.33,-0.030500000000000003,0.030500000000000003,7.4,-0.07350000000000001,45732.0,0.033800000000000004,0.0,10889.0,45592.0,0.0432
1380416692,10,0,0.019,0.076,0.006,0.064,1.33,-0.0291,0.0291,7.4,-0.0737,46012.0,0.033800000000000004,0.0,15007.0,45316.0,0.0412
1380420805,10,0,-0.112,0.094,0.013000000000000001,0.069,1.33,-0.028800000000000003,0.028800000000000003,7.4,-0.0742,46012.0,0.032,0.0,19120.0,45456.0,0.0407
1380424819,10,0,0.077,0.07,0.001,0.075,1.33,-0.0261,0.0261,7.4,-0.0743,46152.0,0.0302,0.0,23134.0,45456.0,0.0369
1380429578,10,0,-0.07100000000000001,0.128,0.013000000000000001,0.081,1.33,-0.0286,0.0285,7.4,-0.0746,45872.0,0.032,0.0,0.0,45316.0,0.040400000000000005
1380434578,10,0,0.07,0.04,0.011,0.088,1.33,-0.0286,0.0286,7.4,-0.0748,45872.0,0.032,0.0,5000.0,45316.0,0.040400000000000005
1380436818,10,0,0.02,0.09,0.015,0.091,1.33,-0.0246,0.0246,7.4,-0.0748,46152.0,0.0285,0.0,7240.0,45316.0,0.034800000000000005
1380440823,10,0,-0.085,0.029,0.021,0.096,1.33,-0.028900000000000002,0.028800000000000003,7.4,-0.0751,46012.0,0.032,0.0,11245.0,45456.0,0.0408
1380445578,10,0,0.027,0.048,-0.009000000000000001,0.10300000000000001,1.33,-0.0317,0.0317,7.4,-0.0752,46152.0,0.0356,0.0,16000.0,45592.0,0.0448
1380449814,10,0,-0.073,-0.004,0.013000000000000001,0.108,1.33,-0.0263,0.0263,7.4,-0.0756,45872.0,0.0302,0.0,20236.0,45456.0,0.037200000000000004
1380454534,10,0,0.02,0.017,0.005,0.115,1.33,-0.0284,0.0284,7.4,-0.0756,46012.0,0.032,0.0,24956.0,45456.0,0.040100000000000004
1380456578,10,0,0.0,0.029,-0.003,0.117,1.33,-0.0284,0.0284,7.4,-0.0757,46012.0,0.032,0.0,0.0,45456.0,0.0402
1380460819,10,0,-0.019,-0.032,-0.001,0.123,1.33,-0.0256,0.0256,7.4,-0.07590000000000001,46152.0,0.0285,0.0,4241.0,45316.0,0.0361
1380464840,10,0,-0.002,0.02,-0.014,0.128,1.33,-0.030100000000000002,0.030100000000000002,7.4,-0.0758,45872.0,0.033800000000000004,0.0,8262.0,45316.0,0.0425
1380469818,10,0,-0.008,-0.023,-0.01,0.135,1.33,-0.030100000000000002,0.030100000000000002,7.4,-0.076,45872.0,0.033800000000000004,0.0,13240.0,45456.0,0.0425
1380473822,10,0,-0.012,0.036000000000000004,-0.011,0.14,1.33,-0.0349,0.0349,7.4,-0.07590000000000001,45872.0,0.0391,0.0,17244.0,45592.0,0.0494
1380476578,10,0,-0.053,0.028,-0.006,0.14400000000000002,1.33,-0.036000000000000004,0.0359,7.4,-0.0761,45732.0,0.0409,0.0,20000.0,45316.0,0.0509
1380480948,10,0,0.019,0.014,-0.021,0.149,1.33,-0.037000000000000005,0.037000000000000005,7.4,-0.0761,45732.0,0.0427,0.0,24370.0,45316.0,0.0524
1380485820,10,0,-0.058,0.01,-0.009000000000000001,0.156,1.33,-0.038200000000000005,0.038200000000000005,7.4,-0.0765,46012.0,0.0427,0.0,0.0,45456.0,0.054
1380489824,10,0,0.009000000000000001,0.017,0.004,0.161,1.33,-0.0397,0.0397,7.4,-0.0766,45872.0,0.0444,0.0,4004.0,45180.0,0.056100000000000004
1380492579,10,0,-0.003,0.043000000000000003,0.008,0.165,1.33,-0.0373,0.037200000000000004,7.4,-0.0767,46012.0,0.0427,0.0,6759.0,45592.0,0.052700000000000004
1380497578,10,0,-0.021,-0.014,-0.004,0.17200000000000001,1.33,-0.039,0.039,7.4,-0.07690000000000001,45872.0,0.0444,0.0,11758.0,45316.0,0.055200000000000006
1380501982,10,0,-0.036000000000000004,0.057,0.009000000000000001,0.177,1.33,-0.0425,0.0424,7.4,-0.077,46012.0,0.048,0.0,16162.0,45592.0,0.060000000000000005
1380504572,10,0,-0.066,0.002,0.019,0.181,1.33,-0.0427,0.0426,7.4,-0.0771,45872.0,0.048,0.0,18752.0,45316.0,0.0603
1380508821,10,0,0.023,0.057,-0.002,0.187,1.33,-0.0415,0.0414,7.4,-0.077,46012.0,0.046200000000000005,0.0,23001.0,45316.0,0.058600000000000006
1380512979,10,0,-0.07,0.008,0.024,0.192,1.33,-0.0434,0.0434,7.4,-0.07730000000000001,45872.0,0.049800000000000004,0.0,0.0,45316.0,0.0614
1380517578,10,0,-0.003,0.012,0.006,0.199,1.33,-0.044500000000000005,0.0444,7.4,-0.0772,45872.0,0.049800000000000004,0.0,4599.0,45456.0,0.0629
1380521975,10,0,-0.052000000000000005,-0.005,-0.005,0.2,0.0,-0.0413,0.0412,7.4,-0.07740000000000001,46152.0,0.046200000000000005,0.0,8996.0,45316.0,0.0584
1380524534,10,0,-0.057,-0.045,0.007,0.2,0.0,-0.0422,0.0422,7.4,-0.07740000000000001,45872.0,0.048,0.0,11555.0,45316.0,0.0596
1380528535,10,0,-0.003,0.046,0.008,0.2,0.0,-0.0417,0.0417,7.4,-0.07730000000000001,46012.0,0.048,0.0,15556.0,45456.0,0.059000000000000004
1380532839,10,0,-0.03,-0.045,-0.013000000000000001,0.2,0.0,-0.04,0.04,7.4,-0.07740000000000001,45872.0,0.0444,0.0,19860.0,45456.0,0.0565
1380537578,10,0,0.046,0.013000000000000001,-0.02,0.2,0.0,-0.035,0.035,7.4,-0.0771,45872.0,0.0391,0.0,24599.0,45316.0,0.0495
1380542534,10,0,-0.033,-0.039,-0.002,0.2,0.0,-0.038400000000000004,0.038400000000000004,7.4,-0.077,45732.0,0.0427,0.0,0.0,45456.0,0.0543
1380544573,10,0,0.004,-0.039,-0.005,0.2,0.0,-0.037700000000000004,0.037700000000000004,7.4,-0.077,46012.0,0.0427,0.0,2039.0,45316.0,0.0533
1380548850,10,0,-0.013000000000000001,-0.003,-0.013000000000000001,0.2,0.0,-0.0373,0.0373,7.4,-0.0766,45872.0,0.0427,0.0,6316.0,45316.0,0.052700000000000004
1380553821,10,0,0.107,-0.041,-0.008,0.2,0.0,-0.0349,0.0349,7.4,-0.07640000000000001,45592.0,0.0391,0.0,11287.0,45456.0,0.0494
1380556534,10,0,0.081,-0.017,-0.016,0.2,0.0,-0.0358,0.0358,7.4,-0.0762,45872.0,0.0409,0.0,14000.0,45456.0,0.0506
1380560860,10,0,0.015,-0.063,-0.013000000000000001,0.2,0.0,-0.0356,0.0356,7.4,-0.0762,45872.0,0.0409,0.0,18326.0,45456.0,0.050300000000000004
1380565572,10,0,0.082,-0.044,0.013000000000000001,0.2,0.0,-0.0364,0.0364,7.4,-0.07590000000000001,45872.0,0.0409,0.0,23038.0,45456.0,0.051500000000000004
1380569911,10,0,-0.005,-0.075,0.003,0.2,0.0,-0.0366,0.0366,7.4,-0.07590000000000001,45872.0,0.0409,0.0,0.0,45316.0,0.051800000000000006
1380572533,10,0,0.077,-0.062,-0.012,0.2,0.0,-0.0381,0.0381,7.4,-0.0758,45872.0,0.0427,0.0,2622.0,45180.0,0.0539
1380576572,10,0,0.08600000000000001,-0.044,-0.003,0.2,0.0,-0.036500000000000005,0.0364,7.4,-0.0755,46012.0,0.0409,0.0,6661.0,45456.0,0.0516
1380580873,10,0,0.078,-0.075,0.013000000000000001,0.2,0.0,-0.034800000000000005,0.0347,7.4,-0.0752,46012.0,0.0391,0.0,10962.0,45456.0,0.049100000000000005
1380584922,10,0,0.061,-0.046,0.013000000000000001,0.2,0.0,-0.0371,0.037000000000000005,7.4,-0.0748,46012.0,0.0427,0.0,15011.0,45316.0,0.0524
1380589537,10,0,0.054,-0.101,0.013000000000000001,0.2,0.0,-0.034800000000000005,0.034800000000000005,7.4,-0.0746,45732.0,0.0391,0.0,19626.0,45456.0,0.0492
1380593882,10,0,0.068,-0.061,-0.005,0.2,0.0,-0.034300000000000004,0.034300000000000004,7.4,-0.07400000000000001,45732.0,0.0391,0.0,23971.0,45456.0,0.0485
1380597884,10,0,0.052000000000000005,-0.111,-0.013000000000000001,0.2,0.0,-0.034,0.0339,7.4,-0.0737,45592.0,0.0391,0.0,0.0,45316.0,0.048
1380601992,10,0,0.12,-0.075,-0.007,0.2,0.0,-0.0315,0.0315,7.4,-0.07300000000000001,45872.0,0.0356,0.0,4108.0,45316.0,0.0446
1380604535,10,0,0.044,-0.091,0.002,0.2,0.0,-0.031900000000000005,0.031900000000000005,7.4,-0.0728,46012.0,0.0356,0.0,6651.0,45316.0,0.0451
1380609030,10,0,0.135,-0.112,-0.016,0.2,0.0,-0.029900000000000003,0.029900000000000003,7.4,-0.0722,45732.0,0.033800000000000004,0.0,11146.0,45456.0,0.042300000000000004
1380613535,10,0,0.076,-0.106,-0.027,0.2,0.0,-0.027200000000000002,0.027200000000000002,7.4,-0.0714,45872.0,0.0302,0.0,15651.0,45456.0,0.038400000000000004
1380617897,10,0,0.132,-0.128,-0.013000000000000001,0.2,0.0,-0.0268,0.0268,7.4,-0.0707,46152.0,0.0302,0.0,20013.0,45592.0,0.0379
1380622532,10,0,0.1,-0.12,0.0,0.2,0.0,-0.0241,0.0241,7.4,-0.0699,45732.0,0.0267,0.0,24648.0,45456.0,0.034
1380624534,10,0,0.054,-0.14100000000000001,-0.003,0.2,0.0,-0.0235,0.0235,7.4,-0.06960000000000001,46012.0,0.0267,0.0,0.0,45456.0,0.0332
1380628906,10,0,0.155,-0.10200000000000001,-0.013000000000000001,0.2,0.0,-0.0257,0.0256,7.4,-0.0687,45872.0,0.0285,0.0,4372.0,45456.0,0.0363
1380632909,10,0,0.081,-0.137,0.007,0.2,0.0,-0.023,0.0229,7.4,-0.068,46012.0,0.0267,0.0,8375.0,45456.0,0.0325
1380637533,10,0,0.159,-0.108,0.0,0.2,0.0,-0.0221,0.0221,7.41,-0.0673,46012.0,0.024900000000000002,0.0,12999.0,45592.0,0.0313
1380641916,10,0,0.081,-0.133,0.02,0.2,0.0,-0.023,0.023,7.41,-0.0664,46012.0,0.0267,0.0,17382.0,45456.0,0.0325
1380645918,10,0,0.16,-0.126,0.013000000000000001,0.2,0.0,-0.019200000000000002,0.019200000000000002,7.41,-0.0655,45872.0,0.021400000000000002,0.0,21384.0,45316.0,0.027100000000000003
1380649967,10,0,0.097,-0.139,0.01,0.2,0.0,-0.0182,0.0182,7.41,-0.06470000000000001,45872.0,0.021400000000000002,0.0,25433.0,45044.0,0.0257
1380654534,10,0,0.133,-0.14400000000000002,0.008,0.2,0.0,-0.0171,0.0171,7.41,-0.064,46152.0,0.0196,0.0,0.0,45456.0,0.024200000000000003
1380656926,10,0,0.162,-0.117,0.011,0.2,0.0,-0.017,0.017,7.41,-0.06330000000000001,46012.0,0.0196,0.0,2392.0,45456.0,0.0241
1380660930,10,0,0.04,-0.149,0.011,0.2,0.0,-0.0195,0.0195,7.41,-0.06280000000000001,45872.0,0.021400000000000002,0.0,6396.0,45456.0,0.027600000000000003
1380664978,10,0,0.17300000000000001,-0.136,0.011,0.2,0.0,-0.0164,0.0164,7.41,-0.062,45872.0,0.0178,0.0,10444.0,45316.0,0.023200000000000002
1380669533,10,0,0.052000000000000005,-0.134,0.013000000000000001,0.2,0.0,-0.016300000000000002,0.016300000000000002,7.41,-0.0614,45872.0,0.0178,0.0,14999.0,45180.0,0.023
1380673539,10,0,0.132,-0.14300000000000002,-0.014,0.2,0.0,-0.0165,0.0165,7.41,-0.0609,45872.0,0.0196,0.0,19005.0,45456.0,0.0234
1380677941,10,0,0.094,-0.134,-0.001,0.2,0.0,-0.0119,0.0119,7.41,-0.0599,45872.0,0.0142,0.0,23407.0,45316.0,0.016800000000000002
1380682531,10,0,0.12,-0.132,0.009000000000000001,0.2,0.0,-0.0142,0.0142,7.41,-0.059300000000000005,45872.0,0.016,0.0,0.0,45316.0,0.0201
1380684538,10,0,0.157,-0.136,0.0,0.2,0.0,-0.0146,0.0146,7.41,-0.0589,45872.0,0.016,0.0,2007.0,45456.0,0.0207
1380688950,10,0,0.098,-0.154,-0.029,0.2,0.0,-0.0083,0.0083,7.41,-0.0579,45872.0,0.0089,0.0,6419.0,45456.0,0.0118
1380692950,10,0,0.162,-0.139,-0.02,0.2,0.0,-0.0091,0.0091,7.41,-0.057100000000000005,45732.0,0.010700000000000001,0.0,10419.0,45316.0,0.0129
1380697533,10,0,0.114,-0.149,-0.011,0.2,0.0,-0.0099,0.0099,7.41,-0.0563,45872.0,0.010700000000000001,0.0,15002.0,45180.0,0.014
1380701691,10,0,0.14200000000000002,-0.147,-0.027,0.2,0.0,-0.0078000000000000005,0.0078000000000000005,7.41,-0.0555,46012.0,0.0089,0.0,19160.0,45456.0,0.011000000000000001
1380704574,10,0,0.164,-0.146,-0.028,0.2,0.0,-0.0082,0.0082,7.41,-0.0551,45872.0,0.0089,0.0,22043.0,45316.0,0.011600000000000001
1380708962,10,0,0.133,-0.155,-0.022,0.2,0.0,-0.0061,0.0061,7.41,-0.0539,46012.0,0.0071,0.0,0.0,45316.0,0.008700000000000001
1380712965,10,0,0.176,-0.162,-0.033,0.2,0.0,-0.0049,0.0049,7.41,-0.053000000000000005,45872.0,0.0053,0.0,4003.0,45316.0,0.006900000000000001
1380717533,10,0,0.114,-0.179,-0.032,0.2,0.0,-0.004200000000000001,0.004200000000000001,7.41,-0.0522,46012.0,0.0053,0.0,8571.0,45456.0,0.006
1380721973,10,0,0.194,-0.17400000000000002,0.007,0.2,0.0,-0.0024000000000000002,0.0024000000000000002,7.41,-0.051000000000000004,45732.0,0.0036000000000000003,0.0,13011.0,45316.0,0.0033
1380724531,10,0,0.146,-0.18,0.007,0.2,0.0,-0.0024000000000000002,0.0024000000000000002,7.41,-0.0505,45872.0,0.0036000000000000003,0.0,15569.0,45316.0,0.0035
1380728531,10,0,0.177,-0.183,-0.017,0.2,0.0,-0.0013000000000000002,0.0013000000000000002,7.41,-0.049600000000000005,45872.0,0.0018000000000000002,0.0,19569.0,45180.0,0.0019
1380732532,10,0,0.168,-0.168,0.005,0.2,0.0,-0.0043,0.0043,7.41,-0.048600000000000004,46012.0,0.0053,0.0,23570.0,45180.0,0.0061
1380736572,10,0,0.079,-0.167,0.02,0.2,0.0,-0.0078000000000000005,0.0078000000000000005,7.41,-0.048,45872.0,0.0089,0.0,0.0,45180.0,0.0111
1380740985,10,0,0.176,-0.164,0.025,0.2,0.0,-0.006500000000000001,0.006500000000000001,7.41,-0.0465,46152.0,0.0071,0.0,4413.0,45180.0,0.0092
1380745032,10,0,0.069,-0.156,0.03,0.2,0.0,-0.0091,0.0091,7.41,-0.0459,46012.0,0.010700000000000001,0.0,8460.0,45316.0,0.0128
1380749532,10,0,0.214,-0.178,0.028,0.2,0.0,-0.0088,0.0088,7.41,-0.0449,46012.0,0.010700000000000001,0.0,12960.0,45456.0,0.012400000000000001
1380753994,10,0,0.077,-0.17,0.015,0.2,0.0,-0.0044,0.0044,7.41,-0.044000000000000004,46152.0,0.0053,0.0,17422.0,45316.0,0.006200000000000001
1380757996,10,0,0.196,-0.186,0.036000000000000004,0.2,0.0,-0.0071,0.0071,7.41,-0.043000000000000003,45872.0,0.0089,0.0,21424.0,45316.0,0.010100000000000001
1380762531,10,0,0.11800000000000001,-0.176,0.046,0.2,0.0,-0.0014,0.0014,7.41,-0.042,45872.0,0.0018000000000000002,0.0,25959.0,45316.0,0.002
1380764532,10,0,0.127,-0.166,0.03,0.2,0.0,-0.0029000000000000002,0.0029000000000000002,7.41,-0.0415,46012.0,0.0036000000000000003,0.0,0.0,45180.0,0.0041
1380769115,10,0,0.171,-0.171,0.016,0.2,0.0,-0.0057,0.0057,7.41,-0.0402,46012.0,0.0071,0.0,4583.0,45316.0,0.008
1380773532,10,0,0.134,-0.176,0.02,0.2,0.0,-0.0028,0.0028,7.41,-0.0393,46152.0,0.0036000000000000003,0.0,9000.0,45316.0,0.004
1380777532,10,0,0.17200000000000001,-0.165,0.017,0.2,0.0,-0.0043,0.0043,7.41,-0.038200000000000005,45872.0,0.0053,0.0,13000.0,45316.0,0.006
1380782537,10,0,0.132,-0.196,0.003,0.2,0.0,-0.0026000000000000003,0.0026000000000000003,7.41,-0.0371,46012.0,0.0036000000000000003,0.0,18005.0,45456.0,0.0037
1380785061,10,0,0.20600000000000002,-0.17300000000000001,0.0,0.2,0.0,0.0006000000000000001,-0.0006000000000000001,7.41,-0.0363,45732.0,0.0,0.0,20529.0,45316.0,-0.0009000000000000001
1380789532,10,0,0.112,-0.169,-0.009000000000000001,0.2,0.0,-0.0047,0.0047,7.41,-0.0354,46152.0,0.0053,0.0,25000.0,45316.0,0.0067
1380793532,10,0,0.192,-0.17400000000000002,-0.023,0.2,0.0,-0.0032,0.0032,7.41,-0.0346,45872.0,0.0036000000000000003,0.0,0.0,45316.0,0.0045000000000000005
1380798023,10,0,0.138,-0.166,-0.011,0.2,0.0,-0.0011,0.0011,7.41,-0.0333,45872.0,0.0018000000000000002,0.0,4491.0,45316.0,0.0016
1380800574,10,0,0.113,-0.171,-0.012,0.2,0.0,-0.0018000000000000002,0.0018000000000000002,7.41,-0.0332,46012.0,0.0018000000000000002,0.0,7042.0,45180.0,0.0026000000000000003
1380805074,10,0,0.216,-0.162,-0.02,0.2,0.0,-0.002,0.002,7.41,-0.0317,45872.0,0.0018000000000000002,0.0,11542.0,45316.0,0.0029000000000000002
1380809534,10,0,0.113,-0.178,-0.025,0.2,0.0,-0.0012000000000000001,0.0012000000000000001,7.41,-0.0309,46152.0,0.0018000000000000002,0.0,16002.0,45316.0,0.0017000000000000001
1380814036,10,0,0.219,-0.14100000000000001,-0.009000000000000001,0.2,0.0,-0.004,0.004,7.41,-0.0296,45872.0,0.0053,0.0,20504.0,45316.0,0.0056
1380818038,10,0,0.10300000000000001,-0.158,-0.003,0.2,0.0,-0.0046,0.0046,7.41,-0.028900000000000002,45872.0,0.0053,0.0,24506.0,45180.0,0.0064
1380822532,10,0,0.234,-0.153,-0.011,0.2,0.0,-0.0032,0.0032,7.41,-0.028,46152.0,0.0036000000000000003,0.0,0.0,45316.0,0.0046
1380825089,10,0,0.123,-0.146,0.0,0.2,0.0,-0.0047,0.0047,7.41,-0.0273,45872.0,0.0053,0.0,2557.0,45316.0,0.0066
1380830092,10,0,0.216,-0.154,-0.005,0.2,0.0,-0.0043,0.0043,7.41,-0.0264,46152.0,0.0053,0.0,7560.0,45456.0,0.0061
1380832574,10,0,0.248,-0.14200000000000002,-0.002,0.2,0.0,-0.0048000000000000004,0.0048000000000000004,7.41,-0.0262,46152.0,0.0053,0.0,10042.0,45316.0,0.0068000000000000005
1380837531,10,0,0.063,-0.149,0.008,0.2,0.0,-0.0079,0.0079,7.41,-0.0253,46012.0,0.0089,0.0,14999.0,45180.0,0.0112
1380842054,10,0,0.187,-0.132,0.019,0.2,0.0,-0.0053,0.0053,7.41,-0.024,45872.0,0.0053,0.0,19522.0,45316.0,0.0074
1380846057,10,0,0.046,-0.145,0.003,0.2,0.0,-0.0063,0.0063,7.41,-0.0235,46152.0,0.0071,0.0,23525.0,45316.0,0.0089
1380850107,10,0,0.215,-0.137,0.007,0.2,0.0,-0.0085,0.0085,7.41,-0.022600000000000002,46012.0,0.0089,0.0,0.0,45316.0,0.012
1380854530,10,0,0.075,-0.128,0.023,0.2,0.0,-0.0039000000000000003,0.0039000000000000003,7.41,-0.0219,46012.0,0.0036000000000000003,0.0,4423.0,45316.0,0.0055000000000000005
1380856559,10,0,0.089,-0.131,0.016,0.2,0.0,-0.006500000000000001,0.006500000000000001,7.41,-0.021500000000000002,45872.0,0.0071,0.0,6452.0,45316.0,0.0092
1380861530,10,0,0.157,-0.12,0.007,0.2,0.0,-0.008400000000000001,0.008400000000000001,7.41,-0.0204,45872.0,0.0089,0.0,11423.0,45180.0,0.0119
1380865531,10,0,0.085,-0.135,0.003,0.2,0.0,-0.0059,0.0059,7.41,-0.019700000000000002,46152.0,0.0071,0.0,15424.0,45180.0,0.0083
1380869531,10,0,0.189,-0.112,-0.001,0.2,0.0,-0.0079,0.0079,7.41,-0.0188,46012.0,0.0089,0.0,19424.0,45316.0,0.0111
1380874077,10,0,0.077,-0.115,-0.002,0.2,0.0,-0.0097,0.0097,7.41,-0.0181,46012.0,0.010700000000000001,0.0,23970.0,45180.0,0.0137
1380878079,10,0,0.182,-0.095,-0.002,0.2,0.0,-0.011000000000000001,0.011000000000000001,7.41,-0.0173,45872.0,0.0125,0.0,0.0,45180.0,0.0155
1380882530,10,0,0.045,-0.112,-0.001,0.2,0.0,-0.0118,0.0118,7.41,-0.016800000000000002,45872.0,0.0142,0.0,4451.0,45180.0,0.0167
1380884530,10,0,0.11800000000000001,-0.127,-0.013000000000000001,0.2,0.0,-0.0085,0.0085,7.41,-0.0165,45872.0,0.0089,0.0,6451.0,45316.0,0.012100000000000001
1380888530,10,0,0.169,-0.093,-0.023,0.2,0.0,-0.0092,0.0092,7.41,-0.015600000000000001,46012.0,0.010700000000000001,0.0,10451.0,45316.0,0.013000000000000001
1380893089,10,0,0.088,-0.114,-0.002,0.2,0.0,-0.0129,0.0129,7.41,-0.0151,45872.0,0.0142,0.0,15010.0,45180.0,0.0183
1380897205,10,0,0.19,-0.084,-0.012,0.2,0.0,-0.0115,0.0115,7.41,-0.0143,45872.0,0.0125,0.0,19126.0,45180.0,0.016300000000000002
1380901686,10,0,0.039,-0.112,-0.018000000000000002,0.2,0.0,-0.0117,0.0117,7.41,-0.013900000000000001,46152.0,0.0125,0.0,23607.0,45180.0,0.0165
1380906098,10,0,0.18,-0.092,-0.013000000000000001,0.2,0.0,-0.013300000000000001,0.013300000000000001,7.41,-0.013000000000000001,45872.0,0.0142,0.0,0.0,45316.0,0.0187
1380910150,10,0,0.032,-0.117,-0.016,0.2,0.0,-0.0128,0.0128,7.41,-0.0126,46012.0,0.0142,0.0,4052.0,45456.0,0.0181
1380912529,10,0,0.11,-0.125,-0.019,0.2,0.0,-0.013000000000000001,0.013000000000000001,7.41,-0.0123,45732.0,0.0142,0.0,6431.0,45456.0,0.0184
1380916559,10,0,0.14100000000000001,-0.078,-0.01,0.2,0.0,-0.0151,0.0151,7.41,-0.011600000000000001,46012.0,0.0178,0.0,10461.0,45316.0,0.021400000000000002
1380921112,10,0,0.108,-0.112,-0.014,0.2,0.0,-0.015600000000000001,0.015600000000000001,7.41,-0.0111,46152.0,0.0178,0.0,15014.0,45456.0,0.0221
1380925162,10,0,0.161,-0.073,-0.029,0.2,0.0,-0.0159,0.0159,7.41,-0.0103,45872.0,0.0178,0.0,19064.0,45180.0,0.022500000000000003
1380930164,10,0,0.151,-0.132,-0.015,0.2,0.0,-0.010400000000000001,0.010400000000000001,7.41,-0.0097,46152.0,0.0125,0.0,24066.0,45316.0,0.014700000000000001
1380932528,10,0,0.258,-0.113,-0.007,0.2,0.0,-0.011000000000000001,0.011000000000000001,7.41,-0.0091,45732.0,0.0125,0.0,0.0,45180.0,0.015600000000000001
1380936560,10,0,0.034,-0.058,0.007,0.2,0.0,-0.016300000000000002,0.016300000000000002,7.41,-0.0085,46152.0,0.0178,0.0,4032.0,45456.0,0.023100000000000002
1380941531,10,0,0.266,-0.101,-0.012,0.2,0.0,-0.017400000000000002,0.017400000000000002,7.41,-0.0078000000000000005,46012.0,0.0196,0.0,9003.0,45456.0,0.0246
1380946127,10,0,0.041,-0.063,0.023,0.2,0.0,-0.015600000000000001,0.015600000000000001,7.41,-0.007,45872.0,0.0178,0.0,13599.0,45180.0,0.0221
1380950175,10,0,0.2,-0.10200000000000001,0.021,0.2,0.0,-0.022500000000000003,0.022500000000000003,7.41,-0.0064,45872.0,0.024900000000000002,0.0,17647.0,45316.0,0.031900000000000005
1380954531,10,0,0.098,-0.08600000000000001,0.027,0.2,0.0,-0.0154,0.0154,7.41,-0.0057,45872.0,0.0178,0.0,22003.0,45456.0,0.0217
1380956560,10,0,0.042,-0.10200000000000001,0.038,0.2,0.0,-0.017,0.017,7.41,-0.0056,46012.0,0.0196,0.0,24032.0,45316.0,0.024
1380961221,10,0,0.186,-0.079,0.038,0.2,0.0,-0.021500000000000002,0.021500000000000002,7.390000000000001,-0.0047,45872.0,0.024900000000000002,0.0,0.0,45316.0,0.0304
1380965532,10,0,0.08,-0.095,0.028,0.2,0.0,-0.018000000000000002,0.018000000000000002,7.390000000000001,-0.004200000000000001,45872.0,0.0195,0.0,4311.0,45180.0,0.025500000000000002
1380970187,10,0,0.164,-0.075,0.041,0.2,0.0,-0.021,0.021,7.390000000000001,-0.0034000000000000002,45872.0,0.023100000000000002,0.0,8966.0,45316.0,0.0297
1380972532,10,0,0.106,-0.07100000000000001,0.048,0.2,0.0,-0.022600000000000002,0.022600000000000002,7.390000000000001,-0.0031000000000000003,45872.0,0.024900000000000002,0.0,11311.0,45180.0,0.032
1380977528,10,0,0.134,-0.115,0.025,0.2,0.0,-0.0196,0.0196,7.390000000000001,-0.0024000000000000002,45872.0,0.0213,0.0,16307.0,45316.0,0.027700000000000002
1380981529,10,0,0.093,-0.078,0.014,0.2,0.0,-0.0216,0.0216,7.41,-0.0018000000000000002,45872.0,0.024900000000000002,0.0,20308.0,45180.0,0.030600000000000002
1380986155,10,0,0.106,-0.108,0.012,0.2,0.0,-0.0234,0.0234,7.41,-0.0012000000000000001,46012.0,0.0267,0.0,24934.0,45316.0,0.033100000000000004
1380990206,10,0,0.084,-0.066,0.007,0.2,0.0,-0.0245,0.0244,7.41,-0.0006000000000000001,45732.0,0.0285,0.0,0.0,45316.0,0.0346
1380992573,10,0,0.047,-0.07100000000000001,0.009000000000000001,0.2,0.0,-0.025500000000000002,0.025500000000000002,7.41,-0.0005,45592.0,0.0285,0.0,2367.0,45316.0,0.036000000000000004
1380997529,10,0,0.139,-0.056,-0.007,0.2,0.0,-0.0267,0.0267,7.41,0.0002,45872.0,0.0303,0.0,7323.0,45316.0,0.037700000000000004
1381001687,10,0,0.006,-0.067,-0.012,0.2,0.0,-0.028200000000000003,0.028200000000000003,7.41,0.0005,45592.0,0.032100000000000004,0.0,11481.0,45316.0,0.0398
1381006170,10,0,0.135,-0.054,-0.038,0.2,0.0,-0.027200000000000002,0.027200000000000002,7.41,0.001,45872.0,0.0303,0.0,15964.0,45316.0,0.0385
1381010221,10,0,0.002,-0.069,-0.018000000000000002,0.2,0.0,-0.0267,0.026600000000000002,7.41,0.0014,45732.0,0.0303,0.0,20015.0,45180.0,0.037700000000000004
1381012529,10,0,0.003,-0.10200000000000001,-0.015,0.2,0.0,-0.0264,0.0264,7.41,0.0015,45872.0,0.0303,0.0,22323.0,45456.0,0.0374
1381016557,10,0,0.105,-0.051000000000000004,-0.033,0.2,0.0,-0.027200000000000002,0.027200000000000002,7.41,0.0021000000000000003,45872.0,0.0303,0.0,0.0,45316.0,0.0385
1381021183,10,0,0.005,-0.1,-0.034,0.2,0.0,-0.0261,0.0261,7.390000000000001,0.0024000000000000002,46012.0,0.0302,0.0,4626.0,45456.0,0.0369
1381025543,10,0,0.1,-0.059000000000000004,-0.039,0.2,0.0,-0.0262,0.0262,7.390000000000001,0.0029000000000000002,46012.0,0.0302,0.0,8986.0,45316.0,0.037000000000000005
1381030231,10,0,0.009000000000000001,-0.095,-0.024,0.2,0.0,-0.026000000000000002,0.026000000000000002,7.390000000000001,0.0031000000000000003,46152.0,0.0302,0.0,13674.0,45180.0,0.0368
1381032528,10,0,0.09,-0.094,-0.025,0.2,0.0,-0.025,0.025,7.390000000000001,0.0034000000000000002,46012.0,0.0284,0.0,15971.0,45316.0,0.0354
1381037529,10,0,-0.008,-0.063,-0.006,0.2,0.0,-0.0273,0.0273,7.390000000000001,0.0038,45732.0,0.0302,0.0,20972.0,45456.0,0.0386
1381042528,10,0,0.11900000000000001,-0.081,-0.018000000000000002,0.2,0.0,-0.027,0.027,7.390000000000001,0.004200000000000001,46012.0,0.0302,0.0,25971.0,45456.0,0.038200000000000005
1381045244,10,0,0.036000000000000004,-0.048,0.001,0.2,0.0,-0.027800000000000002,0.027800000000000002,7.390000000000001,0.0045000000000000005,45872.0,0.032,0.0,0.0,45180.0,0.0393
1381049529,10,0,0.021,-0.096,0.019,0.2,0.0,-0.0292,0.0292,7.390000000000001,0.0046,45872.0,0.0337,0.0,4285.0,45044.0,0.0413
1381054203,10,0,0.045,-0.057,0.015,0.2,0.0,-0.028300000000000002,0.028300000000000002,7.390000000000001,0.005200000000000001,45732.0,0.032,0.0,8959.0,45456.0,0.04
1381056601,10,0,0.0,-0.059000000000000004,0.019,0.2,0.0,-0.0284,0.0284,7.390000000000001,0.005200000000000001,46152.0,0.032,0.0,11357.0,45316.0,0.0402
1381061569,10,0,0.14,-0.07200000000000001,0.014,0.2,0.0,-0.028900000000000002,0.028900000000000002,7.390000000000001,0.0057,45872.0,0.032,0.0,16325.0,45316.0,0.0409
1381066213,10,0,-0.026000000000000002,-0.085,0.021,0.2,0.0,-0.029300000000000003,0.029300000000000003,7.390000000000001,0.0059,46012.0,0.0337,0.0,20969.0,45316.0,0.0414
1381070260,10,0,0.156,-0.079,0.013000000000000001,0.2,0.0,-0.0291,0.0291,7.390000000000001,0.006500000000000001,45732.0,0.0337,0.0,25016.0,45316.0,0.0412
1381072528,10,0,0.095,-0.045,0.02,0.2,0.0,-0.0291,0.0291,7.390000000000001,0.0067,46152.0,0.0337,0.0,0.0,45456.0,0.0412
1381077529,10,0,0.048,-0.095,0.018000000000000002,0.2,0.0,-0.0325,0.0324,7.390000000000001,0.006900000000000001,45872.0,0.0373,0.0,5001.0,45316.0,0.0459
1381082528,10,0,0.066,-0.032,0.003,0.2,0.0,-0.0315,0.0315,7.390000000000001,0.007500000000000001,45592.0,0.035500000000000004,0.0,10000.0,45456.0,0.0446
1381085272,10,0,0.01,-0.088,0.02,0.2,0.0,-0.030600000000000002,0.030600000000000002,7.390000000000001,0.0076,46012.0,0.0337,0.0,12744.0,45180.0,0.043300000000000005
1381089531,10,0,0.155,-0.056,0.009000000000000001,0.2,0.0,-0.031200000000000002,0.031200000000000002,7.390000000000001,0.0083,45872.0,0.035500000000000004,0.0,17003.0,45180.0,0.0442
1381094232,10,0,-0.003,-0.085,0.009000000000000001,0.2,0.0,-0.0323,0.0323,7.390000000000001,0.0086,45732.0,0.0373,0.0,21704.0,45316.0,0.045700000000000005
1381098234,10,0,0.169,-0.074,-0.008,0.2,0.0,-0.0303,0.0303,7.390000000000001,0.009300000000000001,45872.0,0.0337,0.0,25706.0,45316.0,0.0429
1381102288,10,0,0.009000000000000001,-0.07100000000000001,0.0,0.2,0.0,-0.029500000000000002,0.029400000000000003,7.390000000000001,0.009600000000000001,45732.0,0.0337,0.0,0.0,45316.0,0.0417
1381104527,10,0,0.032,-0.098,0.0,0.2,0.0,-0.0317,0.0316,7.390000000000001,0.0098,45872.0,0.035500000000000004,0.0,2239.0,45316.0,0.0448
1381108528,10,0,0.131,-0.062,-0.005,0.2,0.0,-0.0327,0.0327,7.390000000000001,0.0103,45592.0,0.0373,0.0,6240.0,45316.0,0.046200000000000005
1381113244,10,0,0.018000000000000002,-0.091,0.004,0.2,0.0,-0.0333,0.0333,7.390000000000001,0.010700000000000001,45732.0,0.0373,0.0,10956.0,45180.0,0.0471
1381117528,10,0,0.106,-0.041,-0.013000000000000001,0.2,0.0,-0.0371,0.0371,7.390000000000001,0.0111,45872.0,0.0426,0.0,15240.0,45316.0,0.0524
1381120573,10,0,0.064,-0.044,-0.012,0.2,0.0,-0.0368,0.0368,7.390000000000001,0.011300000000000001,46012.0,0.0408,0.0,18285.0,45316.0,0.0521
1381125299,10,0,0.099,-0.062,-0.005,0.2,0.0,-0.033800000000000004,0.033800000000000004,7.390000000000001,0.0118,45732.0,0.0391,0.0,23011.0,45316.0,0.0478
1381129564,10,0,0.022,-0.061,0.011,0.2,0.0,-0.0367,0.0367,7.390000000000001,0.012100000000000001,46152.0,0.0408,0.0,0.0,45316.0,0.0519
1381134259,10,0,0.10300000000000001,-0.063,-0.011,0.2,0.0,-0.0342,0.0341,7.390000000000001,0.0126,46012.0,0.0391,0.0,4695.0,45180.0,0.0483
1381138264,10,0,0.015,-0.042,-0.007,0.2,0.0,-0.0376,0.0376,7.390000000000001,0.013000000000000001,45592.0,0.0426,0.0,8700.0,45180.0,0.0531
1381142527,10,0,0.068,-0.079,0.001,0.2,0.0,-0.0358,0.0358,7.390000000000001,0.0132,45872.0,0.0408,0.0,12963.0,45316.0,0.0506
1381145313,10,0,0.147,-0.029,0.002,0.2,0.0,-0.0335,0.0334,7.390000000000001,0.0137,45732.0,0.0373,0.0,15749.0,45456.0,0.0473
1381149527,10,0,-0.033,-0.07200000000000001,-0.001,0.2,0.0,-0.035300000000000005,0.035300000000000005,7.390000000000001,0.014,45592.0,0.0391,0.0,19963.0,45316.0,0.0499
1381153688,10,0,0.116,-0.081,-0.012,0.2,0.0,-0.034,0.034,7.390000000000001,0.0143,46012.0,0.0391,0.0,24124.0,45316.0,0.048
1381158276,10,0,-0.009000000000000001,-0.064,0.003,0.2,0.0,-0.0317,0.0317,7.390000000000001,0.0149,45732.0,0.035500000000000004,0.0,0.0,45180.0,0.0448
1381162525,10,0,0.121,-0.065,-0.015,0.2,0.0,-0.0364,0.0364,7.390000000000001,0.015300000000000001,45592.0,0.0408,0.0,4249.0,45316.0,0.0514
1381164528,10,0,0.106,-0.051000000000000004,-0.01,0.2,0.0,-0.0342,0.0341,7.390000000000001,0.0155,45592.0,0.0391,0.0,6252.0,45456.0,0.0483
1381169285,10,0,0.035,-0.093,0.005,0.2,0.0,-0.0324,0.0324,7.390000000000001,0.0158,45732.0,0.0373,0.0,11009.0,45316.0,0.0459
1381173287,10,0,0.08600000000000001,-0.039,-0.018000000000000002,0.2,0.0,-0.0364,0.0364,7.390000000000001,0.0162,45592.0,0.0408,0.0,15011.0,45592.0,0.051500000000000004
1381177527,10,0,0.022,-0.084,-0.014,0.2,0.0,-0.035500000000000004,0.0354,7.390000000000001,0.016300000000000002,45732.0,0.0408,0.0,19251.0,45456.0,0.050100000000000006
1381182294,10,0,0.098,-0.043000000000000003,0.0,0.2,0.0,-0.0339,0.0339,7.390000000000001,0.016800000000000002,45592.0,0.0391,0.0,24018.0,45316.0,0.047900000000000005
1381184575,10,0,0.075,-0.048,0.004,0.2,0.0,-0.034,0.034,7.390000000000001,0.016900000000000002,45732.0,0.0391,0.0,0.0,45316.0,0.048100000000000004
1381189311,10,0,0.093,-0.063,-0.021,0.2,0.0,-0.0342,0.0342,7.390000000000001,0.017400000000000002,45592.0,0.0391,0.0,4736.0,45180.0,0.0483
1381193530,10,0,0.045,-0.038,-0.016,0.2,0.0,-0.0375,0.0375,7.390000000000001,0.0177,45592.0,0.0426,0.0,8955.0,45180.0,0.0531
1381197563,10,0,0.056,-0.091,-0.01,0.2,0.0,-0.0366,0.036500000000000005,7.390000000000001,0.0179,45872.0,0.0408,0.0,12988.0,45316.0,0.0517
1381202380,10,0,0.053,-0.048,-0.001,0.2,0.0,-0.0349,0.0349,7.390000000000001,0.0184,45732.0,0.0391,0.0,17805.0,45316.0,0.049300000000000004
1381204525,10,0,0.002,-0.076,0.001,0.2,0.0,-0.0371,0.0371,7.390000000000001,0.018500000000000003,45872.0,0.0426,0.0,19950.0,45180.0,0.052500000000000005
1381208526,10,0,0.101,-0.061,-0.018000000000000002,0.2,0.0,-0.037000000000000005,0.037000000000000005,7.390000000000001,0.0189,45732.0,0.0426,0.0,23951.0,45180.0,0.0523
1381213317,10,0,0.005,-0.079,-0.009000000000000001,0.2,0.0,-0.036000000000000004,0.036000000000000004,7.390000000000001,0.0193,45592.0,0.0409,0.0,0.0,45316.0,0.0509
1381217592,10,0,0.094,-0.075,-0.007,0.2,0.0,-0.0359,0.0359,7.390000000000001,0.019700000000000002,46012.0,0.0409,0.0,4275.0,45456.0,0.0507
1381222525,10,0,0.014,-0.07100000000000001,0.008,0.2,0.0,-0.0361,0.0361,7.390000000000001,0.0201,46012.0,0.0409,0.0,9208.0,45456.0,0.051000000000000004
1381224525,10,0,0.03,-0.08700000000000001,0.005,0.2,0.0,-0.0361,0.0361,7.390000000000001,0.020200000000000003,45872.0,0.0409,0.0,11208.0,45180.0,0.051000000000000004
1381228525,10,0,0.132,-0.055,-0.005,0.2,0.0,-0.0341,0.0341,7.390000000000001,0.020800000000000003,45872.0,0.0391,0.0,15208.0,45180.0,0.0483
1381232525,10,0,0.001,-0.083,0.012,0.2,0.0,-0.035,0.035,7.390000000000001,0.0211,45732.0,0.0391,0.0,19208.0,45316.0,0.0495
1381236525,10,0,0.156,-0.064,0.009000000000000001,0.2,0.0,-0.0342,0.0341,7.390000000000001,0.0217,45592.0,0.0391,0.0,23208.0,45180.0,0.0483
1381240526,10,0,0.021,-0.059000000000000004,0.024,0.2,0.0,-0.0356,0.0356,7.390000000000001,0.0222,45732.0,0.0409,0.0,0.0,45316.0,0.050300000000000004
1381245382,10,0,0.138,-0.074,0.006,0.2,0.0,-0.036500000000000005,0.0364,7.390000000000001,0.0227,45872.0,0.0409,0.0,4856.0,45180.0,0.051500000000000004
1381249526,10,0,0.043000000000000003,-0.073,0.02,0.2,0.0,-0.0333,0.0333,7.390000000000001,0.0233,45732.0,0.0373,0.0,9000.0,45044.0,0.0471
1381254341,10,0,0.101,-0.051000000000000004,0.017,0.2,0.0,-0.0396,0.0396,7.390000000000001,0.023700000000000002,45732.0,0.0444,0.0,13815.0,45316.0,0.056
1381258344,10,0,0.056,-0.064,0.023,0.2,0.0,-0.0376,0.0375,7.390000000000001,0.024,45732.0,0.0426,0.0,17818.0,45180.0,0.0531
1381260392,10,0,0.018000000000000002,-0.079,0.025,0.2,0.0,-0.036000000000000004,0.036000000000000004,7.390000000000001,0.0241,45732.0,0.0409,0.0,19866.0,45316.0,0.0509
1381264525,10,0,0.108,-0.053,0.019,0.2,0.0,-0.0367,0.0367,7.390000000000001,0.0245,45732.0,0.0409,0.0,23999.0,45316.0,0.052000000000000005
1381268525,10,0,0.033,-0.07,0.012,0.2,0.0,-0.037200000000000004,0.037200000000000004,7.390000000000001,0.024800000000000003,45732.0,0.0426,0.0,0.0,45316.0,0.0526
1381272525,10,0,0.097,-0.063,0.004,0.2,0.0,-0.0349,0.0349,7.390000000000001,0.0251,45732.0,0.0391,0.0,4000.0,45316.0,0.0494
1381276525,10,0,0.074,-0.056,0.022,0.2,0.0,-0.035500000000000004,0.0354,7.390000000000001,0.0256,46012.0,0.0409,0.0,8000.0,45316.0,0.050100000000000006
1381280573,10,0,0.019,-0.095,0.018000000000000002,0.2,0.0,-0.035500000000000004,0.035500000000000004,7.390000000000001,0.0258,45732.0,0.0409,0.0,12048.0,45316.0,0.0502
1381285408,10,0,0.081,-0.055,-0.006,0.2,0.0,-0.0345,0.0345,7.390000000000001,0.026500000000000003,45592.0,0.0391,0.0,16883.0,45316.0,0.0488
1381289525,10,0,0.029,-0.074,-0.006,0.2,0.0,-0.0373,0.037200000000000004,7.390000000000001,0.0267,45732.0,0.0426,0.0,21000.0,45180.0,0.052700000000000004
1381293554,10,0,0.135,-0.06,-0.013000000000000001,0.2,0.0,-0.035,0.035,7.390000000000001,0.027200000000000002,45732.0,0.0391,0.0,25029.0,45180.0,0.0495
1381298374,10,0,0.016,-0.092,-0.009000000000000001,0.2,0.0,-0.0339,0.0339,7.390000000000001,0.027600000000000003,45732.0,0.0391,0.0,0.0,45316.0,0.047900000000000005
1381300418,10,0,0.106,-0.077,-0.019,0.2,0.0,-0.035,0.0349,7.390000000000001,0.027800000000000002,45592.0,0.0391,0.0,2044.0,45456.0,0.0494
1381304525,10,0,0.07100000000000001,-0.065,-0.022,0.2,0.0,-0.0349,0.0349,7.390000000000001,0.028300000000000002,45872.0,0.0391,0.0,6151.0,45316.0,0.0494
1381309380,10,0,0.089,-0.07100000000000001,-0.027,0.2,0.0,-0.0364,0.0364,7.390000000000001,0.0287,45872.0,0.0408,0.0,11006.0,45316.0,0.051500000000000004
1381313497,10,0,0.09,-0.068,-0.017,0.2,0.0,-0.035,0.035,7.390000000000001,0.0292,45732.0,0.0391,0.0,15123.0,45316.0,0.0495
1381318385,10,0,0.078,-0.063,-0.02,0.2,0.0,-0.0364,0.0363,7.390000000000001,0.029500000000000002,45732.0,0.0408,0.0,20011.0,45180.0,0.0514
1381320528,10,0,0.11,-0.052000000000000005,-0.021,0.2,0.0,-0.038200000000000005,0.038200000000000005,7.390000000000001,0.0298,45872.0,0.0426,0.0,22154.0,45180.0,0.054
1381325436,10,0,0.024,-0.085,-0.024,0.2,0.0,-0.0367,0.0366,7.390000000000001,0.0302,45732.0,0.0408,0.0,0.0,45456.0,0.051800000000000006
1381330436,10,0,0.108,-0.058,-0.016,0.2,0.0,-0.0361,0.0361,7.390000000000001,0.0308,45872.0,0.0408,0.0,5000.0,45316.0,0.0511
1381332527,10,0,0.056,-0.066,-0.003,0.2,0.0,-0.0371,0.0371,7.390000000000001,0.031,45872.0,0.0426,0.0,7091.0,45044.0,0.052500000000000005
1381336528,10,0,0.067,-0.065,0.001,0.2,0.0,-0.037700000000000004,0.037700000000000004,7.390000000000001,0.0313,45732.0,0.0426,0.0,11092.0,45180.0,0.0533
1381341363,10,0,0.041,-0.065,-0.006,0.2,0.0,-0.0391,0.0391,7.390000000000001,0.0318,46012.0,0.0444,0.0,15927.0,45180.0,0.0553
1381345516,10,0,0.056,-0.077,-0.004,0.2,0.0,-0.0376,0.0375,7.390000000000001,0.032100000000000004,45732.0,0.0426,0.0,20080.0,45180.0,0.0531
1381350452,10,0,0.034,-0.045,0.01,0.2,0.0,-0.040400000000000005,0.040400000000000005,7.390000000000001,0.032600000000000004,45732.0,0.046200000000000005,0.0,25016.0,45456.0,0.057100000000000005
1381352525,10,0,-0.022,-0.061,0.013000000000000001,0.2,0.0,-0.041800000000000004,0.041800000000000004,7.390000000000001,0.032600000000000004,45872.0,0.047900000000000005,0.0,0.0,45044.0,0.0591
1381356526,10,0,0.106,-0.067,0.008,0.2,0.0,-0.04,0.04,7.390000000000001,0.033,45456.0,0.0444,0.0,4001.0,45180.0,0.056600000000000004
1381361564,10,0,-0.031,-0.064,0.016,0.2,0.0,-0.0398,0.0398,7.390000000000001,0.0333,45872.0,0.0444,0.0,9039.0,45180.0,0.0563
1381366418,10,0,0.109,-0.051000000000000004,0.008,0.2,0.0,-0.041600000000000005,0.041600000000000005,7.390000000000001,0.0337,45872.0,0.046200000000000005,0.0,13893.0,45044.0,0.058800000000000005
1381368418,10,0,0.066,-0.041,0.023,0.2,-2.67,-0.039900000000000005,0.039900000000000005,7.390000000000001,0.0339,46012.0,0.0444,0.0,15893.0,45316.0,0.056400000000000006
1381372525,10,0,0.002,-0.057,0.034,0.189,-2.67,-0.0395,0.039400000000000004,7.390000000000001,0.034,46012.0,0.0444,0.0,20000.0,45316.0,0.0558
1381376574,10,0,0.094,-0.057,0.026000000000000002,0.179,-2.67,-0.038200000000000005,0.0381,7.390000000000001,0.0344,45732.0,0.0426,0.0,24049.0,45456.0,0.054
1381381428,10,0,-0.003,-0.063,0.009000000000000001,0.165,-2.67,-0.0342,0.0342,7.390000000000001,0.0347,45872.0,0.0391,0.0,0.0,45044.0,0.0483
1381385478,10,0,0.161,-0.048,0.023,0.155,-2.67,-0.029900000000000003,0.029900000000000003,7.390000000000001,0.035300000000000005,45872.0,0.033800000000000004,0.0,4050.0,45180.0,0.0422
1381389525,10,0,-0.01,-0.038,0.028,0.14400000000000002,-2.67,-0.031,0.031,7.390000000000001,0.0357,45732.0,0.035500000000000004,0.0,8097.0,45180.0,0.0438
1381393553,10,0,0.213,-0.059000000000000004,-0.001,0.133,-2.67,-0.0251,0.0251,7.390000000000001,0.0363,45592.0,0.0284,0.0,12125.0,45316.0,0.035500000000000004
1381396438,10,0,0.093,-0.031,0.007,0.125,-2.67,-0.0273,0.0273,7.390000000000001,0.0368,45456.0,0.0302,0.0,15010.0,45180.0,0.0386
1381400486,10,0,0.049,-0.047,-0.004,0.115,-2.67,-0.0269,0.0269,7.390000000000001,0.0368,45872.0,0.0302,0.0,19058.0,45180.0,0.0381
1381405492,10,0,0.155,-0.033,-0.016,0.101,-2.67,-0.022000000000000002,0.022000000000000002,7.390000000000001,0.037700000000000004,45872.0,0.024900000000000002,0.0,24064.0,45180.0,0.031100000000000003
1381409558,10,0,0.021,-0.053,-0.014,0.091,-2.67,-0.024,0.024,7.390000000000001,0.0378,45872.0,0.0267,0.0,0.0,45456.0,0.0339
1381414454,10,0,0.126,-0.041,-0.037,0.077,-2.67,-0.0264,0.0264,7.390000000000001,0.038200000000000005,45872.0,0.0302,0.0,4896.0,45044.0,0.0374
1381416525,10,0,0.051000000000000004,-0.053,-0.038,0.07200000000000001,-2.67,-0.0227,0.0227,7.390000000000001,0.0383,45732.0,0.024900000000000002,0.0,6967.0,45180.0,0.0322
1381421454,10,0,0.092,-0.039,-0.034,0.059000000000000004,-2.67,-0.0256,0.0256,7.390000000000001,0.0385,45732.0,0.0284,0.0,11896.0,45180.0,0.0362
1381426459,10,0,-0.076,-0.076,-0.026000000000000002,0.045,-2.67,-0.030600000000000002,0.030600000000000002,7.390000000000001,0.0385,45592.0,0.035500000000000004,0.0,16901.0,45316.0,0.043300000000000005
1381428460,10,0,0.024,-0.097,-0.026000000000000002,0.04,-2.67,-0.0229,0.0229,7.390000000000001,0.0385,45732.0,0.0267,0.0,18902.0,45316.0,0.0324
1381432563,10,0,0.059000000000000004,-0.032,-0.012,0.029,-2.67,-0.0211,0.0211,7.390000000000001,0.038900000000000004,45732.0,0.023100000000000002,0.0,23005.0,45180.0,0.0298
1381437527,10,0,-0.078,-0.08600000000000001,-0.016,0.016,-2.67,-0.028800000000000003,0.028800000000000003,7.390000000000001,0.0386,45732.0,0.032,0.0,0.0,45180.0,0.0408
1381441659,10,0,0.017,-0.051000000000000004,-0.018000000000000002,0.005,-2.67,-0.0229,0.0229,7.390000000000001,0.038900000000000004,45872.0,0.0267,0.0,4132.0,45316.0,0.0323
1381444470,10,0,-0.09,-0.068,0.013000000000000001,-0.003,-2.67,-0.0178,0.0178,7.390000000000001,0.038900000000000004,45732.0,0.0195,0.0,6943.0,45044.0,0.0251
1381448525,10,0,-0.014,-0.079,0.033,-0.013000000000000001,-2.67,-0.019100000000000002,0.019100000000000002,7.390000000000001,0.0391,45732.0,0.0213,0.0,10998.0,45180.0,0.027100000000000003
1381454479,10,0,-0.013000000000000001,-0.07200000000000001,0.02,-0.029,-2.67,-0.0076,0.0076,7.390000000000001,0.0397,45732.0,0.0089,0.0,16952.0,45044.0,0.010700000000000001
1381456479,10,0,0.099,-0.068,0.015,-0.035,-2.67,-0.00030000000000000003,0.00030000000000000003,7.390000000000001,0.039900000000000005,45872.0,0.0,0.0,18952.0,45316.0,0.0004
1381460530,10,0,0.121,-0.015,0.036000000000000004,-0.045,-2.67,-0.0021000000000000003,0.0021000000000000003,7.390000000000001,0.0405,46012.0,0.0018000000000000002,0.0,23003.0,45044.0,0.003
1381465496,10,0,-0.026000000000000002,-0.049,0.032,-0.059000000000000004,-2.67,-0.0111,0.0111,7.390000000000001,0.0407,45732.0,0.012400000000000001,0.0,0.0,45044.0,0.015700000000000002
1381469564,10,0,0.202,-0.024,0.029,-0.069,-2.67,0.0015,-0.0015,7.390000000000001,0.0413,45732.0,-0.0018000000000000002,0.0,4068.0,45044.0,-0.0022
1381472574,10,0,0.13,-0.042,0.047,-0.077,-2.67,0.0099,-0.0099,7.390000000000001,0.041600000000000005,45872.0,-0.010700000000000001,0.0,7078.0,45044.0,-0.014
1381478493,10,0,0.033,0.01,-0.012,-0.093,-2.67,-0.0105,0.0105,7.390000000000001,0.042,45872.0,0.012400000000000001,0.0,12997.0,45044.0,0.0148
1381480543,10,0,-0.097,-0.003,-0.007,-0.099,-2.67,-0.0173,0.0173,7.390000000000001,0.041800000000000004,45872.0,0.0195,0.0,15047.0,45316.0,0.0244
1381485556,10,0,0.048,-0.045,0.027,-0.112,-2.67,-0.0025,0.0025,7.4,0.0417,45732.0,0.0036000000000000003,0.0,20060.0,45044.0,0.0036000000000000003
1381490550,10,0,-0.083,-0.019,-0.012,-0.125,-2.67,0.0035,-0.0035,7.4,0.041800000000000004,46012.0,-0.0036000000000000003,0.0,25054.0,45180.0,-0.005
1381493535,10,0,-0.074,-0.067,-0.044,-0.133,-2.67,0.0006000000000000001,-0.0006000000000000001,7.4,0.041600000000000005,45872.0,0.0,0.0,0.0,45180.0,-0.0008
1381498510,10,0,-0.065,-0.011,-0.017,-0.147,-2.67,0.0025,-0.0025,7.4,0.0415,46152.0,-0.0036000000000000003,0.0,4975.0,45180.0,-0.0035
1381500557,10,0,-0.10400000000000001,-0.046,-0.001,-0.152,-2.67,0.004200000000000001,-0.004200000000000001,7.4,0.0414,45872.0,-0.0053,0.0,7022.0,45044.0,-0.0059
1381505421,10,0,-0.003,-0.032,-0.026000000000000002,-0.165,-2.67,0.009300000000000001,-0.009300000000000001,7.4,0.041600000000000005,45872.0,-0.010700000000000001,0.0,11886.0,45180.0,-0.0131
1381509518,10,0,-0.101,-0.012,-0.038,-0.176,-2.67,0.0079,-0.0079,7.4,0.041800000000000004,45732.0,-0.0089,0.0,15983.0,45044.0,-0.0112
1381513591,10,0,0.042,0.001,-0.033,-0.187,-2.67,0.012100000000000001,-0.012100000000000001,7.4,0.042,46012.0,-0.0142,0.0,20056.0,45044.0,-0.0171
1381516522,10,0,-0.058,0.029,-0.033,-0.195,-2.67,0.01,-0.01,7.4,0.042100000000000005,45872.0,-0.010700000000000001,0.0,22987.0,45180.0,-0.0142
1381520571,10,0,-0.098,-0.035,-0.025,-0.2,0.0,0.0102,-0.0102,7.4,0.0417,45872.0,-0.012400000000000001,0.0,0.0,45316.0,-0.0145
1381525575,10,0,0.004,0.027,-0.005,-0.2,0.0,0.0166,-0.0166,7.4,0.0417,45732.0,-0.0195,0.0,5004.0,45044.0,-0.0235
1381528529,10,0,-0.073,0.026000000000000002,-0.004,-0.2,0.0,0.0146,-0.0146,7.4,0.0414,46012.0,-0.016,0.0,7958.0,45180.0,-0.0207
1381533492,10,0,0.026000000000000002,0.03,-0.013000000000000001,-0.2,0.0,0.0114,-0.0114,7.4,0.041100000000000005,46012.0,-0.012400000000000001,0.0,12921.0,45316.0,-0.0161
1381537696,10,0,-0.098,0.068,0.017,-0.2,0.0,0.0076,-0.0076,7.4,0.040600000000000004,45732.0,-0.0089,0.0,17125.0,45180.0,-0.0108
1381540620,10,0,-0.045,0.064,0.02,-0.2,0.0,0.0054,-0.0054,7.4,0.040100000000000004,45732.0,-0.0053,0.0,20049.0,45180.0,-0.0076
1381545624,10,0,-0.165,0.082,0.013000000000000001,-0.2,0.0,-0.0021000000000000003,0.0021000000000000003,7.4,0.0393,46152.0,0.0018000000000000002,0.0,25053.0,45180.0,0.003
1381548579,10,0,-0.10400000000000001,0.061,0.023,-0.2,0.0,0.0047,-0.0047,7.390000000000001,0.038700000000000005,45872.0,-0.0053,0.0,0.0,45180.0,-0.0066
1381552685,10,0,-0.044,0.068,0.028,-0.2,0.0,0.0048000000000000004,-0.0048000000000000004,7.390000000000001,0.038400000000000004,46012.0,-0.0053,0.0,4106.0,45044.0,-0.0068000000000000005
1381558588,10,0,-0.139,0.064,0.002,-0.2,0.0,-0.0017000000000000001,0.0017000000000000001,7.390000000000001,0.0374,46012.0,0.0018000000000000002,0.0,10009.0,45044.0,0.0024000000000000002
1381560634,10,0,-0.078,0.063,0.014,-0.2,0.0,-0.0021000000000000003,0.0021000000000000003,7.390000000000001,0.037200000000000004,45732.0,0.0018000000000000002,0.0,12055.0,45180.0,0.003
1381565567,10,0,-0.17,0.07,0.02,-0.2,0.0,0.0076,-0.0076,7.390000000000001,0.0366,45872.0,-0.0089,0.0,16988.0,45316.0,-0.010700000000000001
1381568611,10,0,-0.107,0.058,-0.003,-0.2,0.0,0.0079,-0.0079,7.4,0.0364,45732.0,-0.0089,0.0,20032.0,44912.0,-0.0112
1381573530,10,0,-0.149,0.064,0.007,-0.2,0.0,0.0103,-0.0103,7.4,0.036000000000000004,45592.0,-0.012400000000000001,0.0,24951.0,45044.0,-0.0146
1381578563,10,0,0.025,0.061,-0.002,-0.2,0.0,0.0154,-0.0154,7.4,0.0358,45872.0,-0.0178,0.0,0.0,45180.0,-0.0217
1381580611,10,0,-0.006,0.093,-0.003,-0.2,0.0,0.0135,-0.0135,7.4,0.0357,45732.0,-0.016,0.0,2048.0,45044.0,-0.019100000000000002
1381585578,10,0,-0.059000000000000004,0.067,-0.02,-0.2,0.0,0.0117,-0.0117,7.4,0.035300000000000005,45592.0,-0.012400000000000001,0.0,7015.0,45044.0,-0.0166
1381588571,10,0,0.05,0.11800000000000001,-0.016,-0.2,0.0,0.0094,-0.0094,7.4,0.035300000000000005,45592.0,-0.010700000000000001,0.0,10008.0,45044.0,-0.013300000000000001
1381593574,10,0,-0.061,0.1,0.001,-0.2,0.0,0.0109,-0.0109,7.4,0.0346,45732.0,-0.012400000000000001,0.0,15011.0,45044.0,-0.0154
1381598613,10,0,0.054,0.14300000000000002,-0.03,-0.2,0.0,0.0105,-0.0105,7.4,0.034300000000000004,45872.0,-0.012400000000000001,0.0,20050.0,45180.0,-0.0148
1381601793,10,0,-0.105,0.131,-0.004,-0.2,0.0,0.0063,-0.0063,7.4,0.033800000000000004,45732.0,-0.0071,0.0,23230.0,45044.0,-0.0089
1381604619,10,0,-0.058,0.108,0.005,-0.2,0.0,-0.0007,0.0007,7.4,0.0332,45872.0,0.0,0.0,0.0,45180.0,0.001
1381609548,10,0,-0.186,0.169,-0.029,-0.2,0.0,-0.0098,0.0098,7.390000000000001,0.0322,45732.0,0.010700000000000001,0.0,4929.0,45180.0,0.013800000000000002
1381613552,10,0,-0.083,0.107,-0.036000000000000004,-0.2,0.0,-0.006200000000000001,0.006200000000000001,7.390000000000001,0.031400000000000004,46012.0,0.0071,0.0,8933.0,45044.0,0.008700000000000001
1381618627,10,0,-0.169,0.201,0.005,-0.2,0.0,-0.007,0.007,7.390000000000001,0.0302,45732.0,0.0071,0.0,14008.0,45180.0,0.01
1381620674,10,0,-0.23600000000000002,0.157,0.007,-0.2,0.0,-0.010700000000000001,0.010700000000000001,7.390000000000001,0.029500000000000002,45732.0,0.012400000000000001,0.0,16055.0,44912.0,0.0151
1381625679,10,0,-0.11900000000000001,0.149,-0.042,-0.2,0.0,-0.012100000000000001,0.012100000000000001,7.390000000000001,0.0284,45732.0,0.0142,0.0,21060.0,44912.0,0.0171
1381628634,10,0,-0.191,0.171,-0.03,-0.2,0.0,-0.0076,0.0076,7.4,0.027700000000000002,45732.0,0.0089,0.0,24015.0,45316.0,0.0108
1381633703,10,0,-0.077,0.147,0.01,-0.2,0.0,-0.007200000000000001,0.007200000000000001,7.4,0.0268,45592.0,0.0089,0.0,0.0,45044.0,0.010100000000000001
1381636602,10,0,-0.052000000000000005,0.19,0.007,-0.2,0.0,-0.003,0.003,7.4,0.0263,45592.0,0.0036000000000000003,0.0,2899.0,45316.0,0.004200000000000001
1381640691,10,0,-0.101,0.11,-0.002,-0.2,0.0,0.0031000000000000003,-0.0031000000000000003,7.4,0.0256,45732.0,-0.0036000000000000003,0.0,6988.0,45316.0,-0.0044
1381645693,10,0,-0.041,0.218,0.029,-0.2,0.0,-0.004,0.004,7.4,0.025,45732.0,0.0053,0.0,11990.0,45180.0,0.0057
1381648610,10,0,-0.14400000000000002,0.149,0.037,-0.2,0.0,-0.0057,0.0057,7.4,0.0245,45872.0,0.0071,0.0,14907.0,45180.0,0.008
1381652816,10,0,0.048,0.202,-0.007,-0.2,0.0,-0.0043,0.0043,7.4,0.0239,45872.0,0.0053,0.0,19113.0,45044.0,0.0061
1381658654,10,0,-0.083,0.169,0.065,-0.2,0.0,-0.0046,0.0046,7.4,0.0228,45872.0,0.0053,0.0,24951.0,45044.0,0.006500000000000001
1381660702,10,0,-0.037,0.18,0.057,-0.2,0.0,-0.0088,0.0088,7.4,0.0224,45872.0,0.010700000000000001,0.0,0.0,45044.0,0.0125
1381665755,10,0,-0.11900000000000001,0.198,0.004,-0.2,0.0,-0.0135,0.0135,7.4,0.0212,45732.0,0.016,0.0,5053.0,45044.0,0.019200000000000002
1381668625,10,0,-0.08700000000000001,0.138,0.023,-0.2,0.0,-0.0108,0.0108,7.4,0.0205,45592.0,0.012400000000000001,0.0,7923.0,45180.0,0.0152
1381673628,10,0,-0.106,0.231,0.034,-0.2,0.0,-0.014100000000000001,0.014100000000000001,7.4,0.0194,45732.0,0.016,0.0,12926.0,45180.0,0.0199
1381678632,10,0,-0.114,0.15,-0.002,-0.2,0.0,-0.0183,0.0183,7.4,0.0182,45872.0,0.0213,0.0,17930.0,45180.0,0.0258
1381680715,10,0,-0.08600000000000001,0.23600000000000002,-0.005,-0.2,0.0,-0.0187,0.0187,7.4,0.0178,46012.0,0.0213,0.0,20013.0,45044.0,0.0264
1381685720,10,0,-0.20700000000000002,0.14,0.023,-0.2,0.0,-0.023200000000000002,0.023100000000000002,7.4,0.0164,45872.0,0.0267,0.0,25018.0,44912.0,0.0327
1381688639,10,0,-0.139,0.158,-0.022,-0.2,0.0,-0.020800000000000003,0.020800000000000003,7.4,0.0159,45872.0,0.023100000000000002,0.0,0.0,45180.0,0.029400000000000003
1381693642,10,0,-0.261,0.178,-0.011,-0.2,0.0,-0.0252,0.0252,7.4,0.0146,45872.0,0.0284,0.0,5003.0,45044.0,0.0356
1381697715,10,0,-0.156,0.153,-0.001,-0.2,0.0,-0.0236,0.0236,7.4,0.0137,46012.0,0.0267,0.0,9076.0,45044.0,0.0334
1381700721,10,0,-0.176,0.202,-0.022,-0.2,0.0,-0.0204,0.0204,7.4,0.013000000000000001,45732.0,0.023100000000000002,0.0,12082.0,45180.0,0.028800000000000003
1381705651,10,0,-0.245,0.13,-0.027,-0.2,0.0,-0.0245,0.0245,7.4,0.011600000000000001,45872.0,0.0284,0.0,17012.0,45180.0,0.0346
1381708689,10,0,-0.152,0.163,-0.012,-0.2,0.0,-0.0212,0.0212,7.4,0.011000000000000001,46012.0,0.024900000000000002,0.0,20050.0,45316.0,0.030000000000000002
1381713656,10,0,-0.217,0.124,-0.008,-0.2,0.0,-0.0142,0.0142,7.4,0.0099,45732.0,0.016,0.0,25017.0,45180.0,0.02
1381718658,10,0,-0.11800000000000001,0.165,0.001,-0.2,0.0,-0.016,0.016,7.4,0.0091,46012.0,0.0178,0.0,0.0,45180.0,0.022600000000000002
1381720776,10,0,-0.184,0.177,0.015,-0.2,0.0,-0.019200000000000002,0.019100000000000002,7.4,0.0086,45732.0,0.0213,0.0,2118.0,45180.0,0.027100000000000003
1381725781,10,0,-0.155,0.152,-0.005,-0.2,0.0,-0.0211,0.0211,7.4,0.007500000000000001,46012.0,0.023100000000000002,0.0,7123.0,45180.0,0.029900000000000003
1381728610,10,0,-0.117,0.193,-0.012,-0.2,0.0,-0.023,0.023,7.4,0.0071,46012.0,0.0267,0.0,9952.0,45044.0,0.032600000000000004
1381733686,10,0,-0.176,0.171,0.016,-0.2,0.0,-0.022600000000000002,0.022600000000000002,7.4,0.0054,46012.0,0.024900000000000002,0.0,15028.0,45180.0,0.032
1381738672,10,0,-0.188,0.201,0.005,-0.2,0.0,-0.0263,0.0263,7.4,0.004,45732.0,0.0302,0.0,20014.0,45316.0,0.0371
1381740792,10,0,-0.20700000000000002,0.17400000000000002,-0.001,-0.2,0.0,-0.025900000000000003,0.025900000000000003,7.4,0.0034000000000000002,46012.0,0.0284,0.0,22134.0,45044.0,0.0366
1381745794,10,0,-0.149,0.215,-0.008,-0.2,0.0,-0.024900000000000002,0.024900000000000002,7.4,0.002,45872.0,0.0284,0.0,0.0,45044.0,0.035300000000000005
1381748680,10,0,-0.199,0.202,0.012,-0.2,0.0,-0.027,0.027,7.4,0.0011,45732.0,0.0302,0.0,2886.0,45180.0,0.038200000000000005
1381752913,10,0,-0.17500000000000002,0.192,-0.001,-0.2,0.0,-0.027600000000000003,0.027600000000000003,7.4,0.0,45872.0,0.032,0.0,7119.0,45180.0,0.0391
1381757684,10,0,-0.21,0.20700000000000002,0.005,-0.2,0.0,-0.028800000000000003,0.028800000000000003,7.4,-0.0015,45872.0,0.032,0.0,11890.0,45180.0,0.0407
1381761691,10,0,-0.21,0.16,0.013000000000000001,-0.2,0.0,-0.0275,0.0275,7.4,-0.0023,45732.0,0.032,0.0,15897.0,45180.0,0.038900000000000004
1381764687,10,0,-0.18,0.225,-0.018000000000000002,-0.2,0.0,-0.027600000000000003,0.027600000000000003,7.4,-0.0034000000000000002,45872.0,0.032,0.0,18893.0,45180.0,0.039
1381770574,10,0,-0.23,0.14400000000000002,-0.001,-0.2,0.0,-0.0281,0.0281,7.4,-0.005,45732.0,0.032,0.0,24780.0,45180.0,0.0397
1381772685,10,0,-0.17300000000000001,0.209,0.012,-0.2,0.0,-0.028200000000000003,0.028200000000000003,7.4,-0.0058000000000000005,45872.0,0.032,0.0,0.0,45044.0,0.039900000000000005
1381776734,10,0,-0.244,0.189,-0.001,-0.2,0.0,-0.029300000000000003,0.0292,7.4,-0.007,45732.0,0.033800000000000004,0.0,4049.0,45180.0,0.0414
1381780810,10,0,-0.202,0.17,-0.025,-0.2,0.0,-0.0298,0.0297,7.4,-0.0081,45732.0,0.033800000000000004,0.0,8125.0,45044.0,0.042100000000000005
1381785780,10,0,-0.23800000000000002,0.17400000000000002,-0.008,-0.2,0.0,-0.0273,0.0273,7.4,-0.009600000000000001,45732.0,0.0302,0.0,13095.0,45044.0,0.0385
1381788574,10,0,-0.266,0.133,-0.006,-0.2,0.0,-0.0286,0.0286,7.4,-0.010100000000000001,45872.0,0.032,0.0,15889.0,45044.0,0.0405
1381792854,10,0,-0.161,0.211,-0.027,-0.2,0.0,-0.0279,0.0279,7.4,-0.0111,46012.0,0.032,0.0,20169.0,45316.0,0.039400000000000004
1381797535,10,0,-0.265,0.15,-0.011,-0.2,0.0,-0.029500000000000002,0.029500000000000002,7.4,-0.0125,45872.0,0.033800000000000004,0.0,24850.0,45180.0,0.0417
1381801535,10,0,-0.14,0.20400000000000001,-0.023,-0.2,0.0,-0.027800000000000002,0.027800000000000002,7.4,-0.0134,45732.0,0.032,0.0,0.0,45044.0,0.0393
1381805794,10,0,-0.262,0.153,-0.01,-0.2,0.0,-0.0281,0.0281,7.4,-0.0148,45592.0,0.032,0.0,4259.0,45180.0,0.0397
1381808573,10,0,-0.212,0.156,-0.007,-0.2,0.0,-0.027600000000000003,0.027600000000000003,7.4,-0.015300000000000001,45732.0,0.032,0.0,7038.0,45044.0,0.0391
1381812792,10,0,-0.185,0.191,0.006,-0.2,0.0,-0.0274,0.0273,7.4,-0.0164,45732.0,0.0302,0.0,11257.0,45180.0,0.038700000000000005
1381817535,10,0,-0.23500000000000001,0.156,-0.008,-0.2,0.0,-0.029500000000000002,0.029500000000000002,7.4,-0.0176,46012.0,0.033800000000000004,0.0,16000.0,45044.0,0.0417
1381821535,10,0,-0.179,0.195,-0.006,-0.2,0.0,-0.0313,0.0313,7.4,-0.018600000000000002,45872.0,0.0356,0.0,20000.0,45180.0,0.0443
1381825965,10,0,-0.229,0.146,0.018000000000000002,-0.2,0.0,-0.0284,0.0284,7.4,-0.0201,45592.0,0.032,0.0,24430.0,45180.0,0.040100000000000004
1381828573,10,0,-0.168,0.176,0.01,-0.2,0.0,-0.027700000000000002,0.027700000000000002,7.4,-0.0205,45872.0,0.032,0.0,0.0,45044.0,0.0391
1381833575,10,0,-0.23700000000000002,0.16,0.003,-0.2,0.0,-0.030000000000000002,0.029900000000000003,7.4,-0.0218,45592.0,0.033800000000000004,0.0,5002.0,45044.0,0.042300000000000004
1381838536,10,0,-0.11900000000000001,0.166,0.0,-0.2,0.0,-0.0252,0.0251,7.4,-0.0229,45872.0,0.0284,0.0,9963.0,45180.0,0.0356
1381840543,10,0,-0.138,0.17200000000000001,0.0,-0.2,0.0,-0.0253,0.0253,7.4,-0.0233,45732.0,0.0284,0.0,11970.0,45316.0,0.0358
1381844773,10,0,-0.209,0.14100000000000001,-0.014,-0.2,0.0,-0.0267,0.0267,7.4,-0.0246,45592.0,0.0302,0.0,16200.0,45180.0,0.0378
1381848811,10,0,-0.117,0.17,0.003,-0.2,0.0,-0.026000000000000002,0.026000000000000002,7.4,-0.025400000000000002,46152.0,0.0302,0.0,20238.0,45180.0,0.0368
1381852948,10,0,-0.241,0.149,-0.007,-0.2,0.0,-0.026500000000000003,0.026500000000000003,7.4,-0.0264,45732.0,0.0302,0.0,24375.0,45180.0,0.0375
1381857684,10,0,-0.122,0.156,-0.032,-0.2,0.0,-0.028,0.028,7.4,-0.0273,45592.0,0.032,0.0,0.0,45044.0,0.0396
1381861751,10,0,-0.234,0.132,-0.008,-0.2,0.0,-0.024300000000000002,0.024300000000000002,7.4,-0.0285,45732.0,0.0267,0.0,4067.0,45180.0,0.034300000000000004
1381865786,10,0,-0.125,0.165,-0.012,-0.2,0.0,-0.0273,0.027200000000000002,7.4,-0.029500000000000002,46012.0,0.0302,0.0,8102.0,45044.0,0.0385
1381868571,10,0,-0.148,0.159,-0.013000000000000001,-0.2,0.0,-0.027200000000000002,0.027200000000000002,7.4,-0.029900000000000003,45592.0,0.0302,0.0,10887.0,45180.0,0.0385
1381872831,10,0,-0.166,0.132,-0.023,-0.2,0.0,-0.0227,0.0227,7.4,-0.031200000000000002,45732.0,0.024900000000000002,0.0,15147.0,45180.0,0.032100000000000004
1381876832,10,0,-0.139,0.156,-0.015,-0.2,0.0,-0.0233,0.0233,7.4,-0.032,45732.0,0.0267,0.0,19148.0,45044.0,0.033
1381881534,10,0,-0.201,0.112,-0.011,-0.2,0.0,-0.0229,0.0229,7.4,-0.033,45732.0,0.0267,0.0,23850.0,44912.0,0.0324
1381885820,10,0,-0.145,0.154,-0.01,-0.2,0.0,-0.0228,0.0228,7.4,-0.0341,45872.0,0.0267,0.0,0.0,45180.0,0.0323
1381888573,10,0,-0.194,0.131,-0.006,-0.2,0.0,-0.023200000000000002,0.023200000000000002,7.4,-0.0345,45732.0,0.0267,0.0,2753.0,45044.0,0.0328
1381892852,10,0,-0.121,0.137,-0.01,-0.2,0.0,-0.020800000000000003,0.020800000000000003,7.4,-0.035500000000000004,45456.0,0.023100000000000002,0.0,7032.0,45044.0,0.029400000000000003
1381897533,10,0,-0.186,0.126,-0.01,-0.2,0.0,-0.0205,0.0205,7.4,-0.0363,45592.0,0.023100000000000002,0.0,11713.0,45316.0,0.029
1381901534,10,0,-0.149,0.115,-0.003,-0.2,0.0,-0.0199,0.0199,7.4,-0.0371,45732.0,0.023100000000000002,0.0,15714.0,45180.0,0.0281
1381905577,10,0,-0.137,0.138,0.009000000000000001,-0.2,0.0,-0.0187,0.0187,7.4,-0.037700000000000004,46012.0,0.0213,0.0,19757.0,45044.0,0.026500000000000003
1381910578,10,0,-0.162,0.123,-0.005,-0.2,0.0,-0.0205,0.0205,7.4,-0.0388,45732.0,0.023100000000000002,0.0,24758.0,45044.0,0.029
1381912857,10,0,-0.106,0.138,-0.009000000000000001,-0.2,0.0,-0.019100000000000002,0.019100000000000002,7.4,-0.0393,45732.0,0.0213,0.0,0.0,45180.0,0.027
1381917539,10,0,-0.188,0.106,0.003,-0.2,0.0,-0.0166,0.0166,7.4,-0.04,45592.0,0.0196,0.0,4682.0,45316.0,0.0235
1381921577,10,0,-0.123,0.123,0.009000000000000001,-0.2,0.0,-0.016,0.016,7.4,-0.040600000000000004,45732.0,0.0178,0.0,8720.0,45180.0,0.0227
1381926578,10,0,-0.189,0.116,0.009000000000000001,-0.2,0.0,-0.0173,0.0173,7.4,-0.041600000000000005,45592.0,0.0196,0.0,13721.0,44776.0,0.0244
1381928860,10,0,-0.121,0.115,-0.004,-0.2,0.0,-0.015300000000000001,0.015300000000000001,7.4,-0.0422,45872.0,0.0178,0.0,16003.0,45180.0,0.0216
1381933576,10,0,-0.136,0.128,0.015,-0.2,0.0,-0.015700000000000002,0.015700000000000002,7.4,-0.042800000000000005,45732.0,0.0178,0.0,20719.0,45044.0,0.0222
1381937780,10,0,-0.128,0.11,0.014,-0.2,0.0,-0.0152,0.0152,7.4,-0.0439,45732.0,0.0178,0.0,24923.0,45180.0,0.021500000000000002
1381942577,10,0,-0.121,0.137,0.028,-0.2,0.0,-0.0159,0.0159,7.4,-0.044500000000000005,45872.0,0.0178,0.0,0.0,45180.0,0.0224
1381944616,10,0,-0.232,0.131,0.032,-0.2,0.0,-0.0173,0.0173,7.4,-0.045000000000000005,46012.0,0.0196,0.0,2039.0,45316.0,0.0245
1381948618,10,0,-0.091,0.113,0.015,-0.2,0.0,-0.0165,0.0165,7.4,-0.0459,45732.0,0.0196,0.0,6041.0,45044.0,0.0234
1381953579,10,0,-0.131,0.125,0.017,-0.2,0.0,-0.0117,0.0117,7.4,-0.0465,45592.0,0.0125,0.0,11002.0,45180.0,0.0165
1381958579,10,0,-0.092,0.125,0.028,-0.2,0.0,-0.0179,0.0179,7.4,-0.0478,45592.0,0.0196,0.0,16002.0,45044.0,0.0253
1381960820,10,0,-0.085,0.114,0.03,-0.2,0.0,-0.012,0.012,7.4,-0.0482,45732.0,0.0142,0.0,18243.0,45044.0,0.016900000000000002
1381965570,10,0,-0.152,0.14200000000000002,0.018000000000000002,-0.2,0.0,-0.010100000000000001,0.010100000000000001,7.4,-0.049,45592.0,0.010700000000000001,0.0,22993.0,45180.0,0.0142
1381969612,10,0,-0.07100000000000001,0.121,0.005,-0.2,0.0,-0.0137,0.0137,7.4,-0.049600000000000005,45456.0,0.016,0.0,0.0,45316.0,0.0194
1381973818,10,0,-0.145,0.122,-0.011,-0.2,0.0,-0.0089,0.0089,7.4,-0.0504,45456.0,0.010700000000000001,0.0,4206.0,45180.0,0.0126
1381978576,10,0,-0.075,0.101,-0.002,-0.2,0.0,-0.0091,0.0091,7.4,-0.0509,45872.0,0.010700000000000001,0.0,8964.0,45180.0,0.0128
1381980836,10,0,-0.13,0.1,0.004,-0.2,0.0,-0.0095,0.0095,7.4,-0.051300000000000005,46152.0,0.010700000000000001,0.0,11224.0,45180.0,0.0135
1381985698,10,0,-0.076,0.11900000000000001,-0.029,-0.2,0.0,-0.0064,0.0064,7.4,-0.052000000000000005,45732.0,0.0071,0.0,16086.0,45044.0,0.0091
1381989853,10,0,-0.18,0.112,-0.031,-0.2,0.0,-0.014,0.014,7.4,-0.0529,45456.0,0.016,0.0,20241.0,45044.0,0.0198
1381992577,10,0,-0.171,0.105,-0.026000000000000002,-0.2,0.0,-0.011600000000000001,0.011600000000000001,7.4,-0.0534,45732.0,0.0125,0.0,22965.0,45180.0,0.0164
1381996577,10,0,-0.007,0.099,-0.022,-0.2,0.0,-0.0054,0.0054,7.4,-0.0539,45872.0,0.0053,0.0,0.0,45180.0,0.0076
1382000851,10,0,-0.215,0.112,-0.027,-0.2,0.0,-0.0111,0.0111,7.4,-0.055,45592.0,0.0125,0.0,4274.0,45316.0,0.0158
1382005569,10,0,-0.016,0.078,-0.009000000000000001,-0.2,0.0,-0.009300000000000001,0.009300000000000001,7.4,-0.0555,45732.0,0.010700000000000001,0.0,8992.0,45316.0,0.0131
1382009605,10,0,-0.157,0.11,0.003,-0.2,0.0,-0.0025,0.0025,7.4,-0.056,45592.0,0.0036000000000000003,0.0,13028.0,45316.0,0.0036000000000000003
1382013819,10,0,-0.057,0.098,-0.008,-0.2,0.0,-0.0117,0.0117,7.4,-0.0567,45732.0,0.0125,0.0,17242.0,45316.0,0.0165
1382017953,10,0,-0.11800000000000001,0.08700000000000001,0.023,-0.2,0.0,-0.004,0.004,7.4,-0.057100000000000005,45732.0,0.0053,0.0,21376.0,45044.0,0.0056
1382020570,10,0,-0.139,0.101,0.029,-0.2,0.0,-0.0035,0.0035,7.4,-0.0574,45732.0,0.0036000000000000003,0.0,23993.0,45180.0,0.0049
1382024820,10,0,-0.059000000000000004,0.096,0.025,-0.2,0.0,-0.0078000000000000005,0.0078000000000000005,7.4,-0.0579,45592.0,0.0089,0.0,0.0,45316.0,0.011000000000000001
1382028826,10,0,-0.128,0.085,0.018000000000000002,-0.2,0.0,-0.004,0.004,7.4,-0.0585,45872.0,0.0053,0.0,4006.0,45180.0,0.0057
1382033569,10,0,-0.03,0.106,0.033,-0.2,0.0,-0.0033,0.0033,7.4,-0.0589,45872.0,0.0036000000000000003,0.0,8749.0,45316.0,0.0046
1382037834,10,0,-0.11800000000000001,0.077,0.025,-0.2,0.0,-0.0034000000000000002,0.0034000000000000002,7.4,-0.059500000000000004,45592.0,0.0036000000000000003,0.0,13014.0,45316.0,0.0048000000000000004
1382042570,10,0,0.007,0.088,0.012,-0.2,0.0,0.0014,-0.0014,7.4,-0.0597,45732.0,-0.0018000000000000002,0.0,17750.0,45180.0,-0.002
1382044574,10,0,-0.053,0.099,0.012,-0.2,0.0,-0.0007,0.0007,7.4,-0.0599,45732.0,0.0,0.0,19754.0,45316.0,0.001
1382049606,10,0,-0.07200000000000001,0.079,0.005,-0.2,0.0,-0.0006000000000000001,0.0006000000000000001,7.4,-0.0604,45732.0,0.0,0.0,24786.0,45180.0,0.0008
1382052691,10,0,0.02,0.099,-0.006,-0.2,0.0,0.0011,-0.0011,7.4,-0.060500000000000005,45592.0,-0.0018000000000000002,0.0,0.0,45316.0,-0.0015
1382056842,10,0,-0.093,0.082,-0.006,-0.2,0.0,-0.0014,0.0014,7.4,-0.061200000000000004,45732.0,0.0018000000000000002,0.0,4151.0,45044.0,0.002
1382060891,10,0,0.036000000000000004,0.101,-0.01,-0.2,0.0,-0.0002,0.0002,7.4,-0.0614,46012.0,0.0,0.0,8200.0,45456.0,0.00030000000000000003
1382065534,10,0,-0.122,0.095,-0.018000000000000002,-0.2,0.0,0.0001,-0.0001,7.4,-0.061900000000000004,45732.0,0.0,0.0,12843.0,45456.0,-0.0002
1382069887,10,0,0.009000000000000001,0.097,-0.04,-0.2,0.0,-0.003,0.003,7.4,-0.062400000000000004,45872.0,0.0036000000000000003,0.0,17196.0,45316.0,0.0043
1382074573,10,0,-0.13,0.092,-0.02,-0.2,0.0,-0.0015,0.0015,7.4,-0.063,45872.0,0.0018000000000000002,0.0,21882.0,45456.0,0.0021000000000000003
1382076891,10,0,-0.035,0.084,-0.017,-0.2,0.0,-0.0002,0.0002,7.4,-0.0635,45732.0,0.0,0.0,24200.0,45316.0,0.00030000000000000003
1382081573,10,0,-0.011,0.09,-0.027,-0.2,0.0,-0.0007,0.0007,7.4,-0.0637,45592.0,0.0,0.0,0.0,45180.0,0.001
1382085908,10,0,-0.034,0.088,-0.034,-0.2,0.0,0.0008,-0.0008,7.4,-0.0646,45732.0,-0.0018000000000000002,0.0,4335.0,45044.0,-0.0012000000000000001
1382088565,10,0,0.003,0.09,-0.034,-0.2,0.0,-0.0012000000000000001,0.0012000000000000001,7.4,-0.06470000000000001,45732.0,0.0018000000000000002,0.0,6992.0,45180.0,0.0016
1382092903,10,0,-0.182,0.096,-0.023,-0.2,0.0,-0.0045000000000000005,0.0045000000000000005,7.4,-0.0656,45732.0,0.0053,0.0,11330.0,45316.0,0.0063
1382097569,10,0,0.025,0.081,-0.01,-0.2,0.0,-0.0005,0.0005,7.4,-0.0659,45732.0,0.0,0.0,15996.0,45180.0,0.0007
1382102691,10,0,-0.20500000000000002,0.096,0.006,-0.2,0.0,-0.0014,0.0014,7.4,-0.06670000000000001,45732.0,0.0018000000000000002,0.0,21118.0,45316.0,0.002
1382104874,10,0,-0.06,0.069,-0.004,-0.2,0.0,-0.0041,0.0041,7.4,-0.0671,45592.0,0.0053,0.0,23301.0,45180.0,0.0058000000000000005
1382108878,10,0,-0.093,0.085,0.005,-0.2,0.0,0.0034000000000000002,-0.0034000000000000002,7.4,-0.0674,45592.0,-0.0036000000000000003,0.0,0.0,45180.0,-0.0048000000000000004
1382113574,10,0,-0.163,0.081,0.021,-0.2,0.0,0.0026000000000000003,-0.0026000000000000003,7.4,-0.0679,45732.0,-0.0036000000000000003,0.0,4696.0,45316.0,-0.0037
1382118569,10,0,-0.08700000000000001,0.074,0.028,-0.2,0.0,0.0018000000000000002,-0.0018000000000000002,7.4,-0.0684,45592.0,-0.0018000000000000002,0.0,9691.0,45180.0,-0.0025
1382120569,10,0,-0.157,0.069,0.032,-0.2,0.0,0.0032,-0.0032,7.4,-0.06860000000000001,45592.0,-0.0036000000000000003,0.0,11691.0,45316.0,-0.0045000000000000005
1382124888,10,0,-0.029,0.08,0.02,-0.2,0.0,0.0036000000000000003,-0.0036000000000000003,7.4,-0.06910000000000001,45592.0,-0.0036000000000000003,0.0,16010.0,45180.0,-0.005
1382128891,10,0,-0.158,0.069,0.03,-0.2,0.0,0.0028,-0.0028,7.4,-0.06960000000000001,45592.0,-0.0036000000000000003,0.0,20013.0,45180.0,-0.0039000000000000003
1382133568,10,0,0.001,0.058,0.025,-0.2,0.0,0.009600000000000001,-0.009600000000000001,7.4,-0.0699,45872.0,-0.010700000000000001,0.0,24690.0,45456.0,-0.013600000000000001
1382138574,10,0,-0.124,0.078,0.041,-0.2,0.0,0.008400000000000001,-0.008400000000000001,7.4,-0.0702,45872.0,-0.0089,0.0,0.0,45180.0,-0.0118
1382140981,10,0,0.008,0.057,0.034,-0.2,0.0,0.0125,-0.0125,7.4,-0.0703,45592.0,-0.0142,0.0,2407.0,45316.0,-0.0176
1382145573,10,0,0.062,0.09,0.017,-0.2,0.0,0.010400000000000001,-0.010400000000000001,7.4,-0.0702,45456.0,-0.0125,0.0,6999.0,45180.0,-0.0148
1382150573,10,0,-0.008,0.053,0.022,-0.2,0.0,0.0082,-0.0082,7.4,-0.0709,45456.0,-0.0089,0.0,11999.0,45180.0,-0.011600000000000001
1382152694,10,0,0.099,0.067,0.023,-0.2,0.0,0.0082,-0.0082,7.4,-0.0708,45872.0,-0.0089,0.0,14120.0,45180.0,-0.011600000000000001
1382156918,10,0,-0.101,0.079,0.015,-0.2,0.0,0.012100000000000001,-0.012100000000000001,7.4,-0.0713,45732.0,-0.0142,0.0,18344.0,45456.0,-0.0171
1382161912,10,0,0.021,0.095,-0.022,-0.2,0.0,0.0026000000000000003,-0.0026000000000000003,7.4,-0.0717,45732.0,-0.0036000000000000003,0.0,23338.0,45044.0,-0.0037
1382165965,10,0,-0.139,0.069,-0.012,-0.2,0.0,0.0039000000000000003,-0.0039000000000000003,7.4,-0.0723,45732.0,-0.0036000000000000003,0.0,0.0,45180.0,-0.0055000000000000005
1382168568,10,0,-0.122,0.041,-0.016,-0.2,0.0,0.003,-0.003,7.4,-0.0727,45872.0,-0.0036000000000000003,0.0,2603.0,45180.0,-0.004200000000000001
1382172569,10,0,-0.077,0.108,-0.042,-0.2,0.0,-0.0025,0.0025,7.4,-0.0733,45592.0,0.0036000000000000003,0.0,6604.0,45180.0,0.0036000000000000003
1382176574,10,0,-0.166,0.03,-0.051000000000000004,-0.2,0.0,0.0015,-0.0015,7.4,-0.07400000000000001,45732.0,-0.0018000000000000002,0.0,10609.0,45316.0,-0.0022
1382180974,10,0,-0.042,0.105,-0.048,-0.2,0.0,0.0055000000000000005,-0.0055000000000000005,7.4,-0.07440000000000001,45872.0,-0.0053,0.0,15009.0,45044.0,-0.0078000000000000005
1382185567,10,0,-0.241,0.062,-0.065,-0.2,0.0,-0.0043,0.0043,7.4,-0.0753,45592.0,0.0053,0.0,19602.0,45044.0,0.006
1382189596,10,0,-0.096,0.052000000000000005,-0.076,-0.2,0.0,-0.0035,0.0035,7.4,-0.0758,45872.0,0.0036000000000000003,0.0,23631.0,45180.0,0.005
1382193936,10,0,-0.121,0.048,-0.021,-0.2,0.0,0.0103,-0.0103,7.4,-0.07640000000000001,45592.0,-0.0125,0.0,0.0,44912.0,-0.0146
1382198568,10,0,0.066,0.048,-0.012,-0.2,0.0,0.018000000000000002,-0.0179,7.4,-0.0765,45456.0,-0.0196,0.0,4632.0,45180.0,-0.025400000000000002
1382200568,10,0,0.044,0.094,-0.015,-0.2,0.0,0.0172,-0.0172,7.4,-0.0765,45872.0,-0.0196,0.0,6632.0,45180.0,-0.0244
1382204944,10,0,-0.045,0.02,-0.004,-0.2,0.0,0.0146,-0.0146,7.4,-0.07690000000000001,45592.0,-0.016,0.0,11008.0,45044.0,-0.0207
1382209600,10,0,0.07,0.092,0.023,-0.2,0.0,0.012,-0.012,7.4,-0.07690000000000001,45872.0,-0.0142,0.0,15664.0,45044.0,-0.017
1382213951,10,0,0.05,0.027,0.061,-0.2,0.0,0.0211,-0.0211,7.4,-0.0771,45732.0,-0.023100000000000002,0.0,20015.0,45044.0,-0.029900000000000003
1382218532,10,0,0.08700000000000001,0.109,0.052000000000000005,-0.2,0.0,0.0182,-0.0182,7.4,-0.07690000000000001,45872.0,-0.0213,0.0,24596.0,45044.0,-0.0258
1382220532,10,0,-0.033,0.10300000000000001,0.066,-0.2,0.0,0.0137,-0.0137,7.4,-0.0771,45872.0,-0.016,0.0,0.0,44912.0,-0.0194
1382224956,10,0,0.014,0.046,0.062,-0.2,0.0,0.0066,-0.0066,7.4,-0.0775,45732.0,-0.0071,0.0,4424.0,45044.0,-0.0094
1382228960,10,0,-0.186,0.09,0.042,-0.2,0.0,0.0001,-0.0001,7.4,-0.078,45592.0,0.0,0.0,8428.0,45044.0,-0.0001
1382233567,10,0,-0.096,-0.026000000000000002,0.049,-0.2,0.0,0.0026000000000000003,-0.0026000000000000003,7.4,-0.0785,45592.0,-0.0036000000000000003,0.0,13035.0,45180.0,-0.0037
1382237567,10,0,-0.038,0.101,0.043000000000000003,-0.2,0.0,0.0112,-0.0112,7.4,-0.07880000000000001,45456.0,-0.0125,0.0,17035.0,45180.0,-0.0158
1382241569,10,0,-0.20800000000000002,-0.033,0.03,-0.2,0.0,0.0106,-0.0106,7.4,-0.0792,45732.0,-0.0125,0.0,21037.0,45180.0,-0.0149
1382246024,10,0,-0.151,0.065,-0.018000000000000002,-0.2,0.0,0.0005,-0.0005,7.4,-0.08,46012.0,0.0,0.0,25492.0,45044.0,-0.0007
1382248568,10,0,-0.194,0.01,-0.005,-0.2,0.0,0.0022,-0.0022,7.4,-0.08030000000000001,45732.0,-0.0018000000000000002,0.0,0.0,45316.0,-0.0032
1382252685,10,0,-0.038,-0.001,-0.012,-0.2,0.0,0.0165,-0.0165,7.4,-0.0805,45732.0,-0.0178,0.0,4117.0,45180.0,-0.0233
1382256979,10,0,-0.105,0.07100000000000001,-0.024,-0.2,0.0,0.013000000000000001,-0.013000000000000001,7.4,-0.0809,45872.0,-0.0142,0.0,8411.0,45316.0,-0.0184
1382261029,10,0,0.03,0.019,-0.018000000000000002,-0.2,0.0,0.017400000000000002,-0.017400000000000002,7.4,-0.0811,45592.0,-0.0196,0.0,12461.0,45044.0,-0.0247
1382265568,10,0,0.023,0.151,-0.038,-0.2,0.0,0.016800000000000002,-0.016800000000000002,7.4,-0.0813,45732.0,-0.0196,0.0,17000.0,44912.0,-0.023700000000000002
1382269989,10,0,-0.05,0.005,-0.038,-0.2,0.0,0.0114,-0.0114,7.4,-0.0815,45732.0,-0.012400000000000001,0.0,21421.0,44912.0,-0.0161
1382274143,10,0,0.121,0.11900000000000001,-0.033,-0.2,0.0,0.024,-0.024,7.4,-0.0815,45456.0,-0.0267,0.0,25575.0,45044.0,-0.034
1382276567,10,0,0.065,0.07,-0.029,-0.2,0.0,0.027200000000000002,-0.027200000000000002,7.4,-0.0815,45732.0,-0.0302,0.0,0.0,45180.0,-0.0385
1382280568,10,0,0.028,0.053,-0.059000000000000004,-0.2,0.0,0.0212,-0.0212,7.4,-0.0816,45732.0,-0.023100000000000002,0.0,4001.0,45044.0,-0.029900000000000003
1382284999,10,0,-0.17500000000000002,0.045,-0.027,-0.2,0.0,0.0037,-0.0037,7.4,-0.0823,45872.0,-0.0036000000000000003,0.0,8432.0,45180.0,-0.005200000000000001
1382289001,10,0,-0.015,-0.013000000000000001,-0.016,-0.2,0.0,0.0148,-0.0148,7.4,-0.0825,45872.0,-0.016,0.0,12434.0,45316.0,-0.020900000000000002
1382293567,10,0,-0.076,0.047,-0.038,-0.2,0.0,0.020200000000000003,-0.020200000000000003,7.4,-0.08270000000000001,45732.0,-0.023100000000000002,0.0,17000.0,45180.0,-0.0285
1382298567,10,0,-0.107,-0.068,-0.013000000000000001,-0.2,0.0,0.0155,-0.0155,7.4,-0.08310000000000001,45872.0,-0.0178,0.0,22000.0,45180.0,-0.0219
1382300568,10,0,-0.105,0.001,-0.02,-0.2,0.0,0.0132,-0.0132,7.4,-0.08320000000000001,46012.0,-0.0142,0.0,24001.0,45180.0,-0.018600000000000002
1382305573,10,0,-0.216,-0.032,-0.008,-0.2,0.0,0.011600000000000001,-0.011600000000000001,7.4,-0.08370000000000001,46012.0,-0.012400000000000001,0.0,0.0,45180.0,-0.0164
1382310016,10,0,-0.07,0.063,0.038,-0.2,0.0,0.013600000000000001,-0.013600000000000001,7.4,-0.084,45732.0,-0.016,0.0,4443.0,44912.0,-0.019200000000000002
1382314021,10,0,-0.133,-0.01,0.057,-0.2,0.0,0.0148,-0.0148,7.4,-0.0845,45456.0,-0.016,0.0,8448.0,45180.0,-0.021
1382318567,10,0,0.018000000000000002,0.042,0.044,-0.2,0.0,0.019200000000000002,-0.019200000000000002,7.4,-0.08460000000000001,45732.0,-0.0213,0.0,12994.0,45180.0,-0.027200000000000002
1382320567,10,0,0.028,0.096,0.05,-0.2,0.0,0.0228,-0.0227,7.4,-0.08460000000000001,45732.0,-0.024900000000000002,0.0,14994.0,45044.0,-0.0322
1382324567,10,0,-0.088,0.007,0.051000000000000004,-0.2,0.0,0.0182,-0.0182,7.4,-0.0849,45872.0,-0.0213,0.0,18994.0,45044.0,-0.0257
1382329028,10,0,0.025,0.122,0.053,-0.2,0.0,0.015300000000000001,-0.015300000000000001,7.4,-0.08510000000000001,45732.0,-0.0178,0.0,23455.0,45044.0,-0.0216
1382333566,10,0,0.057,-0.002,0.094,-0.2,0.0,0.0296,-0.029500000000000002,7.4,-0.0854,45732.0,-0.033800000000000004,0.0,0.0,45316.0,-0.041800000000000004
1382337573,10,0,0.127,0.038,0.05,-0.2,0.0,0.0345,-0.0345,7.4,-0.0852,45872.0,-0.0391,0.0,4007.0,44912.0,-0.0488
1382342037,10,0,-0.043000000000000003,0.018000000000000002,-0.009000000000000001,-0.2,0.0,0.018500000000000003,-0.018500000000000003,7.4,-0.08560000000000001,45732.0,-0.0213,0.0,8471.0,45180.0,-0.0262
1382346126,10,0,0.013000000000000001,0.043000000000000003,0.005,-0.2,0.0,0.0184,-0.0184,7.4,-0.0857,45872.0,-0.0213,0.0,12560.0,45456.0,-0.0261
1382348567,10,0,-0.11900000000000001,0.064,0.007,-0.2,0.0,0.0155,-0.0155,7.4,-0.08600000000000001,45732.0,-0.0178,0.0,15001.0,45180.0,-0.0219
1382353529,10,0,-0.063,-0.04,-0.052000000000000005,-0.2,0.0,0.0137,-0.0137,7.4,-0.08650000000000001,45732.0,-0.016,0.0,19963.0,45180.0,-0.0194
1382357529,10,0,-0.06,0.049,-0.07100000000000001,-0.2,0.0,0.0211,-0.0211,7.4,-0.0869,45456.0,-0.023100000000000002,0.0,23963.0,45180.0,-0.029900000000000003
1382362050,10,0,-0.147,-0.048,-0.062,-0.2,0.0,0.0146,-0.0146,7.4,-0.0876,45592.0,-0.016,0.0,0.0,45180.0,-0.0206
1382366140,10,0,-0.113,0.059000000000000004,-0.079,-0.2,0.0,0.012400000000000001,-0.012400000000000001,7.4,-0.08800000000000001,45732.0,-0.0142,0.0,4090.0,45316.0,-0.0175
1382368530,10,0,-0.11,0.041,-0.064,-0.2,2.67,0.0182,-0.0182,7.4,-0.0882,45592.0,-0.0213,0.0,6480.0,45044.0,-0.0257
1382372570,10,0,-0.048,-0.015,-0.016,-0.189,2.67,0.020200000000000003,-0.020200000000000003,7.4,-0.0883,45732.0,-0.023100000000000002,0.0,10520.0,45044.0,-0.0286
1382377565,10,0,-0.02,0.084,-0.029,-0.176,2.67,0.019100000000000002,-0.019100000000000002,7.4,-0.0886,45872.0,-0.0213,0.0,15515.0,44912.0,-0.027
1382381565,10,0,-0.011,0.015,-0.014,-0.165,2.67,0.0181,-0.0181,7.4,-0.0887,45732.0,-0.0213,0.0,19515.0,44912.0,-0.0256
1382385566,10,0,0.054,0.12,0.048,-0.155,2.67,0.0187,-0.0187,7.4,-0.0889,45872.0,-0.0213,0.0,23516.0,45044.0,-0.0264
1382389567,10,0,-0.06,0.008,0.05,-0.14400000000000002,2.67,0.0143,-0.0143,7.4,-0.0889,45732.0,-0.016,0.0,0.0,45044.0,-0.020200000000000003
1382394080,10,0,0.107,0.111,0.048,-0.133,2.67,0.0181,-0.0181,7.4,-0.0891,45732.0,-0.0213,0.0,4513.0,45044.0,-0.0256
1382398566,10,0,0.11,0.0,0.06,-0.12,2.67,0.028300000000000002,-0.028300000000000002,7.4,-0.08900000000000001,45456.0,-0.032,0.0,8999.0,45044.0,-0.04
1382400567,10,0,0.121,0.031,0.053,-0.115,2.67,0.0292,-0.0292,7.4,-0.0889,45592.0,-0.033800000000000004,0.0,11000.0,45316.0,-0.0413
1382405081,10,0,-0.013000000000000001,0.048,0.049,-0.10400000000000001,2.67,0.0119,-0.0119,7.4,-0.0892,45592.0,-0.0142,0.0,15514.0,45180.0,-0.016900000000000002
1382409085,10,0,0.124,0.004,0.045,-0.093,2.67,0.0176,-0.0176,7.4,-0.0891,45592.0,-0.0196,0.0,19518.0,45180.0,-0.024800000000000003
1382413567,10,0,-0.057,0.097,0.008,-0.08,2.67,0.008700000000000001,-0.008700000000000001,7.4,-0.0893,45732.0,-0.010700000000000001,0.0,24000.0,45316.0,-0.0122
1382418089,10,0,-0.048,-0.01,-0.033,-0.069,2.67,-0.0055000000000000005,0.0055000000000000005,7.4,-0.08990000000000001,45592.0,0.0071,0.0,0.0,45180.0,0.0078000000000000005
1382422092,10,0,-0.013000000000000001,0.07100000000000001,-0.025,-0.059000000000000004,2.67,0.006200000000000001,-0.006200000000000001,7.4,-0.0902,45592.0,-0.0071,0.0,4003.0,45044.0,-0.0088
1382426144,10,0,-0.123,-0.027,-0.015,-0.045,2.67,0.001,-0.001,7.4,-0.0907,45732.0,-0.0018000000000000002,0.0,8055.0,45180.0,-0.0014
1382428565,10,0,-0.088,0.006,-0.035,-0.04,2.67,-0.0046,0.0046,7.4,-0.0908,45592.0,0.0053,0.0,10476.0,45044.0,0.006500000000000001
1382433573,10,0,-0.07,0.058,-0.065,-0.027,2.67,-0.0038,0.0038,7.4,-0.0913,45732.0,0.0036000000000000003,0.0,15484.0,45044.0,0.0053
1382438566,10,0,0.03,0.015,-0.046,-0.013000000000000001,2.67,0.007500000000000001,-0.007500000000000001,7.4,-0.0913,45456.0,-0.0089,0.0,20477.0,45316.0,-0.0106
1382440584,10,0,0.059000000000000004,0.059000000000000004,-0.034,-0.008,2.67,0.008400000000000001,-0.008400000000000001,7.4,-0.0913,45592.0,-0.0089,0.0,22495.0,45180.0,-0.0118
1382445110,10,0,-0.005,-0.008,-0.045,0.005,2.67,0.0034000000000000002,-0.0034000000000000002,7.4,-0.0913,45732.0,-0.0036000000000000003,0.0,0.0,45316.0,-0.0049
1382449525,10,0,0.043000000000000003,0.095,-0.055,0.016,2.67,-0.0037,0.0037,7.4,-0.09140000000000001,45592.0,0.0036000000000000003,0.0,4415.0,45180.0,0.005200000000000001
1382454116,10,0,-0.029,-0.005,0.009000000000000001,0.029,2.67,-0.006500000000000001,0.006500000000000001,7.4,-0.0913,46012.0,0.0071,0.0,9006.0,45316.0,0.0092
1382458528,10,0,0.08,0.083,0.004,0.04,2.67,-0.0041,0.0041,7.4,-0.09140000000000001,45732.0,0.0053,0.0,13418.0,45316.0,0.0057
1382460528,10,0,0.067,0.04,0.003,0.045,2.67,-0.0031000000000000003,0.0031000000000000003,7.4,-0.09140000000000001,45592.0,0.0036000000000000003,0.0,15418.0,45044.0,0.0044
1382465574,10,0,0.025,0.007,0.022,0.059000000000000004,2.67,-0.0046,0.0046,7.4,-0.09140000000000001,45592.0,0.0053,0.0,20464.0,45180.0,0.006500000000000001
1382470127,10,0,-0.016,-0.002,0.043000000000000003,0.07200000000000001,2.67,-0.0143,0.0143,7.4,-0.0918,45732.0,0.016,0.0,25017.0,45180.0,0.020200000000000003
1382474132,10,0,0.07,-0.007,0.036000000000000004,0.083,2.67,-0.0073,0.0073,7.4,-0.0918,45592.0,0.0089,0.0,0.0,45044.0,0.0103
1382478565,10,0,-0.018000000000000002,0.041,0.064,0.093,2.67,-0.014700000000000001,0.014700000000000001,7.4,-0.092,45592.0,0.016,0.0,4433.0,45044.0,0.020800000000000003
1382480565,10,0,-0.058,-0.01,0.073,0.099,2.67,-0.019700000000000002,0.019700000000000002,7.4,-0.0921,45456.0,0.023100000000000002,0.0,6433.0,45180.0,0.027800000000000002
1382485565,10,0,0.029,0.024,0.037,0.112,2.67,-0.021,0.021,7.4,-0.0921,45456.0,0.023100000000000002,0.0,11433.0,45180.0,0.0297
1382490144,10,0,-0.105,-0.027,0.037,0.125,2.67,-0.027200000000000002,0.027100000000000003,7.4,-0.09230000000000001,45872.0,0.0302,0.0,16012.0,45316.0,0.038400000000000004
1382492565,10,0,-0.08700000000000001,-0.024,0.033,0.131,2.67,-0.032100000000000004,0.032100000000000004,7.4,-0.09240000000000001,45732.0,0.0356,0.0,18433.0,45044.0,0.0454
1382497573,10,0,-0.004,0.032,0.008,0.14400000000000002,2.67,-0.0302,0.030100000000000002,7.4,-0.0925,45872.0,0.033800000000000004,0.0,23441.0,45316.0,0.0426
1382502685,10,0,-0.01,-0.008,0.011,0.157,2.67,-0.0274,0.0274,7.4,-0.0925,45732.0,0.0302,0.0,0.0,45180.0,0.0388
1382505151,10,0,0.049,0.023,0.01,0.165,2.67,-0.027200000000000002,0.027200000000000002,7.4,-0.09230000000000001,45872.0,0.0302,0.0,2466.0,45180.0,0.0385
1382509155,10,0,0.039,-0.04,-0.029,0.176,2.67,-0.0238,0.0238,7.4,-0.092,45456.0,0.0267,0.0,6470.0,45044.0,0.0337
1382513565,10,0,0.152,0.043000000000000003,-0.029,0.187,2.67,-0.0234,0.0234,7.4,-0.0916,45592.0,0.0267,0.0,10880.0,45180.0,0.033
1382518158,10,0,0.018000000000000002,-0.022,-0.03,0.2,0.0,-0.032100000000000004,0.032100000000000004,7.4,-0.0912,45456.0,0.0356,0.0,15473.0,45180.0,0.0454
1382522162,10,0,0.186,0.032,-0.046,0.2,0.0,-0.0286,0.0286,7.4,-0.09090000000000001,45456.0,0.032,0.0,19477.0,45180.0,0.040400000000000005
1382526212,10,0,0.085,-0.012,-0.021,0.2,0.0,-0.0256,0.0256,7.4,-0.09050000000000001,45732.0,0.0285,0.0,23527.0,45180.0,0.0362
1382528565,10,0,0.069,-0.021,-0.027,0.2,0.0,-0.027800000000000002,0.027800000000000002,7.4,-0.09040000000000001,45456.0,0.032,0.0,0.0,45180.0,0.039400000000000004
1382532565,10,0,0.07100000000000001,0.013000000000000001,-0.055,0.2,0.0,-0.0373,0.0373,7.4,-0.0903,45732.0,0.0427,0.0,4000.0,45316.0,0.0528
1382536565,10,0,0.033,-0.048,-0.019,0.2,0.0,-0.035,0.0349,7.4,-0.0903,45592.0,0.0391,0.0,8000.0,45044.0,0.0494
1382540566,10,0,0.07100000000000001,-0.028,0.015,0.2,0.0,-0.0327,0.0327,7.4,-0.0903,45592.0,0.0373,0.0,12001.0,44912.0,0.046200000000000005
1382545217,10,0,-0.006,-0.08,0.0,0.2,0.0,-0.035300000000000005,0.035300000000000005,7.4,-0.0901,45456.0,0.0391,0.0,16652.0,45180.0,0.0499
1382549218,10,0,0.048,-0.064,0.009000000000000001,0.2,0.0,-0.0333,0.0333,7.4,-0.09000000000000001,45872.0,0.0373,0.0,20653.0,45180.0,0.0471
1382553289,10,0,-0.002,-0.079,0.055,0.2,0.0,-0.036000000000000004,0.036000000000000004,7.4,-0.0898,45732.0,0.0409,0.0,24724.0,45044.0,0.0509
1382558186,10,0,-0.003,-0.063,0.035,0.2,0.0,-0.0405,0.0405,7.4,-0.0896,45872.0,0.046200000000000005,0.0,0.0,45180.0,0.057300000000000004
1382562302,10,0,-0.031,-0.07200000000000001,0.027,0.2,0.0,-0.0422,0.0422,7.4,-0.0892,46012.0,0.048,0.0,4116.0,45316.0,0.0596
1382564528,10,0,-0.07,-0.08700000000000001,0.032,0.2,0.0,-0.0407,0.040600000000000004,7.4,-0.0891,45456.0,0.046200000000000005,0.0,6342.0,45316.0,0.0575
1382568566,10,0,-0.009000000000000001,-0.07,0.027,0.2,0.0,-0.0419,0.041800000000000004,7.4,-0.0888,45732.0,0.048,0.0,10380.0,45316.0,0.0592
1382573197,10,0,-0.052000000000000005,-0.091,-0.005,0.2,0.0,-0.039400000000000004,0.039400000000000004,7.4,-0.08850000000000001,45456.0,0.0444,0.0,15011.0,45180.0,0.0557
1382577200,10,0,-0.009000000000000001,-0.06,0.0,0.2,0.0,-0.041100000000000005,0.041100000000000005,7.4,-0.0883,45872.0,0.046200000000000005,0.0,19014.0,45180.0,0.0582
1382581256,10,0,-0.011,-0.07100000000000001,0.007,0.2,0.0,-0.0408,0.0408,7.4,-0.0881,45732.0,0.046200000000000005,0.0,23070.0,45180.0,0.0577
1382585593,10,0,0.038,-0.07200000000000001,-0.038,0.2,0.0,-0.0345,0.0345,7.4,-0.0879,45592.0,0.0391,0.0,0.0,45316.0,0.0488
1382590210,10,0,0.018000000000000002,-0.065,-0.025,0.2,0.0,-0.0352,0.0352,7.4,-0.0873,45592.0,0.0391,0.0,4617.0,45316.0,0.049800000000000004
1382594334,10,0,0.081,-0.082,-0.01,0.2,0.0,-0.031400000000000004,0.031400000000000004,7.4,-0.0869,45456.0,0.0356,0.0,8741.0,45456.0,0.044500000000000005
1382596564,10,0,0.185,-0.08,-0.019,0.2,0.0,-0.0275,0.0275,7.4,-0.0864,45456.0,0.031100000000000003,0.0,10971.0,45180.0,0.038900000000000004
1382600566,10,0,0.023,-0.076,-0.032,0.2,0.0,-0.0281,0.0281,7.4,-0.08560000000000001,45732.0,0.032,0.0,14973.0,45180.0,0.0397
1382605257,10,0,0.159,-0.097,-0.032,0.2,0.0,-0.0316,0.0316,7.4,-0.085,45592.0,0.0356,0.0,19664.0,45180.0,0.044700000000000004
1382609566,10,0,0.088,-0.093,-0.036000000000000004,0.2,0.0,-0.024300000000000002,0.024300000000000002,7.4,-0.08420000000000001,45732.0,0.0267,0.0,23973.0,45180.0,0.0344
1382614237,10,0,0.10200000000000001,-0.079,-0.034,0.2,0.0,-0.0341,0.0341,7.4,-0.0838,45732.0,0.0391,0.0,0.0,45180.0,0.0482
1382618565,10,0,0.09,-0.107,-0.015,0.2,0.0,-0.0307,0.0307,7.4,-0.0834,45456.0,0.0356,0.0,4328.0,45180.0,0.0434
1382620566,10,0,0.08700000000000001,-0.097,-0.017,0.2,0.0,-0.0286,0.0286,7.4,-0.0833,45592.0,0.032,0.0,6329.0,45044.0,0.0405
1382625601,10,0,0.121,-0.078,-0.035,0.2,0.0,-0.029400000000000003,0.029400000000000003,7.4,-0.083,45456.0,0.033800000000000004,0.0,11364.0,45180.0,0.0415
1382630236,10,0,0.106,-0.091,-0.016,0.2,0.0,-0.0292,0.0292,7.4,-0.0824,45592.0,0.033800000000000004,0.0,15999.0,44912.0,0.0413
1382634239,10,0,0.101,-0.076,0.002,0.2,0.0,-0.030600000000000002,0.030600000000000002,7.4,-0.0819,45732.0,0.033800000000000004,0.0,20002.0,45044.0,0.043300000000000005
1382638566,10,0,0.009000000000000001,-0.115,0.009000000000000001,0.2,0.0,-0.0358,0.0358,7.4,-0.08170000000000001,45732.0,0.0409,0.0,24329.0,45180.0,0.0506
1382640566,10,0,0.074,-0.123,0.001,0.2,0.0,-0.0307,0.0307,7.4,-0.0815,45732.0,0.035500000000000004,0.0,0.0,45180.0,0.043500000000000004
1382645285,10,0,-0.007,-0.084,0.013000000000000001,0.2,0.0,-0.034300000000000004,0.0342,7.4,-0.08080000000000001,45592.0,0.0391,0.0,4719.0,45044.0,0.048400000000000006
1382649288,10,0,0.029,-0.122,0.029,0.2,0.0,-0.0351,0.0351,7.4,-0.08070000000000001,45732.0,0.0391,0.0,8722.0,45180.0,0.049600000000000005
1382653525,10,0,0.099,-0.11800000000000001,0.004,0.2,0.0,-0.0264,0.0264,7.4,-0.08,45732.0,0.0302,0.0,12959.0,45316.0,0.0374
1382657573,10,0,-0.039,-0.117,0.013000000000000001,0.2,0.0,-0.025,0.025,7.4,-0.07980000000000001,45592.0,0.0284,0.0,17007.0,44912.0,0.0354
1382662256,10,0,0.14,-0.12,0.017,0.2,0.0,-0.0258,0.0258,7.4,-0.0791,45592.0,0.0284,0.0,21690.0,45044.0,0.0364
1382666305,10,0,0.027,-0.123,-0.007,0.2,0.0,-0.0196,0.0196,7.4,-0.0785,45732.0,0.0213,0.0,25739.0,45180.0,0.027700000000000002
1382668566,10,0,0.055,-0.123,0.0,0.2,0.0,-0.021400000000000002,0.021400000000000002,7.4,-0.0782,45592.0,0.024900000000000002,0.0,0.0,45044.0,0.0303
1382672566,10,0,0.099,-0.117,0.036000000000000004,0.2,0.0,-0.025900000000000003,0.025900000000000003,7.4,-0.07730000000000001,46012.0,0.0284,0.0,4000.0,45180.0,0.0366
1382677268,10,0,0.14100000000000001,-0.14,0.0,0.2,0.0,-0.0135,0.0135,7.4,-0.07640000000000001,45732.0,0.016,0.0,8702.0,45180.0,0.019
1382681316,10,0,0.218,-0.125,-0.007,0.2,0.0,-0.010400000000000001,0.010400000000000001,7.4,-0.0753,45872.0,0.012400000000000001,0.0,12750.0,44912.0,0.014700000000000001
1382685593,10,0,0.068,-0.111,0.026000000000000002,0.2,0.0,-0.0162,0.0162,7.4,-0.0745,45732.0,0.0178,0.0,17027.0,45044.0,0.0229
1382690397,10,0,0.23700000000000002,-0.132,0.008,0.2,0.0,-0.0143,0.0143,7.4,-0.07300000000000001,45732.0,0.016,0.0,21831.0,45180.0,0.020300000000000002
1382692565,10,0,0.138,-0.121,0.007,0.2,0.0,-0.010400000000000001,0.010400000000000001,7.4,-0.0726,45592.0,0.012400000000000001,0.0,23999.0,45180.0,0.0148
1382696566,10,0,0.209,-0.128,0.017,0.2,0.0,-0.012100000000000001,0.012,7.4,-0.0718,45592.0,0.0142,0.0,0.0,45044.0,0.017
1382701328,10,0,0.168,-0.111,-0.017,0.2,0.0,-0.0125,0.0125,7.4,-0.07060000000000001,45732.0,0.0142,0.0,4762.0,45180.0,0.0177
1382705593,10,0,0.137,-0.138,-0.034,0.2,0.0,-0.0166,0.0166,7.4,-0.07,45732.0,0.0196,0.0,9027.0,45180.0,0.0235
1382710291,10,0,0.081,-0.12,0.006,0.2,0.0,-0.0223,0.0223,7.4,-0.0693,45732.0,0.024900000000000002,0.0,13725.0,45180.0,0.0315
1382714305,10,0,0.17200000000000001,-0.18,-0.009000000000000001,0.2,0.0,-0.011300000000000001,0.011300000000000001,7.4,-0.0687,45732.0,0.012400000000000001,0.0,17739.0,45180.0,0.016
1382718565,10,0,0.198,-0.127,-0.057,0.2,0.0,-0.008700000000000001,0.008700000000000001,7.4,-0.06770000000000001,45592.0,0.010700000000000001,0.0,21999.0,45044.0,0.0123
1382720566,10,0,0.06,-0.14300000000000002,-0.057,0.2,0.0,-0.0106,0.0106,7.4,-0.0674,45732.0,0.012400000000000001,0.0,24000.0,45316.0,0.0149
1382724566,10,0,0.162,-0.178,-0.021,0.2,0.0,-0.0166,0.0165,7.4,-0.06670000000000001,45456.0,0.0196,0.0,0.0,45180.0,0.0234
1382729525,10,0,0.093,-0.135,-0.022,0.2,0.0,-0.0114,0.0114,7.4,-0.0656,45456.0,0.012400000000000001,0.0,4959.0,45044.0,0.0161
1382734303,10,0,0.185,-0.155,-0.037,0.2,0.0,-0.014700000000000001,0.014700000000000001,7.4,-0.0646,45592.0,0.016,0.0,9737.0,45316.0,0.020800000000000003
1382738567,10,0,0.114,-0.133,-0.01,0.2,0.0,-0.0125,0.0125,7.4,-0.0636,45456.0,0.0142,0.0,14001.0,45044.0,0.0176
1382740567,10,0,0.063,-0.158,-0.003,0.2,0.0,-0.013000000000000001,0.013000000000000001,7.4,-0.06330000000000001,45592.0,0.0142,0.0,16001.0,45180.0,0.0184
1382745352,10,0,0.199,-0.151,-0.011,0.2,0.0,-0.0108,0.0108,7.4,-0.0621,45732.0,0.012400000000000001,0.0,20786.0,45180.0,0.015300000000000001
1382750318,10,0,0.135,-0.184,0.017,0.2,0.0,-0.0039000000000000003,0.0039000000000000003,7.4,-0.0611,45872.0,0.0036000000000000003,0.0,25752.0,45044.0,0.0055000000000000005
1382752685,10,0,0.246,-0.178,0.012,0.2,0.0,-0.0009000000000000001,0.0009000000000000001,7.4,-0.060500000000000005,45592.0,0.0018000000000000002,0.0,0.0,45044.0,0.0013000000000000002
1382757319,10,0,0.10200000000000001,-0.157,0.014,0.2,0.0,-0.006,0.006,7.4,-0.0592,45732.0,0.0071,0.0,4634.0,45180.0,0.0085
1382761368,10,0,0.281,-0.203,0.027,0.2,0.0,0.0004,-0.0004,7.4,-0.0582,45732.0,0.0,0.0,8683.0,45180.0,-0.0006000000000000001
1382765553,10,0,0.194,-0.149,0.053,0.2,0.0,0.0002,-0.0002,7.4,-0.056900000000000006,45592.0,0.0,0.0,12868.0,45180.0,-0.0002
1382769566,10,0,0.16,-0.185,0.032,0.2,0.0,-0.0059,0.0059,7.4,-0.056,45732.0,0.0071,0.0,16881.0,45180.0,0.008400000000000001
1382774333,10,0,0.232,-0.157,0.006,0.2,0.0,-0.0018000000000000002,0.0018000000000000002,7.4,-0.0545,45732.0,0.0018000000000000002,0.0,21648.0,45044.0,0.0025
1382778566,10,0,0.134,-0.181,0.038,0.2,0.0,-0.0044,0.0044,7.4,-0.0536,45456.0,0.0053,0.0,25881.0,45180.0,0.006200000000000001
1382780566,10,0,0.23600000000000002,-0.185,0.037,0.2,0.0,-0.005,0.005,7.4,-0.0531,45592.0,0.0053,0.0,0.0,45180.0,0.0071
1382784566,10,0,0.166,-0.17400000000000002,0.026000000000000002,0.2,0.0,-0.0046,0.0046,7.4,-0.052000000000000005,45592.0,0.0053,0.0,4000.0,45044.0,0.006500000000000001
1382789356,10,0,0.215,-0.193,0.018000000000000002,0.2,0.0,-0.0034000000000000002,0.0034000000000000002,7.4,-0.051000000000000004,45732.0,0.0036000000000000003,0.0,8790.0,45180.0,0.0048000000000000004
1382793566,10,0,0.09,-0.165,0.007,0.2,0.0,-0.0115,0.0115,7.4,-0.050100000000000006,45732.0,0.012400000000000001,0.0,13000.0,45044.0,0.016300000000000002
1382798346,10,0,0.221,-0.227,0.0,0.2,0.0,-0.0029000000000000002,0.0029000000000000002,7.4,-0.0492,45872.0,0.0036000000000000003,0.0,17780.0,45180.0,0.004200000000000001
1382802685,10,0,0.109,-0.153,0.012,0.2,0.0,-0.005,0.005,7.4,-0.048100000000000004,45872.0,0.0053,0.0,22119.0,45180.0,0.0071
1382805351,10,0,0.019,-0.196,0.021,0.2,0.0,-0.010100000000000001,0.010100000000000001,7.4,-0.0477,45592.0,0.010700000000000001,0.0,24785.0,45316.0,0.0142
1382809355,10,0,0.182,-0.199,-0.003,0.2,0.0,-0.010400000000000001,0.010400000000000001,7.4,-0.046700000000000005,45872.0,0.012400000000000001,0.0,0.0,45180.0,0.014700000000000001
1382813566,10,0,0.073,-0.182,-0.007,0.2,0.0,-0.0024000000000000002,0.0024000000000000002,7.4,-0.045700000000000005,45456.0,0.0036000000000000003,0.0,4211.0,45180.0,0.0034000000000000002
1382817574,10,0,0.14200000000000002,-0.198,0.006,0.2,0.0,-0.0041,0.0041,7.4,-0.045000000000000005,45592.0,0.0053,0.0,8219.0,45180.0,0.0057
1382822363,10,0,0.132,-0.168,-0.009000000000000001,0.2,0.0,0.0001,-0.0001,7.4,-0.0432,45592.0,0.0,0.0,13008.0,45044.0,-0.0002
1382826416,10,0,0.298,-0.20400000000000001,-0.03,0.2,0.0,0.0088,-0.0088,7.4,-0.041800000000000004,45456.0,-0.010700000000000001,0.0,17061.0,45180.0,-0.0125
1382828567,10,0,0.299,-0.168,-0.018000000000000002,0.2,0.0,0.0058000000000000005,-0.0058000000000000005,7.4,-0.041100000000000005,45732.0,-0.0071,0.0,19212.0,45316.0,-0.0083
1382833566,10,0,0.147,-0.199,-0.014,0.2,0.0,0.0028,-0.0028,7.4,-0.0398,45732.0,-0.0036000000000000003,0.0,24211.0,45180.0,-0.004
1382837566,10,0,0.339,-0.186,-0.037,0.2,0.0,0.0074,-0.0073,7.4,-0.0383,45872.0,-0.0089,0.0,0.0,45044.0,-0.010400000000000001
1382842376,10,0,0.189,-0.197,-0.004,0.2,0.0,0.0098,-0.0098,7.4,-0.0369,46152.0,-0.010700000000000001,0.0,4810.0,45044.0,-0.013900000000000001
1382846425,10,0,0.29,-0.168,-0.041,0.2,0.0,0.0022,-0.0022,7.4,-0.0356,46012.0,-0.0018000000000000002,0.0,8859.0,45044.0,-0.0032
1382848563,10,0,0.226,-0.159,-0.053,0.2,0.0,0.003,-0.003,7.4,-0.0352,45456.0,-0.0036000000000000003,0.0,10997.0,45180.0,-0.004200000000000001
1382853525,10,0,0.209,-0.221,-0.017,0.2,0.0,0.0034000000000000002,-0.0034000000000000002,7.4,-0.0341,45732.0,-0.0036000000000000003,0.0,15959.0,45044.0,-0.0048000000000000004
1382858395,10,0,0.111,-0.16,0.003,0.2,0.0,-0.0043,0.0043,7.4,-0.033,45592.0,0.0053,0.0,20829.0,45180.0,0.0061
1382860564,10,0,0.109,-0.21,-0.009000000000000001,0.2,0.0,-0.0017000000000000001,0.0017000000000000001,7.4,-0.032600000000000004,45872.0,0.0018000000000000002,0.0,22998.0,45180.0,0.0023
1382865396,10,0,0.255,-0.17500000000000002,-0.027,0.2,0.0,0.0045000000000000005,-0.0045000000000000005,7.4,-0.031100000000000003,45592.0,-0.0053,0.0,0.0,45180.0,-0.0064
1382869397,10,0,0.045,-0.20400000000000001,0.016,0.2,0.0,-0.0021000000000000003,0.0021000000000000003,7.4,-0.0304,45732.0,0.0018000000000000002,0.0,4001.0,45316.0,0.003
1382873562,10,0,0.188,-0.213,-0.002,0.2,0.0,-0.006900000000000001,0.006900000000000001,7.4,-0.029400000000000003,45732.0,0.0071,0.0,8166.0,45180.0,0.0097
1382878405,10,0,0.083,-0.199,0.015,0.2,0.0,0.0001,-0.0001,7.4,-0.028200000000000003,45456.0,0.0,0.0,13009.0,45316.0,-0.0001
1382880529,10,0,0.13,-0.22,0.03,0.2,0.0,-0.0021000000000000003,0.0021000000000000003,7.4,-0.027700000000000002,45592.0,0.0018000000000000002,0.0,15133.0,45044.0,0.003
1382884566,10,0,0.177,-0.161,0.029,0.2,0.0,-0.0016,0.0016,7.4,-0.0264,45732.0,0.0018000000000000002,0.0,19170.0,45180.0,0.0023
1382889408,10,0,0.14200000000000002,-0.232,0.003,0.2,0.0,0.0022,-0.0022,7.4,-0.0252,45872.0,-0.0018000000000000002,0.0,24012.0,45316.0,-0.0031000000000000003
1382893566,10,0,0.209,-0.166,0.041,0.2,0.0,0.0028,-0.0028,7.4,-0.0238,45592.0,-0.0036000000000000003,0.0,0.0,45180.0,-0.004
1382896459,10,0,0.092,-0.192,0.058,0.2,0.0,0.0014,-0.0014,7.4,-0.023200000000000002,45732.0,-0.0018000000000000002,0.0,2893.0,45044.0,-0.0019
1382900566,10,0,0.248,-0.20500000000000002,0.01,0.2,0.0,0.004,-0.004,7.4,-0.0221,45732.0,-0.0053,0.0,7000.0,44912.0,-0.0056
1382905419,10,0,0.124,-0.176,0.031,0.2,0.0,0.0043,-0.0043,7.4,-0.020800000000000003,46012.0,-0.0053,0.0,11853.0,45044.0,-0.006
1382909566,10,0,0.244,-0.19,0.036000000000000004,0.2,0.0,0.0025,-0.0025,7.4,-0.019700000000000002,45732.0,-0.0036000000000000003,0.0,16000.0,45044.0,-0.0035
1382912422,10,0,0.214,-0.152,0.011,0.2,0.0,0.0015,-0.0015,7.4,-0.0187,45872.0,-0.0018000000000000002,0.0,18856.0,45044.0,-0.0021000000000000003
1382917466,10,0,0.152,-0.185,0.006,0.2,0.0,-0.0017000000000000001,0.0017000000000000001,7.4,-0.0176,45592.0,0.0018000000000000002,0.0,23900.0,45180.0,0.0024000000000000002
1382922469,10,0,0.177,-0.145,0.005,0.2,0.0,-0.0012000000000000001,0.0012000000000000001,7.4,-0.0162,45872.0,0.0018000000000000002,0.0,0.0,45044.0,0.0016
1382924529,10,0,0.11800000000000001,-0.161,-0.003,0.2,0.0,0.0,0.0,7.4,-0.0159,45592.0,0.0,0.0,2060.0,45044.0,0.0
1382929473,10,0,0.224,-0.145,-0.013000000000000001,0.2,0.0,-0.0034000000000000002,0.0034000000000000002,7.4,-0.014700000000000001,45732.0,0.0036000000000000003,0.0,7004.0,45180.0,0.0048000000000000004
1382933566,10,0,0.088,-0.139,0.003,0.2,0.0,-0.0061,0.0061,7.4,-0.014,45872.0,0.0071,0.0,11097.0,45180.0,0.0086
1382936485,10,0,0.164,-0.161,-0.009000000000000001,0.2,0.0,-0.0047,0.0047,7.4,-0.0134,45592.0,0.0053,0.0,14016.0,45044.0,0.0067
1382940529,10,0,0.124,-0.123,-0.031,0.2,0.0,-0.0088,0.0088,7.4,-0.0126,45592.0,0.010700000000000001,0.0,18060.0,45044.0,0.0125
1382945574,10,0,0.08,-0.152,-0.025,0.2,0.0,-0.0082,0.0082,7.4,-0.0122,45316.0,0.0089,0.0,23105.0,45180.0,0.0115
1382948450,10,0,0.198,-0.152,-0.019,0.2,0.0,-0.0055000000000000005,0.0055000000000000005,7.4,-0.0112,45732.0,0.0071,0.0,0.0,45316.0,0.0078000000000000005
1382952685,10,0,0.014,-0.14100000000000001,-0.017,0.2,0.0,-0.0066,0.0066,7.4,-0.0106,45732.0,0.0071,0.0,4235.0,45180.0,0.0094
1382957502,10,0,0.17,-0.146,-0.019,0.2,0.0,-0.0106,0.0106,7.390000000000001,-0.009600000000000001,45872.0,0.012400000000000001,0.0,9052.0,45044.0,0.0151
1382962496,10,0,0.077,-0.182,-0.016,0.2,0.0,-0.0004,0.0004,7.390000000000001,-0.008700000000000001,45732.0,0.0,0.0,14046.0,44776.0,0.0006000000000000001
1382964501,10,0,0.139,-0.176,-0.022,0.2,0.0,-0.0021000000000000003,0.0021000000000000003,7.390000000000001,-0.0082,45732.0,0.0018000000000000002,0.0,16051.0,45044.0,0.003
1382969506,10,0,0.08700000000000001,-0.128,0.011,0.2,0.0,-0.0083,0.0083,7.390000000000001,-0.0073,45592.0,0.0089,0.0,21056.0,45044.0,0.0118
1382974507,10,0,0.23,-0.154,0.012,0.2,0.0,-0.0014,0.0014,7.390000000000001,-0.006200000000000001,45592.0,0.0018000000000000002,0.0,26057.0,45044.0,0.002
1382976557,10,0,0.219,-0.107,0.012,0.2,0.0,-0.0031000000000000003,0.0031000000000000003,7.390000000000001,-0.0057,45456.0,0.0036000000000000003,0.0,0.0,44776.0,0.0044
1382981559,10,0,0.122,-0.162,0.011,0.2,0.0,-0.0068000000000000005,0.0068000000000000005,7.390000000000001,-0.0049,45732.0,0.0071,0.0,5002.0,45180.0,0.009600000000000001
1382984514,10,0,0.258,-0.12,0.004,0.2,0.0,-0.0063,0.0063,7.390000000000001,-0.004,45732.0,0.0071,0.0,7957.0,45316.0,0.0089
1382989521,10,0,0.1,-0.136,0.03,0.2,0.0,-0.0058000000000000005,0.0058000000000000005,7.390000000000001,-0.0032,45732.0,0.0071,0.0,12964.0,45180.0,0.0083
1382994479,10,0,0.226,-0.097,0.015,0.2,0.0,-0.0089,0.0089,7.390000000000001,-0.002,45872.0,0.010700000000000001,0.0,17922.0,45180.0,0.0125
1382996569,10,0,0.139,-0.08,0.016,0.2,0.0,-0.0092,0.0092,7.390000000000001,-0.0017000000000000001,45316.0,0.010700000000000001,0.0,20012.0,45180.0,0.013000000000000001
1383001574,10,0,0.164,-0.147,0.007,0.2,0.0,-0.0137,0.0137,7.390000000000001,-0.001,45316.0,0.016,0.0,25017.0,45180.0,0.0194
1383006575,10,0,0.077,-0.084,-0.008,0.2,0.0,-0.0152,0.0152,7.390000000000001,-0.00030000000000000003,45872.0,0.0178,0.0,0.0,45044.0,0.021500000000000002
1383009577,10,0,0.036000000000000004,-0.134,0.005,0.2,0.0,-0.0175,0.0175,7.390000000000001,-0.0001,46012.0,0.0195,0.0,3002.0,45044.0,0.024800000000000003
1383012532,10,0,0.149,-0.095,0.009000000000000001,0.2,0.0,-0.02,0.02,7.390000000000001,0.0004,45592.0,0.023100000000000002,0.0,5957.0,45180.0,0.028300000000000002
1383016583,10,0,-0.001,-0.11,-0.014,0.2,0.0,-0.020300000000000002,0.020300000000000002,7.390000000000001,0.0006000000000000001,45732.0,0.023100000000000002,0.0,10008.0,45180.0,0.0287
1383021587,10,0,0.14200000000000002,-0.10200000000000001,-0.022,0.2,0.0,-0.019200000000000002,0.019200000000000002,7.390000000000001,0.0013000000000000002,45592.0,0.0213,0.0,15012.0,45180.0,0.027200000000000002
1383024540,10,0,0.029,-0.06,0.007,0.2,0.0,-0.0207,0.0207,7.390000000000001,0.0016,45592.0,0.023100000000000002,0.0,17965.0,45180.0,0.0292
1383029544,10,0,0.048,-0.12,-0.009000000000000001,0.2,0.0,-0.0275,0.0275,7.390000000000001,0.0021000000000000003,45592.0,0.0302,0.0,22969.0,45180.0,0.0388
1383034547,10,0,0.044,-0.077,-0.017,0.2,0.0,-0.0204,0.0204,7.390000000000001,0.0028,45592.0,0.023100000000000002,0.0,0.0,44912.0,0.028800000000000003
1383036603,10,0,0.034,-0.12,-0.005,0.2,0.0,-0.0194,0.0194,7.390000000000001,0.003,45592.0,0.0213,0.0,2056.0,45180.0,0.0275
1383041576,10,0,0.109,-0.048,0.004,0.2,0.0,-0.0218,0.0218,7.390000000000001,0.0038,45592.0,0.024900000000000002,0.0,7029.0,45316.0,0.0308
1383044554,10,0,0.066,-0.089,-0.002,0.2,0.0,-0.0204,0.0204,7.390000000000001,0.0044,46012.0,0.023100000000000002,0.0,10007.0,45044.0,0.028800000000000003
1383049560,10,0,0.222,-0.02,0.013000000000000001,0.2,0.0,-0.014,0.014,7.390000000000001,0.0053,45872.0,0.016,0.0,15013.0,45044.0,0.019700000000000002
1383053661,10,0,0.067,-0.046,0.018000000000000002,0.2,0.0,-0.022000000000000002,0.022000000000000002,7.390000000000001,0.0059,45592.0,0.024900000000000002,0.0,19114.0,45044.0,0.031100000000000003
1383056610,10,0,0.154,-0.07,-0.016,0.2,0.0,-0.020900000000000002,0.020900000000000002,7.390000000000001,0.0063,45732.0,0.023100000000000002,0.0,22063.0,45044.0,0.029500000000000002
1383061614,10,0,0.156,-0.024,0.013000000000000001,0.2,0.0,-0.016900000000000002,0.016900000000000002,7.390000000000001,0.007200000000000001,45456.0,0.0195,0.0,0.0,45044.0,0.024
1383064571,10,0,0.127,-0.064,0.038,0.2,0.0,-0.0182,0.0182,7.390000000000001,0.0076,45872.0,0.0213,0.0,2957.0,44912.0,0.0257
1383069572,10,0,0.159,-0.011,-0.017,0.2,0.0,-0.0245,0.0245,7.390000000000001,0.0083,45732.0,0.0284,0.0,7958.0,45044.0,0.0347
1383074659,10,0,0.07,-0.07100000000000001,-0.013000000000000001,0.2,0.0,-0.028300000000000002,0.028300000000000002,7.390000000000001,0.0085,45592.0,0.032,0.0,13045.0,45180.0,0.04
1383077577,10,0,0.085,-0.022,-0.001,0.2,0.0,-0.0335,0.0335,7.390000000000001,0.008700000000000001,45732.0,0.0373,0.0,15963.0,45316.0,0.0473
1383081629,10,0,-0.023,-0.065,-0.014,0.2,0.0,-0.036000000000000004,0.036000000000000004,7.390000000000001,0.0088,46012.0,0.0408,0.0,20015.0,45044.0,0.0509
1383084581,10,0,0.057,-0.098,-0.027,0.2,0.0,-0.0313,0.0313,7.390000000000001,0.009000000000000001,45732.0,0.035500000000000004,0.0,22967.0,45044.0,0.0442
1383089587,10,0,0.051000000000000004,-0.035,-0.012,0.2,0.0,-0.028200000000000003,0.028200000000000003,7.390000000000001,0.009300000000000001,45592.0,0.032,0.0,0.0,45044.0,0.039900000000000005
1383094589,10,0,-0.054,-0.046,-0.038,0.2,0.0,-0.0448,0.0448,7.390000000000001,0.009300000000000001,45732.0,0.051500000000000004,0.0,5002.0,45044.0,0.0634
1383096638,10,0,-0.007,-0.025,-0.043000000000000003,0.2,0.0,-0.0451,0.0451,7.390000000000001,0.009300000000000001,45180.0,0.051500000000000004,0.0,7051.0,45180.0,0.06380000000000001
1383101640,10,0,0.023,-0.074,0.0,0.2,0.0,-0.0318,0.0318,7.390000000000001,0.009600000000000001,45592.0,0.035500000000000004,0.0,12053.0,45180.0,0.045000000000000005
1383106455,10,0,0.1,-0.025,0.011,0.2,0.0,-0.028200000000000003,0.0281,7.390000000000001,0.01,45732.0,0.032,0.0,16868.0,45044.0,0.0398
1383108598,10,0,0.078,-0.038,-0.008,0.2,0.0,-0.0298,0.0298,7.390000000000001,0.0102,45732.0,0.0337,0.0,19011.0,44912.0,0.042100000000000005
1383112600,10,0,0.1,-0.064,-0.007,0.2,0.0,-0.0264,0.0264,7.390000000000001,0.0106,45592.0,0.0302,0.0,23013.0,45044.0,0.0373
1383118601,10,0,0.07100000000000001,-0.052000000000000005,0.046,0.2,0.0,-0.028300000000000002,0.028300000000000002,7.390000000000001,0.0115,45732.0,0.032,0.0,0.0,44912.0,0.040100000000000004
1383120607,10,0,0.067,-0.085,0.035,0.2,0.0,-0.027700000000000002,0.027600000000000003,7.390000000000001,0.0117,45592.0,0.032,0.0,2006.0,45044.0,0.0391
1383125617,10,0,0.198,-0.028,0.016,0.2,0.0,-0.0229,0.0229,7.390000000000001,0.012400000000000001,45456.0,0.026600000000000002,0.0,7016.0,45044.0,0.0323
1383128611,10,0,0.107,-0.039,0.034,0.2,0.0,-0.0256,0.0256,7.390000000000001,0.012700000000000001,45592.0,0.0284,0.0,10010.0,45044.0,0.0362
1383132614,10,0,0.107,-0.007,0.017,0.2,0.0,-0.0378,0.037700000000000004,7.390000000000001,0.013000000000000001,45732.0,0.0426,0.0,14013.0,45180.0,0.0534
1383136663,10,0,-0.025,-0.021,0.007,0.2,0.0,-0.0473,0.0473,7.390000000000001,0.013000000000000001,45592.0,0.0533,0.0,18062.0,45044.0,0.0669
1383141669,10,0,0.048,-0.005,0.024,0.2,0.0,-0.0485,0.0485,7.390000000000001,0.013000000000000001,46012.0,0.055,0.0,23068.0,45044.0,0.06860000000000001
1383144622,10,0,0.078,0.017,0.025,0.2,0.0,-0.0444,0.0444,7.390000000000001,0.0132,45456.0,0.0497,0.0,0.0,45044.0,0.06280000000000001
1383149627,10,0,-0.069,-0.051000000000000004,-0.026000000000000002,0.2,0.0,-0.0482,0.048100000000000004,7.390000000000001,0.0132,45732.0,0.055,0.0,5005.0,45180.0,0.06810000000000001
1383153826,10,0,-0.066,0.009000000000000001,-0.017,0.2,0.0,-0.056,0.055900000000000005,7.390000000000001,0.0131,45732.0,0.0639,0.0,9204.0,45180.0,0.0792
1383156677,10,0,-0.10300000000000001,-0.066,0.016,0.2,0.0,-0.055600000000000004,0.0555,7.390000000000001,0.0131,45732.0,0.0621,0.0,12055.0,45316.0,0.0785
1383161680,10,0,-0.031,0.012,-0.003,0.2,0.0,-0.0495,0.0495,7.390000000000001,0.0132,45456.0,0.0568,0.0,17058.0,45044.0,0.07
1383164639,10,0,-0.055,-0.024,-0.008,0.2,0.0,-0.049600000000000005,0.049600000000000005,7.390000000000001,0.0132,45872.0,0.0568,0.0,20017.0,45044.0,0.07010000000000001
1383169611,10,0,0.07,-0.003,0.0,0.2,0.0,-0.044000000000000004,0.044000000000000004,7.390000000000001,0.0135,45872.0,0.0497,0.0,24989.0,45180.0,0.062200000000000005
1383174650,10,0,0.0,-0.039,0.011,0.2,0.0,-0.0407,0.0407,7.390000000000001,0.013800000000000002,45732.0,0.046200000000000005,0.0,0.0,45316.0,0.0575
1383176684,10,0,-0.026000000000000002,-0.038,-0.006,0.2,0.0,-0.0458,0.045700000000000005,7.390000000000001,0.013800000000000002,45592.0,0.051500000000000004,0.0,2034.0,44912.0,0.06470000000000001
1383181687,10,0,0.171,0.023,0.003,0.2,0.0,-0.0386,0.0386,7.390000000000001,0.0143,45732.0,0.0444,0.0,7037.0,45044.0,0.0546
1383184649,10,0,0.09,-0.028,0.01,0.2,0.0,-0.0349,0.0349,7.390000000000001,0.0146,45592.0,0.0391,0.0,9999.0,45180.0,0.0494
1383189656,10,0,0.074,0.029,-0.022,0.2,0.0,-0.0456,0.0455,7.390000000000001,0.015000000000000001,45872.0,0.051500000000000004,0.0,15006.0,45044.0,0.0644
1383194657,10,0,0.033,-0.022,-0.013000000000000001,0.2,0.0,-0.0482,0.0482,7.390000000000001,0.015000000000000001,45732.0,0.055,0.0,20007.0,44776.0,0.0682
1383196739,10,0,0.042,0.001,-0.011,0.2,0.0,-0.0487,0.048600000000000004,7.390000000000001,0.0149,45592.0,0.055,0.0,22089.0,45180.0,0.0688
1383202685,10,0,-0.008,-0.035,0.002,0.2,0.0,-0.049600000000000005,0.0495,7.390000000000001,0.015000000000000001,45872.0,0.0568,0.0,0.0,45044.0,0.07010000000000001
1383205664,10,0,-0.02,-0.014,0.002,0.2,0.0,-0.0524,0.0523,7.390000000000001,0.0149,45456.0,0.058600000000000006,0.0,2979.0,45044.0,0.0741
1383209669,10,0,0.056,-0.019,-0.001,0.2,0.0,-0.048600000000000004,0.0485,7.390000000000001,0.0151,45732.0,0.055,0.0,6984.0,45044.0,0.0687
1383214673,10,0,-0.039,-0.035,0.02,0.2,0.0,-0.0487,0.0487,7.390000000000001,0.015000000000000001,45456.0,0.055,0.0,11988.0,45180.0,0.0688
1383216753,10,0,0.012,0.0,0.021,0.2,0.0,-0.0524,0.0524,7.390000000000001,0.0151,45732.0,0.058600000000000006,0.0,14068.0,45044.0,0.0741
1383221757,10,0,-0.08600000000000001,-0.029,0.023,0.2,0.0,-0.0565,0.056400000000000006,7.390000000000001,0.0151,45592.0,0.0639,0.0,19072.0,44912.0,0.07980000000000001
1383224677,10,0,-0.045,-0.006,0.008,0.2,0.0,-0.057600000000000005,0.0575,7.390000000000001,0.0151,45456.0,0.0656,0.0,21992.0,45180.0,0.0813
1383229681,10,0,-0.08700000000000001,-0.016,0.002,0.2,0.0,-0.0582,0.058100000000000006,7.390000000000001,0.015000000000000001,45732.0,0.0656,0.0,0.0,44912.0,0.08220000000000001
1383234763,10,0,-0.024,0.006,0.009000000000000001,0.2,0.0,-0.056600000000000004,0.0565,7.390000000000001,0.0149,45592.0,0.0639,0.0,5082.0,45180.0,0.0799
1383236767,10,0,0.019,0.002,0.009000000000000001,0.2,0.0,-0.051500000000000004,0.051500000000000004,7.390000000000001,0.0149,45732.0,0.058600000000000006,0.0,7086.0,45180.0,0.0728
1383241764,10,0,0.039,-0.067,-0.013000000000000001,0.2,0.0,-0.0391,0.0391,7.390000000000001,0.0152,45592.0,0.0444,0.0,12083.0,45044.0,0.0553
1383244685,10,0,0.155,-0.039,-0.028,0.2,0.0,-0.0327,0.0327,7.390000000000001,0.015700000000000002,45732.0,0.0373,0.0,15004.0,45180.0,0.0463
1383249702,10,0,-0.026000000000000002,-0.075,-0.025,0.2,0.0,-0.0402,0.0402,7.390000000000001,0.0162,45732.0,0.046200000000000005,0.0,20021.0,44912.0,0.0568
1383253867,10,0,0.2,-0.08600000000000001,-0.008,0.2,0.0,-0.034,0.034,7.390000000000001,0.016900000000000002,45732.0,0.0391,0.0,24186.0,45044.0,0.048100000000000004
1383256533,10,0,0.17200000000000001,-0.082,0.003,0.2,0.0,-0.030500000000000003,0.030500000000000003,7.390000000000001,0.017400000000000002,45592.0,0.0337,0.0,0.0,45044.0,0.0431
1383260735,10,0,0.051000000000000004,-0.058,-0.037,0.2,0.0,-0.0407,0.0407,7.390000000000001,0.0181,45456.0,0.046200000000000005,0.0,4202.0,45180.0,0.057600000000000005
1383265574,10,0,0.079,-0.09,-0.049,0.2,0.0,-0.0461,0.0461,7.390000000000001,0.0184,45592.0,0.051500000000000004,0.0,9041.0,45180.0,0.06520000000000001
1383269779,10,0,0.025,-0.05,0.01,0.2,0.0,-0.0454,0.0453,7.390000000000001,0.018500000000000003,45592.0,0.051500000000000004,0.0,13246.0,45180.0,0.0641
1383274531,10,0,0.052000000000000005,-0.042,-0.012,0.2,0.0,-0.0531,0.053000000000000005,7.390000000000001,0.0188,45732.0,0.0603,0.0,17998.0,45044.0,0.075
1383276572,10,0,-0.003,-0.041,-0.023,0.2,0.0,-0.057600000000000005,0.0575,7.390000000000001,0.0188,45872.0,0.0656,0.0,20039.0,44912.0,0.0814
1383280572,10,0,-0.022,-0.043000000000000003,-0.001,0.2,0.0,-0.054400000000000004,0.0543,7.390000000000001,0.0188,45872.0,0.0621,0.0,24039.0,44912.0,0.07680000000000001
1383284752,10,0,-0.048,-0.041,0.015,0.2,0.0,-0.058100000000000006,0.058,7.390000000000001,0.0188,46012.0,0.0656,0.0,0.0,45044.0,0.0821
1383289575,10,0,-0.052000000000000005,-0.043000000000000003,-0.014,0.2,0.0,-0.0567,0.056600000000000004,7.390000000000001,0.0187,45872.0,0.0639,0.0,4823.0,45044.0,0.0801
1383294572,10,0,-0.11900000000000001,-0.039,0.028,0.2,0.0,-0.0613,0.061200000000000004,7.390000000000001,0.0189,45592.0,0.0692,0.0,9820.0,44912.0,0.08660000000000001
1383296796,10,0,-0.108,-0.062,0.054,0.2,0.0,-0.0585,0.0584,7.390000000000001,0.0188,45732.0,0.0656,0.0,12044.0,45044.0,0.08270000000000001
1383301571,10,0,0.026000000000000002,-0.047,0.03,0.2,0.0,-0.049800000000000004,0.049800000000000004,7.390000000000001,0.019100000000000002,45872.0,0.0568,0.0,16819.0,45180.0,0.0704
1383305768,10,0,-0.012,-0.041,0.007,0.2,0.0,-0.0451,0.0451,7.390000000000001,0.0194,45732.0,0.051500000000000004,0.0,21016.0,45180.0,0.06380000000000001
1383308571,10,0,0.124,-0.04,0.011,0.2,0.0,-0.0408,0.0407,7.390000000000001,0.019700000000000002,45732.0,0.046200000000000005,0.0,23819.0,44912.0,0.057600000000000005
1383312778,10,0,0.005,-0.001,0.031,0.2,0.0,-0.042800000000000005,0.042800000000000005,7.390000000000001,0.020200000000000003,45592.0,0.047900000000000005,0.0,0.0,45044.0,0.060500000000000005
1383317572,10,0,0.079,-0.033,0.001,0.2,0.0,-0.0465,0.046400000000000004,7.390000000000001,0.020300000000000002,45732.0,0.053200000000000004,0.0,4794.0,45044.0,0.06570000000000001
1383321578,10,0,0.14200000000000002,-0.028,0.004,0.2,0.0,-0.0393,0.0393,7.390000000000001,0.0211,45592.0,0.0444,0.0,8800.0,44912.0,0.055600000000000004
1383325775,10,0,0.085,-0.026000000000000002,0.0,0.2,0.0,-0.0412,0.0412,7.390000000000001,0.021500000000000002,45732.0,0.0461,0.0,12997.0,45180.0,0.0582
1383328571,10,0,0.126,-0.023,-0.023,0.2,0.0,-0.0477,0.0476,7.390000000000001,0.0218,45872.0,0.053200000000000004,0.0,15793.0,45044.0,0.0674
1383333572,10,0,-0.032,-0.044,-0.033,0.2,0.0,-0.046700000000000005,0.046700000000000005,7.390000000000001,0.0219,45872.0,0.053200000000000004,0.0,20794.0,45180.0,0.066
1383337789,10,0,0.038,-0.016,-0.011,0.2,0.0,-0.054200000000000005,0.054200000000000005,7.390000000000001,0.0221,45872.0,0.061200000000000004,0.0,25011.0,45044.0,0.0766
1383341822,10,0,-0.06,-0.073,-0.041,0.2,0.0,-0.0506,0.0505,7.390000000000001,0.0221,45456.0,0.0568,0.0,0.0,45044.0,0.07150000000000001
1383344570,10,0,0.019,-0.106,-0.056,0.2,0.0,-0.0431,0.0431,7.390000000000001,0.0222,45872.0,0.047900000000000005,0.0,2748.0,44912.0,0.0609
1383348791,10,0,0.027,-0.031,-0.033,0.2,0.0,-0.042100000000000005,0.042,7.390000000000001,0.022500000000000003,45732.0,0.047900000000000005,0.0,6969.0,44912.0,0.0594
1383353685,10,0,-0.129,-0.085,-0.013000000000000001,0.2,0.0,-0.0572,0.057100000000000005,7.390000000000001,0.0224,45592.0,0.0639,0.0,11863.0,44912.0,0.08080000000000001
1383358570,10,0,-0.001,-0.047,-0.057,0.2,0.0,-0.0531,0.0531,7.390000000000001,0.0227,45732.0,0.0603,0.0,16748.0,45044.0,0.0751
1383360572,10,0,-0.058,-0.058,-0.045,0.2,0.0,-0.0497,0.049600000000000005,7.390000000000001,0.0228,45732.0,0.0568,0.0,18750.0,45180.0,0.0702
1383364792,10,0,0.075,-0.034,-0.004,0.2,0.0,-0.048100000000000004,0.048100000000000004,7.390000000000001,0.0233,45732.0,0.055,0.0,22970.0,45316.0,0.068
1383369802,10,0,-0.08700000000000001,-0.033,-0.024,0.197,-2.67,-0.0529,0.0528,7.390000000000001,0.0235,45732.0,0.0603,0.0,0.0,44912.0,0.0748
1383374570,10,0,0.09,-0.045,0.008,0.184,-2.67,-0.0465,0.0465,7.390000000000001,0.0238,46012.0,0.053200000000000004,0.0,4768.0,45180.0,0.0658
1383376576,10,0,0.078,-0.015,0.033,0.179,-2.67,-0.0449,0.0448,7.390000000000001,0.024,45872.0,0.051500000000000004,0.0,6774.0,44776.0,0.0634
1383380813,10,0,0.045,-0.077,0.001,0.168,-2.67,-0.0371,0.0371,7.390000000000001,0.024,45732.0,0.0426,0.0,11011.0,45044.0,0.052500000000000005
1383385575,10,0,0.14200000000000002,-0.032,-0.013000000000000001,0.155,-2.67,-0.033,0.033,7.390000000000001,0.0246,45732.0,0.0373,0.0,15773.0,44912.0,0.046700000000000005
1383389789,10,0,0.023,-0.076,0.07100000000000001,0.14400000000000002,-2.67,-0.035500000000000004,0.035500000000000004,7.390000000000001,0.024900000000000002,45732.0,0.0408,0.0,19987.0,45180.0,0.0502
1383394576,10,0,0.11900000000000001,-0.05,0.059000000000000004,0.131,-2.67,-0.0369,0.0369,7.390000000000001,0.0253,45592.0,0.0408,0.0,24774.0,44912.0,0.0522
1383396576,10,0,0.049,-0.034,0.019,0.125,-2.67,-0.0341,0.0341,7.390000000000001,0.0256,45732.0,0.0391,0.0,0.0,44912.0,0.0482
1383400819,10,0,0.121,-0.061,0.026000000000000002,0.115,-2.67,-0.0324,0.0324,7.390000000000001,0.026000000000000002,45592.0,0.0373,0.0,4243.0,44912.0,0.0458
1383405823,10,0,-0.002,-0.04,0.056,0.101,-2.67,-0.0352,0.0352,7.390000000000001,0.0263,45732.0,0.0391,0.0,9247.0,44912.0,0.049800000000000004
1383408575,10,0,0.018000000000000002,-0.064,0.042,0.093,-2.67,-0.0339,0.0339,7.390000000000001,0.0263,45732.0,0.0391,0.0,11999.0,45044.0,0.048
1383412821,10,0,0.116,-0.026000000000000002,0.021,0.083,-2.67,-0.030500000000000003,0.030500000000000003,7.390000000000001,0.0269,45456.0,0.0337,0.0,16245.0,44912.0,0.0431
1383417576,10,0,-0.031,-0.051000000000000004,0.048,0.069,-2.67,-0.0337,0.0337,7.390000000000001,0.0269,45592.0,0.0373,0.0,21000.0,45044.0,0.0477
1383421823,10,0,0.107,-0.023,-0.009000000000000001,0.059000000000000004,-2.67,-0.0332,0.0332,7.390000000000001,0.0274,45732.0,0.0373,0.0,25247.0,45180.0,0.046900000000000004
1383424576,10,0,-0.024,-0.023,-0.014,0.051000000000000004,-2.67,-0.0315,0.0315,7.390000000000001,0.0274,45592.0,0.035500000000000004,0.0,0.0,44912.0,0.044500000000000005
1383428819,10,0,0.13,-0.065,0.014,0.04,-2.67,-0.0287,0.0287,7.390000000000001,0.0275,45872.0,0.032,0.0,4243.0,45044.0,0.040600000000000004
1383432820,10,0,-0.001,-0.026000000000000002,-0.007,0.029,-2.67,-0.025400000000000002,0.025400000000000002,7.390000000000001,0.0279,45456.0,0.0284,0.0,8244.0,44912.0,0.0359
1383437576,10,0,0.038,-0.059000000000000004,-0.042,0.016,-2.67,-0.0261,0.0261,7.390000000000001,0.0279,45456.0,0.0302,0.0,13000.0,44912.0,0.037000000000000005
1383441822,10,0,0.051000000000000004,-0.03,-0.013000000000000001,0.005,-2.67,-0.0196,0.0196,7.390000000000001,0.0285,45872.0,0.0213,0.0,17246.0,45044.0,0.027700000000000002
1383444575,10,0,-0.021,-0.042,-0.001,-0.003,-2.67,-0.0176,0.0176,7.390000000000001,0.0285,45456.0,0.0195,0.0,19999.0,45044.0,0.024800000000000003
1383449576,10,0,0.13,-0.048,-0.045,-0.016,-2.67,-0.0177,0.0177,7.390000000000001,0.029,45592.0,0.0195,0.0,25000.0,45180.0,0.025
1383453691,10,0,-0.034,-0.039,-0.032,-0.027,-2.67,-0.015700000000000002,0.015700000000000002,7.390000000000001,0.0292,45456.0,0.0178,0.0,0.0,45180.0,0.0223
1383458572,10,0,0.132,-0.055,-0.026000000000000002,-0.04,-2.67,-0.0119,0.0119,7.390000000000001,0.0296,45316.0,0.0142,0.0,4881.0,45044.0,0.016800000000000002
1383460576,10,0,0.077,-0.023,-0.041,-0.045,-2.67,-0.0108,0.0108,7.390000000000001,0.029900000000000003,45592.0,0.012400000000000001,0.0,6885.0,45044.0,0.015300000000000001
1383464824,10,0,0.056,-0.056,-0.043000000000000003,-0.056,-2.67,-0.0099,0.0099,7.390000000000001,0.030000000000000002,45592.0,0.010700000000000001,0.0,11133.0,44912.0,0.014
1383469579,10,0,0.09,-0.018000000000000002,-0.004,-0.069,-2.67,-0.0074,0.0074,7.390000000000001,0.030500000000000003,45456.0,0.0089,0.0,15888.0,45044.0,0.010400000000000001
1383474576,10,0,0.063,-0.039,-0.029,-0.083,-2.67,-0.0038,0.0038,7.390000000000001,0.030600000000000002,45732.0,0.0036000000000000003,0.0,20885.0,45180.0,0.0054
1383476848,10,0,0.13,-0.033,-0.052000000000000005,-0.088,-2.67,-0.0034000000000000002,0.0034000000000000002,7.390000000000001,0.031,45732.0,0.0036000000000000003,0.0,23157.0,45180.0,0.0048000000000000004
1383481852,10,0,-0.024,0.004,0.021,-0.101,-2.67,-0.0056,0.0056,7.390000000000001,0.031,45732.0,0.0071,0.0,0.0,45044.0,0.0079
1383484575,10,0,0.067,-0.015,0.021,-0.109,-2.67,-0.0044,0.0044,7.390000000000001,0.031,45592.0,0.0053,0.0,2723.0,45044.0,0.006200000000000001
1383489578,10,0,-0.06,0.013000000000000001,0.007,-0.123,-2.67,-0.0053,0.0053,7.390000000000001,0.031100000000000003,45872.0,0.0053,0.0,7726.0,45316.0,0.007500000000000001
1383494569,10,0,0.088,-0.025,0.021,-0.136,-2.67,0.0001,-0.0001,7.390000000000001,0.0309,46012.0,0.0,0.0,12717.0,45044.0,-0.0001
1383496570,10,0,0.061,0.0,0.033,-0.14100000000000001,-2.67,0.00030000000000000003,-0.00030000000000000003,7.390000000000001,0.031100000000000003,45872.0,0.0,0.0,14718.0,45044.0,-0.0004
1383500827,10,0,-0.057,0.011,0.023,-0.152,-2.67,0.0001,-0.0001,7.390000000000001,0.0307,46152.0,0.0,0.0,18975.0,45044.0,-0.0001
1383505821,10,0,0.024,0.013000000000000001,0.037,-0.165,-2.67,0.0058000000000000005,-0.0058000000000000005,7.390000000000001,0.0309,45872.0,-0.0071,0.0,23969.0,45044.0,-0.0081
1383509823,10,0,-0.064,0.013000000000000001,0.069,-0.176,-2.67,0.0079,-0.0079,7.390000000000001,0.0308,46152.0,-0.0089,0.0,0.0,45044.0,-0.0111
1383514572,10,0,0.068,-0.012,0.033,-0.189,-2.67,0.012700000000000001,-0.012700000000000001,7.390000000000001,0.031,46012.0,-0.0142,0.0,4749.0,45044.0,-0.018000000000000002
1383516874,10,0,-0.022,-0.009000000000000001,0.01,-0.195,-2.67,0.0177,-0.0177,7.390000000000001,0.031200000000000002,45732.0,-0.0195,0.0,7051.0,45044.0,-0.025
1383522573,10,0,-0.013000000000000001,-0.011,0.022,-0.2,0.0,0.016300000000000002,-0.016300000000000002,7.390000000000001,0.0313,45592.0,-0.0178,0.0,12750.0,45044.0,-0.023100000000000002
1383524834,10,0,-0.01,0.001,0.043000000000000003,-0.2,0.0,0.0118,-0.0118,7.390000000000001,0.031400000000000004,45732.0,-0.0142,0.0,15011.0,45044.0,-0.0167
1383529570,10,0,-0.037,-0.025,0.004,-0.2,0.0,0.017,-0.017,7.390000000000001,0.0313,45732.0,-0.0195,0.0,19747.0,45044.0,-0.0241
1383533839,10,0,-0.016,0.025,0.004,-0.2,0.0,0.0126,-0.0126,7.390000000000001,0.0313,46012.0,-0.0142,0.0,24016.0,45044.0,-0.0179
1383537842,10,0,-0.037,-0.001,0.004,-0.2,0.0,0.012700000000000001,-0.012700000000000001,7.390000000000001,0.031,46012.0,-0.0142,0.0,0.0,44912.0,-0.0179
1383541892,10,0,0.027,0.011,-0.03,-0.2,0.0,0.0158,-0.0158,7.390000000000001,0.031100000000000003,45872.0,-0.0178,0.0,4050.0,45044.0,-0.0223
1383544569,10,0,-0.046,0.028,-0.023,-0.2,0.0,0.015300000000000001,-0.015300000000000001,7.390000000000001,0.031,45872.0,-0.0178,0.0,6727.0,45044.0,-0.0216
1383548849,10,0,0.03,0.022,-0.014,-0.2,0.0,0.012100000000000001,-0.012100000000000001,7.390000000000001,0.0307,45456.0,-0.0142,0.0,11007.0,45044.0,-0.0171
1383553692,10,0,-0.042,0.058,-0.033,-0.2,0.0,0.011600000000000001,-0.011600000000000001,7.390000000000001,0.030600000000000002,45592.0,-0.012400000000000001,0.0,15850.0,44776.0,-0.0164
1383558565,10,0,-0.003,0.025,-0.043000000000000003,-0.2,0.0,0.0103,-0.0103,7.390000000000001,0.030000000000000002,45732.0,-0.012400000000000001,0.0,20723.0,45044.0,-0.0146
1383560633,10,0,0.032,0.029,-0.03,-0.2,0.0,0.010700000000000001,-0.010700000000000001,7.390000000000001,0.030000000000000002,45592.0,-0.012400000000000001,0.0,22791.0,45044.0,-0.0151
1383564862,10,0,-0.117,0.059000000000000004,-0.014,-0.2,0.0,0.0106,-0.0106,7.390000000000001,0.029500000000000002,45592.0,-0.012400000000000001,0.0,0.0,45044.0,-0.0149
1383569570,10,0,0.005,0.023,-0.045,-0.2,0.0,0.009600000000000001,-0.009600000000000001,7.390000000000001,0.029300000000000003,45592.0,-0.010700000000000001,0.0,4708.0,44776.0,-0.0135
1383573866,10,0,-0.115,0.036000000000000004,-0.023,-0.2,0.0,0.015000000000000001,-0.015000000000000001,7.390000000000001,0.028900000000000002,45872.0,-0.0178,0.0,9004.0,45044.0,-0.0213
1383577869,10,0,-0.01,0.034,-0.021,-0.2,0.0,0.012100000000000001,-0.012100000000000001,7.390000000000001,0.0287,45732.0,-0.0142,0.0,13007.0,45180.0,-0.0171
1383581918,10,0,-0.088,0.027,-0.016,-0.2,0.0,0.0158,-0.0158,7.390000000000001,0.0284,45872.0,-0.0178,0.0,17056.0,45044.0,-0.0223
1383584568,10,0,-0.092,0.004,-0.014,-0.2,0.0,0.0176,-0.0176,7.390000000000001,0.028300000000000002,45592.0,-0.0195,0.0,19706.0,45044.0,-0.024900000000000002
1383588877,10,0,-0.034,0.053,0.002,-0.2,0.0,0.0143,-0.0143,7.390000000000001,0.0281,45872.0,-0.016,0.0,24015.0,45044.0,-0.020300000000000002
1383592879,10,0,-0.093,0.016,-0.004,-0.2,0.0,0.014100000000000001,-0.014100000000000001,7.390000000000001,0.027700000000000002,45592.0,-0.016,0.0,0.0,45044.0,-0.02
1383596929,10,0,0.024,0.063,-0.013000000000000001,-0.2,0.0,0.0158,-0.0158,7.390000000000001,0.027600000000000003,45872.0,-0.0178,0.0,4050.0,45180.0,-0.0223
1383601569,10,0,-0.112,0.039,0.016,-0.2,0.0,0.0132,-0.0132,7.390000000000001,0.027200000000000002,45732.0,-0.0142,0.0,8690.0,45044.0,-0.0187
1383605888,10,0,0.028,0.062,0.011,-0.2,0.0,0.013800000000000002,-0.013800000000000002,7.390000000000001,0.027,45872.0,-0.016,0.0,13009.0,44912.0,-0.0196
1383610568,10,0,-0.127,0.06,0.009000000000000001,-0.2,0.0,0.0108,-0.0108,7.390000000000001,0.026600000000000002,45732.0,-0.012400000000000001,0.0,17689.0,44912.0,-0.015300000000000001
1383612893,10,0,-0.044,0.04,0.007,-0.2,0.0,0.009000000000000001,-0.009000000000000001,7.390000000000001,0.0263,45592.0,-0.010700000000000001,0.0,20014.0,45044.0,-0.012700000000000001
1383616942,10,0,-0.041,0.108,0.021,-0.2,0.0,0.0083,-0.0083,7.390000000000001,0.026000000000000002,45732.0,-0.0089,0.0,24063.0,45044.0,-0.0117
1383621569,10,0,-0.12,0.052000000000000005,0.025,-0.2,0.0,0.0055000000000000005,-0.0055000000000000005,7.390000000000001,0.025400000000000002,45872.0,-0.0071,0.0,0.0,45180.0,-0.0078000000000000005
1383626530,10,0,-0.046,0.117,0.01,-0.2,0.0,0.0048000000000000004,-0.0048000000000000004,7.390000000000001,0.024800000000000003,45872.0,-0.0053,0.0,4961.0,45044.0,-0.0067
1383628568,10,0,-0.111,0.097,0.02,-0.2,0.0,0.005,-0.005,7.390000000000001,0.0245,46012.0,-0.0053,0.0,6999.0,44912.0,-0.0071
1383632906,10,0,-0.055,0.10200000000000001,0.02,-0.2,0.0,0.0021000000000000003,-0.0021000000000000003,7.390000000000001,0.0238,45592.0,-0.0018000000000000002,0.0,11337.0,44912.0,-0.003
1383636957,10,0,-0.145,0.114,0.022,-0.2,0.0,-0.0015,0.0015,7.390000000000001,0.023100000000000002,45732.0,0.0018000000000000002,0.0,15388.0,44912.0,0.0021000000000000003
1383641960,10,0,-0.089,0.107,0.024,-0.2,0.0,-0.0023,0.0023,7.390000000000001,0.0222,45732.0,0.0018000000000000002,0.0,20391.0,45044.0,0.0032
1383644568,10,0,-0.073,0.135,0.035,-0.2,0.0,-0.0031000000000000003,0.0031000000000000003,7.390000000000001,0.0219,45732.0,0.0036000000000000003,0.0,22999.0,44912.0,0.0044
1383648919,10,0,-0.20600000000000002,0.10200000000000001,0.014,-0.2,0.0,-0.0054,0.0054,7.390000000000001,0.020900000000000002,45872.0,0.0053,0.0,0.0,45044.0,0.0077
1383653709,10,0,-0.117,0.136,0.004,-0.2,0.0,-0.0081,0.0081,7.390000000000001,0.020200000000000003,45872.0,0.0089,0.0,4790.0,45044.0,0.0115
1383657924,10,0,-0.197,0.112,0.03,-0.2,0.0,-0.0057,0.0057,7.390000000000001,0.019200000000000002,45592.0,0.0071,0.0,9005.0,45044.0,0.008
1383661972,10,0,-0.12,0.159,0.003,-0.2,0.0,-0.0083,0.0083,7.390000000000001,0.018500000000000003,45872.0,0.0089,0.0,13053.0,44912.0,0.0117
1383664569,10,0,-0.146,0.154,0.0,-0.2,0.0,-0.008,0.008,7.390000000000001,0.0182,45872.0,0.0089,0.0,15650.0,45044.0,0.011300000000000001
1383669569,10,0,-0.106,0.132,-0.014,-0.2,0.0,-0.003,0.003,7.390000000000001,0.0173,45592.0,0.0036000000000000003,0.0,20650.0,45044.0,0.004200000000000001
1383673935,10,0,-0.131,0.16,-0.012,-0.2,0.0,-0.0047,0.0047,7.390000000000001,0.0166,45592.0,0.0053,0.0,25016.0,45044.0,0.0066
1383677938,10,0,-0.10300000000000001,0.152,-0.036000000000000004,-0.2,0.0,-0.0059,0.0058000000000000005,7.390000000000001,0.0159,45872.0,0.0071,0.0,0.0,44912.0,0.0083
1383682573,10,0,-0.018000000000000002,0.194,-0.02,-0.2,0.0,-0.0067,0.0067,7.390000000000001,0.0155,46152.0,0.0071,0.0,4635.0,44912.0,0.0095
1383684941,10,0,-0.165,0.185,-0.007,-0.2,0.0,-0.0095,0.0095,7.390000000000001,0.014700000000000001,45732.0,0.010700000000000001,0.0,7003.0,44776.0,0.0135
1383689570,10,0,-0.043000000000000003,0.182,-0.06,-0.2,0.0,-0.012100000000000001,0.012100000000000001,7.390000000000001,0.013900000000000001,45732.0,0.0142,0.0,11632.0,44776.0,0.0171
1383694567,10,0,-0.146,0.171,-0.04,-0.2,0.0,-0.008700000000000001,0.008700000000000001,7.390000000000001,0.0129,45592.0,0.010700000000000001,0.0,16629.0,44912.0,0.0123
1383696568,10,0,-0.139,0.165,-0.028,-0.2,0.0,-0.012100000000000001,0.012100000000000001,7.390000000000001,0.012400000000000001,45732.0,0.0142,0.0,18630.0,45044.0,0.017
1383700953,10,0,-0.123,0.195,-0.016,-0.2,0.0,-0.0165,0.0165,7.390000000000001,0.0111,45732.0,0.0195,0.0,23015.0,45180.0,0.0233
1383705956,10,0,-0.106,0.17,-0.027,-0.2,0.0,-0.013900000000000001,0.013900000000000001,7.390000000000001,0.0097,45872.0,0.016,0.0,0.0,45044.0,0.0196
1383710567,10,0,-0.109,0.19,-0.007,-0.2,0.0,-0.014100000000000001,0.014100000000000001,7.41,0.008700000000000001,45732.0,0.016,0.0,4611.0,44912.0,0.02
1383712567,10,0,-0.146,0.16,0.002,-0.2,0.0,-0.015300000000000001,0.015300000000000001,7.41,0.0082,46012.0,0.0178,0.0,6611.0,44776.0,0.0217
1383717012,10,0,-0.111,0.171,0.012,-0.2,0.0,-0.0149,0.0149,7.41,0.0071,45732.0,0.016,0.0,11056.0,44912.0,0.021
1383721569,10,0,-0.189,0.166,0.037,-0.2,0.0,-0.0207,0.0207,7.41,0.0061,45456.0,0.023200000000000002,0.0,15613.0,44912.0,0.029300000000000003
1383725970,10,0,-0.14400000000000002,0.17300000000000001,0.024,-0.2,0.0,-0.0223,0.0223,7.41,0.0049,45592.0,0.024900000000000002,0.0,20014.0,45180.0,0.0315
1383730568,10,0,-0.212,0.167,0.038,-0.2,0.0,-0.023700000000000002,0.023700000000000002,7.41,0.004,46012.0,0.0267,0.0,24612.0,45044.0,0.0335
1383732973,10,0,-0.22,0.151,0.047,-0.2,0.0,-0.024300000000000002,0.024300000000000002,7.41,0.0031000000000000003,45872.0,0.0267,0.0,0.0,44912.0,0.0344
1383737025,10,0,-0.165,0.146,0.037,-0.2,0.0,-0.021500000000000002,0.021500000000000002,7.41,0.0021000000000000003,45592.0,0.024900000000000002,0.0,4052.0,45044.0,0.0304
1383742026,10,0,-0.222,0.14100000000000001,0.024,-0.2,0.0,-0.0204,0.020300000000000002,7.41,0.0008,45592.0,0.023200000000000002,0.0,9053.0,44912.0,0.028800000000000003
1383744567,10,0,-0.148,0.15,0.021,-0.2,0.0,-0.0188,0.0188,7.41,0.00030000000000000003,45872.0,0.021400000000000002,0.0,11594.0,45044.0,0.026600000000000002
1383748985,10,0,-0.169,0.166,0.014,-0.2,0.0,-0.0189,0.0189,7.41,-0.0006000000000000001,46012.0,0.021400000000000002,0.0,16012.0,44776.0,0.0267
1383753684,10,0,-0.129,0.17400000000000002,-0.004,-0.2,0.0,-0.019200000000000002,0.019200000000000002,7.41,-0.0015,45872.0,0.021400000000000002,0.0,20711.0,45044.0,0.027100000000000003
1383757993,10,0,-0.167,0.194,0.014,-0.2,0.0,-0.0229,0.0229,7.41,-0.0023,45872.0,0.0267,0.0,25020.0,45044.0,0.0324
1383762042,10,0,-0.153,0.199,-0.013000000000000001,-0.2,0.0,-0.0251,0.0251,7.41,-0.0033,46012.0,0.0285,0.0,0.0,44912.0,0.035500000000000004
1383764568,10,0,-0.074,0.199,-0.033,-0.2,0.0,-0.026500000000000003,0.026500000000000003,7.41,-0.0037,45872.0,0.0303,0.0,2526.0,44912.0,0.0374
1383769568,10,0,-0.19,0.209,-0.031,-0.2,0.0,-0.0228,0.0228,7.390000000000001,-0.0048000000000000004,45592.0,0.026600000000000002,0.0,7526.0,44912.0,0.0323
1383774003,10,0,-0.157,0.23600000000000002,-0.026000000000000002,-0.2,0.0,-0.035,0.035,7.390000000000001,-0.006200000000000001,46012.0,0.0391,0.0,11961.0,45044.0,0.0495
1383778572,10,0,-0.201,0.212,-0.034,-0.2,0.0,-0.0328,0.0328,7.390000000000001,-0.007200000000000001,45872.0,0.0373,0.0,16530.0,44912.0,0.046400000000000004
1383781007,10,0,-0.187,0.211,-0.048,-0.2,0.0,-0.029300000000000003,0.029300000000000003,7.390000000000001,-0.008400000000000001,45872.0,0.0337,0.0,18965.0,44912.0,0.0415
1383785008,10,0,-0.224,0.221,-0.031,-0.2,0.0,-0.0337,0.0337,7.390000000000001,-0.0097,45872.0,0.0373,0.0,22966.0,44912.0,0.0477
1383789570,10,0,-0.213,0.181,-0.028,-0.2,0.0,-0.030000000000000002,0.030000000000000002,7.41,-0.0111,45872.0,0.033800000000000004,0.0,0.0,45044.0,0.0424
1383794568,10,0,-0.212,0.233,-0.007,-0.2,0.0,-0.029500000000000002,0.029500000000000002,7.41,-0.012400000000000001,45732.0,0.033800000000000004,0.0,4998.0,44776.0,0.0417
1383796568,10,0,-0.298,0.21,0.009000000000000001,-0.2,0.0,-0.0329,0.0329,7.41,-0.0131,45732.0,0.0374,0.0,6998.0,45044.0,0.0466
1383801018,10,0,-0.179,0.195,0.003,-0.2,0.0,-0.0329,0.0329,7.41,-0.0146,45872.0,0.0374,0.0,11448.0,45044.0,0.0465
1383806023,10,0,-0.291,0.183,0.023,-0.2,0.0,-0.029400000000000003,0.029400000000000003,7.41,-0.016,45732.0,0.033800000000000004,0.0,16453.0,45044.0,0.041600000000000005
1383810573,10,0,-0.23,0.192,0.034,-0.2,0.0,-0.033,0.0329,7.41,-0.016900000000000002,45732.0,0.0374,0.0,21003.0,45044.0,0.0466
1383813027,10,0,-0.167,0.189,0.028,-0.2,0.0,-0.0267,0.0267,7.41,-0.0177,46012.0,0.0303,0.0,23457.0,44776.0,0.037700000000000004
1383817077,10,0,-0.195,0.18,0.019,-0.2,0.0,-0.0217,0.0217,7.41,-0.0187,45872.0,0.024900000000000002,0.0,0.0,44912.0,0.0307
1383821569,10,0,-0.09,0.189,0.012,-0.2,0.0,-0.023,0.023,7.41,-0.019200000000000002,45732.0,0.0267,0.0,4492.0,44776.0,0.0325
1383826036,10,0,-0.203,0.185,-0.01,-0.2,0.0,-0.0247,0.0247,7.41,-0.0206,45732.0,0.0285,0.0,8959.0,45316.0,0.0349
1383830040,10,0,-0.052000000000000005,0.176,-0.008,-0.2,0.0,-0.0234,0.0234,7.41,-0.021400000000000002,45732.0,0.0267,0.0,12963.0,44912.0,0.033100000000000004
1383834568,10,0,-0.17500000000000002,0.186,-0.001,-0.2,0.0,-0.0193,0.0193,7.41,-0.0224,46012.0,0.021400000000000002,0.0,17491.0,44912.0,0.0273
1383836569,10,0,-0.162,0.188,-0.017,-0.2,0.0,-0.0263,0.0263,7.41,-0.023,45872.0,0.0303,0.0,19492.0,44912.0,0.037200000000000004
1383841046,10,0,-0.179,0.184,-0.034,-0.2,0.0,-0.0322,0.0322,7.41,-0.0244,46012.0,0.0374,0.0,23969.0,45044.0,0.0456
1383845569,10,0,-0.195,0.168,-0.009000000000000001,-0.2,0.0,-0.0297,0.0297,7.41,-0.0257,45872.0,0.033800000000000004,0.0,0.0,45044.0,0.042
1383850053,10,0,-0.187,0.194,-0.001,-0.2,0.0,-0.0328,0.0328,7.41,-0.027200000000000002,45872.0,0.0374,0.0,4484.0,44912.0,0.046400000000000004
1383854105,10,0,-0.17500000000000002,0.137,0.006,-0.2,0.0,-0.0264,0.0264,7.41,-0.0284,45872.0,0.0303,0.0,8536.0,44776.0,0.0373
1383856568,10,0,-0.082,0.134,0.006,-0.2,0.0,-0.0241,0.0241,7.41,-0.028800000000000003,45732.0,0.0267,0.0,10999.0,44912.0,0.0341
1383861058,10,0,-0.296,0.157,0.018000000000000002,-0.2,0.0,-0.029,0.029,7.41,-0.030000000000000002,46012.0,0.032,0.0,15489.0,44912.0,0.041100000000000005
1383865067,10,0,-0.17200000000000001,0.132,0.004,-0.2,0.0,-0.0349,0.0349,7.41,-0.031,46012.0,0.0392,0.0,19498.0,44912.0,0.0494
1383869566,10,0,-0.19,0.17400000000000002,0.015,-0.2,0.0,-0.027,0.027,7.41,-0.0318,46012.0,0.0303,0.0,23997.0,45180.0,0.0381
1383873569,10,0,-0.246,0.136,0.028,-0.2,0.0,-0.0316,0.0316,7.41,-0.0329,46012.0,0.0356,0.0,0.0,44912.0,0.0446
1383878072,10,0,-0.188,0.162,-0.019,-0.2,0.0,-0.030100000000000002,0.030100000000000002,7.41,-0.0339,46152.0,0.033800000000000004,0.0,4503.0,45044.0,0.0426
1383882118,10,0,-0.171,0.1,-0.016,-0.2,0.0,-0.019100000000000002,0.019100000000000002,7.41,-0.034800000000000005,46012.0,0.021400000000000002,0.0,8549.0,45316.0,0.027
1383884565,10,0,-0.058,0.114,-0.013000000000000001,-0.2,0.0,-0.0158,0.0158,7.41,-0.035,45872.0,0.0178,0.0,10996.0,45044.0,0.0223
1383888566,10,0,-0.2,0.148,-0.008,-0.2,0.0,-0.0201,0.0201,7.41,-0.035500000000000004,45872.0,0.023100000000000002,0.0,14997.0,44912.0,0.0285
1383893079,10,0,-0.015,0.105,-0.038,-0.2,0.0,-0.0159,0.0159,7.41,-0.0361,45872.0,0.0178,0.0,19510.0,44912.0,0.0224
1383897132,10,0,-0.17300000000000001,0.151,-0.016,-0.2,0.0,-0.0161,0.0161,7.41,-0.036500000000000005,46012.0,0.0178,0.0,23563.0,45044.0,0.0227
1383901569,10,0,-0.092,0.111,-0.012,-0.2,0.0,-0.0201,0.0201,7.41,-0.0373,45872.0,0.023200000000000002,0.0,0.0,44912.0,0.0284
1383906574,10,0,-0.091,0.148,-0.024,-0.2,0.0,-0.0181,0.0181,7.41,-0.037700000000000004,46152.0,0.021400000000000002,0.0,5005.0,44912.0,0.0256
1383909091,10,0,-0.179,0.14,0.007,-0.2,0.0,-0.0217,0.0217,7.41,-0.038700000000000005,45732.0,0.024900000000000002,0.0,7522.0,45180.0,0.0307
1383913095,10,0,-0.074,0.148,0.011,-0.2,0.0,-0.023700000000000002,0.023700000000000002,7.41,-0.0395,45872.0,0.0267,0.0,11526.0,45044.0,0.033600000000000005
1383917146,10,0,-0.178,0.129,0.0,-0.2,0.0,-0.0187,0.0187,7.41,-0.040600000000000004,45732.0,0.021400000000000002,0.0,15577.0,44912.0,0.026500000000000003
1383921569,10,0,-0.112,0.134,0.011,-0.2,0.0,-0.021,0.021,7.41,-0.0414,46012.0,0.023100000000000002,0.0,20000.0,44912.0,0.0297
1383926106,10,0,-0.267,0.114,0.038,-0.2,0.0,-0.0264,0.0264,7.41,-0.0429,45872.0,0.0303,0.0,24537.0,45044.0,0.0374
1383930110,10,0,-0.099,0.082,0.006,-0.2,0.0,-0.016800000000000002,0.016800000000000002,7.41,-0.0436,46012.0,0.0196,0.0,0.0,44912.0,0.023700000000000002
1383934596,10,0,-0.278,0.151,0.009000000000000001,-0.2,0.0,-0.022000000000000002,0.022000000000000002,7.41,-0.044500000000000005,45872.0,0.024900000000000002,0.0,4486.0,44912.0,0.031100000000000003
1383937158,10,0,-0.276,0.07100000000000001,0.025,-0.2,0.0,-0.026600000000000002,0.026600000000000002,7.41,-0.0455,46012.0,0.0303,0.0,7048.0,45044.0,0.037700000000000004
1383941569,10,0,-0.157,0.129,0.008,-0.2,0.0,-0.0213,0.0213,7.41,-0.046200000000000005,45872.0,0.024900000000000002,0.0,11459.0,44912.0,0.030100000000000002
1383946120,10,0,-0.269,0.06,0.003,-0.2,0.0,-0.0181,0.0181,7.41,-0.0475,46012.0,0.021400000000000002,0.0,16010.0,45316.0,0.0257
1383950124,10,0,-0.14100000000000001,0.11800000000000001,0.0,-0.2,0.0,-0.0166,0.0166,7.41,-0.0482,45872.0,0.0196,0.0,20014.0,44912.0,0.0235
1383954196,10,0,-0.184,0.08700000000000001,-0.008,-0.2,0.0,-0.0086,0.0086,7.41,-0.049,45872.0,0.0089,0.0,24086.0,45180.0,0.012100000000000001
1383956571,10,0,-0.088,0.045,-0.019,-0.2,0.0,-0.0022,0.0022,7.41,-0.049100000000000005,45872.0,0.0018000000000000002,0.0,0.0,45044.0,0.0031000000000000003
1383961129,10,0,-0.091,0.161,-0.011,-0.2,0.0,-0.0033,0.0033,7.41,-0.049600000000000005,46012.0,0.0036000000000000003,0.0,4558.0,44776.0,0.0047
1383965137,10,0,-0.14300000000000002,0.051000000000000004,0.004,-0.2,0.0,-0.0091,0.0091,7.41,-0.050100000000000006,45732.0,0.010700000000000001,0.0,8566.0,44912.0,0.0128
1383969570,10,0,0.029,0.15,-0.044,-0.2,0.0,-0.0034000000000000002,0.0034000000000000002,7.41,-0.050300000000000004,46012.0,0.0036000000000000003,0.0,12999.0,45044.0,0.0048000000000000004
1383974594,10,0,-0.056,0.065,-0.037,-0.2,0.0,0.0011,-0.0011,7.41,-0.0509,45732.0,-0.0018000000000000002,0.0,18023.0,44912.0,-0.0015
1383977188,10,0,-0.001,0.126,-0.041,-0.2,0.0,-0.0049,0.0049,7.41,-0.051000000000000004,45592.0,0.0053,0.0,20617.0,45044.0,0.007
1383981566,10,0,-0.199,0.127,-0.029,-0.2,0.0,-0.016900000000000002,0.016900000000000002,7.41,-0.0519,46152.0,0.0196,0.0,24995.0,44912.0,0.0239
1383985569,10,0,-0.074,0.056,-0.029,-0.2,0.0,-0.012400000000000001,0.012400000000000001,7.41,-0.052500000000000005,46152.0,0.0142,0.0,0.0,44912.0,0.0175
1383989571,10,0,-0.117,0.109,-0.037,-0.2,0.0,-0.0061,0.0061,7.41,-0.053200000000000004,45872.0,0.0071,0.0,4002.0,45044.0,0.0086
1383994597,10,0,-0.094,0.029,-0.033,-0.2,0.0,-0.006900000000000001,0.006900000000000001,7.41,-0.0539,46152.0,0.0071,0.0,9028.0,45180.0,0.0098
1383997199,10,0,-0.076,0.114,-0.019,-0.2,0.0,-0.007200000000000001,0.007200000000000001,7.41,-0.0543,45872.0,0.0089,0.0,11630.0,44912.0,0.010100000000000001
1384001569,10,0,-0.157,0.006,0.015,-0.2,0.0,-0.005,0.005,7.41,-0.054900000000000004,45732.0,0.0053,0.0,16000.0,44776.0,0.007
1384006158,10,0,-0.074,0.11,0.025,-0.2,0.0,-0.0055000000000000005,0.0055000000000000005,7.41,-0.0553,45872.0,0.0071,0.0,20589.0,45044.0,0.0078000000000000005
1384010525,10,0,-0.138,0.037,0.043000000000000003,-0.2,0.0,-0.006900000000000001,0.006900000000000001,7.41,-0.0557,45732.0,0.0071,0.0,24956.0,45044.0,0.0098
1384012564,10,0,-0.10300000000000001,0.039,0.041,-0.2,0.0,-0.0068000000000000005,0.0068000000000000005,7.41,-0.0558,45872.0,0.0071,0.0,0.0,45044.0,0.0095
1384017211,10,0,-0.121,0.11,0.061,-0.2,0.0,-0.0083,0.0083,7.41,-0.0563,46012.0,0.0089,0.0,4647.0,45044.0,0.0118
1384022217,10,0,-0.057,0.051000000000000004,0.083,-0.2,0.0,-0.0027,0.0027,7.41,-0.0567,45732.0,0.0036000000000000003,0.0,9653.0,44776.0,0.0038
1384024570,10,0,-0.024,0.11800000000000001,0.077,-0.2,0.0,-0.0001,0.0001,7.41,-0.056900000000000006,45872.0,0.0,0.0,12006.0,44912.0,0.0001
1384029569,10,0,-0.091,0.022,0.046,-0.2,0.0,0.0002,-0.0002,7.41,-0.0575,46152.0,0.0,0.0,17005.0,44776.0,-0.00030000000000000003
1384033569,10,0,0.011,0.093,0.032,-0.2,0.0,0.0047,-0.0047,7.41,-0.0577,45732.0,-0.0053,0.0,21005.0,45044.0,-0.0066
1384038181,10,0,-0.045,0.042,0.039,-0.2,0.0,0.0056,-0.0056,7.41,-0.0582,45732.0,-0.0071,0.0,25617.0,45044.0,-0.0079
1384042230,10,0,-0.009000000000000001,0.093,-0.008,-0.2,0.0,0.0026000000000000003,-0.0026000000000000003,7.41,-0.058300000000000005,45732.0,-0.0036000000000000003,0.0,0.0,44912.0,-0.0037
1384044569,10,0,-0.054,0.10200000000000001,-0.02,-0.2,0.0,0.00030000000000000003,-0.00030000000000000003,7.41,-0.0585,45592.0,0.0,0.0,2339.0,44912.0,-0.0004
1384048569,10,0,-0.048,0.069,-0.026000000000000002,-0.2,0.0,-0.0001,0.0001,7.41,-0.0589,46012.0,0.0,0.0,6339.0,44912.0,0.0002
1384053686,10,0,-0.022,0.11,-0.047,-0.2,0.0,0.0022,-0.0022,7.41,-0.0592,46012.0,-0.0018000000000000002,0.0,11456.0,45044.0,-0.0031000000000000003
1384058212,10,0,-0.08700000000000001,0.09,-0.06,-0.2,0.0,-0.0047,0.0047,7.41,-0.0601,46012.0,0.0053,0.0,15982.0,45044.0,0.0066
1384060569,10,0,-0.014,0.074,-0.065,-0.2,0.0,-0.0026000000000000003,0.0026000000000000003,7.41,-0.0603,45872.0,0.0036000000000000003,0.0,18339.0,45044.0,0.0037
1384065199,10,0,-0.128,0.097,-0.073,-0.2,0.0,0.0021000000000000003,-0.0021000000000000003,7.41,-0.061000000000000006,45872.0,-0.0018000000000000002,0.0,22969.0,44912.0,-0.003
1384069568,10,0,-0.028,0.068,-0.084,-0.2,0.0,0.0004,-0.0004,7.41,-0.061500000000000006,45732.0,0.0,0.0,0.0,44912.0,-0.0006000000000000001
1384074595,10,0,-0.10300000000000001,0.058,-0.039,-0.2,0.0,0.0082,-0.0082,7.41,-0.0618,46012.0,-0.0089,0.0,5027.0,44912.0,-0.0115
1384077255,10,0,-0.105,0.047,-0.03,-0.2,0.0,0.0058000000000000005,-0.0058000000000000005,7.41,-0.062,46152.0,-0.0071,0.0,7687.0,45044.0,-0.0082
1384081565,10,0,-0.061,0.051000000000000004,-0.019,-0.2,0.0,0.0035,-0.0035,7.41,-0.0623,45732.0,-0.0036000000000000003,0.0,11997.0,44912.0,-0.0049
1384086250,10,0,-0.055,0.037,-0.012,-0.2,0.0,0.0115,-0.0115,7.41,-0.0625,45872.0,-0.0125,0.0,16682.0,45044.0,-0.016300000000000002
1384088570,10,0,-0.025,0.054,0.006,-0.2,0.0,0.010700000000000001,-0.010700000000000001,7.41,-0.0626,46152.0,-0.0125,0.0,19002.0,45180.0,-0.0151
1384093224,10,0,-0.101,0.011,0.043000000000000003,-0.2,0.0,0.0091,-0.0091,7.41,-0.0629,45872.0,-0.010700000000000001,0.0,23656.0,45044.0,-0.0129
1384098574,10,0,-0.016,0.037,0.044,-0.2,0.0,0.0125,-0.0125,7.41,-0.0631,45592.0,-0.0142,0.0,0.0,45044.0,-0.0177
1384101223,10,0,-0.083,0.046,0.075,-0.2,0.0,0.0095,-0.0095,7.41,-0.06330000000000001,45872.0,-0.010700000000000001,0.0,2649.0,45044.0,-0.0134
1384106225,10,0,0.002,0.047,0.055,-0.2,0.0,0.0105,-0.0105,7.41,-0.06380000000000001,46152.0,-0.0125,0.0,7651.0,45044.0,-0.0149
1384110229,10,0,-0.041,0.054,0.047,-0.2,0.0,0.0123,-0.0123,7.41,-0.064,45872.0,-0.0142,0.0,11655.0,45044.0,-0.017400000000000002
1384114282,10,0,-0.03,0.038,0.054,-0.2,0.0,0.011600000000000001,-0.011600000000000001,7.41,-0.0644,45872.0,-0.0125,0.0,15708.0,45044.0,-0.0164
1384116569,10,0,0.017,0.044,0.052000000000000005,-0.2,0.0,0.0117,-0.0117,7.41,-0.0644,46012.0,-0.0125,0.0,17995.0,45044.0,-0.0165
1384121235,10,0,-0.064,0.064,0.027,-0.2,0.0,0.0109,-0.0109,7.41,-0.06470000000000001,45872.0,-0.0125,0.0,22661.0,45044.0,-0.0154
1384125238,10,0,0.008,0.06,0.009000000000000001,-0.2,0.0,0.0092,-0.0092,7.41,-0.065,45732.0,-0.010700000000000001,0.0,0.0,45044.0,-0.013000000000000001
1384129532,10,0,-0.038,0.061,0.006,-0.2,0.0,0.0112,-0.0112,7.41,-0.06520000000000001,45872.0,-0.0125,0.0,4294.0,45180.0,-0.0158
1384134283,10,0,-0.008,0.059000000000000004,-0.015,-0.2,0.0,0.010100000000000001,-0.010100000000000001,7.41,-0.06570000000000001,46012.0,-0.010700000000000001,0.0,9045.0,45044.0,-0.0142
1384138525,10,0,-0.013000000000000001,0.036000000000000004,-0.019,-0.2,0.0,0.014,-0.014,7.41,-0.0658,45732.0,-0.016,0.0,13287.0,45044.0,-0.0198
1384140567,10,0,-0.049,0.044,-0.026000000000000002,-0.2,0.0,0.015700000000000002,-0.015700000000000002,7.41,-0.0659,46012.0,-0.0178,0.0,15329.0,45044.0,-0.0222
1384145253,10,0,0.012,0.051000000000000004,-0.038,-0.2,0.0,0.012700000000000001,-0.012700000000000001,7.41,-0.0661,45732.0,-0.0142,0.0,20015.0,45180.0,-0.018000000000000002
1384149532,10,0,-0.073,0.038,-0.05,-0.2,0.0,0.0125,-0.0125,7.41,-0.0664,46152.0,-0.0142,0.0,24294.0,45044.0,-0.0176
1384154594,10,0,0.016,0.039,-0.037,-0.2,0.0,0.0148,-0.0148,7.41,-0.0666,45592.0,-0.016,0.0,0.0,45044.0,-0.021
1384157306,10,0,-0.088,0.039,-0.03,-0.2,0.0,0.0115,-0.0115,7.41,-0.0668,45872.0,-0.0125,0.0,2712.0,44912.0,-0.016300000000000002
1384161567,10,0,-0.017,0.029,-0.053,-0.2,0.0,0.0148,-0.0148,7.41,-0.06720000000000001,46012.0,-0.016,0.0,6973.0,45044.0,-0.021
1384165569,10,0,-0.035,0.035,-0.041,-0.2,0.0,0.0151,-0.0151,7.41,-0.0673,46012.0,-0.0178,0.0,10975.0,45180.0,-0.021400000000000002
1384170272,10,0,-0.044,0.036000000000000004,-0.015,-0.2,0.0,0.0126,-0.0126,7.41,-0.06770000000000001,46012.0,-0.0142,0.0,15678.0,44912.0,-0.0179
1384174595,10,0,-0.02,0.042,-0.007,-0.2,0.0,0.014400000000000001,-0.014400000000000001,7.41,-0.0678,45872.0,-0.016,0.0,20001.0,45044.0,-0.0204
1384177322,10,0,-0.11,0.036000000000000004,0.002,-0.2,0.0,0.015700000000000002,-0.015700000000000002,7.41,-0.06810000000000001,45732.0,-0.0178,0.0,22728.0,45316.0,-0.0222
1384182327,10,0,0.008,0.033,0.009000000000000001,-0.2,0.0,0.0148,-0.0148,7.41,-0.0682,45732.0,-0.016,0.0,0.0,45044.0,-0.021
1384184566,10,0,-0.049,0.031,0.014,-0.2,0.0,0.0159,-0.0159,7.41,-0.0683,45732.0,-0.0178,0.0,2239.0,44912.0,-0.022500000000000003
1384188566,10,0,-0.083,0.043000000000000003,0.018000000000000002,-0.2,0.0,0.0145,-0.0145,7.41,-0.06860000000000001,45872.0,-0.016,0.0,6239.0,44912.0,-0.0205
1384193323,10,0,-0.061,0.046,0.049,-0.2,0.0,0.0117,-0.0117,7.41,-0.0689,46012.0,-0.0125,0.0,10996.0,45044.0,-0.0165
1384197530,10,0,-0.10200000000000001,0.037,0.041,-0.2,0.0,0.013900000000000001,-0.013900000000000001,7.41,-0.0694,45732.0,-0.016,0.0,15203.0,45044.0,-0.019700000000000002
1384201531,10,0,-0.006,0.035,0.026000000000000002,-0.2,0.0,0.0155,-0.0155,7.41,-0.0695,46152.0,-0.0178,0.0,19204.0,44776.0,-0.0219
1384206329,10,0,-0.11900000000000001,0.047,0.024,-0.2,0.0,0.013900000000000001,-0.013900000000000001,7.41,-0.07010000000000001,45732.0,-0.016,0.0,24002.0,45044.0,-0.019700000000000002
1384210333,10,0,0.01,0.029,0.037,-0.2,0.0,0.0159,-0.0159,7.41,-0.0702,45732.0,-0.0178,0.0,0.0,45180.0,-0.022500000000000003
1384214560,10,0,-0.145,0.055,0.036000000000000004,-0.2,0.0,0.015600000000000001,-0.015600000000000001,7.41,-0.07060000000000001,46152.0,-0.0178,0.0,4227.0,45180.0,-0.022000000000000002
1384217383,10,0,-0.048,0.043000000000000003,0.015,-0.2,0.0,0.0137,-0.0137,7.41,-0.0709,45732.0,-0.016,0.0,7050.0,45180.0,-0.0194
1384221531,10,0,-0.053,0.045,0.011,-0.2,0.0,0.0152,-0.0151,7.41,-0.07100000000000001,45732.0,-0.0178,0.0,11198.0,45044.0,-0.021400000000000002
1384226574,10,0,-0.106,0.061,0.0,-0.2,0.0,0.014700000000000001,-0.014700000000000001,7.41,-0.07150000000000001,45872.0,-0.016,0.0,16241.0,45180.0,-0.020800000000000003
1384229345,10,0,-0.016,0.047,0.003,-0.2,0.0,0.013000000000000001,-0.013000000000000001,7.41,-0.0717,46012.0,-0.0142,0.0,19012.0,45316.0,-0.0184
1384233349,10,0,-0.138,0.038,-0.005,-0.2,0.0,0.016,-0.016,7.41,-0.0721,46012.0,-0.0178,0.0,23016.0,45180.0,-0.022600000000000002
1384237397,10,0,-0.008,0.044,-0.025,-0.2,0.0,0.0159,-0.0159,7.41,-0.0724,45732.0,-0.0178,0.0,0.0,45044.0,-0.022500000000000003
1384241530,10,0,-0.129,0.052000000000000005,-0.02,-0.2,0.0,0.0137,-0.0137,7.41,-0.0728,45872.0,-0.016,0.0,4133.0,45180.0,-0.0193
1384245531,10,0,-0.033,0.046,-0.034,-0.2,0.0,0.015000000000000001,-0.015000000000000001,7.41,-0.0732,45872.0,-0.0178,0.0,8134.0,45180.0,-0.0213
1384250362,10,0,-0.126,0.065,-0.034,-0.2,0.0,0.0131,-0.0131,7.41,-0.0736,45592.0,-0.0142,0.0,12965.0,45180.0,-0.018500000000000003
1384252409,10,0,-0.129,0.063,-0.035,-0.2,0.0,0.0126,-0.0126,7.41,-0.07400000000000001,45732.0,-0.0142,0.0,15012.0,45180.0,-0.0179
1384257410,10,0,-0.008,0.056,-0.033,-0.2,0.0,0.0151,-0.0151,7.41,-0.0743,45732.0,-0.0178,0.0,20013.0,45180.0,-0.0213
1384261530,10,0,-0.135,0.051000000000000004,-0.041,-0.2,0.0,0.0151,-0.0151,7.41,-0.0748,45732.0,-0.0178,0.0,24133.0,45044.0,-0.021400000000000002
1384265569,10,0,0.008,0.055,-0.016,-0.2,0.0,0.013800000000000002,-0.013800000000000002,7.41,-0.075,45732.0,-0.016,0.0,0.0,45044.0,-0.0195
1384270376,10,0,-0.135,0.051000000000000004,-0.001,-0.2,0.0,0.014400000000000001,-0.014400000000000001,7.41,-0.0755,45872.0,-0.016,0.0,4807.0,45316.0,-0.0204
1384272422,10,0,-0.057,0.052000000000000005,-0.015,-0.2,0.0,0.0146,-0.0146,7.41,-0.0757,45592.0,-0.016,0.0,6853.0,45044.0,-0.0207
1384276567,10,0,-0.035,0.075,-0.002,-0.2,0.0,0.012,-0.012,7.390000000000001,-0.07590000000000001,46152.0,-0.0142,0.0,10998.0,44776.0,-0.016900000000000002
1384280567,10,0,-0.121,0.065,0.014,-0.2,0.0,0.0114,-0.0114,7.390000000000001,-0.0766,46012.0,-0.012400000000000001,0.0,14998.0,45180.0,-0.0161
1384285346,10,0,-0.021,0.083,0.034,-0.2,0.0,0.0115,-0.0115,7.390000000000001,-0.07680000000000001,46012.0,-0.012400000000000001,0.0,19777.0,45044.0,-0.0162
1384289530,10,0,-0.14400000000000002,0.063,0.033,-0.2,0.0,0.010700000000000001,-0.010700000000000001,7.390000000000001,-0.0775,46152.0,-0.012400000000000001,0.0,23961.0,45180.0,-0.0152
1384292435,10,0,0.023,0.066,0.037,-0.2,0.0,0.0111,-0.0111,7.390000000000001,-0.0777,46012.0,-0.012400000000000001,0.0,0.0,45044.0,-0.0158
1384297437,10,0,-0.157,0.081,0.037,-0.2,0.0,0.0112,-0.0112,7.390000000000001,-0.07830000000000001,45592.0,-0.012400000000000001,0.0,5002.0,44912.0,-0.0159
1384301530,10,0,0.01,0.069,0.021,-0.2,0.0,0.0097,-0.0097,7.390000000000001,-0.0787,45732.0,-0.010700000000000001,0.0,9095.0,45044.0,-0.013800000000000002
1384306397,10,0,-0.14300000000000002,0.097,0.039,-0.2,0.0,0.0103,-0.0103,7.390000000000001,-0.0792,45592.0,-0.012400000000000001,0.0,13962.0,45180.0,-0.0146
1384308398,10,0,-0.114,0.074,0.034,-0.2,0.0,0.0094,-0.0094,7.390000000000001,-0.0794,46152.0,-0.010700000000000001,0.0,15963.0,45180.0,-0.013300000000000001
1384312448,10,0,0.004,0.095,0.01,-0.2,0.0,0.009000000000000001,-0.009000000000000001,7.390000000000001,-0.0796,46012.0,-0.010700000000000001,0.0,20013.0,45044.0,-0.0128
1384317450,10,0,-0.121,0.073,-0.002,-0.2,0.0,0.010100000000000001,-0.010100000000000001,7.390000000000001,-0.08030000000000001,45872.0,-0.010700000000000001,0.0,25015.0,45180.0,-0.0143
1384322574,10,0,0.003,0.095,0.003,-0.2,0.0,0.0094,-0.0094,7.390000000000001,-0.0805,45732.0,-0.010700000000000001,0.0,0.0,45180.0,-0.013300000000000001
1384325409,10,0,-0.149,0.078,-0.004,-0.2,0.0,0.0102,-0.0102,7.390000000000001,-0.0811,45592.0,-0.010700000000000001,0.0,2835.0,45044.0,-0.014400000000000001
1384329529,10,0,0.008,0.08700000000000001,-0.033,-0.2,0.0,0.01,-0.01,7.390000000000001,-0.0815,45732.0,-0.010700000000000001,0.0,6955.0,45044.0,-0.014100000000000001
1384333530,10,0,-0.13,0.115,-0.026000000000000002,-0.2,0.0,0.007500000000000001,-0.007500000000000001,7.390000000000001,-0.0819,45732.0,-0.0089,0.0,10956.0,45044.0,-0.0106
1384338418,10,0,0.019,0.077,-0.032,-0.2,0.0,0.010700000000000001,-0.010700000000000001,7.390000000000001,-0.0825,45872.0,-0.012400000000000001,0.0,15844.0,45044.0,-0.0151
1384340429,10,0,0.009000000000000001,0.10300000000000001,-0.032,-0.2,0.0,0.012,-0.012,7.390000000000001,-0.0825,45872.0,-0.0142,0.0,17855.0,45044.0,-0.017
1384344529,10,0,-0.132,0.07100000000000001,-0.034,-0.2,0.0,0.012700000000000001,-0.012700000000000001,7.390000000000001,-0.08310000000000001,45732.0,-0.0142,0.0,21955.0,45180.0,-0.018000000000000002
1384348529,10,0,0.068,0.107,-0.042,-0.2,0.0,0.012,-0.012,7.390000000000001,-0.08320000000000001,45732.0,-0.0142,0.0,0.0,44912.0,-0.017
1384353685,10,0,-0.123,0.096,-0.045,-0.2,0.0,0.0112,-0.0112,7.390000000000001,-0.0839,45732.0,-0.012400000000000001,0.0,5156.0,45044.0,-0.0158
1384358434,10,0,0.055,0.106,-0.02,-0.2,0.0,0.0137,-0.0137,7.390000000000001,-0.08410000000000001,45872.0,-0.016,0.0,9905.0,45180.0,-0.0194
1384360436,10,0,-0.08700000000000001,0.127,0.0,-0.2,0.0,0.0131,-0.0131,7.390000000000001,-0.0844,45732.0,-0.0142,0.0,11907.0,45044.0,-0.018500000000000003
1384364530,10,0,-0.036000000000000004,0.07200000000000001,-0.004,-0.2,0.0,0.009300000000000001,-0.009300000000000001,7.390000000000001,-0.08510000000000001,45872.0,-0.010700000000000001,0.0,16001.0,45044.0,-0.0132
1384369529,10,0,-0.055,0.12,-0.006,-0.197,2.67,0.012700000000000001,-0.012700000000000001,7.390000000000001,-0.0854,45872.0,-0.0142,0.0,21000.0,45180.0,-0.018000000000000002
1384373529,10,0,-0.074,0.068,0.033,-0.187,2.67,0.0079,-0.0079,7.390000000000001,-0.08610000000000001,45872.0,-0.0089,0.0,25000.0,45044.0,-0.0112
1384378449,10,0,-0.044,0.101,0.033,-0.17300000000000001,2.67,0.0074,-0.0074,7.390000000000001,-0.08650000000000001,45732.0,-0.0089,0.0,0.0,44776.0,-0.010400000000000001
1384380457,10,0,-0.115,0.08600000000000001,0.044,-0.168,2.67,0.0079,-0.0079,7.390000000000001,-0.0868,45592.0,-0.0089,0.0,2008.0,45044.0,-0.0111
1384384529,10,0,0.006,0.068,0.059000000000000004,-0.157,2.67,0.0057,-0.0057,7.390000000000001,-0.0872,45592.0,-0.0071,0.0,6080.0,44776.0,-0.0081
1384389455,10,0,-0.10300000000000001,0.08700000000000001,0.043000000000000003,-0.14400000000000002,2.67,0.0038,-0.0038,7.390000000000001,-0.0878,45456.0,-0.0036000000000000003,0.0,11006.0,45044.0,-0.0053
1384393459,10,0,-0.017,0.076,0.027,-0.133,2.67,0.0012000000000000001,-0.0012000000000000001,7.390000000000001,-0.0881,45592.0,-0.0018000000000000002,0.0,15010.0,45044.0,-0.0018000000000000002
1384398465,10,0,-0.14,0.097,0.043000000000000003,-0.12,2.67,-0.0049,0.0049,7.390000000000001,-0.0889,45456.0,0.0053,0.0,20016.0,44776.0,0.007
1384400528,10,0,-0.132,0.041,0.031,-0.115,2.67,-0.004200000000000001,0.004200000000000001,7.390000000000001,-0.0892,45732.0,0.0053,0.0,22079.0,45180.0,0.0059
1384406465,10,0,-0.122,0.133,-0.012,-0.099,2.67,-0.0078000000000000005,0.0078000000000000005,7.390000000000001,-0.08990000000000001,45592.0,0.0089,0.0,0.0,45044.0,0.0111
1384408470,10,0,-0.181,0.061,-0.01,-0.093,2.67,-0.0081,0.0081,7.390000000000001,-0.0903,45592.0,0.0089,0.0,2005.0,45044.0,0.0115
1384413472,10,0,-0.023,0.112,-0.031,-0.08,2.67,-0.0059,0.0059,7.390000000000001,-0.0907,45592.0,0.0071,0.0,7007.0,45180.0,0.008400000000000001
1384417524,10,0,-0.17,0.062,-0.037,-0.069,2.67,-0.0071,0.0071,7.390000000000001,-0.09140000000000001,45872.0,0.0071,0.0,11059.0,45044.0,0.01
1384422525,10,0,-0.045,0.092,-0.05,-0.056,2.67,-0.0089,0.0089,7.41,-0.0917,45732.0,0.010700000000000001,0.0,16060.0,44912.0,0.0126
1384424529,10,0,-0.07200000000000001,0.11800000000000001,-0.044,-0.051000000000000004,2.67,-0.0073,0.0073,7.41,-0.09190000000000001,46012.0,0.0089,0.0,18064.0,45044.0,0.0103
1384429480,10,0,-0.085,0.029,-0.044,-0.037,2.67,-0.008400000000000001,0.008400000000000001,7.41,-0.0925,45872.0,0.0089,0.0,23015.0,45044.0,0.0119
1384433485,10,0,-0.077,0.096,-0.036000000000000004,-0.027,2.67,-0.0098,0.0098,7.41,-0.0926,45732.0,0.010700000000000001,0.0,0.0,45044.0,0.013900000000000001
1384437534,10,0,-0.07100000000000001,0.032,0.0,-0.016,2.67,-0.0074,0.0074,7.41,-0.0931,45732.0,0.0089,0.0,4049.0,45044.0,0.0105
1384440496,10,0,0.047,0.051000000000000004,-0.008,-0.008,2.67,-0.0046,0.0046,7.41,-0.09290000000000001,45872.0,0.0053,0.0,7011.0,44776.0,0.006500000000000001
1384445491,10,0,-0.137,0.074,0.003,0.005,2.67,-0.0134,0.0134,7.41,-0.09340000000000001,45732.0,0.016,0.0,12006.0,45044.0,0.019
1384450577,10,0,0.078,0.037,0.028,0.019,2.67,-0.0125,0.0125,7.41,-0.09340000000000001,45872.0,0.0142,0.0,17092.0,45044.0,0.0177
1384453686,10,0,-0.099,0.082,0.049,0.027,2.67,-0.010700000000000001,0.010700000000000001,7.41,-0.0936,45732.0,0.0125,0.0,20201.0,44912.0,0.0152
1384456498,10,0,-0.059000000000000004,0.049,0.04,0.035,2.67,-0.018000000000000002,0.018000000000000002,7.41,-0.094,45872.0,0.0196,0.0,23013.0,45044.0,0.025400000000000002
1384460509,10,0,0.012,0.065,0.037,0.045,2.67,-0.021400000000000002,0.021400000000000002,7.41,-0.0941,45592.0,0.024900000000000002,0.0,0.0,45044.0,0.0302
1384465510,10,0,-0.08,0.049,0.034,0.059000000000000004,2.67,-0.0227,0.0227,7.41,-0.09480000000000001,46012.0,0.024900000000000002,0.0,5001.0,44912.0,0.032100000000000004
1384470514,10,0,-0.007,0.081,0.003,0.07200000000000001,2.67,-0.027600000000000003,0.027600000000000003,7.41,-0.0952,45592.0,0.032100000000000004,0.0,10005.0,44912.0,0.039
1384472564,10,0,-0.063,0.06,0.011,0.077,2.67,-0.025500000000000002,0.025500000000000002,7.41,-0.0954,45732.0,0.0285,0.0,12055.0,45180.0,0.0361
1384477565,10,0,0.043000000000000003,0.038,0.007,0.091,2.67,-0.024200000000000003,0.024200000000000003,7.41,-0.0956,45592.0,0.0267,0.0,17056.0,45044.0,0.0342
1384480525,10,0,-0.026000000000000002,0.053,-0.014,0.099,2.67,-0.0274,0.0274,7.41,-0.09570000000000001,45872.0,0.0303,0.0,20016.0,45044.0,0.0388
1384485518,10,0,0.043000000000000003,-0.012,-0.036000000000000004,0.112,2.67,-0.0239,0.0239,7.41,-0.0959,45732.0,0.0267,0.0,25009.0,45044.0,0.033800000000000004
1384490528,10,0,-0.05,0.036000000000000004,-0.021,0.125,2.67,-0.029500000000000002,0.029500000000000002,7.41,-0.09580000000000001,45592.0,0.033800000000000004,0.0,0.0,45180.0,0.0417
1384492578,10,0,-0.068,-0.008,-0.021,0.131,2.67,-0.031200000000000002,0.031200000000000002,7.41,-0.0959,45732.0,0.0356,0.0,2050.0,44912.0,0.0442
1384497580,10,0,0.061,0.014,-0.036000000000000004,0.14400000000000002,2.67,-0.0313,0.0313,7.41,-0.09570000000000001,45872.0,0.0356,0.0,7052.0,45044.0,0.0443
1384500536,10,0,-0.054,0.015,-0.014,0.152,2.67,-0.0332,0.0332,7.41,-0.09580000000000001,45732.0,0.0374,0.0,10008.0,45316.0,0.046900000000000004
1384504664,10,0,0.052000000000000005,-0.017,-0.012,0.163,2.67,-0.037200000000000004,0.0371,7.41,-0.0959,45872.0,0.0427,0.0,14136.0,45180.0,0.052500000000000005
1384510541,10,0,-0.049,-0.006,0.008,0.179,2.67,-0.0379,0.0379,7.41,-0.0961,45732.0,0.0427,0.0,20013.0,45044.0,0.0536
1384512590,10,0,0.008,-0.014,0.021,0.184,2.67,-0.0403,0.0403,7.41,-0.0961,45732.0,0.0463,0.0,22062.0,45044.0,0.057
1384518552,10,0,-0.049,-0.011,0.019,0.2,0.0,-0.0432,0.0432,7.41,-0.0961,45592.0,0.0489,0.0,0.0,45044.0,0.0611
1384521546,10,0,0.007,-0.039,0.008,0.2,0.0,-0.04,0.039900000000000005,7.41,-0.0961,45456.0,0.044500000000000005,0.0,2994.0,45180.0,0.0565
1384524554,10,0,0.085,-0.021,0.02,0.2,0.0,-0.038700000000000005,0.038700000000000005,7.41,-0.09580000000000001,45872.0,0.044500000000000005,0.0,6002.0,45044.0,0.054700000000000006
1384529559,10,0,-0.039,-0.04,0.041,0.2,0.0,-0.0393,0.0392,7.41,-0.09570000000000001,45732.0,0.044500000000000005,0.0,11007.0,45180.0,0.0555
1384534557,10,0,0.088,-0.043000000000000003,0.001,0.2,0.0,-0.0352,0.0352,7.41,-0.095,45732.0,0.0392,0.0,16005.0,45044.0,0.049800000000000004
1384536560,10,0,-0.008,-0.031,0.003,0.2,0.0,-0.0358,0.0358,7.41,-0.0949,45872.0,0.0409,0.0,18008.0,45044.0,0.0507
1384540565,10,0,0.034,-0.059000000000000004,0.002,0.2,0.0,-0.0388,0.0388,7.41,-0.0947,46012.0,0.044500000000000005,0.0,22013.0,45044.0,0.054900000000000004
1384545564,10,0,0.019,-0.044,-0.023,0.2,0.0,-0.036500000000000005,0.036500000000000005,7.41,-0.0942,45872.0,0.0409,0.0,0.0,45180.0,0.0517
1384550569,10,0,0.059000000000000004,-0.065,-0.02,0.2,0.0,-0.0385,0.038400000000000004,7.41,-0.09390000000000001,45732.0,0.0427,0.0,5005.0,45180.0,0.054400000000000004
1384552617,10,0,0.08600000000000001,-0.05,-0.019,0.2,0.0,-0.039,0.039,7.41,-0.0937,45592.0,0.044500000000000005,0.0,7053.0,45044.0,0.055200000000000006
1384557618,10,0,0.006,-0.066,-0.029,0.2,0.0,-0.0375,0.0375,7.41,-0.0935,45732.0,0.0427,0.0,12054.0,45180.0,0.053000000000000005
1384560577,10,0,0.081,-0.059000000000000004,-0.046,0.2,0.0,-0.038,0.038,7.41,-0.0932,45732.0,0.0427,0.0,15013.0,45180.0,0.053700000000000005
1384565578,10,0,-0.007,-0.068,-0.011,0.2,0.0,-0.039,0.038900000000000004,7.41,-0.09290000000000001,45732.0,0.044500000000000005,0.0,20014.0,45044.0,0.0551
1384570582,10,0,0.082,-0.05,-0.005,0.2,0.0,-0.0392,0.0392,7.41,-0.0925,45732.0,0.044500000000000005,0.0,25018.0,45180.0,0.055400000000000005
1384572629,10,0,0.051000000000000004,-0.052000000000000005,-0.001,0.2,0.0,-0.0388,0.0388,7.41,-0.09230000000000001,46012.0,0.044500000000000005,0.0,0.0,45316.0,0.0548
1384577632,10,0,0.049,-0.084,0.0,0.2,0.0,-0.037200000000000004,0.037200000000000004,7.41,-0.09190000000000001,45872.0,0.0427,0.0,5003.0,45044.0,0.0526
1384582635,10,0,0.019,-0.057,0.016,0.2,0.0,-0.0398,0.0398,7.390000000000001,-0.0915,45732.0,0.0444,0.0,10006.0,45180.0,0.0562
1384585590,10,0,0.017,-0.095,0.015,0.2,0.0,-0.038900000000000004,0.038900000000000004,7.390000000000001,-0.09140000000000001,45732.0,0.0444,0.0,12961.0,45044.0,0.055
1384590594,10,0,0.058,-0.055,0.022,0.2,0.0,-0.0366,0.0366,7.390000000000001,-0.09090000000000001,45872.0,0.0408,0.0,17965.0,45180.0,0.0517
1384592643,10,0,-0.001,-0.08600000000000001,0.033,0.2,0.0,-0.036500000000000005,0.0364,7.390000000000001,-0.0908,45592.0,0.0408,0.0,20014.0,45044.0,0.051500000000000004
1384597645,10,0,0.113,-0.08600000000000001,0.003,0.2,0.0,-0.033100000000000004,0.033,7.390000000000001,-0.0902,45592.0,0.0373,0.0,25016.0,45180.0,0.046700000000000005
1384600602,10,0,0.057,-0.073,-0.009000000000000001,0.2,0.0,-0.032100000000000004,0.032,7.390000000000001,-0.08990000000000001,45592.0,0.035500000000000004,0.0,0.0,45044.0,0.0453
1384604791,10,0,0.042,-0.133,0.002,0.2,0.0,-0.032100000000000004,0.032,7.390000000000001,-0.0896,45732.0,0.035500000000000004,0.0,4189.0,44912.0,0.0453
1384610576,10,0,0.08,-0.094,0.004,0.2,0.0,-0.028800000000000003,0.028800000000000003,7.390000000000001,-0.0888,46012.0,0.032,0.0,9974.0,45180.0,0.0407
1384612672,10,0,0.023,-0.133,-0.009000000000000001,0.2,0.0,-0.028900000000000002,0.028900000000000002,7.390000000000001,-0.0886,45592.0,0.032,0.0,12070.0,45044.0,0.0409
1384617665,10,0,0.12,-0.106,-0.031,0.2,0.0,-0.028200000000000003,0.0281,7.390000000000001,-0.0878,45456.0,0.032,0.0,17063.0,45044.0,0.0398
1384620615,10,0,0.041,-0.125,-0.019,0.2,0.0,-0.0269,0.0269,7.390000000000001,-0.0874,45872.0,0.0302,0.0,20013.0,45180.0,0.0381
1384625616,10,0,0.145,-0.121,-0.029,0.2,0.0,-0.025900000000000003,0.025900000000000003,7.390000000000001,-0.08660000000000001,45732.0,0.0284,0.0,25014.0,45044.0,0.0366
1384630622,10,0,0.046,-0.148,-0.025,0.2,0.0,-0.024300000000000002,0.024300000000000002,7.390000000000001,-0.0859,45732.0,0.026600000000000002,0.0,0.0,45180.0,0.0344
1384632670,10,0,0.08700000000000001,-0.152,-0.036000000000000004,0.2,0.0,-0.0244,0.0244,7.390000000000001,-0.08560000000000001,45732.0,0.0284,0.0,2048.0,45044.0,0.0346
1384637678,10,0,0.115,-0.125,-0.036000000000000004,0.2,0.0,-0.0228,0.0228,7.390000000000001,-0.08460000000000001,45732.0,0.024900000000000002,0.0,7056.0,44912.0,0.0322
1384640629,10,0,0.061,-0.168,-0.03,0.2,0.0,-0.0216,0.0216,7.390000000000001,-0.08410000000000001,45872.0,0.024900000000000002,0.0,10007.0,45180.0,0.030500000000000003
1384646633,10,0,0.134,-0.14100000000000001,-0.012,0.2,0.0,-0.0193,0.0193,7.390000000000001,-0.0829,45872.0,0.0213,0.0,16011.0,45180.0,0.0274
1384648635,10,0,0.08700000000000001,-0.16,-0.005,0.2,0.0,-0.018600000000000002,0.018600000000000002,7.390000000000001,-0.0825,45456.0,0.0213,0.0,18013.0,45044.0,0.0263
1384653685,10,0,0.167,-0.153,-0.007,0.2,0.0,-0.018500000000000003,0.018500000000000003,7.390000000000001,-0.0815,45732.0,0.0213,0.0,23063.0,45044.0,0.0261
1384656639,10,0,0.128,-0.152,0.006,0.2,0.0,-0.0177,0.0177,7.390000000000001,-0.08080000000000001,46152.0,0.0195,0.0,0.0,45044.0,0.025
1384660642,10,0,0.129,-0.167,0.004,0.2,0.0,-0.016900000000000002,0.016900000000000002,7.390000000000001,-0.08,45732.0,0.0195,0.0,4003.0,45044.0,0.0239
1384665643,10,0,0.149,-0.147,0.036000000000000004,0.2,0.0,-0.0166,0.0166,7.390000000000001,-0.0789,45732.0,0.0195,0.0,9004.0,45044.0,0.0235
1384670648,10,0,0.158,-0.179,0.038,0.2,0.0,-0.013300000000000001,0.013300000000000001,7.390000000000001,-0.07780000000000001,46012.0,0.0142,0.0,14009.0,45044.0,0.0187
1384672686,10,0,0.195,-0.155,0.033,0.2,0.0,-0.0128,0.0128,7.390000000000001,-0.0772,45592.0,0.0142,0.0,16047.0,45044.0,0.0182
1384678648,10,0,0.131,-0.19,0.028,0.2,0.0,-0.0123,0.0123,7.390000000000001,-0.07590000000000001,45456.0,0.0142,0.0,22009.0,45044.0,0.017400000000000002
1384680656,10,0,0.193,-0.179,0.023,0.2,0.0,-0.0105,0.0105,7.390000000000001,-0.07540000000000001,45592.0,0.012400000000000001,0.0,24017.0,45044.0,0.0148
1384685657,10,0,0.128,-0.17300000000000001,0.045,0.2,0.0,-0.010400000000000001,0.010400000000000001,7.390000000000001,-0.0742,45732.0,0.012400000000000001,0.0,0.0,44912.0,0.0146
1384690662,10,0,0.215,-0.171,0.025,0.2,0.0,-0.0095,0.0095,7.390000000000001,-0.07300000000000001,45732.0,0.010700000000000001,0.0,5005.0,45044.0,0.0134
1384692745,10,0,0.20500000000000002,-0.17200000000000001,0.019,0.2,0.0,-0.0076,0.0076,7.390000000000001,-0.0724,45732.0,0.0089,0.0,7088.0,45180.0,0.0108
1384697749,10,0,0.169,-0.188,0.004,0.2,0.0,-0.0056,0.0056,7.390000000000001,-0.0713,46012.0,0.0071,0.0,12092.0,45044.0,0.0079
1384700668,10,0,0.23,-0.17,-0.002,0.2,0.0,-0.006,0.006,7.390000000000001,-0.0704,45592.0,0.0071,0.0,15011.0,45044.0,0.0085
1384704786,10,0,0.14100000000000001,-0.176,-0.002,0.2,0.0,-0.0066,0.0066,7.390000000000001,-0.0695,45592.0,0.0071,0.0,19129.0,44912.0,0.0094
1384710674,10,0,0.23,-0.165,-0.021,0.2,0.0,-0.0057,0.0057,7.390000000000001,-0.068,45592.0,0.0071,0.0,25017.0,45180.0,0.0081
1384712758,10,0,0.179,-0.163,-0.021,0.2,0.0,-0.0057,0.0057,7.390000000000001,-0.0674,45732.0,0.0071,0.0,0.0,45044.0,0.0081
1384717758,10,0,0.211,-0.17200000000000001,-0.038,0.2,0.0,-0.005,0.005,7.390000000000001,-0.0663,45732.0,0.0053,0.0,5000.0,45044.0,0.0071
1384720682,10,0,0.223,-0.17400000000000002,-0.04,0.2,0.0,-0.0039000000000000003,0.0039000000000000003,7.390000000000001,-0.0655,45592.0,0.0036000000000000003,0.0,7924.0,45044.0,0.0055000000000000005
1384725683,10,0,0.145,-0.161,-0.034,0.2,0.0,-0.0053,0.0053,7.390000000000001,-0.0644,45732.0,0.0053,0.0,12925.0,45044.0,0.007500000000000001
1384730687,10,0,0.177,-0.189,-0.042,0.2,0.0,-0.0046,0.0046,7.390000000000001,-0.063,45732.0,0.0053,0.0,17929.0,45044.0,0.006500000000000001
1384732774,10,0,0.098,-0.186,-0.049,0.2,0.0,-0.0036000000000000003,0.0036000000000000003,7.390000000000001,-0.0626,45732.0,0.0036000000000000003,0.0,20016.0,45044.0,0.0051
1384737770,10,0,0.243,-0.196,-0.032,0.2,0.0,-0.0011,0.0011,7.390000000000001,-0.0614,45732.0,0.0018000000000000002,0.0,25012.0,45044.0,0.0016
1384742571,10,0,0.10200000000000001,-0.193,-0.011,0.2,0.0,-0.00030000000000000003,0.00030000000000000003,7.390000000000001,-0.0603,45592.0,0.0,0.0,0.0,44912.0,0.0004
1384744688,10,0,0.154,-0.20800000000000002,-0.004,0.2,0.0,0.001,-0.001,7.390000000000001,-0.0597,45592.0,-0.0018000000000000002,0.0,2117.0,44912.0,-0.0014
1384748692,10,0,0.22,-0.203,0.003,0.2,0.0,0.0021000000000000003,-0.0021000000000000003,7.390000000000001,-0.0584,45592.0,-0.0018000000000000002,0.0,6121.0,45044.0,-0.0029000000000000002
1384752778,10,0,0.139,-0.191,0.015,0.2,0.0,0.0033,-0.0033,7.390000000000001,-0.0574,45732.0,-0.0036000000000000003,0.0,10207.0,44912.0,-0.0047
1384757572,10,0,0.23,-0.195,0.024,0.2,0.0,0.0007,-0.0007,7.390000000000001,-0.0562,45732.0,0.0,0.0,15001.0,45044.0,-0.001
1384761572,10,0,0.152,-0.2,0.036000000000000004,0.2,0.0,0.0031000000000000003,-0.0031000000000000003,7.390000000000001,-0.0551,46152.0,-0.0036000000000000003,0.0,19001.0,44776.0,-0.0044
1384765764,10,0,0.22,-0.165,0.06,0.2,0.0,-0.0007,0.0007,7.390000000000001,-0.053700000000000005,45872.0,0.0,0.0,23193.0,45044.0,0.001
1384770572,10,0,0.136,-0.186,0.065,0.2,0.0,-0.0027,0.0027,7.390000000000001,-0.052700000000000004,45592.0,0.0036000000000000003,0.0,0.0,44912.0,0.0038
1384772752,10,0,0.195,-0.195,0.036000000000000004,0.2,0.0,0.0033,-0.0033,7.390000000000001,-0.052000000000000005,45732.0,-0.0036000000000000003,0.0,2180.0,45044.0,-0.0047
1384776754,10,0,0.198,-0.168,0.03,0.2,0.0,0.0007,-0.0007,7.390000000000001,-0.050800000000000005,45456.0,0.0,0.0,6182.0,44912.0,-0.0009000000000000001
1384781572,10,0,0.126,-0.161,0.048,0.2,0.0,-0.0035,0.0035,7.390000000000001,-0.050100000000000006,45872.0,0.0036000000000000003,0.0,11000.0,44776.0,0.0049
1384785572,10,0,0.263,-0.191,0.026000000000000002,0.2,0.0,0.0019,-0.0019,7.390000000000001,-0.049,45872.0,-0.0018000000000000002,0.0,15000.0,44912.0,-0.0027
1384789601,10,0,0.106,-0.167,0.002,0.2,0.0,0.0031000000000000003,-0.0031000000000000003,7.390000000000001,-0.048100000000000004,45732.0,-0.0036000000000000003,0.0,19029.0,44776.0,-0.0043
1384793763,10,0,0.259,-0.184,-0.009000000000000001,0.2,0.0,-0.0001,0.0001,7.390000000000001,-0.0468,45732.0,0.0,0.0,23191.0,45044.0,0.0001
1384797809,10,0,0.14300000000000002,-0.17,-0.022,0.2,0.0,0.0046,-0.0046,7.390000000000001,-0.045700000000000005,45456.0,-0.0053,0.0,0.0,44912.0,-0.006500000000000001
1384800572,10,0,0.15,-0.165,-0.029,0.2,0.0,0.0032,-0.0032,7.390000000000001,-0.045200000000000004,45732.0,-0.0036000000000000003,0.0,2763.0,44640.0,-0.0045000000000000005
1384804796,10,0,0.244,-0.187,-0.027,0.2,0.0,0.0015,-0.0015,7.390000000000001,-0.0441,45732.0,-0.0018000000000000002,0.0,6987.0,44776.0,-0.0021000000000000003
1384809599,10,0,0.171,-0.185,-0.047,0.2,0.0,0.007,-0.007,7.390000000000001,-0.0427,45732.0,-0.0071,0.0,11790.0,45044.0,-0.0099
1384813773,10,0,0.223,-0.181,-0.061,0.2,0.0,0.0022,-0.0022,7.390000000000001,-0.0412,45872.0,-0.0018000000000000002,0.0,15964.0,45044.0,-0.0031000000000000003
1384817820,10,0,0.131,-0.198,-0.035,0.2,0.0,0.002,-0.002,7.390000000000001,-0.0403,46012.0,-0.0018000000000000002,0.0,20011.0,44912.0,-0.0028
1384820572,10,0,0.209,-0.2,-0.033,0.2,0.0,0.004200000000000001,-0.004200000000000001,7.390000000000001,-0.0397,45592.0,-0.0053,0.0,22763.0,44912.0,-0.0059
1384824786,10,0,0.158,-0.183,-0.048,0.2,0.0,0.0028,-0.0028,7.390000000000001,-0.0383,45872.0,-0.0036000000000000003,0.0,0.0,44912.0,-0.0039000000000000003
1384828788,10,0,0.214,-0.201,-0.039,0.2,0.0,0.0037,-0.0037,7.390000000000001,-0.0374,46012.0,-0.0036000000000000003,0.0,4002.0,44912.0,-0.005200000000000001
1384832821,10,0,0.219,-0.169,-0.004,0.2,0.0,0.003,-0.003,7.390000000000001,-0.0362,45872.0,-0.0036000000000000003,0.0,8035.0,44912.0,-0.004200000000000001
1384837814,10,0,0.20600000000000002,-0.20400000000000001,-0.013000000000000001,0.2,0.0,0.0027,-0.0027,7.390000000000001,-0.0351,45732.0,-0.0036000000000000003,0.0,13028.0,44776.0,-0.0039000000000000003
1384840571,10,0,0.279,-0.192,-0.006,0.2,0.0,0.0031000000000000003,-0.0031000000000000003,7.390000000000001,-0.0344,45872.0,-0.0036000000000000003,0.0,15785.0,44912.0,-0.0044
1384844795,10,0,0.117,-0.177,0.042,0.2,0.0,0.0013000000000000002,-0.0013000000000000002,7.390000000000001,-0.0332,45732.0,-0.0018000000000000002,0.0,20009.0,45044.0,-0.0018000000000000002
1384849598,10,0,0.277,-0.18,0.017,0.2,0.0,0.0,0.0,7.390000000000001,-0.032100000000000004,45592.0,0.0,0.0,24812.0,44912.0,0.0
1384854684,10,0,0.108,-0.177,0.035,0.2,0.0,0.0009000000000000001,-0.0009000000000000001,7.390000000000001,-0.0309,45732.0,-0.0018000000000000002,0.0,0.0,44912.0,-0.0013000000000000002
1384856800,10,0,0.219,-0.201,0.049,0.2,0.0,0.0006000000000000001,-0.0006000000000000001,7.390000000000001,-0.030100000000000002,45732.0,0.0,0.0,2116.0,44912.0,-0.0009000000000000001
1384860808,10,0,0.192,-0.154,0.047,0.2,0.0,0.0004,-0.0004,7.390000000000001,-0.028900000000000002,46012.0,0.0,0.0,6124.0,44912.0,-0.0006000000000000001
1384864823,10,0,0.151,-0.196,0.026000000000000002,0.2,0.0,0.0007,-0.0007,7.390000000000001,-0.0281,45872.0,0.0,0.0,10139.0,44912.0,-0.001
1384868948,10,0,0.259,-0.155,0.02,0.2,0.0,0.00030000000000000003,-0.00030000000000000003,7.390000000000001,-0.0269,45592.0,0.0,0.0,14264.0,45044.0,-0.0005
1384873572,10,0,0.093,-0.176,0.041,0.2,0.0,-0.0001,0.0001,7.390000000000001,-0.0261,45872.0,0.0,0.0,18888.0,44912.0,0.0002
1384877819,10,0,0.26,-0.158,0.025,0.2,0.0,-0.0004,0.0004,7.390000000000001,-0.0246,45732.0,0.0,0.0,23135.0,44912.0,0.0006000000000000001
1384881821,10,0,0.093,-0.166,0.023,0.2,0.0,0.0,0.0,7.390000000000001,-0.0238,46012.0,0.0,0.0,0.0,44776.0,0.0
1384884788,10,0,0.20500000000000002,-0.18,0.016,0.2,0.0,-0.0027,0.0027,7.390000000000001,-0.023100000000000002,45592.0,0.0036000000000000003,0.0,2967.0,44912.0,0.0038
1384888822,10,0,0.164,-0.131,0.016,0.2,0.0,-0.0025,0.0025,7.390000000000001,-0.022000000000000002,45732.0,0.0036000000000000003,0.0,7001.0,44776.0,0.0036000000000000003
1384893575,10,0,0.122,-0.194,0.015,0.2,0.0,-0.0019,0.0019,7.390000000000001,-0.0213,45592.0,0.0018000000000000002,0.0,11754.0,44776.0,0.0027
1384897576,10,0,0.215,-0.133,0.009000000000000001,0.2,0.0,-0.0024000000000000002,0.0024000000000000002,7.390000000000001,-0.020200000000000003,45872.0,0.0036000000000000003,0.0,15755.0,44912.0,0.0034000000000000002
1384900576,10,0,0.114,-0.13,0.015,0.2,0.0,-0.0032,0.0032,7.390000000000001,-0.0199,45732.0,0.0036000000000000003,0.0,18755.0,44776.0,0.0046
1384904690,10,0,0.212,-0.162,-0.008,0.2,0.0,-0.0035,0.0035,7.390000000000001,-0.0188,45732.0,0.0036000000000000003,0.0,22869.0,44912.0,0.0049
1384909576,10,0,0.066,-0.139,-0.005,0.2,0.0,-0.0045000000000000005,0.0045000000000000005,7.390000000000001,-0.0178,45732.0,0.0053,0.0,0.0,44776.0,0.0064
1384913819,10,0,0.265,-0.147,-0.011,0.2,0.0,-0.0012000000000000001,0.0012000000000000001,7.390000000000001,-0.0166,45732.0,0.0018000000000000002,0.0,4243.0,45044.0,0.0016
1384918576,10,0,0.053,-0.116,-0.017,0.2,0.0,-0.0047,0.0047,7.390000000000001,-0.0159,45732.0,0.0053,0.0,9000.0,45044.0,0.0066
1384920577,10,0,0.08600000000000001,-0.165,-0.021,0.2,0.0,-0.0043,0.0043,7.390000000000001,-0.015600000000000001,45872.0,0.0053,0.0,11001.0,44776.0,0.006
1384925576,10,0,0.209,-0.109,-0.029,0.2,0.0,-0.0019,0.0019,7.390000000000001,-0.0142,45456.0,0.0018000000000000002,0.0,16000.0,45044.0,0.0027
1384929821,10,0,0.113,-0.169,-0.025,0.2,0.0,-0.0061,0.0061,7.390000000000001,-0.0135,45732.0,0.0071,0.0,20245.0,44912.0,0.008700000000000001
1384932572,10,0,0.177,-0.164,-0.03,0.2,0.0,-0.0074,0.0074,7.390000000000001,-0.013300000000000001,45456.0,0.0089,0.0,22996.0,44776.0,0.010400000000000001
1384936819,10,0,0.063,-0.131,-0.029,0.2,0.0,-0.004200000000000001,0.004200000000000001,7.390000000000001,-0.012,45732.0,0.0053,0.0,0.0,44912.0,0.0059
1384940824,10,0,0.178,-0.158,-0.037,0.2,0.0,-0.0074,0.0074,7.390000000000001,-0.011300000000000001,45732.0,0.0089,0.0,4005.0,44912.0,0.010400000000000001
1384945576,10,0,0.121,-0.11800000000000001,-0.039,0.2,0.0,-0.0058000000000000005,0.0058000000000000005,7.390000000000001,-0.0105,45732.0,0.0071,0.0,8757.0,44776.0,0.0083
1384950576,10,0,0.183,-0.148,-0.023,0.2,0.0,-0.0055000000000000005,0.0055000000000000005,7.390000000000001,-0.009600000000000001,45592.0,0.0071,0.0,13757.0,44640.0,0.0078000000000000005
1384952837,10,0,0.159,-0.105,-0.012,0.2,0.0,-0.008700000000000001,0.008700000000000001,7.390000000000001,-0.009000000000000001,45732.0,0.010700000000000001,0.0,16018.0,45044.0,0.0123
1384957571,10,0,0.07200000000000001,-0.159,-0.013000000000000001,0.2,0.0,-0.0088,0.0088,7.390000000000001,-0.0085,45592.0,0.010700000000000001,0.0,20752.0,45044.0,0.0125
1384961577,10,0,0.222,-0.133,-0.023,0.2,0.0,-0.0059,0.0059,7.390000000000001,-0.0076,45732.0,0.0071,0.0,24758.0,44776.0,0.008400000000000001
1384964579,10,0,0.116,-0.11,-0.005,0.2,0.0,-0.0081,0.0081,7.390000000000001,-0.007200000000000001,45732.0,0.0089,0.0,0.0,44640.0,0.0115
1384968819,10,0,0.214,-0.151,0.013000000000000001,0.2,0.0,-0.0098,0.0098,7.390000000000001,-0.006200000000000001,45732.0,0.010700000000000001,0.0,4240.0,44912.0,0.013800000000000002
1384972850,10,0,0.067,-0.11,0.023,0.2,0.0,-0.0098,0.0098,7.390000000000001,-0.0055000000000000005,45732.0,0.010700000000000001,0.0,8271.0,44912.0,0.013900000000000001
1384977852,10,0,0.191,-0.14400000000000002,0.019,0.2,0.0,-0.0129,0.0129,7.390000000000001,-0.0047,45872.0,0.0142,0.0,13273.0,44912.0,0.0183
1384980576,10,0,0.199,-0.114,0.016,0.2,0.0,-0.0122,0.0122,7.390000000000001,-0.004200000000000001,45732.0,0.0142,0.0,15997.0,44640.0,0.0173
1384985569,10,0,0.049,-0.151,0.037,0.2,0.0,-0.0122,0.0122,7.390000000000001,-0.0037,45592.0,0.0142,0.0,20990.0,44640.0,0.0172
1384989819,10,0,0.157,-0.113,0.026000000000000002,0.2,0.0,-0.012700000000000001,0.012700000000000001,7.390000000000001,-0.0026000000000000003,45592.0,0.0142,0.0,25240.0,44776.0,0.0179
1384993827,10,0,0.049,-0.14300000000000002,0.032,0.2,0.0,-0.0123,0.0123,7.390000000000001,-0.0022,45872.0,0.0142,0.0,0.0,44776.0,0.017400000000000002
1384996573,10,0,0.089,-0.145,0.029,0.2,0.0,-0.013600000000000001,0.013600000000000001,7.390000000000001,-0.002,45732.0,0.016,0.0,2746.0,44912.0,0.019200000000000002
1385000823,10,0,0.07100000000000001,-0.096,0.018000000000000002,0.2,0.0,-0.0164,0.0164,7.390000000000001,-0.0009000000000000001,45872.0,0.0178,0.0,6996.0,44776.0,0.023100000000000002
1385004962,10,0,0.128,-0.132,0.023,0.2,0.0,-0.0154,0.0154,7.390000000000001,-0.0004,45732.0,0.0178,0.0,11135.0,44776.0,0.0218
1385009571,10,0,0.139,-0.076,0.029,0.2,0.0,-0.0162,0.0162,7.390000000000001,0.0005,46012.0,0.0178,0.0,15744.0,44776.0,0.0229
1385013833,10,0,0.11,-0.128,0.006,0.2,0.0,-0.0167,0.0167,7.390000000000001,0.0011,46012.0,0.0195,0.0,20006.0,45044.0,0.023700000000000002
1385016571,10,0,0.197,-0.10400000000000001,-0.002,0.2,0.0,-0.015600000000000001,0.015600000000000001,7.390000000000001,0.0016,45456.0,0.0178,0.0,22744.0,44912.0,0.0221
1385020571,10,0,0.055,-0.101,0.017,0.2,0.0,-0.0158,0.0158,7.390000000000001,0.0023,46152.0,0.0178,0.0,0.0,44776.0,0.0224
1385024838,10,0,0.168,-0.113,0.005,0.2,0.0,-0.0173,0.0173,7.390000000000001,0.0031000000000000003,46012.0,0.0195,0.0,4267.0,44912.0,0.0244
1385028955,10,0,0.058,-0.091,-0.005,0.2,0.0,-0.0181,0.0181,7.390000000000001,0.0038,45732.0,0.0213,0.0,8384.0,44912.0,0.0256
1385033571,10,0,0.114,-0.113,-0.008,0.2,0.0,-0.0195,0.0195,7.390000000000001,0.004200000000000001,45732.0,0.0213,0.0,13000.0,44912.0,0.027600000000000003
1385037895,10,0,0.076,-0.079,-0.02,0.2,0.0,-0.0199,0.0199,7.390000000000001,0.0049,45592.0,0.023100000000000002,0.0,17324.0,44912.0,0.0281
1385040573,10,0,0.038,-0.10200000000000001,-0.023,0.2,0.0,-0.0205,0.0205,7.390000000000001,0.0051,45872.0,0.023100000000000002,0.0,20002.0,45044.0,0.028900000000000002
1385044573,10,0,0.138,-0.063,-0.027,0.2,0.0,-0.0238,0.0238,7.390000000000001,0.0056,45732.0,0.026600000000000002,0.0,24002.0,44912.0,0.033600000000000005
1385048851,10,0,0.037,-0.1,-0.007,0.2,0.0,-0.023,0.023,7.390000000000001,0.006,45872.0,0.026600000000000002,0.0,0.0,44912.0,0.0325
1385052901,10,0,0.121,-0.078,-0.036000000000000004,0.2,0.0,-0.0218,0.0218,7.390000000000001,0.0066,45872.0,0.024900000000000002,0.0,4050.0,44776.0,0.0309
1385057571,10,0,0.053,-0.093,-0.039,0.2,0.0,-0.022500000000000003,0.022500000000000003,7.390000000000001,0.007,45732.0,0.024900000000000002,0.0,8720.0,44776.0,0.0318
1385061860,10,0,0.128,-0.089,-0.022,0.2,0.0,-0.0198,0.0198,7.390000000000001,0.0076,45592.0,0.023100000000000002,0.0,13009.0,45044.0,0.028
1385066597,10,0,0.07,-0.079,-0.02,0.2,0.0,-0.0222,0.0222,7.390000000000001,0.0082,45732.0,0.024900000000000002,0.0,17746.0,44912.0,0.0313
1385068866,10,0,0.045,-0.10300000000000001,-0.036000000000000004,0.2,0.0,-0.023,0.023,7.390000000000001,0.0085,45732.0,0.026600000000000002,0.0,20015.0,44912.0,0.0325
1385072916,10,0,0.163,-0.07200000000000001,-0.034,0.2,0.0,-0.020800000000000003,0.020800000000000003,7.390000000000001,0.0092,45592.0,0.023100000000000002,0.0,24065.0,45044.0,0.029400000000000003
1385077571,10,0,0.027,-0.08700000000000001,-0.007,0.2,0.0,-0.022500000000000003,0.022500000000000003,7.390000000000001,0.0095,45872.0,0.024900000000000002,0.0,0.0,44912.0,0.0318
1385081571,10,0,0.166,-0.096,-0.013000000000000001,0.2,0.0,-0.0212,0.0212,7.390000000000001,0.010100000000000001,46012.0,0.023100000000000002,0.0,4000.0,45044.0,0.029900000000000003
1385085572,10,0,0.061,-0.085,0.004,0.2,0.0,-0.0205,0.0205,7.41,0.010700000000000001,45872.0,0.023200000000000002,0.0,8001.0,44912.0,0.029
1385090572,10,0,0.121,-0.077,0.008,0.2,0.0,-0.0269,0.0269,7.41,0.0111,45732.0,0.0303,0.0,13001.0,44912.0,0.0381
1385092573,10,0,0.136,-0.074,0.008,0.2,0.0,-0.027200000000000002,0.027200000000000002,7.41,0.011300000000000001,46012.0,0.0303,0.0,15002.0,44776.0,0.0385
1385096884,10,0,0.056,-0.07,0.023,0.2,0.0,-0.025400000000000002,0.025400000000000002,7.41,0.0117,46012.0,0.0285,0.0,19313.0,44776.0,0.036000000000000004
1385100887,10,0,0.137,-0.054,0.037,0.2,0.0,-0.027600000000000003,0.027600000000000003,7.41,0.0122,45592.0,0.032,0.0,23316.0,44776.0,0.039
1385104959,10,0,0.041,-0.081,0.036000000000000004,0.2,0.0,-0.0261,0.0261,7.41,0.0125,45872.0,0.0303,0.0,0.0,44912.0,0.0369
1385109571,10,0,0.11900000000000001,-0.07100000000000001,0.015,0.2,0.0,-0.0258,0.0258,7.41,0.0129,45732.0,0.0285,0.0,4612.0,44912.0,0.036500000000000005
1385113571,10,0,0.043000000000000003,-0.083,0.026000000000000002,0.2,0.0,-0.0274,0.0274,7.41,0.0134,46012.0,0.0303,0.0,8612.0,44776.0,0.038700000000000005
1385117944,10,0,0.105,-0.082,0.03,0.2,0.0,-0.0264,0.0264,7.41,0.013900000000000001,45732.0,0.0303,0.0,12985.0,44912.0,0.0374
1385120572,10,0,0.10400000000000001,-0.075,0.026000000000000002,0.2,0.0,-0.0267,0.0267,7.41,0.0142,45732.0,0.0303,0.0,15613.0,44912.0,0.0378
1385124573,10,0,0.014,-0.082,0.015,0.2,0.0,-0.0292,0.0292,7.41,0.014400000000000001,45872.0,0.033800000000000004,0.0,19614.0,44776.0,0.0412
1385128906,10,0,0.148,-0.064,0.002,0.2,0.0,-0.026600000000000002,0.026600000000000002,7.41,0.0152,45872.0,0.0303,0.0,23947.0,44912.0,0.037700000000000004
1385132955,10,0,-0.014,-0.058,0.003,0.2,0.0,-0.0316,0.0316,7.41,0.0155,45592.0,0.0356,0.0,0.0,44912.0,0.044700000000000004
1385137571,10,0,0.158,-0.06,-0.005,0.2,0.0,-0.030600000000000002,0.030500000000000003,7.41,0.0159,46152.0,0.033800000000000004,0.0,4616.0,44912.0,0.0432
1385141913,10,0,-0.012,-0.057,0.009000000000000001,0.2,0.0,-0.029500000000000002,0.029500000000000002,7.41,0.0165,45732.0,0.033800000000000004,0.0,8958.0,45044.0,0.041800000000000004
1385145916,10,0,0.137,-0.07100000000000001,-0.021,0.2,0.0,-0.0309,0.0309,7.41,0.016900000000000002,45732.0,0.0356,0.0,12961.0,44776.0,0.0437
1385150572,10,0,0.062,-0.07200000000000001,-0.024,0.2,0.0,-0.0269,0.0269,7.41,0.0175,46012.0,0.0303,0.0,17617.0,44912.0,0.038
1385152572,10,0,0.003,-0.067,-0.015,0.2,0.0,-0.027200000000000002,0.027200000000000002,7.41,0.0177,45872.0,0.0303,0.0,19617.0,45044.0,0.0385
1385156788,10,0,0.106,-0.067,-0.012,0.2,0.0,-0.034,0.0339,7.41,0.018000000000000002,45592.0,0.0392,0.0,23833.0,44912.0,0.048
1385160926,10,0,0.02,-0.066,-0.025,0.2,0.0,-0.030600000000000002,0.030600000000000002,7.41,0.018500000000000003,45732.0,0.033800000000000004,0.0,0.0,44912.0,0.043300000000000005
1385165570,10,0,0.08,-0.048,-0.025,0.2,0.0,-0.0344,0.0344,7.41,0.0187,45872.0,0.0392,0.0,4644.0,44912.0,0.048600000000000004
1385169573,10,0,0.05,-0.06,-0.016,0.2,0.0,-0.035300000000000005,0.035300000000000005,7.41,0.019,45592.0,0.04,0.0,8647.0,45044.0,0.05
1385174571,10,0,0.08600000000000001,-0.051000000000000004,-0.023,0.2,0.0,-0.0317,0.0317,7.41,0.0193,45592.0,0.0356,0.0,13645.0,44912.0,0.0448
1385176571,10,0,0.095,-0.062,-0.013000000000000001,0.2,0.0,-0.0327,0.0327,7.41,0.0195,45872.0,0.0374,0.0,15645.0,45044.0,0.046200000000000005
1385180941,10,0,0.027,-0.061,0.008,0.2,0.0,-0.0334,0.0334,7.41,0.0198,45732.0,0.0374,0.0,20015.0,44912.0,0.0473
1385185571,10,0,0.121,-0.052000000000000005,-0.002,0.2,0.0,-0.0327,0.0327,7.41,0.0204,45592.0,0.0374,0.0,24645.0,45044.0,0.046200000000000005
1385189945,10,0,0.013000000000000001,-0.053,0.001,0.2,0.0,-0.0352,0.0351,7.41,0.0206,45592.0,0.0392,0.0,0.0,44912.0,0.0497
1385193948,10,0,0.162,-0.045,0.025,0.2,0.0,-0.0332,0.0332,7.41,0.0212,45872.0,0.0374,0.0,4003.0,45316.0,0.046900000000000004
1385197999,10,0,-0.036000000000000004,-0.038,0.03,0.2,0.0,-0.0357,0.0357,7.41,0.021400000000000002,45872.0,0.0409,0.0,8054.0,44912.0,0.0505
1385200572,10,0,0.052000000000000005,-0.058,0.016,0.2,0.0,-0.035500000000000004,0.035500000000000004,7.41,0.021400000000000002,45872.0,0.0409,0.0,10627.0,44912.0,0.0502
1385204685,10,0,0.153,-0.053,0.004,0.2,0.0,-0.031900000000000005,0.031900000000000005,7.41,0.0221,46012.0,0.0356,0.0,14740.0,44912.0,0.0451
1385208958,10,0,0.015,-0.062,0.013000000000000001,0.2,0.0,-0.034800000000000005,0.0347,7.41,0.0222,46012.0,0.0392,0.0,19013.0,45180.0,0.049100000000000005
1385213009,10,0,0.14200000000000002,-0.065,0.004,0.2,0.0,-0.034800000000000005,0.0347,7.41,0.022600000000000002,45592.0,0.0392,0.0,23064.0,45044.0,0.049100000000000005
1385218010,10,0,0.011,-0.059000000000000004,0.011,0.2,0.0,-0.033600000000000005,0.033600000000000005,7.41,0.0229,46012.0,0.0374,0.0,0.0,45044.0,0.0475
1385220574,10,0,0.043000000000000003,-0.054,0.004,0.2,0.0,-0.0357,0.0356,7.41,0.0229,46012.0,0.0409,0.0,2564.0,45044.0,0.0504
1385225572,10,0,0.022,-0.061,-0.021,0.2,0.0,-0.0373,0.037200000000000004,7.41,0.0234,46012.0,0.0427,0.0,7562.0,45044.0,0.052700000000000004
1385229971,10,0,0.132,-0.048,-0.002,0.2,0.0,-0.034,0.034,7.41,0.0238,45872.0,0.0392,0.0,11961.0,45044.0,0.048100000000000004
1385233973,10,0,0.004,-0.053,0.002,0.2,0.0,-0.0393,0.0392,7.41,0.024200000000000003,45732.0,0.044500000000000005,0.0,15963.0,44912.0,0.0555
1385238024,10,0,0.109,-0.073,-0.014,0.2,0.0,-0.033100000000000004,0.033100000000000004,7.41,0.0245,45732.0,0.0374,0.0,20014.0,44776.0,0.0468
1385240572,10,0,0.17200000000000001,-0.066,-0.016,0.2,0.0,-0.0322,0.0322,7.41,0.024800000000000003,45872.0,0.0374,0.0,22562.0,45044.0,0.0456
1385244982,10,0,-0.031,-0.063,0.0,0.2,0.0,-0.0363,0.0363,7.41,0.0252,45732.0,0.0409,0.0,0.0,45044.0,0.051300000000000005
1385248985,10,0,0.184,-0.074,-0.01,0.2,0.0,-0.0346,0.0346,7.41,0.0258,45872.0,0.0392,0.0,4003.0,44912.0,0.0489
1385253105,10,0,-0.028,-0.052000000000000005,0.019,0.2,0.0,-0.034800000000000005,0.0347,7.41,0.0263,45872.0,0.0392,0.0,8123.0,45044.0,0.049100000000000005
1385257572,10,0,0.11,-0.065,0.016,0.2,0.0,-0.0396,0.0395,7.41,0.026500000000000003,45732.0,0.044500000000000005,0.0,12590.0,45044.0,0.056
1385261993,10,0,0.001,-0.058,-0.001,0.2,0.0,-0.0351,0.035,7.41,0.027100000000000003,46152.0,0.0392,0.0,17011.0,44912.0,0.049600000000000005
1385265996,10,0,0.068,-0.063,0.009000000000000001,0.2,0.0,-0.0391,0.039,7.41,0.0273,45872.0,0.044500000000000005,0.0,21014.0,44912.0,0.055200000000000006
1385270579,10,0,0.081,-0.049,0.015,0.2,0.0,-0.0383,0.0383,7.41,0.027700000000000002,45872.0,0.0427,0.0,25597.0,45044.0,0.054200000000000005
1385273088,10,0,-0.004,-0.07,0.009000000000000001,0.2,0.0,-0.0356,0.0356,7.41,0.027800000000000002,46012.0,0.0409,0.0,0.0,44912.0,0.050300000000000004
1385277572,10,0,0.106,-0.053,-0.008,0.2,0.0,-0.0386,0.0386,7.41,0.0281,45872.0,0.044500000000000005,0.0,4484.0,44776.0,0.0546
1385281572,10,0,0.003,-0.057,0.013000000000000001,0.2,0.0,-0.0395,0.0395,7.41,0.0284,45872.0,0.044500000000000005,0.0,8484.0,45044.0,0.055900000000000005
1385284574,10,0,0.007,-0.077,0.01,0.2,0.0,-0.038200000000000005,0.038200000000000005,7.41,0.0285,45592.0,0.0427,0.0,11486.0,45044.0,0.0541
1385289012,10,0,0.017,-0.03,-0.017,0.2,0.0,-0.0424,0.0424,7.41,0.0291,46012.0,0.048100000000000004,0.0,15924.0,45044.0,0.060000000000000005
1385293063,10,0,0.019,-0.068,0.007,0.2,0.0,-0.042,0.0419,7.41,0.0291,46012.0,0.048,0.0,19975.0,44912.0,0.059300000000000005
1385297572,10,0,0.09,-0.034,-0.011,0.2,0.0,-0.0391,0.0391,7.41,0.0296,46012.0,0.044500000000000005,0.0,24484.0,44912.0,0.0553
1385302019,10,0,0.014,-0.09,-0.025,0.2,0.0,-0.0378,0.0378,7.41,0.0298,45456.0,0.0427,0.0,0.0,45044.0,0.053500000000000006
1385304685,10,0,0.128,-0.076,-0.019,0.2,0.0,-0.0364,0.0364,7.41,0.030100000000000002,45592.0,0.0409,0.0,2666.0,45044.0,0.0514
1385309026,10,0,-0.058,-0.069,0.016,0.2,0.0,-0.0379,0.0379,7.41,0.0304,45872.0,0.0427,0.0,7007.0,45044.0,0.0536
1385313075,10,0,0.166,-0.076,-0.012,0.2,0.0,-0.0359,0.0359,7.41,0.0309,45872.0,0.0409,0.0,11056.0,45044.0,0.050800000000000005
1385318077,10,0,-0.062,-0.047,0.004,0.2,0.0,-0.0386,0.0386,7.41,0.031200000000000002,45872.0,0.044500000000000005,0.0,16058.0,45180.0,0.0546
1385320573,10,0,0.008,-0.08,0.013000000000000001,0.2,0.0,-0.0397,0.0396,7.41,0.031200000000000002,45732.0,0.044500000000000005,0.0,18554.0,44912.0,0.056100000000000004
1385325571,10,0,0.093,-0.046,0.0,0.2,0.0,-0.0356,0.0356,7.41,0.031900000000000005,45592.0,0.0409,0.0,23552.0,45044.0,0.0504
1385329572,10,0,-0.021,-0.075,0.015,0.2,0.0,-0.0393,0.0393,7.41,0.032,45872.0,0.044500000000000005,0.0,0.0,44912.0,0.055600000000000004
1385334040,10,0,0.10400000000000001,-0.046,0.004,0.2,0.0,-0.04,0.04,7.41,0.0325,46152.0,0.044500000000000005,0.0,4468.0,45044.0,0.0565
1385338091,10,0,-0.023,-0.091,-0.002,0.2,0.0,-0.0378,0.0378,7.41,0.032600000000000004,45732.0,0.0427,0.0,8519.0,45044.0,0.053500000000000006
1385340572,10,0,0.064,-0.08600000000000001,-0.009000000000000001,0.2,0.0,-0.0392,0.0391,7.41,0.0327,45732.0,0.044500000000000005,0.0,11000.0,44776.0,0.055400000000000005
1385345571,10,0,0.017,-0.049,0.009000000000000001,0.2,0.0,-0.041100000000000005,0.041,7.41,0.033100000000000004,45872.0,0.0463,0.0,15999.0,45044.0,0.058
1385350051,10,0,0.099,-0.074,-0.013000000000000001,0.2,0.0,-0.0393,0.0392,7.41,0.0335,45872.0,0.044500000000000005,0.0,20479.0,45044.0,0.0555
1385354647,10,0,0.017,-0.045,-0.013000000000000001,0.2,0.0,-0.0415,0.0414,7.41,0.033800000000000004,45872.0,0.0463,0.0,25075.0,45044.0,0.058600000000000006
1385357095,10,0,0.003,-0.092,-0.011,0.2,0.0,-0.0407,0.0407,7.41,0.0339,45872.0,0.0463,0.0,0.0,45044.0,0.0575
1385361097,10,0,0.114,-0.04,-0.023,0.2,0.0,-0.039900000000000005,0.0398,7.41,0.0344,46012.0,0.044500000000000005,0.0,4002.0,45180.0,0.0563
1385365570,10,0,-0.038,-0.078,-0.004,0.2,0.0,-0.0417,0.041600000000000005,7.41,0.0345,45732.0,0.0471,0.0,8475.0,45044.0,0.0589
1385370534,10,0,0.11800000000000001,-0.059000000000000004,-0.012,0.195,-2.67,-0.038200000000000005,0.0381,7.41,0.0351,45592.0,0.0427,0.0,13439.0,45044.0,0.054
1385372571,10,0,0.027,-0.043000000000000003,-0.011,0.189,-2.67,-0.0379,0.0379,7.41,0.0352,45872.0,0.0427,0.0,15476.0,44912.0,0.0536
1385377074,10,0,0.081,-0.093,-0.016,0.179,-2.67,-0.037000000000000005,0.0369,7.41,0.035500000000000004,45872.0,0.0427,0.0,19979.0,44776.0,0.0522
1385381225,10,0,0.054,-0.034,-0.008,0.165,-2.67,-0.0342,0.0342,7.41,0.036000000000000004,45872.0,0.0391,0.0,24130.0,44912.0,0.048400000000000006
1385385534,10,0,-0.003,-0.078,0.013000000000000001,0.155,-2.67,-0.035500000000000004,0.035500000000000004,7.41,0.0361,45592.0,0.0409,0.0,0.0,45044.0,0.0502
1385389545,10,0,0.113,-0.028,-0.003,0.14400000000000002,-2.67,-0.0354,0.0354,7.41,0.0367,45872.0,0.0409,0.0,4011.0,44912.0,0.050100000000000006
1385394122,10,0,-0.013000000000000001,-0.077,0.013000000000000001,0.131,-2.67,-0.0322,0.0322,7.41,0.0368,45732.0,0.0356,0.0,8588.0,45044.0,0.0455
1385396535,10,0,0.095,-0.07100000000000001,0.004,0.125,-2.67,-0.0316,0.0315,7.41,0.037000000000000005,45592.0,0.0356,0.0,11001.0,45044.0,0.0446
1385401126,10,0,-0.02,-0.047,0.011,0.112,-2.67,-0.029300000000000003,0.029300000000000003,7.41,0.0374,45872.0,0.033800000000000004,0.0,15592.0,44776.0,0.0414
1385405197,10,0,0.077,-0.082,0.016,0.101,-2.67,-0.028200000000000003,0.028200000000000003,7.41,0.037700000000000004,45872.0,0.032,0.0,19663.0,45044.0,0.039900000000000005
1385409534,10,0,0.033,-0.029,0.018000000000000002,0.091,-2.67,-0.028,0.028,7.41,0.0381,45592.0,0.032,0.0,24000.0,45044.0,0.0396
1385414135,10,0,0.068,-0.073,-0.002,0.077,-2.67,-0.0269,0.0269,7.41,0.0383,45872.0,0.0303,0.0,0.0,44912.0,0.038
1385418182,10,0,0.047,-0.021,0.006,0.067,-2.67,-0.0258,0.0258,7.41,0.038700000000000005,45872.0,0.0285,0.0,4047.0,45044.0,0.036500000000000005
1385420569,10,0,-0.032,-0.055,0.02,0.061,-2.67,-0.0251,0.0251,7.41,0.038700000000000005,45872.0,0.0285,0.0,6434.0,45044.0,0.035500000000000004
1385425147,10,0,0.115,-0.033,0.011,0.048,-2.67,-0.0238,0.0238,7.41,0.0391,45592.0,0.0267,0.0,11012.0,44912.0,0.0337
1385430146,10,0,-0.033,-0.061,0.002,0.035,-2.67,-0.023,0.023,7.41,0.0392,45872.0,0.0267,0.0,16011.0,45044.0,0.032600000000000004
1385434149,10,0,0.107,-0.038,-0.014,0.024,-2.67,-0.021,0.021,7.41,0.0396,45872.0,0.023100000000000002,0.0,20014.0,44912.0,0.0297
1385438197,10,0,-0.021,-0.039,0.01,0.013000000000000001,-2.67,-0.019700000000000002,0.019700000000000002,7.41,0.0397,46012.0,0.023100000000000002,0.0,24062.0,45044.0,0.0279
1385440534,10,0,-0.022,-0.076,0.012,0.008,-2.67,-0.0184,0.0184,7.41,0.0397,45872.0,0.021400000000000002,0.0,0.0,44912.0,0.0261
1385445271,10,0,0.053,-0.015,-0.008,-0.005,-2.67,-0.0184,0.0184,7.41,0.040100000000000004,45456.0,0.021400000000000002,0.0,4737.0,44912.0,0.026000000000000002
1385450158,10,0,-0.012,-0.082,-0.006,-0.019,-2.67,-0.0165,0.0165,7.41,0.04,45732.0,0.0196,0.0,9624.0,44912.0,0.0234
1385454685,10,0,0.05,-0.017,-0.018000000000000002,-0.029,-2.67,-0.0152,0.0152,7.41,0.0403,45732.0,0.0178,0.0,14151.0,44912.0,0.021500000000000002
1385457165,10,0,-0.091,-0.044,-0.013000000000000001,-0.037,-2.67,-0.0151,0.0151,7.41,0.0402,45872.0,0.0178,0.0,16631.0,44776.0,0.021400000000000002
1385461534,10,0,0.054,-0.058,-0.008,-0.048,-2.67,-0.014,0.014,7.41,0.0403,45592.0,0.016,0.0,21000.0,44776.0,0.0198
1385466170,10,0,-0.061,-0.032,0.001,-0.061,-2.67,-0.0088,0.0088,7.41,0.040400000000000005,45732.0,0.010700000000000001,0.0,25636.0,44912.0,0.012400000000000001
1385470533,10,0,0.031,-0.043000000000000003,-0.026000000000000002,-0.07200000000000001,-2.67,-0.0102,0.0102,7.41,0.040400000000000005,45592.0,0.0125,0.0,0.0,45044.0,0.014400000000000001
1385472533,10,0,0.048,-0.014,-0.025,-0.077,-2.67,-0.0077,0.0077,7.41,0.0405,45592.0,0.0089,0.0,2000.0,45044.0,0.0109
1385477043,10,0,-0.042,-0.021,0.002,-0.088,-2.67,-0.0059,0.0059,7.41,0.040600000000000004,45872.0,0.0071,0.0,6510.0,44912.0,0.008400000000000001
1385481181,10,0,0.036000000000000004,-0.007,-0.008,-0.101,-2.67,-0.005,0.005,7.41,0.0407,45732.0,0.0053,0.0,10648.0,44912.0,0.007
1385485533,10,0,-0.085,-0.004,-0.013000000000000001,-0.112,-2.67,-0.007,0.007,7.41,0.0407,46012.0,0.0071,0.0,15000.0,45044.0,0.0099
1385489533,10,0,0.012,-0.012,-0.016,-0.123,-2.67,-0.0034000000000000002,0.0034000000000000002,7.41,0.040600000000000004,45732.0,0.0036000000000000003,0.0,19000.0,44912.0,0.0048000000000000004
1385493533,10,0,-0.042,0.005,0.004,-0.133,-2.67,-0.0009000000000000001,0.0009000000000000001,7.41,0.040600000000000004,45732.0,0.0018000000000000002,0.0,23000.0,44912.0,0.0013000000000000002
1385498243,10,0,-0.005,0.003,-0.01,-0.147,-2.67,0.0004,-0.0004,7.41,0.040400000000000005,46012.0,0.0,0.0,0.0,45044.0,-0.0005
1385500531,10,0,0.024,0.005,-0.007,-0.152,-2.67,0.0006000000000000001,-0.0006000000000000001,7.41,0.040400000000000005,46012.0,0.0,0.0,2288.0,45044.0,-0.0008
1385504645,10,0,-0.10400000000000001,0.019,0.02,-0.163,-2.67,0.0026000000000000003,-0.0026000000000000003,7.41,0.0402,45592.0,-0.0036000000000000003,0.0,6402.0,45044.0,-0.0037
1385509314,10,0,0.024,0.008,0.006,-0.176,-2.67,0.0046,-0.0046,7.41,0.04,46012.0,-0.0053,0.0,11071.0,44640.0,-0.006500000000000001
1385513533,10,0,-0.1,0.017,0.012,-0.187,-2.67,0.008,-0.008,7.41,0.0398,46012.0,-0.0089,0.0,15290.0,45044.0,-0.011300000000000001
1385517533,10,0,-0.002,0.021,0.023,-0.197,-2.67,0.0091,-0.0091,7.41,0.0396,45732.0,-0.010700000000000001,0.0,19290.0,44912.0,-0.0129
1385522208,10,0,-0.101,0.039,0.034,-0.2,0.0,0.006900000000000001,-0.006900000000000001,7.41,0.039400000000000004,45732.0,-0.0071,0.0,23965.0,44776.0,-0.0097
1385526210,10,0,-0.028,0.041,0.006,-0.2,0.0,0.0059,-0.0059,7.41,0.0391,46152.0,-0.0071,0.0,0.0,44912.0,-0.0083
1385530532,10,0,-0.048,0.051000000000000004,0.008,-0.2,0.0,0.0057,-0.0057,7.41,0.038900000000000004,45872.0,-0.0071,0.0,4322.0,44640.0,-0.008
1385532532,10,0,-0.099,0.054,0.015,-0.2,0.0,0.0071,-0.0071,7.41,0.038700000000000005,46152.0,-0.0089,0.0,6322.0,45044.0,-0.01
1385536533,10,0,-0.015,0.054,0.011,-0.2,0.0,0.0061,-0.0061,7.41,0.038400000000000004,45872.0,-0.0071,0.0,10323.0,44912.0,-0.0086
1385541334,10,0,-0.092,0.053,-0.008,-0.2,0.0,0.0073,-0.0073,7.41,0.038,45872.0,-0.0089,0.0,15124.0,44912.0,-0.0103
1385546224,10,0,-0.001,0.07100000000000001,-0.006,-0.2,0.0,0.0071,-0.0071,7.41,0.0376,45872.0,-0.0089,0.0,20014.0,44912.0,-0.010100000000000001
1385550569,10,0,-0.105,0.07100000000000001,-0.019,-0.2,0.0,0.0046,-0.0046,7.41,0.037200000000000004,46012.0,-0.0053,0.0,24359.0,44776.0,-0.006500000000000001
1385553274,10,0,-0.066,0.079,-0.033,-0.2,0.0,0.0058000000000000005,-0.0058000000000000005,7.41,0.0367,46012.0,-0.0071,0.0,0.0,44640.0,-0.0082
1385557532,10,0,-0.022,0.079,-0.01,-0.2,0.0,0.006200000000000001,-0.006200000000000001,7.41,0.036500000000000005,46012.0,-0.0071,0.0,4258.0,45044.0,-0.0088
1385562237,10,0,-0.093,0.096,-0.025,-0.2,0.0,0.0041,-0.0041,7.41,0.0356,45872.0,-0.0053,0.0,8963.0,44912.0,-0.0058000000000000005
1385566532,10,0,-0.011,0.084,-0.026000000000000002,-0.2,0.0,0.0056,-0.0056,7.41,0.035300000000000005,46012.0,-0.0071,0.0,13258.0,45044.0,-0.0079
1385569240,10,0,-0.12,0.099,-0.019,-0.2,0.0,0.0061,-0.0061,7.41,0.0349,46296.0,-0.0071,0.0,15966.0,45044.0,-0.0086
1385573354,10,0,-0.036000000000000004,0.097,-0.009000000000000001,-0.2,0.0,0.0045000000000000005,-0.0045000000000000005,7.41,0.0344,45732.0,-0.0053,0.0,20080.0,44776.0,-0.0064
1385577532,10,0,-0.07200000000000001,0.093,-0.007,-0.2,0.0,0.0061,-0.0061,7.41,0.034,46152.0,-0.0071,0.0,24258.0,44912.0,-0.0086
1385581569,10,0,-0.089,0.11,-0.02,-0.2,0.0,0.0055000000000000005,-0.0055000000000000005,7.41,0.0334,45732.0,-0.0071,0.0,0.0,44776.0,-0.0078000000000000005
1385586251,10,0,-0.064,0.093,0.005,-0.2,0.0,0.0049,-0.0049,7.41,0.0329,45872.0,-0.0053,0.0,4682.0,44776.0,-0.007
1385590532,10,0,-0.107,0.11,-0.006,-0.2,0.0,0.0053,-0.0053,7.41,0.0322,45872.0,-0.0053,0.0,8963.0,44776.0,-0.0074
1385593302,10,0,-0.041,0.105,-0.002,-0.2,0.0,0.003,-0.003,7.41,0.031900000000000005,45872.0,-0.0036000000000000003,0.0,11733.0,44912.0,-0.004200000000000001
1385597532,10,0,-0.135,0.121,0.014,-0.2,0.0,0.0005,-0.0005,7.41,0.0313,45872.0,0.0,0.0,15963.0,44912.0,-0.0007
1385601532,10,0,-0.051000000000000004,0.124,0.001,-0.2,0.0,0.0016,-0.0016,7.41,0.030600000000000002,45872.0,-0.0018000000000000002,0.0,19963.0,45044.0,-0.0022
1385605686,10,0,-0.075,0.129,-0.007,-0.2,0.0,-0.0008,0.0008,7.41,0.0303,46296.0,0.0018000000000000002,0.0,24117.0,44912.0,0.0012000000000000001
1385610531,10,0,-0.06,0.133,-0.001,-0.2,0.0,0.00030000000000000003,-0.00030000000000000003,7.41,0.0292,45732.0,0.0,0.0,0.0,44776.0,-0.0005
1385612531,10,0,-0.038,0.132,0.012,-0.2,0.0,-0.0009000000000000001,0.0009000000000000001,7.41,0.029,46012.0,0.0018000000000000002,0.0,2000.0,45044.0,0.0012000000000000001
1385616533,10,0,-0.198,0.14,0.016,-0.2,0.0,-0.0054,0.0054,7.41,0.028200000000000003,45872.0,0.0053,0.0,6002.0,44912.0,0.0077
1385621532,10,0,-0.048,0.135,-0.011,-0.2,0.0,-0.0053,0.0053,7.41,0.0274,46296.0,0.0053,0.0,11001.0,44912.0,0.007500000000000001
1385626277,10,0,-0.20700000000000002,0.138,0.006,-0.2,0.0,-0.0063,0.0063,7.41,0.0263,45732.0,0.0071,0.0,15746.0,45044.0,0.009000000000000001
1385630531,10,0,-0.075,0.145,0.01,-0.2,0.0,-0.0092,0.0092,7.41,0.0256,46152.0,0.010700000000000001,0.0,20000.0,45044.0,0.0131
1385632531,10,0,-0.116,0.155,0.018000000000000002,-0.2,0.0,-0.008400000000000001,0.008400000000000001,7.41,0.0253,46012.0,0.0089,0.0,22000.0,45044.0,0.0119
1385637574,10,0,-0.198,0.15,0.011,-0.2,0.0,-0.0103,0.0103,7.41,0.024300000000000002,45872.0,0.0125,0.0,0.0,44912.0,0.0145
1385642288,10,0,-0.153,0.17500000000000002,0.016,-0.2,0.0,-0.0128,0.0128,7.4,0.023100000000000002,46012.0,0.0142,0.0,4714.0,44776.0,0.0181
1385646297,10,0,-0.154,0.163,0.01,-0.2,0.0,-0.0115,0.0115,7.4,0.0221,45872.0,0.0125,0.0,8723.0,45044.0,0.016300000000000002
1385650530,10,0,-0.091,0.196,0.016,-0.2,0.0,-0.013600000000000001,0.013600000000000001,7.4,0.021400000000000002,45872.0,0.016,0.0,12956.0,45044.0,0.019200000000000002
1385652531,10,0,-0.193,0.193,0.026000000000000002,-0.2,0.0,-0.0148,0.0148,7.4,0.020900000000000002,45872.0,0.016,0.0,14957.0,44912.0,0.020900000000000002
1385657300,10,0,-0.036000000000000004,0.17,0.008,-0.2,0.0,-0.011000000000000001,0.011000000000000001,7.4,0.0198,46012.0,0.0125,0.0,19726.0,44776.0,0.0155
1385661302,10,0,-0.192,0.20700000000000002,0.003,-0.2,0.0,-0.0142,0.0142,7.4,0.019,45872.0,0.016,0.0,23728.0,44912.0,0.0201
1385665531,10,0,-0.075,0.158,0.0,-0.2,0.0,-0.0131,0.0131,7.4,0.018000000000000002,45872.0,0.0142,0.0,0.0,44776.0,0.018600000000000002
1385670420,10,0,-0.18,0.212,0.016,-0.2,0.0,-0.0134,0.0134,7.4,0.0171,46152.0,0.016,0.0,4889.0,45044.0,0.019
1385672530,10,0,-0.23,0.19,0.012,-0.2,0.0,-0.015600000000000001,0.015600000000000001,7.4,0.0164,45872.0,0.0178,0.0,6999.0,44912.0,0.0221
1385676532,10,0,-0.026000000000000002,0.196,-0.023,-0.2,0.0,-0.020200000000000003,0.020200000000000003,7.4,0.0155,45872.0,0.023100000000000002,0.0,11001.0,44912.0,0.0286
1385681312,10,0,-0.219,0.199,-0.014,-0.2,0.0,-0.0178,0.0178,7.4,0.0142,45872.0,0.0196,0.0,15781.0,44912.0,0.0252
1385685530,10,0,-0.085,0.188,-0.017,-0.2,0.0,-0.023100000000000002,0.023100000000000002,7.4,0.0132,45872.0,0.0267,0.0,19999.0,44776.0,0.032600000000000004
1385689531,10,0,-0.16,0.198,-0.018000000000000002,-0.2,0.0,-0.0184,0.0184,7.4,0.0122,45872.0,0.021400000000000002,0.0,24000.0,45044.0,0.026000000000000002
1385694323,10,0,-0.122,0.18,-0.006,-0.2,0.0,-0.0211,0.0211,7.4,0.011000000000000001,46012.0,0.023100000000000002,0.0,0.0,45044.0,0.0298
1385696530,10,0,-0.12,0.193,-0.006,-0.2,0.0,-0.0227,0.0227,7.4,0.0105,46152.0,0.024900000000000002,0.0,2207.0,44912.0,0.032
1385701601,10,0,-0.211,0.17300000000000001,-0.007,-0.2,0.0,-0.022500000000000003,0.022500000000000003,7.4,0.0094,45732.0,0.024900000000000002,0.0,7278.0,44912.0,0.0318
1385704684,10,0,-0.081,0.159,-0.003,-0.2,0.0,-0.016900000000000002,0.016900000000000002,7.4,0.0086,46152.0,0.0196,0.0,10361.0,44912.0,0.0238
1385709332,10,0,-0.243,0.178,0.032,-0.2,0.0,-0.0229,0.0229,7.4,0.0074,45872.0,0.0267,0.0,15009.0,44912.0,0.0324
1385713382,10,0,-0.085,0.14300000000000002,0.013000000000000001,-0.2,0.0,-0.020900000000000002,0.020900000000000002,7.4,0.0066,45872.0,0.023100000000000002,0.0,19059.0,44912.0,0.029500000000000002
1385717531,10,0,-0.242,0.179,0.008,-0.2,0.0,-0.022000000000000002,0.022000000000000002,7.4,0.0057,46012.0,0.024900000000000002,0.0,23208.0,44912.0,0.031100000000000003
1385721558,10,0,-0.147,0.146,0.021,-0.2,0.0,-0.024900000000000002,0.024900000000000002,7.4,0.0045000000000000005,45872.0,0.0285,0.0,0.0,44912.0,0.035300000000000005
1385726346,10,0,-0.20700000000000002,0.189,0.005,-0.2,0.0,-0.0229,0.0229,7.4,0.0035,46152.0,0.0267,0.0,4788.0,44912.0,0.0324
1385728391,10,0,-0.23500000000000001,0.187,-0.001,-0.2,0.0,-0.0245,0.0244,7.4,0.0028,45732.0,0.0285,0.0,6833.0,44776.0,0.0346
1385732530,10,0,-0.14300000000000002,0.192,-0.006,-0.2,0.0,-0.0313,0.0313,7.4,0.0017000000000000001,45872.0,0.0356,0.0,10972.0,45044.0,0.0443
1385737531,10,0,-0.229,0.209,-0.02,-0.2,0.0,-0.0298,0.0298,7.4,0.0002,46152.0,0.033800000000000004,0.0,15973.0,44776.0,0.042100000000000005
1385741559,10,0,-0.164,0.224,-0.028,-0.2,0.0,-0.0333,0.0333,7.4,-0.0009000000000000001,45732.0,0.0374,0.0,20001.0,45044.0,0.0471
1385746356,10,0,-0.244,0.20400000000000001,-0.012,-0.2,0.0,-0.0329,0.0329,7.4,-0.0025,45872.0,0.0374,0.0,24798.0,45044.0,0.0465
1385748404,10,0,-0.203,0.186,-0.018000000000000002,-0.2,0.0,-0.030500000000000003,0.030500000000000003,7.4,-0.0031000000000000003,45872.0,0.033800000000000004,0.0,0.0,44912.0,0.0432
1385752530,10,0,-0.20400000000000001,0.258,-0.018000000000000002,-0.2,0.0,-0.0337,0.0337,7.4,-0.0041,45592.0,0.0374,0.0,4126.0,45180.0,0.0476
1385757365,10,0,-0.23,0.182,0.003,-0.2,0.0,-0.0345,0.0345,7.4,-0.0057,46012.0,0.0391,0.0,8961.0,44912.0,0.0488
1385761372,10,0,-0.187,0.251,-0.007,-0.2,0.0,-0.0307,0.0307,7.41,-0.0067,45732.0,0.0356,0.0,12968.0,45044.0,0.0434
1385765579,10,0,-0.3,0.213,0.011,-0.2,0.0,-0.0329,0.0329,7.41,-0.0078000000000000005,46012.0,0.0374,0.0,17175.0,45044.0,0.0465
1385768413,10,0,-0.188,0.194,0.023,-0.2,0.0,-0.033100000000000004,0.033100000000000004,7.41,-0.009000000000000001,45732.0,0.0374,0.0,20009.0,44912.0,0.0468
1385772529,10,0,-0.25,0.23800000000000002,0.016,-0.2,0.0,-0.0302,0.0302,7.41,-0.0102,45456.0,0.033800000000000004,0.0,24125.0,44776.0,0.0427
1385777382,10,0,-0.136,0.171,0.003,-0.2,0.0,-0.025400000000000002,0.025400000000000002,7.41,-0.0114,46012.0,0.0285,0.0,0.0,44776.0,0.0359
1385781557,10,0,-0.234,0.23600000000000002,0.017,-0.2,0.0,-0.0268,0.0268,7.4,-0.0123,45872.0,0.0302,0.0,4175.0,45044.0,0.0379
1385786383,10,0,-0.128,0.164,-0.004,-0.2,0.0,-0.0269,0.0269,7.4,-0.013600000000000001,46012.0,0.0302,0.0,9001.0,44912.0,0.0381
1385788430,10,0,-0.096,0.203,-0.016,-0.2,0.0,-0.024800000000000003,0.024800000000000003,7.4,-0.014,46012.0,0.0285,0.0,11048.0,45044.0,0.035
1385792530,10,0,-0.262,0.20800000000000002,-0.003,-0.2,0.0,-0.0267,0.0267,7.4,-0.0152,46152.0,0.0302,0.0,15148.0,45044.0,0.0378
1385797574,10,0,-0.107,0.183,-0.023,-0.2,0.0,-0.029500000000000002,0.029500000000000002,7.4,-0.0164,45732.0,0.033800000000000004,0.0,20192.0,44912.0,0.041800000000000004
1385800392,10,0,-0.203,0.209,-0.037,-0.2,0.0,-0.025400000000000002,0.025400000000000002,7.4,-0.0175,45872.0,0.0285,0.0,23010.0,44776.0,0.0359
1385804646,10,0,-0.20500000000000002,0.195,-0.023,-0.2,0.0,-0.033100000000000004,0.033100000000000004,7.4,-0.0188,45872.0,0.0374,0.0,0.0,45044.0,0.0468
1385809529,10,0,-0.195,0.193,-0.008,-0.2,0.0,-0.0317,0.0317,7.4,-0.0204,45872.0,0.0356,0.0,4883.0,44912.0,0.0448
1385812402,10,0,-0.20800000000000002,0.156,-0.024,-0.2,0.0,-0.0269,0.0268,7.4,-0.021400000000000002,45732.0,0.0302,0.0,7756.0,45044.0,0.038
1385816528,10,0,-0.162,0.221,-0.024,-0.2,0.0,-0.0313,0.0313,7.4,-0.022500000000000003,46296.0,0.0356,0.0,11882.0,44912.0,0.0443
1385820529,10,0,-0.227,0.161,0.024,-0.2,0.0,-0.0329,0.0329,7.4,-0.0239,46012.0,0.0374,0.0,15883.0,45044.0,0.0466
1385825529,10,0,-0.164,0.209,-0.009000000000000001,-0.2,0.0,-0.0303,0.0303,7.4,-0.0251,46012.0,0.033800000000000004,0.0,20883.0,44912.0,0.042800000000000005
1385829573,10,0,-0.256,0.185,0.008,-0.2,0.0,-0.0344,0.034300000000000004,7.4,-0.0261,46152.0,0.0391,0.0,24927.0,45044.0,0.048600000000000004
1385832414,10,0,-0.18,0.133,0.031,-0.2,0.0,-0.0318,0.0318,7.4,-0.027100000000000003,46012.0,0.0356,0.0,0.0,45044.0,0.0449
1385836528,10,0,-0.198,0.20400000000000001,0.002,-0.2,0.0,-0.0292,0.0292,7.4,-0.028,45872.0,0.033800000000000004,0.0,4114.0,44912.0,0.0413
1385840530,10,0,-0.261,0.108,0.003,-0.2,0.0,-0.034,0.034,7.4,-0.0292,46152.0,0.0391,0.0,8116.0,45180.0,0.048100000000000004
1385845529,10,0,-0.184,0.196,0.024,-0.2,0.0,-0.0307,0.030600000000000002,7.4,-0.0303,45592.0,0.0356,0.0,13115.0,45044.0,0.043300000000000005
1385850426,10,0,-0.216,0.109,-0.011,-0.2,0.0,-0.029500000000000002,0.029400000000000003,7.4,-0.0315,45872.0,0.033800000000000004,0.0,18012.0,44912.0,0.041600000000000005
1385852427,10,0,-0.178,0.163,-0.035,-0.2,0.0,-0.030500000000000003,0.030500000000000003,7.4,-0.031900000000000005,46152.0,0.033800000000000004,0.0,20013.0,45044.0,0.0431
1385857431,10,0,-0.245,0.113,-0.001,-0.2,0.0,-0.029900000000000003,0.029900000000000003,7.4,-0.0332,46012.0,0.033800000000000004,0.0,25017.0,44912.0,0.042300000000000004
1385861602,10,0,-0.184,0.115,0.001,-0.2,0.0,-0.0281,0.0281,7.41,-0.0337,45872.0,0.032,0.0,0.0,44776.0,0.0398
1385864443,10,0,-0.211,0.181,-0.012,-0.2,0.0,-0.0292,0.0292,7.41,-0.0346,45872.0,0.033800000000000004,0.0,2841.0,44912.0,0.0412
1385868528,10,0,-0.213,0.10300000000000001,-0.03,-0.2,0.0,-0.029900000000000003,0.029900000000000003,7.41,-0.0356,45732.0,0.033800000000000004,0.0,6926.0,45180.0,0.042300000000000004
1385873488,10,0,-0.198,0.177,-0.011,-0.2,0.0,-0.027700000000000002,0.027700000000000002,7.41,-0.0366,45872.0,0.032,0.0,11886.0,44912.0,0.0392
1385877543,10,0,-0.228,0.091,-0.009000000000000001,-0.2,0.0,-0.027800000000000002,0.027800000000000002,7.41,-0.0376,45732.0,0.032,0.0,15941.0,44912.0,0.039400000000000004
1385880444,10,0,-0.148,0.154,-0.026000000000000002,-0.2,0.0,-0.0262,0.0262,7.41,-0.0381,46152.0,0.0302,0.0,18842.0,44912.0,0.0371
1385884450,10,0,-0.23,0.132,-0.015,-0.2,0.0,-0.026000000000000002,0.026000000000000002,7.4,-0.0391,45592.0,0.0302,0.0,22848.0,45044.0,0.0368
1385888498,10,0,-0.17300000000000001,0.127,-0.014,-0.2,0.0,-0.0268,0.0267,7.4,-0.039900000000000005,45872.0,0.0302,0.0,0.0,44912.0,0.0378
1385892527,10,0,-0.192,0.167,-0.023,-0.2,0.0,-0.0264,0.0264,7.4,-0.0408,45732.0,0.0302,0.0,4029.0,45044.0,0.0373
1385897458,10,0,-0.17,0.117,-0.011,-0.2,0.0,-0.0247,0.0246,7.4,-0.042,45872.0,0.0285,0.0,8960.0,44912.0,0.0349
1385901463,10,0,-0.169,0.167,0.015,-0.2,0.0,-0.023700000000000002,0.023700000000000002,7.4,-0.042800000000000005,46012.0,0.0267,0.0,12965.0,44912.0,0.0335
1385905528,10,0,-0.196,0.107,0.012,-0.2,0.0,-0.0236,0.0236,7.4,-0.0439,45872.0,0.0267,0.0,17030.0,44912.0,0.0334
1385908514,10,0,-0.105,0.163,0.0,-0.2,0.0,-0.0218,0.0218,7.4,-0.044500000000000005,45732.0,0.024900000000000002,0.0,20016.0,45044.0,0.0308
1385912528,10,0,-0.201,0.138,0.026000000000000002,-0.2,0.0,-0.0224,0.0224,7.4,-0.0454,45872.0,0.024900000000000002,0.0,24030.0,45044.0,0.0317
1385917472,10,0,-0.08,0.151,0.035,-0.2,0.0,-0.0198,0.0198,7.4,-0.0465,45872.0,0.023100000000000002,0.0,0.0,45180.0,0.028
1385921480,10,0,-0.165,0.133,0.042,-0.2,0.0,-0.0175,0.0175,7.4,-0.0473,46152.0,0.0196,0.0,4008.0,44912.0,0.024800000000000003
1385925574,10,0,-0.171,0.109,0.034,-0.2,0.0,-0.0189,0.0189,7.4,-0.048,46012.0,0.021400000000000002,0.0,8102.0,45044.0,0.0268
1385928527,10,0,-0.085,0.15,0.024,-0.2,0.0,-0.0183,0.0183,7.4,-0.0488,46012.0,0.021400000000000002,0.0,11055.0,45180.0,0.025900000000000003
1385932528,10,0,-0.153,0.096,0.024,-0.2,0.0,-0.014100000000000001,0.014100000000000001,7.4,-0.049600000000000005,45732.0,0.016,0.0,15056.0,45180.0,0.02
1385937486,10,0,-0.094,0.14400000000000002,0.015,-0.2,0.0,-0.0167,0.0167,7.4,-0.0505,45732.0,0.0196,0.0,20014.0,45044.0,0.0236
1385941531,10,0,-0.137,0.10200000000000001,0.007,-0.2,0.0,-0.0152,0.0152,7.4,-0.051300000000000005,45732.0,0.0178,0.0,24059.0,45044.0,0.0216
1385946490,10,0,-0.067,0.13,-0.026000000000000002,-0.2,0.0,-0.0119,0.0119,7.4,-0.052000000000000005,45732.0,0.0142,0.0,0.0,45044.0,0.016800000000000002
1385948542,10,0,-0.114,0.127,-0.024,-0.2,0.0,-0.0132,0.0132,7.4,-0.0524,45456.0,0.0142,0.0,2052.0,45044.0,0.018600000000000002
1385953547,10,0,-0.07100000000000001,0.105,-0.039,-0.2,0.0,-0.0128,0.012700000000000001,7.4,-0.053200000000000004,45732.0,0.0142,0.0,7057.0,45044.0,0.018000000000000002
1385958364,10,0,-0.08600000000000001,0.11800000000000001,-0.033,-0.2,0.0,-0.010100000000000001,0.010100000000000001,7.4,-0.053700000000000005,45592.0,0.010700000000000001,0.0,11874.0,45044.0,0.0143
1385960499,10,0,-0.147,0.098,-0.041,-0.2,0.0,-0.0122,0.0122,7.4,-0.054200000000000005,45732.0,0.0142,0.0,14009.0,44776.0,0.0173
1385964510,10,0,-0.042,0.122,-0.052000000000000005,-0.2,0.0,-0.0125,0.0125,7.4,-0.054700000000000006,45592.0,0.0142,0.0,18020.0,45044.0,0.0176
1385969511,10,0,-0.156,0.134,-0.049,-0.2,0.0,-0.015000000000000001,0.015000000000000001,7.4,-0.055600000000000004,45872.0,0.0178,0.0,23021.0,45044.0,0.0212
1385973560,10,0,-0.036000000000000004,0.126,-0.038,-0.2,0.0,-0.013900000000000001,0.013900000000000001,7.4,-0.0562,45872.0,0.016,0.0,0.0,44776.0,0.019700000000000002
1385976514,10,0,-0.109,0.13,-0.014,-0.2,0.0,-0.013800000000000002,0.013800000000000002,7.4,-0.0565,45872.0,0.016,0.0,2954.0,45180.0,0.0195
1385981520,10,0,-0.084,0.129,-0.029,-0.2,0.0,-0.014,0.014,7.4,-0.0575,45732.0,0.016,0.0,7960.0,45044.0,0.0198
1385986522,10,0,-0.121,0.133,-0.004,-0.2,0.0,-0.011000000000000001,0.011000000000000001,7.4,-0.058,45456.0,0.0125,0.0,12962.0,44912.0,0.015600000000000001
1385988570,10,0,-0.159,0.152,0.003,-0.2,0.0,-0.0114,0.0114,7.4,-0.0584,45592.0,0.0125,0.0,15010.0,44912.0,0.0162
1385993574,10,0,-0.046,0.11900000000000001,0.014,-0.2,0.0,-0.013300000000000001,0.013300000000000001,7.4,-0.059000000000000004,45872.0,0.0142,0.0,20014.0,45044.0,0.0189
1385996528,10,0,-0.123,0.117,0.028,-0.2,0.0,-0.0081,0.0081,7.4,-0.059300000000000005,45732.0,0.0089,0.0,22968.0,45180.0,0.0115
1386001535,10,0,-0.063,0.126,0.027,-0.2,0.0,-0.0098,0.0098,7.4,-0.060000000000000005,45732.0,0.010700000000000001,0.0,0.0,45180.0,0.013900000000000001
1386005664,10,0,-0.116,0.112,0.03,-0.2,0.0,-0.009000000000000001,0.009000000000000001,7.4,-0.0604,45732.0,0.010700000000000001,0.0,4129.0,45180.0,0.012700000000000001
1386008579,10,0,-0.106,0.122,0.03,-0.2,0.0,-0.006500000000000001,0.006500000000000001,7.4,-0.0609,45732.0,0.0071,0.0,7044.0,44912.0,0.0092
1386013585,10,0,-0.09,0.099,0.052000000000000005,-0.2,0.0,-0.006900000000000001,0.006900000000000001,7.4,-0.0614,45732.0,0.0071,0.0,12050.0,45180.0,0.0098
1386016543,10,0,-0.125,0.088,0.038,-0.2,0.0,-0.0048000000000000004,0.0048000000000000004,7.4,-0.061900000000000004,45732.0,0.0053,0.0,15008.0,45180.0,0.0067
1386021581,10,0,-0.049,0.113,0.018000000000000002,-0.2,0.0,-0.0044,0.0044,7.4,-0.0623,45732.0,0.0053,0.0,20046.0,45180.0,0.006200000000000001
1386026549,10,0,-0.101,0.085,0.025,-0.2,0.0,-0.0046,0.0046,7.4,-0.0632,45592.0,0.0053,0.0,25014.0,45180.0,0.006500000000000001
1386028596,10,0,-0.037,0.095,0.027,-0.2,0.0,-0.0022,0.0022,7.4,-0.0634,46012.0,0.0018000000000000002,0.0,0.0,45044.0,0.0031000000000000003
1386033599,10,0,-0.128,0.084,0.022,-0.2,0.0,-0.0036000000000000003,0.0036000000000000003,7.4,-0.0641,45872.0,0.0036000000000000003,0.0,5003.0,45044.0,0.005
1386036554,10,0,-0.074,0.074,0.003,-0.2,0.0,-0.0027,0.0027,7.4,-0.0645,45732.0,0.0036000000000000003,0.0,7958.0,45180.0,0.0038
1386041562,10,0,-0.077,0.088,0.001,-0.2,0.0,-0.0004,0.0004,7.4,-0.065,45872.0,0.0,0.0,12966.0,45180.0,0.0006000000000000001
1386046561,10,0,-0.042,0.064,-0.01,-0.2,0.0,-0.001,0.001,7.4,-0.0658,45732.0,0.0018000000000000002,0.0,17965.0,45316.0,0.0014
1386048609,10,0,-0.008,0.069,-0.01,-0.2,0.0,-0.0004,0.0004,7.4,-0.0659,45456.0,0.0,0.0,20013.0,45180.0,0.0006000000000000001
1386053574,10,0,-0.123,0.08,-0.014,-0.2,0.0,-0.00030000000000000003,0.00030000000000000003,7.4,-0.0665,45592.0,0.0,0.0,24978.0,45180.0,0.0004
1386058644,10,0,-0.023,0.068,-0.027,-0.2,0.0,-0.0005,0.0005,7.4,-0.06720000000000001,45732.0,0.0,0.0,0.0,45180.0,0.0007
1386061574,10,0,-0.108,0.063,-0.037,-0.2,0.0,0.0008,-0.0008,7.4,-0.06760000000000001,45732.0,0.0,0.0,2930.0,45316.0,-0.0011
1386066575,10,0,0.008,0.07,-0.041,-0.2,0.0,0.0018000000000000002,-0.0018000000000000002,7.4,-0.06810000000000001,45732.0,-0.0018000000000000002,0.0,7931.0,45316.0,-0.0026000000000000003
1386068622,10,0,-0.062,0.079,-0.026000000000000002,-0.2,0.0,-0.0019,0.0019,7.4,-0.0683,45872.0,0.0018000000000000002,0.0,9978.0,45044.0,0.0027
1386073626,10,0,-0.061,0.056,-0.034,-0.2,0.0,-0.0002,0.0002,7.4,-0.0692,45872.0,0.0,0.0,14982.0,44776.0,0.00030000000000000003
1386076581,10,0,0.003,0.053,-0.052000000000000005,-0.2,0.0,0.0008,-0.0008,7.4,-0.0693,45872.0,-0.0018000000000000002,0.0,17937.0,45316.0,-0.0012000000000000001
1386081588,10,0,-0.157,0.074,-0.02,-0.2,0.0,-0.0014,0.0014,7.4,-0.07010000000000001,45732.0,0.0018000000000000002,0.0,22944.0,45180.0,0.002
1386086574,10,0,-0.002,0.04,-0.01,-0.2,0.0,-0.0005,0.0005,7.4,-0.0703,45732.0,0.0,0.0,0.0,45044.0,0.0007
1386088632,10,0,-0.129,0.056,-0.01,-0.2,0.0,0.0061,-0.0061,7.4,-0.07060000000000001,45592.0,-0.0071,0.0,2058.0,45180.0,-0.0086
1386093639,10,0,-0.049,0.05,0.013000000000000001,-0.2,0.0,-0.0007,0.0007,7.4,-0.0711,45592.0,0.0,0.0,7065.0,45180.0,0.001
1386096595,10,0,-0.033,0.041,0.015,-0.2,0.0,0.0049,-0.0049,7.4,-0.0711,45456.0,-0.0053,0.0,10021.0,45180.0,-0.006900000000000001
1386101600,10,0,-0.091,0.058,0.014,-0.2,0.0,0.006500000000000001,-0.006500000000000001,7.4,-0.07150000000000001,45732.0,-0.0071,0.0,15026.0,45044.0,-0.0092
1386105791,10,0,-0.056,0.049,0.043000000000000003,-0.2,0.0,0.0014,-0.0014,7.4,-0.0716,46012.0,-0.0018000000000000002,0.0,19217.0,44912.0,-0.002
1386108649,10,0,-0.134,0.058,0.046,-0.2,0.0,0.003,-0.003,7.4,-0.0718,45592.0,-0.0036000000000000003,0.0,22075.0,45180.0,-0.0043
1386113653,10,0,-0.03,0.055,0.024,-0.2,0.0,0.0044,-0.0044,7.4,-0.0721,45592.0,-0.0053,0.0,0.0,45316.0,-0.006200000000000001
1386116608,10,0,-0.108,0.051000000000000004,0.027,-0.2,0.0,0.0038,-0.0038,7.4,-0.0723,45592.0,-0.0036000000000000003,0.0,2955.0,45044.0,-0.0054
1386122611,10,0,-0.02,0.069,0.047,-0.2,0.0,0.005200000000000001,-0.005200000000000001,7.4,-0.0728,45872.0,-0.0053,0.0,8958.0,45180.0,-0.0074
1386124614,10,0,-0.07100000000000001,0.066,0.048,-0.2,0.0,0.0041,-0.0041,7.4,-0.0729,45456.0,-0.0053,0.0,10961.0,45180.0,-0.0058000000000000005
1386128661,10,0,-0.079,0.05,0.024,-0.2,0.0,0.007,-0.007,7.4,-0.0734,45732.0,-0.0071,0.0,15008.0,45044.0,-0.0099
1386133665,10,0,-0.058,0.068,0.026000000000000002,-0.2,0.0,0.0074,-0.0074,7.4,-0.0736,45732.0,-0.0089,0.0,20012.0,44912.0,-0.0105
1386136620,10,0,-0.11800000000000001,0.051000000000000004,0.03,-0.2,0.0,0.0068000000000000005,-0.0068000000000000005,7.4,-0.07400000000000001,45872.0,-0.0071,0.0,22967.0,45044.0,-0.009600000000000001
1386141626,10,0,-0.007,0.05,0.007,-0.2,0.0,0.0098,-0.0098,7.4,-0.0742,46012.0,-0.010700000000000001,0.0,0.0,45044.0,-0.013900000000000001
1386146627,10,0,-0.105,0.045,0.008,-0.2,0.0,0.0077,-0.0077,7.4,-0.0748,45592.0,-0.0089,0.0,5001.0,45180.0,-0.0109
1386148675,10,0,-0.012,0.041,-0.005,-0.2,0.0,0.0079,-0.0079,7.4,-0.07490000000000001,45592.0,-0.0089,0.0,7049.0,45044.0,-0.0112
1386154685,10,0,-0.157,0.055,-0.028,-0.2,0.0,0.007,-0.007,7.4,-0.0756,45732.0,-0.0071,0.0,13059.0,45044.0,-0.0099
1386157635,10,0,-0.016,0.04,-0.035,-0.2,0.0,0.007500000000000001,-0.007500000000000001,7.4,-0.07590000000000001,45732.0,-0.0089,0.0,16009.0,45180.0,-0.0105
1386161638,10,0,-0.08600000000000001,0.06,-0.027,-0.2,0.0,0.0085,-0.0085,7.4,-0.0762,45316.0,-0.0089,0.0,20012.0,45180.0,-0.012
1386166639,10,0,-0.018000000000000002,0.033,-0.044,-0.2,0.0,0.0094,-0.0094,7.4,-0.077,45732.0,-0.010700000000000001,0.0,25013.0,44912.0,-0.013300000000000001
1386168683,10,0,0.025,0.042,-0.054,-0.2,0.0,0.009000000000000001,-0.009000000000000001,7.4,-0.077,45316.0,-0.010700000000000001,0.0,0.0,45180.0,-0.012700000000000001
1386173684,10,0,-0.147,0.034,-0.048,-0.2,0.0,0.0108,-0.0108,7.4,-0.07780000000000001,45872.0,-0.0125,0.0,5001.0,45316.0,-0.015300000000000001
1386176646,10,0,0.021,0.018000000000000002,-0.033,-0.2,0.0,0.0111,-0.0111,7.4,-0.0779,45732.0,-0.0125,0.0,7963.0,45044.0,-0.015700000000000002
1386181667,10,0,-0.14,0.047,-0.023,-0.2,0.0,0.0131,-0.0131,7.4,-0.07830000000000001,45592.0,-0.0142,0.0,12984.0,45044.0,-0.018500000000000003
1386186653,10,0,0.019,0.04,-0.023,-0.2,0.0,0.0091,-0.0091,7.4,-0.0787,45872.0,-0.010700000000000001,0.0,17970.0,45044.0,-0.0129
1386188691,10,0,-0.023,0.058,-0.006,-0.2,0.0,0.010700000000000001,-0.010700000000000001,7.4,-0.07880000000000001,45872.0,-0.0125,0.0,20008.0,44912.0,-0.0152
1386193741,10,0,-0.057,0.031,0.006,-0.2,0.0,0.0118,-0.0118,7.4,-0.0794,45316.0,-0.0142,0.0,25058.0,45180.0,-0.0167
1386196660,10,0,0.024,0.056,0.014,-0.2,0.0,0.0114,-0.0114,7.4,-0.0794,45872.0,-0.0125,0.0,0.0,45044.0,-0.0161
1386201666,10,0,-0.105,0.042,0.045,-0.2,0.0,0.0114,-0.0114,7.4,-0.0799,46012.0,-0.0125,0.0,5006.0,45044.0,-0.0162
1386205789,10,0,0.026000000000000002,0.056,0.04,-0.2,0.0,0.0114,-0.0114,7.4,-0.08,45732.0,-0.0125,0.0,9129.0,45044.0,-0.0161
1386208573,10,0,-0.073,0.064,0.036000000000000004,-0.2,0.0,0.01,-0.01,7.4,-0.0801,45592.0,-0.010700000000000001,0.0,11913.0,45180.0,-0.014100000000000001
1386213575,10,0,-0.009000000000000001,0.045,0.036000000000000004,-0.2,0.0,0.0108,-0.0108,7.4,-0.0806,45732.0,-0.0125,0.0,16915.0,45180.0,-0.015300000000000001
1386218601,10,0,-0.123,0.069,0.051000000000000004,-0.2,0.0,0.0103,-0.0103,7.4,-0.08080000000000001,45592.0,-0.0125,0.0,21941.0,45044.0,-0.0145
1386220677,10,0,-0.091,0.037,0.031,-0.2,0.0,0.0106,-0.0106,7.4,-0.08120000000000001,45592.0,-0.0125,0.0,24017.0,45044.0,-0.015000000000000001
1386225679,10,0,-0.037,0.082,0.008,-0.2,0.0,0.0117,-0.0117,7.4,-0.08120000000000001,45872.0,-0.0125,0.0,0.0,45180.0,-0.0166
1386229683,10,0,-0.101,0.049,0.009000000000000001,-0.2,0.0,0.0105,-0.0105,7.4,-0.08170000000000001,45732.0,-0.0125,0.0,4004.0,45180.0,-0.0149
1386233764,10,0,0.03,0.076,-0.008,-0.2,0.0,0.0115,-0.0115,7.4,-0.08170000000000001,46012.0,-0.0125,0.0,8085.0,44912.0,-0.0162
1386236687,10,0,-0.124,0.075,-0.008,-0.2,0.0,0.012,-0.012,7.4,-0.082,45456.0,-0.0142,0.0,11008.0,45044.0,-0.017
1386241687,10,0,0.029,0.058,-0.018000000000000002,-0.2,0.0,0.011300000000000001,-0.011300000000000001,7.4,-0.0823,45592.0,-0.0125,0.0,16008.0,45044.0,-0.0159
1386246574,10,0,-0.126,0.08700000000000001,-0.031,-0.2,0.0,0.0103,-0.0103,7.4,-0.0826,45592.0,-0.0125,0.0,20895.0,45044.0,-0.0146
1386248767,10,0,-0.089,0.048,-0.046,-0.2,0.0,0.0099,-0.0099,7.4,-0.083,45872.0,-0.010700000000000001,0.0,23088.0,45044.0,-0.014100000000000001
1386253771,10,0,-0.059000000000000004,0.099,-0.049,-0.2,0.0,0.010100000000000001,-0.01,7.4,-0.0833,45592.0,-0.010700000000000001,0.0,0.0,44912.0,-0.0142
1386258599,10,0,-0.101,0.045,-0.036000000000000004,-0.2,0.0,0.011000000000000001,-0.011000000000000001,7.4,-0.0839,45872.0,-0.0125,0.0,4828.0,45044.0,-0.015600000000000001
1386260739,10,0,0.034,0.084,-0.043000000000000003,-0.2,0.0,0.010400000000000001,-0.010400000000000001,7.4,-0.084,45872.0,-0.0125,0.0,6968.0,45180.0,-0.0146
1386265576,10,0,-0.139,0.075,-0.05,-0.2,0.0,0.0118,-0.0118,7.4,-0.0845,45872.0,-0.0142,0.0,11805.0,45180.0,-0.0167
1386270573,10,0,0.021,0.07200000000000001,-0.035,-0.2,0.0,0.011600000000000001,-0.011600000000000001,7.4,-0.0849,46012.0,-0.012400000000000001,0.0,16802.0,45044.0,-0.0164
1386272574,10,0,-0.023,0.106,-0.016,-0.2,0.0,0.0122,-0.0122,7.4,-0.08510000000000001,45872.0,-0.0142,0.0,18803.0,45044.0,-0.0173
1386276747,10,0,-0.057,0.04,-0.014,-0.2,0.0,0.012400000000000001,-0.012400000000000001,7.4,-0.0859,45592.0,-0.0142,0.0,22976.0,44776.0,-0.0175
1386281577,10,0,-0.012,0.099,0.003,-0.2,0.0,0.0129,-0.0129,7.4,-0.08610000000000001,45732.0,-0.0142,0.0,0.0,44912.0,-0.0182
1386286573,10,0,-0.07,0.025,0.02,-0.2,0.0,0.0137,-0.0137,7.4,-0.0868,46152.0,-0.016,0.0,4996.0,45044.0,-0.0193
1386288574,10,0,0.023,0.058,0.013000000000000001,-0.2,0.0,0.013300000000000001,-0.013300000000000001,7.4,-0.0868,45872.0,-0.0142,0.0,6997.0,45180.0,-0.0189
1386292574,10,0,-0.1,0.092,0.028,-0.2,0.0,0.0122,-0.0122,7.4,-0.0873,45732.0,-0.0142,0.0,10997.0,44912.0,-0.0173
1386296756,10,0,0.015,0.049,0.037,-0.2,0.0,0.0125,-0.0125,7.4,-0.0878,45456.0,-0.0142,0.0,15179.0,45180.0,-0.0177
1386301573,10,0,-0.08,0.084,0.04,-0.2,0.0,0.0143,-0.0143,7.4,-0.0881,45872.0,-0.016,0.0,19996.0,45180.0,-0.020200000000000003
1386305937,10,0,0.003,0.036000000000000004,0.02,-0.2,0.0,0.0137,-0.0137,7.4,-0.0886,45732.0,-0.016,0.0,24360.0,45180.0,-0.0193
1386308572,10,0,0.017,0.093,0.017,-0.2,0.0,0.0129,-0.0129,7.4,-0.0886,45872.0,-0.0142,0.0,0.0,45044.0,-0.0183
1386312766,10,0,-0.095,0.025,0.025,-0.2,0.0,0.0125,-0.0125,7.4,-0.0893,45872.0,-0.0142,0.0,4194.0,45044.0,-0.0177
1386317573,10,0,0.026000000000000002,0.08700000000000001,0.013000000000000001,-0.2,0.0,0.0131,-0.0131,7.4,-0.08940000000000001,46012.0,-0.0142,0.0,9001.0,45044.0,-0.018500000000000003
1386321774,10,0,-0.111,0.018000000000000002,0.01,-0.2,0.0,0.013000000000000001,-0.013000000000000001,7.4,-0.08990000000000001,45592.0,-0.0142,0.0,13202.0,45044.0,-0.0184
1386326573,10,0,0.022,0.088,-0.011,-0.2,0.0,0.0117,-0.0117,7.4,-0.09000000000000001,45732.0,-0.012400000000000001,0.0,18001.0,45180.0,-0.0166
1386328579,10,0,-0.074,0.11,-0.007,-0.2,0.0,0.0105,-0.0105,7.4,-0.0902,45592.0,-0.012400000000000001,0.0,20007.0,45044.0,-0.0148
1386332781,10,0,-0.016,0.014,-0.003,-0.2,0.0,0.0122,-0.0122,7.4,-0.0907,45592.0,-0.0142,0.0,24209.0,45180.0,-0.0173
1386336787,10,0,-0.066,0.098,-0.001,-0.2,0.0,0.013300000000000001,-0.013300000000000001,7.4,-0.0908,45592.0,-0.0142,0.0,0.0,45316.0,-0.0189
1386341574,10,0,-0.107,0.02,-0.002,-0.2,0.0,0.010400000000000001,-0.010400000000000001,7.4,-0.09140000000000001,45732.0,-0.012400000000000001,0.0,4787.0,45044.0,-0.0146
1386345791,10,0,-0.04,0.11800000000000001,-0.023,-0.2,0.0,0.0111,-0.0111,7.4,-0.0915,45732.0,-0.012400000000000001,0.0,9004.0,45180.0,-0.015700000000000002
1386349792,10,0,-0.116,0.012,-0.015,-0.2,0.0,0.0123,-0.0123,7.4,-0.09190000000000001,45732.0,-0.0142,0.0,13005.0,45180.0,-0.017400000000000002
1386353820,10,0,-0.006,0.10200000000000001,-0.003,-0.2,0.0,0.011600000000000001,-0.011600000000000001,7.4,-0.092,45456.0,-0.012400000000000001,0.0,17033.0,45180.0,-0.0165
1386358607,10,0,-0.135,0.051000000000000004,-0.004,-0.2,0.0,0.0115,-0.0115,7.4,-0.0925,45732.0,-0.012400000000000001,0.0,21820.0,45180.0,-0.016300000000000002
1386360794,10,0,-0.033,0.04,-0.033,-0.2,0.0,0.0119,-0.0119,7.4,-0.0926,46012.0,-0.0142,0.0,24007.0,45180.0,-0.016800000000000002
1386364808,10,0,-0.07200000000000001,0.109,-0.026000000000000002,-0.2,0.0,0.0125,-0.0125,7.4,-0.09290000000000001,46152.0,-0.0142,0.0,0.0,45044.0,-0.0177
1386369573,10,0,-0.089,0.025,-0.017,-0.197,2.67,0.0119,-0.0119,7.4,-0.09340000000000001,45872.0,-0.0142,0.0,4765.0,45044.0,-0.016800000000000002
1386373579,10,0,-0.031,0.11800000000000001,-0.022,-0.187,2.67,0.0094,-0.0094,7.4,-0.0937,45732.0,-0.010700000000000001,0.0,8771.0,44912.0,-0.0132
1386378607,10,0,-0.095,0.027,-0.001,-0.17300000000000001,2.67,0.008,-0.008,7.4,-0.09430000000000001,45456.0,-0.0089,0.0,13799.0,45044.0,-0.011300000000000001
1386380815,10,0,-0.006,0.08600000000000001,-0.018000000000000002,-0.168,2.67,0.008700000000000001,-0.008700000000000001,7.4,-0.0945,45592.0,-0.010700000000000001,0.0,16007.0,45044.0,-0.012400000000000001
1386385576,10,0,-0.10300000000000001,0.074,-0.015,-0.155,2.67,0.0068000000000000005,-0.0068000000000000005,7.4,-0.095,45456.0,-0.0071,0.0,20768.0,45044.0,-0.0097
1386389578,10,0,-0.026000000000000002,0.053,-0.01,-0.14400000000000002,2.67,0.006,-0.006,7.4,-0.0954,45732.0,-0.0071,0.0,24770.0,45044.0,-0.0085
1386393579,10,0,-0.069,0.094,0.013000000000000001,-0.133,2.67,0.005,-0.005,7.4,-0.09580000000000001,45732.0,-0.0053,0.0,0.0,45180.0,-0.0071
1386397822,10,0,-0.022,0.043000000000000003,-0.001,-0.123,2.67,0.0054,-0.0054,7.4,-0.09630000000000001,46012.0,-0.0053,0.0,4243.0,45044.0,-0.0077
1386400580,10,0,0.017,0.088,-0.002,-0.115,2.67,0.0048000000000000004,-0.0048000000000000004,7.4,-0.0964,45732.0,-0.0053,0.0,7001.0,45180.0,-0.0068000000000000005
1386405690,10,0,-0.10400000000000001,0.034,0.023,-0.101,2.67,0.0028,-0.0028,7.4,-0.097,45456.0,-0.0036000000000000003,0.0,12111.0,45044.0,-0.004
1386410578,10,0,0.03,0.077,0.015,-0.088,2.67,0.0043,-0.0043,7.4,-0.0971,45592.0,-0.0053,0.0,16999.0,45044.0,-0.0061
1386412578,10,0,-0.056,0.077,0.024,-0.083,2.67,0.003,-0.003,7.4,-0.09730000000000001,46012.0,-0.0036000000000000003,0.0,18999.0,45316.0,-0.0043
1386416821,10,0,0.039,0.048,0.021,-0.07200000000000001,2.67,0.0018000000000000002,-0.0018000000000000002,7.4,-0.0978,45872.0,-0.0018000000000000002,0.0,23242.0,45044.0,-0.0025
1386421579,10,0,-0.039,0.078,0.013000000000000001,-0.059000000000000004,2.67,0.0001,-0.0001,7.4,-0.098,45872.0,0.0,0.0,0.0,45180.0,-0.0001
1386425819,10,0,0.035,0.035,0.009000000000000001,-0.048,2.67,-0.0007,0.0007,7.4,-0.0984,45872.0,0.0,0.0,4240.0,45180.0,0.0009000000000000001
1386429820,10,0,-0.029,0.075,0.024,-0.037,2.67,-0.0024000000000000002,0.0024000000000000002,7.4,-0.0985,45456.0,0.0036000000000000003,0.0,8241.0,45044.0,0.0034000000000000002
1386432578,10,0,-0.099,0.046,0.023,-0.029,2.67,-0.0038,0.0038,7.4,-0.09870000000000001,45872.0,0.0036000000000000003,0.0,10999.0,45180.0,0.0053
1386436578,10,0,0.048,0.028,-0.008,-0.019,2.67,-0.0053,0.0053,7.4,-0.0989,45456.0,0.0053,0.0,14999.0,45044.0,0.007500000000000001
1386440817,10,0,-0.066,0.037,-0.006,-0.008,2.67,-0.0031000000000000003,0.0031000000000000003,7.4,-0.09910000000000001,45592.0,0.0036000000000000003,0.0,19238.0,45180.0,0.0044
1386445579,10,0,0.013000000000000001,0.027,-0.005,0.005,2.67,-0.0095,0.0095,7.4,-0.0993,45456.0,0.010700000000000001,0.0,24000.0,45044.0,0.0134
1386450579,10,0,-0.046,0.026000000000000002,0.004,0.019,2.67,-0.008700000000000001,0.008700000000000001,7.4,-0.0994,45872.0,0.010700000000000001,0.0,0.0,45180.0,0.0123
1386452820,10,0,-0.022,0.019,-0.007,0.024,2.67,-0.0097,0.0097,7.4,-0.0995,45732.0,0.010700000000000001,0.0,2241.0,45044.0,0.0137
1386457821,10,0,-0.028,0.032,-0.008,0.037,2.67,-0.014700000000000001,0.014700000000000001,7.4,-0.0995,45732.0,0.016,0.0,7242.0,45044.0,0.0207
1386460579,10,0,-0.065,0.018000000000000002,-0.011,0.045,2.67,-0.0159,0.0159,7.4,-0.09960000000000001,45592.0,0.0178,0.0,10000.0,45180.0,0.022500000000000003
1386464589,10,0,0.031,0.025,-0.009000000000000001,0.056,2.67,-0.0142,0.0142,7.4,-0.09970000000000001,45592.0,0.016,0.0,14010.0,45044.0,0.02
1386468836,10,0,-0.078,0.016,0.015,0.067,2.67,-0.0187,0.0187,7.4,-0.09970000000000001,45732.0,0.0213,0.0,18257.0,45180.0,0.026500000000000003
1386473838,10,0,0.06,0.018000000000000002,-0.004,0.08,2.67,-0.0176,0.0176,7.4,-0.09970000000000001,45872.0,0.0196,0.0,23259.0,45044.0,0.024900000000000002
1386476580,10,0,0.027,0.025,-0.005,0.088,2.67,-0.0195,0.0195,7.4,-0.09960000000000001,45456.0,0.0213,0.0,0.0,45044.0,0.027600000000000003
1386480819,10,0,-0.032,0.018000000000000002,0.003,0.099,2.67,-0.023200000000000002,0.023200000000000002,7.4,-0.0999,45592.0,0.0267,0.0,4239.0,44776.0,0.0328
1386484834,10,0,0.038,0.013000000000000001,0.018000000000000002,0.109,2.67,-0.024200000000000003,0.024200000000000003,7.4,-0.09970000000000001,45592.0,0.0267,0.0,8254.0,45044.0,0.0342
1386489580,10,0,-0.064,0.025,0.009000000000000001,0.123,2.67,-0.025500000000000002,0.025500000000000002,7.4,-0.0999,45592.0,0.0284,0.0,13000.0,44912.0,0.0361
1386493853,10,0,0.032,0.008,0.005,0.133,2.67,-0.029900000000000003,0.0298,7.4,-0.0999,45592.0,0.033800000000000004,0.0,17273.0,44912.0,0.0422
1386496578,10,0,-0.034,0.01,0.008,0.14100000000000001,2.67,-0.0303,0.0302,7.4,-0.0999,45732.0,0.033800000000000004,0.0,19998.0,45180.0,0.042800000000000005
1386501572,10,0,0.039,0.009000000000000001,-0.006,0.155,2.67,-0.0304,0.0304,7.4,-0.10010000000000001,45872.0,0.033800000000000004,0.0,24992.0,45044.0,0.043000000000000003
1386505690,10,0,-0.005,-0.006,0.001,0.165,2.67,-0.0313,0.0313,7.4,-0.1,45732.0,0.035500000000000004,0.0,0.0,45180.0,0.0442
1386510572,10,0,0.07,-0.003,-0.001,0.179,2.67,-0.030100000000000002,0.030100000000000002,7.4,-0.1,45732.0,0.033800000000000004,0.0,4882.0,45044.0,0.0425
1386512819,10,0,0.054,-0.007,-0.008,0.184,2.67,-0.0327,0.0327,7.4,-0.0998,45592.0,0.0373,0.0,7129.0,45180.0,0.0463
1386517572,10,0,-0.012,-0.008,-0.014,0.197,2.67,-0.0347,0.0347,7.4,-0.0998,45872.0,0.0391,0.0,11882.0,45180.0,0.049100000000000005
1386521863,10,0,0.076,-0.017,0.014,0.2,0.0,-0.034,0.0339,7.4,-0.0995,45592.0,0.0391,0.0,16173.0,45044.0,0.048
1386526573,10,0,-0.013000000000000001,-0.013000000000000001,0.002,0.2,0.0,-0.034800000000000005,0.034800000000000005,7.4,-0.09960000000000001,45732.0,0.0391,0.0,20883.0,45180.0,0.0492
1386528874,10,0,0.091,-0.03,-0.009000000000000001,0.2,0.0,-0.0356,0.0356,7.4,-0.0995,45456.0,0.0409,0.0,23184.0,45180.0,0.0504
1386533572,10,0,-0.007,-0.034,0.004,0.2,0.0,-0.0347,0.0347,7.4,-0.0993,45592.0,0.0391,0.0,0.0,45180.0,0.049
1386537835,10,0,0.091,-0.04,0.0,0.2,0.0,-0.035300000000000005,0.035300000000000005,7.4,-0.09920000000000001,45732.0,0.0391,0.0,4263.0,45044.0,0.0499
1386542572,10,0,0.028,-0.045,0.013000000000000001,0.2,0.0,-0.0339,0.033800000000000004,7.4,-0.0989,45456.0,0.0391,0.0,9000.0,45044.0,0.047900000000000005
1386544572,10,0,0.008,-0.05,0.017,0.2,0.0,-0.032600000000000004,0.0325,7.4,-0.0989,45592.0,0.0373,0.0,11000.0,45180.0,0.046
1386548573,10,0,0.113,-0.065,0.002,0.2,0.0,-0.033100000000000004,0.033,7.4,-0.09860000000000001,45732.0,0.0373,0.0,15001.0,45044.0,0.046700000000000005
1386552847,10,0,0.019,-0.068,-0.003,0.2,0.0,-0.0325,0.0325,7.4,-0.09820000000000001,45592.0,0.0373,0.0,19275.0,45316.0,0.046
1386557887,10,0,0.106,-0.07200000000000001,-0.001,0.2,0.0,-0.034,0.034,7.4,-0.09770000000000001,45732.0,0.0391,0.0,24315.0,45180.0,0.048
1386561890,10,0,0.011,-0.075,0.009000000000000001,0.2,0.0,-0.0359,0.0358,7.4,-0.09730000000000001,46012.0,0.0409,0.0,0.0,45180.0,0.0507
1386566572,10,0,0.089,-0.073,-0.007,0.2,0.0,-0.036500000000000005,0.0364,7.4,-0.097,45872.0,0.0409,0.0,4682.0,45180.0,0.051500000000000004
1386568905,10,0,0.058,-0.083,-0.015,0.2,0.0,-0.0373,0.0373,7.390000000000001,-0.0966,46012.0,0.0426,0.0,7015.0,45044.0,0.052700000000000004
1386573573,10,0,0.023,-0.081,-0.016,0.2,0.0,-0.0367,0.0366,7.390000000000001,-0.09630000000000001,45592.0,0.0409,0.0,11683.0,45044.0,0.051800000000000006
1386577861,10,0,0.08700000000000001,-0.093,-0.003,0.2,0.0,-0.034800000000000005,0.034800000000000005,7.390000000000001,-0.0956,45592.0,0.0391,0.0,15971.0,45044.0,0.0492
1386581864,10,0,0.021,-0.089,-0.002,0.2,0.0,-0.0341,0.0341,7.390000000000001,-0.0952,45592.0,0.0391,0.0,19974.0,45180.0,0.0482
1386586572,10,0,0.167,-0.1,-0.006,0.2,0.0,-0.0316,0.0316,7.390000000000001,-0.0945,45732.0,0.035500000000000004,0.0,24682.0,45180.0,0.0446
1386588573,10,0,0.07100000000000001,-0.096,-0.001,0.2,0.0,-0.0322,0.0322,7.390000000000001,-0.0941,45456.0,0.0373,0.0,0.0,44912.0,0.0456
1386592871,10,0,0.13,-0.105,-0.005,0.2,0.0,-0.031200000000000002,0.031100000000000003,7.390000000000001,-0.0935,45732.0,0.035500000000000004,0.0,4298.0,45044.0,0.044000000000000004
1386596875,10,0,0.093,-0.116,0.013000000000000001,0.2,0.0,-0.029500000000000002,0.029400000000000003,7.390000000000001,-0.0926,45592.0,0.033800000000000004,0.0,8302.0,45044.0,0.041600000000000005
1386601916,10,0,0.115,-0.1,0.003,0.2,0.0,-0.0309,0.0309,7.390000000000001,-0.092,45732.0,0.035500000000000004,0.0,13343.0,45180.0,0.0438
1386605994,10,0,0.121,-0.123,0.002,0.2,0.0,-0.0285,0.0285,7.390000000000001,-0.0911,45732.0,0.032,0.0,17421.0,45180.0,0.040400000000000005
1386608534,10,0,0.039,-0.114,0.006,0.2,0.0,-0.0267,0.0267,7.390000000000001,-0.09090000000000001,45592.0,0.0302,0.0,19961.0,45180.0,0.037700000000000004
1386612922,10,0,0.153,-0.125,0.006,0.2,0.0,-0.028900000000000002,0.028900000000000002,7.390000000000001,-0.0902,45732.0,0.032,0.0,24349.0,45044.0,0.0409
1386617534,10,0,0.057,-0.125,0.014,0.2,0.0,-0.0264,0.0264,7.390000000000001,-0.08950000000000001,45316.0,0.0302,0.0,0.0,45180.0,0.0373
1386621534,10,0,0.155,-0.131,0.002,0.2,0.0,-0.0223,0.0223,7.390000000000001,-0.0889,45732.0,0.024900000000000002,0.0,4000.0,45044.0,0.0316
1386625534,10,0,0.096,-0.127,-0.001,0.2,0.0,-0.0245,0.0244,7.390000000000001,-0.0881,45592.0,0.0284,0.0,8000.0,45180.0,0.0346
1386629935,10,0,0.152,-0.14,-0.012,0.2,0.0,-0.0221,0.0221,7.390000000000001,-0.0874,45592.0,0.024900000000000002,0.0,12401.0,45044.0,0.0313
1386634535,10,0,0.127,-0.14300000000000002,-0.001,0.2,0.0,-0.0187,0.0187,7.4,-0.08650000000000001,46012.0,0.0213,0.0,17001.0,44912.0,0.026500000000000003
1386636940,10,0,0.07200000000000001,-0.153,0.0,0.2,0.0,-0.019,0.019,7.4,-0.08610000000000001,45592.0,0.0213,0.0,19406.0,45180.0,0.0269
1386641534,10,0,0.171,-0.145,-0.015,0.2,0.0,-0.019200000000000002,0.019200000000000002,7.4,-0.0853,45592.0,0.0213,0.0,24000.0,45180.0,0.027200000000000002
1386645945,10,0,0.07,-0.169,-0.017,0.2,0.0,-0.0175,0.0175,7.4,-0.0844,45592.0,0.0196,0.0,0.0,45180.0,0.0247
1386649948,10,0,0.197,-0.165,-0.015,0.2,0.0,-0.0134,0.0134,7.4,-0.08360000000000001,45592.0,0.016,0.0,4003.0,45180.0,0.019
1386653997,10,0,0.08,-0.162,-0.004,0.2,0.0,-0.0149,0.0149,7.4,-0.0828,45456.0,0.016,0.0,8052.0,45180.0,0.0211
1386658534,10,0,0.17300000000000001,-0.194,-0.012,0.2,0.0,-0.0117,0.0117,7.4,-0.0821,45592.0,0.012400000000000001,0.0,12589.0,45044.0,0.0166
1386660955,10,0,0.182,-0.18,-0.01,0.2,0.0,-0.010100000000000001,0.010100000000000001,7.4,-0.0813,45732.0,0.010700000000000001,0.0,15010.0,45044.0,0.0142
1386665960,10,0,0.111,-0.192,-0.008,0.2,0.0,-0.0111,0.0111,7.4,-0.0804,45592.0,0.012400000000000001,0.0,20015.0,45044.0,0.015700000000000002
1386668572,10,0,0.20600000000000002,-0.198,-0.015,0.2,0.0,-0.0106,0.0106,7.4,-0.07980000000000001,45456.0,0.012400000000000001,0.0,22627.0,45044.0,0.015000000000000001
1386672964,10,0,0.017,-0.194,-0.01,0.2,0.0,-0.0114,0.0114,7.4,-0.07880000000000001,45316.0,0.012400000000000001,0.0,0.0,45180.0,0.0161
1386677533,10,0,0.214,-0.215,0.0,0.2,0.0,-0.008700000000000001,0.008700000000000001,7.4,-0.0779,45732.0,0.010700000000000001,0.0,4569.0,45180.0,0.012400000000000001
1386681533,10,0,0.081,-0.186,-0.015,0.2,0.0,-0.0076,0.0076,7.4,-0.0767,45732.0,0.0089,0.0,8569.0,45456.0,0.0108
1386685974,10,0,0.171,-0.22,-0.02,0.2,0.0,-0.0105,0.0105,7.4,-0.0757,45592.0,0.012400000000000001,0.0,13010.0,45180.0,0.0149
1386689978,10,0,0.14,-0.2,0.002,0.2,0.0,-0.0035,0.0035,7.4,-0.0745,45872.0,0.0036000000000000003,0.0,17014.0,45044.0,0.005
1386692573,10,0,0.077,-0.201,0.009000000000000001,0.2,0.0,-0.0033,0.0033,7.4,-0.0741,45592.0,0.0036000000000000003,0.0,19609.0,45180.0,0.0047
1386697980,10,0,0.201,-0.198,0.007,0.2,0.0,-0.0054,0.0054,7.4,-0.0724,45732.0,0.0053,0.0,25016.0,45180.0,0.0077
1386702572,10,0,0.111,-0.178,0.008,0.2,0.0,-0.0047,0.0047,7.4,-0.0714,45872.0,0.0053,0.0,0.0,45044.0,0.0067
1386704572,10,0,0.167,-0.176,0.01,0.2,0.0,-0.0048000000000000004,0.0048000000000000004,7.4,-0.0709,45732.0,0.0053,0.0,2000.0,45044.0,0.0067
1386708994,10,0,0.147,-0.178,0.046,0.2,0.0,-0.006500000000000001,0.006500000000000001,7.4,-0.0695,45592.0,0.0071,0.0,6422.0,45316.0,0.0092
1386713562,10,0,0.169,-0.17400000000000002,0.038,0.2,0.0,-0.0032,0.0032,7.390000000000001,-0.06860000000000001,45592.0,0.0036000000000000003,0.0,10990.0,45044.0,0.0046
1386718533,10,0,0.183,-0.17500000000000002,0.032,0.2,0.0,-0.0025,0.0025,7.390000000000001,-0.0671,45732.0,0.0036000000000000003,0.0,15961.0,45180.0,0.0036000000000000003
1386720533,10,0,0.134,-0.171,0.033,0.2,0.0,-0.0025,0.0025,7.390000000000001,-0.0666,45732.0,0.0036000000000000003,0.0,17961.0,45044.0,0.0036000000000000003
1386724533,10,0,0.227,-0.17500000000000002,0.026000000000000002,0.2,0.0,-0.0015,0.0015,7.390000000000001,-0.0655,45592.0,0.0018000000000000002,0.0,21961.0,45044.0,0.0022
1386728533,10,0,0.14400000000000002,-0.17,0.026000000000000002,0.2,0.0,-0.0035,0.0035,7.390000000000001,-0.0644,45732.0,0.0036000000000000003,0.0,0.0,45316.0,0.0049
1386733003,10,0,0.248,-0.193,0.009000000000000001,0.2,0.0,0.0018000000000000002,-0.0018000000000000002,7.390000000000001,-0.0631,45592.0,-0.0018000000000000002,0.0,4470.0,45044.0,-0.0025
1386737007,10,0,0.113,-0.17400000000000002,-0.001,0.2,0.0,-0.0022,0.0022,7.390000000000001,-0.0621,45592.0,0.0018000000000000002,0.0,8474.0,45180.0,0.0032
1386741533,10,0,0.231,-0.20400000000000001,-0.032,0.2,0.0,0.0018000000000000002,-0.0018000000000000002,7.390000000000001,-0.061200000000000004,45592.0,-0.0018000000000000002,0.0,13000.0,45180.0,-0.0025
1386746533,10,0,0.10400000000000001,-0.17400000000000002,-0.031,0.2,0.0,0.0005,-0.0005,7.390000000000001,-0.0599,45592.0,0.0,0.0,18000.0,45180.0,-0.0008
1386749061,10,0,0.14200000000000002,-0.201,-0.022,0.2,0.0,-0.0001,0.0001,7.390000000000001,-0.059300000000000005,45732.0,0.0,0.0,20528.0,45044.0,0.0002
1386753638,10,0,0.243,-0.199,-0.027,0.2,0.0,0.0012000000000000001,-0.0012000000000000001,7.390000000000001,-0.058100000000000006,45592.0,-0.0018000000000000002,0.0,25105.0,44912.0,-0.0016
1386758020,10,0,0.131,-0.193,-0.034,0.2,0.0,0.0009000000000000001,-0.0009000000000000001,7.390000000000001,-0.057,45872.0,-0.0018000000000000002,0.0,0.0,44912.0,-0.0012000000000000001
1386762532,10,0,0.255,-0.20400000000000001,-0.019,0.2,0.0,0.0016,-0.0016,7.390000000000001,-0.0558,45872.0,-0.0018000000000000002,0.0,4512.0,45180.0,-0.0022
1386764533,10,0,0.184,-0.194,-0.014,0.2,0.0,0.0049,-0.0049,7.390000000000001,-0.055200000000000006,45592.0,-0.0053,0.0,6513.0,45180.0,-0.006900000000000001
1386768572,10,0,0.178,-0.196,-0.014,0.2,0.0,0.0031000000000000003,-0.0031000000000000003,7.390000000000001,-0.0543,45456.0,-0.0036000000000000003,0.0,10552.0,45180.0,-0.0044
1386773032,10,0,0.209,-0.198,0.02,0.2,0.0,0.0039000000000000003,-0.0039000000000000003,7.390000000000001,-0.0528,45456.0,-0.0036000000000000003,0.0,15012.0,45180.0,-0.0055000000000000005
1386777032,10,0,0.189,-0.188,0.012,0.2,0.0,0.005,-0.005,7.390000000000001,-0.0519,45732.0,-0.0053,0.0,19012.0,45044.0,-0.007
1386781532,10,0,0.258,-0.187,0.01,0.2,0.0,0.0031000000000000003,-0.0031000000000000003,7.390000000000001,-0.0506,45456.0,-0.0036000000000000003,0.0,23512.0,45044.0,-0.0044
1386786532,10,0,0.187,-0.198,0.025,0.2,0.0,0.0051,-0.0051,7.390000000000001,-0.0494,45592.0,-0.0053,0.0,0.0,45044.0,-0.0073
1386788573,10,0,0.264,-0.2,0.027,0.2,0.0,0.006,-0.006,7.390000000000001,-0.0488,45732.0,-0.0071,0.0,2041.0,45044.0,-0.008400000000000001
1386793003,10,0,0.167,-0.197,0.029,0.2,0.0,0.0053,-0.0053,7.390000000000001,-0.0473,45592.0,-0.0053,0.0,6471.0,45180.0,-0.007500000000000001
1386797046,10,0,0.27,-0.20800000000000002,0.009000000000000001,0.2,0.0,0.0074,-0.0074,7.390000000000001,-0.0461,45732.0,-0.0089,0.0,10514.0,45044.0,-0.010400000000000001
1386801533,10,0,0.187,-0.181,0.025,0.2,0.0,0.0043,-0.0043,7.390000000000001,-0.0449,45456.0,-0.0053,0.0,15001.0,45180.0,-0.006
1386806108,10,0,0.271,-0.21,0.005,0.2,0.0,0.0057,-0.0057,7.390000000000001,-0.043500000000000004,45592.0,-0.0071,0.0,19576.0,45180.0,-0.0081
1386808532,10,0,0.28300000000000003,-0.188,0.0,0.2,0.0,0.0051,-0.0051,7.390000000000001,-0.042800000000000005,45732.0,-0.0053,0.0,22000.0,45180.0,-0.0071
1386812532,10,0,0.106,-0.192,0.016,0.2,0.0,0.0029000000000000002,-0.0029000000000000002,7.390000000000001,-0.0419,46012.0,-0.0036000000000000003,0.0,0.0,45180.0,-0.004
1386817059,10,0,0.297,-0.188,-0.014,0.2,0.0,0.0043,-0.0043,7.390000000000001,-0.0403,45592.0,-0.0053,0.0,4527.0,45180.0,-0.006
1386821532,10,0,0.08700000000000001,-0.188,-0.014,0.2,0.0,0.004,-0.004,7.390000000000001,-0.0395,45592.0,-0.0053,0.0,9000.0,45180.0,-0.0056
1386826065,10,0,0.298,-0.183,-0.009000000000000001,0.2,0.0,0.0025,-0.0025,7.390000000000001,-0.0379,45732.0,-0.0036000000000000003,0.0,13533.0,45180.0,-0.0036000000000000003
1386830071,10,0,0.07100000000000001,-0.178,0.004,0.2,0.0,0.0029000000000000002,-0.0029000000000000002,7.390000000000001,-0.037000000000000005,45592.0,-0.0036000000000000003,0.0,17539.0,45044.0,-0.0041
1386834120,10,0,0.257,-0.2,-0.021,0.2,0.0,0.00030000000000000003,-0.00030000000000000003,7.390000000000001,-0.036000000000000004,45732.0,0.0,0.0,21588.0,45044.0,-0.0005
1386836532,10,0,0.261,-0.16,-0.025,0.2,0.0,0.0014,-0.0014,7.390000000000001,-0.035300000000000005,45592.0,-0.0018000000000000002,0.0,24000.0,45044.0,-0.002
1386840532,10,0,0.076,-0.187,-0.008,0.2,0.0,0.0029000000000000002,-0.0029000000000000002,7.390000000000001,-0.0345,45732.0,-0.0036000000000000003,0.0,0.0,45044.0,-0.0041
1386845078,10,0,0.242,-0.154,-0.01,0.2,0.0,-0.00030000000000000003,0.00030000000000000003,7.390000000000001,-0.033,45456.0,0.0,0.0,4546.0,45180.0,0.0004
1386849130,10,0,0.077,-0.181,0.002,0.2,0.0,0.0017000000000000001,-0.0017000000000000001,7.390000000000001,-0.0322,45456.0,-0.0018000000000000002,0.0,8598.0,45180.0,-0.0024000000000000002
1386853558,10,0,0.23800000000000002,-0.17500000000000002,-0.009000000000000001,0.2,0.0,0.0013000000000000002,-0.0013000000000000002,7.390000000000001,-0.031200000000000002,45456.0,-0.0018000000000000002,0.0,13026.0,45180.0,-0.0018000000000000002
1386858088,10,0,0.117,-0.15,-0.009000000000000001,0.2,0.0,0.0011,-0.0011,7.390000000000001,-0.030100000000000002,45592.0,-0.0018000000000000002,0.0,17556.0,45180.0,-0.0015
1386862091,10,0,0.23500000000000001,-0.171,-0.011,0.2,0.0,0.0027,-0.0027,7.390000000000001,-0.029,45592.0,-0.0036000000000000003,0.0,21559.0,44912.0,-0.0038
1386866535,10,0,0.1,-0.136,0.013000000000000001,0.2,0.0,-0.0011,0.0011,7.390000000000001,-0.028200000000000003,45456.0,0.0018000000000000002,0.0,26003.0,45180.0,0.0016
1386869138,10,0,0.109,-0.19,0.016,0.2,0.0,-0.0012000000000000001,0.0012000000000000001,7.390000000000001,-0.027600000000000003,45732.0,0.0018000000000000002,0.0,0.0,45044.0,0.0017000000000000001
1386873559,10,0,0.213,-0.129,-0.017,0.2,0.0,-0.0004,0.0004,7.390000000000001,-0.026600000000000002,45592.0,0.0,0.0,4421.0,45044.0,0.0005
1386878103,10,0,0.097,-0.189,0.005,0.2,0.0,-0.0006000000000000001,0.0006000000000000001,7.390000000000001,-0.0258,45592.0,0.0,0.0,8965.0,44912.0,0.0009000000000000001
1386882105,10,0,0.22,-0.127,0.007,0.2,0.0,-0.001,0.001,7.390000000000001,-0.0247,45592.0,0.0018000000000000002,0.0,12967.0,44776.0,0.0013000000000000002
1386886532,10,0,0.067,-0.17200000000000001,0.006,0.2,0.0,-0.0013000000000000002,0.0013000000000000002,7.390000000000001,-0.0241,45456.0,0.0018000000000000002,0.0,17394.0,45180.0,0.0019
1386888593,10,0,0.091,-0.19,0.002,0.2,0.0,-0.0008,0.0008,7.390000000000001,-0.0239,45456.0,0.0018000000000000002,0.0,19455.0,45044.0,0.0012000000000000001
1386893558,10,0,0.157,-0.11900000000000001,-0.002,0.2,0.0,0.0004,-0.0004,7.390000000000001,-0.022500000000000003,45592.0,0.0,0.0,24420.0,45180.0,-0.0005
1386898115,10,0,0.222,-0.17400000000000002,0.003,0.2,0.0,0.0006000000000000001,-0.0006000000000000001,7.390000000000001,-0.021400000000000002,45456.0,0.0,0.0,0.0,45044.0,-0.0009000000000000001
1386902121,10,0,0.17400000000000002,-0.105,0.007,0.2,0.0,-0.0012000000000000001,0.0012000000000000001,7.390000000000001,-0.0204,45592.0,0.0018000000000000002,0.0,4006.0,44912.0,0.0016
1386906197,10,0,0.168,-0.177,0.007,0.2,0.0,-0.0002,0.0002,7.390000000000001,-0.019700000000000002,45456.0,0.0,0.0,8082.0,45044.0,0.00030000000000000003
1386908531,10,0,0.28500000000000003,-0.155,-0.004,0.2,0.0,-0.00030000000000000003,0.00030000000000000003,7.390000000000001,-0.019100000000000002,45456.0,0.0,0.0,10416.0,45044.0,0.0005
1386913125,10,0,0.082,-0.121,0.0,0.2,0.0,-0.0033,0.0033,7.390000000000001,-0.0181,45456.0,0.0036000000000000003,0.0,15010.0,44912.0,0.0047
1386917129,10,0,0.244,-0.157,-0.006,0.2,0.0,-0.0064,0.0064,7.390000000000001,-0.0173,45456.0,0.0071,0.0,19014.0,45044.0,0.0091
1386921242,10,0,0.158,-0.105,0.009000000000000001,0.2,0.0,-0.0025,0.0025,7.390000000000001,-0.0164,45592.0,0.0036000000000000003,0.0,23127.0,44912.0,0.0036000000000000003
1386925530,10,0,0.14100000000000001,-0.167,0.016,0.2,0.0,-0.007200000000000001,0.007200000000000001,7.390000000000001,-0.015700000000000002,45456.0,0.0089,0.0,0.0,45044.0,0.0102
1386929530,10,0,0.20700000000000002,-0.095,-0.011,0.2,0.0,-0.008400000000000001,0.008400000000000001,7.390000000000001,-0.0148,45456.0,0.0089,0.0,4000.0,45180.0,0.0119
1386933558,10,0,0.11900000000000001,-0.164,-0.007,0.2,0.0,-0.0053,0.0053,7.390000000000001,-0.0142,45592.0,0.0053,0.0,8028.0,45180.0,0.007500000000000001
1386938142,10,0,0.179,-0.088,0.014,0.2,0.0,-0.0102,0.0102,7.390000000000001,-0.0131,45456.0,0.012400000000000001,0.0,12612.0,44912.0,0.014400000000000001
1386942530,10,0,0.10300000000000001,-0.159,0.012,0.2,0.0,-0.010100000000000001,0.010100000000000001,7.390000000000001,-0.0125,45456.0,0.010700000000000001,0.0,17000.0,45044.0,0.0143
1386944530,10,0,0.165,-0.162,-0.002,0.2,0.0,-0.009000000000000001,0.009000000000000001,7.390000000000001,-0.012,45592.0,0.010700000000000001,0.0,19000.0,45180.0,0.0128
1386949195,10,0,0.085,-0.095,0.006,0.2,0.0,-0.0129,0.0129,7.390000000000001,-0.011000000000000001,45592.0,0.0142,0.0,23665.0,45180.0,0.0183
1386953558,10,0,0.126,-0.163,0.014,0.2,0.0,-0.0137,0.0137,7.390000000000001,-0.0103,45592.0,0.016,0.0,0.0,45180.0,0.0194
1386958157,10,0,0.081,-0.097,0.004,0.2,0.0,-0.0125,0.0125,7.390000000000001,-0.009300000000000001,45456.0,0.0142,0.0,4599.0,45180.0,0.0176
1386962533,10,0,0.101,-0.156,0.019,0.2,0.0,-0.0142,0.0142,7.390000000000001,-0.0088,45592.0,0.016,0.0,8975.0,45044.0,0.0201
1386964534,10,0,0.162,-0.135,0.013000000000000001,0.2,0.0,-0.012700000000000001,0.012700000000000001,7.390000000000001,-0.0083,45316.0,0.0142,0.0,10976.0,45180.0,0.0179
1386969206,10,0,0.038,-0.12,-0.002,0.2,0.0,-0.0134,0.0134,7.390000000000001,-0.0076,45316.0,0.016,0.0,15648.0,45044.0,0.019
1386973560,10,0,0.149,-0.12,0.011,0.2,0.0,-0.0155,0.0155,7.390000000000001,-0.006900000000000001,45592.0,0.0178,0.0,20002.0,45044.0,0.0219
1386978171,10,0,0.04,-0.11,0.032,0.2,0.0,-0.0146,0.0146,7.390000000000001,-0.006200000000000001,45456.0,0.016,0.0,24613.0,45180.0,0.0206
1386982172,10,0,0.163,-0.109,0.002,0.2,0.0,-0.014400000000000001,0.014400000000000001,7.390000000000001,-0.0055000000000000005,45456.0,0.016,0.0,0.0,45180.0,0.0204
1386984574,10,0,0.168,-0.095,-0.004,0.2,0.0,-0.0154,0.0154,7.390000000000001,-0.005200000000000001,45456.0,0.0178,0.0,2402.0,45044.0,0.0217
1386989238,10,0,0.082,-0.113,0.016,0.2,0.0,-0.015700000000000002,0.015700000000000002,7.390000000000001,-0.0045000000000000005,45732.0,0.0178,0.0,7066.0,45180.0,0.0222
1386993776,10,0,0.165,-0.07100000000000001,0.013000000000000001,0.2,0.0,-0.0165,0.0165,7.390000000000001,-0.0036000000000000003,45732.0,0.0195,0.0,11604.0,45180.0,0.0234
1386998184,10,0,0.07100000000000001,-0.11,0.002,0.2,0.0,-0.0167,0.0167,7.390000000000001,-0.0032,45592.0,0.0195,0.0,16012.0,45180.0,0.0236
1387002530,10,0,0.179,-0.07200000000000001,-0.015,0.2,0.0,-0.016800000000000002,0.016800000000000002,7.390000000000001,-0.0024000000000000002,45732.0,0.0195,0.0,20358.0,45180.0,0.023700000000000002
1387005685,10,0,0.02,-0.074,-0.006,0.2,0.0,-0.0167,0.0167,7.390000000000001,-0.0022,45872.0,0.0195,0.0,23513.0,45044.0,0.0236
1387010191,10,0,0.159,-0.084,-0.026000000000000002,0.2,0.0,-0.0223,0.0223,7.390000000000001,-0.0016,45456.0,0.024900000000000002,0.0,0.0,45044.0,0.0315
1387014254,10,0,0.046,-0.07100000000000001,-0.019,0.2,0.0,-0.0182,0.0182,7.390000000000001,-0.0013000000000000002,45316.0,0.0213,0.0,4063.0,45180.0,0.0258
1387016574,10,0,0.026000000000000002,-0.093,-0.019,0.2,0.0,-0.018600000000000002,0.018600000000000002,7.390000000000001,-0.0013000000000000002,45456.0,0.0213,0.0,6383.0,45316.0,0.0263
1387021528,10,0,0.127,-0.058,-0.034,0.2,0.0,-0.0204,0.0204,7.390000000000001,-0.0006000000000000001,45592.0,0.023100000000000002,0.0,11337.0,45316.0,0.028800000000000003
1387025528,10,0,0.035,-0.114,-0.049,0.2,0.0,-0.0199,0.0199,7.390000000000001,-0.00030000000000000003,45456.0,0.023100000000000002,0.0,15337.0,45180.0,0.0281
1387030208,10,0,0.14100000000000001,-0.06,-0.023,0.2,0.0,-0.0195,0.0195,7.390000000000001,0.0004,45592.0,0.0213,0.0,20017.0,45316.0,0.0275
1387032530,10,0,0.059000000000000004,-0.063,-0.005,0.2,0.0,-0.0212,0.0212,7.390000000000001,0.0006000000000000001,45456.0,0.024900000000000002,0.0,22339.0,45044.0,0.030000000000000002
1387037208,10,0,0.132,-0.10300000000000001,-0.03,0.2,0.0,-0.0217,0.0217,7.390000000000001,0.0011,45456.0,0.024900000000000002,0.0,0.0,45044.0,0.030600000000000002
1387041528,10,0,0.057,-0.067,-0.027,0.2,0.0,-0.022500000000000003,0.022500000000000003,7.390000000000001,0.0016,45732.0,0.024900000000000002,0.0,4320.0,45044.0,0.031900000000000005
1387046215,10,0,0.146,-0.105,0.014,0.2,0.0,-0.0213,0.0213,7.390000000000001,0.0022,45732.0,0.024900000000000002,0.0,9007.0,44912.0,0.030100000000000002
1387048574,10,0,0.17500000000000002,-0.09,0.013000000000000001,0.2,0.0,-0.021500000000000002,0.021500000000000002,7.390000000000001,0.0024000000000000002,45592.0,0.024900000000000002,0.0,11366.0,45180.0,0.0304
1387053219,10,0,0.019,-0.097,0.016,0.2,0.0,-0.0239,0.0239,7.390000000000001,0.003,45592.0,0.026600000000000002,0.0,16011.0,45180.0,0.033800000000000004
1387058223,10,0,0.14400000000000002,-0.068,0.026000000000000002,0.2,0.0,-0.024200000000000003,0.024200000000000003,7.390000000000001,0.0039000000000000003,45456.0,0.026600000000000002,0.0,21015.0,45180.0,0.0342
1387062226,10,0,0.022,-0.08700000000000001,0.032,0.2,0.0,-0.0239,0.0239,7.390000000000001,0.0041,45316.0,0.026600000000000002,0.0,25018.0,45180.0,0.033800000000000004
1387066530,10,0,0.189,-0.073,0.023,0.2,0.0,-0.025500000000000002,0.025500000000000002,7.390000000000001,0.0048000000000000004,45732.0,0.0284,0.0,0.0,45316.0,0.036000000000000004
1387068530,10,0,0.115,-0.055,0.033,0.2,0.0,-0.024800000000000003,0.0247,7.390000000000001,0.005200000000000001,45456.0,0.0284,0.0,2000.0,45180.0,0.035
1387073230,10,0,0.094,-0.092,0.028,0.2,0.0,-0.0269,0.0269,7.390000000000001,0.0056,45592.0,0.0302,0.0,6700.0,45180.0,0.038
1387077532,10,0,0.14400000000000002,-0.047,0.007,0.2,0.0,-0.0261,0.0261,7.390000000000001,0.0063,45456.0,0.0302,0.0,11002.0,45316.0,0.037000000000000005
1387080578,10,0,0.046,-0.07100000000000001,0.012,0.2,0.0,-0.0245,0.0245,7.390000000000001,0.006500000000000001,45456.0,0.0284,0.0,14048.0,45180.0,0.0347
1387085530,10,0,0.151,-0.049,0.012,0.2,0.0,-0.0292,0.0291,7.390000000000001,0.007200000000000001,45732.0,0.0337,0.0,19000.0,44912.0,0.0412
1387089531,10,0,0.038,-0.089,0.021,0.2,0.0,-0.027,0.027,7.390000000000001,0.0076,45592.0,0.0302,0.0,23001.0,45180.0,0.038200000000000005
1387094292,10,0,0.114,-0.038,-0.023,0.2,0.0,-0.031,0.031,7.390000000000001,0.0082,45732.0,0.035500000000000004,0.0,0.0,45044.0,0.0439
1387096529,10,0,0.10200000000000001,-0.031,-0.022,0.2,0.0,-0.0313,0.0313,7.390000000000001,0.008400000000000001,45592.0,0.035500000000000004,0.0,2237.0,45044.0,0.0442
1387100530,10,0,0.046,-0.109,-0.003,0.2,0.0,-0.0286,0.0286,7.390000000000001,0.008700000000000001,45316.0,0.032,0.0,6238.0,44912.0,0.040400000000000005
1387105684,10,0,0.107,-0.022,-0.016,0.2,0.0,-0.029500000000000002,0.029500000000000002,7.390000000000001,0.0094,45456.0,0.0337,0.0,11392.0,45044.0,0.041800000000000004
1387110254,10,0,0.07,-0.10300000000000001,-0.027,0.2,0.0,-0.0285,0.0285,7.390000000000001,0.0099,45180.0,0.032,0.0,15962.0,45180.0,0.0403
1387112575,10,0,0.113,-0.08,-0.034,0.2,0.0,-0.027,0.027,7.390000000000001,0.010100000000000001,45732.0,0.0302,0.0,18283.0,45044.0,0.038200000000000005
1387117526,10,0,0.006,-0.08600000000000001,-0.017,0.2,0.0,-0.030600000000000002,0.030600000000000002,7.390000000000001,0.010700000000000001,45592.0,0.0337,0.0,23234.0,44912.0,0.0432
1387121527,10,0,0.14,-0.07200000000000001,-0.03,0.2,0.0,-0.0279,0.027800000000000002,7.390000000000001,0.0112,45592.0,0.032,0.0,0.0,45044.0,0.039400000000000004
1387126268,10,0,0.005,-0.077,-0.007,0.2,0.0,-0.028800000000000003,0.028800000000000003,7.390000000000001,0.0117,45872.0,0.032,0.0,4741.0,45044.0,0.0407
1387130271,10,0,0.112,-0.074,-0.009000000000000001,0.2,0.0,-0.0308,0.0308,7.390000000000001,0.012100000000000001,45872.0,0.035500000000000004,0.0,8744.0,45044.0,0.043500000000000004
1387134531,10,0,0.059000000000000004,-0.073,-0.003,0.2,0.0,-0.027600000000000003,0.027600000000000003,7.390000000000001,0.0125,45456.0,0.032,0.0,13004.0,45180.0,0.0391
1387137276,10,0,0.024,-0.091,0.006,0.2,0.0,-0.0279,0.0279,7.390000000000001,0.0126,45732.0,0.032,0.0,15749.0,45180.0,0.039400000000000004
1387141527,10,0,0.135,-0.063,0.023,0.2,0.0,-0.029500000000000002,0.029500000000000002,7.390000000000001,0.0131,45592.0,0.0337,0.0,20000.0,44912.0,0.0417
1387145527,10,0,0.015,-0.093,0.031,0.2,0.0,-0.027800000000000002,0.027700000000000002,7.390000000000001,0.0134,45732.0,0.032,0.0,24000.0,45044.0,0.0393
1387149527,10,0,0.11800000000000001,-0.063,0.006,0.2,0.0,-0.030100000000000002,0.030100000000000002,7.390000000000001,0.013800000000000002,45732.0,0.0337,0.0,0.0,45044.0,0.0425
1387153528,10,0,0.038,-0.085,0.019,0.2,0.0,-0.030000000000000002,0.030000000000000002,7.390000000000001,0.0142,45732.0,0.0337,0.0,4001.0,45044.0,0.0424
1387158289,10,0,0.106,-0.066,0.009000000000000001,0.2,0.0,-0.030000000000000002,0.030000000000000002,7.390000000000001,0.014700000000000001,45732.0,0.0337,0.0,8762.0,45180.0,0.0424
1387162293,10,0,0.043000000000000003,-0.082,0.013000000000000001,0.2,0.0,-0.0307,0.0307,7.390000000000001,0.0151,45592.0,0.035500000000000004,0.0,12766.0,45180.0,0.0434
1387166530,10,0,0.049,-0.097,0.003,0.2,0.0,-0.0308,0.0308,7.390000000000001,0.0155,45456.0,0.035500000000000004,0.0,17003.0,45044.0,0.0436
1387168531,10,0,0.115,-0.057,-0.01,0.2,0.0,-0.0304,0.0304,7.390000000000001,0.015700000000000002,45456.0,0.0337,0.0,19004.0,45044.0,0.043000000000000003
1387173297,10,0,0.0,-0.108,-0.016,0.2,0.0,-0.0317,0.0316,7.390000000000001,0.0162,45456.0,0.035500000000000004,0.0,23770.0,45044.0,0.0448
1387177415,10,0,0.109,-0.065,-0.02,0.2,0.0,-0.0308,0.0308,7.390000000000001,0.0166,45456.0,0.035500000000000004,0.0,0.0,44912.0,0.0436
1387182306,10,0,0.009000000000000001,-0.108,-0.009000000000000001,0.2,0.0,-0.030600000000000002,0.030600000000000002,7.390000000000001,0.0172,45732.0,0.0337,0.0,4891.0,44776.0,0.043300000000000005
1387186527,10,0,0.101,-0.07100000000000001,-0.029,0.2,0.0,-0.0308,0.0308,7.390000000000001,0.0176,45592.0,0.035500000000000004,0.0,9112.0,45044.0,0.0436
1387188528,10,0,0.107,-0.063,-0.031,0.2,0.0,-0.030500000000000003,0.030500000000000003,7.390000000000001,0.0179,45732.0,0.0337,0.0,11113.0,45180.0,0.0432
1387193310,10,0,0.037,-0.10300000000000001,-0.017,0.2,0.0,-0.0304,0.0304,7.390000000000001,0.0184,45456.0,0.0337,0.0,15895.0,45180.0,0.043000000000000003
1387197316,10,0,0.1,-0.066,-0.014,0.2,0.0,-0.031200000000000002,0.031200000000000002,7.390000000000001,0.0189,45456.0,0.035500000000000004,0.0,19901.0,45316.0,0.0441
1387201526,10,0,0.006,-0.10200000000000001,-0.007,0.2,0.0,-0.032600000000000004,0.0325,7.390000000000001,0.019200000000000002,45732.0,0.0373,0.0,24111.0,45044.0,0.046
1387205684,10,0,0.106,-0.068,0.001,0.2,0.0,-0.0324,0.0324,7.390000000000001,0.019700000000000002,45456.0,0.0373,0.0,0.0,45316.0,0.0458
1387208575,10,0,0.07100000000000001,-0.066,0.01,0.2,0.0,-0.0332,0.0332,7.390000000000001,0.0199,45732.0,0.0373,0.0,2891.0,45044.0,0.047
1387213529,10,0,0.08700000000000001,-0.08,0.003,0.2,0.0,-0.0335,0.0335,7.390000000000001,0.0204,45592.0,0.0373,0.0,7845.0,45044.0,0.0473
1387218338,10,0,0.008,-0.08600000000000001,0.024,0.2,0.0,-0.0325,0.0325,7.390000000000001,0.021,45732.0,0.0373,0.0,12654.0,45044.0,0.046
1387220530,10,0,-0.001,-0.099,0.029,0.2,0.0,-0.0328,0.0327,7.390000000000001,0.0211,45592.0,0.0373,0.0,14846.0,45180.0,0.0463
1387225334,10,0,0.10300000000000001,-0.067,0.017,0.2,0.0,-0.0324,0.0323,7.390000000000001,0.0217,45456.0,0.0373,0.0,19650.0,45044.0,0.0458
1387229382,10,0,-0.001,-0.089,0.014,0.2,0.0,-0.0327,0.0327,7.390000000000001,0.022000000000000002,45592.0,0.0373,0.0,23698.0,45180.0,0.046200000000000005
1387233526,10,0,0.126,-0.066,0.018000000000000002,0.2,0.0,-0.033100000000000004,0.033,7.390000000000001,0.0224,45592.0,0.0373,0.0,0.0,45180.0,0.046700000000000005
1387237526,10,0,-0.004,-0.08,0.025,0.2,0.0,-0.0334,0.0334,7.390000000000001,0.0228,45592.0,0.0373,0.0,4000.0,45180.0,0.0472
1387242344,10,0,0.123,-0.068,0.01,0.2,0.0,-0.0339,0.0339,7.390000000000001,0.023200000000000002,45732.0,0.0391,0.0,8818.0,45180.0,0.047900000000000005
1387244392,10,0,0.085,-0.069,0.013000000000000001,0.2,0.0,-0.0337,0.0337,7.390000000000001,0.0235,45592.0,0.0373,0.0,10866.0,44912.0,0.0476
1387248526,10,0,0.008,-0.088,0.007,0.2,0.0,-0.032600000000000004,0.0325,7.390000000000001,0.0236,45732.0,0.0373,0.0,15000.0,45044.0,0.046
1387253352,10,0,0.11,-0.068,0.004,0.2,0.0,-0.0323,0.0322,7.390000000000001,0.024300000000000002,45592.0,0.0373,0.0,19826.0,45044.0,0.0456
1387258355,10,0,0.037,-0.088,0.011,0.2,0.0,-0.0327,0.0327,7.390000000000001,0.0245,45732.0,0.0373,0.0,24829.0,45044.0,0.046200000000000005
1387262358,10,0,0.125,-0.074,0.001,0.2,0.0,-0.032,0.032,7.390000000000001,0.0251,45732.0,0.035500000000000004,0.0,0.0,45180.0,0.0453
1387264417,10,0,0.023,-0.078,-0.006,0.2,0.0,-0.0322,0.0322,7.390000000000001,0.0253,45456.0,0.0373,0.0,2059.0,45044.0,0.0456
1387268529,10,0,0.075,-0.085,-0.027,0.2,0.0,-0.033100000000000004,0.033100000000000004,7.390000000000001,0.025500000000000002,45732.0,0.0373,0.0,6171.0,45180.0,0.0468
1387272574,10,0,0.145,-0.07200000000000001,-0.008,0.2,0.0,-0.032600000000000004,0.032600000000000004,7.390000000000001,0.026000000000000002,45872.0,0.0373,0.0,10216.0,44776.0,0.0461
1387277368,10,0,0.057,-0.081,-0.007,0.2,0.0,-0.0335,0.0335,7.390000000000001,0.0264,45592.0,0.0373,0.0,15010.0,45044.0,0.0473
1387281525,10,0,0.11800000000000001,-0.073,-0.025,0.2,0.0,-0.0335,0.0334,7.390000000000001,0.027,45732.0,0.0373,0.0,19167.0,45180.0,0.0473
1387285525,10,0,0.001,-0.08,-0.017,0.2,0.0,-0.0328,0.0328,7.390000000000001,0.0273,45592.0,0.0373,0.0,23167.0,45044.0,0.046400000000000004
1387289526,10,0,0.15,-0.069,-0.007,0.2,0.0,-0.0347,0.0347,7.390000000000001,0.027800000000000002,45732.0,0.0391,0.0,0.0,45044.0,0.049100000000000005
1387294425,10,0,0.0,-0.076,-0.012,0.2,0.0,-0.0339,0.033800000000000004,7.390000000000001,0.028200000000000003,45872.0,0.0391,0.0,4899.0,45180.0,0.047900000000000005
1387296525,10,0,0.085,-0.077,-0.018000000000000002,0.2,0.0,-0.034,0.034,7.390000000000001,0.0284,45592.0,0.0391,0.0,6999.0,45044.0,0.048100000000000004
1387300525,10,0,0.093,-0.068,-0.004,0.2,0.0,-0.0344,0.0344,7.390000000000001,0.029,45592.0,0.0391,0.0,10999.0,45044.0,0.048600000000000004
1387305797,10,0,0.069,-0.074,-0.014,0.2,0.0,-0.034800000000000005,0.0347,7.390000000000001,0.029300000000000003,45732.0,0.0391,0.0,16271.0,45044.0,0.049100000000000005
1387310554,10,0,0.048,-0.068,-0.01,0.2,0.0,-0.0356,0.035500000000000004,7.390000000000001,0.030000000000000002,46012.0,0.0408,0.0,21028.0,45044.0,0.050300000000000004
1387313392,10,0,0.011,-0.066,0.005,0.2,0.0,-0.036000000000000004,0.036000000000000004,7.390000000000001,0.030100000000000002,45592.0,0.0408,0.0,23866.0,45044.0,0.0509
1387317395,10,0,0.137,-0.064,0.006,0.2,0.0,-0.0361,0.0361,7.390000000000001,0.030600000000000002,45732.0,0.0408,0.0,0.0,45044.0,0.051000000000000004
1387321525,10,0,-0.013000000000000001,-0.061,-0.007,0.2,0.0,-0.037000000000000005,0.037000000000000005,7.390000000000001,0.0309,45872.0,0.0426,0.0,4130.0,44912.0,0.0523
1387325525,10,0,0.136,-0.064,-0.009000000000000001,0.2,0.0,-0.0359,0.0359,7.390000000000001,0.0313,45592.0,0.0408,0.0,8130.0,45044.0,0.0507
1387329525,10,0,0.019,-0.06,0.018000000000000002,0.2,0.0,-0.0364,0.0364,7.390000000000001,0.0318,46012.0,0.0408,0.0,12130.0,45044.0,0.051500000000000004
1387334450,10,0,0.127,-0.061,0.006,0.2,0.0,-0.0367,0.0367,7.390000000000001,0.0322,45872.0,0.0408,0.0,17055.0,45316.0,0.0519
1387336574,10,0,0.149,-0.059000000000000004,0.004,0.2,0.0,-0.0368,0.0367,7.390000000000001,0.0324,45592.0,0.0408,0.0,19179.0,44912.0,0.052000000000000005
1387341527,10,0,0.005,-0.057,0.003,0.2,0.0,-0.0375,0.0374,7.390000000000001,0.0327,46012.0,0.0426,0.0,24132.0,44912.0,0.053000000000000005
1387346412,10,0,0.114,-0.053,0.018000000000000002,0.2,0.0,-0.0368,0.0368,7.390000000000001,0.0334,46012.0,0.0408,0.0,0.0,44776.0,0.052000000000000005
1387348416,10,0,-0.005,-0.053,0.015,0.2,0.0,-0.037000000000000005,0.0369,7.390000000000001,0.0335,45592.0,0.0426,0.0,2004.0,45180.0,0.0523
1387352418,10,0,0.11,-0.075,0.005,0.2,0.0,-0.0354,0.035300000000000005,7.390000000000001,0.0337,45732.0,0.04,0.0,6006.0,45180.0,0.05
1387356525,10,0,0.062,-0.054,0.01,0.2,0.0,-0.0364,0.0364,7.390000000000001,0.0344,45732.0,0.0408,0.0,10113.0,44912.0,0.0514
1387360525,10,0,0.036000000000000004,-0.059000000000000004,0.005,0.2,0.0,-0.0369,0.0368,7.390000000000001,0.0344,45732.0,0.0408,0.0,14113.0,45044.0,0.0521
1387364526,10,0,0.15,-0.064,0.003,0.2,0.0,-0.0362,0.0362,7.390000000000001,0.0351,45592.0,0.0408,0.0,18114.0,44912.0,0.0512
1387368574,10,0,-0.028,-0.054,0.01,0.2,-2.67,-0.0359,0.0359,7.390000000000001,0.0352,45732.0,0.0408,0.0,22162.0,44912.0,0.050800000000000005
1387373427,10,0,0.17,-0.058,0.008,0.187,-2.67,-0.0344,0.0344,7.390000000000001,0.0359,45456.0,0.0391,0.0,0.0,44912.0,0.0487
1387377442,10,0,-0.025,-0.051000000000000004,-0.012,0.176,-2.67,-0.0322,0.0322,7.390000000000001,0.036000000000000004,45592.0,0.0373,0.0,4015.0,45044.0,0.0456
1387381525,10,0,0.196,-0.077,-0.022,0.165,-2.67,-0.0302,0.030100000000000002,7.390000000000001,0.036500000000000005,45732.0,0.0337,0.0,8098.0,44912.0,0.0426
1387385525,10,0,-0.006,-0.038,0.005,0.155,-2.67,-0.029500000000000002,0.029500000000000002,7.390000000000001,0.0369,45732.0,0.0337,0.0,12098.0,44912.0,0.0417
1387389532,10,0,0.137,-0.077,-0.014,0.14400000000000002,-2.67,-0.029400000000000003,0.029400000000000003,7.390000000000001,0.037200000000000004,45732.0,0.0337,0.0,16105.0,44912.0,0.041600000000000005
1387392444,10,0,0.149,-0.061,-0.031,0.136,-2.67,-0.0269,0.0268,7.390000000000001,0.037700000000000004,45732.0,0.0302,0.0,19017.0,45044.0,0.038
1387396528,10,0,-0.018000000000000002,-0.064,-0.024,0.125,-2.67,-0.026000000000000002,0.026000000000000002,7.390000000000001,0.0378,45732.0,0.0302,0.0,23101.0,44912.0,0.0368
1387401561,10,0,0.17200000000000001,-0.054,-0.017,0.112,-2.67,-0.0251,0.0251,7.390000000000001,0.0386,45592.0,0.0284,0.0,0.0,45044.0,0.035500000000000004
1387404496,10,0,-0.007,-0.057,-0.011,0.10400000000000001,-2.67,-0.022600000000000002,0.022600000000000002,7.390000000000001,0.038700000000000005,45456.0,0.024900000000000002,0.0,2935.0,44912.0,0.032
1387408525,10,0,0.122,-0.073,-0.02,0.093,-2.67,-0.0251,0.0251,7.390000000000001,0.039,45872.0,0.0284,0.0,6964.0,44912.0,0.035500000000000004
1387413456,10,0,0.03,-0.055,0.003,0.08,-2.67,-0.021,0.021,7.390000000000001,0.0396,45732.0,0.023100000000000002,0.0,11895.0,45044.0,0.0297
1387417525,10,0,0.085,-0.07100000000000001,-0.004,0.069,-2.67,-0.0217,0.0217,7.390000000000001,0.0398,45592.0,0.024900000000000002,0.0,15964.0,44912.0,0.0307
1387420460,10,0,0.122,-0.062,0.001,0.061,-2.67,-0.0212,0.0212,7.390000000000001,0.0403,45732.0,0.023100000000000002,0.0,18899.0,44912.0,0.030000000000000002
1387424513,10,0,-0.012,-0.06,0.026000000000000002,0.051000000000000004,-2.67,-0.020800000000000003,0.020800000000000003,7.390000000000001,0.0405,45592.0,0.023100000000000002,0.0,22952.0,45044.0,0.029400000000000003
1387428525,10,0,0.136,-0.048,0.02,0.04,-2.67,-0.020200000000000003,0.0201,7.390000000000001,0.0409,45592.0,0.023100000000000002,0.0,0.0,44640.0,0.0285
1387432575,10,0,0.004,-0.051000000000000004,0.015,0.029,-2.67,-0.0216,0.0216,7.390000000000001,0.041100000000000005,45456.0,0.024900000000000002,0.0,4050.0,45180.0,0.030600000000000002
1387437473,10,0,0.109,-0.051000000000000004,0.014,0.016,-2.67,-0.0188,0.0188,7.390000000000001,0.0415,45732.0,0.0213,0.0,8948.0,45044.0,0.026600000000000002
1387442477,10,0,-0.10300000000000001,-0.063,0.033,0.003,-2.67,-0.0212,0.0212,7.390000000000001,0.0415,45592.0,0.023100000000000002,0.0,13952.0,45180.0,0.029900000000000003
1387444526,10,0,0.019,-0.08,0.025,-0.003,-2.67,-0.0171,0.0171,7.390000000000001,0.041600000000000005,45592.0,0.0195,0.0,16001.0,44776.0,0.024200000000000003
1387449530,10,0,-0.062,-0.018000000000000002,0.028,-0.016,-2.67,-0.017400000000000002,0.017400000000000002,7.390000000000001,0.0419,45732.0,0.0195,0.0,21005.0,45044.0,0.0246
1387452483,10,0,-0.106,-0.055,0.019,-0.024,-2.67,-0.018600000000000002,0.018600000000000002,7.390000000000001,0.0417,45456.0,0.0213,0.0,23958.0,45044.0,0.0263
1387457487,10,0,0.047,-0.03,-0.002,-0.037,-2.67,-0.0123,0.0123,7.390000000000001,0.042100000000000005,45316.0,0.0142,0.0,0.0,45044.0,0.0173
1387462487,10,0,-0.07100000000000001,-0.022,0.028,-0.051000000000000004,-2.67,-0.015700000000000002,0.015700000000000002,7.390000000000001,0.0419,45872.0,0.0178,0.0,5000.0,45044.0,0.0222
1387464575,10,0,-0.026000000000000002,-0.03,0.025,-0.056,-2.67,-0.015600000000000001,0.015600000000000001,7.390000000000001,0.0419,45732.0,0.0178,0.0,7088.0,44912.0,0.022000000000000002
1387469492,10,0,-0.067,-0.005,-0.011,-0.069,-2.67,-0.0082,0.0082,7.390000000000001,0.0422,45592.0,0.0089,0.0,12005.0,44912.0,0.011600000000000001
1387473495,10,0,0.015,-0.009000000000000001,-0.02,-0.08,-2.67,-0.0073,0.0073,7.390000000000001,0.042100000000000005,45456.0,0.0089,0.0,16008.0,45044.0,0.0103
1387477499,10,0,-0.027,0.006,0.003,-0.091,-2.67,-0.008400000000000001,0.008400000000000001,7.390000000000001,0.0422,45456.0,0.0089,0.0,20012.0,44912.0,0.0119
1387482502,10,0,-0.002,0.004,-0.024,-0.10400000000000001,-2.67,-0.0036000000000000003,0.0036000000000000003,7.390000000000001,0.042,45732.0,0.0036000000000000003,0.0,25015.0,45044.0,0.0051
1387484552,10,0,0.031,-0.003,-0.036000000000000004,-0.109,-2.67,-0.0041,0.0041,7.390000000000001,0.042100000000000005,45456.0,0.0053,0.0,0.0,45044.0,0.0058000000000000005
1387488564,10,0,-0.073,-0.003,-0.017,-0.12,-2.67,0.0007,-0.0007,7.390000000000001,0.042,45592.0,0.0,0.0,4012.0,45044.0,-0.0009000000000000001
1387493512,10,0,0.073,-0.014,-0.029,-0.133,-2.67,0.0076,-0.0076,7.390000000000001,0.0422,45456.0,-0.0089,0.0,8960.0,44912.0,-0.010700000000000001
1387497665,10,0,-0.048,-0.026000000000000002,-0.029,-0.14400000000000002,-2.67,0.0108,-0.0108,7.390000000000001,0.042300000000000004,45732.0,-0.012400000000000001,0.0,13113.0,45044.0,-0.015300000000000001
1387500474,10,0,0.093,-0.036000000000000004,-0.02,-0.152,-2.67,0.018000000000000002,-0.018000000000000002,7.390000000000001,0.0425,45592.0,-0.0195,0.0,15922.0,44912.0,-0.025400000000000002
1387504565,10,0,0.017,0.015,-0.01,-0.163,-2.67,0.0126,-0.0126,7.390000000000001,0.0429,45180.0,-0.0142,0.0,20013.0,45044.0,-0.0179
1387509569,10,0,0.081,-0.051000000000000004,-0.036000000000000004,-0.176,-2.67,0.0154,-0.0154,7.390000000000001,0.0427,45732.0,-0.0178,0.0,25017.0,45044.0,-0.0218
1387514574,10,0,0.001,0.016,-0.005,-0.189,-2.67,0.021,-0.021,7.390000000000001,0.0431,45592.0,-0.023100000000000002,0.0,0.0,44912.0,-0.0297
1387517527,10,0,-0.04,-0.022,0.001,-0.197,-2.67,0.014700000000000001,-0.014700000000000001,7.390000000000001,0.0429,45732.0,-0.016,0.0,2953.0,45044.0,-0.020800000000000003
1387522490,10,0,0.06,0.018000000000000002,-0.033,-0.2,0.0,0.0146,-0.0146,7.390000000000001,0.043000000000000003,45732.0,-0.016,0.0,7916.0,45044.0,-0.0206
1387524578,10,0,-0.06,0.011,-0.02,-0.2,0.0,0.013900000000000001,-0.013900000000000001,7.390000000000001,0.042800000000000005,45592.0,-0.016,0.0,10004.0,44776.0,-0.019700000000000002
1387529564,10,0,0.016,-0.004,-0.009000000000000001,-0.2,0.0,0.01,-0.01,7.390000000000001,0.0424,45872.0,-0.010700000000000001,0.0,14990.0,45044.0,-0.0142
1387534585,10,0,-0.159,0.022,-0.015,-0.2,0.0,0.004,-0.004,7.390000000000001,0.0419,45316.0,-0.0053,0.0,20011.0,45044.0,-0.0056
1387537541,10,0,0.0,-0.001,-0.01,-0.2,0.0,0.0078000000000000005,-0.0078000000000000005,7.390000000000001,0.041600000000000005,45456.0,-0.0089,0.0,22967.0,45044.0,-0.011000000000000001
1387542543,10,0,-0.145,0.056,0.006,-0.2,0.0,0.0054,-0.0054,7.390000000000001,0.0413,45872.0,-0.0053,0.0,0.0,45044.0,-0.0076
1387544592,10,0,-0.17500000000000002,0.047,0.004,-0.2,0.0,0.0036000000000000003,-0.0036000000000000003,7.390000000000001,0.0408,45456.0,-0.0036000000000000003,0.0,2049.0,45044.0,-0.005
1387549594,10,0,-0.04,0.026000000000000002,-0.018000000000000002,-0.2,0.0,0.0047,-0.0047,7.390000000000001,0.0405,45592.0,-0.0053,0.0,7051.0,45044.0,-0.0067
1387552550,10,0,-0.14300000000000002,0.048,0.007,-0.2,0.0,0.01,-0.01,7.390000000000001,0.0403,45592.0,-0.010700000000000001,0.0,10007.0,44912.0,-0.014100000000000001
1387556662,10,0,-0.064,0.021,0.04,-0.2,0.0,0.0092,-0.0092,7.390000000000001,0.04,45592.0,-0.010700000000000001,0.0,14119.0,44776.0,-0.013000000000000001
1387561663,10,0,-0.111,0.028,0.028,-0.2,0.0,0.015000000000000001,-0.015000000000000001,7.390000000000001,0.040100000000000004,45592.0,-0.0178,0.0,19120.0,44912.0,-0.0212
1387564604,10,0,-0.132,0.014,0.003,-0.2,0.0,0.015000000000000001,-0.015000000000000001,7.390000000000001,0.04,45592.0,-0.0178,0.0,22061.0,45180.0,-0.0212
1387569608,10,0,-0.049,0.056,0.049,-0.2,0.0,0.012700000000000001,-0.012700000000000001,7.390000000000001,0.04,45732.0,-0.0142,0.0,0.0,44912.0,-0.0179
1387572526,10,0,-0.124,0.022,0.068,-0.2,0.0,0.017,-0.017,7.390000000000001,0.0398,45732.0,-0.0195,0.0,2918.0,45180.0,-0.0241
1387577602,10,0,0.013000000000000001,0.07,0.022,-0.2,0.0,0.0175,-0.0175,7.41,0.04,45732.0,-0.0196,0.0,7994.0,45316.0,-0.024800000000000003
1387582569,10,0,-0.073,0.044,0.042,-0.2,0.0,0.0159,-0.0159,7.41,0.0395,45732.0,-0.0178,0.0,12961.0,45180.0,-0.022500000000000003
1387584617,10,0,0.046,0.056,0.029,-0.2,0.0,0.016900000000000002,-0.016900000000000002,7.41,0.0395,45592.0,-0.0196,0.0,15009.0,45044.0,-0.0239
1387589623,10,0,-0.07200000000000001,0.096,0.011,-0.2,0.0,0.018500000000000003,-0.018500000000000003,7.41,0.0392,45592.0,-0.021400000000000002,0.0,20015.0,45044.0,-0.0262
1387592574,10,0,-0.079,0.067,0.008,-0.2,0.0,0.0154,-0.0154,7.41,0.038900000000000004,45732.0,-0.0178,0.0,22966.0,45044.0,-0.0218
1387597531,10,0,-0.11900000000000001,0.125,0.0,-0.2,0.0,0.005200000000000001,-0.005200000000000001,7.41,0.038400000000000004,45872.0,-0.0053,0.0,0.0,44912.0,-0.0074
1387602582,10,0,-0.14,0.07200000000000001,-0.035,-0.2,0.0,-0.0025,0.0025,7.41,0.037200000000000004,45732.0,0.0036000000000000003,0.0,5051.0,44912.0,0.0035
1387604631,10,0,-0.079,0.10300000000000001,-0.055,-0.2,0.0,-0.0032,0.0032,7.41,0.037000000000000005,45592.0,0.0036000000000000003,0.0,7100.0,44912.0,0.0045000000000000005
1387609633,10,0,-0.20500000000000002,0.073,-0.03,-0.2,0.0,0.0053,-0.0053,7.41,0.0359,45592.0,-0.0053,0.0,12102.0,45044.0,-0.007500000000000001
1387612588,10,0,-0.127,0.073,-0.039,-0.2,0.0,0.00030000000000000003,-0.00030000000000000003,7.41,0.0354,45732.0,0.0,0.0,15057.0,45044.0,-0.0004
1387617591,10,0,-0.261,0.115,-0.049,-0.2,0.0,-0.0044,0.0044,7.41,0.0342,45732.0,0.0053,0.0,20060.0,45044.0,0.006200000000000001
1387622594,10,0,-0.116,0.115,-0.025,-0.2,0.0,-0.002,0.002,7.41,0.0332,45592.0,0.0018000000000000002,0.0,25063.0,44912.0,0.0028
1387625747,10,0,-0.113,0.166,-0.001,-0.2,0.0,0.0032,-0.0032,7.41,0.0327,45732.0,-0.0036000000000000003,0.0,0.0,45044.0,-0.0046
1387628600,10,0,-0.152,0.079,0.0,-0.2,0.0,0.0041,-0.0041,7.41,0.0323,45732.0,-0.0053,0.0,2853.0,45044.0,-0.0057
1387632603,10,0,-0.057,0.17300000000000001,0.013000000000000001,-0.2,0.0,0.0022,-0.0022,7.41,0.0317,45592.0,-0.0018000000000000002,0.0,6856.0,45044.0,-0.0031000000000000003
1387637605,10,0,-0.147,0.082,0.05,-0.2,0.0,0.0005,-0.0005,7.41,0.0309,45732.0,0.0,0.0,11858.0,45044.0,-0.0006000000000000001
1387642609,10,0,-0.022,0.216,0.02,-0.2,0.0,-0.0001,0.0001,7.41,0.0303,45592.0,0.0,0.0,16862.0,45044.0,0.0002
1387644656,10,0,-0.07100000000000001,0.17500000000000002,0.04,-0.2,0.0,-0.0022,0.0022,7.41,0.0298,45872.0,0.0018000000000000002,0.0,18909.0,45180.0,0.0031000000000000003
1387649659,10,0,-0.002,0.171,0.048,-0.2,0.0,0.0007,-0.0007,7.41,0.0291,46012.0,0.0,0.0,23912.0,45044.0,-0.001
1387652615,10,0,-0.061,0.209,0.046,-0.2,0.0,-0.0036000000000000003,0.0036000000000000003,7.41,0.0285,45872.0,0.0036000000000000003,0.0,0.0,44912.0,0.0051
1387657689,10,0,-0.06,0.14,0.015,-0.2,0.0,-0.006,0.006,7.41,0.027600000000000003,46012.0,0.0071,0.0,5074.0,45044.0,0.0085
1387660619,10,0,-0.083,0.218,-0.01,-0.2,0.0,-0.0108,0.0108,7.41,0.0269,45732.0,0.0125,0.0,8004.0,45044.0,0.0152
1387664674,10,0,-0.221,0.166,0.007,-0.2,0.0,-0.0206,0.0206,7.41,0.0257,45732.0,0.023100000000000002,0.0,12059.0,45316.0,0.0292
1387669673,10,0,-0.058,0.202,-0.015,-0.2,0.0,-0.0145,0.0145,7.41,0.0246,45592.0,0.016,0.0,17058.0,44912.0,0.0205
1387672589,10,0,-0.155,0.199,-0.02,-0.2,0.0,-0.011300000000000001,0.011300000000000001,7.41,0.0238,45732.0,0.0125,0.0,19974.0,44776.0,0.016
1387677631,10,0,-0.182,0.197,-0.029,-0.2,0.0,-0.027,0.027,7.41,0.022500000000000003,45732.0,0.0303,0.0,25016.0,45044.0,0.0381
1387682634,10,0,-0.209,0.17200000000000001,-0.02,-0.2,0.0,-0.0223,0.0223,7.41,0.0212,45732.0,0.024900000000000002,0.0,0.0,45044.0,0.0316
1387684682,10,0,-0.20500000000000002,0.154,-0.015,-0.2,0.0,-0.0205,0.0205,7.41,0.020800000000000003,45732.0,0.023100000000000002,0.0,2048.0,45044.0,0.029
1387689729,10,0,-0.155,0.244,-0.004,-0.2,0.0,-0.023100000000000002,0.023,7.41,0.0196,45732.0,0.0267,0.0,7095.0,45180.0,0.032600000000000004
1387692604,10,0,-0.196,0.168,-0.003,-0.2,0.0,-0.021400000000000002,0.021400000000000002,7.41,0.019,45592.0,0.024900000000000002,0.0,9970.0,45044.0,0.0303
1387697662,10,0,-0.095,0.268,-0.017,-0.2,0.0,-0.019,0.019,7.41,0.0179,46012.0,0.021400000000000002,0.0,15028.0,45044.0,0.0268
1387702647,10,0,-0.214,0.176,0.014,-0.2,0.0,-0.0241,0.0241,7.41,0.0167,45872.0,0.0267,0.0,20013.0,45044.0,0.0341
1387704686,10,0,-0.15,0.212,0.013000000000000001,-0.2,0.0,-0.023700000000000002,0.023700000000000002,7.41,0.0162,46012.0,0.0267,0.0,22052.0,44912.0,0.0335
1387709727,10,0,-0.122,0.243,0.002,-0.2,0.0,-0.0199,0.0199,7.41,0.015000000000000001,45732.0,0.023100000000000002,0.0,0.0,45044.0,0.0281
1387712616,10,0,-0.148,0.2,-0.012,-0.2,0.0,-0.0193,0.0193,7.41,0.0143,45872.0,0.021400000000000002,0.0,2889.0,45044.0,0.027200000000000002
1387717694,10,0,-0.164,0.278,0.007,-0.2,0.0,-0.027800000000000002,0.027800000000000002,7.41,0.0128,45732.0,0.032,0.0,7967.0,44912.0,0.039400000000000004
1387721788,10,0,-0.156,0.22,0.017,-0.2,0.0,-0.027100000000000003,0.027100000000000003,7.41,0.0115,45872.0,0.0303,0.0,12061.0,45044.0,0.0383
1387724574,10,0,-0.113,0.251,0.001,-0.2,0.0,-0.0261,0.026000000000000002,7.41,0.0109,45732.0,0.0303,0.0,14847.0,44912.0,0.0368
1387728726,10,0,-0.20700000000000002,0.233,0.007,-0.2,0.0,-0.027200000000000002,0.027200000000000002,7.41,0.009300000000000001,45872.0,0.0303,0.0,18999.0,44912.0,0.0385
1387733669,10,0,-0.163,0.243,0.014,-0.2,0.0,-0.029400000000000003,0.029400000000000003,7.41,0.0077,46012.0,0.033800000000000004,0.0,23942.0,44776.0,0.041600000000000005
1387737708,10,0,-0.276,0.23700000000000002,0.004,-0.2,0.0,-0.033800000000000004,0.033800000000000004,7.41,0.006200000000000001,46012.0,0.0392,0.0,0.0,44912.0,0.047900000000000005
1387742673,10,0,-0.165,0.23700000000000002,0.022,-0.2,0.0,-0.0329,0.0329,7.41,0.0043,45732.0,0.0374,0.0,4965.0,45044.0,0.0466
1387744755,10,0,-0.17,0.264,0.033,-0.2,0.0,-0.032100000000000004,0.032100000000000004,7.41,0.0037,45872.0,0.0356,0.0,7047.0,44912.0,0.0454
1387749794,10,0,-0.304,0.202,-0.009000000000000001,-0.2,0.0,-0.035500000000000004,0.035500000000000004,7.41,0.0019,45872.0,0.0409,0.0,12086.0,45044.0,0.050300000000000004
1387752536,10,0,-0.254,0.22,-0.022,-0.2,0.0,-0.0385,0.0385,7.41,0.0012000000000000001,45592.0,0.0427,0.0,14828.0,45044.0,0.054400000000000004
1387756775,10,0,-0.269,0.198,0.015,-0.2,0.0,-0.031400000000000004,0.031400000000000004,7.41,-0.0005,45592.0,0.0356,0.0,19067.0,45044.0,0.0444
1387761723,10,0,-0.227,0.224,-0.014,-0.2,0.0,-0.032600000000000004,0.032600000000000004,7.41,-0.0021000000000000003,46152.0,0.0374,0.0,24015.0,45044.0,0.046
1387764537,10,0,-0.196,0.232,-0.016,-0.2,0.0,-0.032100000000000004,0.032100000000000004,7.41,-0.0026000000000000003,45592.0,0.0356,0.0,0.0,44912.0,0.0454
1387768685,10,0,-0.229,0.179,-0.009000000000000001,-0.2,0.0,-0.0267,0.0267,7.41,-0.004,46012.0,0.0303,0.0,4148.0,44912.0,0.0378
1387773723,10,0,-0.14400000000000002,0.20400000000000001,-0.028,-0.2,0.0,-0.0246,0.0246,7.41,-0.0048000000000000004,45872.0,0.0285,0.0,9186.0,45044.0,0.0347
1387776689,10,0,-0.26,0.177,-0.032,-0.2,0.0,-0.027100000000000003,0.027100000000000003,7.41,-0.0056,45732.0,0.0303,0.0,12152.0,45044.0,0.0383
1387780735,10,0,-0.097,0.189,-0.006,-0.2,0.0,-0.025500000000000002,0.025500000000000002,7.41,-0.006500000000000001,45732.0,0.0285,0.0,16198.0,45044.0,0.0361
1387785686,10,0,-0.184,0.198,0.0,-0.2,0.0,-0.0251,0.0251,7.41,-0.0074,45872.0,0.0285,0.0,21149.0,44912.0,0.0354
1387789781,10,0,-0.164,0.219,-0.023,-0.2,0.0,-0.0359,0.0359,7.41,-0.0089,45732.0,0.0409,0.0,25244.0,44912.0,0.050800000000000005
1387792536,10,0,-0.169,0.201,-0.011,-0.2,0.0,-0.036000000000000004,0.0359,7.41,-0.0095,45872.0,0.0409,0.0,0.0,45044.0,0.050800000000000005
1387796536,10,0,-0.219,0.197,0.02,-0.2,0.0,-0.0334,0.0334,7.41,-0.0108,45732.0,0.0374,0.0,4000.0,44912.0,0.0472
1387800574,10,0,-0.192,0.221,0.01,-0.2,0.0,-0.0373,0.037200000000000004,7.41,-0.0122,46152.0,0.0427,0.0,8038.0,45044.0,0.052700000000000004
1387804792,10,0,-0.23,0.201,0.013000000000000001,-0.2,0.0,-0.038200000000000005,0.038200000000000005,7.41,-0.014,45732.0,0.0427,0.0,12256.0,44776.0,0.054
1387809535,10,0,-0.198,0.242,0.02,-0.2,0.0,-0.0391,0.0391,7.41,-0.015300000000000001,45592.0,0.044500000000000005,0.0,16999.0,45180.0,0.0553
1387813537,10,0,-0.318,0.20500000000000002,0.007,-0.2,0.0,-0.0468,0.0468,7.41,-0.016800000000000002,46012.0,0.0534,0.0,21001.0,45044.0,0.06620000000000001
1387817686,10,0,-0.245,0.196,0.001,-0.2,0.0,-0.0417,0.041600000000000005,7.41,-0.0182,45872.0,0.048,0.0,25150.0,44912.0,0.0589
1387822536,10,0,-0.33,0.20500000000000002,0.026000000000000002,-0.2,0.0,-0.0422,0.0422,7.41,-0.019700000000000002,45592.0,0.048,0.0,0.0,45044.0,0.0596
1387824804,10,0,-0.358,0.176,-0.004,-0.2,0.0,-0.0461,0.046,7.41,-0.020900000000000002,45592.0,0.0516,0.0,2268.0,45044.0,0.06520000000000001
1387829809,10,0,-0.265,0.217,-0.035,-0.2,0.0,-0.0419,0.0419,7.41,-0.022500000000000003,45456.0,0.048,0.0,7273.0,45044.0,0.0592
1387832536,10,0,-0.313,0.193,-0.027,-0.2,0.0,-0.0398,0.0398,7.41,-0.023200000000000002,45732.0,0.044500000000000005,0.0,10000.0,44912.0,0.0563
1387837536,10,0,-0.219,0.20600000000000002,-0.016,-0.2,0.0,-0.0367,0.0367,7.41,-0.024800000000000003,45732.0,0.0409,0.0,15000.0,44912.0,0.0519
1387841770,10,0,-0.267,0.181,-0.036000000000000004,-0.2,0.0,-0.0322,0.0322,7.41,-0.026000000000000002,45456.0,0.036500000000000005,0.0,19234.0,45044.0,0.0455
1387845800,10,0,-0.11900000000000001,0.209,-0.042,-0.2,0.0,-0.0274,0.0274,7.41,-0.027,45732.0,0.0303,0.0,23264.0,45044.0,0.038700000000000005
1387848534,10,0,-0.17400000000000002,0.214,-0.035,-0.2,0.0,-0.0325,0.0325,7.41,-0.0275,45456.0,0.0374,0.0,0.0,45044.0,0.046
1387852535,10,0,-0.278,0.189,-0.031,-0.2,0.0,-0.0337,0.0337,7.41,-0.0287,45732.0,0.0374,0.0,4001.0,45044.0,0.0477
1387856685,10,0,-0.10200000000000001,0.176,-0.031,-0.2,0.0,-0.0291,0.0291,7.41,-0.0296,45732.0,0.033800000000000004,0.0,8151.0,44912.0,0.041100000000000005
1387860747,10,0,-0.246,0.202,0.004,-0.2,0.0,-0.028900000000000002,0.028900000000000002,7.41,-0.031,45732.0,0.032,0.0,12213.0,45044.0,0.0409
1387864833,10,0,-0.163,0.20400000000000001,-0.012,-0.2,0.0,-0.037700000000000004,0.037700000000000004,7.41,-0.0323,45732.0,0.0427,0.0,16299.0,45044.0,0.0534
1387869578,10,0,-0.243,0.179,-0.011,-0.2,0.0,-0.0329,0.0329,7.41,-0.0335,45872.0,0.0374,0.0,21044.0,44912.0,0.0465
1387873829,10,0,-0.164,0.198,0.028,-0.2,0.0,-0.0337,0.0337,7.41,-0.035300000000000005,46012.0,0.0374,0.0,25295.0,44912.0,0.0476
1387877832,10,0,-0.259,0.187,0.022,-0.2,0.0,-0.037200000000000004,0.037200000000000004,7.41,-0.0367,45872.0,0.0427,0.0,0.0,45044.0,0.0526
1387881947,10,0,-0.17200000000000001,0.166,0.014,-0.2,0.0,-0.030500000000000003,0.030500000000000003,7.41,-0.0381,45732.0,0.033800000000000004,0.0,4115.0,44912.0,0.0432
1387884539,10,0,-0.14400000000000002,0.177,0.021,-0.2,0.0,-0.031900000000000005,0.031900000000000005,7.41,-0.0385,45456.0,0.0356,0.0,6707.0,45044.0,0.0451
1387888794,10,0,-0.296,0.157,0.032,-0.2,0.0,-0.0344,0.0344,7.41,-0.040100000000000004,45732.0,0.0391,0.0,10962.0,45044.0,0.0487
1387893573,10,0,-0.183,0.167,0.001,-0.2,0.0,-0.0366,0.0366,7.41,-0.041100000000000005,45732.0,0.0409,0.0,15741.0,45044.0,0.051800000000000006
1387897807,10,0,-0.304,0.169,0.016,-0.2,0.0,-0.0369,0.0369,7.41,-0.0427,45872.0,0.0409,0.0,19975.0,45316.0,0.0522
1387901847,10,0,-0.168,0.169,0.017,-0.2,0.0,-0.035,0.035,7.41,-0.0438,45732.0,0.0391,0.0,24015.0,45044.0,0.0495
1387906684,10,0,-0.272,0.147,-0.011,-0.2,0.0,-0.0296,0.0296,7.41,-0.0448,45732.0,0.033800000000000004,0.0,0.0,45044.0,0.041800000000000004
1387908777,10,0,-0.176,0.139,-0.027,-0.2,0.0,-0.025500000000000002,0.025400000000000002,7.41,-0.0456,45456.0,0.0285,0.0,2093.0,44912.0,0.036000000000000004
1387913688,10,0,-0.17200000000000001,0.17500000000000002,-0.006,-0.2,0.0,-0.028900000000000002,0.028900000000000002,7.41,-0.046200000000000005,45872.0,0.032,0.0,7004.0,44776.0,0.0409
1387918577,10,0,-0.163,0.134,-0.015,-0.2,0.0,-0.026500000000000003,0.026500000000000003,7.41,-0.0476,45732.0,0.0303,0.0,11893.0,45044.0,0.0375
1387920822,10,0,-0.081,0.154,-0.029,-0.2,0.0,-0.0256,0.0256,7.4,-0.047900000000000005,45592.0,0.0285,0.0,14138.0,44912.0,0.0362
1387924829,10,0,-0.25,0.16,-0.028,-0.2,0.0,-0.0241,0.0241,7.4,-0.049,45456.0,0.0267,0.0,18145.0,45044.0,0.034
1387929577,10,0,-0.096,0.154,-0.028,-0.2,0.0,-0.0298,0.0298,7.4,-0.049800000000000004,45872.0,0.033800000000000004,0.0,22893.0,44912.0,0.0422
1387933859,10,0,-0.222,0.163,-0.028,-0.2,0.0,-0.025400000000000002,0.0253,7.4,-0.051000000000000004,45732.0,0.0285,0.0,0.0,44912.0,0.0358
1387936539,10,0,-0.218,0.134,-0.024,-0.2,0.0,-0.027700000000000002,0.027700000000000002,7.4,-0.051500000000000004,45872.0,0.032,0.0,2680.0,44912.0,0.0391
1387940540,10,0,-0.10400000000000001,0.171,-0.007,-0.2,0.0,-0.0269,0.0269,7.4,-0.0523,45592.0,0.0302,0.0,6681.0,45044.0,0.038
1387945606,10,0,-0.20400000000000001,0.14400000000000002,-0.015,-0.2,0.0,-0.0244,0.0244,7.4,-0.0533,45732.0,0.0285,0.0,11747.0,44912.0,0.0345
1387949858,10,0,-0.123,0.187,-0.008,-0.2,0.0,-0.0267,0.0267,7.4,-0.0545,45872.0,0.0302,0.0,15999.0,45044.0,0.0378
1387954533,10,0,-0.198,0.127,0.029,-0.2,0.0,-0.0246,0.0246,7.4,-0.0555,45732.0,0.0285,0.0,20674.0,45044.0,0.034800000000000005
1387956688,10,0,-0.121,0.132,0.024,-0.2,0.0,-0.0227,0.0227,7.4,-0.0558,45592.0,0.024900000000000002,0.0,22829.0,45044.0,0.032100000000000004
1387960783,10,0,-0.221,0.17400000000000002,0.019,-0.2,0.0,-0.027600000000000003,0.027600000000000003,7.4,-0.056900000000000006,45592.0,0.032,0.0,0.0,45044.0,0.039
1387964819,10,0,-0.135,0.125,0.024,-0.2,0.0,-0.0252,0.0252,7.4,-0.0579,46012.0,0.0285,0.0,4036.0,45044.0,0.0356
1387969572,10,0,-0.155,0.186,0.03,-0.2,0.0,-0.0241,0.0241,7.4,-0.058600000000000006,45732.0,0.0267,0.0,8789.0,45044.0,0.0341
1387973577,10,0,-0.212,0.12,0.036000000000000004,-0.2,0.0,-0.024800000000000003,0.024800000000000003,7.4,-0.0597,45732.0,0.0285,0.0,12794.0,44912.0,0.0351
1387977992,10,0,-0.128,0.184,0.043000000000000003,-0.2,0.0,-0.0227,0.0227,7.4,-0.0606,45456.0,0.024900000000000002,0.0,17209.0,45044.0,0.032100000000000004
1387980532,10,0,-0.212,0.159,0.038,-0.2,0.0,-0.020800000000000003,0.020800000000000003,7.4,-0.061200000000000004,45592.0,0.023100000000000002,0.0,19749.0,45044.0,0.029400000000000003
1387984535,10,0,-0.097,0.12,0.006,-0.2,0.0,-0.020300000000000002,0.020300000000000002,7.4,-0.062,45732.0,0.023100000000000002,0.0,23752.0,44912.0,0.0287
1387988820,10,0,-0.186,0.156,0.019,-0.2,0.0,-0.0181,0.0181,7.4,-0.063,45872.0,0.021400000000000002,0.0,0.0,44912.0,0.0256
1387993576,10,0,-0.09,0.125,0.008,-0.2,0.0,-0.0183,0.0183,7.4,-0.06380000000000001,45872.0,0.021400000000000002,0.0,4756.0,45180.0,0.026000000000000002
1387997821,10,0,-0.168,0.15,-0.014,-0.2,0.0,-0.016800000000000002,0.016800000000000002,7.4,-0.06470000000000001,45592.0,0.0196,0.0,9001.0,45044.0,0.0238
1388002531,10,0,-0.035,0.10300000000000001,-0.024,-0.2,0.0,-0.0109,0.0109,7.4,-0.0653,45872.0,0.0125,0.0,13711.0,45316.0,0.0154
1388004570,10,0,0.007,0.14300000000000002,-0.028,-0.2,0.0,-0.0117,0.0117,7.4,-0.0654,45316.0,0.0125,0.0,15750.0,45044.0,0.0166
1388009572,10,0,-0.20500000000000002,0.146,-0.032,-0.2,0.0,-0.0162,0.0162,7.4,-0.0663,45872.0,0.0178,0.0,20752.0,45044.0,0.0229
1388013821,10,0,0.006,0.148,-0.041,-0.2,0.0,-0.011000000000000001,0.011000000000000001,7.4,-0.0669,45456.0,0.0125,0.0,25001.0,45044.0,0.0155
1388016575,10,0,-0.113,0.164,-0.032,-0.2,0.0,-0.0089,0.0089,7.4,-0.0673,45732.0,0.010700000000000001,0.0,0.0,45044.0,0.0126
1388020811,10,0,-0.03,0.096,-0.057,-0.2,0.0,-0.014700000000000001,0.014700000000000001,7.4,-0.0682,45456.0,0.016,0.0,4236.0,45044.0,0.020800000000000003
1388024895,10,0,-0.073,0.145,-0.046,-0.2,0.0,-0.0085,0.0085,7.4,-0.0687,45872.0,0.0089,0.0,8320.0,45180.0,0.012
1388029571,10,0,-0.091,0.079,-0.028,-0.2,0.0,-0.0095,0.0095,7.4,-0.0694,45456.0,0.010700000000000001,0.0,12996.0,45044.0,0.0134
1388033819,10,0,-0.07100000000000001,0.154,-0.022,-0.2,0.0,-0.012100000000000001,0.012100000000000001,7.4,-0.07,45456.0,0.0142,0.0,17244.0,45180.0,0.0171
1388037820,10,0,-0.08700000000000001,0.063,-0.007,-0.2,0.0,-0.008,0.008,7.4,-0.0707,45732.0,0.0089,0.0,21245.0,45044.0,0.011300000000000001
1388041956,10,0,-0.032,0.137,-0.001,-0.2,0.0,-0.009000000000000001,0.009000000000000001,7.4,-0.07100000000000001,46012.0,0.010700000000000001,0.0,25381.0,45044.0,0.012700000000000001
1388044570,10,0,-0.14300000000000002,0.135,0.017,-0.2,0.0,-0.0118,0.0118,7.4,-0.0714,45732.0,0.0142,0.0,0.0,45044.0,0.0167
1388048828,10,0,-0.01,0.064,0.028,-0.2,0.0,-0.0081,0.0081,7.4,-0.0721,45592.0,0.0089,0.0,4258.0,45044.0,0.0114
1388052832,10,0,-0.155,0.128,0.047,-0.2,0.0,-0.009000000000000001,0.009000000000000001,7.4,-0.0726,45872.0,0.010700000000000001,0.0,8262.0,45180.0,0.0128
1388056995,10,0,-0.083,0.06,0.053,-0.2,0.0,-0.010400000000000001,0.010400000000000001,7.4,-0.0734,45732.0,0.0125,0.0,12425.0,45044.0,0.0148
1388061836,10,0,-0.127,0.135,0.037,-0.2,0.0,-0.0076,0.0076,7.4,-0.0738,45456.0,0.0089,0.0,17266.0,45044.0,0.010700000000000001
1388065840,10,0,-0.125,0.07100000000000001,0.058,-0.2,0.0,-0.0109,0.0109,7.4,-0.0746,45592.0,0.0125,0.0,21270.0,45180.0,0.0154
1388069924,10,0,-0.028,0.123,0.06,-0.2,0.0,-0.0061,0.0061,7.4,-0.07490000000000001,45732.0,0.0071,0.0,25354.0,45180.0,0.008700000000000001
1388072532,10,0,-0.107,0.114,0.057,-0.2,0.0,-0.0025,0.0025,7.4,-0.0752,45456.0,0.0036000000000000003,0.0,0.0,45044.0,0.0036000000000000003
1388076532,10,0,-0.068,0.081,0.031,-0.2,0.0,-0.004200000000000001,0.004200000000000001,7.4,-0.0756,45872.0,0.0053,0.0,4000.0,45180.0,0.006
1388080535,10,0,-0.068,0.11900000000000001,0.02,-0.2,0.0,-0.0053,0.0053,7.4,-0.07590000000000001,45732.0,0.0053,0.0,8003.0,45180.0,0.007500000000000001
1388084933,10,0,-0.059000000000000004,0.079,0.012,-0.2,0.0,-0.0013000000000000002,0.0013000000000000002,7.4,-0.0765,45592.0,0.0018000000000000002,0.0,12401.0,45044.0,0.0018000000000000002
1388089575,10,0,-0.064,0.114,0.011,-0.2,0.0,-0.0035,0.0035,7.4,-0.0767,45592.0,0.0036000000000000003,0.0,17043.0,45044.0,0.005
1388093857,10,0,-0.066,0.079,-0.004,-0.2,0.0,-0.0021000000000000003,0.0021000000000000003,7.4,-0.07740000000000001,45872.0,0.0018000000000000002,0.0,21325.0,45180.0,0.0029000000000000002
1388097860,10,0,-0.028,0.10300000000000001,-0.03,-0.2,0.0,0.00030000000000000003,-0.00030000000000000003,7.4,-0.0776,46152.0,0.0,0.0,25328.0,45180.0,-0.0005
1388102596,10,0,-0.132,0.063,-0.029,-0.2,0.0,0.00030000000000000003,-0.00030000000000000003,7.4,-0.0782,45732.0,0.0,0.0,0.0,45044.0,-0.0005
1388105577,10,0,-0.045,0.06,-0.034,-0.2,0.0,0.0008,-0.0008,7.4,-0.0784,45732.0,-0.0018000000000000002,0.0,2981.0,45180.0,-0.0012000000000000001
1388109910,10,0,-0.146,0.076,-0.041,-0.2,0.0,0.0002,-0.0002,7.4,-0.0792,45872.0,0.0,0.0,7314.0,45180.0,-0.0002
1388112533,10,0,-0.095,0.056,-0.05,-0.2,0.0,0.0011,-0.0011,7.4,-0.0795,45592.0,-0.0018000000000000002,0.0,9937.0,44912.0,-0.0016
1388116907,10,0,-0.068,0.093,-0.052000000000000005,-0.2,0.0,0.0009000000000000001,-0.0009000000000000001,7.4,-0.0799,45592.0,-0.0018000000000000002,0.0,14311.0,45180.0,-0.0013000000000000002
1388121573,10,0,-0.101,0.057,-0.044,-0.2,0.0,0.0014,-0.0014,7.4,-0.0805,45592.0,-0.0018000000000000002,0.0,18977.0,45044.0,-0.002
1388125878,10,0,-0.044,0.078,-0.033,-0.2,0.0,0.0039000000000000003,-0.0039000000000000003,7.4,-0.08080000000000001,45592.0,-0.0036000000000000003,0.0,23282.0,44912.0,-0.0055000000000000005
1388129972,10,0,-0.106,0.045,-0.016,-0.2,0.0,0.0044,-0.0044,7.4,-0.0814,45456.0,-0.0053,0.0,0.0,45044.0,-0.0063
1388132568,10,0,-0.02,0.05,-0.019,-0.2,0.0,0.0035,-0.0035,7.4,-0.0815,45592.0,-0.0036000000000000003,0.0,2596.0,45044.0,-0.005
1388136568,10,0,-0.082,0.065,-0.008,-0.2,0.0,0.0047,-0.0047,7.4,-0.0818,45592.0,-0.0053,0.0,6596.0,45044.0,-0.0067
1388140889,10,0,-0.018000000000000002,0.041,0.013000000000000001,-0.2,0.0,0.006200000000000001,-0.006200000000000001,7.4,-0.0823,45732.0,-0.0071,0.0,10917.0,45044.0,-0.0088
1388144936,10,0,-0.073,0.068,0.038,-0.2,0.0,0.0051,-0.0051,7.4,-0.0825,45732.0,-0.0053,0.0,14964.0,45044.0,-0.0073
1388149569,10,0,-0.07,0.02,0.038,-0.2,0.0,0.006900000000000001,-0.006900000000000001,7.4,-0.083,45872.0,-0.0071,0.0,19597.0,45044.0,-0.0097
1388153897,10,0,-0.046,0.054,0.033,-0.2,0.0,0.0094,-0.0094,7.4,-0.08310000000000001,45872.0,-0.010700000000000001,0.0,23925.0,45180.0,-0.0132
1388156689,10,0,-0.122,0.032,0.044,-0.2,0.0,0.008700000000000001,-0.008700000000000001,7.4,-0.0834,45872.0,-0.010700000000000001,0.0,0.0,45044.0,-0.012400000000000001
1388160901,10,0,0.024,0.035,0.033,-0.2,0.0,0.009000000000000001,-0.009000000000000001,7.4,-0.08370000000000001,45732.0,-0.010700000000000001,0.0,4212.0,44912.0,-0.012700000000000001
1388164962,10,0,-0.122,0.025,0.039,-0.2,0.0,0.0097,-0.0097,7.4,-0.084,46012.0,-0.010700000000000001,0.0,8273.0,44912.0,-0.0137
1388169575,10,0,-0.061,0.002,0.03,-0.2,0.0,0.009300000000000001,-0.009300000000000001,7.4,-0.08420000000000001,45732.0,-0.010700000000000001,0.0,12886.0,45044.0,-0.0131
1388173945,10,0,-0.12,0.024,0.002,-0.2,0.0,0.009300000000000001,-0.009300000000000001,7.4,-0.0845,45592.0,-0.010700000000000001,0.0,17256.0,45044.0,-0.0131
1388176568,10,0,-0.127,-0.007,-0.002,-0.2,0.0,0.009300000000000001,-0.009300000000000001,7.4,-0.0847,45456.0,-0.010700000000000001,0.0,19879.0,45180.0,-0.0132
1388180913,10,0,-0.006,0.054,0.011,-0.2,0.0,0.0097,-0.0097,7.4,-0.0848,45872.0,-0.010700000000000001,0.0,24224.0,45044.0,-0.013800000000000002
1388184964,10,0,-0.115,0.005,0.002,-0.2,0.0,0.0103,-0.0103,7.4,-0.0852,45732.0,-0.0125,0.0,0.0,45180.0,-0.0146
1388189571,10,0,0.005,0.034,-0.023,-0.2,0.0,0.0109,-0.0109,7.4,-0.0853,45732.0,-0.0125,0.0,4607.0,44912.0,-0.0154
1388193922,10,0,-0.10200000000000001,0.005,-0.013000000000000001,-0.2,0.0,0.0128,-0.0128,7.4,-0.08560000000000001,45732.0,-0.0142,0.0,8958.0,45044.0,-0.0181
1388197926,10,0,0.002,0.047,-0.029,-0.2,0.0,0.011300000000000001,-0.011300000000000001,7.4,-0.08560000000000001,45592.0,-0.0125,0.0,12962.0,45044.0,-0.016
1388202080,10,0,-0.10200000000000001,0.023,-0.019,-0.2,0.0,0.0105,-0.0105,7.4,-0.0859,45732.0,-0.0125,0.0,17116.0,44912.0,-0.0148
1388204533,10,0,-0.098,0.001,-0.022,-0.2,0.0,0.0118,-0.0118,7.4,-0.08600000000000001,45732.0,-0.0142,0.0,19569.0,45044.0,-0.0167
1388208934,10,0,-0.018000000000000002,0.045,-0.038,-0.2,0.0,0.0137,-0.0137,7.4,-0.0862,45872.0,-0.016,0.0,23970.0,44912.0,-0.0194
1388212937,10,0,-0.11800000000000001,0.016,-0.048,-0.2,0.0,0.0112,-0.0112,7.4,-0.08660000000000001,45872.0,-0.0125,0.0,0.0,45044.0,-0.0158
1388217569,10,0,0.011,0.037,-0.04,-0.2,0.0,0.0132,-0.0132,7.4,-0.0867,45732.0,-0.0142,0.0,4632.0,45044.0,-0.0187
1388222596,10,0,-0.124,0.028,-0.024,-0.2,0.0,0.0126,-0.0126,7.4,-0.08710000000000001,45732.0,-0.0142,0.0,9659.0,45044.0,-0.0179
1388224991,10,0,-0.02,0.032,-0.027,-0.2,0.0,0.012,-0.012,7.4,-0.0873,45732.0,-0.0142,0.0,12054.0,45044.0,-0.016900000000000002
1388229993,10,0,-0.075,0.032,-0.027,-0.2,0.0,0.0165,-0.0165,7.4,-0.0876,45872.0,-0.0196,0.0,17056.0,45044.0,-0.0234
1388232568,10,0,-0.077,0.032,-0.035,-0.2,0.0,0.0162,-0.0162,7.4,-0.0877,45872.0,-0.0178,0.0,19631.0,45180.0,-0.0229
1388237564,10,0,-0.019,0.034,0.003,-0.2,0.0,0.0149,-0.0149,7.4,-0.0879,46012.0,-0.016,0.0,24627.0,45044.0,-0.021
1388242556,10,0,-0.053,0.034,0.002,-0.2,0.0,0.016900000000000002,-0.016900000000000002,7.4,-0.0882,45872.0,-0.0196,0.0,0.0,45180.0,-0.0239
1388245004,10,0,-0.008,0.056,0.011,-0.2,0.0,0.014700000000000001,-0.014700000000000001,7.4,-0.0883,45872.0,-0.016,0.0,2448.0,45044.0,-0.020800000000000003
1388249568,10,0,-0.079,0.019,0.032,-0.2,0.0,0.0151,-0.0151,7.4,-0.0886,45732.0,-0.0178,0.0,7012.0,45180.0,-0.0213
1388253568,10,0,0.0,0.04,0.029,-0.2,0.0,0.018600000000000002,-0.018600000000000002,7.4,-0.0888,45732.0,-0.0213,0.0,11012.0,45180.0,-0.0263
1388256684,10,0,-0.027,0.039,0.036000000000000004,-0.2,0.0,0.0178,-0.0178,7.4,-0.0889,45872.0,-0.0196,0.0,14128.0,44912.0,-0.0252
1388260966,10,0,-0.028,0.03,0.045,-0.2,0.0,0.0176,-0.0176,7.4,-0.0893,45732.0,-0.0196,0.0,18410.0,45044.0,-0.024800000000000003
1388265574,10,0,0.016,0.051000000000000004,0.048,-0.2,0.0,0.0182,-0.0182,7.4,-0.08940000000000001,46012.0,-0.0213,0.0,23018.0,45180.0,-0.0258
1388270055,10,0,-0.045,0.014,0.011,-0.2,0.0,0.0184,-0.0184,7.4,-0.0898,45732.0,-0.0213,0.0,0.0,45044.0,-0.026000000000000002
1388272527,10,0,0.018000000000000002,0.031,0.017,-0.2,0.0,0.019,-0.019,7.4,-0.0898,45732.0,-0.0213,0.0,2472.0,45044.0,-0.0269
1388276567,10,0,-0.065,0.022,0.035,-0.2,0.0,0.019700000000000002,-0.019700000000000002,7.4,-0.09000000000000001,45592.0,-0.023100000000000002,0.0,6512.0,44912.0,-0.0279
1388280981,10,0,0.021,0.038,-0.004,-0.2,0.0,0.018500000000000003,-0.018500000000000003,7.4,-0.0902,45872.0,-0.0213,0.0,10926.0,44912.0,-0.0262
1388285030,10,0,-0.077,0.036000000000000004,-0.002,-0.2,0.0,0.0165,-0.0165,7.4,-0.0903,45872.0,-0.0196,0.0,14975.0,45044.0,-0.0234
1388289569,10,0,-0.02,0.021,-0.011,-0.2,0.0,0.0179,-0.0179,7.4,-0.0906,45732.0,-0.0196,0.0,19514.0,45180.0,-0.025400000000000002
1388293988,10,0,-0.078,0.029,-0.019,-0.2,0.0,0.0184,-0.0184,7.4,-0.0907,45592.0,-0.0213,0.0,23933.0,44912.0,-0.026000000000000002
1388298150,10,0,-0.035,0.025,-0.021,-0.2,0.0,0.0177,-0.0177,7.4,-0.0912,45592.0,-0.0196,0.0,0.0,45044.0,-0.025
1388300566,10,0,0.041,0.029,-0.019,-0.2,0.0,0.0178,-0.0178,7.4,-0.0912,46012.0,-0.0196,0.0,2416.0,44912.0,-0.0252
1388305045,10,0,-0.112,0.044,-0.039,-0.2,0.0,0.018000000000000002,-0.018000000000000002,7.4,-0.0915,45732.0,-0.0196,0.0,6895.0,45044.0,-0.025500000000000002
1388309567,10,0,0.018000000000000002,0.034,-0.037,-0.2,0.0,0.0158,-0.0158,7.4,-0.0917,45872.0,-0.0178,0.0,11417.0,44912.0,-0.0223
1388313568,10,0,-0.056,0.027,-0.014,-0.2,0.0,0.021,-0.021,7.4,-0.0917,45872.0,-0.023100000000000002,0.0,15418.0,44776.0,-0.0297
1388318005,10,0,0.005,0.039,-0.019,-0.2,0.0,0.0189,-0.0189,7.4,-0.092,45732.0,-0.021400000000000002,0.0,19855.0,44912.0,-0.0267
1388322595,10,0,-0.048,0.044,-0.002,-0.2,0.0,0.0173,-0.0173,7.4,-0.0921,45872.0,-0.0196,0.0,24445.0,44912.0,-0.0245
1388325056,10,0,-0.07,0.053,-0.014,-0.2,0.0,0.0184,-0.0184,7.4,-0.09240000000000001,45732.0,-0.0213,0.0,0.0,45044.0,-0.0261
1388329574,10,0,0.029,0.051000000000000004,-0.011,-0.2,0.0,0.0183,-0.0183,7.4,-0.09240000000000001,45592.0,-0.0213,0.0,4518.0,45044.0,-0.025900000000000003
1388334015,10,0,-0.093,0.047,0.007,-0.2,0.0,0.0176,-0.0176,7.4,-0.09280000000000001,45732.0,-0.0196,0.0,8959.0,45044.0,-0.024900000000000002
1388338567,10,0,0.041,0.042,0.013000000000000001,-0.2,0.0,0.019700000000000002,-0.019700000000000002,7.4,-0.09290000000000001,45732.0,-0.023100000000000002,0.0,13511.0,45180.0,-0.027800000000000002
1388341021,10,0,-0.069,0.043000000000000003,0.015,-0.2,0.0,0.0198,-0.0198,7.4,-0.0931,46012.0,-0.023100000000000002,0.0,15965.0,44776.0,-0.028
1388345071,10,0,-0.015,0.056,0.002,-0.2,0.0,0.0188,-0.0188,7.4,-0.09340000000000001,45872.0,-0.0213,0.0,20015.0,45044.0,-0.026600000000000002
1388349567,10,0,0.0,0.052000000000000005,0.011,-0.2,0.0,0.019100000000000002,-0.019100000000000002,7.4,-0.0935,45872.0,-0.0213,0.0,24511.0,45180.0,-0.027
1388354028,10,0,-0.027,0.052000000000000005,-0.005,-0.2,0.0,0.020200000000000003,-0.020200000000000003,7.4,-0.094,45592.0,-0.023100000000000002,0.0,0.0,44776.0,-0.0285
1388356691,10,0,0.042,0.048,0.002,-0.2,0.0,0.0201,-0.0201,7.4,-0.094,46152.0,-0.023100000000000002,0.0,2663.0,45044.0,-0.0284
1388361574,10,0,-0.079,0.04,0.01,-0.2,0.0,0.0206,-0.0206,7.4,-0.0941,46012.0,-0.023100000000000002,0.0,7546.0,45044.0,-0.0291
1388366529,10,0,0.052000000000000005,0.042,-0.018000000000000002,-0.2,0.0,0.0218,-0.0217,7.4,-0.0944,45872.0,-0.024900000000000002,0.0,12501.0,44912.0,-0.0308
1388368566,10,0,-0.029,0.05,-0.015,0.0,0.0,0.0,0.0,7.4,-0.0945,46012.0,0.0,0.0,14538.0,45180.0,0.0
